"Identificação do post","Identificação da Página","Nome da Página",Título,Descrição,"Duração (s)","Horário de publicação","Tipo de legenda","Link permanente","É um post cruzado","É compartilhado","Tipo de post",Idiomas,"Rótulos personalizados","Status do conteúdo financiado","Comentário de dados",Data,Visualizações,Alcance,"Reações, comentários e compartilhamentos",Reações,Comentários,Compartilhamentos,"Total de cliques","Outros cliques","Consumo por direcionamento de público correspondente (Photo Click)","Cliques no link","Feedbacks negativos dos usuários: Ocultar tudo","Feedbacks negativos dos usuários: Ocultar","Segundos de visualização","Média de Segundos de visualização","Ganhos estimados (USD)","CPM do anúncio (USD)","Impressões do anúncio","Negative feedback from users: Ocultar tudo","Negative feedback from users: Ocultar"
1260345216259116,100068509496158,Copinha,"OLHA A TERCEIRA RODADA AÍ!
Confira os confrontos do Paulista Sub-11!
#PaulistaSub11",,0,"04/25/2026 04:00",N/A,https://www.facebook.com/copinha/posts/pfbid02ftft8JrqNWh8cAoPbL4LS8wyjPSaSgSEoDJtgt3box7mc6KWhKK39a43Q6XRkMavl,0,0,Fotos,,,,,Total,3225,2101,25,18,1,6,120,24,96,,,,,,,,,,
1339734164986887,100068509496158,Copinha,"MAIS UMA RODADA VEM AÍ!
Se liga nos confrontos da 9ª rodada do Paulista Sub-20 Série A!
#PaulistaSub20SérieA",,0,"07/30/2026 05:00",N/A,https://www.facebook.com/copinha/posts/pfbid02vD71YADzrUxacWhyvPFSmgx9vK5nxwGmu9BLzdZdU7mMxPAUPTGHvsfmSeg7wsr5l,0,0,Fotos,,,,,Total,2120,1446,27,24,1,2,48,20,28,,,,,,,,,,
1336709548622682,100068509496158,Copinha,"Ponto final! Vem cá conferir a rodada do Paulista Sub-12.
#PaulistaSub12",,0,"07/26/2026 14:22",N/A,https://www.facebook.com/copinha/posts/pfbid0fmMYwxC6c1NdiLMKa9q81X5VwHGaUx2qoEmZvC3k4PRSp142vEYgpP9FdBvK7C3xl,0,0,Fotos,,,,,Total,1863,1049,28,14,2,12,127,20,107,,,,,,,,,,
1336709051956065,100068509496158,Copinha,"Grandes jogos neste fim de semana pelo Paulista Sub-14.
#PaulistaSub14",,0,"07/26/2026 14:21",N/A,https://www.facebook.com/copinha/posts/pfbid0GcqNhKbWKP3qhWsYXMPnac5HxSErHWP7KbyHgBDPykXJFynTmc26WokkqdWjbZNMl,0,0,Fotos,,,,,Total,1146,661,16,7,2,7,87,11,76,,,,,,,,,,
1336708241956146,100068509496158,Copinha,"Fim de semana de Paulista Sub-17.
#PaulistaSub17",,0,"07/26/2026 14:19",N/A,https://www.facebook.com/copinha/posts/pfbid0CifJLqBMW9d8TW48E2yFfhiRPzfrhDMwx51iTduoGv4XnkvefLXUZTokBuhi4cCUl,0,0,Fotos,,,,,Total,1187,665,13,7,2,4,83,9,74,,,,,,,,,,
1336690055291298,100068509496158,Copinha,"Rodada 10 ✅
#PaulistaSub11",,0,"07/26/2026 13:41",N/A,https://www.facebook.com/copinha/posts/pfbid0mS5TBywizmstCctbx6eb4zVgrcdYw23kuME6w96oVZQHtEGc5QuRjtbb9fpHT1cjl,0,0,Fotos,,,,,Total,1509,904,30,15,2,13,81,14,67,,,,,,,,,,
1336689568624680,100068509496158,Copinha,"Décima rodada do Paulista Sub-13 concluída com sucesso. Se liga nos resultados.
#PaulistaSub13",,0,"07/26/2026 13:40",N/A,https://www.facebook.com/copinha/posts/pfbid0toCTLciHrJNZorPRcJjPNcTRiV2hDfeaJYtBDwxvgwhYcGsVRpkesaGqypytAbNAl,0,0,Fotos,,,,,Total,1731,982,28,14,1,13,155,34,121,,,,,,,,,,
1336689118624725,100068509496158,Copinha,"Assim terminou a 12ª rodada do Paulista Sub-15!
#PaulistaSub15",,0,"07/26/2026 13:39",N/A,https://www.facebook.com/copinha/posts/pfbid02rDgsNhwZeDhSsyDj2qC6DxHStqqNMhWtFdV3nbgSGVkGhjH1LQTwiC9uDZGnpY3vl,0,0,Fotos,,,,,Total,1084,596,12,5,2,5,60,10,50,,,,,,,,,,
1336688238624813,100068509496158,Copinha,"Olha o Sub-20 Série A passando pelo seu feed!
#PaulistaSub20SérieA",,0,"07/26/2026 13:37",N/A,https://www.facebook.com/copinha/posts/pfbid07d2deyULZvsLtRUe9vCJwUPqQx9K6mAkSjg9rokqSmgcSgZMZfsfo8Ecm2C96YH5l,0,0,Fotos,,,,,Total,7354,5091,57,46,4,7,134,59,75,,,,,,,,,,
1336687461958224,100068509496158,Copinha,"Bora pros resultados do Paulista Sub-20 Série B
#PaulistaSub20SérieB",,0,"07/26/2026 13:36",N/A,https://www.facebook.com/copinha/posts/pfbid0BbnmXDE8DCLtMgmnXHwovSnP9MprG5hz6VmmtVXXjs2eF2QntXjng7RmGFyS3MxSl,0,0,Fotos,,,,,Total,2909,2062,18,15,1,2,50,27,23,,,,,,,,,,
1336283661998604,100068509496158,Copinha,"DOMINGÃO DE RODADA 10! 😮💨
Vem conferir os jogos do Paulista Sub-13 e Sub-14! #PaulistaSub13 #PaulistaSub14",,0,"07/26/2026 03:00",N/A,https://www.facebook.com/copinha/posts/pfbid02FEg2FLimThi1Xv31sP2aUdYvcsS6L6JtmX1qXHTbciyuD2ggCRqcCy3EqgZHFdeCl,0,0,Fotos,,,,,Total,2155,1335,35,21,1,13,93,19,74,,,,,,,,,,
1335670778726559,100068509496158,Copinha,"BORA PARA MAIS UMA!
Mais uma rodada do #PaulistaSub11 e do #PaulistaSub12 para conta 🔥",,0,"07/25/2026 08:00",N/A,https://www.facebook.com/copinha/posts/pfbid0t7zUurmCZifrx9BmppMLpzuvhzMFmbqnKdoiHVKgJi6gzvM3bxTnjvUbNfm1chSJl,0,0,Fotos,,,,,Total,2860,1865,31,24,1,6,126,25,101,,,,,,,,,,
1335482775412026,100068509496158,Copinha,"FIM DE SEMANA DE RODADA 12! 
Vamos pra mais jogos do Paulista Sub-15 e Paulista Sub-17! 🔥 #PaulistaSub15 #PaulistaSub17",,0,"07/25/2026 03:00",N/A,https://www.facebook.com/copinha/posts/pfbid0iemqMQZVxM1BjbNvHP3dwVuH1jbj9MUMGZVPPujrk5pQuYzMxsPUPgoMs9dUZqKbl,0,0,Fotos,,,,,Total,2767,1782,27,22,1,4,149,32,117,,,,,,,,,,
1334692325491071,100068509496158,Copinha,"MAIS UMA RODADA!
A oitava volta do Paulista Sub-20 Série A chegou. Bora acompanhar os jogos da rodada.
#PaulistaSub20SérieA",,0,"07/24/2026 03:30",N/A,https://www.facebook.com/copinha/posts/pfbid0PHL5soF1ezLedpiYHNsNqJphLWdANQBCviwM6T3y4E7Yokj5dLmQyiDWC153bYYsl,0,0,Fotos,,,,,Total,11983,8457,97,85,3,9,232,92,140,,,,,,,,,,
1330907545869549,100068509496158,Copinha,"E lá se foi a sétima rodada do Paulista Sub-20 Série B!
#PaulistaSub20SérieB",,0,"07/19/2026 08:18",N/A,https://www.facebook.com/copinha/posts/pfbid02Js1gxuyoLkLaCEC6CzGgZxvYkzDEkpRPPixgCpsqcntx3ZhT4zyfBbCuwz8nXUxPl,0,0,Fotos,,,,,Total,6492,4120,47,41,1,5,119,42,77,,,,,,,,,,
1330376039256033,100068509496158,Copinha,"Vamos aos resultados da 11ª rodada do Paulista Sub17!
#PaulistaSub17",,0,"07/18/2026 14:14",N/A,https://www.facebook.com/copinha/posts/pfbid02aNFMYSpyhRW1GCgopuXskwgKtSS5m5LAq2pRKvc5DAcs6nmjNdFYscMJttugC36Ll,0,0,Fotos,,,,,Total,2900,1520,28,22,3,3,206,33,173,,,,,,,,,,
1330344455925858,100068509496158,Copinha,"Mais um sabadão de grandes jogos no Paulista Sub-15.
#PaulistaSub15",,0,"07/18/2026 13:05",N/A,https://www.facebook.com/copinha/posts/pfbid02Ddqxs5CLMD35rkZPQe4rKmHELJ4UGkq7YsEpB9eN6TAxGUcdkHP1S7jmdWxHujDBl,0,0,Fotos,,,,,Total,2665,1552,32,26,3,3,141,25,116,,,,,,,,,,
1329941652632805,100068509496158,Copinha,"MOLECADA EM CAMPO!
A rodada 11 do Paulista Sub-15 e Paulista Sub-17 chegou 🔥
#PaulistaSub15 #PaulistaSub17",,0,"07/18/2026 02:00",N/A,https://www.facebook.com/copinha/posts/pfbid02nMb7rqE2dMdSBjqc1mvq86AxZfoEQavVxKaxj9GAiZADb9YCCHaYDmN8eJk5p1PFl,0,0,Fotos,,,,,Total,2680,1541,18,14,3,1,113,21,92,,,,,,,,,,
1328762202750750,100068509496158,Copinha,"QUEE GOLAAAÇOOOO!!!!
Felipe Tereza, do @palmeiras, arriscou do meio de campo e acertou um golaço no Brasileirão Sub-20!","QUEE GOLAAAÇOOOO!!!!
Felipe Tereza, do @palmeiras, arriscou do meio de campo e acertou um golaço no Brasileirão Sub-20!",44,"07/16/2026 13:31",auto,https://www.facebook.com/reel/1778977213515847/,0,0,Vídeos,,,,,Total,6946,6256,205,192,4,9,76,76,,,,,54597.213,8.641,0,0,0,,
1328469789446658,100068509496158,Copinha,"CHEGOU MAIS UMA!
A sétima rodada do #PaulistaSub20SérieB vai agitar a semana 🔥",,0,"07/16/2026 06:00",N/A,https://www.facebook.com/copinha/posts/pfbid0WVAgVCrjbdxDXtoPU5kNRvqXfPUT22R8pzq24CTd43iJxMDHFbmUWYnFK8CDzEhpl,0,0,Fotos,,,,,Total,4292,2619,30,21,3,6,70,34,36,,,,,,,,,,
1326364782990492,100068509496158,Copinha,"Saca só os resultados da sexta rodada do Paulista Sub-20 Série A.
#PaulistaSub20SérieA",,0,"07/13/2026 15:04",N/A,https://www.facebook.com/copinha/posts/pfbid02qebdpXtxBYxFgBAecpvhXRS2uU4hm9Pj186QfNWVi1tf6iFKejEfQAYQakoFgUBQl,0,0,Fotos,,,,,Total,15971,10800,97,92,1,4,280,112,168,,1,,,,,,,,
1324848773142093,100068509496158,Copinha,"Vem conferir como terminaram as partidas da sexta rodada do Paulista Sub-20 Série B.
#PaulistaSub20SérieB",,0,"07/11/2026 16:04",N/A,https://www.facebook.com/copinha/posts/pfbid05k37ciFG47FT7SQS4rtC5aDPLLapiAqoHidSDTAqj9FRtvKTbXCCaW9L4saYekWQl,0,0,Fotos,,,,,Total,8670,6033,46,41,1,4,145,62,83,,,,,,,,,,
1323636769929960,100068509496158,Copinha,"MAIS UMA CHEGANDO!
Olha a sexta rodada do Paulista Sub-20 Série B passando na sua timeline.
#PaulistaSub20SérieB",,0,"07/10/2026 03:00",N/A,https://www.facebook.com/copinha/posts/pfbid02E2tW555t59SkFdaYy25eVUgUsivnmJYivUanEx3RJ6bjDXq9CUMB1ssk6ZhiZTyfl,0,0,Fotos,,,,,Total,12702,9248,54,48,3,3,202,94,108,,,,,,,,,,
1323358573291113,100068509496158,Copinha,"Vem conferir os resultados da décima rodada do Paulista Sub-17.
#PaulistaSub17",,0,"07/09/2026 17:59",N/A,https://www.facebook.com/copinha/posts/pfbid02WeT17yUKErrQ2deLGnqQUQKKytU4GKHaKns8uChYxvVrNiP6a2DNk3X4rHYwGvNfl,0,0,Fotos,,,,,Total,2302,1390,26,22,3,1,143,18,125,,,,,,,,,,
1323303876629916,100068509496158,Copinha,"E lá se foi a décima rodada do Paulista Sub-15.
#PaulistaSub15",,0,"07/09/2026 15:56",N/A,https://www.facebook.com/copinha/posts/pfbid0RmvYi8WcpPx8BXm2CufknRag4f6zrMChouFuJh3NRzacqM54Mp6dZS7PkBe2NYPql,0,0,Fotos,,,,,Total,3319,2033,34,28,2,4,243,32,211,,,,,,,,,,
1323303559963281,100068509496158,Copinha,"O nona rodada do Paulista Sub-14 agitou a quinta-feira da base.
#PaulistaSub14",,0,"07/09/2026 15:55",N/A,https://www.facebook.com/copinha/posts/pfbid0cugZoGctRpixu3jXCsPrH5bJzXAoyPrc8wcbbDddCViW1mHAHPV6nbiT2LyG7oNJl,0,0,Fotos,,,,,Total,2163,1355,23,18,1,4,159,25,134,,,,,,,,,,
1323303163296654,100068509496158,Copinha,"Feriadou com muito futebol no Paulista Sub-13!
#PaulistaSub13",,0,"07/09/2026 15:54",N/A,https://www.facebook.com/copinha/posts/pfbid0335q8A6mALBSqSX7AVyWH9K1MtHFaFQe6n7E6pPV9ovin36F2PXFerPrNUiQzho5Sl,0,0,Fotos,,,,,Total,1724,1059,21,16,2,3,105,10,95,,,,,,,,,,
1322878370005800,100068509496158,Copinha,"VAMOS PARA A SEXTA RODADA!
Vem conferir os confrontos dessa rodada do Paulista Sub-20 Série A!
#PaulistaSub20SérieA",,0,"07/09/2026 04:00",N/A,https://www.facebook.com/copinha/posts/pfbid02Q3T34TFoHeyEH49AweYvLedU1wdehwUpVzbUjRduYakoUHR8am9VH3sJWPntiDfnl,0,0,Fotos,,,,,Total,12840,8744,102,90,2,10,264,81,183,,,,,,,,,,
1322844540009183,100068509496158,Copinha,"MAIS UMA RODADA NA ÁREA! 🔥
Vem conferir os confrontos dessa etapa do Paulista Sub-13 e Sub-14!
#PaulistaSub13 #PaulistaSub14",,0,"07/09/2026 03:00",N/A,https://www.facebook.com/copinha/posts/pfbid0agADnuWBPACpjgdGR7YnXYfF49QfADes4xNVEZjw7yDipFFedrGLNoJyBMpF7eisl,0,0,Fotos,,,,,Total,2608,1723,30,23,2,5,128,21,107,,,,,,,,,,
1319804000313237,100068509496158,Copinha,"Se liga em como terminaram as partidas deste fim de semana no Paulista Sub-12!
#PaulistaSub12",,0,"07/05/2026 11:34",N/A,https://www.facebook.com/copinha/posts/pfbid02R7vC2NxtK5oNSkFEzYXQed2G7pxzjAASpA5E6w4xnrS4arxAciqDT57gqH8XBwanl,0,0,Fotos,,,,,Total,2450,1428,21,14,2,5,147,23,124,,,,,,,,,,
1319794150314222,100068509496158,Copinha,"Mais uma rodada repleta de grandes jogos no Paulista Sub-11!
#PaulistaSub11",,0,"07/05/2026 11:19",N/A,https://www.facebook.com/copinha/posts/pfbid05fn5gop3rFKgbgTwaqQE3qc1GrUygTJ33Jbhzk6CjzJsw9J3nD7VArthUk43QoL4l,0,0,Fotos,,,,,Total,2248,1364,24,17,1,6,146,17,129,,,,,,,,,,
1319700196990284,100068509496158,Copinha,"Rodada cheia no Paulista Sub-20 Série A!
Se liga nos resultados do fim de semana.
#PaulistaSub20SérieA",,0,"07/05/2026 09:01",N/A,https://www.facebook.com/copinha/posts/pfbid037cUqoWu94bJJgPf2Eh9Na4ShxNubDVUHKhTLrfEqtjoWUNfhYxsR5KaMmJtwXg7Xl,0,0,Fotos,,,,,Total,15174,10399,86,79,1,6,290,115,175,,,,,,,,,,
1319020817058222,100068509496158,Copinha,"Vamos aos resultados da quinta rodada do Paulista Sub-20 Série B!
#PaulistaSub20SérieB",,0,"07/04/2026 13:47",N/A,https://www.facebook.com/copinha/posts/pfbid01Dc4jhcqBUchAnSZT3h9dgD61SYzLzmwYaxnEbHC17Pr2MRzgqQtxQkqHND7tG9al,0,0,Fotos,,,,,Total,15247,10762,69,64,2,3,260,80,180,,,,,,,,,,
1318637423763228,100068509496158,Copinha,"SUB-11 E SUB-12 NA ÁREA!
Confira os confrontos da 9ª rodada!
#PaulistaSub11 #PaulistaSub12",,0,"07/04/2026 04:00",N/A,https://www.facebook.com/copinha/posts/pfbid029H2Kftz5Aw83o6KWpppkvR11NDjGbf6ynu4jaM9MxfGafUMhx1Fpr9jM6N5UKBC4l,0,0,Fotos,,,,,Total,3212,2082,31,21,2,8,124,26,98,,,,,,,,,,
1318601240433513,100068509496158,Copinha,"FIM DE SEMANA CHEIO! 
Vem conferir os confrontos da 10ª rodada do Paulista Sub-15 e Paulista Sub-17!
#PaulistaSub15 #PaulistaSub17",,0,"07/04/2026 03:00",N/A,https://www.facebook.com/copinha/posts/pfbid05iqSQUwjqktd56WB6zEzXZFD2XoRrPJLQkBy6mXYDYwxP9MTfGVSDLhNaFxLHDj8l,0,0,Fotos,,,,,Total,3190,2134,22,15,3,4,145,21,124,,,,,,,,,,
1317792140514423,100068509496158,Copinha,"DE OLHO EM MAIS UMA RODADA!
Vem conferir a agenda de jogos da nona volta do #PaulistaSub20SérieA",,0,"07/03/2026 05:00",N/A,https://www.facebook.com/copinha/posts/pfbid02S7UHKx51j4MjPCika1Ct9HWBhmihRuWr9eUTBfAURbBvYb4fTSbETXuE83XRSqUxl,0,0,Fotos,,,,,Total,5269,3583,38,33,2,3,109,35,74,,,,,,,,,,
1316880673938903,100068509496158,Copinha,"CHEGOU MAIS UMA!
A quinta rodada do Paulista Sub-20 Série B chegou para animar o final da semana 🥳
#PaulistaSub20SérieB",,0,"07/02/2026 04:00",N/A,https://www.facebook.com/copinha/posts/pfbid0rrvupGqyVCWVQogGdXv3gz1y7JRV9UTkvRC68i5NgY998K9s5jLSW4RgGaFaTu3al,0,0,Fotos,,,,,Total,9467,7005,39,36,2,1,128,45,83,,,,,,,,,,
1315523327407971,100068509496158,Copinha,"A COPINHA RESOLVE 😎
Vem conferir cada cria que participou dos dois gols que classificaram o Brasil para as oitavas de final da Copa do Mundo. 

Revelado pelo Flamengo em 2017, Vini Jr começou a jogada e enxergou o Gabriel Magalhães.

Magalhães, que jogou pelo Avaí em 2016, deu aquela assistência certeira para o Casemiro. 

O camisa 5 da Seleção Brasileira disputou duas edições pelo São Paulo, 2009 e 2010, sendo campeão na última! 

MADE IN COTIA! 
O autor do primeiro gol 🔥

OI, BOA NOITE!
O jogador que disputou a Copinha mais recentemente, Rayan começou a jogada do segundo gol, e tocou para Bruno Guimarães. 

Presente em três edições de Copinha pelo Audax, Bruno Guimarães deu um passe incrível para Gabriel Martinelli! 

O astro do Arsenal, revelado no interior do Estado pelo Ituano, saiu da marcação e decretou a virada brasileira! 

VIVA AS CRIAS DA COPINHA! 😍🤩",,0,"06/30/2026 12:08",N/A,https://www.facebook.com/copinha/posts/pfbid0A2i4GBn5x9AVtRHABgBjnpXw8EQx13G6FohJQr7zycJMhLspPPi2EekY8L5U5TYel,0,0,Fotos,,,,,Total,5169,3345,27,24,0,3,284,36,248,,,,,,,,,,
1314711557489148,100068509496158,Copinha,"Da Copinha para o mundo! 🇧🇷
#SeleçãoBrasileira #CopaDoMundo
📷@fifaworldcup",,0,"06/29/2026 13:31",N/A,https://www.facebook.com/copinha/posts/pfbid07YYvxfXaWDEQc9KGueoPoTKK591edoHEEysU4JxPyWf6XVGGputb3XE5CowYnatTl,0,0,Fotos,,,,,Total,4599,3259,44,41,1,2,101,26,75,,,,,,,,,,
1313907327569571,100068509496158,Copinha,"Vamos aos resultados da oitava rodada do Paulista Sub-14!
#PaulistaSub14",,0,"06/28/2026 15:53",N/A,https://www.facebook.com/copinha/posts/pfbid0aVM8tqnVUNSQnhYHnkvwSbuKwQFMQcCqMjfuoSedGyzMPAtmhemqmvqQPgLJyL3tl,0,0,Fotos,,,,,Total,2443,1450,20,16,2,2,159,25,134,,,,,,,,,,
1313876684239302,100068509496158,Copinha,"Grandes duelos marcaram a oitava rodada do Paulista Sub-13!
#PaulistaSub13",,0,"06/28/2026 14:47",N/A,https://www.facebook.com/copinha/posts/pfbid0ygbfiYFSy6UTsRZ1fHBuD3hZp4JJJFvhFQPSot9vUKiqFBLfUS9hNAedyRCotq7Ml,0,0,Fotos,,,,,Total,1842,1129,24,16,1,7,124,22,102,,,,,,,,,,
1313872490906388,100068509496158,Copinha,"Hora de ver o que rolou de melhor na rodada do Paulista Sub-11!
#PaulistaSub11",,0,"06/28/2026 14:37",N/A,https://www.facebook.com/copinha/posts/pfbid0mjSZcyJnmapGgQjjVqEgMWTzJ1XvaHzjX1HHaBmHftih5DCkBEpFmUXe1wXKrAjAl,0,0,Fotos,,,,,Total,1885,1148,20,14,2,4,97,16,81,,,,,,,,,,
1313871037573200,100068509496158,Copinha,"Oitava rodada do Paulista Sub-12 concluida com sucesso!
#PaulistaSub12",,0,"06/28/2026 14:34",N/A,https://www.facebook.com/copinha/posts/pfbid02ZsJo6jphgNETywm5T2d7XCqC2GLgj5JU7BHRYZy2eJTvG9kXoHPwgYVVSUsHCP8ml,0,0,Fotos,,,,,Total,1695,1013,15,10,2,3,108,16,92,,,,,,,,,,
1313868590906778,100068509496158,Copinha,"Mais uma rodada completa no Paulista Sub-20 Série A!
#PaulistaSub20SérieA",,0,"06/28/2026 14:29",N/A,https://www.facebook.com/copinha/posts/pfbid0Vj3eQ6JghW28ewCzx9BXaqT5JhCEq8rQNrmGyMHXEpCeM6GvH2EXqnHZC8CfQKbZl,0,0,Fotos,,,,,Total,1536,975,25,21,2,2,91,7,84,,,,,,,,,,
1313461784280792,100068509496158,Copinha,"RODADAS CHEIAS NESSE DOMINGO!
Vem conferir os confrontos da 8ª rodada do #PaulistaSub13 e do #PaulistaSub14!",,0,"06/28/2026 04:00",N/A,https://www.facebook.com/copinha/posts/pfbid02EZ2iHmkaTmBtuTubWjSJDFJZXAtRtjDN2S6VLTFKj89R5cZknqRw16hg7UXRfi8Ml,0,0,Fotos,,,,,Total,2585,1655,27,20,1,6,129,33,96,,,,,,,,,,
1313069084320062,100068509496158,Copinha,"Se liga nos resultados da nona rodada do Paulista Sub-15! 
#PaulistaSub15",,0,"06/27/2026 16:07",N/A,https://www.facebook.com/copinha/posts/pfbid02AVuEYfSuXP8dS8DG44VbDwEaGpRakrG7th1LCKEzWhC4weaidSZiUUMw3tEyo3kBl,0,0,Fotos,,,,,Total,2472,1466,20,16,1,3,187,29,158,,,,,,,,,,
1313054107654893,100068509496158,Copinha,"Ponto final da quarta rodada do Paulista Sub-20 Série B!
#PaulistaSub20SérieB",,0,"06/27/2026 15:33",N/A,https://www.facebook.com/copinha/posts/pfbid0Ej5YQsj79T3RwvGDugDNipym821adhm3HCd9AxQL8mGEonSdoB8Nmo9MNqdB6HRbl,0,0,Fotos,,,,,Total,12902,9106,49,45,2,2,253,100,153,,,,,,,,,,
1313053694321601,100068509496158,Copinha,"Mais uma rodada cheia de grandes jogos no Paulista Sub-17.
#PaulistaSub17",,0,"06/27/2026 15:32",N/A,https://www.facebook.com/copinha/posts/pfbid0mEifwfp4c9FDbR762TMYKvSykZkSeGzAwjq5W34RPoorrrdzCGa19NGWNs24V88Sl,0,0,Fotos,,,,,Total,1905,1140,20,17,2,1,162,22,140,,,,,,,,,,
1312629764363994,100068509496158,Copinha,"MAIS UMA RODADA NA ÁREA!
Vem vem os confrontos do #PaulistaSub11 e #PaulistaSub12!",,0,"06/27/2026 04:00",N/A,https://www.facebook.com/copinha/posts/pfbid026tSGKwsAuiDzZjvXrzKpviQPTE4zfNhiFkxGLsNMv4Nv5SgrpvmSJL9w2JGGzYcdl,0,0,Fotos,,,,,Total,3603,2369,41,34,2,5,136,21,115,,,,,,,,,,
1312559201037717,100068509496158,Copinha,"O final de semana vem com tudo com Paulista Sub-15 e Sub-17!
#PaulistaSub15 #PaulistaSub17",,0,"06/27/2026 02:00",N/A,https://www.facebook.com/copinha/posts/pfbid09yDN1hdJF8bTB5paBr1qWXPYxhZsMGHgz8MrJSDejTCZfKfMvDp39uvAPjJCHmoil,0,0,Fotos,,,,,Total,3399,2276,29,21,2,6,133,20,113,,,,,,,,,,
1308055334821437,100068509496158,Copinha,"Terceira rodada concluída no Paulista Sub-20 Série B!
#PaulistaSub20SérieB",,0,"06/21/2026 14:42",N/A,https://www.facebook.com/copinha/posts/pfbid0JFr7jeDRzt9aHwM8bbc1avZj98D1zvVzX1Qf67Hkb2bTWRwYuZfGgpZdfEfXbY9fl,0,0,Fotos,,,,,Total,24838,17967,67,65,1,1,332,119,213,,,,,,,,,,
1308052041488433,100068509496158,Copinha,"Fim de semana agitado com mais uma rodada do Paulista Sub-17.
#PaulistaSub17",,0,"06/21/2026 14:37",N/A,https://www.facebook.com/copinha/posts/pfbid035HbcmRiPuSonhL2jRiPzH2bvzwo8z7k3YW2cKKaxAz11UjJ8QdiY3C7S7iQ6Xo5l,0,0,Fotos,,,,,Total,2481,1428,17,16,1,0,205,30,175,,,,,,,,,,
1308051474821823,100068509496158,Copinha,"Se liga nos resultados de mais uma rodada do Paulista Sub-15.
#PaulistaSub15",,0,"06/21/2026 14:36",N/A,https://www.facebook.com/copinha/posts/pfbid0MWfx3HnrzFSF7LpP5Q2ryuRjWYc9Y8BmoERFqrQF8BF37Q3LJz6ysZSaZay8df2Xl,0,0,Fotos,,,,,Total,2104,1212,15,12,2,1,130,14,116,,,,,,,,,,
1307925098167794,100068509496158,Copinha,"Olha os resultados do Paulista Sub-14 aí!
#PaulistaSub14",,0,"06/21/2026 11:00",N/A,https://www.facebook.com/copinha/posts/pfbid02QjxzeQd5sXyTQrknTHfz6K7xe1gTo3extNjdve4kyXdF5XmSLPnN8BFds9W8wMKAl,0,0,Fotos,,,,,Total,3921,2219,27,22,3,2,306,55,251,,,,,,,,,,
1307923981501239,100068509496158,Copinha,"Domingão de goleadas no Paulista Sub-13!
#PaulistaSub13",,0,"06/21/2026 10:59",N/A,https://www.facebook.com/copinha/posts/pfbid02FgtE7yrgGgnPjEHgT8NFiezmudUD4oBM7GeD4rBUXsPvfQfJUKAy7CrHKQb8Yb3Gl,0,0,Fotos,,,,,Total,4552,2830,39,33,2,4,336,56,280,,,,,,,,,,
1307601654866805,100068509496158,Copinha,"BORA MAIS UMA!
O domingo está recheado de jogos do Paulista Sub-13 e Paulista Sub-14 🔥
#PaulistaSub13 #PaulistaSub14",,0,"06/21/2026 03:00",N/A,https://www.facebook.com/copinha/posts/pfbid0A5z5kGRKocBsCxkUiNV4HacmxR6Whu2r6KgmU2TdMnJP4xnWXkLyyJHWL2BxeJVTl,0,0,Fotos,,,,,Total,5185,3521,38,29,4,5,197,37,160,,,,,,,,,,
1306776238282680,100068509496158,Copinha,"BORA PARA MAIS UMA RODADA!
Vem ver os confrontos da 8ª rodada do Paulista Sub-15 e do Paulista Sub-17!
#PaulistaSub15 #PaulistaSub17",,0,"06/20/2026 03:00",N/A,https://www.facebook.com/copinha/posts/pfbid02CBRfPeReZDiYyq9cupVmw2iPdDQ8jdmoXfKqEcg13ntt7LgUJMCw9GCpKQKisnu3l,0,0,Fotos,,,,,Total,4329,3001,28,26,2,0,190,27,163,,,,,,,,,,
1306275781666059,100068509496158,Copinha,"JOGOU A COPINHA E VAI ENFRENTAR O BRASIL NA COPA DO MUNDO!
O meio-campista Danley Jean-Jacques disputou a competição pelo Pérolas Negras, em 2017. Se liga na história do camisa 17 da Seleção do Haiti!
#Copinha #CopaDoMundo #Haiti",,0,"06/19/2026 11:34",N/A,https://www.facebook.com/copinha/posts/pfbid07Bh6qxNdBjsMoywnn1QzXbfZokHRCmNYTj6kfhsTH556oEyDsxMot7E3RNmhXM7nl,0,0,Fotos,,,,,Total,6684,4090,42,40,1,1,356,40,316,,,,,,,,,,
1306018755025095,100068509496158,Copinha,"PLAY NA TERCEIRA RODADA DO PAULISTA SUB-20 SÉRIE B!
#PaulistaSub20SérieB",,0,"06/19/2026 05:00",N/A,https://www.facebook.com/copinha/posts/pfbid0PizcqRc3poTmaiZtNU5BpVrsuuYNx61oZUCWPtGZqhEerNEFbr2VAdFAmzF2MWpFl,0,0,Fotos,,,,,Total,8471,6207,36,32,3,1,96,40,56,,,,,,,,,,
1302292618731042,100068509496158,Copinha,"Pra fechar o fim de semana, foi assim que terminou a sétima rodada do Paulista Sub-12.
#PaulistaSub12",,0,"06/14/2026 14:43",N/A,https://www.facebook.com/copinha/posts/pfbid02rZZiUpweSdgqEbYWkipt6SALokCA28ZFFqnBdEqMHRG2owbeYTpaqfonGWGUqrUPl,0,0,Fotos,,,,,Total,2737,1621,32,26,1,5,170,27,143,,,,,,,,,,
1302222368738067,100068509496158,Copinha,"Esses foram os resultados de mais uma rodada do Paulista Sub-11!
#PaulistaSub11",,0,"06/14/2026 12:29",N/A,https://www.facebook.com/copinha/posts/pfbid0CKqRuEoMdgy8ZwQyohqS7CJHYCKzWc3g2NTuguYJDVXxZdtoPi3Sw7bjwGmfkirLl,0,0,Fotos,,,,,Total,3502,2022,26,20,1,5,232,34,198,,,,,,,,,,
1302085538751750,100068509496158,Copinha,"Sétima rodada do Paulista Sub-17 concluída!
#PaulistaSub17",,0,"06/14/2026 09:05",N/A,https://www.facebook.com/copinha/posts/pfbid0UbQpmXMEb44PKoUp9Dc9QkZgnGASg7qdqrbSWWJrKSef59QF1PwSM9QH95mpceqil,0,0,Fotos,,,,,Total,2889,1702,26,21,1,4,187,22,165,,,,,,,,,,
1302072695419701,100068509496158,Copinha,"Chegou a hora de ver como terminaram os confrontos da terceira rodada do Paulista Sub-20 Série A!
#PaulistaSub20SérieA",,0,"06/14/2026 08:45",N/A,https://www.facebook.com/copinha/posts/pfbid02boghSX5tp1L2McF4zFDj2jeyCUDRzREnreKBc3W7fXFBqkjHgc8hrv6rSfNMmfWul,0,0,Fotos,,,,,Total,2261,1456,18,15,0,3,106,17,89,,,,,,,,,,
1302010958759208,100068509496158,Copinha,"Fim de semana de muitos gols no Paulista Sub-15!
#PaulistaSub15",,0,"06/14/2026 07:15",N/A,https://www.facebook.com/copinha/posts/pfbid0aALzHaThwLU9y6o4uNyVG5vV5mhDygRJmQb4cB98JtPRPpDK5SeGyvuPjcDkA5RVl,0,0,Fotos,,,,,Total,2827,1657,23,18,1,4,208,32,176,,,,,,,,,,
1301076302186007,100068509496158,Copinha,"BORA PARA MAIS UMA RODADA!
Esses são os duelos do fim de semana no Paulista Sub-15 e Sub-17!
#PaulistaSub15 #PaulistaSub17",,0,"06/13/2026 05:00",N/A,https://www.facebook.com/copinha/posts/pfbid02HennPN3cZXRZiBnhwAB1NnZTgsWMCk2YhZ4YoKjoLFUGmo2BFLwHUB3gN1BF9LZql,0,0,Fotos,,,,,Total,2100,1357,20,18,1,1,75,8,67,,,,,,,,,,
1301074622186175,100068509496158,Copinha,"OLHA AÍ!
Os resultados da segunda rodada do Paulista Sub-20 Série B estão passando pelo seu feed!
#PaulistaSub20SérieB",,0,"06/13/2026 04:57",N/A,https://www.facebook.com/copinha/posts/pfbid02yuGMDbG3PVYMeNfa2XWQuiCsdZ4EhbscR7LMHq8fBLWVAxPn9xoJQPiujebAKzSNl,0,0,Fotos,,,,,Total,20561,15164,71,66,3,2,279,92,187,,,,,,,,,,
1301039488856355,100068509496158,Copinha,"""𝘼𝙞, 𝙦𝙪𝙚 𝙣𝙖̃𝙤 𝙨𝙚𝙞 𝙤 𝙦𝙪𝙚, 𝙛𝙞𝙣𝙖𝙡 𝙙𝙚 𝙨𝙚𝙢𝙖𝙣𝙖 𝙩𝙚𝙢 𝘾𝙤𝙥𝙖 𝙙𝙤 𝙈𝙪𝙣𝙙𝙤..."" Final de semana tem Paulista Sub-11 e Paulista Sub-12! Vem conferir os horários dos confrontos da 7ª rodada.
#PaulistaSub11 #PaulistaSub12",,0,"06/13/2026 04:00",N/A,https://www.facebook.com/copinha/posts/pfbid02kT4vTjS77c3Bxy49xUxh82LW1LowKdwC9cR3tbGwvPDtUJuMRbLULYURdJ9Q8Wrol,0,0,Fotos,,,,,Total,2720,1767,18,14,1,3,117,16,101,,,,,,,,,,
1300444768915827,100068509496158,Copinha,"DA COPINHA PARA A COPA DO MUNDO!
Você conhece os jogadores que começaram a carreira na Copinha e já jogaram na Copa do Mundo por outras seleções? Vem conferir a lista 🤩
#CopaDoMundo",,0,"06/12/2026 10:34",N/A,https://www.facebook.com/copinha/posts/pfbid02sBGzf6jx26uBL9ih2dAjbDVyPv1dCJKfryyiHeF3E7sgvJsM9e79DQmc5UiEJcc4l,0,0,Fotos,,,,,Total,7545,4350,48,42,3,3,624,89,535,,,,,,,,,,
1300225642271073,100068509496158,Copinha,"SEGUNDA RODADA NA ÁREA!
Vem conferir os confrontos dessa sexta-feira do Paulista Sub-20 Série B!
#PaulistaSub20SerieB",,0,"06/12/2026 04:00",N/A,https://www.facebook.com/copinha/posts/pfbid021xCMzkhsesNVYA4jKuqF3PdPjtUMk4pf5UiWtrGrF88zVQjMpJpeYaF6DUyWzhgLl,0,0,Fotos,,,,,Total,6966,5173,37,34,2,1,58,23,35,,,,,,,,,,
1299416132352024,100068509496158,Copinha,"VEM DE PAULISTA SUB-20!
Se liga nos jogos da terceira rodada!
#PaulistasEmCampo",,0,"06/11/2026 05:00",N/A,https://www.facebook.com/copinha/posts/pfbid0aZpqb9jFY2VJzNau8gDdnpjG4JkHvg9Yi6ZHBUHVbdiXNRPD5e9zk2h4A8WZrFi2l,0,0,Fotos,,,,,Total,2584,1619,21,17,0,4,129,18,111,,,,,,,,,,
1296459265981044,100068509496158,Copinha,"Sexta rodada ✅
#PaulistaSub14",,0,"06/07/2026 16:32",N/A,https://www.facebook.com/copinha/posts/pfbid0nuzVWp6LJbJiJ7sLaDhCx1BSHfcfjnh8dwVoQe3JmofgTkFPH9kTfj58favvza6l,0,0,Fotos,,,,,Total,2564,1522,26,23,0,3,146,17,129,,,,,,,,,,
1296444395982531,100068509496158,Copinha,"Mais uma rodada completa no Paulista Sub-13!
#PaulistaSub13",,0,"06/07/2026 15:59",N/A,https://www.facebook.com/copinha/posts/pfbid0xyY1nLUBuDjjeyXs1CJUycBmW87m1UuETWZPQL35U8SJDb5xE1fWqoQfbG13LcrGl,0,0,Fotos,,,,,Total,3573,2009,33,28,1,4,289,46,243,,,,,,,,,,
1296412045985766,100068509496158,Copinha,"Assim terminou a rodada da estreia do Paulista Sub-20 Série B!
#PaulistaSub20SérieB",,0,"06/07/2026 14:47",N/A,https://www.facebook.com/copinha/posts/pfbid0VhjdofFPZNCSL454Whq4WwuTvXdxR6Tyg6j3GxdusF5uuSLUQAQcHskqfZykfJsYl,0,0,Fotos,,,,,Total,15530,10830,61,53,1,7,205,62,143,,,,,,,,,,
1296410345985936,100068509496158,Copinha,"Bora ver como terminou a segunda rodada do Paulista Sub-20 Série A!
#PaulistaSub20SerieA",,0,"06/07/2026 14:43",N/A,https://www.facebook.com/copinha/posts/pfbid02VgRZk1Hvz6BHnHaCmDbreeti9969SYXbicN9E6hPuUuJhi6ayBn1s66vaZXrUqvBl,0,0,Fotos,,,,,Total,3361,2038,30,27,0,3,225,37,188,,,,,,,,,,
1296404175986553,100068509496158,Copinha,"Se liga nos resultados de mais uma rodada do Paulista Sub-17.
#PaulistaSub17",,0,"06/07/2026 14:30",N/A,https://www.facebook.com/copinha/posts/pfbid02bqKgkKmQtuzMEis6YTua4MfKipCv38ogUMgrSjANrEGCKAf1V1hoWLB1gSLwoXefl,0,0,Fotos,,,,,Total,3748,2279,28,26,0,2,283,49,234,,,,,,,,,,
1296035042690133,100068509496158,Copinha,"DOMINGOU COM SUB-13 E SUB-14!
Vem conferir os confrontos da 6ª rodada do #PaulistaSub13 e do #PaulistaSub14!",,0,"06/07/2026 05:00",N/A,https://www.facebook.com/copinha/posts/pfbid0LP9SMgx5y2XgzwPdCHR2i1LfSqCMMYC7QEihYDvBXe3Ro3mSAjYhpZPPagmMC6Vgl,0,0,Fotos,,,,,Total,4241,2815,32,26,0,6,154,30,124,,,,,,,,,,
1295037736123197,100068509496158,Copinha,"CHEGOU MAIS UMA!
A sexta rodada do Paulista Sub-15 e Paulista Sub-17 chegou para animar o fim de semana 🤩
#PaulistaSub15 #PaulistaSub17",,0,"06/06/2026 02:00",N/A,https://www.facebook.com/copinha/posts/pfbid0h6tpjr45kMCdmMQxhe3WdWQqh5RcbXsxJ66dYCtNQzgwnucnajDQ8iDn3sq9fV9ul,0,0,Fotos,,,,,Total,5460,3666,52,41,1,10,226,38,188,,,,,,,,,,
1293460719614232,100068509496158,Copinha,"A SEGUNDA RODADA DO PAULISTA SUB-20 ESTÁ NA ÁREA!
#PaulistaSub20",,0,"06/04/2026 07:00",N/A,https://www.facebook.com/copinha/posts/pfbid02uVPNjyZC4PaJow4P3wnnf6priP2YesuoJzoQGyH6psBZdE8PZFmoiLwL8rCArpt6l,0,0,Fotos,,,,,Total,6467,4259,45,39,2,4,367,58,309,,,,,,,,,,
1293418086285162,100068509496158,Copinha,"VAI COMEÇAR O PAULISTA SUB-20 SÉRIE B!
Se liga nos jogos da 1ª rodada!
#PaulistaSub20SérieB",,0,"06/04/2026 06:00",N/A,https://www.facebook.com/copinha/posts/pfbid02hhBg32W3z53Hygm2vVTxzvnpAFKt8zSHyMyNkVmk7prW2HutdkV2vTSFZ3JGtJ2ul,0,0,Fotos,,,,,Total,28179,20967,118,102,9,7,468,190,278,,,,,,,,,,
1290202669940037,100068509496158,Copinha,"A PRIMEIRA JÁ FOI!
Confira como terminaram os primeiros jogos do Paulista Sub-20 Série A!
#PaulistaSub20SérieA",,0,"05/31/2026 14:53",N/A,https://www.facebook.com/copinha/posts/pfbid0cEUcokJtyuRHPyXhsxcyLChV1qdbqKciXSU5yeEf3ku2phjvHYQ5CA8NXXscxvCPl,0,0,Fotos,,,,,Total,38534,28153,154,143,4,7,547,252,295,,,,,,,,,,
1290201656606805,100068509496158,Copinha,"RESULTADOS NA ÁREA! 
Foi assim que terminou mais uma rodada do Paulista Sub-12. 
#PaulistaSub12",,0,"05/31/2026 14:51",N/A,https://www.facebook.com/copinha/posts/pfbid02Krg7egqhgVxr1evgummgBKxQtuoMfgkHYJHaNYDUv4MAh6YJSbm2LwhstqSLJQJVl,0,0,Fotos,,,,,Total,2413,1505,29,22,2,5,156,20,136,,,,,,,,,,
1290198903273747,100068509496158,Copinha,"SE LIGA AÍ! 
Os resultados da sexta rodada do Paulista Sub-11! 
#PaulistaSub11",,0,"05/31/2026 14:46",N/A,https://www.facebook.com/copinha/posts/pfbid0tHvtkJSh3mDLhPn6Fi3Exz7Db8N9467Jm6NSrHjcDKsB6ojrAA5pRsU82BZHXRtql,0,0,Fotos,,,,,Total,2869,1721,26,23,1,2,212,39,173,,,,,,,,,,
1289137330046571,100068509496158,Copinha,"SABADÃO DE ESTREIA!
É dia de Sertãozinho e Santos pelo Paulista Sub-20 Série A!
#PaulistasEmCampo",,0,"05/30/2026 10:01",N/A,https://www.facebook.com/copinha/posts/pfbid0zdK54qjSF2m3mQX7MWxxnVAV6M84GaQaDZxvTEgFqUbThTuhQrshAAXugogtaMeJl,0,0,Fotos,,,,,Total,4464,3230,21,18,2,1,38,21,17,,,,,,,,,,
1288820006744970,100068509496158,Copinha,"VAMOS PARA MAIS UMA!
A sexta rodada do #PaulistaSub11 e #PaulistaSub12 chegou com tudo!",,0,"05/30/2026 02:00",N/A,https://www.facebook.com/copinha/posts/pfbid0Vf1HEbP2M3rciomFCP9mXHnu3Zpdh3kQytupLZt2G6Z7XbtPMYdpCB8YTgDc3xRBl,0,0,Fotos,,,,,Total,4195,2776,34,26,0,8,162,36,126,,,,,,,,,,
1288127570147547,100068509496158,Copinha,"VAI COMEÇAR O PAULISTA SUB-20 SÉRIE A!
Confira os confrontos da 1ª rodada!
#PaulistaSub20",,0,"05/29/2026 06:00",N/A,https://www.facebook.com/copinha/posts/pfbid02u7yrH1zGFvbs2jLDLN345p2m6hD7v5Cv1mW27ZBagL16WoN2nNLWnAUJS9aBQZ1bl,0,0,Fotos,,,,,Total,17019,12456,79,72,3,4,225,109,116,,,,,,,,,,
1284365713857066,100068509496158,Copinha,"O QUE NÃO FALTOU FOI GOL!
Foi assim que terminou mais uma rodada do Paulista Sub-14!
#PaulistaSub14",,0,"05/24/2026 15:41",N/A,https://www.facebook.com/copinha/posts/pfbid02xmXCCpYpM9fov3ubJXtV8tK2UedTswjWqWx1zRBHAC1nv4tH8yPXC3PvvEYAQsHol,0,0,Fotos,,,,,Total,3738,2276,37,30,1,6,209,35,174,,,,,,,,,,
1284364897190481,100068509496158,Copinha,"SE LIGA AÍ!
Confira os resultados da quinta rodada do Paulista Sub-13!
#PaulistaSub13",,0,"05/24/2026 15:40",N/A,https://www.facebook.com/copinha/posts/pfbid0UHPfArBKZnyMApj13q8hgxuNRowMR4mviLC1s32dyd6prkAkghYm2YbXQGJFhSArl,0,0,Fotos,,,,,Total,3510,2046,33,24,1,8,246,45,201,,,,,,,,,,
1283978787229092,100068509496158,Copinha,"RODADA CHEIA!
Todos os jogos da 5ª rodada do Paulista Sub-13 e Sub-14 vão rolar nesse domingo!
#PaulistaSub13 #PaulistaSub14",,0,"05/24/2026 05:00",N/A,https://www.facebook.com/copinha/posts/pfbid0yQSD4YYoa3n3oj8mQMCRdWieJQRGxTWESSTLcYCSoJBW982afgBGiMFYDVRQc8K6l,0,0,Fotos,,,,,Total,3263,2270,28,23,1,4,99,15,84,,,,,,,,,,
1283493567277614,100068509496158,Copinha,"Se liga só no que rolou pela quinta rodada* do Paulista Sus-17!
#PaulistaSub17

A partida entre Jabaquara e Santos não foi realizada por conta das condições climáticas. Uma nova data será marcada em breve.",,0,"05/23/2026 13:51",N/A,https://www.facebook.com/copinha/posts/pfbid02F9sKQRWgcVgA7Tkre5RWgWUHUm3rTRYy7hz1YQnbFcgrPAZRTWKcWx2RVnTubBASl,0,0,Fotos,,,,,Total,2883,1707,24,17,3,4,190,31,159,,,,,,,,,,
1283492923944345,100068509496158,Copinha,"Rodada cheia no Paulista Sub-15! Se liga nos resultados.
#PaulistaSub15",,0,"05/23/2026 13:50",N/A,https://www.facebook.com/copinha/posts/pfbid0HY8TWDuXN2YoEY5ETRtrwxWM5NqUagTGQ9XCQCUBuEzga1WpwdfyLE2er4NEdVn1l,0,0,Fotos,,,,,Total,2791,1716,32,28,1,3,159,22,137,,,,,,,,,,
1283138137313157,100068509496158,Copinha,"MOLECADA EM CAMPO!
Se liga nos jogos da quinta rodada do Paulista Sub-15 e do Paulista Sub-17!
#PaulistaSub15 #PaulistaSub17",,0,"05/23/2026 04:00",N/A,https://www.facebook.com/copinha/posts/pfbid05o6ULPNx3pVtU1ni2YApBNybpo4qP2Y9PLEdDVYYx7dFkCb1Mpu4LmnK42LajnfTl,0,0,Fotos,,,,,Total,3919,2584,28,19,2,7,143,34,109,,,,,,,,,,
1282667497360221,100068509496158,Copinha,"🏆 Esses são os convocados pelo Brasil para a Copa do Mundo que já conquistaram o título da Copinha!
#FutebolPaulista #CopaDoMundo",,0,"05/22/2026 12:47",N/A,https://www.facebook.com/copinha/posts/pfbid02ZNauRSKyX1u7TyqGW1Px1i9QuLXuR9s8pY3THkRL6eMhwixqsNYr5ZgvV1g2pd1Bl,0,0,Fotos,,,,,Total,24143,17056,134,130,0,4,313,160,153,,,,,,,,,,
1280239700936334,100068509496158,Copinha,"A MAIOR COMPETIÇÃO DE BASE DO MUNDO! 🥰
23 dos 26 convocados por Carlo Ancelotti para a Copa do Mundo 2026 jogaram a Copinha!
#FutebolPaulista #CopaDoMundo",,0,"05/19/2026 12:55",N/A,https://www.facebook.com/copinha/posts/pfbid031sVw4pMQJUeuQpV9MF5TjT2yCAQ8R5mt4DKkvG6bquAn4DmVbhtHfqdmUj5ovKcQl,0,0,Fotos,,,,,Total,4067,2584,31,23,2,6,177,31,146,,,,,,,,,,
1278652821095022,100068509496158,Copinha,"Fecha a conta e passa a régua na quinta rodada do Paulista Sub-11!
#PaulistaSub11",,0,"05/17/2026 15:11",N/A,https://www.facebook.com/copinha/posts/pfbid031kQDBeJ3xcpbzfs8ioikjohFFD6MweqM5JY6uJ5RL8WAYHSWGAZCb6DnLC77tNYWl,0,0,Fotos,,,,,Total,2017,1227,19,16,0,3,92,14,78,,,,,,,,,,
1278652514428386,100068509496158,Copinha,"E o Paulista Sub-12 vem como?! Se liga nos placares da rodada! 
#PaulistaSub12",,0,"05/17/2026 15:11",N/A,https://www.facebook.com/copinha/posts/pfbid025PcZZbDF1vbbMzoHzzrQazzZvHMzaXyH1YALqAEKYMuRz31dyeyHSM9XATxA5Uuil,0,0,Fotos,,,,,Total,1513,850,12,9,1,2,69,9,60,,,,,,,,,,
1278649324428705,100068509496158,Copinha,"Chega mais para conferir os resultados de mais uma rodada no Paulista Sub-13!
#PaulistaSub13",,0,"05/17/2026 15:04",N/A,https://www.facebook.com/copinha/posts/pfbid036wbsXNDNZdq2zv9CtYTTXRc9NgudS483SsoNSNYRkDfYvithEJSEoVc9enRA1Tcvl,0,0,Fotos,,,,,Total,2015,1150,24,18,3,3,122,18,104,,,,,,,,,,
1278648787762092,100068509496158,Copinha,"Os resultados da quarta rodada do Paulista Sub-14 estão passando pelo seu feed!
#PaulistaSub14",,0,"05/17/2026 15:03",N/A,https://www.facebook.com/copinha/posts/pfbid02zzwBPkGedGoobC6aPyCVVN9WatefuYB7q8SPdZ3aL9mEBQjivsPG8skywaM7xxHVl,0,0,Fotos,,,,,Total,1918,1136,15,12,1,2,134,29,105,,,,,,,,,,
1278648411095463,100068509496158,Copinha,"Vem ver como foram os jogos da quarta rodada do Paulista Sub-15!
#PaulistaSub15",,0,"05/17/2026 15:03",N/A,https://www.facebook.com/copinha/posts/pfbid0KYL4F6apzA3CvfdL9pH7dGmsEyciEfDeYsBWGLCkw8LQhfzUcVExqApvBVpQUMV5l,0,0,Fotos,,,,,Total,2503,1526,20,15,1,4,160,38,122,,,,,,,,,,
1278647974428840,100068509496158,Copinha,"Fim de semana movimentado no Paulista Sub-17!
#PaulistaSub17",,0,"05/17/2026 15:02",N/A,https://www.facebook.com/copinha/posts/pfbid0ArsTWoFoCnSnqui5aHgkVBpj1bdNrwzLqevsTPLdrVVMkxeZkNBcFUffHspd1rmRl,0,0,Fotos,,,,,Total,1672,1053,13,10,0,3,86,9,77,,,,,,,,,,
1277462821214022,100068509496158,Copinha,"SUB-13 E SUB-14 A TODO VAPOR!
A 4ª rodada do #PaulistaSub13 e do #PaulistaSub14  vai acontecer nesse fim de semana!",,0,"05/16/2026 05:00",N/A,https://www.facebook.com/copinha/posts/pfbid02f6aq9YiqmDKPNuE3kZ8yfCpyN4PWuVzVQmcQEac41KLGxBsQeC4ksFKeXccQgTWEl,0,0,Fotos,,,,,Total,2513,1656,24,18,1,5,74,13,61,,,,,,,,,,
1277426707884300,100068509496158,Copinha,"QUINTA RODADA NA ÁREA!
Esses serão os confrontos do Paulista Sub-11 e Paulista Sub-12 desse fim de semana!
#PaulistaSub11 #PaulistaSub12",,0,"05/16/2026 04:00",N/A,https://www.facebook.com/copinha/posts/pfbid02E7NBL9PYJJPHfzstL6PUurrmQjYL97S3FbrTPYN64q7F4VrrBtuVh586CpPUpqBrl,0,0,Fotos,,,,,Total,3021,2051,21,14,2,5,94,16,78,,,,,,,,,,
1277390811221223,100068509496158,Copinha,"SUB-15 E SUB-17 NA ÁREA!
Se liga nos confrontos da 4ª rodada do #PaulistaSub15 e do #PaulistaSub17 que vão rolar nesse fim de semana!",,0,"05/16/2026 03:00",N/A,https://www.facebook.com/copinha/posts/pfbid02GGxWzSyTmBoUG2QYhqmkxjVEpqyQMJqUMCfNZVufcKfSN43NhYau2miK66P5Yii8l,0,0,Fotos,,,,,Total,2887,1875,22,14,2,6,109,27,82,,,,,,,,,,
1272889308338040,100068509496158,Copinha,"Se liga como terminaram as partidas do Paulista Sub-12!
#PaulistaSub12",,0,"05/10/2026 16:17",N/A,https://www.facebook.com/copinha/posts/pfbid02VgXu8D3hus9fAShKwr8odYYRbZA3qP9oj8t7TF8VqEFtx91pMRom5QrH3s6kkoKul,0,0,Fotos,,,,,Total,2859,1709,31,25,1,5,197,39,158,,,,,,,,,,
1272888591671445,100068509496158,Copinha,"Bora com os resultados da quarta rodada do Paulista Sub-11!
#PaulistaSub11",,0,"05/10/2026 16:16",N/A,https://www.facebook.com/copinha/posts/pfbid0Z8PX8K7SGDvW4nhHXFMtcrgYqAjJ1FUWGRw6PbiXeBUUgAwfJGx9kXYJMmZyeiZ4l,0,0,Fotos,,,,,Total,2967,1860,16,13,1,2,150,26,124,,,,,,,,,,
1272056301754674,100068509496158,Copinha,"Chegou a hora de conferir os placares da terceira rodada do Paulista Sub-17! 
#PaulistaSub17",,0,"05/09/2026 18:59",N/A,https://www.facebook.com/copinha/posts/pfbid0PcYspESFDG2BoJr2iJnfaJayjrgRxGGFNCyGjQykqKtQh22qPWjn1Dcci4qUgn58l,0,0,Fotos,,,,,Total,2515,1547,15,14,0,1,126,21,105,,,,,,,,,,
1272034931756811,100068509496158,Copinha,"Rodada completa no Paulista Sub-15!
#PaulistaSub1",,0,"05/09/2026 18:21",N/A,https://www.facebook.com/copinha/posts/pfbid02SjBZWDsKJVtnR5QzMGjYM9veCy7R7gnRbXszmYUZrgj3HKCPp7qZnYDGfjpTru1Xl,0,0,Fotos,,,,,Total,3712,2267,19,17,1,1,243,43,200,,,,,,,,,,
1271601378466833,100068509496158,Copinha,"PLAY NO PAULISTA SUB-12!
A 4ª rodada vem aí!
#PaulistaSub12",,0,"05/09/2026 05:30",N/A,https://www.facebook.com/copinha/posts/pfbid02BDBXp36ccEmCrBLTY5PQsJeK4AiG9XgYfP8rUM3pHYcU4iGNyPhPCS3bAm9DWnaBl,0,0,Fotos,,,,,Total,2295,1386,20,16,1,3,78,18,60,,,,,,,,,,
1271582818468689,100068509496158,Copinha,"Bora para a 4ª rodada do Paulista Sub-11!
Confira os confrontos e horários!
#PaulistaSub11",,0,"05/09/2026 05:00",N/A,https://www.facebook.com/copinha/posts/pfbid026pPuASwWZa7xnafy7E1HqmZy1rjncvA2BVeWkPBu9P1vyrHS6fyZDYK9hqPDReLSl,0,0,Fotos,,,,,Total,2772,1825,20,16,0,4,84,15,69,,,,,,,,,,
1271546078472363,100068509496158,Copinha,"VEM COM A GENTE!
Se liga nos confrontos da terceira rodada do Paulista Sub-17 que vão rolar na manhã desse sábado!
#PaulistaSub17",,0,"05/09/2026 04:00",N/A,https://www.facebook.com/copinha/posts/pfbid02sf8BqYZNuvRZBaspJVUbgRV2Fa3J4h5EdLsHCfXUBHWeWj5v3hD1x8CFZwftMTHfl,0,0,Fotos,,,,,Total,1760,1159,14,11,0,3,45,7,38,,,,,,,,,,
1271511081809196,100068509496158,Copinha,"Todos os jogos da terceira rodada do Paulista Sub-15 vão rolar hoje, às 9h! Para quem vai sua torcida?
#PaulistaSub15",,0,"05/09/2026 03:00",N/A,https://www.facebook.com/copinha/posts/pfbid02jVbBS1fhLyUDMod6jdtja8LTPLsXx2bp68A1rACZPTfz1NDKeR1zobNhhYspoJHxl,0,0,Fotos,,,,,Total,2664,1768,20,16,0,4,91,13,78,,,,,,,,,,
1270457098581261,100068509496158,Copinha,"O SONHO DO ACESSO COMEÇA AQUI!
Corre para futebolpaulista.com.br e confira a tabela de jogos do Paulista Sub-20 Série B!
#PaulistaSub20SérieB",,0,"05/07/2026 18:27",N/A,https://www.facebook.com/copinha/posts/pfbid0ccD6YqrwtZgsERVcPVSpbeJpzvXWwHhSH5PuoN1PddaNVFm8kHPeGwmLkhfaujGPl,0,0,Fotos,,,,,Total,7350,5237,48,46,0,2,100,30,68,2,,,,,,,,,
1270428811917423,100068509496158,Copinha,"TÁ NA ÁREA!
Se liga como vai ser a primeira rodada do Paulista Sub-20!
Acesse futebolpaulista.com.br e confira a tabela completa da primeira fase.
#PaulistaSub20",,0,"05/07/2026 17:28",N/A,https://www.facebook.com/copinha/posts/pfbid0hHNt44sM2eXPE193zWXwjr6141vSmgUToiKgCm4H733r6eEV6FmYGWPoHqxTPz3Gl,0,0,Fotos,,,,,Total,6683,4781,43,35,1,7,94,33,57,4,,,,,,,,,
1267226642237640,100068509496158,Copinha,"A segunda rodada do Paulista Sub-17 agitou o fim de semana da base! Vamos aos resultados. 
#PaulistaSub17",,0,"05/03/2026 14:31",N/A,https://www.facebook.com/copinha/posts/pfbid0H9CH7fQrQJN1z2fbFzv6xxCprjTmAXYdbDKZBzFEr1JvUW1fPA6yem1w3HPA2ssHl,0,0,Fotos,,,,,Total,2535,1524,21,16,1,4,143,21,122,,,,,,,,,,
1267225278904443,100068509496158,Copinha,"Vem ver como foi a rodada do Paulista Sub-13! 
#PaulistaSub13",,0,"05/03/2026 14:28",N/A,https://www.facebook.com/copinha/posts/pfbid0XpbbTfKqyMQLU38NVRunXCEfLRuLDjMTSiYZbuxciqpCi7uEkExP2Hnve7sZMw3jl,0,0,Fotos,,,,,Total,2486,1448,18,14,0,4,150,25,125,,,,,,,,,,
1267217548905216,100068509496158,Copinha,"Mais um dia de grandes jogos no Paulista Sub-14!
#PaulistaSub14",,0,"05/03/2026 14:11",N/A,https://www.facebook.com/copinha/posts/pfbid0nTNv42mM6kzuiKHaCBykDH9MGQFhZmExSEsriBLSWPFtut4P3fnW94puQYa2W6XNl,0,0,Fotos,,,,,Total,3066,1900,26,23,0,3,175,21,154,,,,,,,,,,
1267205045573133,100068509496158,Copinha,"Mais uma rodada do Paulista Sub-15 pra conta!
#PaulistaSub15",,0,"05/03/2026 13:45",N/A,https://www.facebook.com/copinha/posts/pfbid02Rdd69WFaq7RN8RZMMEq78KRcYeBs1QPedpbf32j1dLxaMkDQnKjcn9vDwyrZ9fJvl,0,0,Fotos,,,,,Total,3350,2011,20,18,0,2,247,41,206,,,,,,,,,,
1266844425609195,100068509496158,Copinha,"DOMINGOU COM SUB-14!
Bora para mais uma rodada de #PaulistaSub14!",,0,"05/03/2026 04:00",N/A,https://www.facebook.com/copinha/posts/pfbid0r27WGSqcfTzV2gEqzC8jxFPfsCi7Gh1FtRskt3hUNcWYGTnZs3biYT97NgUkeHyol,0,0,Fotos,,,,,Total,2966,2011,27,22,1,4,107,16,91,,,,,,,,,,
1266811875612450,100068509496158,Copinha,"BORA PARA A TERCEIRA RODADA!
Manhã de domingo cheia de jogos no Paulista Sub-13!
#PaulistaSub13",,0,"05/03/2026 03:00",N/A,https://www.facebook.com/copinha/posts/pfbid0areKybbeLrVA2bL3jdCnfCJwzW6xKAA3vFGwfuvUtAE182WcxxE77PT7EovvCHLZl,0,0,Fotos,,,,,Total,3906,2700,34,27,2,5,133,22,111,,,,,,,,,,
1266418075651830,100068509496158,Copinha,"OLÍMPICO!
Pega só esse golaço que o Luiz Otávio marcou na vitória de 3 a 1 do Desportivo Brasil pra cima do Ituano no Paulista Sub-15!
#PaulistaSub15","OLÍMPICO!
Pega só esse golaço que o Luiz Otávio marcou na vitória de 3 a 1 do Desportivo Brasil pra cima do Ituano no Paulista Sub-15!
#PaulistaSub15",26,"05/02/2026 14:47",auto,https://www.facebook.com/reel/1523531449489378/,0,0,Vídeos,,,,,Total,7934,7552,56,55,0,1,54,54,,,,,54063.597,7.453,0,0,0,,
1266049425688695,100068509496158,Copinha,"VEM COM A GENTE!
Bora para a segunda rodada do #PaulistaSub17!",,0,"05/02/2026 04:00",N/A,https://www.facebook.com/copinha/posts/pfbid025u6pMYdVWwGcrpQBNXxVjqNJgn96XE79j2z8ZPE5JrSaoJK1CECoGE1p3NAgRBZsl,0,0,Fotos,,,,,Total,5136,3386,42,36,2,4,219,42,177,,,,,,,,,,
1266015525692085,100068509496158,Copinha,"SEGUNDA RODADA NA ÁREA!
O Paulista Sub-15 já começou a todo vapor!
#PaulistaSub15",,0,"05/02/2026 03:00",N/A,https://www.facebook.com/copinha/posts/pfbid02Bs5VeMzQkZZNkzNsjn9R2xEXLpmgcLSZvqpWxmaL8fqNwjws674uGwNhUZmcuqx5l,0,0,Fotos,,,,,Total,3416,2328,22,17,1,4,118,19,99,,,,,,,,,,
1263953972564907,100068509496158,Copinha,"O APOKISMO CHEGOU AO PAULISTÃO!
Campeão Mundial pelo Brasil e treinador da @g3xfc na @kingsleague_br, @ale_apoka encara um novo desafio, agora a beira dos gramados: comandar o @ec3mileniooficial na disputa do Paulista Sub-17!
#PaulistaSub17",,0,"04/29/2026 12:56",N/A,https://www.facebook.com/copinha/posts/pfbid08w3E62mUiLqoWjsfeRWmAFNX7hjpQg9NZZXC6zSB8dVWZTJZu3JoxpPb1m51CMdPl,0,0,Fotos,,,,,Total,11062,8181,17,15,1,1,75,50,24,1,,,,,,,,,
1261555996138038,100068509496158,Copinha,"RESULTADOS NA TELA!
Se liga em como acabaram as partidas válidas pela terceira rodada do Paulista Sub-12!
#PaulistaSub12",,0,"04/26/2026 14:07",N/A,https://www.facebook.com/copinha/posts/pfbid02ecBwcrVSPFiCBgAf9J6zEdTcaq3LgTRQZwWsJo1vaZd5vYFHkMRaoGMu2N56vNoal,0,0,Fotos,,,,,Total,3723,2202,28,22,1,5,209,29,180,,,,,,,,,,
1261555679471403,100068509496158,Copinha,"RODADA CHEIA!
Hora de conferir o que rolou pela terceira rodada do Paulista Sub-11!
#PaulistaSub11",,0,"04/26/2026 14:06",N/A,https://www.facebook.com/copinha/posts/pfbid02vbvsykbzj14BhEynK1aN2MtfB5nyBW8SpqmU9N5E8aR2jj1CMNFV2PTvgQs7tEVfl,0,0,Fotos,,,,,Total,5366,3221,33,29,1,3,348,73,275,,,,,,,,,,
1260742629552708,100068509496158,Copinha,"OS RESULTADOS!
Bora conferir como terminaram os jogos deste sábado no Paulista Sub-17!
#PaulistaSub17

*A primeira rodada será complementada na próxima quinta-feira (30), com o duelo entre Portuguesa Santista e Jabaquara.",,0,"04/25/2026 14:21",N/A,https://www.facebook.com/copinha/posts/pfbid057EX3eYK2roVn5LBQVyVsdHVFBwK9PohkHKRsAb5SV5v46c76X9Rg9ELv8NmhExDl,0,0,Fotos,,,,,Total,3709,2030,30,28,1,1,245,40,205,,,,,,,,,,
1260741896219448,100068509496158,Copinha,"SABADÃO AGITADO!
O primeiro dia de Paulista Sub-15* está completo!
#PaulistaSub15

*A primeira rodada será complementada na próxima quinta-feira (30), com o duelo entre Portuguesa Santista e Jabaquara.",,0,"04/25/2026 14:20",N/A,https://www.facebook.com/copinha/posts/pfbid052knv6xT8bkqCo2EB5877JD4FAm5eYBxjDfhM8QNrYfUfqqXdqawEqRR8fF6kVspl,0,0,Fotos,,,,,Total,7126,4142,47,46,0,1,478,85,393,,,,,,,,,,
1260382792922025,100068509496158,Copinha,"FINAL DE SEMANA DE PAULISTA SUB-12!
#PaulistaSub12",,0,"04/25/2026 05:00",N/A,https://www.facebook.com/copinha/posts/pfbid02BsdAZNmHPnsWiuBxb5KzQyuakQh4KUPHrZNpYHuo2ZSnrWbLUQitwVvpbNuPtoAVl,0,0,Fotos,,,,,Total,3539,2216,26,22,0,4,115,26,89,,,,,,,,,,
1296404719319832,100068509496158,Copinha,"Foi assim que terminou a sexta rodada do Paulista Sub-2.
#PaulistaSub15",,0,"06/07/2026 14:31",N/A,https://www.facebook.com/copinha/posts/pfbid0pd5YE4pqpCAAh3C9gi5LiyqT3p2fDqZABee4WehJgGQXbpv9AEavpidwUeYchE36l,0,0,Fotos,,,,,Total,2199,1392,20,18,0,2,116,18,98,,,,,,,,,,
1188150150145290,100068509496158,Copinha,"UM PÉ LÁ, OUTRO CÁ!
Capitão do Cruzeiro na Copinha Sil, Luis Fernando falou sobre a experiência de jogar o profissional na disputa do Campeonato Mineiro e voltar para jogar a decisão deste domingo.
#CopinhaSil2026","UM PÉ LÁ, OUTRO CÁ!
Capitão do Cruzeiro na Copinha Sil, Luis Fernando falou sobre a experiência de jogar o profissional na disputa do Campeonato Mineiro e voltar para jogar a decisão deste domingo.
#CopinhaSil2026",33,"01/24/2026 08:50",N/A,https://www.facebook.com/reel/873879398843191/,0,0,Vídeos,,,,,Total,19207,18325,811,771,29,11,776,776,,,,,179241.673,10.291,0,0,0
1188116126815359,100068509496158,Copinha,"OS PROFESSORES CONHECEM! 🛤️🏆
Mairon César e Allan Barcelos já chegaram à final da #CopinhaSil anteriormente. Quem leva a melhor dessa vez?",,0,"01/24/2026 08:00",N/A,https://www.facebook.com/copinha/posts/pfbid0oRBgfbSBVuTgRUKJcSLqrEpgo9K6KUgsj8ucbNVoeC7ZMZKPo6g6xvwfGGWr738Xl,0,0,Fotos,,,,,Total,13811,9536,75,66,1,8,95,55,40,,,,,,,,
1260308809596090,100068509496158,Copinha,"CHEGOU O MOMENTO!
A primeira rodada do Paulista Sub-17 veio aí!
#PaulistaSub17",,0,"04/25/2026 03:00",N/A,https://www.facebook.com/copinha/posts/pfbid0wL5umyC4fdRQFvVvDJWWXWAHXvW7zfY9oSFZ9BjypBgVfieiSYRmV7MwELe8suysl,0,0,Fotos,,,,,Total,3670,2149,25,22,1,2,190,36,154,,,,,,,,
1260272009599770,100068509496158,Copinha,"VAI COMEÇAR!
Vem conferir a primeira rodada do #PaulistaSub15 🤩",,0,"04/25/2026 02:00",N/A,https://www.facebook.com/copinha/posts/pfbid02E79WZjszST56Lk3pidd5ELvN3kYJ8RbCjFeiiLcFoTZ41aLMcoT1SqMkKeQo6c61l,0,0,Fotos,,,,,Total,2330,1428,16,14,0,2,82,14,68,,,,,,,,
1255992523361052,100068509496158,Copinha,"Foi assim que terminou a segunda rodada do Paulista Sub-14!
#PaulistaSub14",,0,"04/19/2026 15:01",N/A,https://www.facebook.com/copinha/posts/pfbid02eFDn7wai8zjxUs4cNSvAYuCLExddZobTxu3FxSXCT3uq533VHxwMjSHfXefFooMSl,0,0,Fotos,,,,,Total,5129,3081,36,31,0,5,257,34,223,,,,,,,,
1255981306695507,100068509496158,Copinha,"Rodada cheia no Paulista Sub-13! 
#PaulistaSub13",,0,"04/19/2026 14:34",N/A,https://www.facebook.com/copinha/posts/pfbid0cmAXNhPZraDGENKq6xUebjoQihvGSXzkkEmZFvPwcEkcsx3DSK9QKXXKix3JSdwKl,0,0,Fotos,,,,,Total,4466,2609,25,20,1,4,196,39,157,,,,,,,,
1255574043402900,100068509496158,Copinha,"DOMINGÃO DE PAULISTA SUB-14!
#PaulistaSub14",,0,"04/19/2026 03:00",N/A,https://www.facebook.com/copinha/posts/pfbid0RoEXsKvp7tpf3kDU4Wyuxnws2qfy6i4wtEUkGubzewhGj4pGb2EhgtLcLcgHypd3l,0,0,Fotos,,,,,Total,5040,3345,37,29,0,8,156,24,132,,,,,,,,
1255543036739334,100068509496158,Copinha,"PLAY NA SEGUNDA RODADA DO PAULISTA SUB-13!
#PaulistaSub13",,0,"04/19/2026 02:00",N/A,https://www.facebook.com/copinha/posts/pfbid0XKSNFYp26c6HTDijQn4EFxkDQgyqXPyteMKYLsJ64dJAyb1AkW9RYez8gpv2dCrul,0,0,Fotos,,,,,Total,4533,2917,25,22,0,3,137,27,110,,,,,,,,
1254427453517559,100068509496158,Copinha,"TUDO DEFINIDO NO PAULISTA SUB-20 SÉRIE A! 🤩
Vem conferir como o campeonato vai ser disputado e como ficou a divisão dos grupos!
#PaulistaSub20",,0,"04/17/2026 13:37",N/A,https://www.facebook.com/copinha/posts/pfbid0r8mtcossJ59C3M58Duc9Dq2NUKCwU3cNzwkXXLpw7HEnQeSNC5h4Mt8v8zAGqpRtl,0,0,Fotos,,,,,Total,9691,5631,70,60,3,7,798,149,649,,,,,,,,
1251327050494266,100068509496158,Copinha,"COMIGO É NA BASE DO BEIJO!
Bora relembrar alguns beijos na taça dos atuais campeões da Copinha Sil 2026 💋
#CopinhaSil2026
📷 Rebeca Reis/Ag. Paulistão",,0,"04/13/2026 13:40",N/A,https://www.facebook.com/copinha/posts/pfbid0QVmcMHQYcesj6SbKn92JansP13xWrzmABtRphi7vqwvkmsHfJ7U6htRctfBTAJxQl,0,0,Fotos,,,,,Total,44192,31184,573,547,12,14,594,194,400,,,,,,,,
1250655953894709,100068509496158,Copinha,"Segunda rodada completa no Paulista Sub-11!
#PaulistaSub11",,0,"04/12/2026 16:28",N/A,https://www.facebook.com/copinha/posts/pfbid02tegJaMJcAd252soeMzsD5eZ2PAKh4ELGemoFEGFDEQcmJEsayTwazb9ytbNNqMiCl,0,0,Fotos,,,,,Total,7223,4399,40,35,0,5,402,76,326,,,,,,,,
1250648457228792,100068509496158,Copinha,"Se liga só no que rolou pela segunda rodada do Paulista Sub-12!
#PaulistaSub12",,0,"04/12/2026 16:11",N/A,https://www.facebook.com/copinha/posts/pfbid02DYpcgz7oV1bSdJPci7sAYbxe3vafztUnSUDBdPhEa4pnfX7VhRdiypaamHEkDJnEl,0,0,Fotos,,,,,Total,3059,1953,17,13,0,4,102,8,94,,,,,,,,
1249578587335779,100068509496158,Copinha,"FIM DE SEMANA CHEIO DE SUB-12!
Confira os horários dos confrontos da segunda rodada do #PaulistaSub12!",,0,"04/11/2026 06:24",N/A,https://www.facebook.com/copinha/posts/pfbid0K58qvdewpmFJ5zNa5AJ4xxYWxj27Nf8pjSrmZA7pMuh3duKnkJq2oALET8twWX3tl,0,0,Fotos,,,,,Total,3672,2357,28,24,1,3,109,25,84,,,,,,,,
1249576367336001,100068509496158,Copinha,"BORA PARA A SEGUNDA RODADA!
Vem ver quais são os jogos desse final de semana do Paulista Sub-11!
#PaulistaSub11",,0,"04/11/2026 06:21",N/A,https://www.facebook.com/copinha/posts/pfbid0BHzKZQqxj6js2Gnm15e1XhgMm58KLLBvDr7hfpZJG5jABHvKJvo3ugDSsSdcTzx1l,0,0,Fotos,,,,,Total,5097,3197,31,26,0,5,182,30,152,,,,,,,,
1245412867752351,100068509496158,Copinha,"A primeira rodada do Paulista Sub-14 chegou ao fim! Vamos aos placares.
#PaulistaSub14",,0,"04/05/2026 14:18",N/A,https://www.facebook.com/copinha/posts/pfbid035nYgUvokYVQ4quxVrjw2jfvpoy3jZ1VspCpVdxjAoSbbE8MbPNsrk3nFSSLUYcdZl,0,0,Fotos,,,,,Total,5670,3314,27,24,1,2,309,39,270,,,,,,,,
1245394927754145,100068509496158,Copinha,"Chegou a hora de conferir os resultados da primeira rodada do Paulista Sub-13!
#PaulistaSub13",,0,"04/05/2026 13:37",N/A,https://www.facebook.com/copinha/posts/pfbid0JXgbgGHrTGjS7AWwnuVXYhT8PoMaiptTazSNiSqtNeJ8PuvnVwoFC2hfcs3iFcJ4l,0,0,Fotos,,,,,Total,4827,2827,37,35,0,2,311,46,265,,,,,,,,
1244282054532099,100068509496158,Copinha,"VAI COMEÇAR!
Se liga nos jogos da primeira rodada do Paulista Sub-14.
#PaulistaSub14",,0,"04/04/2026 04:26",N/A,https://www.facebook.com/copinha/posts/pfbid02sQGjmyv2f4t36rCKrVtnC67Zsxa3DWHHWap1UizfNWDpt8pPb7i1gxUA4stocTm9l,0,0,Fotos,,,,,Total,4154,2685,32,26,2,4,146,35,111,,,,,,,,
1244281641198807,100068509496158,Copinha,"DANDO A LARGADA NO SUB-13! 🏁
A primeira rodada do #PaulistaSub13 vai rolar nesse fim de semana!",,0,"04/04/2026 04:25",N/A,https://www.facebook.com/copinha/posts/pfbid02VVPqWmho4PuuKfwaUaps8EtHLxAnPVzMo6JAFSYZ6HLtFLmXhnsuuQ4R6MNCfoiel,0,0,Fotos,,,,,Total,2346,1539,13,11,1,1,67,16,51,,,,,,,,
1239985348295103,100068509496158,Copinha,"A PRIMEIRA JÁ FOI!
Quer saber o que rolou pelo Paulista Sub-12 neste fim de semana? Então se liga só!
#PaulistasEmCampo",,0,"03/29/2026 15:39",N/A,https://www.facebook.com/copinha/posts/pfbid02aALxFbCeLpvjtQCkkkZTAK3Ai21YSLg6vv9akMwGJUUNh4gXFPiUvvThmq3pfyq4l,0,0,Fotos,,,,,Total,6887,4532,38,34,2,2,364,60,304,,,,,,,,
1239930588300579,100068509496158,Copinha,"COMEÇAMOS COM TUDO!
Se liga só no que rolou pela primeira rodada do Paulista Sub-11!
#PaulistaSub11",,0,"03/29/2026 13:34",N/A,https://www.facebook.com/copinha/posts/pfbid02kVMwVzHNcP1Sw1SUkR11JZ5VEBAjAyabtwMPQ41q3as1j25whuvg8y9Bj37Sp5UYl,0,0,Fotos,,,,,Total,13151,8127,63,57,2,4,924,146,778,,,,,,,,
1239093135050991,100068509496158,Copinha,"A BASE VEM COMO?!
O @abraaooficial_010 lançou o corte do Ronaldo na Copa de 2002 para a estreia do Olimpia no Paulista Sub-12! Tá aprovado a estileira?
#PaulistaSub12
📷Marcelo Chagas",,0,"03/28/2026 12:47",N/A,https://www.facebook.com/copinha/posts/pfbid02HoRD4cJujxoCQhjQ8kSrVcS3nEvZBwC3TMBJi3WLDgVqbNhXtkmLvyFDrYiPHLr8l,0,0,Fotos,,,,,Total,30206,20207,148,144,4,0,523,269,254,,,,,,,,
1238869335073371,100068509496158,Copinha,"PRIMEIRA RODADA NA ÁREA!
Vem conferir os horários dos confrontos desse fim de semana no Paulista Sub-12!
#PaulistaSub12",,0,"03/28/2026 06:43",N/A,https://www.facebook.com/copinha/posts/pfbid02wZQeSi1WLMsPQTaWCx5wFYtANoZBxTFC5Rkf1QqYEnL9k8FnrrV5Uwxpjb3F2faJl,0,0,Fotos,,,,,Total,6417,4061,41,34,1,6,247,44,203,,,,,,,,
1238868831740088,100068509496158,Copinha,"VAI COMEÇAR O PAULISTA SUB-11!
Fim de semana cheio de jogos da primeira rodada do #PaulistaSub11!",,0,"03/28/2026 06:43",N/A,https://www.facebook.com/copinha/posts/pfbid0zfAkaHZc2U78isN2UfBYd5CwCZ2A9tVPLCMLFduWdBDhExQi6eTeCgKXWkAbp5Pfl,0,0,Fotos,,,,,Total,4394,2997,20,17,0,3,109,18,91,,,,,,,,
1226188769674761,100068509496158,Copinha,"TUDO PRONTO PARA OS PAULISTAS SUB-15 E SUB-17!
Os detalhes das competições foram definidos em reunião virtual do Conselho Técnico na tarde desta quinta-feira (12). Saiba mais em futebolpaulista.com.br! 
#PaulistaSub15 #PaulistaSub17",,0,"03/12/2026 14:04",N/A,https://www.facebook.com/copinha/posts/pfbid0mitthxXv8HHUk9MBDs4wG3mFx5UFpLpibjXPwN8KgsrkNY5J4JAyWpHoqYkBoYbLl,0,0,Fotos,,,,,Total,3734,2474,26,25,0,1,38,19,18,1,1,1,,,,,
1220413956918909,100068509496158,Copinha,"SOSA 🤝🏻 FLACO! 💚
Que lindo domínio do paraguaio, e que bela finalização do argentino, para abrir o placar e colocar o Palmeiras na frente.

#PaulistãoCasasBahia #Betano","SOSA 🤝🏻 FLACO! 💚
Que lindo domínio do paraguaio, e que bela finalização do argentino, para abrir o placar e colocar o Palmeiras na frente.

#PaulistãoCasasBahia #Betano",67,"03/04/2026 15:53",N/A,https://www.facebook.com/reel/877013035334564/,0,0,Vídeos,,,,,Total,13740,13154,379,358,5,16,315,315,,,,,150093.154,11.534,0,0,0
1216467693980202,100068509496158,Copinha,"AS NOVIDADES NA BASE PAULISTA!
Se liga nos benefícios e mudanças do Paulista Sub-11 ao Sub-14!
#FPF",,0,"02/27/2026 12:55",N/A,https://www.facebook.com/copinha/posts/pfbid02HzZGg3epbZoEkictjDBBNQvRFrUFbYeJkmGs8jJw3F2wxav19iSSCZgwa6LVg6Wvl,0,0,Fotos,,,,,Total,6135,3764,54,46,2,6,261,57,204,,,,,,,,
1216464597313845,100068509496158,Copinha,"TUDO DEFINIDO!
O Paulista Sub-13 e o Paulista Sub-14 serão disputados entre 5 de abril e 6 de dezembro. Vem conferir os detalhes das competições! Saiba mais em futebolpaulista.com.br
#PaulistaSub13 #PaulistaSub14",,0,"02/27/2026 12:50",N/A,https://www.facebook.com/copinha/posts/pfbid02bpfgT7EmL1esaG6CiFCbdU9U7uu1PEXZqnHnr5xPfs3c5egaV7VyXbCAFvqNM2EMl,0,0,Fotos,,,,,Total,2371,1569,14,12,0,2,19,10,9,,,,,,,,
1214562664170705,100068509496158,Copinha,"A Copinha Sil é talento!😍
#CopinhaSil","A Copinha Sil é talento!😍
#CopinhaSil",13,"02/25/2026 06:00",N/A,https://www.facebook.com/reel/772432632156615/,0,0,Vídeos,,,,,Total,41966,31941,711,705,2,4,208,208,,,,,244555.124,8.024,0,0,0
1214020637558241,100068509496158,Copinha,"E essa caneta, hein?!🖊️
Ah, que saudade da Copinha Sil!
#CopinhaSil","E essa caneta, hein?!🖊️
Ah, que saudade da Copinha Sil!
#CopinhaSil",9,"02/24/2026 14:00",N/A,https://www.facebook.com/reel/1259623419429720/,0,0,Vídeos,,,,,Total,32661,24247,117,114,0,3,176,176,,,,,139520.304,5.813,0,0,0
1213793307580974,100068509496158,Copinha,"A reunião do Conselho Técnico do Campeonato Paulista Sub-11 e Sub-12 de 2026 aconteceu de forma virtual na manhã desta terça-feira (24). Nela, foram definidos os detalhes da disputa que terá 75 equipes, início em março e final em dezembro, totalizando 24 datas, respeitando recesso das férias escolares em julho. Saiba mais em futebolpaulista.com.br!
#PaulistaSub11 #PaulistaSub12",,0,"02/24/2026 08:04",N/A,https://www.facebook.com/copinha/posts/pfbid0RLhKr5XaXLLQKEU3vS3a7suQU7AzwYCzdVdtUKeF1fUdjTrSPPrrx48a3DsAJmAol,0,0,Fotos,,,,,Total,2237,1593,14,13,0,1,23,13,10,,1,,,,,,
1196197276007244,100068509496158,Copinha,"A COPINHA SIL DE MILHÕES!
A maior competição de base do mundo fez história em 2026!
#CopinhaSil2026",,0,"02/03/2026 08:00",N/A,https://www.facebook.com/copinha/posts/pfbid02LgHqzHYYHm5BBGw7t4LbUBqhJq47oGguHiqCkdnaLRzoFEpXZRtfihdZ5DXNSkMGl,0,0,Fotos,,,,,Total,3411,2258,31,28,1,2,8,6,2,,2,,,,,,
1195590766067895,100068509496158,Copinha,"A COPINHA SIL DE MILHÕES!
A maior competição de base do mundo fez história em 2026!
#CopinhaSil2026",,0,"02/02/2026 13:50",N/A,https://www.facebook.com/copinha/posts/pfbid0Q3n5F3nBfTgWjekNXqixP8wxMUbgt1P1PKxgz5q4riUZ6EsCS82mvpVJBx5GQDsvl,0,0,Fotos,,,,,Total,2739,1746,17,16,0,1,45,7,38,,1,1,,,,,
1195576719402633,100068509496158,Copinha,"NA COLA DELES! 📸
Acompanhamos de pertinho o trabalho dos fotógafos da Federação Paulista de Futebol - FPF durante a final da Copinha Sil 2026! Vem conferir! 🤩

Lembrando as vagas estão ABERTAS para a 1ª edição do nosso Worskshop de Fotografia 📸

🔗 Inscreva-se: bit.ly/3M6rcOA

#FPFAcademia #Workshop #Fotografia","NA COLA DELES! 📸
Acompanhamos de pertinho o trabalho dos fotógafos da @[100064588783898:2048:Federação Paulista de Futebol - FPF] durante a final da @[100068509496158:2048:Copinha] Sil 2026! Vem conferir! 🤩

Lembrando as vagas estão ABERTAS para a 1ª edição do nosso Worskshop de Fotografia 📸

🔗 Inscreva-se: bit.ly/3M6rcOA

#FPFAcademia #Workshop #Fotografia",121,"02/02/2026 13:15",N/A,https://www.facebook.com/reel/1395152821658121/,0,0,Vídeos,,,,,Total,1075,1034,18,16,0,2,1,1,,,,,6874.867,6.82,0,0,0
1193352649625040,100068509496158,Copinha,"A COPINHA SIL 2026 FOI DEMAIS!
A maior competição de base do mundo ultrapassou 230 milhões de visualizações nas transmissões e teve crescimento de 40% em 2026!
#CopinhaSil2026",,0,"01/30/2026 13:12",N/A,https://www.facebook.com/copinha/posts/pfbid0NTVgmo2dBzzWJ7jEouqTDn8Lw4ZN4SRL11N7jsyU62ci1bTdG4JayxkZEX4afCfGl,0,0,Fotos,,,,,Total,9587,6443,329,310,12,7,117,97,20,,,,,,,,
1191720043121634,100068509496158,Copinha,"O LUCAS PAQUETÁ VOLTOU!
TEM CAMPEÃO DA COPINHA SIL DE VOLTA AO FUTEBOL BRASILEIRO!
#CopinhaSil #LucasPaquetá","O LUCAS PAQUETÁ VOLTOU!
TEM CAMPEÃO DA COPINHA SIL DE VOLTA AO FUTEBOL BRASILEIRO!
#CopinhaSil #LucasPaquetá",14,"01/28/2026 14:08",mixed,https://www.facebook.com/reel/1175065111485595/,0,0,Vídeos,,,,,Total,63081,48738,322,312,7,3,710,710,,,,,432405.702,9.091,0,0,0
1191686233125015,100068509496158,Copinha,"JUNTA PARA A FOTO SÓ QUEM É CAMPEÃO DA COPINHA SIL! 🤳📸✨🏆
#CopinhaSil2026
📷Rebeca Reis/Ag.Paulistão",,0,"01/28/2026 13:00",N/A,https://www.facebook.com/copinha/posts/pfbid08NAfJGER7VVoDK8fFXjdWfVxrp8ydHtaXCG6SiDuwo8fABjGkLK8g2GueN2z87Ljl,0,0,Fotos,,,,,Total,30875,22801,715,692,16,7,327,100,227,,1,1,,,,,
1191588033134835,100068509496158,Copinha,"OS DONOS DOS GOLS DO TÍTULO DA RAPOSA! 🦊⚽🌟
Guatavinho e William Fernando marcaram na final da Copinha Sil e garantiram o troféu para o Cruzeiro!
#CopinhaSil2026 
📷Rebeca Reis/Ag.Paulistão",,0,"01/28/2026 10:00",N/A,https://www.facebook.com/copinha/posts/pfbid0FjPzq6kktubAJXz6mPBeTxAtZRpa2PXN5XkfSg8ceKUBxsz2FKE1jowZqimHTab4l,0,0,Fotos,,,,,Total,15229,11198,317,308,6,3,146,56,90,,1,,,,,,
1191426306484341,100068509496158,Copinha,"UM MILAGRE DE VITOR LAMOUNIER NA DECISÃO DA COPINHA SIL!
#CopinhaSil2026","UM MILAGRE DE VITOR LAMOUNIER NA DECISÃO DA COPINHA SIL!
#CopinhaSil2026",28,"01/28/2026 06:00",N/A,https://www.facebook.com/reel/1245392647514899/,0,0,Vídeos,,,,,Total,483033,381358,9681,9260,228,193,7576,7575,,1,,,6520595.891,17.173,0,10,1
1190904889869816,100068509496158,Copinha,"NA COLA DELES! 📸
Acompanhamos de pertinho o trabalho dos fotógafos da @fpf_oficial durante a final da @copinha Sil 2026! Vem conferir! 🤩

🔗 Lembrando as vagas estão ABERTAS para a 1ª edição do Worskshop de Fotografia. Inscreva-se pelo link da bio da @fpfacademia e venha aprender com a gente ✅

#FPFAcademia #Workshop #Fotografia #CopinhaSil #FPF","NA COLA DELES! 📸
Acompanhamos de pertinho o trabalho dos fotógafos da @fpf_oficial durante a final da @copinha Sil 2026! Vem conferir! 🤩

🔗 Lembrando as vagas estão ABERTAS para a 1ª edição do Worskshop de Fotografia. Inscreva-se pelo link da bio da @fpfacademia e venha aprender com a gente ✅

#FPFAcademia #Workshop #Fotografia #CopinhaSil #FPF",121,"01/27/2026 15:00",N/A,https://www.facebook.com/reel/4457911617764979/,1,0,Vídeos,,,,,Total,2740,2859,36,34,0,2,12,12,,,,,19384.36,7.325,0,0,0
1190904803203158,100068509496158,Copinha,"O PROFESSOR CAMPEÃO! 🏆✨
@maironcesarmoreira ajudou o Cruzeiro a conquistar sua segunda taça da @copinha! 
#CopinhaSil2026
📷Rebeca Reis/Ag.Paulistão",,0,"01/27/2026 15:00",N/A,https://www.facebook.com/copinha/posts/pfbid0jfkJ4r7oGsfqaTRWYJEikGW3iNqPVjQ7h4Hpvw7eTz8bejq3XFFsJwG4X7oTi9P6l,0,0,Fotos,,,,,Total,42816,30290,1005,945,45,15,520,259,261,,1,,,,,,
1190876296539342,100068509496158,Copinha,"O CRIA DA COPINHA SIL 2026! 🏆🌟
O @26lfernando foi capitão do Cruzeiro na conquista do título e ainda saiu com mais um troféu na conta! 
#CopinhaSil2026 
📷Rebeca Reis/Ag.Paulistão",,0,"01/27/2026 14:00",N/A,https://www.facebook.com/copinha/posts/pfbid0Kaqk3kweLfAS7K18Fne92DHY1c1Tgu5MS4FCRYidp5sue4yrX1mTZZ9N5GpAXYJZl,0,0,Fotos,,,,,Total,68097,48711,866,835,20,11,985,390,595,,3,,,,,,
1190848593208779,100068509496158,Copinha,"CRUZEIRO🏆🏆
Os campeões com a taça do Maior Campeonato de Base do Mundo!
#CopinhaSil #Cruzeiro
📷Rebeca Reis/Ag. Paulistão",,0,"01/27/2026 13:00",N/A,https://www.facebook.com/copinha/posts/pfbid024D2hAKEn139G5fWVh8h4UeqprfH1Rxfgjs5FtTdXeHHsCUzi757LGhn3vjbbTaGTl,0,0,Fotos,,,,,Total,81374,56370,1615,1519,37,59,2283,691,1592,,1,1,,,,,
1190784723215166,100068509496158,Copinha,"O CAOS QUE A GENTE GOSTA! 🤪🏆🌟
O Cruzeiro fez a festa no vestiário depois da vitória na final da Copinha Sil 2026 e a @rebecareisfoto registrou tudo!
#CopinhaSil2026 #POV","O CAOS QUE A GENTE GOSTA! 🤪🏆🌟
O Cruzeiro fez a festa no vestiário depois da vitória na final da Copinha Sil 2026 e a @rebecareisfoto registrou tudo!
#CopinhaSil2026 #POV",70,"01/27/2026 10:56",mixed,https://www.facebook.com/reel/4071329756510757/,1,0,Vídeos,,,,,Total,3651,3840,89,87,0,2,44,44,,,,,21086.44,6.017,0,0,0
1190753853218253,100068509496158,Copinha,"EITA! Olha onde passou essa bola na final da Copinha Sil 😯😯
#CopinhaSil2026","EITA! Olha onde passou essa bola na final da Copinha Sil 😯😯
#CopinhaSil2026",16,"01/27/2026 10:01",N/A,https://www.facebook.com/reel/869072749250637/,0,0,Vídeos,,,,,Total,219253,177568,1529,1493,26,10,3297,3294,,3,,,1522048.769,9.12,0,0,0
1190005403293098,100068509496158,Copinha,"NOVE JOGOS 🤝 NOVE VITÓRIAS! 🦊🏆
Que campanha das Crias da Toca na Copinha Sil 2026, hein? 
#CopinhaSil",,0,"01/26/2026 12:10",N/A,https://www.facebook.com/copinha/posts/pfbid0M51PeRniyyNASyutH9DiYBwSD38ywFUy3nR8GFCcxZ2BqouAJ3WyHcAmBjSvN7H1l,0,0,Fotos,,,,,Total,101702,64006,2266,2039,157,70,2101,1381,720,,5,,,,,,
1189778659982439,100068509496158,Copinha,"AS FOTOS DOS CRIAS DA TOCA! 📸😚🏆
Se liga nos bastidores do ensaio fotográfico dos campeões da Copinha Sil 2026! 
#CopinhaSil","AS FOTOS DOS CRIAS DA TOCA! 📸😚🏆
Se liga nos bastidores do ensaio fotográfico dos campeões da Copinha Sil 2026! 
#CopinhaSil",52,"01/26/2026 06:14",uploaded,https://www.facebook.com/reel/877543784883766/,1,0,Vídeos,,,,,Total,12725,12486,679,651,14,14,175,175,,,,,107630.131,9.192,0,0,0
1189241003369538,100068509496158,Copinha,"O TRADICIONAL BANHO DE GELO NO PROFESSOR! 🦊🧊
Não tem como escapar: ganhou a taça, o banho de gelo vem junto! 
#CopinhaSil2026 #Cruzeiro","O TRADICIONAL BANHO DE GELO NO PROFESSOR! 🦊🧊
Não tem como escapar: ganhou a taça, o banho de gelo vem junto! 
#CopinhaSil2026 #Cruzeiro",46,"01/25/2026 15:38",N/A,https://www.facebook.com/reel/25579404188377321/,1,0,Vídeos,,,,,Total,10568,10231,244,238,4,2,174,174,,,,,119044.164,12.299,0,0,0
1189198986707073,100068509496158,Copinha,"🎤🏆 Você é o capitão do Cruzeiro na comemoração do título da Copinha Sil!
#CopinhaSil2026","🎤🏆 Você é o capitão do Cruzeiro na comemoração do título da Copinha Sil!
#CopinhaSil2026",84,"01/25/2026 14:09",N/A,https://www.facebook.com/reel/857528533783978/,1,0,Vídeos,,,,,Total,30313,26315,1553,1476,28,49,497,497,,,,,605036.319,22.401,0,0,0
1189191080041197,100068509496158,Copinha,"🕶️🏆 Se é campeão, tem que usar o óculos da Copinha Sil! 
#CopinhaSil2026","🕶️🏆 Se é campeão, tem que usar o óculos da Copinha Sil! 
#CopinhaSil2026",18,"01/25/2026 13:53",N/A,https://www.facebook.com/reel/1229999232567871/,1,0,Vídeos,,,,,Total,137815,102944,1577,1544,15,18,1176,1176,,,,,1166895.988,11.621,0,0,0
1189183870041918,100068509496158,Copinha,"FALA, CAMPEÃO! MAIRON CESAR COM A PALAVRA!
#CopinhaSil2026","FALA, CAMPEÃO! MAIRON CESAR COM A PALAVRA!
#CopinhaSil2026",39,"01/25/2026 13:40",N/A,https://www.facebook.com/reel/1401040564205428/,1,0,Vídeos,,,,,Total,27138,25759,1837,1735,74,28,942,942,,,,,283447.114,11.726,0,1.88,1
1189166646710307,100068509496158,Copinha,"NÃO PODIA FALTAR O BANHO DE GELO NO MAIRON CESAR, TÉCNICO CAMPEÃO DA COPINHA SIL 2026! 
#CopinhaSil2026","NÃO PODIA FALTAR O BANHO DE GELO NO MAIRON CESAR, TÉCNICO CAMPEÃO DA COPINHA SIL 2026! 
#CopinhaSil2026",14,"01/25/2026 13:07",N/A,https://www.facebook.com/reel/1416559510198750/,1,0,Vídeos,,,,,Total,106105,77397,1961,1905,31,25,662,662,,,,,758999.712,9.957,0,0,0
1189158936711078,100068509496158,Copinha,"Festa com a Nação Azul! 
#CopinhaSil2026","Festa com a Nação Azul! 
#CopinhaSil2026",19,"01/25/2026 12:54",N/A,https://www.facebook.com/reel/4395719407413540/,1,0,Vídeos,,,,,Total,6654,6856,414,402,2,10,64,64,,,,,27894.605,4.609,0,0,0
1189156953377943,100068509496158,Copinha,"Hora da foto dos campeões! 
#CopinhaSil2026","Hora da foto dos campeões! 
#CopinhaSil2026",14,"01/25/2026 12:51",N/A,https://www.facebook.com/reel/1418288553230731/,1,0,Vídeos,,,,,Total,20351,20069,1490,1423,25,42,311,311,,,,,86059.629,4.852,0,0,0
1189154690044836,100068509496158,Copinha,"FERNANDO: O CRIA DA COPINHA SIL 2026! 
#CopinhaSil2026","FERNANDO: O CRIA DA COPINHA SIL 2026! 
#CopinhaSil2026",18,"01/25/2026 12:47",N/A,https://www.facebook.com/reel/1818281852214432/,1,0,Vídeos,,,,,Total,8234,8055,298,278,9,11,144,144,,,,,49462.806,6.742,0,0,0
1189147603378878,100068509496158,Copinha,"O Pedro Lourenço, presidente do Cruzeiro estava só alegria após o título da Copinha Sil 2026! 
#CopinhaSil2026","O Pedro Lourenço, presidente do Cruzeiro estava só alegria após o título da Copinha Sil 2026! 
#CopinhaSil2026",19,"01/25/2026 12:35",N/A,https://www.facebook.com/reel/1436747634514148/,1,0,Vídeos,,,,,Total,142291,107837,4775,4568,124,83,1628,1627,,1,,,1179044.842,11.244,0,0,0
1189141786712793,100068509496158,Copinha,"POR TODOS OS ÂNGULOS: O GOL DE WILLIAM, QUE ABRIU O CAMINHO PARA O TÍTULO DO CRUZEIRO! 
#CopinhaSil2026","POR TODOS OS ÂNGULOS: O GOL DE WILLIAM, QUE ABRIU O CAMINHO PARA O TÍTULO DO CRUZEIRO! 
#CopinhaSil2026",33,"01/25/2026 12:25",N/A,https://www.facebook.com/reel/861454233534682/,1,0,Vídeos,,,,,Total,12141,11208,461,446,6,9,189,189,,,,,131202.549,12.175,0,0,0
1189136403379998,100068509496158,Copinha,"O GOL DO TÍTULO DO CRUZEIRO NA COPINHA SIL 2026! GUSTAVINHO É O NOME DELE! 
#CopinhaSil2026","O GOL DO TÍTULO DO CRUZEIRO NA COPINHA SIL 2026! GUSTAVINHO É O NOME DELE! 
#CopinhaSil2026",39,"01/25/2026 12:16",N/A,https://www.facebook.com/reel/2010122292945644/,1,0,Vídeos,,,,,Total,110828,88891,4990,4660,109,221,961,961,,,,,1584370.548,17.694,0,0,0
1189126420047663,100068509496158,Copinha,"É A RAÇA CRUZEIRENSE! 
#CopinhaSil2026","É A RAÇA CRUZEIRENSE! 
#CopinhaSil2026",10,"01/25/2026 12:00",N/A,https://www.facebook.com/reel/838458789240064/,1,0,Vídeos,,,,,Total,7877,6690,276,269,6,1,104,104,,,,,34182.056,5.566,0,0,0
1189120760048229,100068509496158,Copinha,"O WILLIAM FOI NO TERCEIRO ANDAR PARA MARCAR O PRIMEIRO GOL DO CRUZEIRO NA FINAL DA COPINHA SIL! 
#CopinhaSil2026","O WILLIAM FOI NO TERCEIRO ANDAR PARA MARCAR O PRIMEIRO GOL DO CRUZEIRO NA FINAL DA COPINHA SIL! 
#CopinhaSil2026",15,"01/25/2026 11:51",N/A,https://www.facebook.com/reel/1404424714709032/,1,0,Vídeos,,,,,Total,29804,23033,784,766,6,12,162,162,,,,,219560.976,9.719,0,0,0
1189096956717276,100068509496158,Copinha,"DEIXA O CORPO BALANÇAR! 🕺🕺🕺
Se liga na festa dos campeões da Copinha Sil no vestiário! 
#CopinhaSil","DEIXA O CORPO BALANÇAR! 🕺🕺🕺
Se liga na festa dos campeões da Copinha Sil no vestiário! 
#CopinhaSil",29,"01/25/2026 11:15",N/A,https://www.facebook.com/reel/888951256964489/,1,0,Vídeos,,,,,Total,33415,30856,1310,1188,39,83,655,655,,,,,282724.698,9.807,0,0,0
1189094143384224,100068509496158,Copinha,"QUE FESTA! 
Torcida e jogadores comemoraram demais o título da Raposa!
#CopinhaSil2026","QUE FESTA! 
Torcida e jogadores comemoraram demais o título da Raposa!
#CopinhaSil2026",24,"01/25/2026 11:10",N/A,https://www.facebook.com/reel/1442836300694301/,1,0,Vídeos,,,,,Total,56218,49490,2689,2476,79,134,913,913,,,,,379744.355,7.791,0,1.88,1
1189089893384649,100068509496158,Copinha,"A EMOÇÃO DO APITO FINAL! 🦊
Aquele momento que todo o time do @cruzeirobase estava esperando!
#CopinhaSil2026","A EMOÇÃO DO APITO FINAL! 🦊
Aquele momento que todo o time do @cruzeirobase estava esperando!
#CopinhaSil2026",50,"01/25/2026 11:04",N/A,https://www.facebook.com/reel/1959398075011827/,1,0,Vídeos,,,,,Total,43315,39241,2657,2437,89,131,945,944,,1,,,503150.798,12.916,0,0,0
1189086710051634,100068509496158,Copinha,"A visão do presidente da FPF, Reinaldo Carneiro Bastos, premiando os campeões da #CopinhaSicredi2026 🏆🥰","A visão do presidente da FPF, Reinaldo Carneiro Bastos, premiando os campeões da #CopinhaSicredi2026 🏆🥰",52,"01/25/2026 11:00",N/A,https://www.facebook.com/reel/1648120696179009/,1,0,Vídeos,,,,,Total,10633,11354,335,321,7,7,341,341,,,,,125509.986,12.676,0,0,0
1189041290056176,100068509496158,Copinha,"🏆🏆
2007 🤝 2026
#CopinhaSil2026",,0,"01/25/2026 09:51",N/A,https://www.facebook.com/copinha/posts/pfbid04iByqeemJt1syHta5cewU8Xeh3UHQFLyUMRnyjiYBFf5FvJ4QR2SzdFVkzZTvMRsl,0,0,Fotos,,,,,Total,216824,151931,2278,2130,80,68,3122,1897,1225,,3,,,,,,
1189039786722993,100068509496158,Copinha,"ENTRANDO EM CAMPO COM O @niicopontes! 👀😮‍💨🦊
POV: Você é um jogador do @cruzeirobase no momento do apito final da decisão da #CopinhaSil2026!","ENTRANDO EM CAMPO COM O @niicopontes! 👀😮‍💨🦊
POV: Você é um jogador do @cruzeirobase no momento do apito final da decisão da #CopinhaSil2026!",178,"01/25/2026 09:49",N/A,https://www.facebook.com/reel/1612497603266104/,1,0,Vídeos,,,,,Total,4740,4913,165,159,2,4,79,77,,2,,,66580.156,14.921,0,0,0
1189036146723357,100068509496158,Copinha,"A emoção de Gustavinho, autor do gol do título do Cruzeiro, ao atravessar o campo de joelhos após o título do Cruzeiro.
#CopinhaSil2026 
📷Jhony Inácio/Ag. Paulistão",,0,"01/25/2026 09:43",N/A,https://www.facebook.com/copinha/posts/pfbid029fCAP3CKdcfLNPm3poFqeVPTyzpiHB7VRYr7KGE62Vg9tGAWCwg9Pxu8KFfWSPA2l,0,0,Fotos,,,,,Total,16926,12809,486,464,13,9,237,91,146,,1,,,,,,
1189025176724454,100068509496158,Copinha,"A FESTA DAS CRIAS! 🏆🦊
#CopinhaSil2026
📷Jhony Inácio/Ag. Paulistão",,0,"01/25/2026 09:26",N/A,https://www.facebook.com/copinha/posts/pfbid02NgbjEthRAUuduF9s4JKf5CVpEwnAFZZXneu35kfq3G82YY7SGGnB7gnhZQ4qB75ul,0,0,Fotos,,,,,Total,9516,6750,245,236,5,4,233,70,163,,1,,,,,,
1189023560057949,100068509496158,Copinha,"Deixa os campeões balançarem!!! 🤪🕺🏾🏆 #CopinhaSil","Deixa os campeões balançarem!!! 🤪🕺🏾🏆 #CopinhaSil",13,"01/25/2026 09:24",N/A,https://www.facebook.com/reel/1226415359413071/,1,0,Vídeos,,,,,Total,441039,311977,7036,6625,206,205,8659,8658,,1,,,2930229.595,9.653,0,0,1
1189023266724645,100068509496158,Copinha,"Não poderia faltar a festa com a torcida do Cabuloso, né?
#CopinhaSil2026
📷Jhony Inácio/Ag. Paulistão",,0,"01/25/2026 09:24",N/A,https://www.facebook.com/copinha/posts/pfbid02y6dem3zGyPtvJdueo9aHPs46EJvhdTSL3mThvP4Y9xtZN7Kvk3BKWqkDjj5keM2Fl,0,0,Fotos,,,,,Total,12734,9284,485,462,10,13,317,105,212,,,1,,,,,
1189020703391568,100068509496158,Copinha,"CRUZEIRO ESPORTE CLUBE!
Campeão da Copinha Sil 2026!
#CopinhaSil2026
📷Jhony Inácio/Ag. Paulistão",,0,"01/25/2026 09:21",N/A,https://www.facebook.com/copinha/posts/pfbid02k4nkNPU5jF3pnkVCum33RC1uWbbN1BRUXvs1887rtuE5CPPGKHuYx7Rtc3GwgPd2l,0,0,Fotos,,,,,Total,14166,10602,526,492,16,18,333,106,227,,,1,,,,,
1189014000058905,100068509496158,Copinha,"É DELE!
Luis Fernando foi o Cria da Copinha Sil 2026!
#CopinhaSil2026
📷Jhony Inácio/Ag. Paulistão",,0,"01/25/2026 09:12",N/A,https://www.facebook.com/copinha/posts/pfbid02TAX6KEy2gdYJYFDDitvK8w47pfU5538dpRbXDDVWmW98THrg7ebJ9vFBRqi8eySil,0,0,Fotos,,,,,Total,71368,48105,1618,1540,57,21,1252,847,405,,3,2,,,,,
1189012633392375,100068509496158,Copinha,"HERÓI CABULOSO!
Autor do gol do título, Gustavinho foi o Craque da Final da Copinha Sil 2026!
#CopinhaSil2026 
📷Jhony Inácio/Ag. Paulistão",,0,"01/25/2026 09:10",N/A,https://www.facebook.com/copinha/posts/pfbid0idTrCD9JesCw9joyvRsze9vXCKkXbGSB6LByNeuGWAKsAfNUsMypUVLiXb6WG5wKl,0,0,Fotos,,,,,Total,12775,9127,502,481,11,10,119,81,38,,,1,,,,,
1189004100059895,100068509496158,Copinha,"VOCÊ TÁ NA HISTÓRIA, PEOFESSOR!
@maironcesarmoreira conduziu o Cruzeiro ao bicampeonato da Copinha Sil!
#CopinhaSil2026","VOCÊ TÁ NA HISTÓRIA, PEOFESSOR!
@maironcesarmoreira conduziu o Cruzeiro ao bicampeonato da Copinha Sil!
#CopinhaSil2026",13,"01/25/2026 08:58",N/A,https://www.facebook.com/reel/1592525925499633/,1,0,Vídeos,,,,,Total,5059,4219,196,175,10,11,100,100,,,,,27341.876,7.034,0,0,0
1188996840060621,100068509496158,Copinha,"A COMEMORAÇÃO DO TÍTULO COM A TORCIDA! 🤩🏆 #CopinhaSil","A COMEMORAÇÃO DO TÍTULO COM A TORCIDA! 🤩🏆 #CopinhaSil",17,"01/25/2026 08:47",N/A,https://www.facebook.com/reel/1619419665882647/,1,0,Vídeos,,,,,Total,134449,121363,6804,6272,189,343,2274,2273,,1,,,705057.732,6.069,0,0,0
1188988890061416,100068509496158,Copinha,"É CAMPEÃO! 🏆✨🦊 @cruzeirobase 
#CopinhaSil2026 #Cruzeiro","É CAMPEÃO! 🏆✨🦊 @cruzeirobase 
#CopinhaSil2026 #Cruzeiro",41,"01/25/2026 08:35",N/A,https://www.facebook.com/reel/1496086444822903/,1,0,Vídeos,,,,,Total,75958,76859,2976,2617,176,183,2650,2647,,3,,,551926.405,7.717,0,0,0
1188988316728140,100068509496158,Copinha,"O cruzeirense mais fraco depois do título do Cabuloso na Copinha Sil! 🏆🤪
#CopinhaSil2026","O cruzeirense mais fraco depois do título do Cabuloso na Copinha Sil! 🏆🤪
#CopinhaSil2026",29,"01/25/2026 08:35",N/A,https://www.facebook.com/reel/1715553542754306/,0,0,Vídeos,,,,,Total,26772,25879,1296,1142,73,81,865,865,,,,,173016.995,7.231,0,0,0
1188984956728476,100068509496158,Copinha,"DUAS VEZES CRUZEIRO! 🏆🦊
O Cabuloso estou no grupo dos bicampeões da Copinha Sil!
#CopinhaSil2026",,0,"01/25/2026 08:30",N/A,https://www.facebook.com/copinha/posts/pfbid0YMBC5eHqknnmFMwAb91y9o2vwvZLeKETSrjRNPuvML7pU2HURP3KCX5VVmvaUDPjl,0,0,Fotos,,,,,Total,148657,103533,794,683,69,42,1756,1067,689,,1,,,,,,
1188983456728626,100068509496158,Copinha,"MAIS UMA TAÇA DESEMBARCOU EM MINAS GERAIS! 🔺
Com o título do Cruzeiro em 2026, Minas agora soma seis taças e se isola como terceiro estado mais vencedor da Copinha Sil!
#CopinhaSil2026",,0,"01/25/2026 08:28",N/A,https://www.facebook.com/copinha/posts/pfbid0TNkafAPx6QDYzJyKF2C93RxWW7yfDbugAHm46fewd8JG5q2EB3jACaydoDXSffnLl,0,0,Fotos,,,,,Total,115484,78084,629,541,61,27,2189,1649,540,,2,1,,,,,
1188979936728978,100068509496158,Copinha,"VAMOOOOOOO! 🗣️
Campeão, capitão do Cabuloso e Cria da Copinha Sil, @26lfernando! 
#CopinhaSil","VAMOOOOOOO! 🗣️
Campeão, capitão do Cabuloso e Cria da Copinha Sil, @26lfernando! 
#CopinhaSil",14,"01/25/2026 08:23",N/A,https://www.facebook.com/reel/947012047780077/,1,0,Vídeos,,,,,Total,25076,21148,1173,1136,18,19,354,353,,1,,,137361.576,7.026,0,0,0
1188977876729184,100068509496158,Copinha,"PREDESTINADO! ⭐️
Do banco de reservas ao gol do título! Gustavinho escreveu seu nome na história do Cruzeiro!
#CopinhaSil2026 
📷Rebeca Reis e Jhony Inácio/Ag. Paulistão",,0,"01/25/2026 08:20",N/A,https://www.facebook.com/copinha/posts/pfbid0yxm8NXx6NNZX1LquWLH7nW9JGmTcxKeSCHoXzh1k2ARSLBnR4tvcaTwjv2aG92VUl,0,0,Fotos,,,,,Total,21352,13987,677,639,25,13,795,213,582,,,,,,,,
1188976676729304,100068509496158,Copinha,"A festa das Crias da Toca depois do apito final! 🤩
#CopinhaSil","A festa das Crias da Toca depois do apito final! 🤩
#CopinhaSil",54,"01/25/2026 08:19",N/A,https://www.facebook.com/reel/763614232909423/,1,0,Vídeos,,,,,Total,4449,4704,116,113,1,2,75,75,,,,,28592.538,6.82,0,0,0
1188974810062824,100068509496158,Copinha,"TORCIDA & ELENCO SEMPRE JUNTOS! 🤝🔥
Pode comemorar, @cruzeirobase, a taça é de vocês! 
#CopinhaSil2026 #Cruzeiro","TORCIDA & ELENCO SEMPRE JUNTOS! 🤝🔥
Pode comemorar, @cruzeirobase, a taça é de vocês! 
#CopinhaSil2026 #Cruzeiro",35,"01/25/2026 08:16",N/A,https://www.facebook.com/reel/1272595218082549/,1,0,Vídeos,,,,,Total,97805,97271,4592,4144,221,227,3690,3687,,3,,,883205.743,9.692,0,0,0
1188973626729609,100068509496158,Copinha,"AS CRIAS DA TOCA ESTÃO NO TOPO DE NOVO!
O Cruzeiro é campeão da Copinha Sil 2026!
#CopinhaSil2026 
📷Rebeca Reis e Jhony Inácio/Ag. Paulistão",,0,"01/25/2026 08:14",N/A,https://www.facebook.com/copinha/posts/pfbid08R7fCVyELi4fqQcWBJwNksJgByQA7ZnPbcp265SP53kfEemsk3ymJ3pQsso71Rfnl,0,0,Fotos,,,,,Total,98070,68607,1884,1729,85,70,1706,669,1037,,2,,,,,,
1188972130063092,100068509496158,Copinha,"QUEM É O CAMPEÃO??? 🏆🏆 #CopinhaSil","QUEM É O CAMPEÃO??? 🏆🏆 #CopinhaSil",6,"01/25/2026 08:13",N/A,https://www.facebook.com/reel/1394561072715058/,1,0,Vídeos,,,,,Total,95009,57656,1942,1829,82,31,1001,1001,,,,,312384.029,5.704,0,0,0
1188966276730344,100068509496158,Copinha,"CRUZEIRO, CRUZEIRO QUERIDO! 🏆
BICAMPEÃO DA COPINHA SIL!
#CopinhaSil2026",,0,"01/25/2026 08:04",N/A,https://www.facebook.com/copinha/posts/pfbid02TfTekwyJhciTskVPc68j6RHXyQyrr6qfKiboR4LFjM88zNJ8tunpgTPKZNQ83WJCl,0,0,Fotos,,,,,Total,170892,119360,3709,3194,254,261,2689,1545,1144,,3,1,,,,,
1188956490064656,100068509496158,Copinha,"GUSTAVINHOOOOOOOO!
Ele é predestinado! Saiu do banco de reservas, soltou o pé e recolocou o Cruzeiro na frente do placar!
#CopinhaSil2026","GUSTAVINHOOOOOOOO!
Ele é predestinado! Saiu do banco de reservas, soltou o pé e recolocou o Cruzeiro na frente do placar!
#CopinhaSil2026",38,"01/25/2026 07:49",N/A,https://www.facebook.com/reel/1151081456913000/,0,0,Vídeos,,,,,Total,33697,30528,914,818,55,41,1239,1239,,,,,348707.2,11.694,0,0,0
1188954003398238,100068509496158,Copinha,"CRIAS DA TOCA NA FRENTE! 
O Gustavinho colocou o Cabuloso em vantagem de novo! 
#CopinhaSil","CRIAS DA TOCA NA FRENTE! 
O Gustavinho colocou o Cabuloso em vantagem de novo! 
#CopinhaSil",61,"01/25/2026 07:46",N/A,https://www.facebook.com/reel/1291359006373597/,1,0,Vídeos,,,,,Total,8469,8528,270,243,14,13,283,283,,,,,78998.026,10.112,0,0,0
1188925133401125,100068509496158,Copinha,"QUE PRIMEIRO TEMPO ABSURDO!
Gols dos dois lados, defesas impressionantes... Teve de tudo e mais um pouco!
#CopinhaSil2026
📷Rebeca Reis e Jhony Inácio/Ag. Paulistão",,0,"01/25/2026 07:04",N/A,https://www.facebook.com/copinha/posts/pfbid0YNNsHsbMy9xgiFnrmNu9VP2kgx1MbP9g6PhZg5mPtkvKcnK9EwUCqp3Xy4frzL2Ml,0,0,Fotos,,,,,Total,19708,14893,219,212,3,4,281,111,170,,3,,,,,,
1188921473401491,100068509496158,Copinha,"Isac fez a festa com a torcida Tricolor após o empate! 
#CopinhaSil2026","Isac fez a festa com a torcida Tricolor após o empate! 
#CopinhaSil2026",22,"01/25/2026 07:00",N/A,https://www.facebook.com/reel/1436338608226422/,1,0,Vídeos,,,,,Total,8784,8006,171,164,4,3,111,111,,,,,55984.233,7.546,0,0,0
1188919876734984,100068509496158,Copinha,"TÁ TUDO IGUAL!
Isac usa a cabeça e empata o jogo para o São Paulo!
#CopinhaSil2026","TÁ TUDO IGUAL!
Isac usa a cabeça e empata o jogo para o São Paulo!
#CopinhaSil2026",30,"01/25/2026 06:57",N/A,https://www.facebook.com/reel/1454946342935816/,0,0,Vídeos,,,,,Total,122835,105908,1057,998,44,15,1231,1231,,,,,1273940.921,12.424,0,0,0
1188918526735119,100068509496158,Copinha,"TORCIDA TRICOLOR EM FESTA NA MERCADO LIVRE ARENA PACAEMBU! 🇾🇪🔥😮‍💨
#CopinhaSil2026 #SãoPaulo","TORCIDA TRICOLOR EM FESTA NA MERCADO LIVRE ARENA PACAEMBU! 🇾🇪🔥😮‍💨
#CopinhaSil2026 #SãoPaulo",27,"01/25/2026 06:56",N/A,https://www.facebook.com/reel/1307885381172076/,1,0,Vídeos,,,,,Total,29653,28192,1313,1206,83,24,1383,1383,,,,,181100.628,6.879,0,0,0
1188918296735142,100068509496158,Copinha,"GOL NA SEMI 🤝 GOL NA FINAL
Isac deixou tudo igual na decisão! 
#CopinhaSil","GOL NA SEMI 🤝 GOL NA FINAL
Isac deixou tudo igual na decisão! 
#CopinhaSil",14,"01/25/2026 06:55",N/A,https://www.facebook.com/reel/2239485893209184/,1,0,Vídeos,,,,,Total,64248,48802,615,586,17,12,685,685,,,,,420995.278,8.941,0,0,0
1188918043401834,100068509496158,Copinha,"ELETRIZANTE!
Fim do primeiro tempo na Mercado Livre Arena Pacaembu e o placar marca um gol pra cada lado na final da Copinha Sil 2026!
#CopinhaSil2026 
📷Rebeca Reis e Jhony Inácio/Ag. Paulistão",,0,"01/25/2026 06:55",N/A,https://www.facebook.com/copinha/posts/pfbid0Tqcnq24WUK85mx9m7t8rzNyoRWHyc6a9ZjFUSnNeiP5DLNiqzhxS15BzJpQN1G1tl,0,0,Fotos,,,,,Total,23951,16962,220,202,13,5,435,215,220,,1,,,,,,
1188901360070169,100068509496158,Copinha,"É DO CABULOSO!
Tem gol na final da Copinha Sil! William apareceu por trás da zaga e colocou o Cruzeiro na frente do placar!
#CopinhaSil2026","É DO CABULOSO!
Tem gol na final da Copinha Sil! William apareceu por trás da zaga e colocou o Cruzeiro na frente do placar!
#CopinhaSil2026",23,"01/25/2026 06:31",N/A,https://www.facebook.com/reel/884343683973908/,0,0,Vídeos,,,,,Total,87011,69547,1428,1337,61,30,1447,1447,,,,,776914.781,11.259,0,0,0
1188895443404094,100068509496158,Copinha,"É DA RAPOSAAAAA! 🦊🔵
William abre o placar da final! #CopinhaSil","É DA RAPOSAAAAA! 🦊🔵
William abre o placar da final! #CopinhaSil",39,"01/25/2026 06:24",N/A,https://www.facebook.com/reel/865676579782555/,1,0,Vídeos,,,,,Total,5087,5390,151,144,1,6,108,108,,,,,34303.71,7.318,0,0,0
1188892780071027,100068509496158,Copinha,"É DA RAPOSAAAAA! 🦊🔵
William abre o placar da final! #CopinhaSil","É DA RAPOSAAAAA! 🦊🔵
William abre o placar da final! #CopinhaSil",39,"01/25/2026 06:20",N/A,https://www.facebook.com/reel/1947486796176632/,1,0,Vídeos,,,,,Total,11793,11136,429,393,13,23,475,475,,,,,93146.46,8.573,0,0,0
1188891876737784,100068509496158,Copinha,"AH EU TÔ MALUCO! 
A torcida do Cruzeiro fez a festa após o gol! 
#CopinhaSil2026","AH EU TÔ MALUCO! 
A torcida do Cruzeiro fez a festa após o gol! 
#CopinhaSil2026",13,"01/25/2026 06:19",N/A,https://www.facebook.com/reel/1433500795166076/,1,0,Vídeos,,,,,Total,77031,69112,3447,3178,111,158,1766,1765,,1,,,402951.184,6.495,0,0,0
1188876966739275,100068509496158,Copinha,"EQUIPES EM CAMPO! 🏟️
Vai começar a final da #CopinhaSil!","EQUIPES EM CAMPO! 🏟️
Vai começar a final da #CopinhaSil!",42,"01/25/2026 05:56",N/A,https://www.facebook.com/reel/1429849952099035/,1,0,Vídeos,,,,,Total,3779,3867,110,104,1,5,56,56,,,,,19306.392,5.498,0,0,0
1188875676739404,100068509496158,Copinha,"A VOZ DA COPINHA SIL 2026 NA ÁREA! 
@mcguiguijr cantou antes da decisão! 
#CopinhaSil2026","A VOZ DA COPINHA SIL 2026 NA ÁREA! 
@mcguiguijr cantou antes da decisão! 
#CopinhaSil2026",61,"01/25/2026 05:55",mixed,https://www.facebook.com/reel/1620597665598918/,1,0,Vídeos,,,,,Total,21144,21249,271,204,62,5,1701,1679,,22,,,219396.598,11.092,0,0,0
1188874753406163,100068509496158,Copinha,"COPO DO JOGO? TEMOS TAMBÉM!
A galera do Lounge da Final da Copinha Sil 2026 já está com o copo na mão! Não deixe de adquirir o seu 👀
#CopinhaSil2026",,0,"01/25/2026 05:53",N/A,https://www.facebook.com/copinha/posts/pfbid02osW91ynbxwgMHtnjYz3QjtaKJzH7ZP2ZsnUzHmT9xLFWCkEmSAfLMfQfrpVTAfGfl,0,0,Fotos,,,,,Total,10465,7141,56,50,4,2,140,63,77,,1,,,,,,
1188871860073119,100068509496158,Copinha,"TUDO PRONTO! 
O aquecimento já rolou por aqui! Bora para o jogo! 🫵🌟
#CopinhaSil","TUDO PRONTO! 
O aquecimento já rolou por aqui! Bora para o jogo! 🫵🌟
#CopinhaSil",19,"01/25/2026 05:49",N/A,https://www.facebook.com/reel/2118009912279002/,1,0,Vídeos,,,,,Total,3051,2929,69,63,0,6,15,15,,,,,12256.741,4.412,0,0,0
1188867920073513,100068509496158,Copinha,"PEGA O TUTORIAL! 🤪
Logo na entrada da Mercado Livre Arena Pacaembu já tem pessoas posicionadas pra vender nosso copo oficial! 🤩 Nas arquibancadas você também consegue encontrar! #CopinhaSil","PEGA O TUTORIAL! 🤪
Logo na entrada da Mercado Livre Arena Pacaembu já tem pessoas posicionadas pra vender nosso copo oficial! 🤩 Nas arquibancadas você também consegue encontrar! #CopinhaSil",26,"01/25/2026 05:43",N/A,https://www.facebook.com/reel/1552602979289689/,1,0,Vídeos,,,,,Total,2499,2467,46,40,2,4,26,26,,,,,12164.739,5.447,0,0,0
1188867550073550,100068509496158,Copinha,"NÃO VAI FALTAR APOIO!
As torcidas de São Paulo e Cruzeiro prometem um show à parte na final da Copinha Sil 2026.
#CopinhaSil2026 
📷Jhony Inácio/Ag. Paulistão",,0,"01/25/2026 05:42",N/A,https://www.facebook.com/copinha/posts/pfbid02vktFw8rR1fB2dYa7C3CddPg1JWFck9YV7TXUoBNyjV8Xw8QHyXgrNK7F5vEomFzml,0,0,Fotos,,,,,Total,13597,9172,216,203,7,6,468,120,348,,,1,,,,,
1188865960073709,100068509496158,Copinha,"AQUECIMENTO!
Os times já trabalham no campo da Mercado Livre Arena Pacaembu! Tá chegando a hora da decisão!
#CopinhaSil2026 
📷Rebeca Reis e Jhony Inácio/Ag. Paulistão",,0,"01/25/2026 05:40",N/A,https://www.facebook.com/copinha/posts/pfbid028y1BWTTFzZeRafH78QmULiigCYVSGPHEXdFryMCB4qHWknqQPKyVT7cNWPmVSz1Vl,0,0,Fotos,,,,,Total,6876,5499,67,63,0,4,81,23,58,,,,,,,,
1188848830075422,100068509496158,Copinha,"A MAIS DESEJADA! 🏆✨
Quem vai sair da Mercado Livre Arena Pacaembu com a taça da Copinha Sil 2026? 👀
#CopinhaSil2026 #SãoPaulo #Cruzeiro","A MAIS DESEJADA! 🏆✨
Quem vai sair da Mercado Livre Arena Pacaembu com a taça da Copinha Sil 2026? 👀
#CopinhaSil2026 #SãoPaulo #Cruzeiro",14,"01/25/2026 05:15",N/A,https://www.facebook.com/reel/1821359881909498/,1,0,Vídeos,,,,,Total,2315,1917,86,77,2,7,28,28,,,,,9428.476,4.827,0,0,0
1188848526742119,100068509496158,Copinha,"😍🥰🫶🫰
#CopinhaSil2026 
📷Jhony Inácio/Ag. Paulistão",,0,"01/25/2026 05:15",N/A,https://www.facebook.com/copinha/posts/pfbid0xekWWF1rP75pfY7utS8sxgM3vy6DPWfNpE81y3jbpiEEecGpCU1okzHp6LkLPBG8l,0,0,Fotos,,,,,Total,5979,4259,82,73,0,9,67,16,51,,,,,,,,
1188846950075610,100068509496158,Copinha,"FALA, PROFESSOR! 🎙️
Os treinadores de Cruzeiro e São Paulo deram aquela palavrinha antes da finalíssima da Copinha Sil 2026.
#CopinhaSil2026 
📷Diego Soares e Jhony Inácio/Ag. Paulistão",,0,"01/25/2026 05:12",N/A,https://www.facebook.com/copinha/posts/pfbid02htynp9ep64MRbd2h1zPNWKYyWVCxQeX6nT3CG7HJwyjjX2HL4QxufquLgJDpe3Mpl,0,0,Fotos,,,,,Total,10105,7357,72,67,2,3,103,35,68,,,,,,,,
1188844843409154,100068509496158,Copinha,"ELA TÁ PRONTINHA! ⚽️
Tá chegando a hora da bola rolar na grande decisão da Copinha Sil 2026!
#CopinhaSil2026 
📷Jhony Inácio/Ag. Paulistão",,0,"01/25/2026 05:10",N/A,https://www.facebook.com/copinha/posts/pfbid02SU18jHbk6gygJNBjY7hjebqJoiEJ1cX81kaEy1VKGmPq3mjyivMG7exJMKXJeMEel,0,0,Fotos,,,,,Total,10742,7872,118,109,2,7,160,56,104,,,1,,,,,
1188841626742809,100068509496158,Copinha,"QUEM SERÁ?
Além do campeão, também é dia de descobrir que será o Cria da Copinha Sil 2026! Quem você acha que vai ser?
#CopinhaSil2026
📷Jhony Inácio/Ag. Paulistão",,0,"01/25/2026 05:05",N/A,https://www.facebook.com/copinha/posts/pfbid033NYFj7EgNiWtdnjBMmeNuwMuQU1qqVdr2kW96Zk4qMFLVaJbFqpHHCoxPYB7Mxnel,0,0,Fotos,,,,,Total,5508,3934,32,28,0,4,52,16,36,,,,,,,,
1188839986742973,100068509496158,Copinha,"🥇🥈
#CopinhaSil2026
📷Jhony Inácio/Ag. Paulistão",,0,"01/25/2026 05:03",N/A,https://www.facebook.com/copinha/posts/pfbid0AKkDR3A2cgQeabjWay2maGxZ1W5kp8sQvbTiw6pyNJADREy1REJmqsV5VnoR7CGFl,0,0,Fotos,,,,,Total,7156,5352,97,93,0,4,99,32,67,,1,,,,,,
1188839390076366,100068509496158,Copinha,"A MAIS DESEJADA! 🏆✨
E a taça da Copinha Sil 2026, hein? Vai voltar pra Minas Gerais ou seguirá aqui em São Paulo? 👀
#CopinhaSil2026
📷Jhony Inácio/Ag. Paulistão",,0,"01/25/2026 05:02",N/A,https://www.facebook.com/copinha/posts/pfbid0eGyBiQZGRT7erPoaMqCptdYTVgCikM9kDsvFJpoiLZAiJBREvm6FdAnQY5pjtZzxl,0,0,Fotos,,,,,Total,5992,4243,81,77,0,4,84,26,58,,,,,,,,
1188838146743157,100068509496158,Copinha,"OS MANTOS ESTÃO PRONTOS!
Um duelo entre o Cabuloso e o Tricolor definirá o campeão da Copinha Sil 2026!
#CopinhaSil2026
📷Jhony Inácio/Ag. Paulistão",,0,"01/25/2026 05:00",N/A,https://www.facebook.com/copinha/posts/pfbid02NGFCshPg8unssgpCqs6KwLfSF8pQvDiNRxcntGTQcq7fVCvwRM9B67JEmStQjWv7l,0,0,Fotos,,,,,Total,8377,6327,96,90,2,4,110,41,69,,,1,,,,,
1188831423410496,100068509496158,Copinha,"A molecada do Cruzeiro chegou curtindo um pagodinho! 
#CopinhaSil2026","A molecada do Cruzeiro chegou curtindo um pagodinho! 
#CopinhaSil2026",10,"01/25/2026 04:50",N/A,https://www.facebook.com/reel/1702725120702605/,1,0,Vídeos,,,,,Total,56690,44017,805,739,50,16,1174,1174,,,,,257674.577,5.986,0,0,0
1188743890085916,100068509496158,Copinha,"DE OLHO NELA: A TAÇA DA COPINHA SIL! 🏆
O São Paulo vai em busca do seu 6º título da #CopinhaSil em 2026! 😮‍💨🇾🇪",,0,"01/25/2026 02:30",N/A,https://www.facebook.com/copinha/posts/pfbid0c1opy17wTHnUQiGv8ab2b6MggkUmJFcPyVcUDnMv5edCpr7t6z2xPWPfdoeWb1gPl,0,0,Fotos,,,,,Total,36391,25590,604,524,55,25,464,269,195,,,,,,,,
1188726796754292,100068509496158,Copinha,"SÓ A TAÇA IMPORTA! 🏆
A Raposa quer voltar pra Belo Horizonte com o 2º título da #CopinhaSil na mala! ✈️😮‍💨",,0,"01/25/2026 02:00",N/A,https://www.facebook.com/copinha/posts/pfbid0xdmXVerysK8uw8XFjdYUuZSUF6e83vkiJ83AzSU67tu2R9Yh25Vbp3mH1Lnd5UcSl,0,0,Fotos,,,,,Total,80488,56761,1521,1377,87,57,1288,817,471,,2,1,,,,,
1188500403443598,100068509496158,Copinha,"É DIA DE DECISÃO! 🔥 DIA DE FINAL NA COPINHA SIL 2026! 😮‍💨🏆
Quem será que fica com a taça: Cruzeiro ou São Paulo? 👀 #CopinhaSil",,0,"01/24/2026 19:05",N/A,https://www.facebook.com/copinha/posts/pfbid02ev6kQ6GUe3m3su6921x3zuWpE7xV5cFqFQ9qzzwWnvTercrS7SzdPSGepA16XZ2Al,0,0,Fotos,,,,,Total,75676,51422,899,770,79,50,1184,563,621,,,,,,,,
1188487536778218,100068509496158,Copinha,"COPO OFICIAL! ✅
Os torcedores que estiverem presentes na grande final da #CopinhaSil poderão adquirir o copo oficial da decisão! 🤩",,0,"01/24/2026 18:42",N/A,https://www.facebook.com/copinha/posts/pfbid02QPyqbKWKyhcRPDG2G1i8179gan5SAChtjDFmqzvPCyQHS9JFCDftoHqrvZkLRSTbl,0,0,Fotos,,,,,Total,42018,30766,356,332,11,13,423,282,141,,3,,,,,,
1188450060115299,100068509496158,Copinha,"TODOS OS DETALHES! 🇾🇪
Se liga no gol do Isac na semifinal da #CopinhaSil! 😮‍💨 Será que ele vem inspirado pra grande final? 👀","TODOS OS DETALHES! 🇾🇪
Se liga no gol do Isac na semifinal da #CopinhaSil! 😮‍💨 Será que ele vem inspirado pra grande final? 👀",26,"01/24/2026 17:34",N/A,https://www.facebook.com/reel/1406352780930763/,0,0,Vídeos,,,,,Total,2870,2933,83,78,2,3,36,36,,,,,12479.371,4.665,0,0,0
1188328410127464,100068509496158,Copinha,"☑️ DECISIVO NA FINAL DE 2025
⏳ DECISIVO NA FINAL DE 2026...

O Paulinho brilhou na #CopinhaSil mais uma vez! Será que vem mais na grande decisão? 🇾🇪🔥","☑️ DECISIVO NA FINAL DE 2025
⏳ DECISIVO NA FINAL DE 2026...

O Paulinho brilhou na #CopinhaSil mais uma vez! Será que vem mais na grande decisão? 🇾🇪🔥",20,"01/24/2026 14:03",mixed,https://www.facebook.com/reel/895515212842767/,1,0,Vídeos,,,,,Total,4324,4366,60,53,1,6,40,40,,,,,20187.809,5.054,0,0,0
1188312206795751,100068509496158,Copinha,"OS GOLEADORES! ⚽⭐
Jhuan Nunes e Paulinho, com seis gols cada, estão empatados no topo da artilharia da #CopinhaSil até aqui!",,0,"01/24/2026 13:30",N/A,https://www.facebook.com/copinha/posts/pfbid02ieLSMNeEoy9nbBB5KagwxcLRTpmWns8CXDQeHht43Do4kTQ2HCCJKYx1RJRJrbgxl,0,0,Fotos,,,,,Total,15422,10987,180,163,7,10,128,85,43,,,,,,,,
1188297076797264,100068509496158,Copinha,"FALA, PROFESSOR!
Depois de levantar o caneco em 2025, Allan Barcellos comentou sobre a possibilidade de conquistar o bicampeonato da Copinha Sil.
#CopinhaSil2026","FALA, PROFESSOR!
Depois de levantar o caneco em 2025, Allan Barcellos comentou sobre a possibilidade de conquistar o bicampeonato da Copinha Sil.
#CopinhaSil2026",36,"01/24/2026 13:00",N/A,https://www.facebook.com/reel/3783364688467419/,0,0,Vídeos,,,,,Total,44509,40949,1942,1847,73,22,393,393,,,,,358936.163,9.155,0,0,0
1188282613465377,100068509496158,Copinha,"TOP TRÊS!
Todo jogo de Copinha Sil é uma decisão e o mas o Mairon César falou os três que mais marcaram o treinador este ano.
#CopinhaSil2026","TOP TRÊS!
Todo jogo de Copinha Sil é uma decisão e o mas o Mairon César falou os três que mais marcaram o treinador este ano.
#CopinhaSil2026",70,"01/24/2026 12:30",N/A,https://www.facebook.com/reel/1591945432052405/,0,0,Vídeos,,,,,Total,2023,2068,37,33,1,3,24,24,,,,,13734.085,7.239,0,0,0
1188267090133596,100068509496158,Copinha,"""INEXPLICÁVEL""!
O Tricolor jogou a semifinal da Copinha Sil 2026 em casa e o Paulinho falou um pouco do sentimento de jogar diante da torcida.
#CopinhaSil2026","""INEXPLICÁVEL""!
O Tricolor jogou a semifinal da Copinha Sil 2026 em casa e o Paulinho falou um pouco do sentimento de jogar diante da torcida.
#CopinhaSil2026",23,"01/24/2026 12:00",N/A,https://www.facebook.com/reel/1224595082346826/,0,0,Vídeos,,,,,Total,8119,8263,410,392,7,11,133,133,,,,,41609.208,5.625,0,0,0
1188250736801898,100068509496158,Copinha,"VOZ DA EXPERIÊNCIA!
Com uma decisão de Copinha Sil no currículo, Luis Fernando quer a taça em 2026!
#CopinhaSil2026","VOZ DA EXPERIÊNCIA!
Com uma decisão de Copinha Sil no currículo, Luis Fernando quer a taça em 2026!
#CopinhaSil2026",25,"01/24/2026 11:30",N/A,https://www.facebook.com/reel/1997314467663030/,0,0,Vídeos,,,,,Total,6831,6017,137,124,8,5,69,69,,,,,51035.907,8.899,0,0,0
1188232720137033,100068509496158,Copinha,"""MINHA FAMÍLIA""!
O Allan Barcellos tá em casa quando se fala de São Paulo
#CopinhaSil2026","""MINHA FAMÍLIA""!
O Allan Barcellos tá em casa quando se fala de São Paulo
#CopinhaSil2026",57,"01/24/2026 11:00",N/A,https://www.facebook.com/reel/1912482656085840/,0,0,Vídeos,,,,,Total,6536,7078,327,319,1,7,110,110,,,,,46724.052,7.571,0,0,0
1188215056805466,100068509496158,Copinha,"É DE FAMÍLIA!
Em sua segunda final de Copinha Sil Mairon César falou um pouco sobre seus treinadores de referencia, sendo que um é pra lá de especial.
#CopinhaSil2026","É DE FAMÍLIA!
Em sua segunda final de Copinha Sil Mairon César falou um pouco sobre seus treinadores de referencia, sendo que um é pra lá de especial.
#CopinhaSil2026",66,"01/24/2026 10:30",N/A,https://www.facebook.com/reel/1685776685718753/,0,0,Vídeos,,,,,Total,3048,3407,58,49,6,3,48,48,,,,,19726.563,6.795,0,0,0
1188196366807335,100068509496158,Copinha,"CONHECE O CAMINHO!
Campeão no ano passado, Paulinho falou um pouco de como é estar em sua segunda final de Copinha Sil seguida.
#CopinhaSil2026","CONHECE O CAMINHO!
Campeão no ano passado, Paulinho falou um pouco de como é estar em sua segunda final de Copinha Sil seguida.
#CopinhaSil2026",17,"01/24/2026 10:00",N/A,https://www.facebook.com/reel/1437240594447945/,0,0,Vídeos,,,,,Total,46387,36414,2144,2094,39,11,258,258,,,,,310989.846,8.417,0,0,0
1188196153474023,100068509496158,Copinha,"O RAFAEL CONHECE BEM A FINAL QUE VAI ROLAR AMANHÃ! 👀🧤
Hoje, o goleiro defende a meta do São Paulo mas, em 2007, Rafael foi fundamental para o único título do Cruzeiro na Copinha Sil (contra o Tricolor Paulista!), defendendo uma cobrança nas penalidades. Agora, a final se repete nesse domingo! E aí, torcedor, qual seu palpite para o jogo?
#CopinhaSil",,22,"01/24/2026 10:00",N/A,https://www.facebook.com/copinha/posts/pfbid0aWYp7561gkmKkfqCmVdtSWnm1ruge7XnurSs4Dcq2mcAEzYWytnfxg2SLyZDJDzbl,1,0,Fotos,,,,,Total,8648,6860,71,66,2,3,331,201,130,,,,,,,,
1181440557482916,100068509496158,Copinha,"NUM PISCAR DE OLHOS!
O Tricolor acelerou o passo e buscou a virada, com dois gols em menos de dois minutos! Renan e Gustavo Santana garantiram a vantagem no placar!
#CopinhaSil2026","NUM PISCAR DE OLHOS!
O Tricolor acelerou o passo e buscou a virada, com dois gols em menos de dois minutos! Renan e Gustavo Santana garantiram a vantagem no placar!
#CopinhaSil2026",61,"01/15/2026 15:03",N/A,https://www.facebook.com/reel/885529087766900/,0,0,Vídeos,,,,,Total,25158,22272,432,415,8,9,608,608,,,,,374999.425,16.616,0,0,0,,
1181451690815136,100068509496158,Copinha,"É O TERCEIRO DO TRICOLOR!
Matheus Menezes aproveita o rebote e usa a cabeça para aumentar a vantagem do São Paulo pra cima do Operário!
#CopinhaSil2026","É O TERCEIRO DO TRICOLOR!
Matheus Menezes aproveita o rebote e usa a cabeça para aumentar a vantagem do São Paulo pra cima do Operário!
#CopinhaSil2026",23,"01/15/2026 15:29",N/A,https://www.facebook.com/reel/1377757147181454/,0,0,Vídeos,,,,,Total,229710,200632,3640,3589,21,30,1565,1565,,,,,2282296.295,12.152,0,0,0,,
1181464054147233,100068509496158,Copinha,"GOLEADA E CLASSIFICAÇÃO!
Em noite de Gustavo Santana, São Paulo reverte a desvantagem contra o Operário e avança na Copinha Sil 2026!
#CopinhaSil2026",,0,"01/15/2026 15:59",N/A,https://www.facebook.com/copinha/posts/pfbid02JGHRETyU7tJE9zuhpLBgrrBaUXAWvRr8CyTAuLPoqbWbE8p69QzdnJEYR81QDvB5l,0,0,Fotos,,,,,Total,315367,208776,3616,3426,83,107,4651,2470,2181,,4,1,,,,,,,
1181486177478354,100068509496158,Copinha,"GUSTAVO SANTANA 1⃣2⃣3⃣!
Teve hat-trick #MadeInCotia na goleada do Tricolor!
#CopinhaSil2026","GUSTAVO SANTANA 1⃣2⃣3⃣!
Teve hat-trick #MadeInCotia na goleada do Tricolor!
#CopinhaSil2026",47,"01/15/2026 16:50",N/A,https://www.facebook.com/reel/3656901647784761/,0,0,Vídeos,,,,,Total,9272,9971,235,212,8,15,165,165,,,,,94816.288,11.333,0,0,0,,
1181491370811168,100068509496158,Copinha,"GOLAÇO DO FOGÃO!
Na bike não rolou, mas o Bruno França acertou o sem-pulo e não deu chances para o goleiro do Juventude!
#CopinhaSil2026","GOLAÇO DO FOGÃO!
Na bike não rolou, mas o Bruno França acertou o sem-pulo e não deu chances para o goleiro do Juventude!
#CopinhaSil2026",26,"01/15/2026 17:01",N/A,https://www.facebook.com/reel/1277496744200686/,0,0,Vídeos,,,,,Total,15100,15403,159,153,3,3,160,160,,,,,131155.961,9.603,0,0,0,,
1181498680810437,100068509496158,Copinha,"A Federação Paulista de Futebol lamenta profundamente o acidente envolvendo o ônibus da delegação do Águia de Marabá na noite desta quinta-feira, 15 de janeiro, que vitimou Hecton Alves, preparador físico da equipe paraense que retornava de sua participação na Copinha Sil 2026

Desejamos também pronta recuperação ao técnico Renan Tyezer, que está hospitalizado.

Em todas as partidas da Copinha Sil 2026 será respeitado um minuto de silêncio, além da próxima rodada do Paulistão Casas Bahia. 

#FutebolPaulista #CopinhaSil2026",,0,"01/15/2026 17:17",N/A,https://www.facebook.com/copinha/posts/pfbid0HtYyXMgUoerKSYkioao3UY3iZwD4qd81yAgsFypLPrZ4L9i46xrQfUoU36FCEzR9l,0,0,Fotos,,,,,Total,175394,121365,3396,3133,167,96,2949,2197,752,,,1,,,,,,,
1181530690807236,100068509496158,Copinha,"É DO GLORIOSO!
A última vaga para as oitavas de final da Copinha Sil 2026 fica com o Botafogo!
#CopinhaSil2026",,0,"01/15/2026 18:26",N/A,https://www.facebook.com/copinha/posts/pfbid0oWRhc62GDfLrKSdBbtP5oWV1m9VSMqSKLYYR9K4YiQqJX9TegMS5JjgdJKoRGFNhl,0,0,Fotos,,,,,Total,15653,10667,131,117,7,7,138,101,37,,,,,,,,,,
1181532377473734,100068509496158,Copinha,"Uma quinta-feira repleta de grandes jogos e fortes emoções para encerrar a terceira fase da Copinha Sil 2026!
#CopinhaSil2026",,0,"01/15/2026 18:28",N/A,https://www.facebook.com/copinha/posts/pfbid0hkMRc8HgLbsbRobYBU99dSQf2tw5Ju3wBqJpn1HRtfd4neHnvXn8GhrahEpdv1Udl,0,0,Fotos,,,,,Total,26127,16392,184,173,0,11,677,239,438,,,,,,,,,,
1181533747473597,100068509496158,Copinha,"SÓ TEM JOGÃO! 🔥
Os confrontos estão definidos! Que venham as oitavas de final da Copinha Sil 2026!
#CopinhaSil2026",,0,"01/15/2026 18:31",N/A,https://www.facebook.com/copinha/posts/pfbid02yCK2fbEZFNqDu7s1UH2WWf8cScpiCKtzdAsGSfu7cBxzziezF5uHT8yYUYKU5LaYl,0,0,Fotos,,,,,Total,1648376,1009139,8174,7411,570,193,53736,23785,29951,,,1,,,,,,,
1181545404139098,100068509496158,Copinha,"ANOTA AÍ! 
O sabadão será de fortes emoções com últimos quatro duelos das oitavas de final da Copinha Sil 2026!  
#CopinhaSil2026",,0,"01/15/2026 18:54",N/A,https://www.facebook.com/copinha/posts/pfbid0JXaGJ4Y5XJEhp1xDsRko7mDawmpE8HDuqGnxkBgVVvbAtJ7nYg3zbCUdrBwXYr65l,0,0,Fotos,,,,,Total,368509,240474,2549,2340,110,99,7997,2929,5068,,,,,,,,,,
1181551937471778,100068509496158,Copinha,"PLAY NAS OITAVAS DE FINAL DA COPINHA SIL!
#CopinhaSil2026",,0,"01/15/2026 19:05",N/A,https://www.facebook.com/copinha/posts/pfbid0UoCtgBDo1kDpDq8hArT8ybPvuwDboWCxfK8nokjpK2HG1XHjYZ6ZeBHhdhNdTdUpl,0,0,Fotos,,,,,Total,158720,111829,956,887,16,53,2431,878,1553,,1,,,,,,,,
1182137687413203,100068509496158,Copinha,"GUANABARA CITY FAZ HISTÓRIA E ESTÁ NAS QUARTAS DE FINAL DA COPINHA SIL!
#CopinhaSil2026",,0,"01/16/2026 13:26",N/A,https://www.facebook.com/copinha/posts/pfbid02f87Xwcvnbb3BhVw5NqLvwptxtdm5K6PbkkqVBaJsijnUvcGrH6Z7BNbAPdJJk5uyl,0,0,Fotos,,,,,Total,66860,44255,407,379,12,16,1224,860,364,,,,,,,,,,
1182155807411391,100068509496158,Copinha,"SAMUEL PEGOU DOIS PÊNALTIS E GARANTIU A CLASSIFICAÇÃO DO GUANABARA CITY NA COPINHA SIL!
#CopinhaSil2026","SAMUEL PEGOU DOIS PÊNALTIS E GARANTIU A CLASSIFICAÇÃO DO GUANABARA CITY NA COPINHA SIL!
#CopinhaSil2026",29,"01/16/2026 14:08",N/A,https://www.facebook.com/reel/1244835067555613/,0,0,Vídeos,,,,,Total,184144,158954,1645,1620,18,7,2971,2971,,,,,2283311.795,15.199,0,0,0,,
1182184087408563,100068509496158,Copinha,"UM FOGUETE! 
Pedro Gabriel ajeitou e colocou onde quis para ampliar para o @gremio 🚀🔥
#CopinhaSil2026","UM FOGUETE! 
Pedro Gabriel ajeitou e colocou onde quis para ampliar para o @gremio 🚀🔥
#CopinhaSil2026",22,"01/16/2026 15:12",N/A,https://www.facebook.com/reel/687800674299476/,1,0,Vídeos,,,,,Total,154536,132759,2149,2068,39,42,6546,6541,,5,,,1622482.652,13.565,0,0,1,,
1182197537407218,100068509496158,Copinha,"CLASSIFICAÇÃO GAÚCHA!
O Grêmio também garante a vaga nas quartas de final da #CopinhaSil2026 🔥",,0,"01/16/2026 15:46",N/A,https://www.facebook.com/copinha/posts/pfbid0XDKepCYe7Dp48vNUNqcmkmkE6yuiHJvwV5NncB2HaeRidgE5qbuXfHkaESCgCGACl,0,0,Fotos,,,,,Total,71743,50541,719,678,11,30,959,622,337,,,,,,,,,,
1182227807404191,100068509496158,Copinha,"VOZÃO NA FRENTE!
Melk mandou de fora da área e colocou o @timecearasc com a vantagem na #CopinhaSil2026!","VOZÃO NA FRENTE!
Melk mandou de fora da área e colocou o @timecearasc com a vantagem na #CopinhaSil2026!",21,"01/16/2026 17:00",N/A,https://www.facebook.com/reel/1222587923182557/,1,0,Vídeos,,,,,Total,21642,20035,264,251,7,6,283,281,,2,,,165026.675,8.949,0,0,0,,
1182249230735382,100068509496158,Copinha,"VOZÃO NAS QUARTAS!
O Ceará marca nos dois tempos e garante a vaga na #CopinhaSil2026.",,0,"01/16/2026 17:50",N/A,https://www.facebook.com/copinha/posts/pfbid02u9BXVFHnUGbAV7NsGvTu61v8ihTgfmz6CBAzZpQ81vbgG4v2xdhNp1JtGDTJyHQyl,0,0,Fotos,,,,,Total,22115,14440,159,139,7,13,252,172,80,,,,,,,,,,
1182270570733248,100068509496158,Copinha,"NA CORRIDA!
Fernando saiu na frente de todo mundo e marcou o segundo gol do @cruzeirobase ⚽️⚽️
#CopinhaSil2026","NA CORRIDA!
Fernando saiu na frente de todo mundo e marcou o segundo gol do @cruzeirobase ⚽️⚽️
#CopinhaSil2026",35,"01/16/2026 18:36",N/A,https://www.facebook.com/reel/1434755151329731/,1,0,Vídeos,,,,,Total,104032,93296,3548,3427,63,58,3552,3542,,10,,,1339148.927,14.643,0,0,1,,
1182273467399625,100068509496158,Copinha,"QUATRO AVANÇARAM! 
Dois confrontos das quartas de final foram definidos. Quem será que avança do outro lado da chave? 👀
#CopinhaSil2026",,0,"01/16/2026 18:42",N/A,https://www.facebook.com/copinha/posts/pfbid02Ca2qdbezjE7rvc6eJF7a8pq8EwdL9ysrKrcrAL7WuzCHhkLXgiiYVjJRrYLsK9s7l,0,0,Fotos,,,,,Total,164492,93844,1245,1138,82,25,5909,2826,3083,,,,,,,,,,
1182276740732631,100068509496158,Copinha,"FECHOU O BONDE!
O Cruzeiro é o último clube a se classificar nesta sexta-feira 🔥
#CopinhaSil2026",,0,"01/16/2026 18:48",N/A,https://www.facebook.com/copinha/posts/pfbid02TwJ8ha3j9ziMcjaen2oNs7wHkNYsrRpToUnP56wDDoXBF5LNc2QAfyQotpKbdU8Nl,0,0,Fotos,,,,,Total,204936,137676,2294,2120,127,47,4605,3190,1415,,,1,,,,,,,
1182285904065048,100068509496158,Copinha,"Para fechar as oitavas de final da Copinha Sil 2026!
#CopinhaSil2026",,0,"01/16/2026 19:05",N/A,https://www.facebook.com/copinha/posts/pfbid0fQc2nD9pNiCR4MkRJcwyz5t2coNicVDyGtSL8BALzNU4jFFoDwLk5ohjj6Nht4f4l,0,0,Fotos,,,,,Total,212794,143705,1060,994,16,50,2850,1098,1752,,,1,,,,,,,
1182578164035822,100068509496158,Copinha,"TABELA DEFINIDA!
Os primeiros confrontos das quartas de final da Copinha Sil 2026 tiveram data e horários definidos! Vem conferir 👀
#CopinhaSil2026",,0,"01/17/2026 04:52",N/A,https://www.facebook.com/copinha/posts/pfbid0azBMxM2zZZ3Gy95HSGj5J5yfuFua21TMKgvgugRXbJYTqjPosYJkF2dgfRSjc5SQl,0,0,Fotos,,,,,Total,45806,29354,346,309,12,25,809,468,341,,,,,,,,,,
1182595247367447,100068509496158,Copinha,"QUE GOLAÇO!
Luis Saboia encheu o pé da entrada da área e abriu o placar pro Verdão contra o Ituano!
#CopinhaSil2026","QUE GOLAÇO!
Luis Saboia encheu o pé da entrada da área e abriu o placar pro Verdão contra o Ituano!
#CopinhaSil2026",29,"01/17/2026 05:21",N/A,https://www.facebook.com/reel/1958496191428095/,0,0,Vídeos,,,,,Total,290201,258264,7989,7757,106,126,7918,7918,,,,,3237763.003,13.621,0,0,0,,
1182661017360870,100068509496158,Copinha,"TÁ NAS QUARTAS!
Palmeiras leva a melhor pra cima do Ituano e segue na busca pela título da Copinha Sil 2026!
#CopinhaSil2026",,0,"01/17/2026 07:08",N/A,https://www.facebook.com/copinha/posts/pfbid0pkHcvgH4vdjvmZJxZjPV77Zgz4i7p1VGhpoX2mTj1wzA3uB8AUoWhcbPLLWKoZ1kl,0,0,Fotos,,,,,Total,334978,228273,3990,3484,354,152,4962,3108,1854,,1,1,,,,,,,
1182792584014380,100068509496158,Copinha,"NATHAN YURI MARCA PARA O IBRA!
O Ibrachina abre o placar nas oitavas de final da #CopinhaSil2026!","NATHAN YURI MARCA PARA O IBRA!
O Ibrachina abre o placar nas oitavas de final da #CopinhaSil2026!",17,"01/17/2026 10:50",N/A,https://www.facebook.com/reel/2359845881194962/,1,0,Vídeos,,,,,Total,34177,29099,290,281,4,5,680,680,,,,,249988.399,8.993,0,0,0,,
1182798014013837,100068509496158,Copinha,"EMPATE DO INTER!
João Miranda deixa tudo igual nas oitavas da #CopinhaSil2026!","EMPATE DO INTER!
João Miranda deixa tudo igual nas oitavas da #CopinhaSil2026!",14,"01/17/2026 11:01",N/A,https://www.facebook.com/reel/1413083076883086/,1,0,Vídeos,,,,,Total,130395,86823,743,670,45,28,1819,1819,,,,,975837.523,10.894,0,0,0,,
1182802987346673,100068509496158,Copinha,"QUE JOGADA E QUE GOLAÇO!
Luiz Fernando coloca o Ibrachina na frente do placar mais uma vez!
#CopinhaSil2026","QUE JOGADA E QUE GOLAÇO!
Luiz Fernando coloca o Ibrachina na frente do placar mais uma vez!
#CopinhaSil2026",20,"01/17/2026 11:12",N/A,https://www.facebook.com/reel/1222259899864019/,1,0,Vídeos,,,,,Total,37316,29818,337,318,10,9,504,504,,,,,295275.705,9.886,0,0,0,,
1182817190678586,100068509496158,Copinha,"IBRA NAS QUARTAS PELA PRIMEIRA VEZ!
Vitória contra o Internacional e classificação inédita para o Ibrachina!
#CopinhaSil2026",,0,"01/17/2026 11:43",N/A,https://www.facebook.com/copinha/posts/pfbid022pDRKaNerBzeV9b7JGmL3EphTjqaGNBfznttsb3S93M6e3gavtCxUV2aasTofurSl,0,0,Fotos,,,,,Total,285916,190905,1490,1312,123,55,4786,3331,1455,,,,,,,,,,
1182887047338267,100068509496158,Copinha,"DEU FOGO! 🔥
O Botafogo levou a melhor na decisão por pênaltis e venceu o Itaquaquecetuba! #CopinhaSil2026",,0,"01/17/2026 14:14",N/A,https://www.facebook.com/copinha/posts/pfbid0i6tH1TpQiBZRrt4TpwiZwQTos1Cibs8VdsG2zh4Nyy9LU7zHRY7LVtuTexCCahJwl,0,0,Fotos,,,,,Total,85735,60796,837,788,24,25,940,551,389,,,,,,,,,,
1182889607338011,100068509496158,Copinha,"É O 🔟!
Gabriel Lopes, do @redbullbragantino, marca o primeiro gol contra o São Paulo. #CopinhaSil2026","É O 🔟!
Gabriel Lopes, do @redbullbragantino, marca o primeiro gol contra o São Paulo. #CopinhaSil2026",35,"01/17/2026 14:20",N/A,https://www.facebook.com/reel/1951071979095141/,0,0,Vídeos,,,,,Total,39062,33959,324,300,19,5,854,854,,,,,410140.666,12.05,0,0,0,,
1182902810670024,100068509496158,Copinha,"ENTROU PRA DECIDIR! 👀
No segundo tempo, Lucyan entra e abre o placar para o Tricolor!
#CopinhaSil2026","ENTROU PRA DECIDIR! 👀
No segundo tempo, Lucyan entra e abre o placar para o Tricolor!
#CopinhaSil2026",32,"01/17/2026 14:52",N/A,https://www.facebook.com/reel/1390089835919189/,0,0,Vídeos,,,,,Total,107964,97598,2953,2870,50,33,2319,2319,,,,,1322514.742,13.993,0,0,0,,
1182931354000503,100068509496158,Copinha,"TRICOLOR! 🤩
Nos pênaltis, o São Paulo venceu o  Red Bull Bragantino e segue vivo na #CopinhaSil2026.",,0,"01/17/2026 16:07",N/A,https://www.facebook.com/copinha/posts/pfbid02jExNhcto6u3aSHYq3weSGwDumwfFaeBZ6kobW2hkkemjHk7RTQLxkpt5EZpaQhnhl,0,0,Fotos,,,,,Total,198877,139045,2091,1949,78,64,2082,1135,947,,1,1,,,,,,,
1182933504000288,100068509496158,Copinha,"CAMINHO ATUALIZADO! 🏆🤩
Os confrontos das quartas de final estão definidos. 
#CopinhaSil2026",,0,"01/17/2026 16:13",N/A,https://www.facebook.com/copinha/posts/pfbid02QK4oNCYUCoT9trqVk54K8fdheX1STKTZUGE2qbfBAz2bmmsX2svgbC8L3b5eLGv4l,0,0,Fotos,,,,,Total,1521142,953478,9546,8544,797,205,58900,31293,27607,,2,1,,,,,,,
1182964037330568,100068509496158,Copinha,"CHEGOU A HORA DAS QUARTAS!
Se liga nas datas e horários dos próximos jogos da #CopinhaSil2026. 😍",,0,"01/17/2026 17:28",N/A,https://www.facebook.com/copinha/posts/pfbid0BtiZrdDC7FkzLK5bp9sg74aFUJK2CKk7bP3KbviJKZvHvkyCz7P6vRHJKDHEaaPjl,0,0,Fotos,,,,,Total,346718,219818,2611,2378,141,92,7725,3689,4036,,,1,,,,,,,
1182984977328474,100068509496158,Copinha,"CHEGOU A HORA DAS QUARTAS!
Se liga nas datas e horários dos próximos jogos da #CopinhaSil2026 😍",,0,"01/17/2026 18:16",N/A,https://www.facebook.com/copinha/posts/pfbid02TZnGrQj2RkQhuuuUZSfCKgsN4kXPojayzHNxFbsfpfbnXPVN56cSMJ1MHV5JQfGXl,0,0,Fotos,,,,,Total,198650,131855,1298,1105,142,51,3844,1512,2332,,1,,,,,,,,
1183307627296209,100068509496158,Copinha,"BORA PARA AS QUARTAS!
Hoje é dia de começar as disputas das quartas de final da #CopinhaSil2026. Quem vai ficar com a vaga?",,0,"01/18/2026 05:11",N/A,https://www.facebook.com/copinha/posts/pfbid0Fz2n8FtZJDoHejH3gj1dDrZUZqaqESK1yMq8T9PrqzyYN4TnF7ZXh78r88oogzGjl,0,0,Fotos,,,,,Total,43059,28329,238,217,4,17,550,307,243,,,,,,,,,,
1183355537291418,100068509496158,Copinha,"DUAS VEZES JOÃO BORNE!
O atacante do @gremio tá on demais nas quartas de final!
#CopinhaSil2026","DUAS VEZES JOÃO BORNE!
O atacante do @gremio tá on demais nas quartas de final!
#CopinhaSil2026",36,"01/18/2026 06:30",N/A,https://www.facebook.com/reel/1591704735169070/,1,0,Vídeos,,,,,Total,46020,35527,1171,1132,18,21,1410,1405,,5,,,471824.95,11.464,0,0,0,,
1183415700618735,100068509496158,Copinha,"PRIMEIRO CLASSIFICADO! 
O @gremio garante vaga entre os quatro melhores clubes da Copinha Sil 2026! 
#CopinhaSil2026",,0,"01/18/2026 08:05",N/A,https://www.facebook.com/copinha/posts/pfbid03776yGEWsAnhzc7XNeAGSK4gsGkDR4QrVbGxzv6Z7pbVJgUTgSigBpZffp3giagAhl,0,0,Fotos,,,,,Total,136274,95166,1707,1548,100,59,2917,2441,459,17,6,,,,,,,,
1183417387285233,100068509496158,Copinha,"GURIZADA NA SEMI!
O Grêmio vence o primeiro jogo das quartas de final e garante vaga na próxima fase. 
#CopinhaSil2026",,0,"01/18/2026 08:08",N/A,https://www.facebook.com/copinha/posts/pfbid02dW5oM86qGj3KMs3iBV5w3dGTh7pw2L1GUmMFbwcnUXjb8mKyGF8u9Lvzfjd8AiMwl,0,0,Fotos,,,,,Total,166760,118720,1350,1265,56,29,2646,2006,639,1,,1,,,,,,,
1183641360596169,100068509496158,Copinha,"CRIAS DA TOCA NA SEMI! 🦊🔥
O Cruzeiro avança na #CopinhaSil!",,0,"01/18/2026 15:24",N/A,https://www.facebook.com/copinha/posts/pfbid02EaXT9B8W7vsuLjrhrjD6ziYBwohwmHpEr451ZZY6HZYTNtqg2F2Fvo8o9dFgRbyl,0,0,Fotos,,,,,Total,97608,69583,1561,1470,49,42,1614,1210,404,,3,,,,,,,,
1183644847262487,100068509496158,Copinha,"100% ATUALIZADO!
Vem ver como está o meu chaveamento até aqui!
#CopinhaSil",,0,"01/18/2026 15:34",N/A,https://www.facebook.com/copinha/posts/pfbid02kQ7vZVhHteFGFpCh59e4qqywBcWnxXTysDfvgSx8VeP29wmeF7otQ5jqgKz3xDyLl,0,0,Fotos,,,,,Total,262205,169608,2020,1817,164,39,9526,6698,2828,,,,,,,,,,
1183650177261954,100068509496158,Copinha,"FECHANDO O DOMINGO!
Cruzeiro venceu nas quartas e final e está na próxima fase da #CopinhaSil!",,0,"01/18/2026 15:48",N/A,https://www.facebook.com/copinha/posts/pfbid02xUA2uMuYu4Fqk1qWohtVeogejCFdLzQkZNmgYTdZfK27JG5txLY9ZDPHM2sTm7S3l,0,0,Fotos,,,,,Total,97264,64783,1075,995,47,33,1860,1368,492,,,,,,,,,,
1183654873928151,100068509496158,Copinha,"O GOL DA CLASSIFICAÇÃO CABULOSA!
O capitão Fernando anotou o terceiro gol do Cruzeiro e fechou a conta em São Carlos!
#CopinhaSil","O GOL DA CLASSIFICAÇÃO CABULOSA!
O capitão Fernando anotou o terceiro gol do Cruzeiro e fechou a conta em São Carlos!
#CopinhaSil",32,"01/18/2026 15:58",uploaded,https://www.facebook.com/reel/1352211329986543/,0,0,Vídeos,,,,,Total,40625,38501,1086,1054,16,16,1369,1369,,,,,401503.254,10.788,0,0,0,,
1183675920592713,100068509496158,Copinha,"PROJETO SCOUTS NA COPINHA SIL 2026!
Em seu segundo ano, o Projeto Scouts deu às equipes e atletas ainda mais visibilidade ao longo da competição. A ação visou atender necessidades de mais de 300 scouts e observadores de clubes do Brasil e do Mundo. Os profissionais tiveram acesso aos jogos da Copinha Sil com credenciamento e com espaço delimitado, além de um canal de comunicação direto com a FPF.
#CopinhaSil2026",,0,"01/18/2026 16:51",N/A,https://www.facebook.com/copinha/posts/pfbid02RyHF3z71wKTedufezYV147hRzsq2CZdv6yFYJduCjVjcgQsoz4DTfh5vP26JSKxul,0,0,Fotos,,,,,Total,20582,12525,82,75,1,6,676,146,530,,1,,,,,,,,
1183696817257290,100068509496158,Copinha,"A MINHA PRIMEIRA SEMIFINAL!
Grêmio e Cruzeiro disputam uma vaga na grande final da #CopinhaSil nessa quarta-feira. E aí, quem avança?",,0,"01/18/2026 17:38",N/A,https://www.facebook.com/copinha/posts/pfbid038ExTfCys8qgjs18x2XaA7h8VZo5BZS3mv43YfsUH1JpAEXDs1nPSLn5B6w69QXYXl,0,0,Fotos,,,,,Total,152471,98943,1448,1223,170,55,3182,2366,816,,2,,,,,,,,
1183742087252763,100068509496158,Copinha,"SEGUNDOU! 😆
Pra fechar as quartas de final, dois jogos animam o início da semana e definem meus dois últimos semifinalistas!
#CopinhaSil",,0,"01/18/2026 19:05",N/A,https://www.facebook.com/copinha/posts/pfbid04Hwnrf6oD494Jp7UscfU1TKTMhBMWgddr3p82yc6i53HjRZPRM37cjKHmid92q9ol,0,0,Fotos,,,,,Total,220363,144830,1399,1317,32,50,2753,1049,1704,,3,,,,,,,,
1184140417212930,100068509496158,Copinha,"Isso é #CopinhaSil2026! 🕺🪩","Isso é #CopinhaSil2026! 🕺🪩",16,"01/19/2026 07:13",N/A,https://www.facebook.com/reel/3058287624378248/,1,0,Vídeos,,,,,Total,57009,51133,994,867,112,15,2220,2220,,,,,361673.623,7.574,0,0,0,,
1184353720524933,100068509496158,Copinha,"O PLACAR FOI ABERTO EM BARUERI!
Pimenta subiu mais alto e o Verdão sai na frente no primeiro jogo dessa segundona!
#CopinhaSil","O PLACAR FOI ABERTO EM BARUERI!
Pimenta subiu mais alto e o Verdão sai na frente no primeiro jogo dessa segundona!
#CopinhaSil",26,"01/19/2026 13:54",N/A,https://www.facebook.com/reel/830557913360597/,0,0,Vídeos,,,,,Total,14632,13986,246,219,24,3,500,500,,,,,105283.511,8.379,0,0,0,,
1184354263858212,100068509496158,Copinha,"O PLACAR FOI ABERTO EM BARUERI!
Pimenta subiu mais alto e o Verdão sai na frente no primeiro jogo dessa segundona!
#CopinhaSil","O PLACAR FOI ABERTO EM BARUERI!
Pimenta subiu mais alto e o Verdão sai na frente no primeiro jogo dessa segundona!
#CopinhaSil",26,"01/19/2026 13:55",N/A,https://www.facebook.com/reel/2054911538608810/,0,0,Vídeos,,,,,Total,36749,30972,447,404,34,9,549,549,,,,,312815.135,9.983,0,0,0,,
1184383733855265,100068509496158,Copinha,"TÁ TUDO IGUAL! 🤝
Pirituba empatou para o Ibrachina!
#CopinhaSil","TÁ TUDO IGUAL! 🤝
Pirituba empatou para o Ibrachina!
#CopinhaSil",24,"01/19/2026 15:06",N/A,https://www.facebook.com/reel/865543216119295/,0,0,Vídeos,,,,,Total,195493,161120,2134,1999,111,24,2875,2875,,,,,2140612.893,14.115,0,0,0,,
1184386013855037,100068509496158,Copinha,"A VIRADA FOI RÁPIDA! 🔥
O Ibrachina veio com tudo para o segundo tempo e tá na vantagem no placar!
#CopinhaSil","A VIRADA FOI RÁPIDA! 🔥
O Ibrachina veio com tudo para o segundo tempo e tá na vantagem no placar!
#CopinhaSil",19,"01/19/2026 15:12",N/A,https://www.facebook.com/reel/1554760872397497/,0,0,Vídeos,,,,,Total,379363,284307,3075,2889,148,38,8540,8540,,,,,3372112.533,12.496,0,0,0,,
1184394297187542,100068509496158,Copinha,"IGUALOU DE NOVO!
O Palmeiras deixa tudo igual no placar. Tá disputadooooo!
#CopinhaSil","IGUALOU DE NOVO!
O Palmeiras deixa tudo igual no placar. Tá disputadooooo!
#CopinhaSil",17,"01/19/2026 15:31",N/A,https://www.facebook.com/reel/1660876628612927/,0,0,Vídeos,,,,,Total,59700,46180,531,501,25,5,988,988,,,,,442851.708,9.758,0,0,0,,
1184404097186562,100068509496158,Copinha,"HISTÓRICOOOOOOOO!😉🐲
O Ibrachina está entre os quatro melhores times da Copinha Sil. Te vejo na semi, Dragão!
#CopinhaSil",,0,"01/19/2026 15:56",N/A,https://www.facebook.com/copinha/posts/pfbid0CmcJF4vAjCt9qA41Vrgcta36dmWnECdoKvHsXFxgL12oC7gBtWD6QMGDhJto3q11l,0,0,Fotos,,,,,Total,129382,88419,1030,904,95,31,3172,2682,490,,3,,,,,,,,
1184408090519496,100068509496158,Copinha,"A DEFESA DA CLASSIFICAÇÃO! 🧤🌟
@gabrielsena_06 é o nome dele!
#CopinhaSil","A DEFESA DA CLASSIFICAÇÃO! 🧤🌟
@gabrielsena_06 é o nome dele!
#CopinhaSil",15,"01/19/2026 16:06",N/A,https://www.facebook.com/reel/1862780197932900/,1,0,Vídeos,,,,,Total,1081718,808659,10933,9850,822,261,29138,29137,,1,,,8320433.978,10.936,0,1.85,1,,
1184430937183878,100068509496158,Copinha,"GOL DO TRICOLOR PARA ABRIR O PLACAR! 8️⃣🇾🇪
Djhordney coloca o São Paulo na vantagem em Sorocaba!
#CopinhaSil","GOL DO TRICOLOR PARA ABRIR O PLACAR! 8️⃣🇾🇪
Djhordney coloca o São Paulo na vantagem em Sorocaba!
#CopinhaSil",29,"01/19/2026 16:59",N/A,https://www.facebook.com/reel/871068949184846/,0,0,Vídeos,,,,,Total,61280,55467,1479,1446,9,24,801,801,,,,,532484.102,10.128,0,0,0,,
1184434843850154,100068509496158,Copinha,"NO DUELO PAULISTA, DEU IBRACHINA! 🐉 🤩
Depois de um jogo disputado, o Dragão se deu melhor nas penalidades e está na semifinal pela primeira vez na história!
#CopinhaSil",,0,"01/19/2026 17:08",N/A,https://www.facebook.com/copinha/posts/pfbid02xqt2ou1cyrHVsgW3hT2eMvsZYpJnRMrpjT7PhM221z6VqbH9J31MW2ERj5BSQSFl,0,0,Fotos,,,,,Total,183690,130079,1234,1063,113,58,2158,1360,798,,2,,,,,,,,
1184444520515853,100068509496158,Copinha,"TÁ LIBERADO EMOLDURAR ESSA PINTURA! 🖼️
Bota mais um golaço na conta do @arthur_izaque07!
#CopinhaSil","TÁ LIBERADO EMOLDURAR ESSA PINTURA! 🖼️
Bota mais um golaço na conta do @arthur_izaque07!
#CopinhaSil",35,"01/19/2026 17:29",N/A,https://www.facebook.com/reel/770226006106815/,0,0,Vídeos,,,,,Total,20295,19721,272,259,8,5,815,815,,,,,196458.338,10.799,0,0,0,,
1184459677181004,100068509496158,Copinha,"O SÃO PAULO É SENTIMENTO!
Meu último semifinalista foi definido: o Tricolor está na semifinal da #CopinhaSil!",,0,"01/19/2026 18:00",N/A,https://www.facebook.com/copinha/posts/pfbid02N7jAT8AMZdVSJEyT299hFuKxGCi4dR6RXK4weY15TyQiudaySoEbNUippDnSMj41l,0,0,Fotos,,,,,Total,200975,140606,3441,3179,92,170,2955,1960,995,,4,,,,,,,,
1184460070514298,100068509496158,Copinha,"O GOL DA VANTAGEM TRICOLOR!
Matheus Menezes colocou no fundo da rede para ampliar para o São Paulo!
#CopinhaSil","O GOL DA VANTAGEM TRICOLOR!
Matheus Menezes colocou no fundo da rede para ampliar para o São Paulo!
#CopinhaSil",36,"01/19/2026 18:00",N/A,https://www.facebook.com/reel/2479013272496496/,0,0,Vídeos,,,,,Total,22817,20387,656,620,7,29,418,418,,,,,204836.921,10.013,0,0,0,,
1184462020514103,100068509496158,Copinha,"APROVEITOU!
Paulinho marcou esse golaço do meio de campo para colocar o São Paulo na semi!
#CopinhaSil","APROVEITOU!
Paulinho marcou esse golaço do meio de campo para colocar o São Paulo na semi!
#CopinhaSil",44,"01/19/2026 18:04",N/A,https://www.facebook.com/reel/2637693623255818/,0,0,Vídeos,,,,,Total,426746,373220,16654,15290,568,796,10892,10891,,1,,,5827416.505,15.277,0,0,0,,
1184465453847093,100068509496158,Copinha,"BORA PARA A SEMI!
Se liga no chaveamento atualizado com o fim de mais uma fase de #CopinhaSil",,0,"01/19/2026 18:10",N/A,https://www.facebook.com/copinha/posts/pfbid0213tHdgBpy3E9j5LhVsYuLmEiuY9nfNZSV3wiArbEsrBAmau1XqxBfzM9qpKMtBcml,0,0,Fotos,,,,,Total,577276,372940,4371,3916,339,116,21124,14428,6696,,1,1,,,,,,,
1184467073846931,100068509496158,Copinha,"PARA FECHAR O QUARTETO SEMIFINALISTA!
São Paulo leva a melhor em Sorocaba e avança na #CopinhaSil!",,0,"01/19/2026 18:14",N/A,https://www.facebook.com/copinha/posts/pfbid0qSUboG28Zn4p4iY75QuvkYnL5H7Xb93vjWe52eWAPLEJSwKoy6duLx1ZJ4HVCdWkl,0,0,Fotos,,,,,Total,27042,18101,586,546,19,21,292,225,67,,,,,,,,,,
1184497530510552,100068509496158,Copinha,"EM BUSCA DE UMA VAGA NA FINAL!
São Paulo e Ibrachina protagonizam a minha segunda semifinal nessa quinta-feira. Vai ser jogão!
#CopinhaSil",,0,"01/19/2026 19:12",N/A,https://www.facebook.com/copinha/posts/pfbid02XwNHAErowa2eQxax6k8S4BhBpL5tFBg4JcCwgjffrqzeBPTMcN69EtdY7eHkUhJZl,0,0,Fotos,,,,,Total,183042,118872,1710,1521,129,60,3582,2251,1331,,,,,,,,,,
1184855303808108,100068509496158,Copinha,"LOCAL DEFINIDO!
O confronto entre São Paulo e Ibrachina pela semifinal da Copinha Sil 2026 será no MorumBIS!
#CopinhaSil2026",,0,"01/20/2026 06:42",N/A,https://www.facebook.com/copinha/posts/pfbid02hFJUJzdTxXNCUyYB7JX8KZzsECvSR3NVCFX2pm8viJnLPD62a3nLMtynYvpdw7o4l,0,0,Fotos,,,,,Total,375266,258578,3410,2976,338,96,7102,4859,2243,,5,,,,,,,,
1185108477116124,100068509496158,Copinha,"INGRESSOS LIBERADOS! 
Os ingressos para acompanhar a semifinal da Copinha Sil 2026 entre São Paulo e Ibrachina nesta quinta-feira (22), às 21h30, no estádio do Morumbis, estão à venda a partir das 10h desta quarta-feira (21). As entradas deverão ser adquiridas no spfcticket.net/.
#CopinhaSil2026",,0,"01/20/2026 14:32",N/A,https://www.facebook.com/copinha/posts/pfbid0tjNjWHf5WsQbsJjLZ7tMoZj3Jx3AjUAP48RsdU3KtBgaWpXmW3nFd76pq5nJPv1ol,0,0,Fotos,,,,,Total,122132,80495,931,756,95,80,2883,2048,624,211,,,,,,,,,
1185251827101789,100068509496158,Copinha,"A PRIMEIRA DECISÃO!
Grêmio e Cruzeiro entram em campo pela primeira semifinal da Copinha Sil 2026. Quem vai ficar com a vaga?
#CopinhaSil2026",,0,"01/20/2026 19:05",N/A,https://www.facebook.com/copinha/posts/pfbid0KWh3W4GD4QxxU8WC8CtAP36xxLCxgyVvRKt9if4s9dyk2EaQDewqkeMNYCTJT3nkl,0,0,Fotos,,,,,Total,56624,35916,642,551,68,23,1018,714,304,,,,,,,,,,
1185971060363199,100068509496158,Copinha,"QUARTA-FEIRA DE DECISÃO!
É noite de semifinal na Copinha Sil 2026! Vem que tá chegando a hora de Grêmio e Cruzeiro! 
Quem será que leva a primeira vaga na final?👀
#CopinhaSil2026
📷Abner Dourado/Ag. Paulistão",,0,"01/21/2026 15:42",N/A,https://www.facebook.com/copinha/posts/pfbid02VzE4aGxJ9VdAcPVaqXghnNBkjhcsxbqrE7DabLiHCP6rGwcPHcqnZ3nKf9LNLtDFl,0,0,Fotos,,,,,Total,7749,5639,44,40,1,3,162,54,108,,,,,,,,,,
1185971967029775,100068509496158,Copinha,"Não dá pra resistir a um convite desses, né? 👀🥰
#CopinhaSil2026","Não dá pra resistir a um convite desses, né? 👀🥰
#CopinhaSil2026",13,"01/21/2026 15:45",N/A,https://www.facebook.com/reel/1242094057783692/,1,0,Vídeos,,,,,Total,2175,2234,30,30,0,0,14,14,,,,,6736.312,3.424,0,0,0,,
1185973410362964,100068509496158,Copinha,"TÁ CHEGANDO A HORA!
É dia de conhecer o primeiro finalista da Copinha Sil 2026!
#CopinhaSil2026 
📷Abner Dourado/Ag. Paulistão",,0,"01/21/2026 15:48",N/A,https://www.facebook.com/copinha/posts/pfbid02jSRTtu98afTZQMTsU3VkRe6nHU93s4nsmtTtKiAmZbKrbeQoyBK8uNjgtoBZE1Avl,0,0,Fotos,,,,,Total,24296,17471,76,72,3,1,410,129,281,,,,,,,,,,
1185991287027843,100068509496158,Copinha,"AQUECIMENTO FINALIZADO!
Bora pro jogo!
#CopinhaSil2026 
📷Abner Dourado/Ag. Paulistão",,0,"01/21/2026 16:23",N/A,https://www.facebook.com/copinha/posts/pfbid02FnfxqxVqKDHPV6omr7fkgy7Xztyy736ZHu7UtywqSMAWouTqAyKPfW178Bk9N6zfl,0,0,Fotos,,,,,Total,12337,9340,41,41,0,0,125,62,63,,,,,,,,,,
1186003510359954,100068509496158,Copinha,"TÁ TUDO IGUAL! 
O @cauanbaptistella EMPATOU O JOGO DE MANEIRA RELÂMPAGO 🔥
#CopinhaSil2026","TÁ TUDO IGUAL! 
O @cauanbaptistella EMPATOU O JOGO DE MANEIRA RELÂMPAGO 🔥
#CopinhaSil2026",20,"01/21/2026 16:47",N/A,https://www.facebook.com/reel/1472734731310396/,1,0,Vídeos,,,,,Total,63294,50892,588,573,10,5,933,930,,3,,,551596.402,10.978,0,0,0,,
1186004643693174,100068509496158,Copinha,"FOI PRA GALERA!
Depois do gol, o @cauanbaptistella foi dar aquela movimentada na torcida da Raposa! 
#CopinhaSil2026","FOI PRA GALERA!
Depois do gol, o @cauanbaptistella foi dar aquela movimentada na torcida da Raposa! 
#CopinhaSil2026",13,"01/21/2026 16:49",N/A,https://www.facebook.com/reel/1605964917263220/,1,0,Vídeos,,,,,Total,100146,68270,2361,2296,26,39,1311,1303,,8,,,633579.311,9.153,0,0,0,,
1186007257026246,100068509496158,Copinha,"PLACAR ABERTO!
Harlley bate com categoria e inaugura o marcador da semifinal da Copinha Sil 2026!
#CopinhaSil2026","PLACAR ABERTO!
Harlley bate com categoria e inaugura o marcador da semifinal da Copinha Sil 2026!
#CopinhaSil2026",17,"01/21/2026 16:53",N/A,https://www.facebook.com/reel/1554084625681443/,0,0,Vídeos,,,,,Total,185741,132140,1460,1405,48,7,1643,1643,,,,,1756029.668,13.26,0,0,0,,
1186008673692771,100068509496158,Copinha,"TÁ TUDO IGUAL!
Baptistella finaliza de dentro da área para empatar o jogo para o Cruzeiro!
#CopinhaSil2026","TÁ TUDO IGUAL!
Baptistella finaliza de dentro da área para empatar o jogo para o Cruzeiro!
#CopinhaSil2026",17,"01/21/2026 16:55",N/A,https://www.facebook.com/reel/897468182966489/,0,0,Vídeos,,,,,Total,314455,226103,1872,1681,171,20,8169,8168,,1,,,3091512.749,14.637,0,0,0,,
1186014017025570,100068509496158,Copinha,"AVISA QUE É ELE!
Harlley é o nome da emoção para a torcida do Grêmio!
#CopinhaSil2026","AVISA QUE É ELE!
Harlley é o nome da emoção para a torcida do Grêmio!
#CopinhaSil2026",31,"01/21/2026 17:07",N/A,https://www.facebook.com/reel/1802655273786749/,0,0,Vídeos,,,,,Total,92472,96789,894,834,49,11,3822,3822,,,,,1087563.888,12.627,0,0,0,,
1186017113691927,100068509496158,Copinha,"É OS GURI!
O Grêmio tá na frente de novo! Harlley vai pra rede mais uma vez e anota o segundo do Tricolor!
#CopinhaSil2026","É OS GURI!
O Grêmio tá na frente de novo! Harlley vai pra rede mais uma vez e anota o segundo do Tricolor!
#CopinhaSil2026",37,"01/21/2026 17:13",N/A,https://www.facebook.com/reel/4359262037676463/,0,0,Vídeos,,,,,Total,58927,59651,778,700,69,9,1817,1817,,,,,637692.674,11.612,0,0,0,,
1186021553691483,100068509496158,Copinha,"VANTAGEM GAÚCHA!
O Grêmio vai para o intervalo na frente do placar!
#CopinhaSil2026 
📷Abner Dourado/Ag. Paulistão",,0,"01/21/2026 17:21",N/A,https://www.facebook.com/copinha/posts/pfbid02tmT2Jv6dj48CTLTm21r2URbtHkzgTAsRU2QyKVjJvaXVh2Ftq5V8Ed1MVquXqunGl,0,0,Fotos,,,,,Total,216118,150957,735,602,126,7,4245,3253,992,,1,,,,,,,,
1186058340354471,100068509496158,Copinha,"A BATIIIIIIIIIIIIDAAAA!
Eduardo Pape acerta um chutaço de fora da área para empatar o jogo! Tem gol do Cabuloso!
#CopinhaSil2026","A BATIIIIIIIIIIIIDAAAA!
Eduardo Pape acerta um chutaço de fora da área para empatar o jogo! Tem gol do Cabuloso!
#CopinhaSil2026",25,"01/21/2026 18:28",N/A,https://www.facebook.com/reel/746589294738278/,0,0,Vídeos,,,,,Total,104152,84006,2614,2518,60,36,2383,2383,,,,,1095724.295,12.859,0,0,0,,
1186060263687612,100068509496158,Copinha,"FINALISTA CABULOSO! 🦊
A primeira vaga na decisão da #CopinhaSil2026 é do Cruzeiro!",,0,"01/21/2026 18:31",N/A,https://www.facebook.com/copinha/posts/pfbid0uSz4MWDDDyjc9MRbBVYuN9tHeM473xyeQ6rGYQPgQFPRnSrdbcSr2QbE3r5GSbj6l,0,0,Fotos,,,,,Total,108660,79439,2106,1876,118,112,2098,1495,603,,3,,,,,,,,
1186065823687056,100068509496158,Copinha,"FINALISTA!
Cruzeiro vira pra cima do Grêmio e se garante na decisão da Copinha Sil 2026!
#CopinhaSil2026 
📷Abner Dourado/Ag. Paulistão",,0,"01/21/2026 18:41",N/A,https://www.facebook.com/copinha/posts/pfbid0Bc1SHcjg4rePAhyJwDVGQnDVT1aidaA4gyjiWwPfeTnybVhWz23t1aoL4QmCGifSl,0,0,Fotos,,,,,Total,76056,52353,913,822,72,19,1939,986,953,,3,,,,,,,,
1186070917019880,100068509496158,Copinha,"O GOL DA VAGA!
Murilo fez um cruzamento fechado na área e a bola foi direto para o fundo da rede!
#CopinhaSil2026","O GOL DA VAGA!
Murilo fez um cruzamento fechado na área e a bola foi direto para o fundo da rede!
#CopinhaSil2026",36,"01/21/2026 18:49",N/A,https://www.facebook.com/reel/875315628729244/,0,0,Vídeos,,,,,Total,13806,13995,166,156,7,3,272,272,,,,,134833.328,10.646,0,0,0,,
1186073140352991,100068509496158,Copinha,"É DELE!
Autor do gol de empate no duelo de hoje, Eduardo Pape garantiu o troféu de #CraqueDoJogo!
#CopinhaSil2026
📷Abner Dourado/Ag. Paulistão",,0,"01/21/2026 18:54",N/A,https://www.facebook.com/copinha/posts/pfbid02RMTc4GuqbDUxjpbDZXWw7rEthLr8qBoTH5DDoh9jCEZfCA99733z82nuAHWvHWr3l,0,0,Fotos,,,,,Total,58640,42560,497,464,21,12,484,335,149,,1,,,,,,,,
1186075167019455,100068509496158,Copinha,"SORTRE DE FINALISTA!
Murilo cruzou, ninguém encostou e a bola só foi parar no fundo das redes do Grêmio. É o Cruzeiro na final da #CopinhaSil2026","SORTRE DE FINALISTA!
Murilo cruzou, ninguém encostou e a bola só foi parar no fundo das redes do Grêmio. É o Cruzeiro na final da #CopinhaSil2026",23,"01/21/2026 18:57",N/A,https://www.facebook.com/reel/4385492001696977/,0,0,Vídeos,,,,,Total,127228,103293,1403,1295,94,14,2602,2602,,,,,1359720.003,13.208,0,0,0,,
1186077117019260,100068509496158,Copinha,"DE OLHO NELA! 👀🦊
O Cruzeiro vai em busca do bicampeonato da Copinha Sil!
#CopinhaSil2026","DE OLHO NELA! 👀🦊
O Cruzeiro vai em busca do bicampeonato da Copinha Sil!
#CopinhaSil2026",10,"01/21/2026 19:01",N/A,https://www.facebook.com/reel/790936847344686/,1,0,Vídeos,,,,,Total,12813,12068,484,447,17,20,213,213,,,,,44317.443,4.185,0,0,0,,
1186077630352542,100068509496158,Copinha,"A VOZ DA COPINHA SIL 2026 😎
#CopinhaSil2026","A VOZ DA COPINHA SIL 2026 😎
#CopinhaSil2026",18,"01/21/2026 19:02",N/A,https://www.facebook.com/reel/1773472570001130/,1,0,Vídeos,,,,,Total,9790,9476,98,92,4,2,98,98,,,,,45549.494,5.302,0,0,0,,
1186078903685748,100068509496158,Copinha,"PRIMEIRO FINALISTA! ✅
Nos vemos na final, Cruzeiro!
#CopinhaSil2026",,0,"01/21/2026 19:04",N/A,https://www.facebook.com/copinha/posts/pfbid0uwpHR1TiKERrQztvsGRiQdwhn9s6Q8L4mQhQ4BmEGRAJHzF2H7mPy5G9UMJo7Qacl,0,0,Fotos,,,,,Total,356883,238264,3130,2793,304,33,11181,8633,2548,,2,1,,,,,,,
1186079133685725,100068509496158,Copinha,"TEM DUELO PAULISTA NA SEMIFINAL! 
São Paulo e Ibrachina querem a última vaga na final da Copinha Sil. Quem avança?
#CopinhaSil",,0,"01/21/2026 19:05",N/A,https://www.facebook.com/copinha/posts/pfbid0PnpKEX2AKDVw7jsgE6iTDPDQdHZK7R1B2G9vF9dRxCNjoyqyXefRe7tFpaA7aNYdl,0,0,Fotos,,,,,Total,28051,18575,240,218,11,11,227,122,105,,,,,,,,,,
1186086333685005,100068509496158,Copinha,"TORCIDA 🤝 TIME!
A festa dos jogadores do @cruzeirobase com quem estava presente em Taubaté! 
#CopinhaSil2026","TORCIDA 🤝 TIME!
A festa dos jogadores do @cruzeirobase com quem estava presente em Taubaté! 
#CopinhaSil2026",19,"01/21/2026 19:18",N/A,https://www.facebook.com/reel/1405761447952342/,1,0,Vídeos,,,,,Total,88131,78567,3060,2899,106,55,1267,1264,,3,,,600446.226,8.262,0,0,0,,
1186716263622012,100068509496158,Copinha,"A FESTA DA RAPOSA!
Os jogadores do Cruzeiro comemoram demais a classificação pra final da #CopinhaSil2026 🔥","A FESTA DA RAPOSA!
Os jogadores do Cruzeiro comemoram demais a classificação pra final da #CopinhaSil2026 🔥",23,"01/22/2026 13:32",N/A,https://www.facebook.com/reel/1253272596658084/,1,0,Vídeos,,,,,Total,8738,8665,261,247,7,7,176,176,,,,,48264.291,6.083,0,0,0,,
1186751473618491,100068509496158,Copinha,"O clima da semifinal da #CopinhaSil tá como? 😎🔥","O clima da semifinal da #CopinhaSil tá como? 😎🔥",12,"01/22/2026 15:00",N/A,https://www.facebook.com/reel/1901294227930101/,1,0,Vídeos,,,,,Total,70266,47375,1232,1210,16,6,398,398,,,,,409348.448,8.693,0,0,0,,
1186754313618207,100068509496158,Copinha,"TIMES NA ÁREA!
São Paulo e Ibrachina já estão no MorumBIS para a semifinal da Copinha Sil 2026!
#CopinhaSil2026 
📷Jhony Inacio/Ag. Paulistão",,0,"01/22/2026 15:07",N/A,https://www.facebook.com/copinha/posts/pfbid031yixT8jTNxaDaKBco28hsdJoaTfC9AxM2v1tiTBFMREtNsJeoMky2Y3WRBEAgk5Nl,0,0,Fotos,,,,,Total,34135,25364,287,276,9,2,510,126,384,,,,,,,,,,
1186765173617121,100068509496158,Copinha,"TÁ TUDO PRONTO POR AQUI!
Já tá quase na hora da segunda semifinal da Copinha Sil 2026!
#CopinhaSil2026
📷Jhony Inacio/Ag. Paulistão",,0,"01/22/2026 15:34",N/A,https://www.facebook.com/copinha/posts/pfbid044x3jmviaJ2iFAjE3LJPeXnRFvwTCxwMzKC4drHJjNe37ruZ8oEkC9daJcHK2oR5l,0,0,Fotos,,,,,Total,26858,19375,160,148,0,12,449,136,313,,,,,,,,,,
1186766033617035,100068509496158,Copinha,"O COBIÇADO!
Quem será que vai levar o prêmio de Craque do Jogo da semifinal da Copinha Sil 2026? 👀
#CopinhaSil2026
📷Jhony Inacio/Ag. Paulistão",,0,"01/22/2026 15:36",N/A,https://www.facebook.com/copinha/posts/pfbid02UVx2iw5Eu1azzcqkoLjQ5krAcbNoEFXwQe3YBz4S5pyqxWFnQ55sCdeL2h2K9HzUl,0,0,Fotos,,,,,Total,5507,4105,29,28,0,1,30,13,17,,,,,,,,,,
1186789990281306,100068509496158,Copinha,"O IBRA VEIO PRA VENCER! 😮‍💨
A torcida do Ibrachina chegou em peso no MorumBIS! #CopinhaSil","O IBRA VEIO PRA VENCER! 😮‍💨
A torcida do Ibrachina chegou em peso no MorumBIS! #CopinhaSil",19,"01/22/2026 16:33",N/A,https://www.facebook.com/reel/961928467004195/,1,0,Vídeos,,,,,Total,89802,81783,1371,1060,299,12,8491,8491,,,,,680315.338,9.136,0,0,0,,
1186792366947735,100068509496158,Copinha,"PAULINHOOOOO! 🇾🇪
O placar tá aberto no MorumBIS! #CopinhaSil","PAULINHOOOOO! 🇾🇪
O placar tá aberto no MorumBIS! #CopinhaSil",44,"01/22/2026 16:39",N/A,https://www.facebook.com/reel/1186993880313957/,1,0,Vídeos,,,,,Total,14638,14252,484,449,22,13,544,544,,,,,124007.113,9.314,0,0,0,,
1186797713613867,100068509496158,Copinha,"TÁ NA REDE!
Logo no comecinho do jogo, Paulinho anota o primeiro do São Paulo na partida!
#CopinhaSil2026","TÁ NA REDE!
Logo no comecinho do jogo, Paulinho anota o primeiro do São Paulo na partida!
#CopinhaSil2026",18,"01/22/2026 16:50",N/A,https://www.facebook.com/reel/1942829996625648/,0,0,Vídeos,,,,,Total,638440,501216,14252,14033,126,93,6269,6269,,,,,6021007.651,12.225,0,0,1,,
1186800480280257,100068509496158,Copinha,"ISAC É O NOME DELE! 🇾🇪
O São Paulo amplia pra cima do Ibrachina! #CopinhaSil","ISAC É O NOME DELE! 🇾🇪
O São Paulo amplia pra cima do Ibrachina! #CopinhaSil",46,"01/22/2026 16:57",N/A,https://www.facebook.com/reel/918543800844861/,1,0,Vídeos,,,,,Total,8658,8826,241,229,3,9,209,209,,,,,65958.714,8.16,0,0,0,,
1186802813613357,100068509496158,Copinha,"O TRICOLOR TÁ COM TUDO!
Isac aparece por trás da marcação do Ibrachina e usa a cabeça para anotar o segundo do São Paulo no confronto!
#CopinhaSil2026","O TRICOLOR TÁ COM TUDO!
Isac aparece por trás da marcação do Ibrachina e usa a cabeça para anotar o segundo do São Paulo no confronto!
#CopinhaSil2026",16,"01/22/2026 17:01",N/A,https://www.facebook.com/reel/1401415874711870/,0,0,Vídeos,,,,,Total,30057,25354,744,720,10,14,340,340,,,,,200981.897,8.351,0,0,1,,
1186803286946643,100068509496158,Copinha,"BELO GOL, OK? 🔥
Luiz Fernando deixou tudo igual pro Ibrachina! #CopinhaSil","BELO GOL, OK? 🔥
Luiz Fernando deixou tudo igual pro Ibrachina! #CopinhaSil",22,"01/22/2026 17:02",N/A,https://www.facebook.com/reel/2081046012646736/,1,0,Vídeos,,,,,Total,29100,24631,219,208,10,1,813,813,,,,,233794.323,9.913,0,0,0,,
1186807253612913,100068509496158,Copinha,"NA GAVETA!
Luiz Fernando bate com categoria e diminui para o Ibrachina!
#CopinhaSil2026","NA GAVETA!
Luiz Fernando bate com categoria e diminui para o Ibrachina!
#CopinhaSil2026",29,"01/22/2026 17:10",N/A,https://www.facebook.com/reel/813334715052259/,0,0,Vídeos,,,,,Total,553052,451535,4147,4088,44,15,10669,10665,,4,,,7016102.2,16.269,0,0,2,,
1186809810279324,100068509496158,Copinha,"MAIS UM DO TRICOLOR! 😮‍💨
Gustavo Santana faz o 3º no MorumBIS! #CopinhaSil","MAIS UM DO TRICOLOR! 😮‍💨
Gustavo Santana faz o 3º no MorumBIS! #CopinhaSil",35,"01/22/2026 17:16",N/A,https://www.facebook.com/reel/813349658392521/,1,0,Vídeos,,,,,Total,8751,8844,214,197,9,8,217,217,,,,,56771.96,6.963,0,0,0,,
1186812033612435,100068509496158,Copinha,"QUE JOGO É ESSE!? 🤯
Quatro gols nos primeiros 45 minutos de São Paulo e Ibrachina! Vantagem do time da casa até aqui.
#CopinhaSil2026 
📷Jhony Inacio/Ag. Paulistão",,0,"01/22/2026 17:21",N/A,https://www.facebook.com/copinha/posts/pfbid0M7r5bhQs7uiJ9vo3Az9CEEMkc3uFoFFYgA6tUvSafutoNLaXs6Gqu9CRwLAZP1o9l,0,0,Fotos,,,,,Total,115104,81385,922,878,36,8,1632,1088,544,,,1,,,,,,,
1186812340279071,100068509496158,Copinha,"IMPARÁVEL, TRICOLOR!
Agora foi a vez de Gustavo Santana guardar o dele! 3 a 1 para o São Paulo neste primeiro tempo!
#CopinhaSil2026","IMPARÁVEL, TRICOLOR!
Agora foi a vez de Gustavo Santana guardar o dele! 3 a 1 para o São Paulo neste primeiro tempo!
#CopinhaSil2026",26,"01/22/2026 17:21",N/A,https://www.facebook.com/reel/3282893361872559/,0,0,Vídeos,,,,,Total,756911,570827,15303,15059,133,111,6474,6474,,,,,10090566.014,17.817,0,1.87,3,,
1186824090277896,100068509496158,Copinha,"VIROU GOLEADA! 🇾🇪
O Tricolor fez um golaço logo no comecinho do 2º tempo! #CopinhaSil","VIROU GOLEADA! 🇾🇪
O Tricolor fez um golaço logo no comecinho do 2º tempo! #CopinhaSil",24,"01/22/2026 17:45",N/A,https://www.facebook.com/reel/2052185285638205/,1,0,Vídeos,,,,,Total,72512,66884,2136,2064,44,28,1289,1289,,,,,611465.949,9.837,0,0,0,,
1186828996944072,100068509496158,Copinha,"QUE GOLAÇO!
Igor Felisberto cobra falta com muita categoria, no canto direito do goleiro, e transforma o placar pro Tricolor em goleada!
#CopinhaSil2026","QUE GOLAÇO!
Igor Felisberto cobra falta com muita categoria, no canto direito do goleiro, e transforma o placar pro Tricolor em goleada!
#CopinhaSil2026",38,"01/22/2026 17:55",N/A,https://www.facebook.com/reel/987952170598225/,0,0,Vídeos,,,,,Total,10943,11513,371,353,7,11,249,249,,,,,88798.062,8.795,0,0,0,,
1186831953610443,100068509496158,Copinha,"NO DETALHE!
O gol de Isac, do São Paulo, pelos olhares da Copinha Sil!
#CopinhaSil2026","NO DETALHE!
O gol de Isac, do São Paulo, pelos olhares da Copinha Sil!
#CopinhaSil2026",30,"01/22/2026 18:01",uploaded,https://www.facebook.com/reel/1958494215023960/,0,0,Vídeos,,,,,Total,165940,142580,4879,4742,71,66,2360,2360,,,,,1922179.422,13.583,0,0,0,,
1186843963609242,100068509496158,Copinha,"TRICOLOR FINALISTA!
A segunda vaga na decisão da #CopinhaSil2026 é do São Paulo!",,0,"01/22/2026 18:26",N/A,https://www.facebook.com/copinha/posts/pfbid0cPegxmhxy5c6aT2otufgMbRxBNzwz7zZFtzgFx78drv7S7V1fPXJqj2EpFXg6y4Sl,0,0,Fotos,,,,,Total,108279,81314,1637,1476,74,87,1499,1013,486,,1,,,,,,,,
1186846066942365,100068509496158,Copinha,"EM BUSCA DO HEXA!
São Paulo goleia o Ibrachina e se garante na finalíssima de mais uma Copinha Sil!
#CopinhaSil2026 
📷Jhony Inacio/Ag. Paulistão",,0,"01/22/2026 18:30",N/A,https://www.facebook.com/copinha/posts/pfbid0MTPvZD9d8tgeEtzkhjRztozMduLQoXycfCVQRUTZt98Z4kfSbH2tiDBPfL59DF7fl,0,0,Fotos,,,,,Total,106363,76588,1773,1674,50,49,2024,832,1192,,,,,,,,,,
1186848676942104,100068509496158,Copinha,"PINTURA!
O golaço de Igor Felisberto fechou a goleada do São Paulo na semifinal da Copinha Sil 2026!
#CopinhaSil2026","PINTURA!
O golaço de Igor Felisberto fechou a goleada do São Paulo na semifinal da Copinha Sil 2026!
#CopinhaSil2026",16,"01/22/2026 18:35",N/A,https://www.facebook.com/reel/4338401286428258/,0,0,Vídeos,,,,,Total,998732,836725,18289,17856,202,231,11800,11799,,1,,,8306848.023,10.619,0,0.8,7,,
1186852666941705,100068509496158,Copinha,"OLHO NELA! 🏆👀
O São Paulo vai em busca da sua sexta taça da Copinha Sil!
#CopinhaSil2026","OLHO NELA! 🏆👀
O São Paulo vai em busca da sua sexta taça da Copinha Sil!
#CopinhaSil2026",11,"01/22/2026 18:45",N/A,https://www.facebook.com/reel/1319550576871208/,1,0,Vídeos,,,,,Total,23730,23134,1067,969,33,65,624,623,,1,,,91645.646,4.549,0,0,0,,
1186860253607613,100068509496158,Copinha,"CONFRONTO DEFINIDO!
Cruzeiro e São Paulo medirão forças pelo título da Copinha Sil 2026!
#CopinhaSil2026",,0,"01/22/2026 19:01",N/A,https://www.facebook.com/copinha/posts/pfbid0EHxgNG8wcsmyma7dqud8fBHS8dmfSBxMpw2CY2P2iBoXuiTvxKx4zy8xRACcmWCvl,0,0,Fotos,,,,,Total,256223,156946,3544,3136,224,184,5274,2833,2441,,,1,,,,,,,
1186864100273895,100068509496158,Copinha,"ELE BROCA!
Teve gol do Gustavo Santana no MorumBIS!
#CopinhaSil2026","ELE BROCA!
Teve gol do Gustavo Santana no MorumBIS!
#CopinhaSil2026",28,"01/22/2026 19:08",N/A,https://www.facebook.com/reel/1943787323016288/,1,0,Vídeos,,,,,Total,50930,46535,1759,1716,9,34,388,388,,,,,463158.717,10.331,0,0,0,,
1186866960273609,100068509496158,Copinha,"É DELE!
Dono de um golaço na partida, Igor Felisberto foi o #CraqueDoJogoSil na semifinal da Copinha Sil 2026!
#CopinhaSil2026",,0,"01/22/2026 19:14",N/A,https://www.facebook.com/copinha/posts/pfbid02nn3ycEHYajem9pQixpjFJmxH2m8ERaTaEZ3prWzyNcGaFfdjPhb17qv7Z2AZz2Lwl,0,0,Fotos,,,,,Total,24472,18071,337,327,2,8,136,77,59,,,,,,,,,,
1186868060273499,100068509496158,Copinha,"CAMINHOS TRAÇADOS, FINAL DEFINIDA!
Que venha a grande decisão da Copinha Sil 2026!
#CopinhaSil2026",,0,"01/22/2026 19:17",N/A,https://www.facebook.com/copinha/posts/pfbid02huJnxkv8sVhcy9oZzMX8moMhD8zv6yuX1NhgX3vQDpVALXz2tZpL3DUAWNMKUmq8l,0,0,Fotos,,,,,Total,421050,283089,4497,3972,404,121,11855,8777,3078,,2,,,,,,,,
1186868630273442,100068509496158,Copinha,"O craque da noite! 🤩🇾🇪 #CopinhaSil",,0,"01/22/2026 19:17",N/A,https://www.facebook.com/copinha/posts/pfbid02wZWxPg8BRYWvJFUWyqYGowCzYQz1deJX9WDXHAR8sux6z1JZrXNukT7fzhTAZW1cl,0,0,Fotos,,,,,Total,120824,86107,2309,2246,51,12,1601,1113,488,,,,,,,,,,
1186872466939725,100068509496158,Copinha,"COMEMORAÇÃO DOS FINALISTAS COM A TORCIDA! 🇾🇪😮‍💨 #CopinhaSil","COMEMORAÇÃO DOS FINALISTAS COM A TORCIDA! 🇾🇪😮‍💨 #CopinhaSil",22,"01/22/2026 19:25",N/A,https://www.facebook.com/reel/1276181964321186/,1,0,Vídeos,,,,,Total,32520,32150,1904,1814,33,57,599,599,,,,,159772.557,5.43,0,0,0,,
1187232853570353,100068509496158,Copinha,"COLETIVA DA DECISÃO DA COPINHA SIL!
Treinadores e capitães de Cruzeiro e São Paulo e Cruzeiro participam da coletiva de imprensa, nesta sexta-feira (23), às 14h, no Edifício Pelé. Com transmissão AO VIVO no canal do YouTube do @paulistao!
#CopinhaSil2026",,0,"01/23/2026 07:15",N/A,https://www.facebook.com/copinha/posts/pfbid02sYTpvRAE84QgN6bTJCfheM4XPswN3AWesDTxSnjNtYmawfBajy8bsuA7sfV2W6ZGl,0,0,Fotos,,,,,Total,56842,38470,420,391,23,6,679,342,337,,,,,,,,,,
1187338960226409,100068509496158,Copinha,"Garanta já o seu ingresso para assistir à final da Copinha Sil 2026 no site fpf.soudaliga.com.br! 
#CopinhaSil2026",,0,"01/23/2026 10:27",N/A,https://www.facebook.com/copinha/posts/pfbid0zcf6CrqtWeDidgEZEfM8GyC6UpS3SGqMwHbACftYSSg1B1xEXzKEoqJ7LwSHUfc7l,0,0,Fotos,,,,,Total,126007,80940,767,613,135,19,3851,2528,988,335,,1,,,,,,,
1187356013558037,100068509496158,Copinha,"OS PROTAGONISTAS DA DECISÃO! 👀🤩
Esses são meus técnicos e capitães, além do árbitro escalado para a grande final da Copinha Sil 2026!
#CopinhaSil2026 
📷Diego Soares/Ag.Paulistão",,0,"01/23/2026 11:01",N/A,https://www.facebook.com/copinha/posts/pfbid02jC1MN9Wt3Ajsiy3kig4VAc2ZSCPxEJBdorfhNbysvtdFNrUfVfQCbQ89rTmLHPevl,0,0,Fotos,,,,,Total,76993,51782,565,537,21,7,1937,828,1109,,,,,,,,,,
1187360633557575,100068509496158,Copinha,"PAULINHO E ALLAN EM MAIS UMA FINAL! 🇾🇪👀
O capitão e o técnico do Tricolor chegam a mais uma decisão da Copinha Sil 2026!
#CopinhaSil2026 
📷Diego Soares/Ag.Paulistão",,0,"01/23/2026 11:11",N/A,https://www.facebook.com/copinha/posts/pfbid0kdZ4gQndfv4g7YdMiUVbT5KMaEGpZmjV5SzxxDhLK3QbjYvDXBmWB2hP3rH3ftvnl,0,0,Fotos,,,,,Total,228975,156274,3065,3001,47,17,3158,1932,1226,,2,,,,,,,,
1187366830223622,100068509496158,Copinha,"O CAPITÃO E O PROFESSOR DO CABULOSO! 🦊🔥
@26lfernando e @maironcesarmoreira estão mais que preparados para a decisão da Copinha Sil 2026!
#CopinhaSil2026 
📷Diego Soares/Ag.Paulistão",,0,"01/23/2026 11:25",N/A,https://www.facebook.com/copinha/posts/pfbid0nP7t88L8tsj1HeHTHj3fDYVLwK8g5u5Cfxs1BNW8THFfhRzmdftDsGxvjhnuDB1el,0,0,Fotos,,,,,Total,87337,58827,1069,1013,33,23,1466,958,474,34,2,,,,,,,,
1187381723555466,100068509496158,Copinha,"VISITANDO COTIA! 📍
Na primeira edição do Curso Gestão de Categorias de Base da @fpfacademia, a galera teve a chance de conhecer de perto o CFA Laudo Natel, casa da base @saopaulofc, atual campeão e finalista da @copinha Sil em 2026 🏆

🚨 Lembrando que a 2ª edição do Curso Gestão de Categorias de Base está com INSCRIÇÕES ABERTAS. Cola no perfil da FPF Academia para garantir sua vaga e ter a chance de vivenciar experiências como esta!

#FPFAcademia #Curso #GestãoDeBase #CopinhaSil #Cotia",,0,"01/23/2026 12:00",N/A,https://www.facebook.com/copinha/posts/pfbid0YG9o35w7DAqG3bAsyPkYJLhS94hdef7TMDs3aNNRBge4vei1qnbVxRbsSCrKqJW3l,0,0,Fotos,,,,,Total,18247,12599,145,139,1,5,512,88,422,2,,1,,,,,,,
1187406660219639,100068509496158,Copinha,"QUE CATEGORIA!
QUE GOLAÇO DE FALTA DO IGOR FELISBERTO!
#CopinhaSil2026","QUE CATEGORIA!
QUE GOLAÇO DE FALTA DO IGOR FELISBERTO!
#CopinhaSil2026",22,"01/23/2026 13:00",N/A,https://www.facebook.com/reel/907320508319382/,0,0,Vídeos,,,,,Total,18539,17912,773,755,5,13,180,180,,,,,105062.438,6.366,0,0,0,,
1187429736883998,100068509496158,Copinha,"A HISTÓRIA SE REPETE! 🤝
Em 2026, a Mercado Livre Arena Pacaembu vai receber a reedição da final de 2007, também entre Cruzeiro e São Paulo. Na ocasião as Crias da Toca levaram a melhor! E agora, a Raposa conquista o bicampeonato ou o Tricolor defende o título que conquistou no ano passado?
#CopinhaSIL",,0,"01/23/2026 14:00",N/A,https://www.facebook.com/copinha/posts/pfbid02kB1oBwVEeX4X2XMqT1bb5b3gWwBrtAxpgdLeRm3cXsrCZeqN7cWJo6dDpGaLwosdl,0,0,Fotos,,,,,Total,265670,173495,1817,1443,324,50,4695,2553,2142,,3,1,,,,,,,
1187455673548071,100068509496158,Copinha,"A ADM QUER SABER! 👀⁉️
Quem foi o campeão da Copinha Sil no ano em que você nasceu? Deixa aqui nos comentários! 👇
#CopinhaSil",,0,"01/23/2026 15:00",N/A,https://www.facebook.com/copinha/posts/pfbid02E97Ytd72zV14rXvpezy98mq8rmcB3orkKiq1YCBfUzNMyAHFxigc3YCkChTqQgsNl,0,0,Fotos,,,,,Total,36847,18285,265,189,55,21,2921,580,2341,,1,,,,,,,,
1187617123531926,100068509496158,Copinha,"A CAMINHADA DO CABULOSO ATÉ A FINAL! 🦊👀
Vem relembrar a campanha das Crias da Toca na #CopinhaSil 2026!",,0,"01/23/2026 19:00",N/A,https://www.facebook.com/copinha/posts/pfbid02ZZizU7JzDEd7DEihCbU3geepGtb4oHqbTnX9JgYHL3wJQWQKE1QMv5EnfwrRpGzMl,0,0,Fotos,,,,,Total,259230,174025,1988,1722,237,29,6498,4988,1510,,,1,,,,,,,
1188015446825427,100068509496158,Copinha,"A CAMINHADA DO TRICOLOR ATÉ A FINAL! 🇾🇪⭐
Vem relembrar a campanha do São Paulo na #CopinhaSil 2026!",,0,"01/24/2026 06:00",N/A,https://www.facebook.com/copinha/posts/pfbid0TDFWMXjZKjBBKZRt7BrALQZhuGeob71AXmkjNXQgfEQGAMP1TH1zrxhgg4oChEfxl,0,0,Fotos,,,,,Total,362918,244592,3335,3084,161,90,6358,4282,2076,,,2,,,,,,,
1181433467483625,100068509496158,Copinha,"GOL DO FANTASMA! 👻
Kayo recebeu de Nadal, bateu cruzado e abriu o placar para a equipe paranaense!
#CopinhaSil2026","GOL DO FANTASMA! 👻
Kayo recebeu de Nadal, bateu cruzado e abriu o placar para a equipe paranaense!
#CopinhaSil2026",37,"01/15/2026 14:46",N/A,https://www.facebook.com/reel/1177093077958323/,0,0,Vídeos,,,,,Total,105791,90690,696,676,18,2,1784,1784,,,,,1518706.157,16.879,0,0,0,,
1177801934513445,100068509496158,Copinha,"PRIMEIRA PARTE!
Os primeiros confrontos da segunda fase da Copinha Sil 2026 vão rolar nesta segunda! Vem conferir a tabela completa 👀
#CopinhaSil2026",,0,"01/10/2026 13:47",N/A,https://www.facebook.com/copinha/posts/pfbid0HsTcG6Vdgeyktud394dPcftkJ43GVT6NDXmRYfXmRG2fDEq4WCBHxZTWKd1mGnU5l,0,0,Fotos,,,,,Total,32758,17583,220,197,3,20,2968,597,2371,,1,,,,,,
1177796641180641,100068509496158,Copinha,"PODE COMEMORAR! 
O @independenteap está classificado para a próxima fase da #CopinhaSil2026 🥰",,0,"01/10/2026 13:33",N/A,https://www.facebook.com/copinha/posts/pfbid0Cogfx9tzCyZ9P5M74v2bHdawNhmsMUmPrVMDg7zxqfU5PCzWnxnV6omPfS4xqCsKl,0,0,Fotos,,,,,Total,19315,13663,79,70,3,6,157,89,68,,,,,,,,
1181413034152335,100068509496158,Copinha,"CANTOU DE GALO!
Ituano leva a melhor pra cima do Fluminense e carimba a passagem para as oitavas de final da Copinha Sil 2026!
#CopinhaSil2026",,0,"01/15/2026 14:04",N/A,https://www.facebook.com/copinha/posts/pfbid02N9NBCAUyVRvYAjkW5w2PSHXU6mHvypiFhiMTpTeinppvUYDEe3BmqmGGwB6NAcW5l,0,0,Fotos,,,,,Total,63558,44595,315,293,9,13,612,398,214,,,,,,,,
1181383580821947,100068509496158,Copinha,"O HOMEM DA CLASSIFICAÇÃO!
@aranhagk_05 defendeu a 13ª cobrança e garantiu a vaga para as oitavas!
#CopinhaSil2026","O HOMEM DA CLASSIFICAÇÃO!
@aranhagk_05 defendeu a 13ª cobrança e garantiu a vaga para as oitavas!
#CopinhaSil2026",16,"01/15/2026 13:06",N/A,https://www.facebook.com/reel/2043170876481618/,1,0,Vídeos,,,,,Total,1225965,841073,15140,14655,362,123,14700,14700,,,,,10634697.074,13.562,0,0,2
1181378314155807,100068509496158,Copinha,"GABRIEL DEFENDEU E O IBRACHINA GARANTIU VAGA NAS OITAVAS DA COPINHA SIL!
#CopinhaSil2026","GABRIEL DEFENDEU E O IBRACHINA GARANTIU VAGA NAS OITAVAS DA COPINHA SIL!
#CopinhaSil2026",24,"01/15/2026 12:56",mixed,https://www.facebook.com/reel/2826756641018062/,0,0,Vídeos,,,,,Total,11095,10417,178,176,0,2,166,166,,,,,93955.344,10.039,0,0,0
1181378154155823,100068509496158,Copinha,"PARECIA INTERMINÁVEL...
OS CLUBES ESTAVAM COM A MIRA AFIADA NOS PÊNALTIS, MAS O VERDÃO FICOU COM A CLASSIFICAÇÃO 🔥
#CopinhaSil2026",,0,"01/15/2026 12:56",N/A,https://www.facebook.com/copinha/posts/pfbid02ncfEgoNvjyXgA5wyj9bMw9xqyx6ZiM8Ezzt6weNmdR7NnkXXDgEQhqeXzqmKQomDl,0,0,Fotos,,,,,Total,86925,60635,721,624,55,42,1683,1177,506,,1,,,,,,
1181363254157313,100068509496158,Copinha,"IBRACHINA CLASSIFICADO!
Com emoção, equipe vence nos pênaltis e garante vaga nas oitavas da Copinha Sil 2026!
#CopinhaSil2026",,0,"01/15/2026 12:27",N/A,https://www.facebook.com/copinha/posts/pfbid0ob1jgbioD9fJiFCF1NPRTfVXxSYQCj4SkjmwX4SkmwfKCMYTGk4C3Q96BPy8Y29Ll,0,0,Fotos,,,,,Total,62680,44388,217,209,2,6,706,381,325,,1,,,,,,
1181362704157368,100068509496158,Copinha,"BELA JOGADA E O GOL DE EMPATE DO @flamengoguarulhos MARCADO POR RHAUL! 
#CopinhaSil2026","BELA JOGADA E O GOL DE EMPATE DO @flamengoguarulhos MARCADO POR RHAUL! 
#CopinhaSil2026",19,"01/15/2026 12:26",N/A,https://www.facebook.com/reel/3142166335953007/,1,0,Vídeos,,,,,Total,12642,11728,154,136,17,1,440,436,,4,,,97209.796,9.44,0,0,0
1181344204159218,100068509496158,Copinha,"GOLEADA Y CLASSIFICAÇÃO!
Os Crias do Braga bailaram na tarde desta quinta e garantiram a vaga para as oitavas na #CopinhaSil2026 🔥",,0,"01/15/2026 11:50",N/A,https://www.facebook.com/copinha/posts/pfbid02JjNJAj9aMVqYkB7mj3xNdtivCtfFSKpkL3XGwDXof2AEDVtTprSavxBzLLGyEW3pl,0,0,Fotos,,,,,Total,38950,26229,165,152,4,9,439,259,180,,,,,,,,
1181323900827915,100068509496158,Copinha,"DEFENDEEEEEEEEU!
@mroger_05 salvou o Corvo e defendeu um pênalti!
#CopinhaSil2026","DEFENDEEEEEEEEU!
@mroger_05 salvou o Corvo e defendeu um pênalti!
#CopinhaSil2026",18,"01/15/2026 11:10",N/A,https://www.facebook.com/reel/2674267322957265/,0,0,Vídeos,,,,,Total,480653,298813,2489,2465,10,14,1572,1572,,,,,5518943.162,18.739,0,0,0
1181323100827995,100068509496158,Copinha,"QUE JOGADA DAS CRIAS DA ACADEMIA! BELO GOL DO SORRISO! 
#PaulistãoCasasBahia","QUE JOGADA DAS CRIAS DA ACADEMIA! BELO GOL DO SORRISO! 
#PaulistãoCasasBahia",16,"01/15/2026 11:09",N/A,https://www.facebook.com/reel/894283806488810/,1,0,Vídeos,,,,,Total,195496,152249,3324,3251,47,26,1227,1227,,,,,1731740.947,11.889,0,0,0
1181280257498946,100068509496158,Copinha,"NO COMECINHO…
@gabrielllopes06 pegou de primeira e marcou o primeiro do Massa Bruta!
#CopinhaSil2026","NO COMECINHO…
@gabrielllopes06 pegou de primeira e marcou o primeiro do Massa Bruta!
#CopinhaSil2026",17,"01/15/2026 09:55",N/A,https://www.facebook.com/reel/1536059150823204/,1,0,Vídeos,,,,,Total,11702,11126,125,120,1,4,154,152,,2,,,71550.853,7.255,0,0,0
1181234017503570,100068509496158,Copinha,"NA BASE DA EMOÇÃO! 
O Internacional garante a vaga nos pênaltis 🔥
#CopinhaSil2026",,0,"01/15/2026 08:42",N/A,https://www.facebook.com/copinha/posts/pfbid0umDsHMFaGEeuHmv299H5s686oioZNHT4LRvBcZpu1aAjSQLvhZZPZnYgKuFZjALUl,0,0,Fotos,,,,,Total,22517,15092,202,175,17,10,334,278,56,,,,,,,,
1181207770839528,100068509496158,Copinha,"TRANQUILO E CALMO NA CARA DO GOL! 
QUE GOLAÇO DO KLEBER! 
#CopinhaSil2026","TRANQUILO E CALMO NA CARA DO GOL! 
QUE GOLAÇO DO KLEBER! 
#CopinhaSil2026",32,"01/15/2026 08:04",N/A,https://www.facebook.com/reel/1225689072837155/,1,0,Vídeos,,,,,Total,31962,31985,359,337,17,5,1779,1779,,,,,331700.867,11.436,0,0,0
1181204590839846,100068509496158,Copinha,"MAX! 
O goleiro do Itaquá defendeu dois pênaltis e garantiu a classificação da equipe! 
#CopinhaSil2026","MAX! 
O goleiro do Itaquá defendeu dois pênaltis e garantiu a classificação da equipe! 
#CopinhaSil2026",23,"01/15/2026 07:59",N/A,https://www.facebook.com/reel/1445642083951817/,1,0,Vídeos,,,,,Total,96046,73728,732,719,5,8,753,753,,,,,1057208.46,15.189,0,0,0
1181202267506745,100068509496158,Copinha,"ITAQUÁ CLASSIFICADO!
Nos pênaltis, equipe de Itaquaquecetuba faz histórica e garante classificação na Copinha Sil 2026!
#CopinhaSil2026",,0,"01/15/2026 07:56",N/A,https://www.facebook.com/copinha/posts/pfbid0CnbJgti95saHJJRkojpRXqetLujH7GuiaRjRGd2FTYJMjXn1MhykZshr1mU8keLZl,0,0,Fotos,,,,,Total,51798,33153,401,358,27,16,1124,849,275,,,,,,,,
1181197120840593,100068509496158,Copinha,"QUE GOLAÇO DO @itaqua.athletico.clube! 
LUCÃO ACERTOU UM LINDO CHUTE! 
#CopinhaSil2026","QUE GOLAÇO DO @itaqua.athletico.clube! 
LUCÃO ACERTOU UM LINDO CHUTE! 
#CopinhaSil2026",34,"01/15/2026 07:48",N/A,https://www.facebook.com/reel/1304338655064637/,1,0,Vídeos,,,,,Total,9752,10114,138,126,7,5,360,360,,,,,96260.629,10.937,0,0,0
1180745870885718,100068509496158,Copinha,"PRÓXIMA PARADA: OITAVAS DE FINAL DA COPINHA! 📍
Já anota na agenda os jogos que vão movimentar sua sexta-feira! #CopinhaSil2026",,0,"01/14/2026 19:07",N/A,https://www.facebook.com/copinha/posts/pfbid02ewJT3ZD6h3wNh8dmWkXZinZyTTJoFQVUx9rY4gb1CBUPDsRxivj17UbwWBVMsV7Xl,0,0,Fotos,,,,,Total,319278,213189,1858,1722,81,55,7957,3627,4330,,1,,,,,,
1180745014219137,100068509496158,Copinha,"VEM AÍ MAIS UMA!
Prepare-se para acompanhar os times que entram em campo hoje!
#CopinhaSil2026",,0,"01/14/2026 19:05",N/A,https://www.facebook.com/copinha/posts/pfbid0gGqksSL9RciVoMsebhzX53ZprqxFKv6B5XJ66v4aG2frsXXBip2NBWUviP6Huwxil,0,0,Fotos,,,,,Total,40445,24729,240,213,5,22,1606,458,1148,,,,,,,,
1180735287553443,100068509496158,Copinha,"FORÇA E GARRA! 🦾
O XV de Jaú conquista a vitória e garante sua vaga na próxima fase. #CopinhaSil2026",,0,"01/14/2026 18:49",N/A,https://www.facebook.com/copinha/posts/pfbid04t8R7KyMdNbCxjpUfcih7HxxAfYjcxmngF7qd3XizbjsQy5kTx3maAExPHjLAWxJl,0,0,Fotos,,,,,Total,66806,46304,417,380,19,18,799,487,312,,,,,,,,
1180728467554125,100068509496158,Copinha,"O PEIXE ESTÁ DENTRO!
Com uma vitória de 4 a 1 sobre a Ferroviária, o Santos confirma sua vaga na competição!
#CopinhaSil2026",,0,"01/14/2026 18:37",N/A,https://www.facebook.com/copinha/posts/pfbid0F1TfqGwJQGuNULgun9Ce6EFo6MKAbwdmDNjMaDU3mcHFjgLSw4cUvD4trvA2vkWsl,0,0,Fotos,,,,,Total,213725,145498,2201,2071,85,45,3461,1935,1526,,,1,,,,,
1180713754222263,100068509496158,Copinha,"É GUANABARA CITY!
Nos pênaltis, o time goiano garante a classificação e segue firme na #CopinhaSil2026! ⚽",,0,"01/14/2026 18:11",N/A,https://www.facebook.com/copinha/posts/pfbid02AQ7VpgokUoWiTWYPaMNuULgGaH93kr3DoVkdB73ucBBGRDB1sWvGn4LRheHBSv7Zl,0,0,Fotos,,,,,Total,69007,48216,196,183,5,8,538,302,236,,1,,,,,,
1180710334222605,100068509496158,Copinha,"DEU GRÊMIO! 💙
O Grêmio levou a melhor contra a Chapecoense e garantiu a classificação na #CopinhaSil2026!",,0,"01/14/2026 18:05",N/A,https://www.facebook.com/copinha/posts/pfbid0R7Uuxnqx2nve2P1Ne3cGdJLbxBNEP1EWDenUYNDkHfWYjJf27LJnFc4HCVmDsqkdl,0,0,Fotos,,,,,Total,75153,55825,406,380,12,14,725,404,321,,1,,,,,,
1180705797556392,100068509496158,Copinha,"QUE PANCADA! 
MAIS UM DOS MENINOS DA VILA 🥵 #CopinhaSil2026","QUE PANCADA! 
MAIS UM DOS MENINOS DA VILA 🥵 #CopinhaSil2026",26,"01/14/2026 17:58",N/A,https://www.facebook.com/reel/1206789327665146/,0,0,Vídeos,,,,,Total,143125,118010,2558,2496,26,36,1607,1607,,,,,1776271.442,16.042,0,0,0
1180686780891627,100068509496158,Copinha,"GOOOOL DO XV! 
Juan faz o primeiro e o XV de Jaú sai na frente! 🔥 #CopinhaSil2026","GOOOOL DO XV! 
Juan faz o primeiro e o XV de Jaú sai na frente! 🔥 #CopinhaSil2026",29,"01/14/2026 17:25",N/A,https://www.facebook.com/reel/1519481462688350/,0,0,Vídeos,,,,,Total,143427,122980,1154,1108,27,19,1889,1889,,,,,1901662.069,16.488,0,0,0
1180680767558895,100068509496158,Copinha,"O TERCEIRO! 
Os Meninos da Vila vão vencendo a Ferroviária e garantindo a vaga na próxima fase da #CopinhaSil2026 🤩","O TERCEIRO! 
Os Meninos da Vila vão vencendo a Ferroviária e garantindo a vaga na próxima fase da #CopinhaSil2026 🤩",20,"01/14/2026 17:13",N/A,https://www.facebook.com/reel/935947015773823/,0,0,Vídeos,,,,,Total,44686,40650,579,561,6,12,425,425,,,,,377488.111,10.023,0,0,0
1180618044231834,100068509496158,Copinha,"LEU A BATIDA 👀🧤
Adriano, goleiro do @botafogosp, foi no canto certo e defendeu o pênalti! 
#CopinhaSil2026","LEU A BATIDA 👀🧤
Adriano, goleiro do @botafogosp, foi no canto certo e defendeu o pênalti! 
#CopinhaSil2026",15,"01/14/2026 15:08",N/A,https://www.facebook.com/reel/1420669539472141/,0,0,Vídeos,,,,,Total,392413,273933,3162,3117,24,21,2245,2245,,,,,3390347.445,13.356,0,0,0
1180594444234194,100068509496158,Copinha,"APITA O ÁRBITRO ⏱️
Confira os resultados dos jogos da tarde! #CopinhaSil2026",,0,"01/14/2026 14:10",N/A,https://www.facebook.com/copinha/posts/pfbid0EUZ54ghyqDvuNBLGHHvudyEHBarcUgrZRJuwvkhnfQm4jP3TScNSpcKx372NvXTnl,0,0,Fotos,,,,,Total,230471,159235,829,781,20,28,3041,1338,1703,,,,,,,,
1180591754234463,100068509496158,Copinha,"CLASSIFICADOS! 🦊🔵
O Cabuloso garantiu a vitória e  confirmou vaga na próxima fase da #CopinhaSil2026!",,0,"01/14/2026 14:03",N/A,https://www.facebook.com/copinha/posts/pfbid02AVaEQ4BajsTABigtkS9ietyUvEDbSvfVWgrYnTZegYcJYv9KN4crG4bnJq34Ywp1l,0,0,Fotos,,,,,Total,62558,41202,747,687,31,29,797,515,282,,,,,,,,
1180581434235495,100068509496158,Copinha,"NA SOBRA 🤯
Pablo não perdoou e marcou o segundo do Cabuloso! #CopinhaSil2026","NA SOBRA 🤯
Pablo não perdoou e marcou o segundo do Cabuloso! #CopinhaSil2026",20,"01/14/2026 13:36",N/A,https://www.facebook.com/reel/1792394114779882/,0,0,Vídeos,,,,,Total,116504,97300,1828,1797,16,15,734,734,,,,,1080075.368,11.526,0,0,1
1180566080903697,100068509496158,Copinha,"CRIAS DA TOCA! 🦊
Gustavo Zago, subiu e marcou o primeiro gol no duelo entre Cruzeiro e Ponte Preta! #CopinhaSil2026","CRIAS DA TOCA! 🦊
Gustavo Zago, subiu e marcou o primeiro gol no duelo entre Cruzeiro e Ponte Preta! #CopinhaSil2026",27,"01/14/2026 12:59",N/A,https://www.facebook.com/reel/4235118136815662/,0,0,Vídeos,,,,,Total,139268,117898,2241,2210,10,21,868,868,,,,,1632162.461,14.137,0,0,0
1180551327571839,100068509496158,Copinha,"NORDESTE 100%!
América-RN, Atlético-PI e Ceará garantem as primeiras vagas nas oitavas de final da Copinha Sil 2026!
#CopinhaSil2026",,0,"01/14/2026 12:24",N/A,https://www.facebook.com/copinha/posts/pfbid0gUGuZHPZYrfX5F6YnLWAXtuRB9Vv5Cs32KxX9BPza3j84VbP17S28zQNKGiu2Sel,0,0,Fotos,,,,,Total,43140,26551,254,238,6,10,2809,530,2279,,,,,,,,
1180533790906926,100068509496158,Copinha,"O GOLAÇO DO VOZÃO!
Melk abriu espaço e soltou a bomba de fora da área para abrir o placar para o Ceará!
#CopinhaSil2026
🎥CazéTV","O GOLAÇO DO VOZÃO!
Melk abriu espaço e soltou a bomba de fora da área para abrir o placar para o Ceará!
#CopinhaSil2026
🎥CazéTV",48,"01/14/2026 11:42",N/A,https://www.facebook.com/reel/2984997455028620/,0,0,Vídeos,,,,,Total,7002,7097,97,91,2,4,148,148,,,,,45625.71,7.243,0,0,0
1180017624291876,100068509496158,Copinha,"CONFRONTOS DEFINIDOS!
Vem ver onde e quando assistir os últimos jogos da 3ª fase!
#CopinhaSil",,0,"01/13/2026 19:09",N/A,https://www.facebook.com/copinha/posts/pfbid034FegKC6Jh2rr5U8Ak5okHkhAsXnYNCPMUrP3oVo4maeR3L5ccGhRJLJrBSQUtM2Zl,0,0,Fotos,,,,,Total,74212,45469,268,233,21,14,3172,784,2388,,1,,,,,,
1180015994292039,100068509496158,Copinha,"CONFRONTOS DEFINIDOS!
Vem ver onde e quando assistir os últimos jogos da 2ª fase!
#CopinhaSil",,0,"01/13/2026 19:06",N/A,https://www.facebook.com/copinha/posts/pfbid02jkDxjAoVkFEmSkGbyYhXbEdydgyCujsir7Zm6mWALeu5XUmAPQQ4LGReP6nMTkaul,0,0,Fotos,,,,,Total,60839,33115,298,258,10,30,3760,1044,2716,,,,,,,,
1180015544292084,100068509496158,Copinha,"VAI COMEÇAR A TERCEIRA FASE DA COPINHA SIL!
#CopinhaSil2026",,0,"01/13/2026 19:05",N/A,https://www.facebook.com/copinha/posts/pfbid0FZtvXU6N8J8u6gajywu3kmPWB9vvXFoGESAE3DJt34kVJA8hitVU3zwG2FkoESZbl,0,0,Fotos,,,,,Total,27619,15879,119,105,1,13,592,175,417,,,,,,,,
1180013640958941,100068509496158,Copinha,"VAI COMEÇAR MAIS UMA!
Se liga nos jogos dessa quarta feira, que vão abrir a 3ª fase!
#CopinhaSil",,0,"01/13/2026 19:01",N/A,https://www.facebook.com/copinha/posts/pfbid029oAam4vyEzzcUjdpxX32eaXWctVCixSVmkgdDg9XgNU7j4uUtJM964rufhkVps8bl,0,0,Fotos,,,,,Total,35578,22179,154,142,1,11,1193,315,878,,,,,,,,
1180011960959109,100068509496158,Copinha,"BORA PARA A TERCEIRA FASE! 😍
Chaveamento atualizado na #CopinhaSil!",,0,"01/13/2026 18:58",N/A,https://www.facebook.com/copinha/posts/pfbid0VLmUJkLfK49kKQXMEBq1E6tYm9SFHDWuX1y9aRgv3kBTsYNjzQJBQbCaCE77d2pMl,0,0,Fotos,,,,,Total,150790,92193,759,673,60,26,4298,2086,2212,,2,,,,,,
1180008910959414,100068509496158,Copinha,"BORA PARA A TERCEIRA FASE! 😍
Chaveamento atualizado na #CopinhaSil!",,0,"01/13/2026 18:52",N/A,https://www.facebook.com/copinha/posts/pfbid02V3wyKYrJkPf1TvkG8QcPF2rwHp2yxD1QWePjpzowfouLJAog2XCzJvfqTJooQPSHl,0,0,Fotos,,,,,Total,76295,39445,891,776,66,49,4391,2227,2164,,1,,,,,,
1180006277626344,100068509496158,Copinha,"MAIS UM DIA FINALIZADO!
A 2ª fase chegou ao fim nessa terça-feira. Se liga nos resultados!
#CopinhaSil",,0,"01/13/2026 18:47",N/A,https://www.facebook.com/copinha/posts/pfbid0nUubQsLC6aHofLmwRnoGCjd2BtqJVVei4LiTd44fJN8YYMM7n6N2pUtMbruvLU1El,0,0,Fotos,,,,,Total,58609,37529,244,211,16,17,2590,606,1984,,,,,,,,
1180003357626636,100068509496158,Copinha,"GLORIOSO CLASSIFICADO!
A última vaga para a 3ª fase ficou na conta do Fogão!
#CopinhaSil",,0,"01/13/2026 18:42",N/A,https://www.facebook.com/copinha/posts/pfbid0S4CKK6KwJbVF1pF6rMfAhiUJooARnAqS57vS2T6qpHVwnDkAVX9w5F16UnYWJoY7l,0,0,Fotos,,,,,Total,16979,11953,65,56,1,8,121,67,54,,,,,,,,
1179998230960482,100068509496158,Copinha,"NO ÂNGULO!
Golaço do Matheus Fortunato para ampliar o placar para o Botafogo!
#CopinhaSil","NO ÂNGULO!
Golaço do Matheus Fortunato para ampliar o placar para o Botafogo!
#CopinhaSil",28,"01/13/2026 18:32",N/A,https://www.facebook.com/reel/896234702924670/,0,0,Vídeos,,,,,Total,104314,100953,2692,2612,41,39,2722,2721,,1,,,1125223.389,12.396,0,0,0
1179987990961506,100068509496158,Copinha,"MOMENTO FOFURA!
A base vem forte até fora dos gramados 🥹🤏
#CopinhaSil2026
🎥 @ovinifribeiro","MOMENTO FOFURA!
A base vem forte até fora dos gramados 🥹🤏
#CopinhaSil2026
🎥 @ovinifribeiro",20,"01/13/2026 18:12",N/A,https://www.facebook.com/reel/1479906290475729/,1,0,Vídeos,,,,,Total,5907,6047,56,53,1,2,74,74,,,,,29850.923,5.624,0,0,0
1179970237629948,100068509496158,Copinha,"O GOL DA CLASSIFICAÇÃO TRICOLOR! 🇾🇪
Pedro Ferreira marcou o segundo do São Paulo!
#CopinhaSil","O GOL DA CLASSIFICAÇÃO TRICOLOR! 🇾🇪
Pedro Ferreira marcou o segundo do São Paulo!
#CopinhaSil",36,"01/13/2026 17:37",N/A,https://www.facebook.com/reel/1390044232866802/,0,0,Vídeos,,,,,Total,135776,134213,3357,3264,51,42,2022,2022,,,,,1730879.081,14.553,0,0,0
1179968887630083,100068509496158,Copinha,"SÃO PAULO NA TERCEIRA FASE! 🤝
Vitória e classificação Tricolor em Sorocaba!
#CopinhaSil",,0,"01/13/2026 17:34",N/A,https://www.facebook.com/copinha/posts/pfbid024t1zpfgKRtsVQjWcm9YX1CXB2xDD3GjkA3qyqRJZjXtZn6aMBoaZW33TL1Rdfqxel,0,0,Fotos,,,,,Total,118792,83498,1486,1408,45,33,1203,767,436,,,,,,,,
1179951280965177,100068509496158,Copinha,"VERDÃO NA PRÓXIMA FASE! 🐽➡️
Depois de um jogaço, nos pênaltis, a classificação foi alviverde!
#CopinhaSil",,0,"01/13/2026 16:57",N/A,https://www.facebook.com/copinha/posts/pfbid02PjkscPMD3pYiRadxcyKy7jr9mstvB9gFoV4tVeQVioBMhjHuDbQkyq3pZjSuWgdzl,0,0,Fotos,,,,,Total,197146,136439,1584,938,608,38,4826,4155,671,,1,,,,,,
1179947567632215,100068509496158,Copinha,"FIM DE JOGO ELETRIZANTE! 🔥🤩
Virada do Vitória, e empate do Palmeiras...  duas vezes em 11 minutos! 
#CopinhaSil","FIM DE JOGO ELETRIZANTE! 🔥🤩
Virada do Vitória, e empate do Palmeiras...  duas vezes em 11 minutos! 
#CopinhaSil",62,"01/13/2026 16:48",N/A,https://www.facebook.com/reel/1328561089029906/,0,0,Vídeos,,,,,Total,229430,187962,2798,2606,179,13,5448,5448,,,,,4726450.024,25.482,0,1.85,1
1179930107633961,100068509496158,Copinha,"VITÓRIA ANDREENSE!
A @basedoramalhao está classificada para a próxima fase da #CopinhaSil!",,0,"01/13/2026 16:04",N/A,https://www.facebook.com/copinha/posts/pfbid0mwZgYhisexsZfa4ieooPifxjzG87u92YdMnr1VopK6xy4XVufzKteAEi4yGLMBWLl,0,0,Fotos,,,,,Total,26631,18916,121,113,2,6,226,142,84,,1,,,,,,
1179922640968041,100068509496158,Copinha,"FIM DE PAPO!
Nos pênaltis, os Mlks de Xerém garantiram a vaga na 3ª fase da #CopinhaSil!",,0,"01/13/2026 15:46",N/A,https://www.facebook.com/copinha/posts/pfbid0jaBFYWdHvhKBjj11PwzHKz75RugqRe33AX8GeuBQpuXnCTu71wSoU9V9SKjD5bpzl,0,0,Fotos,,,,,Total,42450,29945,167,153,3,11,373,207,166,,,,,,,,
1179912017635770,100068509496158,Copinha,"ALERTA DE GOLAÇO! 🚨🤯
Jhow marcou para o Referência e deixou tudo igual no placar!
#CopinhaSil","ALERTA DE GOLAÇO! 🚨🤯
Jhow marcou para o Referência e deixou tudo igual no placar!
#CopinhaSil",34,"01/13/2026 15:19",N/A,https://www.facebook.com/reel/2300962943718254/,0,0,Vídeos,,,,,Total,14585,13709,185,178,1,6,454,454,,,,,135666.602,10.293,0,0,0
1179842324309406,100068509496158,Copinha,"QUE GOLAÇO DO LIMA, CAMISA 8 DO RED BULL BRAGANTINO! 
#CopinhaSil2026","QUE GOLAÇO DO LIMA, CAMISA 8 DO RED BULL BRAGANTINO! 
#CopinhaSil2026",25,"01/13/2026 12:30",N/A,https://www.facebook.com/reel/1428294745487079/,1,0,Vídeos,,,,,Total,17035,16412,235,230,1,4,193,193,,,,,156182.312,10.238,0,0,0
1179841637642808,100068509496158,Copinha,"MAIS SEIS CLASSIFICADOS PARA A TERCEIRA FASE!
Fim dos jogos decisivos das 15h dessa terça-feira!
#CopinhaSil2026",,0,"01/13/2026 12:28",N/A,https://www.facebook.com/copinha/posts/pfbid0kqZpnhoqnpQynDxdZWhFZ3H3PqAPVY5oR8mnwjq8AvtY9E1WpCPsfM4ErWBhZHRVl,0,0,Fotos,,,,,Total,69437,39301,341,330,0,11,6992,1120,5871,1,,,,,,,
1179833270976978,100068509496158,Copinha,"O GOLAÇO DA CLASSIFICAÇÃO DO @itaqua.athletico.clube! ⚽️💥🤯
#CopinhaSil2026","O GOLAÇO DA CLASSIFICAÇÃO DO @itaqua.athletico.clube! ⚽️💥🤯
#CopinhaSil2026",33,"01/13/2026 12:10",mixed,https://www.facebook.com/reel/1624287482096755/,1,0,Vídeos,,,,,Total,8559,8806,97,95,0,2,179,179,,,,,49670.422,6.411,0,0,0
1179814744312164,100068509496158,Copinha,"GOLEADA DO INTERNACIONAL!
Mais um triunfo e mais uma classificação na conta do Inter!
#CopinhaSil2026",,0,"01/13/2026 11:28",N/A,https://www.facebook.com/copinha/posts/pfbid0baFdPaWgDFmJWweCA4to2aHanexj28aytfCDvMGmHXzE42iH5xwK3aguJgK5Mku5l,0,0,Fotos,,,,,Total,79578,57600,454,429,14,11,1095,717,378,,,,,,,,
1179806384313000,100068509496158,Copinha,"QUE LOUCURA!! 
O Pedro Cobra defendeu o pênalti e na sequência o Ibrachina marcou o gol! 
#CopinhaSil2026","QUE LOUCURA!! 
O Pedro Cobra defendeu o pênalti e na sequência o Ibrachina marcou o gol! 
#CopinhaSil2026",36,"01/13/2026 11:09",N/A,https://www.facebook.com/reel/878721821576458/,1,0,Vídeos,,,,,Total,131120,130806,567,527,33,7,7041,7041,,,,,1846052.988,15.504,0,0,0
1179783727648599,100068509496158,Copinha,"NO ÂNGULO! ⚽️🔥
João Miranda faz esse golaço, o terceiro do Internacional no jogo!
#CopinhaSil2026","NO ÂNGULO! ⚽️🔥
João Miranda faz esse golaço, o terceiro do Internacional no jogo!
#CopinhaSil2026",39,"01/13/2026 10:22",N/A,https://www.facebook.com/reel/858078193769254/,1,0,Vídeos,,,,,Total,118333,99379,3528,3235,231,62,4593,4593,,,,,1552629.633,15.388,0,0,0
1179742627652709,100068509496158,Copinha,"OPA! 🤣 #CopinhaSil2026","OPA! 🤣 #CopinhaSil2026",7,"01/13/2026 09:00",N/A,https://www.facebook.com/reel/1372139934710961/,0,0,Vídeos,,,,,Total,60699,44441,160,156,1,3,443,443,,,,,219185.058,5.256,0,0,0
1179734350986870,100068509496158,Copinha,"➕4️⃣!
Ituano, Operário-PR, Fortaleza e Nacional garantiram a passam para a terceira fase da Copinha Sil 2026!
#CopinhaSil2026",,0,"01/13/2026 08:45",N/A,https://www.facebook.com/copinha/posts/pfbid02iAADb5vPHj88S6KD3odtJiv2xqQcbZVapo116X9eoiKKKwYfgQHbJSSJyBKNJhtbl,0,0,Fotos,,,,,Total,39146,23497,182,168,4,10,2064,447,1617,,,,,,,,
1179702297656742,100068509496158,Copinha,"GOLAÇO NO JUVENAL!
Heverton limpou a marcação do Juventus e bateu colocado pra marcar um lindo gol pro Nacional!
#CopinhaSil2026
🎥Ulisses TV","GOLAÇO NO JUVENAL!
Heverton limpou a marcação do Juventus e bateu colocado pra marcar um lindo gol pro Nacional!
#CopinhaSil2026
🎥Ulisses TV",29,"01/13/2026 07:47",N/A,https://www.facebook.com/reel/4438998326425391/,0,0,Vídeos,,,,,Total,17315,16879,224,220,1,3,162,162,,,,,165752.639,10.729,0,0,0
1179692327657739,100068509496158,Copinha,"AQUELE? 
Tem nome de craque e faro de gol! Rafael Nada, o camisa 9 do Operário, deixou sua marca contra o Independente-AP!
#CopinhaSil2026","AQUELE? 
Tem nome de craque e faro de gol! Rafael Nada, o camisa 9 do Operário, deixou sua marca contra o Independente-AP!
#CopinhaSil2026",36,"01/13/2026 07:31",mixed,https://www.facebook.com/reel/895700056241184/,0,0,Vídeos,,,,,Total,7971,8163,83,79,1,3,93,93,,,,,54608.548,7.428,0,0,0
1179669610993344,100068509496158,Copinha,"CONFIRA ONDE ASSISTIR E OS HORÁRIOS DOS JOGOS DA TERCEIRA FASE!
#CopinhaSil2026",,0,"01/13/2026 06:52",N/A,https://www.facebook.com/copinha/posts/pfbid02qireKCh4YraKR3M8WiLduPkzCMWDdXXEes6WsvyrNDsdsXs3yens5M9an7dNgchBl,0,0,Fotos,,,,,Total,24594,14180,178,162,1,15,1383,440,943,,,,,,,,
1179650370995268,100068509496158,Copinha,"LEÃO A JATO!
O Fortaleza só precisou de 32 segundos para balançar a rede pela primeira vez contra o Novorizontino!
#CopinhaSil2026","LEÃO A JATO!
O Fortaleza só precisou de 32 segundos para balançar a rede pela primeira vez contra o Novorizontino!
#CopinhaSil2026",25,"01/13/2026 06:18",N/A,https://www.facebook.com/reel/1978305126898039/,0,0,Vídeos,,,,,Total,55876,51921,506,484,17,5,1041,1041,,,,,593779.803,12.29,0,0,0
1179642570996048,100068509496158,Copinha,"FANTASMA NA ÁREA! 👻
Um torcedor sobrenatural pra acompanhar o jogão entre Operário-PR e Independente-AP!
#CopinhaSil2026","FANTASMA NA ÁREA! 👻
Um torcedor sobrenatural pra acompanhar o jogão entre Operário-PR e Independente-AP!
#CopinhaSil2026",42,"01/13/2026 06:03",mixed,https://www.facebook.com/reel/915687117614273/,0,0,Vídeos,,,,,Total,11676,11237,223,208,5,10,393,393,,,,,84925.015,7.867,0,0,0
1179351334358505,100068509496158,Copinha,"CONFIRA ONDE ASSISTIR E OS HORÁRIOS DOS JOGOS DA TERCEIRA FASE!
#copinhasil2026",,0,"01/12/2026 20:13",N/A,https://www.facebook.com/copinha/posts/pfbid0rmgsSYcnvfgGNrM46Hn7pUkHhDZWbQFno9YhHZFo3bYQnairsYVkBGEyfizDU8Ltl,0,0,Fotos,,,,,Total,44808,25748,231,201,5,25,2397,643,1754,,,,,,,,
1179343674359271,100068509496158,Copinha,"Simplesmente o placar da classificação das Crias do Mecão nos Pênaltis!
SIX SEVEN!",,0,"01/12/2026 19:55",N/A,https://www.facebook.com/copinha/posts/pfbid02EYvNuZzoY2zRFrqrQ1AvfLXS6s838SmpQJSePggEPJoB94GNJGLCDJG84WMoZe7kl,0,0,Fotos,,,,,Total,88537,60516,165,151,8,6,650,340,310,,,,,,,,
1179336814359957,100068509496158,Copinha,"Bora fechar a segunda fase da Copinha Sil 2026! Confira os confrontos!
#CopinhaSil2026",,0,"01/12/2026 19:42",N/A,https://www.facebook.com/copinha/posts/pfbid02eArQoqPj1AJ5H8i7ergQUAtGzR2ScK6n27T3sN2XLkgtgBNHX3rmYt4DBH1YWYE7l,0,0,Fotos,,,,,Total,23106,13790,164,142,0,22,815,166,649,,,,,,,,
1179326554360983,100068509496158,Copinha,"Como explicar o que é a Copinha Sil sem dizer o que é a Copinha Sil... 🥶🤣 #CopinhaSil2026","Como explicar o que é a Copinha Sil sem dizer o que é a Copinha Sil... 🥶🤣 #CopinhaSil2026",32,"01/12/2026 19:20",N/A,https://www.facebook.com/reel/885809063943532/,0,0,Vídeos,,,,,Total,113123,103734,1070,990,59,21,4016,4016,,,,,1363905.201,13.164,0,0,0
1179325134361125,100068509496158,Copinha,"Como explicar o que é a Copinha Sil sem dizer o que é a Copinha Sil... 🥶🤣 #CopinhaSil2026","Como explicar o que é a Copinha Sil sem dizer o que é a Copinha Sil... 🥶🤣 #CopinhaSil2026",32,"01/12/2026 19:16",N/A,https://www.facebook.com/reel/806657939055154/,1,0,Vídeos,,,,,Total,870448,781547,13424,12678,549,197,38305,38297,,8,,,11779735.134,15.517,0,0,2
1179320867694885,100068509496158,Copinha,"FIM DA SEGUNDA-FEIRA! 🤝
Esses foram os resultados do primeiro dia de 2ª fase da #CopinhaSil2026!",,0,"01/12/2026 19:07",N/A,https://www.facebook.com/copinha/posts/pfbid0H8YJFgXJfzuBKWFYdbPyF6Gbh9UAt6VqT6QHdzyiM6YbtRVugVooEbQgmGsmJ7VMl,0,0,Fotos,,,,,Total,114230,67527,507,475,7,25,6334,1499,4835,,,,,,,,
1179319817694990,100068509496158,Copinha,"Bora fechar a segunda fase da Copinha Sil 2026! Confira os confrontos!
#CopinhaSil2026",,0,"01/12/2026 19:05",N/A,https://www.facebook.com/copinha/posts/pfbid02PALcUNQAyAsKYouFTiBvkdK9ezqD9MHeWrP3zw9u9PcyS7H1jDMbsRXE1Hd7WZXEl,0,0,Fotos,,,,,Total,41872,27240,234,217,0,17,1895,349,1546,,,1,,,,,
1179314091028896,100068509496158,Copinha,"CHAVEAMENTO ATUALIZADO! ✅
Alguns confrontos da 3ª fase já estão definidos! Se liga como ficou! 🔥 #CopinhaSil2026",,0,"01/12/2026 18:53",N/A,https://www.facebook.com/copinha/posts/pfbid0SyAPyPNdZhR5r6cvUrSQ9c6Bf8oSWd6ou7qC8UeRN6FpsvahkJxEDCGKVzuQLa8Tl,0,0,Fotos,,,,,Total,1632741,1025504,5519,5141,270,108,48480,21789,26691,,1,,,,,,
1179312734362365,100068509496158,Copinha,"NO SUFOCO DOS PÊNALTIS! 😮‍💨
O América-RN superou o Sport e tá na 3ª fase da #CopinhaSil2026!",,0,"01/12/2026 18:50",N/A,https://www.facebook.com/copinha/posts/pfbid0ZX72kU6ZN5ohzMsb1PaBFPPdtKZYq6pvwFTiVEJexbZujmKbgVad6E3PwArCJVHnl,0,0,Fotos,,,,,Total,15142,10417,96,89,0,7,90,43,47,,,,,,,,
1179309277696044,100068509496158,Copinha,"O CORINTHIANS ATÉ TENTOU... MAS ENCONTROU O PAREDÃO HYAN PELA FRENTE! 🧤🔥 #CopinhaSil2026","O CORINTHIANS ATÉ TENTOU... MAS ENCONTROU O PAREDÃO HYAN PELA FRENTE! 🧤🔥 #CopinhaSil2026",40,"01/12/2026 18:43",N/A,https://www.facebook.com/reel/25294516176918123/,0,0,Vídeos,,,,,Total,24491,22977,312,290,15,7,771,771,,,,,285700.442,12.956,0,0,0
1179305891029716,100068509496158,Copinha,"É O BUGRE! 🟢🏹
O Guarani venceu o Corinthians e avançou pra 3ª fase da #CopinhaSil2026!",,0,"01/12/2026 18:35",N/A,https://www.facebook.com/copinha/posts/pfbid028uHpVZnvRhXwVPgyUTk1i1JToZmtKtaFHzivEULPwZErESyLbYKvuzQjNhSaU26Vl,0,0,Fotos,,,,,Total,154736,110227,1277,1056,176,45,1594,1135,459,,2,1,,,,,
1179292927697679,100068509496158,Copinha,"☑️ CANETAÇA
☑️ DEFESAÇA

Isso é #CopinhaSil2026!","☑️ CANETAÇA
☑️ DEFESAÇA

Isso é #CopinhaSil2026!",23,"01/12/2026 18:06",N/A,https://www.facebook.com/reel/1370499300937067/,0,0,Vídeos,,,,,Total,68451,53867,526,486,31,9,627,627,,,,,713776.553,13.4,0,0,0
1179289884364650,100068509496158,Copinha,"QUE ISSO, CAIO! 🔥
O camisa 9 do América-RN foi mais rápido que o goleiro e tirou bem demais pra abrir o placar! #CopinhaSil2026","QUE ISSO, CAIO! 🔥
O camisa 9 do América-RN foi mais rápido que o goleiro e tirou bem demais pra abrir o placar! #CopinhaSil2026",51,"01/12/2026 17:59",N/A,https://www.facebook.com/reel/1434648718274635/,0,0,Vídeos,,,,,Total,19404,19459,291,287,1,3,599,599,,,,,269386.125,15.222,0,0,0
1179287367698235,100068509496158,Copinha,"MACACA CLASSIFICADA! 🐒
Nos pênaltis, a Ponte Preta venceu a Francana e avançou pra 3ª fase da #CopinhaSil2026!",,0,"01/12/2026 17:53",N/A,https://www.facebook.com/copinha/posts/pfbid0yAnSDDCyXL3diPHihzNgYUt8oV7zKDRUNz7NV57gpBa7SR7HFxFdLxe7t4DjXXbPl,0,0,Fotos,,,,,Total,66786,47711,337,311,17,9,643,393,250,,,1,,,,,
1179281787698793,100068509496158,Copinha,"A sequência do herói da noite! 🧤🤩 #CopinhaSil2026
📷 @dacruzphotos_",,0,"01/12/2026 17:42",N/A,https://www.facebook.com/copinha/posts/pfbid0hHVEsWGDoHgX2oKnBLG5rX7FSmREU6xPvSHv4PXv4fSxQpLAWd46Eb3cQYHSwJTCl,0,0,Fotos,,,,,Total,12124,8235,78,74,0,4,362,117,245,,,,,,,,
1179271221033183,100068509496158,Copinha,"É O GALO! 🟢🟡
O XV de Jaú venceu o Athletic nos pênaltis, em um jogaço emocionante, e tá na 3ª fase da #CopinhaSil2026!",,0,"01/12/2026 17:16",N/A,https://www.facebook.com/copinha/posts/pfbid0rprZYRWFr4yHawupsTtDB1EGu4QhC3vW3T7Y1xqniPJFRJK99jeL85mmhEMNtkmQl,0,0,Fotos,,,,,Total,92536,64913,558,513,19,26,896,564,332,,,2,,,,,
1179253224368316,100068509496158,Copinha,"CLASSIFICAÇÃO INÉDITA! 🔥
O Grêmio Prudente venceu o Osasco Sporting e avançou pra 3ª fase da #CopinhaSil2026 pela primeira vez na história!",,0,"01/12/2026 16:30",N/A,https://www.facebook.com/copinha/posts/pfbid0qwCVUZWrj8vsHwsQRZK8s4A7G2iQXwZRwoJevQAis5EQGSrV3UBSkPQZtDQPoaZel,0,0,Fotos,,,,,Total,24691,17551,140,130,2,8,174,120,54,,1,,,,,,
1179249844368654,100068509496158,Copinha,"É A LOCOMOTIVA! 🚂
A Ferroviária venceu o Real Brasília e tá garantida na 3ª fase da #CopinhaSil2026!",,0,"01/12/2026 16:22",N/A,https://www.facebook.com/copinha/posts/pfbid02VZ7CXfN8d9F2shAmdG1AT39jd1MH8eT8se51QAjBJbrCF2dzf218vk6B1EKSqURxl,0,0,Fotos,,,,,Total,23521,17103,162,151,0,11,145,84,61,,,,,,,,
1179244231035882,100068509496158,Copinha,"A ÁGUIA SEGUE VOANDO! 🦅
O Guanabara City venceu a Tuna Luso e tá na 3ª fase da #CopinhaSil2026!",,0,"01/12/2026 16:11",N/A,https://www.facebook.com/copinha/posts/pfbid0xyKM1vxe3XWahjYQcyTs2TgzuWwJu1WLCpQ6WGJwn7MyvgzLUgfPJhtgfXsPnpjWl,0,0,Fotos,,,,,Total,55744,37188,195,177,9,9,691,485,206,,,,,,,,
1179233831036922,100068509496158,Copinha,"VAMO, CHAPE! 🏹
A Chapecoense venceu o Votuporanguense e tá na 3ª fase da #CopinhaSil2026!",,0,"01/12/2026 16:08",N/A,https://www.facebook.com/copinha/posts/pfbid0iRLjGUjDmRrw5avTx59qQFgNmVR54rq2R1GbYE2NY3z39jzZjJkE4VKGep1674XTl,0,0,Fotos,,,,,Total,30404,21918,211,180,18,13,330,228,102,,,,,,,,
1179230324370606,100068509496158,Copinha,"VITÓRIA DO VOZÃO! 🏁
O Ceará avançou pra 3ª fase da #CopinhaSil2026 depois de derrotar o Athletico!",,0,"01/12/2026 15:59",N/A,https://www.facebook.com/copinha/posts/pfbid02JQFnk2Rv3yFM99WDSTcBFoKGqYxwaTFu6GBCps2CCRwR9iPcrWqxEWedWW7e9nABl,0,0,Fotos,,,,,Total,18903,13616,187,172,4,11,144,102,42,,,1,,,,,
1179229527704019,100068509496158,Copinha,"LEÃO CLASSIFICADO! 🔥
Nos pênaltis, o Mirassol derrotou o Goiás e avançou pra 3ª fase da #CopinhaSil2026!",,0,"01/12/2026 15:57",N/A,https://www.facebook.com/copinha/posts/pfbid02U3dVU6BZACcuV1K8UEZZLZ6i7GYKFot9PCEWH1AJ7Q17ym6PVUCTCYjmfZ4PoefSl,0,0,Fotos,,,,,Total,38159,27366,229,215,1,13,369,237,132,,,,,,,,
1179209647706007,100068509496158,Copinha,"TÁ LÁ! 🐰🟢
O Coelho venceu a Inter de Limeira e se classificou pra 3ª fase da #CopinhaSil2026!",,0,"01/12/2026 15:03",N/A,https://www.facebook.com/copinha/posts/pfbid0qrcRxpBDtuzBskH9h3XGxEP3dU85bac4y4zv99wVVULDf65tHr87W7MuCc9UzZ91l,0,0,Fotos,,,,,Total,19136,13114,126,116,0,10,138,90,48,,,1,,,,,
1179204417706530,100068509496158,Copinha,"QUE GOLAÇO! 🏁
Adriano finalizou com muita categoria pra colocar o Ceará na frente! 🔥 #CopinhaSil2026!","QUE GOLAÇO! 🏁
Adriano finalizou com muita categoria pra colocar o Ceará na frente! 🔥 #CopinhaSil2026!",12,"01/12/2026 14:48",N/A,https://www.facebook.com/reel/846030371532716/,0,0,Vídeos,,,,,Total,152922,109743,786,778,3,5,459,459,,,,,1006287.996,9.07,0,0,0
1179203614373277,100068509496158,Copinha,"QUE GOLAÇO! 🏁
Adriano finalizou com muita categoria pra colocar o Ceará na frente! 🔥 #CopinhaSil2026!","QUE GOLAÇO! 🏁
Adriano finalizou com muita categoria pra colocar o Ceará na frente! 🔥 #CopinhaSil2026!",12,"01/12/2026 14:46",N/A,https://www.facebook.com/reel/3829308630712008/,1,0,Vídeos,,,,,Total,781646,481758,5085,5013,20,52,2773,2773,,,,,6096618.892,12.907,0,0,0
1179201521040153,100068509496158,Copinha,"FIM DOS JOGOS DA TARDE! ✅
Botafogo, Atlético Piauiense, Grêmio e Santos garantiram as classificações pra 3ª fase da #CopinhaSil2026!",,0,"01/12/2026 14:40",N/A,https://www.facebook.com/copinha/posts/pfbid02zo97V6Q6Cm1vhDMY6yWNz4UptJB52igbM3UdYVgjJTuZVLdnCWojRF2KRkb6rjWQl,0,0,Fotos,,,,,Total,103822,73662,450,427,9,14,1238,586,652,,,,,,,,
1179199851040320,100068509496158,Copinha,"CLASSIFICADOS! ⚪⚫
JP Chermont marcou pra garantir o Santos na 3ª fase da #CopinhaSil2026!",,0,"01/12/2026 14:35",N/A,https://www.facebook.com/copinha/posts/pfbid029CmHjzYry2YE15TmJtE1euJ3rn26YNVVKezQe2GuGLdYykb8kzypHYkNUhkdKUE4l,0,0,Fotos,,,,,Total,19590,13516,354,338,1,15,197,125,72,,1,,,,,,
1179151527711819,100068509496158,Copinha,"ATLÉTICO PIAUIENSE CLASSIFICADO!
A EQUIPE FEZ HISTÓRIA E VENCEU O BAHIA NOS PÊNALTIS!
#CopinhaSil2026",,0,"01/12/2026 12:36",N/A,https://www.facebook.com/copinha/posts/pfbid032YVDHw9qtXVw6Winap7tZMqENcfVM79rMW5tPZjCRPRPjCLUqSwh8CaS6bKVpHTil,0,0,Fotos,,,,,Total,180659,125851,743,695,23,25,1544,883,661,,2,,,,,,
1179149274378711,100068509496158,Copinha,"O GRÊMIO AVANÇA!
O Tricolor venceu por 3 a 1 e carimbou a vaga para a terceira fase da #CopinhaSil2026!",,0,"01/12/2026 12:31",N/A,https://www.facebook.com/copinha/posts/pfbid034dVWsj3EN4CVkv4SyxydSBMRVMRJZhutDgCCKsV2fY8s571Kxhv3cxCqytjNPMgel,0,0,Fotos,,,,,Total,67156,46942,642,606,10,26,764,443,321,,1,,,,,,
1179137884379850,100068509496158,Copinha,"GOLAÇO + COMEMORAÇÃO DIFERENCIADA!
Iago Valeije mandou esse foguete para o fundo da rede e comemorou desse jeito aí!
#CopinhaSil2026","GOLAÇO + COMEMORAÇÃO DIFERENCIADA!
Iago Valeije mandou esse foguete para o fundo da rede e comemorou desse jeito aí!
#CopinhaSil2026",40,"01/12/2026 12:12",N/A,https://www.facebook.com/reel/2299638917228173/,1,0,Vídeos,,,,,Total,23980,24224,320,302,8,10,1000,1000,,,,,299017.207,13.708,0,0,0
1179128797714092,100068509496158,Copinha,"DEU PANTERA!
O Botafogo superou o Vasco e se classificou para a terceira fase da #CopinhaSil2026!",,0,"01/12/2026 11:49",N/A,https://www.facebook.com/copinha/posts/pfbid05aD3AUKYW2RqjXRTHputxyj6cXyozGzvL4vDcxJZe2XoGTzX5wQmZhXwnYhc7nXbl,0,0,Fotos,,,,,Total,31642,21794,307,271,20,16,549,435,114,,,,,,,,
1179107654382873,100068509496158,Copinha,"OLHA O EMPATE DO BAHIA!
Fernando Gabriel chegou chegando para finalizar!
#CopinhaSil2026","OLHA O EMPATE DO BAHIA!
Fernando Gabriel chegou chegando para finalizar!
#CopinhaSil2026",38,"01/12/2026 10:59",N/A,https://www.facebook.com/reel/1942851039665431/,0,0,Vídeos,,,,,Total,11827,11063,149,140,5,4,324,324,,,,,131153.015,12.263,0,0,0
1179105731049732,100068509496158,Copinha,"QUE GOLAÇO DO LUIS CARLOS!
A canhotinha tá afiada, hein?!
#CopinhaSil2026","QUE GOLAÇO DO LUIS CARLOS!
A canhotinha tá afiada, hein?!
#CopinhaSil2026",31,"01/12/2026 10:55",N/A,https://www.facebook.com/reel/1640017277038439/,0,0,Vídeos,,,,,Total,46149,39866,540,518,7,15,640,640,,,,,554579.68,13.636,0,0,0
1179078774385761,100068509496158,Copinha,"PANTERA ABRE O PLACAR NO PRIMEIRO MINUTO!
O Botafogo se coloca na vantagem contra o Vasco!
#CopinhaSil2026","PANTERA ABRE O PLACAR NO PRIMEIRO MINUTO!
O Botafogo se coloca na vantagem contra o Vasco!
#CopinhaSil2026",52,"01/12/2026 09:59",N/A,https://www.facebook.com/reel/1234345568641386/,1,0,Vídeos,,,,,Total,11288,11820,148,141,3,4,387,387,,,,,110024.281,10.387,0,0,0
1179022627724709,100068509496158,Copinha,"CABULOSO CLASSIFICADO!
De virada, o Cruzeiro garante a vaga na terceira fase da Copinha Sil 2026!
#CopinhaSil2026",,0,"01/12/2026 08:14",N/A,https://www.facebook.com/copinha/posts/pfbid02AVMZdeg2t3eMyuSM7AjQGnCDTbpq2DYysJ3g2tFEqF5AKmH9GiV8T1nEXmK4Nqvnl,0,0,Fotos,,,,,Total,136958,90587,1268,1198,38,32,2466,1273,1193,,1,,,,,,
1179000981060207,100068509496158,Copinha,"GOLAÇO DA RAPOSA!
Eduardo Pape amplia para o Cruzeiro!
#CopinhaSil2026","GOLAÇO DA RAPOSA!
Eduardo Pape amplia para o Cruzeiro!
#CopinhaSil2026",32,"01/12/2026 07:38",N/A,https://www.facebook.com/reel/1484470069907404/,1,0,Vídeos,,,,,Total,9595,9707,206,197,1,8,259,259,,,,,72589.272,8.113,0,0,0
1178993877727584,100068509496158,Copinha,"AKILES VIRA PARA OS CRIAS DA TOCA!
É o @cruzeirobase na frente do placar! 
#CopinhaSil2026","AKILES VIRA PARA OS CRIAS DA TOCA!
É o @cruzeirobase na frente do placar! 
#CopinhaSil2026",52,"01/12/2026 07:26",N/A,https://www.facebook.com/reel/1160017645927019/,1,0,Vídeos,,,,,Total,10624,10017,179,168,2,9,238,236,,2,,,98825.252,9.959,0,0,0
1178964694397169,100068509496158,Copinha,"DEFENDEEEEU EDUARDO!
O goleiro do @esporteclubemeianoite pegou o pênalti e impediu o empate do Cruzeiro!
#CopinhaSil2026","DEFENDEEEEU EDUARDO!
O goleiro do @esporteclubemeianoite pegou o pênalti e impediu o empate do Cruzeiro!
#CopinhaSil2026",21,"01/12/2026 06:38",N/A,https://www.facebook.com/reel/26498988476370286/,0,0,Vídeos,,,,,Total,61523,54524,401,370,26,5,2131,2131,,,,,557954.015,11.053,0,0,0
1178625681097737,100068509496158,Copinha,"VAI COMEÇAR!
A segunda fase da Copinha Sil 2026 chegou!
#CopinhaSil2026",,0,"01/11/2026 19:05",N/A,https://www.facebook.com/copinha/posts/pfbid02bF95vtXxKUBjiZ6ggsoKfvh765mtwTsHHw5XZoEhtXCY6XSdYdZWaQTqNPdzxET2l,0,0,Fotos,,,,,Total,91077,53888,525,472,12,41,5074,943,4131,,,,,,,,
1178518794441759,100068509496158,Copinha,"MUITO OBRIGADO! 🫶
A Copinha Sil 2026 não seria a mesma sem vocês!
#CopinhaSil2026",,0,"01/11/2026 15:20",N/A,https://www.facebook.com/copinha/posts/pfbid0BPELVuS3T1JSq4VxRkg94bUSBmFfMaSwJrYRyALwYp6yayCuNQ5hxCP1DuuHrQidl,0,0,Fotos,,,,,Total,140477,89866,916,856,42,18,5844,3785,2059,,,,,,,,
1178422881118017,100068509496158,Copinha,"ANOTA NA AGENDA!
Dezesseis partidas vão movimentar a terça-feira de Copinha Sil 2026! Se liga só no que vem por aí!
#CopinhaSil2026",,0,"01/11/2026 11:27",N/A,https://www.facebook.com/copinha/posts/pfbid02K7Rn4Rxx3krYJ7mp66J65VZfWepizGEjT2JQ9WvgCHeWpJN9zuWV76c8QFe2PxQ1l,0,0,Fotos,,,,,Total,118521,72066,529,482,4,43,8268,1714,6554,,,,,,,,
1178416501118655,100068509496158,Copinha,"AGORA É MATA-MATA!
Se liga como ficou o chaveamento da segunda fase da Copinha Sil 2026!
#CopinhaSil2026",,0,"01/11/2026 11:17",N/A,https://www.facebook.com/copinha/posts/pfbid034YuUoDLhNWM7BZowzhrEowgJjcNuBnkgNksypyVfTVh5j4KC6KtuQ9sDDZvJp7GLl,0,0,Fotos,,,,,Total,2551504,1617322,11782,10618,742,422,87464,31954,55509,1,9,2,,,,,
1178339297793042,100068509496158,Copinha,"Se liga no que rolou nos últimos jogos da primeira fase da Copinha Sil 2026!
#CopinhaSil2026",,0,"01/11/2026 08:53",N/A,https://www.facebook.com/copinha/posts/pfbid03761dSCy7tL6pERdr3EdvZ5t3Ejv4eZQdNDutEmWdGvYszABmBjpQxprtvte9JbFfl,0,0,Fotos,,,,,Total,17571,11949,116,108,0,8,138,57,81,,1,,,,,,
1178338724459766,100068509496158,Copinha,"PONTO FINAL!
Os grupos 25 e 27 definiram os últimos classificados para a segunda fase da Copinha Sil 2026!
#CopinhaSil2026",,0,"01/11/2026 08:52",N/A,https://www.facebook.com/copinha/posts/pfbid029wFHeq9C6x8nUKBc64a2V1f8jVuHddt3AZ3ZxFN4hRVWtXe1RfxREbxSherkdhMnl,0,0,Fotos,,,,,Total,15010,8757,99,89,0,10,614,134,480,,,1,,,,,
1178317921128513,100068509496158,Copinha,"SORRISO! 
O camisa 7 do Verdão avançou livre e encheu o pé para fechar a vitória do Palmeiras pra cima do Remo!
#CopinhaSil2026","SORRISO! 
O camisa 7 do Verdão avançou livre e encheu o pé para fechar a vitória do Palmeiras pra cima do Remo!
#CopinhaSil2026",20,"01/11/2026 08:15",N/A,https://www.facebook.com/reel/3518267268350194/,0,0,Vídeos,,,,,Total,188077,162116,4368,4268,67,33,3488,3488,,,,,1684917.68,11.021,0,0,0
1178316664461972,100068509496158,Copinha,"7️⃣ VEZES EDUARDO! 
O craque do Palmeiras marcou 4 gols e deu 3 assistências na goleada na #CopinhaSil2026! 😮‍💨","7️⃣ VEZES EDUARDO! 
O craque do Palmeiras marcou 4 gols e deu 3 assistências na goleada na #CopinhaSil2026! 😮‍💨",76,"01/11/2026 08:12",uploaded,https://www.facebook.com/reel/1363961568327151/,1,0,Vídeos,,,,,Total,7333,7182,149,135,7,7,165,165,,,,,86516.458,12.807,0,0,0
1178316511128654,100068509496158,Copinha,"CRIAS DA ACADEMIA 🤝 MLKS DE XERÉM!
Palmeiras e Fluminense fecham a primeira fase da Copinha Sil 2026 com vitória!
#CopinhaSil2026",,0,"01/11/2026 08:12",N/A,https://www.facebook.com/copinha/posts/pfbid02AsASFWnwSDjEzpjNgacJxrKFG8qd8NeRManXXUF2JoQKBbn99fpt1TkQvFHnKVGl,0,0,Fotos,,,,,Total,26914,18388,153,142,6,5,515,145,370,,,,,,,,
1178240197802952,100068509496158,Copinha,"Água Santa e Monte Roraima começaram o domingão com vitória!
#CopinhaSil2026",,0,"01/11/2026 06:01",N/A,https://www.facebook.com/copinha/posts/pfbid037fYCXC2q4GZ7CDw3MoVYveUNMtFiV2bKNDGizBNdtnJ6Jn2QXAxjhfrVKEqke3EJl,0,0,Fotos,,,,,Total,12293,8355,58,50,1,7,269,95,174,,,,,,,,
1178236671136638,100068509496158,Copinha,"NAKAMURA! 🤯
O camisa 10 do Batalhão limpou a marcaçãoe deu o tapa pra marcar um golaço pra equipe do Tocantins!
#CopinhaSil2026","NAKAMURA! 🤯
O camisa 10 do Batalhão limpou a marcaçãoe deu o tapa pra marcar um golaço pra equipe do Tocantins!
#CopinhaSil2026",24,"01/11/2026 05:55",N/A,https://www.facebook.com/reel/3200695150107788/,0,0,Vídeos,,,,,Total,7471,6900,106,101,0,5,71,71,,,,,47770.155,7.16,0,0,0
1178205134473125,100068509496158,Copinha,"AULA DE CONTRA-ATAQUE!
O escanteio era o Água Santa, mas o Brasiliense recuperou a bola e só foi parar no fundo da rede!
#CopinhaSil2026","AULA DE CONTRA-ATAQUE!
O escanteio era o Água Santa, mas o Brasiliense recuperou a bola e só foi parar no fundo da rede!
#CopinhaSil2026",47,"01/11/2026 04:59",N/A,https://www.facebook.com/reel/1608623390332078/,0,0,Vídeos,,,,,Total,11733,11427,196,188,2,6,296,296,,,,,129584.808,11.877,0,0,0
1177927694500869,100068509496158,Copinha,"O ÚLTIMO DIA DA PRIMEIRA FASE DA COPINHA SIL 2026 VEIO AÍ!
#CopinhaSil2026",,0,"01/10/2026 19:05",N/A,https://www.facebook.com/copinha/posts/pfbid0ZW83jswgr3AZxG9UwY4ekbvMKMJfz6BwtJuaHQZaKbfNnZvdk4hoDXQ4c3GUidc2l,0,0,Fotos,,,,,Total,38881,25726,248,233,1,14,426,202,224,,,,,,,,
1177906534502985,100068509496158,Copinha,"DUPLA CLASSIFICADA!
Audax e Atlético-MG garantem vaga para a próxima fase. Vem conferir o Grupo 29 da Copinha Sil 2026!
#CopinhaSil2026",,0,"01/10/2026 18:19",N/A,https://www.facebook.com/copinha/posts/pfbid02rPBwgLbxQiBre8gNgg5TGbjrt2R7sT3v4qapRHzTMzP3M3uuQcRUif9nMcHFNwDbl,0,0,Fotos,,,,,Total,14374,9627,81,69,0,12,123,69,54,,,,,,,,
1177905641169741,100068509496158,Copinha,"FIM DE PAPO!
A primeira fase está chegando ao fim, então vem conferir os resultados da sexta-feira na #CopinhaSil2026.",,0,"01/10/2026 18:18",N/A,https://www.facebook.com/copinha/posts/pfbid02MoNzhqj7m127XGmHaHMvMJbtxwcfye4RGCv2ewDuqxdvyobqNQoXTsAw6M6v2EYQl,0,0,Fotos,,,,,Total,14537,8146,128,112,2,14,1066,217,849,,,,,,,,
1177903234503315,100068509496158,Copinha,"UM, DOIS, TRÊS!
Anota mais três na conta do Audax.
#CopinhaSil2026",,0,"01/10/2026 18:12",N/A,https://www.facebook.com/copinha/posts/pfbid02s9regTvsxCXHYAvK9S8MFuYxjfgA6gtHv7oD1nqrENLMd1ZZ3WgVBNJL6zZTA3mMl,0,0,Fotos,,,,,Total,21907,14739,196,182,3,11,267,191,76,,,,,,,,
1177867544506884,100068509496158,Copinha,"PASSOU A RÉGUA!
Assim terminou o Grupo 22, com Botafogo e Águia de Marabá garantindo vaga. 
#CopinhaSil2026",,0,"01/10/2026 16:41",N/A,https://www.facebook.com/copinha/posts/pfbid02bcSH1eM7BsDT746tXh8dFZH9X3kyp9WbbkCgiWkosqFS1MtwRYZCuDyXQb4uiFG4l,0,0,Fotos,,,,,Total,8313,5538,72,62,2,8,84,50,34,,,,,,,,
1177864014507237,100068509496158,Copinha,"SÓ TAVA VALENDO GOLAÇO? 
O Tricolor tava inspirado demais e saiu essas duas pinturas. Qual foi a mais bonita, torcedor? 
#CopinhaSil2026 
🎥 @nodetalhetricolor_","SÓ TAVA VALENDO GOLAÇO? 
O Tricolor tava inspirado demais e saiu essas duas pinturas. Qual foi a mais bonita, torcedor? 
#CopinhaSil2026 
🎥 @nodetalhetricolor_",29,"01/10/2026 16:32",uploaded,https://www.facebook.com/reel/2283930938778306/,1,0,Vídeos,,,,,Total,76024,71106,2452,2382,27,43,967,966,,1,,,644013.526,9.624,0,0,0
1177855604508078,100068509496158,Copinha,"TUDO DEFINIDO!
São Paulo e Independente garantem vaga na segunda fase.
#CopinhaSil2026",,0,"01/10/2026 16:09",N/A,https://www.facebook.com/copinha/posts/pfbid0fjPWd4y445No9CxjTSMugY1bK4x7JyLK39UzPqpadR643t9oyDJ6a4QTRbmgk9P8l,0,0,Fotos,,,,,Total,82900,54136,557,532,5,20,952,509,443,,,,,,,,
1177853167841655,100068509496158,Copinha,"NÃO FALTOU GOL!
São Paulo e Botafogo encerraram a primeira fase goleando!
#CopinhaSil2026",,0,"01/10/2026 16:02",N/A,https://www.facebook.com/copinha/posts/pfbid028JTEp9fv7hNvYNgF25LZbLFCj8q12cDurDABHGMZx1cE5atnqYc3SgSGsGeyxmNWl,0,0,Fotos,,,,,Total,15529,10376,122,109,0,13,329,106,223,,,,,,,,
1177848017842170,100068509496158,Copinha,"MAS O QUE FOI ISSO????? 
UM GOL DE BICICLETA, SENHORAS E SENHORES! VIVA A COPINHA SIL 2026 🤩
#CopinhaSil2026","MAS O QUE FOI ISSO????? 
UM GOL DE BICICLETA, SENHORAS E SENHORES! VIVA A COPINHA SIL 2026 🤩
#CopinhaSil2026",23,"01/10/2026 15:48",N/A,https://www.facebook.com/reel/26079704998313772/,1,0,Vídeos,,,,,Total,22985,18298,549,516,14,19,651,651,,,,,198791.372,9.992,0,0,0
1177844931175812,100068509496158,Copinha,"NA BOLA PARADA!
NADA COMO UM GOL DE FALTA, NÉ? 
#CopinhaSil2026","NA BOLA PARADA!
NADA COMO UM GOL DE FALTA, NÉ? 
#CopinhaSil2026",25,"01/10/2026 15:40",N/A,https://www.facebook.com/reel/845284601638637/,1,0,Vídeos,,,,,Total,691743,556120,17851,17554,159,138,8383,8382,,1,,,7908038.147,14.006,0,0,0
1177838184509820,100068509496158,Copinha,"SE LIGA 👀 
Essa é a classificação do grupo 15 da #CopinhaSil2026!",,0,"01/10/2026 15:24",N/A,https://www.facebook.com/copinha/posts/pfbid0rSU44snTXfSwMXfvAU2PkAsACnQL5Jd8MdA9xUUmTd4Gox7Y3oq2Uye1dz1DBwo8l,0,0,Fotos,,,,,Total,5259,3669,44,35,4,5,43,28,15,,,,,,,,
1177830864510552,100068509496158,Copinha,"MAIS UM DELE!
Matheus Menezes estava em uma noite inspirada! 
#CopinhaSil2026
🎥 @nodetalhetricolor_","MAIS UM DELE!
Matheus Menezes estava em uma noite inspirada! 
#CopinhaSil2026
🎥 @nodetalhetricolor_",14,"01/10/2026 15:05",N/A,https://www.facebook.com/reel/1194843628890731/,1,0,Vídeos,,,,,Total,5828,5401,90,88,0,2,56,56,,,,,28458.186,5.582,0,0,0
1177829057844066,100068509496158,Copinha,"PARA SAIR NA FRENTE!
Menezes dominou, girou e colocou para dentro do gol!
#CopinhaSil2026
🎥 @nodetalhetricolor_","PARA SAIR NA FRENTE!
Menezes dominou, girou e colocou para dentro do gol!
#CopinhaSil2026
🎥 @nodetalhetricolor_",21,"01/10/2026 15:00",N/A,https://www.facebook.com/reel/1555377322458635/,1,0,Vídeos,,,,,Total,3075,3090,57,54,0,3,26,26,,,,,13068.144,4.614,0,0,0
1177815054512133,100068509496158,Copinha,"FIM DE TARDE! 🌇
Tarde movimentada e cheia de emoção por aqui! #CopinhaSil2026",,0,"01/10/2026 14:22",N/A,https://www.facebook.com/copinha/posts/pfbid02zimkAzD7537h8bqzbGfb4Cq35PEqKnVKUF7MDR4x5nPURUQ2nXtAgNdH5yNxwAwol,0,0,Fotos,,,,,Total,5201,3386,38,35,0,3,108,35,73,,,,,,,,
1177805981179707,100068509496158,Copinha,"NO ACRÉSCIMO! 🤪
Emoção até o último segundo na #CopinhaSil2026!","NO ACRÉSCIMO! 🤪
Emoção até o último segundo na #CopinhaSil2026!",21,"01/10/2026 13:58",N/A,https://www.facebook.com/reel/1385365006589447/,1,0,Vídeos,,,,,Total,153263,110822,2100,2072,15,13,1860,1860,,,,,1735234.07,15.568,0,0,1
1175584454735193,100068509496158,Copinha,"ACELERA, LOCOMOTIVA!
A Base de Ferro vence mais uma na #CopinhaSil2026!",,0,"01/07/2026 11:33",N/A,https://www.facebook.com/copinha/posts/pfbid09xn3v8FJNYQQyCGwJwHBmiPKVycN1t6cT4k9TdDPHfBW7ZXHZMuhwaYgKP3m9Cxkl,0,0,Fotos,,,,,Total,5934,4235,38,35,0,3,26,21,5,,,,,,,,,,
1175582204735418,100068509496158,Copinha,"NO LUGAR CERTO!
Isac marca o segundo do São Paulo!
#CopinhaSil2026","NO LUGAR CERTO!
Isac marca o segundo do São Paulo!
#CopinhaSil2026",22,"01/07/2026 11:28",mixed,https://www.facebook.com/reel/1408574964127060/,0,0,Vídeos,,,,,Total,81569,73144,2672,2643,11,18,721,721,,,,,751339.163,11.124,0,10,1,,
1177792691181036,100068509496158,Copinha,"O BONDE DOS CLASSIFICADOS!
Vem conferir como ficaram as tabelas de mais uma leva de grupos da #CopinhaSil2026!",,0,"01/10/2026 13:22",N/A,https://www.facebook.com/copinha/posts/pfbid08L6K2QthUR3E6xHoGzukHr6dWQAyztM2eG922y3q3KBWXGhWsBXsKGjt1dUpJj1cl,0,0,Fotos,,,,,Total,7204,4219,61,53,0,8,481,92,389,,,,,,,,,,
1177791601181145,100068509496158,Copinha,"CAMINHOS TRAÇADOS!
Confira como ficaram os grupos da #CopinhaSil2026. ✅",,0,"01/10/2026 13:20",N/A,https://www.facebook.com/copinha/posts/pfbid0mTAo21VUHK2wtaaWbaJ5WDJ55S1Lot6LhA3QarpJb2YX5j7BeeNLML5seHs2ur6Vl,0,0,Fotos,,,,,Total,27525,15023,146,129,1,16,3294,871,2423,,,,,,,,,,
1177776224516016,100068509496158,Copinha,"FIM DE PAPO NOS JOGOS DAS 15H!
#CopinhaSil2026",,0,"01/10/2026 12:43",N/A,https://www.facebook.com/copinha/posts/pfbid0foRuDoXpEyU3ioMTiVjBJKZwsv7G4ihn8umE5BwzpDvuV6Qtfenq6YpjgchYMj8pl,0,0,Fotos,,,,,Total,10242,7150,73,64,1,8,312,120,192,,,,,,,,,,
1177772391183066,100068509496158,Copinha,"VITORIOSOS E CLASSIFICADOS!
O @referencia_fc está na segunda fase da Copinha Sil 2026!
#CopinhaSil2026",,0,"01/10/2026 12:34",N/A,https://www.facebook.com/copinha/posts/pfbid02zQKGUjfCB1b2zbJBgFZ3zNnCR4CE75HwjTsCDTSwCxesTx4PCTxv1ggV8x9rvtQVl,0,0,Fotos,,,,,Total,10045,7624,51,43,2,6,74,43,31,,,,,,,,,,
1177771157849856,100068509496158,Copinha,"GOLEADA DO JUVENTUDE!
Para cravar a primeira colocação do Grupo 21!
#CopinhaSil2026",,0,"01/10/2026 12:31",N/A,https://www.facebook.com/copinha/posts/pfbid09NNku3sC6NgjmkM8kQNUVTk1q4nWa3FyNJqam1mf8FnPDK3zkBg8irbctFkrum6cl,0,0,Fotos,,,,,Total,128637,90897,273,258,4,11,1249,523,726,,,,,,,,,,
1177770611183244,100068509496158,Copinha,"PRA FECHAR O DIA! 🤝
Mais 4 jogos de Copinha Sil pra noite de sábado! #CopinhaSil2026",,0,"01/10/2026 12:30",N/A,https://www.facebook.com/copinha/posts/pfbid08j8poB99MszeHkJidk56tr6iYkafDUA1cthLpqK4x8TghHuxC3k8YSLxq6oRpQhml,0,0,Fotos,,,,,Total,17851,12815,103,94,1,8,180,71,109,,,,,,,,,,
1177764024517236,100068509496158,Copinha,"CLASSIFICAÇÃO DUPLA!
Nada de gols no duelo entre Ferroviária e Cuiabá, mas ambos se garantem na próxima fase da #CopinhaSil2026!",,0,"01/10/2026 12:14",N/A,https://www.facebook.com/copinha/posts/pfbid02rhRn3RHRHV5MjzWqLSMAWFiNvWX6z3y257SvpypW8L9AuXk2xn49bP632VZ8cGnil,0,0,Fotos,,,,,Total,11550,8629,58,54,0,4,60,25,35,,,,,,,,,,
1177721337854838,100068509496158,Copinha,"VAI DAÍ MESMO?! 😱
Que golaço do @cosmopolitanosports! 
#CopinhaSil2026","VAI DAÍ MESMO?! 😱
Que golaço do @cosmopolitanosports! 
#CopinhaSil2026",36,"01/10/2026 10:45",N/A,https://www.facebook.com/reel/875049948785248/,1,0,Vídeos,,,,,Total,6558,6683,96,90,0,6,134,134,,,,,50267.318,8.332,0,0,0,,
1177716427855329,100068509496158,Copinha,"FIM DE MAIS UMA BATERIA DE JOGOS!
Vem conferir os resultados de mais duelos desse sábado!
#CopinhaSil2026",,0,"01/10/2026 10:36",N/A,https://www.facebook.com/copinha/posts/pfbid02oKPuudXxs3cK9KLhruXnRVe4iN6QrAHuoRGwyo7cxNbUKoLxKGbvFxG5RtkdJxEPl,0,0,Fotos,,,,,Total,11503,7450,81,74,3,4,769,139,630,,,,,,,,,,
1177711987855773,100068509496158,Copinha,"FIM DE ALMOÇO E FIM DOS JOGOS DAS 13H!
Vem ver os resultados dos confrontos do começo da tarde da #CopinhaSil2026!",,0,"01/10/2026 10:26",N/A,https://www.facebook.com/copinha/posts/pfbid037iVFHu3qxiw2mBGSMT7XLTPWbGGKYMdXhmrpaqHsbFCcYr7aheRHoBENHkup9fkgl,0,0,Fotos,,,,,Total,12438,8503,77,72,0,5,330,97,233,,,,,,,,,,
1177691761191129,100068509496158,Copinha,"DE PRIMEIRA PARA O FUNDO DA REDE!
Belo cruzamento do Izidoro e lindo gol do JP!
#CopinhaSil2026","DE PRIMEIRA PARA O FUNDO DA REDE!
Belo cruzamento do Izidoro e lindo gol do JP!
#CopinhaSil2026",49,"01/10/2026 09:45",N/A,https://www.facebook.com/reel/915406344501770/,1,0,Vídeos,,,,,Total,2870,3113,24,21,0,3,36,36,,,,,14989.603,5.494,0,0,0,,
1177682264525412,100068509496158,Copinha,"CHAMOU A RESPONSA E DISSE “DEIXA QUE EU RESOLVO”!
Que golaço do Everson para ampliar o placar para o @confiancaecsape! 
#CopinhaSil2026","CHAMOU A RESPONSA E DISSE “DEIXA QUE EU RESOLVO”!
Que golaço do Everson para ampliar o placar para o @confiancaecsape! 
#CopinhaSil2026",30,"01/10/2026 09:28",N/A,https://www.facebook.com/reel/4195550354094605/,1,0,Vídeos,,,,,Total,6581,6576,88,86,0,2,110,110,,,,,51245.316,8.421,0,0,0,,
1177680954525543,100068509496158,Copinha,"A molecada do @nacionalacsp tá abusada! 🤪🔥 #CopinhaSil2026","A molecada do @nacionalacsp tá abusada! 🤪🔥 #CopinhaSil2026",10,"01/10/2026 09:25",N/A,https://www.facebook.com/reel/1530076644746656/,0,0,Vídeos,,,,,Total,35735,27064,92,90,0,2,409,408,,1,,,175800.47,6.717,0,0,0,,
1177667024526936,100068509496158,Copinha,"TARDE RECHEADA! 🔥
Bora que tem mais #CopinhaSil2026 nesse sábado!",,0,"01/10/2026 09:00",N/A,https://www.facebook.com/copinha/posts/pfbid028QTbS4YRLcr2ULHx9r7YjJC6zd6QWdEJ7v9Z7XLFfszAVKZokupRnSSg6axHusQNl,0,0,Fotos,,,,,Total,6433,4082,51,43,0,8,209,62,147,,,,,,,,,,
1177649201195385,100068509496158,Copinha,"TUDO 100% ATUALIZADO! ✅
Nacional e Internacional estão garantidos na próxima fase da #CopinhaSil2026!",,0,"01/10/2026 08:28",N/A,https://www.facebook.com/copinha/posts/pfbid02tgRehbP129PzxUCbtucA4ZMb6eKD9fxFgapRKpZUwqmZjHbDBVzcBwZmfopabbYVl,0,0,Fotos,,,,,Total,19553,13638,126,117,2,7,251,165,86,,,,,,,,,,
1177646967862275,100068509496158,Copinha,"GRUPO DEFINIDO! ✅
Santos e Real Brasília estão classificados pra próxima fase da #CopinhaSil2026!",,0,"01/10/2026 08:24",N/A,https://www.facebook.com/copinha/posts/pfbid0KaBiKJmtvuND4V7z945VMaMYNhJRzAAK4SFyE8ogspCt68paX1GNYokiK5sDknbWl,0,0,Fotos,,,,,Total,25543,17346,171,160,0,11,286,150,136,,,,,,,,,,
1177644567862515,100068509496158,Copinha,"SÓ JOGAÇO! 😮‍💨🔥
O sábado de #CopinhaSil2026 tá entregando demaaais!!!",,0,"01/10/2026 08:19",N/A,https://www.facebook.com/copinha/posts/pfbid0PzPiNmPAtC3JKsuC6Z7KPT4aZcQhLfFHg5KvB99B2zoZpo1yzhrPWuzyQWK9ndPJl,0,0,Fotos,,,,,Total,17749,11128,66,59,1,6,884,152,732,,,,,,,,,,
1177643427862629,100068509496158,Copinha,"Contra-ataque rápido e um belo gol pra fechar a vitória do @ecsantoandre! 🔥 #CopinhaSil2026","Contra-ataque rápido e um belo gol pra fechar a vitória do @ecsantoandre! 🔥 #CopinhaSil2026",38,"01/10/2026 08:17",N/A,https://www.facebook.com/reel/728664133294640/,0,0,Vídeos,,,,,Total,6048,5966,52,49,1,2,209,209,,,,,58800.725,10.604,0,0,0,,
1177605407866431,100068509496158,Copinha,"Gol de falta = 😍🥰🤩 #CopinhaSil2026","Gol de falta = 😍🥰🤩 #CopinhaSil2026",21,"01/10/2026 07:16",N/A,https://www.facebook.com/reel/1413022270344879/,0,0,Vídeos,,,,,Total,16762,16423,611,598,4,9,491,491,,,,,115026.297,7.73,0,0,0,,
1177595691200736,100068509496158,Copinha,"HORA DO ALMOÇO TEM JOGO! ✅
Liga a TV e vem acompanhar os jogos da tarde com a gente! 🤩 #CopinhaSil2026",,0,"01/10/2026 07:00",N/A,https://www.facebook.com/copinha/posts/pfbid033u7purZaKSo4HeueDF7qmPJLeTRGouDtdS1GFyMGcfBMV5AK5XMRa8KdfHdUiUe2l,0,0,Fotos,,,,,Total,8559,5738,58,54,0,4,288,102,186,,,,,,,,,,
1177588911201414,100068509496158,Copinha,"O SÁBADO COMEÇOU AGITADO! 🔥
Esses foram os resultados dos jogos das 8h45, já pra animar o fim de semana! #CopinhaSil2026",,0,"01/10/2026 06:49",N/A,https://www.facebook.com/copinha/posts/pfbid02jSy8ouv1Dzq3kRjJQcr6ABMENxa4UoLKLw2zrAtYUUVY2anRVN2g5pWofnbGgu8nl,0,0,Fotos,,,,,Total,5832,4120,39,36,0,3,195,77,118,,,,,,,,,,
1177501467876825,100068509496158,Copinha,"✅ Lindo passe
✅ Drible no goleiro
Belo gol pra começar o sábado de #CopinhaSil2026!","✅ Lindo passe
✅ Drible no goleiro
Belo gol pra começar o sábado de #CopinhaSil2026!",37,"01/10/2026 04:18",N/A,https://www.facebook.com/reel/1533696081222463/,0,0,Vídeos,,,,,Total,12620,12052,251,245,2,4,332,332,,,,,135968.066,11.935,0,0,0,,
1177242104569428,100068509496158,Copinha,"ACABOU A BRINCADEIRA!
Então vem conferir como terminou o dia na #CopinhaSil2026 👀",,0,"01/09/2026 19:09",N/A,https://www.facebook.com/copinha/posts/pfbid02rFmDeZHHHDqi1qBrTxdoMUTG72PxCda2QVnfVapKFf4jZ4cNA56NuZFnWLa9LaNal,0,0,Fotos,,,,,Total,10829,5871,109,87,0,22,823,147,676,,,,,,,,,,
1177240007902971,100068509496158,Copinha,"SABADOU! 😮‍💨
Nada como um fim de semana lotaaaado de Copinha Sil! 🤩 #CopinhaSil2026",,0,"01/09/2026 19:05",N/A,https://www.facebook.com/copinha/posts/pfbid0oPYfvZ7ZaBp5DvwGk157hb8FaiRVHwQKRv3GWcT4WQyi5URokpEMLaBpnTecr4Szl,0,0,Fotos,,,,,Total,28043,16101,199,163,3,33,1703,327,1376,,,,,,,,,,
1177238297903142,100068509496158,Copinha,"RAPOSA NA PONTA!
Para fechar, Cruzeiro garante a liderança do Grupo 13.
#CopinhaSil2026",,0,"01/09/2026 19:02",N/A,https://www.facebook.com/copinha/posts/pfbid02eYFwGnxeoaN8y7gbekBsdywoCQsNUXF8vikeSoysMMkU4C986MBthJD8UiY6gAxpl,0,0,Fotos,,,,,Total,10620,7302,69,53,9,7,144,94,50,,,,,,,,,,
1177236421236663,100068509496158,Copinha,"RAPOSA NA PONTA!
Para fechar, Cruzeiro garante a liderança do Grupo 13.
#CopinhaSil2026",,0,"01/09/2026 18:58",N/A,https://www.facebook.com/copinha/posts/pfbid0uVAk1ZJhnxYCUUF6SAQqe2cnMhRdBLqD7yBBqAJMHT2kgiZQGGEqZehQUaDKpJo5l,0,0,Fotos,,,,,Total,30423,20393,160,144,8,8,506,349,157,,,,,,,,,,
1177235947903377,100068509496158,Copinha,"PARA FECHAR!
Cruzeiro, Athletico e Athletic garantiram os três pontos no encerramento do dia. 
#CopinhaSil2026",,0,"01/09/2026 18:57",N/A,https://www.facebook.com/copinha/posts/pfbid026X2jrzJF7Mn6P4L7mbddhz7kAh27ZiXVVERjX5wP8YcyXiH2ZMH3VKs787j3bwnMl,0,0,Fotos,,,,,Total,12015,8167,48,45,0,3,349,65,284,,1,,,,,,,,
1177230317903940,100068509496158,Copinha,"O QUE FOI ISSO? 
Não tá faltando golaço na Copinha Sil 2026! Dessa vez foi o @carlos_a.006 deixar a pintura dele. 
#CopinhaSil2026","O QUE FOI ISSO? 
Não tá faltando golaço na Copinha Sil 2026! Dessa vez foi o @carlos_a.006 deixar a pintura dele. 
#CopinhaSil2026",21,"01/09/2026 18:44",N/A,https://www.facebook.com/reel/762869730175488/,1,0,Vídeos,,,,,Total,39663,27437,702,670,15,17,1342,1342,,,,,368284.021,12.265,0,0,0,,
1177228294570809,100068509496158,Copinha,"VAGA GARANTIDA!
Athletico Paranaense, Osasco Sporting, Athletic e Guarani se juntam as equipes classificadas!
#CopinhaSil2026",,0,"01/09/2026 18:40",N/A,https://www.facebook.com/copinha/posts/pfbid02nQD93hLcudtrJLuGnxMrKy278R37SCUeYKU8SCT3N6yc4h8kgSi8BS6e6mran3rNl,0,0,Fotos,,,,,Total,8953,5292,81,68,0,13,498,127,371,,,,,,,,,,
1177210114572627,100068509496158,Copinha,"UM, DOIS, TRÊS! 
Vem conferir os gols que garantiram a vitória e à classificação para o Timão! 
#CopinhaSil2026","UM, DOIS, TRÊS! 
Vem conferir os gols que garantiram a vitória e à classificação para o Timão! 
#CopinhaSil2026",57,"01/09/2026 18:02",N/A,https://www.facebook.com/reel/1429997908689918/,1,0,Vídeos,,,,,Total,5991,5735,85,80,0,5,145,145,,,,,60152.45,10.934,0,0,0,,
1177198037907168,100068509496158,Copinha,"É GOL QUE VOCÊS QUEREM?
Então vem conferir como terminaram mais quatro jogos na Copinha Sil 2026.
#CopinhaSil2026",,0,"01/09/2026 17:37",N/A,https://www.facebook.com/copinha/posts/pfbid02gAceafQq5K8795NHpeAoGnmoVrjDuUAFtMan9heid16hqMUNjcUg2HW5qsRx479Pl,0,0,Fotos,,,,,Total,7989,5303,42,38,0,4,333,80,253,,,,,,,,,,
1177189337908038,100068509496158,Copinha,"MAIS QUATRO!
Vem conferir quem garantiu a classificação no Grupo 6 e no Grupo 12! 👀
#CopinhaSil2026",,0,"01/09/2026 17:17",N/A,https://www.facebook.com/copinha/posts/pfbid0HnYa2yXmuWgSxkxGs3HzXK25MT5eC99dDJ6rc7wgfCu58xUCLVqCmdN7yWLEE7PUl,0,0,Fotos,,,,,Total,11427,6787,89,78,1,10,664,141,523,,,,,,,,,,
1177178977909074,100068509496158,Copinha,"EM SEGUIDA!
Essa foi a sequência que da virada do @vascobase na #CopinhaSil2026 🔥","EM SEGUIDA!
Essa foi a sequência que da virada do @vascobase na #CopinhaSil2026 🔥",35,"01/09/2026 16:52",N/A,https://www.facebook.com/reel/24723837900625408/,1,0,Vídeos,,,,,Total,10285,9853,152,141,4,7,303,303,,,,,112408.003,12.25,0,0,0,,
1177175044576134,100068509496158,Copinha,"NÃO FALTOU GOL!
Corinthians, Guarani e Atlético-PI garantiram três pontos no encerramento da primeira fase da #CopinhaSil2026 🔥",,0,"01/09/2026 16:43",N/A,https://www.facebook.com/copinha/posts/pfbid02tXUGkD8ajYnKSvLXzBkyQovp3oEV5LndXu4WB3sjV5jXBPKNmQVF6bzXjLy7sACzl,0,0,Fotos,,,,,Total,16209,10719,79,69,0,10,674,97,577,,,,,,,,,,
1177157844577854,100068509496158,Copinha,"BONDE FECHADO!
Corinthians e XV de Jaú avançam para a segunda fase na Copinha Sil 2026!
#CopinhaSil2026",,0,"01/09/2026 16:01",N/A,https://www.facebook.com/copinha/posts/pfbid0mY5qF8TL4LqkrqqK6rrrSLHymZ2PZmFbpcipxa1gRTWNB6VtyKG2ZEjFRqTKsPmJl,0,0,Fotos,,,,,Total,92215,60082,433,389,19,25,1235,698,537,,1,,,,,,,,
1177122601248045,100068509496158,Copinha,"FIM DA PRIMEIRA FASE PARA O GRUPO 31!
Vem conferir como ficou a classificação de mais quatro equipes!
#CopinhaSil2026",,0,"01/09/2026 14:33",N/A,https://www.facebook.com/copinha/posts/pfbid02LMBLZapsz3inH48NvqSMK23VvQwpNrJmXzW2FLGYKag7KJdXqSxtNffNkL6cGGwhl,0,0,Fotos,,,,,Total,29799,20663,147,139,0,8,437,291,146,,,,,,,,,,
1177121417914830,100068509496158,Copinha,"Fim dos jogos da tarde e esses foram os resultados! #CopinhaSil2026",,0,"01/09/2026 14:30",N/A,https://www.facebook.com/copinha/posts/pfbid034CUzDKCqmPvSccqPuvaZ3KbzbHaWtNyorMP8FRveVHzRinooyZLnfwQ2t82FXvUgl,0,0,Fotos,,,,,Total,8153,5804,48,42,1,5,59,38,21,,1,,,,,,,,
1177105977916374,100068509496158,Copinha,"BELO GOL! 🔥
O Olímpico se despediu da #CopinhaSil2026 com um golaço!","BELO GOL! 🔥
O Olímpico se despediu da #CopinhaSil2026 com um golaço!",42,"01/09/2026 13:52",N/A,https://www.facebook.com/reel/859900563455680/,0,0,Vídeos,,,,,Total,4071,3821,63,58,0,5,56,56,,,,,25772.538,6.794,0,0,0,,
1177102874583351,100068509496158,Copinha,"AU-LERTA DE FOFURA… E DE PARCERIA NOVA! 🐶⚽️🥰
Ninguém melhor para fazer o ensaio de fotos do novo Multiball do #PaulistãoCasasBahia da @pedigreebr que esses garotos-propaganda!","AU-LERTA DE FOFURA… E DE PARCERIA NOVA! 🐶⚽️🥰
Ninguém melhor para fazer o ensaio de fotos do novo Multiball do #PaulistãoCasasBahia da @pedigreebr que esses garotos-propaganda!",39,"01/09/2026 13:43",N/A,https://www.facebook.com/reel/1192244165905701/,1,0,Vídeos,,,,,Total,1963,2057,15,14,0,1,3,3,,,,,3195.787,1.732,0,0,0,,
1177073704586268,100068509496158,Copinha,"VITÓRIA DO FLAMENGO!
O líder do grupo 28 terminou a primeira fase da #CopinhaSil2026 invicto!",,0,"01/09/2026 12:36",N/A,https://www.facebook.com/copinha/posts/pfbid025KTs1tXojqpWL6uzS2dsmnNzMCiUmPPY4mFBAQTdrC3pjZj4PgBAaT9UNEyWbJ8El,0,0,Fotos,,,,,Total,82081,54690,148,127,15,6,2427,2045,382,,,,,,,,,,
1177072387919733,100068509496158,Copinha,"FIM DOS JOGOS DO COMEÇO DA TARDE!
Vem ver os resultados dos confrontos das 15h15!
#CopinhaSil2026",,0,"01/09/2026 12:34",N/A,https://www.facebook.com/copinha/posts/pfbid037N4jGmGtWvrE9euvZwLvDqdtqyQFKhtbpLD94CJTDTU2qsEm4xCn66rEaFLmbejul,0,0,Fotos,,,,,Total,20716,13941,154,140,0,14,276,126,150,,1,,,,,,,,
1177066727920299,100068509496158,Copinha,"QUE BOMBA! 💣 
Miguel arrisca de fora da área e abre o placar para o @chapecoensenabase. #CopinhaSil2026","QUE BOMBA! 💣 
Miguel arrisca de fora da área e abre o placar para o @chapecoensenabase. #CopinhaSil2026",23,"01/09/2026 12:21",N/A,https://www.facebook.com/reel/885458611095902/,1,0,Vídeos,,,,,Total,7270,6709,92,90,0,2,48,48,,,,,50557.293,7.802,0,0,0,,
1177065301253775,100068509496158,Copinha,"ELE MUDOU O JOGO!
Brenno entrou e fez dois gols na vitória do América-RN!
#CopinhaSil2026
📷Cleder R Damasceno",,0,"01/09/2026 12:18",N/A,https://www.facebook.com/copinha/posts/pfbid0tDtXaoX2hMoLMDHRu9BWZ75MQusV1hjSQXCKmVeKLD3y1FoQe7oCAsZVbi1V2qTvl,0,0,Fotos,,,,,Total,7254,5399,31,29,0,2,40,20,20,,,,,,,,,,
1177064687920503,100068509496158,Copinha,"Isso é Copinha Sil! 🤩🤣 #CopinhaSil2026",,0,"01/09/2026 12:16",N/A,https://www.facebook.com/copinha/posts/pfbid02HzEGXSPVoxLYUUUtZ4eg3Xfd6vmgxDkhFYjX8gDAQqdA3EjuLZo4RgLBKgvPVPAEl,0,0,Fotos,,,,,Total,77136,51005,359,333,20,6,1242,602,640,,2,,,,,,,,
1177058897921082,100068509496158,Copinha,"JOÃO BOM, SEMPRE ELE! 
O camisa 9 do Volta Redonda é goleador! 
#CopinhaSil2026","JOÃO BOM, SEMPRE ELE! 
O camisa 9 do Volta Redonda é goleador! 
#CopinhaSil2026",31,"01/09/2026 12:03",N/A,https://www.facebook.com/reel/2268945406960676/,1,0,Vídeos,,,,,Total,7755,7957,120,107,7,6,257,257,,,,,64079.877,8.879,0,0,0,,
1177056154588023,100068509496158,Copinha,"QUE EFEITO! 
Pega só esse chute do João Paulo, do @atleticodealagoinhas! 
#CopinhaSil2026","QUE EFEITO! 
Pega só esse chute do João Paulo, do @atleticodealagoinhas! 
#CopinhaSil2026",32,"01/09/2026 11:58",N/A,https://www.facebook.com/reel/1791811204779901/,1,0,Vídeos,,,,,Total,4876,5152,57,51,1,5,109,109,,,,,33038.311,7.177,0,0,0,,
1177045291255776,100068509496158,Copinha,"CONTRATO PROFISSIONAL! 🟢⚪
Craque do Palmeiras na Copinha Sil, Eduardo assinou com o Verdão até o fim de 2029! 👏🔥 #CopinhaSil2026
📷 Fabio Menotti/Palmeiras","CONTRATO PROFISSIONAL! 🟢⚪
Craque do Palmeiras na Copinha Sil, Eduardo assinou com o Verdão até o fim de 2029! 👏🔥 #CopinhaSil2026
📷 Fabio Menotti/Palmeiras",31,"01/09/2026 11:35",N/A,https://www.facebook.com/reel/1613277626362571/,1,0,Vídeos,,,,,Total,14725,15271,671,652,12,7,330,330,,,,,105308.364,7.685,0,0,0,,
1177034331256872,100068509496158,Copinha,"TEVE GOL DE BICICLETA NA COPINHA SIL! 
QUE GOLAÇO DO BRENNO, DO @americafcnatal! 
#CopinhaSil2026","TEVE GOL DE BICICLETA NA COPINHA SIL! 
QUE GOLAÇO DO BRENNO, DO @americafcnatal! 
#CopinhaSil2026",48,"01/09/2026 11:12",N/A,https://www.facebook.com/reel/764220610054534/,1,0,Vídeos,,,,,Total,7018,7250,137,133,1,3,223,222,,1,,,56592.003,8.548,0,0,0,,
1177029691257336,100068509496158,Copinha,"COM CATEGORIA! 
Pedrinho caprichou na finalização e fez mais um para o Cascavel! 
#CopinhaSil2026","COM CATEGORIA! 
Pedrinho caprichou na finalização e fez mais um para o Cascavel! 
#CopinhaSil2026",43,"01/09/2026 11:02",N/A,https://www.facebook.com/reel/1685769472406236/,1,0,Vídeos,,,,,Total,3507,3789,40,38,0,2,41,41,,,,,21966.29,6.58,0,0,0,,
1177028767924095,100068509496158,Copinha,"ANTES DE DORMIR!
Não dá para ir para cama antes de acompanhar todos os jogos da #CopinhaSil2026 😴",,0,"01/09/2026 11:00",N/A,https://www.facebook.com/copinha/posts/pfbid031rBvUPJ7AQyUjDq5C7JzTwq5gfLgUdoUPetGfE17pijztNhtRaDAUVTGk9VTwHCel,0,0,Fotos,,,,,Total,16481,11315,89,82,0,7,678,212,466,,,,,,,,,,
1177024264591212,100068509496158,Copinha,"QUE TAPA DO NEGUEBA! 
Belo na goleada do Cascavel na Copinha Sil 2026! 
#CopinhaSil2026","QUE TAPA DO NEGUEBA! 
Belo na goleada do Cascavel na Copinha Sil 2026! 
#CopinhaSil2026",35,"01/09/2026 10:51",N/A,https://www.facebook.com/reel/1524003992223014/,1,0,Vídeos,,,,,Total,4590,4969,44,41,0,3,78,78,,,,,29593.232,6.781,0,0,0,,
1177011467925825,100068509496158,Copinha,"FOI O TEMPO DE COMEMORAR… E O EMPATE VEIO! 😱
O Capivariano se colocou na frente do placar, mas o Rio Branco empatou de novo assim que o jogo recomeçou!
#CopinhaSil2026","FOI O TEMPO DE COMEMORAR… E O EMPATE VEIO! 😱
O Capivariano se colocou na frente do placar, mas o Rio Branco empatou de novo assim que o jogo recomeçou!
#CopinhaSil2026",51,"01/09/2026 10:25",N/A,https://www.facebook.com/reel/1579165139890783/,1,0,Vídeos,,,,,Total,6749,6917,50,44,0,6,181,181,,,,,61902.482,9.679,0,0,0,,
1177011057925866,100068509496158,Copinha,"COM GOLEADA, O ALMOÇO FOI ANIMADO NA COPINHA SIL!
#CopinhaSil2026",,0,"01/09/2026 10:25",N/A,https://www.facebook.com/copinha/posts/pfbid02uYzQNfTkhKUj5pYG6FjyjvpcLaV1ew4EaavcWsLfJZ9TB2DDkvorvdDEiQrZXQhKl,0,0,Fotos,,,,,Total,25342,15799,114,110,0,4,1586,336,1250,,,,,,,,,,
1176938451266460,100068509496158,Copinha,"CLASSIFICADOS!
Bahia e Inter de Limeira carimbaram a passagem para a segunda fase da Copinha Sil 2026!
#CopinhaSil2026",,0,"01/09/2026 08:24",N/A,https://www.facebook.com/copinha/posts/pfbid0kYkPGjDefPZtMmZckBo4QUqD2zk1Juo1Tseor5fZ2X4T6vf9MXw8snupQiPS4aeal,0,0,Fotos,,,,,Total,8023,5172,93,82,2,9,144,108,36,,,,,,,,,,
1176930734600565,100068509496158,Copinha,"Inter de Limeira e Bahia garantiram os três pontos na manhã desta sexta-feira!
#CopinhaSil2026",,0,"01/09/2026 08:12",N/A,https://www.facebook.com/copinha/posts/pfbid02WW9dTokYXHvp4HEcd8wRHYXfLtkQ6jSCnHF9gn2P4hNEhSHf9YoaS24o6ZWgEKAml,0,0,Fotos,,,,,Total,15311,10736,113,104,0,9,109,41,68,,,,,,,,,,
1176886927938279,100068509496158,Copinha,"TARDE CHEIA!
Não vai faltar jogo pela Copinha Sil 2026 😎
#CopinhaSil2026",,0,"01/09/2026 07:00",N/A,https://www.facebook.com/copinha/posts/pfbid0mvz3h27yt3HGxvDySKARmUiMrLRL6fyMkSZXitDSUzSccfPe5wG9BUz2vajdxwhl,0,0,Fotos,,,,,Total,12014,7780,91,82,0,9,507,168,339,,,,,,,,,,
1176857061274599,100068509496158,Copinha,"FOI DALI!
O dia de Copinha Sil 2026 começou como? Com golaço de falta! O Nicolas, da Inter de Limeira, soltou o pé para abrir o placar contra o CSA-Al!
#CopinhaSil2026","FOI DALI!
O dia de Copinha Sil 2026 começou como? Com golaço de falta! O Nicolas, da Inter de Limeira, soltou o pé para abrir o placar contra o CSA-Al!
#CopinhaSil2026",25,"01/09/2026 06:12",N/A,https://www.facebook.com/reel/1923196805072713/,0,0,Vídeos,,,,,Total,9447,9029,117,106,0,11,146,146,,,,,71370.767,8.372,0,0,0,,
1176849847941987,100068509496158,Copinha,"MAIS CINCO!
Vem conferir o bonde que agita o início da tarde na #CopinhaSil2026 🔥",,0,"01/09/2026 06:00",N/A,https://www.facebook.com/copinha/posts/pfbid0i6Lc6T3Y4wKA3GVFixZyJ2L5ivo6zYN7DTTmkvkn2nMwwjJPp8BHZxLrU5ZvjZxUl,0,0,Fotos,,,,,Total,11177,7800,80,73,1,6,112,74,38,,,,,,,,,,
1176513291308976,100068509496158,Copinha,"GRUPO DEFINIDO! ✅
Grêmio e Votuporanguense são os classificados do grupo 2! #CopinhaSil2026",,0,"01/08/2026 19:03",N/A,https://www.facebook.com/copinha/posts/pfbid0YzdpPAAYBuoVdLPne871aE5wN7y5heGzQeHRCtEGjCZrwcKC3seG3BhGW9aKFc6il,0,0,Fotos,,,,,Total,18083,11805,113,109,0,4,144,84,60,,,,,,,,,,
1176508914642747,100068509496158,Copinha,"FIM DE MAIS UM DIA! ✍️
A quinta-feira de #CopinhaSil2026 terminou assim!",,0,"01/08/2026 18:53",N/A,https://www.facebook.com/copinha/posts/pfbid02x5SXHCvRoLEvGGUtb4qaW4k2aaFyyuUs8vRscrAHKSWVvjNnoSznXt8Fg7bCYVGxl,0,0,Fotos,,,,,Total,10255,6474,77,67,0,10,267,96,171,,,,,,,,,,
1176505884643050,100068509496158,Copinha,"GRUPO DEFINIDO! ✅
Grêmio e Votuporanguense são os classificados do grupo 2! #CopinhaSil2026",,0,"01/08/2026 18:47",N/A,https://www.facebook.com/copinha/posts/pfbid031AscfRbEwzqT8m9cYfYbAeHcF8Q7hiPacjmNXwqsuLw44WtmBmeF84tm4tDQVwgyl,0,0,Fotos,,,,,Total,89660,61789,333,304,12,17,1369,923,446,,,,,,,,,,
1176501481310157,100068509496158,Copinha,"FIM DOS JOGOS DA NOITE! 🤝
Esses foram os resultados que encerraram a quinta-feira de #CopinhaSil2026!",,0,"01/08/2026 18:38",N/A,https://www.facebook.com/copinha/posts/pfbid02JbWDAuAhg5ZDebW6CpD9NQNL1q4h53PaJThEQf4dDjJcnoBeuu9WDm9RJYnmMxzZl,0,0,Fotos,,,,,Total,186106,125569,384,366,8,10,1938,651,1287,,,,,,,,,,
1176488361311469,100068509496158,Copinha,"MAIOR GOLEADA! 🟢⚪
O Palmeiras igualou o placar mais elástico que já registrou na Copinha Sil! 😮‍💨 #CopinhaSil2026",,0,"01/08/2026 18:10",N/A,https://www.facebook.com/copinha/posts/pfbid02LeYVs3U9SKraszHGtRpSXC283LLHttmhrkrBBsBaN1QdEir8nEnCoa1NUDtY3YUjl,0,0,Fotos,,,,,Total,249246,171283,2799,2544,167,88,2469,1153,1316,,2,,,,,,,,
1176483647978607,100068509496158,Copinha,"TUDO DEFINIDO! ✅
O grupo 4 ficou assim depois da 3ª rodada da #CopinhaSil2026!",,0,"01/08/2026 18:00",N/A,https://www.facebook.com/copinha/posts/pfbid0UnzDumiF9vNaEiLiowmqXHurrLM4v3uvwBfcEwP3u3WtW9ER3Dp2nn3c6EA3EGbZl,0,0,Fotos,,,,,Total,34652,23096,189,176,3,10,521,381,140,,,,,,,,,,
1176474084646230,100068509496158,Copinha,"VITÓRIA DO LEÃO! 🔥
O Sport venceu o Mirassol pela 3ª rodada da #CopinhaSil2026!",,0,"01/08/2026 17:39",N/A,https://www.facebook.com/copinha/posts/pfbid09uwMxrdAEQodSWFtzp297SQQWWLkNFtD5z3ruPfd53CyYs2k2srGQz2Tw1iKjBwTl,0,0,Fotos,,,,,Total,13602,9188,73,67,0,6,100,61,39,,,,,,,,,,
1176461237980848,100068509496158,Copinha,"O golaço de @edu_conceicao09 na #CopinhaSil2026! 🔥","O golaço de @edu_conceicao09 na #CopinhaSil2026! 🔥",26,"01/08/2026 17:11",N/A,https://www.facebook.com/reel/1571766167352889/,0,0,Vídeos,,,,,Total,42562,37603,1066,1039,10,17,232,232,,,,,415931.847,11.053,0,0,0,,
1176454641314841,100068509496158,Copinha,"7️⃣ VEZES EDUARDO! 
O craque do Palmeiras marcou 4 gols e deu 3 assistências na goleada na #CopinhaSil2026! 😮‍💨","7️⃣ VEZES EDUARDO! 
O craque do Palmeiras marcou 4 gols e deu 3 assistências na goleada na #CopinhaSil2026! 😮‍💨",76,"01/08/2026 16:55",N/A,https://www.facebook.com/reel/1644795070264383/,1,0,Vídeos,,,,,Total,36199,30029,1470,1317,92,61,2578,2578,,,,,795139.888,25.614,0,0,0,,
1176451151315190,100068509496158,Copinha,"GRUPO ATUALIZADO! ✅
Assim ficou a classificação do grupo 27 depois da 2ª rodada da #CopinhaSil2026!",,0,"01/08/2026 16:48",N/A,https://www.facebook.com/copinha/posts/pfbid0AuvnoEkPMhsncVp7n4LH2pcLWv4b7Vwn1fVkcrpwRUS2SiaTcjCYnRWHchWSWLwSl,0,0,Fotos,,,,,Total,109953,71154,614,590,8,16,1454,717,737,,,,,,,,,,
1176449431315362,100068509496158,Copinha,"GOLEADA! 🟢⚪
O Palmeiras fez 9 no Batalhão e igualou sua maior goleada na Copinha Sil! #CopinhaSil2026",,0,"01/08/2026 16:44",N/A,https://www.facebook.com/copinha/posts/pfbid02XRzMkVCLNT7HdDqVhifKe7rzuLLNXKXAuXai3hgnki36Lkz86YpWSxC1PZft7o7Bl,0,0,Fotos,,,,,Total,29007,20524,542,515,12,15,263,170,93,,,,,,,,,,
1176447637982208,100068509496158,Copinha,"QUE ISSO, ARTHUR! 😮‍💨🔥 #CopinhaSil2026","QUE ISSO, ARTHUR! 😮‍💨🔥 #CopinhaSil2026",9,"01/08/2026 16:40",N/A,https://www.facebook.com/reel/1198346621868753/,0,0,Vídeos,,,,,Total,581219,368666,6339,6139,84,116,4577,4577,,,,,3074736.935,8.76,0,0,0,,
1176445717982400,100068509496158,Copinha,"FRIO DEMAIS! 🥶
Matheus Lacort fez um golaço de cavadinha pra cima do Mirassol! #CopinhaSil2026","FRIO DEMAIS! 🥶
Matheus Lacort fez um golaço de cavadinha pra cima do Mirassol! #CopinhaSil2026",59,"01/08/2026 16:36",N/A,https://www.facebook.com/reel/1612280180196837/,0,0,Vídeos,,,,,Total,5381,5726,82,79,0,3,102,102,,,,,35130.987,6.927,0,0,0,,
1176436421316663,100068509496158,Copinha,"VITÓRIA DO CARCARÁ! 🤩
O Falcon venceu o Galvez pela 3ª rodada da #CopinhaSil2026!",,0,"01/08/2026 16:15",N/A,https://www.facebook.com/copinha/posts/pfbid0zbEinzPibuJqfqjd81oXNCqiBpAmJA2yWRrxDE9FLM4mZLE6dPp7n2hzDJJYJzzHl,0,0,Fotos,,,,,Total,8396,5961,64,57,1,6,64,43,21,,,,,,,,,,
1176434747983497,100068509496158,Copinha,"QUE PANCADA! 🔥
Rafael deu um chutaço de longe pra marcar pro Falcon! #CopinhaSil2026","QUE PANCADA! 🔥
Rafael deu um chutaço de longe pra marcar pro Falcon! #CopinhaSil2026",35,"01/08/2026 16:10",mixed,https://www.facebook.com/reel/4167874233542534/,0,0,Vídeos,,,,,Total,3088,3216,27,23,0,4,28,28,,,,,14909.037,5.164,0,0,1,,
1176427774650861,100068509496158,Copinha,"JOGAÇO! 👏
Sfera e Água Santa protagonizaram 6 gols pela 2ª rodada da #CopinhaSil2026!",,0,"01/08/2026 15:54",N/A,https://www.facebook.com/copinha/posts/pfbid02sjbtXrW8yjYC8JyF5qamcSd7oLfAh6F6tFTRnvWu3qGoJig76Ta9PNJjN92gUkPfl,0,0,Fotos,,,,,Total,32505,23496,120,112,0,8,166,73,93,,,,,,,,,,
1176422311318074,100068509496158,Copinha,"É DELE DE NOVO! 🟢⚪
Eduardo saiu deixando todo mundo pra trás e marcou o 5º gol do Verdão! #CopinhaSil2026","É DELE DE NOVO! 🟢⚪
Eduardo saiu deixando todo mundo pra trás e marcou o 5º gol do Verdão! #CopinhaSil2026",25,"01/08/2026 15:40",N/A,https://www.facebook.com/reel/1512752443165538/,0,0,Vídeos,,,,,Total,189241,160828,5247,5162,40,45,1850,1850,,,,,1990044.876,12.937,0,1.84,1,,
1176415801318725,100068509496158,Copinha,"ABSURDOOO! 😮‍💨
Eduardo deu um belo chapéu e finalizou com um golaço pro Palmeiras! #CopinhaSil2026","ABSURDOOO! 😮‍💨
Eduardo deu um belo chapéu e finalizou com um golaço pro Palmeiras! #CopinhaSil2026",27,"01/08/2026 15:25",N/A,https://www.facebook.com/reel/802445055588739/,0,0,Vídeos,,,,,Total,328501,277741,8745,8309,224,212,8342,8342,,,,,3643814.077,13.637,0,0.74,5,,
1176405961319709,100068509496158,Copinha,"GOLAÇO DE CAMISA 🔟!
O @nicolas_viana_06 foi bem demais no 3º gol do Netuno! #CopinhaSil2026","GOLAÇO DE CAMISA 🔟!
O @nicolas_viana_06 foi bem demais no 3º gol do Netuno! #CopinhaSil2026",43,"01/08/2026 15:00",N/A,https://www.facebook.com/reel/1154906286471449/,0,0,Vídeos,,,,,Total,5439,5687,70,63,0,7,64,64,,,,,36044.544,7.033,0,0,0,,
1176385037988468,100068509496158,Copinha,"A emoção da Copinha Sil 2026 é inexplicável 🥹
#CopinhaSil2026
🎥 Pedro Zacchi","A emoção da Copinha Sil 2026 é inexplicável 🥹
#CopinhaSil2026
🎥 Pedro Zacchi",27,"01/08/2026 14:09",N/A,https://www.facebook.com/reel/4245594699046759/,1,0,Vídeos,,,,,Total,2923,3103,32,28,2,2,23,23,,,,,10096.62,3.656,0,0,0,,
1176368954656743,100068509496158,Copinha,"UH, VEM QUE TEM!
Mais uma vitória para os Moleques de Xerém 🔥
#CopinhaSil2026",,0,"01/08/2026 13:31",N/A,https://www.facebook.com/copinha/posts/pfbid02utqG6sziQzaMSvj2wbCsrMHP2sP4KRrSpK82uKPbDUe6NLmTeagoikF3EXjp3TTl,0,0,Fotos,,,,,Total,12960,9635,65,57,0,8,48,23,25,,,,,,,,,,
1176354187991553,100068509496158,Copinha,"A NOITE VAI SER BOA NA COPINHA SIL!
#CopinhaSil2026",,0,"01/08/2026 13:00",N/A,https://www.facebook.com/copinha/posts/pfbid06aCVS65sTuwxqmSxRvTkzKYJhckLfkW2AgvFMmTVPybUEYWerwKCgtpsP6HWuZ7gl,0,0,Fotos,,,,,Total,18921,13365,124,112,0,12,195,88,107,,,,,,,,,,
1176337137993258,100068509496158,Copinha,"VITÓRIA E CLASSIFICAÇÃO DO MEIA NOITE!
Pode carimbar a vaga do @esporteclubemeianoite na próxima fase da Copinha Sil 2026!
#CopinhaSil2026",,0,"01/08/2026 12:20",N/A,https://www.facebook.com/copinha/posts/pfbid02SvYLkXzyh7KxtFTAbFcdqbz7wLdm69DQRazf6oGMmTyHuE8mdJz9PjNNFauzBEknl,0,0,Fotos,,,,,Total,95631,67894,411,369,21,21,1167,580,587,,,,,,,,,,
1176336341326671,100068509496158,Copinha,"PONTE E MEIA NOITE CLASSIFICADOS!
A @pontepretaoficial e o @esporteclubemeianoite são as equipes classificadas do Grupo 14!
#CopinhaSil2026",,0,"01/08/2026 12:18",N/A,https://www.facebook.com/copinha/posts/pfbid0MRkupAq1DFhDtZHY1utarhucqqBxztUwfbCg9YwLHEq2uQpXsCdGzqKMSsB1UAWhl,0,0,Fotos,,,,,Total,57634,36908,332,293,26,13,1366,1045,321,,,,,,,,,,
1176271691333136,100068509496158,Copinha,"VIRADA DA PONTE! 
A Macaca encerra a fase de grupos invicta!
#CopinhaSil2026",,0,"01/08/2026 10:06",N/A,https://www.facebook.com/copinha/posts/pfbid0gMyTrxoZ4PiUZZwhHiLHkMWTqAM2oRZeBwunrvmfGhJYbXqV4q2o9SRFEiUoaqgdl,0,0,Fotos,,,,,Total,44174,32147,267,242,11,14,357,210,147,,,,,,,,,,
1176253621334943,100068509496158,Copinha,"WILLY DEFENDE O PÊNALTI!
O goleirão da @associacaoesportivareal impediu a virada da Ponte Preta!
#CopinhaSil2026","WILLY DEFENDE O PÊNALTI!
O goleirão da @associacaoesportivareal impediu a virada da Ponte Preta!
#CopinhaSil2026",13,"01/08/2026 09:33",N/A,https://www.facebook.com/reel/1333540411876198/,0,0,Vídeos,,,,,Total,179853,133339,779,759,9,11,1368,1368,,,,,1224664.605,9.366,0,0,0,,
1176218611338444,100068509496158,Copinha,"METEU O GOLAÇO E MANDOU O CORAÇÃOZINHO! ⚽️🫶
Que pintura do Pepeu para abrir o placar para a @associacaoesportivareal!
#CopinhaSil2026","METEU O GOLAÇO E MANDOU O CORAÇÃOZINHO! ⚽️🫶
Que pintura do Pepeu para abrir o placar para a @associacaoesportivareal!
#CopinhaSil2026",27,"01/08/2026 08:31",mixed,https://www.facebook.com/reel/855656847388908/,1,0,Vídeos,,,,,Total,13557,13276,217,210,1,6,199,199,,,,,101119.288,8.173,0,0,0,,
1176162814677357,100068509496158,Copinha,"ANOTA AÍ! 
Tarde completa com os jogos da Copinha Sil 2026!
#CopinhaSil2026",,0,"01/08/2026 07:00",N/A,https://www.facebook.com/copinha/posts/pfbid02cGLDQjboVddXjryPTeGd7Ywau2EmfhTgRvtmMgupBmnyFHRuzGQANwEfqyMYN3dzl,0,0,Fotos,,,,,Total,26357,18917,140,130,2,8,280,150,130,,,,,,,,,,
1175790918047880,100068509496158,Copinha,"QUE VENENO! 
O Gabriel Veneno pratica o futebol arte na Copinha Sil 2026! 
#CopinhaSil2026","QUE VENENO! 
O Gabriel Veneno pratica o futebol arte na Copinha Sil 2026! 
#CopinhaSil2026",18,"01/07/2026 19:11",N/A,https://www.facebook.com/reel/1227313589326334/,1,0,Vídeos,,,,,Total,54102,46868,328,310,10,8,751,751,,,,,421997.348,9.552,0,0,0,,
1175788118048160,100068509496158,Copinha,"VEM QUE VEM QUE QUINTA-FEIRA É DIA DE COPINHA SIL 2026!
#CopinhaSil2026",,0,"01/07/2026 19:05",N/A,https://www.facebook.com/copinha/posts/pfbid02RjxSv2PQqUHpTDWrxUnTPMK1bQRyDXtuFWP6JRYzMvrDuP4bY5YqWeHFHyh5vNvnl,0,0,Fotos,,,,,Total,31377,20335,240,220,2,18,1247,275,972,,,,,,,,,,
1175777781382527,100068509496158,Copinha,"Quarta-feira concluída na Copinha Sil 2026!
#CopinhaSil2026",,0,"01/07/2026 18:44",N/A,https://www.facebook.com/copinha/posts/pfbid02Qb1ch2Nfaq5LshqJTwCvu6iacYJiv1KGKvU3Mx3favkp37rpxDTkinmN2mJ33kDpl,0,0,Fotos,,,,,Total,20794,11623,155,137,1,17,1712,384,1328,,,,,,,,,,
1175774731382832,100068509496158,Copinha,"A ÚLTIMA RODADA PROMETE NO GRUPO 22!
#CopinhaSil2026",,0,"01/07/2026 18:37",N/A,https://www.facebook.com/copinha/posts/pfbid0Rce9AuMmuTjCNroXoBmLYNctq5LiAjvpTtjw95TgUBEgTirRAzuTK1MU3mvM5fF4l,0,0,Fotos,,,,,Total,12946,8849,99,91,1,7,120,52,68,,,,,,,,,,
1175773878049584,100068509496158,Copinha,"Osasco Audax, Águia de Marabá, Santos, Atlético-MG e Botafogo foram os vitoriosos da noite!
#CopinhaSil2026",,0,"01/07/2026 18:36",N/A,https://www.facebook.com/copinha/posts/pfbid02mnptTGSjxGzH9J8wtHejgfK5dERjzN2stYbfeXzkAkPnRqRm5jV7JiL1aycFMwnpl,0,0,Fotos,,,,,Total,49004,34415,181,174,0,7,444,177,267,,,,,,,,,,
1175772591383046,100068509496158,Copinha,"VITÓRIA GLORIOSA!
#CopinhaSil2026",,0,"01/07/2026 18:34",N/A,https://www.facebook.com/copinha/posts/pfbid02wyeqRhZUSFH9ks4tgnViq6UdU2xQE5hnU3MfFwXGfeAgk4Vv8vmsNyPCKz6t8ihcl,0,0,Fotos,,,,,Total,8875,6746,40,36,0,4,41,19,22,,,,,,,,,,
1175762431384062,100068509496158,Copinha,"SOLTA O VENENO!
O Gabriel Veneno aprontou de novo, que habilidade do camisa 11 do Galo!
#CopinhaSil2026","SOLTA O VENENO!
O Gabriel Veneno aprontou de novo, que habilidade do camisa 11 do Galo!
#CopinhaSil2026",18,"01/07/2026 18:12",N/A,https://www.facebook.com/reel/2493065951090414/,0,0,Vídeos,,,,,Total,220497,173186,1236,1111,102,23,8075,8074,,1,,,1950102.648,11.62,0,0,0,,
1175757854717853,100068509496158,Copinha,"ATLÉTICO-MG CLASSIFICADO NO GRUPO 29!
#CopinhaSil2026",,0,"01/07/2026 18:03",N/A,https://www.facebook.com/copinha/posts/pfbid02H5NXFM6aUrDPRNmQZtxRumgZ6Tg3wcoBwXhB2oZnJo44vMwkYeTx9Cqx1Ye4ytG4l,0,0,Fotos,,,,,Total,22623,15289,156,146,1,9,332,195,137,,,1,,,,,,,
1175757514717887,100068509496158,Copinha,"VITÓRIA E CLASSIFICAÇÃO DO GALO!
#CopinhaSil2026",,0,"01/07/2026 18:02",N/A,https://www.facebook.com/copinha/posts/pfbid02jg5EkEUxdK1sYEJqWB3WS2XxvnnzhGDMJeDFRFgDvsq19X7CXCch7PZ396fVgBXzl,0,0,Fotos,,,,,Total,5038,3660,49,41,0,8,8,3,5,,,,,,,,,,
1175755338051438,100068509496158,Copinha,"JOGADA ENSAIADA E GOLAÇO DO VITOR GABRIEL, DO GALO!
#CopinhaSil2026","JOGADA ENSAIADA E GOLAÇO DO VITOR GABRIEL, DO GALO!
#CopinhaSil2026",35,"01/07/2026 17:58",N/A,https://www.facebook.com/reel/1386532426273428/,0,0,Vídeos,,,,,Total,11868,11690,161,157,0,4,261,261,,,,,110304.704,9.951,0,0,0,,
1175746764718962,100068509496158,Copinha,"TODA A QUALIDADE DO CAUÃ ZAPPELINI!
#CopinhaSil2026","TODA A QUALIDADE DO CAUÃ ZAPPELINI!
#CopinhaSil2026",44,"01/07/2026 17:42",N/A,https://www.facebook.com/reel/1439900167543040/,0,0,Vídeos,,,,,Total,4534,4374,66,59,2,5,59,59,,,,,35874.148,8.405,0,0,0,,
1175741814719457,100068509496158,Copinha,"COPINHA SIL DOS APAIXONADOS!❤️
Gol e comemoração apaixonada do João Teixeira!
#CopinhaSil2026","COPINHA SIL DOS APAIXONADOS!❤️
Gol e comemoração apaixonada do João Teixeira!
#CopinhaSil2026",56,"01/07/2026 17:31",N/A,https://www.facebook.com/reel/858609593606605/,0,0,Vídeos,,,,,Total,8980,9330,112,107,0,5,190,190,,,,,84666.865,9.944,0,0,0,,
1175729454720693,100068509496158,Copinha,"COBRA DA BOLA!
O goleirão do Galo, Pedro Cobra defendeu o pênalti no comecinho do jogo!
#CopinhaSil2026","COBRA DA BOLA!
O goleirão do Galo, Pedro Cobra defendeu o pênalti no comecinho do jogo!
#CopinhaSil2026",29,"01/07/2026 17:04",N/A,https://www.facebook.com/reel/4055943277953742/,1,0,Vídeos,,,,,Total,109494,91834,883,873,2,8,975,974,,1,,,1363358.315,15.085,0,0,1,,
1175726901387615,100068509496158,Copinha,"GOLAÇO DE PÊNALTI!
Que categoria do Ji-Paraná para marcar o gol do União Cacoalense!
#CopinhaSil2026","GOLAÇO DE PÊNALTI!
Que categoria do Ji-Paraná para marcar o gol do União Cacoalense!
#CopinhaSil2026",34,"01/07/2026 16:58",N/A,https://www.facebook.com/reel/872856822039498/,1,0,Vídeos,,,,,Total,5697,5887,75,69,0,6,155,154,,1,,,38759.144,7.216,0,0,0,,
1175723121387993,100068509496158,Copinha,"MATHEUS XAVIER: 4 GOLS EM 2 JOGOS!
A ÁGUA DA VILA É DIFERENTE MESMO!
📷Reinaldo Campos/Santos FC",,0,"01/07/2026 16:50",N/A,https://www.facebook.com/copinha/posts/pfbid0k8qB17HuWVjVcUtfeSL4Ji499PcSqmvsNvmHGTUPpSzhTSY1PDrQ2f8sMusJEvW3l,0,0,Fotos,,,,,Total,74526,51071,1399,1341,44,14,916,639,277,,,,,,,,,,
1175720874721551,100068509496158,Copinha,"Meninos da Vila garantidos na próxima fase!
#CopinhaSil2026",,0,"01/07/2026 16:45",N/A,https://www.facebook.com/copinha/posts/pfbid02NNUFhFQq4ADfQHpaQEfPQCWyCFUobNDibYp1soP3TEMvb4YeezqizquK6H5U9Xt4l,0,0,Fotos,,,,,Total,66955,45560,490,461,12,17,1143,579,564,,,,,,,,,,
1175717434721895,100068509496158,Copinha,"Cadê o goleiro?😀
#CopinhaSil2026
📷Tiago Dias",,0,"01/07/2026 16:37",N/A,https://www.facebook.com/copinha/posts/pfbid024jVxQ6SzrZBVEHySMRzckQ43HR9dtAddGkwiT7TSRZ77dePuZnRZx7Kx6ME6TeEql,0,0,Fotos,,,,,Total,5106,3745,18,17,0,1,14,7,7,,1,,,,,,,,
1175714244722214,100068509496158,Copinha,"VITÓRIAS DE SANTOS, AGUIA DE MARABÁ E OSASCO AUDAX✅
#CopinhaSil2026",,0,"01/07/2026 16:30",N/A,https://www.facebook.com/copinha/posts/pfbid02P6Qc8JsPPVcxdQy782zRbf51fa6harSeHwEmZC8qkeyGCBasEu7YVd3hH9pMRwp4l,0,0,Fotos,,,,,Total,14241,9619,97,90,1,6,583,129,454,,,,,,,,,,
1175710334722605,100068509496158,Copinha,"GOLAÇOOOO!
A BATIDA PERFEITA DE KAYKY PERSI, DO OSASCO AUDAX!
#CopinhaSil2026","GOLAÇOOOO!
A BATIDA PERFEITA DE KAYKY PERSI, DO OSASCO AUDAX!
#CopinhaSil2026",14,"01/07/2026 16:20",N/A,https://www.facebook.com/reel/847676084771454/,1,0,Vídeos,,,,,Total,128763,91520,2251,2211,10,30,1023,1023,,,,,1047729.159,11.253,0,0,0,,
1175699994723639,100068509496158,Copinha,"É GOL DO UNIÃO CACOALENSE!
JI-PARANÁ DEIXA TUDO IGUAL CONTRA O SANTOS!
#CopinhaSil2026","É GOL DO UNIÃO CACOALENSE!
JI-PARANÁ DEIXA TUDO IGUAL CONTRA O SANTOS!
#CopinhaSil2026",7,"01/07/2026 15:56",N/A,https://www.facebook.com/reel/1174462834883301/,0,0,Vídeos,,,,,Total,213707,145301,309,304,0,5,1437,1437,,,,,800303.307,5.741,0,0,0,,
1175697911390514,100068509496158,Copinha,"O PAREDÃO LUAN!
O goleiro do Maruinense defendeu o pênalti no último lance do jogo e garantiu os três pontos para a equipe de Sergipe!
#CopinhaSil2026","O PAREDÃO LUAN!
O goleiro do Maruinense defendeu o pênalti no último lance do jogo e garantiu os três pontos para a equipe de Sergipe!
#CopinhaSil2026",12,"01/07/2026 15:52",N/A,https://www.facebook.com/reel/2270357280107714/,1,0,Vídeos,,,,,Total,243222,170000,662,656,2,4,2419,2419,,,,,1542521.611,9.543,0,0,0,,
1175694794724159,100068509496158,Copinha,"O KUKRI APRONTOU DE NOVO!
OUTRO GOLAÇO DE FALTA DO CAMISA 7 DO ÁGUIA DE MARABÁ!
#CopinhaSil2026","O KUKRI APRONTOU DE NOVO!
OUTRO GOLAÇO DE FALTA DO CAMISA 7 DO ÁGUIA DE MARABÁ!
#CopinhaSil2026",21,"01/07/2026 15:44",N/A,https://www.facebook.com/reel/1411337123671995/,1,0,Vídeos,,,,,Total,10983,8944,224,205,10,9,516,516,,,,,93289.857,9.98,0,0,0,,
1175691124724526,100068509496158,Copinha,"QUE GOLAÇOOOOOO!
QUE PINTURA DO KUKRI, DO ÁGUIA DE MARABÁ!
#CopinhaSil2026","QUE GOLAÇOOOOOO!
QUE PINTURA DO KUKRI, DO ÁGUIA DE MARABÁ!
#CopinhaSil2026",57,"01/07/2026 15:37",N/A,https://www.facebook.com/reel/1165935712196995/,1,0,Vídeos,,,,,Total,28833,18740,835,800,26,9,1280,1280,,,,,407631.259,15.188,0,0,0,,
1175672374726401,100068509496158,Copinha,"QUE TARDE FOI ESSA, HEIN?!
#CopinhaSil2026",,0,"01/07/2026 14:50",N/A,https://www.facebook.com/copinha/posts/pfbid0dCB437DxTAUyCTkQxxRdfEqujP7t1TKSRjpYY721KZuLFiBF4LJbwt1iTpTBBGEUl,0,0,Fotos,,,,,Total,7999,4788,82,78,0,4,442,134,308,,1,,,,,,,,
1175668494726789,100068509496158,Copinha,"GRANDE VITÓRIA DO MARUINENSE!
Com pênalti defendido no último lance, a equipe de Sergipe vence na Copinha Sil!
#CopinhaSil2026",,0,"01/07/2026 14:41",N/A,https://www.facebook.com/copinha/posts/pfbid0iC8HwxQVRxr793aApJcRj5vrMYKForDBFfir9UxUTXW3YW3Ruw4NU3XESUK8v7Z1l,0,0,Fotos,,,,,Total,35724,26857,123,115,2,6,300,135,165,,1,,,,,,,,
1175663414727297,100068509496158,Copinha,"DEU EMPATE EM SÃO CARLOS!
O Real Brasília foi buscar o empate no final contra o Grêmio São-Carlense!
#CopinhaSil2026",,0,"01/07/2026 14:28",N/A,https://www.facebook.com/copinha/posts/pfbid0maAA5k9wrZ1bgAXp3WzeTwFdjpsD7zqBgPNJrca62WtgAhxUoxyJgk5YsTySUuHal,0,0,Fotos,,,,,Total,9365,7021,51,46,0,5,53,25,28,,,,,,,,,,
1175658514727787,100068509496158,Copinha,"QUE GOLAÇO!
O Rafael acertou esse lindo chute e fez um belo gol para o Grêmio São-Carlense!
#CopinhaSil2026","QUE GOLAÇO!
O Rafael acertou esse lindo chute e fez um belo gol para o Grêmio São-Carlense!
#CopinhaSil2026",50,"01/07/2026 14:16",N/A,https://www.facebook.com/reel/3107239719460330/,1,0,Vídeos,,,,,Total,3266,3340,38,34,1,3,45,45,,,,,18830.695,6.182,0,0,0,,
1175643888062583,100068509496158,Copinha,"TUDO IGUAL ENTRE QUIXADÁ E CUIABÁ!
#CopinhaSil2026",,0,"01/07/2026 13:44",N/A,https://www.facebook.com/copinha/posts/pfbid02y5DJnRBCuWB4LSpohtYZHtV6nis2D3fGpHGWASQsgJT2nZCH1B4NFB3L8dnHb1f2l,0,0,Fotos,,,,,Total,10140,7350,44,39,0,5,40,22,18,,,,,,,,,,
1175640491396256,100068509496158,Copinha,"FESTA EM SÃO CARLOS!
O GRÊMIO SÃO-CARLENSE ABRE O PLACAR NA COPINHA SIL!
#CopinhaSil2026","FESTA EM SÃO CARLOS!
O GRÊMIO SÃO-CARLENSE ABRE O PLACAR NA COPINHA SIL!
#CopinhaSil2026",34,"01/07/2026 13:36",N/A,https://www.facebook.com/reel/1171538718165238/,0,0,Vídeos,,,,,Total,5062,5257,79,75,1,3,75,75,,,,,32508.123,6.816,0,0,0,,
1175635008063471,100068509496158,Copinha,"GRUPOS ATUALIZADOS! ✅
Arrasta pro lado pra ver as classificações depois da 2ª rodada da #CopinhaSil2026!",,0,"01/07/2026 13:25",N/A,https://www.facebook.com/copinha/posts/pfbid031KifEc5tJoCZqPG9A8Aa9NvLPsp8cvoHCfRKe1qVQS8mX5goPZMQ4U7rZ6J7X6zcl,0,0,Fotos,,,,,Total,24338,12572,147,137,0,10,2888,611,2277,,1,,,,,,,,
1175633124730326,100068509496158,Copinha,"POV: Você é a adm da @copinha vendo a conta bater UM MILHÃO de seguidores! 🥹🌽
#CopinhaSil2026","POV: Você é a adm da @copinha vendo a conta bater UM MILHÃO de seguidores! 🥹🌽
#CopinhaSil2026",15,"01/07/2026 13:21",N/A,https://www.facebook.com/reel/1370373364222915/,1,0,Vídeos,,,,,Total,2754,2792,50,48,1,1,25,25,,,,,8582.584,3.393,0,0,0,,
1175630811397224,100068509496158,Copinha,"O MILHÃO CHEGOU 1️⃣🌽
Agora a Copinha Sil 2026 ficou milionária! Obrigado a todos os seguidores da Maior Competição de Base do Mundo 🥳
#CopinhaSil2026","O MILHÃO CHEGOU 1️⃣🌽
Agora a Copinha Sil 2026 ficou milionária! Obrigado a todos os seguidores da Maior Competição de Base do Mundo 🥳
#CopinhaSil2026",11,"01/07/2026 13:16",N/A,https://www.facebook.com/reel/1939219299966648/,1,0,Vídeos,,,,,Total,4076,3776,101,99,0,2,25,25,,,,,11179.207,3.207,0,0,0,,
1175623401397965,100068509496158,Copinha,"O MOLEQUE É DIFERENTE!
Que chapéu do Tetê, do São Paulo, hein?!
#CopinhaSil2026","O MOLEQUE É DIFERENTE!
Que chapéu do Tetê, do São Paulo, hein?!
#CopinhaSil2026",11,"01/07/2026 12:59",N/A,https://www.facebook.com/reel/889571310325913/,0,0,Vídeos,,,,,Total,1046573,644214,10464,10110,213,141,14437,14435,,2,,,6429914.601,10.299,0,0,0,,
1175619651398340,100068509496158,Copinha,"PAREDÃO! 🧤🔥
Apesar da derrota, @felipe_fortaleza_12 brilhou demais no gol do Independente-AP! #CopinhaSil2026","PAREDÃO! 🧤🔥
Apesar da derrota, @felipe_fortaleza_12 brilhou demais no gol do Independente-AP! #CopinhaSil2026",50,"01/07/2026 12:50",N/A,https://www.facebook.com/reel/1429021335249241/,1,0,Vídeos,,,,,Total,3021,3063,52,49,0,3,51,50,,1,,,28339.159,10.278,0,0,0,,
1175618748065097,100068509496158,Copinha,"PAREDÃO! 🧤🔥
Apesar da derrota, @felipe_fortaleza_12 brilhou demais no gol do Independente-AP! #CopinhaSil2026","PAREDÃO! 🧤🔥
Apesar da derrota, @felipe_fortaleza_12 brilhou demais no gol do Independente-AP! #CopinhaSil2026",50,"01/07/2026 12:48",N/A,https://www.facebook.com/reel/896387606687328/,0,0,Vídeos,,,,,Total,6425,6158,99,93,2,4,185,185,,,,,75335.563,12.937,0,0,0,,
1175615091398796,100068509496158,Copinha,"VITÓRIA JACONERA! 🟢⚪
O Juventude venceu o Nacional-AM pela 2ª rodada da #CopinhaSil2026!",,0,"01/07/2026 12:40",N/A,https://www.facebook.com/copinha/posts/pfbid0XhPYCHWihZ9PjYXytYAT9PSkuLNMFPtKhJPgGPbg2qA6nqvRT1zmANe4zntWNVDAl,0,0,Fotos,,,,,Total,23036,16587,107,97,3,7,135,71,64,,,,,,,,,,
1175613594732279,100068509496158,Copinha,"QUE PINTURAAAA! 😮‍💨
Que golaço absurdo do Pedro Henrique pro Juventude! #CopinhaSil2026","QUE PINTURAAAA! 😮‍💨
Que golaço absurdo do Pedro Henrique pro Juventude! #CopinhaSil2026",37,"01/07/2026 12:36",N/A,https://www.facebook.com/reel/1379107960351195/,0,0,Vídeos,,,,,Total,2817,2803,52,49,1,2,57,57,,,,,16945.982,6.418,0,0,0,,
1175604651399840,100068509496158,Copinha,"GOLAÇO, WENDELL! 🔥
O jogador do Náutico-PE aproveitou o erro adversário e mandou um belo gol de cobertura! #CopinhaSil2026","GOLAÇO, WENDELL! 🔥
O jogador do Náutico-PE aproveitou o erro adversário e mandou um belo gol de cobertura! #CopinhaSil2026",44,"01/07/2026 12:17",mixed,https://www.facebook.com/reel/1403086161491863/,0,0,Vídeos,,,,,Total,2788,2843,34,32,0,2,29,29,,,,,18544.809,7.088,0,0,0,,
1175598471400458,100068509496158,Copinha,"VITÓRIA DO TRICOLOR PAULISTA! 🇾🇪
O São Paulo venceu o Independente-AP e tá classificado na #CopinhaSil2026!",,0,"01/07/2026 12:04",N/A,https://www.facebook.com/copinha/posts/pfbid0iTCQmvZPYjN8HuBScSrwf6DvKjGGGvbe6fSFgJBATkySgoMY9vqAaVH31AUK4kSfl,0,0,Fotos,,,,,Total,112029,78860,1295,1230,23,42,807,430,377,,,,,,,,,,
1175587471401558,100068509496158,Copinha,"DE PRIMEIRA, BIDU! 😮‍💨🔥 #CopinhaSil2026","DE PRIMEIRA, BIDU! 😮‍💨🔥 #CopinhaSil2026",38,"01/07/2026 11:40",N/A,https://www.facebook.com/reel/1577251850140296/,0,0,Vídeos,,,,,Total,2430,2511,23,21,0,2,18,18,,,,,10696.992,4.726,0,0,0,,
1172771051683200,100068509496158,Copinha,"GOLAAAAAÇO DO GALO DA COMARCA!
Guilherme Said viu o goleirão adiantado e não pensou duas vezes! Tá na rede pro XV de Jaú!
#CopinhaSil2026","GOLAAAAAÇO DO GALO DA COMARCA!
Guilherme Said viu o goleirão adiantado e não pensou duas vezes! Tá na rede pro XV de Jaú!
#CopinhaSil2026",62,"01/03/2026 12:58",N/A,https://www.facebook.com/reel/2362836130845423/,0,0,Vídeos,,,,,Total,4422,4315,76,70,1,5,134,134,,,,,38731.761,9.33,0,0,0,,
1175579004735738,100068509496158,Copinha,"PAULINHO NÃO PERDOA!
TEM GOL DO SÃO PAULO NA COPINHA SIL 2026!
#CopinhaSil2026","PAULINHO NÃO PERDOA!
TEM GOL DO SÃO PAULO NA COPINHA SIL 2026!
#CopinhaSil2026",35,"01/07/2026 11:22",N/A,https://www.facebook.com/reel/889351927356477/,0,0,Vídeos,,,,,Total,6539,6967,271,266,1,4,175,175,,,,,39904.075,6.437,0,0,0,,
1175577138069258,100068509496158,Copinha,"PAREEEEECE QUE ELE TÁ VENDENDO ÁGUA….. 💦🤣🤣🤣 #CopinhaSil2026","PAREEEEECE QUE ELE TÁ VENDENDO ÁGUA….. 💦🤣🤣🤣 #CopinhaSil2026",18,"01/07/2026 11:18",N/A,https://www.facebook.com/reel/1436729241174024/,0,0,Vídeos,,,,,Total,6705,5700,58,53,2,3,134,134,,,,,46349.584,8.431,0,0,0,,
1175572614736377,100068509496158,Copinha,"PAREEEEECE QUE ELE TÁ VENDENDO ÁGUA….. 💦🤣🤣🤣 #CopinhaSil2026","PAREEEEECE QUE ELE TÁ VENDENDO ÁGUA….. 💦🤣🤣🤣 #CopinhaSil2026",18,"01/07/2026 11:09",N/A,https://www.facebook.com/reel/2710006439351982/,1,0,Vídeos,,,,,Total,6957,6250,58,53,3,2,262,261,,1,,,46601.312,8.252,0,0,0,,
1175564844737154,100068509496158,Copinha,"FICOU PARA A ÚLTIMA!
Não vai faltar emoção na busca pela vaga no Grupo 30.
#CopinhaSil2026",,0,"01/07/2026 10:53",N/A,https://www.facebook.com/copinha/posts/pfbid0TntThBqF6tCjvAFZiWxRgXHDPop7TjhJVkB9zp8nDQALCtqheuoTT1zajV7jvuFsl,0,0,Fotos,,,,,Total,70571,49885,167,160,1,6,771,404,367,,,,,,,,,,
1175554331404872,100068509496158,Copinha,"PRATO DO DIA: GOLS!
A hora de almoço na Copinha Sil 2026 foi recheada de gols 👀⚽
#CopinhaSil2026",,0,"01/07/2026 10:33",N/A,https://www.facebook.com/copinha/posts/pfbid035J9nxEaMAip79gSwEzgWZXz9XnvsDfWACrjyhRKxxSiJkZsVw1hRdNY1BfQdHAVbl,0,0,Fotos,,,,,Total,12194,6905,80,78,0,2,1027,209,818,,,,,,,,,,
1175518738075098,100068509496158,Copinha,"COMBINAÇÃO PERFEITA EM COSMÓPOLIS!
Nada como acompanhar um jogo da Copinha Sil 2026 com um pastel e caldo de cana, né? A adm ficou na vontade aqui 😅
#CopinhaSil2026","COMBINAÇÃO PERFEITA EM COSMÓPOLIS!
Nada como acompanhar um jogo da Copinha Sil 2026 com um pastel e caldo de cana, né? A adm ficou na vontade aqui 😅
#CopinhaSil2026",31,"01/07/2026 09:25",N/A,https://www.facebook.com/reel/883100357456049/,0,0,Vídeos,,,,,Total,4048,3893,63,60,1,2,50,50,,,,,21016.066,5.564,0,0,0,,
1175511724742466,100068509496158,Copinha,"NO LUGAR CERTO! 
Felipinho, marcou o segundo do Massa Bruta 🤩 #CopinhaSil2026","NO LUGAR CERTO! 
Felipinho, marcou o segundo do Massa Bruta 🤩 #CopinhaSil2026",30,"01/07/2026 09:12",N/A,https://www.facebook.com/reel/2357792091362903/,1,0,Vídeos,,,,,Total,3359,3250,38,34,1,3,35,35,,,,,17079.573,5.511,0,0,0,,
1175490524744586,100068509496158,Copinha,"GRUPO 32! ✅
Bora ver como ficou a classificação ao fim da segunda rodada.
#CopinhaSil2026",,0,"01/07/2026 08:38",N/A,https://www.facebook.com/copinha/posts/pfbid02TXNvRx7z1366aUT5YNTPiyKNeVKQ7972ZSSu8XFPw451yqzmmCu71boSDnJszW4hl,0,0,Fotos,,,,,Total,22319,15035,132,127,0,5,228,122,106,,,,,,,,,,
1175480301412275,100068509496158,Copinha,"A quarta-feira de Coponha Sil teve vitória do Internacional pra cima do CSE e empate no duelo paulista entre Ibrachina e Santo André!
#CopinhaSil2026",,0,"01/07/2026 08:21",N/A,https://www.facebook.com/copinha/posts/pfbid07zeptLYpDtnfNMWqmbXYQnGotPgnrvgSHaL3GDvUyYtFtCSWNGZEUcoK9FR2bWP3l,0,0,Fotos,,,,,Total,7479,5244,46,41,0,5,112,33,79,,,,,,,,,,
1175448821415423,100068509496158,Copinha,"TEM MAIS!
Não vai faltar emoção em mais uma tarde cheia de jogos na #CopinhaSil2026 👀",,0,"01/07/2026 07:30",N/A,https://www.facebook.com/copinha/posts/pfbid0tpWSVp8V9kxPY8C1WDmUE8gMrpXmrNvMBC92juetVjwaNhnNfeZjoXMWsAczng7al,0,0,Fotos,,,,,Total,19337,11600,123,103,1,19,510,149,361,,,,,,,,,,
1175399938086978,100068509496158,Copinha,"EMPATE SEM GOLS!
A rede não balançou no duelo paulista.
#CopinhaSil2026",,0,"01/07/2026 06:12",N/A,https://www.facebook.com/copinha/posts/pfbid02TyNUyRPSntLqeDqkg23HaNquZVnrctATLcNaZEg3Sck6FkuCqJo1W6mFT83WnUWsl,0,0,Fotos,,,,,Total,11511,8219,50,47,0,3,49,22,27,,,,,,,,,,
1175392331421072,100068509496158,Copinha,"ALMOÇO COM CIA!
Já sabe o que fazer na hora do almoço, né? Tem Copinha Sil 2026 🥰
#CopinhaSil2026",,0,"01/07/2026 06:00",N/A,https://www.facebook.com/copinha/posts/pfbid0nH7UdkBRze13FuNVeVMMzeqNZA152T5BvHehFixiUtA11tvdBCg1mzfB9hdQh7Lql,0,0,Fotos,,,,,Total,6254,3913,44,37,0,7,198,52,146,,,,,,,,,,
1175044724789166,100068509496158,Copinha,"VEM QUE TEM MAIS UM DIA CHEIO!
A quarta-feira vai ser do jeito que a gente gosta: recheada de jogos da #CopinhaSil2026 🤩",,0,"01/06/2026 19:05",N/A,https://www.facebook.com/copinha/posts/pfbid02wqF6x6Spwxr5eBQCM1SjmaAxhPmVhQEHdBkNdSgQndRXTTcRQh93i445Q5CKgWMel,0,0,Fotos,,,,,Total,24211,13083,252,220,5,27,2027,392,1635,,,,,,,,,,
1175039481456357,100068509496158,Copinha,"100% DEFINIDO!
Grêmio Prudente e Ceará também carimbam vaga na próxima fase. 
#CopinhaSil2026",,0,"01/06/2026 18:55",N/A,https://www.facebook.com/copinha/posts/pfbid02ajSBomFFoMiHJ7wLwYVyxx957DEVEgKbzeidpeQzuUA59zcWjZenK8EdPcrirRCFl,0,0,Fotos,,,,,Total,15544,10444,120,108,0,12,113,57,56,,,,,,,,,,
1175038531456452,100068509496158,Copinha,"PASSOU A RÉGUA!
Mais um dia de #CopinhaSil2026 que termina, então vem conferir todos os resultados 😮‍💨",,0,"01/06/2026 18:53",N/A,https://www.facebook.com/copinha/posts/pfbid0B7WDNikVmDDbavWQkShXmUhofB3VSTJbRpJx6exDu2NKTApMkNCtCaGUDMbnCZ8Tl,0,0,Fotos,,,,,Total,15260,8637,131,112,2,17,1203,238,965,,,,,,,,,,
1175036431456662,100068509496158,Copinha,"FECHANDO A NOITE!
Ceará, Athletic e Athletico Paranaense levaram a melhor nos últimos jogos do dia.
#CopinhaSil2026",,0,"01/06/2026 18:49",N/A,https://www.facebook.com/copinha/posts/pfbid037MJPbLzU1wENtG2qinnQZKFBDfVG36L7SppuLrhBVV3gWeMjBRFQzswT7WHhAhNGl,0,0,Fotos,,,,,Total,8705,5884,59,53,0,6,217,41,176,,,,,,,,,,
1175032338123738,100068509496158,Copinha,"DE PRIMEIRA!
LUCAS NÃO PERDEU A CHANCE E SOLTOU UM FOGUETE PARA FECHAR A VITÓRIA DO CEARÁ 🚀
#CopinhaSil2026","DE PRIMEIRA!
LUCAS NÃO PERDEU A CHANCE E SOLTOU UM FOGUETE PARA FECHAR A VITÓRIA DO CEARÁ 🚀
#CopinhaSil2026",34,"01/06/2026 18:41",N/A,https://www.facebook.com/reel/833648079490755/,0,0,Vídeos,,,,,Total,12341,11312,321,314,1,6,231,231,,,,,149937.287,13.377,0,0,0,,
1175028491457456,100068509496158,Copinha,"PARA FICAR DE OLHO!
Falta uma rodada só, então ver conferir como está a classificação do Grupo 5, do Grupo 7 e do Grupo 10.
#CopinhaSil2026",,0,"01/06/2026 18:34",N/A,https://www.facebook.com/copinha/posts/pfbid02ENyzWMxQtjTBpTf5TvU48VHbUWTp3RsYaPBgEQQCJfBrbwibV4iaL6NV7E6PTjEEl,0,0,Fotos,,,,,Total,17713,9836,104,99,0,5,1390,333,1057,,,,,,,,,,
1175015858125386,100068509496158,Copinha,"TUDO RESOLVIDO!
Cruzeiro e Francana já garantiram vaga na segunda fase da #CopinhaSil2026 ➡️",,0,"01/06/2026 18:08",N/A,https://www.facebook.com/copinha/posts/pfbid031qXvBAmTbGNQCzxTtMo5RVfaSRveThTYxKVmPWnT4xPEzD4LCDUqKXZEY8RZJGMbl,0,0,Fotos,,,,,Total,15967,10282,108,94,2,12,255,178,77,,,,,,,,,,
1175003191459986,100068509496158,Copinha,"DUPLA MINEIRA!
Cruzeiro e América-MG levam os três pontos nesta noite.
#CopinhaSil2026",,0,"01/06/2026 17:41",N/A,https://www.facebook.com/copinha/posts/pfbid0EVkkGv1W3XkR34WpmJLFtNtZFuq9m9hm7ewdVD3z2c8RLhtpvhUpfP6zfVubC6mYl,0,0,Fotos,,,,,Total,7519,5296,58,52,0,6,135,51,84,,,,,,,,,,
1174985534795085,100068509496158,Copinha,"QUE SEQUÊNCIA! 
O @kaiquefeijo_01 não deixou passar nada hoje! 
#CopinhaSil2026","QUE SEQUÊNCIA! 
O @kaiquefeijo_01 não deixou passar nada hoje! 
#CopinhaSil2026",19,"01/06/2026 17:03",N/A,https://www.facebook.com/reel/709978548711788/,1,0,Vídeos,,,,,Total,63139,53612,524,509,4,11,548,540,,8,,,550041.248,10.741,0,0,0,,
1174976134796025,100068509496158,Copinha,"GALINHO CLASSIFICADO!
O @xvdejau_oficial também garante classificação para a segunda fase da Copinha Sil 2026.
#CopinhaSil2026",,0,"01/06/2026 16:40",N/A,https://www.facebook.com/copinha/posts/pfbid0553oxMoidCMmNKDKQVZTqb1pbDHU5NwYsZXqxwKPt6Lq698ybqfNqGNiULmm7k4al,0,0,Fotos,,,,,Total,108521,69640,363,329,15,19,1914,1214,700,,,,,,,,,1,
1174973791462926,100068509496158,Copinha,"FIM DE PAPO! 
Os Crias do Passo, os Filhos do Terrão, o Carcará e o Dragão entraram em campo no início da noite. Vem conferir como terminaram esses jogos 👀
#CopinhaSil2026",,0,"01/06/2026 16:35",N/A,https://www.facebook.com/copinha/posts/pfbid022E98T7FsMdGnfQsK6WGP5cuHB1x7KYZHAXtrpa8TGitiajBcF7biafgBpCd1nE7Zl,0,0,Fotos,,,,,Total,47494,30547,134,126,2,6,2451,622,1829,,,,,,,,,1,
1174962921464013,100068509496158,Copinha,"COMEÇOU A NOITE...
E Comercial, Francana, Guarani e Osasco Sporting garantiram três pontos na Copinha Sil 2026.
#CopinhaSil2026",,0,"01/06/2026 16:09",N/A,https://www.facebook.com/copinha/posts/pfbid0eKUsX4v5mzGjNNDtBitmumzJNSpMzUdvbEiVRAbiPSQduBDkZakLjvRP8ZrYpuZdl,0,0,Fotos,,,,,Total,10309,7074,75,70,0,5,345,63,282,,,,,,,,,,
1174962421464063,100068509496158,Copinha,"TOMA PEDACLETE! 
O ROGER VIDAL APRONTOU DE NOVO! @obolhaa o moleque tá aprovado? 
#CopinhaSil2026","TOMA PEDACLETE! 
O ROGER VIDAL APRONTOU DE NOVO! @obolhaa o moleque tá aprovado? 
#CopinhaSil2026",22,"01/06/2026 16:08",N/A,https://www.facebook.com/reel/865833459566510/,1,0,Vídeos,,,,,Total,16818,12728,241,228,10,3,783,770,,13,,,174584.786,13.726,0,0,0,,
1174958164797822,100068509496158,Copinha,"COMEÇOU A NOITE...
E o Comercial, Francana, Guarani e Osasco Sporting garantiram três pontos na Copinha Sil 2026.
#CopinhaSil2026",,0,"01/06/2026 15:57",N/A,https://www.facebook.com/copinha/posts/pfbid0Y8qRpk1JrCXbTvibeHVKUP7FCvQEYQA5oruqi3NWo898cfbJigCGWfvYkA5hjmtul,0,0,Fotos,,,,,Total,6269,4259,47,44,0,3,139,26,113,,,,,,,,,,
1174956848131287,100068509496158,Copinha,"MAIS UM CLASSIFICADO!
O Guanabara City FC garante vaga na próxima fase. Vem conferir a classificação do Grupo 12 na #CopinhaSil2026 👀",,0,"01/06/2026 15:54",N/A,https://www.facebook.com/copinha/posts/pfbid0Rv1FbtiqgFS9s9yUqJhwFbZgtyDngbPBeZmbrPNYTtzaCqvPPkLVSrfW4iGPWyQDl,0,0,Fotos,,,,,Total,97496,68547,315,290,7,18,1393,888,505,,,,,,,,,,
1174941331466172,100068509496158,Copinha,"BONDE DA TARDE!
Vem conferir todos os resultados da parte da tarde nesta terça-feira na #CopinhaSil2026 🔥",,0,"01/06/2026 15:16",N/A,https://www.facebook.com/copinha/posts/pfbid026jbCKXjRiK6XENwBjmVAHpKYxvqNK3nTiCtvoHpCbFDieFXw1fWyfJ6CP8SBMgi5l,0,0,Fotos,,,,,Total,9052,5756,79,74,0,5,451,95,356,,,,,,,,,,
1174930311467274,100068509496158,Copinha,"MAIS DOIS CONCLUÍDOS!
O @xvdejau_oficial venceu mais uma, enquanto o @i9_futebolclube garantiu o empate no finalzinho!
#CopinhaSil2026",,0,"01/06/2026 14:49",N/A,https://www.facebook.com/copinha/posts/pfbid0yvMmx5M3wnU7fBHHF2DJ7Z44J75NfKLseMcoFyk7VDHi9DYWKsvnMxRcvpzaqJELl,0,0,Fotos,,,,,Total,8558,6010,56,48,0,8,186,55,131,,,,,,,,,,
1174887691471536,100068509496158,Copinha,"GRUPOS ATUALIZADOS! ✅
Arrasta pro lado pra ver as classificações depois da 2ª rodada da #CopinhaSil2026!",,0,"01/06/2026 13:15",N/A,https://www.facebook.com/copinha/posts/pfbid0J624idvpHU8mZLdMtxX5SxM7Zq67rjqftVCBccdUx1G2BD88BsGhHP8EQqCAP6wjl,0,0,Fotos,,,,,Total,24631,12806,161,149,1,11,2581,557,2024,,,,,,,,,,
1174883451471960,100068509496158,Copinha,"FOI DE LONGE 💥
De fora da área, o Pedro meteu na gaveta para marcar o primeiro do @veloclube1910!
#CopinhaSil2026","FOI DE LONGE 💥
De fora da área, o Pedro meteu na gaveta para marcar o primeiro do @veloclube1910!
#CopinhaSil2026",29,"01/06/2026 13:06",N/A,https://www.facebook.com/reel/1325899559292121/,1,0,Vídeos,,,,,Total,4615,4399,53,48,0,5,42,42,,,,,23042.363,5.396,0,0,0,,
1174882398138732,100068509496158,Copinha,"FIM DOS JOGOS DA TARDE! 👏
Se liga nos resultados da 2ª rodada da #CopinhaSil2026!",,0,"01/06/2026 13:03",N/A,https://www.facebook.com/copinha/posts/pfbid01JC6pDKNB1fqyKHFmbzzgi2BWu4juNLpNvfSyS5BdCY4BLSL3ESqeortS8undJwJl,0,0,Fotos,,,,,Total,10511,6785,70,61,1,8,455,90,365,,,,,,,,,,
1174880064805632,100068509496158,Copinha,"NA COBERTURA…
O @juan_isaza02 abriu o placar para o @xvdejau_oficial nesse golaço 👀
#CopinhaSil2026","NA COBERTURA…
O @juan_isaza02 abriu o placar para o @xvdejau_oficial nesse golaço 👀
#CopinhaSil2026",33,"01/06/2026 12:58",mixed,https://www.facebook.com/reel/895871866145017/,1,0,Vídeos,,,,,Total,2922,2988,35,29,2,4,38,38,,,,,14005.396,5.16,0,0,0,,
1174870981473207,100068509496158,Copinha,"FIM DOS JOGOS DA TARDE! 👏
Se liga nos resultados da 2ª rodada da #CopinhaSil2026!",,0,"01/06/2026 12:40",N/A,https://www.facebook.com/copinha/posts/pfbid02dg2DBZnKkar4Vt3anS167oVSHjRkmMndBYihGKvyWU5VzU2c4coGFBRitFcq7ZSql,0,0,Fotos,,,,,Total,17988,11554,93,84,3,6,882,319,563,,,,,,,,,,
1174869091473396,100068509496158,Copinha,"O LEO BORGES É TRANQUILO E CALMO!
#CopinhaSil2026
🎥 @operarioferroviariobase","O LEO BORGES É TRANQUILO E CALMO!
#CopinhaSil2026
🎥 @operarioferroviariobase",6,"01/06/2026 12:37",N/A,https://www.facebook.com/reel/1211383024271905/,1,0,Vídeos,,,,,Total,190357,132120,607,596,0,11,627,626,,1,,,674693.87,5.324,0,0,0,,
1174865564807082,100068509496158,Copinha,"PRA FECHAR O DIA! 🤝
Bora pra última leva de jogos nessa terça-feira! #CopinhaSil2026",,0,"01/06/2026 12:30",N/A,https://www.facebook.com/copinha/posts/pfbid02xmXCCpYpMCrcuSaUDrmujtrkdjCZRfCiTZC846NgVusFBtuhf83uYqqhtvdRJNECl,0,0,Fotos,,,,,Total,8309,5321,70,62,1,7,405,117,288,,,,,,,,,,
1174848891475416,100068509496158,Copinha,"UM GOL PRA CADA LADO! 🤝
Guanabara City e Vasco ficaram no empate pela 2ª rodada da #CopinhaSil2026!",,0,"01/06/2026 11:54",N/A,https://www.facebook.com/copinha/posts/pfbid02h6g6WDeNTSwSmjQGQ3bS6RFJBt1YkLoANmCVkz9iZA585a8QSMaAGJ82dhHXKur4l,0,0,Fotos,,,,,Total,115775,77019,202,171,26,5,2546,2061,485,,,,,,,,,,
1174844578142514,100068509496158,Copinha,"A PERGUNTA QUE FICA É: QUEM É O DONO DO GOL? 🤣🤣🤣 Eles tiveram a mesma ideia e deu MUITO CERTO! 👏 #CopinhaSil2026","A PERGUNTA QUE FICA É: QUEM É O DONO DO GOL? 🤣🤣🤣 Eles tiveram a mesma ideia e deu MUITO CERTO! 👏 #CopinhaSil2026",44,"01/06/2026 11:45",N/A,https://www.facebook.com/reel/2408915889538119/,0,0,Vídeos,,,,,Total,3487,3583,44,35,1,8,91,91,,,,,27608.285,8.555,0,0,0,,
1174840614809577,100068509496158,Copinha,"GOLAAAAAÇOOOO! 🔥
O chutaço de surpresa do @gilvan_.09 é um absurdo! 🥵 #CopinhaSil2026","GOLAAAAAÇOOOO! 🔥
O chutaço de surpresa do @gilvan_.09 é um absurdo! 🥵 #CopinhaSil2026",52,"01/06/2026 11:37",N/A,https://www.facebook.com/reel/1222493153125396/,0,0,Vídeos,,,,,Total,4193,4053,69,60,1,8,64,64,,,,,32795.644,8.304,0,0,0,,
1174836281476677,100068509496158,Copinha,"QUE PASSE ABSURDO! 😮‍💨🤌
O @vitorfonseca.5 mandou o lançamento perfeito pro @williemartins9 concluir o golaço do Goiás! 🔥 #CopinhaSil2026","QUE PASSE ABSURDO! 😮‍💨🤌
O @vitorfonseca.5 mandou o lançamento perfeito pro @williemartins9 concluir o golaço do Goiás! 🔥 #CopinhaSil2026",46,"01/06/2026 11:28",N/A,https://www.facebook.com/reel/1397707511858636/,0,0,Vídeos,,,,,Total,18261,19182,269,248,14,7,993,993,,,,,210378.5,12.5,0,0,0,,
1174832461477059,100068509496158,Copinha,"PEDRO ARIEL É O NOME DELE! 🧤⚽
O goleiro do CSA, que tem uma história de superação incrível, fechou o gol contra o Bahia e honrou o time do pai!
#CopinhaSil2026",,18,"01/06/2026 11:20",N/A,https://www.facebook.com/copinha/posts/pfbid0PKQQiQwdTTMP4U6hS46hwrGbKZ1F164iwfCvfinrka9ASuqjxygFCKkK11s84kzBl,1,0,Fotos,,,,,Total,13232,12215,64,59,1,4,499,352,147,,,,,,,,,1,
1174814711478834,100068509496158,Copinha,"QUE LIIINDOOOO!
Que categoria do Deivid, do Santa Fé!
#CopinhaSil2026","QUE LIIINDOOOO!
Que categoria do Deivid, do Santa Fé!
#CopinhaSil2026",9,"01/06/2026 10:45",N/A,https://www.facebook.com/reel/890991303326323/,0,0,Vídeos,,,,,Total,366594,237209,657,643,3,11,1770,1769,,1,,,1624212.59,6.83,0,0,0,,
1174807588146213,100068509496158,Copinha,"A MAIOR VITÓRIA DO @americafcnatal NA HISTÓRIA DA @copinha!
O América alcançou um feito histórico com a goelada de 5 a 0 para cima do Tanabi pela segunda rodada da #CopinhaSil2026!
📷Cleder R Damasceno",,0,"01/06/2026 10:31",N/A,https://www.facebook.com/copinha/posts/pfbid055bWJcDh7DbjfYEZw1FWMDeTcSFw14fznroSt4sdwP7rrF8rNMT8Ja9bRjRW7KAKl,0,0,Fotos,,,,,Total,7737,5567,40,35,0,5,47,21,26,,,,,,,,,,
1174800931480212,100068509496158,Copinha,"FIM DE PAPO!
Os jogos da hora do almoço terminaram e você confere todos os resultados arrastando para o lado!
#CopinhaSil2026",,0,"01/06/2026 10:18",N/A,https://www.facebook.com/copinha/posts/pfbid02w8WRjGHnpzbKy1nKGnoH3BEshy9PzAUPPYrhDtravcEvPmmKwFeMyTf8XGeRGW4ml,0,0,Fotos,,,,,Total,22271,13378,136,126,0,10,1821,322,1499,,,,,,,,,,
1174800558146916,100068509496158,Copinha,"RABIIIXXXCAAAA, ROGER VIDAL!
#CopinhaSil2026","RABIIIXXXCAAAA, ROGER VIDAL!
#CopinhaSil2026",14,"01/06/2026 10:17",N/A,https://www.facebook.com/reel/1492049768547004/,0,0,Vídeos,,,,,Total,12030,9196,204,201,0,3,154,154,,,,,82217.001,9.35,0,0,0,,
1174792508147721,100068509496158,Copinha,"QUE GOLAÇO DO AMÉRICA! 
O @kayanaraujo_09 entrou no jogo e já deixou o dele!
#CopinhaSil2026","QUE GOLAÇO DO AMÉRICA! 
O @kayanaraujo_09 entrou no jogo e já deixou o dele!
#CopinhaSil2026",31,"01/06/2026 10:02",mixed,https://www.facebook.com/reel/904213592297051/,1,0,Vídeos,,,,,Total,3580,3827,58,54,0,4,67,67,,,,,20956.643,6.174,0,0,0,,
1174790354814603,100068509496158,Copinha,"FACULDADE DE PÊNALTI?! 
Que categoria na batida do Henrique Miranda! 
#CopinhaSil2026","FACULDADE DE PÊNALTI?! 
Que categoria na batida do Henrique Miranda! 
#CopinhaSil2026",51,"01/06/2026 09:58",N/A,https://www.facebook.com/reel/2259568267872406/,1,0,Vídeos,,,,,Total,3833,4142,38,34,1,3,126,126,,,,,26654.289,7.308,0,0,0,,
1174779814815657,100068509496158,Copinha,"GOLAAAAÇO DO PANTERA! 
E com direito a uma narração diferenciada 😅
#CopinhaSil2026","GOLAAAAÇO DO PANTERA! 
E com direito a uma narração diferenciada 😅
#CopinhaSil2026",41,"01/06/2026 09:39",N/A,https://www.facebook.com/reel/1196057505832004/,1,0,Vídeos,,,,,Total,2702,2765,47,43,0,4,64,64,,,,,18080.504,7.054,0,0,0,,
1174765444817094,100068509496158,Copinha,"TOME CANETA!
O Paraná é ousado, hein?!
#CopinhaSil2026","TOME CANETA!
O Paraná é ousado, hein?!
#CopinhaSil2026",16,"01/06/2026 09:12",N/A,https://www.facebook.com/reel/2731767843837729/,0,0,Vídeos,,,,,Total,7128,6021,82,79,0,3,84,84,,,,,50229.047,9.014,0,0,0,,
1174755128151459,100068509496158,Copinha,"BOM, BOM, BOM!
Coloca na conta mais um gol do João Bom, do Volta Redonda!
#CopinhaSil2026","BOM, BOM, BOM!
Coloca na conta mais um gol do João Bom, do Volta Redonda!
#CopinhaSil2026",36,"01/06/2026 08:54",N/A,https://www.facebook.com/reel/1460733355711225/,1,0,Vídeos,,,,,Total,6938,6705,112,102,4,6,313,313,,,,,66531.307,10.275,0,0,0,,
1174752571485048,100068509496158,Copinha,"HORA DA CLASSIFICAÇÃO! 
Fim da segunda rodada para o grupo 9.
#CopinhaSil2026",,0,"01/06/2026 08:50",N/A,https://www.facebook.com/copinha/posts/pfbid02QEonsXkMqWzXn3CTcMKzaQeGsCcsmSxYBr7jm5wayLGGuGQgj2YhTAcs9AEpkFcrl,0,0,Fotos,,,,,Total,41730,31012,178,171,0,7,527,301,226,,,,,,,,,,
1174732564820382,100068509496158,Copinha,"A rede não balançou para CSA e Bahia.
#CopinhaSil2026",,0,"01/06/2026 08:16",N/A,https://www.facebook.com/copinha/posts/pfbid021qXyePfd2GhW6RtcY5inFVx9NDGKj3akTrCfo2tArxLYAMZMFPwJXmc3B8PK4VWel,0,0,Fotos,,,,,Total,17162,13211,98,86,2,10,139,78,61,,,,,,,,,,
1174684598158512,100068509496158,Copinha,"TARDE RECHEADA! 🤩
Se liga em todos os jogos da Copinha Sil pra animar a terça-feira! #CopinhaSil2026",,0,"01/06/2026 07:00",N/A,https://www.facebook.com/copinha/posts/pfbid0wGouj8Bvf1H7iojXZTs6LW7VkyMZA8yKTo6v8PDkYC7d2V1guKfuKK5e6NgSrcgSl,0,0,Fotos,,,,,Total,14637,8955,125,113,2,10,868,189,679,,,,,,,,,,
1174673228159649,100068509496158,Copinha,"Tudo bem aí, @gabrielgk_07? 😅🫠 A @danda_fotos tirou a foto certa no momento exato!
#CopinhaSil2026
📷@danda_fotos",,0,"01/06/2026 06:42",N/A,https://www.facebook.com/copinha/posts/pfbid0DGsrqPBmXwW4P7ZMH5s475ZaEDV6nxbmFVc9kbfnGbLiw2mMC56iHhevAZuHW3TXl,0,0,Fotos,,,,,Total,115129,76421,499,445,34,20,3292,1694,1598,,,,,,,,,,
1174670548159917,100068509496158,Copinha,"A terça-feira começou com um empate sem gols na #CopinhaSil2026.",,0,"01/06/2026 06:38",N/A,https://www.facebook.com/copinha/posts/pfbid04jpzagyPEUeV96QE49SM8k7xVRRc8Tckw6HZ8jnpxakhQM8W7rRy9Ah3RkxKn4L9l,0,0,Fotos,,,,,Total,10128,7574,75,68,0,7,63,33,30,,,,,,,,,,
1174293061530999,100068509496158,Copinha,"TERÇA AGITADA! 😮‍💨
Bora pra mais um dia lotado de Copinha Sil! 😎🔥 #CopinhaSil2026",,0,"01/05/2026 19:05",N/A,https://www.facebook.com/copinha/posts/pfbid023VK4N8ZyCrtBPKQpxYf7dUfXKVPX2mj8yxuChuojjRrxtfoi7xiNaxgghvVbZHNYl,0,0,Fotos,,,,,Total,25467,14134,229,203,4,22,2303,437,1866,,,,,,,,,,
1174278134865825,100068509496158,Copinha,"MAIS UM DIA DE COPINHA SIL CONCLUÍDO! ✅
Se liga nos resultados dos jogos dessa terça-feira! #CopinhaSil2026!",,0,"01/05/2026 18:38",N/A,https://www.facebook.com/copinha/posts/pfbid0NcERQ1QbTj4oREdmkV4eBTeV6rHSt1Upy3GaBpD34CqiT9N4M5DFzYWBZ9XAVwrzl,0,0,Fotos,,,,,Total,22479,13987,241,206,14,21,840,313,527,,,,,,,,,,
1174275998199372,100068509496158,Copinha,"ESTREIA COM VITÓRIA! 🇭🇺
Os Meninos de Xerém conquistaram 3 pontos no primeiro jogo na #CopinhaSil2026!",,0,"01/05/2026 18:34",N/A,https://www.facebook.com/copinha/posts/pfbid032b7EUoGSAu9eokEP4mAfDoBT2taGY1zntR1U8y27VoUu2G8HGSYAsCE9FYinwWqql,0,0,Fotos,,,,,Total,12698,9141,66,59,0,7,47,25,22,,,,,,,,,,
1174266604866978,100068509496158,Copinha,"MIRASSOL CLASSIFICADO! ✅
Assim ficou a classificação do Grupo 4 com o fim da segunda rodada da #CopinhaSil2026!",,0,"01/05/2026 18:17",N/A,https://www.facebook.com/copinha/posts/pfbid06YzpDrnMFkGyCcJpceFq7SepBABKzYfjizNY98JX4qf7PzNvqYGZsXgrxcygJQ8Xl,0,0,Fotos,,,,,Total,44901,29891,249,239,1,9,680,473,207,,,,,,,,,1,
1174261394867499,100068509496158,Copinha,"QUE PINTURA, FLU! 😮‍💨
Vagno marca o primeiro do Tricolor na Copinha Sil, e foi logo UM GOLAÇO! 🔥🇭🇺 #CopinhaSil2026","QUE PINTURA, FLU! 😮‍💨
Vagno marca o primeiro do Tricolor na Copinha Sil, e foi logo UM GOLAÇO! 🔥🇭🇺 #CopinhaSil2026",23,"01/05/2026 18:07",N/A,https://www.facebook.com/reel/2099907607443016/,1,0,Vídeos,,,,,Total,4618,4243,69,64,1,4,41,41,,,,,26596.071,6.365,0,0,0,,
1174259894867649,100068509496158,Copinha,"QUE PINTURA, FLU! 😮‍💨
Vagno marca o primeiro do Tricolor na Copinha Sil, e foi logo UM GOLAÇO! 🔥🇭🇺 #CopinhaSil2026","QUE PINTURA, FLU! 😮‍💨
Vagno marca o primeiro do Tricolor na Copinha Sil, e foi logo UM GOLAÇO! 🔥🇭🇺 #CopinhaSil2026",23,"01/05/2026 18:04",N/A,https://www.facebook.com/reel/1959182281299275/,0,0,Vídeos,,,,,Total,6712,6955,77,72,1,4,84,84,,,,,38724.855,6.267,0,0,0,,
1174254074868231,100068509496158,Copinha,"PAREDÃO! 🧤
O goleirão dos @leoesdabase foi um grande destaque do jogo contra o Forte-ES! 👏👏👏 #CopinhaSil2026","PAREDÃO! 🧤
O goleirão dos @leoesdabase foi um grande destaque do jogo contra o Forte-ES! 👏👏👏 #CopinhaSil2026",26,"01/05/2026 17:51",N/A,https://www.facebook.com/reel/1418354506371530/,1,0,Vídeos,,,,,Total,9091,9021,85,80,0,5,125,124,,1,,,60787.169,7.56,0,0,0,,
1174251981535107,100068509496158,Copinha,"PAREDÃO! 🧤
O goleirão dos @leoesdabase foi um grande destaque do jogo contra o Forte-ES! 👏👏👏 #CopinhaSil2026","PAREDÃO! 🧤
O goleirão dos @leoesdabase foi um grande destaque do jogo contra o Forte-ES! 👏👏👏 #CopinhaSil2026",26,"01/05/2026 17:47",N/A,https://www.facebook.com/reel/1326918902795003/,0,0,Vídeos,,,,,Total,117639,90789,1785,1769,10,6,494,494,,,,,1131848.539,12.467,0,0,0,,
1174226974870941,100068509496158,Copinha,"Bora com mais uma leva de resultados? Então se liga aí no que aconteceu nos jogos do fim da tarde e começo da noite desta segunda-feira!
#CopinhaSil2026",,0,"01/05/2026 16:57",N/A,https://www.facebook.com/copinha/posts/pfbid0qkAjp6HcxiKxqzUjxrRS2sG7oCKdryVdj1fPwqaGqd8eNZegvVw4tagTvPvQN7cvl,0,0,Fotos,,,,,Total,28344,20086,227,214,2,11,266,114,152,,,,,,,,,,
1174226458204326,100068509496158,Copinha,"O JACARÉ MORDEU!
Brasiliense estreia com o resultado positivo na #CopinhaSil2026!",,0,"01/05/2026 16:56",N/A,https://www.facebook.com/copinha/posts/pfbid02KefNydTbQFoHNudaazHG4b9zA8NgEAN2UGymXS2csiE3QNwHrRzhRUz5HwvqrMfRl,0,0,Fotos,,,,,Total,17781,13370,97,87,1,9,105,51,54,,,,,,,,,,
1174220404871598,100068509496158,Copinha,"CRIAS VENCEM!
O Palmeiras levou a melhor sobre o Monte Roraima-RR na estreia da #CopinhaSil2026!",,0,"01/05/2026 16:44",N/A,https://www.facebook.com/copinha/posts/pfbid02ZqtUZLejT1fBTP17d14RfMsHDbsuRtm3GHrATeoWE5sXawveSKUNBd4AMJWpLdVGl,0,0,Fotos,,,,,Total,61536,42805,680,552,115,13,848,652,196,,,,,,,,,1,1
1174201364873502,100068509496158,Copinha,"LEÃO CLASSIFICADO!
O Mirassol carimba a passagem para a segunda fase da #CopinhaSil2026",,0,"01/05/2026 16:00",N/A,https://www.facebook.com/copinha/posts/pfbid02xVMjYprAxDEKLAAYbfEDaHRK6WNitE2Cdh9HQRKYPX4u9PFiAp4E1SQXxht5gig7l,0,0,Fotos,,,,,Total,51293,36413,288,279,0,9,345,171,174,,,,,,,,,,
1174196664873972,100068509496158,Copinha,"VITÓRIA DO CAV!
Três pontos na conta do Votuporanguense!
#CopinhaSil2026",,0,"01/05/2026 15:49",N/A,https://www.facebook.com/copinha/posts/pfbid0UjPCH5ogX3BmEx2bRpY9SC6jp4cx6aBztgRSipLGpLh6ib4uPFMYfHu9XA7XBVWBl,0,0,Fotos,,,,,Total,14721,10525,104,99,0,5,87,51,36,,,,,,,,,,
1174170934876545,100068509496158,Copinha,"TEM GOL DO VERDÃO!
Luis Sabóia tabela na entrada da área e anota o primeiro das Crias da Academia na Copinha Sil 2026!
#CopinhaSil2026","TEM GOL DO VERDÃO!
Luis Sabóia tabela na entrada da área e anota o primeiro das Crias da Academia na Copinha Sil 2026!
#CopinhaSil2026",27,"01/05/2026 14:50",N/A,https://www.facebook.com/reel/1594491574917272/,0,0,Vídeos,,,,,Total,379917,313045,11401,11192,104,105,3270,3270,,,,,4439746.535,14.738,0,0,2,,
1174140024879636,100068509496158,Copinha,"OLHA O CHUUUUUTEEEE!
Tico soltou o pé da entrada da área e balançou a rede para o Remo!
#CopinhaSil2026","OLHA O CHUUUUUTEEEE!
Tico soltou o pé da entrada da área e balançou a rede para o Remo!
#CopinhaSil2026",29,"01/05/2026 13:39",N/A,https://www.facebook.com/reel/1368397905011872/,0,0,Vídeos,,,,,Total,9329,8354,242,236,0,6,234,234,,,,,79894.702,9.461,0,0,0,,
1174131718213800,100068509496158,Copinha,"PASSO A PASSO LIBERADO 📲
Confira o tutorial e saiba como resgatar seus ingressos para assistir aos jogos da #CopinhaSil2026!","PASSO A PASSO LIBERADO 📲
Confira o tutorial e saiba como resgatar seus ingressos para assistir aos jogos da #CopinhaSil2026!",38,"01/05/2026 13:22",N/A,https://www.facebook.com/reel/1148990553984210/,0,0,Vídeos,,,,,Total,2373,2450,16,14,0,2,3,3,,,,,5456.061,2.5,0,0,0,,
1174124168214555,100068509496158,Copinha,"MACACA CLASSIFICADA!
Assim ficou a classificação do Grupo 14 depois da segunda rodada!
#CopinhaSil2026",,0,"01/05/2026 13:04",N/A,https://www.facebook.com/copinha/posts/pfbid022uZmeGiWVmF1VSjmpiS5nGYVkow8ErmAEomk2X48NZ2p4eTF5RPD5tQMbeJRL6LVl,0,0,Fotos,,,,,Total,80085,53221,363,349,3,11,1348,902,446,,,,,,,,,,
1174123398214632,100068509496158,Copinha,"VITÓRIA MAIÚSCULA DO TRICOLOR!
O Grêmio goleou o Galvez por 7 a 0!
#CopinhaSil2026",,0,"01/05/2026 13:02",N/A,https://www.facebook.com/copinha/posts/pfbid0CXXBrvZEyHLuJaSfuQeCWLAUj1DfbgaBanerSVZErmCWMwTqrzNm6fPxEnATq7iQl,0,0,Fotos,,,,,Total,40547,29311,409,385,9,15,406,242,164,,,,,,,,,,
1174122421548063,100068509496158,Copinha,"A NOITE PROMETE NA COPINHA SIL!
#CopinhaSil2026",,0,"01/05/2026 13:00",N/A,https://www.facebook.com/copinha/posts/pfbid029E5KmfFFwvNqs2cua1hYvgLYWfMWzMDub6kqdPA8aaB8WtjEyfRXkVhCEW2WxxTol,0,0,Fotos,,,,,Total,38848,29111,220,209,1,10,453,205,248,,,,,,,,,,
1174119438215028,100068509496158,Copinha,"PODE PEDIR SUA MÚSICA, FELIPE!
Rolou hat trick do craque do @gremio na #CopinhaSil2026!
📷Andrey Queiroz",,0,"01/05/2026 12:53",N/A,https://www.facebook.com/copinha/posts/pfbid02PGtfSXgeft3SebpFJCMQWNmSP1NUjnQHRNoiQXsFaRsxV3ayThNANhQFz7frawcLl,0,0,Fotos,,,,,Total,8967,6253,54,53,0,1,82,29,53,,,,,,,,,,
1174114831548822,100068509496158,Copinha,"HAT TRICK DO FELIPE MAGALHÃES! 🔥
Um belo cruzamento e uma cabeçada certeira para fazer o sexto gol do Grêmio!
#CopinhaSil2026","HAT TRICK DO FELIPE MAGALHÃES! 🔥
Um belo cruzamento e uma cabeçada certeira para fazer o sexto gol do Grêmio!
#CopinhaSil2026",19,"01/05/2026 12:43",N/A,https://www.facebook.com/reel/735603085838763/,1,0,Vídeos,,,,,Total,148619,118537,2171,2141,7,23,1415,1415,,,,,1402903.821,12.411,0,0,1,,
1174101584883480,100068509496158,Copinha,"GOLEADA DO COXA!
Coloca mais nove gols na conta do Coritiba!
#CopinhaSil2026",,0,"01/05/2026 12:15",N/A,https://www.facebook.com/copinha/posts/pfbid02SC4KQTmYiQz8HCwZpkVmVTn8ohg4Z8eUxKV3m2qMpKWGS7qZT8fz2zDBrEcGe272l,0,0,Fotos,,,,,Total,81574,57822,622,485,116,21,1692,1287,405,,,,,,,,,,
1174057871554518,100068509496158,Copinha,"GOLAÇO DO COXA! 🔥
Pegou de primeira e mandou pro fundo do gol! 
#CopinhaSil2026","GOLAÇO DO COXA! 🔥
Pegou de primeira e mandou pro fundo do gol! 
#CopinhaSil2026",21,"01/05/2026 10:43",mixed,https://www.facebook.com/reel/1837950203515413/,1,0,Vídeos,,,,,Total,8525,8309,92,86,0,6,111,111,,,,,45105.447,5.751,0,0,0,,
1174043601555945,100068509496158,Copinha,"MAIS UMA VITÓRIA DA MACACA!
A Ponte Preta está garantida na próxima fase da #CopinhaSil2026!",,0,"01/05/2026 10:13",N/A,https://www.facebook.com/copinha/posts/pfbid0ZSxMe14DvXNqVAXvZFsgv3pkkXHkL2YF7QiRqrEpfGUJxF3MddtNDaeWaW5wiasgl,0,0,Fotos,,,,,Total,66660,47246,520,473,29,18,838,516,322,,,,,,,,,1,
1173994931560812,100068509496158,Copinha,"MAIS UM DO 10 DA MACACA! 🦍
Nikolas coloca a @pontepretaoficial na frente do placar!
#CopinhaSil2026","MAIS UM DO 10 DA MACACA! 🦍
Nikolas coloca a @pontepretaoficial na frente do placar!
#CopinhaSil2026",27,"01/05/2026 08:43",N/A,https://www.facebook.com/reel/1375850290587757/,1,0,Vídeos,,,,,Total,5794,5585,81,73,3,5,142,142,,,,,34449.517,6.561,0,0,0,,
1173936794899959,100068509496158,Copinha,"Bora animar essa tarde de segunda-feira com quatro jogos da Copinha Sil!
#CopinhaSil2026",,0,"01/05/2026 07:00",N/A,https://www.facebook.com/copinha/posts/pfbid0WiVRkhJ925nkU4LnnbKoE5wMdoWsZrtnx6XhynZ1Ew8UvY18oZJLKaQTcuve3X1Vl,0,0,Fotos,,,,,Total,40901,29724,220,212,0,8,458,191,267,,,,,,,,,,
1173865601573745,100068509496158,Copinha,"Um ano desse lance do Marcos Vinicius que marcou a Copinha 2025! Será que teremos um desse na Copinha Sil 2026?
#CopinhaSil2026","Um ano desse lance do Marcos Vinicius que marcou a Copinha 2025! Será que teremos um desse na Copinha Sil 2026?
#CopinhaSil2026",15,"01/05/2026 05:00",N/A,https://www.facebook.com/reel/1558844085318730/,0,0,Vídeos,,,,,Total,1401839,829935,16056,15774,164,118,12371,12371,,,,,11834239.721,14.101,0,1.84,1,,
1173610094932629,100068509496158,Copinha,"ELE TEM O VENENO!
Quero ver pegar o Gabriel Veneno, do @galonabase! 
#CopinhaSil2026","ELE TEM O VENENO!
Quero ver pegar o Gabriel Veneno, do @galonabase! 
#CopinhaSil2026",40,"01/04/2026 19:38",N/A,https://www.facebook.com/reel/1280835237217642/,1,0,Vídeos,,,,,Total,6391,5834,75,71,0,4,111,109,,2,,,71226.289,12.185,0,0,0,,
1173594294934209,100068509496158,Copinha,"SEGUNDOU COM BOLA ROLANDO NA COPINHA SIL 2026!
#CopinhaSil2026",,0,"01/04/2026 19:05",N/A,https://www.facebook.com/copinha/posts/pfbid033NybFvFn5y8cajRsCPz9Co8cEREJYdjVsN3Uhe11x2d51cCNUVc5ZqKa2uPu5jagl,0,0,Fotos,,,,,Total,45515,28027,332,299,2,31,2147,476,1671,,,,,,,,,,
1173589708268001,100068509496158,Copinha,"QUE ISSO, MLK RYAN?! QUE CANETA, PAPAI!
#CopinhaSil2026","QUE ISSO, MLK RYAN?! QUE CANETA, PAPAI!
#CopinhaSil2026",13,"01/04/2026 18:54",N/A,https://www.facebook.com/reel/1093546066155005/,0,0,Vídeos,,,,,Total,667170,441690,5803,5736,39,28,7435,7435,,,,,4403167.46,10.44,0,0,0,,
1173586764934962,100068509496158,Copinha,"TÁ COM FRIO?
QUE CATEGORIA DO GABRIEL SANTANA!
#CopinhaSil2026","TÁ COM FRIO?
QUE CATEGORIA DO GABRIEL SANTANA!
#CopinhaSil2026",11,"01/04/2026 18:48",mixed,https://www.facebook.com/reel/1575913060412458/,0,0,Vídeos,,,,,Total,45862,30626,238,232,1,5,203,203,,,,,263910.892,8.504,0,0,0,,
1173585301601775,100068509496158,Copinha,"Três jogos para fechar a noite de Copinha Sil!
#CopinhaSil2026",,0,"01/04/2026 18:45",N/A,https://www.facebook.com/copinha/posts/pfbid0h71A83orgAx5ghKmsrmX5HGfqS2EnXardmBbB2F4nCksY73UCMrcjRvAmW7U951Bl,0,0,Fotos,,,,,Total,21642,16311,113,102,0,11,125,48,77,,,,,,,,,,
1173584728268499,100068509496158,Copinha,"TERCEIRO DIA DE COPINHA SIL 2026 CONCLUÍDO COM SUCESSO!✅
#CopinhaSil2026",,0,"01/04/2026 18:44",N/A,https://www.facebook.com/copinha/posts/pfbid05Wc1XnQysDKuMrTEs87zPJ8EMv8pwXwWSpTYRySFW4p55rBnkYEpGv9VbiS61ACEl,0,0,Fotos,,,,,Total,94828,54990,417,384,6,27,9049,1954,7095,,,,,,,,,,
1173580744935564,100068509496158,Copinha,"VIRADA DO GALO PARA ENCERRAR MAIS UM DIA DE COPINHA SIL 2026!
#CopinhaSil2026",,0,"01/04/2026 18:36",N/A,https://www.facebook.com/copinha/posts/pfbid02ivwFyR15m7aEqH8MHU6a1YruFDsEoo43kshEfNbHrVAzyGPhaZJhjFarrND3eK7Xl,0,0,Fotos,,,,,Total,31589,23177,114,104,0,10,178,84,94,,,,,,,,,,
1173576321602673,100068509496158,Copinha,"De Filipinho para Jhuan Nunes! E QUE JOGADA DO FILIPINHO!
#CopinhaSil2026","De Filipinho para Jhuan Nunes! E QUE JOGADA DO FILIPINHO!
#CopinhaSil2026",60,"01/04/2026 18:26",N/A,https://www.facebook.com/reel/1941080959952821/,1,0,Vídeos,,,,,Total,6913,6951,96,92,0,4,135,135,,,,,73256.247,11.213,0,0,1,,
1173550024938636,100068509496158,Copinha,"SÓ A COPINHA SIL PROPORCIONA ESSES MOMENTOS🥹
#CopinhaSil2026
🎥 História Santista","SÓ A COPINHA SIL PROPORCIONA ESSES MOMENTOS🥹
#CopinhaSil2026
🎥 História Santista",29,"01/04/2026 17:25",mixed,https://www.facebook.com/reel/1822767501718696/,0,0,Vídeos,,,,,Total,18683,17382,584,557,8,19,416,416,,,,,134131.61,8.228,0,0,0,,
1173531098273862,100068509496158,Copinha,"⚽️⚽️⚽️TRÊS GOLE E TRÊS PONTOS! 
ESTREIA COM VITÓRIA DOS MENINOS DA VILA! 
#CopinhaSil2026",,0,"01/04/2026 16:37",N/A,https://www.facebook.com/copinha/posts/pfbid0oHRxVCrBasx8gPCJa1M4TSr4xsCZ9hsPe2Cxv2bLgbiYG1dN6qsS6Kr7Uff1HLyGl,0,0,Fotos,,,,,Total,21460,15455,212,205,2,5,160,75,85,,,,,,,,,,
1173508538276118,100068509496158,Copinha,"O PRIMEIRO GOL DO QFC NA HISTÓRIA DA COPINHA SIL!
João Lucas foi o responsável por esse gol histórico!
#CopinhaSil2026","O PRIMEIRO GOL DO QFC NA HISTÓRIA DA COPINHA SIL!
João Lucas foi o responsável por esse gol histórico!
#CopinhaSil2026",59,"01/04/2026 15:34",N/A,https://www.facebook.com/reel/1361620398626605/,1,0,Vídeos,,,,,Total,8957,8647,131,122,6,3,466,466,,,,,89698.05,10.792,0,0,0,,
1173500241610281,100068509496158,Copinha,"QUE GOLAÇO DO MATEUS XAVIER!
O Santos começou a Copinha Sil 2026 com essa pintura!
#CopinhaSil2026
🎥 @cazetv","QUE GOLAÇO DO MATEUS XAVIER!
O Santos começou a Copinha Sil 2026 com essa pintura!
#CopinhaSil2026
🎥 @cazetv",55,"01/04/2026 15:10",N/A,https://www.facebook.com/reel/901584436153594/,1,0,Vídeos,,,,,Total,109956,97348,2701,2597,36,68,2503,2501,,2,,,1584577.169,16.462,0,0,0,,
1173486778278294,100068509496158,Copinha,"Tardezona de Copinha Sil 2026 pra lá de agitada! Vamos aos resultados.
#CopinhaSil2026",,0,"01/04/2026 14:33",N/A,https://www.facebook.com/copinha/posts/pfbid0uBFxfZAmP6sDg3bmGv2nb8zhf8hJA8L3sAyH8Uk3sH2nrFR7fYHfGwMtmMJMJJyXl,0,0,Fotos,,,,,Total,29851,18581,185,172,6,7,2141,498,1643,,,,,,,,,,
1173485831611722,100068509496158,Copinha,"EMPATE EM SÃO CARLOS!
Ficou tudo igual no duelo entre Grêmio São-Carlense e União Cacoalense-RO.
#CopinhaSil2026",,0,"01/04/2026 14:31",N/A,https://www.facebook.com/copinha/posts/pfbid0q9f7Qp9jkvPgtj47Z6fBQEhcS7PfFU5hP2GigNsrKXRJTKqEBg1ZdijmAfrgKvQEl,0,0,Fotos,,,,,Total,14028,9777,81,74,1,6,99,70,29,,,,,,,,,,
1173483734945265,100068509496158,Copinha,"Seja na TV ou no celular aí na palma da sua mão. A Copinha Sil 2026 está em todos os lugares!
#CopinhaSil2026",,0,"01/04/2026 14:25",N/A,https://www.facebook.com/copinha/posts/pfbid0weeirRVkVK5TKRkB9kpTNyuYyQXPoxpJ6o4MRKoJ2FbiQUWHUWwoFWrjQ1F7xjzYl,0,0,Fotos,,,,,Total,3647,2665,43,40,2,1,28,21,7,,,,,,,,,,
1173463524947286,100068509496158,Copinha,"PRA FECHAR COM CHAVE DE OURO!
Se liga só nos jogos que vão movimentar a noite de Copinha Sil 2026!
#CopinhaSil2026",,0,"01/04/2026 13:30",N/A,https://www.facebook.com/copinha/posts/pfbid0UFCyWo5pztvKxY9Y2v8uxwUHmNv9Q7GWpLu8ubSeBFAC5ux1H2vE6gHDW17V5KGSl,0,0,Fotos,,,,,Total,32277,23344,175,163,4,8,344,128,216,,,,,,,,,,
1173461098280862,100068509496158,Copinha,"VITÓRIA DO DOURADO!
O Cuiabá começa a Copinha Sil 2026 com os três pontos!
#CopinhaSil2026",,0,"01/04/2026 13:23",N/A,https://www.facebook.com/copinha/posts/pfbid0rGkJzqcWuY1EQNAbSQQUvZZNLezkgYn7BTNWhxubbZcteZ2kxyVQ3e34pq8bwYh9l,0,0,Fotos,,,,,Total,46549,32883,322,301,13,8,479,288,191,,,,,,,,,,
1173452818281690,100068509496158,Copinha,"HORA DOS RESULTADOS!
Tarde movimentada na Copinha Sil 2026!
#CopinhaSil2026",,0,"01/04/2026 13:01",N/A,https://www.facebook.com/copinha/posts/pfbid0FwdQGZeR2uQCQzhcnmsAJXANHjGLUGumP5K8rCeNVv4UWwV9332LrjWrzhgRv6Srl,0,0,Fotos,,,,,Total,84501,48941,337,304,3,30,8395,1374,7021,,,,,,,,,1,
1173427791617526,100068509496158,Copinha,"PARA ENTRAR NA HISTÓRIA!
Nívia de Lima comandou a vitória da Chapecoense na estreia da Copinha Sil 2026 e se tornou a primeira técnica a vencer uma partida da Maior Competição de Base do Mundo! 🤩
#CopinhaSil2026",,0,"01/04/2026 12:13",N/A,https://www.facebook.com/copinha/posts/pfbid02Qx67a93Am4TAceMcYVrje4PxJgE6HcKwRj9CCLyeMwYV9SnfGvWc2PyMGNLn4AVJl,0,0,Fotos,,,,,Total,16461,10798,254,235,5,14,189,126,63,,,,,,,,,,
1173399074953731,100068509496158,Copinha,"TUDO IGUAL!
Bangu e Santo André ficaram no empate.
#CopinhaSil2026",,0,"01/04/2026 11:17",N/A,https://www.facebook.com/copinha/posts/pfbid0C22xWCn6JsFUUtCHRFM8cmmRjuPfL8Bu2vQUzX3RK6xbNUTpiVGQ7KKw3UCWYBEXl,0,0,Fotos,,,,,Total,10444,7415,72,67,1,4,60,40,20,,,,,,,,,,
1173392618287710,100068509496158,Copinha,"VITÓRIA DA LOCOMOTIVA!
A Ferroviária supera o Quixadá por 1 a 0 e conquista seu primeiro triunfo na #CopinhaSil2026!",,0,"01/04/2026 11:05",N/A,https://www.facebook.com/copinha/posts/pfbid02RepmMjZ73Kq6ZN85kGy8pBc9f9HnPR7C15WjQywwH8CTjhubzkpxk9FVnTyaa5UZl,0,0,Fotos,,,,,Total,13048,9676,82,77,0,5,59,32,27,,,,,,,,,,
1173381358288836,100068509496158,Copinha,"JOGOS DO HORÁRIO DE ALMOÇO FINALIZADOS!
Esses foram os resultados dos confrontos da #CopinhaSil2026 do 12h45 e das 13h! Como seu time se saiu, torcedor?",,0,"01/04/2026 10:44",N/A,https://www.facebook.com/copinha/posts/pfbid0UFReHCbNrYZcC8BGN7RvesGr5RpiNcrMz82YnsT9pWc7rskGpykVAWBfhBrD7Kakl,0,0,Fotos,,,,,Total,23902,13212,158,148,3,7,2209,356,1853,,,,,,,,,,
1173380828288889,100068509496158,Copinha,"OLHA O JOTTA! 🥵
O camisa 6 da Portuguesa não deu a menor chance pro Puskas, do Vila Nova-GO e lançou logo o lençol pra cima do atacante.
#CopinhaSil2026","OLHA O JOTTA! 🥵
O camisa 6 da Portuguesa não deu a menor chance pro Puskas, do Vila Nova-GO e lançou logo o lençol pra cima do atacante.
#CopinhaSil2026",24,"01/04/2026 10:42",N/A,https://www.facebook.com/reel/1600835094600013/,0,0,Vídeos,,,,,Total,25139,25109,175,166,5,4,857,857,,,,,214951.838,9.731,0,0,0,,
1173355661624739,100068509496158,Copinha,"A emoção de disputar a maior competição de base do mundo! 🥹🥰
#CopinhaSil","A emoção de disputar a maior competição de base do mundo! 🥹🥰
#CopinhaSil",24,"01/04/2026 09:55",N/A,https://www.facebook.com/reel/4157431907832269/,1,0,Vídeos,,,,,Total,12613,11424,405,388,8,9,401,401,,,,,90023.835,8.423,0,0,0,,
1173327761627529,100068509496158,Copinha,"METEU O GOLAÇO E O PASSINHO DO JAMAL! 🔥😮‍💨
Que jogada e que molejo do Vitinho, que amplia para o @canaasportclube!
#CopinhaSil2026","METEU O GOLAÇO E O PASSINHO DO JAMAL! 🔥😮‍💨
Que jogada e que molejo do Vitinho, que amplia para o @canaasportclube!
#CopinhaSil2026",27,"01/04/2026 09:01",N/A,https://www.facebook.com/reel/1607767717071495/,1,0,Vídeos,,,,,Total,32406,26353,345,340,1,4,320,319,,1,,,365827.152,13.458,0,0,0,,
1173310814962557,100068509496158,Copinha,"SALDO DA MANHÃ!
Um empate e quatro vitórias: a primeira parte do domingo na Copinha Sil 2026 foi movimentada!
#CopinhaSil2026",,0,"01/04/2026 08:30",N/A,https://www.facebook.com/copinha/posts/pfbid0snLL1NumTfCiGmeLffoqw9TMQRmi6i3NxtJXswRk7T7LuUscEUHcKzNqFDDdgMZZl,0,0,Fotos,,,,,Total,44123,31068,266,253,1,12,506,183,323,,,,,,,,,,
1173307001629605,100068509496158,Copinha,"GOL RELÂMPAGO DO ITAQUÁ! ⚽️⚡️😮‍💨
O @nicolas_vieira006 só precisou de 19 SEGUNDOS para marcar o seu na #CopinhaSil2026!","GOL RELÂMPAGO DO ITAQUÁ! ⚽️⚡️😮‍💨
O @nicolas_vieira006 só precisou de 19 SEGUNDOS para marcar o seu na #CopinhaSil2026!",26,"01/04/2026 08:22",N/A,https://www.facebook.com/reel/2123082418463166/,1,0,Vídeos,,,,,Total,28647,24736,259,249,4,6,346,344,,2,,,294937.866,12.167,0,0,0,,
1173302224963416,100068509496158,Copinha,"CHEIO DE EMOÇÃO!
O São Paulo, Ibrachina e Botafogo estrearam com vitória na #CopinhaSil2026 🔥",,0,"01/04/2026 08:14",N/A,https://www.facebook.com/copinha/posts/pfbid02RnFTxHEgLJgPqcxdzzbAvwozExS7cdyv5HmGbaeL5YknT37yZverrKTDCnMSK34Ll,0,0,Fotos,,,,,Total,61009,39905,467,454,1,12,2826,431,2395,,,,,,,,,,
1173267168300255,100068509496158,Copinha,"DEFENDEEEEEEEU! ❌⚽️
O @marcosdaniel_05 não deixa passar nada!
#CopinhaSil2026","DEFENDEEEEEEEU! ❌⚽️
O @marcosdaniel_05 não deixa passar nada!
#CopinhaSil2026",19,"01/04/2026 07:13",N/A,https://www.facebook.com/reel/1459124622223097/,1,0,Vídeos,,,,,Total,311904,232639,1991,1947,31,13,4715,4686,,29,,,3252829.799,14.251,0,0,1,,
1173256348301337,100068509496158,Copinha,"É GOLAÇO QUE VOCÊS QUEREM? 
ENTÃO É GOL OLÍMPICO QUE VOCÊS VÃO TER! TETÊ MARCOU ESSA PINTURA PARA O SÃO PAULO 🤯🔥
#CopinhaSil2026","É GOLAÇO QUE VOCÊS QUEREM? 
ENTÃO É GOL OLÍMPICO QUE VOCÊS VÃO TER! TETÊ MARCOU ESSA PINTURA PARA O SÃO PAULO 🤯🔥
#CopinhaSil2026",18,"01/04/2026 06:55",N/A,https://www.facebook.com/reel/879290707823041/,1,0,Vídeos,,,,,Total,19465,11145,480,435,9,36,474,474,,,,,123150.22,7.615,0,0,0,,
1173241708302801,100068509496158,Copinha,"É JOGO QUE NÃO ACABA MAIS!
Pra quem tava com saudade de futebol, a Copinha Sil 2026 é um prato cheio! Se liga no que rola agora à tarde.
#CopinhaSil2026",,0,"01/04/2026 06:30",N/A,https://www.facebook.com/copinha/posts/pfbid02g3dG5h7FfHkcY694FFKEj2G8S3H1zRZnuH2KFQosujSVZoYojSHmUCutz9cgyA9Wl,0,0,Fotos,,,,,Total,13641,7803,131,114,3,14,790,191,599,,,,,,,,,,
1173217231638582,100068509496158,Copinha,"DOSE DUPLA!
O Taubaté levou a melhor, enquanto Real Soccer e Independente ficaram no empate sem gols.
#CopinhaSil2026",,0,"01/04/2026 05:47",N/A,https://www.facebook.com/copinha/posts/pfbid02sFKMpbfcNTeSk8JKWCNGjqv8oKG4dqRpUacZsivwpj3kKPZpLkUntWigLPhofPmjl,0,0,Fotos,,,,,Total,32479,22588,122,112,4,6,855,323,532,,,,,,,,,,
1173112451649060,100068509496158,Copinha,"BORA ACORDAR, MEU POVO! 🗣️
Pode chegar que o domingo de Copinha Sil 2026 começa logo cedo!
#CopinhaSil2026",,0,"01/04/2026 02:30",N/A,https://www.facebook.com/copinha/posts/pfbid02EULNGHwNPFpYkbtHa2KNC9WVSrbUWY6DESJRx6DKzdKnRbABybJ6CFtY51YfY9uJl,0,0,Fotos,,,,,Total,80123,55684,456,427,8,21,952,477,475,,,,,,,,,,
1172913035002335,100068509496158,Copinha,"DO JEITO QUE A GENTE GOSTA!
Domingão chegou REPLETO de grandes jogos em mais um dia da #CopinhaSil2026!",,0,"01/03/2026 19:09",N/A,https://www.facebook.com/copinha/posts/pfbid0HiwYQHdDGiV3mqF5Gpaqmu9DaNkg1CNMAibKq37Snt7RLGvPXi8EEeiphp99qX2cl,0,0,Fotos,,,,,Total,51333,32901,294,261,7,26,3630,762,2868,,,,,,,,,,
1172906911669614,100068509496158,Copinha,"PONTO FINAL!
Mais um dia de Copinha Sil 2026 pra conta! Se liga nos resultados.
#CopinhaSil2026",,0,"01/03/2026 18:56",N/A,https://www.facebook.com/copinha/posts/pfbid0XacpTiih9FiZf1rgSDSwVpoUtkFcNnvR93FJjrnheekTnhpw8uDGfZKTjscRGMuBl,0,0,Fotos,,,,,Total,35264,19487,250,235,1,14,3690,692,2998,,,,,,,,,,
1172906008336371,100068509496158,Copinha,"FIM DE JOGO!
Vitórias par ao trio de Minas Gerais e empate no duelo entre Athletico e Osasco Sporting.
#CopinhaSil2026",,0,"01/03/2026 18:54",N/A,https://www.facebook.com/copinha/posts/pfbid0bu38ffy1jU5LvGNrUWoUMAjJb2y1bYRAE42XL7rnia1nwF7CSkcHf4gh8rvMU7Mnl,0,0,Fotos,,,,,Total,17891,12037,88,80,1,7,658,142,516,,,,,,,,,,
1172855318341440,100068509496158,Copinha,"SE LIGA AÍ!
Teve vitória de Vasco, Francana e Ceará neste começo de noite na Copinha Sil 2026!
#CopinhaSil2026",,0,"01/03/2026 16:51",N/A,https://www.facebook.com/copinha/posts/pfbid02sZmqWrDXGHzMr52KS5vYKVQooXeNFUF4MUFEkfqsdBqEpnVRJpdBXP18825fCPJ3l,0,0,Fotos,,,,,Total,25927,17976,173,150,1,22,781,173,608,,,,,,,,,,
1172845881675717,100068509496158,Copinha,"TRÊS PONTOS!
Maricá, Assisense e Atlético Piauiense garantiram a vitória na estreia!
#CopinhaSil2026",,0,"01/03/2026 16:25",N/A,https://www.facebook.com/copinha/posts/pfbid0TXALa19hR8rNEAZkoHkhjmMweTvCfdgVhKcKKseG3V382o52RDR72hNXC1rf2dCvl,0,0,Fotos,,,,,Total,35744,24363,121,114,0,7,1479,330,1149,,,,,,,,,,
1172826491677656,100068509496158,Copinha,"DISCÍPULO DO REI!
Não dá mole que ele guarda! Lucas Pelé aproveita a bobeira da zaga e marca pro Assisense!
#CopinhaSil2026","DISCÍPULO DO REI!
Não dá mole que ele guarda! Lucas Pelé aproveita a bobeira da zaga e marca pro Assisense!
#CopinhaSil2026",65,"01/03/2026 15:28",N/A,https://www.facebook.com/reel/1232727468735492/,0,0,Vídeos,,,,,Total,8680,8431,149,143,0,6,148,148,,,,,86285.02,10.48,0,0,0,,
1172817378345234,100068509496158,Copinha,"Nos vemos em breve, hein! 😉
#CopinhaSil2026
📷Samuel Felipe",,0,"01/03/2026 15:07",N/A,https://www.facebook.com/copinha/posts/pfbid0eJHCJqcZZofjC3MwfDMu2SMGwK3b6Cp2PKF7sGTqdpfYqY499ywfw2TqSGA4y3S3l,0,0,Fotos,,,,,Total,157385,108131,2722,2689,20,13,1429,944,485,,,,,,,,,,
1172807495012889,100068509496158,Copinha,"XV de Jaú, Grêmio Prudente e Guanabara City-GO começaram a Copinha Sil com o pé direito!
#CopinhaSil2026",,0,"01/03/2026 14:38",N/A,https://www.facebook.com/copinha/posts/pfbid023wjuZwaL2ik4iD9furuJuDisnfJsm8xrkVvRTn9s59D7jaPSSJK7nq7Xsb1WnXbKl,0,0,Fotos,,,,,Total,44248,31183,168,155,3,10,1121,261,860,,,,,,,,,,
1172792171681088,100068509496158,Copinha,"ROCHA!
O camisa 90 do Grêmio Prudente cavou na penalidade e ainda mandou a bola na gaveta! Lindo gol do Carcará na #CopinhaSil2026!","ROCHA!
O camisa 90 do Grêmio Prudente cavou na penalidade e ainda mandou a bola na gaveta! Lindo gol do Carcará na #CopinhaSil2026!",49,"01/03/2026 13:55",N/A,https://www.facebook.com/reel/1957524615163335/,0,0,Vídeos,,,,,Total,4337,3996,56,53,0,3,78,78,,,,,38135.58,9.43,0,0,0,,
1172789805014658,100068509496158,Copinha,"QUE ISSO, MEU GAROTO!
O Luizinho tava desfilando na estreia do Timão na Copinha Sil 2026!
#CopinhaSil2026","QUE ISSO, MEU GAROTO!
O Luizinho tava desfilando na estreia do Timão na Copinha Sil 2026!
#CopinhaSil2026",6,"01/03/2026 13:49",N/A,https://www.facebook.com/reel/649130518225629/,1,0,Vídeos,,,,,Total,534229,318326,871,824,37,10,8655,8655,,,,,1912527.001,6.311,0,0,0,,
1172784205015218,100068509496158,Copinha,"ELE É BOM MESMO, HEIN?!
Pega só esse golaço do João Bom, camisa 9 do Volta Redonda!
#CopinhaSil2026","ELE É BOM MESMO, HEIN?!
Pega só esse golaço do João Bom, camisa 9 do Volta Redonda!
#CopinhaSil2026",34,"01/03/2026 13:34",N/A,https://www.facebook.com/reel/757838384015635/,1,0,Vídeos,,,,,Total,55028,47664,1272,1192,55,25,1197,1197,,,,,731915.459,15.317,0,0,0,,
1172772908349681,100068509496158,Copinha,"É O FAVELA DA FIEL!
O camisa 9 do Corinthians marcou o gol da vitória na estreia da Copinha Sil 2026!
#CopinhaSil2026","É O FAVELA DA FIEL!
O camisa 9 do Corinthians marcou o gol da vitória na estreia da Copinha Sil 2026!
#CopinhaSil2026",65,"01/03/2026 13:04",N/A,https://www.facebook.com/reel/1430877475140012/,1,0,Vídeos,,,,,Total,5786,5578,175,152,9,14,164,164,,,,,57553.665,10.618,0,0,0,,
1172761675017471,100068509496158,Copinha,"O maior campeão da Copinha Sil começou a competição com vitória!
#CopinhaSil2026",,0,"01/03/2026 12:34",N/A,https://www.facebook.com/copinha/posts/pfbid0NfcnGHocEzaCsFY7JHUe6W4a23Mf5UYBqAoPtpMhocRexMNtWDutKy6cuPi4cb9ul,0,0,Fotos,,,,,Total,31684,17907,191,182,0,9,2952,536,2416,,,,,,,,
1172747598352212,100068509496158,Copinha,"PARA FECHAR O DIA COM CHAVE DE OURO!
Dez jogos confrontos a bateria de jogos da #CopinhaSil2026 desse sábado!",,0,"01/03/2026 12:00",N/A,https://www.facebook.com/copinha/posts/pfbid07xuUm6URNVpuoi6HBRZaZCztuzzTTma5GdEouvGbftotu1FowauTq4DxgMzf8Hk2l,0,0,Fotos,,,,,Total,15786,9951,126,114,2,10,647,216,431,,,,,,,,
1172747405018898,100068509496158,Copinha,"DE LETRA, PAPAI!
Que categoria do Peu para marcar esse golaço para o Santa Cruz!
#CopinhaSil2026","DE LETRA, PAPAI!
Que categoria do Peu para marcar esse golaço para o Santa Cruz!
#CopinhaSil2026",47,"01/03/2026 11:59",N/A,https://www.facebook.com/reel/2295987857580872/,1,0,Vídeos,,,,,Total,83726,80072,1352,1297,23,32,1161,1161,,,,,1143228.954,14.695,0,0,0
1172745561685749,100068509496158,Copinha,"QUALIDADE DO CLEBINHO, HEIN?!
O camisa 11 fez fila e marcou essa pintura para o São Bento na Copinha Sil 2026!
#CopinhaSil2026","QUALIDADE DO CLEBINHO, HEIN?!
O camisa 11 fez fila e marcou essa pintura para o São Bento na Copinha Sil 2026!
#CopinhaSil2026",47,"01/03/2026 11:55",N/A,https://www.facebook.com/reel/887398670314161/,1,0,Vídeos,,,,,Total,11894,11303,226,207,8,11,328,328,,,,,114048.253,10.232,0,0,0
1172728765020762,100068509496158,Copinha,"As referências que só a Copinha Sil pode proporcionar... 🤣💭 #CopinhaSil2026
📷 Pedro Zacchi",,0,"01/03/2026 11:15",N/A,https://www.facebook.com/copinha/posts/pfbid02APEpm4mZ3yvrmWs66KKrXjkh7XcwR1pw7nwwULvgSGq6jmgpiD3Mi7LcLLK5DsrDl,0,0,Fotos,,,,,Total,9325,6723,35,32,1,2,41,25,16,,,,,,,,
1172718711688434,100068509496158,Copinha,"NADA DE GOL! 
Bandeirante e Tuna Luso ficaram no 0 a 0 na estreia na #CopinhaSil2026!",,0,"01/03/2026 10:53",N/A,https://www.facebook.com/copinha/posts/pfbid05Mydj1RtN69skFAtmqKC6NRS4dCv8aRhtS1eNYBXRAQ7oakc4go7Rhwn4gG4jAkEl,0,0,Fotos,,,,,Total,7269,5290,66,57,1,8,44,27,17,,,,,,,,
1172717015021937,100068509496158,Copinha,"3 PONTOS NA ESTREIA! 🔥
O @tanabiesporteclubesaf venceu o Sobradinho-DF no primeiro jogo na #CopinhaSil2026!",,0,"01/03/2026 10:49",N/A,https://www.facebook.com/copinha/posts/pfbid0BpMDykfJpG6APznB65336ARFQTe7LZFN9hEVHtcSSk52QdaAhUbbDEwNpqBJhchXl,0,0,Fotos,,,,,Total,24811,18985,95,85,0,10,186,92,94,,,,,,,,
1172713868355585,100068509496158,Copinha,"CRIAS DO CORVO ESTREARAM COM VITÓRIA! 🤩
O @flamengoguarulhos venceu o Rio Branco-ES no primeiro jogo pela #CopinhaSil2026!",,0,"01/03/2026 10:42",N/A,https://www.facebook.com/copinha/posts/pfbid0NTc3bERVxYAwi7gEB2UbRFjHV5aMQKR1AyS8PR8E1XDZwz65KvZw8pNXtBYq2rbFl,0,0,Fotos,,,,,Total,20516,14987,111,103,0,8,150,93,57,,,,,,,,
1172709375022701,100068509496158,Copinha,"VITÓRIA DO CARCARÁ! 👏
Que estreia do @atleticodealagoinhas na #CopinhaSil2026!",,0,"01/03/2026 10:33",N/A,https://www.facebook.com/copinha/posts/pfbid0HYtpcsq3hZ7zoVZ5dAG1fbVY3KKiScB1ZTbTWw5uajB6y928QUfeZDvEvPTm2mr7l,0,0,Fotos,,,,,Total,20377,14812,98,90,0,8,151,74,77,,,,,,,,
1172706045023034,100068509496158,Copinha,"QUE JOGAÇO! 🔥
Juventus e Cascavel protagonizaram 6 gols logo na estreia na #CopinhaSil2026! 😮‍💨",,0,"01/03/2026 10:26",N/A,https://www.facebook.com/copinha/posts/pfbid0PxKN6v3TFGgUQjNFYw7qqkTosPtruDN1qJYd7Gd4CYTXPoHdGj3yEBSaVdheCwiBl,0,0,Fotos,,,,,Total,12679,8883,139,120,6,13,145,101,44,,,,,,,,
1172675801692725,100068509496158,Copinha,"✅ Jogada bonita pra gol
✅ Todo mundo de cabelo raspado
✅ Dancinha pra comemorar

Se isso não é o puro suco de #CopinhaSil2026, eu não sei o que é! 😎🤣","✅ Jogada bonita pra gol
✅ Todo mundo de cabelo raspado
✅ Dancinha pra comemorar

Se isso não é o puro suco de #CopinhaSil2026, eu não sei o que é! 😎🤣",55,"01/03/2026 09:24",N/A,https://www.facebook.com/reel/820561897688682/,0,0,Vídeos,,,,,Total,3572,3365,43,40,0,3,78,78,,,,,31650.556,9.498,0,0,0
1172644441695861,100068509496158,Copinha,"O PRIMEIRO HAT-TRICK!
Três vezes Juninho na vitória do @ecbahia na #CopinhaSil2026 ⚽️🔥","O PRIMEIRO HAT-TRICK!
Três vezes Juninho na vitória do @ecbahia na #CopinhaSil2026 ⚽️🔥",51,"01/03/2026 08:29",N/A,https://www.facebook.com/reel/1165108382449170/,1,0,Vídeos,,,,,Total,11897,11844,174,166,1,7,329,329,,,,,110411.166,9.856,0,0,0
1172630201697285,100068509496158,Copinha,"GOLEADA DO BAHIA!
Com três gols de Juninho, os Pivetes de Aço começaram a Copinha Sil 2026 com tudo.
#CopinhaSil2026",,0,"01/03/2026 08:03",N/A,https://www.facebook.com/copinha/posts/pfbid092wGkyXJr1zRr9g2udyr9Saq1nJfkGnAfZSfTJdYA9L7ewuUEqaB6HcKEpo1rLS2l,0,0,Fotos,,,,,Total,51846,36986,328,308,3,17,441,216,225,,,,,,,,
1172611595032479,100068509496158,Copinha,"QUE OUTRA COPA TEM ISSO?
É a maior competição de base do mundo, não tem jeito! 
Puro suco de Copinha Sil no estádio Benedito Teixeira 😅❤️
#CopinhaSil2026","QUE OUTRA COPA TEM ISSO?
É a maior competição de base do mundo, não tem jeito! 
Puro suco de Copinha Sil no estádio Benedito Teixeira 😅❤️
#CopinhaSil2026",7,"01/03/2026 07:31",N/A,https://www.facebook.com/reel/2275217206300204/,1,0,Vídeos,,,,,Total,56112,39642,134,129,3,2,490,490,,,,,215157.941,5.595,0,0,0
1172594551700850,100068509496158,Copinha,"TARDE DE SÁBADO PEDE #CopinhaSil2026!
Já sabe onde assistir ao seu time do coração? Vem que a gente te mostra!",,0,"01/03/2026 07:00",N/A,https://www.facebook.com/copinha/posts/pfbid02KaWezh94HQ6WG7CYc3igEvrBUsWX937ZfSabxTVofo2zngCx4qTMMBSki7naWKj4l,0,0,Fotos,,,,,Total,17416,10465,132,125,2,5,986,214,772,,,,,,,,
1172590138367958,100068509496158,Copinha,"QUE PINTURA!
O João Andrade colocou toda a categoria para abrir o placar para os Pivetes de Aço!
#CopinhaSil2026","QUE PINTURA!
O João Andrade colocou toda a categoria para abrir o placar para os Pivetes de Aço!
#CopinhaSil2026",20,"01/03/2026 06:52",N/A,https://www.facebook.com/reel/1415977480246090/,1,0,Vídeos,,,,,Total,6451,5906,88,78,4,6,114,114,,,,,45837.604,8.427,0,0,0
1172586451701660,100068509496158,Copinha,"SEM GOLS!
O primeiro jogo do sábado na #CopinhaSil2026 terminou sem bola na rede.",,0,"01/03/2026 06:46",N/A,https://www.facebook.com/copinha/posts/pfbid02Bo38Us4kQF3PsyRPPujqtzEvvafTPTX17fkjRaSbYx6kVW4USWbDf1y1DmCLgM97l,0,0,Fotos,,,,,Total,25655,18724,97,88,0,9,191,108,83,,,,,,,,
1172579461702359,100068509496158,Copinha,"QUE PINTURA! 
O João Andrade colocou toda a categoria para abrir o placar para os Pivetes de Aço!
#CopinhaSil2026","QUE PINTURA! 
O João Andrade colocou toda a categoria para abrir o placar para os Pivetes de Aço!
#CopinhaSil2026",20,"01/03/2026 06:34",N/A,https://www.facebook.com/reel/803429522719027/,1,0,Vídeos,,,,,Total,34481,30651,400,383,9,8,636,636,,,,,295541.226,10.555,0,0,0
1172246398402332,100068509496158,Copinha,"SABADÃO CHEIO DE COPINHA SIL!
E aí, bora para o segundo dia de competição? Fica esperto em todos os horários das partidas de hoje!
#CopinhaSil2026",,0,"01/02/2026 19:05",N/A,https://www.facebook.com/copinha/posts/pfbid02ch1jvYAsJepWiw6HFJTKnyumV3dAd1zRCoB3gTFT4aheheG5y9ktJQNdNbtT6p6Vl,0,0,Fotos,,,,,Total,103882,62444,725,638,28,59,8473,1660,6813,,,1,,,,,
1172156325078006,100068509496158,Copinha,"FIM DO PRIMEIRO DIA DE COPINHA SIL!
Deixa aqui nos comentários como foi a estreia do seu time do coração!
#CopinhaSil2026",,0,"01/02/2026 15:29",N/A,https://www.facebook.com/copinha/posts/pfbid02bimfDQ8334CzueDPSj24AVR1HWL9sFdWmSup5XdfDbS3pXSt4sT2U9rp4YDSnhCNl,0,0,Fotos,,,,,Total,111490,70304,760,707,15,38,1689,852,837,,,,,,,,
1172155328411439,100068509496158,Copinha,"LEÕES DA BASE CONQUISTAM A VITÓRIA!
Primeiro jogo e primeiro triunfo do Sport!
#CopinhaSil2026",,0,"01/02/2026 15:27",N/A,https://www.facebook.com/copinha/posts/pfbid0eHdDSrj1qQkXjCtRDYLJw8FnqjArMvKnRkXJfc6HkWcFGzS6ND7AceNkoQMqXmq6l,0,0,Fotos,,,,,Total,13714,9281,109,101,0,8,82,45,37,,,,,,,,
1172151025078536,100068509496158,Copinha,"VITÓRIA DO GRÊMIO!
O Tricolor venceu o Falcon por três a zero na sua estreia na #CopinhaSil2026!",,0,"01/02/2026 15:15",N/A,https://www.facebook.com/copinha/posts/pfbid0au3expZavpBAZLv9pKJYGApJvA79iRXFR6e9s6Wu9bkkoNa2x4X3DwqpgJLRAP8rl,0,0,Fotos,,,,,Total,72712,53053,341,317,11,13,537,232,305,,,,,,,,
1172134588413513,100068509496158,Copinha,"É DO MUNDO TODO 🌍
São 52 gringos representando 24 países diferentes! Isso é Copinha Sil 2026 😎
#CopinhaSil2026",,0,"01/02/2026 14:30",N/A,https://www.facebook.com/copinha/posts/pfbid0o7iByw397ysygQi9zquxPtuNK4BX7NKuuD8tqsUz29f388k53fRbHjzhvuZrghCwl,0,0,Fotos,,,,,Total,142887,93663,794,737,14,43,3125,2183,942,,1,,,,,,
1172126315081007,100068509496158,Copinha,"O PRIMEIRO DO SPORT! 🦁⚽️
@rafaelsantana__07 marca o primeiro dos @leoesdabase na #CopinhaSil2026!","O PRIMEIRO DO SPORT! 🦁⚽️
@rafaelsantana__07 marca o primeiro dos @leoesdabase na #CopinhaSil2026!",23,"01/02/2026 14:07",N/A,https://www.facebook.com/reel/2032485664267097/,1,0,Vídeos,,,,,Total,10021,9691,102,96,1,5,68,68,,,,,57498.362,6.294,0,0,0
1172113121748993,100068509496158,Copinha,"GRÊMIO A TODO VAPOR! 
Vitor Ramon corre o campo todo e marca o segundo do Tricolor! 
#CopinhaSil2026","GRÊMIO A TODO VAPOR! 
Vitor Ramon corre o campo todo e marca o segundo do Tricolor! 
#CopinhaSil2026",21,"01/02/2026 13:35",N/A,https://www.facebook.com/reel/1207242031500930/,1,0,Vídeos,,,,,Total,11329,9202,204,195,0,9,188,188,,,,,90648.797,9.809,0,0,0
1172104235083215,100068509496158,Copinha,"LEÃO VENCEU!
A tarde foi das #CriasDoLeão nessa #CopinhaSil2026 🦁",,0,"01/02/2026 13:14",N/A,https://www.facebook.com/copinha/posts/pfbid0VnS1GNhhUfALZNjBkzWo4eNjFuGpPgmy5cbmWfSmX8cCNgyfD8dVSJnQwh9YRxKQl,0,0,Fotos,,,,,Total,53095,37525,278,255,9,14,417,250,167,,,,,,,,
1172095455084093,100068509496158,Copinha,"CRIAS DA PANTERA ESTÃO ON!
O CAVinho constrói vitória no primeiro tempo e leva a melhor na estreia da Copinha Sil 2026.
#CopinhaSil2026",,0,"01/02/2026 12:51",N/A,https://www.facebook.com/copinha/posts/pfbid028ihQMuanNiRnBiKKg3EdnkJRwYKf1rm8b35cFS4BttzhTbEBccasNP4LA1Za8gURl,0,0,Fotos,,,,,Total,61333,44480,250,234,6,10,636,380,256,,,,,,,,
1172076101752695,100068509496158,Copinha,"DOMINOU, AJEITOU E MANDOU PRO GOL! 
O @yagoomoreiraa_02 marcou o dele na #CopinhaSil2026 ⚽️","DOMINOU, AJEITOU E MANDOU PRO GOL! 
O @yagoomoreiraa_02 marcou o dele na #CopinhaSil2026 ⚽️",35,"01/02/2026 12:03",N/A,https://www.facebook.com/reel/846839941456746/,1,0,Vídeos,,,,,Total,5987,5574,83,80,0,3,149,146,,3,,,55761.83,10.192,0,0,0
1172073155086323,100068509496158,Copinha,"PARA NÃO CONFUNDIR!
João, Pedro e Gabriel vão dominar a #CopinhaSil2026!",,0,"01/02/2026 12:00",N/A,https://www.facebook.com/copinha/posts/pfbid02U5pCZNv9ZpJwVWCCixyKyzqEs3BmLsoGuKw4JtV533wwveD5aLfrYN7wDbeaHGgpl,0,0,Fotos,,,,,Total,6853,4664,50,43,0,7,32,24,8,,,,,,,,
1172032128423759,100068509496158,Copinha,"SÓ TEM CRAQUE ⚽🔥
Vem conferir quais craques estarão representados nesta edição da Copinha Sil!
#CopinhaSil2026",,0,"01/02/2026 10:30",N/A,https://www.facebook.com/copinha/posts/pfbid0G1T86thdN3HCDLVVdPLtVVcS394XxqBGC5GubYvFVcfvhMK6RMC2DXfMAEFouUQ4l,0,0,Fotos,,,,,Total,8850,5239,61,49,3,9,498,116,382,,,,,,,,
1171955668431405,100068509496158,Copinha,"ESTREIA COM TUDO!
Com emoção, a Ponte Preta vence o primeiro jogo da Copinha Sil 2026.
#CopinhaSil2026",,0,"01/02/2026 08:03",N/A,https://www.facebook.com/copinha/posts/pfbid0FnEfM8joCCftTxDM4KtVdFcVeYjbezLfHfb79cjk4KQLpLkiKp42rvgt3u996BLVl,0,0,Fotos,,,,,Total,68929,48214,519,475,34,10,939,691,248,,,,,,,,
1171953901764915,100068509496158,Copinha,"OS CAÇULAS DE 2026!
Os jogadores mais novos da Copinha Sil 2026 tem apenas 15 anos 😱
#CopinhaSil2026",,0,"01/02/2026 08:00",N/A,https://www.facebook.com/copinha/posts/pfbid0gk2yBuG2b4Ux2wXc7j3v6TSbxVcsJHYEqRY8vLXC2qQ3EhbMq6Hghs6FTMYgiELwl,0,0,Fotos,,,,,Total,34848,22833,194,176,13,5,510,311,199,,,,,,,,
1171953655098273,100068509496158,Copinha,"VEIO AÍ!
Kaio é o responsável pelo primeiro gol da Copinha Sil 2026 🔥
#CopinhaSil2026","VEIO AÍ!
Kaio é o responsável pelo primeiro gol da Copinha Sil 2026 🔥
#CopinhaSil2026",25,"01/02/2026 07:59",N/A,https://www.facebook.com/reel/1285294730311576/,0,0,Vídeos,,,,,Total,169115,141513,1668,1630,22,16,2443,2443,,,,,1784645.457,12.798,0,0,1
1171928418434130,100068509496158,Copinha,"VEIO AÍ!
Kaio é o responsável pelo primeiro gol da Copinha Sil 2026 🔥
#CopinhaSil2026","VEIO AÍ!
Kaio é o responsável pelo primeiro gol da Copinha Sil 2026 🔥
#CopinhaSil2026",60,"01/02/2026 07:17",N/A,https://www.facebook.com/reel/1435001968341478/,0,0,Vídeos,,,,,Total,10405,10000,146,139,2,5,304,304,,,,,79889.039,8.151,0,0,0
1171898251770480,100068509496158,Copinha,"DE TODOS OS CANTOS!
Com mais de 4500 inscritos, vem conferir um pouco mais sobre as localidades dos jogadores da #CopinhaSil2026",,0,"01/02/2026 06:30",N/A,https://www.facebook.com/copinha/posts/pfbid0gvX3wMiPiDYUrWQfPSKghincQFykxKqSdaofpf3CPXqw1bnQbmfutxLagb4tyR84l,0,0,Fotos,,,,,Total,31945,23319,99,90,0,9,236,127,109,,,,,,,,
1171871085106530,100068509496158,Copinha,"NADA DE GOLS!
O primeiro jogo da Copinha Sil 2026 terminou empatado!
#CopinhaSil2026",,0,"01/02/2026 05:47",N/A,https://www.facebook.com/copinha/posts/pfbid028ErBkE8FeBCZcEvU7AfBm5tq4DJbRBBHSn8R4aGX8gPVuBrD7XHSpW6WJPmA7wVql,0,0,Fotos,,,,,Total,45683,33205,213,189,11,13,652,478,174,,,,,,,,
1171826715110967,100068509496158,Copinha,"CRIATIVIDADE A MIL!🤣
Se tem Copinha Sil, tem grandes personagens e apelidos entrando em campo! 👀
#CopinhaSil2026",,0,"01/02/2026 04:29",N/A,https://www.facebook.com/copinha/posts/pfbid0i2dF5ZPCW7wbA44T6mSYyc6Bg4XNeGgbC3G1kDrpGV2oV3hKSX1KGQwZW8wUEUC8l,0,0,Fotos,,,,,Total,27329,13883,174,145,15,14,2736,670,2066,,,,,,,,
1171813585112280,100068509496158,Copinha,"BORA PRO PRIMEIRO DIA!
Vem conferir o bonde que entra em campo na largada da Copinha Sil 2026 😍
#CopinhaSil2026",,0,"01/02/2026 04:04",N/A,https://www.facebook.com/copinha/posts/pfbid0238nCxo3Eq4iqzAB1WgkYBP1ZX8SmnzETrfDJ2UEjp7YcammqBK9Azn7CJ2Gf3cxDl,0,0,Fotos,,,,,Total,127411,88534,962,904,14,44,2207,1157,1050,,1,1,,,,,
1171567205136918,100068509496158,Copinha,"CHEGOU O GRANDE DIA!
A maior competição de base do mundo começa nesta sexta! É dia de Copinha Sil 2026 🤩
#CopinhaSil2026",,0,"01/01/2026 19:05",N/A,https://www.facebook.com/copinha/posts/pfbid0iiACDgxWjUKvV3vbpe8KD3uiakr1fP3C67JDbfV5BgZbtDeiJjiekv6iKhJYQADbl,0,0,Fotos,,,,,Total,99156,71527,864,792,29,43,1588,1213,375,,,,,,,,
1171346341825671,100068509496158,Copinha,"A MAIOR COMPETIÇÃO DE BASE DO MUNDO COMEÇA AMANHÃ!!!!!
#CopinhaSil2026","A MAIOR COMPETIÇÃO DE BASE DO MUNDO COMEÇA AMANHÃ!!!!!
#CopinhaSil2026",22,"01/01/2026 10:02",uploaded,https://www.facebook.com/reel/866259856202833/,1,0,Vídeos,,,,,Total,7004,6248,145,131,2,12,65,65,,,,,27394.334,4.321,0,0,0
1170297741930531,100068509496158,Copinha,"TRICOLOR CAMPEÃO DA @copinha! 🏆🇾🇪
No começo do ano, o São Paulo levou a taça da Maior Competição de Base do Mundo!
#Retrospectiva #FutebolPaulista",,0,"12/31/2025 05:00",N/A,https://www.facebook.com/copinha/posts/pfbid0Z57X5U7JFRgULFpxcz6GgVzf7bPEaEbyMfEftfkWBFvwqsz691rq97A9yv5i5MhFl,0,0,Fotos,,,,,Total,187997,126754,2703,2542,133,28,3820,2806,1014,,1,1,,,,,
