"Identificação do post","Identificação da Página","Nome da Página",Título,Descrição,"Duração (s)","Horário de publicação","Tipo de legenda","Link permanente","É um post cruzado","É compartilhado","Tipo de post",Idiomas,"Rótulos personalizados","Status do conteúdo financiado","Comentário de dados",Data,Views,Alcance,"Reações, comentários e compartilhamentos",Reações,Comentários,Compartilhamentos,"Total de cliques","Outros cliques","Consumo por direcionamento de público correspondente (Photo Click)","Cliques no link","Feedbacks negativos dos usuários: Ocultar tudo","Feedbacks negativos dos usuários: Ocultar","Segundos de visualização","Média de Segundos de visualização","Ganhos estimados (USD)","CPM do anúncio (USD)","Impressões do anúncio","Page ID",Visualizações,"Is crosspost","Is share",Languages,"Custom labels","Funded content status"
1003627092383300,,"Paulistão F","Primeiro tempo movimentado, mas a rede ainda não balançou para Mirassol e Red Bull Bragantino.
#PaulistãoF2026 
📷José Luis Silva/Ag. Paulistão",,0,"07/16/2026 16:56",N/A,https://www.facebook.com/paulistaof/posts/pfbid0xFpL7gXBRiPPomrT8zPAPXax9u2m6BqvT4tbmnkBE3yeZNdbA6n5KGgbXz3SYABYl,0,0,Fotos,,,,,Total,,1942,21,21,0,0,20,6,14,,,,,,,,,100082080567569,2758
1003584832387526,,"Paulistão F","NAQUELE PIQUE!
O aquecimento tá rolando! Já já a bola vai rolar!
#PaulistãoF2026 
📷José Luis Silva/Ag. Paulistão",,0,"07/16/2026 15:36",N/A,https://www.facebook.com/paulistaof/posts/pfbid02UGjbQQkWZiaf3V6LvshVmB9wAxEZy219iSroSRNbe2cm9PQC1RMqM3SBVboozSL9l,0,0,Fotos,,,,,Total,,1862,20,19,0,1,40,11,29,,,,,,,,,100082080567569,2645
1014685394610803,,"Paulistão F","5ª RODADA FINALIZADA!
Vem conferir os resultados dos confrontos dessa semana do Paulistão F Petrobras!
#PaulistãoFPetrobras",,0,"07/30/2026 10:35",N/A,https://www.facebook.com/paulistaof/posts/pfbid0bouRg9Vc6j7PU4WmteGT8ZofNSuPeixAQNXZnhVM2pqhtf3VRuvfReXjE9vPeVYNl,0,0,Fotos,,,,,Total,,596,7,4,0,3,10,3,7,,,,,,,,,100082080567569,574
1014683657944310,,"Paulistão F","5ª RODADA FINALIZADA!
Vem conferir os resultados dos confrontos dessa semana do Paulistão F @petrobras!
#PaulistãoFPetrobras",,0,"07/30/2026 10:32",N/A,https://www.facebook.com/paulistaof/posts/pfbid02UcikTVsGTKhVLFYbN9p7wVEJog8LMNepvuyJ8r3k8SoiGwkzTtg18Zxk5SEFMXPtl,0,0,Fotos,,,,,Total,,850,26,22,2,2,20,12,8,,,,,,,,,100082080567569,1260
1014137664665576,,"Paulistão F","Os melhores momentos da vitória de virada das Guerreiras Grenás! 🤩 #PaulistãoFPetrobras #Centauro","Os melhores momentos da vitória de virada das Guerreiras Grenás! 🤩 #PaulistãoFPetrobras #Centauro",174,"07/29/2026 20:05",mixed,https://www.facebook.com/reel/952204537881432/,1,0,Vídeos,,,,,Total,,1249,10,10,0,0,20,20,,,,,14208.542,12.082,0,0,0,100082080567569,1233
1014112421334767,,"Paulistão F","Assim ficou a classificação do Paulistão F @petrobras depois da 5ª rodada! 🔥 #PaulistãoFPetrobras",,0,"07/29/2026 19:24",N/A,https://www.facebook.com/paulistaof/posts/pfbid024CoX87e9VoPZhmLikZS2f4gRKr9UYojxg3XSkU7usbdmoB8AYPKyyBFYvpgm2S8l,0,0,Fotos,,,,,Total,,6693,96,82,7,7,182,107,75,,,,,,,,,100082080567569,9845
1014109861335023,,"Paulistão F","VITÓRIAS DE PALMEIRAS E FERROVIÁRIA NESSA NOITE DE PAULISTÃO F PETROBRAS! 👏🤩 #PaulistãoFPetrobras
📷 Mauro Horita e Douglas Moreti/Agência Paulistão",,0,"07/29/2026 19:19",N/A,https://www.facebook.com/paulistaof/posts/pfbid0X8jeAvVCxbic56qgcCRoiUxgix4W7SJCMie42HRLKuEWXcCax92kr2ziUMBMArVXl,0,0,Fotos,,,,,Total,,7234,277,262,9,6,126,71,55,,,,,,,,,100082080567569,10007
1014108378001838,,"Paulistão F","DOIS GOLS E UMA ASSISTÊNCIA PRA CONTA! 👏
Sissi jogou muito e levou o troféu de craque do jogo pra casa! 🏆 #PaulistãoFPetrobras #CraqueDoJogo 
📷 Douglas Moreti/Agência Paulistão",,0,"07/29/2026 19:17",N/A,https://www.facebook.com/paulistaof/posts/pfbid035qH33zg7kfhop9hsHnvkcKn48mHYJY5FbCXYuf5usRq4XqWr2QuS6n9nDLagnRGml,0,0,Fotos,,,,,Total,,636,3,3,0,0,0,,,,,,,,,,,100082080567569,817
1014101358002540,,"Paulistão F","DE VIRADA PRAS GUERREIRAS GRENÁS! 😮💨 
Em um jogão entre Ferroviária x Taubaté, a Ferrinha levou a melhor no #PaulistãoFPetrobras! 
📷 Douglas Moreti/Agência Paulistão",,0,"07/29/2026 19:04",N/A,https://www.facebook.com/paulistaof/posts/pfbid0uBuxxmhQx7UJT7veDCMcuPfdUigDdeBH1BZMPW7zbTSu5rEEeuH99tEHp5k9dXKrl,0,0,Fotos,,,,,Total,,1141,18,17,1,0,24,13,11,,,,,,,,,100082080567569,1504
1014071364672206,,"Paulistão F","NÃO DÁ NEM TEMPO DE COMEMORAR! A FERROVIÁRIA SEGUE EM CIMA E BUSCA O EMPATE MAIS UMA VEZ! JOGÃOOO! 🔥 #PaulistãoFPetrobras","NÃO DÁ NEM TEMPO DE COMEMORAR! A FERROVIÁRIA SEGUE EM CIMA E BUSCA O EMPATE MAIS UMA VEZ! JOGÃOOO! 🔥 #PaulistãoFPetrobras",30,"07/29/2026 18:09",uploaded,https://www.facebook.com/reel/997263713136469/,1,0,Vídeos,,,,,Total,,3732,53,52,1,0,43,43,,,,,40399.28,11.004,0,0,0,100082080567569,4119
1014064531339556,,"Paulistão F","JOGÃO MOVIMENTADO!
Ferroviária e Taubaté vão empatando em 2 a 2 no primeiro tempo! #PaulistãoFPetrobras",,0,"07/29/2026 17:56",N/A,https://www.facebook.com/paulistaof/posts/pfbid06EKfmCitVzXQSyGTfTnsHkxTzhmS4a3cvs7vYYbwELynxMwhQV7dcaAv3rpeGTWKl,0,0,Fotos,,,,,Total,,1452,9,9,0,0,18,9,9,,,,,,,,,100082080567569,1976
1014060038006672,,"Paulistão F","AS GUERREIRAS GRENÁS TENTARAM E CONSEGUIRAM O EMPATE! 👏👏👏 #PaulistãoFPetrobras","AS GUERREIRAS GRENÁS TENTARAM E CONSEGUIRAM O EMPATE! 👏👏👏 #PaulistãoFPetrobras",36,"07/29/2026 17:47",N/A,https://www.facebook.com/reel/1373344858085289/,1,0,Vídeos,,,,,Total,,895,16,16,0,0,11,11,,,,,5215.435,6.135,0,0,0,100082080567569,888
1014050131340996,,"Paulistão F","GOSTINHO ESPECIAL! 😮‍💨
Mais uma vitória na conta das Palestrinas e a Beatriz Zaneratto mandou um recado para a torcida do Verdão! 
#PaulistãoFPetrobras #Palmeiras","GOSTINHO ESPECIAL! 😮‍💨
Mais uma vitória na conta das Palestrinas e a Beatriz Zaneratto mandou um recado para a torcida do Verdão! 
#PaulistãoFPetrobras #Palmeiras",30,"07/29/2026 17:28",N/A,https://www.facebook.com/reel/897704019580955/,1,0,Vídeos,,,,,Total,,11475,1159,1083,44,32,364,364,,,,,110304.115,10.028,0,0,0,100082080567569,13065
1014046198008056,,"Paulistão F","CRAQUE DO JOGO! 🏆
Gi Campiolo marcou o gol do Palmeiras na vitória no Derby e levou o troféu pra casa! #PaulistãoFPetrobras #Derby #CraqueDoJogo
📷 Mauro Horita/Agência Paulistão",,0,"07/29/2026 17:20",N/A,https://www.facebook.com/paulistaof/posts/pfbid029bUpoPB5uVBgJbup6y9wK8vN2QE6Ho5SkEGPC9iE2WtXdB5sGUUwMwxU9aDPmxocl,0,0,Fotos,,,,,Total,,2392,179,167,5,7,43,28,15,,,,,,,,,100082080567569,3327
1014040098008666,,"Paulistão F","DEU VERDÃO NO SUPERCLÁSSICO F PETROBRAS! 🔥👏👏👏 #PaulistãoFPetrobras #Derby",,0,"07/29/2026 17:09",N/A,https://www.facebook.com/paulistaof/posts/pfbid032nuKpgn6SGYaygpP2uGDcSh2JnY2gjHH82D445dkKtYy3L1yv8rQkPr7YcEEatXel,0,0,Fotos,,,,,Total,,5275,350,324,12,14,138,81,57,,,,,,,,,100082080567569,7083
1014037748008901,,"Paulistão F","VITÓRIA ALVIVERDE NO DERBY! 🟢⚪
Com gol de lei do ex no primeiro tempo, o Palmeiras venceu o Corinthians na 5ª rodada do Paulistão F @petrobras! #PaulistãoFPetrobras #Derby
📷 Mauro Horita/Agência Paulistão",,0,"07/29/2026 17:05",N/A,https://www.facebook.com/paulistaof/posts/pfbid033u7purZaKQ9WPgUriacPejRrTYU3WvqZ1t85jD9PvNpJ3pkYwW4LrbjUDGA2Nu4Rl,0,0,Fotos,,,,,Total,,42809,2751,2571,83,97,1628,647,981,,,1,,,,,,100082080567569,60474
1014035481342461,,"Paulistão F","FALTOU POUCO PARA O EMPATE DAS BRABAS! 
#PaulistãoFPetrobras","FALTOU POUCO PARA O EMPATE DAS BRABAS! 
#PaulistãoFPetrobras",7,"07/29/2026 17:00",N/A,https://www.facebook.com/reel/1626151519175670/,1,0,Vídeos,,,,,Total,,14965,92,71,21,0,315,315,,,,,107242.5,7.317,0,0,0,100082080567569,23950
1014014761344533,,"Paulistão F","TUDO PRONTO! 🤩
A bola vai rolar pra Ferroviária x Taubaté, pra fechar a 5ª rodada do #PaulistãoFPetrobras! 
📷 Douglas Moreti/Agência Paulistão",,0,"07/29/2026 16:45",N/A,https://www.facebook.com/paulistaof/posts/pfbid0sVBqUKn3s3rGopEP4HHQFfxCAtFyYrAfdTdRxXHjL22BS6Q1s7suCyM3RYRmuG9Kl,0,0,Fotos,,,,,Total,,654,2,2,0,0,6,5,1,,,,,,,,,100082080567569,867
1013996831346326,,"Paulistão F","A LEI DO EX NÃO FALHA NUNCA! 😮‍💨
Se liga no gol da Giovanna Campiolo, que colocou o Palmeiras na frente do placar no Derby! 🐷 #PaulistãoFPetrobras #Derby","A LEI DO EX NÃO FALHA NUNCA! 😮‍💨
Se liga no gol da Giovanna Campiolo, que colocou o Palmeiras na frente do placar no Derby! 🐷 #PaulistãoFPetrobras #Derby",42,"07/29/2026 16:08",N/A,https://www.facebook.com/reel/1044931598268783/,1,0,Vídeos,,,,,Total,,79900,3227,3043,77,107,2835,2835,,,,,1071835.485,14.11,0,0,0,100082080567569,84334
1013990521346957,,"Paulistão F","O VERDÃO TÁ NA FRENTE! 🟢⚪
Giovanna Campiolo abriu o placar no último minuto do primeiro tempo e colocou o Palmeiras em vantagem no Derby! Será que o placar muda na 2ª etapa? #PaulistãoFPetrobras #Derby
📷 Mauro Horita/Agência Paulistão",,0,"07/29/2026 15:55",N/A,https://www.facebook.com/paulistaof/posts/pfbid0qqC7RR1FfgNTxomd5khhk2w3Xgg112SoK3ReGQHB6YEGE2oJYjA2PbxDm4Ue7TDTl,0,0,Fotos,,,,,Total,,5398,184,166,10,8,161,87,74,,,,,,,,,100082080567569,7608
1013990398013636,,"Paulistão F","A ZAGUEIRONA DO VERDÃO FEZ JUS À LEI DA EX! 🐷
Giovanna Campiolo | Futebol marca no último minuto do primeiro tempo e deixa as Palestrinas na vantagem! 
#PaulistãoFPetrobras","A ZAGUEIRONA DO VERDÃO FEZ JUS À LEI DA EX! 🐷
Giovanna Campiolo | Futebol marca no último minuto do primeiro tempo e deixa as Palestrinas na vantagem! 
#PaulistãoFPetrobras",43,"07/29/2026 15:55",N/A,https://www.facebook.com/reel/1526105819197295/,1,0,Vídeos,,,,,Total,,13444,498,475,11,12,451,451,,,,,133446.503,10.42,0,0,0,100082080567569,13726
1013960104683332,,"Paulistão F","AQUECIMENTO ROLANDO! 🤩
Palmeiras e Corinthians entram em campo daqui a pouco no Superclássico do Paulistão F @petrobras 2026! 🔥 #PaulistãoFPetrobras #Derby
📷 Mauro Horita/Agência Paulistão",,0,"07/29/2026 14:50",N/A,https://www.facebook.com/paulistaof/posts/pfbid024FDQFbyNQf4Vo6QCR93meFwYfKXQKJRJmGGTH55WhpHt2ZBBnXCEzjbwoT7HzdD9l,0,0,Fotos,,,,,Total,,3032,55,54,0,1,96,16,80,,,,,,,,,100082080567569,4135
1013959444683398,,"Paulistão F","QUE INTIMIDADE! 
Que qualidade da Maria Eduarda Sampaio no domínio, hein?!
#PaulistãoF","QUE INTIMIDADE! 
Que qualidade da Maria Eduarda Sampaio no domínio, hein?!
#PaulistãoF",11,"07/29/2026 14:49",N/A,https://www.facebook.com/reel/889891163740971/,1,0,Vídeos,,,,,Total,,12626,124,115,6,3,189,189,,,,,89405.133,7.423,0,0,0,100082080567569,16614
1013952618017414,,"Paulistão F","AQUECIMENTO ROLANDO! 🔥
Quase tudo pronto para o Derby daqui a pouco! Quem vai vencer esse Superclássico F Petrobras? 👀
#PaulistãoFPetrobras #Palmeiras #Corinthians","AQUECIMENTO ROLANDO! 🔥
Quase tudo pronto para o Derby daqui a pouco! Quem vai vencer esse Superclássico F Petrobras? 👀
#PaulistãoFPetrobras #Palmeiras #Corinthians",22,"07/29/2026 14:35",mixed,https://www.facebook.com/reel/2413996382426792/,1,0,Vídeos,,,,,Total,,3140,33,29,3,1,34,34,,,,,16236.895,5.195,0,0,0,100082080567569,3443
1013922188020457,,"Paulistão F","TUDO PRONTO PRO DERBY! 😮💨🔥
Daqui a pouco a bola vai rolar pra mais um Superclássico no Paulistão F @petrobras 2026! Quem leva: Palmeiras ou Corinthians? 👀 #PaulistãoFPetrobras #Derby
📷 Mauro Horita/Agência Paulistão",,0,"07/29/2026 13:35",N/A,https://www.facebook.com/paulistaof/posts/pfbid037cvCmZZLcdp1PMxeqcheYtrU9qGFcGs5vhZYBtmjDwAPdFT98jMF4uc7CCCaWP8cl,0,0,Fotos,,,,,Total,,2003,42,41,1,0,60,20,40,,,,,,,,,100082080567569,2787
1013893348023341,,"Paulistão F","ENCERRANDO A RODADA...
Vem aí Ferroviária e Taubaté no YouTube do @paulistao 🤩
#PaulistãoF2026",,0,"07/29/2026 12:43",N/A,https://www.facebook.com/paulistaof/posts/pfbid02xdSSSb4Posg5Dy9rYfpcTvku6szqK7umA7h6XZCC7N2NtzxJHgKt4BL7sv3nRJgXl,0,0,Fotos,,,,,Total,,2437,25,23,1,1,57,35,22,,,,,,,,,100082080567569,3413
1013828294696513,,"Paulistão F","ENCERRANDO A RODADA...
Vem aí Ferroviária e Taubaté no YouTube do @paulistao pelo Paulistão F @petrobras🤩
#PaulistãoFPetrobras2026",,0,"07/29/2026 11:00",N/A,https://www.facebook.com/paulistaof/posts/pfbid02RT2g1r3SnAo8j1zCoFGHKWsB8VWxG1Lmtjo4qjPoj4vrGiKabz5zR89GdfHimrLDl,0,0,Fotos,,,,,Total,,2184,22,21,0,1,27,12,15,,,,,,,,,100082080567569,2930
1013809898031686,,"Paulistão F","VAAAAAAAI CORINTHIANS!
As Brabas querem mais uma vitória em Superclássico F @petrobras para a conta 🔥
#PaulistãoFPetrobras2026",,0,"07/29/2026 10:30",N/A,https://www.facebook.com/paulistaof/posts/pfbid027ra1etAEFg34CLje2ba3GmWyRUyKLPv9rfvkAJpg2ogbyq1CjeZRiVrei4bT39Qsl,0,0,Fotos,,,,,Total,,26828,717,644,55,18,734,449,285,,,,,,,,,100082080567569,36696
1013700441375965,,"Paulistão F","AVANTI PALESTRINAS!
Embaladas pela vitória no último Superclássico F @petrobras, o @palmeirasfeminino vai em busca de mais três pontos.
#PaulistãoFPetrobras2026",,0,"07/29/2026 08:00",N/A,https://www.facebook.com/paulistaof/posts/pfbid0VsTNshRLBYGZQLEi8JF7hfZYRa6XBZRCaSxvCGcrF3ammNErWiPktmgM6ToYW84Xl,0,0,Fotos,,,,,Total,,32515,865,814,33,18,773,487,286,,,,,,,,,100082080567569,42906
1013249284754414,,"Paulistão F","UM NOVO DIA, UM NOVO DERBY!
O Superclássico F @petrobras vai ser digno de cinema nesta quarta-feira 🤩
#PaulistãoFPetrobras2026",,0,"07/28/2026 20:05",N/A,https://www.facebook.com/paulistaof/posts/pfbid0YmK2FCSw5yED35G7DoXcYjGuMFKGPyZbsy6QhJGvMR4XMxe3x2GCeY5R6Ha7a1oql,0,0,Fotos,,,,,Total,,16307,258,234,13,11,384,207,177,,,,,,,,,100082080567569,23362
1013165658096110,,"Paulistão F","Vem conferir os melhores momentos do empate entre Red Bull Bragantino e Santos pela 5ª rodada do Paulistão F Petrobras!
#PaulistãoFPetrobras #Centauro #MelhoresMomentos","Vem conferir os melhores momentos do empate entre Red Bull Bragantino e Santos pela 5ª rodada do Paulistão F Petrobras!
#PaulistãoFPetrobras #Centauro #MelhoresMomentos",172,"07/28/2026 17:40",N/A,https://www.facebook.com/reel/957750747283161/,1,0,Vídeos,,,,,Total,,1018,15,15,0,0,11,11,,,,,10990.364,10.924,0,0,0,100082080567569,1054
1013156541430355,,"Paulistão F","DE OLHO NA TABELA! 👀
Assim ficou a classificação do Paulistão F @petrobras depois do empate entre Red Bull Bragantino e Santos!
#PaulistãoFPetrobras",,0,"07/28/2026 17:23",N/A,https://www.facebook.com/paulistaof/posts/pfbid02tMkWEwKYGTmC4vsmMsS5mH1VULb3vh1nA1yEdq2ur6k5Zcwats5jotGR91CDpd6zl,0,0,Fotos,,,,,Total,,5453,76,70,3,3,141,77,64,,,,,,,,,100082080567569,8058
1013151311430878,,"Paulistão F","YORELI CRAQUE DO JOGO!
Depois de um golaço de bola parada que garantiu o empate para as Sereias da Vila, Yoreli foi eleita a craque da partida contra o Red Bull Bragantino!
#PaulistãoFPetrobras
📷Igor do Vale/Ag. Paulistão",,0,"07/28/2026 17:13",N/A,https://www.facebook.com/paulistaof/posts/pfbid03LaMmuT4XZyuHikSoUVuvFoc1xdKJEuCfwdsiDfVevofv6BeEH1WpkSFUaqTjEoQl,0,0,Fotos,,,,,Total,,1395,15,15,0,0,12,7,5,,,,,,,,,100082080567569,1826
1013147171431292,,"Paulistão F","BRAGANTINAS E SEREIAS TERMINAM NO EMPATE!
O Red Bull Bragantino abriu o placar e o Santos buscou para deixar tudo igual no placar!
#PaulistãoFPetrobras
📷Igor do Vale/Ag. Paulistão",,0,"07/28/2026 17:05",N/A,https://www.facebook.com/paulistaof/posts/pfbid02eFf7ekborUFfnPHCRTDhUkhfyFB83U87ivHtUpg5xKezmLnDcXPG4Ps3sPmQeqtDl,0,0,Fotos,,,,,Total,,4607,51,49,1,1,61,21,40,,,,,,,,,100082080567569,6249
1013122334767109,,"Paulistão F","QUE BOMBA DA YORELI!
As Sereias empatam o jogo contra o Red Bull Bragantino!
#PaulistãoFPetrobras","QUE BOMBA DA YORELI!
As Sereias empatam o jogo contra o Red Bull Bragantino!
#PaulistãoFPetrobras",65,"07/28/2026 16:13",mixed,https://www.facebook.com/reel/1040128011824432/,1,0,Vídeos,,,,,Total,,1017,28,27,1,0,17,17,,,,,8172.678,8.18,0,0,0,100082080567569,1052
1013119941434015,,"Paulistão F","MARTINA ABRE O PLACAR PARA AS BRAGANTINAS!
A atacante argentina faz o primeiro gol do jogo contra o Santos!
#PaulistãoFPetrobras","MARTINA ABRE O PLACAR PARA AS BRAGANTINAS!
A atacante argentina faz o primeiro gol do jogo contra o Santos!
#PaulistãoFPetrobras",67,"07/28/2026 16:08",uploaded,https://www.facebook.com/reel/1022446330564703/,1,0,Vídeos,,,,,Total,,3929,28,28,0,0,16,16,,,,,33003.591,8.545,0,0,0,100082080567569,3980
1013114304767912,,"Paulistão F","TUDO IGUAL NO PLACAR!
Um gol de argentina, um gol de colombiana e o primeiro tempo termina empatado entre Red Bull Bragantino e Santos!
#PaulistãoFPetrobras
📷Igor do Vale/Ag. Paulistão",,0,"07/28/2026 15:56",N/A,https://www.facebook.com/paulistaof/posts/pfbid02pDvf37ZZQiUKNSDHhYnEK3ymVFHmfZHuXWReTonV7NBrqDxV8KSjvJk52fj3g8eol,0,0,Fotos,,,,,Total,,2584,14,14,0,0,34,13,21,,,,,,,,,100082080567569,3483
1013082088104467,,"Paulistão F","TUDO PRONTO!
A bola vai rolar entre Red Bull Bragantino e Santos pela 5ª rodada do Paulistão F @petrobras!
#PaulistãoFPetrobras
📷Igor do Vale/Ag. Paulistão",,0,"07/28/2026 14:49",N/A,https://www.facebook.com/paulistaof/posts/pfbid02ByrEpARY9hvBSkAhMFZKDDXbu4SSCGBGKLCuYuYuJ6faaskzovtD9XXXeMk2enAAl,0,0,Fotos,,,,,Total,,1646,10,9,0,1,24,6,18,,,,,,,,,100082080567569,2191
1013009891445020,,"Paulistão F","É ELE ALI? 👀🐷
Chad “Ochocinco” Johnson apareceu no treino do Panthers com a camisa do Palmeiras campeão da Libertadores em 1999. Essa é relíquia, hein, torcedor?
#PaulistasEmCampo
📷 Reprodução/X",,0,"07/28/2026 12:30",N/A,https://www.facebook.com/paulistaof/posts/pfbid02E73BBY8DWekvTESBgWCFvXzvSrQCAyGvxVxur6BaYss12rpax4nLgQZdFHjMMqWel,0,0,Fotos,,,,,Total,,1961,36,35,0,1,29,7,22,,,,,,,,,100082080567569,2797
1012916778120998,,"Paulistão F","PARA RELEMBRAR!
Amanhã começa mais uma rodada do Paulista F Sub-20 @petrobras, então vem ver como está a tabela classificação até aqui!
#PaulistaFSub20Petrobras",,0,"07/28/2026 09:58",N/A,https://www.facebook.com/paulistaof/posts/pfbid0m5Kw2EuSmP4ZHeT6EmyH2bLiR6gV392WqoH7yGWqGwuEwVCc3NHW74qxfwv7PyNcl,0,0,Fotos,,,,,Total,,29475,247,235,3,9,828,414,414,,,,,,,,,100082080567569,42752
1012755021470507,,"Paulistão F","MAIS UM!
Massa Bruta e Sereias da Vila entram em campo nesta terça-feira no Paulistão F @petrobras. Quem leva a melhor?
#PaulistãoFPetrobras2026",,0,"07/28/2026 06:00",N/A,https://www.facebook.com/paulistaof/posts/pfbid0WeT62S1aWZDv3iReuSWfVCLK3KZpKnXrZLPZDWcpEYznJc4PugzP4cKSFtT4Nn8ol,0,0,Fotos,,,,,Total,,7728,83,77,5,1,149,69,80,,,,,,,,,100082080567569,10672
1012330051513004,,"Paulistão F","Confira os melhores momentos da vitória do São Paulo no Paulistão F Petrobras.
#Centauro #MelhoresMomentos","Confira os melhores momentos da vitória do São Paulo no Paulistão F Petrobras.
#Centauro #MelhoresMomentos",117,"07/27/2026 17:51",mixed,https://www.facebook.com/reel/2264894937668241/,1,0,Vídeos,,,,,Total,,39873,1339,1303,22,14,1783,1783,,,,,978242.426,25.977,0,0,0,100082080567569,40437
1012318988180777,,"Paulistão F","PRIMEIRO DA RODADA...
O Tricolor assumiu a segunda posição do Paulistão F @petrobras com a vitória.
#PaulistãoFPetrobras",,0,"07/27/2026 17:30",N/A,https://www.facebook.com/paulistaof/posts/pfbid035kufjtV8cq8bmNi38y2J4w5xsjd4pcoJS79cvwKFH3NZNUtzEF1MepHpdLhaf1SDl,0,0,Fotos,,,,,Total,,9535,120,111,4,5,317,193,124,,,,,,,,,100082080567569,14367
1012307248181951,,"Paulistão F","ABRIU A CONTAGEM...
Bia Menezes marcou um gol de falta e levou o troféu de Craque do Jogo @petrobras para casa 😍
#PaulistãoFPetrobras
📷 Rebeca Reis/Ag. Paulistão",,0,"07/27/2026 17:09",N/A,https://www.facebook.com/paulistaof/posts/pfbid02G6akBxdmj5HBC6ShNK8gzW9Ln5HftBFUbs24YAqt43QXZy7zQPKLv2JAfyHJAQz8l,0,0,Fotos,,,,,Total,,2219,69,62,7,0,41,28,13,,,,,,,,,100082080567569,3106
1012303854848957,,"Paulistão F","PARA FECHAR A CONTA…
Kesia Senna saiu da marcação e deixou o dela na partida!
#PaulistãoFPetrobras","PARA FECHAR A CONTA…
Kesia Senna saiu da marcação e deixou o dela na partida!
#PaulistãoFPetrobras",29,"07/27/2026 17:02",N/A,https://www.facebook.com/reel/1365690319107479/,1,0,Vídeos,,,,,Total,,14118,337,322,11,4,206,206,,,,,147233.186,10.613,0,0,0,100082080567569,15791
1012282951517714,,"Paulistão F","BIA MENEZES É O NOME DELA!
O gol do Tricolor saiu na cobrança de falta da camisa 23 🔥⚽️
#PaulistãoFPetrobras","BIA MENEZES É O NOME DELA!
O gol do Tricolor saiu na cobrança de falta da camisa 23 🔥⚽️
#PaulistãoFPetrobras",28,"07/27/2026 16:19",N/A,https://www.facebook.com/reel/889841197527165/,1,0,Vídeos,,,,,Total,,6808,255,239,11,5,130,130,,,,,53649.836,8.164,0,0,0,100082080567569,7221
1012270238185652,,"Paulistão F","TRICOLOR NA FRENTE!
No final da primeira etapa, Bia Menezes marcou de falta. Vem mais gol por aí?👀⚽
#PaulistãoFPetrobras
📷 Rebeca Reis/Ag. Paulistão",,0,"07/27/2026 15:50",N/A,https://www.facebook.com/paulistaof/posts/pfbid0n6xRU8dVVdguQesyB5LJTsw72G1a5jkaX9gnTNbjTYdRSuX8RdLpNvD8hDb6eLv5l,0,0,Fotos,,,,,Total,,5438,126,115,5,6,79,27,52,,,,,,,,,100082080567569,7489
1012230521522957,,"Paulistão F","TUDO PRONTO!
Um final de tarde desse em Santana de Parnaíba é perfeito para mais um dia de Paulistão F @petrobras! Quem vai levar a melhor entre São Paulo e Mirassol?
#PaulistãoFPetrobras
📷 Rebeca Reis/Ag. Paulistão",,0,"07/27/2026 14:26",N/A,https://www.facebook.com/paulistaof/posts/pfbid02RBjtRUNzof5XkMZmxphN6CsAUMaAdiqVk5HZ5v3xRm4R3UKSrAF27uLAapdC2iVtl,0,0,Fotos,,,,,Total,,1699,21,20,0,1,38,5,33,,,,,,,,,100082080567569,2400
1012185581527451,,"Paulistão F","EMILY ASSIS CRAQUE DA 4ª RODADA!
A jogadora das Palestrinas foi eleita pela votação como o destaque da rodada do Paulistão F @petrobras!
#PaulistãoFPetrobras #CraqueDaRodada",,0,"07/27/2026 12:55",N/A,https://www.facebook.com/paulistaof/posts/pfbid02VXaVjbABnaineBNrtWm1jeDxoB2ebvEbKxs9TtqmCJHk3H6NfmBZB31fYTouazAul,0,0,Fotos,,,,,Total,,5602,160,154,4,2,94,51,43,,,,,,,,,100082080567569,7570
1012155244863818,,"Paulistão F","Vem dar uma olhadinha como está a classificação do Paulistão F @petrobras antes de começar a 5ª rodada! Conta para nós, como está seu time? 👀
#PaulistãoFPetrobras #Classificação",,0,"07/27/2026 12:00",N/A,https://www.facebook.com/paulistaof/posts/pfbid09RYSzvkf1tUJkU4fT5AZr4ihHsgGKizgVnU33Lr2jxwpxHHE1HqqnrV7K9F9XQ9Bl,0,0,Fotos,,,,,Total,,18126,219,198,9,12,445,250,195,,,,,,,,,100082080567569,27515
1011915101554499,,"Paulistão F","PARA COMEÇAR!
O São Paulo recebe o Mirassol no primeiro jogo do Paulistão F @petrobras nesta semana.
#PaulistãoFPetrobras2026",,0,"07/27/2026 06:00",N/A,https://www.facebook.com/paulistaof/posts/pfbid02GfEfeZJPJu96qUR2kEPAi2hvdMvs7Gaxuxy9KcXbs1c8vuCgUNB8tVonS68edGsVl,0,0,Fotos,,,,,Total,,21984,376,363,9,4,538,226,312,,,,,,,,,100082080567569,29945
1011387171607292,,"Paulistão F","O domingão com #ElasEmCampo teve goleada do Corinthians e empate fora de casa da Ferroviária. Se liga aí.
#FutebolPaulista",,0,"07/26/2026 13:45",N/A,https://www.facebook.com/paulistaof/posts/pfbid02oUExUp2cDqkVoKdKbJ3CvaihXVsCQP4yzBRW1pEZX5EtXZNPmmSnXQDeTDBnD4oWl,0,0,Fotos,,,,,Total,,2971,28,25,1,2,37,19,18,,,,,,,,,100082080567569,4149
1011372734942069,,"Paulistão F","ZERADAS!
Empate sem gols para Juventude e Ferroviária.
#ElasEmCampo
📷Rafael Zocco/Ferroviária",,0,"07/26/2026 13:17",N/A,https://www.facebook.com/paulistaof/posts/pfbid02c64prvJ64qMKrNJ3DZoLE6mymhN7ozMTbKmsXveyc7Nk7ff7JHgV4AJrSjsmeMGAl,0,0,Fotos,,,,,Total,,4243,35,33,0,2,47,23,24,,,,,,,,,100082080567569,5557
1011364364942906,,"Paulistão F","OLHA A QUINTA VOLTA NA ÁREA!
Nada como começar a semana com Paulistão F @petrobras 🤩💜
#PaulistãoFPetrobras2026",,0,"07/26/2026 13:00",N/A,https://www.facebook.com/paulistaof/posts/pfbid0pYVW9Z8Jpj72BaKW7VMNqf38CiTvyUK8KzgD1RPTQNBhBeNF49jxtmDxMkewjE2Kl,0,0,Fotos,,,,,Total,,59385,483,454,8,21,1847,809,1038,,,,,,,,,100082080567569,84854
1011234788289197,,"Paulistão F","FOI HISTÓRICO!
Aline Pellegrino relembrou a conquista do Pan-Americano em 2007. Foi lindo, né, Pellê? 🥹
#BaúDoPaulistão #ElasEmCampo",,0,"07/26/2026 09:18",N/A,https://www.facebook.com/paulistaof/posts/pfbid08g5SeGNMXRyiiMX64PdFAGtim5n2dGQrQHPXGrnyerY19BkBcdef1RnSspHbf1n9l,0,0,Fotos,,,,,Total,,1000,21,20,1,0,10,6,4,,,,,,,,,100082080567569,1386
1011226828289993,,"Paulistão F","GOLEADA DAS BRABAS!
O Corinthians garante mais três pontos no Brasileirão feminino!
#ElasEmCampo
📷Rodrigo Gazzanel/Corinthians",,0,"07/26/2026 09:05",N/A,https://www.facebook.com/paulistaof/posts/pfbid029rDv3WRZQ4bRjdNqd1nMF1RGC8kZXFpVCcJ45p1F4uXZMx9b1prrKfU3hgkYkxdwl,0,0,Fotos,,,,,Total,,24124,1468,1356,72,40,463,290,173,,,1,,,,,,100082080567569,32439
1011102768302399,,"Paulistão F","BRABAS E GUERREIRAS EM CAMPO!
O Timão recebe o Vitória e a Ferroviária visita a Chapecoense no @brfeminino!
#ElasEmCampo",,0,"07/26/2026 06:00",N/A,https://www.facebook.com/paulistaof/posts/pfbid0dyiPEPJsk639Xv6wW9SJCG1Gzy9pRSJPZJFdrAh7AFdScEb32Ba1jRSynjhgvvRLl,0,0,Fotos,,,,,Total,,6598,85,77,3,5,204,90,114,,,,,,,,,100082080567569,9308
1010612248351451,,"Paulistão F","Com direito a vitória do Red Bull Bragantino, o sábado de futebol terminou de forma invicta para as equipes paulistas.
#ElasEmCampo",,0,"07/25/2026 15:30",N/A,https://www.facebook.com/paulistaof/posts/pfbid02JkZyNxT6ZwNHxK4L6zcNKabun4DYuPnPR7WDJvsL9adne4KiPQSsPW9zRUjTG9j1l,0,0,Fotos,,,,,Total,,8536,40,39,0,1,145,61,84,,,,,,,,,100082080567569,12033
1010601478352528,,"Paulistão F","TRÊS PONTOS!
Red Bull Bragantino faz o dever de casa e fica com a vitória pra cima do Atlético-MG!
#ElasEmCampo
📷Fernando Roberto/Red Bull Bragantino",,0,"07/25/2026 15:05",N/A,https://www.facebook.com/paulistaof/posts/pfbid0tqbnKqgES5ZXpJZFKxjLn3RSSSCwQCH5p3jzRu2vBvEvyY5LeNWZ8pTKXeaKg4xDl,0,0,Fotos,,,,,Total,,4315,33,29,2,2,35,17,18,,,,,,,,,100082080567569,5646
1010572705022072,,"Paulistão F","PLACAR ZERADO!
Nada de gol para Mixto e Palmeiras.
#ElasEmCampo
📷Paloma Cassianoi/Palmeiras",,0,"07/25/2026 14:04",N/A,https://www.facebook.com/paulistaof/posts/pfbid06PiS7sGcBXs6hWDRgFgqps97oJkZkDs9mDkQtMFGc9vThhoP9Yxb11CPHk8r3fAZl,0,0,Fotos,,,,,Total,,19576,190,163,19,8,443,251,192,,,,,,,,,100082080567569,26661
1010546531691356,,"Paulistão F","EMPATE!
Na volta do Brasileirão Feminino A2, a rede não balançou para Taubaté e Sport.
#ElasEmCampo
📷Junior Santos/Taubaté",,0,"07/25/2026 13:10",N/A,https://www.facebook.com/paulistaof/posts/pfbid0BH7eVnomJVjpEGZgLwf5xGXxsTTQFk3phMb4PAZzxQcUgjVdYBeMP6TgaxQ4jhMol,0,0,Fotos,,,,,Total,,9763,56,47,4,5,93,41,52,,,,,,,,,100082080567569,13033
1009951615084181,,"Paulistão F","As paulistas venceram na noite de sexta-feira de @brfeminino! 🤩 #ElasEmCampo",,0,"07/24/2026 19:51",N/A,https://www.facebook.com/paulistaof/posts/pfbid021gUDSLPE8PuYQqjUf1VBXKoUnXna9vqa6M8Jf7Wjf3hiz79iYjhAZ759rke9DWUfl,0,0,Fotos,,,,,Total,,9171,51,49,1,1,135,61,74,,,,,,,,,100082080567569,13462
1009950611750948,,"Paulistão F","DEU TRICOLOR! 🇾🇪
O São Paulo conseguiu uma importante vitória fora de casa no @brfeminino! #ElasEmCampo
📷 Miguel Schincariol/São Paulo",,0,"07/24/2026 19:50",N/A,https://www.facebook.com/paulistaof/posts/pfbid02Yopeadub1KDHk3MUmGu5hC6JqJPeZTKRMqQjqm38ybrsCDAHYN3yZw5uyzWZZUu5l,0,0,Fotos,,,,,Total,,32462,1503,1400,60,43,588,339,249,,1,,,,,,,100082080567569,44294
1009867371759272,,"Paulistão F","VITÓRIA DAS SEREIAS! ⚪⚫
Fora de casa, o Santos venceu o América-MG pelo @brfeminino! #ElasEmCampo
📷 Reinaldo Campos/Santos",,0,"07/24/2026 17:03",N/A,https://www.facebook.com/paulistaof/posts/pfbid022xQTbYLedwCgZp2EpkcFniQdXSVazJwGuvM24LSJKqWbCN8bqodamciUbD5a4zaRl,0,0,Fotos,,,,,Total,,3998,37,34,2,1,57,25,32,,,,,,,,,100082080567569,5458
1009674345111908,,"Paulistão F","AS ASSISTENTES DO PAULISTÃO F! 🤩
Essas três são as jogadoras que mais deram passes pra gol até agora no #PaulistãoFPetrobras! Será que o ranking muda? 👀 #Assistências #Sil",,0,"07/24/2026 10:32",N/A,https://www.facebook.com/paulistaof/posts/pfbid02bFFSkKvq5zp9wmm4zdtruSDijujHdVJ21HbEKuuPpS6WMCfBxHiuxydae8P6W8sLl,0,0,Fotos,,,,,Total,,6457,61,60,1,0,67,35,32,,,,,,,,,100082080567569,8384
1009554945123848,,"Paulistão F","CONFRONTOS DEFINIDOS!
Com direito a mais um #DueloPaulista, vem conferir quem são os adversários de Red Bull Bragantino, Ferroviária e São Paulo na Copa do Brasil Feminina.
#ElasEmCampo",,0,"07/24/2026 07:29",N/A,https://www.facebook.com/paulistaof/posts/pfbid0UiwrkGnaoiifWPXFP4YVKMrBLNXVSPnvzXD51fHEynFF7HHJLx8Di9N3mfzGfTL1l,0,0,Fotos,,,,,Total,,5951,101,85,7,9,191,119,72,,,,,,,,,100082080567569,8665
1009497125129630,,"Paulistão F","FPF renova parceria com a Petrobras, que agora dá nome ao Paulistão F e à Copinha F. Novo patrocínio válido até o fim de 2027 reforça investimentos em competições, formação de atletas e projetos de desenvolvimento da modalidade. Nada pode parar a energia delas!
#PaulistãoFPetrobras","FPF renova parceria com a Petrobras, que agora dá nome ao Paulistão F e à Copinha F. Novo patrocínio válido até o fim de 2027 reforça investimentos em competições, formação de atletas e projetos de desenvolvimento da modalidade. Nada pode parar a energia delas!
#PaulistãoFPetrobras",33,"07/24/2026 06:00",N/A,https://www.facebook.com/reel/1395752332448020/,1,0,Vídeos,,,,,Total,,3996,52,50,2,0,11,11,,,,,16858.316,4.267,0,0,0,100082080567569,4232
1009496838462992,,"Paulistão F","SEXTOU! 🤩
Santos e São Paulo jogam fora de casa no @brfeminino!
#ElasEmCampo",,0,"07/24/2026 06:00",N/A,https://www.facebook.com/paulistaof/posts/pfbid02LxTHD3c5rH5RAYvvXj34EZ4fhqfsBTSBPiu11h5h7BGDNFnZKLhoEhtLACio8VAJl,0,0,Fotos,,,,,Total,,9289,119,116,1,2,196,56,140,,,,,,,,,100082080567569,12947
1008309318581744,,"Paulistão F","RESOLVIDO NA SEGUNDA ETAPA!
As Bragantinas garantiram a vaga para as quartas de final da Copa do Brasil.
#ElasEmCampo
📷 Arthur Barreto/BFR",,0,"07/22/2026 17:36",N/A,https://www.facebook.com/paulistaof/posts/pfbid02ZFVCyVuj1otRWjCGDEXXrpbA89hVBoCqao4AW89B15fyuTuCZFJD1mSSic51kDtQl,0,0,Fotos,,,,,Total,,6269,39,34,3,2,61,28,33,,,,,,,,,100082080567569,8301
1008296888582987,,"Paulistão F","PARTIU PRÓXIMA FASE!
@asbragantinas venceram fora de casa e garantiram a vaga nas quartas de final da Copa do Brasil. 
#ElasEmCampo",,0,"07/22/2026 17:08",N/A,https://www.facebook.com/paulistaof/posts/pfbid0tiPkVhWD1192v7n7PnNXrAUhmTbxmhxViyG5a3iDXRQMFPamRhdmV8d6YBo9mPYvl,0,0,Fotos,,,,,Total,,1714,15,15,0,0,22,15,7,,,,,,,,,100082080567569,2306
1008074181938591,,"Paulistão F","HOJE TEM!
Vem conferir os jogos da sétima rodada do Paulista F Sub-20 😍
#PaulistaFSub20",,0,"07/22/2026 09:40",N/A,https://www.facebook.com/paulistaof/posts/pfbid0pQQmpZGz87MFiGdP6PJPXeoLRtgQtFaj8YK2ip6XTCeLeT23U99pyN2k9UNerkWhl,0,0,Fotos,,,,,Total,,8424,115,108,3,4,357,120,237,,,,,,,,,100082080567569,13218
1007930151952994,,"Paulistão F","VAMOS, BRAGANTINAS! 💪
Para o Massa Bruta, só a classificação para as quartas de final da @copadobrasil_fem importa!
#ElasEmCampo",,0,"07/22/2026 06:00",N/A,https://www.facebook.com/paulistaof/posts/pfbid0zTV23qSpXY3P5Lu6eidWAZhuKxEVztLcNbqaX7rPdLuRt2cpy23quB5TXfsoPddKl,0,0,Fotos,,,,,Total,,3560,27,24,1,2,50,27,23,,,,,,,,,100082080567569,4831
1007599335319409,,"Paulistão F","TRICOLOR NAS QUARTAS!
São Paulo vence o Vasco e avança de fase na Copa do Brasil Feminina.
#ElasEmCampo
📷Divulgação/Vasco",,0,"07/21/2026 19:50",N/A,https://www.facebook.com/paulistaof/posts/pfbid0JtemBBCahU3b3ty7AdyWQxEEuVng6hYPha7A8B3qDeBasegCR5kfHjKFCz4u1hSgl,0,0,Fotos,,,,,Total,,17683,834,786,29,19,244,128,116,,,,,,,,,100082080567569,25127
1007596918652984,,"Paulistão F","TRICOLOR CLASSIFICADO!
O São Paulo está nas quartas de final da Copa do Brasil Feminina!
#ElasEmCampo",,0,"07/21/2026 19:45",N/A,https://www.facebook.com/paulistaof/posts/pfbid02eWqbJA9ajgFn3eeaLzjj8SKWyEPnJmqb5KnuCq2zNTeuDvFQ2S9MTShsSu54KCUwl,0,0,Fotos,,,,,Total,,2570,84,75,6,3,52,36,16,,,,,,,,,100082080567569,3686
1007154272030582,,"Paulistão F","TRICOLOR EM BUSCA DA VAGA! 🇾🇪
O São Paulo joga fora de casa em busca da classificação na @copadobrasil_fem! 
#ElasEmCampo",,0,"07/21/2026 06:00",N/A,https://www.facebook.com/paulistaof/posts/pfbid0cYAjPLwHYGaL5KwB6cx5PwHig5DtThPAgfd1NEzmuCx6vNkuokPW48k4axCabSzyl,0,0,Fotos,,,,,Total,,9732,301,283,13,5,238,153,85,,,,,,,,,100082080567569,13297
1006754092070600,,"Paulistão F","VITÓRIA GRENÁ!
Com gol da Andressa, a Ferroviária vence o Corinthians e avança para as quartas de final da @copadobrasil_fem!
#ElasEmCampo
📷Rafael Zocco/Ferroviária",,0,"07/20/2026 18:06",N/A,https://www.facebook.com/paulistaof/posts/pfbid02U4Prak75Vy7TXPbQdVSiCcuBaqmKJNsozDizLmm1xFNStv6aoxZqecVGdTdhURBzl,0,0,Fotos,,,,,Total,,20482,482,379,96,7,648,465,183,,,,,,,,,100082080567569,30372
1006752938737382,,"Paulistão F","A FERROVIÁRIA ESTÁ NAS QUARTAS DE FINAL!
As Guerreiras Grenás garantiram a vaga na próxima fase da @copadobrasil_fem!
#ElasEmCampo",,0,"07/20/2026 18:04",N/A,https://www.facebook.com/paulistaof/posts/pfbid02R9SqwytdUGuq2r9bdUagwUF9hGiZbg15Ak6YrdBs1EniqRDDgiGfEb9Rs8jBg5uRl,0,0,Fotos,,,,,Total,,5892,128,78,50,0,282,247,35,,,,,,,,,100082080567569,8440
1006441928768483,,"Paulistão F","A AMIZADE É TUDO!
NADA EM TROCA DESTA UNIÃO PELO FUTEBOL DE MULHERES 💜
#DiaDoAmigo #FutebolPaulista",,0,"07/20/2026 08:00",N/A,https://www.facebook.com/paulistaof/posts/pfbid0zA1XNB3n9g7npdhh8KUBk5LRabT73vAjyVJUoCugyaGbX8L9y5XrWGaj5Hdva8vdl,0,0,Fotos,,,,,Total,,579,8,8,0,0,3,1,2,,,,,,,,,100082080567569,895
1006363425443000,,"Paulistão F","VALE VAGA!
Ferroviária e Corinthians vão com tudo em busca da classificação na Copa do Brasil. Quem vai levar a melhor?
#ElasEmCampo",,0,"07/20/2026 06:00",N/A,https://www.facebook.com/paulistaof/posts/pfbid0mjmZmaa7Z63UoySDPoB3jEb2HpUVjQWtFDTZzvXdAFDCG3NYu4ektdF38oafNN4Wl,0,0,Fotos,,,,,Total,,66501,1228,1108,93,27,3087,2053,1034,,,,,,,,,100082080567569,97644
1005815225497820,,"Paulistão F","NO PALCO DA DECISÃO!
A Rainha Marta está no MetLife Stadium para acompanhar de pertinho a final da Copa do Mundo 2026, disputada entre Espanha e Argentina.
#FutebolPaulista
📷Reprodução/Instagram",,0,"07/19/2026 12:33",N/A,https://www.facebook.com/paulistaof/posts/pfbid02tko21hZz9rRmyxizWT7RiuCZLNGidpLSTftJBhvxMUzKAcxFp1quLuTUpQrdz2Z8l,0,0,Fotos,,,,,Total,,6481,261,223,28,10,109,64,45,,,,,,,,,100082080567569,9371
1004963872249622,,"Paulistão F","100% ATUALIZADA!
Com a Ferroviária na liderança, é assim que ficou a classificação do Paulistão F após o término da quarta rodada!
#PaulistãoF2026",,0,"07/18/2026 09:13",N/A,https://www.facebook.com/paulistaof/posts/pfbid02kG9Xchbk7uzhcmADjoLF2LxUuAxMGTDYEXRvpPSB3WMpAHsHE7MA6DzQU9A82Ny7l,0,0,Fotos,,,,,Total,,6743,113,107,0,6,158,76,82,,,,,,,,,100082080567569,11056
1004960868916589,,"Paulistão F","FIM DE PAPO!
Se liga nos resultados da quarta rodada do Paulistão F!
#PaulistãoF2026",,0,"07/18/2026 09:07",N/A,https://www.facebook.com/paulistaof/posts/pfbid0fi5W2dukuyhWfTeH7i5xPWscCPtEsaeiUfbZ4o37r6dYf4KrfcjaTxMYiWPSa7isl,0,0,Fotos,,,,,Total,,13006,102,95,1,6,253,111,142,,,,,,,,,100082080567569,19924
1004951752250834,,"Paulistão F","É DO VERDÃO!
O Palmeiras fica com o troféu do Choque-Rainha!
#SuperclássicoF #PaulistãoF",,0,"07/18/2026 08:55",N/A,https://www.facebook.com/paulistaof/posts/pfbid027Fd6bGHT1sY3ZSkVaJ1NZmLTLSN7JHjXMG4VVzxQnJgUr94BnaNdYZbnzjjkF8Zjl,0,0,Fotos,,,,,Total,,45058,1790,1672,51,67,1304,749,555,,,,,,,,,100082080567569,66808
1004945098918166,,"Paulistão F","ILUMINADA!
Emily Assis saiu do banco de reserva para garantir a vitória do Palmeiras e, de quebra, vencer o prêmio de Craque do jogo do Choque-Rainha!
#PaulistãoF2026 
📷Rebeca Reis/Ag. Paulistão",,0,"07/18/2026 08:45",N/A,https://www.facebook.com/paulistaof/posts/pfbid0Nv9FcUpjZ24QM8FVwXrKfkffFjYpvtTdXoNLCQx4SEuZgKPcdW3XmkF6nLRCQ9Jzl,0,0,Fotos,,,,,Total,,2616,89,77,5,7,44,34,10,,,,,,,,,100082080567569,3637
1004937842252225,,"Paulistão F","VITÓRIA ALVIVERDE!
Emily Assis marca a garante a vitória do Palmeiras no Choque-Rainha!
#PaulistãoF2026 
📷Rebeca Reis/Ag. Paulistão",,0,"07/18/2026 08:33",N/A,https://www.facebook.com/paulistaof/posts/pfbid0Ty3WroPBbuLmFCWnba57umfadqjGhTTPAFGmynjVzSCx9YaZx576HMHWpZCNBZT3l,0,0,Fotos,,,,,Total,,50704,1983,1871,53,59,1175,351,824,,,,,,,,,100082080567569,70394
1004929348919741,,"Paulistão F","CONEXÃO ALVIVERDE!
Da Brena pra Emily. Da Emily pro gol!
#PaulistãoF #SuperclássicoF","CONEXÃO ALVIVERDE!
Da Brena pra Emily. Da Emily pro gol!
#PaulistãoF #SuperclássicoF",24,"07/18/2026 08:21",N/A,https://www.facebook.com/reel/27497851089872184/,0,0,Vídeos,,,,,Total,,15074,648,626,9,13,171,171,,,,,172389.313,10.27,0,0,0,100082080567569,19559
1004919372254072,,"Paulistão F","É DO PALMEIRAS!
Emily Assis entrou no segundo tempo e abriu o placar para as Palestrinas!
#SuperclássicoF #PaulistãoF","É DO PALMEIRAS!
Emily Assis entrou no segundo tempo e abriu o placar para as Palestrinas!
#SuperclássicoF #PaulistãoF",23,"07/18/2026 08:06",N/A,https://www.facebook.com/reel/1568507441403894/,1,0,Vídeos,,,,,Total,,78612,3195,3114,28,53,1277,1276,,1,,,1030757.154,12.485,0,0,0,100082080567569,106096
1004908458921830,,"Paulistão F","TEM ESTRELA 🌟⚽️
Emily Assis saiu do banco para colocar as Palestrinas na frente.
#PaulistãoF2026 #SuperclássicoF","TEM ESTRELA 🌟⚽️
Emily Assis saiu do banco para colocar as Palestrinas na frente.
#PaulistãoF2026 #SuperclássicoF",32,"07/18/2026 07:50",N/A,https://www.facebook.com/reel/1680028819888445/,1,0,Vídeos,,,,,Total,,6194,246,240,3,3,123,123,,,,,49980.152,8.291,0,0,0,100082080567569,6420
1004902288922447,,"Paulistão F","POR POUCO!
A Giovanna Campiolo | Futebol quase abriu o placar no primeiro tempo do Choque-Rainha, mas a trave não deixou!
#SuperclássicoF #PaulistãoF","POR POUCO!
A Giovanna Campiolo | Futebol quase abriu o placar no primeiro tempo do Choque-Rainha, mas a trave não deixou!
#SuperclássicoF #PaulistãoF",19,"07/18/2026 07:40",uploaded,https://www.facebook.com/reel/2132762130619710/,1,0,Vídeos,,,,,Total,,4235,46,45,0,1,36,36,,,,,39957.775,8.971,0,0,0,100082080567569,5301
1004898085589534,,"Paulistão F","OLÉ! 
A Glaucia Cristiano abriu a chapelaria no primeiro tempo do Choque-Rainha. 
#SuperclássicoF #PaulistãoF","OLÉ! 
A Glaucia Cristiano abriu a chapelaria no primeiro tempo do Choque-Rainha. 
#SuperclássicoF #PaulistãoF",20,"07/18/2026 07:33",N/A,https://www.facebook.com/reel/1025137377070310/,1,0,Vídeos,,,,,Total,,9714,110,106,1,3,165,164,,1,,,80702.342,8.757,0,0,0,100082080567569,11245
1004890915590251,,"Paulistão F","ZERADO!
O Choque-Rainha segue com o placar inalterado. 
#PaulistãoF2026 
📷Rebeca Reis/Ag. Paulistão",,0,"07/18/2026 07:22",N/A,https://www.facebook.com/paulistaof/posts/pfbid0AXKcZHX3BkoWzhJvQhJNXVvTMAk71TiuGfzgNn6bz8h9KD8PFPoe5jphHXFrezvAl,0,0,Fotos,,,,,Total,,4135,43,42,1,0,68,30,38,,,,,,,,,100082080567569,6068
1004848258927850,,"Paulistão F","AQUECIMENTO FINALISTA!
Bora pro #SuperclássicoF!
#PaulistãoF2026 
📷Rebeca Reis/Ag. Paulistão",,0,"07/18/2026 06:16",N/A,https://www.facebook.com/paulistaof/posts/pfbid02ACeS4eCWqghLhXdzww5kVfasimZP5HeYonL4Rofh5qP4epUfRWJf7fBLF22Ew9hNl,0,0,Fotos,,,,,Total,,1556,24,23,0,1,30,6,24,,,,,,,,,100082080567569,2137
1004838855595457,,"Paulistão F","TAÇA EM JOGO!
Quem vai levar o troféu do #SuperclássicoF no Choque-Rainha?
#PaulistãoF2026 
📷Rebeca Reis/Ag. Paulistão",,0,"07/18/2026 06:03",N/A,https://www.facebook.com/paulistaof/posts/pfbid026BGH1YL8v4Uhaee5KvQqy4mdrSJD3btSVeER5kCevbVzqNkpftdjHfAQfm8P3om5l,0,0,Fotos,,,,,Total,,1845,27,24,0,3,47,12,35,,,,,,,,,100082080567569,2723
1004826568930019,,"Paulistão F","SABADÃO DE #SUPERCLÁSSICOF!
É dia de Choque-Rainha no Paulistão F 2026!
#PaulistãoF2026
📷Rebeca Reis/Ag. Paulistão",,0,"07/18/2026 05:44",N/A,https://www.facebook.com/paulistaof/posts/pfbid0DM2ZP5sCoxMbQHUbrbEitvWL4QikysrRPg92N2Ue8tiEvzcBsa9MsmFrq5onA448l,0,0,Fotos,,,,,Total,,869,13,12,1,0,21,7,14,,,,,,,,,100082080567569,1292
1004764382269571,,"Paulistão F","PRA CIMA, TRICOLORES!
O @saopaulofc_fem quer manter o 100% de aproveitamento em #SuperclássicoF.
#PaulistãoF2026",,0,"07/18/2026 04:00",N/A,https://www.facebook.com/paulistaof/posts/pfbid02rUkzCg6Tkj87K79zdBsLGsoYk2ESzjYy9bypd1ETF1zorGfNcPX3nbbi1jKz3G6Pl,0,0,Fotos,,,,,Total,,6274,129,122,2,5,208,122,86,,,,,,,,,100082080567569,8864
1004731295606213,,"Paulistão F","AVANTI PALESTRINAS!
O @palmeirasfeminino vai em busca da primeira vitória em Superclássico no #PaulistãoF2026.",,0,"07/18/2026 03:00",N/A,https://www.facebook.com/paulistaof/posts/pfbid02zPsvwve6TaXk7D5AzmhqA67hYgKXVreXNH8c4jVwg7Bk96yra7nUecJLgeqRxBCwl,0,0,Fotos,,,,,Total,,35405,739,708,17,14,1321,761,560,,,,,,,,,100082080567569,53362
1004516682294341,,"Paulistão F","CHOQUE-RAINHA PRA COMEÇAR O FIM DE SEMANA!
Todos os caminhos nos levam ao Paulistão em mais um Superclássico F.
#PaulistãoF2026",,0,"07/17/2026 20:05",N/A,https://www.facebook.com/paulistaof/posts/pfbid0p9EKcPNK5jYMDn4chA4CUgLfx4d7nin1KwN9iwYgjJ4EJHJbCuPFLsio6iQ7sGPxl,0,0,Fotos,,,,,Total,,7466,173,167,2,4,232,103,129,,,,,,,,,100082080567569,10815
1004505265628816,,"Paulistão F","Confira os melhores momentos do jogo entre Santos e Taubaté.
#PaulistãoF2026 #Centauro","Confira os melhores momentos do jogo entre Santos e Taubaté.
#PaulistãoF2026 #Centauro",129,"07/17/2026 19:41",auto,https://www.facebook.com/reel/1050503484066762/,1,0,Vídeos,,,,,Total,,70404,1165,1098,58,9,2905,2905,,,,,2065418.005,28.05,0,0,0,100082080567569,79199
1004504228962253,,"Paulistão F","NOITE DOS MANDANTES!
Corinthians e Santos fizeram valer o fator casa nesta sexta-feira.
#PaulistãoF2026",,0,"07/17/2026 19:40",N/A,https://www.facebook.com/paulistaof/posts/pfbid0WBNBewCNS7e1BPAxzT6Q6ZrUgLre8azGq79upax1uDxbCrxGkdcNkCjELi9YeUtdl,0,0,Fotos,,,,,Total,,1700,19,19,0,0,11,4,7,,,,,,,,,100082080567569,2500
1004498575629485,,"Paulistão F","AVISA QUE É ELA!
Evelin deu uma assistência de respeito para o gol da vitória e não teve jeito, levou o troféu de Craque do Jogo para casa.
#PaulistãoF2026
📷 Anderson Romão/Ag. Paulistão",,0,"07/17/2026 19:30",N/A,https://www.facebook.com/paulistaof/posts/pfbid0XdZqoC6cD2P6PxwDmt3ps4TtffSHqBVbhqQdCYdub3VNUiA4BJMpCf2AgTRkNxKul,0,0,Fotos,,,,,Total,,757,14,13,1,0,7,7,,,,,,,,,,100082080567569,1064
1004493548963321,,"Paulistão F","100% ATUALIZADA!
Para encerrar a noite de #PaulistãoF2026, vem conferir a tabela de classificação. 👀💜",,0,"07/17/2026 19:21",N/A,https://www.facebook.com/paulistaof/posts/pfbid02srowoEKGFV9bHQMgawU9aJnx3aWYz8qe8aRzkt416ReDmd5U6XB5BRSUVY6VP6ynl,0,0,Fotos,,,,,Total,,7757,109,102,5,2,231,117,114,,,,,,,,,100082080567569,12623
1004490722296937,,"Paulistão F","GARANTIU OS TRÊS PONTOS!
As @sereiasdavilaoficial venceram pela primeira vez no Paulistão 2026 🤩
#PaulistãoF2026",,0,"07/17/2026 19:15",N/A,https://www.facebook.com/paulistaof/posts/pfbid02AhFxvWJNEWcNbsC4NbEJQ2sum1yc9nhEemor9yhZ1Xv5YyfAGEZPRcJkzDCkJiP7l,0,0,Fotos,,,,,Total,,1162,11,11,0,0,13,9,4,,,,,,,,,100082080567569,1683
1004465135632829,,"Paulistão F","QUE FOGUETE FOI ESSE?!
Rafa Andrade tá com a mira em dia, hein?
#PaulistãoF2026","QUE FOGUETE FOI ESSE?!
Rafa Andrade tá com a mira em dia, hein?
#PaulistãoF2026",23,"07/17/2026 18:22",N/A,https://www.facebook.com/reel/1303877544871273/,0,0,Vídeos,,,,,Total,,6220,54,54,0,0,51,51,,,,,59538.752,9.434,0,0,0,100082080567569,7189
1004456175633725,,"Paulistão F","Venha conferir os melhores momentos da vitória das Brabas. 
#PaulistãoF2026 #Centauro","Venha conferir os melhores momentos da vitória das Brabas. 
#PaulistãoF2026 #Centauro",102,"07/17/2026 18:04",auto,https://www.facebook.com/reel/1573262064184679/,1,0,Vídeos,,,,,Total,,65228,1451,1395,32,24,2342,2341,,1,,,1735605.049,26.54,0,0,0,100082080567569,70303
1004450518967624,,"Paulistão F","PARA SAIR NA FRENTE...
Rafa Andrade soltou o pé e marcou para as Sereias da Vila. Será que vem mais gol na segunda etapa?
#PaulistãoF2026
📷 Anderson Romão/Ag. Paulistão",,0,"07/17/2026 17:52",N/A,https://www.facebook.com/paulistaof/posts/pfbid02zGEY9josUYztgbHjUJSWgvag6bYX7zc2mAZGSs1ZVWzSGR4LgmsFeMqbtN5mxEZal,0,0,Fotos,,,,,Total,,2147,17,16,0,1,21,9,12,,,,,,,,,100082080567569,3071
1004437418968934,,"Paulistão F","PRIMEIRA VITÓRIA NO SUPERCLÁSSICOF!
Jhonson garante os primeiros três pontos em um SuperclássicoF no #PaulistãoF2026  🤩",,0,"07/17/2026 17:25",N/A,https://www.facebook.com/paulistaof/posts/pfbid02kmrRjptSdq8isSrJ4Q5c1ZSBCMwyKv57cfXPp1XnJFvrtebzZxEe5kKPRuEJ9x7zl,0,0,Fotos,,,,,Total,,123191,4318,4047,176,95,2880,1758,1122,,,,,,,,,100082080567569,180049
1004435075635835,,"Paulistão F","DONA DO JOGO!
Autora do gol que garantiu a vitória, Jhonson foi eleita a Craque do Jogo de hoje 🤩
#PaulistãoF2026
📷 Jhony Inácio/Ag. Paulistão",,0,"07/17/2026 17:20",N/A,https://www.facebook.com/paulistaof/posts/pfbid02PejXSJGgBmRUUMM7LPtUeCTfBd8DbKrgTLRCZ7FALiLk2vBECLcWpbrrE58GabiZl,0,0,Fotos,,,,,Total,,591,12,11,1,0,13,10,3,,,,,,,,,100082080567569,810
1004406788971997,,"Paulistão F","PARA FECHAR A SEMANA!
Santos e Taubaté fazem o último jogo desta sexta-feira. Quem vai levar a melhor? 👀
#PaulistãoF2026
📷 Anderson Romão/Ag. Paulistão",,0,"07/17/2026 16:18",N/A,https://www.facebook.com/paulistaof/posts/pfbid02TDgnR7rVcBx3mh49LMZAczhR13xAKCzcuX9MZwje6g912WTH2zeR3Kpz7gcSgr3bl,0,0,Fotos,,,,,Total,,1245,14,14,0,0,25,11,14,,,,,,,,,100082080567569,1751
1004399352306074,,"Paulistão F","FECHOU OS ESPAÇOS…
A JhonsonA05 pressionou a defesa e marcou o gol das Brabas já nos acréscimos.
#PaulistãoF2026 #SuperclássicoF","FECHOU OS ESPAÇOS…
A JhonsonA05 pressionou a defesa e marcou o gol das Brabas já nos acréscimos.
#PaulistãoF2026 #SuperclássicoF",29,"07/17/2026 16:02",N/A,https://www.facebook.com/reel/1536635194505743/,1,0,Vídeos,,,,,Total,,138971,2431,2318,78,35,1114,1114,,,,,1793027.646,12.624,0,0,0,100082080567569,165958
1004395935639749,,"Paulistão F","NO FINALZINHO...
Já nos acréscimos, Jhonson coloca as Brabas na frente no #SuperclássicoF.
#PaulistãoF2026
📷 Jhony Inácio/Ag. Paulistão",,0,"07/17/2026 15:54",N/A,https://www.facebook.com/paulistaof/posts/pfbid0LGGMogmBe68DjqbZ9MvmDmMDPayPxm2zgTzgrKqm6z313zGvUnhBiWubyvWEJxrTl,0,0,Fotos,,,,,Total,,3299,74,64,6,4,73,39,34,,,,,,,,,100082080567569,4822
1004364018976274,,"Paulistão F","TRAVA NA POSE!
Jogadores caríssimos esses dois, hein, Fiel? 😍😆
#PulistãoF2026 #SuperclássicoF
📷 Jhony Inacio/Ag. Paulistão",,0,"07/17/2026 14:45",N/A,https://www.facebook.com/paulistaof/posts/pfbid0NrKZDPQd4Uqev8LpkPt7vLG6kmPAsJceKzDVWVAgfzTPWtjpzXAvCijRuPv7XkkXl,0,0,Fotos,,,,,Total,,728,10,10,0,0,14,1,13,,,,,,,,,100082080567569,1051
1004361972309812,,"Paulistão F","PRESENÇA ILUSTRE!
@hopelingard e @jesselingard estão on demais no Superclássico F desta noite 🤩
#PaulistãoF2026 #SuperclássicoF","PRESENÇA ILUSTRE!
@hopelingard e @jesselingard estão on demais no Superclássico F desta noite 🤩
#PaulistãoF2026 #SuperclássicoF",21,"07/17/2026 14:41",N/A,https://www.facebook.com/reel/1011612274843076/,1,0,Vídeos,,,,,Total,,13532,840,824,6,10,239,239,,,,,112789.455,8.205,0,0,0,100082080567569,16399
1004354862310523,,"Paulistão F","JOGÃO CHEGANDO!
O sextou no Paulistão é diferente, com Corinthians e Ferroviária entrando em campo no #SuperclássicoF.
#PaulistãoF2026
📷 Jhony Inácio/Ag. Paulistão",,0,"07/17/2026 14:24",N/A,https://www.facebook.com/paulistaof/posts/pfbid0UGQgAG2T3uKtZiYmUbha3db2F7SsY8fecpWMW9DPibW4VRGZZ2aQoA42ALZR32GTl,0,0,Fotos,,,,,Total,,3907,60,57,2,1,117,48,69,,,,,,,,,100082080567569,5623
1004314205647922,,"Paulistão F","GUERREIRAS A TODO VAPOR!
Três jogos no Paulistão e três vitórias? Só as @grenasguerreiras 🔥
#PaulistãoF2026",,0,"07/17/2026 13:00",N/A,https://www.facebook.com/paulistaof/posts/pfbid02W685oz52SZEFJF4NiZsqis7cV1S1rP9ajgvDbqg4ZivivGmZ5Lotxt3vrxqdRbm3l,0,0,Fotos,,,,,Total,,10890,95,89,4,2,194,101,93,,,,,,,,,100082080567569,15699
1004249082321101,,"Paulistão F","PARA MANTER A LIDERANÇA!
As Guerreiras Grenás querem manter o 100% de aproveitamento no Paulistao em mais um #SuperclásssicoF.
#PaulistãoF2026",,0,"07/17/2026 11:00",N/A,https://www.facebook.com/paulistaof/posts/pfbid0384N3XYmj5td9dQ546Eu7wD9cWuBeh642x5RN44yPgX2xZred11FLFuNTh11Lie63l,0,0,Fotos,,,,,Total,,2457,50,46,2,2,74,36,38,,,,,,,,,100082080567569,3676
1004194398993236,,"Paulistão F","SEXTOU COM TUDO!
Com transmissão do canal do @paulistao no YouTube, Santos e Taubaté encerram a sexta-feira no Paulistão.
#PaulistãoF2026",,0,"07/17/2026 09:30",N/A,https://www.facebook.com/paulistaof/posts/pfbid0iDd2oMnR6t5YSjBtzkMxva5ThaYGH82MRxkc7GoKM9tAZGMFyg1D4whnKPo6Ugyl,0,0,Fotos,,,,,Total,,3014,24,23,1,0,34,6,28,,,,,,,,,100082080567569,4254
1004135808999095,,"Paulistão F","EM BUSCA DE MAIS UMA VITÓRIA!
As Brabas vão à campo de olho em mais três pontos no Paulistão.
#SuperclássicoF #PaulistãoF2026",,0,"07/17/2026 08:00",N/A,https://www.facebook.com/paulistaof/posts/pfbid02oBRWxqSR6CYg3HfmPrBR4XihDdmqWUjFyNThtMH6nhWL1CbyJuRAvrUxgAYbJFBhl,0,0,Fotos,,,,,Total,,5730,155,142,11,2,183,98,85,,,,,,,,,100082080567569,8116
1004055355673807,,"Paulistão F","COM DIREITO A SUPERCLÁSSICO F...
Vem conferir a dose dupla de jogos nesta sexta-feira 🥰
#PaulistãoF2026",,0,"07/17/2026 06:00",N/A,https://www.facebook.com/paulistaof/posts/pfbid0TKatZHWVAkb9h3Jktks4rFcboNZe4UrnpdLC6Wz7mWMrACbWCFwg83AK9TdpWNzvl,0,0,Fotos,,,,,Total,,19283,324,305,4,15,656,188,468,,,,,,,,,100082080567569,28358
1004036962342313,,"Paulistão F","CONFIRA COMIGO NO REPLAY!
O primeiro gol da história do Mirassol no futebol feminino!
#PaulistãoF2026","CONFIRA COMIGO NO REPLAY!
O primeiro gol da história do Mirassol no futebol feminino!
#PaulistãoF2026",98,"07/17/2026 05:32",auto,https://www.facebook.com/reel/1732820064582336/,0,0,Vídeos,,,,,Total,,1964,31,30,1,0,25,25,,,,,14974.787,7.405,0,0,0,100082080567569,2114
1003723615706981,,"Paulistão F","DUELO PESADO!
Mais um dia de Superclássico F, mais um dia de Corinthians e Ferroviária 🔥
#PaulistãoF2026",,0,"07/16/2026 20:05",N/A,https://www.facebook.com/paulistaof/posts/pfbid02SB5LPscgCbihcjhsVSSarEqVSLu8hu5XdPB53mGZVFJkUkapafJDyXM8TDRYEHA2l,0,0,Fotos,,,,,Total,,35397,680,630,37,13,925,444,481,,,,,,,,,100082080567569,50317
1003682245711118,,"Paulistão F","Confira os melhores momentos do empate em 1 a 1 entre Mirassol e Red Bull Bragantino.
#PaulistãoF2026 #MelhoresMomentos #Centauro","Confira os melhores momentos do empate em 1 a 1 entre Mirassol e Red Bull Bragantino.
#PaulistãoF2026 #MelhoresMomentos #Centauro",94,"07/16/2026 18:45",mixed,https://www.facebook.com/reel/1051680760717133/,0,0,Vídeos,,,,,Total,,1643,13,13,0,0,9,9,,,,,13414.404,8.1,0,0,0,100082080567569,1705
1003679649044711,,"Paulistão F","A quarta rodada do Paulistão F começou a a classificação ficou assim após o empate entre Mirassol e Red Bull Bragantino.
#PaulistãoF2026",,0,"07/16/2026 18:40",N/A,https://www.facebook.com/paulistaof/posts/pfbid0PLc5veF9fkRHCcp7Pq8inXcWrvJoVuXJ7L2dUFzAp12M68NSbg42PiArujDAe2iil,0,0,Fotos,,,,,Total,,8535,101,96,0,5,198,88,110,,,,,,,,,100082080567569,12973
1003672902378719,,"Paulistão F","CRAQUE DO JOGO!
Autora de um golaço, Julia Daltoé foi o destaque da partida entre Mirassol e Red Bull Bragantino.
#PaulistãoF2026 
📷José Luis Silva/Ag. Paulistão",,0,"07/16/2026 18:28",N/A,https://www.facebook.com/paulistaof/posts/pfbid0qvKnyhqZTfW9RgoihQcb7njk4oxCXUQVPAaTCMB5UteYzwEcjmsgcVG3p94Dwg3dl,0,0,Fotos,,,,,Total,,1372,15,14,0,1,19,12,7,,,,,,,,,100082080567569,1821
1003667292379280,,"Paulistão F","NA FALTA DE UMA, DUAS!
Não pode dar bobeira contra a @raissasilvar9 que ela solta a caneta pra cima da marcação!
#PaulistãoF2026","NA FALTA DE UMA, DUAS!
Não pode dar bobeira contra a @raissasilvar9 que ela solta a caneta pra cima da marcação!
#PaulistãoF2026",18,"07/16/2026 18:17",N/A,https://www.facebook.com/reel/1388346443213967/,0,0,Vídeos,,,,,Total,,5552,34,34,0,0,53,53,,,,,45634.656,8.399,0,0,0,100082080567569,6778
1003662315713111,,"Paulistão F","AVISA QUE É ELA!
@julia18 cravou seu nome na história do futebol feminino do Mirassol!
#PaulistãoF2026",,0,"07/16/2026 18:09",N/A,https://www.facebook.com/paulistaof/posts/pfbid06qvdzWQWzHq1RY1Pyv64eXCXH1QDs4D18yZ9cEQSPyeb9EebPjMVnHMZTiGntKn3l,0,0,Fotos,,,,,Total,,4588,50,48,1,1,144,103,41,,,,,,,,,100082080567569,6559
1003659242380085,,"Paulistão F","FIM DE PAPO!
Tudo igual para Mirassol e Red Bull Bragantino.
#PaulistãoF2026 
📷José Luis Silva/Ag. Paulistão",,0,"07/16/2026 18:03",N/A,https://www.facebook.com/paulistaof/posts/pfbid02mJm15BUfN2wf2Ca9av14We9iJCuPWFtuFbC2bn87pbMvznQCpLih8HimejTBEUnal,0,0,Fotos,,,,,Total,,1648,20,19,0,1,30,9,21,,,,,,,,,100082080567569,2349
1003654222380587,,"Paulistão F","MAIS DO QUE ESPECIAL!
Saiu o primeiro gol do Mirassol no futebol feminino! Um senhor GO-LA-ÇO da @julia18 para igualar o marcador!
#PaulistãoF2026","MAIS DO QUE ESPECIAL!
Saiu o primeiro gol do Mirassol no futebol feminino! Um senhor GO-LA-ÇO da @julia18 para igualar o marcador!
#PaulistãoF2026",28,"07/16/2026 17:53",N/A,https://www.facebook.com/reel/27026507117027616/,0,0,Vídeos,,,,,Total,,8779,128,120,7,1,118,118,,,,,85866.543,9.893,0,0,0,100082080567569,9932
1003653645713978,,"Paulistão F","TÁ NA REDE!
A Rafa Mineira mandou um chutaço da entrada da área e colocou o Red Bull na frente do marcador.
#PaulistãoF2026","TÁ NA REDE!
A Rafa Mineira mandou um chutaço da entrada da área e colocou o Red Bull na frente do marcador.
#PaulistãoF2026",24,"07/16/2026 17:52",N/A,https://www.facebook.com/reel/1053855117149152/,0,0,Vídeos,,,,,Total,,1446,21,20,1,0,10,10,,,,,10170.84,6.952,0,0,0,100082080567569,1650
956924190386924,100082080567569,"Paulistão F","Vem ver os melhores momentos da vitória de 1 a 0 do Red Bull Bragantino para cima do São Paulo!
#PaulistãoF #MelhoresMomentos #Centauro","Vem ver os melhores momentos da vitória de 1 a 0 do Red Bull Bragantino para cima do São Paulo!
#PaulistãoF #MelhoresMomentos #Centauro",127,"05/21/2026 19:40",N/A,https://www.facebook.com/reel/2077075006207209/,1,0,Vídeos,,,,,Total,,42898,723,712,9,2,330,330,,,,,1497637.248,35.597,0,0,0,,47273,,,,,
1003584225720920,100082080567569,"Paulistão F","O PAULISTÃO F TÁ NA ÁREA!
Bora começar os trabalhos da quarta rodada com Mirassol e Red Bull Bragantino!
#PaulistãoF2026
📷José Luis Silva/Ag. Paulistão",,0,"07/16/2026 15:35",N/A,https://www.facebook.com/paulistaof/posts/pfbid02X34BMvhfQo6WL2c4oFdwmhwccebJ6nJefw57rqXHFiCeks1JT65TsAHYvpP99zdzl,0,0,Fotos,,,,,Total,,362,6,5,0,1,6,1,5,,,,,,,,,,548,,,,,
1002713419141334,100082080567569,"Paulistão F","OLHA QUEM VOLTOUUUUUUUU!
A QUARTA RODADA DO PAULISTÃO VAI MOVIMENTAR A SEMANA 🔥
#PaulistãoF2026",,0,"07/15/2026 14:00",N/A,https://www.facebook.com/paulistaof/posts/pfbid0mjmZmaa7Z8C4ydB5pavZhujoht5gF4YE37h5Fwo4prH3sn984Ne8369k6bbu7MQRl,0,0,Fotos,,,,,Total,,24388,343,322,2,19,739,254,485,,,,,,,,,,36283,,,,,
1002331049179571,100082080567569,"Paulistão F","FELIZ DIA NACIONAL DOS CLUBES! 💜
Hoje é dia de celebrar quem faz o futebol acontecer!
#FutebolPaulista #DiaNacionalDosClubes",,0,"07/15/2026 04:00",N/A,https://www.facebook.com/paulistaof/posts/pfbid0sPcpPDveMjQPANS3VE5EqrRHit2xUPzmHHqp5g1NgWCpZtcwcDiknrkY9QTbCLo8l,0,0,Fotos,,,,,Total,,14416,278,253,12,13,369,208,161,,,,,,,,,,21355,,,,,
1001803029232373,100082080567569,"Paulistão F","MAIS DUAS RODADA!
A quinta e a sexta rodadas do #PaulistãoF foram definidas. Confira as datas e horários.",,0,"07/14/2026 11:11",N/A,https://www.facebook.com/paulistaof/posts/pfbid02mNULeqVu656S8AViMBVujyAQfQdaedXrNAB2Vp8U6DqLMEXKy8ksHb5qZEAMLXE7l,0,0,Fotos,,,,,Total,,14526,171,151,1,19,997,184,813,,,,,,,,,,22053,,,,,
1001567652589244,100082080567569,"Paulistão F","PARA COMEÇAR BEM A SEMANA!
A sexta rodada do #PaulistaFSub20 chegou com tudo 🤩",,0,"07/14/2026 05:00",N/A,https://www.facebook.com/paulistaof/posts/pfbid0VukPuxGbgDoXQPZDYzXbRLffpLgXZiAEfQxSUkG6bMwURj9fC4kzxppWqNaoBZ75l,0,0,Fotos,,,,,Total,,13780,187,170,4,13,507,229,278,,,,,,,,,,19929,,,,,
1000792206000122,100082080567569,"Paulistão F","DON'T STOP ME NOW!
Neste #DiaMundialDoRock, conta pra adm qual é o clássico do Rock que é a trilha sonora da temporada do seu time do coração.
#FutebolPaulista",,0,"07/13/2026 05:00",N/A,https://www.facebook.com/paulistaof/posts/pfbid0kBtXinRbW96dkbuLaQxYYmkiWcKzH3hjcKMJXNV6aGPN7FeVRy9hRbcyUCPqeVGDl,0,0,Fotos,,,,,Total,,608,6,6,0,0,3,1,2,,,,,,,,,,848,,,,,
1000420609370615,100082080567569,"Paulistão F","100% ATUALIZADA!
Agora com todo mundo com a mesma quantidade de jogos, se liga como está a a classificação do Paulistão F 2026!
#PaulistãoF2026",,0,"07/12/2026 16:58",N/A,https://www.facebook.com/paulistaof/posts/pfbid02oogSctNVUNQkUXTE1rt4WGWkRja2PiHDbdHKxfLnjErBwiSKe7EqKUEaBbmuYE4zl,0,0,Fotos,,,,,Total,,22836,285,267,4,14,633,366,267,,,,,,,,,,34640,,,,,
1000419042704105,100082080567569,"Paulistão F","É ELA!
Autora dos dois gols da virada do São Paulo, Crivelari foi a Craque do Jogo!
#PaulistãoF2026 
📷Ronaldo Barreto/Ag. Paulistão",,0,"07/12/2026 16:55",N/A,https://www.facebook.com/paulistaof/posts/pfbid0Muc8RrHXwvvbDSQkdURpbPwaekEEZVPgFWRkGFLXrXFQFoDnkVyJU22eWt1rLsf6l,0,0,Fotos,,,,,Total,,9748,607,569,27,11,207,146,61,,,,,,,,,,13326,,,,,
1000411809371495,100082080567569,"Paulistão F","VIRADA TRICOLOR!
Com dois de Crivelari, São Paulo vira pra cima do Taubaté e encerra a segunda rodada com mais três pontos na conta!
#PaulistãoF2026 
📷Ronaldo Barreto/Ag. Paulistão",,0,"07/12/2026 16:36",N/A,https://www.facebook.com/paulistaof/posts/pfbid0Agc3XkJywLtUWCSqj5cFACr2Syw4v8DcR1ArprNGMDmHuTXBj6D8yHz6YZVS8ebgl,0,0,Fotos,,,,,Total,,7845,317,305,5,7,188,47,141,,,,,,,,,,11458,,,,,
1000405212705488,100082080567569,"Paulistão F","OLHA A VIRADA!
Giovanna Crivelari balança a rede mais uma vez e coloca o São Paulo na frente do marcador!
#PaulistãoF2026","OLHA A VIRADA!
Giovanna Crivelari balança a rede mais uma vez e coloca o São Paulo na frente do marcador!
#PaulistãoF2026",38,"07/12/2026 16:20",N/A,https://www.facebook.com/reel/2099341837665498/,0,0,Vídeos,,,,,Total,,32369,1708,1644,34,30,777,777,,,,,381652.98,12.403,0,0,0,,33042,,,,,
1000398162706193,100082080567569,"Paulistão F","CRIVELARI!
A camisa 19 do São Paulo aparece livre de marcação e deixa tudo igual contra o Taubaté!
#PaulistãoF2026","CRIVELARI!
A camisa 19 do São Paulo aparece livre de marcação e deixa tudo igual contra o Taubaté!
#PaulistãoF2026",23,"07/12/2026 16:04",N/A,https://www.facebook.com/reel/1185286377116803/,0,0,Vídeos,,,,,Total,,14644,588,580,2,6,133,133,,,,,168112.484,11.408,0,0,0,,18513,,,,,
1000386266040716,100082080567569,"Paulistão F","POR POUCO!
A Kakau chegou mais uma vez, mas agora, Carlinha e a trave impediram o gol.
#PaulistãoF2026","POR POUCO!
A Kakau chegou mais uma vez, mas agora, Carlinha e a trave impediram o gol.
#PaulistãoF2026",28,"07/12/2026 15:35",N/A,https://www.facebook.com/reel/1341186714265165/,0,0,Vídeos,,,,,Total,,22331,211,199,10,2,333,333,,,,,324521.026,14.394,0,0,0,,28075,,,,,
1000382539374422,100082080567569,"Paulistão F","VISITANTES NA FRENTE!
Taubaté vai para o intervalo com a vantagem no marcador.
#PaulistãoF2026 
📷Ronaldo Barreto/Ag. Paulistão",,0,"07/12/2026 15:27",N/A,https://www.facebook.com/paulistaof/posts/pfbid0224kQxuzMMYAzwyCdzuYjqy7SseHVXspaswr9G5NECfmjivJR7uPtLktr898ZMV5Yl,0,0,Fotos,,,,,Total,,6895,43,37,2,4,74,44,30,,,,,,,,,,9369,,,,,
1000369052709104,100082080567569,"Paulistão F","KAKAU!
A camisa 9 do Taubaté abriu os trabalhos em grande estilo!
#PaulistãoF2026","KAKAU!
A camisa 9 do Taubaté abriu os trabalhos em grande estilo!
#PaulistãoF2026",38,"07/12/2026 14:54",N/A,https://www.facebook.com/reel/1717148346377652/,0,0,Vídeos,,,,,Total,,7009,84,81,0,3,146,146,,,,,62577.835,9.176,0,0,0,,7218,,,,,
1000354192710590,100082080567569,"Paulistão F","AQUECIMENTO FINALIZADO!
Bora pro jogo!
#PaulistãoF2026 
📷Ronaldo Barreto/Ag. Paulistão",,0,"07/12/2026 14:21",N/A,https://www.facebook.com/paulistaof/posts/pfbid0a7qJUv6tav6m6FFKBLrc1TUPCqYD64jcYPXTYKaBSrZ9pBycZynAGL9u7gkC9PKDl,0,0,Fotos,,,,,Total,,1827,29,29,0,0,36,5,31,,,,,,,,,,2482,,,,,
1000345959378080,100082080567569,"Paulistão F","ESTAMOS DE VOLTA!
Pode chegar que o Paulistão F 2026 tá na área para o encerramento da segunda rodada!
#PaulistãoF2026
📷Ronaldo Barreto/Ag. Paulistão",,0,"07/12/2026 14:03",N/A,https://www.facebook.com/paulistaof/posts/pfbid0a5YHSfFd6ApiiX4fUKUK5WGYAQwGmsbT8r2QP3ByA3TqHpkVsfkPaSfVemVoE62Yl,0,0,Fotos,,,,,Total,,6809,55,53,1,1,161,44,117,,,,,,,,,,9237,,,,,
1000139322732077,100082080567569,"Paulistão F","DIA DE JOGO!
São Paulo e Taubaté encerram a segunda rodada do Paulistão F 2026!
#PaulistãoF2026",,0,"07/12/2026 08:00",N/A,https://www.facebook.com/paulistaof/posts/pfbid0F6V3Sbew71n1A6L1wnSC5TmET397dXGScACtNsrmBTS3kq1auEmb2ys1nDVWvub2l,0,0,Fotos,,,,,Total,,2104,24,23,0,1,29,17,12,,,,,,,,,,2844,,,,,
997100613035948,100082080567569,"Paulistão F","MAIS UMA!
Bora curtir o feriado com mais uma rodada do #PaulistaFSub20.",,0,"07/08/2026 09:39",N/A,https://www.facebook.com/paulistaof/posts/pfbid0BNgh28JGecfRndBGMioRWoT8ZwiWp2JqQQvhciLLDhQp9EzXEriYqX1U6owp54gCl,0,0,Fotos,,,,,Total,,17872,198,180,8,10,614,258,356,,,,,,,,,,25755,,,,,
996324556446887,100082080567569,"Paulistão F","PARABÉNS, PROFESSORA!
Campeã do Paulistão 2025, @rosanafut_oficial completa 44 anos nesta terça-feira (7) 🎂🥳
#Aniversário
📷 Rebeca Reis/Ag. Paulistão",,0,"07/07/2026 11:21",N/A,https://www.facebook.com/paulistaof/posts/pfbid087kXLGy4jCSCZrwQdZevuGLEMSufiUEhoi816VhzCCankWLCpHd5u6gr9xRwk6Akl,0,0,Fotos,,,,,Total,,10398,561,539,17,5,110,68,42,,,,,,,,,,13701,,,,,
996078953138114,100082080567569,"Paulistão F","VOU TE MOSTRAR QUE É DE CHOCOLATE!
A adm já está pensando no retorno do Paulistão F e quer saber de vocês: qual o chocolate mais marcante que seu time já aplicou?
#DiaMundialDoChocolate",,0,"07/07/2026 06:00",N/A,https://www.facebook.com/paulistaof/posts/pfbid0qnTkrM8tTc65MUxi6fBpofoEtX1ZRQMkKqcEK7FV8HLajcY8KpWruiKLRb2NvVPDl,0,0,Fotos,,,,,Total,,560,11,7,1,3,3,2,1,,,,,,,,,,808,,,,,
995515203194489,100082080567569,"Paulistão F","CLASSIFICAÇÃO DO TRICOLOR!
As artilheiras da tarde passando para avisar que o @saopaulofc_fem classificou!
#ElasEmCampo
📷 Divulgação/São Paulo",,0,"07/06/2026 13:37",N/A,https://www.facebook.com/paulistaof/posts/pfbid02LjtscyT6vdJvuhSGuz4ErQWa9yrWBpTMuGHq1riYHfoDkDApFPKFHmP9hptRCMHQl,0,0,Fotos,,,,,Total,,76559,4675,4432,141,102,1399,724,675,,,,,,,,,,107894,,,,,
995494969863179,100082080567569,"Paulistão F","TRICOLOR NA PRÓXIMA VAGA!
Fora de casa, o São Paulo vence e garante vaga nas oitavas de final da @copadobrasil_fem.
#ElasEmCampo",,0,"07/06/2026 12:58",N/A,https://www.facebook.com/paulistaof/posts/pfbid0NRCfjYBMhHDMETdvFv7mbFMgAZhptdg1JHGXtw6By2BKciXzQ1Lc28XchsFDDidyl,0,0,Fotos,,,,,Total,,5128,277,257,8,12,149,117,32,,,,,,,,,,7206,,,,,
995358986543444,100082080567569,"Paulistão F","HOJE TEM DUELO PAULISTA NA COPA DO BRASIL!
Quem vai avançar para a próxima fase: Mauaense ou São Paulo?
#ElasEmCampo",,0,"07/06/2026 09:19",N/A,https://www.facebook.com/paulistaof/posts/pfbid02xXsPvFZtTtwNu35gXQXH8ecWPDhRTGzR7uF6exYFawYRBfTbXut6PN3w7bYB4EaVl,0,0,Fotos,,,,,Total,,9102,165,150,6,9,337,204,133,,1,,,,,,,,13519,,,,,
994675209945155,100082080567569,"Paulistão F","QUINTA RODADA! ✅
#PaulistaFSub15",,0,"07/05/2026 14:52",N/A,https://www.facebook.com/paulistaof/posts/pfbid0cNZM8kADgUdRMgUGV4Qf7hv4AYYzzr8U5emkhjVBPs8wFEZ2GE9Fx2AnXNsCC6XEl,0,0,Fotos,,,,,Total,,5463,36,33,0,3,70,26,44,,,,,,,,,,7621,,,,,
993327686746574,100082080567569,"Paulistão F","PARA AGITAR O FIM DE SEMANA!
Mais uma rodada do #PaulistaFSub15 chegando 🥰",,0,"07/04/2026 02:00",N/A,https://www.facebook.com/paulistaof/posts/pfbid02zejMaFeLsvfgukbRs254vMYSKKPbXzNCBGBtrZRtvGPnf8UF4qy4AmfNbtK26NJXl,0,0,Fotos,,,,,Total,,10212,78,75,0,3,206,70,136,,,,,,,,,,14224,,,,,
990035280409148,100082080567569,"Paulistão F","MAIS UMA VINDO AÍ!
A terceira rodada do Paulista F Sub-20 chegou para agitar a semana 🤩
#PaulistaFSub20",,0,"06/30/2026 06:00",N/A,https://www.facebook.com/paulistaof/posts/pfbid0Cpn1nBSjVTMebvWivPEUJG1WSXmmcgM4GvXC9T5pQMB7wDoBncSnZuotKPAeDbdrl,0,0,Fotos,,,,,Total,,12375,78,73,2,3,255,108,147,,,,,,,,,,17039,,,,,
988647360547940,100082080567569,"Paulistão F","Se liga nos resultados da quarta rodada do Paulista F Sub-15!
#PaulistaFSub15",,0,"06/28/2026 14:08",N/A,https://www.facebook.com/paulistaof/posts/pfbid02Af5HGTCsfdCcLfqE2JYGc1b3j2d1QwhBEg6wFa1X9bihvVCAPLe3yr76M32KcdZol,0,0,Fotos,,,,,Total,,7991,72,70,1,1,82,22,60,,,,,,,,,,11456,,,,,
987363917342951,100082080567569,"Paulistão F","MAIS UMA VINDO AÍ!
A quarta rodada do Paulista F Sub-15 chegou com tudo 🤩
#PaulistaFSub15",,0,"06/27/2026 02:00",N/A,https://www.facebook.com/paulistaof/posts/pfbid02gyuNmerLuBGqoCJzhE1bYn1KuVrrVhrknzzymA4q3oBBdNm4X9j332DVzetdQLzfl,0,0,Fotos,,,,,Total,,11155,79,76,0,3,191,54,137,,,,,,,,,,15214,,,,,
985203384225671,100082080567569,"Paulistão F","UNIÃO COM A TORCIDA E LEGADO!
Cris Gambaré falou do que espera nesse período pré Copa do Mundo e a memória que o Mundial vai deixar no futebol feminino brasileiro 🤩
#ElasEmCampo #SeleçãoBrasileira",,0,"06/24/2026 11:00",N/A,https://www.facebook.com/paulistaof/posts/pfbid0y6rNzgPzGKFbwjtAxdHSFH2DKVn4aLnn1v9PQZiPCW4BZaR3GHGVDwS45qSiLDFsl,0,0,Fotos,,,,,Total,,1090,15,15,0,0,16,5,11,,,,,,,,,,1507,,,,,
985128147566528,100082080567569,"Paulistão F","UM SONHO QUE NÃO SONHAMOS...
Mas que vai se tornar realidade, né, Kin?! 🥹
#ElasEmCampo #SeleçãoBrasileira",,0,"06/24/2026 09:00",N/A,https://www.facebook.com/paulistaof/posts/pfbid0jNpVjS8jNqHE2q5eYEvxsuqT1PDru1vmRinZSP2p256sjEAq2tu99f2MVL8Z8js1l,0,0,Fotos,,,,,Total,,987,13,11,2,0,7,4,3,,,,,,,,,,1304,,,,,
984971177582225,100082080567569,"Paulistão F","CONTAGEM REGRESSIVA!
TODO MUNDO NO CLIMA DA COPA DO MUNDO DE 2027 NO BRASIL 🤩
#SeleçãoBrasileira #CopaDoMundoFeminina","CONTAGEM REGRESSIVA!
TODO MUNDO NO CLIMA DA COPA DO MUNDO DE 2027 NO BRASIL 🤩
#SeleçãoBrasileira #CopaDoMundoFeminina",88,"06/24/2026 05:00",auto,https://www.facebook.com/reel/1037950595354662/,0,0,Vídeos,,,,,Total,,3515,73,60,3,10,10,10,,,,,16805.007,4.679,0,0,0,,3739,,,,,
984677824278227,100082080567569,"Paulistão F","ANOTA NA AGENDA!
FALTA EXATAMENTE UM ANO PARA A COPA DO MUNDO FEMININA EM 2027 🤩🥳
#ElasEmCampo #CopaDoMundoFeminina",,0,"06/23/2026 20:05",N/A,https://www.facebook.com/paulistaof/posts/pfbid0tmZSbaPfvYkoUcP5hTZUnGa9B4337fQXTB74mHTJ6CFTDTfBqxSYm8uBLAjiRxH4l,0,0,Fotos,,,,,Total,,3423,199,125,60,14,97,79,18,,,,,,,,,,5011,,,,,
978749244871085,100082080567569,"Paulistão F","VAI COMEÇAR O PAULISTA F SUB-20!
Vem conferir os confrontos da primeira rodada!
#PaulistaFSub20",,0,"06/16/2026 14:00",N/A,https://www.facebook.com/paulistaof/posts/pfbid0J4i2gyERJgm6FCcAESf3TCbuDqLz5Ypz6fRcx5NSYwEHoaZ6FuKLJ9aP8jcaY8VYl,0,0,Fotos,,,,,Total,,36150,307,283,8,16,882,364,518,,,,,,,,,,50864,,,,,
978653214880688,100082080567569,"Paulistão F","COM DIREITO A MAIS UM CLÁSSICO...
Vem conferir como ficaram os confrontos das oitavas de final da @copadobrasil_fem 🔥
#ElasEmCampo",,0,"06/16/2026 11:05",N/A,https://www.facebook.com/paulistaof/posts/pfbid0nE47v53jzvwwTnybJpgf8jthsu5EhekyJzjHfASTGvAiFVKqyh8XT878ehWLihoXl,0,0,Fotos,,,,,Total,,8042,134,122,6,6,283,161,122,,,,,,,,,,11811,,,,,
977084458370897,100082080567569,"Paulistão F","Chegou a hora de ver como terminaram as partidas da terceira rodada do Paulista F Sub-15!
#PaulistaFSub15",,0,"06/14/2026 13:59",N/A,https://www.facebook.com/paulistaof/posts/pfbid02i34Vhus2wnSiwK91PPdbuSjeUqLNiqA1qsgaj3vP5u6zJw2PgDa3ERdgV4cnvJ59l,0,0,Fotos,,,,,Total,,35915,139,134,1,4,492,174,318,,,,,,,,,,51671,,,,,
975893281823348,100082080567569,"Paulistão F","BORA PARA A TERCEIRA RODADA!
Fim de semana com sete jogos do Paulista F Sub-15!
#PaulistaFSub15",,0,"06/13/2026 05:00",N/A,https://www.facebook.com/paulistaof/posts/pfbid02P6qwf7tV6obAZ4UVq62VirD7X7q1YLv3hKoxC2FHckGLYoipmDX6kMid9rxRgTuSl,0,0,Fotos,,,,,Total,,26252,156,149,1,6,523,216,307,,,,,,,,,,35298,,,,,
974440735301936,100082080567569,"Paulistão F","FALA, DIANY! 🎙️
Do Palmeiras Feminino para a FPF Academia 🏆 A Diany Martins | Atleta conta pra gente sobre a experiência e os objetivos que deseja ter com o aprendizado conquistado no Curso Gestão de Futebol Feminino ⚽ 💡

#FPFAcademia #Curso #Gestão #FutebolFeminino #Futebol","FALA, DIANY! 🎙️
Do Palmeiras Feminino para a FPF Academia 🏆 A Diany Martins | Atleta conta pra gente sobre a experiência e os objetivos que deseja ter com o aprendizado conquistado no Curso Gestão de Futebol Feminino ⚽ 💡

#FPFAcademia #Curso #Gestão #FutebolFeminino #Futebol",63,"06/11/2026 10:07",N/A,https://www.facebook.com/reel/1003897855421862/,1,0,Vídeos,,,,,Total,,4827,26,26,0,0,8,8,,,,,13112.458,2.574,0,0,0,,5273,,,,,
973630435382966,100082080567569,"Paulistão F","A QUARTA RODADA DO PAULISTÃO VEM AÍ!
Confira datas, horários e transmissões!
#PaulistãoF",,0,"06/10/2026 11:14",N/A,https://www.facebook.com/paulistaof/posts/pfbid02WTRFTWF5UQgEUd27RBcjxj4ztFjCvSi5oezhoC7DB3fJV2sq9zuFiMvgDZGGqEjrl,0,0,Fotos,,,,,Total,,46670,380,358,7,15,1266,538,728,,,,,,,,,,67886,,,,,
973029095443100,100082080567569,"Paulistão F","Em último jogo da Data Fifa, a Seleção Feminina é superada pelos Estados Unidos.
#ElasEmCampo
📷 Kely Pereira/Staff Images/CBF",,0,"06/09/2026 20:30",N/A,https://www.facebook.com/paulistaof/posts/pfbid0p3fH63sojSqhpqtzytSawu9GztoHjQMtP3dse2y9nYrPBg8EtKhNmi2GCAnh1ePsl,0,0,Fotos,,,,,Total,,15384,149,113,31,5,276,159,117,,,,,,,,,,21437,,,,,
972992535446756,100082080567569,"Paulistão F","PAREDÃO QUE FALA!
O que foi essa sequência da Lorena?!!! 
#SeleçãoFeminina 
🎥 @tvglobo","PAREDÃO QUE FALA!
O que foi essa sequência da Lorena?!!! 
#SeleçãoFeminina 
🎥 @tvglobo",18,"06/09/2026 19:25",N/A,https://www.facebook.com/reel/1299809108990900/,1,0,Vídeos,,,,,Total,,167881,4748,4491,150,107,1963,1963,,,,,2603349.926,15.708,0,0,0,,264840,,,,,
972754675470542,100082080567569,"Paulistão F","PRESENTE ESPECIAL! 🦁💛
Rafaela Esteves, executiva de futebol do @mirassolfcfeminino, presenteou Cris Gambaré, coordenadora da Seleção Feminina, e a Rainha Marta com uma camisa do Leão!
#ElasEmCampo
📷 Ana Goulart/Agência Mirassol",,0,"06/09/2026 11:56",N/A,https://www.facebook.com/paulistaof/posts/pfbid02DHrooz5aTVX9bJURxp3rS4tNZ5jdBbsko9j5qG3rpiPHJE2aR33UovnoMQymNoFol,0,0,Fotos,,,,,Total,,4356,88,85,2,1,80,24,56,,,,,,,,,,5822,,,,,
972440248835318,100082080567569,"Paulistão F","MAIS UM DAS MULHERES DESTE SOLO!
Já vencemos o primeiro, agora é manter 100% contra os Estados Unidos 🤩
#SeleçãoFeminina",,0,"06/09/2026 04:00",N/A,https://www.facebook.com/paulistaof/posts/pfbid02zhMQCMQ311s7Hw6f6jQMp2MnZUxdhWDeSd19fui6mS4qYH8LhM7M3ZvvhXHKVkAXl,0,0,Fotos,,,,,Total,,10653,322,276,26,20,313,195,118,,,,,,,,,,14936,,,,,
971151408964202,100082080567569,"Paulistão F","OLHA ELA AÍ!
Se liga como ficou a classificação do Paulistão F após o fim de mais uma rodada!
#PaulistãoF2026",,0,"06/07/2026 13:19",N/A,https://www.facebook.com/paulistaof/posts/pfbid02Wd8zXYR26hk9FJau7ijDZZw5JLam69Ks4oY79kV7AKi2oYpGuLpqMtdvxdz4qjdwl,0,0,Fotos,,,,,Total,,43603,376,354,10,12,1463,913,550,,,,,,,,,,66303,,,,,
971147368964606,100082080567569,"Paulistão F","É ELA! 
Kakau foi escolhida pela galera de casa como a #CraqueDoJogo de Taubaté e Mirassol!
#PaulistãoF2026 
📷Anderson Romão/Ag. Paulistão",,0,"06/07/2026 13:10",N/A,https://www.facebook.com/paulistaof/posts/pfbid02PMhNHStjX8o6AfYDRf7mkbXMeMJgWhDn6LGndqxcUvhpUBzMn3TLuximpLmESNGul,0,0,Fotos,,,,,Total,,2304,28,25,3,0,25,17,8,,,,,,,,,,3016,,,,,
971144602298216,100082080567569,"Paulistão F","VITÓRIA TAUBATEANA!
O Taubaté faz o dever de casa e soma três pontos no Paulistão F 2026!
#PaulistãoF2026
📷Anderson Romão/Ag. Paulistão",,0,"06/07/2026 13:05",N/A,https://www.facebook.com/paulistaof/posts/pfbid0Vz1TH6Luj3u1kbnr6qzmDbibascvEsuYxCTNsEtNfWXjYBAyrTkiEEUmQJAVWnVbl,0,0,Fotos,,,,,Total,,5931,60,55,3,2,55,16,39,,,,,,,,,,7626,,,,,
971120402300636,100082080567569,"Paulistão F","QUE GO-LA-ÇO!
A @andressa_soares1995 soltou o pé da entrada da área e não deu caches pra goleira do Mirassol!
#PaulistãoF2026","QUE GO-LA-ÇO!
A @andressa_soares1995 soltou o pé da entrada da área e não deu caches pra goleira do Mirassol!
#PaulistãoF2026",25,"06/07/2026 12:19",uploaded,https://www.facebook.com/reel/1681611196320367/,1,0,Vídeos,,,,,Total,,6007,77,74,2,1,37,37,,,,,37005.735,6.374,0,0,0,,6277,,,,,
971118365634173,100082080567569,"Paulistão F","TÁ NA REDE!
Kakau tira da goleira do Mirassol e marca o primeiro do Taubaté!
#PaulistãoF2026","TÁ NA REDE!
Kakau tira da goleira do Mirassol e marca o primeiro do Taubaté!
#PaulistãoF2026",30,"06/07/2026 12:16",uploaded,https://www.facebook.com/reel/2390510391431890/,1,0,Vídeos,,,,,Total,,5843,60,57,1,2,34,34,,,,,46378.293,8.021,0,0,0,,6322,,,,,
971110918968251,100082080567569,"Paulistão F","VANTAGEM DA CASA!
O Taubaté vai para o intervalo na frente do placar!
#PaulistãoF2026 
📷Anderson Romão/Ag. Paulistão",,0,"06/07/2026 12:03",N/A,https://www.facebook.com/paulistaof/posts/pfbid0xB1ehzxCRBNUDfuDuhMpYsnJcBPyr77W1pRpqQFfL5czMAfUvLrExNUQAGyHnhzRl,0,0,Fotos,,,,,Total,,3428,25,25,0,0,27,10,17,,,,,,,,,,4680,,,,,
971065128972830,100082080567569,"Paulistão F","AQUECIMENTO FINALIZADO!
Bora pro jogo!
#PaulistãoF2026 
📷Anderson Romão/Ag. Paulistão",,0,"06/07/2026 10:47",N/A,https://www.facebook.com/paulistaof/posts/pfbid0JarHn9BKNhymoipvJ114jLx1YCxkYMPnjhasX8uuSTfmBwkbnMiCboXuMiLL9eB9l,0,0,Fotos,,,,,Total,,2484,36,35,1,0,38,13,25,,,,,,,,,,3254,,,,,
971048372307839,100082080567569,"Paulistão F","TIMES NA ÁREA!
Taubaté e Mirassol já estão no Joaquinzão para mais uma rodada do Paulistão F 2026!
#PaulistãoF2026 
📷Anderson Romão/Ag. Paulistão",,0,"06/07/2026 10:20",N/A,https://www.facebook.com/paulistaof/posts/pfbid02vgWtd2fRsmh3A42jMbCeJkcoxwDLGRFVu5ukWhfztNm5oof8XAQ81k6NPRTBcbail,0,0,Fotos,,,,,Total,,1643,15,15,0,0,24,9,15,,,,,,,,,,2187,,,,,
970967988982544,100082080567569,"Paulistão F","DOMINGO DE PAULISTÃO F!
Pode chegar, meu povo! É dia de jogo por aqui! Logo mais tem Taubaté e Mirassol em campo pela terceira rodada!
#PaulistãoF2026
📷Anderson Romão/Ag. Paulistão",,0,"06/07/2026 08:22",N/A,https://www.facebook.com/paulistaof/posts/pfbid02DsVm9eBGEaiaEVALYfWV7YDnvBcEKxyC1HU2kcdBmvmePFQwCZsGX9pddGLFjYBPl,0,0,Fotos,,,,,Total,,1029,12,11,1,0,17,8,9,,,,,,,,,,1391,,,,,
970869835659026,100082080567569,"Paulistão F","PARA FECHAR A 3ª RODADA!
Taubaté e Mirassol duelam em busca dos três pontos no Paulistão!
#PaulistãoF",,0,"06/07/2026 06:00",N/A,https://www.facebook.com/paulistaof/posts/pfbid0X9pxZiPrQJaTJAujS5BeDf8gzwP6jmCHtL8h5GgbsRZgJtGeQ3fCJ4zw46q4EBYml,0,0,Fotos,,,,,Total,,9380,68,65,2,1,136,56,80,,,,,,,,,,12736,,,,,
970397765706233,100082080567569,"Paulistão F","FESTA EM VERDE E AMARELO! 🇧🇷
Dupla do Palmeiras brilha e Brasil vence os Estados Unidos de virada na Neo Química Arena!
#ElasEmCampo
📷Mariana Sá/COB",,0,"06/06/2026 16:43",N/A,https://www.facebook.com/paulistaof/posts/pfbid02NQsc7i1sUjEGRmDRBFjxmAegu963qnq4jBDWGSHeTYkkMMRGoU8kz5Yx9zhjhC3Fl,0,0,Fotos,,,,,Total,,75079,2714,2493,113,108,1312,672,640,,,,,,,,,,101304,,,,,
970343209045022,100082080567569,"Paulistão F","VIRA, VIROUUUUUUUUUU!
O SEGUNDO GOL DAS MULHERES DESTE SOLO JÁ SAIU! É DA @biazaneratto ⚽️⚽️
#SeleçãoFeminina","VIRA, VIROUUUUUUUUUU!
O SEGUNDO GOL DAS MULHERES DESTE SOLO JÁ SAIU! É DA @biazaneratto ⚽️⚽️
#SeleçãoFeminina",32,"06/06/2026 14:55",N/A,https://www.facebook.com/reel/2277385863069688/,1,0,Vídeos,,,,,Total,,26573,1345,1265,38,42,746,746,,,,,210290.961,8.442,0,0,0,,26686,,,,,
970341779045165,100082080567569,"Paulistão F","TUDO IGUAL POR AQUI!
A @tainajose08 SUBIU SOZINHA PARA EMPATAR O JOGO ⚽️🔥
#SeleçãoFeminina","TUDO IGUAL POR AQUI!
A @tainajose08 SUBIU SOZINHA PARA EMPATAR O JOGO ⚽️🔥
#SeleçãoFeminina",39,"06/06/2026 14:52",N/A,https://www.facebook.com/reel/2478537862576593/,1,0,Vídeos,,,,,Total,,20604,772,749,14,9,473,472,,1,,,221565.779,11.417,0,0,0,,21827,,,,,
970329819046361,100082080567569,"Paulistão F","UM OI ESPECIAL! 🤙😙
#SeleçãoFeminina","UM OI ESPECIAL! 🤙😙
#SeleçãoFeminina",6,"06/06/2026 14:27",mixed,https://www.facebook.com/reel/1504746121124152/,1,0,Vídeos,,,,,Total,,4924,75,71,1,3,26,26,,,,,16006.23,3.265,0,0,0,,6522,,,,,
970328819046461,100082080567569,"Paulistão F","ALERTA DE SURTO DA ADM! 
A rainha @martavsilva10 tá na área 👑⚽️
#SeleçãoFeminina","ALERTA DE SURTO DA ADM! 
A rainha @martavsilva10 tá na área 👑⚽️
#SeleçãoFeminina",11,"06/06/2026 14:25",N/A,https://www.facebook.com/reel/2472378833226890/,1,0,Vídeos,,,,,Total,,25979,815,610,201,4,687,687,,,,,173398.982,7.008,0,0,0,,33113,,,,,
969920709087272,100082080567569,"Paulistão F","DIA DE JOGÃO! 🇧🇷
Diretamente da Neo Química Arena, a @selecaofemininadefutebol entra em campo diante dos Estados Unidos.
#SeleçãoBrasileira",,0,"06/06/2026 04:00",N/A,https://www.facebook.com/paulistaof/posts/pfbid02issuFjsPmNXcWD3jpkJZU5wBe1xhQ3rBynQTRSV8FTcsWtLdSaR7NBeJvyB8cXRxl,0,0,Fotos,,,,,Total,,38354,815,733,61,21,1439,881,558,,,,,,,,,,53480,,,,,
966652829414060,100082080567569,"Paulistão F","DIA DA IMPERATRIZ!
Bicampeã do Paulistão F e uma das maiores jogadoras do Brasil, Sissi completa 59 anos nesta terça-feira! Parabéns, lenda 🤩
#Aniversário",,0,"06/02/2026 10:49",N/A,https://www.facebook.com/paulistaof/posts/pfbid02pBxe9TychNdDqgFmYDbtFvBnbLQRiAZGBmgHMnp77MuHeJNTyAermZsdx9UD4Kn9l,0,0,Fotos,,,,,Total,,96760,4008,3465,482,61,2013,1396,617,,1,,,,,,,,137911,,,,,
965033882909288,100082080567569,"Paulistão F","100% PREMIADAS! 
Que o sonho continue vivo! Viva o Festival Feminino 🌟🥰
#FestivalFemininoSub12","100% PREMIADAS! 
Que o sonho continue vivo! Viva o Festival Feminino 🌟🥰
#FestivalFemininoSub12",76,"05/31/2026 15:05",N/A,https://www.facebook.com/reel/1045585481467614/,1,0,Vídeos,,,,,Total,,1534,25,25,0,0,3,3,,,,,7107.241,4.884,0,0,0,,1510,,,,,
965022302910446,100082080567569,"Paulistão F","@s.e_lemensefutebolfeminino comemorando mais um Festival Feminino Sub-12! 🌟😮‍💨
#FestivalFemininoSub12","@s.e_lemensefutebolfeminino comemorando mais um Festival Feminino Sub-12! 🌟😮‍💨
#FestivalFemininoSub12",16,"05/31/2026 14:42",N/A,https://www.facebook.com/reel/978396851625941/,1,0,Vídeos,,,,,Total,,2525,33,32,0,1,10,10,,,,,13149.314,5.253,0,0,0,,2798,,,,,
965019126244097,100082080567569,"Paulistão F","ACONTECEU ALGUMA COISA AÍ? 🥴
Ufa, é só o peso da medalha do Festival Feminino Sub-12!
#FestivalFemininoSub12","ACONTECEU ALGUMA COISA AÍ? 🥴
Ufa, é só o peso da medalha do Festival Feminino Sub-12!
#FestivalFemininoSub12",12,"05/31/2026 14:35",N/A,https://www.facebook.com/reel/1882748212390747/,1,0,Vídeos,,,,,Total,,1355,21,21,0,0,7,7,,,,,6998.583,5.305,0,0,0,,1557,,,,,
965014889577854,100082080567569,"Paulistão F","🫶? 🧤!
#FestivalFemininoSub12","🫶? 🧤!
#FestivalFemininoSub12",14,"05/31/2026 14:27",uploaded,https://www.facebook.com/reel/1022223393574949/,1,0,Vídeos,,,,,Total,,607,11,11,0,0,0,,,,,,2009.273,3.24,0,0,0,,692,,,,,
965009952911681,100082080567569,"Paulistão F","VOCÊS VIRAM A BOMBA? 💣 NÃO? 😱
As atletas do @sesisp.futebolfeminino foram premiadas no Festival Feminino Sub-12!
#FestivalFemininoSub12","VOCÊS VIRAM A BOMBA? 💣 NÃO? 😱
As atletas do @sesisp.futebolfeminino foram premiadas no Festival Feminino Sub-12!
#FestivalFemininoSub12",8,"05/31/2026 14:17",N/A,https://www.facebook.com/reel/1632641034492510/,1,0,Vídeos,,,,,Total,,1073,10,10,0,0,10,10,,,,,4757.065,4.437,0,0,0,,1349,,,,,
964999416246068,100082080567569,"Paulistão F","Cuidado com o que você deseja… você pode acabar jogando o Festival Feminino! 👀
#FestivalFemininoSub12","Cuidado com o que você deseja… você pode acabar jogando o Festival Feminino! 👀
#FestivalFemininoSub12",46,"05/31/2026 13:56",uploaded,https://www.facebook.com/reel/1708970436901098/,1,0,Vídeos,,,,,Total,,479,14,14,0,0,2,2,,,,,1391.222,2.972,0,0,0,,485,,,,,
964988319580511,100082080567569,"Paulistão F","PODE VIR QUALQUER CAMISA… 🩵
O resto vocês completam junto com o Fanaticão e a @womensocceracademy! 
#FestivalFemininoSub12","PODE VIR QUALQUER CAMISA… 🩵
O resto vocês completam junto com o Fanaticão e a @womensocceracademy! 
#FestivalFemininoSub12",27,"05/31/2026 13:36",N/A,https://www.facebook.com/reel/981747108058084/,1,0,Vídeos,,,,,Total,,354,9,8,0,1,2,2,,,,,1238.112,3.401,0,0,0,,382,,,,,
964987129580630,100082080567569,"Paulistão F","PONTO FINAL!
Hora de conferir os resultados do Festival Paulista Feminino Sub-12 deste domingo!
#FestivalPaulistaFemininoSub12",,0,"05/31/2026 13:34",N/A,https://www.facebook.com/paulistaof/posts/pfbid09q8dghmyYdgy3USBMwp8QJDsmBvnwYT61ZEVmturMBXpYa4GXuDph7df1TUuD6pGl,0,0,Fotos,,,,,Total,,3061,19,18,0,1,99,19,80,,,,,,,,,,4193,,,,,
964974009581942,100082080567569,"Paulistão F","EM GRANDE ESTILO!
Realidade Jovem faz o dever de casa, volta a vencer o  Criciúma e segue vivo na luta pelo acesso!
#ElasEmCampo
📷Fabrício Almeida/Realidade Jovem",,0,"05/31/2026 13:11",N/A,https://www.facebook.com/paulistaof/posts/pfbid02kUhxe1Ppt7KFyaVMMxdfNNyoet3m9PTKPb7B2FrDHThRUNEUAczE82cW8T16wrrml,0,0,Fotos,,,,,Total,,4893,35,33,0,2,50,16,34,,,,,,,,,,6296,,,,,
964972506248759,100082080567569,"Paulistão F","FANATICÃO & LEMENSE! 
Go crazy, @s.e_lemensefutebolfeminino 🤪
#FestivalFemininoSub12","FANATICÃO & LEMENSE! 
Go crazy, @s.e_lemensefutebolfeminino 🤪
#FestivalFemininoSub12",19,"05/31/2026 13:09",uploaded,https://www.facebook.com/reel/2033093457296771/,1,0,Vídeos,,,,,Total,,557,13,13,0,0,5,5,,,,,2046.115,3.761,0,0,0,,590,,,,,
964970852915591,100082080567569,"Paulistão F","TÁ NAS QUARTAS!
O Realidade Jovem avança de fase no Brasileiro Feminkno A3!
#ElasEmCampo",,0,"05/31/2026 13:06",N/A,https://www.facebook.com/paulistaof/posts/pfbid02hX2csQx7V5Si39kSk5bytj8bBn2jhB6AS18p3cKJAgyqTcRP1cxUT8VQs8Mt5vrPl,0,0,Fotos,,,,,Total,,4443,40,39,0,1,73,42,31,,,,,,,,,,5894,,,,,
964901092922567,100082080567569,"Paulistão F","ELENCO 🤝 TORCIDA 
A comemoração pós vitória da @acaff.abc com as famílias que vieram assistir ao Festival! 
#FestivalFemininoSub12","ELENCO 🤝 TORCIDA 
A comemoração pós vitória da @acaff.abc com as famílias que vieram assistir ao Festival! 
#FestivalFemininoSub12",11,"05/31/2026 11:14",N/A,https://www.facebook.com/reel/1310888957828970/,1,0,Vídeos,,,,,Total,,1877,12,12,0,0,20,20,,,,,8410.302,4.605,0,0,0,,2138,,,,,
964767089602634,100082080567569,"Paulistão F","VEM COM AS MENINAS DA @acaff.abc! 😮‍💨
De São Bernardo do Campo a Matão arrasando no futebol e na dança!
#FestivalFemininoSub12","VEM COM AS MENINAS DA @acaff.abc! 😮‍💨
De São Bernardo do Campo a Matão arrasando no futebol e na dança!
#FestivalFemininoSub12",10,"05/31/2026 08:02",uploaded,https://www.facebook.com/reel/1981867072699225/,1,0,Vídeos,,,,,Total,,662,8,8,0,0,7,6,,1,,,2058.563,3.171,0,0,0,,718,,,,,
964763812936295,100082080567569,"Paulistão F","ELAS PEDEM, A ADM GRAVA! 👀
Quem aí também tá precisando de uma aula de trends e dancinhas? 🤣
#FestivalFemininoSub12","ELAS PEDEM, A ADM GRAVA! 👀
Quem aí também tá precisando de uma aula de trends e dancinhas? 🤣
#FestivalFemininoSub12",13,"05/31/2026 07:57",uploaded,https://www.facebook.com/reel/1651031919537261/,1,0,Vídeos,,,,,Total,,5666,49,48,1,0,7,7,,,,,27627.682,4.974,0,0,0,,6559,,,,,
964752059604137,100082080567569,"Paulistão F","ISSO É FESTIVAL FEMININO! 🥰🌟
#FestivalFemininoSub12","ISSO É FESTIVAL FEMININO! 🥰🌟
#FestivalFemininoSub12",13,"05/31/2026 07:40",N/A,https://www.facebook.com/reel/1252308280086903/,1,0,Vídeos,,,,,Total,,5468,47,47,0,0,12,12,,,,,20785.946,3.859,0,0,0,,5949,,,,,
964744299604913,100082080567569,"Paulistão F","HOJE É COM ELAS!
O Festival Paulista Feminino Sub-12 tá na área!
#FestivalPaulistaFemininoSub12
📷Celio Messias/Ag. Paulistão",,0,"05/31/2026 07:30",N/A,https://www.facebook.com/paulistaof/posts/pfbid0DzABXzUaTLBPR8ysvVpHLVvaV5n7Fx4DgiyRtBJYM3b6jMj3oftx2C9qf1nLKtvxl,0,0,Fotos,,,,,Total,,2527,51,51,0,0,59,13,46,,,,,,,,,,3432,,,,,
964716202941056,100082080567569,"Paulistão F","TEM QUE TER FRIEZA! 🥶
Ana Laura, camisa 8 da @womensocceracademy, converteu o pênalti e garantiu a virada das Blues! 🩵
#FestivalFemininoSub12","TEM QUE TER FRIEZA! 🥶
Ana Laura, camisa 8 da @womensocceracademy, converteu o pênalti e garantiu a virada das Blues! 🩵
#FestivalFemininoSub12",31,"05/31/2026 06:50",N/A,https://www.facebook.com/reel/4422335421384999/,1,0,Vídeos,,,,,Total,,5886,52,52,0,0,20,19,,1,,,36426.659,6.312,0,0,0,,6251,,,,,
964684912944185,100082080567569,"Paulistão F","FESTIVAL COM ELAS! 🌟
O Festival Feminino Sub-12 é bom, mas em boa companhia é muito mais legal!
#FestivalFemininoSub12 #Lalaland","FESTIVAL COM ELAS! 🌟
O Festival Feminino Sub-12 é bom, mas em boa companhia é muito mais legal!
#FestivalFemininoSub12 #Lalaland",14,"05/31/2026 06:04",N/A,https://www.facebook.com/reel/958066627043606/,1,0,Vídeos,,,,,Total,,5447,27,27,0,0,5,5,,,,,18407.599,3.441,0,0,0,,5947,,,,,
964681712944505,100082080567569,"Paulistão F","NO PRIMEIRO JOGO, DEU REALIDADE JOVEM!
Agora é hora de buscar a classificação em casa no @brfeminino A3!
#ElasEmCampo",,0,"05/31/2026 06:00",N/A,https://www.facebook.com/paulistaof/posts/pfbid0HJv2Bhao2iL4oCmNXvu6KGh2zhDF3VsnAkdN36G5SNAchfZLLiWLYa4g2qnBySsKl,0,0,Fotos,,,,,Total,,3764,26,24,2,0,44,26,18,,,,,,,,,,4943,,,,,
964654292947247,100082080567569,"Paulistão F","@rbecfeminino MANDANDO O PASSINHO! 💃
As coreografias começaram cedo por aqui!
#FestivalFemininoSub12","@rbecfeminino MANDANDO O PASSINHO! 💃
As coreografias começaram cedo por aqui!
#FestivalFemininoSub12",13,"05/31/2026 05:20",uploaded,https://www.facebook.com/reel/838492398900510/,1,0,Vídeos,,,,,Total,,5829,56,55,1,0,12,12,,,,,21238.229,3.664,0,0,0,,6494,,,,,
964624586283551,100082080567569,"Paulistão F","BORA PARA O SEGUNDO DIA! ☀️
Bom dia para quem tá preparado para o Festival Feminino Sub-12! 
#FestivalFemininoSub12","BORA PARA O SEGUNDO DIA! ☀️
Bom dia para quem tá preparado para o Festival Feminino Sub-12! 
#FestivalFemininoSub12",30,"05/31/2026 04:34",N/A,https://www.facebook.com/reel/1775661203400962/,1,0,Vídeos,,,,,Total,,5961,51,50,0,1,9,9,,,,,26261.339,4.508,0,0,0,,6231,,,,,
964566066289403,100082080567569,"Paulistão F","DE 👀 NA AGENDA!
Esses são os jogos que vão agitar o #FestivalPaulistaFemininoSub12 neste domingo.",,0,"05/31/2026 03:00",N/A,https://www.facebook.com/paulistaof/posts/pfbid02MJL8KAcAehjTSBWKvjjV4aZvH94Gn3kErJQhgYb6Q4enzzKvyGoAWpwBW57cXcPEl,0,0,Fotos,,,,,Total,,1085,12,12,0,0,31,10,21,,,,,,,,,,1403,,,,,
964160756329934,100082080567569,"Paulistão F","“𝘼 𝙜𝙚𝙣𝙩𝙚 𝙛𝙚𝙯 𝙪𝙢𝙖 𝙘𝙤𝙧𝙚𝙤𝙜𝙧𝙖𝙛𝙞𝙖 𝙙𝙤 𝙈𝙞𝙘𝙝𝙖𝙚𝙡 𝙅𝙖𝙘𝙠𝙨𝙤𝙣!” 🕺
Além de jogar futebol, as meninas da @ajvvpaiao_ também montam passos de dança!
#FestivalFemininoSub14","“𝘼 𝙜𝙚𝙣𝙩𝙚 𝙛𝙚𝙯 𝙪𝙢𝙖 𝙘𝙤𝙧𝙚𝙤𝙜𝙧𝙖𝙛𝙞𝙖 𝙙𝙤 𝙈𝙞𝙘𝙝𝙖𝙚𝙡 𝙅𝙖𝙘𝙠𝙨𝙤𝙣!” 🕺
Além de jogar futebol, as meninas da @ajvvpaiao_ também montam passos de dança!
#FestivalFemininoSub14",10,"05/30/2026 15:05",N/A,https://www.facebook.com/reel/1308825284552929/,1,0,Vídeos,,,,,Total,,826,14,14,0,0,3,3,,,,,2863.295,3.412,0,0,0,,934,,,,,
964152282997448,100082080567569,"Paulistão F","TOTALMENTE PREMIADAS! 🏅
Fim do primeiro dia de Festival Feminino em Matão!
#FestivalFemininoSub14","TOTALMENTE PREMIADAS! 🏅
Fim do primeiro dia de Festival Feminino em Matão!
#FestivalFemininoSub14",118,"05/30/2026 14:46",N/A,https://www.facebook.com/reel/1013255204388169/,1,0,Vídeos,,,,,Total,,657,15,15,0,0,8,8,,,,,3565.125,5.493,0,0,0,,672,,,,,
964139799665363,100082080567569,"Paulistão F","Com o Corinthians garantido na próxima fase da Copa do Brasil Feminina, esse foi o sábado das equipes do #FutebolPaulista.
#ElasEmCampo",,0,"05/30/2026 14:20",N/A,https://www.facebook.com/paulistaof/posts/pfbid02KibQkvdUpbvuAMrGmvVxetB7SHBHJBsjX8Ux3SFHtFZru5TdYBsFERGJSDAnEns2l,0,0,Fotos,,,,,Total,,7967,73,68,3,2,147,76,71,,1,,,,,,,,11060,,,,,
964139599665383,100082080567569,"Paulistão F","SÓ LOVE COM O FANATICÃO! 🥰
#FestivalFemininoSub14","SÓ LOVE COM O FANATICÃO! 🥰
#FestivalFemininoSub14",14,"05/30/2026 14:20",uploaded,https://www.facebook.com/reel/1018380357368329/,1,0,Vídeos,,,,,Total,,374,10,10,0,0,0,,,,,,933.727,2.593,0,0,0,,393,,,,,
964137086332301,100082080567569,"Paulistão F","Quem falar que as meninas da @ajvvpaiao_ não tem molejo, tá mentindo! 💃
#FestivalFemininoSub14","Quem falar que as meninas da @ajvvpaiao_ não tem molejo, tá mentindo! 💃
#FestivalFemininoSub14",11,"05/30/2026 14:15",uploaded,https://www.facebook.com/reel/990501633843161/,1,0,Vídeos,,,,,Total,,1016,18,17,1,0,7,7,,,,,3735.2,3.819,0,0,0,,1128,,,,,
964131969666146,100082080567569,"Paulistão F","CONVOCAÇÃO DA SELEÇÃO BRASILEIRA (OU QUASE ISSO 🤣)
O time da @ajvvpaiao_ no Festival Feminino Sub-14 é nível Seleção Brasileira! 😮‍💨
#FestivalFemininoSub14 #SeleçãoBrasileira #Convocação #Neymar","CONVOCAÇÃO DA SELEÇÃO BRASILEIRA (OU QUASE ISSO 🤣)
O time da @ajvvpaiao_ no Festival Feminino Sub-14 é nível Seleção Brasileira! 😮‍💨
#FestivalFemininoSub14 #SeleçãoBrasileira #Convocação #Neymar",36,"05/30/2026 14:05",uploaded,https://www.facebook.com/reel/961518820209739/,1,0,Vídeos,,,,,Total,,776,12,12,0,0,12,12,,,,,4574.539,5.964,0,0,0,,810,,,,,
964129329666410,100082080567569,"Paulistão F","Hora de conferir os resultados da segunda rodada do Paulista F Sub-15!
#PaulistaFSub15",,0,"05/30/2026 14:00",N/A,https://www.facebook.com/paulistaof/posts/pfbid02JQDrEbEziGxuyp7HzB56xmk9pnbuoQkS1KV5VyPBjBpDMwpg2FcRPpmQS7KQwLjl,0,0,Fotos,,,,,Total,,5580,31,29,0,2,76,22,54,,,,,,,,,,7778,,,,,
964127716333238,100082080567569,"Paulistão F","Ponto final no sábado de Festival Paulista Feminino Sub-14!
#FestivalPaulistaFemininoSub14",,0,"05/30/2026 13:57",N/A,https://www.facebook.com/paulistaof/posts/pfbid0H4HEtYSzdKHGzGwunVbenyu4ELK78ASZZ4UBtFi2L8aSh19Fe1DxXfdQHqqSyRxhl,0,0,Fotos,,,,,Total,,1873,16,16,0,0,70,11,59,,,,,,,,,,2547,,,,,
964057603006916,100082080567569,"Paulistão F","OLHA O FESTIVAL PAULISTA FEMININO SUB-14 AÍ!
#FestivalPaulistaFeminino
📷Celio Messias/Ag. Paulistão",,0,"05/30/2026 11:54",N/A,https://www.facebook.com/paulistaof/posts/pfbid0YKD9km4oCyGMvSSJiwuUzQYMJ6dNqM4g9j26KSyqBkTKiG7KnqXyCQeHjfxXYtcil,0,0,Fotos,,,,,Total,,1424,25,23,0,2,22,5,17,,,,,,,,,,1881,,,,,
964005583012118,100082080567569,"Paulistão F","ONDINHA 🌊 PALMA 👏 ONDINHA 🌊 PALMA 👏
Toma essa aula de coreografia da @acaff.abc! 
#FestivalFemininoSub14","ONDINHA 🌊 PALMA 👏 ONDINHA 🌊 PALMA 👏
Toma essa aula de coreografia da @acaff.abc! 
#FestivalFemininoSub14",27,"05/30/2026 10:32",N/A,https://www.facebook.com/reel/996508483348034/,1,0,Vídeos,,,,,Total,,1345,15,14,0,1,6,5,,1,,,5158.824,3.98,0,0,0,,1358,,,,,
963970853015591,100082080567569,"Paulistão F","VITÓRIA E CLASSIFICAÇÃO!
Corinthians leva a melhor no Derby e avança de fase da Copa do Brasil Feminina!
#ElasEmCampo
📷Divulgação/Corinthians",,0,"05/30/2026 09:41",N/A,https://www.facebook.com/paulistaof/posts/pfbid02Hv5bQyMANSPs329RvDw4hDQyyF9HryoHhACXmtNgQoaNxdcUUnzf6XsAEYu9rSd2l,0,0,Fotos,,,,,Total,,140802,7185,6521,404,260,3559,2031,1528,,1,,,,,,,,195457,,,,,
963969689682374,100082080567569,"Paulistão F","Tá acompanhando os vídeos do Festival Feminino Sub-14 e ainda não aprendeu a fazer o passinho do Jamal? Tá dormindo! 👀
#FestivalFemininoSub14","Tá acompanhando os vídeos do Festival Feminino Sub-14 e ainda não aprendeu a fazer o passinho do Jamal? Tá dormindo! 👀
#FestivalFemininoSub14",11,"05/30/2026 09:39",uploaded,https://www.facebook.com/reel/1523249809148776/,1,0,Vídeos,,,,,Total,,5774,44,44,0,0,12,12,,,,,27402.573,4.683,0,0,0,,6973,,,,,
963944989684844,100082080567569,"Paulistão F","AS BRABAS AVANÇAM!
O Corinthians está garantido nas oitavas de final da Copa do Brasil Feminina!
#ElasEmCampo",,0,"05/30/2026 09:04",N/A,https://www.facebook.com/paulistaof/posts/pfbid0zWsMUtCjU56rxp75JDCCZuMT232cRGDDpxXdFCdnBkiAyr4TY8WLNyxQbi9Gi5qJl,0,0,Fotos,,,,,Total,,44494,2057,1921,72,64,1332,855,477,,,,,,,,,,61037,,,,,
963900883022588,100082080567569,"Paulistão F","@s.e_lemensefutebolfeminino dando aula de passinho 😮‍💨🕺
#FestivalFemininoSub14","@s.e_lemensefutebolfeminino dando aula de passinho 😮‍💨🕺
#FestivalFemininoSub14",12,"05/30/2026 08:02",N/A,https://www.facebook.com/reel/1724357785269968/,1,0,Vídeos,,,,,Total,,6263,64,62,1,1,27,27,,,,,25258.335,4.043,0,0,0,,7126,,,,,
963877536358256,100082080567569,"Paulistão F","Desculpa, professora, daqui não dá pra te ouvir! 😙✌️
#FestivalFemininoSub14","Desculpa, professora, daqui não dá pra te ouvir! 😙✌️
#FestivalFemininoSub14",12,"05/30/2026 07:29",N/A,https://www.facebook.com/reel/2182049902631736/,1,0,Vídeos,,,,,Total,,5437,41,41,0,0,9,9,,,,,18725.515,3.387,0,0,0,,6081,,,,,
963830436362966,100082080567569,"Paulistão F","QUEM NÃO JOGA NO CAMPO… JOGA NA QUADRA!
Tem futmesa, pebolim, tênis de mesa e até bobinho 🤪
#FestivalFemininoSub14","QUEM NÃO JOGA NO CAMPO… JOGA NA QUADRA!
Tem futmesa, pebolim, tênis de mesa e até bobinho 🤪
#FestivalFemininoSub14",23,"05/30/2026 06:22",N/A,https://www.facebook.com/reel/983935314338048/,1,0,Vídeos,,,,,Total,,4851,19,19,0,0,1,1,,,,,10179.443,2.037,0,0,0,,5306,,,,,
963815093031167,100082080567569,"Paulistão F","COM DIREITO A DERBY DECISIVO!
Palmeiras e Corinthians se enfrentam pela Copa do Brasil, enquanto o Taubaté joga pela vitória fora de casa no @brfeminino A2!
#ElasEmCampo",,0,"05/30/2026 06:00",N/A,https://www.facebook.com/paulistaof/posts/pfbid02QxJnLYYick8zTMbBtu21MYBHb5QBeGjZsQsfQgm69PAJBKzV9g9i4dMrf7RAGXtwl,0,0,Fotos,,,,,Total,,9264,110,102,3,5,228,84,144,,,,,,,,,,13305,,,,,
963810159698327,100082080567569,"Paulistão F","“Ai, porque eu aqueço fazendo exercício de mobilidade antes do jogo” 😴 E daí? A gente aquece fazendo dancinha! 💃
#FestivalFemininoSub14","“Ai, porque eu aqueço fazendo exercício de mobilidade antes do jogo” 😴 E daí? A gente aquece fazendo dancinha! 💃
#FestivalFemininoSub14",13,"05/30/2026 05:53",uploaded,https://www.facebook.com/reel/1960386425351543/,1,0,Vídeos,,,,,Total,,5980,62,62,0,0,21,21,,,,,25310.4,4.15,0,0,0,,6940,,,,,
963775039701839,100082080567569,"Paulistão F","PRIMEIRO DIA DE FESTIVAL COMEÇANDO! 🌟
Bora que hoje é dia de muito futebol de mulheres aqui em Matão! 
#FestivalFemininoSub14","PRIMEIRO DIA DE FESTIVAL COMEÇANDO! 🌟
Bora que hoje é dia de muito futebol de mulheres aqui em Matão! 
#FestivalFemininoSub14",32,"05/30/2026 05:00",N/A,https://www.facebook.com/reel/1679696703455514/,1,0,Vídeos,,,,,Total,,5852,70,69,0,1,18,18,,,,,29215.553,4.907,0,0,0,,6375,,,,,
963774896368520,100082080567569,"Paulistão F","SEGUNDA RODADA NA ÁREA!
Vem ver quais são os confrontos desse sábado no Paulista F Sub-15!
#PaulistaFSub15",,0,"05/30/2026 05:00",N/A,https://www.facebook.com/paulistaof/posts/pfbid0kbG3e9wNB8EHoSB3qW15nkLV5eyY2K4oAXZLsom5gbvHsxNrt6hUkMcw8AEhMSDel,0,0,Fotos,,,,,Total,,5655,52,49,0,3,107,42,65,,,,,,,,,,7537,,,,,
963701133042563,100082080567569,"Paulistão F","SABADAMOS POR AQUI!
Diretamente de Matão, vem conferir os jogos do Festival Paulista Feminino Sub-14.
#FestivalPaulistaFemininoSub14",,0,"05/30/2026 03:00",N/A,https://www.facebook.com/paulistaof/posts/pfbid0ViwLT8C1cFf2CXqMXJLSdZLxD6jb3Kpzgt99CcdUELbVGU4xi2iRBMNFBaVgQyJFl,0,0,Fotos,,,,,Total,,950,18,17,0,1,47,14,33,,,,,,,,,,1305,,,,,
963467919732551,100082080567569,"Paulistão F","DIA DE DERBY DECISIVO NA COPA DO BRASIL FEMININA!
Palestrinas ou Brabas: quem avança?
#ElasEmCampo",,0,"05/29/2026 20:05",N/A,https://www.facebook.com/paulistaof/posts/pfbid032GsSzBsAyQkNs4VKZt2mtpbDHiuDZbFULfBxRctQ6Q8ZurzoVxPwQQMJudjxS3zHl,0,0,Fotos,,,,,Total,,36207,889,776,83,30,1589,808,781,,,,,,,,,,52212,,,,,
962475253165151,100082080567569,"Paulistão F","Com a Ferroviária classificada, a quinta-feira terminou assim para o Futebol Paulista na Copa do Brasil!
#ElasEmCampo",,0,"05/28/2026 15:08",N/A,https://www.facebook.com/paulistaof/posts/pfbid031tGFJzzixixb92Nm64eJ7Mwn9RJsWrb31uVo8vQyjHTmmUU3ARqbBBozMgFcj76Kl,0,0,Fotos,,,,,Total,,7928,69,65,2,2,141,76,65,,,,,,,,,,11295,,,,,
962473959831947,100082080567569,"Paulistão F","Santos perde nos pênaltis e se despede da Copa do Brasil!
📷Reinaldo Campos/ Santos F.C",,0,"05/28/2026 15:06",N/A,https://www.facebook.com/paulistaof/posts/pfbid027PVA9rdDrf9i7VXDLWFbF4Z7FkL6ymUPPtusDgiQFLjVsQ8PRsRYwR1qmjZkCm9Ql,0,0,Fotos,,,,,Total,,33852,362,331,26,5,1051,553,498,,,,,,,,,,48366,,,,,
962471756498834,100082080567569,"Paulistão F","QUE GOLEADA!⚽⚽⚽⚽⚽⚽⚽⚽
OITO GOLS E CLASSIFICAÇÃO GARANTIDA NA COPA DO BRASIL!
#ElasEmCampo
📷Rafael Zocco/Ferroviária",,0,"05/28/2026 15:01",N/A,https://www.facebook.com/paulistaof/posts/pfbid0YYXwtinQJiH5x83WcLaHWD9uoMLTfRtPFjVfZgwy7TgjhJ41vdLYQ3CxYoEtNHj4l,0,0,Fotos,,,,,Total,,3134,31,27,2,2,45,22,23,,,,,,,,,,4234,,,,,
962468273165849,100082080567569,"Paulistão F","GUERREIRAS NAS OITAVAS!
Ferroviária goleia e avança na Copa do Brasil Feminina!
#ElasEmCampo",,0,"05/28/2026 14:54",N/A,https://www.facebook.com/paulistaof/posts/pfbid025us8bjGpBGB5izMZSug4hH7aQt9kUSkSLgHuiHsgb234sAnTsHPF3tSzJHkrJvWvl,0,0,Fotos,,,,,Total,,4337,58,54,3,1,70,54,16,,,,,,,,,,5678,,,,,
962147779864565,100082080567569,"Paulistão F","SEREIAS E GUERREIRAS NA COPA DO BRASIL!
Santos e Ferroviária vão em busca da classificação na @copadobrasil_fem!
#ElasEmCampo",,0,"05/28/2026 06:00",N/A,https://www.facebook.com/paulistaof/posts/pfbid0MXYbfgBxaPT6cU8Xx6PqHDQStzHpd9LTc9J6DnYo6QPEQG6MfDQS1piTkePKQtjHl,0,0,Fotos,,,,,Total,,11560,96,88,3,5,261,127,134,,,,,,,,,,15946,,,,,
961584193254257,100082080567569,"Paulistão F","VENCE O RED BULL BRAGANTINO!
Mais quatro gols e uma classificação na conta das Bragantinas na Copa do Brasil!
#ElasEmCampo
📷 Fernando Roberto/Red Bull Bragantino",,0,"05/27/2026 13:40",N/A,https://www.facebook.com/paulistaof/posts/pfbid02sciqR5xLVQqPXx3jRkL9HX7mTVPPieTDPDQCw1K5KrHTXbRhRo83tnj5c4ENkGS5l,0,0,Fotos,,,,,Total,,9238,76,75,0,1,102,45,57,,,,,,,,,,12384,,,,,
961568389922504,100082080567569,"Paulistão F","GOLEADA E CLASSIFICAÇÃO!
Uma vitória por 4 a 0 sobre o Itacoatiara garantiu a vaga do Mauaense na próxima fase da Copa do Brasil!
#ElasEmCampo",,0,"05/27/2026 13:10",N/A,https://www.facebook.com/paulistaof/posts/pfbid02krDmchSKvsbCeyQa7hsLbeSfm6jwhhU4p4j3ehM5rD8SJoqLgboxPer2q3WPcVCml,0,0,Fotos,,,,,Total,,1933,15,14,0,1,24,11,13,,,,,,,,,,2478,,,,,
961559526590057,100082080567569,"Paulistão F","BRAGANTINAS CLASSIFICADAS!
O Red Bull Bragantino venceu o São José e garantiu vaga na próxima fase da Copa do Brasil!
#ElasEmCampo",,0,"05/27/2026 12:53",N/A,https://www.facebook.com/paulistaof/posts/pfbid02Bw7tF6ZAwXB9LizRZHso9mPhSDrvTWuWk1nthZFrAYjqa4EX5PwGWi1t44PpzKfil,0,0,Fotos,,,,,Total,,5331,55,52,2,1,67,44,23,,,,,,,,,,7080,,,,,
961546723258004,100082080567569,"Paulistão F","QUEM AVANÇA PARA A PRÓXIMA FASE?
São José e Red Bull Bragantino duelam pela vaga na @copadobrasil_fem!
#ElasEmCampo",,0,"05/27/2026 12:30",N/A,https://www.facebook.com/paulistaof/posts/pfbid0SdqGekRd5mHvju5mLsktg5JKvRaVUyWChwgLhCeJFUynZ1WmNRXWgRbcDjn6osXpl,0,0,Fotos,,,,,Total,,5943,39,36,0,3,93,39,53,1,,,,,,,,,7974,,,,,
960521573360519,100082080567569,"Paulistão F","A CRAQUE DA RODADA É DAS BRAGANTINAS!
Géssica venceu a votação e foi eleita a craque da 3ª rodada do Paulistão!
#CraqueDaRodada #PaulistãoF",,0,"05/26/2026 07:41",N/A,https://www.facebook.com/paulistaof/posts/pfbid02mhmYuGu63sW8xw21EeuuUcTHFhbUtZMS8dYoUDY6fUw5EeRK65Z7ExdoQRBnCwsl,0,0,Fotos,,,,,Total,,3783,20,20,0,0,26,11,15,,,,,,,,,,4892,,,,,
960113600067983,100082080567569,"Paulistão F","Assim foi a segunda-feira de @brfeminino! #ElasEmCampo",,0,"05/25/2026 19:19",N/A,https://www.facebook.com/paulistaof/posts/pfbid02LmkZ8RHGi71d3QQS51aMgG89SZF5pVsWJbpTCUiAWJfnVmYnhdh7LGY73Ag4SQTtl,0,0,Fotos,,,,,Total,,9409,92,86,1,5,141,65,76,,,,,,,,,,13461,,,,,
960111990068144,100082080567569,"Paulistão F","VITÓRIA DAS BRABAS! ⚫⚪
O Corinthians vence o Mixto e continua na liderança do @brfeminino! #ElasEmCampo
📷 Rodrigo Gazzanel/Corinthians",,0,"05/25/2026 19:15",N/A,https://www.facebook.com/paulistaof/posts/pfbid02g9rLLUmWR2DWx1EFoXNqngAVDFb2NYR1MBK8gHdN5B224Vo84CoU817tyxWmNNSxl,0,0,Fotos,,,,,Total,,63783,2999,2826,110,63,981,506,475,,1,,,,,,,,87312,,,,,
960012930078050,100082080567569,"Paulistão F","VITÓRIA TRICOLOR! 🇾🇪
O São Paulo venceu o Santos por 3 a 0 no @brfeminino! #ElasEmCampo
📷 Rebeca Reis/Staff Images Woman/CBF",,0,"05/25/2026 15:44",N/A,https://www.facebook.com/paulistaof/posts/pfbid02CUMTj4QiTQxcaSc8vn9VVtpTUrK31aphjokYMbQogcaqAVwD7f4yYPPQ1rWr2vBdl,0,0,Fotos,,,,,Total,,87596,3330,3142,111,77,1568,834,734,,,,,,,,,,122537,,,,,
959838653428811,100082080567569,"Paulistão F","MAIS UM CLÁSSICO! 🌟
São Paulo e Santos se enfrentam no @brfeminino! Quem leva a melhor?
#ElasEmCampo #SanSão",,0,"05/25/2026 10:00",N/A,https://www.facebook.com/paulistaof/posts/pfbid02YfxcTHCv1G3YxHXi2tBjRCZL3wZJD8yuSbs1BMkYAKarRydMno4EwXvqgtSy5o7wl,0,0,Fotos,,,,,Total,,12318,232,220,9,3,297,177,120,,,,,,,,,,17349,,,,,
959684040110939,100082080567569,"Paulistão F","SEGUNDOU DAQUELE JEITO!
Primeiro o clássico, depois as Brabas na Fazendinha!
#ElasEmCampo",,0,"05/25/2026 06:00",N/A,https://www.facebook.com/paulistaof/posts/pfbid0ELFfyHM7H288VVFBi7dFJ7jEGmEKwqnHVCQWKQ69BzLi8g4MSdkV1dumWGrVQHA1l,0,0,Fotos,,,,,Total,,30446,505,477,15,13,1037,400,637,,,,,,,,,,43104,,,,,
959260123486664,100082080567569,"Paulistão F","Ferroviária e Palmeiras garantiram as vitórias neste domingo com #ElasEmCampo!
#FutebolPaulista",,0,"05/24/2026 16:59",N/A,https://www.facebook.com/paulistaof/posts/pfbid025TKvaUsaaceSQNV4R5QQSNHoFwRsNgMyqNf8NTJmXgY8btMrdbsmUcrkMLGGQDNel,0,0,Fotos,,,,,Total,,8680,79,74,1,4,122,64,58,,,,,,,,,,12109,,,,,
959239436822066,100082080567569,"Paulistão F","VITÓRIA GRENÁ!
Em um jogo de duas viradas, Ferroviária se recupera dentro da partida e busca os três pontos contra o Atlético-MG!
#ElasEmCampo
📷Rafael Zocco/Ferroviária",,0,"05/24/2026 16:11",N/A,https://www.facebook.com/paulistaof/posts/pfbid02XQ2NJ5FVVjCLUDmJzpTtcayxo4t2ncXo3WdwSNi6271d6wepQZ89aLPTXyQj3qPql,0,0,Fotos,,,,,Total,,9475,81,78,0,3,79,32,47,,,,,,,,,,12466,,,,,
959215090157834,100082080567569,"Paulistão F","Rodada de goleadas no Paulista F Sub-17!
#PaulistasFSub17",,0,"05/24/2026 15:15",N/A,https://www.facebook.com/paulistaof/posts/pfbid0XhcCxh2GZFPbxoGDafcNvYMq9z9KHKM1U5UPj6j4sheUwMKAZtEJTfbeo7hKKspGl,0,0,Fotos,,,,,Total,,13049,105,99,1,5,189,69,120,,,,,,,,,,18920,,,,,
959152493497427,100082080567569,"Paulistão F","VITÓRIA PALESTRINA!
Palmeiras leva a melhor e fica com a vitória pra cima do Red Bull Bragantino.
#PaulistasEmCampo
📷Fernando Roberto/Red Bull Bragantino",,0,"05/24/2026 13:08",N/A,https://www.facebook.com/paulistaof/posts/pfbid02os4oVAmWFXkqtmAfBzix1y5FWFQY84DPNduKzB9Q7jiN4Y1uiXMnG3Wfgt3CX82sl,0,0,Fotos,,,,,Total,,53505,2335,2202,61,72,904,516,388,,,,,,,,,,73698,,,,,
958892480190095,100082080567569,"Paulistão F","DUELO PAULISTA!
Alerta de jogão entre Red Bull Bragantino e Palmeiras no @brfeminino!
#ElasEmCampo",,0,"05/24/2026 06:00",N/A,https://www.facebook.com/paulistaof/posts/pfbid023Q51zQLneCKYymYYULGEFdYF5hvAL61JRaSv2NugzMgMbxfdLpA4iv4xLUyeuyEyl,0,0,Fotos,,,,,Total,,10208,150,143,5,2,201,91,110,,,,,,,,,,14135,,,,,
958853946860615,100082080567569,"Paulistão F","Domingão com confronto paulista e as Guerreiras em campo!
#ElasEmCampo",,0,"05/24/2026 05:00",N/A,https://www.facebook.com/paulistaof/posts/pfbid0386mRPF1sMAdmLZAzcyT7e4iqoei4kSgVPv5NyX5mo7agdeJTS1ei2jQuzB54fR6Dl,0,0,Fotos,,,,,Total,,18525,163,158,2,3,478,197,281,,,,,,,,,,25412,,,,,
958817470197596,100082080567569,"Paulistão F","DOMINGOU COM PAULISTA F SUB-17!
Vem conferir os confrontos da 4ª rodada!
#PaulistaFSub17",,0,"05/24/2026 04:00",N/A,https://www.facebook.com/paulistaof/posts/pfbid0r1EqCpoREhQxHZ86zzLmx8EFRxFPP1qKnKYmrUgNfPteoBGdMEypjTHyE3Y4nsLpl,0,0,Fotos,,,,,Total,,6953,74,70,1,3,120,45,75,,,,,,,,,,9286,,,,,
958353530243990,100082080567569,"Paulistão F","EMPATE!
Taubaté e Minas Brasília não saíram do zero pro Brasileirão Feminino A2.
#ElasEmCampo
📷Cris Miller/Minas Brasília",,0,"05/23/2026 13:22",N/A,https://www.facebook.com/paulistaof/posts/pfbid02AqEMsJPv1DEjbvKRFyKAkovK8WEaq9cF2zSkW1GxKppiAhWKcZ8SiphzqbPrz2Y7l,0,0,Fotos,,,,,Total,,1969,14,14,0,0,15,7,8,,,,,,,,,,2746,,,,,
1003236812422328,100082080567569,"Paulistão F","DUELO DO INTERIOR!
Na volta do Paulistão, Mirassol e Red Bull Bragantino fazem o primeiro jogo da rodada.
#PaulistãoF2026",,0,"07/16/2026 06:00",N/A,https://www.facebook.com/paulistaof/posts/pfbid0c7ACiw6twgHqtcbcrP9rTx8C4KrxbaVDtf3CDnaq45WtA9s1tVFzptjD8z6V1WeDl,0,0,Fotos,,,,,Total,,7937,69,65,2,2,101,60,41,,,,,,,,,,10909,,,,,
945500931529250,100082080567569,"Paulistão F","JOGA MUITO!
Mylena, do São Paulo, foi a #CraqueDoJogo do Majestoso!
#SuperclássicoF2026
📷Jhony Inacio/Ag. Paulistão",,0,"05/07/2026 19:50",N/A,https://www.facebook.com/paulistaof/posts/pfbid02fnZ9FixMYY2iT3fCFhRiP3yQgHfgj7upShZJjtUzrLoy5aSaPXdyjVBc8YLg7SFcl,0,0,Fotos,,,,,Total,,2325,85,79,6,0,23,15,8,,,,,,,,,,3123,,,,,
956918290387514,100082080567569,"Paulistão F","POR HOJE, É ISSO!
Como foi o desempenho do seu time na terceira rodada do Paulistão?
#PaulistãoF",,0,"05/21/2026 19:29",N/A,https://www.facebook.com/paulistaof/posts/pfbid0yb8xaQWiYxMbQ5dor3CfhyUuJcs9mSwuHzr2tH6Z6grZCcGXhJUXeNrLCa8N6cKZl,0,0,Fotos,,,,,Total,,8231,80,79,0,1,115,55,60,,,,,,,,,,11815,,,,,
956917817054228,100082080567569,"Paulistão F","FERROVIÁRIA SEGUE LÍDER E INVICTA!
Assim ficou a tabela de classificação do #PaulistãoF depois dos jogos dessa quinta-feira, válidos pela terceira rodada!",,0,"05/21/2026 19:28",N/A,https://www.facebook.com/paulistaof/posts/pfbid02oNTGdJferbjrM1hnxjBDjwTtKejSJhM7AD6EPDjK3drx6w9amUkvg7txGgthEUTul,0,0,Fotos,,,,,Total,,30188,348,318,17,13,885,515,370,,,,,,,,,,48083,,,,,
956916197054390,100082080567569,"Paulistão F","A DONA DO GOL DA VITÓRIA!
Pode anoitar: os primeiros três pontos das Bragantinas são na conta da Géssica!
#PaulistãoF #CraqueDoJogo
📷Guilherme Veiga/Ag.Paulistão",,0,"05/21/2026 19:25",N/A,https://www.facebook.com/paulistaof/posts/pfbid0hYtMr5gShVZ4XzBkLFTznEvUGB14YenRgmSH1AC7fm9p4pwjLyt5NvUVt1JFevjBl,0,0,Fotos,,,,,Total,,1730,16,16,0,0,22,16,6,,,,,,,,,,2295,,,,,
956903213722355,100082080567569,"Paulistão F","VITÓRIA DAS BRAGANTINAS!
O Red Bull Bragantino supera o São Paulo, vence fora de casa e conquista os três pontos em Cotia!
#PaulistãoF 
📷Guilherme Veiga/Ag.Paulistão",,0,"05/21/2026 19:01",N/A,https://www.facebook.com/paulistaof/posts/pfbid02TYudE2KvqeLALqzKoChuHfhjfZNVSXUG4uJwWMynzAHxZNtmbsznKSFZWm7vup84l,0,0,Fotos,,,,,Total,,8064,92,84,6,2,134,48,86,,,,,,,,,,10949,,,,,
956891830390160,100082080567569,"Paulistão F","GÉSSICA COLOCA AS BRAGANTINAS NA VANTAGEM!
Uma cobrança de escanteio direto na cabeça da Géssica para abrir o placar em Cotia!
#PaulistãoF","GÉSSICA COLOCA AS BRAGANTINAS NA VANTAGEM!
Uma cobrança de escanteio direto na cabeça da Géssica para abrir o placar em Cotia!
#PaulistãoF",61,"05/21/2026 18:40",mixed,https://www.facebook.com/reel/980447674777554/,0,0,Vídeos,,,,,Total,,4451,83,81,2,0,60,60,,,,,41223.834,9.826,0,0,0,,4387,,,,,
956876440391699,100082080567569,"Paulistão F","NADA DE GOLS POR ENQUANTO!
O placar se manteve zerado no primeiro tempo entre São Paulo e Red Bull Bragantino.
#PaulistãoF
📷Guilherme Veiga/Ag.Paulistão",,0,"05/21/2026 18:10",N/A,https://www.facebook.com/paulistaof/posts/pfbid0NATZ4BHnNBX6wDL8pgQcDPTWFcD2snsjtBkcRpx4Fu2uMEz69vBgw4FQmGbTrSQ6l,0,0,Fotos,,,,,Total,,4957,53,50,3,0,51,23,28,,,,,,,,,,6612,,,,,
956875447058465,100082080567569,"Paulistão F","VITÓRIA NO CLÁSSICO E LIDERANÇA MANTIDA!
Mais três ponto na conta das Guerreiras Grenás!
#PaulistãoF #SuperclássicoF #Ferroviária",,0,"05/21/2026 18:08",N/A,https://www.facebook.com/paulistaof/posts/pfbid06arVjJcX36gxJDg2MfvmL8c72t7eNEafu9K2YjdRmj1nhWYdCXqmGUJrQA9LZWUjl,0,0,Fotos,,,,,Total,,8322,82,76,2,4,132,70,62,,,,,,,,,,11304,,,,,
956865670392776,100082080567569,"Paulistão F","TODAS TEM GOLEIRA, SÓ O SÃO PAULO TEM A ANNA BIA!
Que defesaça da goleira do Tricolor!
#PaulistãoF #SãoPaulo","TODAS TEM GOLEIRA, SÓ O SÃO PAULO TEM A ANNA BIA!
Que defesaça da goleira do Tricolor!
#PaulistãoF #SãoPaulo",31,"05/21/2026 17:47",uploaded,https://www.facebook.com/reel/1362128712460180/,0,0,Vídeos,,,,,Total,,58761,1602,1537,42,23,472,472,,,,,957650.114,16.449,0,0,0,,73030,,,,,
956862077059802,100082080567569,"Paulistão F","CRAQUE DO JOGO! 🏆
Gabi Zanotti foi eleita a #CraqueDoJogo depois de marcar no #SuperclássicoF! #PaulistãoF
📷 Diego Soares/Ag.Paulistão",,0,"05/21/2026 17:40",N/A,https://www.facebook.com/paulistaof/posts/pfbid0321MyCB45JhovLhQf4MAfdw52x4hQwn74mmkqSxaksPKBxvxKszWT2x5hzTevXAcil,0,0,Fotos,,,,,Total,,39203,1727,1624,72,31,1149,757,392,,,,,,,,,,53764,,,,,
956861677059842,100082080567569,"Paulistão F","Vem conferir os melhores momentos da vitória da Ferroviária para cima do Palmeiras por 2 a 1! 
#PaulistãoF #MelhoresMomentos #Centauro","Vem conferir os melhores momentos da vitória da Ferroviária para cima do Palmeiras por 2 a 1! 
#PaulistãoF #MelhoresMomentos #Centauro",183,"05/21/2026 17:39",mixed,https://www.facebook.com/reel/1702318574103358/,1,0,Vídeos,,,,,Total,,1422,17,17,0,0,16,16,,,,,21037.859,15.322,0,0,0,,1438,,,,,
956858873726789,100082080567569,"Paulistão F","O golaço de Analuyza! 🤩😮‍💨 #PaulistãoF","O golaço de Analuyza! 🤩😮‍💨 #PaulistãoF",23,"05/21/2026 17:33",N/A,https://www.facebook.com/reel/961499646648179/,0,0,Vídeos,,,,,Total,,6356,59,56,3,0,114,114,,,,,52465.213,8.822,0,0,0,,6846,,,,,
956856213727055,100082080567569,"Paulistão F","Gabi Zanotti é o nome dela! ⭐🔥 #PaulistãoF","Gabi Zanotti é o nome dela! ⭐🔥 #PaulistãoF",23,"05/21/2026 17:27",uploaded,https://www.facebook.com/reel/1984891611925135/,0,0,Vídeos,,,,,Total,,5940,177,169,1,7,52,52,,,,,52168.623,9.112,0,0,0,,6404,,,,,
956853450393998,100082080567569,"Paulistão F","FIM DE SUPERCLÁSSICO ALVINEGRO!
Corinthians e Santos empataram em 2 a 2! #PaulistãoF
📷 Diego Soares/Ag.Paulistão",,0,"05/21/2026 17:22",N/A,https://www.facebook.com/paulistaof/posts/pfbid0nXxvhJpnFjoURybNA9MpZHCXK5WWvDxpYYrX5Ktzp6TFMXqKxjDoce8A8ZMXM9b7l,0,0,Fotos,,,,,Total,,4664,100,74,20,6,127,74,53,,,,,,,,,,6644,,,,,
956849600394383,100082080567569,"Paulistão F","QUE BELO GOL DAS SEREIAS! 👏
Analuyza saiu do banco direto pra empatar o Superclássico F! #PaulistãoF","QUE BELO GOL DAS SEREIAS! 👏
Analuyza saiu do banco direto pra empatar o Superclássico F! #PaulistãoF",71,"05/21/2026 17:14",mixed,https://www.facebook.com/reel/27203203369304446/,0,0,Vídeos,,,,,Total,,4343,83,72,11,0,87,87,,,,,46872.716,11.499,0,0,0,,4242,,,,,
956843713728305,100082080567569,"Paulistão F","EMPATE DAS SEREIAS! 
@analuyza_27 faz um golaço e deixa tudo igual no Superclássico F! 
#PaulistãoF","EMPATE DAS SEREIAS! 
@analuyza_27 faz um golaço e deixa tudo igual no Superclássico F! 
#PaulistãoF",40,"05/21/2026 17:02",N/A,https://www.facebook.com/reel/992906163249440/,1,0,Vídeos,,,,,Total,,1619,34,26,7,1,36,36,,,,,11541.875,7.623,0,0,0,,1590,,,,,
956838680395475,100082080567569,"Paulistão F","Simplesmente Leticia Santos! 🥵🎩 #PaulistãoF","Simplesmente Leticia Santos! 🥵🎩 #PaulistãoF",27,"05/21/2026 16:51",uploaded,https://www.facebook.com/reel/3783254245150679/,0,0,Vídeos,,,,,Total,,3672,63,58,3,2,48,48,,,,,38506.617,5.833,0,0,0,,7353,,,,,
956838457062164,100082080567569,"Paulistão F","É A VIRADA DAS BRABAS! 🤩
Gabi Zanotti apareceu no momento certo pra colocar o Timão à frente! #PaulistãoF","É A VIRADA DAS BRABAS! 🤩
Gabi Zanotti apareceu no momento certo pra colocar o Timão à frente! #PaulistãoF",56,"05/21/2026 16:51",mixed,https://www.facebook.com/reel/978628738432184/,0,0,Vídeos,,,,,Total,,53084,2350,2249,66,35,2067,2067,,,,,699725.756,15.126,0,0,0,,49029,,,,,
956832503729426,100082080567569,"Paulistão F","GABI ZANOTTI OPORTUNISTA! 🔥
A camisa dez do Corinthians não perdoa e vira o jogo para as Brabas! #PaulistãoF","GABI ZANOTTI OPORTUNISTA! 🔥
A camisa dez do Corinthians não perdoa e vira o jogo para as Brabas! #PaulistãoF",20,"05/21/2026 16:38",N/A,https://www.facebook.com/reel/1469337951631949/,1,0,Vídeos,,,,,Total,,55750,1016,990,8,18,454,454,,,,,752326.87,13.667,0,0,0,,74894,,,,,
956829693729707,100082080567569,"Paulistão F","Todos os detalhes do belo gol das Sereias da Vila! 🤩🔥 #PaulistãoF","Todos os detalhes do belo gol das Sereias da Vila! 🤩🔥 #PaulistãoF",25,"05/21/2026 16:32",N/A,https://www.facebook.com/reel/979354538225149/,0,0,Vídeos,,,,,Total,,1779,32,31,1,0,18,18,,,,,11144.55,6.299,0,0,0,,1934,,,,,
956828857063124,100082080567569,"Paulistão F","SALVOU DEMAIS! 😮‍💨
Taty Amaro fez milagre pra salvar as Sereias da Vila nos últimos minutos do primeiro tempo! #PaulistãoF","SALVOU DEMAIS! 😮‍💨
Taty Amaro fez milagre pra salvar as Sereias da Vila nos últimos minutos do primeiro tempo! #PaulistãoF",28,"05/21/2026 16:30",N/A,https://www.facebook.com/reel/1708153563513147/,0,0,Vídeos,,,,,Total,,65978,822,810,7,5,692,692,,,,,896827.718,14.087,0,0,0,,77483,,,,,
956823657063644,100082080567569,"Paulistão F","A DONA DA VIRADA DA FERROVIÁRIA!
Monique fez um golaço que garantiu a vitória das Guerreiras Grenás e foi eleita Craque do Jogo!
#PaulistãoF #CraqueDoJogo
📷Douglas Moreti/Ag.Paulistão",,0,"05/21/2026 16:18",N/A,https://www.facebook.com/paulistaof/posts/pfbid035cVxhX1ayPGdksc88QrLJ2S9Eg6DsSgRBcXText77412GAXZXrVbFDrq6Coyd3qdl,0,0,Fotos,,,,,Total,,879,15,13,1,1,8,5,3,,,,,,,,,,1180,,,,,
956823253730351,100082080567569,"Paulistão F","GOLAÇO DA ZAGUEIRA DA FERROVIÁRIA!
Monique soltou essa bomba e garantiu a vitória das Guerreiras Grenás no Superclássico F!
#PaulistãoF","GOLAÇO DA ZAGUEIRA DA FERROVIÁRIA!
Monique soltou essa bomba e garantiu a vitória das Guerreiras Grenás no Superclássico F!
#PaulistãoF",43,"05/21/2026 16:17",N/A,https://www.facebook.com/reel/989411984024918/,0,0,Vídeos,,,,,Total,,3911,66,64,1,1,79,79,,,,,43576.879,11.667,0,0,0,,3976,,,,,
956823017063708,100082080567569,"Paulistão F","TOQUEZINHO SUTIL PRO GOL! 🔥
Erika foi bem demais nesse cabeceio pra empatar pro Timão! #PaulistãoF","TOQUEZINHO SUTIL PRO GOL! 🔥
Erika foi bem demais nesse cabeceio pra empatar pro Timão! #PaulistãoF",50,"05/21/2026 16:17",uploaded,https://www.facebook.com/reel/1514256989541344/,0,0,Vídeos,,,,,Total,,6693,326,320,1,5,150,150,,,,,68345.594,11.041,0,0,0,,6497,,,,,
956819663730710,100082080567569,"Paulistão F","UM GOL PRA CADA LADO! 🤝
O Superclássico Alvinegro terminou o primeiro tempo empatado! #PaulistãoF
📷 Diego Soares/Ag.Paulistão",,0,"05/21/2026 16:09",N/A,https://www.facebook.com/paulistaof/posts/pfbid0JibzXJ8DT7qDyRmmmETWCd1hWJKpCUqzGL6wyGwME1JdGf33tuF1wjWQZBGVfarKl,0,0,Fotos,,,,,Total,,5623,61,58,2,1,71,28,43,,,,,,,,,,7626,,,,,
956818690397474,100082080567569,"Paulistão F","O GOL QUE ABRIU O PLACAR! ⚪⚫
Evelin Bonifácio mandou na medida pra Carol Baiana jogar pro fundo das redes! #PaulistãoF","O GOL QUE ABRIU O PLACAR! ⚪⚫
Evelin Bonifácio mandou na medida pra Carol Baiana jogar pro fundo das redes! #PaulistãoF",46,"05/21/2026 16:07",N/A,https://www.facebook.com/reel/2308043646632863/,0,0,Vídeos,,,,,Total,,3191,44,42,1,1,49,49,,,,,35547.845,11.712,0,0,0,,3147,,,,,
956818330397510,100082080567569,"Paulistão F","DE VIRADA! 👀
A Ferroviária saiu na desvantagem, mas buscou a vitória e garantiu os três pontos no #SuperclássicoF e a permanência na liderança do #PaulistãoF!
📷Douglas Moreti/Ag.Paulistão",,0,"05/21/2026 16:07",N/A,https://www.facebook.com/paulistaof/posts/pfbid0UGr1h53YmEtXv49J4eAX3RhL32TZBw8kjF3MqeNBrSHo4khmFJpBqMri9Xj8F2tAl,0,0,Fotos,,,,,Total,,7053,173,158,10,5,325,138,187,,,,,,,,,,10198,,,,,
956818033730873,100082080567569,"Paulistão F","TUDO IGUAL NO SUPERCLÁSSICO!
Maressa marca no final do segundo tempo para a Ferroviária e iguala o placar em Araraquara!
#PaulistãoF","TUDO IGUAL NO SUPERCLÁSSICO!
Maressa marca no final do segundo tempo para a Ferroviária e iguala o placar em Araraquara!
#PaulistãoF",33,"05/21/2026 16:06",N/A,https://www.facebook.com/reel/1654105135798552/,0,0,Vídeos,,,,,Total,,11527,133,129,2,2,223,223,,,,,125559.569,11.767,0,0,0,,11408,,,,,
956814473731229,100082080567569,"Paulistão F","RABISCA, EVELYN! 🧜‍♀️🔥
#PaulistãoF","RABISCA, EVELYN! 🧜‍♀️🔥
#PaulistãoF",12,"05/21/2026 15:58",N/A,https://www.facebook.com/reel/4350862965182613/,1,0,Vídeos,,,,,Total,,7637,58,55,3,0,69,69,,,,,54796.562,7.488,0,0,0,,10311,,,,,
956806093732067,100082080567569,"Paulistão F","FAÇA O “C” IMEDIATAMENTE! 🫵
Jogadaça de Evelyn Bonifácio e cabeçada firme de Carol Baiana pra abrir o placar pro Santos no #SuperClássico pelo #PaulistãoF","FAÇA O “C” IMEDIATAMENTE! 🫵
Jogadaça de Evelyn Bonifácio e cabeçada firme de Carol Baiana pra abrir o placar pro Santos no #SuperClássico pelo #PaulistãoF",18,"05/21/2026 15:38",N/A,https://www.facebook.com/reel/2188592688542962/,1,0,Vídeos,,,,,Total,,20703,180,174,5,1,163,163,,,,,279358.146,13.506,0,0,0,,31128,,,,,
956805770398766,100082080567569,"Paulistão F","OLHA O EMPATE DAS BRABAS! 
Érika deixa tudo igual no Clássico Alvinegro! 
#PaulistãoF","OLHA O EMPATE DAS BRABAS! 
Érika deixa tudo igual no Clássico Alvinegro! 
#PaulistãoF",24,"05/21/2026 15:38",N/A,https://www.facebook.com/reel/1280594347522554/,1,0,Vídeos,,,,,Total,,10571,206,194,9,3,201,201,,,,,93031.467,9.443,0,0,0,,11478,,,,,
956801110399232,100082080567569,"Paulistão F","O ÚLTIMO DA NOITE!
O São Paulo recebe o Red Bull Bragantino para mais um confronto da 3ª rodada do Paulistão F!
#PaulistãoF
📷Guilherme Veiga/Ag.Paulistão",,0,"05/21/2026 15:28",N/A,https://www.facebook.com/paulistaof/posts/pfbid0KrgCZ9NxxJk6YJtoK5yX9FsWF7LbKFgXmCDeGBseMq5zSpqpwxcpAwmTyMs8d31xl,0,0,Fotos,,,,,Total,,782,11,11,0,0,15,6,9,,,,,,,,,,1093,,,,,
956791823733494,100082080567569,"Paulistão F","TÁ CHEGANDO A HORA DE MAIS UM SUPERCLÁSSICO F! 🔥
Corinthians x Santos é daqui a pouquinho, às 19h15, ao vivo na CazéTV, Record News e HBO Max! #PaulistãoF
📷 Diego Soares/Ag.Paulistão",,0,"05/21/2026 15:08",N/A,https://www.facebook.com/paulistaof/posts/pfbid02RCPsHTGYY5uHTEaLqXH3ddhodfcAAieysj9WJRPxRPqb7C3VYBqwc2uNBkMkb4aKl,0,0,Fotos,,,,,Total,,792,28,28,0,0,24,6,18,,,,,,,,,,1108,,,,,
956785607067449,100082080567569,"Paulistão F","PALMEIRAS NA FRENTE EM ARARAQUARA!
Ana Guimarães bateu colocado e colocou as Palestrinas na vantagem no Superclássico F!
#PaulistãoF","PALMEIRAS NA FRENTE EM ARARAQUARA!
Ana Guimarães bateu colocado e colocou as Palestrinas na vantagem no Superclássico F!
#PaulistãoF",43,"05/21/2026 14:53",N/A,https://www.facebook.com/reel/1563270941798968/,0,0,Vídeos,,,,,Total,,12600,600,580,14,6,394,394,,,,,157441.843,13.525,0,0,0,,12281,,,,,
956785460400797,100082080567569,"Paulistão F","VANTAGEM ALVIVERDE!
As Palestrinas conseguem a vantagem no primeiro tempo em Araraquara.
#PaulistãoF
📷Douglas Moreti/Ag.Paulistão",,0,"05/21/2026 14:53",N/A,https://www.facebook.com/paulistaof/posts/pfbid02gZmVjdR3tdCEn2maHLsV1GWZBtgtf5inCmxECFB3FAo1QXruZ6SZZZDbhYTmbcDql,0,0,Fotos,,,,,Total,,7549,230,222,3,5,140,54,86,,,,,,,,,,10711,,,,,
956775453735131,100082080567569,"Paulistão F","É DIA DE CLÁSSICO ALVINEGRO NO PAULISTÃO! 
#PaulistãoF","É DIA DE CLÁSSICO ALVINEGRO NO PAULISTÃO! 
#PaulistãoF",17,"05/21/2026 14:31",N/A,https://www.facebook.com/reel/1463274418363235/,1,0,Vídeos,,,,,Total,,4880,44,44,0,0,14,14,,,,,16048.254,3.235,0,0,0,,5446,,,,,
956751117070898,100082080567569,"Paulistão F","AQUECIMENTO ROLANDO! 🔥
Preparativos finais para o Superclássico F entre Ferroviária e Palmeiras!
#PaulistãoF
📷Douglas Moreti/Ag.Paulistão",,0,"05/21/2026 13:39",N/A,https://www.facebook.com/paulistaof/posts/pfbid02SqdH6BQ25PZV8ZKuaMtvL6JVPdVjo1HqXSA8nNgEumMxdqHfFn1euKJ5jKaKtqz3l,0,0,Fotos,,,,,Total,,2380,36,36,0,0,64,18,46,,,,,,,,,,3172,,,,,
956731497072860,100082080567569,"Paulistão F","PARA FECHAR A QUINTA-FEIRA DE PAULISTÃO!
A noite promete com Tricolores e Bragantinas em campo para mais um jogão!
#PaulistãoF",,0,"05/21/2026 13:00",N/A,https://www.facebook.com/paulistaof/posts/pfbid0F1u1N5xQ7eng8fpufQhcnfQdpDpq1cZcpJ8qnFiCMgmD1gXTN9gANXCN9aQ4S3Gtl,0,0,Fotos,,,,,Total,,5258,58,54,4,0,65,32,33,,,,,,,,,,6870,,,,,
956719587074051,100082080567569,"Paulistão F","BORA PARA MAIS UM SUPERCLÁSSICO F!
A bola vai rolar às 18h na Fonte Luminosa entre Ferroviária e Palmeiras. Assista AO VIVO no @sportv 👀
#PaulistãoF
📷Douglas Moreti/Ag.Paulistão",,0,"05/21/2026 12:38",N/A,https://www.facebook.com/paulistaof/posts/pfbid02LRmNe6XQyfZzyX47G8r7bqiW2794bjMyRQW7TDzGuWex3Gpa48SriuoYuNKKbseel,0,0,Fotos,,,,,Total,,872,16,16,0,0,11,2,9,,,,,,,,,,1170,,,,,
956715427074467,100082080567569,"Paulistão F","EM BUSCA DA PRIMEIRA VITÓRIA!
Nada melhor do que vencer o primeiro clássico no Paulistão. As Sereias querem os três pontos no Parque São Jorge!
#PaulistãoF",,0,"05/21/2026 12:30",N/A,https://www.facebook.com/paulistaof/posts/pfbid0V8Y3S3ouLLja1oC5xsZQ5JM2wqeJRyUu9VW411qXVAPF25q6HqPqruQKHjvyXuCol,0,0,Fotos,,,,,Total,,1320,15,12,2,1,28,15,13,,,,,,,,,,1795,,,,,
956700063742670,100082080567569,"Paulistão F","AS BRABAS VÃO PRA CIMA!
O Corinthians joga em casa contra as Sereias e quer os três pontos para subir na tabela!
#PaulistãoF",,0,"05/21/2026 12:00",N/A,https://www.facebook.com/paulistaof/posts/pfbid02UiHnyqMmoTnadq2xqptSpQFQyErAc8XNktgKCQfRc3QAnp5yXJ4AEyEepLwetPa4l,0,0,Fotos,,,,,Total,,2723,43,42,1,0,76,19,57,,,,,,,,,,3931,,,,,
956684967077513,100082080567569,"Paulistão F","DIA DE CLÁSSICO ALVINEGRO!
Corinthians ou Santos: quem vence o Superclássico F?
#PaulistãoF",,0,"05/21/2026 11:32",N/A,https://www.facebook.com/paulistaof/posts/pfbid0foKYQN8wUWGzGLwjS9BvWUM8T9YbzCCv6vFGsrNwg8RLVt1ydgdXT8EWRmG4Bg3pl,0,0,Fotos,,,,,Total,,8611,135,131,4,0,195,86,109,,,,,,,,,,12213,,,,,
956648253747851,100082080567569,"Paulistão F","PALESTRINAS EM AÇÃO!
O Palmeiras vai com tudo em busca da vitória no Superclássico F!
#PaulistãoF",,0,"05/21/2026 10:30",N/A,https://www.facebook.com/paulistaof/posts/pfbid0YZqxV9qhSs3AsMKBsfQmXKTzPZUtHDeeUyADPiyHCTAE3MCaWZG8Q4MZkbbfhPCul,0,0,Fotos,,,,,Total,,26806,792,748,34,10,532,257,275,,,,,,,,,,36942,,,,,
956629880416355,100082080567569,"Paulistão F","AS GUERREIRAS QUEREM A VITÓRIA!
Jogando em casa, a Ferroviária quer a terceira vitória seguida no Paulistão F!
#PaulistãoF",,0,"05/21/2026 10:00",N/A,https://www.facebook.com/paulistaof/posts/pfbid02SCH1c6vCQy3nnXt5njxWomTshCLfxm5oj1VsHoLYvHTJvmWtM7YfRG7vahEwiHxQl,0,0,Fotos,,,,,Total,,6671,52,48,1,3,75,34,41,,,,,,,,,,8851,,,,,
956590727086937,100082080567569,"Paulistão F","É DIA DE SUPERCLÁSSICOF!
Ferroviária e Palmeiras abrem a 3ª rodada do Paulistão com um clássico!
#PaulistãoF",,0,"05/21/2026 09:00",N/A,https://www.facebook.com/paulistaof/posts/pfbid0RWdjgXD51T2J4DYsBm28ob1EGNrWx7y775u8CaKaBEPAoFK9hy12Mwv4gE2zR8PBl,0,0,Fotos,,,,,Total,,29600,471,439,20,12,616,271,345,,,,,,,,,,41633,,,,,
956554383757238,100082080567569,"Paulistão F","TATY AMARO É A CRAQUE DA RODADA!
A goleira das Sereias fechou o gol e foi eleita pela galera a craque da 2ª rodada do Paulistão F!
#PaulistãoF2026",,0,"05/21/2026 08:08",N/A,https://www.facebook.com/paulistaof/posts/pfbid0AMiCsT6sVBgPS1xsGL3zbtaCbNVB3FG5PpxT1uoReu5XPQt3E7nMszDEBoNG7UfCl,0,0,Fotos,,,,,Total,,2152,18,17,0,1,23,9,14,,,,,,,,,,2989,,,,,
956464660432877,100082080567569,"Paulistão F","DOSE TRIPLA! 🌟
São três confrontos com direto à clássico nessa quinta-feira no Paulistão!
#PaulistãoF",,0,"05/21/2026 06:00",N/A,https://www.facebook.com/paulistaof/posts/pfbid02piDDBc3BrWazNZ4P4nYfQos4dzWdNmjBJsrKVzLLV5oy74MbNPBYh2zHJHS2QQxzl,0,0,Fotos,,,,,Total,,55706,858,777,47,34,2100,591,1509,,,,,,,,,,83657,,,,,
956009937145016,100082080567569,"Paulistão F","GOLAAAAAAÇOOOOOOO DA JÚLIA!
A camisa 10 do São Paulo fez essa pintura na semifinal do Brasileirão Feminino Sub-20 e garantiu as Tricolores na decisão da competição!
#ElasEmCampo #SãoPaulo
🎥SporTV","GOLAAAAAAÇOOOOOOO DA JÚLIA!
A camisa 10 do São Paulo fez essa pintura na semifinal do Brasileirão Feminino Sub-20 e garantiu as Tricolores na decisão da competição!
#ElasEmCampo #SãoPaulo
🎥SporTV",26,"05/20/2026 15:47",auto,https://www.facebook.com/reel/1642175187052401/,0,0,Vídeos,,,,,Total,,108693,2238,2161,27,50,511,511,,,,,1824125.894,16.722,0,0,0,,146498,,,,,
955961633816513,100082080567569,"Paulistão F","A TERCEIRA RODADA VEM AÍ! 👀
Vem conferir as datas e horários dos confrontos da 3ª rodada do Paulistão!
#PaulistãoF",,0,"05/20/2026 14:00",N/A,https://www.facebook.com/paulistaof/posts/pfbid02jXECB3zKGccazbD1qHKoNXT35Bhfh88qdL8nYbhf1tm6UUdTFkuN9BgaRdtCwToWl,0,0,Fotos,,,,,Total,,17553,206,186,1,19,558,149,409,,,,,,,,,,25902,,,,,
955937387152271,100082080567569,"Paulistão F","O Taubaté sofreu a derrota jogando fora de casa no Brasileirão A2.
#ElasEmCampo
📷Divulgação/Atlético Piauiense",,0,"05/20/2026 13:10",N/A,https://www.facebook.com/paulistaof/posts/pfbid02SXw95M8XgTB8oLnTk1QHDs5Sxbh2s3pVxbirVMaGj1bumXs1hcFu8u7SA4niN9Hjl,0,0,Fotos,,,,,Total,,5826,34,33,0,1,52,19,33,,,,,,,,,,7693,,,,,
955851833827493,100082080567569,"Paulistão F","BRABAS E PALESTRINAS NA SELEÇÃO!
Arthur Elias convocou seis jogadoras do Futebol Paulista para os amistosos de junho!
#ElasEmCampo #SeleçãoBrasileira",,0,"05/20/2026 10:33",N/A,https://www.facebook.com/paulistaof/posts/pfbid028mY6KBCvWetqMPDNgLBq2ePnKUWuif8pV1A16bpq5LwGxouSByDGgGvJz4Hi2PjTl,0,0,Fotos,,,,,Total,,21715,415,358,51,6,585,328,257,,,,,,,,,,31407,,,,,
955671710512172,100082080567569,"Paulistão F","RUMO AOS TRÊS PONTOS! 🔥
O Taubaté quer a vitória para subir ainda mais na tabela do Brasileirão A2!
#ElasEmCampo",,0,"05/20/2026 06:00",N/A,https://www.facebook.com/paulistaof/posts/pfbid0mMP5jGVR5LfhpueLEXwvu9WB2cgFvdnoCWEeeMDLZ99VyyyumsDbtHcwwQZ4MSNxl,0,0,Fotos,,,,,Total,,2276,28,28,0,0,17,9,8,,,,,,,,,,3049,,,,,
954468353965841,100082080567569,"Paulistão F","Segunda-feira pra lá de agitada no futebol feminino! Se liga nos resultados. 
#ElasEmCampo",,0,"05/18/2026 19:53",N/A,https://www.facebook.com/paulistaof/posts/pfbid02rm2og7ByvRBRfxb9LYiHXME1PTg8cK6JEMNJW2UAsY1CBephpsvSZnktxponhXBol,0,0,Fotos,,,,,Total,,56614,410,393,5,12,1032,473,559,,,,,,,,,,82727,,,,,
954443883968288,100082080567569,"Paulistão F","AVANTI, PALESTRINAS!
Palmeiras chega à segunda seguida e cola no topo do Brasileirão Feminino!
#ElasEmCampo
📷Rebeca Reis/Staff Images/CBF",,0,"05/18/2026 19:11",N/A,https://www.facebook.com/paulistaof/posts/pfbid0WuCChnu9qhov79Vz92s1WJUYos9ZmAq1skfUrjav5fWQgW1HULxQP8nhmz9cLkgfl,0,0,Fotos,,,,,Total,,81365,3951,3746,99,106,1252,657,595,,,,,,,,,,112471,,,,,
954442373968439,100082080567569,"Paulistão F","As Brabas do Timão foram superadas fora de casa pelo Brasileirão Feminino.
#ElasEmCampo
📷Gustavo Martins/ Cruzeiro",,0,"05/18/2026 19:08",N/A,https://www.facebook.com/paulistaof/posts/pfbid0DuTp5H2GY5174GQrRVDQRDLa2KDPCPbNzG2k61rQVVZ6KwVqMKSeL8rBTX1F8Wtsl,0,0,Fotos,,,,,Total,,22219,379,332,36,11,399,255,144,,,,,,,,,,31034,,,,,
954412770638066,100082080567569,"Paulistão F","TRI-CO-LOOOOOOR!
Com esse golaço de Serrana, o São Paulo garantiu a vitória pra cima do Juventude!
#ElasEmCampo
🎥Divulgação/São Paulo","TRI-CO-LOOOOOOR!
Com esse golaço de Serrana, o São Paulo garantiu a vitória pra cima do Juventude!
#ElasEmCampo
🎥Divulgação/São Paulo",12,"05/18/2026 18:13",uploaded,https://www.facebook.com/reel/1965527524325569/,0,0,Vídeos,,,,,Total,,22659,805,788,8,9,309,309,,,,,168049.409,7.519,0,0,0,,30321,,,,,
954388960640447,100082080567569,"Paulistão F","DOIS GOLS = TRÊS PONTOS!
A Ferroviária vence mais uma no Brasileirão Feminino!
#ElasEmCampo
📷Jonatan Dutra/Ferroviária",,0,"05/18/2026 17:28",N/A,https://www.facebook.com/paulistaof/posts/pfbid0sVxB9k4UMym17efet9kRrt119axdeN8VvghS8cEeFPu8RR2vjSz4SjJYMStz18vAl,0,0,Fotos,,,,,Total,,4227,73,71,0,2,50,21,29,,,,,,,,,,5874,,,,,
954352933977383,100082080567569,"Paulistão F","VANTAGEM PAULISTA!
Realidade Jovem vence fora de casa e dá passo importante na busca pela classificação para as quartas de final do Brasileirão Feminino A3!
#ElasEmCampo
📷Caroline Almeida/Realidade Jovem",,0,"05/18/2026 16:13",N/A,https://www.facebook.com/paulistaof/posts/pfbid02SprwQm7baKzXG4nUUhqeknWKsw19Cu4XD8pHggEnkCwGKoQvmnXjt65YpWBVWgX2l,0,0,Fotos,,,,,Total,,9592,64,59,3,2,115,45,70,,,,,,,,,,12774,,,,,
954129673999709,100082080567569,"Paulistão F","SEGUNDOU! ✅
Bora que hoje tem @brfeminino A1 e A3!
#ElasEmCampo",,0,"05/18/2026 09:35",N/A,https://www.facebook.com/paulistaof/posts/pfbid02jwah71exTY2bbsNYnYkW5n7gzSjxqkiahDxyAHDJXPQw1KFMRP778Fk8eKREcm9dl,0,0,Fotos,,,,,Total,,23354,314,295,2,17,633,207,426,,,,,,,,,,34422,,,,,
953529957393014,100082080567569,"Paulistão F","Esses foram os jogos que agitaram o domingo com #ElasEmCampo.
#PaulistasEmCampo",,0,"05/17/2026 16:24",N/A,https://www.facebook.com/paulistaof/posts/pfbid02qot1vXQhFkwi9T98bbMaXk5PaAmFzrwASZur1B2s2wcnL1Vd11aj2xxueJAyAA1Yl,0,0,Fotos,,,,,Total,,4315,20,20,0,0,43,22,21,,,,,,,,,,6254,,,,,
953523677393642,100082080567569,"Paulistão F","VITÓRIA DAS BRAGANTINAS!
Matina marca de pênalti na reta final e garante a vitória do Red Bull Bragantino pra cima do Santos.
#ElasEmCampo
🎥Divulgação/Red Bull Bragantino","VITÓRIA DAS BRAGANTINAS!
Matina marca de pênalti na reta final e garante a vitória do Red Bull Bragantino pra cima do Santos.
#ElasEmCampo
🎥Divulgação/Red Bull Bragantino",15,"05/17/2026 16:09",N/A,https://www.facebook.com/reel/952249984472244/,0,0,Vídeos,,,,,Total,,18282,202,196,2,4,112,112,,,,,143636.851,8.027,0,0,0,,22076,,,,,
953473457398664,100082080567569,"Paulistão F","IGUALDADE NO MARCADOR!
Taubaté e Ação-MT ficaram no empate.
#ElasEmCampo
📷Anderson Romão/Ag. Paulistão",,0,"05/17/2026 14:18",N/A,https://www.facebook.com/paulistaof/posts/pfbid035XhFrboW89HgQevKWWJv1ZgeFZx7JjA1JGUtLLcTiLy7dHszoy1Kj3yh7XeXZFqQl,0,0,Fotos,,,,,Total,,5144,35,34,0,1,39,17,22,,,,,,,,,,6782,,,,,
953473114065365,100082080567569,"Paulistão F","Mais uma rodada concluída no Paulista F Sub-17!
#PaulistaFSub17",,0,"05/17/2026 14:17",N/A,https://www.facebook.com/paulistaof/posts/pfbid0RqxusdSHAgWkA35uXGDN2x4tzmsnDHaSftgJ1Q8VRkE3Z7KpFRSm63zPANo5jaHdl,0,0,Fotos,,,,,Total,,8102,79,75,1,3,128,49,79,,,,,,,,,,11930,,,,,
953248157421194,100082080567569,"Paulistão F","DIA DE JOGO!
Com direito a duelo estadual pela elite do Brasileirão Feminino, Santos, Red Bull Bragantino e Taubaté são os representantes do futebol paulista que vão à campo neste domingo!
#ElasEmCampo",,0,"05/17/2026 08:00",N/A,https://www.facebook.com/paulistaof/posts/pfbid0FMt8ywS4AcXYPtuNGvKbdQeoHK9FMdnYih2DCL5tTm3iG5TqZ62tQM2K65goBn6ul,0,0,Fotos,,,,,Total,,7102,51,47,2,2,92,43,49,,,,,,,,,,9736,,,,,
952672500812093,100082080567569,"Paulistão F","Não teve placar em branco na primeira rodada do Paulista F Sub-15!
#PaulistaFSub15",,0,"05/16/2026 14:40",N/A,https://www.facebook.com/paulistaof/posts/pfbid067Yx2dvrwh3igQ4XdAe5r74WEFojKEiYYmRCTstVFwMse9tfKd2euv3bKr6gP6yyl,0,0,Fotos,,,,,Total,,16571,89,82,3,4,270,100,170,,,,,,,,,,23714,,,,,
952312740848069,100082080567569,"Paulistão F","BORA PARA MAIS UMA! 🏃‍♀️💨
Esses são os confrontos da 3ª rodada do Paulista F Sub-17!
#PaulistaFSub17",,0,"05/16/2026 05:00",N/A,https://www.facebook.com/paulistaof/posts/pfbid02BXAjU3SWSqtmhe7vE7qr4XSM5V8rDRfd7YRVpEaAdYGdBoNTe7bGWEiz1MXrnr2l,0,0,Fotos,,,,,Total,,8536,73,67,4,2,139,50,89,,,,,,,,,,11668,,,,,
952274604185216,100082080567569,"Paulistão F","VAI COMEÇAR O PAULISTA F SUB-15!
Rodada cheia nesse sábado para inaugurar o #PaulistaFSub15!",,0,"05/16/2026 04:00",N/A,https://www.facebook.com/paulistaof/posts/pfbid04euynoedJAVMNfakTZNcVQPrhAFvbTNCr1PWVNhG9x8udZXzdsgWKsDMM2aWm8fyl,0,0,Fotos,,,,,Total,,11431,88,82,2,4,180,54,126,,,,,,,,,,15283,,,,,
951126967633313,100082080567569,"Paulistão F","Vem assistir aos melhores momentos do empate entre Santos e Palmeiras na Vila Belmiro!
#PaulistãoF #Centauro","Vem assistir aos melhores momentos do empate entre Santos e Palmeiras na Vila Belmiro!
#PaulistãoF #Centauro",132,"05/14/2026 18:16",auto,https://www.facebook.com/reel/26975342318763986/,1,0,Vídeos,,,,,Total,,50577,602,591,11,0,332,332,,,,,1610655.716,32.175,0,0,0,,55579,,,,,
951122840967059,100082080567569,"Paulistão F","FERROVIÁRIA NA LIDERANÇA!
Vem ver como está a tabela de classificação do Paulistão depois dos jogos dessa quinta-feira!
#PaulistãoF",,0,"05/14/2026 18:08",N/A,https://www.facebook.com/paulistaof/posts/pfbid027BoQCAsLXKLn28MfX9t36Zoj5RVB7vhbvXNkxxq6DeyRggGn1r798XshvYFv8wHml,0,0,Fotos,,,,,Total,,32349,356,343,3,10,1036,553,483,,,,,,,,,,52234,,,,,
951116980967645,100082080567569,"Paulistão F","FIM DE PAPO!
Duas goleadas e um empate sem gols marcaram a quinta-feira de #PaulistãoF!",,0,"05/14/2026 17:56",N/A,https://www.facebook.com/paulistaof/posts/pfbid0UFs1FFFaQnUmrhv2SGPa9B2RvupypaN81qt4KaJckbyc2xjBL5zTPyshNG81M5xil,0,0,Fotos,,,,,Total,,11342,124,113,9,2,222,114,108,,,,,,,,,,16805,,,,,
951114700967873,100082080567569,"Paulistão F","FECHOU O GOL!
Taty Amaro não deixou passar nada no gol das Sereias e foi eleita a Craque do Jogo!
#PaulistãoF #CraqueDoJogo 
📷Fernanda Luz/Ag.Paulistão",,0,"05/14/2026 17:51",N/A,https://www.facebook.com/paulistaof/posts/pfbid0K4hUxazkGdeJp9VuTwCJv81eWBaQpeNtxNTHDsqU45vMKYJWL42Bcg59zNbRApGZl,0,0,Fotos,,,,,Total,,1825,15,13,2,0,25,15,10,,,,,,,,,,2483,,,,,
951112377634772,100082080567569,"Paulistão F","ACESSO NEGADO! 🚫⚽
@tatyane.amaro foi a grande responsável por garantir o zero do placar no Clássico da Saudade! Que atuação da goleira das @sereiasdavilaoficial 👏👏👏

#PaulistãoF2026 #Santos","ACESSO NEGADO! 🚫⚽
@tatyane.amaro foi a grande responsável por garantir o zero do placar no Clássico da Saudade! Que atuação da goleira das @sereiasdavilaoficial 👏👏👏

#PaulistãoF2026 #Santos",18,"05/14/2026 17:46",N/A,https://www.facebook.com/reel/26601151076220691/,1,0,Vídeos,,,,,Total,,7492,90,89,1,0,72,72,,,,,58202.698,8.036,0,0,0,,8787,,,,,
951107850968558,100082080567569,"Paulistão F","NÃO PASSA ABSOLUTAMENTE NADA! 🔥
A defesa das Sereias da Vila foi sólida e não tomou nenhum gol contra o Palmeiras!
#PaulistãoF #Santos #ClássicoDaSaudade","NÃO PASSA ABSOLUTAMENTE NADA! 🔥
A defesa das Sereias da Vila foi sólida e não tomou nenhum gol contra o Palmeiras!
#PaulistãoF #Santos #ClássicoDaSaudade",33,"05/14/2026 17:37",N/A,https://www.facebook.com/reel/938177985880352/,0,0,Vídeos,,,,,Total,,42179,536,527,9,0,567,567,,,,,665307.594,15.887,0,0,0,,50385,,,,,
951103994302277,100082080567569,"Paulistão F","TUDO IGUAL NA VILA BELMIRO!
Santos e Palmeiras terminam o Superclássico em um empate sem gols na segunda rodada do #PaulistãoF.
📷Fernanda Luz/Ag. Paulistão",,0,"05/14/2026 17:28",N/A,https://www.facebook.com/paulistaof/posts/pfbid0Q6j6aXA6jDRMTNopGQsVCaYozfG2gFCL2EDir88wnQCQTzsdCqzVSonEvHnFvy87l,0,0,Fotos,,,,,Total,,4425,78,67,9,2,117,49,68,,,,,,,,,,6166,,,,,
951099514302725,100082080567569,"Paulistão F","CRUZAMENTO, QUE NADA!
Essa bola da Evellyn tinha endereço certo... foi quase!
#PaulistãoF #Santos #ClássicoDaSaudade","CRUZAMENTO, QUE NADA!
Essa bola da Evellyn tinha endereço certo... foi quase!
#PaulistãoF #Santos #ClássicoDaSaudade",31,"05/14/2026 17:18",N/A,https://www.facebook.com/reel/820370534125275/,0,0,Vídeos,,,,,Total,,29265,183,178,5,0,467,467,,,,,411530.103,14.687,0,0,0,,30686,,,,,
951097010969642,100082080567569,"Paulistão F","QUASE GOL DAS PALESTRINAS! 😮‍💨
Quem disser que não viu essa bola balançando as redes... mentiu!
#PaulistãoF #Palmeiras #ClássicoDaSaudade","QUASE GOL DAS PALESTRINAS! 😮‍💨
Quem disser que não viu essa bola balançando as redes... mentiu!
#PaulistãoF #Palmeiras #ClássicoDaSaudade",19,"05/14/2026 17:12",N/A,https://www.facebook.com/reel/1472134907991770/,0,0,Vídeos,,,,,Total,,6497,113,111,2,0,66,66,,,,,62860.649,10.032,0,0,0,,7644,,,,,
951071824305494,100082080567569,"Paulistão F","NADA DE GOLS!
O primeiro tempo do Superclássico entre Santos e Palmeiras terminou no zero a zero.
#PaulistãoF
📷Fernanda Luz/Ag.Paulistão",,0,"05/14/2026 16:20",N/A,https://www.facebook.com/paulistaof/posts/pfbid02XAGEdJWngesDrXrA3Dxnoy1jFy1pz8PMw9caFVzHS69f39SRzpSJnGgZPJadraAHl,0,0,Fotos,,,,,Total,,4754,38,38,0,0,81,31,50,,,,,,,,,,6738,,,,,
951058954306781,100082080567569,"Paulistão F","VALE A PENA VER DE NOVO!
O hat-trick de Ariel Godoi pra cima do Red Bull Bragantino!
#PaulistãoF2026","VALE A PENA VER DE NOVO!
O hat-trick de Ariel Godoi pra cima do Red Bull Bragantino!
#PaulistãoF2026",57,"05/14/2026 15:53",N/A,https://www.facebook.com/reel/1776964616602311/,0,0,Vídeos,,,,,Total,,19483,1098,1071,17,10,265,265,,,,,277516.706,15.205,0,0,0,,20239,,,,,
951055637640446,100082080567569,"Paulistão F","AVISA QUE É ELA!
Hat-trick na vitória do Corinthians e troféu de #CraqueDoJogo pra conta! Que noite da Ariel Godoi!
#PaulistãoF2026 
📷Igor do Vale/Ag. Paulistão",,0,"05/14/2026 15:46",N/A,https://www.facebook.com/paulistaof/posts/pfbid02nZVYavVTpKg2xNDC6jUw12ZMXcTa1wPbReLFnLVajN55AqsbAu5hgKBVMwSMYtf9l,0,0,Fotos,,,,,Total,,1813,86,82,3,1,25,14,11,,,,,,,,,,2525,,,,,
951053787640631,100082080567569,"Paulistão F","COMO ESSA BOLA NÃO ENTROU??? 🤯🤯

Quase o primeiro das @sereiasdavilaoficial no clássico!

#PaulistãoF2026 #Santos #Palmeiras","COMO ESSA BOLA NÃO ENTROU??? 🤯🤯

Quase o primeiro das @sereiasdavilaoficial no clássico!

#PaulistãoF2026 #Santos #Palmeiras",12,"05/14/2026 15:42",N/A,https://www.facebook.com/reel/1300406525622489/,1,0,Vídeos,,,,,Total,,9705,39,38,1,0,103,103,,,,,61773.104,6.646,0,0,0,,11299,,,,,
951049564307720,100082080567569,"Paulistão F","TRÊS VIRA, SEIS ACABA!
Em noite inspirada de Ariel, Corinthians goleia o Red Bull Bragantino fora de casa!
#PaulistãoF2026 
📷Igor do Vale/Ag. Paulistão",,0,"05/14/2026 15:33",N/A,https://www.facebook.com/paulistaof/posts/pfbid0H95yAhJBKFpUQSqw9YWuPgH2in2DMEafqj9JsRWbbH1haLjT7akmhRsQ4Yj7RuJwl,0,0,Fotos,,,,,Total,,58635,1918,1799,63,56,1875,451,1424,,,,,,,,,,82211,,,,,
951044770974866,100082080567569,"Paulistão F","QUASE TUDO PRONTO!
Vem com a gente AO VIVO que a bola vai rolar daqui a pouco entre Santos e Palmeiras no #PaulistãoF!
📷Fernanda Luz/Ag. Paulistão",,0,"05/14/2026 15:24",N/A,https://www.facebook.com/paulistaof/posts/pfbid0C9gNjdFR8scxM95ijf4VSfvZYSLP8CP7swvCxT78CebcH3bUShANR2tAGXTL6Bo1l,0,0,Fotos,,,,,Total,,1711,17,17,0,0,32,8,24,,,,,,,,,,2300,,,,,
951035497642460,100082080567569,"Paulistão F","ARIEL! ARIEL! ARIEL!
Hat-trick da camisa 11 do Corinthians!
#PaulistãoF2026","ARIEL! ARIEL! ARIEL!
Hat-trick da camisa 11 do Corinthians!
#PaulistãoF2026",61,"05/14/2026 15:06",N/A,https://www.facebook.com/reel/4041109302847659/,0,0,Vídeos,,,,,Total,,13386,701,688,6,7,179,179,,,,,175110.813,13.907,0,0,0,,13231,,,,,
951032160976127,100082080567569,"Paulistão F","Vem ver os melhores momentos da vitória da Ferroviária por 4 a 0 para cima do Mirassol!
#PaulistãoF #Centauro","Vem ver os melhores momentos da vitória da Ferroviária por 4 a 0 para cima do Mirassol!
#PaulistãoF #Centauro",153,"05/14/2026 14:59",auto,https://www.facebook.com/reel/1280957770772659/,1,0,Vídeos,,,,,Total,,1152,18,17,0,1,21,21,,,,,12805.767,11.726,0,0,0,,1138,,,,,
951031510976192,100082080567569,"Paulistão F","CINCO!
O Corinthians não para! Ariel anota mais um!
#PaulistãoF2026","CINCO!
O Corinthians não para! Ariel anota mais um!
#PaulistãoF2026",55,"05/14/2026 14:57",N/A,https://www.facebook.com/reel/967438009341241/,0,0,Vídeos,,,,,Total,,7223,258,248,7,3,121,121,,,,,64171.145,9.718,0,0,0,,6929,,,,,
951028230976520,100082080567569,"Paulistão F","VOCÊ PISCOU E TEM MAIS GOL!
@ijhonson_005 vai pra rede mais uma vez e anota o quarto das @asbrabas pra cima do Red Bull Bragantino!
#PaulistãoF2026","VOCÊ PISCOU E TEM MAIS GOL!
@ijhonson_005 vai pra rede mais uma vez e anota o quarto das @asbrabas pra cima do Red Bull Bragantino!
#PaulistãoF2026",48,"05/14/2026 14:49",N/A,https://www.facebook.com/reel/1007780728346564/,1,0,Vídeos,,,,,Total,,4259,99,98,1,0,49,49,,,,,48816.789,12.059,0,0,0,,4491,,,,,
951027960976547,100082080567569,"Paulistão F","BORA QUE HOJE É DIA DE SUPERCLÁSSICO!
Daqui a pouco a bola vai rolar entre Santos e Palmeiras no #PaulistãoF!
📷Fernanda Luz/Ag. Paulistão",,0,"05/14/2026 14:49",N/A,https://www.facebook.com/paulistaof/posts/pfbid0HsndqwQ4JqZyS5iop8xCp7WVLf9VhSP1WfF8SDdZ7W9x9iCv3nfa5FBrpT8sh7pel,0,0,Fotos,,,,,Total,,878,13,13,0,0,17,7,10,,,,,,,,,,1183,,,,,
951023357643674,100082080567569,"Paulistão F","DE CABEÇA!
O Corinthians chega ao terceiro gol! @anavitoriav10 é o nome da emoção!
#PaulistãF2026","DE CABEÇA!
O Corinthians chega ao terceiro gol! @anavitoriav10 é o nome da emoção!
#PaulistãF2026",54,"05/14/2026 14:39",N/A,https://www.facebook.com/reel/1252533503625498/,1,0,Vídeos,,,,,Total,,7375,339,327,3,9,124,123,,1,,,64581.058,9.699,0,0,0,,6971,,,,,
951015960977747,100082080567569,"Paulistão F","CORINTHIANS UM, DOIS, TRÊS!
Mesmo jogando fora de casa, as Brabas conquistam uma grande vantagem no primeiro tempo contra o Red Bull Bragantino.
#PaulistãoF2026 
📷Igor do Vale/Ag. Paulistão",,0,"05/14/2026 14:23",N/A,https://www.facebook.com/paulistaof/posts/pfbid02b9TjTavmt2EvQvp5dde91hs5qdAPJ2ziBBX9Q7294BFYEeKFus8BBb6Pnx2zeL8Ll,0,0,Fotos,,,,,Total,,11954,331,309,11,11,433,121,312,,,,,,,,,,17078,,,,,
951009984311678,100082080567569,"Paulistão F","MONIQUE FOI A CRAQUE DO JOGO!
A zagueira da Ferroviária abriu o marcador da goleada das Guerreiras Grenás e foi eleita o destaque da partida!
#PaulistãoF #CraqueDoJogo 
📷José Luís Silva/Ag. Paulistão",,0,"05/14/2026 14:10",N/A,https://www.facebook.com/paulistaof/posts/pfbid0HJb236KUF4yLddDQTAhLV2jKab677UojwuhN5YhDLMQaMy62Z3fqHj3HQFdb4AvXl,0,0,Fotos,,,,,Total,,704,15,15,0,0,4,3,1,,,,,,,,,,939,,,,,
951009827645027,100082080567569,"Paulistão F","É O SEGUNDO DO TIMÃO!
Agora foi a vez de @arielgodoy94 deixar o dela!
#PaulistãoF2026","É O SEGUNDO DO TIMÃO!
Agora foi a vez de @arielgodoy94 deixar o dela!
#PaulistãoF2026",62,"05/14/2026 14:10",N/A,https://www.facebook.com/reel/2016987852528563/,1,0,Vídeos,,,,,Total,,26395,1643,1582,33,28,704,703,,1,,,317594.45,13.316,0,0,0,,24990,,,,,
951006770978666,100082080567569,"Paulistão F","VENDITO FAZ O QUARTO DAS GUERREIRAS GRENÁS!
A atacante entrou no segundo tempo e deixou o dela no jogo!
#PaulistãoF","VENDITO FAZ O QUARTO DAS GUERREIRAS GRENÁS!
A atacante entrou no segundo tempo e deixou o dela no jogo!
#PaulistãoF",31,"05/14/2026 14:04",N/A,https://www.facebook.com/reel/968066742511132/,0,0,Vídeos,,,,,Total,,1814,25,25,0,0,15,15,,,,,13746.115,7.868,0,0,0,,1903,,,,,
951005754312101,100082080567569,"Paulistão F","TIMÃO NA FRENTE!
@ijhonson_005 completa o cruzamento pro fundo da rede e faz o primeiro das @asbrabas contra o Red Bull Bragantino.
#PaulistãoF2025","TIMÃO NA FRENTE!
@ijhonson_005 completa o cruzamento pro fundo da rede e faz o primeiro das @asbrabas contra o Red Bull Bragantino.
#PaulistãoF2025",57,"05/14/2026 14:02",N/A,https://www.facebook.com/reel/983428204337893/,1,0,Vídeos,,,,,Total,,1922,56,54,2,0,42,42,,,,,15770.991,8.94,0,0,0,,1853,,,,,
951003884312288,100082080567569,"Paulistão F","MAIS UMA VITÓRIA DAS GUERREIRAS GRENÁS!
Jogando em Bálsamo, a Ferroviária goleia o Mirassol e conquista seu segundo triunfo no #PaulistãoF!
📷José Luís Silva/Ag. Paulistão",,0,"05/14/2026 13:58",N/A,https://www.facebook.com/paulistaof/posts/pfbid02PZvpbP4bLVtX5urpqj9U1mRGKnxMgvthAJWqPKivjMi7pt4M6J1dvycQCrx3Qngal,0,0,Fotos,,,,,Total,,3589,57,52,1,4,63,17,46,,,,,,,,,,4946,,,,,
951000750979268,100082080567569,"Paulistão F","QUE JOGADA DA JULIA BEATRIZ!
É o terceiro gol das Guerreiras Grenás na partida!
#PaulistãoF","QUE JOGADA DA JULIA BEATRIZ!
É o terceiro gol das Guerreiras Grenás na partida!
#PaulistãoF",35,"05/14/2026 13:51",uploaded,https://www.facebook.com/reel/992651416666370/,0,0,Vídeos,,,,,Total,,4541,39,36,3,0,68,68,,,,,38915.377,9.083,0,0,0,,4513,,,,,
950990400980303,100082080567569,"Paulistão F","CHUTOU COLOCADO E FEZ O DELA!
A Dos Santos ampliou a vantagem da Ferroviária com esse golaço!
#PaulistãoF","CHUTOU COLOCADO E FEZ O DELA!
A Dos Santos ampliou a vantagem da Ferroviária com esse golaço!
#PaulistãoF",38,"05/14/2026 13:30",N/A,https://www.facebook.com/reel/1689435855419828/,0,0,Vídeos,,,,,Total,,4496,44,43,0,1,62,62,,,,,37624.513,8.986,0,0,0,,4387,,,,,
950990047647005,100082080567569,"Paulistão F","AVANTI, PALESTRINAS!
O Palmeiras disputa o primeiro #SuperclássicoF e quer a vitória para seguir na liderança!
#PaulistãoF2026",,0,"05/14/2026 13:30",N/A,https://www.facebook.com/paulistaof/posts/pfbid037CTKavripVZ5fhBCNxRyycJVuRcxoEVqMD5KPu9Kad5tjExFsdLxiefk6AW2Shwil,0,0,Fotos,,,,,Total,,809,13,13,0,0,14,7,7,,,,,,,,,,1074,,,,,
950987440980599,100082080567569,"Paulistão F","JOGÃO!
Chega a vez de Red Bull Bragantino e Corinthians irem a campo pela segunda rodada do Paulistão F 2026!
#PaulistãoF2026
📷Igor do Vale/Ag. Paulistão",,0,"05/14/2026 13:24",N/A,https://www.facebook.com/paulistaof/posts/pfbid0NKjz2e5j7kHjkJGbwoYFKoLXTsW3kza1NHJnZf7ZLpUQSNaUdWwCy6zYBvZAEGHrl,0,0,Fotos,,,,,Total,,1599,23,21,2,0,26,7,19,,,,,,,,,,2137,,,,,
950975544315122,100082080567569,"Paulistão F","VAI PRA CIMA, SANTOS!
As Sereias da Vila contam com a força da Vila Mais Famosa do Mundo na busca pelos primeiros três pontos no #PaulistãoF2026!
#SuperclássicoF",,0,"05/14/2026 13:00",N/A,https://www.facebook.com/paulistaof/posts/pfbid0HHw1jsnpfv5kCCAqdgfognQKAXeJg1sQUhqMusMme9GHao6WZvxS6zsWtNBtFQcDl,0,0,Fotos,,,,,Total,,767,13,12,1,0,17,11,6,,,,,,,,,,1025,,,,,
950971314315545,100082080567569,"Paulistão F","FERROVIÁRIA SAI NA VANTAGEM!
Fim do primeiro tempo em Bálsamo e as Guerreiras Grenás vão vencendo o confronto contra o Mirassol!
#PaulistãoF 
📷José Luís Silva/Ag. Paulistão",,0,"05/14/2026 12:51",N/A,https://www.facebook.com/paulistaof/posts/pfbid02QsHPHzBz5B29dFRi4NWuVYCKcHPP6QogUs65e9uZYeZ3jYyuxKBoMjDn8v1HhGkVl,0,0,Fotos,,,,,Total,,2627,24,23,0,1,37,16,21,,,,,,,,,,3711,,,,,
950962470983096,100082080567569,"Paulistão F","MONIQUE MARCA PARA A FERROVIÁRIA!
A zagueira grená não desperdiçou o cruzamento na área e as Guerreiras saem na frente contra o Mirassol!
#PaulistãoF","MONIQUE MARCA PARA A FERROVIÁRIA!
A zagueira grená não desperdiçou o cruzamento na área e as Guerreiras saem na frente contra o Mirassol!
#PaulistãoF",31,"05/14/2026 12:34",N/A,https://www.facebook.com/reel/1302526715171441/,0,0,Vídeos,,,,,Total,,4694,57,54,3,0,82,82,,,,,36162.075,7.82,0,0,0,,4891,,,,,
950943757651634,100082080567569,"Paulistão F","QUINTA DE #SUPERCLÁSSICOF!
A Vila Belmiro será palco de mais um confronto na história de Santos e Palmeiras! Quem será que fica com os três pontos?
#PaulistãoF2026",,0,"05/14/2026 12:00",N/A,https://www.facebook.com/paulistaof/posts/pfbid034g7Y4b9peMthLZSYuDvNeWaLc7ye6fcFzUuqwEAR6Pr3svErkSRwTdKUkwcLV8dgl,0,0,Fotos,,,,,Total,,2170,43,39,0,4,50,22,28,,,,,,,,,,3136,,,,,
950930067653003,100082080567569,"Paulistão F","ABRINDO A SEGUNDA RODADA! 🤩
O Mirassol vai em busca da primeira vitória no #PaulistãoF, enquanto a Ferroviária quer somar os três pontos fora de casa!
📷José Luís Silva/Ag. Paulistão",,0,"05/14/2026 11:34",N/A,https://www.facebook.com/paulistaof/posts/pfbid0UeuX21W2JAq7bMRJXxsLg7dLv6qATFV8PHpRkgBZG1aG7GAYumV5LxoEpza23NUMl,0,0,Fotos,,,,,Total,,744,12,11,0,1,14,2,12,,,,,,,,,,1052,,,,,
950909890988354,100082080567569,"Paulistão F","SEGURA!
Quer mais um jogão do Paulistão F na sua tela?! Então vem de Red Bull Bragantino e Corinthians!
#PaulistãoF2026",,0,"05/14/2026 11:00",N/A,https://www.facebook.com/paulistaof/posts/pfbid0PYWWejWarouVM4J6h9o19CQ67LwQ5N18R6R1SGEaddyobqzZupJeQSgpyLKUh4apl,0,0,Fotos,,,,,Total,,902,13,11,0,2,11,6,5,,,,,,,,,,1251,,,,,
950835304329146,100082080567569,"Paulistão F","APERTA O PLAY! 
A segunda rodada do Paulistão tá na área! Mirassol e Ferroviária são os responsáveis por abrirem os trabalhos!
#PaulistãoF2026",,0,"05/14/2026 09:00",N/A,https://www.facebook.com/paulistaof/posts/pfbid0vZPHheKKVtY58p9TRvDCa1WbdyS6QMZSfYR8jX91CnHJa8zrc6Qyg6Hj3rk373Pl,0,0,Fotos,,,,,Total,,1081,14,14,0,0,13,6,7,,,,,,,,,,1452,,,,,
950711084341568,100082080567569,"Paulistão F","DE TARDE ATÉ A NOITE, A QUINTA-FEIRA VEM COM TUDO NO PAULISTÃO F!
#PaulistãoF",,0,"05/14/2026 06:00",N/A,https://www.facebook.com/paulistaof/posts/pfbid02v2QG2JG5sdWfGNYDdRJVtejNfo1HnMEL4MU4q3VQAGAB5aS2rCbMNGHNd4fs4RzYl,0,0,Fotos,,,,,Total,,57867,775,723,28,24,2000,570,1430,,,,,,,,,,84624,,,,,
950171461062197,100082080567569,"Paulistão F","FOI NA EMOÇÃO!
São José leva a melhor nos pênaltis e garante um lugar na terceira fase da Copa do Brasil Feminina!
#ElasEmCampo
📷Mariana Luz/São José",,0,"05/13/2026 13:57",N/A,https://www.facebook.com/paulistaof/posts/pfbid0PuhNMHZxodqpRTWxihGEkX2UGGFCEX5us4raP7rBfWVEiycJKpkYh1ohAB6vtUinl,0,0,Fotos,,,,,Total,,6541,51,50,0,1,83,41,42,,,,,,,,,,9097,,,,,
950170754395601,100082080567569,"Paulistão F","Taubaté lutou até o fim, mas acabou superado e se despede da Copa do Brasil Feminina.
#ElasEmCampo
📷Anderson Romão/Ag. Paulistão",,0,"05/13/2026 13:56",N/A,https://www.facebook.com/paulistaof/posts/pfbid0XM5Nzb8e2SKaYoynQwWPgA8uYcxqKfMqu9UpyPqVWemGzBMBTqZjQFVEWAAubyfdl,0,0,Fotos,,,,,Total,,5305,48,45,2,1,94,53,41,,,,,,,,,,7459,,,,,
950170244395652,100082080567569,"Paulistão F","VAI, MAUAENSE!
Vitória em casa e vaga garantida na próxima fase da Copa do Brasil Feminina!
#ElasEmCampo
📷Danilo Bass/Mauaense",,0,"05/13/2026 13:55",N/A,https://www.facebook.com/paulistaof/posts/pfbid0r9eZgRv4inTBh6jVAiRABLUPuaW7XcYT8V9vRrRscNCfE4ibFGd2r2CCJJLwKFTql,0,0,Fotos,,,,,Total,,1678,16,15,0,1,8,5,3,,,,,,,,,,2198,,,,,
950154531063890,100082080567569,"Paulistão F","AVANÇOU!
O Mauaense está garantido na próxima fase da Copa do Brasil Feminina!
#ElasEmCampo",,0,"05/13/2026 13:24",N/A,https://www.facebook.com/paulistaof/posts/pfbid0MKXrzcorJ1xw9RMXQMf3JVGe1mzhgA21mtaTFkLiaaWqTrHJNtsUN17KuQRA31Lwl,0,0,Fotos,,,,,Total,,874,8,6,0,2,6,3,3,,,,,,,,,,1183,,,,,
950153061064037,100082080567569,"Paulistão F","VAI, SÃO JOSÉ!
As Meninas da Águia avançam na Copa do Brasil Feminina!
#ElasEmCampo",,0,"05/13/2026 13:22",N/A,https://www.facebook.com/paulistaof/posts/pfbid0hku7xNhepVy9hHfDj5RzFwKHmKJwc6PRpi8yDNx8nkUgA7snycMFq189fujqvZtzl,0,0,Fotos,,,,,Total,,1920,20,19,0,1,26,13,13,,,,,,,,,,2626,,,,,
949998577746152,100082080567569,"Paulistão F","ANOTA AÍ!
A SEGUNDA RODADA DO PAULISTÃO CHEGOU!
#PaulistãoF",,0,"05/13/2026 09:00",N/A,https://www.facebook.com/paulistaof/posts/pfbid02fZLhwCddDETYLZ7rCEea4ceNN45fhqU8thgDKQrr8tE8zV5VJW4Q3G8DXJaMy6rLl,0,0,Fotos,,,,,Total,,38166,442,391,16,35,987,321,666,,,,,,,,,,57211,,,,,
949968814415795,100082080567569,"Paulistão F","LAURA VALVERDE É A CRAQUE DA 1ª RODADA!
A Bragantina fez seu primeiro gol com a camisa do Massa Bruta e ainda ganhou a votação de #CraqueDaRodada do Paulistão!
#PaulistãoF",,0,"05/13/2026 08:16",N/A,https://www.facebook.com/paulistaof/posts/pfbid02r6UqYZmYD6kmSVpRLpmyEwSpHnjMET96YjweBdww9aMDUdVvEAVRLNTitkNEqiAel,0,0,Fotos,,,,,Total,,2006,18,17,0,1,16,9,7,,,,,,,,,,2701,,,,,
949875661091777,100082080567569,"Paulistão F","QUARTA-FEIRA DECISIVA!
Os confrontos da segunda fase da @copadobrasil_fem chegaram!
#ElasEmCampo",,0,"05/13/2026 06:00",N/A,https://www.facebook.com/paulistaof/posts/pfbid02bP7UsgdW68WvRof6TZt1c6P3Yxvkg5dtgjKEtKRq22aBdEGR1FLoUU5mJW7LrdTPl,0,0,Fotos,,,,,Total,,2090,24,21,0,3,27,9,18,,,,,,,,,,2911,,,,,
948715777874432,100082080567569,"Paulistão F","Com goleada do Palmeiras e vitória do Corinthians no Majestoso, esses foram os resultados dos jogos das minhas equipes no @brfeminino dessa segunda-feira!
#ElasEmCampo",,0,"05/11/2026 19:41",N/A,https://www.facebook.com/paulistaof/posts/pfbid0y7j5VY5HXkCPqfdGrLNoDaLBsxeSQFghVySAy1ZDso9DsAgfD6AzqsJfQGCKp3VQl,0,0,Fotos,,,,,Total,,10837,169,161,5,3,170,81,89,,,,,,,,,,16546,,,,,
948712861208057,100082080567569,"Paulistão F","AS BRABAS LEVAM A MELHOR NO MAJESTOSO!
O Corinthians supera o São Paulo no @brfeminino!
#ElasEmCampo
📷Rebeca Reis/Staff Images Woman/CBF",,0,"05/11/2026 19:36",N/A,https://www.facebook.com/paulistaof/posts/pfbid0FkP1GvYjFa5aHuTbcCiyfMGkGFtrWKd41hnv9cAQXY2GaX462LfaqLXa1FTEbwt9l,0,0,Fotos,,,,,Total,,50133,2078,1949,62,67,875,539,336,,,,,,,,,,68590,,,,,
948691437876866,100082080567569,"Paulistão F","VITÓRIA DAS PALESTRAS!
Mais três pontos na conta do Palmeiras com direito a hat-trick da Taina Maranhão!
#ElasEmCampo
📷Paloma Cassiano/Palmeiras",,0,"05/11/2026 18:57",N/A,https://www.facebook.com/paulistaof/posts/pfbid023umv7XdVAD9QvvUE1ccKp1t7nck3BSdUSTCGp1LaBaDAcdAE6JDfhAeaGHjcMSncl,0,0,Fotos,,,,,Total,,132118,4758,4456,152,150,1678,774,904,,1,,,,,,,,176083,,,,,
948628544549822,100082080567569,"Paulistão F","TUDO IGUAL!
A Ferroviária sofreu o empate no final do jogo contra o Flamengo e somou um ponto no @brfeminino.
#ElasEmCampo
📷Rafael Zocco/Ferroviária",,0,"05/11/2026 16:57",N/A,https://www.facebook.com/paulistaof/posts/pfbid02VsLUkUgK5tuusa4v3oHmV1Sf7F1rQNAFKWdCT78CFgctiWZZ3ZK8Q77BAzTeULdl,0,0,Fotos,,,,,Total,,7302,99,82,12,5,109,56,53,,,,,,,,,,9746,,,,,
948453611233982,100082080567569,"Paulistão F","DIA DE MAJESTOSO!
Hoje tem clássico no @brfeminino! Quem vence esse jogão?
#ElasEmCampo",,0,"05/11/2026 11:00",N/A,https://www.facebook.com/paulistaof/posts/pfbid02119udNgMv8Swjzhfc8ueceCzrCoFoMS4GSjkuaf826dAAh3jTyRwxg2VEADiubvDl,0,0,Fotos,,,,,Total,,7513,190,165,21,4,256,154,102,,,,,,,,,,10848,,,,,
948389421240401,100082080567569,"Paulistão F","Com direito a clássico, a segunda-feira promete no @brfeminino!
#ElasEmCampo",,0,"05/11/2026 09:16",N/A,https://www.facebook.com/paulistaof/posts/pfbid0224Ck3uDUiRg1CmK4oNBim9RSbt4GAn3L6ifTVAkL2sDi89u55BELoasrsBJaQiH4l,0,0,Fotos,,,,,Total,,13878,202,182,11,9,328,123,205,,,,,,,,,,19413,,,,,
947801627965847,100082080567569,"Paulistão F","Noite complicada para as Bragantinas.
#ElasEmCampo
📷Fernando Roberto/Red Bull Bragantino",,0,"05/10/2026 15:13",N/A,https://www.facebook.com/paulistaof/posts/pfbid02RZoPkQqULQgSMsUa6JgLz5bHmtgjfBP1sjooneNvQbELXuQZkLGBikymyQJnWdFJl,0,0,Fotos,,,,,Total,,9059,59,58,0,1,66,25,41,,,,,,,,,,12077,,,,,
947462227999787,100082080567569,"Paulistão F","BRAGANTINAS EM CAMPO!
Jogando em casa, as Bragantinas têm mais um compromisso pelo @brfeminino.
#ElasEmCampo",,0,"05/10/2026 06:00",N/A,https://www.facebook.com/paulistaof/posts/pfbid0Dn363VhbQWBXhyP6j7QUQNVatuggE5jLN2KHbmoKW5AKC1MVTZZKCFuSWoecpHAZl,0,0,Fotos,,,,,Total,,2003,22,21,0,1,26,13,13,,,,,,,,,,2865,,,,,
946984354714241,100082080567569,"Paulistão F","Fim de mais um dia com #ElasEmCampo.
#PaulistasEmCampo",,0,"05/09/2026 16:24",N/A,https://www.facebook.com/paulistaof/posts/pfbid02tLLAGJWUCZRN2Xn9Jz5LJfmfzAtNXvUx8rh6ZHhn9tM3isMcShycninJU5JNbBsEl,0,0,Fotos,,,,,Total,,13839,51,48,0,3,167,65,102,,,,,,,,,,19440,,,,,
946983831380960,100082080567569,"Paulistão F","Hoje não deu para o Taubaté.
#ElasEmCampo
📷Divulgação/Taubaté",,0,"05/09/2026 16:23",N/A,https://www.facebook.com/paulistaof/posts/pfbid02phmrDZNzJTBWnh4Syz3wMofYqHKXdqMUgxYth8erwkmLatMbsYr9bpKUwGghzmGyl,0,0,Fotos,,,,,Total,,8422,20,20,0,0,47,18,29,,,,,,,,,,10629,,,,,
946928528053157,100082080567569,"Paulistão F","SEREIAS DA VILA!
Vitória do Santos pra cima do Fluminense!
#ElasEmCampo
📷Reinaldo Campo/Santos",,0,"05/09/2026 14:19",N/A,https://www.facebook.com/paulistaof/posts/pfbid0pX5Bc9xLbXME2LnyQN8MR93dMh54H98fjsFiVxi1wa15pef7kVeeiAWhTog6HZq2l,0,0,Fotos,,,,,Total,,11327,97,94,0,3,134,48,86,,,,,,,,,,15324,,,,,
946618494750827,100082080567569,"Paulistão F","MAIS DOIS!
Nada como um sábado com dois jogos das minhas equipes pelo Brasileirão A1 e Brasileirão A2 😍
#ElasEmCampo",,0,"05/09/2026 06:00",N/A,https://www.facebook.com/paulistaof/posts/pfbid0AupUrGdiGUqCdRpM61K6EotYyguarNYsUxyJZTjHgEByAioE5DqkdNnF9SsjmSMql,0,0,Fotos,,,,,Total,,9499,45,44,0,1,86,24,62,,,,,,,,,,12084,,,,,
946032951476048,100082080567569,"Paulistão F","A adm entrou na trend da melhor forma possível 🙏
#PaulistãoF2026","A adm entrou na trend da melhor forma possível 🙏
#PaulistãoF2026",21,"05/08/2026 11:16",uploaded,https://www.facebook.com/reel/857166873379304/,1,0,Vídeos,,,,,Total,,4655,50,49,0,1,16,16,,,,,22748.819,5.034,0,0,0,,4930,,,,,
945512638194746,100082080567569,"Paulistão F","OLHA ELA AÍ!
Com o Palmeiras na dianteira, é assim, que ficou a classificação do #PaulistãoF2026 ao fim da primeira rodada!",,0,"05/07/2026 20:14",N/A,https://www.facebook.com/paulistaof/posts/pfbid0ZXS2u5Mt9UVYXEt2eSdbnsjkmXPBgvfj9dzccwStQ1vK1S5YYzTsAFgCBxv463nRl,0,0,Fotos,,,,,Total,,31098,239,217,15,7,677,297,380,,,,,,,,,,46483,,,,,
931787369567273,100082080567569,"Paulistão F","VITÓRIAS DAS BRABAS!
Corinthians vence o Juventude e se mantém na liderança do Brasileirão Feminino.
#ElasEmCampo
📷Leonardo Bidese/Juventude",,0,"04/20/2026 19:03",N/A,https://www.facebook.com/paulistaof/posts/pfbid0ghrJy5odrnHj8UMApqCyp6ibPQjD5JCp4fRBdzRnTVmQHmxTmH4tbkRyDwQMK7r3l,0,0,Fotos,,,,,Total,,34045,837,783,43,11,543,258,285,,,,,,,,,,47522
931741032905240,100082080567569,"Paulistão F","VITÓRIA DO SÃO PAULO!
No duelo de Tricolores, o Paulista levou a melhor pra cima do Gaúcho!
#ElasEmCampo
📷Divulgação/São Paulo",,0,"04/20/2026 17:27",N/A,https://www.facebook.com/paulistaof/posts/pfbid02uajj4fu3i49cJKoYMtkHaPwzAS7tLVVEsd9DLmfsonWQwGtqXY1FCLNMtwH7fpYql,0,0,Fotos,,,,,Total,,23155,633,603,13,17,270,107,163,,,,,,,,,,31968
945499001529443,100082080567569,"Paulistão F","O MAJESTOSO É TRICOLOR! 
São Paulo fica com o troféu do #SuperclássicoF! 
#PaulistãoF2026",,0,"05/07/2026 19:47",N/A,https://www.facebook.com/paulistaof/posts/pfbid025hk4YU8vy1WjqdPPb9LYyKGMr1yem1i4ZkNG9RvQ24kszA2MEjjbsXtTvWqibLbFl,0,0,Fotos,,,,,Total,,38484,1118,1014,66,38,716,434,282,,,,,,,,,,55787
945493368196673,100082080567569,"Paulistão F","VIRADA E VITÓRIA!
O São Paulo começa a caminhada no #PaulistãoF2026 com os três pontos na conta!
📷Jhony Inacio/Ag. Paulistão",,0,"05/07/2026 19:37",N/A,https://www.facebook.com/paulistaof/posts/pfbid0378CHf2RWcWEnS9oFPrGeRJYJgCSTA4UpRQR7mCnoj3cCPbNKhdmMedFuoK9CCrrTl,0,0,Fotos,,,,,Total,,12275,454,420,21,13,447,145,302,,,,,,,,,,17647
945468101532533,100082080567569,"Paulistão F","NÃO TEM COMO EVITAR!
A Mylena deu aquela desviadinha consciente na primeira trave e garantiu o gol da virada do Tricolor no primeiro tempo.
#PaulsitãoF2026","NÃO TEM COMO EVITAR!
A Mylena deu aquela desviadinha consciente na primeira trave e garantiu o gol da virada do Tricolor no primeiro tempo.
#PaulsitãoF2026",40,"05/07/2026 18:48",uploaded,https://www.facebook.com/reel/1310880670989387/,0,0,Vídeos,,,,,Total,,11103,486,468,6,12,196,196,,,,,124905.852,11.638,0,0,0,,11677
945466394866037,100082080567569,"Paulistão F","PEREYRA!
Aquela chapada de fora da área, sem chances para a goleira do Corinthians!
#PaulistãoF2026","PEREYRA!
Aquela chapada de fora da área, sem chances para a goleira do Corinthians!
#PaulistãoF2026",24,"05/07/2026 18:44",N/A,https://www.facebook.com/reel/4550495721848495/,0,0,Vídeos,,,,,Total,,15896,399,342,49,8,497,497,,,,,160796.987,10.861,0,0,0,,17555
945465751532768,100082080567569,"Paulistão F","SIIIIIIIIIIIIIIIIIIIU!
A Anna Bia bem que tentou, mas não teve como impedir do golaço da Robledo!
#PaulistãoF2026","SIIIIIIIIIIIIIIIIIIIU!
A Anna Bia bem que tentou, mas não teve como impedir do golaço da Robledo!
#PaulistãoF2026",50,"05/07/2026 18:43",uploaded,https://www.facebook.com/reel/1769828054000382/,0,0,Vídeos,,,,,Total,,143031,9072,8783,106,183,2553,2553,,,,,2408564.813,17.776,0,0,0,,150582
945457028200307,100082080567569,"Paulistão F","TRICOLOR NA FRENTE!
Intervalo de jogo no Majestoso e o São Paulo tem a vantagem no placar contra o Corinthians!
#PaulistãoF
📷Jhony Inacio/Ag. Paulistão",,0,"05/07/2026 18:26",N/A,https://www.facebook.com/paulistaof/posts/pfbid024Nro3nobPrLQ6DryvYm2eCh2fppeneCfGQBwAURruQns4GpopZ5gSZw8d5u5c97dl,0,0,Fotos,,,,,Total,,4437,74,69,4,1,128,46,82,,,,,,,,,,6056
945453178200692,100082080567569,"Paulistão F","PASSARAM A CALL!
As instruções de Emily Lima e Thiago Viana na parada para a hidratação!
#PaulistãoF2026","PASSARAM A CALL!
As instruções de Emily Lima e Thiago Viana na parada para a hidratação!
#PaulistãoF2026",97,"05/07/2026 18:18",auto,https://www.facebook.com/reel/957387747161269/,0,0,Vídeos,,,,,Total,,53455,2314,2256,40,18,695,695,,,,,1309684.125,24.601,0,0,0,,58850
945448681534475,100082080567569,"Paulistão F","VIRA VIROUUUUUUU!
Na bola parada, @mylenaf02 coloca o Tricolor na frente!
#PaulistãoF2026","VIRA VIROUUUUUUU!
Na bola parada, @mylenaf02 coloca o Tricolor na frente!
#PaulistãoF2026",27,"05/07/2026 18:09",N/A,https://www.facebook.com/reel/3697134367095925/,1,0,Vídeos,,,,,Total,,3379,47,46,0,1,36,36,,,,,23666.133,7.167,0,0,0,,3676
945448704867806,100082080567569,"Paulistão F","OLHA A VIRADA DO SÃO PAULO!
Mylena usou a cabeça e colocou o Tricolor na frente do marcador!
#PaulistãoF2026","OLHA A VIRADA DO SÃO PAULO!
Mylena usou a cabeça e colocou o Tricolor na frente do marcador!
#PaulistãoF2026",40,"05/07/2026 18:09",N/A,https://www.facebook.com/reel/1325667579422195/,0,0,Vídeos,,,,,Total,,20852,694,660,16,18,473,473,,,,,186183.419,9.939,0,0,0,,19979
945444918201518,100082080567569,"Paulistão F","TÁ TUDO IGUAL!
Pereyra bate de fora da área e empata o Majestoso!
#PaulistãoF2026","TÁ TUDO IGUAL!
Pereyra bate de fora da área e empata o Majestoso!
#PaulistãoF2026",40,"05/07/2026 18:02",N/A,https://www.facebook.com/reel/4584822835080231/,0,0,Vídeos,,,,,Total,,5482,105,101,4,0,72,72,,,,,48248.185,9.115,0,0,0,,5697
945441754868501,100082080567569,"Paulistão F","TA TUDO IGUAL POR AQUI!
@pereyramaricel8 CHUTOU COLOCADO PARA EMPATAR O MAJESTOSO.
#PaulistãoF2026","TA TUDO IGUAL POR AQUI!
@pereyramaricel8 CHUTOU COLOCADO PARA EMPATAR O MAJESTOSO.
#PaulistãoF2026",25,"05/07/2026 17:56",N/A,https://www.facebook.com/reel/1693307335419712/,1,0,Vídeos,,,,,Total,,4932,93,62,30,1,124,124,,,,,37197.709,8.037,0,0,0,,5316
945439721535371,100082080567569,"Paulistão F","ROBLEDOOOOO!
A camisa 7 do Corinthians solta o pé da entrada da área e anota um GOLAÇO no Majestoso!
#PaulistãoF2026","ROBLEDOOOOO!
A camisa 7 do Corinthians solta o pé da entrada da área e anota um GOLAÇO no Majestoso!
#PaulistãoF2026",45,"05/07/2026 17:52",N/A,https://www.facebook.com/reel/1291676345762800/,0,0,Vídeos,,,,,Total,,80176,3155,2986,109,60,2863,2863,,,,,897432.694,12.479,0,0,0,,77775
945436054869071,100082080567569,"Paulistão F","SIIIIIIIIIIIIIIL! 🤣
A camisa 7 do Corinthians, @giselagilrobledo, meteu essa comemoração depois de um GOLAÇO no Majestoso! ⚫️⚪️","SIIIIIIIIIIIIIIL! 🤣
A camisa 7 do Corinthians, @giselagilrobledo, meteu essa comemoração depois de um GOLAÇO no Majestoso! ⚫️⚪️",30,"05/07/2026 17:43",N/A,https://www.facebook.com/reel/1921490541833420/,1,0,Vídeos,,,,,Total,,8566,337,324,12,1,284,283,,1,,,68228.026,8.576,0,0,0,,9115
945425941536749,100082080567569,"Paulistão F","TAÇA EM JOGO!
Tá chegando a hora da bola rolar no Majestoso! Quem será que vai levar o troféu do #SuperclássicoF pra casa?
#PaulistãoF2026
📷Jhony Inacio/Ag. Paulistão",,0,"05/07/2026 17:20",N/A,https://www.facebook.com/paulistaof/posts/pfbid02dU1Re381nuc1EQzB7xW7AtSq3dfGadfKVZ23Fppvsj6rS29k5kTd65CCxwCJRb1Gl,0,0,Fotos,,,,,Total,,563,7,7,0,0,8,1,7,,,,,,,,,,748
945425038203506,100082080567569,"Paulistão F","AQUECIMENTO FINALIZADO!
Bora pro #SuperclássicoF! É noite de Majestoso!
#PaulistãoF2026 
📷Jhony Inacio/Ag. Paulistão",,0,"05/07/2026 17:19",N/A,https://www.facebook.com/paulistaof/posts/pfbid02SCvzU5ok9MUZx3a6LbyRmYn7NUU1qhEV8L92vGhXiTUx17rDwiVpdeW6z1Ufq1a4l,0,0,Fotos,,,,,Total,,2824,39,39,0,0,75,22,53,,,,,,,,,,3791
945414711537872,100082080567569,"Paulistão F","COISA FINA! 🤌
Pega só a belezura que é o troféu de #CraqueDoJogo! Quem será a escolhida no Majestoso?
#PaulistãoF2026
📷Jhony Inacio/Ag. Paulistão",,0,"05/07/2026 16:57",N/A,https://www.facebook.com/paulistaof/posts/pfbid0KX22DRtS1RuQxZEiv41Tj6eW7cFtwm3apz4w3pNdx9qHHoYGFs9AU4kHb4UyLDwMl,0,0,Fotos,,,,,Total,,406,6,6,0,0,8,4,4,,,,,,,,,,559
945414064871270,100082080567569,"Paulistão F","OS COMANDANTES! 🫡
Aquela palavrinha entes do #SuperclássicoF!
#PaulistãoF2026
📷Jhony Inacio/Ag. Paulistão",,0,"05/07/2026 16:55",N/A,https://www.facebook.com/paulistaof/posts/pfbid027Hv6CHVcfq9WzNuyN9eNk4dGhtQzv4Ni1tzodyCvkGSUmr4pk2v3eq2WdzQHeMGQl,0,0,Fotos,,,,,Total,,2291,22,22,0,0,51,16,35,,,,,,,,,,3115
945413354871341,100082080567569,"Paulistão F","MAJESTOSO NO PAULISTÃO F!
SuperclássicoF pra fechar a primeira rodada em grande estilo!
#PaulistãoF2026
📷Jhony Inacio/Ag. Paulistão",,0,"05/07/2026 16:54",N/A,https://www.facebook.com/paulistaof/posts/pfbid0PRQpCo6LMi5gY9NbL8RFZ9NVzorF34fCVCNYotUrRFAVRmTSSw2QAhB1DQ8axCfil,0,0,Fotos,,,,,Total,,676,9,9,0,0,10,4,6,,,,,,,,,,893
945187241560619,100082080567569,"Paulistão F","VAMOS, SÃO PAULO!
AS TRICOLORES QUEREM A VITÓRIA FORA DE CASA!
#PaulistãoF2026 #SãoPaulo",,0,"05/07/2026 10:00",N/A,https://www.facebook.com/paulistaof/posts/pfbid02DggepLpUVCvpYLBwzMjwJqpvQdtpvD93PHPgpX9a8sdR9keZBT2CJ4qeaTB6ajbul,0,0,Fotos,,,,,Total,,6510,226,207,15,4,150,91,59,,,,,,,,,,8808
945150434897633,100082080567569,"Paulistão F","VAI PRA CIMA, TIMÃO!
As Brabas vão com tudo para começar o Paulistão com o pé direito!
#PaulistãoF2026 #Corinthians",,0,"05/07/2026 09:00",N/A,https://www.facebook.com/paulistaof/posts/pfbid0WVw2Ad9A6ffn8ETgjuewK5qEuYZWjTg8uZWh2EwsX1eNFTGuJmiNAvRbdxtoLZ1fl,0,0,Fotos,,,,,Total,,8238,244,231,9,4,146,83,63,,,,,,,,,,10965
945112551568088,100082080567569,"Paulistão F","DOSE TRIPLA!
Não vai faltar Majestoso nos próximos dias, hein? Seja no Paulistão F, no @brasileirao ou no @brfeminino, a emoção está garantida 🤩
#Majestoso #Corinthians #SãoPaulo",,0,"05/07/2026 08:00",N/A,https://www.facebook.com/paulistaof/posts/pfbid0ARruR9nJmX3qpVkQM6zaxt1o3AoK25iSM5MDtncu94Mgau63WqJg2wtvxA4F6vH3l,0,0,Fotos,,,,,Total,,85542,1462,1349,63,50,1632,606,1026,,,,,,,,,,122411
945035691575774,100082080567569,"Paulistão F","É DIA DE MAJESTOSO!
Nada melhor que um Superclássico para fechar a primeira rodada do Paulistão F 2026!
#PaulistãoF2026 #Corinthians #SãoPaulo",,0,"05/07/2026 06:00",N/A,https://www.facebook.com/paulistaof/posts/pfbid02vyZ3mt3NYPrsJ3UGwdiz6RGG16C2bEXRmRBPLgDCz8Pr9LqHA8U4uvtMyNMMKCeXl,0,0,Fotos,,,,,Total,,15096,391,349,24,18,310,137,173,,,,,,,,,,20969
944685251610818,100082080567569,"Paulistão F","Confira os melhores momentos da vitória da Ferroviária!
#PaulistãoF2026 #Centauro","Confira os melhores momentos da vitória da Ferroviária!
#PaulistãoF2026 #Centauro",92,"05/06/2026 19:33",mixed,https://www.facebook.com/reel/1380125864136112/,1,0,Vídeos,,,,,Total,,3871,68,64,2,2,68,68,,,,,55404.501,14.97,0,0,0,,3907
944646188281391,100082080567569,"Paulistão F","A DONA DO TROFÉU!
Autora do segundo gol, Micaelly foi a #CraqueDoJogo de hoje 🏆✨
#PaulistãoF2026
📷 Douglas Moreti/Ag. Paulistão",,0,"05/06/2026 18:19",N/A,https://www.facebook.com/paulistaof/posts/pfbid036HbaJqZoVFo7jmBWJEoShv19XmupRQCr292X1fvRq4Fs7SmMW9LSeH6GQxPoXTa1l,0,0,Fotos,,,,,Total,,2090,41,37,4,0,41,31,10,,,,,,,,,,2972
944626578283352,100082080567569,"Paulistão F","DOMINOU E MANDOU PRO FUNDO DA REDE!
Sozinha, a @micaelly_brazil ampliou a vantagem grená!
#PaulistãoF2026","DOMINOU E MANDOU PRO FUNDO DA REDE!
Sozinha, a @micaelly_brazil ampliou a vantagem grená!
#PaulistãoF2026",29,"05/06/2026 17:40",N/A,https://www.facebook.com/reel/1610323396931483/,1,0,Vídeos,,,,,Total,,2444,33,33,0,0,27,27,,,,,18911.216,7.969,0,0,0,,2578
944614544951222,100082080567569,"Paulistão F","FRIA PARA MARCAR O PRIMEIRO!
A @thayslane_gomes nem pegou muita distância para marcar seu primeiro gol com a camisa das @grenasguerreiras 🔥
#PaulistãoF2026","FRIA PARA MARCAR O PRIMEIRO!
A @thayslane_gomes nem pegou muita distância para marcar seu primeiro gol com a camisa das @grenasguerreiras 🔥
#PaulistãoF2026",32,"05/06/2026 17:14",N/A,https://www.facebook.com/reel/1329031739087578/,1,0,Vídeos,,,,,Total,,1989,27,26,0,1,25,25,,,,,12793.169,6.933,0,0,0,,1938
944606198285390,100082080567569,"Paulistão F","NA VANTAGEM!
As @grenasguerreiras saíram na frente neste primeiro tempo. 
#PaulistãoF2026
📷 Douglas Moreti/Ag. Paulistão",,0,"05/06/2026 16:56",N/A,https://www.facebook.com/paulistaof/posts/pfbid031jJsMckJg8tc5duY56WJNNhWkHg37pFp3RqMcEcDdxzmBi9158XmZwZeMWW9Xka3l,0,0,Fotos,,,,,Total,,3209,28,28,0,0,31,11,20,,,,,,,,,,4370
944595374953139,100082080567569,"Paulistão F","NÃO QUIS COLABORAR! 😅
A Andressinha cobrou duas faltas no capricho, mas a trave do Mirassol impediu o gol as duas vezes!
#PaulistãoF2026","NÃO QUIS COLABORAR! 😅
A Andressinha cobrou duas faltas no capricho, mas a trave do Mirassol impediu o gol as duas vezes!
#PaulistãoF2026",41,"05/06/2026 16:39",N/A,https://www.facebook.com/reel/1514313850364294/,0,0,Vídeos,,,,,Total,,5872,98,96,0,2,91,91,,,,,77903.344,13.605,0,0,0,,6147
944576801621663,100082080567569,"Paulistão F","AVISA QUE É ELA!
Dona de dois gols na goleada do Palmeiras, Diany foi escolhida pela galera domo a #CraqueDoJogo!
#PaulistãoF2026
📷Rebeca Reis/Ag. Paulistão",,0,"05/06/2026 16:36",N/A,https://www.facebook.com/paulistaof/posts/pfbid02aTi4gaZi7kfNuGV7qFvgd3fwK79XVpDrmJ2eTxpUQB5NWFmgQE7ZfGyNEAEsFXF4l,0,0,Fotos,,,,,Total,,3612,201,187,11,3,82,51,31,,,,,,,,,,5232
944536008292409,100082080567569,"Paulistão F","COMEÇOU COM TUDO!
Palmeiras define placar no primeiro tempo e estreia com vitória no Paulistão F 2026!
#PaulistãoF2026 
📷Rebeca Reis/Ag. Paulistão",,0,"05/06/2026 16:09",N/A,https://www.facebook.com/paulistaof/posts/pfbid02122c8EMfBf4P4X2jzbjubLtf5CKtVUcidgrf7vdt1u9aMj2KPnWQpUv7VxxsC698l,0,0,Fotos,,,,,Total,,6673,328,290,18,20,255,79,176,,,,,,,,,,9535
944511368294873,100082080567569,"Paulistão F","NÃO PERCA AS CONTAS!
Palmeiras 1, 2, 3, 4 e 5! Agora foi a vez de Greicy deixar o dela!
#PaulistãoF2026","NÃO PERCA AS CONTAS!
Palmeiras 1, 2, 3, 4 e 5! Agora foi a vez de Greicy deixar o dela!
#PaulistãoF2026",38,"05/06/2026 15:11",N/A,https://www.facebook.com/reel/1475526640690628/,0,0,Vídeos,,,,,Total,,6507,240,230,5,5,144,144,,,,,72975.827,11.994,0,0,0,,6611
944510268294983,100082080567569,"Paulistão F","A DONA DO JOGO!
Tem mais um dela! Diany anota o quarto gol da partida!
#PaulistãoF","A DONA DO JOGO!
Tem mais um dela! Diany anota o quarto gol da partida!
#PaulistãoF",40,"05/06/2026 15:09",uploaded,https://www.facebook.com/reel/2082230852365814/,0,0,Vídeos,,,,,Total,,4664,177,171,5,1,82,82,,,,,39463.914,9.082,0,0,0,,4588
944504681628875,100082080567569,"Paulistão F","AVASSALADOR!
O Palmeiras balançou as redes cinco vezes no primeiro tempo contra o Mirasso!
#PaulistãoF2026 
📷Rebeca Reis/Ag.Paulistão",,0,"05/06/2026 14:57",N/A,https://www.facebook.com/paulistaof/posts/pfbid0wx8C6rFh2jGRzRg48ErSH6ZxTXCez5pjuykeeY7CF3t7YQmNYPKYroWUNKRAohMSl,0,0,Fotos,,,,,Total,,7155,292,272,7,13,420,154,266,,,,,,,,,,10591
944500474962629,100082080567569,"Paulistão F","O VERDÃO TÁ COM TUDO!
É o terceiro do Palmeiras! @emilyassis11 aproveitou o cruzamento vindo da esquerda e se lançou na bola para garantir mais um gol pro Alviverde!
#PaulisãoF","O VERDÃO TÁ COM TUDO!
É o terceiro do Palmeiras! @emilyassis11 aproveitou o cruzamento vindo da esquerda e se lançou na bola para garantir mais um gol pro Alviverde!
#PaulisãoF",42,"05/06/2026 14:46",uploaded,https://www.facebook.com/reel/1499079621851663/,1,0,Vídeos,,,,,Total,,9817,383,370,4,9,199,199,,,,,75024.009,8.405,0,0,0,,9326
944498498296160,100082080567569,"Paulistão F","O PRIMEIRO DE 2026!
Já vamos começar o Paulistão 2026 com um SuperclássicoF 😍
#PaulistãoF2026
📷 Douglas Moreti/Ag. Paulistão",,0,"05/06/2026 14:41",N/A,https://www.facebook.com/paulistaof/posts/pfbid02EUfLyfZbL7dMdSwjY2LxEJe5fwgvpU5NDBMpmk5nmPFo8FN6m9f1LaWXBWzXaaKEl,0,0,Fotos,,,,,Total,,811,13,13,0,0,5,2,3,,,,,,,,,,1104
944495034963173,100082080567569,"Paulistão F","QUE PANCADA!
A @glaucia.cristiano soltou o pé na cobrança de pênalti e anotou o segundo do Palmeiras contra o Mirassol.
#PaulistãoF","QUE PANCADA!
A @glaucia.cristiano soltou o pé na cobrança de pênalti e anotou o segundo do Palmeiras contra o Mirassol.
#PaulistãoF",34,"05/06/2026 14:31",uploaded,https://www.facebook.com/reel/931698336365882/,1,0,Vídeos,,,,,Total,,5267,169,160,4,5,117,117,,,,,44614.607,9.058,0,0,0,,5258
944493198296690,100082080567569,"Paulistão F","TÁ NA REDE!
@dianymartins8 aproveita a falha da zaga do Mirassol pra fazer o primeiro só Palmeiras no Paulistão F!
#PaulistãoF2026","TÁ NA REDE!
@dianymartins8 aproveita a falha da zaga do Mirassol pra fazer o primeiro só Palmeiras no Paulistão F!
#PaulistãoF2026",40,"05/06/2026 14:27",uploaded,https://www.facebook.com/reel/1614693036253438/,1,0,Vídeos,,,,,Total,,8409,342,333,1,8,170,170,,,,,78264.854,10.156,0,0,0,,8201
944491898296820,100082080567569,"Paulistão F","A CRAQUE DO JOGO!
Laura Valverde jogou muito, fez o gol de empate das Bragantinas e  foi eleita pela galera a Craque do Jogo!
#PaulistãoF2026
📷Anderson Romão/Ag.Paulistão",,0,"05/06/2026 14:24",N/A,https://www.facebook.com/paulistaof/posts/pfbid02i5FBMxxXWjYFzt4dSwLTfiHRQdPgSUHKrBhvEc9m58n9QvyPCeNxbpJqHukmpSyAl,0,0,Fotos,,,,,Total,,1404,12,11,0,1,16,8,8,,,,,,,,,,1885
944488754963801,100082080567569,"Paulistão F","O PRIMEIRO DE LAURA VALVERDE PELAS BRAGANTINAS!
O GOL QUE GARANTIU O EMPATE DA EQUIPE!
#PaulistãoF2026","O PRIMEIRO DE LAURA VALVERDE PELAS BRAGANTINAS!
O GOL QUE GARANTIU O EMPATE DA EQUIPE!
#PaulistãoF2026",29,"05/06/2026 14:17",uploaded,https://www.facebook.com/reel/1493171125524366/,0,0,Vídeos,,,,,Total,,1320,12,12,0,0,13,13,,,,,9232.332,7.229,0,0,0,,1376
944486601630683,100082080567569,"Paulistão F","TUDO IGUAL NA ABERTURA DO PAULISTÃO 2026!
Red Bull Bragantino busca empate contra o Taubaté no fim do jogo!
#PaulistãoF2026",,0,"05/06/2026 14:12",N/A,https://www.facebook.com/paulistaof/posts/pfbid093hcSPojLnTM91r4V2koRzFkRwnpNBFQLBNLBrDGcx3373VeQqDo8Qdpa19gC4oEl,0,0,Fotos,,,,,Total,,1309,16,16,0,0,30,7,23,,,,,,,,,,1765
944478281631515,100082080567569,"Paulistão F","UM MILAGRE!
Yolanda faz bela defesa e salva o Taubaté!
#PaulistãoF2026 #Taubaté","UM MILAGRE!
Yolanda faz bela defesa e salva o Taubaté!
#PaulistãoF2026 #Taubaté",29,"05/06/2026 13:49",N/A,https://www.facebook.com/reel/1481467763439175/,0,0,Vídeos,,,,,Total,,2415,25,25,0,0,11,11,,,,,14417.58,6.29,0,0,0,,2518
944468224965854,100082080567569,"Paulistão F","SAAAIIIIIUUUUU!
Alessandra marca o primeiro gol do Paulistão F 2026!
#PaulistãoF2026 #Taubaté","SAAAIIIIIUUUUU!
Alessandra marca o primeiro gol do Paulistão F 2026!
#PaulistãoF2026 #Taubaté",21,"05/06/2026 13:24",N/A,https://www.facebook.com/reel/991777199921285/,0,0,Vídeos,,,,,Total,,5182,68,67,0,1,19,19,,,,,44988.138,8.774,0,0,0,,6088
944464874966189,100082080567569,"Paulistão F","NOITE DE ESTREIA!
Vem que tem mais um jogaço pra rolar no Paulistão! 
O Palmeiras começa a caminha na busca pelo tricampeonato, enquanto o Mirassol faz o primeiro jogo de sua história!
#PaulistãoF2026 
📷Rebeca Reis/Ag.Paulistão",,0,"05/06/2026 13:16",N/A,https://www.facebook.com/paulistaof/posts/pfbid02uPvfbqpTdzRsN75BXZEfwCE3RSqxSNNjHrCDAX13tjzVF5cUxLGBNX3tv4n9YhwLl,0,0,Fotos,,,,,Total,,664,11,11,0,0,10,5,5,,,,,,,,,,927
944452401634103,100082080567569,"Paulistão F","TAUBATÉ NA FRENTE DO PLACAR!
Intervalo de jogo e as Guerreiras vão vencendo as Bragantinas!
#PaulistãoF2026
📷Anderson Romão/Ag.Paulistão",,0,"05/06/2026 12:51",N/A,https://www.facebook.com/paulistaof/posts/pfbid07E6TGQyfcRcF1mY3mv93qn36CZK59xERCeHqePAYDUfzr4E2QvGHBKfbeA99w589l,0,0,Fotos,,,,,Total,,1595,16,15,0,1,20,9,11,,,,,,,,,,2161
944449861634357,100082080567569,"Paulistão F","O PRIMEIRO GOL DO PAULISTÃO F 2026 FOI DELA: ALESSANDRA!
#PaulistãoF2026 #Taubaté
📷Anderson Romão/Ag.Paulistão",,0,"05/06/2026 12:46",N/A,https://www.facebook.com/paulistaof/posts/pfbid0m2NugmXXhWVEb5iNajmnBXmqAj5APfMMVQmBWcpT2hfgQa4mJT94jvMQ8iJGNWJvl,0,0,Fotos,,,,,Total,,1314,14,12,1,1,13,10,3,,,,,,,,,,1766
944446654968011,100082080567569,"Paulistão F","MOMENTO HISTÓRICO!
O primeiro jogo da história do @mirassolfcfeminino será no Paulistão F!
#PaulistãoF2026 #Mirassol",,0,"05/06/2026 12:40",N/A,https://www.facebook.com/paulistaof/posts/pfbid0e2E533fh6M7NbcentS9BUVaqEme7Gjo1Z9eRWVwVUedFg2Ymb1ziiftwcaQEVhuWl,0,0,Fotos,,,,,Total,,5265,79,73,5,1,95,46,49,,,,,,,,,,7278
944426101636733,100082080567569,"Paulistão F","SEREIAS DA VILA EM AÇÃO!
O Santos vai com tudo em busca da vitória do Superclássico!
#PaulistãoF2026 #SuperclássicoF",,0,"05/06/2026 12:00",N/A,https://www.facebook.com/paulistaof/posts/pfbid02ofvjsjRbPwk4533RiPU5rTvePxvJjYyadL5GkmAMWjcKMLnX9Vr1dgcPFdg5puS2l,0,0,Fotos,,,,,Total,,1775,28,26,2,0,39,19,20,,,,,,,,,,2384
944424861636857,100082080567569,"Paulistão F","AQUELE PRÉ-JOGO DE RESPEITO!
O PAULISTÃO F 2026 VAI COMEÇAR COM TAUBATÉ E RED BULL BRAGANTINO!
#PaulistãoF2026
📷Anderson Romão/Ag.Paulistão",,0,"05/06/2026 11:58",N/A,https://www.facebook.com/paulistaof/posts/pfbid08TxM9mbNUYUJUzngdEjttHb7vGMfYw8SxQBtd5qxN7oi7RMANcLsobvXqVXHq6Q3l,0,0,Fotos,,,,,Total,,1262,18,17,0,1,19,4,15,,,,,,,,,,1673
944408471638496,100082080567569,"Paulistão F","AS GUERREIRAS GRENÁS QUEREM COMEÇAR O PAULISTÃO COM VITÓRIA EM CASA NO SUPERCLÁSSICO!
#PaulistãoF2026 #SuperclássicoF",,0,"05/06/2026 11:30",N/A,https://www.facebook.com/paulistaof/posts/pfbid0fjiWmgENqceLNEnS6n96SsMnH5fz9msrV3AVMUh3ECn9QNdt5hYR9DaHpgUSXhJml,0,0,Fotos,,,,,Total,,2127,21,20,0,1,38,20,18,,,,,,,,,,2941
944374824975194,100082080567569,"Paulistão F","O PRIMEIRO SUPERCLÁSSICO DE 2026!
Ferroviária e Santos prometem um grande jogo na primeira rodada do Paulistão!
#PaulistãoF2026 #SuperclássicoF",,0,"05/06/2026 10:30",N/A,https://www.facebook.com/paulistaof/posts/pfbid02FcqrxUw1vRH4oDGNEyLh88fPCusbN6DKbNorVhueGDGerD2pogtAsaPNq36eK6QAl,0,0,Fotos,,,,,Total,,3629,38,36,2,0,60,29,31,,,,,,,,,,5020
944321361647207,100082080567569,"Paulistão F","ALERTA DE JOGÃO NO PAULISTÃO!
Tem estreia do Mirassol e minhas atuais campeãs em campo!
#PaulistãoF2026",,0,"05/06/2026 09:00",N/A,https://www.facebook.com/paulistaof/posts/pfbid0iXM8krsvfWu59B5iARsMWcnd5SDjvZsqD31yQ64sd6wdLbZLxhZrBR8Qwy9ziWbUl,0,0,Fotos,,,,,Total,,5328,95,91,2,2,92,36,56,,,,,,,,,,7377
944280708317939,100082080567569,"Paulistão F","O PRIMEIRO DO ANO!
Taubaté e Red Bull Bragantino abrem o Paulistão 2026!
#PaulistãoF2026",,0,"05/06/2026 07:56",N/A,https://www.facebook.com/paulistaof/posts/pfbid0TY9M1pwfmq8N5rAXuM2KK5mWfGqQjXWvwUGUem8ytngwTYXRPqTuLYtqhwNYPehRl,0,0,Fotos,,,,,Total,,2218,20,18,0,2,22,8,14,,,,,,,,,,3001
944165904996086,100082080567569,"Paulistão F","É HOOOOOOJEEEEEEEEEEE!
O Paulistão 2026 está na área e já começou com três grandes jogos. Tem meu atual campeão, tem estreia e tem SuperclássicoF, que dia!
#PaulistãoF2026",,0,"05/06/2026 05:00",N/A,https://www.facebook.com/paulistaof/posts/pfbid0KZK3FgjhW7Tg4Tfow3B5CqbsbNEA1VLeN1DXQLkBi9WDMQH2REf9aDmwUDZUy7ERl,0,0,Fotos,,,,,Total,,16612,236,220,7,9,502,132,370,,,,,,,,,,24798
943881615024515,100082080567569,"Paulistão F","CHEGOU O GRANDE DIA, MEU POVO!😍
A BOLA VAI ROLAR NO PAULISTÃO F 2026!
#PaulistãoF2026",,0,"05/05/2026 20:05",N/A,https://www.facebook.com/paulistaof/posts/pfbid0ZWzioVytGv9A6y65AtmywDyvLY4nz6ZzL5Nwuk4sMbnhzF3gsVCcVAeXJZJtbiHil,0,0,Fotos,,,,,Total,,10423,185,177,4,4,225,127,98,,,,,,,,,,14699
943765245036152,100082080567569,"Paulistão F","O campeonato mais tradicional do país chegou com tudo em 2026, tá?!
VAR em 100% das partidas no Paulistão ✅
Primeira competição feminina do Brasil a utilizar o VAR de forma integral ✅
#PaulistãoF2026",,0,"05/05/2026 16:00",N/A,https://www.facebook.com/paulistaof/posts/pfbid0WPbcXdj8QwhS2Nv51Kv7VSEZHc1qSppHN3weWsDGDCeWeHx3G47ezEzxNogxXrkdl,0,0,Fotos,,,,,Total,,955,24,22,1,1,8,3,5,,,,,,,,,,1285
943727278373282,100082080567569,"Paulistão F","RANKING DOS CAMPEÕES!
Corinthians, Palmeiras e Santos dividem o posto de maiores vencedores do Paulistão F. Quem vai levar o caneco esse ano? 👀🏆
#PaulistãoF2026",,0,"05/05/2026 14:30",N/A,https://www.facebook.com/paulistaof/posts/pfbid02awmx4fXnhz1teB7HoyBYna64g6hjacKnE9AaakEP4e1niiuPY71EuCECFzBZqrJHl,0,0,Fotos,,,,,Total,,1264,18,16,0,2,50,6,44,,,,,,,,,,1818
943687891710554,100082080567569,"Paulistão F","OLHA QUEM CHEGOU 🤩
Prepare-se, a competição mais tradicional do país vai começar nesta quarta-feira!
#PaulistãoF","OLHA QUEM CHEGOU 🤩
Prepare-se, a competição mais tradicional do país vai começar nesta quarta-feira!
#PaulistãoF",21,"05/05/2026 13:00",N/A,https://www.facebook.com/reel/1219978783365402/,0,0,Vídeos,,,,,Total,,1539,28,26,1,1,7,7,,,,,5614.447,3.641,0,0,0,,1667
943654858380524,100082080567569,"Paulistão F","TÁ CHEGANDO A HORA!
OLHA A PRIMEIRA RODADA DO PAULISTÃO 2026 NA ÁREA 🤩
#PaulistãoF2026",,0,"05/05/2026 11:54",N/A,https://www.facebook.com/paulistaof/posts/pfbid0ZjZ8Pa8sCKQoTPqBPN7WN53UbNM716Qb238HgF3L5tj5YpXxBhQqDXMEYVeggeUGl,0,0,Fotos,,,,,Total,,55122,460,414,9,37,1196,420,776,,1,,,,,,,,78782
943082231771120,100082080567569,"Paulistão F","TRI-CO-LOOOOOOR!
No encerramento da nona rodada do Brasileirão Feminino, o São Paulo fez valer o fator casa e ficou com a vitória pra cima do Flamengo!
#ElasEmCampo
📷Divulgação/São Paulo",,0,"05/04/2026 19:12",N/A,https://www.facebook.com/paulistaof/posts/pfbid032rQ25Avt9GMkrNHsWTPfhpXQZ24YUSUywAU5mjtjRQNQV59uMZxJ5AEBsFMp7nhLl,0,0,Fotos,,,,,Total,,18295,644,603,19,22,236,131,105,,,,,,,,,,24554
942615908484419,100082080567569,"Paulistão F","PRA CIMA, TRICOLOR!
É DIA DE JOGÃO NO @brfeminino!
#ElasEmCampo",,0,"05/04/2026 06:00",N/A,https://www.facebook.com/paulistaof/posts/pfbid02Xc36y8dbn6diDfs7A7Gt9XnH3sRykM8vziPmzMorSrQ6ks2uSeQ2umzmEegnGGQFl,0,0,Fotos,,,,,Total,,12829,231,201,23,7,313,181,132,,,,,,,,,,17436
942200201859323,100082080567569,"Paulistão F","VAI, MASSA BRUTA!
As Bragantinas conseguem uma grande vitória no Rio de Janeiro!
#ElasEmCampo
📷Arthur Barreto/Botafogo",,0,"05/03/2026 16:45",N/A,https://www.facebook.com/paulistaof/posts/pfbid027PA8a1ioEPJ8im6Gs9oLycxQf7Vy8J62cS196xwRT5Hd3YA3mCzMZBMAa5x8zn6Jl,0,0,Fotos,,,,,Total,,5266,49,47,0,2,44,21,23,,,,,,,,,,7144
942121695200507,100082080567569,"Paulistão F","Bora conferir como terminaram todos os jogos da segunda rodada do Paulista Feminino Sub-17!
#PaulistaFemininoSub17",,0,"05/03/2026 13:42",N/A,https://www.facebook.com/paulistaof/posts/pfbid02NFUsCH7Fdw8tzrAZvcTzaZqDzVdigVLeVYERanquNKAgEgUYRqGEk776xxk5YCC3l,0,0,Fotos,,,,,Total,,9945,74,70,0,4,149,55,94,,,,,,,,,,14577
941829605229716,100082080567569,"Paulistão F","BRAGANTINAS NA ÁREA!
Fora de casa, o Red Bull Bragantino vai com tudo pelos três pontos!
#ElasEmCampo",,0,"05/03/2026 06:00",N/A,https://www.facebook.com/paulistaof/posts/pfbid02ao9YpeubN4uPeTBjk2R7wiFTk4MZoJnfSkE7iqnv31XUGiSAERc3dMJeW6M2ubQTl,0,0,Fotos,,,,,Total,,6699,47,42,3,2,87,37,50,,,,,,,,,,8928
941361958609814,100082080567569,"Paulistão F","Cinco equipes do #FutebolPaulista foram a campo neste sábado pelas três divisões do Brasileirão Feminino! Vamos aos resultados.
#ElasEmCampo",,0,"05/02/2026 14:30",N/A,https://www.facebook.com/paulistaof/posts/pfbid0WbPhsXEngA4juVzKGiR34iFSrjUF2tEPL1cZJ5tmpMwxhimrq8DALm7JBzFumEgpl,0,0,Fotos,,,,,Total,,9129,55,52,1,2,152,56,96,,,,,,,,,,12853
941350231944320,100082080567569,"Paulistão F","PONTO LÁ!
A rede não balançou para Bahia e Palmeiras.
#ElasEmCampo
📷Catarina Brandão/EC Bahia",,0,"05/02/2026 14:04",N/A,https://www.facebook.com/paulistaof/posts/pfbid02wF4UhRaGXkkfokfd954AcvU7rhhcBFeAaEok6aSYGCVdaTrm4x2k1u7xrHCUnc9vl,0,0,Fotos,,,,,Total,,11606,137,112,23,2,238,142,96,,,,,,,,,,16016
941341451945198,100082080567569,"Paulistão F","É TAUBATÉ!
Vitória paulista pra cima do Paysandu!
#ElasEmCampo
📷Junior Santos/AD Taubaté",,0,"05/02/2026 13:45",N/A,https://www.facebook.com/paulistaof/posts/pfbid033HJDMP1Vp7NQByX4eqDZKd6Vm64jaVYfKrTiJUpcTFeYxPmmCKehvxE5j5Tpz173l,0,0,Fotos,,,,,Total,,2132,13,13,0,0,22,7,15,,,,,,,,,,2831
941340138611996,100082080567569,"Paulistão F","SEGUE O LÍDER!
Realidade Jovem avança de fase no Brasileirão Feminino A3 com 100% de aproveitamento!
#ElasEmCampo
📷Carol Almeida",,0,"05/02/2026 13:43",N/A,https://www.facebook.com/paulistaof/posts/pfbid02hsLn57LCAPSvxSVVfYZAqbata8WAtNg6yKrwshp6e23PrBbcYiCm2KDqA73oLQnul,0,0,Fotos,,,,,Total,,1930,20,17,3,0,15,6,9,,,,,,,,,,2502
941339211945422,100082080567569,"Paulistão F","As meninas do Mauaense foram superadas pelo Coritiba.
#ElasEmCampo
📷Luana Perdoncini/Coritiba",,0,"05/02/2026 13:40",N/A,https://www.facebook.com/paulistaof/posts/pfbid02TF78PkfZg3jmYL8KADBm1N73sETPZYfRSMuuSphh7FLZXKGK9N73Ea8nkVm41Wfdl,0,0,Fotos,,,,,Total,,3583,22,22,0,0,34,13,21,,,,,,,,,,4728
941338611945482,100082080567569,"Paulistão F","DESPEDIDA COM GOLEADA!
O São José se despede do Brasileirão Feminino A3 em grande estilo!
#ElasEmCampo
📷Divulgação/São José",,0,"05/02/2026 13:39",N/A,https://www.facebook.com/paulistaof/posts/pfbid02c6wVvYLHVY1TGDkhrownqYPxqPDrB54Ffb9KTnJCB3E7bwRKpmcx3by3iY2ed5j6l,0,0,Fotos,,,,,Total,,9654,81,77,2,2,122,59,63,,,,,,,,,,12754
941030448642965,100082080567569,"Paulistão F","A SEGUNDA RODADA VEM AÍ!
Confira os confrontos do Paulista Feminino Sub-17!
#PaulistaFemininoSub17",,0,"05/02/2026 05:00",N/A,https://www.facebook.com/paulistaof/posts/pfbid02KLyExoC71BEfegRwiXWgi6eoh95pbUC2rPDMjoaNRfuZVARXm9kG2Wx5NuqYvQ4Cl,0,0,Fotos,,,,,Total,,8251,83,76,1,6,175,64,111,,,,,,,,,,11325
940687855343891,100082080567569,"Paulistão F","TODO MUNDO QUER SER COMO NÓS!
Já que a adm ama muito o trabalho dela, não tinha como não entrar na onda do melhor filme e do melhor Estadual 👀💜
#ODiaboVestePrada2 #PaulistãoF2026",,0,"05/01/2026 18:14",N/A,https://www.facebook.com/paulistaof/posts/pfbid02qPJpnvbQNahz5W9v3hzjRnSsyp3w6E6J98Ucvbw3wGb3g6HCb8urtWydpRoNAGQyl,0,0,Fotos,,,,,Total,,20201,449,403,28,18,451,200,251,,,,,,,,,,28015
940616555351021,100082080567569,"Paulistão F","Ponto final na sexta-feira de Brasileirão Feminino. 
Ferroviária e Corinthians garantiram as vitórias para o #FutebolPaulista.
#ElasEmCampo",,0,"05/01/2026 15:35",N/A,https://www.facebook.com/paulistaof/posts/pfbid0t3hV3HVy7yf3WdBoYREHfWjVkwhekVusHCKsSzJT3jRNeGoWwZVuDirk9uYioBNl,0,0,Fotos,,,,,Total,,20784,262,245,7,10,324,155,169,,,,,,,,,,30622
940613028684707,100082080567569,"Paulistão F","FIRME NO TOPO!
As Brabas do Timão voltam do Rio Grande do Sul com mais uma vitória no Brasileirão Feminino!
#ElasEmCampo
📷Lucas Uebel/Grêmio",,0,"05/01/2026 15:28",N/A,https://www.facebook.com/paulistaof/posts/pfbid0MP8sC55K6LbhDth9bh1XGt1Z85TADm7xjiz5dYr1we7G6iNZPp3pxHtntTJWS8tul,0,0,Fotos,,,,,Total,,13972,710,665,25,20,233,130,103,,,,,,,,,,18993
940610135351663,100082080567569,"Paulistão F","DEVER DE CASA!
Três gols marcados e três pontos na conta da Ferroviária!
#ElasEmCampo
📷Jonatan Dutra/Ferroviária",,0,"05/01/2026 15:21",N/A,https://www.facebook.com/paulistaof/posts/pfbid0kZQN8i7CPoxyoNsd1cFZVf1u2hs9zUjaGK1h7RUDs1MJW94q7261jmH4cqGuxdval,0,0,Fotos,,,,,Total,,3371,36,33,1,2,23,9,14,,,,,,,,,,4387
940609725351704,100082080567569,"Paulistão F","A sexta-feira foi complicada para as Sereias da Vila.
#ElasEmCampo
📷Reinaldo Campos/Santos",,0,"05/01/2026 15:20",N/A,https://www.facebook.com/paulistaof/posts/pfbid02gDM19jHCHMrWTD1rPURvjUui7MN3ScTnZGNmM4KCDrpwEXNkeG4BtLaHMkKyDPnHl,0,0,Fotos,,,,,Total,,9514,100,93,5,2,117,66,51,,,,,,,,,,12733
939525308793479,100082080567569,"Paulistão F","Paulistão F atualizou a foto do perfil.",,0,"04/30/2026 07:22",N/A,https://www.facebook.com/photo.php?fbid=939525308793479&set=a.230513136361370&type=3,0,0,Fotos,,,,,Total,,706,22,21,0,1,12,8,4,,,,,,,,,,1020
939475805465096,100082080567569,"Paulistão F","Futebol não tem gênero: FPF inova e Paulistão Feminino agora é Paulistão F
Mais tradicional competição do país começa nesta quarta (6) com nova identidade

A Federação Paulista de Futebol anuncia um novo capítulo na história do mais tradicional campeonato de mulheres do Brasil: o Paulistão Feminino passa a se chamar Paulistão F.

A mudança marca o início de um processo que aproxima os universos do Paulistão masculino e do Paulistão feminino, reforçando o princípio de que o esporte não tem gênero.","Futebol não tem gênero: FPF inova e Paulistão Feminino agora é Paulistão F
Mais tradicional competição do país começa nesta quarta (6) com nova identidade

A Federação Paulista de Futebol anuncia um novo capítulo na história do mais tradicional campeonato de mulheres do Brasil: o Paulistão Feminino passa a se chamar Paulistão F.

A mudança marca o início de um processo que aproxima os universos do Paulistão masculino e do Paulistão feminino, reforçando o princípio de que o esporte não tem gênero.",16,"04/30/2026 06:04",uploaded,https://www.facebook.com/reel/1335202171821346/,1,0,Vídeos,,,,,Total,,2252,28,28,0,0,6,6,,,,,5492.506,2.466,0,0,0,,2421
938980442181299,100082080567569,"Paulistão F","RESULTADOS DO DIA!
Mauaense e São José seguem vivos na Copa do Brasil Feminina. 
#ElasEmCampo",,0,"04/29/2026 15:21",N/A,https://www.facebook.com/paulistaof/posts/pfbid016qNSNTuTk8rzChk8edPm9w8W7ggLeuh8RG6Ue2W3649bMgDu6p1ZGiAPf89KNwAl,0,0,Fotos,,,,,Total,,3745,19,18,0,1,39,9,30,,,,,,,,,,5222
938979915514685,100082080567569,"Paulistão F","LOCOMOTIVA DE MAUÁ CLASSIFICADA!
Nos pênaltis, o Mauaense segue vivo na Copa do Brasil Feminina.
#ElasEmCampo",,0,"04/29/2026 15:21",N/A,https://www.facebook.com/paulistaof/posts/pfbid0cmAXNhPZrbgvTf9J2KYkpGTRseBFxPbLj7QVPRT4LVdr4jL38C2YiEzHB8KVg7inl,0,0,Fotos,,,,,Total,,1750,16,16,0,0,11,5,6,,,,,,,,,,2307
938911085521568,100082080567569,"Paulistão F","MENINAS DA ÁGUIA SEGUEM!
O @saojosefutebolfeminino garantiu vaga para a segunda fase da Copa do Brasil Feminina.
#ElasEmCampo",,0,"04/29/2026 13:07",N/A,https://www.facebook.com/paulistaof/posts/pfbid0QaaKCCcdTo53yg5MYuGKimUW1q1FtS2BaYDRVwxW5XZhJ6Py2PM4VXLz1J6jqXSMl,0,0,Fotos,,,,,Total,,3009,34,34,0,0,24,13,11,,,,,,,,,,3951
938901265522550,100082080567569,"Paulistão F","O Paulistão é F…",,0,"04/29/2026 12:48",N/A,https://www.facebook.com/paulistaof/posts/pfbid0XYDVUVkkZGjPjNTLjYyjCb1iWEYiVM5sF5WYdZyQvh9wiQtzN3SQPpNSNKG4kfJDl,0,0,Fotos,,,,,Total,,1114,18,16,1,1,19,17,2,,,,,,,,,,1570
937426192336724,100082080567569,"Paulistão F","Dois jogos e nenhum gol para as equipes paulistas.
#ElasEmCampo",,0,"04/27/2026 18:16",N/A,https://www.facebook.com/paulistaof/posts/pfbid02EcXRyVYU1YvszvcQ67tScvfEsgfeDPLyf5LJDnbKJoYmUn7Qf8Eu9KmRfzjYkzg4l,0,0,Fotos,,,,,Total,,9249,77,69,5,3,195,106,89,,,,,,,,,,13747
937419809004029,100082080567569,"Paulistão F","CLÁSSICO EM BRANCO!
Nada de gols para Palmeiras e Santos.
#ElasEmCampo
📷Guilherme Veiga/Palmeiras",,0,"04/27/2026 18:04",N/A,https://www.facebook.com/paulistaof/posts/pfbid0MJ1BdnF1JLmjz1L3izAtKWHEDAwUHhCgCkEbG4YKQUqoYYMPht6HQyRR8aQSBkbfl,0,0,Fotos,,,,,Total,,17729,206,184,15,7,266,129,137,,,,,,,,,,24372
937390655673611,100082080567569,"Paulistão F","NADA DE GOLS!
América-MG e São Paulo não balançaram as redes pelo Brasileirão Feminino.
#ElasEmCampo
📷Mourão Panda/América",,0,"04/27/2026 16:59",N/A,https://www.facebook.com/paulistaof/posts/pfbid02zHKsymMcm2WHFCbsFy1RDi53f3vhMxFrqQCeGsz3gVz3XAtaA21ZaWA3kVZchib4l,0,0,Fotos,,,,,Total,,8041,80,65,10,5,112,57,55,,,,,,,,,,10851
937246319021378,100082080567569,"Paulistão F","DIA DE CLÁSSICO!
PALESTRINAS E SEREIAS DA VILA FAZEM MAIS UM JOGÃO NO @BRFEMININO 🤩
#ElasEmCampo",,0,"04/27/2026 12:00",N/A,https://www.facebook.com/paulistaof/posts/pfbid01ENQR7uFgNaJQD2T3FjTkQnR9cLfgKshqjJnAx7knVry9GxQvSommxERmVovvBMNl,0,0,Fotos,,,,,Total,,34388,474,432,30,12,805,403,402,,,,,,,,,,47117
937193909026619,100082080567569,"Paulistão F","MAIS DOIS!
Com direito a clássico, vem conferir os jogos desta segunda-feira.
#ElasEmCampo",,0,"04/27/2026 10:32",N/A,https://www.facebook.com/paulistaof/posts/pfbid04mo1ULZKwj6PVRc2eEqa217EJZsomRMudoTxPHYX5DkopSHFNUh55V1wTtySuNagl,0,0,Fotos,,,,,Total,,33069,275,265,2,8,728,222,506,,,,,,,,,,46355
937059542373389,100082080567569,"Paulistão F","Paulistão F atualizou a foto da capa.",,0,"04/27/2026 07:14",N/A,https://www.facebook.com/photo.php?fbid=937059542373389&set=a.230513143028036&type=3,0,0,Fotos,,,,,Total,,3,11,9,0,2,0,,,,,,,,,,,,6
937058609040149,100082080567569,"Paulistão F","Paulistão F adicionou uma nova foto.",,0,"04/27/2026 07:13",N/A,https://www.facebook.com/photo.php?fbid=937058609040149&set=a.230513136361370&type=3,0,0,Fotos,,,,,Total,,676,17,17,0,0,18,11,7,,,,,,,,,,978
936520002427343,100082080567569,"Paulistão F","Um domingo sem vitórias para o #FutebolPaulista.
#ElasEmCampo",,0,"04/26/2026 16:01",N/A,https://www.facebook.com/paulistaof/posts/pfbid0MdLJxRC1nC5VNoUKUFC4Eyoq31sCnnY6VKjr83AsR2T8ST8WnaiZy9rrqrvX4bbel,0,0,Fotos,,,,,Total,,4408,21,21,0,0,40,21,19,,,,,,,,,,6186
936508745761802,100082080567569,"Paulistão F","VIVA O FESTIVAL PAULISTA FEMININO SUB-12!
#FestivalPaulistaFemininoSub12 
📷Rebeca Reis/Ag. Paulistão",,0,"04/26/2026 15:37",N/A,https://www.facebook.com/paulistaof/posts/pfbid02ge8tUyF8s8oR1wrAu7Cj1gZfyYS5mPyG8BikDdphvK7QF2VJqKxqC4iSBe2Xrf1tl,0,0,Fotos,,,,,Total,,1673,12,12,0,0,30,5,25,,,,,,,,,,2261
936499485762728,100082080567569,"Paulistão F","NOSSAS PEQUENAS GIGANTES! ❤️
Domingo incrível no Festival Paulista Feminino Sub-12!
#FestivalPaulistaFemininoSub12 
📷Rebeca Reis/Ag. Paulistão",,0,"04/26/2026 15:18",N/A,https://www.facebook.com/paulistaof/posts/pfbid02BrAt5JmHvZacfpPk7HjNPMUGtzq8f7rqD72Jt1DHhbQuNmKBwqqFiKvfsNZFhxul,0,0,Fotos,,,,,Total,,2255,24,23,0,1,34,4,30,,,,,,,,,,3059
936469612432382,100082080567569,"Paulistão F","O São José lutou até o fim, mas acabou superado pelo Real Heips-RJ.
#ElasEmCampo
📷Divulgação/São José",,0,"04/26/2026 14:17",N/A,https://www.facebook.com/paulistaof/posts/pfbid027TkAeXRLE4W6cqBR6jMMaByTra3ECRL8aVwDMuBSmLF7CiGDsQVbNLvddEjyLjtgl,0,0,Fotos,,,,,Total,,6348,28,26,1,1,45,16,29,,,,,,,,,,8340
936430219102988,100082080567569,"Paulistão F","ELAS DERAM SHOW MAIS UMA VEZ! ❤️
#FestivalPaulistaFemininoSub12
📷Rebeca Reis/Ag. Paulistão",,0,"04/26/2026 13:01",N/A,https://www.facebook.com/paulistaof/posts/pfbid02ZJDZYZn6Do1c4kXSPxDVEaoDzzVJrTDmnJw9eHSfi7Uf1hoX4uMUbj6TkK9c8nQol,0,0,Fotos,,,,,Total,,1915,36,34,0,2,61,16,45,,,,,,,,,,2722
936429089103101,100082080567569,"Paulistão F","CORREDOR DE APLAUSOS! 👏🥰
Adversárias no campo, mas sempre se apoiando fora dele!
#FestivalPaulistaFemininoSub12","CORREDOR DE APLAUSOS! 👏🥰
Adversárias no campo, mas sempre se apoiando fora dele!
#FestivalPaulistaFemininoSub12",52,"04/26/2026 12:59",N/A,https://www.facebook.com/reel/923338857362264/,1,0,Vídeos,,,,,Total,,1758,22,21,0,1,11,11,,,,,8504.726,5.117,0,0,0,,1706
936416019104408,100082080567569,"Paulistão F","VAI UMA MEDALHA AÍ? 🏅👀
Fechando mais um dia de #FestivalPaulistaFemininoSub12 com a cerimônia de premiação das minhas mini atletas!","VAI UMA MEDALHA AÍ? 🏅👀
Fechando mais um dia de #FestivalPaulistaFemininoSub12 com a cerimônia de premiação das minhas mini atletas!",70,"04/26/2026 12:38",N/A,https://www.facebook.com/reel/1713996306395783/,1,0,Vídeos,,,,,Total,,1216,19,18,1,0,5,5,,,,,5316.248,4.763,0,0,0,,1147
936376395775037,100082080567569,"Paulistão F","EMPATE!
Dois pra lá, dois pra cá e tudo igual no confronto entre Red Bull Bragantino e Cruzeiro.
#ElasEmCampo
📷Fernando Roberto/Red Bull Bragantino",,0,"04/26/2026 11:28",N/A,https://www.facebook.com/paulistaof/posts/pfbid0cLhfdJL3u788bKPAhLs9fGzZ7pW8L1zC96Ce74yasK79bvk8goGk53h92ZPTDwNLl,0,0,Fotos,,,,,Total,,5925,62,62,0,0,51,21,30,,,,,,,,,,7919
936328115779865,100082080567569,"Paulistão F","Fui dar um pulinho ali com a @adcentrolimpico e já volto! 🏃‍♀️
#FestivalPaulistaFemininoSub12","Fui dar um pulinho ali com a @adcentrolimpico e já volto! 🏃‍♀️
#FestivalPaulistaFemininoSub12",6,"04/26/2026 10:09",N/A,https://www.facebook.com/reel/1650998539150119/,1,0,Vídeos,,,,,Total,,1516,13,13,0,0,12,12,,,,,3810.483,2.691,0,0,0,,1704
936294882449855,100082080567569,"Paulistão F","GO CRAZY, @s.e_lemensefutebolfeminino! 💃
#FestivalPaulistaFemininoSub12 #trend","GO CRAZY, @s.e_lemensefutebolfeminino! 💃
#FestivalPaulistaFemininoSub12 #trend",16,"04/26/2026 09:18",N/A,https://www.facebook.com/reel/1482673580013267/,1,0,Vídeos,,,,,Total,,1360,11,11,0,0,11,11,,,,,4500.622,3.586,0,0,0,,1364
936238865788790,100082080567569,"Paulistão F","AULAS DE RITMO COM @adcentrolimpico! 
Não é só dentro das quatro linhas que as meninas mandam bem 😮‍💨
#FestivalPaulistaFemininoSub12","AULAS DE RITMO COM @adcentrolimpico! 
Não é só dentro das quatro linhas que as meninas mandam bem 😮‍💨
#FestivalPaulistaFemininoSub12",21,"04/26/2026 07:58",uploaded,https://www.facebook.com/reel/25565696209774067/,1,0,Vídeos,,,,,Total,,1847,29,24,2,3,5,5,,,,,5799.197,3.327,0,0,0,,1858
936230995789577,100082080567569,"Paulistão F","MANHÃ CHEIA EM CAMPINAS! 🔥
Os jogos estão a todo vapor no #FestivalFemininoSub12!","MANHÃ CHEIA EM CAMPINAS! 🔥
Os jogos estão a todo vapor no #FestivalFemininoSub12!",24,"04/26/2026 07:46",N/A,https://www.facebook.com/reel/1904775546902396/,1,0,Vídeos,,,,,Total,,1770,18,18,0,0,5,5,,,,,8274.675,4.993,0,0,0,,1782
936218189124191,100082080567569,"Paulistão F","PASSE O CELULAR! 📲
Conheça o time do @sesisp.futebolfeminino 👀🥰
#FestivalPaulistaFemininoSub12","PASSE O CELULAR! 📲
Conheça o time do @sesisp.futebolfeminino 👀🥰
#FestivalPaulistaFemininoSub12",41,"04/26/2026 07:28",N/A,https://www.facebook.com/reel/1722275212486451/,1,0,Vídeos,,,,,Total,,923,23,21,1,1,16,16,,,,,3938.912,4.65,0,0,0,,888
936087529137257,100082080567569,"Paulistão F","DOSE DUPLA!
É dia do interior representar o #FutebolPaulista no @brfeminino.
#ElasEmCampo",,0,"04/26/2026 04:00",N/A,https://www.facebook.com/paulistaof/posts/pfbid02ni7yGAkkzqfCJdnQTwFzwfApTFBAfhdt6Xqp6hgaYQDZcrkrHCDokU4XutbfPiuDl,0,0,Fotos,,,,,Total,,6169,44,42,0,2,75,17,58,,,,,,,,,,8076
935703559175654,100082080567569,"Paulistão F","❤️❤️
#FestivalPaulistaFemininoSub12
📷Rebeca Reis/Ag. Paulistão",,0,"04/25/2026 16:05",N/A,https://www.facebook.com/paulistaof/posts/pfbid02Ei6T4bPsWzsagYpzXhxfF5RzGu2NtJUhySqWzbX25wmCKRqy3ptcC2S45RjiH4f6l,0,0,Fotos,,,,,Total,,1214,18,18,0,0,15,1,14,,,,,,,,,,1683
935698125842864,100082080567569,"Paulistão F","ALGUÉM APROVEITOU O FESTIVAL… 🐾🥰
Ele fez carinho nos aumigos, levou um bebê para passear e até guerra de água com as nossas mini craques rolou! Vem ver um pouco de como foi o dia do Fanaticão no #FestivalSub12!","ALGUÉM APROVEITOU O FESTIVAL… 🐾🥰
Ele fez carinho nos aumigos, levou um bebê para passear e até guerra de água com as nossas mini craques rolou! Vem ver um pouco de como foi o dia do Fanaticão no #FestivalSub12!",60,"04/25/2026 15:53",N/A,https://www.facebook.com/reel/1685664842464846/,1,0,Vídeos,,,,,Total,,414,7,7,0,0,2,2,,,,,2300.497,5.53,0,0,0,,428
935691112510232,100082080567569,"Paulistão F","ELAS MERECEM! ❤️
Chegou ao fim o primeiro dia do Festival Paulista Feminino Sub-12! Hora de premiar nossas meninas.
#FestivalPaulistaFemininoSub12 
📷Rebeca Reis/Ag. Paulistão",,0,"04/25/2026 15:36",N/A,https://www.facebook.com/paulistaof/posts/pfbid0ByCGYw9xAxtj1dVemr2phfs19MYX73fjfd5oLDyQMqNUNLndJLgkgEigTiNYpfp9l,0,0,Fotos,,,,,Total,,1737,27,26,1,0,39,7,32,,,,,,,,,,2361
935657809180229,100082080567569,"Paulistão F","HORA DA PREMIAÇÃO! 🎖️👏🏼
Vem ver todo mundo recebendo as medalhas no #FestivalSub12!","HORA DA PREMIAÇÃO! 🎖️👏🏼
Vem ver todo mundo recebendo as medalhas no #FestivalSub12!",130,"04/25/2026 14:26",uploaded,https://www.facebook.com/reel/745466208561089/,1,0,Vídeos,,,,,Total,,639,10,8,1,1,5,5,,,,,3465.168,5.347,0,0,0,,661
935633109182699,100082080567569,"Paulistão F","O Taubaté teve sua sequência de vitórias interrompida no Brasileirão Feminino A2.
#ElasEmCampo
📷Junior Santos/Divulgação/Taubaté",,0,"04/25/2026 13:39",N/A,https://www.facebook.com/paulistaof/posts/pfbid02qKhpbUKwaUzrGoFJahaQaVHuSsAnHeGzrzMdpSuUvUTY7oXFDK7jtvGRa1CN6GALl,0,0,Fotos,,,,,Total,,7346,43,41,2,0,108,51,57,,,,,,,,,,9691
935590619186948,100082080567569,"Paulistão F","Seu reel",,33,"04/25/2026 12:22",N/A,https://www.facebook.com/reel/1647810743127556/,1,0,Vídeos,,,,,Total,,971,16,16,0,0,10,10,,,,,4969.106,5.28,0,0,0,,995
935552925857384,100082080567569,"Paulistão F","E OLHA QUEM CHEGOU POR AQUI! 🐶🌟
O Fanaticão é quem vai dar as instruções para o próximo jogo no #FestivalSub12!","E OLHA QUEM CHEGOU POR AQUI! 🐶🌟
O Fanaticão é quem vai dar as instruções para o próximo jogo no #FestivalSub12!",16,"04/25/2026 11:20",N/A,https://www.facebook.com/reel/809087845229974/,1,0,Vídeos,,,,,Total,,713,12,11,1,0,5,5,,,,,2575.34,3.776,0,0,0,,742
935540405858636,100082080567569,"Paulistão F","TARDE AGITADA!
O Festival Paulista Feminino Sub-12 não para!
#FestivalPaulistaFemininoSub12
📷Rebeca Reis/Ag. Paulistão",,0,"04/25/2026 11:00",N/A,https://www.facebook.com/paulistaof/posts/pfbid0EyVdWPiFrPZZJSrjmgYN6EiW43i1SSZVqsKeWCL9o8s9Wacw9qgLhBSDKDm5avUDl,0,0,Fotos,,,,,Total,,2594,45,44,1,0,58,15,43,,,,,,,,,,3582
935456055867071,100082080567569,"Paulistão F","SABADÃO DO JEITO QUE A GENTE GOSTA!
O Festival Paulista Feminino Sub-12 tá em campo!
#FestivalPaulistaFemininoSub12
📷Rebeca Reis/Ag. Paulistão",,0,"04/25/2026 08:59",N/A,https://www.facebook.com/paulistaof/posts/pfbid02dm9vB6FjPJ7hWoD1GQ3JdKs4qw2ZazQZ1Qn2qPzPZWpQ3qpx42Q7kffeN3Vfpig8l,0,0,Fotos,,,,,Total,,1597,27,26,1,0,31,8,23,,,,,,,,,,2081
935423689203641,100082080567569,"Paulistão F","FESTIVAL DE COMEMORAÇÃO! 🫵
@asbrabinhas mandaram muito bem nas comemorações! E aí, qual a sua favorita? 
#FestivalFemininoSub12","FESTIVAL DE COMEMORAÇÃO! 🫵
@asbrabinhas mandaram muito bem nas comemorações! E aí, qual a sua favorita? 
#FestivalFemininoSub12",21,"04/25/2026 08:11",N/A,https://www.facebook.com/reel/2137913560274329/,1,0,Vídeos,,,,,Total,,1396,30,27,1,2,4,4,,,,,5829,4.463,0,0,0,,1431
935331262546217,100082080567569,"Paulistão F","GUERREIRAS EM CAMPO!
O Taubaté visita o Pérolas Negras pelo #BrasileirãoA2 🔥",,0,"04/25/2026 06:00",N/A,https://www.facebook.com/paulistaof/posts/pfbid02pugGweeRVgHsaRNcVoDdvCALgDK4YcdEUi5cn2mCqo4VtydDByY6a17JR8t3vSpLl,0,0,Fotos,,,,,Total,,4291,40,37,1,2,40,23,17,,,,,,,,,,5265
934947472584596,100082080567569,"Paulistão F","SEXTA-FEIRA CONCLUÍDA COM SUCESSO!
#ElasEmCampo",,0,"04/24/2026 19:16",N/A,https://www.facebook.com/paulistaof/posts/pfbid0jZ5w9iieV2bkKCiAHUiBLY8s3y4iy8n6pemsnjpDxuC5GTVZNX2r1EJdiGVscuUPl,0,0,Fotos,,,,,Total,,10199,119,114,1,4,132,53,79,,,,,,,,,,14713
934946679251342,100082080567569,"Paulistão F","QUINTA VITÓRIA SEGUIDA DAS BRABAS NO BRASILEIRÃO FEMININO!
Corinthians vence a Ferroviária no clássico!
#ElasEmCampo 
📷Rebeca Reis/Staff Images Woman/CBF",,0,"04/24/2026 19:14",N/A,https://www.facebook.com/paulistaof/posts/pfbid0EkwCV5vB6AXpL5yF7nn4oktEbazF5m75frZdz6Fjx8YQpiedGzpzPBTSKFHSBGvDl,0,0,Fotos,,,,,Total,,63334,2481,2303,124,54,998,579,419,,,,,,,,,,89153
934913079254702,100082080567569,"Paulistão F","ANOTA NA AGENDA!
Vem conferir datas e horários das três primeiras rodadas do Paulistão Feminino 2026 🤩
#PaulistãoFeminino2026",,0,"04/24/2026 18:15",N/A,https://www.facebook.com/paulistaof/posts/pfbid02668YanDdSjMcHkP1cTU6BJnYciC2vZzmwHJySZNFL1u6VMu3Q79cvcyPBQp9FeZFl,0,0,Fotos,,,,,Total,,7025,126,99,3,24,451,83,368,,,,,,,,,,10657
934820499263960,100082080567569,"Paulistão F","100%!
Realidade Jovem engata a quinta vitória seguida no Brasileirão Feminino A3!
#ElasEmCampo
📷Caroline Almeida",,0,"04/24/2026 15:18",N/A,https://www.facebook.com/paulistaof/posts/pfbid02vcoZ3NeC9g2to8o264H3fvTrQ16bFeFx7nZk2A5yP1ic5ABLe4am7q5AVd4ktL5il,0,0,Fotos,,,,,Total,,4010,27,26,1,0,53,19,34,,,,,,,,,,5437
934791292600214,100082080567569,"Paulistão F","O MOMENTO DAS MINI DIVAS!
Diretamente de Campinas, vai rolar o Festival Paulista Feminino Sub-12 neste final de semana com 11 equipes na disputa 🥰
#FestivalPaulistaFemininoSub12",,0,"04/24/2026 14:16",N/A,https://www.facebook.com/paulistaof/posts/pfbid06SfS271RQdGhpiJRDcBr7mjkcTjcqitWvE13aT2bkuprJzawVMtEnf4ZxQ5FceZil,0,0,Fotos,,,,,Total,,1220,19,17,2,0,16,9,7,,,,,,,,,,1695
934485185964158,100082080567569,"Paulistão F","DOSE TRIPLA!
Com direito a clássico, não vai faltar emoção no @brfeminino nesta sexta-feira.
#ElasEmCampo",,0,"04/24/2026 06:00",N/A,https://www.facebook.com/paulistaof/posts/pfbid03nTZVwKeYu8XM5LbJhsRZmtPjKuWEm1rtWefxaTRM9oGRGd3R4skGkRuk9iJMJA3l,0,0,Fotos,,,,,Total,,7934,100,95,0,5,142,46,96,,,,,,,,,,10230
934341105978566,100082080567569,"Paulistão F","QUE JOGÃO 🤩
Corinthians e Ferroviária é emoção garantida. Quem vai levar a melhor pelo @brfeminino?
#ElasEmCampo",,0,"04/24/2026 02:00",N/A,https://www.facebook.com/paulistaof/posts/pfbid02tPHBbmtPGPwooMwq2xoG8GJUNXdYSv2A9kSsj2EQVXHQcxVb8mUqpdJmSCbXWiwil,0,0,Fotos,,,,,Total,,21083,630,577,35,18,585,358,227,,,,,,,,,,31136
933977126014964,100082080567569,"Paulistão F","MULHERES DESTE SOLO EM SÃO PAULO!
Isso mesmo que vocês leram: teremos Seleção Brasileira jogando contra os Estados Unidos na Neo Química Arena. Já anota na agenda para não perder 🤩
#ElasEmCampo",,0,"04/23/2026 14:01",N/A,https://www.facebook.com/paulistaof/posts/pfbid02jdnDhydh8b88wJ4gX9gXrMMm2g99F4cDVSCpVfbS81meyzveEZxy2bCWk8zB8N5Zl,0,0,Fotos,,,,,Total,,9896,252,229,15,8,164,80,84,,,,,,,,,,13468
932448859501124,100082080567569,"Paulistão F","100% DE APROVEITAMENTO!
Dois jogos e duas vitórias na conta das equipes paulistas no @brfeminino.
#ElasEmCampo",,0,"04/21/2026 15:02",N/A,https://www.facebook.com/paulistaof/posts/pfbid02f78XVo8pExdYZZzE1sdSssk8342rokX1JpyauUoZZZrb9Fp4oUiVhwiuEsCw88GPl,0,0,Fotos,,,,,Total,,11745,80,78,1,1,119,47,72,,,,,,,,,,16511
932431596169517,100082080567569,"Paulistão F","VIRA, VIROU!
Com gol no último lance, as Palestrinas levaram a melhor fora de casa.
#ElasEmCampo 
📷 Marina Garcia/Fluminense",,0,"04/21/2026 14:25",N/A,https://www.facebook.com/paulistaof/posts/pfbid023y3vANddAjYvRr8ABRoobYsyvqE6QMWq4EUg92aiEg5prqqSKHXC91p8LxsMyb29l,0,0,Fotos,,,,,Total,,56773,1627,1522,51,54,914,392,522,,,,,,,,,,78693
932288992850444,100082080567569,"Paulistão F","VITÓRIA DO MASSA BRUTA!
As meninas do Red Bull Bragantino garantiram mais três pontos no Brasileirão Feminino!
#ElasEmCampo
📷Sabrina Tavares/Red Bull Bragantino",,0,"04/21/2026 10:03",N/A,https://www.facebook.com/paulistaof/posts/pfbid0Z1WU1YZdmuJ1NbJuMMN2yLVBmfLxHmBELDpEEUpsWzvWSFXuJXozh7oqkFWQvuirl,0,0,Fotos,,,,,Total,,6281,52,46,5,1,56,28,28,,,,,,,,,,8441
932064982872845,100082080567569,"Paulistão F","PARA FECHAR!
As Bragantinas e as Palestrinas encerram o feriado em grande estilo.
#ElasEmCampo",,0,"04/21/2026 04:00",N/A,https://www.facebook.com/paulistaof/posts/pfbid0dPy7wm6WsiQCQJQvFZFCnULCcCcyytTwgd3fytUaH9sePjMUDVUozR25FePVcvVel,0,0,Fotos,,,,,Total,,19686,224,212,7,5,453,162,291,,,,,,,,,,27535
931788976233779,100082080567569,"Paulistão F","A segunda-feira foi de invencibilidade para as equipes do #FutebolPaulista no Brasileirão Feminino!
#ElasEmCampo",,0,"04/20/2026 19:05",N/A,https://www.facebook.com/paulistaof/posts/pfbid02Y1WxGhu9Nzzcjy5zS3ZQBz9XvPQUFWo49jS73s7o3n22Sbs2NKkCMQChWcGMYd6Rl,0,0,Fotos,,,,,Total,,28036,282,268,10,4,576,267,309,,,,,,,,,,42527
885930094153001,100082080567569,"Paulistão F","TUDO IGUAL!
Corinthians leva gol no fim e fica no empate contra o Fluminense.
#ElasEmCampo
📷Marina Garcia/Fluminense",,0,"02/20/2026 18:33",N/A,https://www.facebook.com/paulistaof/posts/pfbid0Lyz23756H8f3ywT7j74b71Zzsne4V9Tg4fGmgiF6hxm4ZQ9EfMJ37Cgn2grXmK5Fl,0,0,Fotos,,,,,Total,46366,32911,217,170,38,9,454,253,201,,1,,,,,,
885915597487784,100082080567569,"Paulistão F","O Massa Bruta não conseguiu pontuar em terras cariocas.
#ElasEmCampo
📷Divulgação/Red Bull Bragantino",,0,"02/20/2026 18:09",N/A,https://www.facebook.com/paulistaof/posts/pfbid02v6SdBoBkE6whjP4VddGS3mhQmcibDWGZufaCSHkFRkgfxCFmSgiWrfx97yBZeWEkl,0,0,Fotos,,,,,Total,13188,9809,42,39,0,3,78,35,43,,,,,,,,
931732802906063,100082080567569,"Paulistão F","GOLEADA GRENÁ!
A Ferroviária fez o dever de casa e venceu o América-MG na Arena da Fonte!
#ElasEmCampo
📷Rafael Zocco/Ferroviária",,0,"04/20/2026 17:09",N/A,https://www.facebook.com/paulistaof/posts/pfbid02mqzaZ9LCsw89xE1vy8Q1VBMYdrjTdFCcbanjkeYFvKPiJoRx6mtetgWGnWvsNiYXl,0,0,Fotos,,,,,Total,8592,6448,75,72,0,3,67,35,32,,,,,,,,
931730796239597,100082080567569,"Paulistão F","PONTO LÁ, PONTO CÁ!
As Sereias da Vila ficaram no empate contra o Atlético-MG.
#ElasEmCampo
📷Divulgação/Atlético-MG",,0,"04/20/2026 17:04",N/A,https://www.facebook.com/paulistaof/posts/pfbid02tenfPnhUw8czNc4M3SczxS6KmhTzwntWmMEq2kcfv99N7adaQ9rTU7ANwvbLg48al,0,0,Fotos,,,,,Total,11427,8343,55,50,3,2,80,39,41,,,,,,,,
931373066275370,100082080567569,"Paulistão F","DIA CHEIO!
Quatro jogos do @brfeminino rolam nesta segunda-feira. Para quem vai a sua torcida?
#ElasEmCampo",,0,"04/20/2026 06:00",N/A,https://www.facebook.com/paulistaof/posts/pfbid02sbjpyGAN8ndGyEtKjfHXRezoY8d1U57eM6xiURf61QnZTJFxpVi4U2G2RRoWA9eMl,0,0,Fotos,,,,,Total,13125,8645,147,129,10,8,256,88,168,,,,,,,,
930882109657799,100082080567569,"Paulistão F","SEGUE O LÍDER!
Realidade Jovem vence o São José no duelo paulista e se isola na liderança do grupo A3 do Brasileirão Feminino A3!
#ElasEmCampo
📷Mariana Luz/São José",,0,"04/19/2026 13:56",N/A,https://www.facebook.com/paulistaof/posts/pfbid0MBLmrBZeq2NFJuAxEHwairHm27ugnnyRZ7N1NU7xpKuyEEniGuExERK6zoskDxMRl,0,0,Fotos,,,,,Total,10242,7711,50,48,1,1,68,23,45,,,,,,,,
930867629659247,100082080567569,"Paulistão F","Ponto final na primeira rodada do Paulista Feminino Sub-17!
#PaulistaFemininoSub17",,0,"04/19/2026 13:23",N/A,https://www.facebook.com/paulistaof/posts/pfbid0wawPGmUWmSK7r2SJXhtgixMtpbzVBcCkwVWYL4NU9Cv1Zc6CKfp3js9RMXMH65SAl,0,0,Fotos,,,,,Total,6445,4764,31,30,0,1,51,18,33,,,,,,,,
930784219667588,100082080567569,"Paulistão F","BRASIL NO TOPO! 🏆
A Seleção Feminina conquistou o FIFA Series 2026!
📷Lívia Villas Boas/Staff Images Woman/CBF",,0,"04/19/2026 10:48",N/A,https://www.facebook.com/paulistaof/posts/pfbid08dg6DomK6x5yh2QzCy8MH1NbCZXwngRHoRyv3AKh7zVPdLEm37rPj3okFTBvF8Dyl,0,0,Fotos,,,,,Total,7440,5440,236,216,15,5,127,51,76,,,,,,,,
930569516355725,100082080567569,"Paulistão F","DUELO PAULISTA!
Realidade Jovem e São José entram em campo neste domingo pelo #BrasileirãoA3!
#ElasEmCampo",,0,"04/19/2026 05:00",N/A,https://www.facebook.com/paulistaof/posts/pfbid0wgQ6QuDFBgkCbt5tbPvmbnaHeiwV94ohEcZfdWfYwQHs8LKNiG2RSWG8GFNJySMyl,0,0,Fotos,,,,,Total,5583,4235,18,18,0,0,44,17,27,,,,,,,,
930303966382280,100082080567569,"Paulistão F","É NOSSO! 🏆
Brasil vence o Canadá e conquista o FIFA Series 2026!
#SeleçãoFeminina
📷Divulgação/Copa do Mundo FIFA",,0,"04/18/2026 20:33",N/A,https://www.facebook.com/paulistaof/posts/pfbid0EyVdWPiFrFMWUSf7d3gYKtY3GmxntLRW7TJMetWGQGgGXic6KuSfPUKXiPMjmotFl,0,0,Fotos,,,,,Total,42450,29906,1347,1260,47,40,533,273,260,,,,,,,,
930112749734735,100082080567569,"Paulistão F","GOLEADA TAUBATEANA!
Pode colocar mais três pontos na conta do Taubaté!
#ElasEmCampo
📷Junior Santos/AD Taubaté",,0,"04/18/2026 13:30",N/A,https://www.facebook.com/paulistaof/posts/pfbid0rYak4zQjgKjALxQ3VPND2ESaRfuVmVxUU3WH4n1SzxJJr7UjRuQCSEc49xCBhkzPl,0,0,Fotos,,,,,Total,15884,11385,85,80,0,5,94,32,62,,,,,,,,
929843096428367,100082080567569,"Paulistão F","DIA MOVIMENTADO!
Com Taubaté em campo pelo Brasileirão Feminino A2 e Seleção Feminina pelo Fifa Series, o sabadão está recheado de emoção.
#ElasEmCampo",,0,"04/18/2026 06:00",N/A,https://www.facebook.com/paulistaof/posts/pfbid02bJdnBNgk2MKBeJ6qEcX2yw5pNLXvztfZAzQFRpKbXH8iuXUzVaZ2fHL9ArTguY9el,0,0,Fotos,,,,,Total,11177,8106,87,77,5,5,112,52,60,,,,,,,,
929744219771588,100082080567569,"Paulistão F","VAI COMEÇAR O PAULISTA FEMININO SUB-17!
#PaulistaFemininoSub17",,0,"04/18/2026 03:00",N/A,https://www.facebook.com/paulistaof/posts/pfbid09AMznkqyyQG6Pm1ZpyP9cCNVPFPqCQEfieihJ9aGdCNr8jcZayTkhEEFF178GnPGl,0,0,Fotos,,,,,Total,4814,3666,20,20,0,0,46,24,22,,,,,,,,
929204929825517,100082080567569,"Paulistão F","O PAULISTA FEMININO SUB-15 VEM AÍ!
Confira as equipes participantes. Saiba mais em futebolpaulista.com.br!
#PaulistaFemininoSub15",,0,"04/17/2026 08:57",N/A,https://www.facebook.com/paulistaof/posts/pfbid02kRKbmizp6snQn2tk243PdWxNg8kykwhn5ANorwFFCKFb3gFWzWSNTYVWsBhM7Ffql,0,0,Fotos,,,,,Total,7762,5673,59,52,0,7,83,37,45,1,,,,,,,
929024836510193,100082080567569,"Paulistão F","SEXTOU COM JOGO!
O Mauaense entra em campo nesta tarde pelo #BrasileirãoA3 🔥
#ElasEmCampo",,0,"04/17/2026 05:00",N/A,https://www.facebook.com/paulistaof/posts/pfbid02nn3ycEHYaez5fnGkjqg7c6VEagEY3nCHPZcrmDWyxTQXie5VaRWbo16LEUtAcWoQl,0,0,Fotos,,,,,Total,6617,5073,35,32,2,1,50,19,31,,,,,,,,
927166080029402,100082080567569,"Paulistão F","MAIS UMA GOLEADA BRASILEIRA! 🇧🇷🌟
A @selecaofemininadefutebol venceu a segunda na FIFA Series 2026!
📷 Lívia Villas Boas/Staff Images/CBF",,0,"04/14/2026 20:43",N/A,https://www.facebook.com/paulistaof/posts/pfbid02HX34CyTceVP8MzBirpgjyXLEosboQVn2GEQjpqnr5YCw63gogD5FSATmkNN6vMvrl,0,0,Fotos,,,,,Total,30626,21435,972,868,71,33,517,286,231,,,,,,,,
926761403403203,100082080567569,"Paulistão F","DIA DE MULHERES DESTE SOLO!
A @selecaofemininadefutebol vai em busca de mais uma vitória!
#FifaSeries #ElasEmCampo #Seleção",,0,"04/14/2026 07:22",N/A,https://www.facebook.com/paulistaof/posts/pfbid0e21QGeA9Efqiid3wfoupwQ15sXBZU9Fj29L1tBbN4k4fs4WTDv7DFs5Q2KiiWYxql,0,0,Fotos,,,,,Total,39351,26866,691,633,33,25,655,349,298,8,,,,,,,
926228356789841,100082080567569,"Paulistão F","FOI AQUELE BEIJO, FOI AQUELE BEIJO! 💋
Um beijo especial das atuais bicampeãs do Paulistão Feminino! 
#DiaDoBeijo #PaulistãoFeminino
📷 Rebeca Reis/Ag. Paulistão",,0,"04/13/2026 13:38",N/A,https://www.facebook.com/paulistaof/posts/pfbid0H17aDuCdYQyVZ5E93Ea1HKNAfAZXnKQwHGqmFAS7M7TA6ChuhdVS5MXwTDjpq7Qvl,0,0,Fotos,,,,,Total,18832,13142,427,400,14,13,387,127,260,,,,,,,,
925925920153418,100082080567569,"Paulistão F","VIVA O FESTIVAL PAULSITA FEMININO SUB-14! ❤️
#FestivalPaulistaFemininoSub14
📷 Rebeca Reis/Ag. Paulistão",,0,"04/13/2026 04:54",N/A,https://www.facebook.com/paulistaof/posts/pfbid0btVTkfC96BpqxtE5Lpy6k8GWZwb65BdpW3BnUJDsqPgVVA7ExLkEPCp1fmKYzeSwl,0,0,Fotos,,,,,Total,4018,2942,40,37,0,3,70,16,54,,,,,,,,
925643660181644,100082080567569,"Paulistão F","MAIS UM FESTIVAL ENTREGUE! ✅
Vem acompanhar um dia de #FestivalPaulistaFemininoSub14 com a ADM 🥳❤️","MAIS UM FESTIVAL ENTREGUE! ✅
Vem acompanhar um dia de #FestivalPaulistaFemininoSub14 com a ADM 🥳❤️",97,"04/12/2026 19:32",N/A,https://www.facebook.com/reel/1261425128949763/,1,0,Videos,,,,,Total,984,1008,10,10,0,0,4,4,,,,,2959.543,3.121,0,0,0
925594303519913,100082080567569,"Paulistão F","Mais um grande dia para o futuro do futebol feminino!
#FestivalPaulistaFemininoSub14
📷 Rebeca Reis/Ag. Paulistão",,0,"04/12/2026 17:49",N/A,https://www.facebook.com/paulistaof/posts/pfbid02UKaJnv1kYS1w8S3yxDT89jedwoyLjDGzQy5Yd1vH1jdChARn6jSDox4CcUXgd7TDl,0,0,Fotos,,,,,Total,4538,3178,46,42,2,2,50,18,32,,,,,,,,
925504733528870,100082080567569,"Paulistão F","DALE! 🕺🏾
Energia lá em cima no #FestivalPaulistaFemininoSub14 🥳","DALE! 🕺🏾
Energia lá em cima no #FestivalPaulistaFemininoSub14 🥳",19,"04/12/2026 14:19",N/A,https://www.facebook.com/reel/1015620421642378/,1,0,Videos,,,,,Total,3967,3795,57,55,1,1,22,22,,,,,15809.472,4.312,0,0,0
925474740198536,100082080567569,"Paulistão F","Mais clicks dos Festival Paulista Feminino Sub-14!
#FestivalPaulistaFemininoSub14
📷 Rebeca Reis/Ag. Paulistão",,0,"04/12/2026 13:13",N/A,https://www.facebook.com/paulistaof/posts/pfbid02RzNat1emDiWgH1B2RpP1vngkvjJHTZ3RWyLu5fhjL2hAD3aHQXZryL66ZsEVQtcXl,0,0,Fotos,,,,,Total,3192,2264,22,22,0,0,37,11,26,,,,,,,,
925462943533049,100082080567569,"Paulistão F","Fica difícil disfarçar né @flamengoguarulhos_fem?! 🤣😇 #FestivalPaulistaFemininoSub14","Fica difícil disfarçar né @flamengoguarulhos_fem?! 🤣😇 #FestivalPaulistaFemininoSub14",11,"04/12/2026 12:48",N/A,https://www.facebook.com/reel/1206837954683059/,1,0,Videos,,,,,Total,2834,2590,12,11,0,1,15,15,,,,,10872.839,4.519,0,0,0
925432680202742,100082080567569,"Paulistão F","UNDAIÁ! 🤣🥰
O carisma das nossas mini divas no #FestivalPaulisaSub14 🤪","UNDAIÁ! 🤣🥰
O carisma das nossas mini divas no #FestivalPaulisaSub14 🤪",14,"04/12/2026 11:50",mixed,https://www.facebook.com/reel/1832620801027455/,1,0,Videos,,,,,Total,918,857,4,4,0,0,4,4,,,,,3418.591,4.103,0,0,0
925388870207123,100082080567569,"Paulistão F","CADA LANCE, UM FLASH!
#FestivalPaulistaFemininoSub14 
📷 Rebeca Reis/Ag. Paulistão",,0,"04/12/2026 10:33",N/A,https://www.facebook.com/paulistaof/posts/pfbid0JkMLeYCcJVKackmKx5dKDy2MNgWKdVmkfGvbx5bPkSuKynHGzpQ1jJxZ26dpGdtbl,0,0,Fotos,,,,,Total,2443,1770,25,22,1,2,45,10,35,,,,,,,,
925375210208489,100082080567569,"Paulistão F","KATCHAU! ⚡️
Elas são a velocidade!
#FestivalPaulistaFemininoSub14 
📷 Rebeca Reis/Ag. Paulistão",,0,"04/12/2026 10:10",N/A,https://www.facebook.com/paulistaof/posts/pfbid02bkQfxSSexch3gW72bRDvHJFSNeruM8cB3DJDLoVkiV5VovgwicnDcc7dHgkFbpU6l,0,0,Fotos,,,,,Total,2868,2158,14,14,0,0,23,4,19,,,,,,,,
925283786884298,100082080567569,"Paulistão F","JOGADORA CARA 🔥
Jogando no estilo e nas cores do Centro Olímpico 😍❤️
#FestivalPaulistaFemininoSub14
📷 Rebeca Reis/Ag. Paulistão",,0,"04/12/2026 07:42",N/A,https://www.facebook.com/paulistaof/posts/pfbid02Kj95fwQMTtDUD7167BYxnynetwHWNTSP8wxWLxPPuhJWHgnHtH9VxWLYBV7QeNxhl,0,0,Fotos,,,,,Total,5170,3696,48,44,3,1,61,23,38,,,,,,,,
925275956885081,100082080567569,"Paulistão F","Mais um dia de Festiva Paulista Feminino Sub-14 por aqui ✨
#FestivalPaulistaFemininoSub14
📷 Rebeca Reis/Ag. Paulistão",,0,"04/12/2026 07:30",N/A,https://www.facebook.com/paulistaof/posts/pfbid0LR17s8nFkWa3L73Q93DEC64CPnd19u7xU9bBnoGhF3xCPRQiBcSjMeZSNdopy5Dal,0,0,Fotos,,,,,Total,2302,1668,20,20,0,0,35,16,19,,,,,,,,
925257223553621,100082080567569,"Paulistão F","COMEÇOU ✅
O segundo dia de #FestivalPaulistaFemininoSub14 já está a todo vapor! 🤩🥰","COMEÇOU ✅
O segundo dia de #FestivalPaulistaFemininoSub14 já está a todo vapor! 🤩🥰",14,"04/12/2026 06:59",uploaded,https://www.facebook.com/reel/838759179246571/,1,0,Videos,,,,,Total,1472,1462,14,14,0,0,10,10,,,,,4717.879,3.474,0,0,0
925232786889398,100082080567569,"Paulistão F","COMEÇOU ✅
O segundo dia de #FestivalPaulistaFemininoSub14 já está a todo vapor! 🤩🥰","COMEÇOU ✅
O segundo dia de #FestivalPaulistaFemininoSub14 já está a todo vapor! 🤩🥰",14,"04/12/2026 06:19",uploaded,https://www.facebook.com/reel/959635020336603/,1,0,Videos,,,,,Total,1359,1277,21,21,0,0,11,11,,,,,4713.218,3.835,0,0,0
924920450253965,100082080567569,"Paulistão F","GOLEADA VERDE E AMARELA!
A Seleção Feminina começou voando na FIFA Series 2026!
#ElasEmCampo
📷Lívia Villas Boas/Staff Images/CBF",,0,"04/11/2026 20:30",N/A,https://www.facebook.com/paulistaof/posts/pfbid0BFFxzLybWxR5B9vqSmnVyFCeGJ9MsD1ynZL3ZQkS6t8aUnixK7YikbDXUnrx77CJl,0,0,Fotos,,,,,Total,27842,19091,684,630,26,28,396,185,211,,,,,,,,
924839910262019,100082080567569,"Paulistão F","VEM VER COMO FOI A PREMIAÇÃO! 🏅✨
O primeiro dia de Festival Paulista Feminino Sub-14 terminou com muitas medalhas sendo distribuídas! 
#FestivalPaulistaFemininoSub14","VEM VER COMO FOI A PREMIAÇÃO! 🏅✨
O primeiro dia de Festival Paulista Feminino Sub-14 terminou com muitas medalhas sendo distribuídas! 
#FestivalPaulistaFemininoSub14",68,"04/11/2026 17:48",uploaded,https://www.facebook.com/reel/1350725117118892/,1,0,Videos,,,,,Total,1235,1286,20,18,1,1,7,7,,,,,6374.134,5.379,0,0,0
924818353597508,100082080567569,"Paulistão F","VIVA O FESTIVAL PAULISTA FEMININO SUB-14! ❤️
#FestivalPaulistaFemininoSub14
📷Rebeca Reis/Ag. Paulistão",,0,"04/11/2026 17:00",N/A,https://www.facebook.com/paulistaof/posts/pfbid0Y1X3BASQekMhjtDdQCqmARpu6qoW4cGxuZN6cYA2KKjzhwFfGCDM1S7uTUTrTGrsl,0,0,Fotos,,,,,Total,3695,2601,52,49,2,1,112,24,88,,,,,,,,
924814960264514,100082080567569,"Paulistão F","O FUTURO DO FUTEBOL FEMININO PASSA POR AQUI! 🥰
#FestivalPaulistaFemininoSub14
📷Rebeca Reis/Ag. Paulistão",,0,"04/11/2026 16:53",N/A,https://www.facebook.com/paulistaof/posts/pfbid0NKJeVq4dQRqBHpcLTaAhJzB8AL7wdFA7sFBeAe3FgKVc4nJt3FmuAZBpatc4oQdJl,0,0,Fotos,,,,,Total,2394,1723,12,12,0,0,27,5,22,,,,,,,,
924799050266105,100082080567569,"Paulistão F","HOMENAGEM PARA O FANATICÃO! 🐶
Quem disse que não dá pra fazer amizade no Festival Paulista Feminino Sub-14? A Alice ainda ganhou a medalha do seu novo best friend 🏅🫂
#FestivalPaulistaFemininoSub14","HOMENAGEM PARA O FANATICÃO! 🐶
Quem disse que não dá pra fazer amizade no Festival Paulista Feminino Sub-14? A Alice ainda ganhou a medalha do seu novo best friend 🏅🫂
#FestivalPaulistaFemininoSub14",51,"04/11/2026 16:14",uploaded,https://www.facebook.com/reel/1921662498712784/,1,0,Videos,,,,,Total,775,782,6,6,0,0,7,7,,,,,4057.591,5.483,0,0,0
924778120268198,100082080567569,"Paulistão F","Esse aqui é o vídeo do @sesisp.futebolfeminino apresentando o Festival Paulista Feminino Sub-14, se quiser assistir 🤷‍♀️
#FestivalPaulistaFemininoSub14","Esse aqui é o vídeo do @sesisp.futebolfeminino apresentando o Festival Paulista Feminino Sub-14, se quiser assistir 🤷‍♀️
#FestivalPaulistaFemininoSub14",41,"04/11/2026 15:24",uploaded,https://www.facebook.com/reel/2007228843542807/,1,0,Videos,,,,,Total,1041,1073,21,19,1,1,14,14,,,,,5484.387,5.462,0,0,0
924750036937673,100082080567569,"Paulistão F","NO DETALHE!
Vamos com mais fotos da tarde deste sábado no Festival Paulista Feminino Feminino Su-14? Então se liga só! Até o Fanaticão apareceu para dar aquela força pras meninas!
#FestivalPaulistaFemininoSub14 
📷Rebeca Reis/Ag. Paulistão",,0,"04/11/2026 14:14",N/A,https://www.facebook.com/paulistaof/posts/pfbid0jGA7P56UkMmSq1ViB51cpCiXmJiKajfsbpGmJu6bkFP1SQuUVTyweFPCd9uePFUdl,0,0,Fotos,,,,,Total,2551,1933,31,29,1,1,50,11,39,,,,,,,,
924739793605364,100082080567569,"Paulistão F","E ESSA BATALHA DE ACROBACIAS? 😱
O Fanaticão e as atletas do @osascosporting.oz estão com desenvoltura de sobra na ginástica! 🤸 
#FestivalPaulistaFemininoSub14","E ESSA BATALHA DE ACROBACIAS? 😱
O Fanaticão e as atletas do @osascosporting.oz estão com desenvoltura de sobra na ginástica! 🤸 
#FestivalPaulistaFemininoSub14",39,"04/11/2026 13:53",uploaded,https://www.facebook.com/reel/965770282601636/,1,0,Videos,,,,,Total,912,907,8,8,0,0,7,7,,,,,6898.242,8.049,0,0,0
924733660272644,100082080567569,"Paulistão F","FANATICÃO 🤝 @s.e_lemensefutebolfeminino 
Nem só de futebol vivem as nossas atletas 💃 (e o nosso mascote 🕺)
#FestivalPaulistaFemininoSub14","FANATICÃO 🤝 @s.e_lemensefutebolfeminino 
Nem só de futebol vivem as nossas atletas 💃 (e o nosso mascote 🕺)
#FestivalPaulistaFemininoSub14",15,"04/11/2026 13:39",N/A,https://www.facebook.com/reel/1719998522712940/,1,0,Videos,,,,,Total,566,563,8,8,0,0,4,4,,,,,2077.159,3.934,0,0,0
924696730276337,100082080567569,"Paulistão F","O FUTEBOL NÃO PARA!
A tarde segue movimentada no Festival Paulista Feminino Sub-14!
#FestivalPaulistaFemininoSub14
📷Rebeca Reis/Ag. Paulistão",,0,"04/11/2026 12:19",N/A,https://www.facebook.com/paulistaof/posts/pfbid02aZhwTvzES8bRxwQzmFFgW47KRhFwKyp7VCjNtEwaLXFRQctUMVAUNQ5sUBq2f5pl,0,0,Fotos,,,,,Total,2154,1518,14,12,1,1,45,5,40,,,,,,,,
924583786954298,100082080567569,"Paulistão F","FESTIVAL ROLANDO A TODO VAPOR! 🔥
Os jogos da manhã foram super agitados no @sesisp.campinassantosdumont! 
#FestivalPaulistaFemininoSub14","FESTIVAL ROLANDO A TODO VAPOR! 🔥
Os jogos da manhã foram super agitados no @sesisp.campinassantosdumont! 
#FestivalPaulistaFemininoSub14",35,"04/11/2026 09:06",uploaded,https://www.facebook.com/reel/966633879351295/,1,0,Videos,,,,,Total,468,539,7,7,0,0,3,3,,,,,1683.057,3.682,0,0,0
924548650291145,100082080567569,"Paulistão F","CHEGAMOS, HEIN!
Vamos aos primeiro clicks do Festival Paulista Feminino Sub-14!
#FestivalPaulistaFemininoSub14
📷Rebeca Reis/Ag. Paulistão",,0,"04/11/2026 08:12",N/A,https://www.facebook.com/paulistaof/posts/pfbid02SDofXhqwa2gB5outxHgG64suQeyvhJ3AwqZevh9DqAw4WchUUvj5fvDP9LjSEx8kl,0,0,Fotos,,,,,Total,4682,3434,58,56,1,1,110,23,87,,,,,,,,
924546500291360,100082080567569,"Paulistão F","@oficialmeninasemcampo 💃💃💃
#FestivalPaulistaFemininoSub14","@oficialmeninasemcampo 💃💃💃
#FestivalPaulistaFemininoSub14",11,"04/11/2026 08:09",N/A,https://www.facebook.com/reel/998812395849656/,1,0,Videos,,,,,Total,1507,1464,16,15,0,1,9,9,,,,,5490.258,4.131,0,0,0
924511643628179,100082080567569,"Paulistão F","HAJA COORDENAÇÃO MOTORA! 😮‍💨
E esse aquecimento do @sferafc antes do jogo? Não pode perder a concentração! 👀
#FestivalPaulistaFemininoSub14","HAJA COORDENAÇÃO MOTORA! 😮‍💨
E esse aquecimento do @sferafc antes do jogo? Não pode perder a concentração! 👀
#FestivalPaulistaFemininoSub14",43,"04/11/2026 07:14",uploaded,https://www.facebook.com/reel/1953341542239677/,1,0,Videos,,,,,Total,1114,1162,17,17,0,0,10,10,,,,,5803.735,5.47,0,0,0
924479670298043,100082080567569,"Paulistão F","O BONDE PASSOU! 🏃‍♀️
Só observando a @ajvvpaiao_ depois da primeira vitória no Festival Paulista Feminino Sub-14!
#FestivalPaulistaFemininoSub14","O BONDE PASSOU! 🏃‍♀️
Só observando a @ajvvpaiao_ depois da primeira vitória no Festival Paulista Feminino Sub-14!
#FestivalPaulistaFemininoSub14",14,"04/11/2026 06:22",uploaded,https://www.facebook.com/reel/2195694011175007/,1,0,Videos,,,,,Total,2960,2912,31,29,0,2,22,22,,,,,10823.849,4.034,0,0,0
924465586966118,100082080567569,"Paulistão F","VAI COMEÇAR A FIFA SERIES! 🤩
A #SeleçãoBrasileira entra em campo para enfrentar a Coréia do Sul nesse sábado!
#ElasEmCampo",,0,"04/11/2026 06:00",N/A,https://www.facebook.com/paulistaof/posts/pfbid02BEiEc7JZSgrRijZFsKTvXENwSMAWQ7KGnA11KyJs23WqABF1JFCmzgXKKLBfvFWel,0,0,Fotos,,,,,Total,10730,7549,186,181,2,3,157,70,87,,,,,,,,
924432823636061,100082080567569,"Paulistão F","Seu reel",,56,"04/11/2026 05:06",uploaded,https://www.facebook.com/reel/1439736097387848/,1,0,Videos,,,,,Total,800,797,16,16,0,0,14,14,,,,,3722.057,4.962,0,0,0
924092583670085,100082080567569,"Paulistão F","O PRIMEIRO FESTIVAL DO ANO!
Nesse final de semana, vai rolar o Festival Paulista Feminino Sub-14 em Campinas! Vem ver quais serão os times participantes 🤩
#FestivalPaulistaFemininoSub14",,0,"04/10/2026 17:47",N/A,https://www.facebook.com/paulistaof/posts/pfbid0paTX3CiFY11xbq52bCknTLok3N4HxiZ8FJRhUumF6wQ7BVuDh9dw3vb1CzwCs8fVl,0,0,Fotos,,,,,Total,2171,1639,18,16,0,2,9,4,5,,1,,,,,,
920798190666191,100082080567569,"Paulistão F","DIA DE BRASILEIRÃO A3! 🤩
Vem que hoje tem Mauaense em campo!
#ElasEmCampo",,0,"04/06/2026 06:13",N/A,https://www.facebook.com/paulistaof/posts/pfbid02AJsTSxaZvCg9ZCcwEbsMsv32sLEV9Zv76xwwCHZAvs5iVozVQy68HUzLqKq83zHRl,0,0,Fotos,,,,,Total,5566,4112,40,37,3,0,45,20,25,,,,,,,,
919564930789517,100082080567569,"Paulistão F","É, TAUBATÉ!
Segunda vitória seguida no Brasileiro Feminino A2!
#ElasEmCampo
📷Junior Santos/Divulgação/Taubaté",,0,"04/04/2026 14:25",N/A,https://www.facebook.com/paulistaof/posts/pfbid09UvqJSnmdtKegZgHj8VPAuy5iqHxn42Ugp1A47ri2xBBywCt1X3XH5j5jGMupCFpl,0,0,Fotos,,,,,Total,17651,12491,112,103,6,3,178,68,110,,,,,,,,
919276457485031,100082080567569,"Paulistão F","VAMOS, TAUBATÉ! 💙
Hoje é dia de buscar a vitória fora de casa no Brasileirão A2!
#ElasEmCampo",,0,"04/04/2026 06:00",N/A,https://www.facebook.com/paulistaof/posts/pfbid0316WDv5m9yYtQfATh8WW9RgZiUZ6ciZm3Ufj6K1XPK4wrHGEwQ1yPfFAjdB1tXnzVl,0,0,Fotos,,,,,Total,5024,3887,25,23,2,0,48,29,19,,,,,,,,
918944134184930,100082080567569,"Paulistão F","SEXTOU!
Então bora conferir como terminaram os jogos de hoje.
#ElasEmCampo",,0,"04/03/2026 19:45",N/A,https://www.facebook.com/paulistaof/posts/pfbid0ESNPQdcVGGv763Xc4LBnua8fFvz7zRnrN33LTUSenpQBgL6dyP6585RPqVxZvFW3l,0,0,Fotos,,,,,Total,22540,17419,167,158,4,5,286,138,148,,,,,,,,
918928487519828,100082080567569,"Paulistão F","GOLEADA DO TIMÃO!
Com dois gols da Zanotti, as Brabas levaram mais três pontos no @brfeminino.
#ElasEmCampo
📷 Divulgação/@asbrabas",,0,"04/03/2026 19:14",N/A,https://www.facebook.com/paulistaof/posts/pfbid0xinsfjwWjN9BArnqVF8cT4jKaPZ8wKr9fhfG9WmnAKFPhBmixgf9PqQCbfh4MvzCl,0,0,Fotos,,,,,Total,178807,128326,4797,4381,282,134,1993,979,1014,,,,,,,,
918924690853541,100082080567569,"Paulistão F","TUDO IGUAL!
Fora de casa, as Sereias da Vila voltam com um ponto na mala.
#ElasEmCampo
📷 Arthur Barreto/Botafogo",,0,"04/03/2026 19:07",N/A,https://www.facebook.com/paulistaof/posts/pfbid02EfoS2LYc2Gk37B5ijU3vnvXac6bRi2rPQTws17CPJVaQQ4VbHMsNrPngxuaA9kJRl,0,0,Fotos,,,,,Total,6261,5907,50,48,0,2,58,26,32,,,,,,,,
918873587525318,100082080567569,"Paulistão F","GABI ZANOTTI, A MAIS BRABA DAS BRABAS! 🦅🔥
A camisa 10 das @asbrabas se tornou a atleta que mais vestiu a camisa do Timão na história!
#ElasEmCampo #Corinthians",,0,"04/03/2026 17:25",N/A,https://www.facebook.com/paulistaof/posts/pfbid0RoztyyrLTPr4jN4WC2DF5A4scVcifiRMAdZ5dns3WZN2EEvmsEEozfq9NhgYcP44l,0,0,Fotos,,,,,Total,12528,13176,710,663,25,22,202,136,65,1,,,,,,,
917225191023491,100082080567569,"Paulistão F","VAI COMEÇAR O PAULISTA FEMININO SUB-17! 🤩
Vem conferir os confrontos que vão rolar na primeira rodada!
#PaulistaFemininoSub17",,0,"04/01/2026 15:31",N/A,https://www.facebook.com/paulistaof/posts/pfbid0VhWy3FjqhctfvB3L8FinMz3beduXVS4TsqqCYdhiB9RfuAzfjyVxBJVeHEzGAiCnl,0,0,Fotos,,,,,Total,2912,2942,19,18,1,0,38,19,19,,,,,,,,
917050887707588,100082080567569,"Paulistão F","ANOTA NA AGENDA!
A primeira edição do FIFA Series está vindo aí. Vem conferir um pouco mais para saber quando a @selecaofemininadefutebol joga.
#ElasEmCampo #Brasil",,0,"04/01/2026 10:00",N/A,https://www.facebook.com/paulistaof/posts/pfbid02nMv9Sg8TFQsUVvxiJwyr8W7nWgeCjtxgnZTX9WqUAYUJRWP9GuQv16q7vk5XGFaPl,0,0,Fotos,,,,,Total,2226,1988,40,28,6,6,122,26,96,,,,,,,,
915784031167607,100082080567569,"Paulistão F","As minhas equipes terminaram a segunda-feira sem perder no @brfeminino 🙅‍♀️
#ElasEmCampo",,0,"03/30/2026 20:00",N/A,https://www.facebook.com/paulistaof/posts/pfbid0wEWtgsLfAFZ9DrtUWcz6f7GovLEG7eRth4pHzcZcRyVKLyZBYFBqXZzoiZUGPL7Cl,0,0,Fotos,,,,,Total,37381,29060,182,172,4,6,442,207,235,,,,,,,,
915775454501798,100082080567569,"Paulistão F","LIDERANÇA ALVIVERDE!
Mesmo com o empate, as Palestrinas voltaram para a ponta da tabela.
#ElasEmCampo
📷 Fábio Menotti/Palmeiras",,0,"03/30/2026 19:41",N/A,https://www.facebook.com/paulistaof/posts/pfbid0nwt7Xh7RZpy3tkXJdGb5DZzop9cvGwXt6j1Z4ioj4nEj4zvBG4nZinHfQaw4upArl,0,0,Fotos,,,,,Total,44058,34725,869,792,49,28,619,328,291,,,,,,,,
915763251169685,100082080567569,"Paulistão F","TUDO IGUAL!
A Ferroviária garante um ponto nesta noite pelo @brfeminino.
#ElasEmCampo
📷 Rafael Zocco/Ferroviária",,0,"03/30/2026 19:15",N/A,https://www.facebook.com/paulistaof/posts/pfbid0bxkUFKzFTcQ9z4PGsybY1NUN41umcWNrsvP9tHcB9k8eNCwH6qeWz8ePBWsPaT16l,0,0,Fotos,,,,,Total,5372,5121,34,32,0,2,51,22,29,,,,,,,,
915716627841014,100082080567569,"Paulistão F","DE VIRADA!
Fora de casa, o Tricolor garante a segunda vitória seguida no @brfeminino.
#ElasEmCampo
📷 Rubens Chiri/Saopaulofc.net",,0,"03/30/2026 17:34",N/A,https://www.facebook.com/paulistaof/posts/pfbid02u2QqBv8rkQHC5sPyTcsfBeBrNkfaMJHtErG9ku1Zemt2JfRgmj6DxTyb2WdHSkByl,0,0,Fotos,,,,,Total,22755,18051,891,860,14,17,242,96,146,,,,,,,,
915359021210108,100082080567569,"Paulistão F","DOSE TRIPLA NESSA SEGUNDA-FEIRA!
Hoje tem São Paulo, Ferroviária e Palmeiras no @brfeminino!
#ElasEmCampo",,0,"03/30/2026 06:00",N/A,https://www.facebook.com/paulistaof/posts/pfbid0nf4eaUt8bcG5LVhni8BYTCkkn47psbhgDwgPqdmJ1aSVSD8rWh3TGAthjfcF3KeLl,0,0,Fotos,,,,,Total,21470,14440,255,236,6,13,421,162,259,,1,,,,,,
914893714589972,100082080567569,"Paulistão F","Um domingo sem vitórias para a dupla paulista. 😖
#ElasEmCampo",,0,"03/29/2026 13:45",N/A,https://www.facebook.com/paulistaof/posts/pfbid0ycfcW1SThz8Q5nM7vcKD7cafnmV7j2JRnSiFiRxqeDAF8BC7eCs6hCWo3K3swmjjl,0,0,Fotos,,,,,Total,5399,4443,21,21,0,0,39,7,32,,,,,,,,
914890974590246,100082080567569,"Paulistão F","O São José foi superado em casa pela segunda rodada do Brasileirão Feminino A3.
#ElasEmCampo
📷Rodrigo Lopes/São José",,0,"03/29/2026 13:39",N/A,https://www.facebook.com/paulistaof/posts/pfbid08f6SCSaPAupYrvqJeXDVtQapHeuxX4TcbwacwdVR4d8sztnnGzib5HBLiBrQThPkl,0,0,Fotos,,,,,Total,8291,6248,39,38,0,1,66,20,46,,,,,,,,
914618897950787,100082080567569,"Paulistão F","DOSE DUPLA NO BRASILEIRÃO A3!
Vem que hoje tem São José e Mauaense em campo!
#ElasEmCampo",,0,"03/29/2026 06:00",N/A,https://www.facebook.com/paulistaof/posts/pfbid0FiXJLF5TdKUF3Uk9d9qfECGoXKii6gnT11DifuB34k2vhWHg3RBhkuhmLV8c16YYl,0,0,Fotos,,,,,Total,5307,4046,29,28,0,1,29,11,18,,,,,,,,
914160594663284,100082080567569,"Paulistão F","Com vitórias nas divisões de acesso, foi esse o desempenho das equipes paulistas neste sábado de futebol feminino!
#ElasEmCampo",,0,"03/28/2026 15:59",N/A,https://www.facebook.com/paulistaof/posts/pfbid0PRxTgaE7A94vnXVw5Dmi9e5hkC3dnN2hAPvSPmMcAPu6ac44JyGbEnf1xzuhMFJ7l,0,0,Fotos,,,,,Total,12030,8570,51,51,0,0,156,42,114,,,,,,,,
914155967997080,100082080567569,"Paulistão F","O Massa Bruta foi superado pelo Bahia no encerramento da quinta rodada do Brasileirão Feminino.
#ElasEmCampo
📷Fernando Roberto/Red Bull Bragantino",,0,"03/28/2026 15:48",N/A,https://www.facebook.com/paulistaof/posts/pfbid038nGS1wQGCzDWwSeXQS2hd4PrXFXDukJx2eY89gG8XZZSk4Uarw2BA96W2srELDVl,0,0,Fotos,,,,,Total,12207,8922,81,77,1,3,86,32,54,,,,,,,,
914091478003529,100082080567569,"Paulistão F","VAI, TAUBATÉ! 
A equipe paulista desencanta do Brasileiro Feminino A2 e vence a primeira na competição! 
#ElasEmCampo 
📷Junior Santos/AD Taubaté",,0,"03/28/2026 13:29",N/A,https://www.facebook.com/paulistaof/posts/pfbid0VqbhNFbAQDurUscbG4EruTK5oseWEJmp5BYVjGbNBgdppKj4nvanzXU5HMcW8eNjl,0,0,Fotos,,,,,Total,8450,6500,60,58,0,2,66,23,43,,,,,,,,
914089041337106,100082080567569,"Paulistão F","SEGURA O REALIDADE JOVEM!
A equipe de São José do Rio Preto vence mais uma e mantém o 100% no Brasileiro Feminino A3!
#ElasEmCampo
📷Carol Almeida/Divulgação/Realidade Jovem",,0,"03/28/2026 13:24",N/A,https://www.facebook.com/paulistaof/posts/pfbid02zToxjDoyt28FjLg76izsk4eFsVcnvDyZokNKDHPkxqt2otv1meBE6hSnKurWCu2Vl,0,0,Fotos,,,,,Total,10525,7284,49,46,1,2,110,47,63,,,,,,,,
913820898030587,100082080567569,"Paulistão F","SÁBADO CHEIO DE EQUIPES PAULISTAS EM CAMPO!
São três confrontos em três divisões do @brfeminino!
#ElasEmCampo",,0,"03/28/2026 06:00",N/A,https://www.facebook.com/paulistaof/posts/pfbid0n29hBynJosLTRjGnEtfuwAtY7wsqah8XCku1GBfSfw7c8wPwHr2dnrvGfXFxwbKHl,0,0,Fotos,,,,,Total,5562,4075,34,30,1,3,54,24,30,,,,,,,,
913482928064384,100082080567569,"Paulistão F","NOITE TRICOLOR!
O @SaoPauloFC_Fem levou a melhor no clássico diante do Palmeiras!
#ElasEmCampo
📷Rebeca Reis/Staff Images Woman/CBF",,0,"03/27/2026 19:45",N/A,https://www.facebook.com/paulistaof/posts/pfbid02aN2iDGxXgRSC4KgvAz3fHwh7YUsowm9drzHGFmbcaCqewUxs9FknWN1aySF12d9Gl,0,0,Fotos,,,,,Total,41715,28763,537,471,48,18,831,411,420,,,,,,,,
913416451404365,100082080567569,"Paulistão F","SEGUNDA SEGUIDA!
As Brabas garantiram os três pontos na mala.
#ElasEmCampo
📷 Lucas Figueiredo/Divulgação/Corinthians",,0,"03/27/2026 17:42",N/A,https://www.facebook.com/paulistaof/posts/pfbid02UorrwQVNzNAzDSG7i2afbp88PeJLYqd2AWx2Rv1ockmzvMxDczmFbYyyasbwExjYl,0,0,Fotos,,,,,Total,15184,11211,384,355,14,15,205,110,95,,,,,,,,
913401248072552,100082080567569,"Paulistão F","UM PARA LÁ, UM PARA CÁ!
Santos e Ferroviária ficaram no empate nesta noite pelo @brfeminino.
#ElasEmCampo
📷 Rafael Zocco/Ferroviária",,0,"03/27/2026 17:10",N/A,https://www.facebook.com/paulistaof/posts/pfbid0259rTL47e3SDxGuSRjKh3S3VXiXdnDe1rnHARBZ2UofjMGYyECAdcMbccrQ2nzekrl,0,0,Fotos,,,,,Total,11412,8554,82,81,0,1,85,33,52,,,,,,,,
913248894754454,100082080567569,"Paulistão F","QUEM VAI LEVAR A MELHOR NO CHOQUE-RAINHA? 👀
O Tricolor vai receber as Palestrinas no @brfeminino! 
#ElasEmCampo",,0,"03/27/2026 12:00",N/A,https://www.facebook.com/paulistaof/posts/pfbid033jBSWeXBgA1hq5tnVKuNuKLdR9MyDNMkTHifeLSnGLbMTt3pXNQpuU6UWsL5LZo7l,0,0,Fotos,,,,,Total,29432,19553,489,432,39,18,923,548,375,,,,,,,,
913179254761418,100082080567569,"Paulistão F","SEREIAS vs GUERREIRAS GRENÁS!
O primeiro clássico de hoje no @brfeminino vai rolar entre Santos e Ferroviária! Quem vai sair com a vitória?
#ElasEmCampo",,0,"03/27/2026 10:00",N/A,https://www.facebook.com/paulistaof/posts/pfbid0cNzgfZBKPr19wvg9wYmdDfSCmEw4TjniMx7qmfKzHjQZjnRr5QShP8mnRWBUhHXFl,0,0,Fotos,,,,,Total,3781,2896,27,27,0,0,29,9,20,,,,,,,,
913021241443886,100082080567569,"Paulistão F","SEXTOU COM DIREITO A DOIS DUELOS PAULISTAS!
Noite cheia para as minhas equipes no @brfeminino!
#ElasEmCampo",,0,"03/27/2026 06:00",N/A,https://www.facebook.com/paulistaof/posts/pfbid02u3wV7X4buhwDLJHBhfymKSPHFS2ZAiPvxafv25wFrxbSAzpuBrZ2ExYqY8t5tqUrl,0,0,Fotos,,,,,Total,29206,19951,346,314,17,15,665,248,417,,,,,,,,
912493311496679,100082080567569,"Paulistão F","VAI CONFERIR NO VAR!
O Paulistão Feminino 2026 veio com uma novidade importante: a tecnologia do Árbitro de Vídeo estará presente em todos os jogos da competição, sendo a primeira competição feminina do Brasil a ter a ferramenta em 100% das partidas.
#PaulistãoFeminino2026",,0,"03/26/2026 13:41",N/A,https://www.facebook.com/paulistaof/posts/pfbid0cQCMsnUqcCAv65kG83BjLYoFQqEB2D8CbrrxkFMDnegR2nXD27DHnQGvNZFcKQPHl,0,0,Fotos,,,,,Total,1854,1372,46,40,4,2,13,11,2,,,,,,,,
912480588164618,100082080567569,"Paulistão F","OLHA QUEM ESTÁ CHEGANDO!
O Paulistão Feminino 2026 vai começar. Vem conferir as equipes participantes e o novo formato da competição 👀
#PaulistãoFeminino2026",,0,"03/26/2026 13:15",N/A,https://www.facebook.com/paulistaof/posts/pfbid02m14qd7a58KGxCbysU6rt2pNjyuLwWSQMYtMJ4fSHhhz4DmbzhSyZAtzEVsomakTNl,0,0,Fotos,,,,,Total,4546,2929,77,65,2,10,220,37,183,,,,,,,,
911561941589816,100082080567569,"Paulistão F","VOCÊS NÃO SABEM O PRAZER QUE É ESTAR DE VOLTA!
Depois da sua licença maternidade, Ketlen está de volta aos treinos nas @sereiasdavilaoficial.
#ElasEmCampo",,0,"03/25/2026 11:46",N/A,https://www.facebook.com/paulistaof/posts/pfbid0oZhj6AfW5ALoLQngvZtFSpDk6HBUbcQV2rifKGe7NS6NiN7TeergyWbBs56Lj7qPl,0,0,Fotos,,,,,Total,7429,5471,42,38,2,2,77,30,47,,,,,,,,
911391238273553,100082080567569,"Paulistão F","FUTEBOL PAULISTA NA SELEÇÃO! 
Sete representantes estarão presentes na disputa da FIFA Series 🔥
#ElasEmCampo",,0,"03/25/2026 07:31",N/A,https://www.facebook.com/paulistaof/posts/pfbid02VRMUMGn8i6YaMqgvyUcJyh4N79AdfWNWixx3i28Mq1fTHaitY41u8kVP2AiUwUKhl,0,0,Fotos,,,,,Total,11822,8020,152,127,21,4,281,150,131,,,,,,,,
910150228397654,100082080567569,"Paulistão F","Empate fora de casa para o Tricolor e goleada na Neo Química Arena para o Timão! Essa foi a segunda-feira com #ElasEmCampo",,0,"03/23/2026 19:06",N/A,https://www.facebook.com/paulistaof/posts/pfbid0dNL8dxQznp9d3MNffsKJCFbEXXH4DfrKEYXHmbFx4NvR8ZpQ73oUUiM7BAjt1JU3l,0,0,Fotos,,,,,Total,13576,9408,107,101,3,3,134,63,71,,,,,,,,
910146475064696,100082080567569,"Paulistão F","GOLEADA DAS BRABAS!
Gabi Zanotti comanda vitória e Corinthians leva a melhor pra cima do América-MG!
#ElasEmCampo
📷Rebeca Reis/Staff Images Woman/CBF",,0,"03/23/2026 18:59",N/A,https://www.facebook.com/paulistaof/posts/pfbid0rR3i6EyPTnofu7bWhSuCrb1XoyMRy5M6Gaj9NQCoq3SDypPj4vDU4T8A2Faj7sqdl,0,0,Fotos,,,,,Total,36008,25582,1365,1246,77,42,472,260,212,,,,,,,,
910119671734043,100082080567569,"Paulistão F","A REDE NÃO BALANÇOU!
No duelo de Tricolores, Fluminense e São Paulo empataram sem gols.
#ElasEmCampo
📷Marina Garcia/Fluminense",,0,"03/23/2026 18:10",N/A,https://www.facebook.com/paulistaof/posts/pfbid021mPFfTM5ucBnyPtA8sqFeyNy1YuWynazigj3qHYyAodYRqf8LA87pbcwfBZv4zNCl,0,0,Fotos,,,,,Total,8697,6233,100,94,3,3,75,35,40,,,,,,,,
910007568411920,100082080567569,"Paulistão F","CONFRONTOS DEFINIDOS!
Vem conferir quem as minhas equipes enfrentam na primeira fase da @copadobrasil_fem 👀
#ElasEmCampo",,0,"03/23/2026 14:25",N/A,https://www.facebook.com/paulistaof/posts/pfbid02nFURribkUjRgFjD8G1YSkXLhy7EPJgN5GCrjuR2nL4JvpdfYRGK5hC5SqRNxsQr6l,0,0,Fotos,,,,,Total,2933,2132,30,28,0,2,26,8,18,,,,,,,,
909696491776361,100082080567569,"Paulistão F","TRICOLOR FORA, TIMÃO EM CASA!
Dose dupla no @brfeminino para começar a semana daquele jeito!
#ElasEmCampo",,0,"03/23/2026 06:00",N/A,https://www.facebook.com/paulistaof/posts/pfbid028UVxbZU5gjwozt4Z7YZ8aopPPbJSsbBaKcbQqwRXodKVqGRyoDuDcfu5zE8EEYjFl,0,0,Fotos,,,,,Total,42348,29048,411,381,21,9,867,306,561,,,,,,,,
909196505159693,100082080567569,"Paulistão F","O domingo foi de 100% de aproveitamento com #ElasEmCampo!",,0,"03/22/2026 15:06",N/A,https://www.facebook.com/paulistaof/posts/pfbid02qBjQDSbHxsuAzCoMYyPKnu9KX7JwJnSEkQXgFGYsUFfLy2oL3s7LBJVykn4tFWKnl,0,0,Fotos,,,,,Total,14937,9615,87,86,0,1,145,69,76,,,,,,,,
909195675159776,100082080567569,"Paulistão F","As Bragantinas levaram a melhor pra cima do Juventude e ficaram com os três pontos!
#ElasEmCampo
📷Fernando Roberto/Red Bull Bragantino",,0,"03/22/2026 15:05",N/A,https://www.facebook.com/paulistaof/posts/pfbid0g2eK76DSjbo1MyqYR1EV1siK1fYUdf5Cy2Hbbo4SQjwYBySC3iqF6bbhYuaeK8Ebl,0,0,Fotos,,,,,Total,6533,4869,45,42,0,3,40,14,26,,,,,,,,
908982595181084,100082080567569,"Paulistão F","UM RETORNO E TANTO!
Na volta ao Allianz Parque, Palmeiras goleia o Vitória e segue firme na liderança do Brasileirão Feminino!
#ElasEmCampo
📷Victor Froes/Palmeiras",,0,"03/22/2026 09:03",N/A,https://www.facebook.com/paulistaof/posts/pfbid0G819dpM1E9XLRjHyXRbwMBUwJM4gAwmWJT2251BYE5uAkJomdNzGhVhtuzEC7CwPl,0,0,Fotos,,,,,Total,191738,135786,4571,4227,160,184,2501,972,1529,,,,,,,,
908856121860398,100082080567569,"Paulistão F","VEM QUE HOJE TEM @brfeminino DE SOBRA! 🤩
Para qual equipe paulista vai sua torcida? Deixa aqui nos comentários!
#ElasEmCampo",,0,"03/22/2026 06:00",N/A,https://www.facebook.com/paulistaof/posts/pfbid0KzDFy8TR1eXt4zFQFXW49GvHXfc3Jk6BmxN7CRT4WAckXo8Siq9xnZJX2UwJy7erl,0,0,Fotos,,,,,Total,6953,4848,50,47,1,2,69,24,45,,,,,,,,
908381148574562,100082080567569,"Paulistão F","O sábado foi complicado para o #FutebolPaulista.😢
#ElasEmCampo",,0,"03/21/2026 16:15",N/A,https://www.facebook.com/paulistaof/posts/pfbid0AzJA7LwNVSS9DTAVs7YH5SWMgVdy5bZPwBWur7gjpR1YA6UCZfPAVy2Ab6KeSGeTl,0,0,Fotos,,,,,Total,15570,10291,76,73,0,3,209,76,133,,,,,,,,
908380361907974,100082080567569,"Paulistão F","A rede não balançou na Arena da Fonte.
#ElasEmCampo
📷Rafael Zocco/Ferroviária",,0,"03/21/2026 16:13",N/A,https://www.facebook.com/paulistaof/posts/pfbid02R6ppm7n3Bve43Dd21uctjqA4A8QnHcJiWfpB5F4JLrL4vpuHYnHyegGETwbrSDGSl,0,0,Fotos,,,,,Total,5429,4196,45,41,1,3,36,22,14,,,,,,,,
908323251913685,100082080567569,"Paulistão F","As Sereias da Vila tropeçaram fora de casa.
#ElasEmCampo
📷Rafael Rodrigues/Bahia",,0,"03/21/2026 14:17",N/A,https://www.facebook.com/paulistaof/posts/pfbid02maV6m8X7D3X79AMoCfqSLrpsADGd6vU474ApnqYWi6Z1n2K6iS2SxJJNMTSkB31ol,0,0,Fotos,,,,,Total,14830,10773,121,114,4,3,131,59,72,,,,,,,,
908322555247088,100082080567569,"Paulistão F","O Mauaense foi superado na estreia do Brasileiro Feminino A3.
#ElasEmCampo
📷Henrique César/Divulgação/Coritiba",,0,"03/21/2026 14:16",N/A,https://www.facebook.com/paulistaof/posts/pfbid0UDEz4P8z8KMexuQmYUKYLDrmtBLySf3MXxpAaEpkWdQPj7EGPnnsbyPktCLMZs7bl,0,0,Fotos,,,,,Total,7118,5323,40,40,0,0,52,15,37,,,,,,,,
908321278580549,100082080567569,"Paulistão F","Hoje não deu para o Taubaté.
#ElasEmCampo 
📷Divulgação/Taubaté",,0,"03/21/2026 14:14",N/A,https://www.facebook.com/paulistaof/posts/pfbid02cfV4Zhc2JnmAUPcFsg24StXknPFe1NcFF1RButDMXUkfcJUBbQnM3myrQnho3RbHl,0,0,Fotos,,,,,Total,13554,10150,46,45,0,1,80,21,59,,,,,,,,
908249228587754,100082080567569,"Paulistão F","COMO É BOM VOLTAR PARA CASA! 🏟️💚
As Palestrinas fazem seu primeiro jogo do ano no Allianz Parque nesse domingo, às 11h, pelo @brfeminino!
#ElasEmCampo #Palmeiras",,0,"03/21/2026 12:00",N/A,https://www.facebook.com/paulistaof/posts/pfbid024xpj6pXW7ozPWjeQVP9oTj7NjJxVF3adWBBn1rGUmZaCbSRF235vwna4kcmvy3FNl,0,0,Fotos,,,,,Total,33584,24037,1202,1143,33,26,470,264,206,,,,,,,,
907998375279506,100082080567569,"Paulistão F","SÁBADÃO CHEIO DE BRASILEIRÃO FEMININO!
São quatro jogos em três divisões do @brfeminino!
#ElasEmCampo",,0,"03/21/2026 06:00",N/A,https://www.facebook.com/paulistaof/posts/pfbid02hC2SpuzE7HXiDT6cVh1J8vpLEruMcFJZDpyJFji3vHzADQ3LP5xTnB9KX9iAJoM8l,0,0,Fotos,,,,,Total,7143,4880,67,64,0,3,93,36,57,,,,,,,,
907376182008392,100082080567569,"Paulistão F","PALESTRINAS 100%!
São três jogos e três vitórias da equipe no @brfeminino 🔥
#ElasEmCampo",,0,"03/20/2026 12:30",N/A,https://www.facebook.com/paulistaof/posts/pfbid037grD7d68CHsoRvgsFzsdDX2d3XLeLLUTsmhNNjLkujDMW3wfxebVZuGVENDe1Mn1l,0,0,Fotos,,,,,Total,52400,36267,1855,1759,57,39,800,488,312,,,,,,,,
907103412035669,100082080567569,"Paulistão F","VAMOS, SÃO JOSÉ!
Hoje tem estreia do @saojosefutebolfeminino no Brasileirão A3!
#ElasEmCampo",,0,"03/20/2026 06:00",N/A,https://www.facebook.com/paulistaof/posts/pfbid0xXKouhLH6S8jJQfWy5zxf5vnYsX96fCx4UEJNpEJmtJ83Pkdfieia4weAUqB4bwnl,0,0,Fotos,,,,,Total,6265,4674,40,35,5,0,45,15,30,,,,,,,,
906519585427385,100082080567569,"Paulistão F","ESTÁ VINDO AÍ 🤩
O Paulista Feminino Sub-17, primeira competição de base no Brasil, chega para a 10ª edição em 2026. Confira o formato e os participantes. Saiba mais em futebolpaulista.com.br.
#PaulistaFemininoSub17",,0,"03/19/2026 14:01",N/A,https://www.facebook.com/paulistaof/posts/pfbid02Em9onGXZWdsJLrVY6ibfX9KwQxMPTGk8cqPgtsgzd2nPgUDC388LwSzcGZMF9PLBl,0,0,Fotos,,,,,Total,11470,8186,102,89,3,10,145,65,79,1,,,,,,,
906250922120918,100082080567569,"Paulistão F","BONDE DO BRASILEIRÃO!
São 11 equipes paulistas nas três divisões do @brfeminino 🤩
#ElasEmCampo",,0,"03/19/2026 06:41",N/A,https://www.facebook.com/paulistaof/posts/pfbid032mGK5eTUWX3J421RXZhuBj5Dv4p517m4dU6NQBTNropNAjKLyAJ6pNqKnQp2xHtwl,0,0,Fotos,,,,,Total,6055,4704,36,33,0,3,38,17,21,,,,,,,,
905728818839795,100082080567569,"Paulistão F","Paulistão F adicionou uma nova foto.",,0,"03/18/2026 13:17",N/A,https://www.facebook.com/photo.php?fbid=905728818839795&set=a.230513136361370&type=3,0,0,Fotos,,,,,Total,1316,923,23,19,1,3,13,11,2,,,,,,,,
905598068852870,100082080567569,"Paulistão F","CLUBES DEFINIDOS!🤩
As oito equipes que disputarão o Paulistão Feminino 2026 já estão confirmados! 
#PaulistãoFeminino",,0,"03/18/2026 09:04",N/A,https://www.facebook.com/paulistaof/posts/pfbid02kWTJmFUDjVr2VNd1XEvG7UYNdoTf3URNtKdCpbEhYvcov3q83bsFzCe1tN7VTQzql,0,0,Fotos,,,,,Total,10989,8081,144,129,6,9,115,62,53,,,,,,,,
905596242186386,100082080567569,"Paulistão F","CLUBES DEFINIDOS!🤩
As oito equipes que disputarão o Paulistão Feminino 2026 já estão confirmados! 
#PaulistãoFeminino",,0,"03/18/2026 09:01",N/A,https://www.facebook.com/paulistaof/posts/pfbid0rVxit8J9Q7PMhKWibArEa7x97Xn8hei7ymcapmTVuabmBxARbkriWAyp6khkL48ol,0,0,Fotos,,,,,Total,38295,26794,504,451,28,25,689,423,266,,,,,,,,
904962178916459,100082080567569,"Paulistão F","100% ATUALIZADA!
Com as Palestrinas na liderança, vem conferir a classificação do @brfeminino. 
#ElasEmCampo",,0,"03/17/2026 11:28",N/A,https://www.facebook.com/paulistaof/posts/pfbid0xctpzoBgbsiu7bLPewHcN8ptxPrgjTxv7FZbejVcjXwWS2Xmqkn9JMRsVVPMZbsBl,0,0,Fotos,,,,,Total,25339,17185,334,301,24,9,515,195,320,,,,,,,,
902745012471509,100082080567569,"Paulistão F","PONTO LÁ!
O Red Bull Bragantino volta do Rio Grande do Sul com o empate.
#ElasEmCampo
📷Divulgação/Red Bull Bragantino",,0,"03/14/2026 16:27",N/A,https://www.facebook.com/paulistaof/posts/pfbid0LgHt2Gobt8FaAFtceCrnA2gGRtKeThXkopjXfeczZHDFCQVEaRFztmoVd3rb5z6ml,0,0,Fotos,,,,,Total,12453,9802,42,40,1,1,60,24,36,,,,,,,,
902705972475413,100082080567569,"Paulistão F","Jogando fora de casa, o Taubaté foi superado na estreia do Brasileirão Feminino A2.
#ElasEmCampo
📷Divulgação/Instituto 3B",,0,"03/14/2026 14:57",N/A,https://www.facebook.com/paulistaof/posts/pfbid0PHmRQcG7NVnBRbmdPxdyoBNtd5XM2Tf7NE9gs2FwKruxwNZnBr6FzHWKhvnwygg5l,0,0,Fotos,,,,,Total,13345,10137,55,53,1,1,82,31,51,,1,,,,,,
902688945810449,100082080567569,"Paulistão F","VITÓRIA GRENÁ!
A Ferroviária leva a melhor no clássico paulista e supera o São Paulo fora de casa!
#ElasEmCampo 
📷Rafael Zocco/Ferroviária",,0,"03/14/2026 14:17",N/A,https://www.facebook.com/paulistaof/posts/pfbid0kKyG3nGvCtbFzYrMyWMZiMQ4hLW9gHVxi4pz5sCt9xZFPcCTwfd7VAvpWf5H5gM4l,0,0,Fotos,,,,,Total,51088,38791,209,196,9,4,412,163,249,,,,,,,,
902688122477198,100082080567569,"Paulistão F","OLHA AS SEREIAS AÍ!
Grande vitória pra cima do Mixto-MT e invencibilidade mantida no Brasieirão Feminino!
#ElasEmCampo 
📷Reinaldo Campos/Santos",,0,"03/14/2026 14:16",N/A,https://www.facebook.com/paulistaof/posts/pfbid02gZDppceBFFDw6a32vk6Sr4uzE9B4RkLn8epVGqrRhuUD6EdofuxxhDBSKFajg9GAl,0,0,Fotos,,,,,Total,11776,8905,105,99,4,2,84,36,48,,1,,,,,,
902608082485202,100082080567569,"Paulistão F","QUE PASSE FOI ESSE?! 🥵🤯
Pega só essa assistência que a Kate Tapia deu pro gol da Raíssa Bahia no Derby do Brasileirão Feminino!
#ElasEmCampo 
🎥@brfeminino","QUE PASSE FOI ESSE?! 🥵🤯
Pega só essa assistência que a Kate Tapia deu pro gol da Raíssa Bahia no Derby do Brasileirão Feminino!
#ElasEmCampo 
🎥@brfeminino",23,"03/14/2026 11:13",N/A,https://www.facebook.com/reel/1111214237863786/,0,0,Videos,,,,,Total,1252779,956188,33573,32704,397,472,7974,7973,,1,,,15759838.515,16.99,0,0,0
902426589170018,100082080567569,"Paulistão F","SABADÃO DE CLÁSSICO NO @brfeminino!
São Paulo e Ferroviária se enfrentam em busca dos três pontos em Cotia!
#ElasEmCampo",,0,"03/14/2026 06:00",N/A,https://www.facebook.com/paulistaof/posts/pfbid0JuxmmcFsqZ1eKQWJs2eJJR6AkBDzY5f29MMPDyoHVPa8JPM3sjLHdSrtxwBWRX8wl,0,0,Fotos,,,,,Total,13253,10103,125,114,7,4,120,53,67,,1,,,,,,
902106145868729,100082080567569,"Paulistão F","O PALMEIRAS É O TIME DA VIRADA!
Palestrinas saem atrás do placar, buscam a virada e ficam com a vitória no Derby do Brasileirão Feminino!
#ElasEmCampo
📷Divulgação/Palmeiras",,0,"03/13/2026 19:40",N/A,https://www.facebook.com/paulistaof/posts/pfbid02dT8kaR5pN9oeJV6S4Ly6GZjUynBZZT4t41thwsNRJS11YQxAC6yHT7A8zTbJY3xMl,0,0,Fotos,,,,,Total,76267,55865,2715,2496,104,115,1055,521,534,,5,1,,,,,
901837739228903,100082080567569,"Paulistão F","ROSANA 🤝 EMILY LIMA!
O Derby de hoje será histórico! Pela primeira, teremos duas mulheres comandando as equipes 🔥
#ElasEmCampo",,0,"03/13/2026 10:30",N/A,https://www.facebook.com/paulistaof/posts/pfbid02vMqmbcF4xz4B4Qa1puDSKmBSayytB4rE8oYzvoaJLdpjmQMkd6y66KNhftSKo85bl,0,0,Fotos,,,,,Total,47197,33132,550,496,35,19,598,353,245,,3,,,,,,
901717112574299,100082080567569,"Paulistão F","DIA DE CLÁSSICO!
Nada como um Derby pra agitar a sexta pelo @brfeminino 🤩
#ElasEmCampo #Derby",,0,"03/13/2026 07:12",N/A,https://www.facebook.com/paulistaof/posts/pfbid0SKGS94UqRNYpVex5UHFG7M2T9ZfKDJga1WCW51mwtNtwrTUdVYU1mZoSaMG6dDi5l,0,0,Fotos,,,,,Total,67847,46880,1028,942,55,31,1134,524,610,,1,,,,,,
897624586316885,100082080567569,"Paulistão F","A Seleção Feminina foi superada no último amistoso da Data Fifa.
#ElasEmCampo
📷Divulgação/Seleção Mexicana",,0,"03/07/2026 17:10",N/A,https://www.facebook.com/paulistaof/posts/pfbid0GmgShjjFWkJFCdNY5wDG8ErJPdF6s2Uvms7p1nArK3mPhFHXEnAekSb72n9HnXPZl,0,0,Fotos,,,,,Total,35752,24836,366,237,124,5,634,410,224,,4,,,,,,
897286689684008,100082080567569,"Paulistão F","O ÚLTIMO!
Hoje é dia de enfrentar o México para fechar a Data Fifa 🔥
#ElasEmCampo #SeleçãoFeminina",,0,"03/07/2026 06:00",N/A,https://www.facebook.com/paulistaof/posts/pfbid02mzWcyiZXT4XotVTPdnKC7zyqwkcPnST9yjM4eMRtSajUBLaPwP4B5k3ayvpHA1n8l,0,0,Fotos,,,,,Total,47497,33066,762,669,71,22,1030,638,392,,2,,,,,,
895444033201607,100082080567569,"Paulistão F","Hoje não deu para as meninas do Brasil 😭
#ElasEmCampo
📷Femenino FVF/Instagram",,0,"03/04/2026 16:25",N/A,https://www.facebook.com/paulistaof/posts/pfbid0v52N7cuwRibXGE5rCEYt7gippM75LrfB1DrysWFx4VjXStFxRrMEkHYb1G5WSNbul,0,0,Fotos,,,,,Total,30138,20363,277,224,51,2,689,473,216,,3,2,,,,,
895061206573223,100082080567569,"Paulistão F","ARRIBA, BRASILEIRAS 🇲🇽🤝🇧🇷
Quarta-feira com mais um compromisso da @selecaofemininadefutebol 🤩
#ElasEmCampo",,0,"03/04/2026 04:00",N/A,https://www.facebook.com/paulistaof/posts/pfbid0oFTvAKd92upH5wr7XAqXqjcEMbwqzGAerFQDtZvp895326zRtUexA8uKWiQYQtFLl,0,0,Fotos,,,,,Total,27075,18769,509,467,24,18,405,241,164,,1,,,,,,
891682476911096,100082080567569,"Paulistão F","O PRIMEIRO É ESPECIAL!
Taina Maranhão marca pela primeira vez com a camisa da @selecaofemininadefutebol ⚽🔥
#ElasEmCampo
🎥 @ge.globo","O PRIMEIRO É ESPECIAL!
Taina Maranhão marca pela primeira vez com a camisa da @selecaofemininadefutebol ⚽🔥
#ElasEmCampo
🎥 @ge.globo",74,"02/27/2026 19:09",N/A,https://www.facebook.com/reel/1248275476634429/,0,0,Videos,,,,,Total,94097,86201,3024,2952,33,39,1001,1001,,,,,2080350.456,24.188,0,0,0
891678673578143,100082080567569,"Paulistão F","BAILAMOS POR AQUI!
A Seleção Brasileira levou a melhor diante da Costa Rica.
#ElasEmCampo
📷 Lívia Villas Boas/Staff Images/CBF",,0,"02/27/2026 19:03",N/A,https://www.facebook.com/paulistaof/posts/pfbid09qZyDWo5FweiHmT5kfydRFS4ZEXX9rTD2sYC8D4H29umbb9Qpva1ErLm5HqAY7ESl,0,0,Fotos,,,,,Total,27500,18137,522,471,39,12,359,180,179,,1,,,,,,
891483396931004,100082080567569,"Paulistão F","É muito bom ter você de volta, Luana! 🥹💜
#ElasEmCampo 
📷  Lívia Villas Boas/CBF",,0,"02/27/2026 12:58",N/A,https://www.facebook.com/paulistaof/posts/pfbid0pzA4YR8Sq2R4D1EDGSaKPZ9GLUU253aktAowFdmq3zqW8j7L4CKM1z6yFFECGe5Bl,0,0,Fotos,,,,,Total,7504,5282,165,159,6,0,89,62,27,,2,,,,,,
891232910289386,100082080567569,"Paulistão F","É DIA DE BRASIL!
Nada como um sextou com a @selecaofemininadefutebol em campo 🤩
#ElasEmCampo #SeleçãoBrasileira",,0,"02/27/2026 06:00",N/A,https://www.facebook.com/paulistaof/posts/pfbid02cYpheaCsX24tMGXQcH5UizjFx2hrcer5d2xnTPqzaHY1rxUth2YWCfcVKkWmDNtXl,0,0,Fotos,,,,,Total,44180,29294,807,747,40,20,818,434,384,,1,2,,,,,
889011753844835,100082080567569,"Paulistão F","TEM NOVIDADE NO COMANDO DAS BRABAS! 💜👀
Campeã do Paulistão Feminino em 2018, Emily Lima é a nova técnica do @corinthiansfutebolfeminino! Com passagens por seleções sul-americanas e equipes no Brasil e na Europa, ela vai ser a primeira mulher a comandar a equipe alvinegra. 
📷 Rodrigo Gazzanel/Corinthians
#PaulistãoFeminino #ElasEmCampo #Corinthians",,0,"02/24/2026 13:05",N/A,https://www.facebook.com/paulistaof/posts/pfbid02VdUYQXv1vHBTcpASJQXiVwd32ugNAmS5Gw9urtZroVXem2unWePpc4unQBiEaTjol,0,0,Fotos,,,,,Total,8877,6178,267,244,16,7,243,132,111,,,,,,,,
888336250579052,100082080567569,"Paulistão F","TRICOLOR 100%!
São Paulo vence mais uma no Brasileirão Feminino! Confira os gols!
#ElasEmCampo
🎥Divulgação/São Paulo","TRICOLOR 100%!
São Paulo vence mais uma no Brasileirão Feminino! Confira os gols!
#ElasEmCampo
🎥Divulgação/São Paulo",15,"02/23/2026 18:02",N/A,https://www.facebook.com/reel/2126921581402677/,0,0,Videos,,,,,Total,31969,25936,960,933,13,14,326,326,,,,,215502.404,8.59,0,0,0
888278230584854,100082080567569,"Paulistão F","FICOU TUDO IGUAL!
O Santos volta de Minas Gerais com um ponto na bagagem.
#ElasEmCampo
📷Gustavo Martins/Cruzeiro",,0,"02/23/2026 16:12",N/A,https://www.facebook.com/paulistaof/posts/pfbid056MpYns1mUsaywXoMHKekf1HQLusVpKqUMXM3ELoAGShQumxJeQiDUTwDTs4gQnvl,0,0,Fotos,,,,,Total,14545,9753,98,91,1,6,117,49,68,,1,1,,,,,
887897973956213,100082080567569,"Paulistão F","SEGUNDA É DIA DE BRASILEIRÃO FEMININO!
O Santos visita o Cruzeiro enquanto o São Paulo recebe o Bahia na segunda rodada do @brfeminino!
#ElasEmCampo",,0,"02/23/2026 05:00",N/A,https://www.facebook.com/paulistaof/posts/pfbid028JnDXXJ94aBRX5t7fVSZejzJDEgcLX82qoHyM7RhsAAy46Drx7AREGE3oh2RDXtAl,0,0,Fotos,,,,,Total,30334,21585,220,213,2,5,370,88,282,,,1,,,,,
886332497446094,100082080567569,"Paulistão F","GUERREIRAS EM CAMPO!
As @grenasguerreiras vão em busca da primeira vitória no @brfeminino 2026!
#ElasEmCampo",,0,"02/21/2026 06:00",N/A,https://www.facebook.com/paulistaof/posts/pfbid0217NxSvhWqN5PWGKTApnnD2iG6pADQd27GTxTTyz2JZ4ZNf73RdFQDHEbLr5my6UKl,0,0,Fotos,,,,,Total,12441,8866,109,104,4,1,109,49,60,,,,,,,,
885931367486207,100082080567569,"Paulistão F","Se liga como foi a sexta-feira do futebol paulista no Brasileirão Feminino.
#ElasEmCampo",,0,"02/20/2026 18:35",N/A,https://www.facebook.com/paulistaof/posts/pfbid0otvZu58wJcT6K8YQvvKWpYRhyqeL8iddy8WdmSLe6X9QMpATwDfFtwxcDrYe6Bz3l,0,0,Fotos,,,,,Total,42064,27418,160,152,3,5,381,154,227,,1,1,,,,,
859433520135992,100082080567569,"Paulistão F","O PRIMEIRO DERBY DO ANO VEM AÍ!
Palmeiras e Corinthians vão disputar a taça da Supercopa Feminina na Arena Crefisa Barueri! Quem vai levar o título?
#ElasEmCampo",,0,"01/19/2026 12:12",N/A,https://www.facebook.com/paulistaof/posts/pfbid02WHGCHth8yQrkn1CMbVykpkbLHsLQBv4uFhFbQ3Lp9LmF7No7DXrHveWU2Zg3im6Hl,,,Fotos,,,,,Total,,69128,1621,1423,145,53,2227,963,1264,,,3,,,,,,,104852,0,0,,,
860994479979896,100082080567569,"Paulistão F","NA TERRA DO REI! 🇬🇧📌
O Corinthians desembarcou em Londres para a disputa da Copa do Mundo Feminina de Clubes da FIFA! A caminhada das Brabas na competição começa na próxima quarta-feira (28), contra o Gotham FC, dos Estados Unidos.
#ElasEmCampo
📷Rodrigo Gazzanel/Corinthians",,0,"01/21/2026 11:56",N/A,https://www.facebook.com/paulistaof/posts/pfbid034KuiF6XWtuVECsPRHEizPGYoBmCEfJFU5H6Mm51LmbB13TP1x5Jkm7mfqSUVptRTl,,,Fotos,,,,,Total,,50733,2209,2040,132,37,1809,502,1307,,6,,,,,,,,74068,0,0,,,
866171069462237,100082080567569,"Paulistão F","O PRIMEIRO COMPROMISSO DAS BRABAS EM LONDRES!
Hoje é dia do primeiro jogo do Corinthians no Mundial Feminino contra o Gotham!
#ElasEmCampo",,0,"01/27/2026 19:05",N/A,https://www.facebook.com/paulistaof/posts/pfbid02EXW2vwBjU4TZUdYfSCT9jcWALTBqzJHXTKfg1KmMLomjmFoCFQFY2sMDmvJn3LcMl,,,Fotos,,,,,Total,,26193,1035,915,50,70,714,326,388,,2,,,,,,,,38042,0,0,,,
866577692754908,100082080567569,"Paulistão F","PRÓXIMA PARADA: FINAL!
AS BRABAS DOMINARAM LONDRES E CHEGARAM NA DECISÃO DO MUNDIAL!
#ElasEmCampo",,0,"01/28/2026 06:37",N/A,https://www.facebook.com/paulistaof/posts/pfbid0tiq62WXJiU3a4pcU1qNQXmWYxzfbFF6ja3ZCPrRSayYEicZFc6VXRx2Y8fF5ahbol,,,Fotos,,,,,Total,,27023,1389,1231,70,88,858,517,341,,1,,,,,,,,39296,0,0,,,
866604482752229,100082080567569,"Paulistão F","É A CAMISA 10!
Com gol da Gabi Zanotti, as Brabas venceram o Gotham e conquistaram a classificação para a final.
#ElasEmCampo 
📷 Divulgação/@fifaclubfootball",,0,"01/28/2026 07:17",N/A,https://www.facebook.com/paulistaof/posts/pfbid02iJMJjXAakqmSgvDqpN369mA3XTBb6T6uwhGk9BwGzYt3UQwiWYy9Reuynt3m54gml,,,Fotos,,,,,Total,,64549,2721,2497,135,89,1351,715,636,,5,2,,,,,,,91441,0,0,,,
866758616070149,100082080567569,"Paulistão F","QUE DIA! 
Festa das Brabas e da Fiel em Brentford!
📷Rodrigo Gazzanel/Corinthians",,0,"01/28/2026 11:25",N/A,https://www.facebook.com/paulistaof/posts/pfbid036EYF2Q5DLNEbB7GWY2Q8JhAm2eUUjqk1HcFwNNSQazAcWq4twaVcmwLr2sC6sDb4l,,,Fotos,,,,,Total,,6792,288,272,10,6,204,67,137,,,,,,,,,,9549,0,0,,,
866777639401580,100082080567569,"Paulistão F","AURA 🔟🤩
#ElasEmCampo
📷 FIFA",,0,"01/28/2026 12:00",N/A,https://www.facebook.com/paulistaof/posts/pfbid0mv9La4uoaxzm8CxAPLEH8mAmWgJqYxRwu5Gm89xoZ6UgZmmmN7VWcBy8SujJspbUl,,,Fotos,,,,,Total,,10318,800,760,22,18,197,114,83,,2,2,,,,,,,14093,0,0,,,
866779812734696,100082080567569,"Paulistão F","AGUENTA, CORAÇÃO!
A DECISÃO DA COPA DAS CAMPEÃS DA FIFA SERÁ ENTRE CORINTHIANS E ARSENAL 🔥😱
#ElasEmCampo",,0,"01/28/2026 12:03",N/A,https://www.facebook.com/paulistaof/posts/pfbid02aMA39evLFicJnSCz5bDtNBDhR966Mu2qAZYmvvSQQtSjDJmMC47ekfjXMU1rJNJwl,,,Fotos,,,,,Total,,124169,4962,4651,159,152,4043,2082,1961,,5,1,,,,,,,184697,0,0,,,
866791712733506,100082080567569,"Paulistão F","Gabi Zanotti é o que Gotham precisa que ela seja 🔟🦇
#ElasEmCampo",,0,"01/28/2026 12:27",N/A,https://www.facebook.com/paulistaof/posts/pfbid0N9aszZFawV5WXJRM6jGTTJ8cSSiyd8VRPQHETHQb6Xpf4a99x5MujU5x2ht7bA6nl,,,Fotos,,,,,Total,,28453,1649,1541,38,70,473,242,231,,3,1,,,,,,,38936,0,0,,,
866795849399759,100082080567569,"Paulistão F","UM SONHO REALIZADO! 🥹✨
A Tamires não conseguiu segurar a emoção depois da classificação das Brabas para a final do Mundial Feminino!
#ElasEmCampo #BrabasInLondon
🎥@corinthiansfutebolfeminino","UM SONHO REALIZADO! 🥹✨
A Tamires não conseguiu segurar a emoção depois da classificação das Brabas para a final do Mundial Feminino!
#ElasEmCampo #BrabasInLondon
🎥@corinthiansfutebolfeminino",33,"01/28/2026 12:35",N/A,https://www.facebook.com/reel/3570967433045771/,,,Vídeos,,,,,Total,,18931,1417,1330,56,31,555,555,,,,,200256.431,11.129,0,0,0,,20848,0,0,,,
869085655837445,100082080567569,"Paulistão F","É AMANHÃ! 🦅
Tá chegando a hora das Brabas fazerem história mais uma vez! O @corinthiansfutebolfeminino vai em busca do título da Copa das Campeãs da FIFA!
#ElasEmCampo","É AMANHÃ! 🦅
Tá chegando a hora das Brabas fazerem história mais uma vez! O @corinthiansfutebolfeminino vai em busca do título da Copa das Campeãs da FIFA!
#ElasEmCampo",21,"01/31/2026 07:27",N/A,https://www.facebook.com/reel/1686734835621403/,,,Vídeos,,,,,Total,,36350,1621,1530,34,57,449,449,,,,,330888.915,9.316,0,0,0,,43716,0,0,,,
869413049138039,100082080567569,"Paulistão F","HOJE VALE O MUNDO!
AS BRABAS VÃO EM BUSCA DO TÍTULO DA COPA DAS CAMPEÃS 🏆🤩
#ElasEmCampo #Corinthians",,0,"01/31/2026 19:05",N/A,https://www.facebook.com/paulistaof/posts/pfbid023AdtUEsQcVHV8YGvC2i4LV7fzkePrFDMMEyqzqwncYjvrUhrVDNNzms9rUxVpqwbl,,,Fotos,,,,,Total,,20261,769,700,35,34,408,194,214,,3,2,,,,,,,27995,0,0,,,
869781985767812,100082080567569,"Paulistão F","VELHO CONHECIDO!
O São José já fez história história contra o Arsenal. Agora chegou a fez do Corinthians seguir o mesmo caminho!
#ElasEmCampo",,0,"02/01/2026 07:00",N/A,https://www.facebook.com/paulistaof/posts/pfbid03epC8z8XQJrwixeGLUCf43rdGhf1ajLWjgHXjUHcVSxoda7fsZg7xsHS8pnaMBUMl,,,Fotos,,,,,Total,,148158,737,694,30,13,4653,1347,3306,,,,,,,,,,225760,0,0,,,
869971875748823,100082080567569,"Paulistão F","As Brabas lutaram até o último instante, mas acabaram sendo superadas pelo Arsenal, da Inglaterra, na Copa das Campeãs da FIFA.
#ElasEmCampo
📷Staff Images/Conmebol",,0,"02/01/2026 12:53",N/A,https://www.facebook.com/paulistaof/posts/pfbid04oS2DNswsUcnD6MN5N2L1ehSvhj6WPmfMrJJ2YoDELU7mSYQGJzFddKU58WfLf8rl,,,Fotos,,,,,Total,,78407,3367,2778,503,86,2605,1746,859,,7,4,,,,,,,114520,0,0,,,
874547515291259,100082080567569,"Paulistão F","DIA DE DECISÃO DA SUPERCOPA FEMININA! 🤩🔥
O Derby de hoje vai definir a grande campeã da Supercopa! Quem fica com a taça: Palmeiras ou Corinthians? 👀🏆🌟
#ElasEmCampo #Supercopa",,0,"02/07/2026 03:00",N/A,https://www.facebook.com/paulistaof/posts/pfbid02NRxwwjZcm8xopNUEekxRiBcUns33MBvQx9zpQkZcUr3juN6U5wyVpgehzsoJ4syfl,,,Fotos,,,,,Total,,46081,944,800,95,49,902,486,416,,3,1,,,,,,,70494,0,0,,,
874883461924331,100082080567569,"Paulistão F","Alerta de fofura e de Imperatriz de volta pra casa! 🥹 #ElasEmCampo","Alerta de fofura e de Imperatriz de volta pra casa! 🥹 #ElasEmCampo",21,"02/07/2026 11:21",N/A,https://www.facebook.com/reel/1425579965725323/,,,Vídeos,,,,,Total,,128902,7653,7468,67,118,1516,1516,,,,,1393734.76,11.085,0,0,0,,164395,1,0,,,
874896205256390,100082080567569,"Paulistão F","É DELA! 👑
Bia Zaneratto deixa tudo igual no placar! #ElasEmCampo #Derby #Supercopa","É DELA! 👑
Bia Zaneratto deixa tudo igual no placar! #ElasEmCampo #Derby #Supercopa",34,"02/07/2026 11:42",N/A,https://www.facebook.com/reel/1596799958312507/,,,Vídeos,,,,,Total,,20031,690,652,21,17,429,429,,,,,267195.45,13.402,0,0,0,,24154,1,0,,,
874951571917520,100082080567569,"Paulistão F","O PALMEIRAS É SUPERCAMPEÃO DO BRASIL! 🏆🟢⚪️ #ElasEmCampo #Derby #Supercopa","O PALMEIRAS É SUPERCAMPEÃO DO BRASIL! 🏆🟢⚪️ #ElasEmCampo #Derby #Supercopa",30,"02/07/2026 13:27",N/A,https://www.facebook.com/reel/1463563631779124/,,,Vídeos,,,,,Total,,509978,22906,21254,625,1027,6496,6496,,,,,7428464.045,14.628,0,0,1,,637581,1,0,,,
874952335250777,100082080567569,"Paulistão F","AVANTI, PALESTRINAS! 🏆
O Palmeiras é campeão da Supercopa Feminina!
#ElasEmCampo",,0,"02/07/2026 13:28",N/A,https://www.facebook.com/paulistaof/posts/pfbid02ULmz19KGkjosyN2ykkyKJxxjb7Fbmi6XZfz7uxaj8AXQdopLor7mRdZPr4x87oW9l,,,Fotos,,,,,Total,,40053,2413,2112,104,197,1054,462,592,,3,5,,,,,,,54370,0,0,,,
874958608583483,100082080567569,"Paulistão F","PALESTRINAS CAMPEÃS! 🏆🐷
Palmeiras leva a melhor nos pênaltis, supera o Corinthians no Derby e faturam o título da Supercopa Feminina!
#ElasEmCampo
📷Fabio Menotti/Palmeiras",,0,"02/07/2026 13:41",N/A,https://www.facebook.com/paulistaof/posts/pfbid02nThqJBVQcfF58bMYFPXCwYcagif8wLoAWJzeDuFrm68poUCiSLowNn3HzPbhXeQgl,,,Fotos,,,,,Total,,47791,1499,1376,67,56,857,312,545,,3,4,,,,,,,65866,0,0,,,
874978118581532,100082080567569,"Paulistão F","ÉÉÉ CAMPEÃO!!! 🏆🟢⚪️ #ElasEmCampo #Supercopa","ÉÉÉ CAMPEÃO!!! 🏆🟢⚪️ #ElasEmCampo #Supercopa",32,"02/07/2026 14:18",N/A,https://www.facebook.com/reel/1653247789370079/,,,Vídeos,,,,,Total,,62553,3674,3232,136,306,1036,1036,,,,,556577.211,9.314,0,0,0,,66781,1,0,,,
874984815247529,100082080567569,"Paulistão F","É A MELHOR GOLEIRA DO BRASIL, TAPIA! 🧤🔥 #ElasEmCampo #Supercopa","É A MELHOR GOLEIRA DO BRASIL, TAPIA! 🧤🔥 #ElasEmCampo #Supercopa",15,"02/07/2026 14:31",N/A,https://www.facebook.com/reel/755119537248681/,,,Vídeos,,,,,Total,,65521,4402,4213,81,108,517,517,,,,,683822.334,10.865,0,0,0,,92372,1,0,,,
874986171914060,100082080567569,"Paulistão F","A IMPERATRIZ COMANDOU A FESTA COM A TORCIDA! 🤩🏆 #ElasEmCampo #Supercopa","A IMPERATRIZ COMANDOU A FESTA COM A TORCIDA! 🤩🏆 #ElasEmCampo #Supercopa",9,"02/07/2026 14:34",N/A,https://www.facebook.com/reel/772375888724028/,,,Vídeos,,,,,Total,,207294,10297,9677,203,417,4280,4280,,,,,1217953.457,6.385,0,0,0,,261707,1,0,,,
874989218580422,100082080567569,"Paulistão F","ROSANA 👏 ROSANA 👏 #ElasEmCampo #Supercopa","ROSANA 👏 ROSANA 👏 #ElasEmCampo #Supercopa",17,"02/07/2026 14:40",N/A,https://www.facebook.com/reel/950804920606888/,,,Vídeos,,,,,Total,,60199,4602,4439,52,111,650,650,,,,,627846.298,10.414,0,0,0,,83307,1,0,,,
874997025246308,100082080567569,"Paulistão F","✅ Playlist eclética 
✅ Dancinhas
✅ Taça da Supercopa 

#ElasEmCampo #Supercopa","✅ Playlist eclética 
✅ Dancinhas
✅ Taça da Supercopa 

#ElasEmCampo #Supercopa",59,"02/07/2026 14:57",uploaded,https://www.facebook.com/reel/2226184431123215/,,,Vídeos,,,,,Total,,31696,2455,2282,75,98,587,587,,,,,531156.049,17.611,0,0,0,,35276,1,0,,,
875010221911655,100082080567569,"Paulistão F","QUE RETORNO, HEIN, BIA! 🤩
Será que a Imperatriz tá feliz com o gol e o título logo no primeiro jogo de volta pra casa? 🟢⚪️ #ElasEmCampo #Supercopa","QUE RETORNO, HEIN, BIA! 🤩
Será que a Imperatriz tá feliz com o gol e o título logo no primeiro jogo de volta pra casa? 🟢⚪️ #ElasEmCampo #Supercopa",30,"02/07/2026 15:24",N/A,https://www.facebook.com/reel/1413251920460796/,,,Vídeos,,,,,Total,,76525,6846,6444,199,203,1183,1183,,,,,815683.17,11.408,0,0,0,,88888,1,0,,,
876542285091782,100082080567569,"Paulistão F","PROFESSORA NA ÁREA!
Carine Bosetti chega para fazer história como a primeira treinadora da história do @mirassolfcfeminino. Boa sorte 🦁
#ElasEmCampo
📷 JP Pinheiro / Agência Mirassol",,0,"02/09/2026 10:19",N/A,https://www.facebook.com/paulistaof/posts/pfbid02FTfnoTXwwHrFB8zwvnvPrR2tjwcHycSyn3vNHrHxiaCa19tSFaDRPjtawUThfqrpl,,,Fotos,,,,,Total,,13004,230,218,9,3,185,123,62,,,,,,,,,,17605,0,0,,,
876603998418944,100082080567569,"Paulistão F","A COPA DO MUNDO FEMININA DA FIFA 2027™ ESTÁ CHEGANDO!
E a Neo Química Arena não vê a hora de sediar os jogos em São Paulo 👀🏟️
#ElasEmCampo #CopadoMundoFemininadaFIFA2027™",,0,"02/09/2026 12:00",N/A,https://www.facebook.com/paulistaof/posts/pfbid036fYkFaGW6Q792x2nFeCQTgtPbnyfprFe5ybuFjA9tocEM2d8ntKkqYwkYHLkWQVxl,,,Fotos,,,,,Total,,2074,31,27,0,4,12,5,7,,,1,,,,,,,2820,0,0,,,
876634995082511,100082080567569,"Paulistão F","SAIUUU! 😍✨
Vem conferir o calendário do Futebol Feminino de 2026!
#PaulistãoFeminino #FutebolFeminino",,0,"02/09/2026 13:00",N/A,https://www.facebook.com/paulistaof/posts/pfbid02GR3FKSpnTiQasESQ1NAGBngMUu3bACiC9q2Vo33b885Nuxm5HVzKKsPkvduRbUk7l,,,Fotos,,,,,Total,,2107,21,20,0,1,110,19,91,,,,,,,,,,3273,0,0,,,
877253335020677,100082080567569,"Paulistão F","QUE HONRA!
A Carine Basseti foi só elogios para o @mirassolfcfeminino na sua apresentação 🤩🦁
#ElasEmCampo",,0,"02/10/2026 07:36",N/A,https://www.facebook.com/paulistaof/posts/pfbid0XD6z3o36FgWn977Z6v34bXiBgVeNB1kAQjmpMXpgi1gJzcZm42XJSMPspedK1osxl,,,Fotos,,,,,Total,,3847,40,34,5,1,31,19,12,,,,,,,,,,5476,0,0,,,
879016281511049,100082080567569,"Paulistão F","BRABAS E PALESTRINAS EM PESO! 🇧🇷🌟
Arthur Elias convocou 12 atletas do Futebol Paulista para os amistosos contra Costa Rica, México e Venezuela!
#ElasEmCampo #SeleçãoBrasileira",,0,"02/12/2026 11:14",N/A,https://www.facebook.com/paulistaof/posts/pfbid0677dw4Ys4tUVUZJy9TE7DfwDDqZo4y8GzAc8vPnrv8FHAEzCi5vXqFPamUGkHESjl,,,Fotos,,,,,Total,,37918,754,646,88,20,1670,741,929,,1,2,,,,,,,60160,0,0,,,
879595454786465,100082080567569,"Paulistão F","O @brfeminino ESTÁ DE VOLTA!
Corinthians e Palmeiras estream no Brasileirão Feminino nessa sexta-feira!
#ElasEmCampo",,0,"02/13/2026 05:00",N/A,https://www.facebook.com/paulistaof/posts/pfbid0pUn98fTyG2vvnxPDhofUwoPkuXiuNmDPTMJLeFTuypVXQuA3PrPG5wTCUbwJ5mi8l,,,Fotos,,,,,Total,,29844,436,412,18,6,800,249,551,,,,,,,,,,43835,0,0,,,
880058441406833,100082080567569,"Paulistão F","AS BRABAS VENCEM!
Corinthians estreia com o pé direito no Brasileirão Feminino!
#ElasEmCampo
📷Daniela Veiga/Atlético",,0,"02/13/2026 18:00",N/A,https://www.facebook.com/paulistaof/posts/pfbid02KfD3teEU3Jdo2h1Hd2qmR8miGzELNwNQWDbHuecVmRGzXcU5XBWWsDdc7ZPeip79l,,,Fotos,,,,,Total,,49525,1064,970,60,34,829,372,457,,2,,,,,,,,73666,0,0,,,
880062881406389,100082080567569,"Paulistão F","GOLEADA PALESTRINA!
Palmeiras começou o Brasileiro Feminino de 2026 com tudo!
#ElasEmCampo
📷Divulgação/Palmeiras",,0,"02/13/2026 18:07",N/A,https://www.facebook.com/paulistaof/posts/pfbid02wJzWUik9xEheDdSAxdW2j1qaTrdURzdfkRQ4WUM4XAnUqWVZn3FZU5vZpnH2JJWAl,,,Fotos,,,,,Total,,70810,2835,2646,79,110,1204,528,676,,5,3,,,,,,,98889,0,0,,,
881344044611606,100082080567569,"Paulistão F","ESTREIA DUPLA NO BRASILEIRÃO FEMININO! 🔥
Red Bull Bragantino e Ferroviária fazem seu primeiro jogo no @brfeminino em um confronto paulista nesse domingo!
#ElasEmCampo",,0,"02/15/2026 05:00",N/A,https://www.facebook.com/paulistaof/posts/pfbid02H8yYt3197gf4umTcjZhEoVsWTAKPeVGWDkmdRGf2VALfhX2AYmH9NTKCTatSBUgNl,,,Fotos,,,,,Total,,10559,86,83,0,3,156,77,79,,,,,,,,,,14891,0,0,,,
881694191243258,100082080567569,"Paulistão F","VITÓRIA BRAGANTINA!
As meninas do Massa Bruta começaram com os três pontos no Brasileirão Feminino.
#ElasEmCampo
📷Fernando Roberto/Red Bull Bragantino",,0,"02/15/2026 14:09",N/A,https://www.facebook.com/paulistaof/posts/pfbid02Ws7nxifGmcUDPa5ZjNCbwzdUaBcnrS3UkkYwfXnT9nQEiLZxYfCsKi8bWhaVQYY1l,,,Fotos,,,,,Total,,26793,231,212,10,9,271,126,145,,,,,,,,,,37609,0,0,,,
882195007859843,100082080567569,"Paulistão F","DIA DE SEREIAS E TRICOLORES NO @brfeminino!
Esses são os compromissos de Santos e São Paulo na primeira rodada do Brasileirão Feminino!
#ElasEmCampo",,0,"02/16/2026 05:00",N/A,https://www.facebook.com/paulistaof/posts/pfbid031Xx67JceHWJeR8JqcJhQb1Ff86RgQ5VRc5WvTkmemR363Ph1esYkajx6LTuJE734l,,,Fotos,,,,,Total,,19900,223,214,2,7,378,107,271,,1,,,,,,,,28799,0,0,,,
882587581153919,100082080567569,"Paulistão F","DEU SEREIAS!
As @sereiasdavilaoficial começam a temporada com três pontos.
#ElasEmCampo
📷 Reinaldo Campos/Santos",,0,"02/16/2026 16:28",N/A,https://www.facebook.com/paulistaof/posts/pfbid02NNgvTevNuju6pW13ca3Nupgxe47v7urFmsYwE5vbR4vt4Yquz5gz79qnJezhdQrXl,,,Fotos,,,,,Total,,18067,222,213,1,8,209,87,122,,1,1,,,,,,,25111,0,0,,,
882624337816910,100082080567569,"Paulistão F","DE VIRADA!
As Tricolores venceram fora de casa na estreia do @brfeminino.
#ElasEmCampo
📷 Lara Vantzen/Internacional",,0,"02/16/2026 17:38",N/A,https://www.facebook.com/paulistaof/posts/pfbid0s1zd9rrAhckb9GJbEikX2iLPaaCWMCkeaTm1DSCP2zNgmGK33ArRoNpsZi7NkQeCl,,,Fotos,,,,,Total,,14538,547,515,15,17,206,107,99,,,,,,,,,,21205,0,0,,,
882633304482680,100082080567569,"Paulistão F","100% DE APROVEITAMENTO!
O #FutebolPaulista venceu os dois jogos desta segunda-feira 😍
#ElasEmCampo",,0,"02/16/2026 17:55",N/A,https://www.facebook.com/paulistaof/posts/pfbid02AcTHWpjPE2464o8NKatnPWUqEghSMkpU5cmqF33WbpupHM96DvUvV5t5BoCJHt1Yl,,,Fotos,,,,,Total,,15206,106,99,1,6,180,71,109,,,,,,,,,,22720,0,0,,,
884692307610113,100082080567569,"Paulistão F","DIA DA RAINHA! 👑
HOJE A MAIOR COMPLETA 40 ANOS! PARABÉNS, MARTA 😍
#Aniversário #RainhaMarta",,0,"02/19/2026 06:10",N/A,https://www.facebook.com/paulistaof/posts/pfbid025xNpQPddXdQWMo3SFFUNs2ceQSigJuPPxEMRsk3VBd6PvQ7eMAru86SHHyJKYZuWl,,,Fotos,,,,,Total,,4267,170,141,22,7,81,64,17,,,1,,,,,,,6284,0,0,,,
885458944200116,100082080567569,"Paulistão F","DOSE TRIPLA!
Palestrinas, Bragantinas e Brabas em campo no sextou do @brfeminino.
#ElasEmCampo",,0,"02/20/2026 05:00",N/A,https://www.facebook.com/paulistaof/posts/pfbid04TLZDKeWteVdPnov8zahVoNQ3HythKz8KM2u4B5xTYPrbav7jHPNT2SeSMvNjHyVl,,,Fotos,,,,,Total,,15137,244,231,5,8,368,109,259,,,,,,,,,,23106,0,0,,,
885854047493939,100082080567569,"Paulistão F","VITÓRIA PALESTRINA!
Palmeiras leva a melhor pra cima do Grêmio e garante a segunda vitória no Brasileirão Feminino!
#ElasEmCampo
📷Paloma Cassiano/Palmeiras",,0,"02/20/2026 16:17",N/A,https://www.facebook.com/paulistaof/posts/pfbid023uZFM87wJPs4Kqg4ph8ySzhFqKFVLA4qbsdRfQD7g7CpmXkg6giNcCxyVqtizLr6l,,,Fotos,,,,,Total,,33496,1524,1427,52,45,553,255,298,,,,,,,,,,47547,0,0,,,
850713821007962,100082080567569,"Paulistão F","A IMPERATRIZ VOLTOU! 👑
Campeão do Paulistão Feminino em 2022, Bia Zaneratto foi anunciada como novo reforço do Palmeiras para a temporada!
#PaulistãoFeminino
📷Paloma Cassiano/Palmeiras",,0,"01/07/2026 12:35",N/A,https://www.facebook.com/paulistaof/posts/pfbid02g6nycodpRRHM5kbVUE68Gv1r7veicr84t6AHJfAFgeuMdMVFtheC133rdVpofHAcl,,,Fotos,,,,,Total,,80840,2571,2464,64,43,1288,573,715,,5,5,,,,,,,114385,0,0,,,
855578050521539,100082080567569,"Paulistão F","RAFAELA ESTEVES É DO LEÃO! 🦁
Rafaela é a nova executiva de futebol feminino do @mirassolfc, depois de passagens pela Ferroviária e pelo Corinthians, e chega para liderar a estruturação, o planejamento e o desenvolvimento do novo departamento. Sabe muito de Futebol Paulista! 🥰
#PaulistãoFeminino
📷JP Pinheiro/Agência Mirassol",,0,"01/14/2026 08:23",N/A,https://www.facebook.com/paulistaof/posts/pfbid0t7mp9TFei5MidEqu3PTs3hLj9XAczFCYRw6zWaWtr5MKJ5Kqmt6CjWuf5KsCeWY8l,,,Fotos,,,,,Total,,18629,215,201,12,2,336,117,219,,,,,,,,,,27240,0,0,,,
