"Identificação do post","Identificação da Página","Nome da Página",Título,Descrição,"Duração (s)","Horário de publicação","Tipo de legenda","Link permanente","É um post cruzado","É compartilhado","Tipo de post",Idiomas,"Rótulos personalizados","Status do conteúdo financiado","Comentário de dados",Data,Visualizações,Alcance,"Reações, comentários e compartilhamentos",Reações,Comentários,Compartilhamentos,"Feedbacks negativos dos usuários: Ocultar tudo","Feedbacks negativos dos usuários: Ocultar","Total de cliques","Outros cliques","Consumo por direcionamento de público correspondente (Photo Click)","Segundos de visualização","Média de Segundos de visualização","Ganhos estimados (USD)","CPM do anúncio (USD)","Impressões do anúncio","Cliques no link"
964139599665383,100082080567569,"Paulistão F","SÓ LOVE COM O FANATICÃO! 🥰
#FestivalFemininoSub14","SÓ LOVE COM O FANATICÃO! 🥰
#FestivalFemininoSub14",14,"05/30/2026 14:20",uploaded,https://www.facebook.com/reel/1018380357368329/,1,0,Vídeos,,,,,Total,382,370,10,10,0,0,,,0,,,857.328,2.415,0,0,0,
964139799665363,100082080567569,"Paulistão F","Com o Corinthians garantido na próxima fase da Copa do Brasil Feminina, esse foi o sábado das equipes do #FutebolPaulista.
#ElasEmCampo",,0,"05/30/2026 14:20",N/A,https://www.facebook.com/paulistaof/posts/pfbid0GLzB8syAWxaHxeivDSjwnwAd8CGy7eG7R9QFZqU1Dvn5P4RtrGyDhkjybTmFdfhql,0,0,Fotos,,,,,Total,11057,7964,73,68,3,2,1,,147,76,71,,,,,,
964152282997448,100082080567569,"Paulistão F","TOTALMENTE PREMIADAS! 🏅
Fim do primeiro dia de Festival Feminino em Matão!
#FestivalFemininoSub14","TOTALMENTE PREMIADAS! 🏅
Fim do primeiro dia de Festival Feminino em Matão!
#FestivalFemininoSub14",118,"05/30/2026 14:46",N/A,https://www.facebook.com/reel/1013255204388169/,1,0,Vídeos,,,,,Total,666,653,15,15,0,0,,,8,8,,3529.037,5.488,0,0,0,
964160756329934,100082080567569,"Paulistão F","“𝘼 𝙜𝙚𝙣𝙩𝙚 𝙛𝙚𝙯 𝙪𝙢𝙖 𝙘𝙤𝙧𝙚𝙤𝙜𝙧𝙖𝙛𝙞𝙖 𝙙𝙤 𝙈𝙞𝙘𝙝𝙖𝙚𝙡 𝙅𝙖𝙘𝙠𝙨𝙤𝙣!” 🕺
Além de jogar futebol, as meninas da @ajvvpaiao_ também montam passos de dança!
#FestivalFemininoSub14","“𝘼 𝙜𝙚𝙣𝙩𝙚 𝙛𝙚𝙯 𝙪𝙢𝙖 𝙘𝙤𝙧𝙚𝙤𝙜𝙧𝙖𝙛𝙞𝙖 𝙙𝙤 𝙈𝙞𝙘𝙝𝙖𝙚𝙡 𝙅𝙖𝙘𝙠𝙨𝙤𝙣!” 🕺
Além de jogar futebol, as meninas da @ajvvpaiao_ também montam passos de dança!
#FestivalFemininoSub14",10,"05/30/2026 15:05",N/A,https://www.facebook.com/reel/1308825284552929/,1,0,Vídeos,,,,,Total,924,820,14,14,0,0,,,3,3,,2801.033,3.358,0,0,0,
964566066289403,100082080567569,"Paulistão F","DE 👀 NA AGENDA!
Esses são os jogos que vão agitar o #FestivalPaulistaFemininoSub12 neste domingo.",,0,"05/31/2026 03:00",N/A,https://www.facebook.com/paulistaof/posts/pfbid02MUN5cHaDCDVbmYJywmJZZds9jh8KUHUXhF9qouucwuaizcX74EpqRo2HerjoK3N7l,0,0,Fotos,,,,,Total,1398,1081,12,12,0,0,,,31,10,21,,,,,,
964624586283551,100082080567569,"Paulistão F","BORA PARA O SEGUNDO DIA! ☀️
Bom dia para quem tá preparado para o Festival Feminino Sub-12! 
#FestivalFemininoSub12","BORA PARA O SEGUNDO DIA! ☀️
Bom dia para quem tá preparado para o Festival Feminino Sub-12! 
#FestivalFemininoSub12",30,"05/31/2026 04:34",N/A,https://www.facebook.com/reel/1775661203400962/,1,0,Vídeos,,,,,Total,6223,5954,51,50,0,1,,,9,9,,26213.754,4.505,0,0,0,
964654292947247,100082080567569,"Paulistão F","@rbecfeminino MANDANDO O PASSINHO! 💃
As coreografias começaram cedo por aqui!
#FestivalFemininoSub12","@rbecfeminino MANDANDO O PASSINHO! 💃
As coreografias começaram cedo por aqui!
#FestivalFemininoSub12",13,"05/31/2026 05:20",uploaded,https://www.facebook.com/reel/838492398900510/,1,0,Vídeos,,,,,Total,6475,5817,56,55,1,0,,,12,12,,21116.177,3.651,0,0,0,
964681712944505,100082080567569,"Paulistão F","NO PRIMEIRO JOGO, DEU REALIDADE JOVEM!
Agora é hora de buscar a classificação em casa no @brfeminino A3!
#ElasEmCampo",,0,"05/31/2026 06:00",N/A,https://www.facebook.com/paulistaof/posts/pfbid02LrSA6quTbrerJfRtdPfpdV45dp2ZfsxFxNvsauXUp2i8QsfzguCjotXcL9YEhsqfl,0,0,Fotos,,,,,Total,4938,3764,26,24,2,0,,,44,26,18,,,,,,
964684912944185,100082080567569,"Paulistão F","FESTIVAL COM ELAS! 🌟
O Festival Feminino Sub-12 é bom, mas em boa companhia é muito mais legal!
#FestivalFemininoSub12 #Lalaland","FESTIVAL COM ELAS! 🌟
O Festival Feminino Sub-12 é bom, mas em boa companhia é muito mais legal!
#FestivalFemininoSub12 #Lalaland",14,"05/31/2026 06:04",N/A,https://www.facebook.com/reel/958066627043606/,1,0,Vídeos,,,,,Total,5922,5425,27,27,0,0,,,5,5,,18323.313,3.44,0,0,0,
964716202941056,100082080567569,"Paulistão F","TEM QUE TER FRIEZA! 🥶
Ana Laura, camisa 8 da @womensocceracademy, converteu o pênalti e garantiu a virada das Blues! 🩵
#FestivalFemininoSub12","TEM QUE TER FRIEZA! 🥶
Ana Laura, camisa 8 da @womensocceracademy, converteu o pênalti e garantiu a virada das Blues! 🩵
#FestivalFemininoSub12",31,"05/31/2026 06:50",N/A,https://www.facebook.com/reel/4422335421384999/,1,0,Vídeos,,,,,Total,6221,5860,52,52,0,0,,,20,19,,36219.39,6.306,0,0,0,1
964744299604913,100082080567569,"Paulistão F","HOJE É COM ELAS!
O Festival Paulista Feminino Sub-12 tá na área!
#FestivalPaulistaFemininoSub12
📷Celio Messias/Ag. Paulistão",,0,"05/31/2026 07:30",N/A,https://www.facebook.com/paulistaof/posts/pfbid02HXgKT8oF2kq1U7Zaw3g1NdopkByZbdt7XsMeZn8ZA7MSYnjAvwcW1SXLhJE4qrm7l,0,0,Fotos,,,,,Total,3428,2523,51,51,0,0,,,59,13,46,,,,,,
964752059604137,100082080567569,"Paulistão F","ISSO É FESTIVAL FEMININO! 🥰🌟
#FestivalFemininoSub12","ISSO É FESTIVAL FEMININO! 🥰🌟
#FestivalFemininoSub12",13,"05/31/2026 07:40",N/A,https://www.facebook.com/reel/1252308280086903/,1,0,Vídeos,,,,,Total,5931,5457,47,47,0,0,,,12,12,,20671.815,3.846,0,0,0,
964763812936295,100082080567569,"Paulistão F","ELAS PEDEM, A ADM GRAVA! 👀
Quem aí também tá precisando de uma aula de trends e dancinhas? 🤣
#FestivalFemininoSub12","ELAS PEDEM, A ADM GRAVA! 👀
Quem aí também tá precisando de uma aula de trends e dancinhas? 🤣
#FestivalFemininoSub12",13,"05/31/2026 07:57",uploaded,https://www.facebook.com/reel/1651031919537261/,1,0,Vídeos,,,,,Total,6517,5639,49,48,1,0,,,7,7,,27300.433,4.941,0,0,0,
964767089602634,100082080567569,"Paulistão F","VEM COM AS MENINAS DA @acaff.abc! 😮‍💨
De São Bernardo do Campo a Matão arrasando no futebol e na dança!
#FestivalFemininoSub12","VEM COM AS MENINAS DA @acaff.abc! 😮‍💨
De São Bernardo do Campo a Matão arrasando no futebol e na dança!
#FestivalFemininoSub12",10,"05/31/2026 08:02",uploaded,https://www.facebook.com/reel/1981867072699225/,1,0,Vídeos,,,,,Total,699,654,8,8,0,0,,,7,6,,1981.097,3.129,0,0,0,1
964901092922567,100082080567569,"Paulistão F","ELENCO 🤝 TORCIDA 
A comemoração pós vitória da @acaff.abc com as famílias que vieram assistir ao Festival! 
#FestivalFemininoSub12","ELENCO 🤝 TORCIDA 
A comemoração pós vitória da @acaff.abc com as famílias que vieram assistir ao Festival! 
#FestivalFemininoSub12",11,"05/31/2026 11:14",N/A,https://www.facebook.com/reel/1310888957828970/,1,0,Vídeos,,,,,Total,2122,1870,12,12,0,0,,,20,20,,8334.688,4.594,0,0,0,
964970852915591,100082080567569,"Paulistão F","TÁ NAS QUARTAS!
O Realidade Jovem avança de fase no Brasileiro Feminkno A3!
#ElasEmCampo",,0,"05/31/2026 13:06",N/A,https://www.facebook.com/paulistaof/posts/pfbid0dfTrgiibMcuwdwfadqMDQ5cmigQfPjw1ffFBABQuNgopsbjMGVEBNmXVVcARYECpl,0,0,Fotos,,,,,Total,5889,4443,40,39,0,1,,,73,42,31,,,,,,
964972506248759,100082080567569,"Paulistão F","FANATICÃO & LEMENSE! 
Go crazy, @s.e_lemensefutebolfeminino 🤪
#FestivalFemininoSub12","FANATICÃO & LEMENSE! 
Go crazy, @s.e_lemensefutebolfeminino 🤪
#FestivalFemininoSub12",19,"05/31/2026 13:09",uploaded,https://www.facebook.com/reel/2033093457296771/,1,0,Vídeos,,,,,Total,577,551,13,13,0,0,,,5,5,,1965.661,3.687,0,0,0,
964974009581942,100082080567569,"Paulistão F","EM GRANDE ESTILO!
Realidade Jovem faz o dever de casa, volta a vencer o  Criciúma e segue vivo na luta pelo acesso!
#ElasEmCampo
📷Fabrício Almeida/Realidade Jovem",,0,"05/31/2026 13:11",N/A,https://www.facebook.com/paulistaof/posts/pfbid02kejuw8MsRhBiJXW6jjhq35Sq97weUMub6YrUHFPrtAPpDi6JmE8upztNfhFj2mFQl,0,0,Fotos,,,,,Total,6287,4888,35,33,0,2,,,50,16,34,,,,,,
964987129580630,100082080567569,"Paulistão F","PONTO FINAL!
Hora de conferir os resultados do Festival Paulista Feminino Sub-12 deste domingo!
#FestivalPaulistaFemininoSub12",,0,"05/31/2026 13:34",N/A,https://www.facebook.com/paulistaof/posts/pfbid02DrcJAVfqwd78WvQ88rihZUJ2DM7Fio96GAtQnCsaqfR5NdErk9rKQCy7hQFYfXUnl,0,0,Fotos,,,,,Total,4188,3056,19,18,0,1,,,99,19,80,,,,,,
964988319580511,100082080567569,"Paulistão F","PODE VIR QUALQUER CAMISA… 🩵
O resto vocês completam junto com o Fanaticão e a @womensocceracademy! 
#FestivalFemininoSub12","PODE VIR QUALQUER CAMISA… 🩵
O resto vocês completam junto com o Fanaticão e a @womensocceracademy! 
#FestivalFemininoSub12",27,"05/31/2026 13:36",N/A,https://www.facebook.com/reel/981747108058084/,1,0,Vídeos,,,,,Total,369,344,8,8,0,0,,,2,2,,1154.868,3.28,0,0,0,
964999416246068,100082080567569,"Paulistão F","Cuidado com o que você deseja… você pode acabar jogando o Festival Feminino! 👀
#FestivalFemininoSub12","Cuidado com o que você deseja… você pode acabar jogando o Festival Feminino! 👀
#FestivalFemininoSub12",46,"05/31/2026 13:56",uploaded,https://www.facebook.com/reel/1708970436901098/,1,0,Vídeos,,,,,Total,472,469,13,13,0,0,,,2,2,,1310.004,2.872,0,0,0,
965009952911681,100082080567569,"Paulistão F","VOCÊS VIRAM A BOMBA? 💣 NÃO? 😱
As atletas do @sesisp.futebolfeminino foram premiadas no Festival Feminino Sub-12!
#FestivalFemininoSub12","VOCÊS VIRAM A BOMBA? 💣 NÃO? 😱
As atletas do @sesisp.futebolfeminino foram premiadas no Festival Feminino Sub-12!
#FestivalFemininoSub12",8,"05/31/2026 14:17",N/A,https://www.facebook.com/reel/1632641034492510/,1,0,Vídeos,,,,,Total,1332,1059,10,10,0,0,,,10,10,,4694.27,4.432,0,0,0,
965014889577854,100082080567569,"Paulistão F","🫶? 🧤!
#FestivalFemininoSub12","🫶? 🧤!
#FestivalFemininoSub12",14,"05/31/2026 14:27",uploaded,https://www.facebook.com/reel/1022223393574949/,1,0,Vídeos,,,,,Total,678,596,11,11,0,0,,,0,,,1953.867,3.213,0,0,0,
965019126244097,100082080567569,"Paulistão F","ACONTECEU ALGUMA COISA AÍ? 🥴
Ufa, é só o peso da medalha do Festival Feminino Sub-12!
#FestivalFemininoSub12","ACONTECEU ALGUMA COISA AÍ? 🥴
Ufa, é só o peso da medalha do Festival Feminino Sub-12!
#FestivalFemininoSub12",12,"05/31/2026 14:35",N/A,https://www.facebook.com/reel/1882748212390747/,1,0,Vídeos,,,,,Total,1533,1343,20,20,0,0,,,7,7,,6861.724,5.266,0,0,0,
965022302910446,100082080567569,"Paulistão F","@s.e_lemensefutebolfeminino comemorando mais um Festival Feminino Sub-12! 🌟😮‍💨
#FestivalFemininoSub12","@s.e_lemensefutebolfeminino comemorando mais um Festival Feminino Sub-12! 🌟😮‍💨
#FestivalFemininoSub12",16,"05/31/2026 14:42",N/A,https://www.facebook.com/reel/978396851625941/,1,0,Vídeos,,,,,Total,2778,2514,33,32,0,1,,,10,10,,13035.599,5.241,0,0,0,
965033882909288,100082080567569,"Paulistão F","100% PREMIADAS! 
Que o sonho continue vivo! Viva o Festival Feminino 🌟🥰
#FestivalFemininoSub12","100% PREMIADAS! 
Que o sonho continue vivo! Viva o Festival Feminino 🌟🥰
#FestivalFemininoSub12",76,"05/31/2026 15:05",N/A,https://www.facebook.com/reel/1045585481467614/,1,0,Vídeos,,,,,Total,1492,1518,25,25,0,0,,,3,3,,6945.346,4.823,0,0,0,
966652829414060,100082080567569,"Paulistão F","DIA DA IMPERATRIZ!
Bicampeã do Paulistão F e uma das maiores jogadoras do Brasil, Sissi completa 59 anos nesta terça-feira! Parabéns, lenda 🤩
#Aniversário",,0,"06/02/2026 10:49",N/A,https://www.facebook.com/paulistaof/posts/pfbid0kpMQXRKJPnXKXAeQzcQHvzJnxPMnscBoVwfi2vLn2SrZdTRi6U3NMstYSX8DTfSdl,0,0,Fotos,,,,,Total,137887,96760,4008,3465,482,61,1,,2013,1396,617,,,,,,
969920709087272,100082080567569,"Paulistão F","DIA DE JOGÃO! 🇧🇷
Diretamente da Neo Química Arena, a @selecaofemininadefutebol entra em campo diante dos Estados Unidos.
#SeleçãoBrasileira",,0,"06/06/2026 04:00",N/A,https://www.facebook.com/paulistaof/posts/pfbid0fWGfdhD5Tsic9dgB9H2aZ4567kuw2kLioVLKVYUCzaZkhkEbN6QzzpzfTpSuyxYol,0,0,Fotos,,,,,Total,53463,38354,815,733,61,21,,,1439,881,558,,,,,,
970328819046461,100082080567569,"Paulistão F","ALERTA DE SURTO DA ADM! 
A rainha @martavsilva10 tá na área 👑⚽️
#SeleçãoFeminina","ALERTA DE SURTO DA ADM! 
A rainha @martavsilva10 tá na área 👑⚽️
#SeleçãoFeminina",11,"06/06/2026 14:25",N/A,https://www.facebook.com/reel/2472378833226890/,1,0,Vídeos,,,,,Total,32977,25886,814,609,201,4,,,686,686,,172572.875,7.002,0,0,0,
970329819046361,100082080567569,"Paulistão F","UM OI ESPECIAL! 🤙😙
#SeleçãoFeminina","UM OI ESPECIAL! 🤙😙
#SeleçãoFeminina",6,"06/06/2026 14:27",mixed,https://www.facebook.com/reel/1504746121124152/,1,0,Vídeos,,,,,Total,6486,4924,75,71,1,3,,,26,26,,15910.282,3.262,0,0,0,
970341779045165,100082080567569,"Paulistão F","TUDO IGUAL POR AQUI!
A @tainajose08 SUBIU SOZINHA PARA EMPATAR O JOGO ⚽️🔥
#SeleçãoFeminina","TUDO IGUAL POR AQUI!
A @tainajose08 SUBIU SOZINHA PARA EMPATAR O JOGO ⚽️🔥
#SeleçãoFeminina",39,"06/06/2026 14:52",N/A,https://www.facebook.com/reel/2478537862576593/,1,0,Vídeos,,,,,Total,21719,20504,770,747,14,9,,,473,472,,220921.261,11.444,0,0,0,1
970343209045022,100082080567569,"Paulistão F","VIRA, VIROUUUUUUUUUU!
O SEGUNDO GOL DAS MULHERES DESTE SOLO JÁ SAIU! É DA @biazaneratto ⚽️⚽️
#SeleçãoFeminina","VIRA, VIROUUUUUUUUUU!
O SEGUNDO GOL DAS MULHERES DESTE SOLO JÁ SAIU! É DA @biazaneratto ⚽️⚽️
#SeleçãoFeminina",32,"06/06/2026 14:55",N/A,https://www.facebook.com/reel/2277385863069688/,1,0,Vídeos,,,,,Total,26653,26573,1345,1265,38,42,,,746,746,,210076.432,8.443,0,0,0,
970397765706233,100082080567569,"Paulistão F","FESTA EM VERDE E AMARELO! 🇧🇷
Dupla do Palmeiras brilha e Brasil vence os Estados Unidos de virada na Neo Química Arena!
#ElasEmCampo
📷Mariana Sá/COB",,0,"06/06/2026 16:43",N/A,https://www.facebook.com/paulistaof/posts/pfbid0JZJqw1nMMQSkSHiQDZgtjEhEVry99F8EcBQZKMX6GdsU6rTyrwSqwjHovYAygwSAl,0,0,Fotos,,,,,Total,101262,75055,2714,2493,113,108,,,1312,672,640,,,,,,
970869835659026,100082080567569,"Paulistão F","PARA FECHAR A 3ª RODADA!
Taubaté e Mirassol duelam em busca dos três pontos no Paulistão!
#PaulistãoF",,0,"06/07/2026 06:00",N/A,https://www.facebook.com/paulistaof/posts/pfbid02ahM6UriWyZhR2Ay7UGfahLh83ezm54tmoyNVydPUBYRijbbqzUxGbx6PZybKwWKol,0,0,Fotos,,,,,Total,12724,9380,68,65,2,1,,,136,56,80,,,,,,
970967988982544,100082080567569,"Paulistão F","DOMINGO DE PAULISTÃO F!
Pode chegar, meu povo! É dia de jogo por aqui! Logo mais tem Taubaté e Mirassol em campo pela terceira rodada!
#PaulistãoF2026
📷Anderson Romão/Ag. Paulistão",,0,"06/07/2026 08:22",N/A,https://www.facebook.com/paulistaof/posts/pfbid0AVtXXbWwvoa3MwDuiDDnwmKsd6uBWzg7hmZQhmHzNo8aJz2R3owVn5GmFic2kxWJl,0,0,Fotos,,,,,Total,1380,1019,12,11,1,0,,,17,8,9,,,,,,
971048372307839,100082080567569,"Paulistão F","TIMES NA ÁREA!
Taubaté e Mirassol já estão no Joaquinzão para mais uma rodada do Paulistão F 2026!
#PaulistãoF2026 
📷Anderson Romão/Ag. Paulistão",,0,"06/07/2026 10:20",N/A,https://www.facebook.com/paulistaof/posts/pfbid0rpx8SLRukNraS3h8Y2L2XQrsp6Hor9mL94UhUwjYRP7bntfV8QoDLguGhMgyuzjSl,0,0,Fotos,,,,,Total,2177,1632,15,15,0,0,,,24,9,15,,,,,,
971065128972830,100082080567569,"Paulistão F","AQUECIMENTO FINALIZADO!
Bora pro jogo!
#PaulistãoF2026 
📷Anderson Romão/Ag. Paulistão",,0,"06/07/2026 10:47",N/A,https://www.facebook.com/paulistaof/posts/pfbid0JktF5G9MvB5hRg8Abc3MopsdEnjWSFKJmQdwRY15Lej11HYV3kunHyXaiir9KZzZl,0,0,Fotos,,,,,Total,3243,2470,36,35,1,0,,,38,13,25,,,,,,
971110918968251,100082080567569,"Paulistão F","VANTAGEM DA CASA!
O Taubaté vai para o intervalo na frente do placar!
#PaulistãoF2026 
📷Anderson Romão/Ag. Paulistão",,0,"06/07/2026 12:03",N/A,https://www.facebook.com/paulistaof/posts/pfbid0xM3c17vExbFsvgSwa5r1EuFC61nsxoEWveS1KnDgzrGHTJHgDr8rNM6CbwoWKryHl,0,0,Fotos,,,,,Total,4669,3418,25,25,0,0,,,27,10,17,,,,,,
971118365634173,100082080567569,"Paulistão F","TÁ NA REDE!
Kakau tira da goleira do Mirassol e marca o primeiro do Taubaté!
#PaulistãoF2026","TÁ NA REDE!
Kakau tira da goleira do Mirassol e marca o primeiro do Taubaté!
#PaulistãoF2026",30,"06/07/2026 12:16",uploaded,https://www.facebook.com/reel/2390510391431890/,1,0,Vídeos,,,,,Total,6268,5837,60,57,1,2,,,34,34,,46212.42,8.059,0,0,0,
971120402300636,100082080567569,"Paulistão F","QUE GO-LA-ÇO!
A @andressa_soares1995 soltou o pé da entrada da área e não deu caches pra goleira do Mirassol!
#PaulistãoF2026","QUE GO-LA-ÇO!
A @andressa_soares1995 soltou o pé da entrada da área e não deu caches pra goleira do Mirassol!
#PaulistãoF2026",25,"06/07/2026 12:19",uploaded,https://www.facebook.com/reel/1681611196320367/,1,0,Vídeos,,,,,Total,6243,5977,77,74,2,1,,,37,37,,36826.221,6.379,0,0,0,
971144602298216,100082080567569,"Paulistão F","VITÓRIA TAUBATEANA!
O Taubaté faz o dever de casa e soma três pontos no Paulistão F 2026!
#PaulistãoF2026
📷Anderson Romão/Ag. Paulistão",,0,"06/07/2026 13:05",N/A,https://www.facebook.com/paulistaof/posts/pfbid02a1V7ktEn7vVLzfvu1ZnrUUFtbGLzuWCuSvTEJ17nWzWX5CDmfY98ub4bcvbgUxJbl,0,0,Fotos,,,,,Total,7614,5923,60,55,3,2,,,55,16,39,,,,,,
971147368964606,100082080567569,"Paulistão F","É ELA! 
Kakau foi escolhida pela galera de casa como a #CraqueDoJogo de Taubaté e Mirassol!
#PaulistãoF2026 
📷Anderson Romão/Ag. Paulistão",,0,"06/07/2026 13:10",N/A,https://www.facebook.com/paulistaof/posts/pfbid0KW8c6kfDPoy4whUUTQhWgTM2wW2jFScY71gK4WsZ7H6K2FgauEfn99yCZr6eFAjgl,0,0,Fotos,,,,,Total,3002,2288,28,25,3,0,,,25,17,8,,,,,,
971151408964202,100082080567569,"Paulistão F","OLHA ELA AÍ!
Se liga como ficou a classificação do Paulistão F após o fim de mais uma rodada!
#PaulistãoF2026",,0,"06/07/2026 13:19",N/A,https://www.facebook.com/paulistaof/posts/pfbid0SmaELrBVyEjmSC1efQYS1XBFD5xUGYDdKPyq5Nxpxoe5XGffHZNVN8sy6Sf8DHuUl,0,0,Fotos,,,,,Total,66288,43603,375,353,10,12,,,1463,913,550,,,,,,
972440248835318,100082080567569,"Paulistão F","MAIS UM DAS MULHERES DESTE SOLO!
Já vencemos o primeiro, agora é manter 100% contra os Estados Unidos 🤩
#SeleçãoFeminina",,0,"06/09/2026 04:00",N/A,https://www.facebook.com/paulistaof/posts/pfbid0wKkAaJjihMjNEJ8yBTQxVn9V9nPjpCu7AeodZKtsdDqwFUVxiSK29waYhJwrFx2Ll,0,0,Fotos,,,,,Total,14921,10638,322,276,26,20,,,313,195,118,,,,,,
972754675470542,100082080567569,"Paulistão F","PRESENTE ESPECIAL! 🦁💛
Rafaela Esteves, executiva de futebol do @mirassolfcfeminino, presenteou Cris Gambaré, coordenadora da Seleção Feminina, e a Rainha Marta com uma camisa do Leão!
#ElasEmCampo
📷 Ana Goulart/Agência Mirassol",,0,"06/09/2026 11:56",N/A,https://www.facebook.com/paulistaof/posts/pfbid09SJ3dHr4L3U66Qba8ciS5dpaBynCrNv5yEeZtzTs3UY2YZnpKVbHnVdnmwFYFyHDl,0,0,Fotos,,,,,Total,5804,4340,88,85,2,1,,,80,24,56,,,,,,
972992535446756,100082080567569,"Paulistão F","PAREDÃO QUE FALA!
O que foi essa sequência da Lorena?!!! 
#SeleçãoFeminina 
🎥 @tvglobo","PAREDÃO QUE FALA!
O que foi essa sequência da Lorena?!!! 
#SeleçãoFeminina 
🎥 @tvglobo",18,"06/09/2026 19:25",N/A,https://www.facebook.com/reel/1299809108990900/,1,0,Vídeos,,,,,Total,264699,167808,4743,4486,150,107,,,1963,1963,,2602128.521,15.708,0,0,0,
973029095443100,100082080567569,"Paulistão F","Em último jogo da Data Fifa, a Seleção Feminina é superada pelos Estados Unidos.
#ElasEmCampo
📷 Kely Pereira/Staff Images/CBF",,0,"06/09/2026 20:30",N/A,https://www.facebook.com/paulistaof/posts/pfbid02sbBR1CCUJpR2opMcb697K5yZpVhWBKfRdJPL73FWxGzmz1xCtU5L7cqZHv1GH9nbl,0,0,Fotos,,,,,Total,21421,15384,148,112,31,5,,,276,159,117,,,,,,
973630435382966,100082080567569,"Paulistão F","A QUARTA RODADA DO PAULISTÃO VEM AÍ!
Confira datas, horários e transmissões!
#PaulistãoF",,0,"06/10/2026 11:14",N/A,https://www.facebook.com/paulistaof/posts/pfbid0SbrVGp1ZM1TGC5zwJxXcBPLSJTfrxG1e6ktpYPCpbgkeW2nZov3U7MECQTbsjvyql,0,0,Fotos,,,,,Total,67847,46647,379,357,7,15,,,1266,538,728,,,,,,
974440735301936,100082080567569,"Paulistão F","FALA, DIANY! 🎙️
Do Palmeiras Feminino para a FPF Academia 🏆 A Diany Martins | Atleta conta pra gente sobre a experiência e os objetivos que deseja ter com o aprendizado conquistado no Curso Gestão de Futebol Feminino ⚽ 💡

#FPFAcademia #Curso #Gestão #FutebolFeminino #Futebol","FALA, DIANY! 🎙️
Do Palmeiras Feminino para a FPF Academia 🏆 A Diany Martins | Atleta conta pra gente sobre a experiência e os objetivos que deseja ter com o aprendizado conquistado no Curso Gestão de Futebol Feminino ⚽ 💡

#FPFAcademia #Curso #Gestão #FutebolFeminino #Futebol",63,"06/11/2026 10:07",N/A,https://www.facebook.com/reel/1003897855421862/,1,0,Vídeos,,,,,Total,5221,4816,26,26,0,0,,,8,8,,12988.18,2.577,0,0,0,
975893281823348,100082080567569,"Paulistão F","BORA PARA A TERCEIRA RODADA!
Fim de semana com sete jogos do Paulista F Sub-15!
#PaulistaFSub15",,0,"06/13/2026 05:00",N/A,https://www.facebook.com/paulistaof/posts/pfbid0KjEi35EAoCP7zNegxgE92XFiJEsTb9C33vY69ewZUJokDN6KoWGWv5FgyhrDf92kl,0,0,Fotos,,,,,Total,35270,26230,156,149,1,6,,,523,216,307,,,,,,
977084458370897,100082080567569,"Paulistão F","Chegou a hora de ver como terminaram as partidas da terceira rodada do Paulista F Sub-15!
#PaulistaFSub15",,0,"06/14/2026 13:59",N/A,https://www.facebook.com/paulistaof/posts/pfbid0eBVjXDdWpQ6emamV3S1YvWXBL1jNCroGunCMMNXgzMz6Y2raEXNng6KBzvUqN8KDl,0,0,Fotos,,,,,Total,51642,35902,139,134,1,4,,,492,174,318,,,,,,
978653214880688,100082080567569,"Paulistão F","COM DIREITO A MAIS UM CLÁSSICO...
Vem conferir como ficaram os confrontos das oitavas de final da @copadobrasil_fem 🔥
#ElasEmCampo",,0,"06/16/2026 11:05",N/A,https://www.facebook.com/paulistaof/posts/pfbid02qmaFqDNQa8K1aXgQPed3w4EgpoVEcPBJjJFhks3oceW7jZdY5QhcfgZVE2dphy3wl,0,0,Fotos,,,,,Total,11780,8019,134,122,6,6,,,283,161,122,,,,,,
978749244871085,100082080567569,"Paulistão F","VAI COMEÇAR O PAULISTA F SUB-20!
Vem conferir os confrontos da primeira rodada!
#PaulistaFSub20",,0,"06/16/2026 14:00",N/A,https://www.facebook.com/paulistaof/posts/pfbid02McEAc7Z5stg84ayAZoBWV1jk23N8kvm85GB9QoDAJLJjmWLgubvhWnCYZZcifXqEl,0,0,Fotos,,,,,Total,50822,36150,307,283,8,16,,,882,364,518,,,,,,
984677824278227,100082080567569,"Paulistão F","ANOTA NA AGENDA!
FALTA EXATAMENTE UM ANO PARA A COPA DO MUNDO FEMININA EM 2027 🤩🥳
#ElasEmCampo #CopaDoMundoFeminina",,0,"06/23/2026 20:05",N/A,https://www.facebook.com/paulistaof/posts/pfbid0twbPthMiU41zPAL1uHnfDnw2FAx1VfvNNLLKaHToYMRhpQEAKLuN4LqZJLqvz7Kql,0,0,Fotos,,,,,Total,4976,3412,197,123,60,14,,,97,79,18,,,,,,
984971177582225,100082080567569,"Paulistão F","CONTAGEM REGRESSIVA!
TODO MUNDO NO CLIMA DA COPA DO MUNDO DE 2027 NO BRASIL 🤩
#SeleçãoBrasileira #CopaDoMundoFeminina","CONTAGEM REGRESSIVA!
TODO MUNDO NO CLIMA DA COPA DO MUNDO DE 2027 NO BRASIL 🤩
#SeleçãoBrasileira #CopaDoMundoFeminina",88,"06/24/2026 05:00",auto,https://www.facebook.com/reel/1037950595354662/,0,0,Vídeos,,,,,Total,3671,3471,70,57,3,10,,,10,10,,16260.236,4.607,0,0,0,
985128147566528,100082080567569,"Paulistão F","UM SONHO QUE NÃO SONHAMOS...
Mas que vai se tornar realidade, né, Kin?! 🥹
#ElasEmCampo #SeleçãoBrasileira",,0,"06/24/2026 09:00",N/A,https://www.facebook.com/paulistaof/posts/pfbid02nvLdeaTPx371ZYq3urxpzwJHN91oT7iCzZr3owseeTrJSD82UfZDXGhNDBU5EqX6l,0,0,Fotos,,,,,Total,1262,958,12,10,2,0,,,7,4,3,,,,,,
985203384225671,100082080567569,"Paulistão F","UNIÃO COM A TORCIDA E LEGADO!
Cris Gambaré falou do que espera nesse período pré Copa do Mundo e a memória que o Mundial vai deixar no futebol feminino brasileiro 🤩
#ElasEmCampo #SeleçãoBrasileira",,0,"06/24/2026 11:00",N/A,https://www.facebook.com/paulistaof/posts/pfbid032eNWupieqYw9CWMWHehkdH9ZEXtmqT8aBAjbdzG24qDNtqLn7bL876bFZkjB3Fgdl,0,0,Fotos,,,,,Total,1457,1063,14,14,0,0,,,16,5,11,,,,,,
987363917342951,100082080567569,"Paulistão F","MAIS UMA VINDO AÍ!
A quarta rodada do Paulista F Sub-15 chegou com tudo 🤩
#PaulistaFSub15",,0,"06/27/2026 02:00",N/A,https://www.facebook.com/paulistaof/posts/pfbid0dcJ99cC2bKztZHeVp7ctJcgGe1tnHrjkTmPjWk3oF9eDrmWJgYCZTZcGqrTxDB2nl,0,0,Fotos,,,,,Total,15161,11115,78,75,0,3,,,191,54,137,,,,,,
988647360547940,100082080567569,"Paulistão F","Se liga nos resultados da quarta rodada do Paulista F Sub-15!
#PaulistaFSub15",,0,"06/28/2026 14:08",N/A,https://www.facebook.com/paulistaof/posts/pfbid06oWX5kyMYGtXx3VBkqhGgCLLmY9mnnLsDJAp5Ans3ub9tg9vDphtctyXwbX4cvsGl,0,0,Fotos,,,,,Total,11389,7988,71,69,1,1,,,82,22,60,,,,,,
990035280409148,100082080567569,"Paulistão F","MAIS UMA VINDO AÍ!
A terceira rodada do Paulista F Sub-20 chegou para agitar a semana 🤩
#PaulistaFSub20",,0,"06/30/2026 06:00",N/A,https://www.facebook.com/paulistaof/posts/pfbid0Czoy5JQn36bXgtVMehSSRvyoSWVLw536H4zSFAb3xx1HSByqZF38G8uYX9EYeWcul,0,0,Fotos,,,,,Total,16897,12339,77,72,2,3,,,252,108,144,,,,,,
956818033730873,100082080567569,"Paulistão F","TUDO IGUAL NO SUPERCLÁSSICO!
Maressa marca no final do segundo tempo para a Ferroviária e iguala o placar em Araraquara!
#PaulistãoF","TUDO IGUAL NO SUPERCLÁSSICO!
Maressa marca no final do segundo tempo para a Ferroviária e iguala o placar em Araraquara!
#PaulistãoF",33,"05/21/2026 16:06",N/A,https://www.facebook.com/reel/1654105135798552/,0,0,Vídeos,,,,,Total,11335,11468,132,128,2,2,,,223,223,,124706.883,11.753,0,0,0,
956818690397474,100082080567569,"Paulistão F","O GOL QUE ABRIU O PLACAR! ⚪⚫
Evelin Bonifácio mandou na medida pra Carol Baiana jogar pro fundo das redes! #PaulistãoF","O GOL QUE ABRIU O PLACAR! ⚪⚫
Evelin Bonifácio mandou na medida pra Carol Baiana jogar pro fundo das redes! #PaulistãoF",46,"05/21/2026 16:07",N/A,https://www.facebook.com/reel/2308043646632863/,0,0,Vídeos,,,,,Total,3146,3190,44,42,1,1,,,49,49,,35546.706,11.716,0,0,0,
956819663730710,100082080567569,"Paulistão F","UM GOL PRA CADA LADO! 🤝
O Superclássico Alvinegro terminou o primeiro tempo empatado! #PaulistãoF
📷 Diego Soares/Ag.Paulistão",,0,"05/21/2026 16:09",N/A,https://www.facebook.com/paulistaof/posts/pfbid02NG88SSSt28y1VeLyn3Y4Ns62e6XZhjsUxwn7dJPvMekgKH92asPx1yDCPcXXabacl,0,0,Fotos,,,,,Total,7625,5623,61,58,2,1,,,71,28,43,,,,,,
956823017063708,100082080567569,"Paulistão F","TOQUEZINHO SUTIL PRO GOL! 🔥
Erika foi bem demais nesse cabeceio pra empatar pro Timão! #PaulistãoF","TOQUEZINHO SUTIL PRO GOL! 🔥
Erika foi bem demais nesse cabeceio pra empatar pro Timão! #PaulistãoF",50,"05/21/2026 16:17",uploaded,https://www.facebook.com/reel/1514256989541344/,0,0,Vídeos,,,,,Total,6493,6693,326,320,1,5,,,150,150,,68252,11.031,0,0,0,
956823253730351,100082080567569,"Paulistão F","GOLAÇO DA ZAGUEIRA DA FERROVIÁRIA!
Monique soltou essa bomba e garantiu a vitória das Guerreiras Grenás no Superclássico F!
#PaulistãoF","GOLAÇO DA ZAGUEIRA DA FERROVIÁRIA!
Monique soltou essa bomba e garantiu a vitória das Guerreiras Grenás no Superclássico F!
#PaulistãoF",43,"05/21/2026 16:17",N/A,https://www.facebook.com/reel/989411984024918/,0,0,Vídeos,,,,,Total,3961,3908,66,64,1,1,,,79,79,,43527.362,11.678,0,0,0,
956823657063644,100082080567569,"Paulistão F","A DONA DA VIRADA DA FERROVIÁRIA!
Monique fez um golaço que garantiu a vitória das Guerreiras Grenás e foi eleita Craque do Jogo!
#PaulistãoF #CraqueDoJogo
📷Douglas Moreti/Ag.Paulistão",,0,"05/21/2026 16:18",N/A,https://www.facebook.com/paulistaof/posts/pfbid022Etj5UMGfdhExWDzFniCmK7b5jVmT4YD8WWpEoeMfRHxP5j1YzmQ1FBTwaXfeeFcl,0,0,Fotos,,,,,Total,1178,878,15,13,1,1,,,8,5,3,,,,,,
956828857063124,100082080567569,"Paulistão F","SALVOU DEMAIS! 😮‍💨
Taty Amaro fez milagre pra salvar as Sereias da Vila nos últimos minutos do primeiro tempo! #PaulistãoF","SALVOU DEMAIS! 😮‍💨
Taty Amaro fez milagre pra salvar as Sereias da Vila nos últimos minutos do primeiro tempo! #PaulistãoF",28,"05/21/2026 16:30",N/A,https://www.facebook.com/reel/1708153563513147/,0,0,Vídeos,,,,,Total,74348,62833,781,769,7,5,,,673,673,,859401.248,14.041,0,0,0,
956829693729707,100082080567569,"Paulistão F","Todos os detalhes do belo gol das Sereias da Vila! 🤩🔥 #PaulistãoF","Todos os detalhes do belo gol das Sereias da Vila! 🤩🔥 #PaulistãoF",25,"05/21/2026 16:32",N/A,https://www.facebook.com/reel/979354538225149/,0,0,Vídeos,,,,,Total,1928,1775,32,31,1,0,,,18,18,,11123.949,6.309,0,0,0,
956832503729426,100082080567569,"Paulistão F","GABI ZANOTTI OPORTUNISTA! 🔥
A camisa dez do Corinthians não perdoa e vira o jogo para as Brabas! #PaulistãoF","GABI ZANOTTI OPORTUNISTA! 🔥
A camisa dez do Corinthians não perdoa e vira o jogo para as Brabas! #PaulistãoF",20,"05/21/2026 16:38",N/A,https://www.facebook.com/reel/1469337951631949/,1,0,Vídeos,,,,,Total,74606,55701,1013,987,8,18,,,453,453,,750699.252,13.697,0,0,0,
956838457062164,100082080567569,"Paulistão F","É A VIRADA DAS BRABAS! 🤩
Gabi Zanotti apareceu no momento certo pra colocar o Timão à frente! #PaulistãoF","É A VIRADA DAS BRABAS! 🤩
Gabi Zanotti apareceu no momento certo pra colocar o Timão à frente! #PaulistãoF",56,"05/21/2026 16:51",mixed,https://www.facebook.com/reel/978628738432184/,0,0,Vídeos,,,,,Total,48864,52954,2344,2243,66,35,,,2067,2067,,697956.423,15.137,0,0,0,
956838680395475,100082080567569,"Paulistão F","Simplesmente Leticia Santos! 🥵🎩 #PaulistãoF","Simplesmente Leticia Santos! 🥵🎩 #PaulistãoF",27,"05/21/2026 16:51",uploaded,https://www.facebook.com/reel/3783254245150679/,0,0,Vídeos,,,,,Total,6706,3666,63,58,3,2,,,48,48,,37591.06,6.281,0,0,0,
956843713728305,100082080567569,"Paulistão F","EMPATE DAS SEREIAS! 
@analuyza_27 faz um golaço e deixa tudo igual no Superclássico F! 
#PaulistãoF","EMPATE DAS SEREIAS! 
@analuyza_27 faz um golaço e deixa tudo igual no Superclássico F! 
#PaulistãoF",40,"05/21/2026 17:02",N/A,https://www.facebook.com/reel/992906163249440/,1,0,Vídeos,,,,,Total,1589,1619,34,26,7,1,,,36,36,,11532.971,7.622,0,0,0,
956849600394383,100082080567569,"Paulistão F","QUE BELO GOL DAS SEREIAS! 👏
Analuyza saiu do banco direto pra empatar o Superclássico F! #PaulistãoF","QUE BELO GOL DAS SEREIAS! 👏
Analuyza saiu do banco direto pra empatar o Superclássico F! #PaulistãoF",71,"05/21/2026 17:14",mixed,https://www.facebook.com/reel/27203203369304446/,0,0,Vídeos,,,,,Total,4241,4342,83,72,11,0,,,87,87,,46845.945,11.495,0,0,0,
956853450393998,100082080567569,"Paulistão F","FIM DE SUPERCLÁSSICO ALVINEGRO!
Corinthians e Santos empataram em 2 a 2! #PaulistãoF
📷 Diego Soares/Ag.Paulistão",,0,"05/21/2026 17:22",N/A,https://www.facebook.com/paulistaof/posts/pfbid02r5V4cT9SpoPniLME6NMVZZivPjhajwSHEveAztAbmoBtMSXWhDAQZgAXZ7qhqbYYl,0,0,Fotos,,,,,Total,6640,4664,100,74,20,6,,,127,74,53,,,,,,
956856213727055,100082080567569,"Paulistão F","Gabi Zanotti é o nome dela! ⭐🔥 #PaulistãoF","Gabi Zanotti é o nome dela! ⭐🔥 #PaulistãoF",23,"05/21/2026 17:27",uploaded,https://www.facebook.com/reel/1984891611925135/,0,0,Vídeos,,,,,Total,6399,5931,177,169,1,7,,,52,52,,52162.283,9.119,0,0,0,
956858873726789,100082080567569,"Paulistão F","O golaço de Analuyza! 🤩😮‍💨 #PaulistãoF","O golaço de Analuyza! 🤩😮‍💨 #PaulistãoF",23,"05/21/2026 17:33",N/A,https://www.facebook.com/reel/961499646648179/,0,0,Vídeos,,,,,Total,6843,6353,59,56,3,0,,,114,114,,52444.743,8.823,0,0,0,
956861677059842,100082080567569,"Paulistão F","Vem conferir os melhores momentos da vitória da Ferroviária para cima do Palmeiras por 2 a 1! 
#PaulistãoF #MelhoresMomentos #Centauro","Vem conferir os melhores momentos da vitória da Ferroviária para cima do Palmeiras por 2 a 1! 
#PaulistãoF #MelhoresMomentos #Centauro",183,"05/21/2026 17:39",mixed,https://www.facebook.com/reel/1702318574103358/,1,0,Vídeos,,,,,Total,1436,1422,17,17,0,0,,,16,16,,20996.53,15.314,0,0,0,
956862077059802,100082080567569,"Paulistão F","CRAQUE DO JOGO! 🏆
Gabi Zanotti foi eleita a #CraqueDoJogo depois de marcar no #SuperclássicoF! #PaulistãoF
📷 Diego Soares/Ag.Paulistão",,0,"05/21/2026 17:40",N/A,https://www.facebook.com/paulistaof/posts/pfbid0x9oD1UpZBH2mcc4sUA4mNBLLMK3AE8Q1K4SiLFFDdeWCGr7EAsC2npm5VkJu3FnSl,0,0,Fotos,,,,,Total,53750,39195,1727,1624,72,31,,,1149,757,392,,,,,,
956865670392776,100082080567569,"Paulistão F","TODAS TEM GOLEIRA, SÓ O SÃO PAULO TEM A ANNA BIA!
Que defesaça da goleira do Tricolor!
#PaulistãoF #SãoPaulo","TODAS TEM GOLEIRA, SÓ O SÃO PAULO TEM A ANNA BIA!
Que defesaça da goleira do Tricolor!
#PaulistãoF #SãoPaulo",31,"05/21/2026 17:47",uploaded,https://www.facebook.com/reel/1362128712460180/,0,0,Vídeos,,,,,Total,72741,58482,1591,1526,42,23,,,470,470,,954342.845,16.459,0,0,0,
956875447058465,100082080567569,"Paulistão F","VITÓRIA NO CLÁSSICO E LIDERANÇA MANTIDA!
Mais três ponto na conta das Guerreiras Grenás!
#PaulistãoF #SuperclássicoF #Ferroviária",,0,"05/21/2026 18:08",N/A,https://www.facebook.com/paulistaof/posts/pfbid02A8NdeSwBcBfTK17tcze8FmVECwkuJrNWwEKLtn9Nw3RUsskPABRwxUcQJgZxJHGzl,0,0,Fotos,,,,,Total,11301,8319,82,76,2,4,,,132,70,62,,,,,,
956876440391699,100082080567569,"Paulistão F","NADA DE GOLS POR ENQUANTO!
O placar se manteve zerado no primeiro tempo entre São Paulo e Red Bull Bragantino.
#PaulistãoF
📷Guilherme Veiga/Ag.Paulistão",,0,"05/21/2026 18:10",N/A,https://www.facebook.com/paulistaof/posts/pfbid02RhygyKcSwJb4NrtgegLHTQUd7WXmwHfuDQ4rvr9sAKnW5rBJ35ZxKbA22eBwzLg8l,0,0,Fotos,,,,,Total,6610,4957,53,50,3,0,,,51,23,28,,,,,,
956891830390160,100082080567569,"Paulistão F","GÉSSICA COLOCA AS BRAGANTINAS NA VANTAGEM!
Uma cobrança de escanteio direto na cabeça da Géssica para abrir o placar em Cotia!
#PaulistãoF","GÉSSICA COLOCA AS BRAGANTINAS NA VANTAGEM!
Uma cobrança de escanteio direto na cabeça da Géssica para abrir o placar em Cotia!
#PaulistãoF",61,"05/21/2026 18:40",mixed,https://www.facebook.com/reel/980447674777554/,0,0,Vídeos,,,,,Total,4386,4450,83,81,2,0,,,60,60,,41218.13,9.827,0,0,0,
956903213722355,100082080567569,"Paulistão F","VITÓRIA DAS BRAGANTINAS!
O Red Bull Bragantino supera o São Paulo, vence fora de casa e conquista os três pontos em Cotia!
#PaulistãoF 
📷Guilherme Veiga/Ag.Paulistão",,0,"05/21/2026 19:01",N/A,https://www.facebook.com/paulistaof/posts/pfbid02TiwaX9HyPG8ii4i7hGGFPmfEbgLzTBKD56qnDJhvDyEVZH6saV7HXCx4GiRL1y2ml,0,0,Fotos,,,,,Total,10948,8064,92,84,6,2,,,134,48,86,,,,,,
956916197054390,100082080567569,"Paulistão F","A DONA DO GOL DA VITÓRIA!
Pode anoitar: os primeiros três pontos das Bragantinas são na conta da Géssica!
#PaulistãoF #CraqueDoJogo
📷Guilherme Veiga/Ag.Paulistão",,0,"05/21/2026 19:25",N/A,https://www.facebook.com/paulistaof/posts/pfbid02maN2KsaK6QRXWZNFEPHDUXCR8EN92gVSuFDuwrvJ7NuHcMhbUE9qqrgbydQQUGBMl,0,0,Fotos,,,,,Total,2294,1728,16,16,0,0,,,22,16,6,,,,,,
956917817054228,100082080567569,"Paulistão F","FERROVIÁRIA SEGUE LÍDER E INVICTA!
Assim ficou a tabela de classificação do #PaulistãoF depois dos jogos dessa quinta-feira, válidos pela terceira rodada!",,0,"05/21/2026 19:28",N/A,https://www.facebook.com/paulistaof/posts/pfbid02oYVDvRdhQ83EqFEtWHpAbM7d9rqiTj6ip8xZjCyKWSwv3Uz8sV4gnyF3b15zDqGml,0,0,Fotos,,,,,Total,48077,30188,348,318,17,13,,,885,515,370,,,,,,
956918290387514,100082080567569,"Paulistão F","POR HOJE, É ISSO!
Como foi o desempenho do seu time na terceira rodada do Paulistão?
#PaulistãoF",,0,"05/21/2026 19:29",N/A,https://www.facebook.com/paulistaof/posts/pfbid0ymAusXUm6VT11Tuuwd5hWkQ5gmENSDsGvvfEdsqeg5t1oze9TDYLQTUTe7zHRQKBl,0,0,Fotos,,,,,Total,11814,8230,80,79,0,1,,,115,55,60,,,,,,
956924190386924,100082080567569,"Paulistão F","Vem ver os melhores momentos da vitória de 1 a 0 do Red Bull Bragantino para cima do São Paulo!
#PaulistãoF #MelhoresMomentos #Centauro","Vem ver os melhores momentos da vitória de 1 a 0 do Red Bull Bragantino para cima do São Paulo!
#PaulistãoF #MelhoresMomentos #Centauro",127,"05/21/2026 19:40",N/A,https://www.facebook.com/reel/2077075006207209/,1,0,Vídeos,,,,,Total,47099,42737,722,711,9,2,,,329,329,,1494238.035,35.652,0,0,0,
958353530243990,100082080567569,"Paulistão F","EMPATE!
Taubaté e Minas Brasília não saíram do zero pro Brasileirão Feminino A2.
#ElasEmCampo
📷Cris Miller/Minas Brasília",,0,"05/23/2026 13:22",N/A,https://www.facebook.com/paulistaof/posts/pfbid06yfbgcAPssRGnupDW5wbt57rhrYoNwfcTNFD62BsFQcxiPa8f3mN7nTfknGvJM9bl,0,0,Fotos,,,,,Total,2745,1969,14,14,0,0,,,15,7,8,,,,,,
958817470197596,100082080567569,"Paulistão F","DOMINGOU COM PAULISTA F SUB-17!
Vem conferir os confrontos da 4ª rodada!
#PaulistaFSub17",,0,"05/24/2026 04:00",N/A,https://www.facebook.com/paulistaof/posts/pfbid02uYky7y85owsFgBjNN49HMLuTGQq5AhXJHjLEfGdLJZCQrDN9s7jtnASurUhvszwLl,0,0,Fotos,,,,,Total,9285,6953,74,70,1,3,,,120,45,75,,,,,,
958853946860615,100082080567569,"Paulistão F","Domingão com confronto paulista e as Guerreiras em campo!
#ElasEmCampo",,0,"05/24/2026 05:00",N/A,https://www.facebook.com/paulistaof/posts/pfbid024FCfCYnMDuoKQMy7ngjHKY8o6bAthkb5vYgcU8Dk1RrTp5ZSSkpLBDnCy7Pvrjo5l,0,0,Fotos,,,,,Total,25411,18525,163,158,2,3,,,478,197,281,,,,,,
958892480190095,100082080567569,"Paulistão F","DUELO PAULISTA!
Alerta de jogão entre Red Bull Bragantino e Palmeiras no @brfeminino!
#ElasEmCampo",,0,"05/24/2026 06:00",N/A,https://www.facebook.com/paulistaof/posts/pfbid037RYgUCEf38FdVgHpsiP2WVHtR1hUsDF6GKNi3jGPuy1ywX9k9fe5oiLTHW7yyxyVl,0,0,Fotos,,,,,Total,14134,10207,150,143,5,2,,,201,91,110,,,,,,
959152493497427,100082080567569,"Paulistão F","VITÓRIA PALESTRINA!
Palmeiras leva a melhor e fica com a vitória pra cima do Red Bull Bragantino.
#PaulistasEmCampo
📷Fernando Roberto/Red Bull Bragantino",,0,"05/24/2026 13:08",N/A,https://www.facebook.com/paulistaof/posts/pfbid0k1W3JUXz7z45K3HPUYJRVBbhtiP6dMj63poemmj3JeASuoLEd6uXWzGLNLBSw2PFl,0,0,Fotos,,,,,Total,73688,53505,2334,2201,61,72,,,904,516,388,,,,,,
959215090157834,100082080567569,"Paulistão F","Rodada de goleadas no Paulista F Sub-17!
#PaulistasFSub17",,0,"05/24/2026 15:15",N/A,https://www.facebook.com/paulistaof/posts/pfbid02bF8LsqLw8ZpLSvWBffJtMHeoHVpPpYkv9H7UZ2hzRnUvQHRzcwtn2ZaXrKgxtpZLl,0,0,Fotos,,,,,Total,18919,13049,105,99,1,5,,,189,69,120,,,,,,
959239436822066,100082080567569,"Paulistão F","VITÓRIA GRENÁ!
Em um jogo de duas viradas, Ferroviária se recupera dentro da partida e busca os três pontos contra o Atlético-MG!
#ElasEmCampo
📷Rafael Zocco/Ferroviária",,0,"05/24/2026 16:11",N/A,https://www.facebook.com/paulistaof/posts/pfbid0TYTc7P1yNTaDoTM7tw6HPyxkwNqUW7sfEcSevu2xwwKRg3hQQbu217izemg4DvgYl,0,0,Fotos,,,,,Total,12465,9472,81,78,0,3,,,79,32,47,,,,,,
959260123486664,100082080567569,"Paulistão F","Ferroviária e Palmeiras garantiram as vitórias neste domingo com #ElasEmCampo!
#FutebolPaulista",,0,"05/24/2026 16:59",N/A,https://www.facebook.com/paulistaof/posts/pfbid0bmAPne4TLXdnRGwvHaMtWWX3inZytngBsLX8UwWaGJ78RpMkyzW5NNG7z1gW11vl,0,0,Fotos,,,,,Total,12107,8678,79,74,1,4,,,122,64,58,,,,,,
959684040110939,100082080567569,"Paulistão F","SEGUNDOU DAQUELE JEITO!
Primeiro o clássico, depois as Brabas na Fazendinha!
#ElasEmCampo",,0,"05/25/2026 06:00",N/A,https://www.facebook.com/paulistaof/posts/pfbid02HsmotRfmrFTKv6XoZLnbkxibyDviLh9zU4GuridW6qDhSahQZz4CegBLawEyVi69l,0,0,Fotos,,,,,Total,43102,30446,505,477,15,13,,,1037,400,637,,,,,,
959838653428811,100082080567569,"Paulistão F","MAIS UM CLÁSSICO! 🌟
São Paulo e Santos se enfrentam no @brfeminino! Quem leva a melhor?
#ElasEmCampo #SanSão",,0,"05/25/2026 10:00",N/A,https://www.facebook.com/paulistaof/posts/pfbid0VJMNqEYbhXjyzvqk1ftdyMcT6hGoApyuFh9mhMb7834KYcooKNZLNpJSujfNwEarl,0,0,Fotos,,,,,Total,17348,12318,232,220,9,3,,,297,177,120,,,,,,
960012930078050,100082080567569,"Paulistão F","VITÓRIA TRICOLOR! 🇾🇪
O São Paulo venceu o Santos por 3 a 0 no @brfeminino! #ElasEmCampo
📷 Rebeca Reis/Staff Images Woman/CBF",,0,"05/25/2026 15:44",N/A,https://www.facebook.com/paulistaof/posts/pfbid096kE71kQ9cUu2qbrMRpWc1GJRubvD6GQGi1kvCLM7RG6prs67kR2B8BrqvdAhwULl,0,0,Fotos,,,,,Total,122530,87591,3330,3142,111,77,,,1568,834,734,,,,,,
960111990068144,100082080567569,"Paulistão F","VITÓRIA DAS BRABAS! ⚫⚪
O Corinthians vence o Mixto e continua na liderança do @brfeminino! #ElasEmCampo
📷 Rodrigo Gazzanel/Corinthians",,0,"05/25/2026 19:15",N/A,https://www.facebook.com/paulistaof/posts/pfbid02gKtHdbjYxa4VxqKjNwene4skAykZ28PzG6JgZBmD3uCQS6Zsc8iENfJPSyz4ceUVl,0,0,Fotos,,,,,Total,87305,63777,2999,2826,110,63,1,,981,506,475,,,,,,
960113600067983,100082080567569,"Paulistão F","Assim foi a segunda-feira de @brfeminino! #ElasEmCampo",,0,"05/25/2026 19:19",N/A,https://www.facebook.com/paulistaof/posts/pfbid0GvBnwj3kaY6htU9imWDtbw6vzWG6GrDg63p3R9PUt4zYRE8NiLS7dMDHjnE5Jmd9l,0,0,Fotos,,,,,Total,13459,9398,92,86,1,5,,,141,65,76,,,,,,
960521573360519,100082080567569,"Paulistão F","A CRAQUE DA RODADA É DAS BRAGANTINAS!
Géssica venceu a votação e foi eleita a craque da 3ª rodada do Paulistão!
#CraqueDaRodada #PaulistãoF",,0,"05/26/2026 07:41",N/A,https://www.facebook.com/paulistaof/posts/pfbid026KDuU3bZfKpYToxckx3PeL9wrVMTK3Yx7kSpAx59mGMdJ7JghpngCDQHNBAwSZz5l,0,0,Fotos,,,,,Total,4890,3776,20,20,0,0,,,26,11,15,,,,,,
961546723258004,100082080567569,"Paulistão F","QUEM AVANÇA PARA A PRÓXIMA FASE?
São José e Red Bull Bragantino duelam pela vaga na @copadobrasil_fem!
#ElasEmCampo",,0,"05/27/2026 12:30",N/A,https://www.facebook.com/paulistaof/posts/pfbid02WfJw8YKVUfNza5jmnVhofEZHxjmmhUu7sq7MWcXPGNBmzhpcNhaMTf1sGbq4Yezil,0,0,Fotos,,,,,Total,7973,5942,39,36,0,3,,,93,39,53,,,,,,1
961559526590057,100082080567569,"Paulistão F","BRAGANTINAS CLASSIFICADAS!
O Red Bull Bragantino venceu o São José e garantiu vaga na próxima fase da Copa do Brasil!
#ElasEmCampo",,0,"05/27/2026 12:53",N/A,https://www.facebook.com/paulistaof/posts/pfbid08ZWed3trdrDWqtLrc9393JosbTAkzjGx8TswC4BLStWqAExNtGqMgWZzLYUz3Jxol,0,0,Fotos,,,,,Total,7079,5331,55,52,2,1,,,67,44,23,,,,,,
961568389922504,100082080567569,"Paulistão F","GOLEADA E CLASSIFICAÇÃO!
Uma vitória por 4 a 0 sobre o Itacoatiara garantiu a vaga do Mauaense na próxima fase da Copa do Brasil!
#ElasEmCampo",,0,"05/27/2026 13:10",N/A,https://www.facebook.com/paulistaof/posts/pfbid0hUcXzen1dEdF1jRUUbXopHdGfZuS58sYN7a2oeaUMKRDPTkNDGBYcLT8BgyzJYGtl,0,0,Fotos,,,,,Total,2477,1933,15,14,0,1,,,24,11,13,,,,,,
961584193254257,100082080567569,"Paulistão F","VENCE O RED BULL BRAGANTINO!
Mais quatro gols e uma classificação na conta das Bragantinas na Copa do Brasil!
#ElasEmCampo
📷 Fernando Roberto/Red Bull Bragantino",,0,"05/27/2026 13:40",N/A,https://www.facebook.com/paulistaof/posts/pfbid0omA5EPipMx7b1WCqfiNg4csCRN3ZprUXPUJDynEbFr8AC7yXie7P3A3K9EyojWUkl,0,0,Fotos,,,,,Total,12383,9238,76,75,0,1,,,102,45,57,,,,,,
962147779864565,100082080567569,"Paulistão F","SEREIAS E GUERREIRAS NA COPA DO BRASIL!
Santos e Ferroviária vão em busca da classificação na @copadobrasil_fem!
#ElasEmCampo",,0,"05/28/2026 06:00",N/A,https://www.facebook.com/paulistaof/posts/pfbid02R54japWd9jfdPqd5NS23x6BQ9cUdYC8BUig6DFSiCakCsAqdn1XdwVLxDhjzGWH2l,0,0,Fotos,,,,,Total,15944,11558,96,88,3,5,,,261,127,134,,,,,,
962468273165849,100082080567569,"Paulistão F","GUERREIRAS NAS OITAVAS!
Ferroviária goleia e avança na Copa do Brasil Feminina!
#ElasEmCampo",,0,"05/28/2026 14:54",N/A,https://www.facebook.com/paulistaof/posts/pfbid024JNR33J3rSazibpguv23x7PK24hkJJAiDRuBnnFE1cfs2GqCyJB68QZ81qAjtdnl,0,0,Fotos,,,,,Total,5677,4336,58,54,3,1,,,70,54,16,,,,,,
962471756498834,100082080567569,"Paulistão F","QUE GOLEADA!⚽⚽⚽⚽⚽⚽⚽⚽
OITO GOLS E CLASSIFICAÇÃO GARANTIDA NA COPA DO BRASIL!
#ElasEmCampo
📷Rafael Zocco/Ferroviária",,0,"05/28/2026 15:01",N/A,https://www.facebook.com/paulistaof/posts/pfbid0YiZuBqkSrGr73Rp2t2NpL1nwX5oYiupt2GHpwweGDr78mGd78pfYao8dJnFEhBNPl,0,0,Fotos,,,,,Total,4232,3133,31,27,2,2,,,45,22,23,,,,,,
962473959831947,100082080567569,"Paulistão F","Santos perde nos pênaltis e se despede da Copa do Brasil!
📷Reinaldo Campos/ Santos F.C",,0,"05/28/2026 15:06",N/A,https://www.facebook.com/paulistaof/posts/pfbid027ZX7SybGQEfaztdrx8AJ7gj5oy6TQxgUJyrCioovTmS16S6SBp8Bst6dqKmTqDAul,0,0,Fotos,,,,,Total,48361,33852,362,331,26,5,,,1051,553,498,,,,,,
962475253165151,100082080567569,"Paulistão F","Com a Ferroviária classificada, a quinta-feira terminou assim para o Futebol Paulista na Copa do Brasil!
#ElasEmCampo",,0,"05/28/2026 15:08",N/A,https://www.facebook.com/paulistaof/posts/pfbid0x2hV8JmCqRkc3wc3QDEh6SV4TNvCgi9eN15x6WPpxHzDdK2vkFYCuqRMVNCJoqcyl,0,0,Fotos,,,,,Total,11292,7924,69,65,2,2,,,141,76,65,,,,,,
963467919732551,100082080567569,"Paulistão F","DIA DE DERBY DECISIVO NA COPA DO BRASIL FEMININA!
Palestrinas ou Brabas: quem avança?
#ElasEmCampo",,0,"05/29/2026 20:05",N/A,https://www.facebook.com/paulistaof/posts/pfbid0xuGDN9Crfj6rRcBxXAMpz6EB72ZZdcgroYRCMYXeif7eyTbNwHmEGnBTNgH5inCjl,0,0,Fotos,,,,,Total,52205,36200,889,776,83,30,,,1589,808,781,,,,,,
963701133042563,100082080567569,"Paulistão F","SABADAMOS POR AQUI!
Diretamente de Matão, vem conferir os jogos do Festival Paulista Feminino Sub-14.
#FestivalPaulistaFemininoSub14",,0,"05/30/2026 03:00",N/A,https://www.facebook.com/paulistaof/posts/pfbid0VtyHkFA49moLRyyqgyXzfchroDTvBx9CS21sdi1huPwqXmmDrtqwZetBaG1sZ878l,0,0,Fotos,,,,,Total,1302,947,18,17,0,1,,,47,14,33,,,,,,
963774896368520,100082080567569,"Paulistão F","SEGUNDA RODADA NA ÁREA!
Vem ver quais são os confrontos desse sábado no Paulista F Sub-15!
#PaulistaFSub15",,0,"05/30/2026 05:00",N/A,https://www.facebook.com/paulistaof/posts/pfbid02p8nBZJG2kSrWAuL7KoAg4ctYkbZ6TjpUAu3kFcuE8X474iUX1eH6fvqZcfRvVK8Bl,0,0,Fotos,,,,,Total,7533,5652,52,49,0,3,,,107,42,65,,,,,,
963775039701839,100082080567569,"Paulistão F","PRIMEIRO DIA DE FESTIVAL COMEÇANDO! 🌟
Bora que hoje é dia de muito futebol de mulheres aqui em Matão! 
#FestivalFemininoSub14","PRIMEIRO DIA DE FESTIVAL COMEÇANDO! 🌟
Bora que hoje é dia de muito futebol de mulheres aqui em Matão! 
#FestivalFemininoSub14",32,"05/30/2026 05:00",N/A,https://www.facebook.com/reel/1679696703455514/,1,0,Vídeos,,,,,Total,6367,5850,70,69,0,1,,,18,18,,29198.643,4.911,0,0,0,
963810159698327,100082080567569,"Paulistão F","“Ai, porque eu aqueço fazendo exercício de mobilidade antes do jogo” 😴 E daí? A gente aquece fazendo dancinha! 💃
#FestivalFemininoSub14","“Ai, porque eu aqueço fazendo exercício de mobilidade antes do jogo” 😴 E daí? A gente aquece fazendo dancinha! 💃
#FestivalFemininoSub14",13,"05/30/2026 05:53",uploaded,https://www.facebook.com/reel/1960386425351543/,1,0,Vídeos,,,,,Total,6933,5979,61,61,0,0,,,21,21,,25281.019,4.148,0,0,0,
963815093031167,100082080567569,"Paulistão F","COM DIREITO A DERBY DECISIVO!
Palmeiras e Corinthians se enfrentam pela Copa do Brasil, enquanto o Taubaté joga pela vitória fora de casa no @brfeminino A2!
#ElasEmCampo",,0,"05/30/2026 06:00",N/A,https://www.facebook.com/paulistaof/posts/pfbid0MahYiVtQK1F6ZhqN8aHHxt7GG4NGN6tyJH1GsvLaiFzmY2Q1dTX5GBiaRbYBFzHtl,0,0,Fotos,,,,,Total,13300,9264,110,102,3,5,,,228,84,144,,,,,,
963830436362966,100082080567569,"Paulistão F","QUEM NÃO JOGA NO CAMPO… JOGA NA QUADRA!
Tem futmesa, pebolim, tênis de mesa e até bobinho 🤪
#FestivalFemininoSub14","QUEM NÃO JOGA NO CAMPO… JOGA NA QUADRA!
Tem futmesa, pebolim, tênis de mesa e até bobinho 🤪
#FestivalFemininoSub14",23,"05/30/2026 06:22",N/A,https://www.facebook.com/reel/983935314338048/,1,0,Vídeos,,,,,Total,5301,4846,19,19,0,0,,,1,1,,10164.129,2.036,0,0,0,
963877536358256,100082080567569,"Paulistão F","Desculpa, professora, daqui não dá pra te ouvir! 😙✌️
#FestivalFemininoSub14","Desculpa, professora, daqui não dá pra te ouvir! 😙✌️
#FestivalFemininoSub14",12,"05/30/2026 07:29",N/A,https://www.facebook.com/reel/2182049902631736/,1,0,Vídeos,,,,,Total,6071,5433,41,41,0,0,,,9,9,,18613.303,3.369,0,0,0,
963900883022588,100082080567569,"Paulistão F","@s.e_lemensefutebolfeminino dando aula de passinho 😮‍💨🕺
#FestivalFemininoSub14","@s.e_lemensefutebolfeminino dando aula de passinho 😮‍💨🕺
#FestivalFemininoSub14",12,"05/30/2026 08:02",N/A,https://www.facebook.com/reel/1724357785269968/,1,0,Vídeos,,,,,Total,7116,6260,64,62,1,1,,,27,27,,25210.913,4.04,0,0,0,
963944989684844,100082080567569,"Paulistão F","AS BRABAS AVANÇAM!
O Corinthians está garantido nas oitavas de final da Copa do Brasil Feminina!
#ElasEmCampo",,0,"05/30/2026 09:04",N/A,https://www.facebook.com/paulistaof/posts/pfbid034YM1xg6bs853Cqmbb9mv6i29S5NXiXJUM7amxxLYkFv72Zb8JdWJwzMJLuc583wSl,0,0,Fotos,,,,,Total,61030,44490,2057,1921,72,64,,,1332,855,477,,,,,,
963969689682374,100082080567569,"Paulistão F","Tá acompanhando os vídeos do Festival Feminino Sub-14 e ainda não aprendeu a fazer o passinho do Jamal? Tá dormindo! 👀
#FestivalFemininoSub14","Tá acompanhando os vídeos do Festival Feminino Sub-14 e ainda não aprendeu a fazer o passinho do Jamal? Tá dormindo! 👀
#FestivalFemininoSub14",11,"05/30/2026 09:39",uploaded,https://www.facebook.com/reel/1523249809148776/,1,0,Vídeos,,,,,Total,6965,5770,44,44,0,0,,,12,12,,27370.351,4.682,0,0,0,
963970853015591,100082080567569,"Paulistão F","VITÓRIA E CLASSIFICAÇÃO!
Corinthians leva a melhor no Derby e avança de fase da Copa do Brasil Feminina!
#ElasEmCampo
📷Divulgação/Corinthians",,0,"05/30/2026 09:41",N/A,https://www.facebook.com/paulistaof/posts/pfbid02J67Yi6KCv41K6un2PsEvoBTH4a3YBfncCyoToJDrK5Ba9McRYU4MiH4VWwfYmYWEl,0,0,Fotos,,,,,Total,195391,140755,7182,6519,403,260,1,,3559,2031,1528,,,,,,
964005583012118,100082080567569,"Paulistão F","ONDINHA 🌊 PALMA 👏 ONDINHA 🌊 PALMA 👏
Toma essa aula de coreografia da @acaff.abc! 
#FestivalFemininoSub14","ONDINHA 🌊 PALMA 👏 ONDINHA 🌊 PALMA 👏
Toma essa aula de coreografia da @acaff.abc! 
#FestivalFemininoSub14",27,"05/30/2026 10:32",N/A,https://www.facebook.com/reel/996508483348034/,1,0,Vídeos,,,,,Total,1352,1343,15,14,0,1,,,6,5,,5128.087,3.972,0,0,0,1
964057603006916,100082080567569,"Paulistão F","OLHA O FESTIVAL PAULISTA FEMININO SUB-14 AÍ!
#FestivalPaulistaFeminino
📷Celio Messias/Ag. Paulistão",,0,"05/30/2026 11:54",N/A,https://www.facebook.com/paulistaof/posts/pfbid02brjHfuPTn4p82gPfpzg2FC3c48pc8kxWGexCaLuDX6P7y4R7A9D54yLJEjyCyjbhl,0,0,Fotos,,,,,Total,1879,1424,25,23,0,2,,,22,5,17,,,,,,
964127716333238,100082080567569,"Paulistão F","Ponto final no sábado de Festival Paulista Feminino Sub-14!
#FestivalPaulistaFemininoSub14",,0,"05/30/2026 13:57",N/A,https://www.facebook.com/paulistaof/posts/pfbid02M5kuNLLs2D5Yy3BcP9NxW1bqSwRAQevRmJ9AWfVkfwNsy4ZBAosn7AJLQpEz14Aml,0,0,Fotos,,,,,Total,2544,1870,16,16,0,0,,,70,11,59,,,,,,
964129329666410,100082080567569,"Paulistão F","Hora de conferir os resultados da segunda rodada do Paulista F Sub-15!
#PaulistaFSub15",,0,"05/30/2026 14:00",N/A,https://www.facebook.com/paulistaof/posts/pfbid025qvMmNuuZsnijLxwjKVZgFbYyjNCS3ynTjrexhJPFUqt7Ciujuruh6KVDPJbrb2Zl,0,0,Fotos,,,,,Total,7776,5578,31,29,0,2,,,76,22,54,,,,,,
964131969666146,100082080567569,"Paulistão F","CONVOCAÇÃO DA SELEÇÃO BRASILEIRA (OU QUASE ISSO 🤣)
O time da @ajvvpaiao_ no Festival Feminino Sub-14 é nível Seleção Brasileira! 😮‍💨
#FestivalFemininoSub14 #SeleçãoBrasileira #Convocação #Neymar","CONVOCAÇÃO DA SELEÇÃO BRASILEIRA (OU QUASE ISSO 🤣)
O time da @ajvvpaiao_ no Festival Feminino Sub-14 é nível Seleção Brasileira! 😮‍💨
#FestivalFemininoSub14 #SeleçãoBrasileira #Convocação #Neymar",36,"05/30/2026 14:05",uploaded,https://www.facebook.com/reel/961518820209739/,1,0,Vídeos,,,,,Total,771,767,12,12,0,0,,,12,12,,4377.015,5.979,0,0,0,
964137086332301,100082080567569,"Paulistão F","Quem falar que as meninas da @ajvvpaiao_ não tem molejo, tá mentindo! 💃
#FestivalFemininoSub14","Quem falar que as meninas da @ajvvpaiao_ não tem molejo, tá mentindo! 💃
#FestivalFemininoSub14",11,"05/30/2026 14:15",uploaded,https://www.facebook.com/reel/990501633843161/,1,0,Vídeos,,,,,Total,1117,1013,18,17,1,0,,,7,7,,3684.682,3.794,0,0,0,
944614544951222,100082080567569,"Paulistão F","FRIA PARA MARCAR O PRIMEIRO!
A @thayslane_gomes nem pegou muita distância para marcar seu primeiro gol com a camisa das @grenasguerreiras 🔥
#PaulistãoF2026","FRIA PARA MARCAR O PRIMEIRO!
A @thayslane_gomes nem pegou muita distância para marcar seu primeiro gol com a camisa das @grenasguerreiras 🔥
#PaulistãoF2026",32,"05/06/2026 17:14",N/A,https://www.facebook.com/reel/1329031739087578/,1,0,Vídeos,,,,,Total,1934,1988,27,26,0,1,,,25,25,,12789.76,6.947,0,0,0,
944606198285390,100082080567569,"Paulistão F","NA VANTAGEM!
As @grenasguerreiras saíram na frente neste primeiro tempo. 
#PaulistãoF2026
📷 Douglas Moreti/Ag. Paulistão",,0,"05/06/2026 16:56",N/A,https://www.facebook.com/paulistaof/posts/pfbid0xMhdja5zNM8UazxjwfraTPEPgBTkTg3JRi77WuJ2WEfVEPjCRpUjdMzo7oEs6d5El,0,0,Fotos,,,,,Total,4370,3209,28,28,0,0,,,31,11,20,,,,,,
956814473731229,100082080567569,"Paulistão F","RABISCA, EVELYN! 🧜‍♀️🔥
#PaulistãoF","RABISCA, EVELYN! 🧜‍♀️🔥
#PaulistãoF",12,"05/21/2026 15:58",N/A,https://www.facebook.com/reel/4350862965182613/,1,0,Vídeos,,,,,Total,10306,7637,58,55,3,0,,,69,69,,54777.542,7.49,0,0,0,
956806093732067,100082080567569,"Paulistão F","FAÇA O “C” IMEDIATAMENTE! 🫵
Jogadaça de Evelyn Bonifácio e cabeçada firme de Carol Baiana pra abrir o placar pro Santos no #SuperClássico pelo #PaulistãoF","FAÇA O “C” IMEDIATAMENTE! 🫵
Jogadaça de Evelyn Bonifácio e cabeçada firme de Carol Baiana pra abrir o placar pro Santos no #SuperClássico pelo #PaulistãoF",18,"05/21/2026 15:38",N/A,https://www.facebook.com/reel/2188592688542962/,1,0,Vídeos,,,,,Total,30922,20569,179,173,5,1,,,162,162,,277667.741,13.517,0,0,0,
956805770398766,100082080567569,"Paulistão F","OLHA O EMPATE DAS BRABAS! 
Érika deixa tudo igual no Clássico Alvinegro! 
#PaulistãoF","OLHA O EMPATE DAS BRABAS! 
Érika deixa tudo igual no Clássico Alvinegro! 
#PaulistãoF",24,"05/21/2026 15:38",N/A,https://www.facebook.com/reel/1280594347522554/,1,0,Vídeos,,,,,Total,11476,10569,206,194,9,3,,,201,201,,93020.586,9.444,0,0,0,
956801110399232,100082080567569,"Paulistão F","O ÚLTIMO DA NOITE!
O São Paulo recebe o Red Bull Bragantino para mais um confronto da 3ª rodada do Paulistão F!
#PaulistãoF
📷Guilherme Veiga/Ag.Paulistão",,0,"05/21/2026 15:28",N/A,https://www.facebook.com/paulistaof/posts/pfbid02Pt9s2wGqMFqaU4gxtg8kps5CTRVFdHCwRRXWE2kCZazaZaixT7y6X7Pg4iAL439el,0,0,Fotos,,,,,Total,1093,782,11,11,0,0,,,15,6,9,,,,,,
956791823733494,100082080567569,"Paulistão F","TÁ CHEGANDO A HORA DE MAIS UM SUPERCLÁSSICO F! 🔥
Corinthians x Santos é daqui a pouquinho, às 19h15, ao vivo na CazéTV, Record News e HBO Max! #PaulistãoF
📷 Diego Soares/Ag.Paulistão",,0,"05/21/2026 15:08",N/A,https://www.facebook.com/paulistaof/posts/pfbid0MLq76m32QoptFJ4pQ8PJa7keC8mLBAKu1gvZyMkn8hDXkLJQb1mUmqPgLqiQrZ7dl,0,0,Fotos,,,,,Total,1108,792,28,28,0,0,,,24,6,18,,,,,,
956785607067449,100082080567569,"Paulistão F","PALMEIRAS NA FRENTE EM ARARAQUARA!
Ana Guimarães bateu colocado e colocou as Palestrinas na vantagem no Superclássico F!
#PaulistãoF","PALMEIRAS NA FRENTE EM ARARAQUARA!
Ana Guimarães bateu colocado e colocou as Palestrinas na vantagem no Superclássico F!
#PaulistãoF",43,"05/21/2026 14:53",N/A,https://www.facebook.com/reel/1563270941798968/,0,0,Vídeos,,,,,Total,12249,12600,600,580,14,6,,,394,394,,157295.625,13.55,0,0,0,
956785460400797,100082080567569,"Paulistão F","VANTAGEM ALVIVERDE!
As Palestrinas conseguem a vantagem no primeiro tempo em Araraquara.
#PaulistãoF
📷Douglas Moreti/Ag.Paulistão",,0,"05/21/2026 14:53",N/A,https://www.facebook.com/paulistaof/posts/pfbid0ciCjYwBXm71Sf9Kn63SpZ7NPsPYu6Snmh7KXPbUXiQMBTQ9d4bPm2527kZqVwumRl,0,0,Fotos,,,,,Total,10711,7549,230,222,3,5,,,140,54,86,,,,,,
956775453735131,100082080567569,"Paulistão F","É DIA DE CLÁSSICO ALVINEGRO NO PAULISTÃO! 
#PaulistãoF","É DIA DE CLÁSSICO ALVINEGRO NO PAULISTÃO! 
#PaulistãoF",17,"05/21/2026 14:31",N/A,https://www.facebook.com/reel/1463274418363235/,1,0,Vídeos,,,,,Total,5445,4869,44,44,0,0,,,14,14,,16047.663,3.236,0,0,0,
956751117070898,100082080567569,"Paulistão F","AQUECIMENTO ROLANDO! 🔥
Preparativos finais para o Superclássico F entre Ferroviária e Palmeiras!
#PaulistãoF
📷Douglas Moreti/Ag.Paulistão",,0,"05/21/2026 13:39",N/A,https://www.facebook.com/paulistaof/posts/pfbid0Nz4WuVAVwyXvZwaCjLN3nJPKmbKrN8CvZPT85yBpArtqazQNcV9n2ToesdXA5kqol,0,0,Fotos,,,,,Total,3172,2380,36,36,0,0,,,64,18,46,,,,,,
956731497072860,100082080567569,"Paulistão F","PARA FECHAR A QUINTA-FEIRA DE PAULISTÃO!
A noite promete com Tricolores e Bragantinas em campo para mais um jogão!
#PaulistãoF",,0,"05/21/2026 13:00",N/A,https://www.facebook.com/paulistaof/posts/pfbid02K3NfqsrGWWosyYMsnFbzQXcguqcQmfoh5jzfFYiFXTFU6UANQKjhKn2PNRt1zgwPl,0,0,Fotos,,,,,Total,6870,5258,58,54,4,0,,,65,32,33,,,,,,
956719587074051,100082080567569,"Paulistão F","BORA PARA MAIS UM SUPERCLÁSSICO F!
A bola vai rolar às 18h na Fonte Luminosa entre Ferroviária e Palmeiras. Assista AO VIVO no @sportv 👀
#PaulistãoF
📷Douglas Moreti/Ag.Paulistão",,0,"05/21/2026 12:38",N/A,https://www.facebook.com/paulistaof/posts/pfbid0GaCcTQHtrCMg7XZvSWjQhgPTDy12DXkJWP3QmMS8AsR871doDC8BhBTfapsF2du2l,0,0,Fotos,,,,,Total,1170,872,16,16,0,0,,,11,2,9,,,,,,
956715427074467,100082080567569,"Paulistão F","EM BUSCA DA PRIMEIRA VITÓRIA!
Nada melhor do que vencer o primeiro clássico no Paulistão. As Sereias querem os três pontos no Parque São Jorge!
#PaulistãoF",,0,"05/21/2026 12:30",N/A,https://www.facebook.com/paulistaof/posts/pfbid02Yg4BMC8ZuRs4xWCSzgZvaFbCzHsDqBFgJKNPPrEJ8zjFhUUzm7VYsUnKinQ25DwNl,0,0,Fotos,,,,,Total,1795,1320,15,12,2,1,,,28,15,13,,,,,,
956700063742670,100082080567569,"Paulistão F","AS BRABAS VÃO PRA CIMA!
O Corinthians joga em casa contra as Sereias e quer os três pontos para subir na tabela!
#PaulistãoF",,0,"05/21/2026 12:00",N/A,https://www.facebook.com/paulistaof/posts/pfbid0Qrj2o98FgCvSRC7RR9x6TnocoaadUphPcjwz6GoCTmxijxibvAw5bN6dNTUBU9fVl,0,0,Fotos,,,,,Total,3931,2723,43,42,1,0,,,76,19,57,,,,,,
956684967077513,100082080567569,"Paulistão F","DIA DE CLÁSSICO ALVINEGRO!
Corinthians ou Santos: quem vence o Superclássico F?
#PaulistãoF",,0,"05/21/2026 11:32",N/A,https://www.facebook.com/paulistaof/posts/pfbid02jLqgKWTc3kCjYu1iAf8pQnJKw4TniHC1Lckk2yQXe73rPTmFrwarxeQMcvXeeuNhl,0,0,Fotos,,,,,Total,12213,8611,135,131,4,0,,,195,86,109,,,,,,
956648253747851,100082080567569,"Paulistão F","PALESTRINAS EM AÇÃO!
O Palmeiras vai com tudo em busca da vitória no Superclássico F!
#PaulistãoF",,0,"05/21/2026 10:30",N/A,https://www.facebook.com/paulistaof/posts/pfbid0YjsunGojzUHtSJpVmAFtfqDLWjnUv4Soc4qEuUPcNvcp1Uj7rzVZDsYdFnYxYkoWl,0,0,Fotos,,,,,Total,36912,26806,792,748,34,10,,,532,257,275,,,,,,
956629880416355,100082080567569,"Paulistão F","AS GUERREIRAS QUEREM A VITÓRIA!
Jogando em casa, a Ferroviária quer a terceira vitória seguida no Paulistão F!
#PaulistãoF",,0,"05/21/2026 10:00",N/A,https://www.facebook.com/paulistaof/posts/pfbid02SNJxuDtExYMxEJmg8UBSxpJHi1zrdbDV3C6w4KjBLBmLgiXMXmgCBYFJk44LCKRKl,0,0,Fotos,,,,,Total,8851,6671,52,48,1,3,,,75,34,41,,,,,,
956590727086937,100082080567569,"Paulistão F","É DIA DE SUPERCLÁSSICOF!
Ferroviária e Palmeiras abrem a 3ª rodada do Paulistão com um clássico!
#PaulistãoF",,0,"05/21/2026 09:00",N/A,https://www.facebook.com/paulistaof/posts/pfbid02V49sbfXjad6Pdckw5G1P9bRuAyNF6RziG7i8GJnhvFxbykveG3KSCnkiMHKiBmbTl,0,0,Fotos,,,,,Total,41633,29600,471,439,20,12,,,616,271,345,,,,,,
956554383757238,100082080567569,"Paulistão F","TATY AMARO É A CRAQUE DA RODADA!
A goleira das Sereias fechou o gol e foi eleita pela galera a craque da 2ª rodada do Paulistão F!
#PaulistãoF2026",,0,"05/21/2026 08:08",N/A,https://www.facebook.com/paulistaof/posts/pfbid02DuELnbRY4aQU6CiuRM3GsYSxxmkwwkwy8KLgvRJeU8i2gX8N4Y1B5X9ar5L9p14al,0,0,Fotos,,,,,Total,2989,2152,18,17,0,1,,,23,9,14,,,,,,
956464660432877,100082080567569,"Paulistão F","DOSE TRIPLA! 🌟
São três confrontos com direto à clássico nessa quinta-feira no Paulistão!
#PaulistãoF",,0,"05/21/2026 06:00",N/A,https://www.facebook.com/paulistaof/posts/pfbid0mLbyZZNsYs1Acf7TPZ91pYu11d2KfnvfUzMvXX5u8PpRosm7GrNvKeCtq8C7w37Ll,0,0,Fotos,,,,,Total,83654,55706,858,777,47,34,,,2100,591,1509,,,,,,
956009937145016,100082080567569,"Paulistão F","GOLAAAAAAÇOOOOOOO DA JÚLIA!
A camisa 10 do São Paulo fez essa pintura na semifinal do Brasileirão Feminino Sub-20 e garantiu as Tricolores na decisão da competição!
#ElasEmCampo #SãoPaulo
🎥SporTV","GOLAAAAAAÇOOOOOOO DA JÚLIA!
A camisa 10 do São Paulo fez essa pintura na semifinal do Brasileirão Feminino Sub-20 e garantiu as Tricolores na decisão da competição!
#ElasEmCampo #SãoPaulo
🎥SporTV",26,"05/20/2026 15:47",auto,https://www.facebook.com/reel/1642175187052401/,0,0,Vídeos,,,,,Total,146016,108582,2230,2153,27,50,,,507,507,,1820467.049,16.753,0,0,0,
955961633816513,100082080567569,"Paulistão F","A TERCEIRA RODADA VEM AÍ! 👀
Vem conferir as datas e horários dos confrontos da 3ª rodada do Paulistão!
#PaulistãoF",,0,"05/20/2026 14:00",N/A,https://www.facebook.com/paulistaof/posts/pfbid02jhG9UAxMp7kKpm5Z6jQDZYv3zVVGWHVRVYW8sf6XmRXhHGReafe7y2xTBfNC6bfDl,0,0,Fotos,,,,,Total,25902,17553,206,186,1,19,,,558,149,409,,,,,,
955937387152271,100082080567569,"Paulistão F","O Taubaté sofreu a derrota jogando fora de casa no Brasileirão A2.
#ElasEmCampo
📷Divulgação/Atlético Piauiense",,0,"05/20/2026 13:10",N/A,https://www.facebook.com/paulistaof/posts/pfbid0PAKuTJUDNmwEeRHTc1TnGYEKhJxPTL2xZF6sW6pGQ59gsreriZmqqZPjXpQrn3GHl,0,0,Fotos,,,,,Total,7693,5826,34,33,0,1,,,52,19,33,,,,,,
955851833827493,100082080567569,"Paulistão F","BRABAS E PALESTRINAS NA SELEÇÃO!
Arthur Elias convocou seis jogadoras do Futebol Paulista para os amistosos de junho!
#ElasEmCampo #SeleçãoBrasileira",,0,"05/20/2026 10:33",N/A,https://www.facebook.com/paulistaof/posts/pfbid04uyL8UyQPFyTy8PvmA11Ldkx5yEzaA5vTe2bL3429UhZF3e24C3MpYW19jQaARUVl,0,0,Fotos,,,,,Total,31407,21715,415,358,51,6,,,585,328,257,,,,,,
955671710512172,100082080567569,"Paulistão F","RUMO AOS TRÊS PONTOS! 🔥
O Taubaté quer a vitória para subir ainda mais na tabela do Brasileirão A2!
#ElasEmCampo",,0,"05/20/2026 06:00",N/A,https://www.facebook.com/paulistaof/posts/pfbid02qNrkD4PHUNmQiNNfQaudyKHakGtETy9JnfiuDooGZnQU92nLL7hqmkd1cxdKgxF7l,0,0,Fotos,,,,,Total,3049,2276,28,28,0,0,,,17,9,8,,,,,,
954468353965841,100082080567569,"Paulistão F","Segunda-feira pra lá de agitada no futebol feminino! Se liga nos resultados. 
#ElasEmCampo",,0,"05/18/2026 19:53",N/A,https://www.facebook.com/paulistaof/posts/pfbid02rw4kyEA2U1yr2m7QCKY65uHuCzhjmr6fFrnJNG2eJCm9VPAj9xkPHmzNDqaySxUPl,0,0,Fotos,,,,,Total,82727,56614,410,393,5,12,,,1032,473,559,,,,,,
954443883968288,100082080567569,"Paulistão F","AVANTI, PALESTRINAS!
Palmeiras chega à segunda seguida e cola no topo do Brasileirão Feminino!
#ElasEmCampo
📷Rebeca Reis/Staff Images/CBF",,0,"05/18/2026 19:11",N/A,https://www.facebook.com/paulistaof/posts/pfbid02avfsBao2EgKNjHpdPJpwX3sEzGfgicHsy9xFGAXkMoEo5QWtyCHQzwdjzERfwEeGl,0,0,Fotos,,,,,Total,112465,81362,3951,3746,99,106,,,1252,657,595,,,,,,
954442373968439,100082080567569,"Paulistão F","As Brabas do Timão foram superadas fora de casa pelo Brasileirão Feminino.
#ElasEmCampo
📷Gustavo Martins/ Cruzeiro",,0,"05/18/2026 19:08",N/A,https://www.facebook.com/paulistaof/posts/pfbid02HSywzRLw7GM53FabgLquqJAHGYzQWQKa1ycrMK8oj42Z5BGbwXxXtqnwqUBFmiDtl,0,0,Fotos,,,,,Total,31034,22219,379,332,36,11,,,399,255,144,,,,,,
954412770638066,100082080567569,"Paulistão F","TRI-CO-LOOOOOOR!
Com esse golaço de Serrana, o São Paulo garantiu a vitória pra cima do Juventude!
#ElasEmCampo
🎥Divulgação/São Paulo","TRI-CO-LOOOOOOR!
Com esse golaço de Serrana, o São Paulo garantiu a vitória pra cima do Juventude!
#ElasEmCampo
🎥Divulgação/São Paulo",12,"05/18/2026 18:13",uploaded,https://www.facebook.com/reel/1965527524325569/,0,0,Vídeos,,,,,Total,30201,22511,803,786,8,9,,,309,309,,167389.358,7.517,0,0,0,
954388960640447,100082080567569,"Paulistão F","DOIS GOLS = TRÊS PONTOS!
A Ferroviária vence mais uma no Brasileirão Feminino!
#ElasEmCampo
📷Jonatan Dutra/Ferroviária",,0,"05/18/2026 17:28",N/A,https://www.facebook.com/paulistaof/posts/pfbid02w3UK4tP8wP2wMRRrQyzKWpBQYY9nFkBpRX8BF1F26JsybiH41yLv1WrDGLFg99L1l,0,0,Fotos,,,,,Total,5872,4227,73,71,0,2,,,50,21,29,,,,,,
954352933977383,100082080567569,"Paulistão F","VANTAGEM PAULISTA!
Realidade Jovem vence fora de casa e dá passo importante na busca pela classificação para as quartas de final do Brasileirão Feminino A3!
#ElasEmCampo
📷Caroline Almeida/Realidade Jovem",,0,"05/18/2026 16:13",N/A,https://www.facebook.com/paulistaof/posts/pfbid0NyJBE4t5T5ekfqvumDQDne2FTGj8e2TEnQBKE2tH1excTnumomYuxCoUbd2EpDufl,0,0,Fotos,,,,,Total,12774,9592,64,59,3,2,,,115,45,70,,,,,,
954129673999709,100082080567569,"Paulistão F","SEGUNDOU! ✅
Bora que hoje tem @brfeminino A1 e A3!
#ElasEmCampo",,0,"05/18/2026 09:35",N/A,https://www.facebook.com/paulistaof/posts/pfbid0g61vvKRSL4ngED5W6H8HBm39nXzN2Pk1iKe5Vi9Df1UN5WnfM9Khg9n9fVfqSbVWl,0,0,Fotos,,,,,Total,34422,23354,314,295,2,17,,,633,207,426,,,,,,
953529957393014,100082080567569,"Paulistão F","Esses foram os jogos que agitaram o domingo com #ElasEmCampo.
#PaulistasEmCampo",,0,"05/17/2026 16:24",N/A,https://www.facebook.com/paulistaof/posts/pfbid0mxKFjqBB8QbCfm5yyxtuVXSa8Vb8pZzUVrf1C8sHnLnm4qHUCB8hehJmykdMe7DEl,0,0,Fotos,,,,,Total,6254,4315,20,20,0,0,,,43,22,21,,,,,,
953523677393642,100082080567569,"Paulistão F","VITÓRIA DAS BRAGANTINAS!
Matina marca de pênalti na reta final e garante a vitória do Red Bull Bragantino pra cima do Santos.
#ElasEmCampo
🎥Divulgação/Red Bull Bragantino","VITÓRIA DAS BRAGANTINAS!
Matina marca de pênalti na reta final e garante a vitória do Red Bull Bragantino pra cima do Santos.
#ElasEmCampo
🎥Divulgação/Red Bull Bragantino",15,"05/17/2026 16:09",N/A,https://www.facebook.com/reel/952249984472244/,0,0,Vídeos,,,,,Total,22030,18278,201,195,2,4,,,112,112,,143314.686,8.023,0,0,0,
953473457398664,100082080567569,"Paulistão F","IGUALDADE NO MARCADOR!
Taubaté e Ação-MT ficaram no empate.
#ElasEmCampo
📷Anderson Romão/Ag. Paulistão",,0,"05/17/2026 14:18",N/A,https://www.facebook.com/paulistaof/posts/pfbid022A62EZ9BpZBJ9LheK9smbyDSWPmRpZtyimuFeCKBjPHxLKSwRHxQmx9J3qeZJNHQl,0,0,Fotos,,,,,Total,6782,5144,35,34,0,1,,,39,17,22,,,,,,
953473114065365,100082080567569,"Paulistão F","Mais uma rodada concluída no Paulista F Sub-17!
#PaulistaFSub17",,0,"05/17/2026 14:17",N/A,https://www.facebook.com/paulistaof/posts/pfbid0S1zsAkQKiKKCzyJyJgbfoYwYtyCCni499WvaCZrBEQF6ZWbSeANqe2FoXXcCDpqzl,0,0,Fotos,,,,,Total,11930,8102,79,75,1,3,,,128,49,79,,,,,,
953248157421194,100082080567569,"Paulistão F","DIA DE JOGO!
Com direito a duelo estadual pela elite do Brasileirão Feminino, Santos, Red Bull Bragantino e Taubaté são os representantes do futebol paulista que vão à campo neste domingo!
#ElasEmCampo",,0,"05/17/2026 08:00",N/A,https://www.facebook.com/paulistaof/posts/pfbid02JuQGu5kijo3V5ucu5TTYRhbcjmpzjqZkqqHoHwHvGKgjwXqdcjirx56My8J3hK2zl,0,0,Fotos,,,,,Total,9736,7102,51,47,2,2,,,92,43,49,,,,,,
952672500812093,100082080567569,"Paulistão F","Não teve placar em branco na primeira rodada do Paulista F Sub-15!
#PaulistaFSub15",,0,"05/16/2026 14:40",N/A,https://www.facebook.com/paulistaof/posts/pfbid029f55wnFXWv8yquhzZisEREoPtZjp1otiwCeQj8QpTn85QgFtZUHNev3ThiquYBJpl,0,0,Fotos,,,,,Total,23714,16571,89,82,3,4,,,270,100,170,,,,,,
952312740848069,100082080567569,"Paulistão F","BORA PARA MAIS UMA! 🏃‍♀️💨
Esses são os confrontos da 3ª rodada do Paulista F Sub-17!
#PaulistaFSub17",,0,"05/16/2026 05:00",N/A,https://www.facebook.com/paulistaof/posts/pfbid025j3JecN75YU6DLGuAFjM1DAmbiSpsq3jqr36HhrnwjTrcwysKZHQQqPt7NoZhNsPl,0,0,Fotos,,,,,Total,11668,8536,73,67,4,2,,,139,50,89,,,,,,
952274604185216,100082080567569,"Paulistão F","VAI COMEÇAR O PAULISTA F SUB-15!
Rodada cheia nesse sábado para inaugurar o #PaulistaFSub15!",,0,"05/16/2026 04:00",N/A,https://www.facebook.com/paulistaof/posts/pfbid04pww5vcfqhYaZy725cx7nJEZjPy64jiA5bufwpSUEFGKrwsqGvs3fTGeRpEYmMHul,0,0,Fotos,,,,,Total,15283,11431,88,82,2,4,,,180,54,126,,,,,,
951126967633313,100082080567569,"Paulistão F","Vem assistir aos melhores momentos do empate entre Santos e Palmeiras na Vila Belmiro!
#PaulistãoF #Centauro","Vem assistir aos melhores momentos do empate entre Santos e Palmeiras na Vila Belmiro!
#PaulistãoF #Centauro",132,"05/14/2026 18:16",auto,https://www.facebook.com/reel/26975342318763986/,1,0,Vídeos,,,,,Total,44048,40733,424,413,11,0,,,273,273,,1188228.396,29.61,0,0,0,
951122840967059,100082080567569,"Paulistão F","FERROVIÁRIA NA LIDERANÇA!
Vem ver como está a tabela de classificação do Paulistão depois dos jogos dessa quinta-feira!
#PaulistãoF",,0,"05/14/2026 18:08",N/A,https://www.facebook.com/paulistaof/posts/pfbid03pCAa8D2DTytQz1UtBxx2W66PBFq5z1u9t9CsB6pTjFAZPEwUGRVqDp6tGuxaoZNl,0,0,Fotos,,,,,Total,52234,32349,356,343,3,10,,,1036,553,483,,,,,,
951116980967645,100082080567569,"Paulistão F","FIM DE PAPO!
Duas goleadas e um empate sem gols marcaram a quinta-feira de #PaulistãoF!",,0,"05/14/2026 17:56",N/A,https://www.facebook.com/paulistaof/posts/pfbid0URtxYNDcxBi6pjDXTpvVtNzPQQ98GvpAwjSkbxcLViApoa2yJFZpK4kU3244HoNMl,0,0,Fotos,,,,,Total,16805,11342,124,113,9,2,,,222,114,108,,,,,,
951114700967873,100082080567569,"Paulistão F","FECHOU O GOL!
Taty Amaro não deixou passar nada no gol das Sereias e foi eleita a Craque do Jogo!
#PaulistãoF #CraqueDoJogo 
📷Fernanda Luz/Ag.Paulistão",,0,"05/14/2026 17:51",N/A,https://www.facebook.com/paulistaof/posts/pfbid02NcDcsjKQqjMAs45xTUMeGRRd1BGFirkqJ1RHgfNdDYXVKtyLPbNU687VrdapF61Yl,0,0,Fotos,,,,,Total,2483,1825,15,13,2,0,,,25,15,10,,,,,,
951112377634772,100082080567569,"Paulistão F","ACESSO NEGADO! 🚫⚽
@tatyane.amaro foi a grande responsável por garantir o zero do placar no Clássico da Saudade! Que atuação da goleira das @sereiasdavilaoficial 👏👏👏

#PaulistãoF2026 #Santos","ACESSO NEGADO! 🚫⚽
@tatyane.amaro foi a grande responsável por garantir o zero do placar no Clássico da Saudade! Que atuação da goleira das @sereiasdavilaoficial 👏👏👏

#PaulistãoF2026 #Santos",18,"05/14/2026 17:46",N/A,https://www.facebook.com/reel/26601151076220691/,1,0,Vídeos,,,,,Total,8778,7489,90,89,1,0,,,72,72,,58170.81,8.042,0,0,0,
951107850968558,100082080567569,"Paulistão F","NÃO PASSA ABSOLUTAMENTE NADA! 🔥
A defesa das Sereias da Vila foi sólida e não tomou nenhum gol contra o Palmeiras!
#PaulistãoF #Santos #ClássicoDaSaudade","NÃO PASSA ABSOLUTAMENTE NADA! 🔥
A defesa das Sereias da Vila foi sólida e não tomou nenhum gol contra o Palmeiras!
#PaulistãoF #Santos #ClássicoDaSaudade",33,"05/14/2026 17:37",N/A,https://www.facebook.com/reel/938177985880352/,0,0,Vídeos,,,,,Total,49962,41861,532,523,9,0,,,566,566,,658974.847,15.855,0,0,0,
951103994302277,100082080567569,"Paulistão F","TUDO IGUAL NA VILA BELMIRO!
Santos e Palmeiras terminam o Superclássico em um empate sem gols na segunda rodada do #PaulistãoF.
📷Fernanda Luz/Ag. Paulistão",,0,"05/14/2026 17:28",N/A,https://www.facebook.com/paulistaof/posts/pfbid02TeFEVfUmJYdGwiJguhe3YuwGCMNypkGu2AHopePXUZGE2Hc8AH2bq7XCd9fpxCrzl,0,0,Fotos,,,,,Total,6166,4425,78,67,9,2,,,117,49,68,,,,,,
951099514302725,100082080567569,"Paulistão F","CRUZAMENTO, QUE NADA!
Essa bola da Evellyn tinha endereço certo... foi quase!
#PaulistãoF #Santos #ClássicoDaSaudade","CRUZAMENTO, QUE NADA!
Essa bola da Evellyn tinha endereço certo... foi quase!
#PaulistãoF #Santos #ClássicoDaSaudade",31,"05/14/2026 17:18",N/A,https://www.facebook.com/reel/820370534125275/,0,0,Vídeos,,,,,Total,30544,29171,182,177,5,0,,,466,466,,409593.457,14.68,0,0,0,
951097010969642,100082080567569,"Paulistão F","QUASE GOL DAS PALESTRINAS! 😮‍💨
Quem disser que não viu essa bola balançando as redes... mentiu!
#PaulistãoF #Palmeiras #ClássicoDaSaudade","QUASE GOL DAS PALESTRINAS! 😮‍💨
Quem disser que não viu essa bola balançando as redes... mentiu!
#PaulistãoF #Palmeiras #ClássicoDaSaudade",19,"05/14/2026 17:12",N/A,https://www.facebook.com/reel/1472134907991770/,0,0,Vídeos,,,,,Total,7636,6492,113,111,2,0,,,66,66,,62797.349,10.031,0,0,0,
951071824305494,100082080567569,"Paulistão F","NADA DE GOLS!
O primeiro tempo do Superclássico entre Santos e Palmeiras terminou no zero a zero.
#PaulistãoF
📷Fernanda Luz/Ag.Paulistão",,0,"05/14/2026 16:20",N/A,https://www.facebook.com/paulistaof/posts/pfbid0TJhUScHGZE1eHpMM5Cc5Cu8PnNj4sFf3kLmwu2Mzfj7U4FHLZvkAgjMVxy1q3WzPl,0,0,Fotos,,,,,Total,6738,4754,38,38,0,0,,,81,31,50,,,,,,
951058954306781,100082080567569,"Paulistão F","VALE A PENA VER DE NOVO!
O hat-trick de Ariel Godoi pra cima do Red Bull Bragantino!
#PaulistãoF2026","VALE A PENA VER DE NOVO!
O hat-trick de Ariel Godoi pra cima do Red Bull Bragantino!
#PaulistãoF2026",57,"05/14/2026 15:53",N/A,https://www.facebook.com/reel/1776964616602311/,0,0,Vídeos,,,,,Total,20075,19343,1093,1066,17,10,,,265,265,,275634.412,15.22,0,0,0,
951055637640446,100082080567569,"Paulistão F","AVISA QUE É ELA!
Hat-trick na vitória do Corinthians e troféu de #CraqueDoJogo pra conta! Que noite da Ariel Godoi!
#PaulistãoF2026 
📷Igor do Vale/Ag. Paulistão",,0,"05/14/2026 15:46",N/A,https://www.facebook.com/paulistaof/posts/pfbid0ihvnQEFwh3aEmaLzpHWtUweRxFTUCmFVFxVefZUpiitU1kivtnWkWkfhSQhRL9Qhl,0,0,Fotos,,,,,Total,2524,1813,86,82,3,1,,,25,14,11,,,,,,
951053787640631,100082080567569,"Paulistão F","COMO ESSA BOLA NÃO ENTROU??? 🤯🤯

Quase o primeiro das @sereiasdavilaoficial no clássico!

#PaulistãoF2026 #Santos #Palmeiras","COMO ESSA BOLA NÃO ENTROU??? 🤯🤯

Quase o primeiro das @sereiasdavilaoficial no clássico!

#PaulistãoF2026 #Santos #Palmeiras",12,"05/14/2026 15:42",N/A,https://www.facebook.com/reel/1300406525622489/,1,0,Vídeos,,,,,Total,11286,9705,39,38,1,0,,,103,103,,61708.747,6.646,0,0,0,
951049564307720,100082080567569,"Paulistão F","TRÊS VIRA, SEIS ACABA!
Em noite inspirada de Ariel, Corinthians goleia o Red Bull Bragantino fora de casa!
#PaulistãoF2026 
📷Igor do Vale/Ag. Paulistão",,0,"05/14/2026 15:33",N/A,https://www.facebook.com/paulistaof/posts/pfbid0HK7vTpGDrh4g3A1q4wWYtkDqUSwrAX6tmPHCpnKUBviNb7ZxVqQSCVYyULmBa8bxl,0,0,Fotos,,,,,Total,82209,58635,1918,1799,63,56,,,1875,451,1424,,,,,,
951044770974866,100082080567569,"Paulistão F","QUASE TUDO PRONTO!
Vem com a gente AO VIVO que a bola vai rolar daqui a pouco entre Santos e Palmeiras no #PaulistãoF!
📷Fernanda Luz/Ag. Paulistão",,0,"05/14/2026 15:24",N/A,https://www.facebook.com/paulistaof/posts/pfbid02GBA3DR9HXnZPPsWfz6kHw21Hb2FAbwzS53TPKBnW7zcKixwTHSkXgJ39jgJiTeFxl,0,0,Fotos,,,,,Total,2300,1711,17,17,0,0,,,32,8,24,,,,,,
951035497642460,100082080567569,"Paulistão F","ARIEL! ARIEL! ARIEL!
Hat-trick da camisa 11 do Corinthians!
#PaulistãoF2026","ARIEL! ARIEL! ARIEL!
Hat-trick da camisa 11 do Corinthians!
#PaulistãoF2026",61,"05/14/2026 15:06",N/A,https://www.facebook.com/reel/4041109302847659/,0,0,Vídeos,,,,,Total,13153,13312,697,685,5,7,,,178,178,,173925.983,13.895,0,0,0,
951032160976127,100082080567569,"Paulistão F","Vem ver os melhores momentos da vitória da Ferroviária por 4 a 0 para cima do Mirassol!
#PaulistãoF #Centauro","Vem ver os melhores momentos da vitória da Ferroviária por 4 a 0 para cima do Mirassol!
#PaulistãoF #Centauro",153,"05/14/2026 14:59",auto,https://www.facebook.com/reel/1280957770772659/,1,0,Vídeos,,,,,Total,1138,1152,18,17,0,1,,,21,21,,12805.767,11.726,0,0,0,
951031510976192,100082080567569,"Paulistão F","CINCO!
O Corinthians não para! Ariel anota mais um!
#PaulistãoF2026","CINCO!
O Corinthians não para! Ariel anota mais um!
#PaulistãoF2026",55,"05/14/2026 14:57",N/A,https://www.facebook.com/reel/967438009341241/,0,0,Vídeos,,,,,Total,6926,7223,258,248,7,3,,,121,121,,64105.5,9.712,0,0,0,
951028230976520,100082080567569,"Paulistão F","VOCÊ PISCOU E TEM MAIS GOL!
@ijhonson_005 vai pra rede mais uma vez e anota o quarto das @asbrabas pra cima do Red Bull Bragantino!
#PaulistãoF2026","VOCÊ PISCOU E TEM MAIS GOL!
@ijhonson_005 vai pra rede mais uma vez e anota o quarto das @asbrabas pra cima do Red Bull Bragantino!
#PaulistãoF2026",48,"05/14/2026 14:49",N/A,https://www.facebook.com/reel/1007780728346564/,1,0,Vídeos,,,,,Total,4486,4259,99,98,1,0,,,49,49,,48806.619,12.071,0,0,0,
951027960976547,100082080567569,"Paulistão F","BORA QUE HOJE É DIA DE SUPERCLÁSSICO!
Daqui a pouco a bola vai rolar entre Santos e Palmeiras no #PaulistãoF!
📷Fernanda Luz/Ag. Paulistão",,0,"05/14/2026 14:49",N/A,https://www.facebook.com/paulistaof/posts/pfbid02MuGJKjHvhfu6q19kjCDQFYkELbDvAaebHx2ghs3uf8BtNPNHBT5WAzdVDoHpbcNvl,0,0,Fotos,,,,,Total,1183,878,13,13,0,0,,,17,7,10,,,,,,
951023357643674,100082080567569,"Paulistão F","DE CABEÇA!
O Corinthians chega ao terceiro gol! @anavitoriav10 é o nome da emoção!
#PaulistãF2026","DE CABEÇA!
O Corinthians chega ao terceiro gol! @anavitoriav10 é o nome da emoção!
#PaulistãF2026",54,"05/14/2026 14:39",N/A,https://www.facebook.com/reel/1252533503625498/,1,0,Vídeos,,,,,Total,6965,7369,339,327,3,9,,,124,123,,64552.605,9.704,0,0,0,1
951015960977747,100082080567569,"Paulistão F","CORINTHIANS UM, DOIS, TRÊS!
Mesmo jogando fora de casa, as Brabas conquistam uma grande vantagem no primeiro tempo contra o Red Bull Bragantino.
#PaulistãoF2026 
📷Igor do Vale/Ag. Paulistão",,0,"05/14/2026 14:23",N/A,https://www.facebook.com/paulistaof/posts/pfbid0XmrVqYGTaNTiWozxKRtVZM6V4PyLuB4j8sFD6JQnVQF2J2oHBpFWhvBpg8ciLAyel,0,0,Fotos,,,,,Total,17078,11954,331,309,11,11,,,433,121,312,,,,,,
951009984311678,100082080567569,"Paulistão F","MONIQUE FOI A CRAQUE DO JOGO!
A zagueira da Ferroviária abriu o marcador da goleada das Guerreiras Grenás e foi eleita o destaque da partida!
#PaulistãoF #CraqueDoJogo 
📷José Luís Silva/Ag. Paulistão",,0,"05/14/2026 14:10",N/A,https://www.facebook.com/paulistaof/posts/pfbid02Lr79xEe8pFZ5gUxpYXsce9h9BU3gZ6aYFj8agS38FaZdwyWfdTJVZzKxsegHupZWl,0,0,Fotos,,,,,Total,939,704,15,15,0,0,,,4,3,1,,,,,,
951009827645027,100082080567569,"Paulistão F","É O SEGUNDO DO TIMÃO!
Agora foi a vez de @arielgodoy94 deixar o dela!
#PaulistãoF2026","É O SEGUNDO DO TIMÃO!
Agora foi a vez de @arielgodoy94 deixar o dela!
#PaulistãoF2026",62,"05/14/2026 14:10",N/A,https://www.facebook.com/reel/2016987852528563/,1,0,Vídeos,,,,,Total,24897,26316,1639,1578,33,28,,,703,702,,316183.754,13.305,0,0,0,1
951006770978666,100082080567569,"Paulistão F","VENDITO FAZ O QUARTO DAS GUERREIRAS GRENÁS!
A atacante entrou no segundo tempo e deixou o dela no jogo!
#PaulistãoF","VENDITO FAZ O QUARTO DAS GUERREIRAS GRENÁS!
A atacante entrou no segundo tempo e deixou o dela no jogo!
#PaulistãoF",31,"05/14/2026 14:04",N/A,https://www.facebook.com/reel/968066742511132/,0,0,Vídeos,,,,,Total,1898,1813,25,25,0,0,,,15,15,,13706.763,7.863,0,0,0,
951005754312101,100082080567569,"Paulistão F","TIMÃO NA FRENTE!
@ijhonson_005 completa o cruzamento pro fundo da rede e faz o primeiro das @asbrabas contra o Red Bull Bragantino.
#PaulistãoF2025","TIMÃO NA FRENTE!
@ijhonson_005 completa o cruzamento pro fundo da rede e faz o primeiro das @asbrabas contra o Red Bull Bragantino.
#PaulistãoF2025",57,"05/14/2026 14:02",N/A,https://www.facebook.com/reel/983428204337893/,1,0,Vídeos,,,,,Total,1852,1922,56,54,2,0,,,42,42,,15770.951,8.945,0,0,0,
951003884312288,100082080567569,"Paulistão F","MAIS UMA VITÓRIA DAS GUERREIRAS GRENÁS!
Jogando em Bálsamo, a Ferroviária goleia o Mirassol e conquista seu segundo triunfo no #PaulistãoF!
📷José Luís Silva/Ag. Paulistão",,0,"05/14/2026 13:58",N/A,https://www.facebook.com/paulistaof/posts/pfbid0LCKayLQH2tjUCbKmgb93uRaUMLYhDqyg5L1kmuLqSZnfrXSpp4EwpQqvBJDaqjsrl,0,0,Fotos,,,,,Total,4946,3589,57,52,1,4,,,63,17,46,,,,,,
951000750979268,100082080567569,"Paulistão F","QUE JOGADA DA JULIA BEATRIZ!
É o terceiro gol das Guerreiras Grenás na partida!
#PaulistãoF","QUE JOGADA DA JULIA BEATRIZ!
É o terceiro gol das Guerreiras Grenás na partida!
#PaulistãoF",35,"05/14/2026 13:51",uploaded,https://www.facebook.com/reel/992651416666370/,0,0,Vídeos,,,,,Total,4502,4541,39,36,3,0,,,68,68,,38815.087,9.077,0,0,0,
950990400980303,100082080567569,"Paulistão F","CHUTOU COLOCADO E FEZ O DELA!
A Dos Santos ampliou a vantagem da Ferroviária com esse golaço!
#PaulistãoF","CHUTOU COLOCADO E FEZ O DELA!
A Dos Santos ampliou a vantagem da Ferroviária com esse golaço!
#PaulistãoF",38,"05/14/2026 13:30",N/A,https://www.facebook.com/reel/1689435855419828/,0,0,Vídeos,,,,,Total,4384,4494,44,43,0,1,,,62,62,,37602.198,8.987,0,0,0,
950990047647005,100082080567569,"Paulistão F","AVANTI, PALESTRINAS!
O Palmeiras disputa o primeiro #SuperclássicoF e quer a vitória para seguir na liderança!
#PaulistãoF2026",,0,"05/14/2026 13:30",N/A,https://www.facebook.com/paulistaof/posts/pfbid023LtZQEdCh6DoFcGbF21kVupTx14mcyZtDEAkB15CCHb7RpqkFfpgsJAw4GW22Dx7l,0,0,Fotos,,,,,Total,1071,806,13,13,0,0,,,14,7,7,,,,,,
950987440980599,100082080567569,"Paulistão F","JOGÃO!
Chega a vez de Red Bull Bragantino e Corinthians irem a campo pela segunda rodada do Paulistão F 2026!
#PaulistãoF2026
📷Igor do Vale/Ag. Paulistão",,0,"05/14/2026 13:24",N/A,https://www.facebook.com/paulistaof/posts/pfbid02SMDeWRybWfrNASBs6yqGtFzxTbV3cQfwfhU3PaxZvKBfeKkoithWUVcHh9ZYzgx2l,0,0,Fotos,,,,,Total,2137,1599,23,21,2,0,,,26,7,19,,,,,,
950975544315122,100082080567569,"Paulistão F","VAI PRA CIMA, SANTOS!
As Sereias da Vila contam com a força da Vila Mais Famosa do Mundo na busca pelos primeiros três pontos no #PaulistãoF2026!
#SuperclássicoF",,0,"05/14/2026 13:00",N/A,https://www.facebook.com/paulistaof/posts/pfbid02LqT9f27VFE2TsnC41AdGXhp312JKkvffySTrUnnPuFAHe2dGE6jryRfhXQ7MZXPul,0,0,Fotos,,,,,Total,1023,764,13,12,1,0,,,17,11,6,,,,,,
950971314315545,100082080567569,"Paulistão F","FERROVIÁRIA SAI NA VANTAGEM!
Fim do primeiro tempo em Bálsamo e as Guerreiras Grenás vão vencendo o confronto contra o Mirassol!
#PaulistãoF 
📷José Luís Silva/Ag. Paulistão",,0,"05/14/2026 12:51",N/A,https://www.facebook.com/paulistaof/posts/pfbid0M1id7HxTwrjLPMua4cNxF5dDpTpQRgbJzJtddBcipKxvb6ws1uv3dFKwR6RniGj7l,0,0,Fotos,,,,,Total,3711,2627,24,23,0,1,,,37,16,21,,,,,,
950962470983096,100082080567569,"Paulistão F","MONIQUE MARCA PARA A FERROVIÁRIA!
A zagueira grená não desperdiçou o cruzamento na área e as Guerreiras saem na frente contra o Mirassol!
#PaulistãoF","MONIQUE MARCA PARA A FERROVIÁRIA!
A zagueira grená não desperdiçou o cruzamento na área e as Guerreiras saem na frente contra o Mirassol!
#PaulistãoF",31,"05/14/2026 12:34",N/A,https://www.facebook.com/reel/1302526715171441/,0,0,Vídeos,,,,,Total,4890,4694,57,54,3,0,,,82,82,,36157.611,7.821,0,0,0,
950943757651634,100082080567569,"Paulistão F","QUINTA DE #SUPERCLÁSSICOF!
A Vila Belmiro será palco de mais um confronto na história de Santos e Palmeiras! Quem será que fica com os três pontos?
#PaulistãoF2026",,0,"05/14/2026 12:00",N/A,https://www.facebook.com/paulistaof/posts/pfbid021JWJSYVWLcBsjPVuUBetDWFHJQbHCC64By7BmbX5yTkSkKSgisuEFAotxEcVPBMhl,0,0,Fotos,,,,,Total,3134,2164,43,39,0,4,,,50,22,28,,,,,,
950930067653003,100082080567569,"Paulistão F","ABRINDO A SEGUNDA RODADA! 🤩
O Mirassol vai em busca da primeira vitória no #PaulistãoF, enquanto a Ferroviária quer somar os três pontos fora de casa!
📷José Luís Silva/Ag. Paulistão",,0,"05/14/2026 11:34",N/A,https://www.facebook.com/paulistaof/posts/pfbid02YCRew9pgsKoMwRFn2Wx9nyb2jFT4wG2QgcFgNVKHhfYsUdCyFXb3MPRawmvLWuocl,0,0,Fotos,,,,,Total,1052,744,12,11,0,1,,,14,2,12,,,,,,
950909890988354,100082080567569,"Paulistão F","SEGURA!
Quer mais um jogão do Paulistão F na sua tela?! Então vem de Red Bull Bragantino e Corinthians!
#PaulistãoF2026",,0,"05/14/2026 11:00",N/A,https://www.facebook.com/paulistaof/posts/pfbid02T62eZsqFSBPUmexNstKr3QciThvKzkBSxrdSddAwPhSMSB5BjAZJvCNEUEQCKmhMl,0,0,Fotos,,,,,Total,1251,902,13,11,0,2,,,11,6,5,,,,,,
950835304329146,100082080567569,"Paulistão F","APERTA O PLAY! 
A segunda rodada do Paulistão tá na área! Mirassol e Ferroviária são os responsáveis por abrirem os trabalhos!
#PaulistãoF2026",,0,"05/14/2026 09:00",N/A,https://www.facebook.com/paulistaof/posts/pfbid025U5XCqxytuhv4TChR5hK1SiQuq8gey6znic72KdFDHxzdJ9BdhfTRLUtYUkpkKMwl,0,0,Fotos,,,,,Total,1452,1081,14,14,0,0,,,13,6,7,,,,,,
950711084341568,100082080567569,"Paulistão F","DE TARDE ATÉ A NOITE, A QUINTA-FEIRA VEM COM TUDO NO PAULISTÃO F!
#PaulistãoF",,0,"05/14/2026 06:00",N/A,https://www.facebook.com/paulistaof/posts/pfbid0rAqVqc2ZkN561jnK1atKzF1PjPXTM4DkYTBzK2M1jKH5QPCT6e5RYK7s9FKQqDJSl,0,0,Fotos,,,,,Total,84623,57867,775,723,28,24,,,2000,570,1430,,,,,,
950171461062197,100082080567569,"Paulistão F","FOI NA EMOÇÃO!
São José leva a melhor nos pênaltis e garante um lugar na terceira fase da Copa do Brasil Feminina!
#ElasEmCampo
📷Mariana Luz/São José",,0,"05/13/2026 13:57",N/A,https://www.facebook.com/paulistaof/posts/pfbid0Q5jKeQY1MAMrhBp4Zj3jqrVGzbLXkTvt2b9ZTtHsrQWSfrjLRM9CjA1mVN4jSNNRl,0,0,Fotos,,,,,Total,9097,6541,51,50,0,1,,,83,41,42,,,,,,
950170754395601,100082080567569,"Paulistão F","Taubaté lutou até o fim, mas acabou superado e se despede da Copa do Brasil Feminina.
#ElasEmCampo
📷Anderson Romão/Ag. Paulistão",,0,"05/13/2026 13:56",N/A,https://www.facebook.com/paulistaof/posts/pfbid02atbWujTJbbNndcnyGtcBDV8qDs94ikAGpNeHLrNzSaQ2zhxEBiNJVsV4M4DGgiypl,0,0,Fotos,,,,,Total,7459,5305,48,45,2,1,,,94,53,41,,,,,,
950170244395652,100082080567569,"Paulistão F","VAI, MAUAENSE!
Vitória em casa e vaga garantida na próxima fase da Copa do Brasil Feminina!
#ElasEmCampo
📷Danilo Bass/Mauaense",,0,"05/13/2026 13:55",N/A,https://www.facebook.com/paulistaof/posts/pfbid02uhAhbaEjJ8F9s1VYyMsewEmSk5TZFnnevJJESJLDajsy1moV6RYFjjGagVNFyrVal,0,0,Fotos,,,,,Total,2198,1678,16,15,0,1,,,8,5,3,,,,,,
950154531063890,100082080567569,"Paulistão F","AVANÇOU!
O Mauaense está garantido na próxima fase da Copa do Brasil Feminina!
#ElasEmCampo",,0,"05/13/2026 13:24",N/A,https://www.facebook.com/paulistaof/posts/pfbid02RM1XUQhihAkcconKcEWaEnP5Vqr44s1upBX4mFFwSTkCW7dDYGEVEUzKEKh8p1bGl,0,0,Fotos,,,,,Total,1183,874,8,6,0,2,,,6,3,3,,,,,,
950153061064037,100082080567569,"Paulistão F","VAI, SÃO JOSÉ!
As Meninas da Águia avançam na Copa do Brasil Feminina!
#ElasEmCampo",,0,"05/13/2026 13:22",N/A,https://www.facebook.com/paulistaof/posts/pfbid0hvw5FVfhMuzbtunKwiAD4DUGjbDCHBPkiGoAfJUymYmCjhfewXJbqHo9WskK7BNYl,0,0,Fotos,,,,,Total,2626,1920,20,19,0,1,,,26,13,13,,,,,,
949998577746152,100082080567569,"Paulistão F","ANOTA AÍ!
A SEGUNDA RODADA DO PAULISTÃO CHEGOU!
#PaulistãoF",,0,"05/13/2026 09:00",N/A,https://www.facebook.com/paulistaof/posts/pfbid0cBjUK9yJuhEPAFH3GeWRphpu9Ny55bAQxbhiQQLK6E96eMFLHCHMt6cbSQzD6fEdl,0,0,Fotos,,,,,Total,57204,38166,442,391,16,35,,,987,321,666,,,,,,
949968814415795,100082080567569,"Paulistão F","LAURA VALVERDE É A CRAQUE DA 1ª RODADA!
A Bragantina fez seu primeiro gol com a camisa do Massa Bruta e ainda ganhou a votação de #CraqueDaRodada do Paulistão!
#PaulistãoF",,0,"05/13/2026 08:16",N/A,https://www.facebook.com/paulistaof/posts/pfbid0nisbvX7DuNZpE2zLAZEAXJWpiBcvMQMJ2PHu6Ly2mRYC35ng9931ARxbQwdnEVsJl,0,0,Fotos,,,,,Total,2701,2006,18,17,0,1,,,16,9,7,,,,,,
949875661091777,100082080567569,"Paulistão F","QUARTA-FEIRA DECISIVA!
Os confrontos da segunda fase da @copadobrasil_fem chegaram!
#ElasEmCampo",,0,"05/13/2026 06:00",N/A,https://www.facebook.com/paulistaof/posts/pfbid0XXYigzPyxhVJ8q5bMec1oJ54NLAitvBKUnp9WMbDirKB5jbFrSnWHFxSDPidwZLZl,0,0,Fotos,,,,,Total,2911,2090,24,21,0,3,,,27,9,18,,,,,,
948715777874432,100082080567569,"Paulistão F","Com goleada do Palmeiras e vitória do Corinthians no Majestoso, esses foram os resultados dos jogos das minhas equipes no @brfeminino dessa segunda-feira!
#ElasEmCampo",,0,"05/11/2026 19:41",N/A,https://www.facebook.com/paulistaof/posts/pfbid0yHm2nf3L5BxyjUs3K7cEyACCK2kW3yfyEQKf937XBhDb1aasuvXF1WK3Gm29pGjhl,0,0,Fotos,,,,,Total,16545,10837,169,161,5,3,,,170,81,89,,,,,,
948712861208057,100082080567569,"Paulistão F","AS BRABAS LEVAM A MELHOR NO MAJESTOSO!
O Corinthians supera o São Paulo no @brfeminino!
#ElasEmCampo
📷Rebeca Reis/Staff Images Woman/CBF",,0,"05/11/2026 19:36",N/A,https://www.facebook.com/paulistaof/posts/pfbid0FvQxa3Wmo2fAH1x2dU3hivGPpKupAF3pgxLaCoXEnAFRwHhgbLsQukyrREDWkb82l,0,0,Fotos,,,,,Total,68509,50133,2078,1949,62,67,,,875,539,336,,,,,,
948691437876866,100082080567569,"Paulistão F","VITÓRIA DAS PALESTRAS!
Mais três pontos na conta do Palmeiras com direito a hat-trick da Taina Maranhão!
#ElasEmCampo
📷Paloma Cassiano/Palmeiras",,0,"05/11/2026 18:57",N/A,https://www.facebook.com/paulistaof/posts/pfbid037TJ42fx9jMTPwZFKWswg1dRqHAQhGAKxe6uwY1Gs14faNRPt5Ua6rrfVtLCTcEBzl,0,0,Fotos,,,,,Total,176066,132109,4758,4456,152,150,1,,1678,774,904,,,,,,
948628544549822,100082080567569,"Paulistão F","TUDO IGUAL!
A Ferroviária sofreu o empate no final do jogo contra o Flamengo e somou um ponto no @brfeminino.
#ElasEmCampo
📷Rafael Zocco/Ferroviária",,0,"05/11/2026 16:57",N/A,https://www.facebook.com/paulistaof/posts/pfbid026XLzxYNYi7rCdfUmYMTpUrRmdgNVW2sVpfAUoSrqE3uNpQUXRt68SLhKStnKFm5El,0,0,Fotos,,,,,Total,9745,7302,99,82,12,5,,,109,56,53,,,,,,
948453611233982,100082080567569,"Paulistão F","DIA DE MAJESTOSO!
Hoje tem clássico no @brfeminino! Quem vence esse jogão?
#ElasEmCampo",,0,"05/11/2026 11:00",N/A,https://www.facebook.com/paulistaof/posts/pfbid034Yg3YX12VND7WEtRBF1qhtk4t1UCw6cLg4KoKpXBRDjkGPu9rV6PnhXuSAuDDyGPl,0,0,Fotos,,,,,Total,10848,7513,190,165,21,4,,,256,154,102,,,,,,
948389421240401,100082080567569,"Paulistão F","Com direito a clássico, a segunda-feira promete no @brfeminino!
#ElasEmCampo",,0,"05/11/2026 09:16",N/A,https://www.facebook.com/paulistaof/posts/pfbid022EEhM2BXG2o4UQj7Cb2Dp9Wfy5tkZQ9FyipefiCmKEvw1dzQdH2S8BhEw8Kv7MR2l,0,0,Fotos,,,,,Total,19412,13877,202,182,11,9,,,328,123,205,,,,,,
947801627965847,100082080567569,"Paulistão F","Noite complicada para as Bragantinas.
#ElasEmCampo
📷Fernando Roberto/Red Bull Bragantino",,0,"05/10/2026 15:13",N/A,https://www.facebook.com/paulistaof/posts/pfbid0NCCA8NBA2tnL8xyqqy8sRbcbv3KjRRzarPsMnEkGSGcFwZ2pXiWTQyPEe2AW6jkyl,0,0,Fotos,,,,,Total,12077,9059,59,58,0,1,,,66,25,41,,,,,,
947462227999787,100082080567569,"Paulistão F","BRAGANTINAS EM CAMPO!
Jogando em casa, as Bragantinas têm mais um compromisso pelo @brfeminino.
#ElasEmCampo",,0,"05/10/2026 06:00",N/A,https://www.facebook.com/paulistaof/posts/pfbid02HKZDxe2FysPZmU3uAtC3wns63QpQJ7WB7GTySg7GhNFENDe7uSQDPGtsRLx6bCWml,0,0,Fotos,,,,,Total,2865,2003,22,21,0,1,,,26,13,13,,,,,,
946984354714241,100082080567569,"Paulistão F","Fim de mais um dia com #ElasEmCampo.
#PaulistasEmCampo",,0,"05/09/2026 16:24",N/A,https://www.facebook.com/paulistaof/posts/pfbid0pUmQ5cGx55fbS2fkMPrjdBoHJX8TLKeMRoi2AgJ8zQRYxt6LEyRxKHJD3smiyEodl,0,0,Fotos,,,,,Total,19440,13839,51,48,0,3,,,167,65,102,,,,,,
946983831380960,100082080567569,"Paulistão F","Hoje não deu para o Taubaté.
#ElasEmCampo
📷Divulgação/Taubaté",,0,"05/09/2026 16:23",N/A,https://www.facebook.com/paulistaof/posts/pfbid0mLAcbWifzxBG6xZC8aPF6ycDvxg2M7XcfiYGkn6BGWxmEuKa2c7thjymKy4GJC2bl,0,0,Fotos,,,,,Total,10629,8422,20,20,0,0,,,47,18,29,,,,,,
946928528053157,100082080567569,"Paulistão F","SEREIAS DA VILA!
Vitória do Santos pra cima do Fluminense!
#ElasEmCampo
📷Reinaldo Campo/Santos",,0,"05/09/2026 14:19",N/A,https://www.facebook.com/paulistaof/posts/pfbid0ph78uGvP8swAwUFheWroEG76sXuvT7aYHqdkZZDyLe65EwYz6VP7AxT7m3FHrySLl,0,0,Fotos,,,,,Total,15324,11327,97,94,0,3,,,134,48,86,,,,,,
946618494750827,100082080567569,"Paulistão F","MAIS DOIS!
Nada como um sábado com dois jogos das minhas equipes pelo Brasileirão A1 e Brasileirão A2 😍
#ElasEmCampo",,0,"05/09/2026 06:00",N/A,https://www.facebook.com/paulistaof/posts/pfbid0B5rS9Pbkp4bv818sP5tguTvhNvUnW3izPHzA55u2jMwstto3ZPkLEVA64yShMrzil,0,0,Fotos,,,,,Total,12084,9499,45,44,0,1,,,86,24,62,,,,,,
946032951476048,100082080567569,"Paulistão F","A adm entrou na trend da melhor forma possível 🙏
#PaulistãoF2026","A adm entrou na trend da melhor forma possível 🙏
#PaulistãoF2026",21,"05/08/2026 11:16",uploaded,https://www.facebook.com/reel/857166873379304/,1,0,Vídeos,,,,,Total,4911,4645,50,49,0,1,,,16,16,,22657.684,5.031,0,0,0,
945512638194746,100082080567569,"Paulistão F","OLHA ELA AÍ!
Com o Palmeiras na dianteira, é assim, que ficou a classificação do #PaulistãoF2026 ao fim da primeira rodada!",,0,"05/07/2026 20:14",N/A,https://www.facebook.com/paulistaof/posts/pfbid02d4xApDgYihRAM5bCiHVqkJBwsHQ4N8G67pqfy7CsDzsvFVJQJyQkVkvjVzJzqCznl,0,0,Fotos,,,,,Total,46483,31098,239,217,15,7,,,677,297,380,,,,,,
945500931529250,100082080567569,"Paulistão F","JOGA MUITO!
Mylena, do São Paulo, foi a #CraqueDoJogo do Majestoso!
#SuperclássicoF2026
📷Jhony Inacio/Ag. Paulistão",,0,"05/07/2026 19:50",N/A,https://www.facebook.com/paulistaof/posts/pfbid0bvzP52iqR7ALWpRMxfisxa6jqQraDR4rE4H8tUZxXhMXPVs81WaVYiF9997P8TPEl,0,0,Fotos,,,,,Total,3123,2325,85,79,6,0,,,23,15,8,,,,,,
945499001529443,100082080567569,"Paulistão F","O MAJESTOSO É TRICOLOR! 
São Paulo fica com o troféu do #SuperclássicoF! 
#PaulistãoF2026",,0,"05/07/2026 19:47",N/A,https://www.facebook.com/paulistaof/posts/pfbid02L8pvRUcfSmqiL1zvsb7zbmCVmcZFXi8cyYGVhe7tt1jkWU4KgsiJfuJ6iVHYBS3l,0,0,Fotos,,,,,Total,55783,38484,1118,1014,66,38,,,716,434,282,,,,,,
945493368196673,100082080567569,"Paulistão F","VIRADA E VITÓRIA!
O São Paulo começa a caminhada no #PaulistãoF2026 com os três pontos na conta!
📷Jhony Inacio/Ag. Paulistão",,0,"05/07/2026 19:37",N/A,https://www.facebook.com/paulistaof/posts/pfbid023GdXULBzVAk6pwcSs5QaSczbzwe3bYthGxHBgNcwjLoZ7VrewPMgfuDG9u4BRpVxl,0,0,Fotos,,,,,Total,17639,12275,454,420,21,13,,,447,145,302,,,,,,
945468101532533,100082080567569,"Paulistão F","NÃO TEM COMO EVITAR!
A Mylena deu aquela desviadinha consciente na primeira trave e garantiu o gol da virada do Tricolor no primeiro tempo.
#PaulsitãoF2026","NÃO TEM COMO EVITAR!
A Mylena deu aquela desviadinha consciente na primeira trave e garantiu o gol da virada do Tricolor no primeiro tempo.
#PaulsitãoF2026",40,"05/07/2026 18:48",uploaded,https://www.facebook.com/reel/1310880670989387/,0,0,Vídeos,,,,,Total,11665,11091,486,468,6,12,,,196,196,,124838.89,11.644,0,0,0,
945466394866037,100082080567569,"Paulistão F","PEREYRA!
Aquela chapada de fora da área, sem chances para a goleira do Corinthians!
#PaulistãoF2026","PEREYRA!
Aquela chapada de fora da área, sem chances para a goleira do Corinthians!
#PaulistãoF2026",24,"05/07/2026 18:44",N/A,https://www.facebook.com/reel/4550495721848495/,0,0,Vídeos,,,,,Total,17544,15896,399,342,49,8,,,497,497,,160681.534,10.86,0,0,0,
945465751532768,100082080567569,"Paulistão F","SIIIIIIIIIIIIIIIIIIIU!
A Anna Bia bem que tentou, mas não teve como impedir do golaço da Robledo!
#PaulistãoF2026","SIIIIIIIIIIIIIIIIIIIU!
A Anna Bia bem que tentou, mas não teve como impedir do golaço da Robledo!
#PaulistãoF2026",50,"05/07/2026 18:43",uploaded,https://www.facebook.com/reel/1769828054000382/,0,0,Vídeos,,,,,Total,149522,142188,9010,8726,103,181,,,2546,2546,,2391618.254,17.765,0,0,0,
945457028200307,100082080567569,"Paulistão F","TRICOLOR NA FRENTE!
Intervalo de jogo no Majestoso e o São Paulo tem a vantagem no placar contra o Corinthians!
#PaulistãoF
📷Jhony Inacio/Ag. Paulistão",,0,"05/07/2026 18:26",N/A,https://www.facebook.com/paulistaof/posts/pfbid037vNvxw8Fxy43koPdg3SfoXNm7s57A4WPdZBzwfq4e1a91uf5U93XTZajULhvMcyPl,0,0,Fotos,,,,,Total,6056,4437,74,69,4,1,,,128,46,82,,,,,,
945453178200692,100082080567569,"Paulistão F","PASSARAM A CALL!
As instruções de Emily Lima e Thiago Viana na parada para a hidratação!
#PaulistãoF2026","PASSARAM A CALL!
As instruções de Emily Lima e Thiago Viana na parada para a hidratação!
#PaulistãoF2026",97,"05/07/2026 18:18",auto,https://www.facebook.com/reel/957387747161269/,0,0,Vídeos,,,,,Total,58146,53075,2299,2241,40,18,,,694,694,,1298001.882,24.684,0,0,0,
945448681534475,100082080567569,"Paulistão F","VIRA VIROUUUUUUU!
Na bola parada, @mylenaf02 coloca o Tricolor na frente!
#PaulistãoF2026","VIRA VIROUUUUUUU!
Na bola parada, @mylenaf02 coloca o Tricolor na frente!
#PaulistãoF2026",27,"05/07/2026 18:09",N/A,https://www.facebook.com/reel/3697134367095925/,1,0,Vídeos,,,,,Total,3665,3376,47,46,0,1,,,36,36,,23606.232,7.17,0,0,0,
945448704867806,100082080567569,"Paulistão F","OLHA A VIRADA DO SÃO PAULO!
Mylena usou a cabeça e colocou o Tricolor na frente do marcador!
#PaulistãoF2026","OLHA A VIRADA DO SÃO PAULO!
Mylena usou a cabeça e colocou o Tricolor na frente do marcador!
#PaulistãoF2026",40,"05/07/2026 18:09",N/A,https://www.facebook.com/reel/1325667579422195/,0,0,Vídeos,,,,,Total,19978,20852,694,660,16,18,,,473,473,,186183.37,9.94,0,0,0,
945444918201518,100082080567569,"Paulistão F","TÁ TUDO IGUAL!
Pereyra bate de fora da área e empata o Majestoso!
#PaulistãoF2026","TÁ TUDO IGUAL!
Pereyra bate de fora da área e empata o Majestoso!
#PaulistãoF2026",40,"05/07/2026 18:02",N/A,https://www.facebook.com/reel/4584822835080231/,0,0,Vídeos,,,,,Total,5683,5482,105,101,4,0,,,72,72,,48163.909,9.123,0,0,0,
945441754868501,100082080567569,"Paulistão F","TA TUDO IGUAL POR AQUI!
@pereyramaricel8 CHUTOU COLOCADO PARA EMPATAR O MAJESTOSO.
#PaulistãoF2026","TA TUDO IGUAL POR AQUI!
@pereyramaricel8 CHUTOU COLOCADO PARA EMPATAR O MAJESTOSO.
#PaulistãoF2026",25,"05/07/2026 17:56",N/A,https://www.facebook.com/reel/1693307335419712/,1,0,Vídeos,,,,,Total,5312,4929,93,62,30,1,,,124,124,,37191.596,8.043,0,0,0,
945439721535371,100082080567569,"Paulistão F","ROBLEDOOOOO!
A camisa 7 do Corinthians solta o pé da entrada da área e anota um GOLAÇO no Majestoso!
#PaulistãoF2026","ROBLEDOOOOO!
A camisa 7 do Corinthians solta o pé da entrada da área e anota um GOLAÇO no Majestoso!
#PaulistãoF2026",45,"05/07/2026 17:52",N/A,https://www.facebook.com/reel/1291676345762800/,0,0,Vídeos,,,,,Total,77753,80176,3154,2985,109,60,,,2863,2863,,897189.06,12.478,0,0,0,
945436054869071,100082080567569,"Paulistão F","SIIIIIIIIIIIIIIL! 🤣
A camisa 7 do Corinthians, @giselagilrobledo, meteu essa comemoração depois de um GOLAÇO no Majestoso! ⚫️⚪️","SIIIIIIIIIIIIIIL! 🤣
A camisa 7 do Corinthians, @giselagilrobledo, meteu essa comemoração depois de um GOLAÇO no Majestoso! ⚫️⚪️",30,"05/07/2026 17:43",N/A,https://www.facebook.com/reel/1921490541833420/,1,0,Vídeos,,,,,Total,9112,8563,337,324,12,1,,,284,283,,68222.227,8.579,0,0,0,1
945425941536749,100082080567569,"Paulistão F","TAÇA EM JOGO!
Tá chegando a hora da bola rolar no Majestoso! Quem será que vai levar o troféu do #SuperclássicoF pra casa?
#PaulistãoF2026
📷Jhony Inacio/Ag. Paulistão",,0,"05/07/2026 17:20",N/A,https://www.facebook.com/paulistaof/posts/pfbid0ZcSfTLtVfam7xhsxwGcKzbgBgyYCun4mnyT9nRiQwwcZkGEWGGQYYzupLx4yu8Cbl,0,0,Fotos,,,,,Total,748,563,7,7,0,0,,,8,1,7,,,,,,
945425038203506,100082080567569,"Paulistão F","AQUECIMENTO FINALIZADO!
Bora pro #SuperclássicoF! É noite de Majestoso!
#PaulistãoF2026 
📷Jhony Inacio/Ag. Paulistão",,0,"05/07/2026 17:19",N/A,https://www.facebook.com/paulistaof/posts/pfbid0NMNEHPaE1pMPxUxBPmjcL25iDGz7mzrdJKDXJEeoDy57KMkJpKrciJEEDoT55Kehl,0,0,Fotos,,,,,Total,3790,2823,39,39,0,0,,,75,22,53,,,,,,
945414711537872,100082080567569,"Paulistão F","COISA FINA! 🤌
Pega só a belezura que é o troféu de #CraqueDoJogo! Quem será a escolhida no Majestoso?
#PaulistãoF2026
📷Jhony Inacio/Ag. Paulistão",,0,"05/07/2026 16:57",N/A,https://www.facebook.com/paulistaof/posts/pfbid02P4YA8aD6aejQwDAdJKg1hxvJstZ2qQMDR3eKH93Jxyo95BWFsLfbTcr9ofHgK99Kl,0,0,Fotos,,,,,Total,559,406,6,6,0,0,,,8,4,4,,,,,,
945414064871270,100082080567569,"Paulistão F","OS COMANDANTES! 🫡
Aquela palavrinha entes do #SuperclássicoF!
#PaulistãoF2026
📷Jhony Inacio/Ag. Paulistão",,0,"05/07/2026 16:55",N/A,https://www.facebook.com/paulistaof/posts/pfbid03SML1bG6YX1ci3GGYnvqKCAdJ43obhRRRKCgDN4b2uWgorR9KpBrpPm7CWQvnw6Nl,0,0,Fotos,,,,,Total,3113,2289,22,22,0,0,,,51,16,35,,,,,,
945413354871341,100082080567569,"Paulistão F","MAJESTOSO NO PAULISTÃO F!
SuperclássicoF pra fechar a primeira rodada em grande estilo!
#PaulistãoF2026
📷Jhony Inacio/Ag. Paulistão",,0,"05/07/2026 16:54",N/A,https://www.facebook.com/paulistaof/posts/pfbid0PbSmVv4NuBjW7VdWpr4Vye2sKqwDgFywhym9NDrnLJcV44zYPk9XiDSTyGaesRQGl,0,0,Fotos,,,,,Total,893,676,9,9,0,0,,,10,4,6,,,,,,
945187241560619,100082080567569,"Paulistão F","VAMOS, SÃO PAULO!
AS TRICOLORES QUEREM A VITÓRIA FORA DE CASA!
#PaulistãoF2026 #SãoPaulo",,0,"05/07/2026 10:00",N/A,https://www.facebook.com/paulistaof/posts/pfbid09q7tdeaxMpMd3pqG79WEqh5NL2akotRSnxwrA4CBmRKzpfthuh3VeCoE8r68kEMHl,0,0,Fotos,,,,,Total,8808,6510,226,207,15,4,,,150,91,59,,,,,,
945150434897633,100082080567569,"Paulistão F","VAI PRA CIMA, TIMÃO!
As Brabas vão com tudo para começar o Paulistão com o pé direito!
#PaulistãoF2026 #Corinthians",,0,"05/07/2026 09:00",N/A,https://www.facebook.com/paulistaof/posts/pfbid02aXQgeR32VWR4aKW8HDStLUwfde4Q8oM3CJhZ9V15iWuy73hLs3cZb65aMQhDJbnkl,0,0,Fotos,,,,,Total,10965,8238,244,231,9,4,,,146,83,63,,,,,,
945112551568088,100082080567569,"Paulistão F","DOSE TRIPLA!
Não vai faltar Majestoso nos próximos dias, hein? Seja no Paulistão F, no @brasileirao ou no @brfeminino, a emoção está garantida 🤩
#Majestoso #Corinthians #SãoPaulo",,0,"05/07/2026 08:00",N/A,https://www.facebook.com/paulistaof/posts/pfbid02DyP3LJ6yLjqB8X58Yke8VN3h9Nqa9NCznZU5L9opdDBymfZSz2cvPseqQi6oPdDLl,0,0,Fotos,,,,,Total,122405,85542,1462,1349,63,50,,,1631,606,1025,,,,,,
945035691575774,100082080567569,"Paulistão F","É DIA DE MAJESTOSO!
Nada melhor que um Superclássico para fechar a primeira rodada do Paulistão F 2026!
#PaulistãoF2026 #Corinthians #SãoPaulo",,0,"05/07/2026 06:00",N/A,https://www.facebook.com/paulistaof/posts/pfbid0sbwp9qP4EjbdRrMyki5SymHMTQqRoYeYBazVuZpwFcwFSofnwsaXBbCBzQXDAfehl,0,0,Fotos,,,,,Total,20969,15096,391,349,24,18,,,310,137,173,,,,,,
944685251610818,100082080567569,"Paulistão F","Confira os melhores momentos da vitória da Ferroviária!
#PaulistãoF2026 #Centauro","Confira os melhores momentos da vitória da Ferroviária!
#PaulistãoF2026 #Centauro",92,"05/06/2026 19:33",mixed,https://www.facebook.com/reel/1380125864136112/,1,0,Vídeos,,,,,Total,3857,3840,68,64,2,2,,,66,66,,54570.863,14.922,0,0,0,
944646188281391,100082080567569,"Paulistão F","A DONA DO TROFÉU!
Autora do segundo gol, Micaelly foi a #CraqueDoJogo de hoje 🏆✨
#PaulistãoF2026
📷 Douglas Moreti/Ag. Paulistão",,0,"05/06/2026 18:19",N/A,https://www.facebook.com/paulistaof/posts/pfbid022S2p89LHMyCAk3P5paryZhNy2kyaZCGEiz4DiPV34yfDBMnPkLoMGbbydaVkTiHRl,0,0,Fotos,,,,,Total,2972,2090,41,37,4,0,,,41,31,10,,,,,,
944626578283352,100082080567569,"Paulistão F","DOMINOU E MANDOU PRO FUNDO DA REDE!
Sozinha, a @micaelly_brazil ampliou a vantagem grená!
#PaulistãoF2026","DOMINOU E MANDOU PRO FUNDO DA REDE!
Sozinha, a @micaelly_brazil ampliou a vantagem grená!
#PaulistãoF2026",29,"05/06/2026 17:40",N/A,https://www.facebook.com/reel/1610323396931483/,1,0,Vídeos,,,,,Total,2560,2441,32,32,0,0,,,27,27,,18798.104,7.975,0,0,0,
925283786884298,100082080567569,"Paulistão F","JOGADORA CARA 🔥
Jogando no estilo e nas cores do Centro Olímpico 😍❤️
#FestivalPaulistaFemininoSub14
📷 Rebeca Reis/Ag. Paulistão",,0,"04/12/2026 07:42",N/A,https://www.facebook.com/paulistaof/posts/pfbid0GMXr3tk3A6E5ZZhQw26AuxpkGevrLco5YDnfgqHgu1xu5BsgPgRGh5z1U6zEJvoBl,0,0,Fotos,,,,,Total,5170,3696,48,44,3,1,,,61,23,38,,,,,,
925375210208489,100082080567569,"Paulistão F","KATCHAU! ⚡️
Elas são a velocidade!
#FestivalPaulistaFemininoSub14 
📷 Rebeca Reis/Ag. Paulistão",,0,"04/12/2026 10:10",N/A,https://www.facebook.com/paulistaof/posts/pfbid02bvSdFZQhW7UGuBsnBkEokyYYKW63Hz2b2ePmZQK4nGe4rin6dncjNzapwbkJVorHl,0,0,Fotos,,,,,Total,2868,2158,14,14,0,0,,,23,4,19,,,,,,
925388870207123,100082080567569,"Paulistão F","CADA LANCE, UM FLASH!
#FestivalPaulistaFemininoSub14 
📷 Rebeca Reis/Ag. Paulistão",,0,"04/12/2026 10:33",N/A,https://www.facebook.com/paulistaof/posts/pfbid02NHsUZgXGsiBN98S5ynpuBEzCBEwzRhj8jQS1nRcpD8XgBPDnmB3vaLuF5AThGxjYl,0,0,Fotos,,,,,Total,2443,1770,25,22,1,2,,,45,10,35,,,,,,
925432680202742,100082080567569,"Paulistão F","UNDAIÁ! 🤣🥰
O carisma das nossas mini divas no #FestivalPaulisaSub14 🤪","UNDAIÁ! 🤣🥰
O carisma das nossas mini divas no #FestivalPaulisaSub14 🤪",14,"04/12/2026 11:50",mixed,https://www.facebook.com/reel/1832620801027455/,1,0,Vídeos,,,,,Total,918,857,4,4,0,0,,,4,4,,3418.591,4.103,0,0,0,
925462943533049,100082080567569,"Paulistão F","Fica difícil disfarçar né @flamengoguarulhos_fem?! 🤣😇 #FestivalPaulistaFemininoSub14","Fica difícil disfarçar né @flamengoguarulhos_fem?! 🤣😇 #FestivalPaulistaFemininoSub14",11,"04/12/2026 12:48",N/A,https://www.facebook.com/reel/1206837954683059/,1,0,Vídeos,,,,,Total,2833,2589,12,11,0,1,,,15,15,,10869.646,4.519,0,0,0,
925474740198536,100082080567569,"Paulistão F","Mais clicks dos Festival Paulista Feminino Sub-14!
#FestivalPaulistaFemininoSub14
📷 Rebeca Reis/Ag. Paulistão",,0,"04/12/2026 13:13",N/A,https://www.facebook.com/paulistaof/posts/pfbid0NcmMFxzSv8hAqk92AvP5Mf6JLeyUfTj7qGC8Hf1xcfiKpur7J7npwviv12xE7D5tl,0,0,Fotos,,,,,Total,3192,2264,22,22,0,0,,,37,11,26,,,,,,
925504733528870,100082080567569,"Paulistão F","DALE! 🕺🏾
Energia lá em cima no #FestivalPaulistaFemininoSub14 🥳","DALE! 🕺🏾
Energia lá em cima no #FestivalPaulistaFemininoSub14 🥳",19,"04/12/2026 14:19",N/A,https://www.facebook.com/reel/1015620421642378/,1,0,Vídeos,,,,,Total,3966,3795,56,54,1,1,,,22,22,,15806.425,4.312,0,0,0,
925594303519913,100082080567569,"Paulistão F","Mais um grande dia para o futuro do futebol feminino!
#FestivalPaulistaFemininoSub14
📷 Rebeca Reis/Ag. Paulistão",,0,"04/12/2026 17:49",N/A,https://www.facebook.com/paulistaof/posts/pfbid0Qwy5AsMSEh7RmVhmFurD54fa9Jpt47PdNc2vmNxdj9XHKNyoXCQKSrPaxyGaM4PBl,0,0,Fotos,,,,,Total,4536,3173,46,42,2,2,,,50,18,32,,,,,,
925643660181644,100082080567569,"Paulistão F","MAIS UM FESTIVAL ENTREGUE! ✅
Vem acompanhar um dia de #FestivalPaulistaFemininoSub14 com a ADM 🥳❤️","MAIS UM FESTIVAL ENTREGUE! ✅
Vem acompanhar um dia de #FestivalPaulistaFemininoSub14 com a ADM 🥳❤️",97,"04/12/2026 19:32",N/A,https://www.facebook.com/reel/1261425128949763/,1,0,Vídeos,,,,,Total,983,1006,10,10,0,0,,,4,4,,2958.55,3.124,0,0,0,
925925920153418,100082080567569,"Paulistão F","VIVA O FESTIVAL PAULSITA FEMININO SUB-14! ❤️
#FestivalPaulistaFemininoSub14
📷 Rebeca Reis/Ag. Paulistão",,0,"04/13/2026 04:54",N/A,https://www.facebook.com/paulistaof/posts/pfbid02fS1bfoWofU4jEATexgjiduHm9MVi71E8NPyFE85UZoihzfoswrgci88UDp4Knrv7l,0,0,Fotos,,,,,Total,4018,2942,40,37,0,3,,,70,16,54,,,,,,
926228356789841,100082080567569,"Paulistão F","FOI AQUELE BEIJO, FOI AQUELE BEIJO! 💋
Um beijo especial das atuais bicampeãs do Paulistão Feminino! 
#DiaDoBeijo #PaulistãoFeminino
📷 Rebeca Reis/Ag. Paulistão",,0,"04/13/2026 13:38",N/A,https://www.facebook.com/paulistaof/posts/pfbid02M2bEhh6VwV3NMn9iDtH14kvfuKpBF1vpCq8Tf1pZDuv3ce3mpoSXnEqjrDk1ou5vl,0,0,Fotos,,,,,Total,18832,13142,427,400,14,13,,,387,127,260,,,,,,
926761403403203,100082080567569,"Paulistão F","DIA DE MULHERES DESTE SOLO!
A @selecaofemininadefutebol vai em busca de mais uma vitória!
#FifaSeries #ElasEmCampo #Seleção",,0,"04/14/2026 07:22",N/A,https://www.facebook.com/paulistaof/posts/pfbid02hZXYBnUoorMRH9k4zmnTp2Jh3KvFUjZESAKLzdqukqK7Dd4oTTPm6MhfVDyRNn6il,0,0,Fotos,,,,,Total,39350,26866,691,633,33,25,,,655,349,298,,,,,,8
927166080029402,100082080567569,"Paulistão F","MAIS UMA GOLEADA BRASILEIRA! 🇧🇷🌟
A @selecaofemininadefutebol venceu a segunda na FIFA Series 2026!
📷 Lívia Villas Boas/Staff Images/CBF",,0,"04/14/2026 20:43",N/A,https://www.facebook.com/paulistaof/posts/pfbid0DfUJ2HE6WwvDxLm29kXpAsXBeSMAp1Sw5vfxK3GespgXZrdubCR54ci1TXWaWq8ml,0,0,Fotos,,,,,Total,30626,21435,972,868,71,33,,,517,286,231,,,,,,
929024836510193,100082080567569,"Paulistão F","SEXTOU COM JOGO!
O Mauaense entra em campo nesta tarde pelo #BrasileirãoA3 🔥
#ElasEmCampo",,0,"04/17/2026 05:00",N/A,https://www.facebook.com/paulistaof/posts/pfbid0jQSjzBdEGvrabSyzriXrNDGyeNd64EiK134tUQFEzWj1JUsVzuwyjtZad7XD4M7Kl,0,0,Fotos,,,,,Total,6617,5073,35,32,2,1,,,50,19,31,,,,,,
929204929825517,100082080567569,"Paulistão F","O PAULISTA FEMININO SUB-15 VEM AÍ!
Confira as equipes participantes. Saiba mais em futebolpaulista.com.br!
#PaulistaFemininoSub15",,0,"04/17/2026 08:57",N/A,https://www.facebook.com/paulistaof/posts/pfbid02kbMZ4qxreLAJE8Mx2JKkMwxLokHC1SLxoMZpDARmxmqG4jrCpPLGBTVp1zaqDm7dl,0,0,Fotos,,,,,Total,7762,5673,59,52,0,7,,,83,37,45,,,,,,1
929744219771588,100082080567569,"Paulistão F","VAI COMEÇAR O PAULISTA FEMININO SUB-17!
#PaulistaFemininoSub17",,0,"04/18/2026 03:00",N/A,https://www.facebook.com/paulistaof/posts/pfbid02Cht8huAeYkbC5GgPDPaDJ9593fL6DVwY1g9w3bBiwnssd23SLQn5EDPB3BDGTXmbl,0,0,Fotos,,,,,Total,4814,3666,20,20,0,0,,,46,24,22,,,,,,
929843096428367,100082080567569,"Paulistão F","DIA MOVIMENTADO!
Com Taubaté em campo pelo Brasileirão Feminino A2 e Seleção Feminina pelo Fifa Series, o sabadão está recheado de emoção.
#ElasEmCampo",,0,"04/18/2026 06:00",N/A,https://www.facebook.com/paulistaof/posts/pfbid0XT51zgTDtwXZM8uxKq9wBSyGs5gkRfuXREaNAPEW4vscHcxtoYxo8ARJULTpJf7xl,0,0,Fotos,,,,,Total,11177,8106,87,77,5,5,,,112,52,60,,,,,,
930112749734735,100082080567569,"Paulistão F","GOLEADA TAUBATEANA!
Pode colocar mais três pontos na conta do Taubaté!
#ElasEmCampo
📷Junior Santos/AD Taubaté",,0,"04/18/2026 13:30",N/A,https://www.facebook.com/paulistaof/posts/pfbid02v66sz8jQFbTWV6VdQUgosytn5pAnLmggSmUpsfW3Uwbud7G9C6zGnkR6yoav7xnvl,0,0,Fotos,,,,,Total,15884,11385,85,80,0,5,,,94,32,62,,,,,,
930303966382280,100082080567569,"Paulistão F","É NOSSO! 🏆
Brasil vence o Canadá e conquista o FIFA Series 2026!
#SeleçãoFeminina
📷Divulgação/Copa do Mundo FIFA",,0,"04/18/2026 20:33",N/A,https://www.facebook.com/paulistaof/posts/pfbid02JX1mRY2vRXnJvUaGzddG2DAk7NEK1HCKkpfATnExLnsG1AYCGPNbFnCXLx8xtc8Ml,0,0,Fotos,,,,,Total,42448,29906,1347,1260,47,40,,,533,273,260,,,,,,
930569516355725,100082080567569,"Paulistão F","DUELO PAULISTA!
Realidade Jovem e São José entram em campo neste domingo pelo #BrasileirãoA3!
#ElasEmCampo",,0,"04/19/2026 05:00",N/A,https://www.facebook.com/paulistaof/posts/pfbid0wrS3i2BHjEVzNr8vEQFu662VooVie1aHSPEm4Na2WgfxPRfdNnWidnDyUZKKpnwsl,0,0,Fotos,,,,,Total,5583,4235,18,18,0,0,,,44,17,27,,,,,,
930784219667588,100082080567569,"Paulistão F","BRASIL NO TOPO! 🏆
A Seleção Feminina conquistou o FIFA Series 2026!
📷Lívia Villas Boas/Staff Images Woman/CBF",,0,"04/19/2026 10:48",N/A,https://www.facebook.com/paulistaof/posts/pfbid02CBCE8x5ygBb7ziS5nGoQu8cjDt6hogb47zm6H2mU2CLHBAwbRT8jD4htVs5JspEsl,0,0,Fotos,,,,,Total,7440,5440,236,216,15,5,,,127,51,76,,,,,,
930867629659247,100082080567569,"Paulistão F","Ponto final na primeira rodada do Paulista Feminino Sub-17!
#PaulistaFemininoSub17",,0,"04/19/2026 13:23",N/A,https://www.facebook.com/paulistaof/posts/pfbid031cR3kZNPAFpyHXnoTmP51ZfqJr5h5xte1SzwC539gXYjigpTrCAM1yCubyHYEwg5l,0,0,Fotos,,,,,Total,6445,4764,31,30,0,1,,,51,18,33,,,,,,
930882109657799,100082080567569,"Paulistão F","SEGUE O LÍDER!
Realidade Jovem vence o São José no duelo paulista e se isola na liderança do grupo A3 do Brasileirão Feminino A3!
#ElasEmCampo
📷Mariana Luz/São José",,0,"04/19/2026 13:56",N/A,https://www.facebook.com/paulistaof/posts/pfbid02QirumKtKQBQ6xDc4Uw15CUnqH8hWae8bDofWe5rUq8yuR8Heq3A8W2cL9aFTh4wPl,0,0,Fotos,,,,,Total,10242,7711,50,48,1,1,,,68,23,45,,,,,,
931373066275370,100082080567569,"Paulistão F","DIA CHEIO!
Quatro jogos do @brfeminino rolam nesta segunda-feira. Para quem vai a sua torcida?
#ElasEmCampo",,0,"04/20/2026 06:00",N/A,https://www.facebook.com/paulistaof/posts/pfbid0pE8bMDW3q73uZ2QJvv8WwkRZRPvV7qdAqiF4uac6LkWNLHZqUBezREJy3VMs913Ul,0,0,Fotos,,,,,Total,13124,8645,147,129,10,8,,,256,88,168,,,,,,
931730796239597,100082080567569,"Paulistão F","PONTO LÁ, PONTO CÁ!
As Sereias da Vila ficaram no empate contra o Atlético-MG.
#ElasEmCampo
📷Divulgação/Atlético-MG",,0,"04/20/2026 17:04",N/A,https://www.facebook.com/paulistaof/posts/pfbid02tppcgufXUgTUpcfDVJA1pJ5M2KZjDFZK88FHmZNpVvfuQFNwH1vcBrpmNqp5iqZ8l,0,0,Fotos,,,,,Total,11427,8343,55,50,3,2,,,80,39,41,,,,,,
931732802906063,100082080567569,"Paulistão F","GOLEADA GRENÁ!
A Ferroviária fez o dever de casa e venceu o América-MG na Arena da Fonte!
#ElasEmCampo
📷Rafael Zocco/Ferroviária",,0,"04/20/2026 17:09",N/A,https://www.facebook.com/paulistaof/posts/pfbid0hzRpNT6gkSoAt3xLDBNENXRrxWpd12UpwvspxmfjUodKWbLMfqR1J1U5Tu1Fpcahl,0,0,Fotos,,,,,Total,8592,6448,75,72,0,3,,,67,35,32,,,,,,
931741032905240,100082080567569,"Paulistão F","VITÓRIA DO SÃO PAULO!
No duelo de Tricolores, o Paulista levou a melhor pra cima do Gaúcho!
#ElasEmCampo
📷Divulgação/São Paulo",,0,"04/20/2026 17:27",N/A,https://www.facebook.com/paulistaof/posts/pfbid0qjAxsyfXahctnR2ojS7ewP3PhkTXGcN9RMN6p3fJgWxpkaTeBvqwFtLYbvrspUCfl,0,0,Fotos,,,,,Total,31968,23155,633,603,13,17,,,270,107,163,,,,,,
931787369567273,100082080567569,"Paulistão F","VITÓRIAS DAS BRABAS!
Corinthians vence o Juventude e se mantém na liderança do Brasileirão Feminino.
#ElasEmCampo
📷Leonardo Bidese/Juventude",,0,"04/20/2026 19:03",N/A,https://www.facebook.com/paulistaof/posts/pfbid02kFNStE8JS8jUHgQXAiqMtwSnQyZnBR61PKs956Sn32cxWQvTDnaWnkdpvvuq8EKml,0,0,Fotos,,,,,Total,47520,34045,837,783,43,11,,,543,258,285,,,,,,
931788976233779,100082080567569,"Paulistão F","A segunda-feira foi de invencibilidade para as equipes do #FutebolPaulista no Brasileirão Feminino!
#ElasEmCampo",,0,"04/20/2026 19:05",N/A,https://www.facebook.com/paulistaof/posts/pfbid0U9xC61fdFYnstqeZDXTBBEDdMmjVDLWMNPNkszkdouoE6jXxkWLAVkM98nCTZfXAl,0,0,Fotos,,,,,Total,42527,28036,282,268,10,4,,,576,267,309,,,,,,
932064982872845,100082080567569,"Paulistão F","PARA FECHAR!
As Bragantinas e as Palestrinas encerram o feriado em grande estilo.
#ElasEmCampo",,0,"04/21/2026 04:00",N/A,https://www.facebook.com/paulistaof/posts/pfbid02gwVFruRBT2xK6W2ZJpAzt8pEemBoQzJAkMghcT34g1c74uHzojYDZHk7sXhcN2Uvl,0,0,Fotos,,,,,Total,27535,19686,224,212,7,5,,,453,162,291,,,,,,
932288992850444,100082080567569,"Paulistão F","VITÓRIA DO MASSA BRUTA!
As meninas do Red Bull Bragantino garantiram mais três pontos no Brasileirão Feminino!
#ElasEmCampo
📷Sabrina Tavares/Red Bull Bragantino",,0,"04/21/2026 10:03",N/A,https://www.facebook.com/paulistaof/posts/pfbid02cZ2bvgtJM7TSzowGo2QQRbwB5yadR7fq6BK3inY8E8WijKxHH1LGJ4Uf1xLiXYZZl,0,0,Fotos,,,,,Total,8441,6281,52,46,5,1,,,56,28,28,,,,,,
932431596169517,100082080567569,"Paulistão F","VIRA, VIROU!
Com gol no último lance, as Palestrinas levaram a melhor fora de casa.
#ElasEmCampo 
📷 Marina Garcia/Fluminense",,0,"04/21/2026 14:25",N/A,https://www.facebook.com/paulistaof/posts/pfbid037Wa45WxHk3ueP2SufnyXPY67ouAYVMv9qWXnVYzB3CM1fNw3sRZSAqGAxRuqc5YXl,0,0,Fotos,,,,,Total,78691,56773,1627,1522,51,54,,,914,392,522,,,,,,
932448859501124,100082080567569,"Paulistão F","100% DE APROVEITAMENTO!
Dois jogos e duas vitórias na conta das equipes paulistas no @brfeminino.
#ElasEmCampo",,0,"04/21/2026 15:02",N/A,https://www.facebook.com/paulistaof/posts/pfbid0bFZmK6uJ7bBAiazK9mePgfFkVEM4tAQkrB1WptDJFHB95HXoFVDbLpeNmKwTZG8dl,0,0,Fotos,,,,,Total,16511,11745,80,78,1,1,,,119,47,72,,,,,,
933977126014964,100082080567569,"Paulistão F","MULHERES DESTE SOLO EM SÃO PAULO!
Isso mesmo que vocês leram: teremos Seleção Brasileira jogando contra os Estados Unidos na Neo Química Arena. Já anota na agenda para não perder 🤩
#ElasEmCampo",,0,"04/23/2026 14:01",N/A,https://www.facebook.com/paulistaof/posts/pfbid0fnDTXHQB1KgnGfarCBJ1cCnfqsKsp6aXasfHputLzGyskdUyV223EceVcXJTsV7rl,0,0,Fotos,,,,,Total,13468,9896,252,229,15,8,,,164,80,84,,,,,,
934341105978566,100082080567569,"Paulistão F","QUE JOGÃO 🤩
Corinthians e Ferroviária é emoção garantida. Quem vai levar a melhor pelo @brfeminino?
#ElasEmCampo",,0,"04/24/2026 02:00",N/A,https://www.facebook.com/paulistaof/posts/pfbid0pXiRR5es8zkT6Tmfbb7WSqfzMs7McdoyFvum2z6nLSVXTTKrMuTDB88cYkT5N9ntl,0,0,Fotos,,,,,Total,31136,21083,630,577,35,18,,,585,358,227,,,,,,
934485185964158,100082080567569,"Paulistão F","DOSE TRIPLA!
Com direito a clássico, não vai faltar emoção no @brfeminino nesta sexta-feira.
#ElasEmCampo",,0,"04/24/2026 06:00",N/A,https://www.facebook.com/paulistaof/posts/pfbid027KyhR5eK85uqLo3eSod7rEStmr1ZtpexuAcQYBaj1DXnGxBvHjAnmZJA5ondy5RWl,0,0,Fotos,,,,,Total,10230,7934,100,95,0,5,,,142,46,96,,,,,,
934791292600214,100082080567569,"Paulistão F","O MOMENTO DAS MINI DIVAS!
Diretamente de Campinas, vai rolar o Festival Paulista Feminino Sub-12 neste final de semana com 11 equipes na disputa 🥰
#FestivalPaulistaFemininoSub12",,0,"04/24/2026 14:16",N/A,https://www.facebook.com/paulistaof/posts/pfbid02AU96VtuHocZ2cnjufp6zhzccn6CC79hDAnbd153vrcfyamitZHo1QK5otydn4dJAl,0,0,Fotos,,,,,Total,1695,1220,19,17,2,0,,,16,9,7,,,,,,
934820499263960,100082080567569,"Paulistão F","100%!
Realidade Jovem engata a quinta vitória seguida no Brasileirão Feminino A3!
#ElasEmCampo
📷Caroline Almeida",,0,"04/24/2026 15:18",N/A,https://www.facebook.com/paulistaof/posts/pfbid02vnqWLVcEhHAsPY8WfwCEv9uoGu723msqXELzv7SABzJxhE3EmQyL71HoevUA5ksTl,0,0,Fotos,,,,,Total,5437,4010,27,26,1,0,,,53,19,34,,,,,,
934913079254702,100082080567569,"Paulistão F","ANOTA NA AGENDA!
Vem conferir datas e horários das três primeiras rodadas do Paulistão Feminino 2026 🤩
#PaulistãoFeminino2026",,0,"04/24/2026 18:15",N/A,https://www.facebook.com/paulistaof/posts/pfbid02EZnQ5z7KAPS7z5XnPwjXWNvysqg6jKaSwdzksbKJrYHuhLi5nNBQRLqsGRTafnBl,0,0,Fotos,,,,,Total,10657,7025,126,99,3,24,,,451,83,368,,,,,,
934946679251342,100082080567569,"Paulistão F","QUINTA VITÓRIA SEGUIDA DAS BRABAS NO BRASILEIRÃO FEMININO!
Corinthians vence a Ferroviária no clássico!
#ElasEmCampo 
📷Rebeca Reis/Staff Images Woman/CBF",,0,"04/24/2026 19:14",N/A,https://www.facebook.com/paulistaof/posts/pfbid02JJTLQEEqfNJPz83CtyNWC9m4QUsA7jWJeh1VJc4Gaw64CxKBiVF4b4CYdoMgjoqdl,0,0,Fotos,,,,,Total,89153,63334,2481,2303,124,54,,,998,579,419,,,,,,
934947472584596,100082080567569,"Paulistão F","SEXTA-FEIRA CONCLUÍDA COM SUCESSO!
#ElasEmCampo",,0,"04/24/2026 19:16",N/A,https://www.facebook.com/paulistaof/posts/pfbid02oaZbdWcWt1Td5XfyzX6wwgQiBh65R34PRgac1XGojqiaiLznzSAZACsGt2p3HPjGl,0,0,Fotos,,,,,Total,14713,10199,119,114,1,4,,,132,53,79,,,,,,
935331262546217,100082080567569,"Paulistão F","GUERREIRAS EM CAMPO!
O Taubaté visita o Pérolas Negras pelo #BrasileirãoA2 🔥",,0,"04/25/2026 06:00",N/A,https://www.facebook.com/paulistaof/posts/pfbid0m47WkxQuNDKJtbuRLuti4J7jmd847FgjRB1WLWzsjiCCeA1myL25Yw3sr8YasgaGl,0,0,Fotos,,,,,Total,5265,4291,40,37,1,2,,,40,23,17,,,,,,
935423689203641,100082080567569,"Paulistão F","FESTIVAL DE COMEMORAÇÃO! 🫵
@asbrabinhas mandaram muito bem nas comemorações! E aí, qual a sua favorita? 
#FestivalFemininoSub12","FESTIVAL DE COMEMORAÇÃO! 🫵
@asbrabinhas mandaram muito bem nas comemorações! E aí, qual a sua favorita? 
#FestivalFemininoSub12",21,"04/25/2026 08:11",N/A,https://www.facebook.com/reel/2137913560274329/,1,0,Vídeos,,,,,Total,1430,1396,30,27,1,2,,,4,4,,5828.183,4.466,0,0,0,
935456055867071,100082080567569,"Paulistão F","SABADÃO DO JEITO QUE A GENTE GOSTA!
O Festival Paulista Feminino Sub-12 tá em campo!
#FestivalPaulistaFemininoSub12
📷Rebeca Reis/Ag. Paulistão",,0,"04/25/2026 08:59",N/A,https://www.facebook.com/paulistaof/posts/pfbid02dwBsUDDmvtByMuPa6KqAgLxHnvP846AoLtE3N4gxu5uEKpJtQoonmh7ZnLMBtR2jl,0,0,Fotos,,,,,Total,2081,1597,27,26,1,0,,,31,8,23,,,,,,
935540405858636,100082080567569,"Paulistão F","TARDE AGITADA!
O Festival Paulista Feminino Sub-12 não para!
#FestivalPaulistaFemininoSub12
📷Rebeca Reis/Ag. Paulistão",,0,"04/25/2026 11:00",N/A,https://www.facebook.com/paulistaof/posts/pfbid02JX1mRY2vRYF3ddHLRsQDUziAj3mcAysVqu3jKYfkFVj1KEckoXY9Ybvw5LcpQByJl,0,0,Fotos,,,,,Total,3582,2594,45,44,1,0,,,58,15,43,,,,,,
935552925857384,100082080567569,"Paulistão F","E OLHA QUEM CHEGOU POR AQUI! 🐶🌟
O Fanaticão é quem vai dar as instruções para o próximo jogo no #FestivalSub12!","E OLHA QUEM CHEGOU POR AQUI! 🐶🌟
O Fanaticão é quem vai dar as instruções para o próximo jogo no #FestivalSub12!",16,"04/25/2026 11:20",N/A,https://www.facebook.com/reel/809087845229974/,1,0,Vídeos,,,,,Total,741,711,12,11,1,0,,,5,5,,2574.455,3.78,0,0,0,
935590619186948,100082080567569,"Paulistão F","Seu reel",,33,"04/25/2026 12:22",N/A,https://www.facebook.com/reel/1647810743127556/,1,0,Vídeos,,,,,Total,994,971,16,16,0,0,,,10,10,,4968.03,5.285,0,0,0,
935633109182699,100082080567569,"Paulistão F","O Taubaté teve sua sequência de vitórias interrompida no Brasileirão Feminino A2.
#ElasEmCampo
📷Junior Santos/Divulgação/Taubaté",,0,"04/25/2026 13:39",N/A,https://www.facebook.com/paulistaof/posts/pfbid02qVjmtbHz7rcMw5Y1SG9HdictDD4XfYEMi381HP4BjCKJ8TyT5J1CmS9naMqWYQCyl,0,0,Fotos,,,,,Total,9691,7346,43,41,2,0,,,108,51,57,,,,,,
935657809180229,100082080567569,"Paulistão F","HORA DA PREMIAÇÃO! 🎖️👏🏼
Vem ver todo mundo recebendo as medalhas no #FestivalSub12!","HORA DA PREMIAÇÃO! 🎖️👏🏼
Vem ver todo mundo recebendo as medalhas no #FestivalSub12!",130,"04/25/2026 14:26",uploaded,https://www.facebook.com/reel/745466208561089/,1,0,Vídeos,,,,,Total,660,638,10,8,1,1,,,5,5,,3464.14,5.354,0,0,0,
935691112510232,100082080567569,"Paulistão F","ELAS MERECEM! ❤️
Chegou ao fim o primeiro dia do Festival Paulista Feminino Sub-12! Hora de premiar nossas meninas.
#FestivalPaulistaFemininoSub12 
📷Rebeca Reis/Ag. Paulistão",,0,"04/25/2026 15:36",N/A,https://www.facebook.com/paulistaof/posts/pfbid02FWiQU5UckDJJcpt52nvxdSxoRQYTWM2ZvxnRXgTnaogQqUpnYhELCQ563THciEfal,0,0,Fotos,,,,,Total,2361,1737,27,26,1,0,,,39,7,32,,,,,,
935698125842864,100082080567569,"Paulistão F","ALGUÉM APROVEITOU O FESTIVAL… 🐾🥰
Ele fez carinho nos aumigos, levou um bebê para passear e até guerra de água com as nossas mini craques rolou! Vem ver um pouco de como foi o dia do Fanaticão no #FestivalSub12!","ALGUÉM APROVEITOU O FESTIVAL… 🐾🥰
Ele fez carinho nos aumigos, levou um bebê para passear e até guerra de água com as nossas mini craques rolou! Vem ver um pouco de como foi o dia do Fanaticão no #FestivalSub12!",60,"04/25/2026 15:53",N/A,https://www.facebook.com/reel/1685664842464846/,1,0,Vídeos,,,,,Total,427,413,7,7,0,0,,,2,2,,2299.544,5.541,0,0,0,
935703559175654,100082080567569,"Paulistão F","❤️❤️
#FestivalPaulistaFemininoSub12
📷Rebeca Reis/Ag. Paulistão",,0,"04/25/2026 16:05",N/A,https://www.facebook.com/paulistaof/posts/pfbid0ArXgsuAMPauyFdFYVHEbKhFkgrNG1WAV8rxS3mDTXXjuXvG6otHErbnT1nFFNJKml,0,0,Fotos,,,,,Total,1683,1214,18,18,0,0,,,15,1,14,,,,,,
936087529137257,100082080567569,"Paulistão F","DOSE DUPLA!
É dia do interior representar o #FutebolPaulista no @brfeminino.
#ElasEmCampo",,0,"04/26/2026 04:00",N/A,https://www.facebook.com/paulistaof/posts/pfbid0jLWje86ShCbJ6bShCPfxLpNZeVD7sU1h6n9yadHft6JnABxQQXFNjHZsRqs94Jxvl,0,0,Fotos,,,,,Total,8076,6169,44,42,0,2,,,75,17,58,,,,,,
936218189124191,100082080567569,"Paulistão F","PASSE O CELULAR! 📲
Conheça o time do @sesisp.futebolfeminino 👀🥰
#FestivalPaulistaFemininoSub12","PASSE O CELULAR! 📲
Conheça o time do @sesisp.futebolfeminino 👀🥰
#FestivalPaulistaFemininoSub12",41,"04/26/2026 07:28",N/A,https://www.facebook.com/reel/1722275212486451/,1,0,Vídeos,,,,,Total,886,920,23,21,1,1,,,16,16,,3937.149,4.659,0,0,0,
936230995789577,100082080567569,"Paulistão F","MANHÃ CHEIA EM CAMPINAS! 🔥
Os jogos estão a todo vapor no #FestivalFemininoSub12!","MANHÃ CHEIA EM CAMPINAS! 🔥
Os jogos estão a todo vapor no #FestivalFemininoSub12!",24,"04/26/2026 07:46",N/A,https://www.facebook.com/reel/1904775546902396/,1,0,Vídeos,,,,,Total,1781,1768,18,18,0,0,,,5,5,,8273.716,4.996,0,0,0,
936238865788790,100082080567569,"Paulistão F","AULAS DE RITMO COM @adcentrolimpico! 
Não é só dentro das quatro linhas que as meninas mandam bem 😮‍💨
#FestivalPaulistaFemininoSub12","AULAS DE RITMO COM @adcentrolimpico! 
Não é só dentro das quatro linhas que as meninas mandam bem 😮‍💨
#FestivalPaulistaFemininoSub12",21,"04/26/2026 07:58",uploaded,https://www.facebook.com/reel/25565696209774067/,1,0,Vídeos,,,,,Total,1857,1845,29,24,2,3,,,5,5,,5796.358,3.327,0,0,0,
936294882449855,100082080567569,"Paulistão F","GO CRAZY, @s.e_lemensefutebolfeminino! 💃
#FestivalPaulistaFemininoSub12 #trend","GO CRAZY, @s.e_lemensefutebolfeminino! 💃
#FestivalPaulistaFemininoSub12 #trend",16,"04/26/2026 09:18",N/A,https://www.facebook.com/reel/1482673580013267/,1,0,Vídeos,,,,,Total,1363,1358,11,11,0,0,,,11,11,,4498.53,3.587,0,0,0,
936328115779865,100082080567569,"Paulistão F","Fui dar um pulinho ali com a @adcentrolimpico e já volto! 🏃‍♀️
#FestivalPaulistaFemininoSub12","Fui dar um pulinho ali com a @adcentrolimpico e já volto! 🏃‍♀️
#FestivalPaulistaFemininoSub12",6,"04/26/2026 10:09",N/A,https://www.facebook.com/reel/1650998539150119/,1,0,Vídeos,,,,,Total,1702,1514,13,13,0,0,,,12,12,,3805.359,2.689,0,0,0,
936376395775037,100082080567569,"Paulistão F","EMPATE!
Dois pra lá, dois pra cá e tudo igual no confronto entre Red Bull Bragantino e Cruzeiro.
#ElasEmCampo
📷Fernando Roberto/Red Bull Bragantino",,0,"04/26/2026 11:28",N/A,https://www.facebook.com/paulistaof/posts/pfbid02gNBL76DvJ1S88khazTz2ENknU3MEo2ihAzoNFpS7z46KHrYQkpwLjMmhRRF5jxj2l,0,0,Fotos,,,,,Total,7919,5925,62,62,0,0,,,51,21,30,,,,,,
936416019104408,100082080567569,"Paulistão F","VAI UMA MEDALHA AÍ? 🏅👀
Fechando mais um dia de #FestivalPaulistaFemininoSub12 com a cerimônia de premiação das minhas mini atletas!","VAI UMA MEDALHA AÍ? 🏅👀
Fechando mais um dia de #FestivalPaulistaFemininoSub12 com a cerimônia de premiação das minhas mini atletas!",70,"04/26/2026 12:38",N/A,https://www.facebook.com/reel/1713996306395783/,1,0,Vídeos,,,,,Total,1146,1214,19,18,1,0,,,5,5,,5314.593,4.766,0,0,0,
936429089103101,100082080567569,"Paulistão F","CORREDOR DE APLAUSOS! 👏🥰
Adversárias no campo, mas sempre se apoiando fora dele!
#FestivalPaulistaFemininoSub12","CORREDOR DE APLAUSOS! 👏🥰
Adversárias no campo, mas sempre se apoiando fora dele!
#FestivalPaulistaFemininoSub12",52,"04/26/2026 12:59",N/A,https://www.facebook.com/reel/923338857362264/,1,0,Vídeos,,,,,Total,1705,1756,22,21,0,1,,,11,11,,8503.855,5.119,0,0,0,
936430219102988,100082080567569,"Paulistão F","ELAS DERAM SHOW MAIS UMA VEZ! ❤️
#FestivalPaulistaFemininoSub12
📷Rebeca Reis/Ag. Paulistão",,0,"04/26/2026 13:01",N/A,https://www.facebook.com/paulistaof/posts/pfbid0VSeoMsYa6X7twNY7GJDcUmXLcDt5w2SLKv696LR3PtqVw7eBW69BKQXfAhdziNyPl,0,0,Fotos,,,,,Total,2722,1915,36,34,0,2,,,61,16,45,,,,,,
936469612432382,100082080567569,"Paulistão F","O São José lutou até o fim, mas acabou superado pelo Real Heips-RJ.
#ElasEmCampo
📷Divulgação/São José",,0,"04/26/2026 14:17",N/A,https://www.facebook.com/paulistaof/posts/pfbid03cBQTqBp6ZMXwwWuo9T9QvEqVjChEknhu72Ehk6kDLthfVHTSgL3WP1izsMVYSLel,0,0,Fotos,,,,,Total,8340,6348,28,26,1,1,,,45,16,29,,,,,,
936499485762728,100082080567569,"Paulistão F","NOSSAS PEQUENAS GIGANTES! ❤️
Domingo incrível no Festival Paulista Feminino Sub-12!
#FestivalPaulistaFemininoSub12 
📷Rebeca Reis/Ag. Paulistão",,0,"04/26/2026 15:18",N/A,https://www.facebook.com/paulistaof/posts/pfbid025jNJoDdRsGHSdmBYx1qWLmVvbU2atNVFFeJXYGk9vVwV4Sfd4PeNdWpxUsBKcqQ9l,0,0,Fotos,,,,,Total,3057,2252,24,23,0,1,,,34,4,30,,,,,,
936508745761802,100082080567569,"Paulistão F","VIVA O FESTIVAL PAULISTA FEMININO SUB-12!
#FestivalPaulistaFemininoSub12 
📷Rebeca Reis/Ag. Paulistão",,0,"04/26/2026 15:37",N/A,https://www.facebook.com/paulistaof/posts/pfbid02gpAqn6DBQiTkcgFnqcvD9BkbKA4QJvYepWbbAksumQDk1aQDXBbTKek3GK82jP6zl,0,0,Fotos,,,,,Total,2261,1673,12,12,0,0,,,30,5,25,,,,,,
936520002427343,100082080567569,"Paulistão F","Um domingo sem vitórias para o #FutebolPaulista.
#ElasEmCampo",,0,"04/26/2026 16:01",N/A,https://www.facebook.com/paulistaof/posts/pfbid02RArSsZWgMTit2QxEV2G56Ac8NA6NwLyxadHxwkBnpuqFPiwXEW29kgbG6sLq755fl,0,0,Fotos,,,,,Total,6186,4408,21,21,0,0,,,40,21,19,,,,,,
937058609040149,100082080567569,"Paulistão F","Paulistão F adicionou uma nova foto.",,0,"04/27/2026 07:13",N/A,https://www.facebook.com/photo.php?fbid=937058609040149&set=a.230513136361370&type=3,0,0,Fotos,,,,,Total,978,676,17,17,0,0,,,18,11,7,,,,,,
937059542373389,100082080567569,"Paulistão F","Paulistão F atualizou a foto da capa.",,0,"04/27/2026 07:14",N/A,https://www.facebook.com/photo.php?fbid=937059542373389&set=a.230513143028036&type=3,0,0,Fotos,,,,,Total,6,3,11,9,0,2,,,0,,,,,,,,
937193909026619,100082080567569,"Paulistão F","MAIS DOIS!
Com direito a clássico, vem conferir os jogos desta segunda-feira.
#ElasEmCampo",,0,"04/27/2026 10:32",N/A,https://www.facebook.com/paulistaof/posts/pfbid028KK9PUszX1mK1cCNz9jDWzMAK121yk1SuNXSzqMFSsQans8WuMsJqsShCNjQXUY7l,0,0,Fotos,,,,,Total,46355,33069,275,265,2,8,,,728,222,506,,,,,,
937246319021378,100082080567569,"Paulistão F","DIA DE CLÁSSICO!
PALESTRINAS E SEREIAS DA VILA FAZEM MAIS UM JOGÃO NO @BRFEMININO 🤩
#ElasEmCampo",,0,"04/27/2026 12:00",N/A,https://www.facebook.com/paulistaof/posts/pfbid024mtYLGDvFiSmWRDW6XX6va37p1afcG5qyp46rer5oUkD3NSRsvega33G481tV9s5l,0,0,Fotos,,,,,Total,47117,34388,474,432,30,12,,,805,403,402,,,,,,
937390655673611,100082080567569,"Paulistão F","NADA DE GOLS!
América-MG e São Paulo não balançaram as redes pelo Brasileirão Feminino.
#ElasEmCampo
📷Mourão Panda/América",,0,"04/27/2026 16:59",N/A,https://www.facebook.com/paulistaof/posts/pfbid0vuieMihJTJ7ct6bJ1EUm8pdEna7ekWHAN6PMpRfHq4XtkbPfPbMBrx16v7B5JjF6l,0,0,Fotos,,,,,Total,10851,8041,80,65,10,5,,,112,57,55,,,,,,
937419809004029,100082080567569,"Paulistão F","CLÁSSICO EM BRANCO!
Nada de gols para Palmeiras e Santos.
#ElasEmCampo
📷Guilherme Veiga/Palmeiras",,0,"04/27/2026 18:04",N/A,https://www.facebook.com/paulistaof/posts/pfbid02RKUr7a8sh9s4h8nqXtVrBtruwfNkUGiRjY26QBicsWt6LZzNX31P9zcXRs8q6V3Xl,0,0,Fotos,,,,,Total,24371,17729,206,184,15,7,,,266,129,137,,,,,,
937426192336724,100082080567569,"Paulistão F","Dois jogos e nenhum gol para as equipes paulistas.
#ElasEmCampo",,0,"04/27/2026 18:16",N/A,https://www.facebook.com/paulistaof/posts/pfbid02EnZPGcWWZ934QMWtvkrRRkGQXR5M7ASxj6DugMgJXNB6nnCfVxoydP6kPkZk8etMl,0,0,Fotos,,,,,Total,13747,9249,77,69,5,3,,,195,106,89,,,,,,
938901265522550,100082080567569,"Paulistão F","O Paulistão é F…",,0,"04/29/2026 12:48",N/A,https://www.facebook.com/paulistaof/posts/pfbid02b5jdPe5R8bqdb9ZpoUfGC8SeDbPxXjyNKuHGkzNxaJvCL5MyQCBNTvugXYT2xwxUl,0,0,Fotos,,,,,Total,1570,1114,18,16,1,1,,,19,17,2,,,,,,
938911085521568,100082080567569,"Paulistão F","MENINAS DA ÁGUIA SEGUEM!
O @saojosefutebolfeminino garantiu vaga para a segunda fase da Copa do Brasil Feminina.
#ElasEmCampo",,0,"04/29/2026 13:07",N/A,https://www.facebook.com/paulistaof/posts/pfbid02U86T7LwJ2zWskNSJ3HNCmxznSGAVtzywFm2H8BKgeuGxYCNmoQfaNsw4wbS1a8S3l,0,0,Fotos,,,,,Total,3951,3009,34,34,0,0,,,24,13,11,,,,,,
938979915514685,100082080567569,"Paulistão F","LOCOMOTIVA DE MAUÁ CLASSIFICADA!
Nos pênaltis, o Mauaense segue vivo na Copa do Brasil Feminina.
#ElasEmCampo",,0,"04/29/2026 15:21",N/A,https://www.facebook.com/paulistaof/posts/pfbid02gneBrVHSFX2gMLquMNTeptYXJW98uyP7K4TTZQZYnFi7Wv47N7wf5CsSYmzjU5UBl,0,0,Fotos,,,,,Total,2307,1750,16,16,0,0,,,11,5,6,,,,,,
938980442181299,100082080567569,"Paulistão F","RESULTADOS DO DIA!
Mauaense e São José seguem vivos na Copa do Brasil Feminina. 
#ElasEmCampo",,0,"04/29/2026 15:21",N/A,https://www.facebook.com/paulistaof/posts/pfbid0258K2vAMmrsFrn5RfPFM6SnY1R7T53z2mLKWemxV9v8CE1zVdDYF3RMc14iZkKf3Ll,0,0,Fotos,,,,,Total,5222,3745,19,18,0,1,,,39,9,30,,,,,,
939475805465096,100082080567569,"Paulistão F","Futebol não tem gênero: FPF inova e Paulistão Feminino agora é Paulistão F
Mais tradicional competição do país começa nesta quarta (6) com nova identidade

A Federação Paulista de Futebol anuncia um novo capítulo na história do mais tradicional campeonato de mulheres do Brasil: o Paulistão Feminino passa a se chamar Paulistão F.

A mudança marca o início de um processo que aproxima os universos do Paulistão masculino e do Paulistão feminino, reforçando o princípio de que o esporte não tem gênero.","Futebol não tem gênero: FPF inova e Paulistão Feminino agora é Paulistão F
Mais tradicional competição do país começa nesta quarta (6) com nova identidade

A Federação Paulista de Futebol anuncia um novo capítulo na história do mais tradicional campeonato de mulheres do Brasil: o Paulistão Feminino passa a se chamar Paulistão F.

A mudança marca o início de um processo que aproxima os universos do Paulistão masculino e do Paulistão feminino, reforçando o princípio de que o esporte não tem gênero.",16,"04/30/2026 06:04",uploaded,https://www.facebook.com/reel/1335202171821346/,1,0,Vídeos,,,,,Total,2420,2249,28,28,0,0,,,6,6,,5491.715,2.467,0,0,0,
939525308793479,100082080567569,"Paulistão F","Paulistão F atualizou a foto do perfil.",,0,"04/30/2026 07:22",N/A,https://www.facebook.com/photo.php?fbid=939525308793479&set=a.230513136361370&type=3,0,0,Fotos,,,,,Total,1020,706,22,21,0,1,,,12,8,4,,,,,,
940609725351704,100082080567569,"Paulistão F","A sexta-feira foi complicada para as Sereias da Vila.
#ElasEmCampo
📷Reinaldo Campos/Santos",,0,"05/01/2026 15:20",N/A,https://www.facebook.com/paulistaof/posts/pfbid0cMnEy33gA489bya1LDs2aGJo1pG1gunWPbfzpRcyfTuTWgBG3vuXrRC71ZEBf5dKl,0,0,Fotos,,,,,Total,12733,9514,100,93,5,2,,,117,66,51,,,,,,
940610135351663,100082080567569,"Paulistão F","DEVER DE CASA!
Três gols marcados e três pontos na conta da Ferroviária!
#ElasEmCampo
📷Jonatan Dutra/Ferroviária",,0,"05/01/2026 15:21",N/A,https://www.facebook.com/paulistaof/posts/pfbid02p6vW3rRrxuzUfYzQHbToaRLRVuB7bYAH4jn8T8dXxCs9Zci7q2V3v5kEs2PnXr4Fl,0,0,Fotos,,,,,Total,4387,3371,36,33,1,2,,,23,9,14,,,,,,
940613028684707,100082080567569,"Paulistão F","FIRME NO TOPO!
As Brabas do Timão voltam do Rio Grande do Sul com mais uma vitória no Brasileirão Feminino!
#ElasEmCampo
📷Lucas Uebel/Grêmio",,0,"05/01/2026 15:28",N/A,https://www.facebook.com/paulistaof/posts/pfbid02RQcXfryBVNaJtgU8KoJvzzqVM3MEi7vbfCt9wBX1uRsgjmupcLtdM3CnHw8ovLrml,0,0,Fotos,,,,,Total,18993,13972,710,665,25,20,,,233,130,103,,,,,,
940616555351021,100082080567569,"Paulistão F","Ponto final na sexta-feira de Brasileirão Feminino. 
Ferroviária e Corinthians garantiram as vitórias para o #FutebolPaulista.
#ElasEmCampo",,0,"05/01/2026 15:35",N/A,https://www.facebook.com/paulistaof/posts/pfbid025RZqQBcAYTtTAksAJKeG1ngHtBypNW1o1Uo8Aymd7kCbcGynE5niUV2wHYPrbYGBl,0,0,Fotos,,,,,Total,30622,20784,262,245,7,10,,,324,155,169,,,,,,
940687855343891,100082080567569,"Paulistão F","TODO MUNDO QUER SER COMO NÓS!
Já que a adm ama muito o trabalho dela, não tinha como não entrar na onda do melhor filme e do melhor Estadual 👀💜
#ODiaboVestePrada2 #PaulistãoF2026",,0,"05/01/2026 18:14",N/A,https://www.facebook.com/paulistaof/posts/pfbid0mXk4cEMtFFiN1GgfaUGPN7eVHDh9m9o4F2SARMmeDhA5hps18fax2MLfXvy1pzqUl,0,0,Fotos,,,,,Total,28015,20201,449,403,28,18,,,451,200,251,,,,,,
941030448642965,100082080567569,"Paulistão F","A SEGUNDA RODADA VEM AÍ!
Confira os confrontos do Paulista Feminino Sub-17!
#PaulistaFemininoSub17",,0,"05/02/2026 05:00",N/A,https://www.facebook.com/paulistaof/posts/pfbid0FVQUn6xasoyRVG7crr8L4ohx3CwsCKiNiixKow9FRcF99H7pVeTgPEhSePQKYktvl,0,0,Fotos,,,,,Total,11325,8251,83,76,1,6,,,175,64,111,,,,,,
941338611945482,100082080567569,"Paulistão F","DESPEDIDA COM GOLEADA!
O São José se despede do Brasileirão Feminino A3 em grande estilo!
#ElasEmCampo
📷Divulgação/São José",,0,"05/02/2026 13:39",N/A,https://www.facebook.com/paulistaof/posts/pfbid0YjLGJVfyBzEu7AH69MaiM4xQFQueYXhvxbWAx5Y7SqPjqdaPXFFpNioxDjU3LgAnl,0,0,Fotos,,,,,Total,12754,9654,81,77,2,2,,,122,59,63,,,,,,
941339211945422,100082080567569,"Paulistão F","As meninas do Mauaense foram superadas pelo Coritiba.
#ElasEmCampo
📷Luana Perdoncini/Coritiba",,0,"05/02/2026 13:40",N/A,https://www.facebook.com/paulistaof/posts/pfbid0PPYND4S3YkpLwTGw7shSGoZ2haa3FzrmR2bp74KddQyk8mi6pXNvoEe1P7oEGVSil,0,0,Fotos,,,,,Total,4728,3583,22,22,0,0,,,34,13,21,,,,,,
941340138611996,100082080567569,"Paulistão F","SEGUE O LÍDER!
Realidade Jovem avança de fase no Brasileirão Feminino A3 com 100% de aproveitamento!
#ElasEmCampo
📷Carol Almeida",,0,"05/02/2026 13:43",N/A,https://www.facebook.com/paulistaof/posts/pfbid0eVjYT4fsrarvm1N6ed1w6eTxkrr6QkANpLmJSyqU93e1NsUoo3kkm1xpmL4gKSt7l,0,0,Fotos,,,,,Total,2502,1930,20,17,3,0,,,15,6,9,,,,,,
941341451945198,100082080567569,"Paulistão F","É TAUBATÉ!
Vitória paulista pra cima do Paysandu!
#ElasEmCampo
📷Junior Santos/AD Taubaté",,0,"05/02/2026 13:45",N/A,https://www.facebook.com/paulistaof/posts/pfbid0yRjTAgmygjpH4TzmpaozpUDK25bSQ4yQDEUpgTeYVxukx78MSTgX2hi8bJsnBaN7l,0,0,Fotos,,,,,Total,2831,2132,13,13,0,0,,,22,7,15,,,,,,
941350231944320,100082080567569,"Paulistão F","PONTO LÁ!
A rede não balançou para Bahia e Palmeiras.
#ElasEmCampo
📷Catarina Brandão/EC Bahia",,0,"05/02/2026 14:04",N/A,https://www.facebook.com/paulistaof/posts/pfbid0sPViWjLkQFHWautkDnKoPw3n7DUgbLQiBxqXPo5QwsaAhqmJ5oLgGiNtEJeVy196l,0,0,Fotos,,,,,Total,16016,11606,137,112,23,2,,,238,142,96,,,,,,
941361958609814,100082080567569,"Paulistão F","Cinco equipes do #FutebolPaulista foram a campo neste sábado pelas três divisões do Brasileirão Feminino! Vamos aos resultados.
#ElasEmCampo",,0,"05/02/2026 14:30",N/A,https://www.facebook.com/paulistaof/posts/pfbid02a8uqnfZTFTZJ8VzQxXUBUkvheN5nEnvGX3k6BnKDS4ZWJF1sgJv3iDKFggwchUP4l,0,0,Fotos,,,,,Total,12853,9129,55,52,1,2,,,152,56,96,,,,,,
941829605229716,100082080567569,"Paulistão F","BRAGANTINAS NA ÁREA!
Fora de casa, o Red Bull Bragantino vai com tudo pelos três pontos!
#ElasEmCampo",,0,"05/03/2026 06:00",N/A,https://www.facebook.com/paulistaof/posts/pfbid0Wwandxg5EnA4i7jiFtv2Q41gXBkzrK7C4Z9eheBuzxVNcL7HBJ8Nw6z12WeUA58ol,0,0,Fotos,,,,,Total,8928,6699,47,42,3,2,,,87,37,50,,,,,,
942121695200507,100082080567569,"Paulistão F","Bora conferir como terminaram todos os jogos da segunda rodada do Paulista Feminino Sub-17!
#PaulistaFemininoSub17",,0,"05/03/2026 13:42",N/A,https://www.facebook.com/paulistaof/posts/pfbid0JPv71asjWXsnD2gruN13Zdwertr89hwxdv4erAz4tZaZQpG6NMsRBYE7oWVqMZZrl,0,0,Fotos,,,,,Total,14577,9945,74,70,0,4,,,149,55,94,,,,,,
942200201859323,100082080567569,"Paulistão F","VAI, MASSA BRUTA!
As Bragantinas conseguem uma grande vitória no Rio de Janeiro!
#ElasEmCampo
📷Arthur Barreto/Botafogo",,0,"05/03/2026 16:45",N/A,https://www.facebook.com/paulistaof/posts/pfbid03XbNPKVH76mqpdgTksh5mfKAg84RXHFs4T7tEs5VzWkbFNVkd7xkCf1g5aCsG6Hnl,0,0,Fotos,,,,,Total,7144,5266,49,47,0,2,,,44,21,23,,,,,,
942615908484419,100082080567569,"Paulistão F","PRA CIMA, TRICOLOR!
É DIA DE JOGÃO NO @brfeminino!
#ElasEmCampo",,0,"05/04/2026 06:00",N/A,https://www.facebook.com/paulistaof/posts/pfbid0TkULnSQ5ehadXJturEFdkEDFP6t1EsuU2Bbwk4Q2JXvBKCpyzmLzAHxVhobVrJ4el,0,0,Fotos,,,,,Total,17436,12829,231,201,23,7,,,313,181,132,,,,,,
943082231771120,100082080567569,"Paulistão F","TRI-CO-LOOOOOOR!
No encerramento da nona rodada do Brasileirão Feminino, o São Paulo fez valer o fator casa e ficou com a vitória pra cima do Flamengo!
#ElasEmCampo
📷Divulgação/São Paulo",,0,"05/04/2026 19:12",N/A,https://www.facebook.com/paulistaof/posts/pfbid0xzqFtUhN1zATLCiAxnBWAv15gMsEXbYbQK1WNHMgkfJNT4Q8aBjda6qLvHcQjktil,0,0,Fotos,,,,,Total,24554,18295,644,603,19,22,,,236,131,105,,,,,,
943654858380524,100082080567569,"Paulistão F","TÁ CHEGANDO A HORA!
OLHA A PRIMEIRA RODADA DO PAULISTÃO 2026 NA ÁREA 🤩
#PaulistãoF2026",,0,"05/05/2026 11:54",N/A,https://www.facebook.com/paulistaof/posts/pfbid02dH5GJiTXmaDJP6L1xACJ5b87qjY2NqSdp4XrtqZSEKdNcr5qEmM7nUAVt89sqKw2l,0,0,Fotos,,,,,Total,78779,55122,460,414,9,37,1,,1196,420,776,,,,,,
943687891710554,100082080567569,"Paulistão F","OLHA QUEM CHEGOU 🤩
Prepare-se, a competição mais tradicional do país vai começar nesta quarta-feira!
#PaulistãoF","OLHA QUEM CHEGOU 🤩
Prepare-se, a competição mais tradicional do país vai começar nesta quarta-feira!
#PaulistãoF",21,"05/05/2026 13:00",N/A,https://www.facebook.com/reel/1219978783365402/,0,0,Vídeos,,,,,Total,1665,1535,28,26,1,1,,,7,7,,5613.888,3.645,0,0,0,
943727278373282,100082080567569,"Paulistão F","RANKING DOS CAMPEÕES!
Corinthians, Palmeiras e Santos dividem o posto de maiores vencedores do Paulistão F. Quem vai levar o caneco esse ano? 👀🏆
#PaulistãoF2026",,0,"05/05/2026 14:30",N/A,https://www.facebook.com/paulistaof/posts/pfbid0X6DBsyJGad9oWWsVmtfzyEqhjqxLyq7DtAQ5X3c1gigvAcw58kJaJZWr5bvWfj8Nl,0,0,Fotos,,,,,Total,1818,1264,18,16,0,2,,,50,6,44,,,,,,
943765245036152,100082080567569,"Paulistão F","O campeonato mais tradicional do país chegou com tudo em 2026, tá?!
VAR em 100% das partidas no Paulistão ✅
Primeira competição feminina do Brasil a utilizar o VAR de forma integral ✅
#PaulistãoF2026",,0,"05/05/2026 16:00",N/A,https://www.facebook.com/paulistaof/posts/pfbid02Zw7kSn3nz9RD5VAN2Vau6zC9pNTMzzR2PJUj1wABVScfPRgfVJ2ma8B3eRN7d5Ywl,0,0,Fotos,,,,,Total,1285,955,24,22,1,1,,,8,3,5,,,,,,
943881615024515,100082080567569,"Paulistão F","CHEGOU O GRANDE DIA, MEU POVO!😍
A BOLA VAI ROLAR NO PAULISTÃO F 2026!
#PaulistãoF2026",,0,"05/05/2026 20:05",N/A,https://www.facebook.com/paulistaof/posts/pfbid0Zh2g6cwvpUkyjzXTfUN28iJ2waX2VhLyrLo7Sxx9S6hddLSmAuh5kSnqW6imBudPl,0,0,Fotos,,,,,Total,14699,10423,185,177,4,4,,,225,127,98,,,,,,
944165904996086,100082080567569,"Paulistão F","É HOOOOOOJEEEEEEEEEEE!
O Paulistão 2026 está na área e já começou com três grandes jogos. Tem meu atual campeão, tem estreia e tem SuperclássicoF, que dia!
#PaulistãoF2026",,0,"05/06/2026 05:00",N/A,https://www.facebook.com/paulistaof/posts/pfbid02P6qBAq4N5HNK7qJMVh9PPuBWW9eewngkGmFMVHfa3K8vNzXT6SWEqS6JWv5tLSx7l,0,0,Fotos,,,,,Total,24792,16612,236,220,7,9,,,502,132,370,,,,,,
944280708317939,100082080567569,"Paulistão F","O PRIMEIRO DO ANO!
Taubaté e Red Bull Bragantino abrem o Paulistão 2026!
#PaulistãoF2026",,0,"05/06/2026 07:56",N/A,https://www.facebook.com/paulistaof/posts/pfbid02XZd1VcqYAmz8MZgPTCLs5rkr2sH2di7nRhJFjMEJhuC4LUckuhnErXy6VxbE9TWUl,0,0,Fotos,,,,,Total,3001,2218,20,18,0,2,,,22,8,14,,,,,,
944321361647207,100082080567569,"Paulistão F","ALERTA DE JOGÃO NO PAULISTÃO!
Tem estreia do Mirassol e minhas atuais campeãs em campo!
#PaulistãoF2026",,0,"05/06/2026 09:00",N/A,https://www.facebook.com/paulistaof/posts/pfbid02nYpoEemo4XAo5QLr2HVyBr3yaB98jHXruqnbcRphzeRcPhGFuMxdRaA27PuZ6MDAl,0,0,Fotos,,,,,Total,7376,5327,95,91,2,2,,,92,36,56,,,,,,
944374824975194,100082080567569,"Paulistão F","O PRIMEIRO SUPERCLÁSSICO DE 2026!
Ferroviária e Santos prometem um grande jogo na primeira rodada do Paulistão!
#PaulistãoF2026 #SuperclássicoF",,0,"05/06/2026 10:30",N/A,https://www.facebook.com/paulistaof/posts/pfbid0BmH6mnhVnuBeSzHAbK5ZL6nCmJFpBqD9cQ3toX5LE6QWZwVgCzj7zSKMEQ5SobWLl,0,0,Fotos,,,,,Total,5018,3627,38,36,2,0,,,60,29,31,,,,,,
944408471638496,100082080567569,"Paulistão F","AS GUERREIRAS GRENÁS QUEREM COMEÇAR O PAULISTÃO COM VITÓRIA EM CASA NO SUPERCLÁSSICO!
#PaulistãoF2026 #SuperclássicoF",,0,"05/06/2026 11:30",N/A,https://www.facebook.com/paulistaof/posts/pfbid02jHEegpZ3QjssAJFvcoebz5cVTrX89tFKZcgLQzwfx9Xub2wXBziT85S9Fx5eVu8Rl,0,0,Fotos,,,,,Total,2940,2124,21,20,0,1,,,38,20,18,,,,,,
944424861636857,100082080567569,"Paulistão F","AQUELE PRÉ-JOGO DE RESPEITO!
O PAULISTÃO F 2026 VAI COMEÇAR COM TAUBATÉ E RED BULL BRAGANTINO!
#PaulistãoF2026
📷Anderson Romão/Ag.Paulistão",,0,"05/06/2026 11:58",N/A,https://www.facebook.com/paulistaof/posts/pfbid02C1UV4uv33sHJ44eD3UvGEAavobw7xyTbvjbwnhyFVTCyaMpWS7wBGuJZHCNwnoj5l,0,0,Fotos,,,,,Total,1673,1262,18,17,0,1,,,19,4,15,,,,,,
944426101636733,100082080567569,"Paulistão F","SEREIAS DA VILA EM AÇÃO!
O Santos vai com tudo em busca da vitória do Superclássico!
#PaulistãoF2026 #SuperclássicoF",,0,"05/06/2026 12:00",N/A,https://www.facebook.com/paulistaof/posts/pfbid0kJKWFgmH6KEKZ3nXWYKQHShaXEMoZpFbAgBAWgBiDAyKZCXqJyGDkwbYZSkYfjNxl,0,0,Fotos,,,,,Total,2383,1772,28,26,2,0,,,39,19,20,,,,,,
944446654968011,100082080567569,"Paulistão F","MOMENTO HISTÓRICO!
O primeiro jogo da história do @mirassolfcfeminino será no Paulistão F!
#PaulistãoF2026 #Mirassol",,0,"05/06/2026 12:40",N/A,https://www.facebook.com/paulistaof/posts/pfbid02hZkCxBzMfYUxFiFrz2eAaqJgT3KqWVcPD8KhKZqttCby3NyhjPkMy6S5Y4UAEGffl,0,0,Fotos,,,,,Total,7278,5265,79,73,5,1,,,95,46,49,,,,,,
944449861634357,100082080567569,"Paulistão F","O PRIMEIRO GOL DO PAULISTÃO F 2026 FOI DELA: ALESSANDRA!
#PaulistãoF2026 #Taubaté
📷Anderson Romão/Ag.Paulistão",,0,"05/06/2026 12:46",N/A,https://www.facebook.com/paulistaof/posts/pfbid02pZu3burCGvfrrZx77LJffKtfF7xweu4UqfTABc7dV5rz34SjGLVRtW7zhRmfvLvRl,0,0,Fotos,,,,,Total,1766,1314,14,12,1,1,,,13,10,3,,,,,,
944452401634103,100082080567569,"Paulistão F","TAUBATÉ NA FRENTE DO PLACAR!
Intervalo de jogo e as Guerreiras vão vencendo as Bragantinas!
#PaulistãoF2026
📷Anderson Romão/Ag.Paulistão",,0,"05/06/2026 12:51",N/A,https://www.facebook.com/paulistaof/posts/pfbid02AmcbBZJLBSeUkyawyjdnrxxg2BYY3uToeSvjh6QJADMVVnFxt1YqmtMDs6wLbA1Vl,0,0,Fotos,,,,,Total,2161,1595,16,15,0,1,,,20,9,11,,,,,,
944464874966189,100082080567569,"Paulistão F","NOITE DE ESTREIA!
Vem que tem mais um jogaço pra rolar no Paulistão! 
O Palmeiras começa a caminha na busca pelo tricampeonato, enquanto o Mirassol faz o primeiro jogo de sua história!
#PaulistãoF2026 
📷Rebeca Reis/Ag.Paulistão",,0,"05/06/2026 13:16",N/A,https://www.facebook.com/paulistaof/posts/pfbid0r2KRyoA9LQkBwFPEAA49PXjbsQRP5SCvmw6VjVSB4ZNhCeXzJGrCGYxC1E46xY6yl,0,0,Fotos,,,,,Total,927,664,11,11,0,0,,,10,5,5,,,,,,
944478281631515,100082080567569,"Paulistão F","UM MILAGRE!
Yolanda faz bela defesa e salva o Taubaté!
#PaulistãoF2026 #Taubaté","UM MILAGRE!
Yolanda faz bela defesa e salva o Taubaté!
#PaulistãoF2026 #Taubaté",29,"05/06/2026 13:49",N/A,https://www.facebook.com/reel/1481467763439175/,0,0,Vídeos,,,,,Total,2515,2413,25,25,0,0,,,11,11,,14406.146,6.29,0,0,0,
944486601630683,100082080567569,"Paulistão F","TUDO IGUAL NA ABERTURA DO PAULISTÃO 2026!
Red Bull Bragantino busca empate contra o Taubaté no fim do jogo!
#PaulistãoF2026",,0,"05/06/2026 14:12",N/A,https://www.facebook.com/paulistaof/posts/pfbid02CbDkMY8PuynsYFU55hZpsjnzszZDWpXaBXByx6zbAqf8wMCHLSmDrUaSdKSS76uwl,0,0,Fotos,,,,,Total,1765,1309,16,16,0,0,,,30,7,23,,,,,,
944488754963801,100082080567569,"Paulistão F","O PRIMEIRO DE LAURA VALVERDE PELAS BRAGANTINAS!
O GOL QUE GARANTIU O EMPATE DA EQUIPE!
#PaulistãoF2026","O PRIMEIRO DE LAURA VALVERDE PELAS BRAGANTINAS!
O GOL QUE GARANTIU O EMPATE DA EQUIPE!
#PaulistãoF2026",29,"05/06/2026 14:17",uploaded,https://www.facebook.com/reel/1493171125524366/,0,0,Vídeos,,,,,Total,1367,1320,12,12,0,0,,,13,13,,9212.361,7.265,0,0,0,
944491898296820,100082080567569,"Paulistão F","A CRAQUE DO JOGO!
Laura Valverde jogou muito, fez o gol de empate das Bragantinas e  foi eleita pela galera a Craque do Jogo!
#PaulistãoF2026
📷Anderson Romão/Ag.Paulistão",,0,"05/06/2026 14:24",N/A,https://www.facebook.com/paulistaof/posts/pfbid0eDgRBGj1PGnpzunJFKyvPTKztkTe7ZzSBJLYdUYAZAZTRzfBhpE1A5fx9PZXqP5nl,0,0,Fotos,,,,,Total,1885,1404,12,11,0,1,,,16,8,8,,,,,,
944493198296690,100082080567569,"Paulistão F","TÁ NA REDE!
@dianymartins8 aproveita a falha da zaga do Mirassol pra fazer o primeiro só Palmeiras no Paulistão F!
#PaulistãoF2026","TÁ NA REDE!
@dianymartins8 aproveita a falha da zaga do Mirassol pra fazer o primeiro só Palmeiras no Paulistão F!
#PaulistãoF2026",40,"05/06/2026 14:27",uploaded,https://www.facebook.com/reel/1614693036253438/,1,0,Vídeos,,,,,Total,8183,8394,341,332,1,8,,,170,170,,78053.293,10.149,0,0,0,
944495034963173,100082080567569,"Paulistão F","QUE PANCADA!
A @glaucia.cristiano soltou o pé na cobrança de pênalti e anotou o segundo do Palmeiras contra o Mirassol.
#PaulistãoF","QUE PANCADA!
A @glaucia.cristiano soltou o pé na cobrança de pênalti e anotou o segundo do Palmeiras contra o Mirassol.
#PaulistãoF",34,"05/06/2026 14:31",uploaded,https://www.facebook.com/reel/931698336365882/,1,0,Vídeos,,,,,Total,5256,5266,169,160,4,5,,,117,117,,44613.905,9.062,0,0,0,
944498498296160,100082080567569,"Paulistão F","O PRIMEIRO DE 2026!
Já vamos começar o Paulistão 2026 com um SuperclássicoF 😍
#PaulistãoF2026
📷 Douglas Moreti/Ag. Paulistão",,0,"05/06/2026 14:41",N/A,https://www.facebook.com/paulistaof/posts/pfbid0B747McuH2U18HFiZHUFhfwHSrtZH7f89oyxFcKypeeugWVjFQ5jSjbSk2AtPvd5Dl,0,0,Fotos,,,,,Total,1102,809,13,13,0,0,,,5,2,3,,,,,,
944500474962629,100082080567569,"Paulistão F","O VERDÃO TÁ COM TUDO!
É o terceiro do Palmeiras! @emilyassis11 aproveitou o cruzamento vindo da esquerda e se lançou na bola para garantir mais um gol pro Alviverde!
#PaulisãoF","O VERDÃO TÁ COM TUDO!
É o terceiro do Palmeiras! @emilyassis11 aproveitou o cruzamento vindo da esquerda e se lançou na bola para garantir mais um gol pro Alviverde!
#PaulisãoF",42,"05/06/2026 14:46",uploaded,https://www.facebook.com/reel/1499079621851663/,1,0,Vídeos,,,,,Total,9320,9817,383,370,4,9,,,199,199,,75015.768,8.407,0,0,0,
944504681628875,100082080567569,"Paulistão F","AVASSALADOR!
O Palmeiras balançou as redes cinco vezes no primeiro tempo contra o Mirasso!
#PaulistãoF2026 
📷Rebeca Reis/Ag.Paulistão",,0,"05/06/2026 14:57",N/A,https://www.facebook.com/paulistaof/posts/pfbid031VeL1zaMbsNvRq5b1w28rXqB8XkhTWzJddigRJhkHikcziVmKsoiWjgf7xGGTgcXl,0,0,Fotos,,,,,Total,10591,7155,292,272,7,13,,,420,154,266,,,,,,
944510268294983,100082080567569,"Paulistão F","A DONA DO JOGO!
Tem mais um dela! Diany anota o quarto gol da partida!
#PaulistãoF","A DONA DO JOGO!
Tem mais um dela! Diany anota o quarto gol da partida!
#PaulistãoF",40,"05/06/2026 15:09",uploaded,https://www.facebook.com/reel/2082230852365814/,0,0,Vídeos,,,,,Total,4580,4655,177,171,5,1,,,82,82,,39380.303,9.075,0,0,0,
944511368294873,100082080567569,"Paulistão F","NÃO PERCA AS CONTAS!
Palmeiras 1, 2, 3, 4 e 5! Agora foi a vez de Greicy deixar o dela!
#PaulistãoF2026","NÃO PERCA AS CONTAS!
Palmeiras 1, 2, 3, 4 e 5! Agora foi a vez de Greicy deixar o dela!
#PaulistãoF2026",38,"05/06/2026 15:11",N/A,https://www.facebook.com/reel/1475526640690628/,0,0,Vídeos,,,,,Total,6594,6500,240,230,5,5,,,144,144,,72922.558,12.017,0,0,0,
944536008292409,100082080567569,"Paulistão F","COMEÇOU COM TUDO!
Palmeiras define placar no primeiro tempo e estreia com vitória no Paulistão F 2026!
#PaulistãoF2026 
📷Rebeca Reis/Ag. Paulistão",,0,"05/06/2026 16:09",N/A,https://www.facebook.com/paulistaof/posts/pfbid034ZYk3NgKkhbSk6hrgHtqfKXdoKGoKNUt99fGC6ZqZPjSiKK5kLQgaLKFm4oJ6WBRl,0,0,Fotos,,,,,Total,9534,6672,328,290,18,20,,,255,79,176,,,,,,
944576801621663,100082080567569,"Paulistão F","AVISA QUE É ELA!
Dona de dois gols na goleada do Palmeiras, Diany foi escolhida pela galera domo a #CraqueDoJogo!
#PaulistãoF2026
📷Rebeca Reis/Ag. Paulistão",,0,"05/06/2026 16:36",N/A,https://www.facebook.com/paulistaof/posts/pfbid0Wc9JVtLBzKvWARexG4s8cUB3eq7LQ2KyuC1bm4G4YHtMuQ5bV3RHj1XzgmwUxdRDl,0,0,Fotos,,,,,Total,5232,3612,201,187,11,3,,,82,51,31,,,,,,
944595374953139,100082080567569,"Paulistão F","NÃO QUIS COLABORAR! 😅
A Andressinha cobrou duas faltas no capricho, mas a trave do Mirassol impediu o gol as duas vezes!
#PaulistãoF2026","NÃO QUIS COLABORAR! 😅
A Andressinha cobrou duas faltas no capricho, mas a trave do Mirassol impediu o gol as duas vezes!
#PaulistãoF2026",41,"05/06/2026 16:39",N/A,https://www.facebook.com/reel/1514313850364294/,0,0,Vídeos,,,,,Total,6139,5872,98,96,0,2,,,91,91,,77867.894,13.618,0,0,0,
925257223553621,100082080567569,"Paulistão F","COMEÇOU ✅
O segundo dia de #FestivalPaulistaFemininoSub14 já está a todo vapor! 🤩🥰","COMEÇOU ✅
O segundo dia de #FestivalPaulistaFemininoSub14 já está a todo vapor! 🤩🥰",14,"04/12/2026 06:59",uploaded,https://www.facebook.com/reel/838759179246571/,1,0,Vídeos,,,,,Total,1472,1462,14,14,0,0,,,10,10,,4717.879,3.474,0,0,0,
925275956885081,100082080567569,"Paulistão F","Mais um dia de Festiva Paulista Feminino Sub-14 por aqui ✨
#FestivalPaulistaFemininoSub14
📷 Rebeca Reis/Ag. Paulistão",,0,"04/12/2026 07:30",N/A,https://www.facebook.com/paulistaof/posts/pfbid02QSUnLvg89MXUDP7iWrhUctTYE9kRqb3hC3iRFnvHvG7ydWghR2T7dxic8ZovKmual,0,0,Fotos,,,,,Total,2302,1668,20,20,0,0,,,35,16,19,,,,,,
874883461924331,100082080567569,"Paulistão F","Alerta de fofura e de Imperatriz de volta pra casa! 🥹 #ElasEmCampo","Alerta de fofura e de Imperatriz de volta pra casa! 🥹 #ElasEmCampo",21,"02/07/2026 11:21",N/A,https://www.facebook.com/reel/1425579965725323/,1,0,Vídeos,,,,,Total,164364,128902,7653,7468,67,118,,,1516,1516,,1393582.94,11.086,0,0,0,
925232786889398,100082080567569,"Paulistão F","COMEÇOU ✅
O segundo dia de #FestivalPaulistaFemininoSub14 já está a todo vapor! 🤩🥰","COMEÇOU ✅
O segundo dia de #FestivalPaulistaFemininoSub14 já está a todo vapor! 🤩🥰",14,"04/12/2026 06:19",uploaded,https://www.facebook.com/reel/959635020336603/,1,0,Vídeos,,,,,Total,1359,1277,21,21,0,0,,,11,11,,4713.218,3.835,0,0,0,
924920450253965,100082080567569,"Paulistão F","GOLEADA VERDE E AMARELA!
A Seleção Feminina começou voando na FIFA Series 2026!
#ElasEmCampo
📷Lívia Villas Boas/Staff Images/CBF",,0,"04/11/2026 20:30",N/A,https://www.facebook.com/paulistaof/posts/pfbid02FGjdU8sTv3bpSkjo3NJaHyzjYKg6W24yaqvjViDi6DwghiBKdEFt8cMaKcQ4keJpl,0,0,Fotos,,,,,Total,27842,19091,684,630,26,28,,,396,185,211,,,,,,
924839910262019,100082080567569,"Paulistão F","VEM VER COMO FOI A PREMIAÇÃO! 🏅✨
O primeiro dia de Festival Paulista Feminino Sub-14 terminou com muitas medalhas sendo distribuídas! 
#FestivalPaulistaFemininoSub14","VEM VER COMO FOI A PREMIAÇÃO! 🏅✨
O primeiro dia de Festival Paulista Feminino Sub-14 terminou com muitas medalhas sendo distribuídas! 
#FestivalPaulistaFemininoSub14",68,"04/11/2026 17:48",uploaded,https://www.facebook.com/reel/1350725117118892/,1,0,Vídeos,,,,,Total,1235,1286,20,18,1,1,,,7,7,,6374.134,5.379,0,0,0,
924818353597508,100082080567569,"Paulistão F","VIVA O FESTIVAL PAULISTA FEMININO SUB-14! ❤️
#FestivalPaulistaFemininoSub14
📷Rebeca Reis/Ag. Paulistão",,0,"04/11/2026 17:00",N/A,https://www.facebook.com/paulistaof/posts/pfbid02bZ3B6Jm5DtXjeaHRR3mNSuFtCrbDvAwWP48tF9ZhVhMVXWe5ZYu74TLEAEseWL3Cl,0,0,Fotos,,,,,Total,3694,2601,52,49,2,1,,,112,24,88,,,,,,
924814960264514,100082080567569,"Paulistão F","O FUTURO DO FUTEBOL FEMININO PASSA POR AQUI! 🥰
#FestivalPaulistaFemininoSub14
📷Rebeca Reis/Ag. Paulistão",,0,"04/11/2026 16:53",N/A,https://www.facebook.com/paulistaof/posts/pfbid02SLnJycxVoEtNBDTZZKBVXH5Rd5Fi8pC8cURyswaXA6MCgQSNrWuvb8fsAoSdLmLSl,0,0,Fotos,,,,,Total,2394,1723,12,12,0,0,,,27,5,22,,,,,,
924799050266105,100082080567569,"Paulistão F","HOMENAGEM PARA O FANATICÃO! 🐶
Quem disse que não dá pra fazer amizade no Festival Paulista Feminino Sub-14? A Alice ainda ganhou a medalha do seu novo best friend 🏅🫂
#FestivalPaulistaFemininoSub14","HOMENAGEM PARA O FANATICÃO! 🐶
Quem disse que não dá pra fazer amizade no Festival Paulista Feminino Sub-14? A Alice ainda ganhou a medalha do seu novo best friend 🏅🫂
#FestivalPaulistaFemininoSub14",51,"04/11/2026 16:14",uploaded,https://www.facebook.com/reel/1921662498712784/,1,0,Vídeos,,,,,Total,775,782,6,6,0,0,,,7,7,,4057.591,5.483,0,0,0,
924778120268198,100082080567569,"Paulistão F","Esse aqui é o vídeo do @sesisp.futebolfeminino apresentando o Festival Paulista Feminino Sub-14, se quiser assistir 🤷‍♀️
#FestivalPaulistaFemininoSub14","Esse aqui é o vídeo do @sesisp.futebolfeminino apresentando o Festival Paulista Feminino Sub-14, se quiser assistir 🤷‍♀️
#FestivalPaulistaFemininoSub14",41,"04/11/2026 15:24",uploaded,https://www.facebook.com/reel/2007228843542807/,1,0,Vídeos,,,,,Total,1040,1073,21,19,1,1,,,14,14,,5482.663,5.466,0,0,0,
924750036937673,100082080567569,"Paulistão F","NO DETALHE!
Vamos com mais fotos da tarde deste sábado no Festival Paulista Feminino Feminino Su-14? Então se liga só! Até o Fanaticão apareceu para dar aquela força pras meninas!
#FestivalPaulistaFemininoSub14 
📷Rebeca Reis/Ag. Paulistão",,0,"04/11/2026 14:14",N/A,https://www.facebook.com/paulistaof/posts/pfbid02nogFJDR9KPh3eQ3mep9mEQXeoagpshezY7Gh3xCK5xiTmAaEQ3xbj9nKzPQhsctul,0,0,Fotos,,,,,Total,2550,1930,31,29,1,1,,,50,11,39,,,,,,
924739793605364,100082080567569,"Paulistão F","E ESSA BATALHA DE ACROBACIAS? 😱
O Fanaticão e as atletas do @osascosporting.oz estão com desenvoltura de sobra na ginástica! 🤸 
#FestivalPaulistaFemininoSub14","E ESSA BATALHA DE ACROBACIAS? 😱
O Fanaticão e as atletas do @osascosporting.oz estão com desenvoltura de sobra na ginástica! 🤸 
#FestivalPaulistaFemininoSub14",39,"04/11/2026 13:53",uploaded,https://www.facebook.com/reel/965770282601636/,1,0,Vídeos,,,,,Total,912,907,8,8,0,0,,,7,7,,6898.242,8.049,0,0,0,
924733660272644,100082080567569,"Paulistão F","FANATICÃO 🤝 @s.e_lemensefutebolfeminino 
Nem só de futebol vivem as nossas atletas 💃 (e o nosso mascote 🕺)
#FestivalPaulistaFemininoSub14","FANATICÃO 🤝 @s.e_lemensefutebolfeminino 
Nem só de futebol vivem as nossas atletas 💃 (e o nosso mascote 🕺)
#FestivalPaulistaFemininoSub14",15,"04/11/2026 13:39",N/A,https://www.facebook.com/reel/1719998522712940/,1,0,Vídeos,,,,,Total,566,563,8,8,0,0,,,4,4,,2077.159,3.934,0,0,0,
924696730276337,100082080567569,"Paulistão F","O FUTEBOL NÃO PARA!
A tarde segue movimentada no Festival Paulista Feminino Sub-14!
#FestivalPaulistaFemininoSub14
📷Rebeca Reis/Ag. Paulistão",,0,"04/11/2026 12:19",N/A,https://www.facebook.com/paulistaof/posts/pfbid026c3NRFprdLQLhZH471eZc98YDVEPX1B3B8eaddCA4Gn9ruS5CYn9n1YeRUo27eSpl,0,0,Fotos,,,,,Total,2153,1518,14,12,1,1,,,45,5,40,,,,,,
924583786954298,100082080567569,"Paulistão F","FESTIVAL ROLANDO A TODO VAPOR! 🔥
Os jogos da manhã foram super agitados no @sesisp.campinassantosdumont! 
#FestivalPaulistaFemininoSub14","FESTIVAL ROLANDO A TODO VAPOR! 🔥
Os jogos da manhã foram super agitados no @sesisp.campinassantosdumont! 
#FestivalPaulistaFemininoSub14",35,"04/11/2026 09:06",uploaded,https://www.facebook.com/reel/966633879351295/,1,0,Vídeos,,,,,Total,468,539,7,7,0,0,,,3,3,,1683.057,3.682,0,0,0,
924548650291145,100082080567569,"Paulistão F","CHEGAMOS, HEIN!
Vamos aos primeiro clicks do Festival Paulista Feminino Sub-14!
#FestivalPaulistaFemininoSub14
📷Rebeca Reis/Ag. Paulistão",,0,"04/11/2026 08:12",N/A,https://www.facebook.com/paulistaof/posts/pfbid0NNEuM1cRSigvvpXEsz7xyMs7D7Rb6nm4ZHhoeazUM9NtQeL1gyUGLguW1czUrzstl,0,0,Fotos,,,,,Total,4682,3434,58,56,1,1,,,110,23,87,,,,,,
924546500291360,100082080567569,"Paulistão F","@oficialmeninasemcampo 💃💃💃
#FestivalPaulistaFemininoSub14","@oficialmeninasemcampo 💃💃💃
#FestivalPaulistaFemininoSub14",11,"04/11/2026 08:09",N/A,https://www.facebook.com/reel/998812395849656/,1,0,Vídeos,,,,,Total,1506,1462,16,15,0,1,,,9,9,,5488.954,4.133,0,0,0,
924511643628179,100082080567569,"Paulistão F","HAJA COORDENAÇÃO MOTORA! 😮‍💨
E esse aquecimento do @sferafc antes do jogo? Não pode perder a concentração! 👀
#FestivalPaulistaFemininoSub14","HAJA COORDENAÇÃO MOTORA! 😮‍💨
E esse aquecimento do @sferafc antes do jogo? Não pode perder a concentração! 👀
#FestivalPaulistaFemininoSub14",43,"04/11/2026 07:14",uploaded,https://www.facebook.com/reel/1953341542239677/,1,0,Vídeos,,,,,Total,1114,1162,17,17,0,0,,,10,10,,5803.735,5.47,0,0,0,
924479670298043,100082080567569,"Paulistão F","O BONDE PASSOU! 🏃‍♀️
Só observando a @ajvvpaiao_ depois da primeira vitória no Festival Paulista Feminino Sub-14!
#FestivalPaulistaFemininoSub14","O BONDE PASSOU! 🏃‍♀️
Só observando a @ajvvpaiao_ depois da primeira vitória no Festival Paulista Feminino Sub-14!
#FestivalPaulistaFemininoSub14",14,"04/11/2026 06:22",uploaded,https://www.facebook.com/reel/2195694011175007/,1,0,Vídeos,,,,,Total,2960,2912,31,29,0,2,,,22,22,,10823.849,4.034,0,0,0,
924465586966118,100082080567569,"Paulistão F","VAI COMEÇAR A FIFA SERIES! 🤩
A #SeleçãoBrasileira entra em campo para enfrentar a Coréia do Sul nesse sábado!
#ElasEmCampo",,0,"04/11/2026 06:00",N/A,https://www.facebook.com/paulistaof/posts/pfbid02BQkBuEGbzPqy36N3zsPPaWpCL9maNUBk7EBtoApjUhbNBnbD5sB1UoHfXxv3JuH8l,0,0,Fotos,,,,,Total,10730,7549,186,181,2,3,,,157,70,87,,,,,,
924432823636061,100082080567569,"Paulistão F","Seu reel",,56,"04/11/2026 05:06",uploaded,https://www.facebook.com/reel/1439736097387848/,1,0,Vídeos,,,,,Total,800,797,16,16,0,0,,,14,14,,3722.057,4.962,0,0,0,
924092583670085,100082080567569,"Paulistão F","O PRIMEIRO FESTIVAL DO ANO!
Nesse final de semana, vai rolar o Festival Paulista Feminino Sub-14 em Campinas! Vem ver quais serão os times participantes 🤩
#FestivalPaulistaFemininoSub14",,0,"04/10/2026 17:47",N/A,https://www.facebook.com/paulistaof/posts/pfbid02t7yexM2v7FgNgNXRPJmTta53qm59x6q7idxydXqYqHRDGdm5RPM6GWPS4LfTxjail,0,0,Fotos,,,,,Total,2167,1639,18,16,0,2,1,,9,4,5,,,,,,
920798190666191,100082080567569,"Paulistão F","DIA DE BRASILEIRÃO A3! 🤩
Vem que hoje tem Mauaense em campo!
#ElasEmCampo",,0,"04/06/2026 06:13",N/A,https://www.facebook.com/paulistaof/posts/pfbid06TJhGGM3nxoce1ESGxb5TfgWeV1oiA8VYagzHtXC8Xr289Z2jAE4xE6ZkAstsT8Ll,0,0,Fotos,,,,,Total,5566,4112,40,37,3,0,,,45,20,25,,,,,,
919564930789517,100082080567569,"Paulistão F","É, TAUBATÉ!
Segunda vitória seguida no Brasileiro Feminino A2!
#ElasEmCampo
📷Junior Santos/Divulgação/Taubaté",,0,"04/04/2026 14:25",N/A,https://www.facebook.com/paulistaof/posts/pfbid09exnbZkpBQDDAi5a1EQT27991E4iz2CGqX15jkKSv8ALxr4oVa5sibNgqW5RKURMl,0,0,Fotos,,,,,Total,17651,12491,112,103,6,3,,,178,68,110,,,,,,
919276457485031,100082080567569,"Paulistão F","VAMOS, TAUBATÉ! 💙
Hoje é dia de buscar a vitória fora de casa no Brasileirão A2!
#ElasEmCampo",,0,"04/04/2026 06:00",N/A,https://www.facebook.com/paulistaof/posts/pfbid0wEwTjPXdrBiBQXhuroPXAEtmaxVTeYZMsTqA4ad92mTGTNiMcun3rQ2ZLT6Fnr39l,0,0,Fotos,,,,,Total,5024,3887,25,23,2,0,,,48,29,19,,,,,,
918944134184930,100082080567569,"Paulistão F","SEXTOU!
Então bora conferir como terminaram os jogos de hoje.
#ElasEmCampo",,0,"04/03/2026 19:45",N/A,https://www.facebook.com/paulistaof/posts/pfbid02HytXKmw9qXSEEDTb39oD6SVmN27BegXbz7TxXSrmjqE7HjrjbDVGrzmYtz2bFUxtl,0,0,Fotos,,,,,Total,22540,17419,167,158,4,5,,,286,138,148,,,,,,
918928487519828,100082080567569,"Paulistão F","GOLEADA DO TIMÃO!
Com dois gols da Zanotti, as Brabas levaram mais três pontos no @brfeminino.
#ElasEmCampo
📷 Divulgação/@asbrabas",,0,"04/03/2026 19:14",N/A,https://www.facebook.com/paulistaof/posts/pfbid032GK1atGBJimdZZm9xQeF4f4TiVDfVUgDPRXCwLyngyAtr1wC1kvDio7Bk8mfUxS9l,0,0,Fotos,,,,,Total,178805,128326,4798,4381,282,135,,,1993,979,1014,,,,,,
918924690853541,100082080567569,"Paulistão F","TUDO IGUAL!
Fora de casa, as Sereias da Vila voltam com um ponto na mala.
#ElasEmCampo
📷 Arthur Barreto/Botafogo",,0,"04/03/2026 19:07",N/A,https://www.facebook.com/paulistaof/posts/pfbid0ApEfqeK5txXrNhgiaseJPNtuvR2G2Rxd5DJmqJPdyCbeKaLLo5nKJcqY6wzBhewMl,0,0,Fotos,,,,,Total,6261,5907,50,48,0,2,,,58,26,32,,,,,,
918873587525318,100082080567569,"Paulistão F","GABI ZANOTTI, A MAIS BRABA DAS BRABAS! 🦅🔥
A camisa 10 das @asbrabas se tornou a atleta que mais vestiu a camisa do Timão na história!
#ElasEmCampo #Corinthians",,0,"04/03/2026 17:25",N/A,https://www.facebook.com/paulistaof/posts/pfbid0Rz2rH6pP15LqKoU2WtCFzKkHF1aMoWu5dswKj2uuoYzWBYRpziuuomto7W7yTisPl,0,0,Fotos,,,,,Total,12528,13176,710,663,25,22,,,202,136,65,,,,,,1
917225191023491,100082080567569,"Paulistão F","VAI COMEÇAR O PAULISTA FEMININO SUB-17! 🤩
Vem conferir os confrontos que vão rolar na primeira rodada!
#PaulistaFemininoSub17",,0,"04/01/2026 15:31",N/A,https://www.facebook.com/paulistaof/posts/pfbid02ZF36xQ4WGrzBJaSWt9pD5FCP25BpWAcu9eodi5pmKZxzj32jUm71Rn7EjVR1fVWEl,0,0,Fotos,,,,,Total,2912,2942,19,18,1,0,,,38,19,19,,,,,,
917050887707588,100082080567569,"Paulistão F","ANOTA NA AGENDA!
A primeira edição do FIFA Series está vindo aí. Vem conferir um pouco mais para saber quando a @selecaofemininadefutebol joga.
#ElasEmCampo #Brasil",,0,"04/01/2026 10:00",N/A,https://www.facebook.com/paulistaof/posts/pfbid02nXx6jo6Vo1CGD26GzZcTqrtkHkU4zMbRZGAWTqytKZT6nQ2fK2aTi93BbHFPshL8l,0,0,Fotos,,,,,Total,2226,1988,40,28,6,6,,,122,26,96,,,,,,
915784031167607,100082080567569,"Paulistão F","As minhas equipes terminaram a segunda-feira sem perder no @brfeminino 🙅‍♀️
#ElasEmCampo",,0,"03/30/2026 20:00",N/A,https://www.facebook.com/paulistaof/posts/pfbid0wQYqyzJhhuHmriqZHGvZxmZvH2NDBHScDNGMr5YPbSsgPUXx7dCoyKvTd92iSF41l,0,0,Fotos,,,,,Total,37381,29060,182,172,4,6,,,442,207,235,,,,,,
915775454501798,100082080567569,"Paulistão F","LIDERANÇA ALVIVERDE!
Mesmo com o empate, as Palestrinas voltaram para a ponta da tabela.
#ElasEmCampo
📷 Fábio Menotti/Palmeiras",,0,"03/30/2026 19:41",N/A,https://www.facebook.com/paulistaof/posts/pfbid02ryMn1V1HxoEu57e3Brtdit8AM5fUaeGPNv4iQL2bqqRdozXBSPqHwdH3H1gMSeAUl,0,0,Fotos,,,,,Total,44058,34725,869,792,49,28,,,619,328,291,,,,,,
915763251169685,100082080567569,"Paulistão F","TUDO IGUAL!
A Ferroviária garante um ponto nesta noite pelo @brfeminino.
#ElasEmCampo
📷 Rafael Zocco/Ferroviária",,0,"03/30/2026 19:15",N/A,https://www.facebook.com/paulistaof/posts/pfbid02fWGcAUJv2hozS9n6AnGPxNNcc8XiBvk9WFYGoYmvQjCFcjeBWtS9udd6XmvQB6MCl,0,0,Fotos,,,,,Total,5372,5121,34,32,0,2,,,51,22,29,,,,,,
915716627841014,100082080567569,"Paulistão F","DE VIRADA!
Fora de casa, o Tricolor garante a segunda vitória seguida no @brfeminino.
#ElasEmCampo
📷 Rubens Chiri/Saopaulofc.net",,0,"03/30/2026 17:34",N/A,https://www.facebook.com/paulistaof/posts/pfbid0qeobZsUYSv36gJiQnE3LZgGX6mhgj3gxAjRrpyR6DGwgtM7JBpGreaxcFWn9uxwtl,0,0,Fotos,,,,,Total,22755,18051,891,860,14,17,,,242,96,146,,,,,,
915359021210108,100082080567569,"Paulistão F","DOSE TRIPLA NESSA SEGUNDA-FEIRA!
Hoje tem São Paulo, Ferroviária e Palmeiras no @brfeminino!
#ElasEmCampo",,0,"03/30/2026 06:00",N/A,https://www.facebook.com/paulistaof/posts/pfbid02rCanVdCoAtDCzDbTCGmuGyR8Uh7i4zMrqaWn6JvJeUYyY9fuSriCLDAshYuUhQ2Al,0,0,Fotos,,,,,Total,21470,14440,255,236,6,13,1,,421,162,259,,,,,,
914893714589972,100082080567569,"Paulistão F","Um domingo sem vitórias para a dupla paulista. 😖
#ElasEmCampo",,0,"03/29/2026 13:45",N/A,https://www.facebook.com/paulistaof/posts/pfbid033ABkR9m8HLsoP2ZEzDocWsd4FVebAmFbMA4wUqZwf7SdVntTqcneQcPj9svKrZ2yl,0,0,Fotos,,,,,Total,5399,4443,21,21,0,0,,,39,7,32,,,,,,
914890974590246,100082080567569,"Paulistão F","O São José foi superado em casa pela segunda rodada do Brasileirão Feminino A3.
#ElasEmCampo
📷Rodrigo Lopes/São José",,0,"03/29/2026 13:39",N/A,https://www.facebook.com/paulistaof/posts/pfbid02CCca7au3k3jA5HHV9pzLZyUgPJEQK1HRzJrAQ157ZoD3to7CsNM4cxmnmncYpU3tl,0,0,Fotos,,,,,Total,8291,6248,39,38,0,1,,,66,20,46,,,,,,
914618897950787,100082080567569,"Paulistão F","DOSE DUPLA NO BRASILEIRÃO A3!
Vem que hoje tem São José e Mauaense em campo!
#ElasEmCampo",,0,"03/29/2026 06:00",N/A,https://www.facebook.com/paulistaof/posts/pfbid02KG3SFPQ8Cdby5ENsC9aKB2AGZdJZRCZWsNbWYzPMdmwnehbjUa25jPDzy1MjTjtWl,0,0,Fotos,,,,,Total,5307,4046,29,28,0,1,,,29,11,18,,,,,,
914160594663284,100082080567569,"Paulistão F","Com vitórias nas divisões de acesso, foi esse o desempenho das equipes paulistas neste sábado de futebol feminino!
#ElasEmCampo",,0,"03/28/2026 15:59",N/A,https://www.facebook.com/paulistaof/posts/pfbid02SyUbbiYmjN9THhws7eAL4EXsHS5fQyScxGZCKPxow2aSdb4Zq8JmPGndpCd57KWRl,0,0,Fotos,,,,,Total,12030,8570,51,51,0,0,,,156,42,114,,,,,,
914155967997080,100082080567569,"Paulistão F","O Massa Bruta foi superado pelo Bahia no encerramento da quinta rodada do Brasileirão Feminino.
#ElasEmCampo
📷Fernando Roberto/Red Bull Bragantino",,0,"03/28/2026 15:48",N/A,https://www.facebook.com/paulistaof/posts/pfbid026gJQMAG4qKXCGVc8Qn2h7ZLYf3NomveVeMac99oD8iFpLHooHcqdWr6m3qK9zCFrl,0,0,Fotos,,,,,Total,12207,8922,81,77,1,3,,,86,32,54,,,,,,
914091478003529,100082080567569,"Paulistão F","VAI, TAUBATÉ! 
A equipe paulista desencanta do Brasileiro Feminino A2 e vence a primeira na competição! 
#ElasEmCampo 
📷Junior Santos/AD Taubaté",,0,"03/28/2026 13:29",N/A,https://www.facebook.com/paulistaof/posts/pfbid02ZP7qHPupyNurfqpFaQrYLbzuucEgFJs2P7XqdoZH7Gw9PReuyZHYfGssEK4f6Ceil,0,0,Fotos,,,,,Total,8450,6500,60,58,0,2,,,66,23,43,,,,,,
914089041337106,100082080567569,"Paulistão F","SEGURA O REALIDADE JOVEM!
A equipe de São José do Rio Preto vence mais uma e mantém o 100% no Brasileiro Feminino A3!
#ElasEmCampo
📷Carol Almeida/Divulgação/Realidade Jovem",,0,"03/28/2026 13:24",N/A,https://www.facebook.com/paulistaof/posts/pfbid02zdqv2Ln2ReFx9jnBnSFzdU47mHLyf8BCP78HCyKwJCjFDQVRmUuKW3AkSUxLDvFvl,0,0,Fotos,,,,,Total,10525,7284,49,46,1,2,,,110,47,63,,,,,,
913820898030587,100082080567569,"Paulistão F","SÁBADO CHEIO DE EQUIPES PAULISTAS EM CAMPO!
São três confrontos em três divisões do @brfeminino!
#ElasEmCampo",,0,"03/28/2026 06:00",N/A,https://www.facebook.com/paulistaof/posts/pfbid02qZfq786yPAVJyErzzSKy56evhb2LRfRDWmxQxgkHHGgG5qXUFwZiB8QX1qvrJFQyl,0,0,Fotos,,,,,Total,5562,4075,34,30,1,3,,,54,24,30,,,,,,
913482928064384,100082080567569,"Paulistão F","NOITE TRICOLOR!
O @SaoPauloFC_Fem levou a melhor no clássico diante do Palmeiras!
#ElasEmCampo
📷Rebeca Reis/Staff Images Woman/CBF",,0,"03/27/2026 19:45",N/A,https://www.facebook.com/paulistaof/posts/pfbid02aY4fWPvaDw89GCi9HN5o5rMq4ZVP5acgZ916wiqmbZV6pdw1tqMU3MKGs8eaLu1gl,0,0,Fotos,,,,,Total,41715,28763,537,471,48,18,,,831,411,420,,,,,,
913416451404365,100082080567569,"Paulistão F","SEGUNDA SEGUIDA!
As Brabas garantiram os três pontos na mala.
#ElasEmCampo
📷 Lucas Figueiredo/Divulgação/Corinthians",,0,"03/27/2026 17:42",N/A,https://www.facebook.com/paulistaof/posts/pfbid0RSFdKMq4ghfwVKfkrdp4UwofDHEkdD12xFy2HdV9GzuFYGfoTgv7PWx5WUiGFs9Hl,0,0,Fotos,,,,,Total,15183,11211,384,355,14,15,,,205,110,95,,,,,,
913401248072552,100082080567569,"Paulistão F","UM PARA LÁ, UM PARA CÁ!
Santos e Ferroviária ficaram no empate nesta noite pelo @brfeminino.
#ElasEmCampo
📷 Rafael Zocco/Ferroviária",,0,"03/27/2026 17:10",N/A,https://www.facebook.com/paulistaof/posts/pfbid01JHh9Mt7v6btkwasdoaG7STcDANErE4bZybuBjn4uceN3Tp6xV8behi3rRy94CoUl,0,0,Fotos,,,,,Total,11412,8554,82,81,0,1,,,85,33,52,,,,,,
913248894754454,100082080567569,"Paulistão F","QUEM VAI LEVAR A MELHOR NO CHOQUE-RAINHA? 👀
O Tricolor vai receber as Palestrinas no @brfeminino! 
#ElasEmCampo",,0,"03/27/2026 12:00",N/A,https://www.facebook.com/paulistaof/posts/pfbid0zMaCtbrsNXGBtUkfAHDSqsmQD89qJ65AGzZJ5xoq2Vzt4FTAhAJV38JgnJTnsqttl,0,0,Fotos,,,,,Total,29432,19553,489,432,39,18,,,923,548,375,,,,,,
913179254761418,100082080567569,"Paulistão F","SEREIAS vs GUERREIRAS GRENÁS!
O primeiro clássico de hoje no @brfeminino vai rolar entre Santos e Ferroviária! Quem vai sair com a vitória?
#ElasEmCampo",,0,"03/27/2026 10:00",N/A,https://www.facebook.com/paulistaof/posts/pfbid02fvWpahVyyCMU8NJQwxwNVu5MH3cQYNTjgNTUV8myzdLqTzKz93tuENUMxZcyRaEXl,0,0,Fotos,,,,,Total,3781,2896,27,27,0,0,,,29,9,20,,,,,,
913021241443886,100082080567569,"Paulistão F","SEXTOU COM DIREITO A DOIS DUELOS PAULISTAS!
Noite cheia para as minhas equipes no @brfeminino!
#ElasEmCampo",,0,"03/27/2026 06:00",N/A,https://www.facebook.com/paulistaof/posts/pfbid0qgLFVUQHbtXrjHzcuqKS3jdQtaRj3ieRsKvvwsYFTWAJm3qzYuiTNy3FdvBu2FPxl,0,0,Fotos,,,,,Total,29205,19951,346,314,17,15,,,665,248,417,,,,,,
912493311496679,100082080567569,"Paulistão F","VAI CONFERIR NO VAR!
O Paulistão Feminino 2026 veio com uma novidade importante: a tecnologia do Árbitro de Vídeo estará presente em todos os jogos da competição, sendo a primeira competição feminina do Brasil a ter a ferramenta em 100% das partidas.
#PaulistãoFeminino2026",,0,"03/26/2026 13:41",N/A,https://www.facebook.com/paulistaof/posts/pfbid0caEKAuSt9mKgHd4dANePSZ3noNXHT6QRYd5LrxR5ymoVGGYQMNLLZ5yS9S82YrVpl,0,0,Fotos,,,,,Total,1854,1372,46,40,4,2,,,13,11,2,,,,,,
912480588164618,100082080567569,"Paulistão F","OLHA QUEM ESTÁ CHEGANDO!
O Paulistão Feminino 2026 vai começar. Vem conferir as equipes participantes e o novo formato da competição 👀
#PaulistãoFeminino2026",,0,"03/26/2026 13:15",N/A,https://www.facebook.com/paulistaof/posts/pfbid0h9W5SRLZ14PbXeEYWbvpxgxhroSEW6gSDG2ZpQLZ86inGLRCAzUfPSnyrLKSqBKel,0,0,Fotos,,,,,Total,4546,2929,77,65,2,10,,,220,37,183,,,,,,
911561941589816,100082080567569,"Paulistão F","VOCÊS NÃO SABEM O PRAZER QUE É ESTAR DE VOLTA!
Depois da sua licença maternidade, Ketlen está de volta aos treinos nas @sereiasdavilaoficial.
#ElasEmCampo",,0,"03/25/2026 11:46",N/A,https://www.facebook.com/paulistaof/posts/pfbid02s7Ds1JzAeD4ghQzQekv46qrP47ACW5V7tqfJXQ2dncEwk9PsoJJiaELzfsG2SVBEl,0,0,Fotos,,,,,Total,7429,5471,42,38,2,2,,,77,30,47,,,,,,
911391238273553,100082080567569,"Paulistão F","FUTEBOL PAULISTA NA SELEÇÃO! 
Sete representantes estarão presentes na disputa da FIFA Series 🔥
#ElasEmCampo",,0,"03/25/2026 07:31",N/A,https://www.facebook.com/paulistaof/posts/pfbid0S3kEjE7pQMd8yAuKbesRc336VEU4kWqDbaDm7VF5DiYj9zE2cEGzojAuvy448Duyl,0,0,Fotos,,,,,Total,11822,8020,152,127,21,4,,,281,150,131,,,,,,
910150228397654,100082080567569,"Paulistão F","Empate fora de casa para o Tricolor e goleada na Neo Química Arena para o Timão! Essa foi a segunda-feira com #ElasEmCampo",,0,"03/23/2026 19:06",N/A,https://www.facebook.com/paulistaof/posts/pfbid0dYN5w5P3LFfbJeFupSr6h9LQRzsjhcb3zJUJ7NMKjGUGYa97G1FgvnrDAt8avQpzl,0,0,Fotos,,,,,Total,13576,9408,107,101,3,3,,,134,63,71,,,,,,
910146475064696,100082080567569,"Paulistão F","GOLEADA DAS BRABAS!
Gabi Zanotti comanda vitória e Corinthians leva a melhor pra cima do América-MG!
#ElasEmCampo
📷Rebeca Reis/Staff Images Woman/CBF",,0,"03/23/2026 18:59",N/A,https://www.facebook.com/paulistaof/posts/pfbid0rb5fPMwS1NFwar5mG9tSW8mqsu381RR5BJF6wBrUSDa3kXPReM51zXPZUt8Tenhal,0,0,Fotos,,,,,Total,36008,25582,1365,1246,77,42,,,472,260,212,,,,,,
910119671734043,100082080567569,"Paulistão F","A REDE NÃO BALANÇOU!
No duelo de Tricolores, Fluminense e São Paulo empataram sem gols.
#ElasEmCampo
📷Marina Garcia/Fluminense",,0,"03/23/2026 18:10",N/A,https://www.facebook.com/paulistaof/posts/pfbid035JuPabfkUfDpA3F8t2iNqgUWob4rLyCJ5kQV7WzfimR4CbD7hHE6KF4ma7oGPVQQl,0,0,Fotos,,,,,Total,8697,6233,100,94,3,3,,,75,35,40,,,,,,
910007568411920,100082080567569,"Paulistão F","CONFRONTOS DEFINIDOS!
Vem conferir quem as minhas equipes enfrentam na primeira fase da @copadobrasil_fem 👀
#ElasEmCampo",,0,"03/23/2026 14:25",N/A,https://www.facebook.com/paulistaof/posts/pfbid0issCEfwSB2hug48kcYvWCNjj23KMNjU1rEJMykaVZy7du4j5p2UBYtuq9pE96BaSl,0,0,Fotos,,,,,Total,2933,2132,30,28,0,2,,,26,8,18,,,,,,
909696491776361,100082080567569,"Paulistão F","TRICOLOR FORA, TIMÃO EM CASA!
Dose dupla no @brfeminino para começar a semana daquele jeito!
#ElasEmCampo",,0,"03/23/2026 06:00",N/A,https://www.facebook.com/paulistaof/posts/pfbid04cwCQsEZZLrXxmknUzKdsR3NRk3oUKwWWJnTL775PkG6SQeuUXQ8A1QNWCP7jgtpl,0,0,Fotos,,,,,Total,42348,29048,411,381,21,9,,,867,306,561,,,,,,
909196505159693,100082080567569,"Paulistão F","O domingo foi de 100% de aproveitamento com #ElasEmCampo!",,0,"03/22/2026 15:06",N/A,https://www.facebook.com/paulistaof/posts/pfbid0mp8AbPvyfCePSZwtePZzRAU7tqRCtHBU76DQrt4uFT7aTqVNxjDp8LfcWG9xW4Wbl,0,0,Fotos,,,,,Total,14937,9615,87,86,0,1,,,145,69,76,,,,,,
909195675159776,100082080567569,"Paulistão F","As Bragantinas levaram a melhor pra cima do Juventude e ficaram com os três pontos!
#ElasEmCampo
📷Fernando Roberto/Red Bull Bragantino",,0,"03/22/2026 15:05",N/A,https://www.facebook.com/paulistaof/posts/pfbid02jaAT2EY7Js8S42sqttavTAqSdpE3tkf4r5LouSLwE9eK1pky1pFDZMSHgjanjSykl,0,0,Fotos,,,,,Total,6533,4869,45,42,0,3,,,40,14,26,,,,,,
908982595181084,100082080567569,"Paulistão F","UM RETORNO E TANTO!
Na volta ao Allianz Parque, Palmeiras goleia o Vitória e segue firme na liderança do Brasileirão Feminino!
#ElasEmCampo
📷Victor Froes/Palmeiras",,0,"03/22/2026 09:03",N/A,https://www.facebook.com/paulistaof/posts/pfbid02KfXHYxffoRZ84EyC8BH7ZGyqRRGBT2Ndimrufgzwcem2yZ2dgHicyHdMrNfvDbBal,0,0,Fotos,,,,,Total,191731,135786,4571,4227,160,184,,,2501,972,1529,,,,,,
908856121860398,100082080567569,"Paulistão F","VEM QUE HOJE TEM @brfeminino DE SOBRA! 🤩
Para qual equipe paulista vai sua torcida? Deixa aqui nos comentários!
#ElasEmCampo",,0,"03/22/2026 06:00",N/A,https://www.facebook.com/paulistaof/posts/pfbid02PXjPtGn5akMUHVoesNEAZW62fpL451RE7nD3gmnEFNU6ggK9Dy8NUAdCgiASmagul,0,0,Fotos,,,,,Total,6953,4848,50,47,1,2,,,69,24,45,,,,,,
908381148574562,100082080567569,"Paulistão F","O sábado foi complicado para o #FutebolPaulista.😢
#ElasEmCampo",,0,"03/21/2026 16:15",N/A,https://www.facebook.com/paulistaof/posts/pfbid02EXpJ2VG34kJ8iRa8x7FusuUDbYd3BdJYrjSbZZMJJrxEoa68L1MyDpArYxPgegyEl,0,0,Fotos,,,,,Total,15570,10291,76,73,0,3,,,209,76,133,,,,,,
908380361907974,100082080567569,"Paulistão F","A rede não balançou na Arena da Fonte.
#ElasEmCampo
📷Rafael Zocco/Ferroviária",,0,"03/21/2026 16:13",N/A,https://www.facebook.com/paulistaof/posts/pfbid0MFG4aRYX4aaHbG3PkEHUetr2ATfGD9cKWByiTM2mS6N9F782iyagidcNVExGedhcl,0,0,Fotos,,,,,Total,5429,4196,45,41,1,3,,,36,22,14,,,,,,
908323251913685,100082080567569,"Paulistão F","As Sereias da Vila tropeçaram fora de casa.
#ElasEmCampo
📷Rafael Rodrigues/Bahia",,0,"03/21/2026 14:17",N/A,https://www.facebook.com/paulistaof/posts/pfbid0hivLaSHb5jUHmKrAaTzGcGCg8UPi9HNksTZNYyghzWR9iff4QAfeh29LGdXQgbQ9l,0,0,Fotos,,,,,Total,14830,10773,121,114,4,3,,,131,59,72,,,,,,
908322555247088,100082080567569,"Paulistão F","O Mauaense foi superado na estreia do Brasileiro Feminino A3.
#ElasEmCampo
📷Henrique César/Divulgação/Coritiba",,0,"03/21/2026 14:16",N/A,https://www.facebook.com/paulistaof/posts/pfbid0UPGwMW72fvQyFbYzHdBUwNxyktLK6erLss2JEhahkWjNdmJVTsTL3HjsvXmvEM7vl,0,0,Fotos,,,,,Total,7118,5323,40,40,0,0,,,52,15,37,,,,,,
908321278580549,100082080567569,"Paulistão F","Hoje não deu para o Taubaté.
#ElasEmCampo 
📷Divulgação/Taubaté",,0,"03/21/2026 14:14",N/A,https://www.facebook.com/paulistaof/posts/pfbid0ZHspwewi16W4i8erxbnUQy83rFPuFyyekS7mvJ4NWuFCyr88RtAiYvbAPWtbahF3l,0,0,Fotos,,,,,Total,13554,10150,46,45,0,1,,,80,21,59,,,,,,
908249228587754,100082080567569,"Paulistão F","COMO É BOM VOLTAR PARA CASA! 🏟️💚
As Palestrinas fazem seu primeiro jogo do ano no Allianz Parque nesse domingo, às 11h, pelo @brfeminino!
#ElasEmCampo #Palmeiras",,0,"03/21/2026 12:00",N/A,https://www.facebook.com/paulistaof/posts/pfbid0258rgPwVYfJ1WiUFCNL2ot4t9kd6RpueXL25aPaR2x3HYYUgFEdRpNcBqQcFGg99Nl,0,0,Fotos,,,,,Total,33583,24037,1202,1143,33,26,,,470,264,206,,,,,,
907998375279506,100082080567569,"Paulistão F","SÁBADÃO CHEIO DE BRASILEIRÃO FEMININO!
São quatro jogos em três divisões do @brfeminino!
#ElasEmCampo",,0,"03/21/2026 06:00",N/A,https://www.facebook.com/paulistaof/posts/pfbid0dLTgeDkhysrxGqD86gMTBU7JXf7Je8ZEA1tCmrNno4wZD3dGcZsJEEJJkSahkauZl,0,0,Fotos,,,,,Total,7143,4880,67,64,0,3,,,93,36,57,,,,,,
907376182008392,100082080567569,"Paulistão F","PALESTRINAS 100%!
São três jogos e três vitórias da equipe no @brfeminino 🔥
#ElasEmCampo",,0,"03/20/2026 12:30",N/A,https://www.facebook.com/paulistaof/posts/pfbid023qHSvvrc545TnhNU4qc5DykE8zmxQ85QmnDYiZeNmNKDc6rUJRrUKR1e3DLLQRKWl,0,0,Fotos,,,,,Total,52398,36267,1855,1759,57,39,,,800,488,312,,,,,,
907103412035669,100082080567569,"Paulistão F","VAMOS, SÃO JOSÉ!
Hoje tem estreia do @saojosefutebolfeminino no Brasileirão A3!
#ElasEmCampo",,0,"03/20/2026 06:00",N/A,https://www.facebook.com/paulistaof/posts/pfbid032YoUPVE9VFZmx2mw19oN4GxX22umkGLEFdtRzQ2NarJpaMJ92Wxv99qnJ3WTLUqkl,0,0,Fotos,,,,,Total,6265,4674,40,35,5,0,,,45,15,30,,,,,,
906519585427385,100082080567569,"Paulistão F","ESTÁ VINDO AÍ 🤩
O Paulista Feminino Sub-17, primeira competição de base no Brasil, chega para a 10ª edição em 2026. Confira o formato e os participantes. Saiba mais em futebolpaulista.com.br.
#PaulistaFemininoSub17",,0,"03/19/2026 14:01",N/A,https://www.facebook.com/paulistaof/posts/pfbid0Aub3baJ3PKCJC1yUX9T5nm9vLTdUocP9EbEGQuzrUAsvebNE3hdTQWCyuSZxNemil,0,0,Fotos,,,,,Total,11467,8186,101,88,3,10,,,145,65,79,,,,,,1
906250922120918,100082080567569,"Paulistão F","BONDE DO BRASILEIRÃO!
São 11 equipes paulistas nas três divisões do @brfeminino 🤩
#ElasEmCampo",,0,"03/19/2026 06:41",N/A,https://www.facebook.com/paulistaof/posts/pfbid0yPf5TboACx6CptcUi9PjNtT6shuwtkV6XmebTPMYdaKrKrs2zqiArCBoCj7Pm1Ynl,0,0,Fotos,,,,,Total,6055,4704,36,33,0,3,,,38,17,21,,,,,,
905728818839795,100082080567569,"Paulistão F","Paulistão F adicionou uma nova foto.",,0,"03/18/2026 13:17",N/A,https://www.facebook.com/photo.php?fbid=905728818839795&set=a.230513136361370&type=3,0,0,Fotos,,,,,Total,1316,923,23,19,1,3,,,13,11,2,,,,,,
905598068852870,100082080567569,"Paulistão F","CLUBES DEFINIDOS!🤩
As oito equipes que disputarão o Paulistão Feminino 2026 já estão confirmados! 
#PaulistãoFeminino",,0,"03/18/2026 09:04",N/A,https://www.facebook.com/paulistaof/posts/pfbid02kgVG4NSGHFmhCTp6k8fcZprcboDqUAhBSvEyETf7M68XSG7dbRYhGm6MGDyCbZXdl,0,0,Fotos,,,,,Total,10989,8081,144,129,6,9,,,115,62,53,,,,,,
905596242186386,100082080567569,"Paulistão F","CLUBES DEFINIDOS!🤩
As oito equipes que disputarão o Paulistão Feminino 2026 já estão confirmados! 
#PaulistãoFeminino",,0,"03/18/2026 09:01",N/A,https://www.facebook.com/paulistaof/posts/pfbid02v3UroGcoyPVaWAJMb9qk6kR7dDd9Xj2Jq7zNzmjoXsp4wMCsUSBgsPPAr5XsWGCal,0,0,Fotos,,,,,Total,38295,26794,504,451,28,25,,,689,423,266,,,,,,
904962178916459,100082080567569,"Paulistão F","100% ATUALIZADA!
Com as Palestrinas na liderança, vem conferir a classificação do @brfeminino. 
#ElasEmCampo",,0,"03/17/2026 11:28",N/A,https://www.facebook.com/paulistaof/posts/pfbid032AQxuwWMB2Fs9uEJDhnR6cG9g4V2TvHkHXGck8Uocnk26GM9htyRY6HQ2ZAZDE6Rl,0,0,Fotos,,,,,Total,25339,17185,334,301,24,9,,,515,195,320,,,,,,
902745012471509,100082080567569,"Paulistão F","PONTO LÁ!
O Red Bull Bragantino volta do Rio Grande do Sul com o empate.
#ElasEmCampo
📷Divulgação/Red Bull Bragantino",,0,"03/14/2026 16:27",N/A,https://www.facebook.com/paulistaof/posts/pfbid02QDp1wR8GTK63qLzAyAY6DCym7zDwVQhyFmJasDB9zJ4aETaXTySVwkZdyTnpMUGel,0,0,Fotos,,,,,Total,12453,9802,42,40,1,1,,,60,24,36,,,,,,
902705972475413,100082080567569,"Paulistão F","Jogando fora de casa, o Taubaté foi superado na estreia do Brasileirão Feminino A2.
#ElasEmCampo
📷Divulgação/Instituto 3B",,0,"03/14/2026 14:57",N/A,https://www.facebook.com/paulistaof/posts/pfbid02TKF5tQ9ymMYS4iVrePJp7apHCCy69R3ofdRyftzD8hkSSvhxzDCZcsia9srFxQR5l,0,0,Fotos,,,,,Total,13345,10137,55,53,1,1,1,,82,31,51,,,,,,
902688945810449,100082080567569,"Paulistão F","VITÓRIA GRENÁ!
A Ferroviária leva a melhor no clássico paulista e supera o São Paulo fora de casa!
#ElasEmCampo 
📷Rafael Zocco/Ferroviária",,0,"03/14/2026 14:17",N/A,https://www.facebook.com/paulistaof/posts/pfbid02osVPxvban2FhztJ5ETcgGbeHJk23PBFzieg5ksDpMdePv4muHAoggyBUeAg9eVXDl,0,0,Fotos,,,,,Total,51088,38791,209,196,9,4,,,412,163,249,,,,,,
902688122477198,100082080567569,"Paulistão F","OLHA AS SEREIAS AÍ!
Grande vitória pra cima do Mixto-MT e invencibilidade mantida no Brasieirão Feminino!
#ElasEmCampo 
📷Reinaldo Campos/Santos",,0,"03/14/2026 14:16",N/A,https://www.facebook.com/paulistaof/posts/pfbid0chf4dvQf7w8qM1UG9xvNTpF7ZbCR62rV3rGPwghp68MQetXJ7GiuETi4XHmvQ3hSl,0,0,Fotos,,,,,Total,11776,8905,105,99,4,2,1,,84,36,48,,,,,,
902608082485202,100082080567569,"Paulistão F","QUE PASSE FOI ESSE?! 🥵🤯
Pega só essa assistência que a Kate Tapia deu pro gol da Raíssa Bahia no Derby do Brasileirão Feminino!
#ElasEmCampo 
🎥@brfeminino","QUE PASSE FOI ESSE?! 🥵🤯
Pega só essa assistência que a Kate Tapia deu pro gol da Raíssa Bahia no Derby do Brasileirão Feminino!
#ElasEmCampo 
🎥@brfeminino",23,"03/14/2026 11:13",N/A,https://www.facebook.com/reel/1111214237863786/,0,0,Vídeos,,,,,Total,1252568,956188,33573,32704,397,472,,,7974,7973,,15758266.763,16.992,0,0,0,1
902426589170018,100082080567569,"Paulistão F","SABADÃO DE CLÁSSICO NO @brfeminino!
São Paulo e Ferroviária se enfrentam em busca dos três pontos em Cotia!
#ElasEmCampo",,0,"03/14/2026 06:00",N/A,https://www.facebook.com/paulistaof/posts/pfbid02NwSSFQ9kEddXoeTi8cguf2XSJnhabLysmdems3W6tpG6F6R9sseFCaCitASFE79Ml,0,0,Fotos,,,,,Total,13253,10103,125,114,7,4,1,,120,53,67,,,,,,
902106145868729,100082080567569,"Paulistão F","O PALMEIRAS É O TIME DA VIRADA!
Palestrinas saem atrás do placar, buscam a virada e ficam com a vitória no Derby do Brasileirão Feminino!
#ElasEmCampo
📷Divulgação/Palmeiras",,0,"03/13/2026 19:40",N/A,https://www.facebook.com/paulistaof/posts/pfbid0ZbZzPirJErBkdmYCpL18Reeok1Xi3P6L2Fw9U5s2HjcvmA67UbTuZkoPU5qxme2pl,0,0,Fotos,,,,,Total,76265,55865,2715,2496,104,115,5,1,1055,521,534,,,,,,
901837739228903,100082080567569,"Paulistão F","ROSANA 🤝 EMILY LIMA!
O Derby de hoje será histórico! Pela primeira, teremos duas mulheres comandando as equipes 🔥
#ElasEmCampo",,0,"03/13/2026 10:30",N/A,https://www.facebook.com/paulistaof/posts/pfbid0rzEXyZakfExFZPQRAq3msWg5SribF997rS1os6MQKv6JPcmTsw9bQbrNaNckapFQl,0,0,Fotos,,,,,Total,47197,33132,550,496,35,19,3,,598,353,245,,,,,,
901717112574299,100082080567569,"Paulistão F","DIA DE CLÁSSICO!
Nada como um Derby pra agitar a sexta pelo @brfeminino 🤩
#ElasEmCampo #Derby",,0,"03/13/2026 07:12",N/A,https://www.facebook.com/paulistaof/posts/pfbid02Vrna4CoVzUf91MBKmThAA2gMStZhz4jWZch3AR2GbskUDqUQKQVqnHnr5ZB8aaNcl,0,0,Fotos,,,,,Total,67847,46880,1028,942,55,31,1,,1134,524,610,,,,,,
897624586316885,100082080567569,"Paulistão F","A Seleção Feminina foi superada no último amistoso da Data Fifa.
#ElasEmCampo
📷Divulgação/Seleção Mexicana",,0,"03/07/2026 17:10",N/A,https://www.facebook.com/paulistaof/posts/pfbid02LKCact3v5zeMpMtFCVbfLsMw8xiMbZ5SFJC3PmxFTzYfGVkrNsg4PhCPgWA6wmYml,0,0,Fotos,,,,,Total,35752,24836,366,237,124,5,4,,634,410,224,,,,,,
897286689684008,100082080567569,"Paulistão F","O ÚLTIMO!
Hoje é dia de enfrentar o México para fechar a Data Fifa 🔥
#ElasEmCampo #SeleçãoFeminina",,0,"03/07/2026 06:00",N/A,https://www.facebook.com/paulistaof/posts/pfbid0i8wro2L1KebkzwKT3h2QQqjw5pW9WWskHWfNms7RGvPgoDuVgGaPaw37qzqJRmUul,0,0,Fotos,,,,,Total,47484,33055,761,668,71,22,2,,1030,638,392,,,,,,
895444033201607,100082080567569,"Paulistão F","Hoje não deu para as meninas do Brasil 😭
#ElasEmCampo
📷Femenino FVF/Instagram",,0,"03/04/2026 16:25",N/A,https://www.facebook.com/paulistaof/posts/pfbid02z6W2bQoopfApBYntbLZD68CnvBe7TjXFo7Hg5RPXbFDSg8eqphyv5j4BujpjNEVdl,0,0,Fotos,,,,,Total,30134,20363,277,224,51,2,3,2,689,473,216,,,,,,
895061206573223,100082080567569,"Paulistão F","ARRIBA, BRASILEIRAS 🇲🇽🤝🇧🇷
Quarta-feira com mais um compromisso da @selecaofemininadefutebol 🤩
#ElasEmCampo",,0,"03/04/2026 04:00",N/A,https://www.facebook.com/paulistaof/posts/pfbid02rnz45TwocAjbp2xEs3YvPjNLdNunC8m9v9QS9QH53cHAs3qxpF35xRc4PSB1r2ZPl,0,0,Fotos,,,,,Total,27075,18769,509,467,24,18,1,,405,241,164,,,,,,
891682476911096,100082080567569,"Paulistão F","O PRIMEIRO É ESPECIAL!
Taina Maranhão marca pela primeira vez com a camisa da @selecaofemininadefutebol ⚽🔥
#ElasEmCampo
🎥 @ge.globo","O PRIMEIRO É ESPECIAL!
Taina Maranhão marca pela primeira vez com a camisa da @selecaofemininadefutebol ⚽🔥
#ElasEmCampo
🎥 @ge.globo",74,"02/27/2026 19:09",N/A,https://www.facebook.com/reel/1248275476634429/,0,0,Vídeos,,,,,Total,94058,86201,3024,2952,33,39,,,1001,1001,,2079721.605,24.191,0,0,0,
891678673578143,100082080567569,"Paulistão F","BAILAMOS POR AQUI!
A Seleção Brasileira levou a melhor diante da Costa Rica.
#ElasEmCampo
📷 Lívia Villas Boas/Staff Images/CBF",,0,"02/27/2026 19:03",N/A,https://www.facebook.com/paulistaof/posts/pfbid02DP678f7jq9rP9xMQLndPfJLbTjceVhdwThSSwqe3UhyQt9fKMjX8JEDkhZ5a8wFNl,0,0,Fotos,,,,,Total,27500,18137,522,471,39,12,1,,359,180,179,,,,,,
891483396931004,100082080567569,"Paulistão F","É muito bom ter você de volta, Luana! 🥹💜
#ElasEmCampo 
📷  Lívia Villas Boas/CBF",,0,"02/27/2026 12:58",N/A,https://www.facebook.com/paulistaof/posts/pfbid0qAC1qY6VNZDkRLSKvzWrkDA5rpsdFyjPyfCT2WhT6TtC81ivsSyVtHzQLgEayzVol,0,0,Fotos,,,,,Total,7504,5282,165,159,6,0,2,,89,62,27,,,,,,
891232910289386,100082080567569,"Paulistão F","É DIA DE BRASIL!
Nada como um sextou com a @selecaofemininadefutebol em campo 🤩
#ElasEmCampo #SeleçãoBrasileira",,0,"02/27/2026 06:00",N/A,https://www.facebook.com/paulistaof/posts/pfbid0ZBDU2XYZDF8jhzaNEVc97NoCF1kGh7nPtYtLjABoFtXLWuCzhySbboLvbkUDtvDZl,0,0,Fotos,,,,,Total,44180,29294,807,747,40,20,1,2,818,434,384,,,,,,
889011753844835,100082080567569,"Paulistão F","TEM NOVIDADE NO COMANDO DAS BRABAS! 💜👀
Campeã do Paulistão Feminino em 2018, Emily Lima é a nova técnica do @corinthiansfutebolfeminino! Com passagens por seleções sul-americanas e equipes no Brasil e na Europa, ela vai ser a primeira mulher a comandar a equipe alvinegra. 
📷 Rodrigo Gazzanel/Corinthians
#PaulistãoFeminino #ElasEmCampo #Corinthians",,0,"02/24/2026 13:05",N/A,https://www.facebook.com/paulistaof/posts/pfbid0RmunDqgVnvTFnxKep5tR6zRVWSNFv9LPVFKiqWuKZnE9Kv28R561YwwS1DoLBa3il,0,0,Fotos,,,,,Total,8877,6178,267,244,16,7,,,243,132,111,,,,,,
888336250579052,100082080567569,"Paulistão F","TRICOLOR 100%!
São Paulo vence mais uma no Brasileirão Feminino! Confira os gols!
#ElasEmCampo
🎥Divulgação/São Paulo","TRICOLOR 100%!
São Paulo vence mais uma no Brasileirão Feminino! Confira os gols!
#ElasEmCampo
🎥Divulgação/São Paulo",15,"02/23/2026 18:02",N/A,https://www.facebook.com/reel/2126921581402677/,0,0,Vídeos,,,,,Total,31966,25936,960,933,13,14,,,326,326,,215499.162,8.591,0,0,0,
888278230584854,100082080567569,"Paulistão F","FICOU TUDO IGUAL!
O Santos volta de Minas Gerais com um ponto na bagagem.
#ElasEmCampo
📷Gustavo Martins/Cruzeiro",,0,"02/23/2026 16:12",N/A,https://www.facebook.com/paulistaof/posts/pfbid028dsxTwBgLiTttFhZzezKZbzzVq9uwqaYNE81ML7juBSRxtFJ74oUkMQHB1QeSngjl,0,0,Fotos,,,,,Total,14545,9753,98,91,1,6,1,1,117,49,68,,,,,,
887897973956213,100082080567569,"Paulistão F","SEGUNDA É DIA DE BRASILEIRÃO FEMININO!
O Santos visita o Cruzeiro enquanto o São Paulo recebe o Bahia na segunda rodada do @brfeminino!
#ElasEmCampo",,0,"02/23/2026 05:00",N/A,https://www.facebook.com/paulistaof/posts/pfbid04TDTLq4cw6Mko1AU8Ly3R61ZcdaRPVyCJaua8GLEdPErZgScA7FTvNQWZZoyaEvUl,0,0,Fotos,,,,,Total,30334,21585,220,213,2,5,,1,370,88,282,,,,,,
886332497446094,100082080567569,"Paulistão F","GUERREIRAS EM CAMPO!
As @grenasguerreiras vão em busca da primeira vitória no @brfeminino 2026!
#ElasEmCampo",,0,"02/21/2026 06:00",N/A,https://www.facebook.com/paulistaof/posts/pfbid034eu6N52BQWao4iKQBzuxkn3nEx8cz5wme5eXVYvGEAew7Bh7AgVwQCsrVJ4nFA7Wl,0,0,Fotos,,,,,Total,12441,8866,109,104,4,1,,,109,49,60,,,,,,
885931367486207,100082080567569,"Paulistão F","Se liga como foi a sexta-feira do futebol paulista no Brasileirão Feminino.
#ElasEmCampo",,0,"02/20/2026 18:35",N/A,https://www.facebook.com/paulistaof/posts/pfbid02svQENs2ohYzjuz6e2a2QWEVx668bWA6hrKNDotd5cmYXUbZwHagYQmhM8cQm8NNDl,0,0,Fotos,,,,,Total,42064,27418,160,152,3,5,1,1,381,154,227,,,,,,
885930094153001,100082080567569,"Paulistão F","TUDO IGUAL!
Corinthians leva gol no fim e fica no empate contra o Fluminense.
#ElasEmCampo
📷Marina Garcia/Fluminense",,0,"02/20/2026 18:33",N/A,https://www.facebook.com/paulistaof/posts/pfbid02QXW9xFPkrCtbyNbRdUVjYjBaoA2rgeF58qe6W3LMkdBNpiYpjekj6dpPKJ7SKKfDl,0,0,Fotos,,,,,Total,46366,32911,217,170,38,9,1,,454,253,201,,,,,,
885915597487784,100082080567569,"Paulistão F","O Massa Bruta não conseguiu pontuar em terras cariocas.
#ElasEmCampo
📷Divulgação/Red Bull Bragantino",,0,"02/20/2026 18:09",N/A,https://www.facebook.com/paulistaof/posts/pfbid0rEss16xE6izvZnqEGhm3UEffFAcnMh3bDHo9KLVQ3Mfg4RGrifkDAg49mNvyNKvFl,0,0,Fotos,,,,,Total,13188,9809,42,39,0,3,,,78,35,43,,,,,,
885854047493939,100082080567569,"Paulistão F","VITÓRIA PALESTRINA!
Palmeiras leva a melhor pra cima do Grêmio e garante a segunda vitória no Brasileirão Feminino!
#ElasEmCampo
📷Paloma Cassiano/Palmeiras",,0,"02/20/2026 16:17",N/A,https://www.facebook.com/paulistaof/posts/pfbid037T5PGGSbsiNuNNPjoC3Wt77Jr5wxy7wh9977EVQUWVC2NWGqb2NscTF3qhHqiLRQl,0,0,Fotos,,,,,Total,47542,33496,1524,1427,52,45,,,553,255,298,,,,,,
885458944200116,100082080567569,"Paulistão F","DOSE TRIPLA!
Palestrinas, Bragantinas e Brabas em campo no sextou do @brfeminino.
#ElasEmCampo",,0,"02/20/2026 05:00",N/A,https://www.facebook.com/paulistaof/posts/pfbid028UpDh7YPHUsKhx5yZyTrQMtmN51uCsuquVymP8acUeKzsa8h67y5tffWTr1v9sdWl,0,0,Fotos,,,,,Total,23106,15137,244,231,5,8,,,368,109,259,,,,,,
884692307610113,100082080567569,"Paulistão F","DIA DA RAINHA! 👑
HOJE A MAIOR COMPLETA 40 ANOS! PARABÉNS, MARTA 😍
#Aniversário #RainhaMarta",,0,"02/19/2026 06:10",N/A,https://www.facebook.com/paulistaof/posts/pfbid026p4DhQ7QJuW5sENbegyTA4vqRcpZc2J6pA32qVNZ2MKbs5gd63TbXG29ZNcKjZMl,0,0,Fotos,,,,,Total,6284,4267,170,141,22,7,,1,81,64,17,,,,,,
882633304482680,100082080567569,"Paulistão F","100% DE APROVEITAMENTO!
O #FutebolPaulista venceu os dois jogos desta segunda-feira 😍
#ElasEmCampo",,0,"02/16/2026 17:55",N/A,https://www.facebook.com/paulistaof/posts/pfbid07Er3tn54vTibs7FbXgHsvPmXQ6smK2BVZ7DNqpXeHfzDfZExgLJ8USyLNY6sJy6yl,0,0,Fotos,,,,,Total,22720,15206,106,99,1,6,,,180,71,109,,,,,,
882624337816910,100082080567569,"Paulistão F","DE VIRADA!
As Tricolores venceram fora de casa na estreia do @brfeminino.
#ElasEmCampo
📷 Lara Vantzen/Internacional",,0,"02/16/2026 17:38",N/A,https://www.facebook.com/paulistaof/posts/pfbid02vZWm51AqGooiKU53Hke95G4ZQkSWGYgYJE99Zy2Fn7D3iZptonfQr4LVBFShywNcl,0,0,Fotos,,,,,Total,21205,14538,547,515,15,17,,,206,107,99,,,,,,
882587581153919,100082080567569,"Paulistão F","DEU SEREIAS!
As @sereiasdavilaoficial começam a temporada com três pontos.
#ElasEmCampo
📷 Reinaldo Campos/Santos",,0,"02/16/2026 16:28",N/A,https://www.facebook.com/paulistaof/posts/pfbid0JX8AGxgrnPYBuntaThmX1gJErchUZiBqRPxpkMMDLxnAPuH3ph4cuxpmyH2cYTNvl,0,0,Fotos,,,,,Total,25111,18067,222,213,1,8,1,1,209,87,122,,,,,,
882195007859843,100082080567569,"Paulistão F","DIA DE SEREIAS E TRICOLORES NO @brfeminino!
Esses são os compromissos de Santos e São Paulo na primeira rodada do Brasileirão Feminino!
#ElasEmCampo",,0,"02/16/2026 05:00",N/A,https://www.facebook.com/paulistaof/posts/pfbid0wgPKvcP8A9vHpjjqmt329Z75kYRH53Km5gkT5gTypX5GqNjhx5jTt5nE3q8HUke2l,0,0,Fotos,,,,,Total,28799,19900,223,214,2,7,1,,378,107,271,,,,,,
881694191243258,100082080567569,"Paulistão F","VITÓRIA BRAGANTINA!
As meninas do Massa Bruta começaram com os três pontos no Brasileirão Feminino.
#ElasEmCampo
📷Fernando Roberto/Red Bull Bragantino",,0,"02/15/2026 14:09",N/A,https://www.facebook.com/paulistaof/posts/pfbid0TVWZLfzxTpFR1ni9G1FQXp4aUkXk6YeyS5BmtNHdXiFaxP3BapCMutPdFeg22rsZl,0,0,Fotos,,,,,Total,37609,26793,231,212,10,9,,,271,126,145,,,,,,
881344044611606,100082080567569,"Paulistão F","ESTREIA DUPLA NO BRASILEIRÃO FEMININO! 🔥
Red Bull Bragantino e Ferroviária fazem seu primeiro jogo no @brfeminino em um confronto paulista nesse domingo!
#ElasEmCampo",,0,"02/15/2026 05:00",N/A,https://www.facebook.com/paulistaof/posts/pfbid0DHQnhLmczK9t8QYh6pPLeT5tCfRvZzSUJuX9QYSTBZERwEjfeu75rvMAPAW9APy8l,0,0,Fotos,,,,,Total,14891,10559,86,83,0,3,,,156,77,79,,,,,,
880062881406389,100082080567569,"Paulistão F","GOLEADA PALESTRINA!
Palmeiras começou o Brasileiro Feminino de 2026 com tudo!
#ElasEmCampo
📷Divulgação/Palmeiras",,0,"02/13/2026 18:07",N/A,https://www.facebook.com/paulistaof/posts/pfbid0sTRkJ2WdpiU1pFnd3krgVjZGuFAh4ofsCAmudFe17m9Ut4QXC7apKhyXfiMFDrAal,0,0,Fotos,,,,,Total,98886,70810,2835,2646,79,110,5,3,1204,528,676,,,,,,
880058441406833,100082080567569,"Paulistão F","AS BRABAS VENCEM!
Corinthians estreia com o pé direito no Brasileirão Feminino!
#ElasEmCampo
📷Daniela Veiga/Atlético",,0,"02/13/2026 18:00",N/A,https://www.facebook.com/paulistaof/posts/pfbid0GHbpGba9jihg83wCD4VJtnC5yExT7duUq3PKx7opfimRMVpbk2Y7pJXugAes2fZgl,0,0,Fotos,,,,,Total,73666,49525,1064,970,60,34,2,,829,372,457,,,,,,
879595454786465,100082080567569,"Paulistão F","O @brfeminino ESTÁ DE VOLTA!
Corinthians e Palmeiras estream no Brasileirão Feminino nessa sexta-feira!
#ElasEmCampo",,0,"02/13/2026 05:00",N/A,https://www.facebook.com/paulistaof/posts/pfbid02t2JH3ondqC8QYyPzHx7NJmFZUGgfF37Anhi2d49zTw9BMP8obyqMwspWMLywbnCil,0,0,Fotos,,,,,Total,43834,29844,436,412,18,6,,,800,249,551,,,,,,
879016281511049,100082080567569,"Paulistão F","BRABAS E PALESTRINAS EM PESO! 🇧🇷🌟
Arthur Elias convocou 12 atletas do Futebol Paulista para os amistosos contra Costa Rica, México e Venezuela!
#ElasEmCampo #SeleçãoBrasileira",,0,"02/12/2026 11:14",N/A,https://www.facebook.com/paulistaof/posts/pfbid06H9bEBWucUky2MSXFTYNgnw2GDARTxioQPntKnodFZhy4FGzYtSgMoQsQYAig7ZEl,0,0,Fotos,,,,,Total,60160,37918,754,646,88,20,1,2,1670,741,929,,,,,,
877253335020677,100082080567569,"Paulistão F","QUE HONRA!
A Carine Basseti foi só elogios para o @mirassolfcfeminino na sua apresentação 🤩🦁
#ElasEmCampo",,0,"02/10/2026 07:36",N/A,https://www.facebook.com/paulistaof/posts/pfbid02akd7xwMkpxJ9bZyzm1oFwvxjrXCQJ3XHBjpfKo6i1vmwNP17tVFf51e4wmyTGpf7l,0,0,Fotos,,,,,Total,5476,3847,40,34,5,1,,,31,19,12,,,,,,
876634995082511,100082080567569,"Paulistão F","SAIUUU! 😍✨
Vem conferir o calendário do Futebol Feminino de 2026!
#PaulistãoFeminino #FutebolFeminino",,0,"02/09/2026 13:00",N/A,https://www.facebook.com/paulistaof/posts/pfbid0D3S1hQAUA7rxZSrCMztgRXZSC28pAo1cTRT4FYqPc5YCqN2HVvrxP2rExUm2e7ALl,0,0,Fotos,,,,,Total,3273,2107,21,20,0,1,,,110,19,91,,,,,,
876603998418944,100082080567569,"Paulistão F","A COPA DO MUNDO FEMININA DA FIFA 2027™ ESTÁ CHEGANDO!
E a Neo Química Arena não vê a hora de sediar os jogos em São Paulo 👀🏟️
#ElasEmCampo #CopadoMundoFemininadaFIFA2027™",,0,"02/09/2026 12:00",N/A,https://www.facebook.com/paulistaof/posts/pfbid022oyz4t2yxpup3xEf8W4aHRxC7Nd1BCCMniUj9KaVyNQBA1mH7GrUkCUvmsiiFZFml,0,0,Fotos,,,,,Total,2820,2074,31,27,0,4,,1,12,5,7,,,,,,
876542285091782,100082080567569,"Paulistão F","PROFESSORA NA ÁREA!
Carine Bosetti chega para fazer história como a primeira treinadora da história do @mirassolfcfeminino. Boa sorte 🦁
#ElasEmCampo
📷 JP Pinheiro / Agência Mirassol",,0,"02/09/2026 10:19",N/A,https://www.facebook.com/paulistaof/posts/pfbid0Bc72cmJRovpWvL8D4zyTGK8rExsHTPXdWKTdhzVZW6unq1mvpz7HbBvDqKKpZS5nl,0,0,Fotos,,,,,Total,17605,13004,230,218,9,3,,,185,123,62,,,,,,
875010221911655,100082080567569,"Paulistão F","QUE RETORNO, HEIN, BIA! 🤩
Será que a Imperatriz tá feliz com o gol e o título logo no primeiro jogo de volta pra casa? 🟢⚪️ #ElasEmCampo #Supercopa","QUE RETORNO, HEIN, BIA! 🤩
Será que a Imperatriz tá feliz com o gol e o título logo no primeiro jogo de volta pra casa? 🟢⚪️ #ElasEmCampo #Supercopa",30,"02/07/2026 15:24",N/A,https://www.facebook.com/reel/1413251920460796/,1,0,Vídeos,,,,,Total,88880,76525,6846,6444,199,203,,,1183,1183,,815637.88,11.409,0,0,0,
874997025246308,100082080567569,"Paulistão F","✅ Playlist eclética 
✅ Dancinhas
✅ Taça da Supercopa 

#ElasEmCampo #Supercopa","✅ Playlist eclética 
✅ Dancinhas
✅ Taça da Supercopa 

#ElasEmCampo #Supercopa",59,"02/07/2026 14:57",uploaded,https://www.facebook.com/reel/2226184431123215/,1,0,Vídeos,,,,,Total,35242,31692,2455,2282,75,98,,,587,587,,531082.615,17.628,0,0,0,
874989218580422,100082080567569,"Paulistão F","ROSANA 👏 ROSANA 👏 #ElasEmCampo #Supercopa","ROSANA 👏 ROSANA 👏 #ElasEmCampo #Supercopa",17,"02/07/2026 14:40",N/A,https://www.facebook.com/reel/950804920606888/,1,0,Vídeos,,,,,Total,83272,60199,4602,4439,52,111,,,650,650,,627722.75,10.417,0,0,0,
874986171914060,100082080567569,"Paulistão F","A IMPERATRIZ COMANDOU A FESTA COM A TORCIDA! 🤩🏆 #ElasEmCampo #Supercopa","A IMPERATRIZ COMANDOU A FESTA COM A TORCIDA! 🤩🏆 #ElasEmCampo #Supercopa",9,"02/07/2026 14:34",N/A,https://www.facebook.com/reel/772375888724028/,1,0,Vídeos,,,,,Total,261644,207294,10296,9676,203,417,,,4280,4280,,1217729.809,6.385,0,0,0,
874984815247529,100082080567569,"Paulistão F","É A MELHOR GOLEIRA DO BRASIL, TAPIA! 🧤🔥 #ElasEmCampo #Supercopa","É A MELHOR GOLEIRA DO BRASIL, TAPIA! 🧤🔥 #ElasEmCampo #Supercopa",15,"02/07/2026 14:31",N/A,https://www.facebook.com/reel/755119537248681/,1,0,Vídeos,,,,,Total,92339,65514,4402,4213,81,108,,,517,517,,683679.146,10.867,0,0,0,
874978118581532,100082080567569,"Paulistão F","ÉÉÉ CAMPEÃO!!! 🏆🟢⚪️ #ElasEmCampo #Supercopa","ÉÉÉ CAMPEÃO!!! 🏆🟢⚪️ #ElasEmCampo #Supercopa",32,"02/07/2026 14:18",N/A,https://www.facebook.com/reel/1653247789370079/,1,0,Vídeos,,,,,Total,66766,62553,3674,3232,136,306,,,1036,1036,,556530.969,9.315,0,0,0,
874958608583483,100082080567569,"Paulistão F","PALESTRINAS CAMPEÃS! 🏆🐷
Palmeiras leva a melhor nos pênaltis, supera o Corinthians no Derby e faturam o título da Supercopa Feminina!
#ElasEmCampo
📷Fabio Menotti/Palmeiras",,0,"02/07/2026 13:41",N/A,https://www.facebook.com/paulistaof/posts/pfbid0ic957VFtVFhvMvuasuEdbuoGkkVdWGBKwWRNipRoopuLT6AkvjqDsxjhEGqS8FsCl,0,0,Fotos,,,,,Total,65857,47791,1499,1376,67,56,3,4,856,312,544,,,,,,
874952335250777,100082080567569,"Paulistão F","AVANTI, PALESTRINAS! 🏆
O Palmeiras é campeão da Supercopa Feminina!
#ElasEmCampo",,0,"02/07/2026 13:28",N/A,https://www.facebook.com/paulistaof/posts/pfbid0QyAkP6exT5Ngs4YJDXP3PD7TwU63okEWnoSiZRLUfaW6JQ8upm4eUyanCkwgsSsNl,0,0,Fotos,,,,,Total,54343,40028,2413,2112,104,197,3,5,1054,462,592,,,,,,
874951571917520,100082080567569,"Paulistão F","O PALMEIRAS É SUPERCAMPEÃO DO BRASIL! 🏆🟢⚪️ #ElasEmCampo #Derby #Supercopa","O PALMEIRAS É SUPERCAMPEÃO DO BRASIL! 🏆🟢⚪️ #ElasEmCampo #Derby #Supercopa",30,"02/07/2026 13:27",N/A,https://www.facebook.com/reel/1463563631779124/,1,0,Vídeos,,,,,Total,637520,509978,22906,21254,625,1027,,,6496,6496,,7428178.239,14.629,0,0,1,
874896205256390,100082080567569,"Paulistão F","É DELA! 👑
Bia Zaneratto deixa tudo igual no placar! #ElasEmCampo #Derby #Supercopa","É DELA! 👑
Bia Zaneratto deixa tudo igual no placar! #ElasEmCampo #Derby #Supercopa",34,"02/07/2026 11:42",N/A,https://www.facebook.com/reel/1596799958312507/,1,0,Vídeos,,,,,Total,24149,20031,690,652,21,17,,,429,429,,267175.721,13.405,0,0,0,
855578050521539,100082080567569,"Paulistão F","RAFAELA ESTEVES É DO LEÃO! 🦁
Rafaela é a nova executiva de futebol feminino do @mirassolfc, depois de passagens pela Ferroviária e pelo Corinthians, e chega para liderar a estruturação, o planejamento e o desenvolvimento do novo departamento. Sabe muito de Futebol Paulista! 🥰
#PaulistãoFeminino
📷JP Pinheiro/Agência Mirassol",,0,"01/14/2026 08:23",N/A,https://www.facebook.com/paulistaof/posts/pfbid02x9FUdF9X6uwKzfKS6DuDNqYZbMhdFxYjVx56XcqJcm8UZGKb6WudnAjaotQf92AFl,0,0,Fotos,,,,,Total,27240,18629,215,201,12,2,,,336,117,219,,,,,
850713821007962,100082080567569,"Paulistão F","A IMPERATRIZ VOLTOU! 👑
Campeão do Paulistão Feminino em 2022, Bia Zaneratto foi anunciada como novo reforço do Palmeiras para a temporada!
#PaulistãoFeminino
📷Paloma Cassiano/Palmeiras",,0,"01/07/2026 12:35",N/A,https://www.facebook.com/paulistaof/posts/pfbid02gGpvuvbry1xDjRBADFSFAwvPBLC6jqRXBB9fCMeB7rt2Gqww948ZVG8Gmetca5NHl,0,0,Fotos,,,,,Total,114385,80840,2571,2464,64,43,5,5,1288,573,715,,,,,
874547515291259,100082080567569,"Paulistão F","DIA DE DECISÃO DA SUPERCOPA FEMININA! 🤩🔥
O Derby de hoje vai definir a grande campeã da Supercopa! Quem fica com a taça: Palmeiras ou Corinthians? 👀🏆🌟
#ElasEmCampo #Supercopa",,0,"02/07/2026 03:00",N/A,https://www.facebook.com/paulistaof/posts/pfbid0JaQBm3L6dnjmybP1CzkVE8xPo1kJAURCjJS84zEWqRUcL2ay1L9BrHcC6tGJHqe6l,0,0,Fotos,,,,,Total,70492,46070,944,800,95,49,3,1,902,486,416,,,,,
869971875748823,100082080567569,"Paulistão F","As Brabas lutaram até o último instante, mas acabaram sendo superadas pelo Arsenal, da Inglaterra, na Copa das Campeãs da FIFA.
#ElasEmCampo
📷Staff Images/Conmebol",,0,"02/01/2026 12:53",N/A,https://www.facebook.com/paulistaof/posts/pfbid028LxA8XCcSixb1ekYtdU5rrwtXeexxNfTnEzG1B4mxhHDZFSAv6Ah9KX99btRiCMol,0,0,Fotos,,,,,Total,114517,78407,3367,2778,503,86,7,4,2605,1746,859,,,,,
869781985767812,100082080567569,"Paulistão F","VELHO CONHECIDO!
O São José já fez história história contra o Arsenal. Agora chegou a fez do Corinthians seguir o mesmo caminho!
#ElasEmCampo",,0,"02/01/2026 07:00",N/A,https://www.facebook.com/paulistaof/posts/pfbid03pr9S76ZwvKGx7d5ZgLRb1wmKVWVkEYKmajwEap85rAhBf58pU6gYdHYVXCZaNsFl,0,0,Fotos,,,,,Total,225760,148158,737,694,30,13,,,4653,1347,3306,,,,,
869413049138039,100082080567569,"Paulistão F","HOJE VALE O MUNDO!
AS BRABAS VÃO EM BUSCA DO TÍTULO DA COPA DAS CAMPEÃS 🏆🤩
#ElasEmCampo #Corinthians",,0,"01/31/2026 19:05",N/A,https://www.facebook.com/paulistaof/posts/pfbid036iA2PPC5BkdnNNLkQtmmFNWDeM38CveF1SywYm3dELvfgr7yG9gZu6Fc3bfwEG8el,0,0,Fotos,,,,,Total,27995,20261,769,700,35,34,3,2,408,194,214,,,,,
869085655837445,100082080567569,"Paulistão F","É AMANHÃ! 🦅
Tá chegando a hora das Brabas fazerem história mais uma vez! O @corinthiansfutebolfeminino vai em busca do título da Copa das Campeãs da FIFA!
#ElasEmCampo","É AMANHÃ! 🦅
Tá chegando a hora das Brabas fazerem história mais uma vez! O @corinthiansfutebolfeminino vai em busca do título da Copa das Campeãs da FIFA!
#ElasEmCampo",21,"01/31/2026 07:27",N/A,https://www.facebook.com/reel/1686734835621403/,0,0,Vídeos,,,,,Total,43708,36350,1621,1530,34,57,,,449,449,,330838.744,9.317,0,0,0
866795849399759,100082080567569,"Paulistão F","UM SONHO REALIZADO! 🥹✨
A Tamires não conseguiu segurar a emoção depois da classificação das Brabas para a final do Mundial Feminino!
#ElasEmCampo #BrabasInLondon
🎥@corinthiansfutebolfeminino","UM SONHO REALIZADO! 🥹✨
A Tamires não conseguiu segurar a emoção depois da classificação das Brabas para a final do Mundial Feminino!
#ElasEmCampo #BrabasInLondon
🎥@corinthiansfutebolfeminino",33,"01/28/2026 12:35",N/A,https://www.facebook.com/reel/3570967433045771/,0,0,Vídeos,,,,,Total,20713,18931,1416,1329,56,31,,,555,555,,199095.002,11.135,0,0,0
866791712733506,100082080567569,"Paulistão F","Gabi Zanotti é o que Gotham precisa que ela seja 🔟🦇
#ElasEmCampo",,0,"01/28/2026 12:27",N/A,https://www.facebook.com/paulistaof/posts/pfbid02Rh71uhaFWhHiLhaTB1kGTCcxHt2Sytv6wWXu4vBrBfqCuLtLY59eeHjvJaX6RWDgl,0,0,Fotos,,,,,Total,38935,28453,1649,1541,38,70,3,1,473,242,231,,,,,
866779812734696,100082080567569,"Paulistão F","AGUENTA, CORAÇÃO!
A DECISÃO DA COPA DAS CAMPEÃS DA FIFA SERÁ ENTRE CORINTHIANS E ARSENAL 🔥😱
#ElasEmCampo",,0,"01/28/2026 12:03",N/A,https://www.facebook.com/paulistaof/posts/pfbid02aXBzSmtNo9AV9DrNFmu8mWtZGLdEtrg7XVkxv6jTmt1B3NTVah4s4jvcPToCZkqPl,0,0,Fotos,,,,,Total,184681,124169,4962,4651,159,152,5,1,4043,2082,1961,,,,,
866777639401580,100082080567569,"Paulistão F","AURA 🔟🤩
#ElasEmCampo
📷 FIFA",,0,"01/28/2026 12:00",N/A,https://www.facebook.com/paulistaof/posts/pfbid02qwd13rofz4U9mKnCjibnjHi6HuoA3NFGHsQG4don4Brm8FvFqi1ws8d2hkx1cWr1l,0,0,Fotos,,,,,Total,14093,10318,800,760,22,18,2,2,197,114,83,,,,,
866758616070149,100082080567569,"Paulistão F","QUE DIA! 
Festa das Brabas e da Fiel em Brentford!
📷Rodrigo Gazzanel/Corinthians",,0,"01/28/2026 11:25",N/A,https://www.facebook.com/paulistaof/posts/pfbid036QaCKX3Ft1c26LztEoz97TVeuQgscBgdDnQgxxHKJaNbqGrHu6CkM7gXnoZgUhLVl,0,0,Fotos,,,,,Total,9549,6792,288,272,10,6,,,204,67,137,,,,,
866604482752229,100082080567569,"Paulistão F","É A CAMISA 10!
Com gol da Gabi Zanotti, as Brabas venceram o Gotham e conquistaram a classificação para a final.
#ElasEmCampo 
📷 Divulgação/@fifaclubfootball",,0,"01/28/2026 07:17",N/A,https://www.facebook.com/paulistaof/posts/pfbid0evk57UWGTA81wY8iHqVy1HZEY2DB2NY4dNNN4XDQxDaXi1q3KnvXGhzMunPxoknel,0,0,Fotos,,,,,Total,91438,64549,2721,2497,135,89,5,2,1351,715,636,,,,,
866577692754908,100082080567569,"Paulistão F","PRÓXIMA PARADA: FINAL!
AS BRABAS DOMINARAM LONDRES E CHEGARAM NA DECISÃO DO MUNDIAL!
#ElasEmCampo",,0,"01/28/2026 06:37",N/A,https://www.facebook.com/paulistaof/posts/pfbid02xkJkWJRB7VLN9cjPZMuZwuRcN97Fqtg9SbuAhdoX85WGSo4eATNXPBbpKWZYspmBl,0,0,Fotos,,,,,Total,39291,27023,1389,1231,70,88,1,,858,517,341,,,,,
866171069462237,100082080567569,"Paulistão F","O PRIMEIRO COMPROMISSO DAS BRABAS EM LONDRES!
Hoje é dia do primeiro jogo do Corinthians no Mundial Feminino contra o Gotham!
#ElasEmCampo",,0,"01/27/2026 19:05",N/A,https://www.facebook.com/paulistaof/posts/pfbid0AfwGkExDLaGtbJCsLGYwc7TDMULYJGm43ttsyX8Rbv8kTSunpLDMavT5YPJgZ2i6l,0,0,Fotos,,,,,Total,38041,26193,1035,915,50,70,2,,714,326,388,,,,,
860994479979896,100082080567569,"Paulistão F","NA TERRA DO REI! 🇬🇧📌
O Corinthians desembarcou em Londres para a disputa da Copa do Mundo Feminina de Clubes da FIFA! A caminhada das Brabas na competição começa na próxima quarta-feira (28), contra o Gotham FC, dos Estados Unidos.
#ElasEmCampo
📷Rodrigo Gazzanel/Corinthians",,0,"01/21/2026 11:56",N/A,https://www.facebook.com/paulistaof/posts/pfbid034VwfYDVZSUav3H2aUoQa4yuvU3dWimGaJCjxDMo8nHhXqwHxazN16JMj2KGZR2rsl,0,0,Fotos,,,,,Total,74068,50733,2209,2040,132,37,6,,1809,502,1307,,,,,
859433520135992,100082080567569,"Paulistão F","O PRIMEIRO DERBY DO ANO VEM AÍ!
Palmeiras e Corinthians vão disputar a taça da Supercopa Feminina na Arena Crefisa Barueri! Quem vai levar o título?
#ElasEmCampo",,0,"01/19/2026 12:12",N/A,https://www.facebook.com/paulistaof/posts/pfbid0Suexfr2pfithEd1V5xjDQtGs2MtdsA3uk6ZzB2hf45NiBZMjnYvbT8Mk8oZ6Faq8l,0,0,Fotos,,,,,Total,104846,69128,1621,1423,145,53,,3,2227,963,1264,,,,,
