"Identificação do post","Identificação da Página","Nome da Página",Título,Descrição,"Duração (s)","Horário de publicação","Tipo de legenda","Link permanente","É um post cruzado","É compartilhado","Tipo de post",Idiomas,"Rótulos personalizados","Status do conteúdo financiado","Comentário de dados",Data,Visualizações,Alcance,"Reações, comentários e compartilhamentos",Reações,Comentários,Compartilhamentos,"Total de cliques","Consumo por direcionamento de público correspondente (Photo Click)","Outros cliques","Visualizações qualificadas","Feedbacks negativos dos usuários: Ocultar tudo","Feedbacks negativos dos usuários: Ocultar","Cliques no link","Segundos de visualização","Média de Segundos de visualização","Ganhos estimados (USD)","Negative feedback from users: Ocultar tudo","Negative feedback from users: Ocultar"
1254612403368374,100064588783898,"Federação Paulista de Futebol - FPF","VERDÃO ⚔️ MASSA BRUTA!
Mais um dia de @brasileirao com Duelo de Paulistas. Quem vai levar a melhor?
#PaulistasEmCampo",,0,"10/15/2025 07:00",N/A,https://www.facebook.com/futebolpaulista/posts/pfbid02rN7YPFN32hFH1dudae6qw5wfSQidS2HsK726jopts6PmF8jPayu4JAVvH5bGg68Al,0,0,Fotos,,,,,Total,12363,8646,165,135,24,6,156,71,85,0,2,1,,,,
1254655670030714,100064588783898,"Federação Paulista de Futebol - FPF","FUTEBOL PAULISTA VOANDO! 🚀
São três acessos conquistados nesse ano, um para a #SérieC e dois para o @brasileiraob!
#PaulistasEmCampo",,0,"10/15/2025 08:00",N/A,https://www.facebook.com/futebolpaulista/posts/pfbid02aNGKWcmuSQ2sRTjup3uXJceGU86TxTHDLDAFLWM7E5JXqnfQzWAFNpTfh65r9Nhol,0,0,Fotos,,,,,Total,54375,38482,594,500,75,19,1025,397,628,0,1,,,,,
1254706550025626,100064588783898,"Federação Paulista de Futebol - FPF","ALÔ, SÃO JOSÉ!
No dia 16 de outubro, o estádio Martins Pereira vai receber a campanha ""Marque Esse Gol"", uma iniciativa da FPF com a Fundação Laço Rosa e a Marque Esse Gol. A campanha leva carretas de mamografia para diversos pontos do Estado. Acesse: www.marqueessegol.com.br e faça sua inscrição!
#FPF #MarqueEsseGol #OutubroRosa",,0,"10/15/2025 09:00",N/A,https://www.facebook.com/futebolpaulista/posts/pfbid0338uSqwqn4wjfXhciXeJbdwCjBG3DhTP5VDESC2mYt3ytWUCuMQZhscJBfDuUcV1Dl,0,0,Fotos,,,,,Total,2703,1801,11,9,0,2,8,2,3,0,,,3,,,
1254755593354055,100064588783898,"Federação Paulista de Futebol - FPF","PARA CIMA DELES, SANTOS! 🐳
É dia de clássico no Alçapão e a Vila Belmiro vai pegar fogo! Qual é seu o palpite, torcedor?
#PaulistasEmCampo #Santos",,0,"10/15/2025 10:00",N/A,https://www.facebook.com/futebolpaulista/posts/pfbid0wjh4RvAJwKXg6riH74qh18owk4rM8D9KbMQGY2MTwCoi72vto8DN4E7X8KaHs7Dtl,0,0,Fotos,,,,,Total,28634,19732,472,415,45,12,362,150,212,0,,,,,,
1254801653349449,100064588783898,"Federação Paulista de Futebol - FPF","VAAAAAI, CORINTHIANS! 🦅
Nada importa além da vitória para o Timão no Clássico Alvinegro!
#PaulistasEmCampo #Corinthians",,0,"10/15/2025 11:00",N/A,https://www.facebook.com/futebolpaulista/posts/pfbid02xef4Bkfjvn8cFUvLCQit3vs2pstnBEyGfaCxq8f3oAM5xNCr3Kth5ae6NgzzKP1yl,0,0,Fotos,,,,,Total,21946,15307,337,272,57,8,290,66,224,0,1,1,,,,
1254838586679089,100064588783898,"Federação Paulista de Futebol - FPF","TIQUINHO SOARES NÃO PERDOA!
Quem será que faz gol pelo Peixão no clássico?
#FutebolPaulista #PaulistãoSicredi #Santos","TIQUINHO SOARES NÃO PERDOA!
Quem será que faz gol pelo Peixão no clássico?
#FutebolPaulista #PaulistãoSicredi #Santos",31,"10/15/2025 12:00",N/A,https://www.facebook.com/reel/1165763564888236/,0,0,Vídeos,,,,,Total,13346,14429,167,159,5,3,161,,161,0,,,,105875.365,8.508,0
1254859716676976,100064588783898,"Federação Paulista de Futebol - FPF","TUDO PRONTO PARA O PAULISTÃO A4!
16 equipes vão com tudo em busca do acesso em 2026. Saiba mais em futebolpaulista.com.br!
#PaulistãoA4",,0,"10/15/2025 12:36",N/A,https://www.facebook.com/futebolpaulista/posts/pfbid0Y7efiDNWhmSFsr4gLQFgmvgAZUYhuV1NGhQLkPGKLysZ1ZSZh6SQTJxDfupDW3USl,0,0,Fotos,,,,,Total,44001,28310,372,261,90,21,2802,1756,991,0,2,,55,,,
1254873603342254,100064588783898,"Federação Paulista de Futebol - FPF","YURI ALBERTO, O CARA DO CLÁSSICO ALVINEGRO!
Na semifinal do Paulistão Sicredi, o camisa 9 do Timão brilhou. Será que hoje ele deixa a sua marca na Vila Belmiro?
#FutebolPaulista #PaulistãoSicredi #Corinthians","YURI ALBERTO, O CARA DO CLÁSSICO ALVINEGRO!
Na semifinal do Paulistão Sicredi, o camisa 9 do Timão brilhou. Será que hoje ele deixa a sua marca na Vila Belmiro?
#FutebolPaulista #PaulistãoSicredi #Corinthians",22,"10/15/2025 13:00",N/A,https://www.facebook.com/reel/1513061296248157/,0,0,Vídeos,,,,,Total,9678,10019,93,85,7,1,69,,69,0,,,,52379.84,6.025,0
1255029426660005,100064588783898,"Federação Paulista de Futebol - FPF","NONA VITÓRIA SEGUIDA!
De virada, o Verdão garantiu mais três pontos no @brasileirao.
#PaulistasEmCampo
📷 Cesar Greco/Palmeiras",,0,"10/15/2025 17:48",N/A,https://www.facebook.com/futebolpaulista/posts/pfbid02XLYcaXQXhD5Xx43yi2F3Aw2penjgQqJcmhnexAKZ3fwesrf8e5poAtjajeRmXDYHl,0,0,Fotos,,,,,Total,42497,30319,1815,1689,87,39,560,175,385,0,8,1,,,,
1255034703326144,100064588783898,"Federação Paulista de Futebol - FPF","MAIS TRÊS!
O Mirassol garante vence mais uma!
#PaulistasEmCampo
📷 JP Pinheiro/Agencia Mirassol",,0,"10/15/2025 17:57",N/A,https://www.facebook.com/futebolpaulista/posts/pfbid0ZDYAemtfoP3hjpJ4VPsnj2Ay4yTGm1ig9GHHCqALgC7s5PS8Nmy3QdLNHakpmCefl,0,0,Fotos,,,,,Total,142704,99504,2188,1955,171,62,2634,764,1870,0,4,1,,,,
1255107746652173,100064588783898,"Federação Paulista de Futebol - FPF","VITÓRIA DO PEIXÃO!
Quem levou a melhor no Clássico Alvinegro foi a equipe da Baixada Santista 🔥
#PaulistasEmCampo
📷Raul Baretta/Santos FC",,0,"10/15/2025 19:30",N/A,https://www.facebook.com/futebolpaulista/posts/pfbid0S82ygMgyYL5thhXSxCcpKBU679hgzCFwYWkLt15HpwEUbkvedrosshMfPfmmYYfil,0,0,Fotos,,,,,Total,241836,168024,6052,5308,415,329,4253,1762,2491,0,10,9,,,,
1255118263317788,100064588783898,"Federação Paulista de Futebol - FPF","NOITE DOS MANDANTES!
Assim termina mais uma quarta-feira de #PaulistasEmCampo!",,0,"10/15/2025 19:50",N/A,https://www.facebook.com/futebolpaulista/posts/pfbid02ojf3RZPks19p39ay489tKgnrdWH9hy7gakHeYz1n4C8Vr1xbpoVZ9SwAQGG9LNLsl,0,0,Fotos,,,,,Total,58874,42007,776,661,83,32,844,297,547,0,1,3,,,,
1255468469949434,100064588783898,"Federação Paulista de Futebol - FPF","VAMOS, TRICOLOR! 🇾🇪❤️‍🔥
Hoje é pela vitória fora de casa! 
#PaulistasEmCampo",,0,"10/16/2025 06:00",N/A,https://www.facebook.com/futebolpaulista/posts/pfbid0HZEmJRQCPQX54qhd1kK9mnPhY9PgJMv5H1o4HCJyzwb5zaqx1t83jdGvgEYJdB8Dl,0,0,Fotos,,,,,Total,15344,10434,150,126,23,1,148,47,101,0,,,,,,
1255671679929113,100064588783898,"Federação Paulista de Futebol - FPF","O golaço de Barreal explodiu a Vila! 💣🤍🖤","O golaço de Barreal explodiu a Vila! 💣🤍🖤",33,"10/16/2025 10:20",N/A,https://www.facebook.com/reel/669715992861431/,0,0,Vídeos,,,,,Total,36632,39472,1364,1293,29,42,775,,775,0,,,,273275.916,7.847,0
1255738346589113,100064588783898,"Federação Paulista de Futebol - FPF","CHUVA DE GOLS NO ALLIANZ PARQUE! ⚽🏟️
Não está faltando bola na rede nos jogos do Palmeiras em casa! 
#PaulistasEmCampo",,0,"10/16/2025 12:00",N/A,https://www.facebook.com/futebolpaulista/posts/pfbid02HxVtNNG2hUv7fH5ycguUAyrpJE3Bx4FJwJZu7odu569AKwSNvZFNL1ueCAUEERpgl,0,0,Fotos,,,,,Total,377317,266115,4293,3713,348,232,4653,2698,1955,0,18,4,,,,
1255753016587646,100064588783898,"Federação Paulista de Futebol - FPF","PREPARE-SE PARA O PAULISTÃO A3 2026!
Os detalhes da competição foram definidos em Conselho Técnico nesta quinta-feira (16). Saiba mais em futebolpaulista.com.br!
#PaulistãoA3",,0,"10/16/2025 12:27",N/A,https://www.facebook.com/futebolpaulista/posts/pfbid02D6QgasnAinKqcnSywM5n61h7GJkVdUZtotY4i7dAmwqL7H9qF8V15qpkiaL1wMPNl,0,0,Fotos,,,,,Total,38091,23915,272,206,50,16,2299,1473,796,0,1,,30,,,
1255780026584945,100064588783898,"Federação Paulista de Futebol - FPF","Do alto da Vila Belmiro, direto pro fundo da rede ⚽️🫶🏽
ZÉ RAFAEL, O TREM!
#FutebolPaulista #PaulistasEmCampo #Santos","Do alto da Vila Belmiro, direto pro fundo da rede ⚽️🫶🏽
ZÉ RAFAEL, O TREM!
#FutebolPaulista #PaulistasEmCampo #Santos",18,"10/16/2025 13:00",N/A,https://www.facebook.com/reel/4126307597585623/,0,0,Vídeos,,,,,Total,17583,17665,414,401,8,5,130,,130,0,,,,74447.96,4.653,0
1255850913244523,100064588783898,"Federação Paulista de Futebol - FPF","Os 16 clubes participantes do Paulistão A3 2026 se reuniram no edifício Pelé nesta quinta-feira (16) para definição do formato e datas da competição.
#PaulistãoA3
📷 Rodrigo Corsi/Ag. Paulistão",,0,"10/16/2025 14:09",N/A,https://www.facebook.com/futebolpaulista/posts/pfbid02pzib5uft6yfgJvtGWNNw2LcHvehLo5oppa2r2VGveATrsmpfYGB12j9TWUMyPSK6l,0,0,Fotos,,,,,Total,21620,15721,110,95,6,9,540,386,154,0,,,,,,
1255880316574916,100064588783898,"Federação Paulista de Futebol - FPF","E ESSE GOLAÇO DO @felipeanderson?! 7️⃣🐷
Por aqui, ainda não superamos o que fez o camisa 7 do Palmeiras na noite de ontem... 😮‍💨
#PaulistasEmCampo #Palmeiras #FelipeAnderson","E ESSE GOLAÇO DO @felipeanderson?! 7️⃣🐷
Por aqui, ainda não superamos o que fez o camisa 7 do Palmeiras na noite de ontem... 😮‍💨
#PaulistasEmCampo #Palmeiras #FelipeAnderson",15,"10/16/2025 15:01",N/A,https://www.facebook.com/reel/1250273130448966/,0,0,Vídeos,,,,,Total,59728,55622,2636,2568,39,29,619,,619,0,,,,300916.967,5.782,0
1255955953234019,100064588783898,"Federação Paulista de Futebol - FPF","São Paulo é superado pelo Grêmio no @brasileirao!
#FutebolPaulista #PaulistasEmCampo
📷Rubens Chiri/São Paulo FC",,0,"10/16/2025 17:15",N/A,https://www.facebook.com/futebolpaulista/posts/pfbid0wts79hvH5i6pbD3bEybNaQNAtySj1a7XQLwzb9WToEiYMcJ9e9hHRcyjttf6GpM4l,0,0,Fotos,,,,,Total,45600,32762,801,556,227,18,1125,239,886,0,2,2,,,,
1256435869852694,100064588783898,"Federação Paulista de Futebol - FPF","PARA CIMA, TIGRE! 🔥
Em busca dos três pontos para se manter no G4 do @brasileiraob!
#PaulistasEmCampo",,0,"10/17/2025 06:00",N/A,https://www.facebook.com/futebolpaulista/posts/pfbid0tJvqj4YVJhb2LZEhnBFg88nuEsomgTvUswr5vupVrJRbrbVpSVh7jmUUntJyc2JEl,0,0,Fotos,,,,,Total,29688,21591,265,231,24,10,407,184,223,0,1,,,,,
1256705506492397,100064588783898,"Federação Paulista de Futebol - FPF","O VERDÃO SEGUE NO TOPO! 🐷⬆️
Mais uma rodada chegou ao fim no @brasileirao. Vem ver como os paulistas estão na tabela!
#PaulistasEmCampo",,0,"10/17/2025 12:00",N/A,https://www.facebook.com/futebolpaulista/posts/pfbid0SUEn4cgBT25off9FtYuy3MwTsAP3z7U5TmNaa4Juy2qEoqEpRKAC7bq4dJkRHgnMl,0,0,Fotos,,,,,Total,33707,22979,270,237,23,10,546,301,245,0,2,1,,,,
1256766459819635,100064588783898,"Federação Paulista de Futebol - FPF","SALVA DE PALMAS PARA AS GUERREIRAS! 👏🩷
Que atitude do goleiro do Verdão para exaltar as mulheres participantes da campanha do Outubro Rosa!
#PaulistasEmCampo #OutubroRosa",,0,"10/17/2025 13:16",N/A,https://www.facebook.com/futebolpaulista/posts/pfbid02bRXmq5YNR4nAXHA3anaqShrcEkj6CQWE79JzzF1wJfrV9WLYd6nyh5uvrBkNLZWZl,0,0,Fotos,,,,,Total,98575,68021,2858,2722,67,69,1323,575,748,0,3,1,,,,
1256795019816779,100064588783898,"Federação Paulista de Futebol - FPF","NA ESTICA! 😎🌟
Muito estilo para o camisa 10 do Verdão durante o São Paulo Fashion Week! 
#Palmeiras #SPFW
📽️@paulinho10","NA ESTICA! 😎🌟
Muito estilo para o camisa 10 do Verdão durante o São Paulo Fashion Week! 
#Palmeiras #SPFW
📽️@paulinho10",21,"10/17/2025 14:00",N/A,https://www.facebook.com/reel/1072018321504190/,0,0,Vídeos,,,,,Total,17524,16373,252,202,48,2,613,,613,0,,,,91223.227,5.888,0
1256934496469498,100064588783898,"Federação Paulista de Futebol - FPF","O Novorizontino somou mais um ponto fora de casa pelo @brasileiraob! #PaulistasEmCampo 
📷 Ozzair Jr./Novorizontino",,0,"10/17/2025 17:59",N/A,https://www.facebook.com/futebolpaulista/posts/pfbid0VpXJ5AMF232mudVFabBWcDvPfZnvoRuL6GWhmZrnyFqtXaBqwWCkhCkheb2m3nfZl,0,0,Fotos,,,,,Total,35350,25690,269,229,34,6,688,180,508,0,1,1,,,,
1257418326421115,100064588783898,"Federação Paulista de Futebol - FPF","SÁBADO ALVINEGRO NO FUTEBOL PAULISTA! 🔥
A Ponte Preta joga a primeira final da #SérieC, enquanto o Corinthians vai em busca da vitória em casa!
#PaulistasEmCampo",,0,"10/18/2025 06:00",N/A,https://www.facebook.com/futebolpaulista/posts/pfbid02vxuz1bpYskC1GKFx5WeRLjk3wRQDwLfdkb1oCjEoXo9R5o4iW2UukiubHjgqdqsql,0,0,Fotos,,,,,Total,20262,14488,184,164,12,8,215,108,107,0,,,,,,
1257464213083193,100064588783898,"Federação Paulista de Futebol - FPF","MACACA EM BUSCA DO TÍTULO! 🦍💪
A Ponte Preta quer a vantagem no primeiro jogo da final da #SérieC! Vamos, @pontepretaoficial! 
#PaulistasEmCampo",,0,"10/18/2025 07:00",N/A,https://www.facebook.com/futebolpaulista/posts/pfbid0ZB8pEKHdNnAerdRRkU77mScf6DLKJ18FyEab1iVr1QiKaokR5rUwFyZs8V8Vfmq3l,0,0,Fotos,,,,,Total,37957,25946,681,563,105,13,690,226,464,0,2,1,,,,
1257571896405758,100064588783898,"Federação Paulista de Futebol - FPF","TERCEIRA SEMANA CHEGANDO COM MAIS CARRETAS! 👀
Alô, cidade de São Paulo! As carretas da campanha ""Marque Esse Gol"" chegaram! A iniciativa da FPF com a Fundação Laço Rosa e a Marque Esse Gol leva carretas de mamografia para diversos pontos do Estado. Acesse: www.marqueessegol.com.br e faça sua inscrição de forma gratuita para o dia que preferir!
#FPF #MarqueEsseGol #OutubroRosa",,0,"10/18/2025 09:00",N/A,https://www.facebook.com/futebolpaulista/posts/pfbid02SFtxLVVV7UkF3HMD5qmA2QC858yM9JhorixPK9pB9Gy3wr5mQgnWVDpVCjWninBml,0,0,Fotos,,,,,Total,3299,2350,15,13,0,2,12,9,3,0,,,,,,
1257647496398198,100064588783898,"Federação Paulista de Futebol - FPF","NA MINHA CASA, QUEM MANDA SOU EU! 🏟️🦁🔥
O @mirassolfc tem uma atuação impecável jogando no Maião! 
#PaulistasEmCampo #Mirassol #Maião",,0,"10/18/2025 11:00",N/A,https://www.facebook.com/futebolpaulista/posts/pfbid0Pe6Vi1Jv7LZY9NfxSomGkX2D1ZDdss5ZL2Q1vY22QaR5ZVJ4JneUzuXss5aBmCRTl,0,0,Fotos,,,,,Total,9748,6612,101,92,6,3,314,214,100,0,,,,,,
1257790533050561,100064588783898,"Federação Paulista de Futebol - FPF","ZERADOS!
Nada de gols no primeiro jogo da final da Série C.
#PaulistasEmCampo
📷Alexandre Henrique/PontePress",,0,"10/18/2025 15:04",N/A,https://www.facebook.com/futebolpaulista/posts/pfbid0TGmAaBqGmrJ3QM8F6VwGpoQxJsQPBsh4h34ukSKkp85wTx9em2jS6owsVSeKqw7Dl,0,0,Fotos,,,,,Total,71293,49565,626,511,103,12,1531,417,1114,0,,,,,,
1257843449711936,100064588783898,"Federação Paulista de Futebol - FPF","VAI, CORINTHIANS!
Timão faz o dever de casa e soma mais três pontos no Brasileirão!
#PaulistasEmCampo
📷Rodrigo Coca/Ag. Corinthians",,0,"10/18/2025 16:43",N/A,https://www.facebook.com/futebolpaulista/posts/pfbid0wjN4HJtz9qVndv1xuSNNNDMfaNnk2ixKhXfNvS2rLQ7r8PQmZDrqznmx739VbK5ml,0,0,Fotos,,,,,Total,164999,123642,3452,3214,158,80,1766,783,983,0,5,5,,,,
1257848606378087,100064588783898,"Federação Paulista de Futebol - FPF","QUE GOLAÇO!
Maycon soltou a bomba de fora da área e garantiu mais uma vitória do Corinthians no Brasileirão!
#PaulistasEmCampo
🎥Corinthians/Divulgação","QUE GOLAÇO!
Maycon soltou a bomba de fora da área e garantiu mais uma vitória do Corinthians no Brasileirão!
#PaulistasEmCampo
🎥Corinthians/Divulgação",14,"10/18/2025 16:52",N/A,https://www.facebook.com/reel/2631624480504297/,0,0,Vídeos,,,,,Total,35607,31943,607,588,8,11,476,,476,0,,,,178170.743,6.051,0
1257857133043901,100064588783898,"Federação Paulista de Futebol - FPF","Lá se foi o sabadão de #FutebolPaulista.
#PaulistasEmCampo",,0,"10/18/2025 17:10",N/A,https://www.facebook.com/futebolpaulista/posts/pfbid02EkqkAba4dVMUxda8TAeA1kJ811BsVKW1JAKPtd7qFnc8zzvxhvYDgA4ZVSa7mNx4l,0,0,Fotos,,,,,Total,23880,16609,154,141,7,6,198,95,103,0,,,,,,
1257951889701092,100064588783898,"Federação Paulista de Futebol - FPF","QUE HONREM A CAMISA E LUTEM SEM PARAR! 🔥
Só a vitória interessa para o Palmeiras no Maracanã... Avanti, Palestra! 🐷💚
#PaulistasEmCampo #Palmeiras",,0,"10/18/2025 20:05",N/A,https://www.facebook.com/futebolpaulista/posts/pfbid09nRF5orY5cdRfTVEQe1FSqAZui4eWAWg5TRjBf4ies9e1vYYtVZ2ta97LrBuVpxrl,0,0,Fotos,,,,,Total,328068,234213,7478,6728,587,163,4980,1697,3283,0,23,6,,,,
1258343682995246,100064588783898,"Federação Paulista de Futebol - FPF","DUELOS IMPORTANTES!
O Palmeiras enfrenta o Flamengo em confronto direto pela liderança do @brasileirao, enquanto Mirassol e São Paulo protagonizam um duelo paulista e o Botafogo vai em busca da vitória para subir na tabela do @brasileiraob!
#PaulistasEmCampo",,0,"10/19/2025 06:00",N/A,https://www.facebook.com/futebolpaulista/posts/pfbid02FmVCjRs3AeN58K1ASnM54GuUvuK5MEASSMFbaX1SHRWjgapVRAgx4eGPyjgHrMuKl,0,0,Fotos,,,,,Total,24949,18525,172,142,14,16,248,148,100,0,,,,,,
1258499542979660,100064588783898,"Federação Paulista de Futebol - FPF","LEÃO VS TRICOLOR! 🦁⚔️🇾🇪
Quem vence o duelo paulista entre Mirassol e São Paulo? Deixe nos comentários seu palpite para o jogo!
#PaulistasEmCampo",,0,"10/19/2025 09:00",N/A,https://www.facebook.com/futebolpaulista/posts/pfbid0PmxahqHnnqvnpNhBEqw4CBUc4TwRUTotCkdKJcMtYgjtipuh82XVxbEg9FgEZFFCl,0,0,Fotos,,,,,Total,26921,19349,267,184,73,10,450,138,312,0,,,,,,
1258638239632457,100064588783898,"Federação Paulista de Futebol - FPF","OIIII, MORUMBIS! 
A campanha ""Marque esse Gol"", uma iniciativa da FPF com a Fundação Laço Rosa e a Marque esse Gol, que leva carretas de mamografia para diversos pontos do Estado, estaciona no MorumBIS durante os dias 20 e 21 de outubro. Acesse: www.marqueessegol.com.br e faça sua inscrição gratuitamente!
#FPF #MarqueEsseGol #OutubroRosa",,0,"10/19/2025 12:00",N/A,https://www.facebook.com/futebolpaulista/posts/pfbid02SHCxvvYnFcnquFbwzJZBm4buWQmaxroTkrQ8EJSQUpgwNzkxR8JLYkqPaAMaFxTol,0,0,Fotos,,,,,Total,3984,2871,31,26,2,3,26,8,18,0,,,,,,
1258705679625713,100064588783898,"Federação Paulista de Futebol - FPF","Verdão luta, mas é superado no Maracanã.
#PaulistasEmCampo
📷Cesar Greco/Palmeiras",,0,"10/19/2025 14:02",N/A,https://www.facebook.com/futebolpaulista/posts/pfbid02ivdCMk3aszUbygV4wZtybpVGqFktSSQvAMV2b21bqaffNHR1ptDkLK6TRyKdezQzl,0,0,Fotos,,,,,Total,67108,47144,1096,584,486,26,2184,403,1781,0,3,3,,,,
1258739882955626,100064588783898,"Federação Paulista de Futebol - FPF","VELOZ!  O Mirassol precisou de apenas 25 segundos para abrir o placar diante do São Paulo!  #PaulistasEmCampo   📷Premiere","VELOZ!
O Mirassol precisou de apenas 38 segundos para abrir o placar diante do São Paulo!
#PaulistasEmCampo 
📷Premiere",18,"10/19/2025 15:12",N/A,https://www.facebook.com/reel/1589556185389766/,0,0,Vídeos,,,,,Total,109204,98389,1052,937,85,30,5672,,5671,0,,,1,812990.169,9.135,0
1258787289617552,100064588783898,"Federação Paulista de Futebol - FPF","PONTO IMPORTANTE!
Botafogo luta até o fim a busca o empate contra o Cuiabá.
#PaulistasEmCampo
📷João Victor Menezes de Souza/Ag. Botafogo",,0,"10/19/2025 16:43",N/A,https://www.facebook.com/futebolpaulista/posts/pfbid0LLKgwMdmjVVyG3Vc26iQAtsQ8Akdx4v6iqTzaerGnJf7m3NEHJktsXhmNAVg4d8zl,0,0,Fotos,,,,,Total,23946,17381,207,141,64,2,599,130,469,0,,2,,,,
1258788432950771,100064588783898,"Federação Paulista de Futebol - FPF","DEU LEÃO!
Mirassol leva a melhor no duelo paulista e vence o São Paulo pelo Brasileirão!
#PaulistasEmCampo
📷JP Pinheiro/Ag. Mirassol",,0,"10/19/2025 16:45",N/A,https://www.facebook.com/futebolpaulista/posts/pfbid02EzPD4xoDb1Cfjz8UgzsfkrANnXSGJc2HQz5iaungcUwBjAMAPAXLw42cUMqdwSUUl,0,0,Fotos,,,,,Total,167179,116972,2962,2592,266,104,3327,977,2350,0,1,1,,,,
1258801829616098,100064588783898,"Federação Paulista de Futebol - FPF","Mais um domingo de futebol pra conta!
#PaulistasEmCampo",,0,"10/19/2025 17:10",N/A,https://www.facebook.com/futebolpaulista/posts/pfbid02mpGAxqZdvgN1JLtgPpBHy6JmUkTmV1WCk8mJmx2GtheNpo2faoPQBBq3ndwK2X9gl,0,0,Fotos,,,,,Total,32461,22495,238,210,18,10,441,166,275,0,,,,,,
1259291552900459,100064588783898,"Federação Paulista de Futebol - FPF","DOSE TRIPLA! 3️⃣⚽
Noite de segunda-feira cheia de #PaulistasEmCampo para você assistir!",,0,"10/20/2025 06:03",N/A,https://www.facebook.com/futebolpaulista/posts/pfbid02scX7BckcY5E1XvqtwpdjnkLivFKt8y3zdnPZhcTaTGqd4Gv4BjpkfnBhDAjtef6wl,0,0,Fotos,,,,,Total,14094,10077,100,93,3,4,139,72,67,0,1,,,,,
1259303109565970,100064588783898,"Federação Paulista de Futebol - FPF","DOSE TRIPLA! 3️⃣⚽
Noite de segunda-feira cheia de #PaulistasEmCampo para você assistir!",,0,"10/20/2025 06:18",N/A,https://www.facebook.com/futebolpaulista/posts/pfbid0Hy9x8ogqhi6SFKiSsZ4Duj5xrDCpTJhpQRrmNMcQNktujHu8DF2N3Co658ArFAVGl,0,0,Fotos,,,,,Total,20438,15104,95,92,0,3,164,123,41,0,,,,,,
1259757482853866,100064588783898,"Federação Paulista de Futebol - FPF","Não deu pro Massa Bruta no Jaconi! 😢 #PaulistasEmCampo
📷 Fernando Alves/Juventude",,0,"10/20/2025 16:59",N/A,https://www.facebook.com/futebolpaulista/posts/pfbid02xBuBQ6kxUYCXx2ZVUNjtREZ32YtsTHU9m2JUxP7WQrwNc6WuyqTUbshAdK1W6o9Jl,0,0,Fotos,,,,,Total,26454,19864,143,121,15,7,304,88,216,0,2,,,,,
1259777232851891,100064588783898,"Federação Paulista de Futebol - FPF","A Ferroviária somou mais um ponto pelo @brasileiraob! #PaulistasEmCampo
📷 Ferroviária",,0,"10/20/2025 17:39",N/A,https://www.facebook.com/futebolpaulista/posts/pfbid02iPwHnnxv1W4FJSb5xuu1uG5SGFkunxpTLFDoK2bURG55rcN9oBmvGoawsSqLu76bl,0,0,Fotos,,,,,Total,17445,13241,85,65,15,5,234,67,167,0,,1,,,,
1259843942845220,100064588783898,"Federação Paulista de Futebol - FPF","O Santos é superado na Vila Belmiro! 😢 #PaulistasEmCampo
📷 Raul Baretta/Santos",,0,"10/20/2025 19:38",N/A,https://www.facebook.com/futebolpaulista/posts/pfbid0KAwUK5Kj6Bp5SmYk2buuDUwWbmuvHe1SRuPEKfRULMiaZmJq5VRBzBuU6NrCsidkl,0,0,Fotos,,,,,Total,618188,454855,4057,2917,1024,116,11308,3029,8279,0,14,7,,,,
1259846839511597,100064588783898,"Federação Paulista de Futebol - FPF","Essa foi a segunda-feira dos paulistas! #PaulistasEmCampo",,0,"10/20/2025 19:43",N/A,https://www.facebook.com/futebolpaulista/posts/pfbid0FPyRnj5bi5F7r7UY5mvoEWFU9riTGRRcUEaEBCwPUtMxy8Td3tNNUcE7ZVq3PnASl,0,0,Fotos,,,,,Total,30345,22085,178,159,14,5,314,116,198,0,,,,,,
1260407702788844,100064588783898,"Federação Paulista de Futebol - FPF","VERDÃO SEGUE NA LIDERANÇA!
Fim de mais uma rodada do @brasileirao, então bora conferir como está a classificação 👀
#PaulistasEmCampo",,0,"10/21/2025 10:36",N/A,https://www.facebook.com/futebolpaulista/posts/pfbid0sJPiYS1HhYrrng62issxD8T1gHCLYt36JraV64TSgEGHd6Qvhq7zRuQ4prVEVXkil,0,0,Fotos,,,,,Total,25632,17836,234,212,10,12,379,220,159,0,2,,,,,
1260474592782155,100064588783898,"Federação Paulista de Futebol - FPF","BOLA NA REDE!
Se precisar de gol, é só chamar essa galera. Esses são os artilheiros do #FutebolPaulista no @brasileirao 🔥⚽
#PaulistasEmCampo",,0,"10/21/2025 12:30",N/A,https://www.facebook.com/futebolpaulista/posts/pfbid02jzSKbDavVsvCnUFjNnvEH5GBA22UD8f3rjGytPjDczgSkUqjSXc7Aw1LUgjukdrWl,0,0,Fotos,,,,,Total,77951,55007,394,348,33,13,875,445,430,0,1,,,,,
1261307502698864,100064588783898,"Federação Paulista de Futebol - FPF","QUATRO BRASILEIROS NO RANKING! 🔝🌎
Segundo o Relatório do Observatório do Futebol, essas são as 20 melhores bases do MUNDO!
#CopinhaSicredi",,0,"10/22/2025 12:18",N/A,https://www.facebook.com/futebolpaulista/posts/pfbid0FZNC9PdKPRH64pdYMBgu9ccBa7HERQ1xJMz7L1p4qx6G4TMt1SUuEeoGzyiCbHS1l,0,0,Fotos,,,,,Total,37167,24975,414,280,120,14,1674,266,1408,0,2,1,,,,
1261357836027164,100064588783898,"Federação Paulista de Futebol - FPF","A DECISÃO DA SEMIFINAL DA COPA DO BRASIL SERÁ NA NEO QUÍMICA ARENA! 
#FutebolPaulista #PaulistasEmCampo #Corinthians",,0,"10/22/2025 13:43",N/A,https://www.facebook.com/futebolpaulista/posts/pfbid02Sieq89QGZYphRfob94KLaQG6FqmqGQKtSnBCjy2sqrNk4G2ZXZsd6idPkFJrxNsql,0,0,Fotos,,,,,Total,294689,197146,2243,1832,299,112,4496,2224,2272,0,2,1,,,,
1261399892689625,100064588783898,"Federação Paulista de Futebol - FPF","É O LEÃO! 🤯🦁
O Mirassol é o melhor estreante do @brasileirao na era dos pontos corridos!
#PaulistasEmCampo #Mirassol",,0,"10/22/2025 15:00",N/A,https://www.facebook.com/futebolpaulista/posts/pfbid02hsU3zFPnzcobps1fDs62J1n1gy1fPiV1juaMDLeByestuzPhVk7C7hEsoYVgAekJl,0,0,Fotos,,,,,Total,19984,14088,281,261,16,4,684,503,181,0,,,,,,
1261573236005624,100064588783898,"Federação Paulista de Futebol - FPF","A LUTA PELA OBSESSÃO SEGUE NO EQUADOR! 🏆🐷
O Palmeiras enfrenta a LDU pelo primeiro confronto das semifinais da @libertadoresbr! 🔥
#PaulistasEmCampo #Palmeiras #Libertadores",,0,"10/22/2025 20:05",N/A,https://www.facebook.com/futebolpaulista/posts/pfbid0EGfasXkNYTxmDQhLSxfbMseBrHEQxEJB5oVHvdaV5sUziwr98kPQ6gMk8UdrTrMFl,0,0,Fotos,,,,,Total,203024,143340,5221,4678,399,144,2705,1219,1486,0,10,6,,,,
1261865829309698,100064588783898,"Federação Paulista de Futebol - FPF","O MAIOR DE TODOS OS TEMPOS! 👏
Pelé celebraria 85 anos nessa quinta-feira! Para sempre o maior jogador da história 🌟
#FPF #Aniversário",,0,"10/23/2025 04:00",N/A,https://www.facebook.com/futebolpaulista/posts/pfbid0m5EZcD6bafjcvFLYvNpnkh75cVk6yFSRZAH61hCRx18vVbkhw8fGp9uATmQADqoUl,0,0,Fotos,,,,,Total,72523,53229,2580,2146,248,186,1089,384,705,0,13,7,,,,
1262238279272453,100064588783898,"Federação Paulista de Futebol - FPF","VERDÃO INVICTO!
Hoje é dia do Palmeiras ir em busca da vantagem na @libertadoresbr. Vem conferir o retrospecto da equipe na competição 🔥🐷
#PaulistasEmCampo",,0,"10/23/2025 13:06",N/A,https://www.facebook.com/futebolpaulista/posts/pfbid02Fo8EuhpkvruMxqL21QC4hMymyDRpF5YjWB4YD7LcPXJgZHKRUn18nrTDztA4BXbEl,0,0,Fotos,,,,,Total,28301,19448,410,356,44,10,270,107,163,0,3,2,,,,
1262322005930747,100064588783898,"Federação Paulista de Futebol - FPF","É DIA DE PALMEIRAS! 💚🐷
Bora relembrar alguns dos gols do Verdão na busca por mais uma @libertadoresbr!
#PaulistasEmCampo #Palmeiras","É DIA DE PALMEIRAS! 💚🐷
Bora relembrar alguns dos gols do Verdão na busca por mais uma @libertadoresbr!
#PaulistasEmCampo #Palmeiras",45,"10/23/2025 15:30",uploaded,https://www.facebook.com/reel/838751282046203/,0,0,Vídeos,,,,,Total,11143,11293,248,224,20,4,238,,238,0,,,,86580.923,8.135,0
1262468179249463,100064588783898,"Federação Paulista de Futebol - FPF","Palmeiras é superado no Equador e vai com tudo em busca da virada no Allianz Parque! 
#FutebolPaulista #PaulistasEmCampo 
📷CONMEBOL",,0,"10/23/2025 19:29",N/A,https://www.facebook.com/futebolpaulista/posts/pfbid01FhMYVGNiyWFian973iwKNXqaGKVK6ypQTkpk7y18tqwWVrLMBDkfe6yGpFLJCLAl,0,0,Fotos,,,,,Total,198129,142370,2368,1615,677,76,4716,1338,3378,0,10,3,,,,
1262855209210760,100064588783898,"Federação Paulista de Futebol - FPF","TIGRE vs PANTERA! ⚔️🔥
Hoje tem duelo paulista entre Novorizontino e Botafogo pelo @brasileiraob!
#PaulistasEmCampo",,0,"10/24/2025 06:00",N/A,https://www.facebook.com/futebolpaulista/posts/pfbid0372kYV4dhwPRTwX5eYAhbPhPoJpuDkhcSxwHwBMDGsMJ473nA9KsBHxKNuHdtmeV3l,0,0,Fotos,,,,,Total,35068,25770,192,148,38,6,321,145,176,0,,,,,,
1263306359165645,100064588783898,"Federação Paulista de Futebol - FPF","EMPATE PAULISTA!
Tudo igual para Novorizontino e Botafogo.
#PaulistasEmCampo
📷Higor Basso/Novorizontino",,0,"10/24/2025 17:02",N/A,https://www.facebook.com/futebolpaulista/posts/pfbid02muBBkitPrz8SYVus8ioG3HQe5rP4LDCQR4pqk25GQ2e9mTv1jtUMQ2LgXL9xwDdNl,0,0,Fotos,,,,,Total,96997,68790,684,482,190,12,2465,507,1958,0,,1,,,,
1263431615819786,100064588783898,"Federação Paulista de Futebol - FPF","EM BUSCA DA TAÇA!
Jogando em casa, a Macaca vai com tudo para conquistar o título da #SérieC 🔥🏆
#PaulistasEmCampo",,0,"10/24/2025 20:05",N/A,https://www.facebook.com/futebolpaulista/posts/pfbid0k7Y8NrBY7U3XUVCJnbHHtWBjSffpgsq2PoxwkFs7z6ea9KAGDxzSNwYwVdUjUfqLl,0,0,Fotos,,,,,Total,114046,78794,1486,1266,166,54,1427,541,886,0,3,3,,,,
1263818202447794,100064588783898,"Federação Paulista de Futebol - FPF","SABADOU! 😮‍💨
Três confrontos pelo @brasileirao e a final da #SérieC vão encher o sábado do #FutebolPaulista!
#PaulistasEmCampo",,0,"10/25/2025 06:00",N/A,https://www.facebook.com/futebolpaulista/posts/pfbid02qp1HqfUJ69dSEHoePok9b4ahtb2VkF2JNpGvpGP6wdsuoaS1PvZGdw7c1d2tjzCCl,0,0,Fotos,,,,,Total,44350,31363,273,246,12,15,527,350,177,0,,,,,,
1264116109084670,100064588783898,"Federação Paulista de Futebol - FPF","PRA CIMA, PONTE!
A Macaca vai em busca do título da Série C!
#PaulistasEmCampo
📷 Alexandre Battibugli/Ag. Paulistão",,0,"10/25/2025 12:58",N/A,https://www.facebook.com/futebolpaulista/posts/pfbid02p3TVPMmvMGchHnQNMffe9QQcBMK9AaSmhL1HABwjQx7G4oydEh9LTr4NxjHzfGyNl,0,0,Fotos,,,,,Total,13284,9947,188,177,8,3,161,56,105,0,,,,,,
1264117072417907,100064588783898,"Federação Paulista de Futebol - FPF","SENTE O CLIMA!
A torcida da Ponte Preta colou em peso! É dia de decisão no Moisés Lucarelli!
#PaulistasEmCampo
📷 Alexandre Battibugli/Ag. Paulistão",,0,"10/25/2025 12:59",N/A,https://www.facebook.com/futebolpaulista/posts/pfbid021cLTRa1ckf1iUpsLyzX6Yhe1qUfkVPp4QQaNUWCt8XdKUHJkm3MF5fxybQLWBWM1l,0,0,Fotos,,,,,Total,26429,18082,585,504,60,21,920,611,309,0,3,,,,,
1264172355745712,100064588783898,"Federação Paulista de Futebol - FPF","VAI, CORINTHIANS!
O Timão vence mais uma no Brasileirão!
#PaulistasEmCampo
📷Rodrigo Coca/Ag. Corinthians",,0,"10/25/2025 14:30",N/A,https://www.facebook.com/futebolpaulista/posts/pfbid0UJpwgRJDYJmPumppNKKGhsDDsvMZSQ3oh2C4W1JRMCPxPuG6uU5hfqZsW3PaST3Ul,0,0,Fotos,,,,,Total,258168,189127,5556,5153,280,123,3107,1390,1717,0,6,5,,,,
1264181285744819,100064588783898,"Federação Paulista de Futebol - FPF","FESTA LINDA!!!
Se liga na explosão do Majestoso com o segundo gol da Macaca! 
#SérieC #PontePreta","FESTA LINDA!!!
Se liga na explosão do Majestoso com o segundo gol da Macaca! 
#SérieC #PontePreta",22,"10/25/2025 14:44",N/A,https://www.facebook.com/reel/1785671078982273/,1,0,Vídeos,,,,,Total,200979,170357,3469,3198,160,111,3998,,3998,0,,,,1809551.214,11.332,0
1264193475743600,100064588783898,"Federação Paulista de Futebol - FPF","PONTE PRETA GIGANTE, RAÇA DE CAMPEÃO! 🏆
A MACACA É CAMPEÃ DA SÉRIE C DO BRASILEIRÃO!
#PaulistasEmCampo",,0,"10/25/2025 15:04",N/A,https://www.facebook.com/futebolpaulista/posts/pfbid0r4roNT1on9Nicb2ipQWvZrXNYeGuXq5Q4wRHL29t195REmQYPZo64oXpzevEJcJwl,0,0,Fotos,,,,,Total,132702,89667,4333,3425,650,258,3584,880,2704,0,10,8,,,,
1264204915742456,100064588783898,"Federação Paulista de Futebol - FPF","É CAMPEÃO!!! 🏆
É CAMPEÃO!!! 🏆
É CAMPEÃO!!! 🏆
#PaulistasEmCampo 
📷 Alexandre Battibugli/Ag. Paulistão",,0,"10/25/2025 15:24",N/A,https://www.facebook.com/futebolpaulista/posts/pfbid02Rr66tJxcj6iWbwRCzTAY3VvmHbqg8PeenQyr3aTV39vXxtwNar55KaUX46H6kLkjl,0,0,Fotos,,,,,Total,71292,49766,1268,1037,198,33,1513,611,902,0,1,3,,,,
1264230742406540,100064588783898,"Federação Paulista de Futebol - FPF","É CAMPEÃO! 
QUE FESTA NO MOISÉS LUCARELLI! 
#FutebolPaulista #PontePreta","É CAMPEÃO! 
QUE FESTA NO MOISÉS LUCARELLI! 
#FutebolPaulista #PontePreta",11,"10/25/2025 16:07",N/A,https://www.facebook.com/reel/1760031748139919/,1,0,Vídeos,,,,,Total,330175,223090,5060,4563,299,198,6723,,6723,0,,,,1894788.787,8.463,0
1264244479071833,100064588783898,"Federação Paulista de Futebol - FPF","MAIS UMA, MIRASSOL!
No duelo de Leões, foi o paulista que levou os três pontos!
#PaulistasEmCampo
📷Savyo Miguel/Ag. Mirassol",,0,"10/25/2025 16:32",N/A,https://www.facebook.com/futebolpaulista/posts/pfbid028v7WmsmyG1Uug9xRB6BgrPhGc6MYQt5JntVvs5EDwc1HWA58SYG7CXKdToE3eacl,0,0,Fotos,,,,,Total,161115,114276,2011,1777,175,59,2601,916,1685,0,4,,,,,
1264266865736261,100064588783898,"Federação Paulista de Futebol - FPF","Calma aí @leo_indiio15! 😂😂😂
Deixa a rapaziada comemorar o gol do @elvis.23! 
#FutebolPaulista #PontePreta","Calma aí @leo_indiio15! 😂😂😂
Deixa a rapaziada comemorar o gol do @elvis.23! 
#FutebolPaulista #PontePreta",6,"10/25/2025 17:10",N/A,https://www.facebook.com/reel/1915436196046434/,1,0,Vídeos,,,,,Total,107348,69668,804,697,90,17,1312,,1309,0,,,3,381658.502,5.937,0
1264285809067700,100064588783898,"Federação Paulista de Futebol - FPF","1⃣0⃣0⃣x LUCIANO!
O camisa 10 do São Paulo anotou seu centésimo gol pelo Tricolor!
#PaulistasEmCampo",,0,"10/25/2025 17:44",N/A,https://www.facebook.com/futebolpaulista/posts/pfbid02zxSS82DfBRyb2y1K52yAmemwsQAohPdFYYFjChyQpnQHveJNHrfd5MeHrm79RoHMl,0,0,Fotos,,,,,Total,223900,159781,5277,4824,317,136,2423,1021,1402,0,4,3,,,,
1264326885730259,100064588783898,"Federação Paulista de Futebol - FPF","ÍDOLO ETERNO!
Antes da bola rolar no MorumBIS para São Paulo e Bahia, Rogério Ceni foi ovacionado pela torcida do Tricolor Paulista.
#PaulistasEmCampo 
🎥@ge.globo","ÍDOLO ETERNO!
Antes da bola rolar no MorumBIS para São Paulo e Bahia, Rogério Ceni foi ovacionado pela torcida do Tricolor Paulista.
#PaulistasEmCampo 
🎥@ge.globo",33,"10/25/2025 18:57",mixed,https://www.facebook.com/reel/805362248952979/,0,0,Vídeos,,,,,Total,17642,16142,519,480,25,14,495,,495,0,,,,168031.28,10.482,0
1264358619060419,100064588783898,"Federação Paulista de Futebol - FPF","VITÓRIA TRICOLOR!
O São Paulo soma mais três pontos no Brasileirão!
#PaulistasEmCampo
📷Miguel Schincariol/São Paulo",,0,"10/25/2025 19:34",N/A,https://www.facebook.com/futebolpaulista/posts/pfbid02c2hP6LZoMNxkRC8irPnkH3LpDBgPtSfTGV3X7c1omuaQmiztrYtXAbtarjRuN4Cgl,0,0,Fotos,,,,,Total,152582,110131,2591,2408,128,55,1477,732,745,0,4,3,,,,
1264359402393674,100064588783898,"Federação Paulista de Futebol - FPF","QUE DIA!
Com título da Ponte Preta na Série C e 100% de aproveitamento no Brasileirão, é assim que termina o sábado deo #FutebolPaulista.
#PaulistasEmCampo",,0,"10/25/2025 19:35",N/A,https://www.facebook.com/futebolpaulista/posts/pfbid02qwm2244J13vURWQgm4VtcEpkUFYjDveKMR1CY5mGTHZXCtiSr9gTCRFZ6ZUhej1zl,0,0,Fotos,,,,,Total,96573,67266,576,541,16,19,1355,763,592,0,1,1,,,,
1264689262360688,100064588783898,"Federação Paulista de Futebol - FPF","Por mais visibilidade e respeito!
Seguimos na luta contra o preconceito!
#FPF #DiaInternacionalDaVisibilidadeIntersexo",,0,"10/26/2025 04:00",N/A,https://www.facebook.com/futebolpaulista/posts/pfbid0vUC8NHatJiMYLxxD3dkDDdn6ucazNKLrASGh6pbJqoDN9XnzroDt6hjFRT2pN6Hjl,0,0,Fotos,,,,,Total,4656,3187,33,26,6,1,52,3,49,0,,,,,,
1264778419018439,100064588783898,"Federação Paulista de Futebol - FPF","DUELOS IMPORTANTES! ⚠️
Minhas equipes têm compromissos cruciais nessa reta final de @brasileirao e @brasileiraob! 
#PaulistasEmCampo",,0,"10/26/2025 06:00",N/A,https://www.facebook.com/futebolpaulista/posts/pfbid02tC3j956XPGvUUmgdSS3dMxdaZY4P6KvvJ1wSfmsGPyaF1CR9opssgm7Dbb3Z19gyl,0,0,Fotos,,,,,Total,24386,18028,158,144,5,9,249,172,77,0,,,,,,
1264858905677057,100064588783898,"Federação Paulista de Futebol - FPF","BEM-VINDA, MACACA! 🏆🦍
A Ponte Preta é a nova integrante do grupo de paulistas campeões da Série C! 
#FutebolPaulista",,0,"10/26/2025 07:40",N/A,https://www.facebook.com/futebolpaulista/posts/pfbid0jXMXZQx5Xv7wuvuq2QkTM8AWzEwbVujzdxtpzmFN518LVoW5QNrQMgg9mNQGkmWXl,0,0,Fotos,,,,,Total,115035,73235,1342,1159,131,52,2190,858,1332,0,1,2,,,,
1265138298982451,100064588783898,"Federação Paulista de Futebol - FPF","BUSCOU O PONTO!
O Santos volta do Rio de Janeiro com o empate.
#PaulistasEmCampo
📷Vitor Silva/Botafogo",,0,"10/26/2025 14:11",N/A,https://www.facebook.com/futebolpaulista/posts/pfbid02yQVUkyiAWpSBpRJavpaUyRgCLMkFGwZ5BHRPKQb7cSp8xiFhggEYh1UpsuWzoHAl,0,0,Fotos,,,,,Total,29818,21349,323,275,41,7,597,133,464,0,,1,,,,
1265202458976035,100064588783898,"Federação Paulista de Futebol - FPF","LUTAREMOS JUNTOS!
Torcida do Palmeiras preparou esse mosaico para a disputa de hoje 🔥
#PaulistasEmCampo","LUTAREMOS JUNTOS!
Torcida do Palmeiras preparou esse mosaico para a disputa de hoje 🔥
#PaulistasEmCampo",13,"10/26/2025 16:22",N/A,https://www.facebook.com/reel/1381595200053300/,1,0,Vídeos,,,,,Total,44308,40181,1327,1170,133,24,992,,992,0,,,,205383.076,5.589,0
1265205798975701,100064588783898,"Federação Paulista de Futebol - FPF","O Massa Bruta foi superado em casa.
#PaulistasEmCampo
📷Ari Ferreira/Red Bull Bragantino",,0,"10/26/2025 16:28",N/A,https://www.facebook.com/futebolpaulista/posts/pfbid0Hc5TFh2LXVuwAf1YtZY3irkHzdpU2jUGsftoF1JVQT3a8XJaHPdWZMqvVWLtQaChl,0,0,Fotos,,,,,Total,27231,20327,144,127,13,4,289,111,178,0,,,,,,
1265212005641747,100064588783898,"Federação Paulista de Futebol - FPF","PONTO LÁ!
O Vila Nova até abriu dois, mas a Locomotiva Grená lutou e buscou o empate.
#PaulistasEmCampo
📷Luis Miguel Ferreira/Ferroviária",,0,"10/26/2025 16:38",N/A,https://www.facebook.com/futebolpaulista/posts/pfbid02trbfqNssG6GFwKahW85VPekpx5MMJMu9rbL2dBfnFXScXwPdvR4fuzrV8BgYiKdLl,0,0,Fotos,,,,,Total,22150,15972,166,151,12,3,304,103,201,0,1,,,,,
1265270595635888,100064588783898,"Federação Paulista de Futebol - FPF","O zero não saiu do placar no Allianz Parque.
#PaulistasEmCampo
📷Caíque Coufal/Cruzeiro",,0,"10/26/2025 18:34",N/A,https://www.facebook.com/futebolpaulista/posts/pfbid02SHKJK8JZBZsZxS6eJMjZqySpun5S3FMhJEJMWBdETTei6wNKbfLufZqM7YQchhJul,0,0,Fotos,,,,,Total,13387,9400,130,77,42,11,370,59,311,0,,,,,,
1265271245635823,100064588783898,"Federação Paulista de Futebol - FPF","Ponto final no domingo de futebol.
#PaulistasEmCampo",,0,"10/26/2025 18:35",N/A,https://www.facebook.com/futebolpaulista/posts/pfbid0dQK4dJffZmtimiDWJDQgEGwofeoN8Vp6KiT5Mt94Eh3kgbAsZwyUPEBdbwKFwXTYl,0,0,Fotos,,,,,Total,89846,65410,296,273,7,16,875,546,329,0,2,,,,,
1265748262254788,100064588783898,"Federação Paulista de Futebol - FPF","Raphael Claus concorre ao prêmio de melhor árbitro do mundo!
O árbitro representa o quadro paulista na disputa do IFFHS Awards desta temporada! Saiba mais em futebolpaulista.com.br!
#FPF #Arbitragem",,0,"10/27/2025 07:55",N/A,https://www.facebook.com/futebolpaulista/posts/pfbid0maPnpKcRTMmpFkH5hQThC4E183GhXqp33khbQGmDTCtrztiYPbjzR8zLbGyYCr82l,0,0,Fotos,,,,,Total,1038182,736533,9360,6774,2492,94,20214,4201,15984,0,33,10,29,,,
1265805708915710,100064588783898,"Federação Paulista de Futebol - FPF","TABELA PASSANDO NO SEU FEED! 👀
A classificação do @brasileirao ficou assim depois da última rodada! 
#PaulistasEmCampo",,0,"10/27/2025 09:00",N/A,https://www.facebook.com/futebolpaulista/posts/pfbid0TyVnvYi7DWMXJibaosrsYWE3i8617qTFbSv5Tg3xQBafSbf9A3kKw6q79ZUk6gRFl,0,0,Fotos,,,,,Total,72019,50357,445,395,35,15,1222,601,621,0,4,1,,,,
1266015285561419,100064588783898,"Federação Paulista de Futebol - FPF","MACACA ENTROU PARA A LISTA! 🦍🔥
Com o título inédito da #SérieC, a Ponte Preta adicionou mais um título nacional para os times do interior de São Paulo!
#PaulistasEmCampo",,0,"10/27/2025 14:30",N/A,https://www.facebook.com/futebolpaulista/posts/pfbid0wvwTRZFziouqNBjUBUR8zyqQHVCd1turG1DdQej8NnF6Z9pntX67ChxqJyPxtZDml,0,0,Fotos,,,,,Total,145493,96219,1452,1166,220,66,5164,2757,2407,0,3,4,,,,
1266613425501605,100064588783898,"Federação Paulista de Futebol - FPF","AVISA QUE É ELA! 🇧🇷✨
Edina Alves é a única brasileira concorrendo ao prêmio de melhor árbitra do mundo no IFFHS Awards! Saiba mais em futebolpaulista.com.br!
#FPF #Arbitragem",,0,"10/28/2025 07:18",N/A,https://www.facebook.com/futebolpaulista/posts/pfbid034risHx2gm9hX8Cz43YuyvSt7botUb6MhZeAcXRCFm1iD3Pr3byorKic1RJUDZud9l,0,0,Fotos,,,,,Total,227590,158143,2895,1988,886,21,3790,838,2937,0,8,5,15,,,
1267590478737233,100064588783898,"Federação Paulista de Futebol - FPF","MAIK: A PROMESSA DE COTIA!
Inteligência e qualidade não faltam para o lateral que vem ganhando destaque no time profissional do São Paulo. Vem que o @_marco.pastore te conta mais sobre o potencial desse craque!
#FutebolPaulista","MAIK: A PROMESSA DE COTIA!
Inteligência e qualidade não faltam para o lateral que vem ganhando destaque no time profissional do São Paulo. Vem que o @_marco.pastore te conta mais sobre o potencial desse craque!
#FutebolPaulista",116,"10/29/2025 10:36",N/A,https://www.facebook.com/reel/846809837921371/,0,0,Vídeos,,,,,Total,5309,5687,73,69,0,4,35,,35,0,,,,44137.319,8.635,0
1267603148735966,100064588783898,"Federação Paulista de Futebol - FPF","NOVORIZONTINO DE OLHO NO G4!
Vem ver como está a classificação do @brasileiraob!
#PaulistasEmCampo",,0,"10/29/2025 11:00",N/A,https://www.facebook.com/futebolpaulista/posts/pfbid0dHegGwdQwBGgQAZyFJVp78U8heowJhrhF6FK4TVzkzDyNaJpGyLfbYm2vHBbYGZRl,0,0,Fotos,,,,,Total,390276,276886,1311,1080,213,18,8214,3920,4294,0,5,3,,,,
1267665588729722,100064588783898,"Federação Paulista de Futebol - FPF","É MUITA HABILIDADE! 🐷👀
Um pouquinho do aquecimento de qualidade do Verdão!
#PaulistasEmCampo #Palmeiras","É MUITA HABILIDADE! 🐷👀
Um pouquinho do aquecimento de qualidade do Verdão!
#PaulistasEmCampo #Palmeiras",20,"10/29/2025 13:00",N/A,https://www.facebook.com/reel/24631456139858473/,0,0,Vídeos,,,,,Total,20195,18834,672,654,10,8,287,,287,0,,,,105031.711,5.855,0
1267732602056354,100064588783898,"Federação Paulista de Futebol - FPF","VEM AÍ O PAULISTÃO A2 2026!
Os clubes participantes do Paulistão A2 foram recebidos pelo presidente da FPF, Reinaldo Carneiro Bastos, no edifício Pelé, nesta quarta-feira (29), para o Conselho Técnico que definiu o formato da temporada de 2026. 
#PaulistãoA2 #FPF
📷Rodrigo Corsi/Ag.Paulistão",,0,"10/29/2025 15:01",N/A,https://www.facebook.com/futebolpaulista/posts/pfbid0QBmSA1pfBDxCEFY68en3ZL2Kjzzd4hYAjWrvtSVud9UgNMV7xuVxFzA1MbBJUjQUl,0,0,Fotos,,,,,Total,37278,25743,212,170,35,7,1702,761,941,0,,,,,,
1267917615371186,100064588783898,"Federação Paulista de Futebol - FPF","LUTAREMOS JUNTOS ATÉ O FIM! 💪🔥
O Palmeiras vai em busca da virada na @libertadoresbr e vai contar com o apoio da torcida no Allianz Parque! Deixe seu ""Avanti Palestra"" nos comentários! 💚
#PaulistasEmCampo #Palmeiras",,0,"10/29/2025 20:05",N/A,https://www.facebook.com/futebolpaulista/posts/pfbid0QkkLKz7Vhndsu4BSTvUz6sib4RACy4EPgE282iPxcpLm7C3XaJ5Kr5BXi9URMhgRl,0,0,Fotos,,,,,Total,20442,14909,527,442,65,20,361,131,230,0,,3,,,,
1268268245336123,100064588783898,"Federação Paulista de Futebol - FPF","HOJE É DIA DE BUSCAR MAIS UMA REMONTADA! 🔥
Se tem alguém que sabe que o Palmeiras é o time da virada, somos nós! Foram três viradas seguidas do Verdão no Paulistão 🤩
#Paulistão #PaulistasEmCampo #Palmeiras",,0,"10/30/2025 07:01",N/A,https://www.facebook.com/futebolpaulista/posts/pfbid02KqP3bC6ESfLoUP8LzraEWwYwnwMaycGRm5z4KcyNRyb4Tgei7ddP5GhU5YTfj8HAl,0,0,Fotos,,,,,Total,69837,48059,1231,862,338,31,1819,535,1284,0,2,2,,,,
1268305208665760,100064588783898,"Federação Paulista de Futebol - FPF","SERÁ QUE O ABEL TEM UM PLANO? 👉🥶👈
O professor já avisou: vai ser uma noite mágica de @libertadoresbr no Allianz Parque!
#PaulistasEmCampo #Palmeiras #Libertadores",,0,"10/30/2025 08:00",N/A,https://www.facebook.com/futebolpaulista/posts/pfbid02fzNCZnQwYtKmmMaRFq2c6wNzg1VSrS3buRK2sXueG5e6FMndj6DRxgZyXKMZwWK6l,0,0,Fotos,,,,,Total,103599,75362,2283,1647,584,52,2315,750,1565,0,6,2,,,,
1268414601988154,100064588783898,"Federação Paulista de Futebol - FPF","O TIME DA VIRADA... DESDE SEMPRE! 🐷💚
A @libertadoresbr conhece bem a capacidade do Palmeiras de reverter placares adversos. Será que hoje vem mais uma virada? 👀
#PaulistasEmCampo #Libertadores #Palmeiras",,0,"10/30/2025 11:00",N/A,https://www.facebook.com/futebolpaulista/posts/pfbid029UwgvvZLGcZL6XPeiKPEVn85fsENfAftRci7hNuhPHojyBs3JGfgcyvsVf39u6u2l,0,0,Fotos,,,,,Total,16710,11673,176,138,33,5,276,108,168,0,,,,,,
1268434438652837,100064588783898,"Federação Paulista de Futebol - FPF","VAGNER MANCINI NA ÁREA!
O novo técnico do Red Bull Bragantino chegou com tudo e já comandou o primeiro treino no Massa Bruta!
#FutebolPaulista 
📷Ari Ferreira/Red Bull Bragantino",,0,"10/30/2025 11:37",N/A,https://www.facebook.com/futebolpaulista/posts/pfbid029ZrkbHAHtJ1roaYCuzWoaVtfgofJMgGYvqbjHmwhFHQPda22j1d7x4BcAHtqBZiWl,0,0,Fotos,,,,,Total,43482,28964,276,239,32,5,2133,1611,522,0,1,,,,,
1268446425318305,100064588783898,"Federação Paulista de Futebol - FPF","5 ANOS DE ABEL FERREIRA NO VERDÃO! 5️⃣🐷💚
São 206 vitórias e 10 títulos na conta do professor! Qual é seu balanço do trabalho do técnico até aqui, torcedor?
#PaulistasEmCampo #AbelFerreira #Palmeiras",,0,"10/30/2025 12:00",N/A,https://www.facebook.com/futebolpaulista/posts/pfbid0P8Vvy5mzXLqRZDTdDHRqbjnoxPgawBqaMUHQcWasid3Bu9aADVGYpFakLeczX3WNl,0,0,Fotos,,,,,Total,9622,6939,269,235,13,21,105,47,58,0,,1,,,,
1268477228648558,100064588783898,"Federação Paulista de Futebol - FPF","RETA FINAL DO @brasileiraob! 👀☑️
Faltam apenas quatro jogos na disputa da #SérieB e as minhas equipes ainda tem muito em jogo. Se liga nos últimos compromissos de Botafogo, Ferroviária e Novorizontino!
#PaulistasEmCampo",,0,"10/30/2025 13:00",N/A,https://www.facebook.com/futebolpaulista/posts/pfbid0zahzQuvfs4fAH5g3m5i5ztuCvaHYmoEV2VS3k26TeUBYkUWgeK4qpjjckKmJrQppl,0,0,Fotos,,,,,Total,19641,14500,84,75,6,3,552,402,150,0,,,,,,
1268504725312475,100064588783898,"Federação Paulista de Futebol - FPF","MAIS UM PASSO NO CAMINHO RUMO À TAÇA! 🏆✨
Noite decisiva para o Palmeiras no Allianz Parque pela @libertadoresbr! 
#PaulistasEmCampo",,0,"10/30/2025 14:00",N/A,https://www.facebook.com/futebolpaulista/posts/pfbid0ZYDK7Rx8Yr7gnTpv6t7ccAV38rYKcRiYZLgyN6pHM2fKbPbaeFz4SWMCA4DhAjL4l,0,0,Fotos,,,,,Total,288641,205426,10888,9911,376,601,4932,2807,2125,0,7,5,,,,
1268599571969657,100064588783898,"Federação Paulista de Futebol - FPF","APOIO TOTAL DA TORCIDA DO VERDÃO EM BUSCA DA VIRADA NA @libertadoresbr!
#FutebolPaulista #PaulistasEmCampo #Palmeiras
📷Fabio Menotti/Palmeiras",,0,"10/30/2025 17:05",N/A,https://www.facebook.com/futebolpaulista/posts/pfbid02iPpxQbD95aJDxVANPddVJjoXVYXyE6oAkUEpvikvFJCk2tKoaPq9diGXa5HXwACgl,0,0,Fotos,,,,,Total,6979,4980,307,266,36,5,91,16,75,0,1,1,,,,
1268604641969150,100064588783898,"Federação Paulista de Futebol - FPF","TÁ CHEGANDO A HORA DA VIRADA, VERDÃO!🐷💚
#FutebolPaulista #PaulistasEmCampo #Palmeiras
📷CONMEBOL",,0,"10/30/2025 17:15",N/A,https://www.facebook.com/futebolpaulista/posts/pfbid0Z7y88SQAT9VYdTi8dS7er6CZguG47jfAyJErLf3uSZ56xpa3eugkoY9K1AN9EjRSl,0,0,Fotos,,,,,Total,24655,17621,342,268,71,3,437,142,295,0,3,,,,,
1268644601965154,100064588783898,"Federação Paulista de Futebol - FPF","QUE PRIMEIRO TEMPO DO VERDÃO!💚🐷⚽⚽
#FutebolPaulista #PaulistasEmCampo #Palmeiras
📷CONMEBOL",,0,"10/30/2025 18:31",N/A,https://www.facebook.com/futebolpaulista/posts/pfbid0326qcsF6ddJoWf9joKtcVLXKE9T1BvbSDXccSfjkkfzm1M3esZ3Ps1yzwpNn3wCLel,0,0,Fotos,,,,,Total,11426,8107,290,258,19,13,260,78,182,0,1,1,,,,
1268647935298154,100064588783898,"Federação Paulista de Futebol - FPF","FUCHS FAZ O SEGUNDO DO VERDÃO! 
EXPLODE O ALLIANZ PARQUE! 
#FutebolPaulista #Palmeiras #PaulistasEmCampo 
🎥ESPN","FUCHS FAZ O SEGUNDO DO VERDÃO! 
EXPLODE O ALLIANZ PARQUE! 
#FutebolPaulista #Palmeiras #PaulistasEmCampo 
🎥ESPN",15,"10/30/2025 18:38",N/A,https://www.facebook.com/reel/1477707343336954/,1,0,Vídeos,,,,,Total,69503,53310,2169,2127,13,29,496,,496,0,,,,424481.625,8.161,0
1268664841963130,100064588783898,"Federação Paulista de Futebol - FPF","VEEEEEIIIIGAAAAAA!
O VERDÃO EMPATA NO PLACAR AGREGADO!
#FutebolPaulista #Palmeiras #PaulistasEmCampo
🎥ESPN","VEEEEEIIIIGAAAAAA!
O VERDÃO EMPATA NO PLACAR AGREGADO!
#FutebolPaulista #Palmeiras #PaulistasEmCampo
🎥ESPN",19,"10/30/2025 19:09",N/A,https://www.facebook.com/reel/1893362324931512/,1,0,Vídeos,,,,,Total,75412,59770,1896,1808,42,46,1155,,1155,0,,,,641656.144,11.233,0
1268668788629402,100064588783898,"Federação Paulista de Futebol - FPF","O PALMEIRAS É O TIME DA VIRADA!
💚🐷⚽⚽⚽⚽
#FutebolPaulista #PaulistasEmCampo #Palmeiras
📷CONMEBOL",,0,"10/30/2025 19:16",N/A,https://www.facebook.com/futebolpaulista/posts/pfbid02DcDv6CpeAYohwqweimHqvo4igis1DfaFuzwFoq2eT2Q6tW8a5xUx4GDVvFuWT7YXl,0,0,Fotos,,,,,Total,16399,11554,512,454,40,18,462,80,382,0,,1,,,,
1268673415295606,100064588783898,"Federação Paulista de Futebol - FPF","RAPHAEL CAVALCANTE VEIGA!
#FutebolPaulista #Palmeiras #PaulistasEmCampo
🎥ESPN","RAPHAEL CAVALCANTE VEIGA!
#FutebolPaulista #Palmeiras #PaulistasEmCampo
🎥ESPN",46,"10/30/2025 19:25",mixed,https://www.facebook.com/reel/24931085513177595/,1,0,Vídeos,,,,,Total,637518,535918,30110,29070,372,668,6070,,6070,0,,,,10099063.063,18.906,0
1268675115295436,100064588783898,"Federação Paulista de Futebol - FPF","HISTÓRICO! O PALMEIRAS ESTÁ NA FINAL DA LIBERTADORES!
#FutebolPaulista #PaulistasEmCampo #Palmeiras",,0,"10/30/2025 19:28",N/A,https://www.facebook.com/futebolpaulista/posts/pfbid0SVsnoezoNrtmohsMC3T9jtyT3jyW7MdqabYD9ZfN4qCgW3AF4sVnEsk5mEY6XsKal,0,0,Fotos,,,,,Total,44909,30924,2273,1842,131,300,1353,718,635,0,2,,,,,
1268680801961534,100064588783898,"Federação Paulista de Futebol - FPF","VIRADA ÉPICA! O VERDÃO É FINALISTA DA LIBERTADORES!
#FutebolPaulista #PaulistasEmCampo #Palmeiras
📷CONMEBOL",,0,"10/30/2025 19:39",N/A,https://www.facebook.com/futebolpaulista/posts/pfbid02VXA8Ax61pEqjmjSwJRMoGLguunBiYgfcPHMMBkPDV2APbjJG48E5Y19WAuPCaypCl,0,0,Fotos,,,,,Total,76791,54847,4298,3960,189,149,1465,533,932,0,4,3,,,,
1268682731961341,100064588783898,"Federação Paulista de Futebol - FPF","UMA NOITE MÁGICA!🪄💚🐷
90 MINUTOS NO ALLIANZ PARQUE É MUITO TEMPO!
#FutebolPaulista #PaulistasEmCampo #Palmeiras",,0,"10/30/2025 19:43",N/A,https://www.facebook.com/futebolpaulista/posts/pfbid02dBka8myRNJEjSoXEvNGUCSPAi1ftGwsNQTpUiw3aXkAbF1a1BRYc7GSRvfkzF3ael,0,0,Fotos,,,,,Total,202791,146678,8019,7127,295,597,3365,1960,1405,0,10,4,,,,
1268684521961162,100064588783898,"Federação Paulista de Futebol - FPF","COMEMORA, PROFESSOR! 
A EMOÇÃO DE ABEL FERREIRA!
#FutebolPaulista #Palmeiras #PaulistasEmCampo
🎥CONMEBOL","COMEMORA, PROFESSOR! 
A EMOÇÃO DE ABEL FERREIRA!
#FutebolPaulista #Palmeiras #PaulistasEmCampo
🎥CONMEBOL",6,"10/30/2025 19:46",N/A,https://www.facebook.com/reel/1360364015582669/,0,0,Vídeos,,,,,Total,28928,17282,1054,890,107,57,928,,928,0,,,,90325.847,4.858,0
1268693901960224,100064588783898,"Federação Paulista de Futebol - FPF","Allan🤝Messi
#FutebolPaulista #Palmeiras
📷Reprodução",,0,"10/30/2025 20:02",N/A,https://www.facebook.com/futebolpaulista/posts/pfbid037ESJSkPbGpngL4opvr1nXvTJZLuqB1Vezx3aT8cz3TqqormmFmqgBcMZps9yQMwhl,0,0,Fotos,,,,,Total,28827,19914,426,401,17,8,407,138,269,0,,1,,,,
1268697678626513,100064588783898,"Federação Paulista de Futebol - FPF","QUE JOGADA DO ALLAN! 
#FutebolPaulista #Palmeiras 
🎥ESPN","QUE JOGADA DO ALLAN! 
#FutebolPaulista #Palmeiras 
🎥ESPN",22,"10/30/2025 20:08",N/A,https://www.facebook.com/reel/715582217602436/,1,0,Vídeos,,,,,Total,14669,10946,482,424,32,26,714,,713,0,,,1,144145.589,13.624,0
1268699751959639,100064588783898,"Federação Paulista de Futebol - FPF","O CAPITÃO DEU O PAPO!
#FutebolPaulista #PaulistasEmCampo #Palmeiras
📷CONMEBOL",,0,"10/30/2025 20:11",N/A,https://www.facebook.com/futebolpaulista/posts/pfbid04NL6hhbcFRAMigVqSmnqL8AB7P8jNiuU7NDEUDqPoBAbUZ1ymyBUhoHWfk1Yj1b3l,0,0,Fotos,,,,,Total,11578,7832,483,421,29,33,253,131,122,0,,1,,,,
1268701545292793,100064588783898,"Federação Paulista de Futebol - FPF","UM SHOW DO MENINO ALLAN NO ALLIANZ PARQUE!
#FutebolPaulista #Palmeiras #PaulistasEmCampo
🎥CONMEBOL","UM SHOW DO MENINO ALLAN NO ALLIANZ PARQUE!
#FutebolPaulista #Palmeiras #PaulistasEmCampo
🎥CONMEBOL",47,"10/30/2025 20:14",N/A,https://www.facebook.com/reel/2104838830340741/,0,0,Vídeos,,,,,Total,38023,27982,2005,1765,138,102,1686,,1686,0,,,,683565.81,21.449,0
1268702348626046,100064588783898,"Federação Paulista de Futebol - FPF","UM, DOIS, TRÊS, QUATRO…
Para ficar maneiro, todos os gols da classificação do Verdão ⚽️
#PaulistasEmCampo 
🎥 @libertadoresbr","UM, DOIS, TRÊS, QUATRO…
Para ficar maneiro, todos os gols da classificação do Verdão ⚽️
#PaulistasEmCampo 
🎥 @libertadoresbr",76,"10/30/2025 20:16",N/A,https://www.facebook.com/reel/839823371829646/,1,0,Vídeos,,,,,Total,44182,33427,2534,2147,113,274,1217,,1217,0,,,,1022961.44,25.458,0
1268704035292544,100064588783898,"Federação Paulista de Futebol - FPF","O VERDÃO É MÁGICO!
O PALMEIRAS FEZ HISTÓRIA E SE ISOLOU COMO O TIME BRASILEIRO COM MAIS FINAIS DE LIBERTADORES!
#FutebolPaulista #PaulistasEmCampo #Palmeiras",,0,"10/30/2025 20:19",N/A,https://www.facebook.com/futebolpaulista/posts/pfbid0gQq6MAjX6e6LoPJ7M1oNNUnusG57ai6NU3eigNQWTtXmzFZ9JDNa2g3LRW8sYQvwl,0,0,Fotos,,,,,Total,30091,21978,1299,1129,70,100,575,289,286,0,2,2,,,,
1268706078625673,100064588783898,"Federação Paulista de Futebol - FPF","PELA GLÓRIA ETERNA!🐷💚
O VERDÃO VAI EM BUSCA DO TETRACAMPEONATO DA LIBERTADORES CONTRA O FLAMENGO!
#FutebolPaulista #PaulistasEmCampo #Palmeiras",,0,"10/30/2025 20:22",N/A,https://www.facebook.com/futebolpaulista/posts/pfbid0xvAbSzP12PFUPFWFWBgJ2XiHuDJW6H98ZaRjn5v4AS9fWmA9emBNWHUqyavaAMkpl,0,0,Fotos,,,,,Total,21086,15655,849,777,39,33,319,126,193,0,,3,,,,
1268712535291694,100064588783898,"Federação Paulista de Futebol - FPF","OS ARTILHEIROS DA NOITE MÁGICA DO VERDÃO NO ALLIANZ PARQUE!
#FutebolPaulista #PaulistasEmCampo #Palmeiras
📷CONMEBOL",,0,"10/30/2025 20:33",N/A,https://www.facebook.com/futebolpaulista/posts/pfbid0iHGwURBiyAMJE7pxfRW2n1eypPLAk4MNtsHY4QYtu5FiyEVQUvUUSWYhXDG2AH1Jl,0,0,Fotos,,,,,Total,5659,4180,239,224,6,9,77,50,27,0,,,,,,
1268725378623743,100064588783898,"Federação Paulista de Futebol - FPF","Abel Fernando Moreira Ferreira 🐷💚
#FutebolPaulista #PaulistasEmCampo #Palmeiras
📷CONMEBOL",,0,"10/30/2025 20:55",N/A,https://www.facebook.com/futebolpaulista/posts/pfbid02ku5RY91Pp2QsSnt3zVkntYsrLjve7X9BC4k9YhnPNaxr5dSVcRsTQp6ffaNEAPyRl,0,0,Fotos,,,,,Total,501918,353080,20137,18430,1255,452,13449,5746,7703,0,29,10,,,,
1269041391925475,100064588783898,"Federação Paulista de Futebol - FPF","VAMOS, FERROVIÁRIA! 🚂🔥
A Locomotiva vai em busca da vitória no @brasileiraob!
#PaulistasEmCampo",,0,"10/31/2025 06:00",N/A,https://www.facebook.com/futebolpaulista/posts/pfbid0pde9g1uYMpK7wBxg1gcCwF3SWTagcUKR6VaRovrg6TyEMEHsaGpwGtJ1U5EEunCml,0,0,Fotos,,,,,Total,22158,15616,163,140,18,5,237,104,133,0,,,,,,
1269083901921224,100064588783898,"Federação Paulista de Futebol - FPF","QUERO VER PEGAR!
QUE CATEGORIA DO ALLAN!
#FutebolPaulista #Palmeiras #PaulistasEmCampo
🎥CONMEBOL","QUERO VER PEGAR!
QUE CATEGORIA DO ALLAN!
#FutebolPaulista #Palmeiras #PaulistasEmCampo
🎥CONMEBOL",19,"10/31/2025 07:00",N/A,https://www.facebook.com/reel/749470668152652/,0,0,Vídeos,,,,,Total,385951,274535,6824,6684,73,67,1519,,1519,0,,,,4014561.371,14.77,0
1269137445249203,100064588783898,"Federação Paulista de Futebol - FPF","🏆🏆🏆🏆🏆
Há 18 anos, o São Paulo vencia o América-RN por 3 a 0 e conquistava o pentacampeonato do Brasileirão. Saudades, torcedor Tricolor?
#FutebolPaulista #Brasileirão
📷Rubens Chiri/saopaulofc.net",,0,"10/31/2025 08:15",N/A,https://www.facebook.com/futebolpaulista/posts/pfbid0AwoQqctP3P7jtWXzKiiYqQn4sbx9mAjbKHTw7s8c4RsNvc7xTCWvveoNM5uQJRogl,0,0,Fotos,,,,,Total,23103,15055,354,297,43,14,760,352,408,0,1,2,,,,
1269327271896887,100064588783898,"Federação Paulista de Futebol - FPF","O CAMINHO ESTÁ TRILHADO! 🐷💚
Muitas noites mágicas nos trouxeram até aqui. Agora, restam 90 minutos em busca da Glória Eterna 🏆✨
#PaulistasEmCampo #Palmeiras #RaphaelVeiga",,0,"10/31/2025 13:00",N/A,https://www.facebook.com/futebolpaulista/posts/pfbid02uHcCVniFrfGPvrs3aDd1rm92V69RkmkqpfmaPsbd8dT8P3T6g24D9W6b6CNQ9nH4l,0,0,Fotos,,,,,Total,32692,24270,1413,1339,51,23,350,128,222,0,4,1,,,,
1269454488550832,100064588783898,"Federação Paulista de Futebol - FPF","A GENTE JÁ VIU ESSE FILME! 👀
O Verdão conquistou uma remontada histórica na @libertadoresbr. A adm resolveu reunir os gols das viradas recentes pelo maior Estadual do Brasil! 
#PaulistasEmCampo","A GENTE JÁ VIU ESSE FILME! 👀
O Verdão conquistou uma remontada histórica na @libertadoresbr. A adm resolveu reunir os gols das viradas recentes pelo maior Estadual do Brasil! 
#PaulistasEmCampo",162,"10/31/2025 16:30",uploaded,https://www.facebook.com/reel/1537610937556439/,1,0,Vídeos,,,,,Total,80832,81816,3962,3542,81,339,2223,,2223,0,,,,2042343.32,26.708,0
1269564548539826,100064588783898,"Federação Paulista de Futebol - FPF","EMPATE EM ARARAQUARA! 
Nada de gols para Ferroviária e Criciúma.
#PaulistasEmCampo
📷Divulgação/Ferroviária",,0,"10/31/2025 19:38",N/A,https://www.facebook.com/futebolpaulista/posts/pfbid02KSStdsEfKofgaSoFW44ic9KHzq9WQPkvXpgGCPuUJpLApRehsS7MQy4tioDmqeNPl,0,0,Fotos,,,,,Total,41212,28873,278,202,60,16,929,168,761,0,,,,,,
1254522783377336,100064588783898,"Federação Paulista de Futebol - FPF","AULA IMPORTANTE!
Neste Dia do Professor, nada como uma homenagem aos professores do #FutebolPaulista! 
#DiaDoProfessor",,0,"10/15/2025 05:00",N/A,https://www.facebook.com/futebolpaulista/posts/pfbid02DkQxNAndxATrDHPYkwG8qzvuPZ7agrpihQbsudfgych36e9EoEQxcVViXbvNjzVql,0,0,Fotos,,,,,Total,9493,7342,95,76,9,10,61,20,41,0,,,,,,
1254562753373339,100064588783898,"Federação Paulista de Futebol - FPF","QUARTA-FEIRA DE @brasileirao FEAT. CLÁSSICO ALVINEGRO! ⚽🔥
Dois duelos paulistas + Mirassol no Maião em busca dos três pontos! 
#PaulistasEmCampo",,0,"10/15/2025 06:00",N/A,https://www.facebook.com/futebolpaulista/posts/pfbid027GQNocshR5dPoM5oB7XyLYAXRmFyPb54Zfkmh4BDpRvZcjRtz4tci1vjwcFBhX1Nl,0,0,Fotos,,,,,Total,20168,14306,226,198,11,17,246,138,108,0,1,1,,,,
1254187073410907,100064588783898,"Federação Paulista de Futebol - FPF","VQUEM VENCE O CLÁSSICO ALVINEGRO DE HOJE? ⚔️🔥
Santos e Corinthians vão medir forças para tentar alcançar a vitória no clássico no @brasileirao!
#PaulistasEmCampo #ClássicoAlvinegro",,0,"10/14/2025 20:05",N/A,https://www.facebook.com/futebolpaulista/posts/pfbid07STBVVD8G47LT7EPzLN91eo2ozpsKvD6n293BwxKRC6a2KQ8vJjzvf7v8v9Awm4Bl,0,0,Fotos,,,,,Total,41716,29554,252,203,32,17,462,204,258,0,,,,,,,2,
1254106086752339,100064588783898,"Federação Paulista de Futebol - FPF","ASSISTÊNCIA DO @flacolopez_10 NA SELEÇÃO!
A fase é boa até fora do Brasil! O argentino deu essa assistência para o terceiro gol da Argentina no amistoso contra Porto Rico. 
#PaulistasEmCampo #FlacoLopez 
🎥@cazetv","ASSISTÊNCIA DO @flacolopez_10 NA SELEÇÃO!
A fase é boa até fora do Brasil! O argentino deu essa assistência para o terceiro gol da Argentina no amistoso contra Porto Rico. 
#PaulistasEmCampo #FlacoLopez 
🎥@cazetv",17,"10/14/2025 18:05",N/A,https://www.facebook.com/reel/1469253787689720/,1,0,Vídeos,,,,,Total,787729,528424,24148,23915,125,108,6453,,6434,0,,,19,7081853.212,13.302,0,,
1254088700087411,100064588783898,"Federação Paulista de Futebol - FPF","O Botafogo se manteve no empate com a Chapecoense fora de casa no @brasileiraob!
#PaulistasEmCampo
📷Liamara Polli/Polli Imagens/Agência Botafogo/Divulgação",,0,"10/14/2025 17:30",N/A,https://www.facebook.com/futebolpaulista/posts/pfbid02uPHaQKxY8iZvPQbFpXngzdEp4DEcQuGggD2Sgin4cb8p2n2jNhtvAPv5zjFXLitLl,0,0,Fotos,,,,,Total,23071,16798,141,109,27,5,429,78,351,0,,,,,,,1,
1254023726760575,100064588783898,"Federação Paulista de Futebol - FPF","QUEM TEM MAIS TEM TRÊS!
Com o título do @xvpiracicaba, Moisés Egert se tornou o treinador que mais vezes venceu a Copa Paulista Sicredi. Vem conferir os maiores campeões 🤩
#CopaPaulistaSicredi",,0,"10/14/2025 15:30",N/A,https://www.facebook.com/futebolpaulista/posts/pfbid09WN6NnGZmSjZUf2Ar53VE99mztLm4hxt8kfHKAVSeyd4TMtLvwypsZ81bcG8yu1cl,0,0,Fotos,,,,,Total,26167,17805,141,114,14,13,365,120,245,0,,,,,,,1,
1254006706762277,100064588783898,"Federação Paulista de Futebol - FPF","A BOLA DA VEZ ⚽
Mais uma final, mais uma bola da @penaltybr que entrou para a história, dessa vez com o título do @xvpiracicaba na #CopaPaulistaSicredi 🔥","A BOLA DA VEZ ⚽
Mais uma final, mais uma bola da @penaltybr que entrou para a história, dessa vez com o título do @xvpiracicaba na #CopaPaulistaSicredi 🔥",11,"10/14/2025 15:01",N/A,https://www.facebook.com/reel/1159261546175824/,0,0,Vídeos,,,,,Total,9885,10030,76,69,2,5,64,,64,0,,,,31408.714,3.624,0,,
1253975476765400,100064588783898,"Federação Paulista de Futebol - FPF","ESTAMOS CHEGANDO, BRAGANÇA PAULISTA!
Chegou a hora da carreta da campanha ""Marque Esse Gol"" passar pelo Posto de Monta. A iniciativa da FPF com a Fundação Laço Rosa e a Marque Esse Gol leva carretas de mamografia para diversos pontos do Estado. Acesse: www.marqueessegol.com.br e faça sua inscrição de forma gratuita!
#FPF #MarqueEsseGol #OutubroRosa",,0,"10/14/2025 14:00",N/A,https://www.facebook.com/futebolpaulista/posts/pfbid029ujYpvtB1KoSmatcgsN4AqydNoybmArTHauVD9aPo8CgSKCFo8KUv6RBduuCu2Whl,0,0,Fotos,,,,,Total,2457,1744,12,11,0,1,7,5,2,0,,,,,,,,
1253642600132021,100064588783898,"Federação Paulista de Futebol - FPF","VAMOS, PANTERA!
O Botafogo vai em busca dos três pontos para subir na tabela do @brasileiraob!
#PaulistasEmCampo",,0,"10/14/2025 06:00",N/A,https://www.facebook.com/futebolpaulista/posts/pfbid0bWfYHpuwUwA9y6foXkkfkRs6jv3QznH87ifPqNh7v8RpSHezAS4TYvq8ZN5kH6iUl,0,0,Fotos,,,,,Total,17789,13405,60,51,7,2,105,57,48,0,,,,,,,,
1253635580132723,100064588783898,"Federação Paulista de Futebol - FPF","Hoje não deu para o Brasil.
#Brasil #SeleçãoBrasileira
📷Rafael Ribeiro/CBF",,0,"10/14/2025 05:50",N/A,https://www.facebook.com/futebolpaulista/posts/pfbid0M7kgkRxv6aeLWQ6EjJ835EisrMhsysKqt4J3gTmfPRLBWqMZDotWKxKbniKUqMXol,0,0,Fotos,,,,,Total,36740,25096,547,325,212,10,1207,185,1022,0,,,,,,,1,
1253302806832667,100064588783898,"Federação Paulista de Futebol - FPF","HOJE TEM BRASIL!🇧🇷
Depois da goleada sobre a Coreia do Sul, a Seleção Brasileira enfrenta o Japão em busca de mais uma vitória!
#Brasil #SeleçãoBrasileira",,0,"10/13/2025 20:05",N/A,https://www.facebook.com/futebolpaulista/posts/pfbid0rmhoyUvcpucMir4VE7a4LLwDdRUuP8Ev8YumGJmPnGQco51yRDqpJ8gV5MPp3UMnl,0,0,Fotos,,,,,Total,19748,14166,249,191,47,11,265,76,189,0,,,,,,,2,1
1253285193501095,100064588783898,"Federação Paulista de Futebol - FPF","TUDO IGUAL!
A Locomotiva Grená volta de Maceió com mais um ponto na Série B.
#PaulistasEmCampo
📷Luis Miguel Ferreira/Ferroviária",,0,"10/13/2025 19:36",N/A,https://www.facebook.com/futebolpaulista/posts/pfbid02pzpvU7Rf2j7sHG9du7GPXL2ovvgdijSSdU2yNvJns5UYdjoDMULvQf6dtmoKMDFrl,0,0,Fotos,,,,,Total,35968,25546,265,238,18,9,445,184,261,0,,,,,,,1,1
1253136923515922,100064588783898,"Federação Paulista de Futebol - FPF","PARA CIMA, LOCOMOTIVA! 🚂🔥
Vamos voltar a vencer esta noite, @afeoficial! 
#PaulistasEmCampo #Ferroviária","PARA CIMA, LOCOMOTIVA! 🚂🔥
Vamos voltar a vencer esta noite, @afeoficial! 
#PaulistasEmCampo #Ferroviária",32,"10/13/2025 15:01",N/A,https://www.facebook.com/reel/754454097571029/,0,0,Vídeos,,,,,Total,8044,9279,63,61,1,1,64,,64,0,,,,41623.084,5.26,0,,
1253109376852010,100064588783898,"Federação Paulista de Futebol - FPF","SEMANA CHEIA! 🩷
Esses são os estádios que vão receber a carreta campanha ""Marque Esse Gol"" nessa semana! O projeto é uma iniciativa da FPF com a Fundação Laço Rosa e a Marque Esse Gol que leva carretas de mamografia para diversos pontos do Estado. Acesse: www.marqueessegol.com.br e agende seu exame gratuito!
#FPF #MarqueEsseGol #OutubroRosa",,0,"10/13/2025 14:12",N/A,https://www.facebook.com/futebolpaulista/posts/pfbid02jtkwggLeDsZEVog7vmzCc4PMVA1YtabPpcGmgLe6Mk4rDzftBa5pX9tzpqi9Y2nrl,0,0,Fotos,,,,,Total,2684,1840,20,16,0,4,11,9,2,0,,,,,,,,
1253055053524109,100064588783898,"Federação Paulista de Futebol - FPF","CHEGOU NO TOPO 3️⃣🏆
Com o título da Copa Paulista Sicredi 2025, o @xvpiracicaba divide o posto de maior campeão da competição junto com o Paulista. Confira a lista completa.
#CopaPaulistaSicredi",,0,"10/13/2025 12:30",N/A,https://www.facebook.com/futebolpaulista/posts/pfbid0mmeBoxi7EowrmooZzQSrGYv4QDi3usauABtFBfU1b67YYsiZ6h3uWmni1LiPQVEul,0,0,Fotos,,,,,Total,13937,9823,109,95,6,8,204,66,138,0,,,,,,,,
1253000993529515,100064588783898,"Federação Paulista de Futebol - FPF","ESTAMOS CHEGANDO, PIRACICABA!
O Estádio Barão de Serra Negra vai receber  a campanha ""Marque Esse Gol"", uma iniciativa da FPF com a Fundação Laço Rosa e a Marque Esse Gol que leva carretas de mamografia para diversos pontos do Estado. Acesse: www.marqueessegol.com.br e faça sua inscrição gratuitamente!
#FPF #MarqueEsseGol #OutubroRosa",,0,"10/13/2025 11:00",N/A,https://www.facebook.com/futebolpaulista/posts/pfbid02GUzCCSfPwwxvLzNjkW8cV41wCWRQiuz4QfAHynjXZpJDxjsr2evZeHQP7Ewggkv1l,0,0,Fotos,,,,,Total,3385,2354,25,20,0,5,12,6,4,0,,,2,,,,,
1252788690217412,100064588783898,"Federação Paulista de Futebol - FPF","VAMOS, LOCOMOTIVA!
A Ferroviária joga pelos três pontos fora de casa no @brasileiraob!
#PaulistasEmCampo",,0,"10/13/2025 06:00",N/A,https://www.facebook.com/futebolpaulista/posts/pfbid02si6B9BtDiynsTKdm72jzvF9mkzLP7cu6FBW4WsPn87DXV7B4L8ggo9wXYLV6Kmnsl,0,0,Fotos,,,,,Total,21063,14617,153,126,21,6,219,84,135,0,,,,,,,2,
1252713006891647,100064588783898,"Federação Paulista de Futebol - FPF","TÍTULO HISTÓRICO!
Há 48 anos, Basílio garantia o título do Maior Estadual do Brasil para o Corinthians. Como esquecer desse dia, hein, Fiel?!
#BaúDoPaulistão",,0,"10/13/2025 04:00",N/A,https://www.facebook.com/futebolpaulista/posts/pfbid02HxVrw8cvrk7oxkmgnC4b3hTmcqCEuDqHjDWFCrSW77hdR9TZHJ2J7dQ1yXGWiYxZl,0,0,Fotos,,,,,Total,137805,103988,2888,2353,406,129,1932,754,1178,0,,,,,,,4,5
1252242420272039,100064588783898,"Federação Paulista de Futebol - FPF","O TRICAMPEONATO EM DETALHES! 🏆
O XV de Piracicaba é o grande campeão da Copa Paulista Sicredi 2025!
#CopaPaulistaSicredi","O TRICAMPEONATO EM DETALHES! 🏆
O XV de Piracicaba é o grande campeão da Copa Paulista Sicredi 2025!
#CopaPaulistaSicredi",62,"10/12/2025 14:05",mixed,https://www.facebook.com/reel/1347894876726171/,0,0,Vídeos,,,,,Total,16228,17239,370,321,13,36,224,,224,0,,,,103939.677,6.674,0,,
1252240850272196,100064588783898,"Federação Paulista de Futebol - FPF","PRA CIMA DELES, TIGRE!
Novorizontino vence em casa e assume a vice-liderança da Série B!
#PaulistasEmCampo
📷Higor Basso/Novorizontino",,0,"10/12/2025 14:03",N/A,https://www.facebook.com/futebolpaulista/posts/pfbid02vZsUEqa6zDm9iYM6JNTC7QpxKZJ7c9Gn8JaZfDuQJjGgFPrkWxcmXrWmzbc9vve9l,0,0,Fotos,,,,,Total,174944,125488,1026,914,88,24,2454,1236,1218,0,,,,,,,3,2
1251946160301665,100064588783898,"Federação Paulista de Futebol - FPF","FAÇA A SUA MAMOGRAFIA GRATUITA!
No dia 13 de outubro, Bauru vai receber a campanha ""Marque Esse Gol"", uma iniciativa da FPF com a Fundação Laço Rosa e a Marque Esse Gol. A campanha leva carretas de mamografia para diversos pontos do Estado. Acesse: www.marqueessegol.com.br e faça sua inscrição!
#FPF #MarqueEsseGol #OutubroRosa",,0,"10/12/2025 07:00",N/A,https://www.facebook.com/futebolpaulista/posts/pfbid02265N6HMUQBDcEnxkpVwcSppHTN8kTVMwaeFWrxz29KvCTGZTt8Vu6XHKXKKjL7zql,0,0,Fotos,,,,,Total,3334,2319,15,14,0,1,3,1,1,0,,,1,,,,,
1251895723640042,100064588783898,"Federação Paulista de Futebol - FPF","PARA CIMA DELES, TIGRE!
O Novorizontino precisa da vitória para subir na tabela do @brasileiraob!
#PaulistasEmCampo",,0,"10/12/2025 06:00",N/A,https://www.facebook.com/futebolpaulista/posts/pfbid0iHpcPRxbcLGzZAU8DXpUkCg4qAbyxFLkTqZUAamJyA3CHrx31NdfmHFQJNEL23VRl,0,0,Fotos,,,,,Total,36844,27934,183,165,13,5,390,203,187,0,,,,,,,,
1251873680308913,100064588783898,"Federação Paulista de Futebol - FPF","PARABÉNS, FCF!
A Federação Colombiana de Futebol completa 101 anos neste domingo (12).
#Aniversário",,0,"10/12/2025 05:30",N/A,https://www.facebook.com/futebolpaulista/posts/pfbid02UyNsmyTbfH5sBRGzxbwZWmpsBxZpKZZKjZjSWTHiLZ71tvJqVebdPcff1tmpfc21l,0,0,Fotos,,,,,Total,8233,5980,69,64,1,4,64,29,35,0,,,,,,,,
1251851560311125,100064588783898,"Federação Paulista de Futebol - FPF","O TEMPLO DO FUTEBOL!
109 ANOS DA INAUGURAÇÃO DA VILA BELMIRO!
#FutebolPaulista
📷Bob Paulino/Ag. Paulistão",,0,"10/12/2025 05:00",N/A,https://www.facebook.com/futebolpaulista/posts/pfbid02M1duqroNg4LjTRo92afCv3dyVVZgX5Lri9f7NyWiVhA4G845sYZ6hVrvgF67t1Kml,0,0,Fotos,,,,,Total,120421,85387,2783,2518,168,97,1869,813,1056,0,,,,,,,3,3
1251851356977812,100064588783898,"Federação Paulista de Futebol - FPF","PARABÉNS, VETERANA!
Feliz aniversário para a @aafrancana, que completa 113 anos nesse domingo (12)!
#FPF #Aniversário",,0,"10/12/2025 05:00",N/A,https://www.facebook.com/futebolpaulista/posts/pfbid0uX9hS9CUQYMrzW2KHdALqx5Xzt5BBWXwXBD9nE9P7rcQQp2J3Ln5DG8wkhpZX8rbl,0,0,Fotos,,,,,Total,4774,3355,46,41,3,2,28,13,15,0,,,,,,,,
1251829436980004,100064588783898,"Federação Paulista de Futebol - FPF","OS MINI CRAQUES DO PAULISTÃO SICREDI 2025! 🤏
No clima do Dia das Crianças, esses são os premiados do campeonato desse ano quando eram pequenos!
#PaulistãoSicredi #DiaDasCrianças",,0,"10/12/2025 04:30",N/A,https://www.facebook.com/futebolpaulista/posts/pfbid0pR5k5wkZSQNKXAT6T5F4gadFUHSiDqKM8A4D2gsZzGhH9ZFrM8Bycx4s8qtMs5JKl,0,0,Fotos,,,,,Total,4162,2946,21,17,2,2,43,30,13,0,,,,,,,,
1251821583647456,100064588783898,"Federação Paulista de Futebol - FPF","COMEMORA, PROFESSOR! 🏆
Moisés Egert se tornou o primeiro treinador tricampeão da Copa Paulista Sicredi!
#CopaPaulistaSicredi
📷Mariana Kasten/XV de Piracicaba",,0,"10/12/2025 04:20",N/A,https://www.facebook.com/futebolpaulista/posts/pfbid02i3QSPTSBdniNM1rH5nsDjNvQZef6bBEs2z5rkAEYeivVE6JCwKNayMRVJfeUteZql,0,0,Fotos,,,,,Total,114085,78932,810,762,35,13,1411,669,742,0,,,,,,,,2
1251806823648932,100064588783898,"Federação Paulista de Futebol - FPF","107 ANOS DO PANTERA! 
Feliz aniversário, Botafogo!
#FPF #Aniversário",,0,"10/12/2025 04:00",N/A,https://www.facebook.com/futebolpaulista/posts/pfbid0xPofbQvZ6eUHWEHDi6yCYSx9Ktzu95DufMDLzMfzUuoqvrfai9auBKyZ2aPGqKnGl,0,0,Fotos,,,,,Total,5946,4365,122,96,17,9,74,16,58,0,,,,,,,1,
1251764126986535,100064588783898,"Federação Paulista de Futebol - FPF","PARABÉNS PARA O LEÃO DA SOROCABANA!
Campeão do Paulistão A2 Sicredi 2025, o @capivariano completa 107 anos!
#FPF #Aniversário",,0,"10/12/2025 03:00",N/A,https://www.facebook.com/futebolpaulista/posts/pfbid0VM15c6A34zQkYJAZ8qBWkp67FvweC7w3dAPariV6iUK3cfm9QCyaZjxZs794zdiyl,0,0,Fotos,,,,,Total,17051,11891,154,135,13,6,159,51,108,0,,,,,,,1,
1251438237019124,100064588783898,"Federação Paulista de Futebol - FPF","FALA, CAMPEÃO!🎙️
O zagueiro Luiz Felipe falou sobre o sentimento de ser campeão da Copa Paulista Sicredi pelo @xvpiracicaba!
#CopaPaulistaSicredi","FALA, CAMPEÃO!🎙️
O zagueiro Luiz Felipe falou sobre o sentimento de ser campeão da Copa Paulista Sicredi pelo @xvpiracicaba!
#CopaPaulistaSicredi",17,"10/11/2025 18:55",N/A,https://www.facebook.com/reel/3323465854474059/,0,0,Vídeos,,,,,Total,8726,7364,179,162,11,6,106,,106,0,,,,46130.414,6.131,0,,
1251430943686520,100064588783898,"Federação Paulista de Futebol - FPF","O NOME DO TÍTULO 🏆
Almir Luan fez o gol no último lance do jogo e ajudou o XV de Piracicaba se sagrar campeão da Copa Paulista Sicredi.
#CopaPaulistaSicredi","O NOME DO TÍTULO 🏆
Almir Luan fez o gol no último lance do jogo e ajudou o XV de Piracicaba se sagrar campeão da Copa Paulista Sicredi.
#CopaPaulistaSicredi",10,"10/11/2025 18:43",N/A,https://www.facebook.com/reel/2173767293101518/,0,0,Vídeos,,,,,Total,10453,8244,128,119,5,4,135,,135,0,,,,47368.476,5.929,0,,
1251409333688681,100064588783898,"Federação Paulista de Futebol - FPF","NO ÚLTIMO MINUITO! ⚽️🔥
Porque o @xvpiracicaba é para quem acredita! Campeão da Copa Paulista Sicredi de virada com gol nos acréscimos: isso é XV! 🏆✨
#CopaPaulistaSicredi","NO ÚLTIMO MINUITO! ⚽️🔥
Porque o @xvpiracicaba é para quem acredita! Campeão da Copa Paulista Sicredi de virada com gol nos acréscimos: isso é XV! 🏆✨
#CopaPaulistaSicredi",21,"10/11/2025 18:07",N/A,https://www.facebook.com/reel/843256978272982/,0,0,Vídeos,,,,,Total,18683,12992,628,532,58,38,523,,523,0,,,,153411.429,9.825,0,,
1251407493688865,100064588783898,"Federação Paulista de Futebol - FPF","É CAMPEÃO! 🥇
XV de Piracicaba é tricampeão da Copa Paulista
Sicredi!
#CopaPaulistaSicredi","É CAMPEÃO! 🥇
XV de Piracicaba é tricampeão da Copa Paulista
Sicredi!
#CopaPaulistaSicredi",36,"10/11/2025 18:04",N/A,https://www.facebook.com/reel/790269480280913/,0,0,Vídeos,,,,,Total,4558,4267,226,186,22,18,101,,101,0,,,,26367.312,6.153,0,,
1251396220356659,100064588783898,"Federação Paulista de Futebol - FPF","Primavera vice-campeão da Copa Paulista Sicredi🥈Parabéns pelo desempenho na competição!
#CopaPaulistaSicredi","Primavera vice-campeão da Copa Paulista Sicredi🥈Parabéns pelo desempenho na competição!
#CopaPaulistaSicredi",14,"10/11/2025 17:44",N/A,https://www.facebook.com/reel/814147328009377/,0,0,Vídeos,,,,,Total,6083,5297,112,101,7,4,116,,116,0,,,,31553.557,6.479,0,,
1251390523690562,100064588783898,"Federação Paulista de Futebol - FPF","Ponto final em mais um sábado na história do #PaulistasEmCampo.
#FutebolPaulista",,0,"10/11/2025 17:33",N/A,https://www.facebook.com/futebolpaulista/posts/pfbid03UEiYGEDFjNSC8A3SwfNJEqiBj2jkVQne1XtGkyJFVaLJQFP8am9d1Rud8xrmrZ9l,0,0,Fotos,,,,,Total,22017,14621,203,183,15,5,328,128,200,0,,,,,,,,
1251382480358033,100064588783898,"Federação Paulista de Futebol - FPF","GOOOOOOOOOL DO XV DE PIRACICABA NO ÚLTIMO LANCE DO JOGO!
#CopaPaulistaSicredi","GOOOOOOOOOL DO XV DE PIRACICABA NO ÚLTIMO LANCE DO JOGO!
#CopaPaulistaSicredi",28,"10/11/2025 17:19",N/A,https://www.facebook.com/reel/1235602361660592/,0,0,Vídeos,,,,,Total,10222,8891,233,217,9,7,288,,288,0,,,,82047.483,9.351,0,,
1251380767024871,100064588783898,"Federação Paulista de Futebol - FPF","PIRACICABA VAI FICAR PEQUENA!
É sábado de festa com o título do XV! 
#CopaPaulistaSicredi
📷Diego Soares/Ag. Paulistão",,0,"10/11/2025 17:16",N/A,https://www.facebook.com/futebolpaulista/posts/pfbid0QMNqqrEpsd1EyWdjBv6VKjeUsq5832vkbiBiAqx3BM89TYnMTHcnEctdkD2C4RnQl,0,0,Fotos,,,,,Total,72002,50367,1234,1095,65,74,2429,1822,607,0,,,,,,,,3
1251372420359039,100064588783898,"Federação Paulista de Futebol - FPF","É O XV DE PIRACICABA!
Tricampeão da Copa Paulista Sicredi!
#CopaPaulistaSicredi
📷Rodrigo Corsi/Ag. Paulistão",,0,"10/11/2025 17:02",N/A,https://www.facebook.com/futebolpaulista/posts/pfbid0P51EibdCpBiFKRU2ujgweDjrqKvdJU9F9D5W8L2yFzYbuEsKcbAFc8dbPC9qvrdol,0,0,Fotos,,,,,Total,196897,141130,4033,3609,182,242,4061,2488,1573,0,,,,,,,11,3
1251367817026166,100064588783898,"Federação Paulista de Futebol - FPF","AVANTI, PALESTRA!
Palmeira vence o Juventude em jogo atrasado e abre vantagem na liderança do Brasileirão!
#PaulistasEmCampo
📷Cesar Greco/Palmeiras",,0,"10/11/2025 16:54",N/A,https://www.facebook.com/futebolpaulista/posts/pfbid08RtwQrZUjtu42JkccbgupURQQuBGFGzDD4wnbvtuCQyDDhXDwgt5SFz3DurQrk3Xl,0,0,Fotos,,,,,Total,35986,26392,1517,1391,87,39,606,204,402,0,,,,,,,2,2
1251358773693737,100064588783898,"Federação Paulista de Futebol - FPF","OLHA O GOL!
Após ficar longe dos gramados por quase dois anos, o atacante Bruno Rodrigues marcou seu primeiro gol com a camisa do Palmeiras! Teve até beijinho no joelho operado na hora da comemoração!
#PaulistasEmCampo
🎥Premiere","OLHA O GOL!
Após ficar longe dos gramados por quase dois anos, o atacante Bruno Rodrigues marcou seu primeiro gol com a camisa do Palmeiras! Teve até beijinho no joelho operado na hora da comemoração!
#PaulistasEmCampo
🎥Premiere",34,"10/11/2025 16:38",N/A,https://www.facebook.com/reel/1505128817201425/,0,0,Vídeos,,,,,Total,14376,14246,568,551,11,6,253,,253,0,,,,103306.652,7.672,0,,
1251348530361428,100064588783898,"Federação Paulista de Futebol - FPF","GOOOOOOOOL DO XV DE PIRACICABA
#CopaPaulistaSicredi","GOOOOOOOOL DO XV DE PIRACICABA
#CopaPaulistaSicredi",15,"10/11/2025 16:23",N/A,https://www.facebook.com/reel/1348443013605409/,0,0,Vídeos,,,,,Total,248213,177378,2211,2091,60,60,4081,,4081,0,,,,2075312.035,12.169,0,,
1251343510361930,100064588783898,"Federação Paulista de Futebol - FPF","TRÊS VEZES XV!
XV de Piracicaba reverte a desvantagem no agregado, vence o Primavera e fatura o tricampeonato da Copa Paulista Sicredi!
#CopaPaulistaSicredi
📷Diego Soares/Ag. Paulistão",,0,"10/11/2025 16:15",N/A,https://www.facebook.com/futebolpaulista/posts/pfbid0VoRxF8oVjaw73UUntRkJA7QbEYZu3LYthh8g41H5Q2nBcgxWfGGXHjVeVbynhndYl,0,0,Fotos,,,,,Total,66243,46560,790,688,61,41,1126,567,559,0,,,,,,,,2
1251336777029270,100064588783898,"Federação Paulista de Futebol - FPF","FESTA EM PIRACICABA!
O Nhô Quim é campeão da Copa Paulista Sicredi 2025!
#CopaPaulistaSicredi",,0,"10/11/2025 16:04",N/A,https://www.facebook.com/futebolpaulista/posts/pfbid0qCqmUrz8RYSa6bfRW6EGCgvJfxRX3eCQftB6Cj5uokC1TiqwXtViUUsjRoxi1dXal,0,0,Fotos,,,,,Total,329305,234422,4624,3931,327,366,6155,2034,4121,0,,,,,,,9,
1251330340363247,100064588783898,"Federação Paulista de Futebol - FPF","RESULTADO HISTÓRICO!
São Bernardo fica no empate com o Londrina e conquista o acesso para a Série B pela primeira vez na história!
#PaulistasEmCampo
📷Reginaldo Júnior/Divulgação/São Bernardo",,0,"10/11/2025 15:53",N/A,https://www.facebook.com/futebolpaulista/posts/pfbid02npuc6SDWd1ereYzE3MUrj85Z62JUWqJL7W1CCgY2CKeoNSAQWdYrxCVrLLsBQV98l,0,0,Fotos,,,,,Total,112543,77542,1242,1107,111,24,2130,646,1484,0,,,,,,,4,
1251326930363588,100064588783898,"Federação Paulista de Futebol - FPF","EM BUSCA DA TAÇA!
Ponte Preta vence o Dérbi Campineiro e garante a vaga na final da Série C!
#PaulistasEmCampo
📷Alexandre Battibugli/Ag. Paulistão",,0,"10/11/2025 15:47",N/A,https://www.facebook.com/futebolpaulista/posts/pfbid07VBY4Z5VUC1bWHK6rQMm7fd7UHPR9hD22JAYr9vzcfw59KuKkhu8YPvRdkypNBDGl,0,0,Fotos,,,,,Total,72780,48673,1293,1052,207,34,1572,432,1140,0,,,,,,,5,
1251303160365965,100064588783898,"Federação Paulista de Futebol - FPF","ARERÊÊÊÊÊÊÊÊ, O BERNÔ VAI JOGAR A SÉRIE B! 🐯⬆️
O SÃO BERNARDO CONQUISTA O ACESSO!
#PaulistasEmCampo","ARERÊÊÊÊÊÊÊÊ, O BERNÔ VAI JOGAR A SÉRIE B! 🐯⬆️
O SÃO BERNARDO CONQUISTA O ACESSO!
#PaulistasEmCampo",5,"10/11/2025 15:04",N/A,https://www.facebook.com/reel/10037001109736788/,0,0,Vídeos,,,,,Total,91544,62757,982,874,60,48,1511,,1511,0,,,,293236.876,5.214,0,,
1251302167032731,100064588783898,"Federação Paulista de Futebol - FPF","VAI BUSCAR A TAÇA, MACACA! 🦍
A Ponte Preta está na decisão da Série C!
#PaulistasEmCampo",,0,"10/11/2025 15:02",N/A,https://www.facebook.com/futebolpaulista/posts/pfbid02ikFRZFhtqvzVY16Y4ESNg99W4igDpm462SqHtyzaZGZkZcy8DReAmwhqk1KSzj1ql,0,0,Fotos,,,,,Total,97699,69632,1703,1473,169,61,2230,513,1717,0,,,,,,,4,8
1251248947038053,100064588783898,"Federação Paulista de Futebol - FPF","⚽️🥇🥈
#CopaPaulistaSicredi 
📷Diego Soares/Ag. Paulistão",,0,"10/11/2025 13:23",N/A,https://www.facebook.com/futebolpaulista/posts/pfbid02RG8AqHEi1EY8LypCJVz8JKdu5NpjkBvkEMGcT4K8qZwhHk6CddDAZsFjdTH38P1al,0,0,Fotos,,,,,Total,6081,4291,44,42,0,2,33,20,13,0,,,,,,,,
1251237873705827,100064588783898,"Federação Paulista de Futebol - FPF","É DIA DE DECISÃO!
Chegou a hora de conhecer o grande campeão da Copa Paulista Sicredi 2025!
#CopaPaulistaSicredi
📷Diego Soares/Ag. Paulistão",,0,"10/11/2025 13:03",N/A,https://www.facebook.com/futebolpaulista/posts/pfbid02A4UJtNuF7nR9kbqn17gePTH7gjwfhZFQUFsEq2rrB7nbLUzipFZgeRtMmQxhyynDl,0,0,Fotos,,,,,Total,12920,8766,191,153,31,7,426,258,168,0,,,,,,,,
1251226197040328,100064588783898,"Federação Paulista de Futebol - FPF","NAQUELE PIQUE!
Visitante no jogo de hoje, o Primavera chegou em grande estilo para a final da Copa Paulista Sicredi!
#FPF #Cometa #ClubeGiro
📷Diego Soares/Ag. Paulistão",,0,"10/11/2025 12:45",N/A,https://www.facebook.com/futebolpaulista/posts/pfbid02iwAsGkpTXHfshbmZ4NXSG1i2BLW6M6DswGvc8jkayBV9WjtHivB5Sobjs9MdzpSxl,0,0,Fotos,,,,,Total,18566,12492,76,68,8,0,628,436,192,0,,,,,,,,
1250978697065078,100064588783898,"Federação Paulista de Futebol - FPF","A SÉRIE B É LOGO ALI! VAI COM TUDO, TIGRE!🐯
O JOGO QUE VALE O ACESSO PARA O SÃO BERNARDO!
#FutebolPaulista #PaulistasEmCampo #SãoBernardo",,0,"10/11/2025 07:00",N/A,https://www.facebook.com/futebolpaulista/posts/pfbid0MC1igLQ8JRRCcLefh2pSoVRkP1XZ4qyVJ9Rse4hPH989reykmZ3xsNtcyW8C222ul,0,0,Fotos,,,,,Total,102946,72084,357,318,31,8,1281,575,706,0,,,,,,,1,
1250934667069481,100064588783898,"Federação Paulista de Futebol - FPF","VALE A TAÇA 🔥🏆
QUEM VAI LEVAR A MELHOR NA FINAL DA COPA PAULISTA SICREDI? 
#CopaPaulistaSicredi",,0,"10/11/2025 06:00",N/A,https://www.facebook.com/futebolpaulista/posts/pfbid02v4AYgUeJdcLDqxP88ShzF7SyEemfkGvxCbbUnBa34VQttNBB6vdX4x2RwkFugq2Pl,0,0,Fotos,,,,,Total,25209,17854,189,137,41,11,398,156,242,0,,,,,,,,
1250848687078079,100064588783898,"Federação Paulista de Futebol - FPF","A BAIXADA SANTISTA CONQUISTOU O MUNDO!
Há 63 anos, o Santos de Pelé, Coutinho e Pepe vencia o Benfica e conquistava o Mundial pela primeira vez.
#BaúDoPaulistão",,0,"10/11/2025 04:00",N/A,https://www.facebook.com/futebolpaulista/posts/pfbid0RjeUCoyBDwhBf65iouG3KzKPwo3daiRc8AtB5AqUz3nsUM8J48z2o9WS2cWkU43Bl,0,0,Fotos,,,,,Total,170785,118994,3671,3112,308,251,3353,1327,2026,0,,,,,,,5,1
1250548740441407,100064588783898,"Federação Paulista de Futebol - FPF","QUEM VENCE O DÉRBI 212? ⚔️🔥
Campinas vai ser palco de mais um clássico pela #SérieC entre Ponte Preta e Guarani! A Macaca quer a vaga na final, enquanto o Bugre pode garantir o acesso e a vaga na decisão!
#PaulistasEmCampo #DerbiCampineiro",,0,"10/10/2025 20:05",N/A,https://www.facebook.com/futebolpaulista/posts/pfbid0DhaMKMhm643Q1JPUDD8RofK7gHgxqGQg4SkEMAXnwxXFJcaAghE9vbB7yKGkPJaJl,0,0,Fotos,,,,,Total,78386,52444,1008,642,342,24,1988,460,1528,0,,,,,,,3,1
1250277203801894,100064588783898,"Federação Paulista de Futebol - FPF","🔟 ⚽🔥
QUE TEMPORADA DO KINGNALDO, HEIN?!
#FutebolPaulista",,0,"10/10/2025 12:49",N/A,https://www.facebook.com/futebolpaulista/posts/pfbid05cqztGjxgjC7Co4QuCMAk9Xrw8y7QxZWPuvrHh1sjUnCQc9osTVxJtb3MF3V6DEGl,0,0,Fotos,,,,,Total,13932,9915,67,59,5,3,71,41,30,0,,,,,,,1,
1250183213811293,100064588783898,"Federação Paulista de Futebol - FPF","QUE CATEGORIA!
O Vini Jr deixou o zagueiro na saudade para fazer o quinto gol da Seleção Brasileira!
#SeleçãoBrasileira #Brasil
🎥TV Globo","QUE CATEGORIA!
O Vini Jr deixou o zagueiro na saudade para fazer o quinto gol da Seleção Brasileira!
#SeleçãoBrasileira #Brasil
🎥TV Globo",28,"10/10/2025 10:33",N/A,https://www.facebook.com/reel/806539312112422/,0,0,Vídeos,,,,,Total,673277,502744,23943,23635,233,75,8079,,8079,0,,,,9487820.427,18.464,0,,
1250034093826205,100064588783898,"Federação Paulista de Futebol - FPF","Acharam que o #FutebolPaulista não ia entrar na trend? 🤪💇‍♂
#PaulistasEmCampo #CabeloMaluco",,0,"10/10/2025 08:00",N/A,https://www.facebook.com/futebolpaulista/posts/pfbid08LKvKki5EYaoViJbxzoif7WDiB6J2LbzXENRqxPw5rbgmphSxNiXJhD6w4TZphhQl,0,0,Fotos,,,,,Total,31904,22417,101,83,9,9,332,144,188,0,,,,,,,,
1249999830496298,100064588783898,"Federação Paulista de Futebol - FPF","RODRYGO GOES!⚡️⚡️
MENINO DA VILA, CAMISA 10 E DOIS GOLS MARCADOS!
#SeleçãoBrasileira #Brasil
🎥TV Globo","RODRYGO GOES!⚡️⚡️
MENINO DA VILA, CAMISA 10 E DOIS GOLS MARCADOS!
#SeleçãoBrasileira #Brasil
🎥TV Globo",50,"10/10/2025 07:21",N/A,https://www.facebook.com/reel/25740888912167495/,0,0,Vídeos,,,,,Total,38949,36753,1138,1092,35,11,914,,913,0,,,1,569244.464,16.24,0,,
1249980020498279,100064588783898,"Federação Paulista de Futebol - FPF","PARABÉNS, LEÃO DO NORTE!
O @comercialfc completa 114 anos de história nessa sexta-feira (10)!
#FPF #Aniversário",,0,"10/10/2025 06:56",N/A,https://www.facebook.com/futebolpaulista/posts/pfbid0GNyscX3xKRXZ5WKrWD4LUQ4GPXBXSbJjWYsK3PSEnQ8BdbSrPy2sPupBdWEy49HUl,0,0,Fotos,,,,,Total,19629,14022,629,425,180,24,460,64,396,0,,,,,,,3,4
1249975773832037,100064588783898,"Federação Paulista de Futebol - FPF","O ESTÊVÃO É FERA!⚽⚽
O CRIA DA ACADEMIA GUARDOU DOIS COM A CAMISA DA SELEÇÃO BRASILEIRA!
#SeleçãoBrasileira #Brasil
🎥TV Globo","O ESTÊVÃO É FERA!⚽⚽
O CRIA DA ACADEMIA GUARDOU DOIS COM A CAMISA DA SELEÇÃO BRASILEIRA!
#SeleçãoBrasileira #Brasil
🎥TV Globo",32,"10/10/2025 06:50",mixed,https://www.facebook.com/reel/1153902306640477/,0,0,Vídeos,,,,,Total,57171,54279,1997,1847,80,70,3120,,3120,0,,,,606320.009,12.358,0,,
1249950107167937,100064588783898,"Federação Paulista de Futebol - FPF","GOLEADA BRASILEIRA NA COREIA DO SUL!
🇧🇷⚽⚽⚽⚽⚽
📷Rafael Ribeiro/CBF",,0,"10/10/2025 06:16",N/A,https://www.facebook.com/futebolpaulista/posts/pfbid0dBkf3EWge3MbWcNSba5fAFfDF8CzBXwXaHw2xFjMFfSXBtRYZNiC8oqSfcGgMotwl,0,0,Fotos,,,,,Total,34565,22319,411,293,106,12,1123,198,925,0,,,,,,,,
1249847553844859,100064588783898,"Federação Paulista de Futebol - FPF","DIA DE AMISTOSO! 🇧🇷🌟
O Brasil enfrenta a Coreia do Sul nessa sexta-feira!
#PaulistasEmCampo #SeleçãoBrasileira",,0,"10/10/2025 04:00",N/A,https://www.facebook.com/futebolpaulista/posts/pfbid02ax7tkD6wPohuJ9H9aBjNBqpb7P3ZCWx3mCrmsAMcLhdLt7txb1eU3MjnyJvSEC8Nl,0,0,Fotos,,,,,Total,15585,11070,144,123,14,7,137,70,67,0,,,,,,,,
1249410997221848,100064588783898,"Federação Paulista de Futebol - FPF","A Ferroviária sofre revés em casa pelo @brasileiraob.
#PaulistasEmCampo 
📷 Luis Miguel Ferreira/Ferroviária SAF",,0,"10/09/2025 17:16",N/A,https://www.facebook.com/futebolpaulista/posts/pfbid0mE5cBPbEwMxgieMH6SHDBaMuFXdAVgdhxhvPxsE376jqX4pcdZawnbqtNNS318uTl,0,0,Fotos,,,,,Total,46183,33770,123,112,4,7,455,197,258,0,,,,,,,2,
1248931703936444,100064588783898,"Federação Paulista de Futebol - FPF","VAMOS, LOCOMOTIVA! 🚂
A Ferroviária precisa vencer para subir na tabela do @brasileiraob!
#PaulistasEmCampo",,0,"10/09/2025 06:00",N/A,https://www.facebook.com/futebolpaulista/posts/pfbid02PUV2Ywzaz3wvY2qkbcz1uHhSh6NNs1p3bbB9aR8aYpoEB9KH7Qtx3KBRgN9Ah334l,0,0,Fotos,,,,,Total,24644,18269,129,103,22,4,209,94,115,0,,,,,,,1,1
1248503537312594,100064588783898,"Federação Paulista de Futebol - FPF","VIDA LONGA AO REI! 👑
O lateral Reinaldo, do Mirassol, alcançou a marca de 400 jogos na história do Brasileirão!
#PaulistasEmCampo",,0,"10/08/2025 19:02",N/A,https://www.facebook.com/futebolpaulista/posts/pfbid02D3tznDRMNEpqt2EDrnnksVH5gkiV85Aee4qufFiZfsNP8gjyZ69b1hUayCZqHdkyl,0,0,Fotos,,,,,Total,5944,3907,67,59,4,4,158,110,48,0,,,,,,,1,
1248502403979374,100064588783898,"Federação Paulista de Futebol - FPF","100% PRA 017!
Noite de vitórias para Novorizontino e Mirassol!
#PaulistasEmCampo",,0,"10/08/2025 19:00",N/A,https://www.facebook.com/futebolpaulista/posts/pfbid038CMQSWpCbi3Je2DNKsHTTT9NSi77i3hmjR1EWwWn1FT3L5yWcsKiXtz3ggoNXKVCl,0,0,Fotos,,,,,Total,39242,26380,329,290,21,18,492,214,278,0,,,,,,,,
1248501083979506,100064588783898,"Federação Paulista de Futebol - FPF","MAIS UMA, LEÃO!
Coloca os três pontos na conta do Mirassol!
#PaulistasEmCampo
📷JP Pinheiro/Agência Mirassol",,0,"10/08/2025 18:58",N/A,https://www.facebook.com/futebolpaulista/posts/pfbid028HhpES4DgSeBxmNECUemKxxZNjxqt1PT1sgESsfiQjCivJdDbTCigcmXeysrS86Ll,0,0,Fotos,,,,,Total,106122,71233,1814,1617,151,46,2250,686,1564,0,,,,,,,4,
1248434237319524,100064588783898,"Federação Paulista de Futebol - FPF","VAI, TIGRE!
Novorizontino vence fora de casa e retorna do G4 da Série B!
#PaulistasEmCampo
📷Ozzair Jr/Novorizontino",,0,"10/08/2025 17:10",N/A,https://www.facebook.com/futebolpaulista/posts/pfbid033AKnpaer97NTajPYusDQG8HEBnGrEbqBNuesGNsUKr7oPUTC2H1d3kEZeUwHioiPl,0,0,Fotos,,,,,Total,64201,44413,533,486,34,13,1025,377,648,0,,,,,,,,1
1248420377320910,100064588783898,"Federação Paulista de Futebol - FPF","NA HISTÓRIA DO LEÃO!
Com 1⃣5⃣4⃣ partidas disputadas, o atacante Negueba se tornou o atleta que mais vestiu a camisa do Mirassol!
#PaulistasEmCampo
📷JP Pinheiro/Agência Mirassol",,0,"10/08/2025 16:47",N/A,https://www.facebook.com/futebolpaulista/posts/pfbid02vCnwvVGVyNqFV7Z9BXk5w14t5jdJYKv9KoT9FZoGs7a2thrTjNN3jAhwsez5cBVrl,0,0,Fotos,,,,,Total,136867,93676,872,815,39,18,1470,776,694,0,,,,,,,2,2
1248183014011313,100064588783898,"Federação Paulista de Futebol - FPF","VAMOS PARA MAIS UMA DATA FIFA! 🗓️🌟🗺️
Se liga nos jogadores do Futebol Paulista convocados para representar os seus respectivos países!
#PaulistasEmCampo",,0,"10/08/2025 10:26",N/A,https://www.facebook.com/futebolpaulista/posts/pfbid02TcXbPeYKNsLfb1ePTAjMcpjzFXYpV7SioupsdqvTYNYgtoKe2eceQAZsWQREtZxKl,0,0,Fotos,,,,,Total,14654,9168,85,72,8,5,911,748,163,0,,,,,,,,
1248055397357408,100064588783898,"Federação Paulista de Futebol - FPF","017 EM CAMPO!🐯🦁
Tigre e Leão vão com tudo nesta quarta-feira!
#FutebolPaulista #PaulistasEmCampo",,0,"10/08/2025 07:40",N/A,https://www.facebook.com/futebolpaulista/posts/pfbid02XXHkj7897rw3Zd7KBiMxCAhVdtwgnYp4TV4pTnLWgKjTjQxSbdRmis6VejoJ56Bl,0,0,Fotos,,,,,Total,35700,25827,146,134,4,8,359,239,120,0,,,,,,,,
1247897860706495,100064588783898,"Federação Paulista de Futebol - FPF","VIVA O NORDESTE!
No Dia Nacional do Nordestino, vamos celebrar o Clodoaldo, ídolo do Peixão, que é o nordestino com o maior número de títulos do Maior Estadual do Brasil.
#DiaNacionalDoNordestino",,0,"10/08/2025 04:00",N/A,https://www.facebook.com/futebolpaulista/posts/pfbid02tCV4ft7d6n6jTzWP3cdoTZ9f88pXQNa8jEsf7X5UJi5x2QxGctKqBKTJ7VfCWHBql,0,0,Fotos,,,,,Total,5821,3961,66,48,14,4,86,37,49,0,,,,,,,,
1247585184071096,100064588783898,"Federação Paulista de Futebol - FPF","VAI, PANTERA!
O Botafogo fica com a vitória em Ribeirão Preto!
#PaulistasEmCampo
📷João Victor Menezes de Souza/Ag; Botafogo",,0,"10/07/2025 19:37",N/A,https://www.facebook.com/futebolpaulista/posts/pfbid03HyH7yeJ9aeqmDo322JeDUXsy3hpZh7vNn5iucE37bxSKk6xg4TLraHLewYm92acl,0,0,Fotos,,,,,Total,36764,25111,340,288,39,13,635,175,460,0,,,,,,,1,1
1247537530742528,100064588783898,"Federação Paulista de Futebol - FPF",,,0,"10/07/2025 18:18",N/A,https://www.facebook.com/futebolpaulista/posts/pfbid0uPBJVM6vdySf4cXQbuTUemjCS8ny2NxeWwZr2NkX8xn6Ao9YCZ98N59QSURQKVbUl,0,0,Fotos,,,,,Total,7262,4684,27,25,0,2,309,268,41,0,,,,,,,,
1247519287411019,100064588783898,"Federação Paulista de Futebol - FPF","FALA, KIN! 🗣️
A Diretora Executiva de Futebol Feminino da FPF, Kin Saito, falou sobre a expectativa para a Copinha Feminina Sicredi de 2025 🤩
#CopinhaFemininaSicredi","FALA, KIN! 🗣️
A Diretora Executiva de Futebol Feminino da FPF, Kin Saito, falou sobre a expectativa para a Copinha Feminina Sicredi de 2025 🤩
#CopinhaFemininaSicredi",45,"10/07/2025 17:47",N/A,https://www.facebook.com/reel/1866537594297450/,1,0,Vídeos,,,,,Total,2089,2090,26,24,0,2,4,,4,0,,,,4634.787,2.337,0,,
1247502660746015,100064588783898,"Federação Paulista de Futebol - FPF","GRUPOS DEFINIDOS! ✨
A Copinha Feminina Sicredi vem aí! Confira a divisão dos grupos definida por sorteio para a competição desse ano.
#CopinhaFemininaSicredi",,0,"10/07/2025 17:16",N/A,https://www.facebook.com/futebolpaulista/posts/pfbid02eRioQLLuAVxToHJvnjHGG43KraANqpTmvz9FivtKNw1rET6q5y6XDjTWPkMyH5k2l,0,0,Fotos,,,,,Total,9922,6014,84,72,6,6,660,505,155,0,,,,,,,,
1247490630747218,100064588783898,"Federação Paulista de Futebol - FPF","QUAL TIME VAI PLANTAR MAIS ÁRVORES? ⚽️🟰🌳
Cada grupo da Copinha Feminina Sicredi será batizado com uma árvore da Mata Atlântica e a cada gol marcado, uma muda de árvore será plantada! Em uma parceria da FPF com a Prefeitura de São Paulo, essa edição da competição busca reforçar a consciência sobre o futuro do planeta. 
#CopinhaFemininaSicredi #Sorteio",,0,"10/07/2025 16:53",N/A,https://www.facebook.com/futebolpaulista/posts/pfbid0fHdapBA4s2kRPRHCvXLQMohdvQystP6wsF9Xdkd51iHNC93ksaf4FkrkjCz94z9El,0,0,Fotos,,,,,Total,3603,2594,15,14,0,1,11,7,4,0,,,,,,,,
1247376500758631,100064588783898,"Federação Paulista de Futebol - FPF","OS ENDEREÇOS DA PRIMEIRA SEMANA!
Se você mora em Santos ou Campinas, fique ligada que a carreta do Marque Esse Gol vai passar pela sua cidade! Agende sua mamografia gratuita pelo site www.marqueessegol.com.br!
#FPF #MarqueEsseGol #OutubroRosa",,0,"10/07/2025 14:00",N/A,https://www.facebook.com/futebolpaulista/posts/pfbid02ZrfkmhEyrNS36vMSmaw7bpTTaJaqLzf9Cd2iKikMYtveQ49cKku98hAJfWJVSadDl,0,0,Fotos,,,,,Total,2373,1621,21,17,0,4,18,16,2,0,,,,,,,,
1247322904097324,100064588783898,"Federação Paulista de Futebol - FPF","AVISA QUE O BONDE CHEGOU!
Nossas atletas da Copinha Feminina Sicredi 2025, senhoras e senhores 🤩
#CopinhaFemininaSicredi
📷 Rodrigo Corsi/Ag. Paulistão",,0,"10/07/2025 12:33",N/A,https://www.facebook.com/futebolpaulista/posts/pfbid02vbwo5TGindBQmTAKoRbzvVZi3QKxWbY5aGC12PWjywMHMq5fFvqmW88zvK2piZFcl,0,0,Fotos,,,,,Total,11724,8232,36,32,2,2,304,228,76,0,,,,,,,,
1247255110770770,100064588783898,"Federação Paulista de Futebol - FPF","TIMÃO 🤝 LOIRINHA!
O Corinthians sabe jogar ao som de um álbum novo da Taylor Swift ⚽️🎶
#FutebolPaulista",,0,"10/07/2025 10:59",N/A,https://www.facebook.com/futebolpaulista/posts/pfbid02ZA3SNJUpVwux4RovKTsW9hLKKdGz2DecY9y5fSVkHSsry9VuKJMBeeSRJKhacN5il,0,0,Fotos,,,,,Total,2791,1870,14,11,0,3,27,19,8,0,,,,,,,,
1247128810783400,100064588783898,"Federação Paulista de Futebol - FPF","SAIBA COMO PARTICIPAR!
Inscreva-se no site www.marqueessegol.com.br e participe da campanha ""Marque Esse Gol"", uma iniciativa da FPF com a Fundação Laço Rosa e a Marque Esse Gol, que leva carretas de mamografia para diversos pontos do Estado!
#FPF #MarqueEsseGol #OutubroRosa",,0,"10/07/2025 08:00",N/A,https://www.facebook.com/futebolpaulista/posts/pfbid03YpkcmvkFEGraV534gATzaBqmZDY9Bsn3yWyEwc7mFKxfTBt1fwkgEab7hXsFK1kl,0,0,Fotos,,,,,Total,2408,1682,10,8,0,2,12,2,5,0,,,5,,,,,
1247085314121083,100064588783898,"Federação Paulista de Futebol - FPF","ESTAMOS CHEGANDO, CAMPINAS! 🗣️
A carreta da campanha ""Marque Esse Gol"", uma iniciativa da FPF com a Fundação Laço Rosa e a Marque Esse Gol, vai estar no Moisés Lucarelli na próxima quinta-feira (9)! Acesse www.marqueessegol.com.br e agende sua mamografia gratuitamente.
#OutubroRosa #MarqueEsseGol #FPF",,0,"10/07/2025 07:00",N/A,https://www.facebook.com/futebolpaulista/posts/pfbid0Th1MZBPEsdFtVokbvj6E3ts5eecij3y1pszFPoKWKWMUC7AZqnr2kQrAPtF2NwPel,0,0,Fotos,,,,,Total,2901,2001,21,17,0,4,15,9,5,0,,,1,,,,,
1247043170791964,100064588783898,"Federação Paulista de Futebol - FPF","VAMOS, BOTAFOGO! 🇾🇪🫵
O Pantera tem um compromisso importante em busca da permanência no @brasileiraob!
#PaulistasEmCampo #SérieB",,0,"10/07/2025 06:00",N/A,https://www.facebook.com/futebolpaulista/posts/pfbid04XBAi7jMSpzmDbttSJmYqsDLGjRmDbE6iSBRmqG3ZyPUvFecLkjCJpZsWZmQBdfsl,0,0,Fotos,,,,,Total,15971,11354,145,99,42,4,272,75,197,0,,,,,,,,
1247001050796176,100064588783898,"Federação Paulista de Futebol - FPF","FELIZ ANIVERSÁRIO, DIDA! 👏
O pentacampeão com a Seleção completa 52 anos nessa terça-feira (7)!
#FPF #Aniversário",,0,"10/07/2025 05:00",N/A,https://www.facebook.com/futebolpaulista/posts/pfbid026wqYHvvukdqdGXvdXPfLKbDmMniKqeWSHEWeGSXpPhAZLcCAWEvZTEszRorGt1Jxl,0,0,Fotos,,,,,Total,22318,16349,314,271,29,14,205,77,128,0,,,,,,,2,
1246430827519865,100064588783898,"Federação Paulista de Futebol - FPF","VAMOS PARA A ÚLTIMA RODADA! 🤝
A segunda fase está chegando ao fim, mas o Tigre e o Bugre ainda estão em busca do acesso para a #SérieB. Boraaaaaa!
#PaulistasEmCampo #SérieC",,0,"10/06/2025 14:30",N/A,https://www.facebook.com/futebolpaulista/posts/pfbid0BBfstbNrnUNgpkKx4VDKNeXHWtkuepV6etixJt5aMvi44Ffq4JxNkWPQphKWYdXtl,0,0,Fotos,,,,,Total,41449,26234,312,279,23,10,1216,396,820,0,,,,,,,,1
1246394377523510,100064588783898,"Federação Paulista de Futebol - FPF","O RECADO ESTÁ DADO!
O caminhão da Campanha ""Marque Esse Gol"" estará na Vila Belmiro nos dias 7 e 8 de outubro, oferecendo exames de mamografia gratuitos. 
Acesse www.marqueessegol.com.br e agende seu exame.
#OutubroRosa #MarqueEsseGol #FPF","O RECADO ESTÁ DADO!
O caminhão da Campanha ""Marque Esse Gol"" estará na Vila Belmiro nos dias 7 e 8 de outubro, oferecendo exames de mamografia gratuitos. 
Acesse www.marqueessegol.com.br e agende seu exame.
#OutubroRosa #MarqueEsseGol #FPF",18,"10/06/2025 13:41",uploaded,https://www.facebook.com/reel/654052987493440/,0,0,Vídeos,,,,,Total,6934,6654,81,78,1,2,67,,65,0,,,2,25682.312,4.086,0,,
1246331924196422,100064588783898,"Federação Paulista de Futebol - FPF","Assim ficou a classificação do @brasileiraob depois da última rodada! Como está o seu time na tabela, torcedor?
#PaulistasEmCampo",,0,"10/06/2025 12:30",N/A,https://www.facebook.com/futebolpaulista/posts/pfbid0pJXh7nU5jeoER6bjcjGZaYeCufBRTZkkoAfkwUgQL5gS6Mx8gGi2AusYCLAuUeuKl,0,0,Fotos,,,,,Total,30867,22404,98,93,0,5,368,287,81,0,,,,,,,2,
1246312464198368,100064588783898,"Federação Paulista de Futebol - FPF","A LIDERANÇA É VERDE NOVAMENTE! 🐷💚🔝
Está nascendo um novo líder... na tabela do @brasileirao!
#PaulistasEmCampo",,0,"10/06/2025 12:00",N/A,https://www.facebook.com/futebolpaulista/posts/pfbid027Jb4TfyBz7gNqXP3X5Nyvq16DA4auKfgi4RpmwQPZrqmNBLqhgDiMNgLAXESd2xQl,0,0,Fotos,,,,,Total,42941,27885,611,484,106,21,1087,366,721,0,,,,,,,1,
1246273964202218,100064588783898,"Federação Paulista de Futebol - FPF","PRIMEIRA PARADA: SANTOS
O pontapé inicial da campanha ""Marque Esse Gol"", uma iniciativa da FPF com a Fundação Laço Rosa e a Marque Esse Gol, será na Vila Belmiro, nos dias 7 e 8 de outubro. Acesse www.marqueessegol.com.br e agende sua mamografia.
#OutubroRosa #MarqueEsseGol #FPF",,0,"10/06/2025 10:56",N/A,https://www.facebook.com/futebolpaulista/posts/pfbid02MDS2cyx8nA5E5GmA5QCgYHHotod8jtrLTKqQG4Wr8fwVMKTnEjx7G6Q7UPgJrzNYl,0,0,Fotos,,,,,Total,2997,2124,15,13,0,2,4,3,1,0,,,,,,,,
1245609810935300,100064588783898,"Federação Paulista de Futebol - FPF","E é dessa maneira que acaba mais um domingo de futebol.
#PaulistasEmCampo",,0,"10/05/2025 18:32",N/A,https://www.facebook.com/futebolpaulista/posts/pfbid02shsWNnNfsEsoVu8BfFT4eBNYkFSwbFieiEq3z16ybEQuiY2xpUG8eVgw156e7jiel,0,0,Fotos,,,,,Total,44625,32298,323,263,48,12,558,243,315,0,,,,,,,2,
1245609220935359,100064588783898,"Federação Paulista de Futebol - FPF","O Santos levou a pior no duelo de Alvinegros do Castelão.
#PaulistasEmCampo
📷Raul Baretta/Santos",,0,"10/05/2025 18:31",N/A,https://www.facebook.com/futebolpaulista/posts/pfbid0298xZK55gDaCLJfyXNJ2cd371i7dw2bcYQVVBh29pW3XExgofuCd5cbDxUFN1WcWZl,0,0,Fotos,,,,,Total,194185,133649,1417,930,459,28,3976,1220,2756,0,,,,,,,3,5
1245549500941331,100064588783898,"Federação Paulista de Futebol - FPF","VAI, SÃO BERNARDO! 🐯
Tigre vence a primeira na segunda fase e mantém vivo o sonho do acesso!
#PaulistasEmCampo
📷Janes Carvalho/Divulgação/São Bernardo",,0,"10/05/2025 17:10",N/A,https://www.facebook.com/futebolpaulista/posts/pfbid0sUmSUT4n44VaPBzyF7Qxupn9uVeNRqvqN3sfhRtpDmTVXNnVMVQPp5oCeANU52SAl,0,0,Fotos,,,,,Total,46091,31145,312,289,9,14,631,261,370,0,,,,,,,2,
1245430250953256,100064588783898,"Federação Paulista de Futebol - FPF","O TIME DA VIRADA! 🐷
Com um tempo para cada time, Palmeiras reverte a desvantagem e sai com os três pontos no Choque-Rei.
#PaulistasEmCampo
📷Cesar Greco/Palmeiras",,0,"10/05/2025 14:08",N/A,https://www.facebook.com/futebolpaulista/posts/pfbid0oDBqf15hSWRtzLFDsydtC32pr1LT5y3uaWKWZvpZFCxdMqq7x6rZzcgTrgepKLnwl,0,0,Fotos,,,,,Total,246531,179352,8409,6740,1391,278,5987,1309,4678,0,,,,,,,20,7
1245423180953963,100064588783898,"Federação Paulista de Futebol - FPF","A VIRADA VEIO!
@ramon.sosa17 COLOCA O PALMEIRAS NA FRENTE DO PLACAR PELA PRIMEIRA VEZ NO CLÁSSICO! 
#PaulistasEmCampo","A VIRADA VEIO!
@ramon.sosa17 COLOCA O PALMEIRAS NA FRENTE DO PLACAR PELA PRIMEIRA VEZ NO CLÁSSICO! 
#PaulistasEmCampo",26,"10/05/2025 13:54",N/A,https://www.facebook.com/reel/1138738631776294/,1,0,Vídeos,,,,,Total,52598,41403,2698,2439,175,84,1138,,1138,0,,,,543482.681,13.351,0,,
1245415624288052,100064588783898,"Federação Paulista de Futebol - FPF","TA TUDO IGUAL POR AQUI! 
AGORA FOI A VEZ DE @flacolopez_10 DEIXAR O DELE 🔥
#PaulistasEmCampo","TA TUDO IGUAL POR AQUI! 
AGORA FOI A VEZ DE @flacolopez_10 DEIXAR O DELE 🔥
#PaulistasEmCampo",33,"10/05/2025 13:39",N/A,https://www.facebook.com/reel/723331697431461/,1,0,Vídeos,,,,,Total,12019,10356,375,358,6,11,231,,231,0,,,,109128.209,10.544,0,,
1245412950954986,100064588783898,"Federação Paulista de Futebol - FPF","PRA DIMINUIR A DIFERENÇA!
De cabeça, @vitor_roque9 marca o primeiro gol do Verdão no clássico. 
#PaulistasEmCampo","PRA DIMINUIR A DIFERENÇA!
De cabeça, @vitor_roque9 marca o primeiro gol do Verdão no clássico. 
#PaulistasEmCampo",18,"10/05/2025 13:34",uploaded,https://www.facebook.com/reel/1110440737956726/,1,0,Vídeos,,,,,Total,16001,12597,588,553,19,16,191,,191,0,,,,115180.38,9.402,0,,
1245400214289593,100064588783898,"Federação Paulista de Futebol - FPF","FANTASMA EM VANTAGEM! 👻
O Primavera sai na frente pelo título da Copa Paulista Sicredi!
#CopaPaulistaSicredi
📷Alexandre Battibugli/Ag. Paulistão",,0,"10/05/2025 13:10",N/A,https://www.facebook.com/futebolpaulista/posts/pfbid02nAaLAXwibtRYweQoPhSCFWKeM1miZWEE6aU18re99zJDnZHUeKfjFnRnspzWsbBhl,0,0,Fotos,,,,,Total,27582,18581,223,171,41,11,772,308,464,0,,,,,,,,
1245382684291346,100064588783898,"Federação Paulista de Futebol - FPF","TAPIA⚽️!
O chileno faz o segundo do Tricolor e amplia a vantagem no Choque-Rei!
#Brasileirao #ChoqueRei","TAPIA⚽️!
O chileno faz o segundo do Tricolor e amplia a vantagem no Choque-Rei!
#Brasileirao #ChoqueRei",30,"10/05/2025 12:40",N/A,https://www.facebook.com/reel/1490642452137842/,1,0,Vídeos,,,,,Total,16574,8447,602,528,46,28,254,,254,0,,,,137478.925,9.768,0,,
1245370320959249,100064588783898,"Federação Paulista de Futebol - FPF","ÉÉ LUCIAANOOO!!!!
O camisa 10 do São Paulo recebeu ótimo passe de Marcos Antônio e abriu o placar no MorumBIS!
#ChoqueRei #Brasileirao","ÉÉ LUCIAANOOO!!!!
O camisa 10 do São Paulo recebeu ótimo passe de Marcos Antônio e abriu o placar no MorumBIS!
#ChoqueRei #Brasileirao",28,"10/05/2025 12:19",N/A,https://www.facebook.com/reel/2225993494548418/,1,0,Vídeos,,,,,Total,16752,9255,591,527,37,27,551,,551,0,,,,132735.517,9.497,0,,
1245358210960460,100064588783898,"Federação Paulista de Futebol - FPF","O REENCONTRO ACONTECEU!
#PaulistasEmCampo","O REENCONTRO ACONTECEU!
#PaulistasEmCampo",10,"10/05/2025 12:00",N/A,https://www.facebook.com/reel/702158932196862/,1,0,Vídeos,,,,,Total,11540,8538,135,122,10,3,243,,243,0,,,,55220.071,6.7,0,,
1245299667632981,100064588783898,"Federação Paulista de Futebol - FPF","PRIMEIRO CAPÍTULO!
Chegou a hora dos primeiros 90 minutos da Copa Paulista Sicredi!
#CopaPaulistaSicredi
📷Alexandre Battibugli/Ag. Paulistão",,0,"10/05/2025 10:40",N/A,https://www.facebook.com/futebolpaulista/posts/pfbid02VhyBdnAbtHu29rJLcXQFeKu9yUHwBx3djiMrNJNvJxsvhtjbFmnyzSRjFSkgWgZHl,0,0,Fotos,,,,,Total,10465,7217,83,71,8,4,241,140,101,0,,,,,,,1,
1245216447641303,100064588783898,"Federação Paulista de Futebol - FPF","DOMINGÃO DE CHOQUE-REI! 🌟👀
As minhas equipes entram em campo pelo @brasileirao em busca de mais três pontos! 
#PaulistasEmCampo #SãoPaulo #Palmeiras",,27,"10/05/2025 09:00",N/A,https://www.facebook.com/futebolpaulista/posts/pfbid035DoNB4hBw9VPv7HBgRHkrQbogGppijpxAb7pYBfJW6MV67YCwwuo6XHHdy6VDKyfl,1,0,Fotos,,,,,Total,6830,12501,38,33,3,2,66,3,63,0,,,,,,,,
1245187694310845,100064588783898,"Federação Paulista de Futebol - FPF","TEM QUE JOGAR COM A ALMA E O CORAÇÃO!
O Verdão segue de olho na ponta da tabela e precisa dos três pontos.
#PaulistasEmCampo #Palmeiras",,0,"10/05/2025 08:30",N/A,https://www.facebook.com/futebolpaulista/posts/pfbid02TrwhvQAZvRfANF4WVGDrUmTFmzqaxYfdG51Jmd71kByDtSz6oVmjfvpitvRBQqGVl,0,0,Fotos,,,,,Total,83855,62025,1828,1697,79,52,783,422,361,0,,,,,,,5,2
1245110584318556,100064588783898,"Federação Paulista de Futebol - FPF","PORQUE SÃO PAULO É SENTIMENTO!
Só os três pontos interessam para o Tricolor 🔥
#SãoPaulo #PaulistasEmCampo",,0,"10/05/2025 07:00",N/A,https://www.facebook.com/futebolpaulista/posts/pfbid02QPn7MrJc2SgETu6j3MtKLchFW2X5LETULmGNGxPD62sTWvVs3zxMeB6PqcM4Wttxl,0,0,Fotos,,,,,Total,10522,7653,108,99,5,4,95,49,46,0,,,,,,,,
1245030420993239,100064588783898,"Federação Paulista de Futebol - FPF","O COMEÇO DA DECISÃO! 🔥
O Primavera recebe o XV de Piracicaba para o primeiro jogo da final da Copa Paulista Sicredi! Para quem vai sua torcida? 👀
#CopaPaulistaSicredi",,0,"10/05/2025 05:13",N/A,https://www.facebook.com/futebolpaulista/posts/pfbid02ACt1vkNnmEfcvqMc7p25V2VBiFeQ8PqkfpYJMuXhStAsjDa2FpJeLdj6BD1gktScl,0,0,Fotos,,,,,Total,12918,9246,90,62,17,11,155,64,91,0,,,,,,,1,1
1244968567666091,100064588783898,"Federação Paulista de Futebol - FPF","FELIZ ANIVERSÁRIO, LEÃO!
A @interdelimeiraoficial completa 112 anos de história nesse domingo (5)!
#FPF #Aniversário",,0,"10/05/2025 04:00",N/A,https://www.facebook.com/futebolpaulista/posts/pfbid02qgFZfGtJB34U69gY94AeWDdg3bwb8ZbDnt4n5HKW8dTueZ9kvKizmXkJjo6U6qiEl,0,0,Fotos,,,,,Total,12148,8575,403,355,32,16,177,48,129,0,,,,,,,1,2
1244640667698881,100064588783898,"Federação Paulista de Futebol - FPF","É DIA DE CLÁSSICO!
Nada como um Choque-Rei pelo @brasileirao para animar o domingão. Quem vai levar a melhor hoje?
#PaulistasEmCampo #SãoPaulo #Palmeiras",,0,"10/04/2025 20:05",N/A,https://www.facebook.com/futebolpaulista/posts/pfbid02wSeqoqtCqjsfF2kbv4hXrsXy5CLbE3PFfRicFbGw4ZJ6y3hLoXTpe38LQkbi7dqPl,0,0,Fotos,,,,,Total,14157,10388,153,134,8,11,133,76,57,0,,,,,,,1,
1244609841035297,100064588783898,"Federação Paulista de Futebol - FPF","Se liga como foi o sábado dos #PaulistasEmCampo.
#FutebolPaulista",,0,"10/04/2025 19:15",N/A,https://www.facebook.com/futebolpaulista/posts/pfbid0hBPSXrfZsa7UNbrxLue9AmTC12PVrhJKznUy4vLXjPc8eCvdJnmxe5H9KBD18k7nl,0,0,Fotos,,,,,Total,67991,45599,282,258,19,5,1105,618,487,0,,,,,,,,
1244608921035389,100064588783898,"Federação Paulista de Futebol - FPF","VITÓRIA ALVINEGRA!
O Corinthians fica com os três pontos no duelo paulista do Brasileirão.
#PaulistasEmCampo
📷Rodrigo Coca/Ag. Corinthians",,0,"10/04/2025 19:14",N/A,https://www.facebook.com/futebolpaulista/posts/pfbid02MmYFjLCmt3Rqz6mxiEZVpp6ugXxrj9rMUmbAELcpPLmVcatsXaFecQhxaMGVfq39l,0,0,Fotos,,,,,Total,242487,170140,6622,6081,365,176,4077,2155,1922,0,,,,,,,4,5
1244589627703985,100064588783898,"Federação Paulista de Futebol - FPF","A Ferroviária levou a virada na Arena da Fonte.
#PaulistasEmCampo
📷Luis Miguel Ferreira/Ferroviária",,0,"10/04/2025 18:40",N/A,https://www.facebook.com/futebolpaulista/posts/pfbid02d83EZ7xBeSGuKbCUvgEA7i8AXsLwfMvrUB6eTRgEjYwVpP87vMBzNVWrNy1T9fGTl,0,0,Fotos,,,,,Total,41618,29923,142,125,12,5,417,212,204,0,,,1,,,,,
1244539864375628,100064588783898,"Federação Paulista de Futebol - FPF","A Ponte Preta foi superada fora de casa pelo Brusque.
#PaulistasEmCampo
📷Lucas Gabriel Cardoso/Brusque",,0,"10/04/2025 17:28",N/A,https://www.facebook.com/futebolpaulista/posts/pfbid0hjAgvqHz2Zvj1Xv3nGnD5didKUNjcUna24zy5PSDsednskhGGCLLbqFogGRmrp51l,0,0,Fotos,,,,,Total,65761,43970,481,313,157,11,2160,367,1793,0,,,,,,,1,2
1244516697711278,100064588783898,"Federação Paulista de Futebol - FPF","NO APAGAR DAS LUZES!
Jhon Jhon converter pênalti nos acréscimos e garante a vitória do Massa Bruta!
#PaulistasEmCampo
📷Ari Ferreira/Red Bull Bragantino",,0,"10/04/2025 16:45",N/A,https://www.facebook.com/futebolpaulista/posts/pfbid0hMtW7dQtimAnxT6JiocqCUG1CcacETFiBVrvfLi9fH8sHeif2n4sJ6XF6fhf6vGl,0,0,Fotos,,,,,Total,27413,19076,212,173,32,7,320,118,202,0,,,,,,,,
1244461234383491,100064588783898,"Federação Paulista de Futebol - FPF","EMPATE EM CASA!
Guarani fica em igualdade com o Náutico e segue sonhando com o acesso na Série C.
#PaulistasEmCampo
📷Raphael Silvestre/Guarani",,0,"10/04/2025 15:04",N/A,https://www.facebook.com/futebolpaulista/posts/pfbid0XLDeTuQGVyNTpx5gKyqiYn4VR2RGg5TCVxkRoSUg3YPwQCQ4f8cmTsCKuY3wTpLTl,0,0,Fotos,,,,,Total,42890,28592,436,323,104,9,1477,249,1228,0,,,,,,,1,
1244432327719715,100064588783898,"Federação Paulista de Futebol - FPF","O Tigre tropeçou na Arena Condá.
#PaulistasEmCampo
📷Ozzair Jr./Novorizontino",,0,"10/04/2025 14:08",N/A,https://www.facebook.com/futebolpaulista/posts/pfbid07Jb7vtsMR1pbuP9tEBsQw6fxqwnB4ozhLcPTCfPMLp5ePAz8eReaajTpbJ2sHoHQl,0,0,Fotos,,,,,Total,35766,25847,225,179,41,5,583,222,361,0,,,,,,,,
1244357787727169,100064588783898,"Federação Paulista de Futebol - FPF","RAFAEL ⚔️ WEVERTON! 🧤
Dois grandes goleiros duelam nesse domingo! Quem vai levar a melhor no Choque-Rei, torcedor?
#PaulistasEmCampo #SãoPaulo #Palmeiras",,13,"10/04/2025 12:00",N/A,https://www.facebook.com/futebolpaulista/posts/pfbid02t7MLF817dS4tEHVe4yMRA1m6HgBd1y4wNkdhEboZysiwbwDmChYkDS3gR2AYuSK4l,1,0,Fotos,,,,,Total,1990,8703,20,17,0,3,24,2,22,0,,,,,,,,1
1244236711072610,100064588783898,"Federação Paulista de Futebol - FPF","É DIA DE BUSCAR O ACESSO! 🏹💚
O Bugre vai contar com o apoio da sua torcida no compromisso desse sábado. Vamos, @guaranifc_oficial!
#PaulistasEmCampo",,0,"10/04/2025 09:00",N/A,https://www.facebook.com/futebolpaulista/posts/pfbid02v4paQvp43RtPaKwZiMxeWe95WAnEAQf1KWTGoPgpE4VLXGi2E5eGJNYiAHGn2ELLl,0,0,Fotos,,,,,Total,25657,16946,411,320,77,14,556,132,424,0,,,,,,,,
1244132761083005,100064588783898,"Federação Paulista de Futebol - FPF","O CENSO DOS ANIMAIS! 🦁🐯🐓
São muitos animais entre os mascotes das equipes das quatro divisões do #FutebolPaulista e por aqui, o leão segue reinando! E aí, torcedor, qual o mascote do seu time?
#PaulistasEmCampo #DiaMundialDosAnimais",,0,"10/04/2025 07:00",N/A,https://www.facebook.com/futebolpaulista/posts/pfbid034r4rzjW3C6oYJWBzxioAQ6XPRJrcswFgrt7xqxmcFe57BpAxJ6Q6KAmTQCNPB2XVl,0,0,Fotos,,,,,Total,13516,9939,61,40,19,2,288,83,205,0,,,,,,,1,
1244083864421228,100064588783898,"Federação Paulista de Futebol - FPF","SABADÃO CHEIO! 💪
Dia de muito futebol paulista no @brasileirao, no @brasileiraob e na #SérieC!
#PaulistasEmCampo",,0,"10/04/2025 06:00",N/A,https://www.facebook.com/futebolpaulista/posts/pfbid02sazTG1psNzNaWZYrP1Fd1tfuzFeNVuM2BfKyB19MR9sY7H1DyeX79AseEGK4fMCLl,0,0,Fotos,,,,,Total,37075,26274,230,198,15,17,510,357,153,0,,,,,,,1,
1243686384460976,100064588783898,"Federação Paulista de Futebol - FPF","TIMÃO ⚔️ LEÃO!
Mais um dia de #DueloPaulista no @brasileirao. Quem vai levar os três pontos? 
#PaulistasEmCampo #Mirassol #Corinthians",,0,"10/03/2025 20:05",N/A,https://www.facebook.com/futebolpaulista/posts/pfbid0TieLrz4kxVosBY1ZjYEvGGz2JdmCr92zxQWGnMAGVzm6DkSBU5SZpJcRSPA5JgKDl,0,0,Fotos,,,,,Total,15225,10777,154,129,18,7,182,77,105,0,,,,,,,,
1243668734462741,100064588783898,"Federação Paulista de Futebol - FPF","O Botafogo não conseguiu pontuar fora de casa.
#PaulistasEmCampo
📷 Igor Barrankievicz/Agência Botafogo",,0,"10/03/2025 19:36",N/A,https://www.facebook.com/futebolpaulista/posts/pfbid02bDjgVC2i9h49WzBBn15uiFjfXg3H5Re64nseXaphukaZZAFLYxD1mAfKjRFbWRm2l,0,0,Fotos,,,,,Total,46897,33707,316,196,109,11,819,204,615,0,,,,,,,,
1243502861145995,100064588783898,"Federação Paulista de Futebol - FPF","VEM COM A GENTE!
Bora conferir todas as paradas da campanha ""Marque Esse Gol"", uma iniciativa da FPF com a Fundação Laço Rosa e a Marque Esse Gol, que leva carretas de mamografia para diversos pontos do Estado.
#FPF #OutubroRosa",,0,"10/03/2025 15:00",N/A,https://www.facebook.com/futebolpaulista/posts/pfbid0TE99PKigVfcMe4ghqJsZTv2JPRVnAW3hvTyhSNDded3kaLMN3B4gorsdQuXbC9Pgl,0,0,Fotos,,,,,Total,2582,1777,18,14,1,3,20,17,3,0,,,,,,,,
1243472734482341,100064588783898,"Federação Paulista de Futebol - FPF","100 GOLS ALVIVERDES NO ANO! ⚽🐷💚
Você sabe quais foram os marcadores do Verdão em 2025? Confira a lista completa!
#PaulistasEmCampo #Palmeiras",,0,"10/03/2025 14:00",N/A,https://www.facebook.com/futebolpaulista/posts/pfbid02bp2cgq1wfDM2zTZvERaTSsy7KFaKUHmnk4975Cq6NYwe5LKxMujrfSYrqzNwjqMMl,0,0,Fotos,,,,,Total,25762,17366,307,274,5,28,436,264,172,0,,,,,,,2,
1243417871154494,100064588783898,"Federação Paulista de Futebol - FPF","DUPLA IMPARÁVEL 🇦🇷🐯
Flaco López e Vitor Roque formam a melhor dupla de ataque do futebol brasileiro atualmente? 
#PaulistasEmCampo #FlacoLópez #VitorRoque #Palmeiras",,0,"10/03/2025 12:30",N/A,https://www.facebook.com/futebolpaulista/posts/pfbid02xCmrTio9uKEU91175aaf8UtjUmWkGk2tyc8swyrY3M7M4YKAh27om9rPpBY39LCzl,0,0,Fotos,,,,,Total,7731,5542,152,140,8,4,168,91,77,0,,,,,,,,
1243345061161775,100064588783898,"Federação Paulista de Futebol - FPF","PONTO FINAL EM MAIS UMA RODADA! 👀
As minhas equipes seguem a todo vapor na disputa do @brasileirao!
#PaulistasEmCampo",,0,"10/03/2025 11:02",N/A,https://www.facebook.com/futebolpaulista/posts/pfbid0EGfcJmPUPJWjuAZsAZJAhZNpjPV4teZ38Y2eEdr9ApLLPyXVnrUJQc7ZFdWvDDhQl,0,0,Fotos,,,,,Total,35012,23659,209,187,13,9,493,310,183,0,,,,,,,,
1243126284516986,100064588783898,"Federação Paulista de Futebol - FPF","PARA CIMA, PANTERA! 🔥
O Botafogo precisa da vitória para subir na tabela do @brasileiraob!
#PaulistasEmCampo",,0,"10/03/2025 06:00",N/A,https://www.facebook.com/futebolpaulista/posts/pfbid02jKMfNygZquScPtDvMTNMDK8Te8ZhXAD5CRiRbtqdjAZmtoh1ihfxpRASXumjdBgl,0,0,Fotos,,,,,Total,29352,21254,64,53,7,4,243,144,99,0,,,,,,,,
1242667111229570,100064588783898,"Federação Paulista de Futebol - FPF","SAI ZICA!
Tapia e Luciano garantiram os três pontos do São Paulo no Castelão!
#FutebolPaulista #PaulistasEmCampo
🎥 @cazetv",,22,"10/02/2025 17:45",N/A,https://www.facebook.com/futebolpaulista/posts/pfbid0jbBDxWNC2WA6oCthJGnCGL5FnQmH4Jt6Ugt7GcoLdzNTFocTS16yEzhrbHruwKJ1l,1,0,Fotos,,,,,Total,44603,46955,575,530,7,38,764,29,735,0,,,,,,,,
1242659931230288,100064588783898,"Federação Paulista de Futebol - FPF","VAMOS, TRICOLOR QUERIDO!
São Paulo volta ao caminho das vitórias no @brasileirao!
#FutebolPaulista #PaulistasEmCampo
📷Rubens Chiri / São Paulo FC",,0,"10/02/2025 17:33",N/A,https://www.facebook.com/futebolpaulista/posts/pfbid022SHBumyn9aVs7NNBh2SNYGuXHsbXgrfzYBtjadMoHLVCP8dB2en9hdqwrVExwE1Dl,0,0,Fotos,,,,,Total,90149,65736,1339,1240,81,18,989,384,605,0,,,,,,,1,
1242321991264082,100064588783898,"Federação Paulista de Futebol - FPF","30 TÍTULOS DE @paulistao! 🏟️🌟
Qual foi a final do Paulistão Sicredi no MorumBIS que mais te marcou, torcedor? Conta para nós nos comentários 👇
#PaulistãoSicredi #MorumBIS",,0,"10/02/2025 09:00",N/A,https://www.facebook.com/futebolpaulista/posts/pfbid0uC3Esum1nQ7XGzPNCV7eeqmbE1dQre6PugUhtoQQkjsMAyu3mkozdgv3QpBMoGNbl,0,0,Fotos,,,,,Total,8403,5833,46,37,7,2,130,41,89,0,,,,,,,,1
1242233737939574,100064588783898,"Federação Paulista de Futebol - FPF","65 ANOS DO MORUMBIS! 🇾🇪🏟
Casa do São Paulo Futebol Clube e palco de grande decisões do Futebol Paulista, o MorumBIS completa 65 anos nesse dia 2 de outubro.
#FutebolPaulista
📷Rodrigo Corsi/Ag.Paulistão",,0,"10/02/2025 07:00",N/A,https://www.facebook.com/futebolpaulista/posts/pfbid0vEDMNLyjUPL5WTEjKpit1sj2ibVJT1gqmcwzC4NYkpeHMTwBw2qEASsBLad1Kbe4l,0,0,Fotos,,,,,Total,84376,58801,1765,1404,327,34,1416,222,1194,0,,,,,,,2,
1242169607945987,100064588783898,"Federação Paulista de Futebol - FPF","VAMOS, SÃO PAULO! 🇾🇪❤️‍🔥
O Tricolor vai em busca de três pontos importantes fora de casa no @brasileirao!
#PaulistasEmCampo",,0,"10/02/2025 06:00",N/A,https://www.facebook.com/futebolpaulista/posts/pfbid02P7JDisDQicxqwXr39eBYJ8nPEN4tg5ZAfZZ4YC6Gc86wP7B16u4nEWWGetQnXdzCl,0,0,Fotos,,,,,Total,105939,76520,893,774,104,15,1058,465,593,0,,,,,,,6,
1231809128982035,100064588783898,"Federação Paulista de Futebol - FPF","DIA DE SAN-SÃO NA VILA BELMIRO! 🐳🇾🇪
O Santos vai receber o São Paulo no @brasileirao e ambas as equipes só querem os três pontos para subir na tabela!
#PaulistasEmCampo #SanSão",,0,"09/20/2025 20:05",N/A,https://www.facebook.com/futebolpaulista/posts/pfbid02RwSW5Uag4Mej6b7JBQ4zqKjtY6uXg8787THhQKj8eXrLDdEvwf2s3qaHMnU5Vwr5l,0,0,Fotos,,,,,Total,20915,14782,308,273,30,5,270,124,146,0,,1,,,,
1231807275648887,100064588783898,"Federação Paulista de Futebol - FPF","DEU VERDÃO!
Mais um jogo, mais uma vitória do Palmeiras no @brasileirao.
#PaulistasEmCampo 
📷 Cesar Greco/Palmeiras",,0,"09/20/2025 20:01",N/A,https://www.facebook.com/futebolpaulista/posts/pfbid0JzZiwpd8tpkQXoz6YTVxk3suprnuq3XnbLJbpWp7QrAK7g87ux2pUoBkSxWrw77Gl,0,0,Fotos,,,,,Total,134419,95068,4731,4523,124,84,1541,716,825,0,2,3,,,,
1242125534617061,100064588783898,"Federação Paulista de Futebol - FPF","51 ANOS DA ÚLTIMA PARTIDA DO REI NO SANTOS! 👑✨
Em outubro de 1974, Pelé jogou seu último jogo vestindo a camisa do Santos. O alvinegro praiano se despedia do maior da história 🌟
#BaúDoPaulistão #FutebolPaulista",,0,"10/02/2025 05:00",N/A,https://www.facebook.com/futebolpaulista/posts/pfbid02wgCHGyUFxeh6HNm5oXebCf6oDPAFuvX6PNaXKP3PTnxn8TsxiUcU7Dy5ck4kSkUJl,0,0,Fotos,,,,,Total,62796,44122,2225,1899,118,208,1027,403,624,0,12,5,,,,
1241767017986246,100064588783898,"Federação Paulista de Futebol - FPF","Esses foram os resultados da noite das minhas equipes no @brasileirao!
#PaulistasEmCampo",,0,"10/01/2025 19:37",N/A,https://www.facebook.com/futebolpaulista/posts/pfbid029YmQmFcYbq85yfGnQsfUEtkGr7NH66ADeTKfiMB6fie39aWEoEqpp9VHCRT6Yntrl,0,0,Fotos,,,,,Total,59451,40363,474,405,48,21,968,387,581,0,1,1,,,,
1241765721319709,100064588783898,"Federação Paulista de Futebol - FPF","SANTOS BUSCOU O EMPATE!
Mais um ponto somado na conta do Peixão no @brasileirao!
#PaulistasEmCampo
📷DIvulgação/Santos FC",,0,"10/01/2025 19:35",N/A,https://www.facebook.com/futebolpaulista/posts/pfbid0gZ8WsojVVdBN8iM1BFTXSKqmNnaopJUVbByaZEthnabjnMPpZQHK2qfHbphcpcwSl,0,0,Fotos,,,,,Total,50522,37246,502,405,89,8,747,259,488,0,2,,,,,
1241697241326557,100064588783898,"Federação Paulista de Futebol - FPF","TUDO IGUAL EM PORTO ALEGRE!
O Corinthians abre o placar, mas acaba sofrendo o empate contra o Internacional.
#PaulistasEmCampo
📷Ricardo Duarte/Internacional",,0,"10/01/2025 17:44",N/A,https://www.facebook.com/futebolpaulista/posts/pfbid02dA1E1Xu2WnQ91gdJnMAqTeK6vNU2GNhWBqfCRBNfwWKBBjEes1kocmUQws4s3Xvvl,0,0,Fotos,,,,,Total,28453,20080,286,191,87,8,718,129,589,0,1,,,,,
1241672544662360,100064588783898,"Federação Paulista de Futebol - FPF","EMPATE NO DUELO PAULISTA!
O Red Bull Bragantino abre o placar, mas o Mirassol busca o empate no Maião!
#PaulistasEmCampo
📷Ari Ferreira/Red Bull Bragantino",,0,"10/01/2025 17:03",N/A,https://www.facebook.com/futebolpaulista/posts/pfbid0woWjPmwKbBZhq14HPriVqkn6Y75VuircTU2EAL3RXHNAvUdvhUMYdT663GaFqBAsl,0,0,Fotos,,,,,Total,47932,33874,378,348,19,11,666,214,452,0,,1,,,,
1241667881329493,100064588783898,"Federação Paulista de Futebol - FPF","TABU MANTIDO NA CONTA DA DUPLA!
O Palmeiras vence o Vasco com tranquilidade no Allianz Parque!
#PaulistasEmCampo
📷Divulgação/Palmeiras",,0,"10/01/2025 16:55",N/A,https://www.facebook.com/futebolpaulista/posts/pfbid02shepB9E2AtEnTS6cKCFMPuaji2XquKz7vaN36fhPr6UczcNXzqJ5viPQcjA8aTNEl,0,0,Fotos,,,,,Total,139730,103947,3707,3499,125,83,1381,584,797,0,4,2,,,,
1241554201340861,100064588783898,"Federação Paulista de Futebol - FPF","FAÇA SUA INSCRIÇÃO!
Outubro chegou e, com ele, a campanha ""Marque Esse Gol"", uma iniciativa da FPF com a Fundação Laço Rosa e Marque Esse Gol para levar carretas de mamografia em alguns pontos do Estado. Acesse www.marqueessegol.com.br e agende seu exame.
#OutubroRosa #MarqueEsseGol #FPF",,0,"10/01/2025 13:21",N/A,https://www.facebook.com/futebolpaulista/posts/pfbid0xXzkjrAkZqVDJwu5YKthhxY1ngpNNfjcSvbQ1vevWFBifTuxzgfTPRqL39cbEmKSl,0,0,Fotos,,,,,Total,3861,2734,29,24,0,5,24,16,4,0,,,4,,,
1241497084679906,100064588783898,"Federação Paulista de Futebol - FPF","MAIS UMA CONVOCAÇÃO PARA O PAREDÃO DO TIMÃO! 🧤🌟🇧🇷
O @hugosouza está entre os convocados da Seleção Brasileira para a próxima Data FIFA, em que o @brasil enfrenta Coréia do Sul e Japão. Bora, Hugooooo!
#PaulistasEmCampo #SeleçãoBrasileira",,0,"10/01/2025 11:51",N/A,https://www.facebook.com/futebolpaulista/posts/pfbid0CBLL1bsrxtuiskgF4qAMqVDrtg9KMUEDXKQyV2eJr2H1uZUaMFAyvpkuQfD22YQol,0,0,Fotos,,,,,Total,131136,91349,4009,2938,1059,12,2818,412,2406,0,7,7,,,,
1241360088026939,100064588783898,"Federação Paulista de Futebol - FPF","Federação Paulista de Futebol - FPF adicionou uma nova foto.",,0,"10/01/2025 08:42",N/A,https://www.facebook.com/photo.php?fbid=1241360088026939&set=a.635268128636141&type=3,0,0,Fotos,,,,,Total,7957,5507,70,66,4,0,132,17,115,0,,,,,,
1241244408038507,100064588783898,"Federação Paulista de Futebol - FPF","NOITE CHEIA!
Quatro jogos, cinco #PaulistasEmCampo nesta quarta-feira pelo @brasileirao.",,0,"10/01/2025 06:00",N/A,https://www.facebook.com/futebolpaulista/posts/pfbid02iYtfkBDLJ8VdM4F4AQbnWL4KSHPN9Z7DUwQdeYzdJ59MhrEekPxEX3J3gNtM66Trl,0,0,Fotos,,,,,Total,64251,47728,307,276,13,18,764,540,224,0,,,,,,
1241201804709434,100064588783898,"Federação Paulista de Futebol - FPF","EMBATE PAULISTA NO MAIÃO! 🔥😮‍💨
O Mirassol vai receber o Red Bull Bragantino pela 26ª rodada do @brasileirao! Para quem vai a sua torcida?
#PaulistasEmCampo",,0,"10/01/2025 05:00",N/A,https://www.facebook.com/futebolpaulista/posts/pfbid02Y7kwdCE8CbJYEwizLqiVY3FPvBjHKByToBeZz7yj2Nbf7YjyiL3oxSwhSN4apXGLl,0,0,Fotos,,,,,Total,12931,9555,73,60,8,5,99,52,47,0,,,,,,
1240617418101206,100064588783898,"Federação Paulista de Futebol - FPF","ANOTA NA AGENDA! 
Bora conferir o calendário das Carretas de Mamografia, uma iniciativa da Federação Paulista de Futebol com a Fundação Laço Rosa e a Marque Esse Gol.
#FPF #OutubroRosa",,0,"09/30/2025 13:10",N/A,https://www.facebook.com/futebolpaulista/posts/pfbid02WL1VPtsL5wQTNRxFyNNFnnR1Ts5mi5nhhMaxvMddwJR4f2vfmRhHDv4G39gF3eAZl,0,0,Fotos,,,,,Total,5773,4188,52,43,1,8,19,12,7,0,,,,,,
1240527634776851,100064588783898,"Federação Paulista de Futebol - FPF","MACACA GARANTIDA!
A Ponte Preta já garantiu o acesso. Agora, Guarani e São Bernardo seguem na busca pela vaga.
#PaulistasEmCampo #SérieC",,0,"09/30/2025 11:00",N/A,https://www.facebook.com/futebolpaulista/posts/pfbid028sn5ffXuLPLCnHmZqJw6B3GzXTD72xayuZWDMFwBEdeG4EAD6XHg49evk1AErthel,0,0,Fotos,,,,,Total,103635,67727,641,529,87,25,2947,1027,1920,0,1,,,,,
1240416381454643,100064588783898,"Federação Paulista de Futebol - FPF","PALMEIRAS E MIRASSOL NO G4! 👀
Veja como ficou a tabela de classificação do @brasileirao depois da última rodada!
#PaulistasEmCampo",,0,"09/30/2025 09:00",N/A,https://www.facebook.com/futebolpaulista/posts/pfbid0BovoYeJwAT9PbFh1HEaFfsaUcG1FLUSi8bdzjgZTfN4B1NRLWWNDhoCUGfYmyYfel,0,0,Fotos,,,,,Total,53864,38237,264,231,19,14,810,448,362,0,1,,,,,
1239822391514042,100064588783898,"Federação Paulista de Futebol - FPF","O São Paulo não pontua no MorumBIS.
#PaulistasEmCampo
📷Rubens Chiri/São Paulo",,0,"09/29/2025 18:10",N/A,https://www.facebook.com/futebolpaulista/posts/pfbid0u3QpCfVibwu7sHhhwcscaMYPduUbr9v992sdVqeJWeAsQ8i2iaKioDAqyNCJp4MEl,0,0,Fotos,,,,,Total,27991,19061,391,330,51,10,570,150,420,0,1,1,,,,
1239412928221655,100064588783898,"Federação Paulista de Futebol - FPF","Por aqui, somos felizes no simples: basta uma vitória do time do coração e um treino na Smart Fit que estamos mais que satisfeitos!
#FPF #SmartFit #publi",,0,"09/29/2025 08:00",N/A,https://www.facebook.com/futebolpaulista/posts/pfbid02EwmBt6gdJoXsNCgX6avNW8uDAa7pDpw6jRegpfFeKYxGXLtQX2ptMFYEmviGkqzEl,0,0,Fotos,,,,,Total,4233,2954,17,16,0,1,13,9,4,0,,,,,,
1239368538226094,100064588783898,"Federação Paulista de Futebol - FPF","É O TRICOLOR DO MORUMBIS!
O São Paulo quer a vitória para subir na tabela do @brasileirao!
#FutebolPaulista #PaulistasEmCampo",,0,"09/29/2025 07:00",N/A,https://www.facebook.com/futebolpaulista/posts/pfbid02rm3kD3VopoJDuDCzZ2VHXEZaE6PG3kHbYtCoir2969KvVwcLSuVsEJYYABN6T2anl,0,0,Fotos,,,,,Total,65083,45807,454,371,74,9,649,344,305,0,2,1,,,,
1239248214904793,100064588783898,"Federação Paulista de Futebol - FPF","FELIZ ANIVERSÁRIO, @fferjoficial! 🥳👏
A Federação de Futebol do Estado do Rio de Janeiro completa 47 anos nessa segunda-feira (29). Parabéns!
#FutebolPaulista #Aniversário",,0,"09/29/2025 04:00",N/A,https://www.facebook.com/futebolpaulista/posts/pfbid0uYF3GAkDhAV8EHy2Sdx6knuHeiTBGbsFgCR2zkN7WNNYwRS5ZprnNmZRjTj2m9Q7l,0,0,Fotos,,,,,Total,3835,2612,27,23,0,4,12,8,4,0,,,,,,
1238927324936882,100064588783898,"Federação Paulista de Futebol - FPF","Fim de papo em mais um domingo de futebol.
#PaulistasEmCampo",,0,"09/28/2025 18:47",N/A,https://www.facebook.com/futebolpaulista/posts/pfbid024CVxnEmjG7YeWxd1Stj3VA66ZZY59McwpeRzy3mk7xbsw4VezMns5LhwCEkLbBo5l,0,0,Fotos,,,,,Total,115704,78515,325,297,19,9,1379,854,525,0,1,1,,,,
1238926594936955,100064588783898,"Federação Paulista de Futebol - FPF","Fim de jogo na Neo Química Arena. O Corinthians leva a virada diante do Flamengo.
#PaulistasEmCampo
📷Gilvan de Souza/Flamengo",,0,"09/28/2025 18:46",N/A,https://www.facebook.com/futebolpaulista/posts/pfbid02FjdXDz2sPBGQPQLnSHWr2hayUVmvW8sQFwQd4oW1cT1Vb2MxCFibimBrHQGuHzy9l,0,0,Fotos,,,,,Total,24678,17594,197,134,57,6,436,113,323,0,,5,,,,
1238895371606744,100064588783898,"Federação Paulista de Futebol - FPF","SAI ZICA!!! ⚫️⚪️ YURI ALBERTO É O NOME DELE!!!! #PaulistasEmCampo","SAI ZICA!!! ⚫️⚪️ YURI ALBERTO É O NOME DELE!!!! #PaulistasEmCampo",62,"09/28/2025 17:46",N/A,https://www.facebook.com/reel/2296921840743943/,1,0,Reels,,,,,Total,9197,8406,149,139,8,2,218,,217,0,,,1,87349.183,10.374,0
1238893218273626,100064588783898,"Federação Paulista de Futebol - FPF","Seu reel",,73,"09/28/2025 17:42",mixed,https://www.facebook.com/reel/2764822923724141/,1,0,Reels,,,,,Total,241588,193443,15018,14080,372,566,4014,,4014,0,,,,5190178.19,26.06,0
1238863528276595,100064588783898,"Federação Paulista de Futebol - FPF","VITÓRIA GRENÁ!
No embate paulista da Série B, a Ferroviária levou a melhor pra cima do Botafogo.
#PaulistasEmCampo
📷Luis Miguel Ferreira/Ferroviária",,0,"09/28/2025 16:42",N/A,https://www.facebook.com/futebolpaulista/posts/pfbid02mKecfjpgh8EjedhEMd5DKgexMkzB9GsoTnbY1Hug5f7iPAcESb1N4nGp8sC7qKw2l,0,0,Fotos,,,,,Total,24355,17168,231,180,38,13,483,102,381,0,,,,,,
1238862678276680,100064588783898,"Federação Paulista de Futebol - FPF","EMPATE PAULISTA!
Em um duelo movimentado, Red Bull Bragantino e Santos ficaram na igualdade.
#PaulistasEmCampo
📷Ari Ferreira/Red Bull Bragantino",,0,"09/28/2025 16:41",N/A,https://www.facebook.com/futebolpaulista/posts/pfbid028FXA1cbpxDCRJZuCxhgNSLDisGh1effuX8mAn1Y33p2TTrm4hwpRL781qcVAqyCpl,0,0,Fotos,,,,,Total,31027,22187,258,232,23,3,438,174,264,0,,4,,,,
1238842254945389,100064588783898,"Federação Paulista de Futebol - FPF","Estilo é pra quem tem! 😎🔥 #PaulistasEmCampo","Estilo é pra quem tem! 😎🔥 #PaulistasEmCampo",32,"09/28/2025 16:01",N/A,https://www.facebook.com/reel/1376086770523675/,1,0,Reels,,,,,Total,30450,29045,763,618,137,8,2039,,2039,0,,,,312315.159,11.353,0
1238816848281263,100064588783898,"Federação Paulista de Futebol - FPF","FALA, PROFESSOR!
Fernando Marchiori segue fazendo história com o Primavera! Depois de colocar o Fantasma na elite do Paulistão Sicredi, o treinador foi o responsável por classifica a equipe de Indaiatuba para uma competição nacional pela primeira vez na história!
#CopaPaulistaSicredi","FALA, PROFESSOR!
Fernando Marchiori segue fazendo história com o Primavera! Depois de colocar o Fantasma na elite do Paulistão Sicredi, o treinador foi o responsável por classifica a equipe de Indaiatuba para uma competição nacional pela primeira vez na história!
#CopaPaulistaSicredi",38,"09/28/2025 15:09",N/A,https://www.facebook.com/reel/813400997813604/,0,0,Reels,,,,,Total,8336,7448,211,189,17,5,224,,224,0,,,,71343.941,9.673,0
1238810778281870,100064588783898,"Federação Paulista de Futebol - FPF","ESCREVENDO A HISTÓRIA!
Neste domingo, o goleiro @cleiton40 recebeu uma homenagem do Red Bull Bragantino pela marca de 300 jogos com a camisa do Massa Bruta! Com isso, ele passa a ser o atleta que mais disputou partidas pela equipe de Bragança Paulista.
#PaulistasEmCampo
📷Ari Ferreira/Red Bull Bragantino",,0,"09/28/2025 14:58",N/A,https://www.facebook.com/futebolpaulista/posts/pfbid024CidYeHH7xTXnACckMcNSvg5yArM1tSiWkSQFssnqUWsa4B1TYargZDYERGZyi8yl,0,0,Fotos,,,,,Total,20167,14498,51,49,1,1,305,261,44,0,,1,,,,
1238799068283041,100064588783898,"Federação Paulista de Futebol - FPF","São Bernardo levou gol na reta final e perde a primeira no quadrangular do acesso na Série C.
#PaulistasEmCampo
📷Divulgação/São Bernardo",,0,"09/28/2025 14:34",N/A,https://www.facebook.com/futebolpaulista/posts/pfbid0jCF28iEREEiHSPnVKMg8gvPgkDMJkV663jNFdy6pZEmkeFKW6E3eWk7LXaF2ffeSl,0,0,Fotos,,,,,Total,190998,131785,644,529,102,13,3308,1085,2223,0,,1,,,,
1238792608283687,100064588783898,"Federação Paulista de Futebol - FPF","Seu reel",,17,"09/28/2025 14:20",N/A,https://www.facebook.com/futebolpaulista/videos/1476246556955237/,0,0,Vídeos,,,,,Total,14092,11995,117,106,11,0,745,,745,0,,,,87024.174,7.611,0
1238789274950687,100064588783898,"Federação Paulista de Futebol - FPF","MAIS UM PONTO!
O Novorizontino fica no empate diante do Vila Nova.
#PaulistasEmCampo
📷Higor Basso/Novorizontino",,0,"09/28/2025 14:14",N/A,https://www.facebook.com/futebolpaulista/posts/pfbid02zMPBgCb71Zs5zyUVbvTUkbVe1ipmRNVNS2BrE8y38kc2j6Fv9uvBnYfDExHKLTXel,0,0,Fotos,,,,,Total,30219,22073,159,119,33,7,459,148,311,0,,,,,,
1238788691617412,100064588783898,"Federação Paulista de Futebol - FPF","De volta ao Brasileirão, o Palmeiras acabou superado pelo Bahia.
#PaulistasEmCampo
📷Rafael Rodrigues/Bahia",,0,"09/28/2025 14:13",N/A,https://www.facebook.com/futebolpaulista/posts/pfbid023jdkcP7AtM4yMP7upDyXC8mdpL2wPFzP86DsGR225MqDxL8pTJbwKWnmmCvR2awZl,0,0,Fotos,,,,,Total,19792,13254,260,176,69,15,438,107,331,0,1,,,,,
1238786478284300,100064588783898,"Federação Paulista de Futebol - FPF","DO PÊNALTI À EMOÇÃO!
Os instantes finais da classificação do Primavera para a final da Copa Paulista Sicredi!
#CopaPaulistaSicredi","DO PÊNALTI À EMOÇÃO!
Os instantes finais da classificação do Primavera para a final da Copa Paulista Sicredi!
#CopaPaulistaSicredi",96,"09/28/2025 14:06",N/A,https://www.facebook.com/futebolpaulista/videos/2282327692280964/,0,0,Vídeos,,,,,Total,5840,5763,135,117,9,9,209,,209,0,,,,72801.126,13.504,0
1238780694951545,100064588783898,"Federação Paulista de Futebol - FPF","ARIEL! ❌🥅
O paredão do Primavera defendeu duas penalidades e foi fundamental para a classificação do Primavera!
#CopaPaulistaSicredi","ARIEL! ❌🥅
O paredão do Primavera defendeu duas penalidades e foi fundamental para a classificação do Primavera!
#CopaPaulistaSicredi",25,"09/28/2025 13:56",N/A,https://www.facebook.com/reel/1141680191362369/,0,0,Reels,,,,,Total,6648,6342,76,65,9,2,124,,124,0,,,,51972.345,8.865,0
1238778728285075,100064588783898,"Federação Paulista de Futebol - FPF","FOI COM EMOÇÃO!
Primavera vence o Grêmio Prudente nos pênaltis e se garante na final da Copa Paulista Sicredi!
#CopaPaulistaSicredi
📷Rodrigo Menezes/Primavera",,0,"09/28/2025 13:53",N/A,https://www.facebook.com/futebolpaulista/posts/pfbid02MZrVmeStYbdWnxNTy4i979cXnRKgzj7iAbjFwjwtLJvoJM3bdRdpYbN8SSqxmxKDl,0,0,Fotos,,,,,Total,33594,23520,245,197,38,10,734,172,562,0,1,1,,,,
1238772774952337,100064588783898,"Federação Paulista de Futebol - FPF","NHÔ QUIM vs. FANTASMA!
XV de Piracicaba e Primavera estão na final da Copa Paulista Sicredi 2025!
#CopaPaulistaSicredi",,0,"09/28/2025 13:41",N/A,https://www.facebook.com/futebolpaulista/posts/pfbid0KBvUku7hStBjxsWBvpiNJqYWZDzTTDAATbydoHZUu1C9mDPQXaEgoH6GPwe4irjtl,0,0,Fotos,,,,,Total,43735,27600,672,520,102,50,1468,286,1182,0,,1,,,,
1238770344952580,100064588783898,"Federação Paulista de Futebol - FPF","FANTASMA FINALISTA! 👻
O Primavera está na grande decisão da Copa Paulista Sincredi!
#CopaPaulistaSicredi",,0,"09/28/2025 13:36",N/A,https://www.facebook.com/futebolpaulista/posts/pfbid02nobcwEoKKfVbx6Rd4Y6TqYDizxk4fAkxZ3y5vf9oWDYHVi7n1dNLChCtxyGaYKWCl,0,0,Fotos,,,,,Total,94001,64723,612,487,81,44,1741,405,1336,0,4,,,,,
1238755881620693,100064588783898,"Federação Paulista de Futebol - FPF","GOOOOOOLLLL DO GRÊMIO PRUDENTE!
No finzinho, Mateus Muller converte penalidade e diminui para o visitante, deixando tudo igual no agregado! A vaga na final vai ser decidida nos pênaltis!
#CopaPaulistaSicredi","GOOOOOOLLLL DO GRÊMIO PRUDENTE!
No finzinho, Mateus Muller converte penalidade e diminui para o visitante, deixando tudo igual no agregado! A vaga na final vai ser decidida nos pênaltis!
#CopaPaulistaSicredi",19,"09/28/2025 13:08",N/A,https://www.facebook.com/reel/1127716356010385/,0,0,Reels,,,,,Total,18896,16520,203,186,16,1,347,,347,0,,,,128378.549,7.993,0
1238710238291924,100064588783898,"Federação Paulista de Futebol - FPF","GOOOOOOLLLL DO PRIMAVERA!
É dele de novo! Brunão converte o pênalti e aumenta a vantagem do Fantasma no placar!
#CopaPaulistaSicredi","GOOOOOOLLLL DO PRIMAVERA!
É dele de novo! Brunão converte o pênalti e aumenta a vantagem do Fantasma no placar!
#CopaPaulistaSicredi",26,"09/28/2025 11:53",N/A,https://www.facebook.com/reel/2049116909229574/,0,0,Reels,,,,,Total,12256,12094,59,58,1,0,221,,221,0,,,,94803.691,8.374,0
1238704424959172,100064588783898,"Federação Paulista de Futebol - FPF","GOOOOOOLLLL DO PRIMAVERA!
Brunão faz de cabeça e abre o placar para o Fantasma!
#CopaPaulistaSicredi","GOOOOOOLLLL DO PRIMAVERA!
Brunão faz de cabeça e abre o placar para o Fantasma!
#CopaPaulistaSicredi",21,"09/28/2025 11:45",N/A,https://www.facebook.com/reel/1649584122681987/,0,0,Reels,,,,,Total,50333,47247,285,269,10,6,1025,,1025,0,,,,387238.61,8.637,0
1238519544977660,100064588783898,"Federação Paulista de Futebol - FPF","DUELO PAULISTA!
Pra agitar o domingo de Brasileirão, tem Red Bull Bragantino e Santos em campo!
#PaulistasEmCampo",,0,"09/28/2025 08:00",N/A,https://www.facebook.com/futebolpaulista/posts/pfbid02FQJPuM5ruMwx2nWCmSAbDdw3PRm8qBZGdqxJRQANr8eHed1z4mzgTHWcW85LusCAl,0,0,Fotos,,,,,Total,49488,36067,327,290,28,9,477,272,205,0,,,,,,
1238432038319744,100064588783898,"Federação Paulista de Futebol - FPF","DIA CHEIO!
Nosso domingão vai tá repleto de #PaulistasEmCampo 🔥",,0,"09/28/2025 06:00",N/A,https://www.facebook.com/futebolpaulista/posts/pfbid0PKkNqC9sz6Ks5Wis2dHzf4ePDMzBRsLxbDeMVVexnfsn9omQ1yeXWjQXeuq7CfTZl,0,0,Fotos,,,,,Total,38805,0,212,184,11,17,423,281,142,0,1,1,,,,
1238391998323748,100064588783898,"Federação Paulista de Futebol - FPF","Primavera ou Grêmio Prudente: quem jogará a decisão da Copa Paulista Sicredi?
#CopaPaulistaSicredi",,0,"09/28/2025 05:00",N/A,https://www.facebook.com/futebolpaulista/posts/pfbid038622Em3GkkPUsWBreVwzgVAQU71wnKqPe243nMdnWpQvvzEVYpBmy6k5tM7k7rzMl,0,0,Fotos,,,,,Total,24622,16831,187,129,53,5,462,119,343,0,1,,,,,
1238007235028891,100064588783898,"Federação Paulista de Futebol - FPF","Ponto final no sábado de #PaulistasEmCampo.
#FutebolPaulista",,0,"09/27/2025 19:06",N/A,https://www.facebook.com/futebolpaulista/posts/pfbid02Sc6n9z7nrxAaiwifwrwwUxxgECe3KjyZZ1rb4kqYtJdav828r27zg54sMSipZoeRl,0,0,Fotos,,,,,Total,33236,22966,182,159,17,6,441,171,270,0,1,1,,,,
1238006335028981,100064588783898,"Federação Paulista de Futebol - FPF","Mirassol luta até o último lance, mas acaba superado pelo Atlético-MG.
#PaulistasEmCampo
📷Pedro Zacchi/Ag. Mirassol",,0,"09/27/2025 19:04",N/A,https://www.facebook.com/futebolpaulista/posts/pfbid02t9D1kZqHQoT6imhsaTAwQW9ANcQ954ooKm4YsEEqxxFeL4N9neoidmCqCMg7aX7ul,0,0,Fotos,,,,,Total,84267,59795,482,375,96,11,1636,413,1223,0,1,2,,,,
1237967221699559,100064588783898,"Federação Paulista de Futebol - FPF","Fora de casa, o Bugre acabou sofrendo a virada e foi superado pelo Brusque.
#PaulistasEmCampo
📷Raphael Silvestre/Guarani",,0,"09/27/2025 17:49",N/A,https://www.facebook.com/futebolpaulista/posts/pfbid02U6bTLVsJ8Rt7968chjhuZFBppwADFf4H5BKwHbPzCV8KKXo3EzjFoQwTdSgA5V3ql,0,0,Fotos,,,,,Total,225733,160023,1287,941,323,23,4870,1304,3566,0,1,1,,,,
1237962821699999,100064588783898,"Federação Paulista de Futebol - FPF","ACESSO GARANTIDO! 🦍
Alô, @brasileiraob! A @pontepretaoficial TÁ DE VOLTA!
#PaulistasEmCampo","ACESSO GARANTIDO! 🦍
Alô, @brasileiraob! A @pontepretaoficial TÁ DE VOLTA!
#PaulistasEmCampo",5,"09/27/2025 17:39",N/A,https://www.facebook.com/reel/808931184937531/,1,0,Reels,,,,,Total,71724,40140,1810,1577,88,145,1048,,1046,0,,,2,226501.297,4.976,0
1237924491703832,100064588783898,"Federação Paulista de Futebol - FPF","É FINALISTA!
XV de Piracicaba faz o dever de casa, vence o Comercial e se garante na decisão da Copa Paulista Sicredi.
#CopaPaulistaSicredi
📷Mariana Kasten/XV de Piracicaba",,0,"09/27/2025 16:23",N/A,https://www.facebook.com/futebolpaulista/posts/pfbid02w52hSx5vs4mpDBWbvcm6c7exDU7usre4ZBsuL1RL1aza5f92oGPguQZ1cZe7GTPtl,0,0,Fotos,,,,,Total,189012,137121,1375,1140,187,48,2823,902,1921,0,2,1,,,,
1237915485038066,100064588783898,"Federação Paulista de Futebol - FPF","É O NHÔ QUIM!
O XV de Piracicaba está na final da Copa Paulista Sicredi!
#CopaPaulistaSicredi",,0,"09/27/2025 16:05",N/A,https://www.facebook.com/futebolpaulista/posts/pfbid0PskGZLekA2g9PF6QDEfUwjtjuG545KZ1LPrACa5xNSfT8mDPEAEW9kXP4CNgPm3Tl,0,0,Fotos,,,,,Total,87822,63891,773,652,82,39,1473,400,1073,0,2,2,,,,
1237890108373937,100064588783898,"Federação Paulista de Futebol - FPF","PONTO FUNDAMENTAL!
Ponte Preta busca o empate nos acréscimos e segue sonhando com o acesso ainda neste sábado!
#PaulistasEmCampo
📷Marcos Ribolli/PontePress",,0,"09/27/2025 15:14",N/A,https://www.facebook.com/futebolpaulista/posts/pfbid02SAywYcAjB6rJfzh6NBivKvEEqb9vBRvmhziKRs2LJSZ6M6oEMM4gNJy5SsyHSsmjl,0,0,Fotos,,,,,Total,30595,20152,446,357,75,14,814,166,648,0,,,,,,
1237884578374490,100064588783898,"Federação Paulista de Futebol - FPF","É COM EMOÇÃO! 
MIGUEL DEIXA TUDO IGUAL JÁ NOS ACRÉSCIMOS 🔥
#PaulistasEmCampo #SérieC","É COM EMOÇÃO! 
MIGUEL DEIXA TUDO IGUAL JÁ NOS ACRÉSCIMOS 🔥
#PaulistasEmCampo #SérieC",21,"09/27/2025 15:02",N/A,https://www.facebook.com/reel/1036135871829593/,1,0,Reels,,,,,Total,95471,84990,1391,1291,52,48,2979,,2978,0,,,1,811682.379,9.902,0
1237631458399802,100064588783898,"Federação Paulista de Futebol - FPF","É DIA DE JOGÃO PARA DEFINIR O PRIMEIRO FINALISTA DA COPA PAULISTA SICREDI!
#CopaPaulistaSicredi",,0,"09/27/2025 08:00",N/A,https://www.facebook.com/futebolpaulista/posts/pfbid02Tkpy3pG66U9F2aUJQXRujLQ2CUixS6p58FbmnHgFFZjkcN6X7QoyjuSL2SeU1HZpl,0,0,Fotos,,,,,Total,27930,20112,254,180,61,13,494,129,365,0,1,,,,,
1237587295070885,100064588783898,"Federação Paulista de Futebol - FPF","MACACA QUERIDA EM BUSCA DO ACESSO!
A Ponte Preta recebe o Náutico para garantir o seu lugar no @brasileiraob em 2026!
#FutebolPaulista #PaulistasEmCampo",,0,"09/27/2025 07:00",N/A,https://www.facebook.com/futebolpaulista/posts/pfbid02W2KMP4bqh4FdHZmWVaGjHyER7qJLrxbXZ3RPh8fbF6f5PSs8XtDErNWuXQHNjYhhl,0,0,Fotos,,,,,Total,171683,123141,1391,1254,106,31,2286,843,1443,0,1,2,,,,
1237547181741563,100064588783898,"Federação Paulista de Futebol - FPF","TRIO DO INTERIOR PAULISTA!
Ponte e Guarani vão com tudo na Série C, e o Mirassol busca os três pontos para se manter no G4 do @brasileirao!
#FutebolPaulista #PaulistasEmCampo",,0,"09/27/2025 06:00",N/A,https://www.facebook.com/futebolpaulista/posts/pfbid0n3FyYwdsznfcx17UkyVG2n35fphUVzd3akLs5nHtukhoDXoST7UU4hcfwaMaEAt3l,0,0,Fotos,,,,,Total,54641,40653,227,200,17,10,517,303,214,0,,,,,,
1236874225142192,100064588783898,"Federação Paulista de Futebol - FPF","TÁ CHEGANDO A HORA!
Quem avança para a final da Copa Paulista Sicredi?
#CopaPaulistaSicredi #GiroDaRodada",,0,"09/26/2025 11:38",N/A,https://www.facebook.com/futebolpaulista/posts/pfbid02W9rPMp3BuenUtymmNjzTiPVRSFkSbwanBMy34Tyqj9jZNAZB2M84iVGbzYXPKtfUl,0,0,Fotos,,,,,Total,21412,15307,175,108,58,9,392,115,277,0,2,1,,,,
1236763845153230,100064588783898,"Federação Paulista de Futebol - FPF","PAIS DE CASTIGO!
Foram mais de 40 ocorrências durante as categorias Sub-11 e Sub-12 do Campeonato Paulista. Por isso, com o objetivo de conscientizar os pais de jogadores das categorias de base, a FPF fechou os portões de 144 jogos das competições.
#FPF","PAIS DE CASTIGO!
Foram mais de 40 ocorrências durante as categorias Sub-11 e Sub-12 do Campeonato Paulista. Por isso, com o objetivo de conscientizar os pais de jogadores das categorias de base, a FPF fechou os portões de 144 jogos das competições.
#FPF",43,"09/26/2025 09:35",N/A,https://www.facebook.com/futebolpaulista/videos/1868477724548897/,0,0,Vídeos,,,,,Total,3078,2175,60,47,1,12,15,,15,0,,,,20571.012,7.418,0
1236528708510077,100064588783898,"Federação Paulista de Futebol - FPF","58 ANOS DE FEDERAÇÃO AMAZONENSE DE FUTEBOL! 🎊🤩
A @faf_amazonas comemora mais um ano de história nessa sexta-feira (26). Parabéns!
#FutebolPaulista #Aniversário",,0,"09/26/2025 04:00",N/A,https://www.facebook.com/futebolpaulista/posts/pfbid02QkkGrmDLGkwXbfbUcEFV8GPWJBxKTerfQghNXxTohy2ysrWTByorbcwcaEXut3iZl,0,0,Fotos,,,,,Total,4268,3036,34,30,0,4,19,15,4,0,,,,,,
1236170011879280,100064588783898,"Federação Paulista de Futebol - FPF","PARTIU EQUADOR!
O Verdão enfrenta a Liga de Quito na próxima fase da @libertadoresbr.
#PaulistasEmCampo",,0,"09/25/2025 17:38",N/A,https://www.facebook.com/futebolpaulista/posts/pfbid02DcDv6CpeAfKcb4FEXyCvJa4aywJepMWXnXGdJfHnckJixwhZc4vApV3izETDzHcSl,0,0,Fotos,,,,,Total,101903,71004,3570,3305,181,84,1908,567,1341,0,3,5,,,,
1236162651880016,100064588783898,"Federação Paulista de Futebol - FPF","EM BUSCA DA TAÇA! ✈️🏆
O Verdão segue na disputa pela #GlóriaEterna em 2025.
#PaulistasEmCampo",,0,"09/25/2025 17:28",N/A,https://www.facebook.com/futebolpaulista/posts/pfbid0xaWSYWXZvMj9DxyjyCQUmz8a9cskUVyr9c1pU1P8PVngLpQWqwKGCBwMR4VfKHorl,0,0,Fotos,,,,,Total,169290,121234,6037,5626,290,121,2330,1070,1260,0,1,4,,,,
1236149908547957,100064588783898,"Federação Paulista de Futebol - FPF","O São Paulo se despede da @LibertadoresBR.
#PaulistasEmCampo
📷 Divulgação/Conmebol",,0,"09/25/2025 17:05",N/A,https://www.facebook.com/futebolpaulista/posts/pfbid029Aba47QJ9DEtu5qwmipQEecK6aqH1eSMyY81iJbUde6f3tFsnfJbh18cNxwVXAfDl,0,0,Fotos,,,,,Total,48013,32889,1207,898,272,37,1234,228,1006,0,1,,,,,
1236040358558912,100064588783898,"Federação Paulista de Futebol - FPF","O MORUMBIS TÁ PRONTO!
Logo mais tem Tricolor em casa e em busca da classificação 🔥
#PaulistasEmCampo #SãoPaulo 
📸 Divulgação/Conmebol",,0,"09/25/2025 13:53",N/A,https://www.facebook.com/futebolpaulista/posts/pfbid023ywZCAckLdfDqfT4mPK3cy2GbLmQ7rYfNfhz6Aa4TnEkvSj2JQFPfbXpq1beM6qEl,0,0,Fotos,,,,,Total,12063,8686,271,227,41,3,169,37,132,0,3,1,,,,
1236035865226028,100064588783898,"Federação Paulista de Futebol - FPF","POR MENOS ÓDIO E MAIS FUTEBOL, TAMBÉM NA BASE! 
O papel dos adultos nas arquibancadas das categorias de base é apoiar acima de tudo. Assista ao vídeo completo da campanha no YouTube do @paulistao.
#FPF",,0,"09/25/2025 13:46",N/A,https://www.facebook.com/futebolpaulista/posts/pfbid02HR3e7ztwKxy2h3oJqCk3E5hw1ScNjz9favpKanH4N3NfGbvZpebGouanMpAhrHiEl,0,0,Fotos,,,,,Total,7503,4816,64,48,2,14,141,124,17,0,,,,,,
1236006325228982,100064588783898,"Federação Paulista de Futebol - FPF","A HISTÓRIA VAI SE REPETIR? 👀🏆
O Palmeiras eliminou o River Plate três vezes na @libertadoresbr. Nas duas últimas, saiu com a taça do campeonato. Qual será o desfecho da competição deste ano? 
#PaulistasEmCampo #Palmeiras #Libertadores",,0,"09/25/2025 13:00",N/A,https://www.facebook.com/futebolpaulista/posts/pfbid02sdcUSswTfHcxNcDnToMP7ugBakqHPkkBRxNmdC1tRUYKXLnRhrVDCbzZrPUKPqJ1l,0,0,Fotos,,,,,Total,101858,71876,1674,1526,82,66,1312,683,629,0,3,1,,,,
1235975498565398,100064588783898,"Federação Paulista de Futebol - FPF","🎞️ 5120 x 1080 DO PAULISTÃO SICREDI 2025!
#PaulistãoSicredi2025","🎞️ 5120 x 1080 DO PAULISTÃO SICREDI 2025!
#PaulistãoSicredi2025",135,"09/25/2025 12:00",N/A,https://www.facebook.com/reel/769166382791609/,1,0,Reels,,,,,Total,2005,2022,16,15,0,1,3,,3,0,,,,5160.039,2.69,0
1235942821901999,100064588783898,"Federação Paulista de Futebol - FPF","TRICOLOR EM BUSCA DA VIRADA NO MORUMBIS! 🇾🇪❤️‍🔥
O São Paulo tem um único objetivo nessa noite de @libertadoresbr: a classificação para a semifinal!
#PaulistasEmCampo #SãoPaulo",,0,"09/25/2025 11:00",N/A,https://www.facebook.com/futebolpaulista/posts/pfbid031sBr1ukoajLZbH3uv6V1G3ZbEkTfm25NyXEbWYpPxMiJGWu5tV62L89UGy2H9Yv4l,0,0,Fotos,,,,,Total,69985,50032,563,463,87,13,712,272,440,0,4,2,,,,
1235844308578517,100064588783898,"Federação Paulista de Futebol - FPF","PARABÉNS, CLODOALDO! 🎉
Eterno ídolo do Santos, o pentacampeão paulista e campeão do mundo completa 76 anos nessa quinta-feira!
#FutebolPaulista #Aniversário",,0,"09/25/2025 08:19",N/A,https://www.facebook.com/futebolpaulista/posts/pfbid0uPWJdxNFRUqejUjH3vyn2iVU1EBoRXV7Hn3AH8pc8XQKdbNaCqcsTPrda3pwBiPnl,0,0,Fotos,,,,,Total,37972,28392,1091,900,159,32,629,238,391,0,1,,,,,
1235793458583602,100064588783898,"Federação Paulista de Futebol - FPF","O mau comportamentos dos adultos na arquibancada reflete no desempenho das crianças em campo! A nova campanha do ""-Ódio +Futebol"" busca combater a intolerância e a violência dos pais que acompanham seus filhos nos estádios! Assista ao vídeo completo no YouTube do @paulistao. 
#FPF","O mau comportamentos dos adultos na arquibancada reflete no desempenho das crianças em campo! A nova campanha do ""-Ódio +Futebol"" busca combater a intolerância e a violência dos pais que acompanham seus filhos nos estádios! Assista ao vídeo completo no YouTube do @paulistao. 
#FPF",42,"09/25/2025 07:00",N/A,https://www.facebook.com/futebolpaulista/videos/1904597570108789/,0,0,Vídeos,,,,,Total,4043,2912,67,50,3,14,28,,28,0,,,,24447.359,6.515,0
1235409301955351,100064588783898,"Federação Paulista de Futebol - FPF","Essa foi a quarta-feira dos paulistas! #PaulistasEmCampo",,0,"09/24/2025 20:16",N/A,https://www.facebook.com/futebolpaulista/posts/pfbid0nrf388qAkFe4YbS3GALMAdXibkSkMEecqDxx92Md5nb4bcmousbDFMVRrsLEm4ghl,0,0,Fotos,,,,,Total,45066,32765,135,128,3,4,375,245,130,0,,,,,,
1235404148622533,100064588783898,"Federação Paulista de Futebol - FPF","O Abel Ferreira gosta muito de jogar a Libertadores! 🟢⚪ #PaulistasEmCampo",,0,"09/24/2025 20:06",N/A,https://www.facebook.com/futebolpaulista/posts/pfbid029kEVxXrt5ck9167YrHHaA4zdVwcW1pJmGDmT4Q4MzQZ2NyWBphgyT7kWrb1pU9BZl,0,0,Fotos,,,,,Total,224816,163796,6672,5238,1060,374,4221,1313,2908,0,5,6,,,,
1235403348622613,100064588783898,"Federação Paulista de Futebol - FPF","O TIME DA FÉ VAI EM BUSCA DA VIRADA NA LIBERTADORES!
#FutebolPaulista #PaulistasEmCampo #SãoPaulo",,0,"09/24/2025 20:05",N/A,https://www.facebook.com/futebolpaulista/posts/pfbid07VcrA8TVLs7wHLzd9KnXDyWNTgN94gSgEmWZi6T1JLMPdjhPyL5c1a93jSg398sxl,0,0,Fotos,,,,,Total,140889,100952,1790,1576,190,24,1211,507,704,0,6,2,,,,
1235397195289895,100064588783898,"Federação Paulista de Futebol - FPF","MARCA IMPORTANTE!!! 🤩
Flaco López chegou a 5️⃣0️⃣ gols com a camisa do Palmeiras (e já virou 51 🤣)! #PaulistasEmCampo",,0,"09/24/2025 19:54",N/A,https://www.facebook.com/futebolpaulista/posts/pfbid03y4wbmUiM5TawFQwPwk4P3UJFdPe9AxZuY2Xv2nwjpzencfV15AkWiHduar2H9gXl,0,0,Fotos,,,,,Total,82151,61708,3619,3445,109,65,988,282,706,0,2,2,,,,
1235388291957452,100064588783898,"Federação Paulista de Futebol - FPF","1️⃣2️⃣ VEZES PALMEIRAS SEMIFINALISTA DA LIBERTADORES!!! 🟢⚪ #PaulistasEmCampo","1️⃣2️⃣ VEZES PALMEIRAS SEMIFINALISTA DA LIBERTADORES!!! 🟢⚪ #PaulistasEmCampo",7,"09/24/2025 19:38",N/A,https://www.facebook.com/reel/1344725887291003/,1,0,Reels,,,,,Total,4125,3428,110,102,2,6,35,,35,0,,,,10793.194,3.143,0
1235386861957595,100064588783898,"Federação Paulista de Futebol - FPF","1️⃣2️⃣ VEZES PALMEIRAS SEMIFINALISTA DA LIBERTADORES!!! 🟢⚪ #PaulistasEmCampo","1️⃣2️⃣ VEZES PALMEIRAS SEMIFINALISTA DA LIBERTADORES!!! 🟢⚪ #PaulistasEmCampo",7,"09/24/2025 19:35",N/A,https://www.facebook.com/futebolpaulista/videos/1356962949148693/,0,0,Vídeos,,,,,Total,8759,7425,250,211,10,29,92,,92,0,,,,25332.868,3.575,0
1235384761957805,100064588783898,"Federação Paulista de Futebol - FPF","VENCE O PALMEIRAS! 🔥
O Verdão somou 5 a 2 no agregado e tá na semifinal da Libertadores! #PaulistasEmCampo
📷 Conmebol Libertadores",,0,"09/24/2025 19:31",N/A,https://www.facebook.com/futebolpaulista/posts/pfbid0XWV4SxM5mPAyWrkS7FJTAByLTeKHHEnJawcHuRqu9DFLHZKcddmS3UEAC6ikpJ9cl,0,0,Fotos,,,,,Total,165761,121411,4319,4069,112,138,1930,1060,870,0,5,6,,,,
1235381191958162,100064588783898,"Federação Paulista de Futebol - FPF","SEMIFINALISTA!!! O PALMEIRAS TÁ CLASSIFICADO NA LIBERTADORES!!! 🟢⚪ #PaulistasEmCampo",,0,"09/24/2025 19:24",N/A,https://www.facebook.com/futebolpaulista/posts/pfbid0DHSViZuZvDdD8fM4aqF1PQBYRTFCBcUGk9aoeVKwR8Aoxb2WV4QTtTNY21ViWnzCl,0,0,Fotos,,,,,Total,157836,112537,6896,5987,279,630,3384,1913,1471,0,5,5,,,,
1235306825298932,100064588783898,"Federação Paulista de Futebol - FPF","O Botafogo diminuiu a diferença no finalzinho do jogo, mas não conseguiu somar pontos pelo @brasileiraob! 😢 #PaulistasEmCampo
📷 Allan Max/Agência Botafogo/Divulgação",,0,"09/24/2025 17:07",N/A,https://www.facebook.com/futebolpaulista/posts/pfbid0acToJx9fighs5AM4oDM9GwFMwncGCYpR5LdrZURh5sMHL2pR9xqafgsZ8vVCuoerl,0,0,Fotos,,,,,Total,92817,67503,201,164,32,5,891,523,368,0,1,1,,,,
1235229191973362,100064588783898,"Federação Paulista de Futebol - FPF","""ELES TEM QUE TORCER PARA O FILHO DELES E NÃO XINGAR OS OUTROS""
Esses são alguns depoimentos de crianças que querem apenas brincar e se divertir. Por menos ódio e mais futebol!
#FPF","""ELES TEM QUE TORCER PARA O FILHO DELES E NÃO XINGAR OS OUTROS""
Esses são alguns depoimentos de crianças que querem apenas brincar e se divertir. Por menos ódio e mais futebol!
#FPF",74,"09/24/2025 14:45",N/A,https://www.facebook.com/futebolpaulista/videos/781832341284680/,0,0,Vídeos,,,,,Total,2151,1801,61,46,1,14,21,,21,0,,,,14726.016,7.326,0
1235192908643657,100064588783898,"Federação Paulista de Futebol - FPF","POR TODOS OS ÂNGULOS! 📽️🏆
Entramos na trend: vem relembrar o Timão levantando a taça do Paulistão Sicredi em 5120x1080!
#PaulistãoSicredi","POR TODOS OS ÂNGULOS! 📽️🏆
Entramos na trend: vem relembrar o Timão levantando a taça do Paulistão Sicredi em 5120x1080!
#PaulistãoSicredi",68,"09/24/2025 13:32",uploaded,https://www.facebook.com/reel/2244492456065572/,1,0,Reels,,,,,Total,2297,2328,95,76,14,5,56,,56,0,,,,8333.009,3.824,0
1235126518650296,100064588783898,"Federação Paulista de Futebol - FPF","EM BUSCA DA OBSESSÃO!
O Verdão só consegue pensar em uma coisa nesta quarta 👀🔥
#PaulistasEmCampo #Palmeiras #GlóriaEterna",,0,"09/24/2025 11:42",N/A,https://www.facebook.com/futebolpaulista/posts/pfbid0G3sR4HcVhCqtuiqgqCFcTeGHzh4ZaZnZtcPrEZo6DethpeeVv1P4JK89peK3FVp5l,0,0,Fotos,,,,,Total,144318,105260,2983,2761,155,67,1195,529,666,0,1,1,,,,
1235080508654897,100064588783898,"Federação Paulista de Futebol - FPF","BRAHIMI É DO PEIXÃO!🇩🇿
O atacante foi anunciado como novo reforço do Santos. Aprovado, torcedor?
#FutebolPaulista #Santos
📷Raul Baretta/Santos",,0,"09/24/2025 10:32",N/A,https://www.facebook.com/futebolpaulista/posts/pfbid0coFpBV37PxwSu3fF8Jt1xMzZrPrJPPh9upY2c6LLnrXqLzoq4dQmb5xHBonudeLtl,0,0,Fotos,,,,,Total,23182,14738,162,138,21,3,975,153,822,0,,1,,,,
1235052285324386,100064588783898,"Federação Paulista de Futebol - FPF","DOIS ANOS!🏆🎉
O apito final e a emoção de Calleri com o título do Tricolor na Copa do Brasil! 
#FutebolPaulista #SãoPaulo #CopaDoBrasil","DOIS ANOS!🏆🎉
O apito final e a emoção de Calleri com o título do Tricolor na Copa do Brasil! 
#FutebolPaulista #SãoPaulo #CopaDoBrasil",23,"09/24/2025 09:51",N/A,https://www.facebook.com/futebolpaulista/videos/1101529608831825/,0,0,Vídeos,,,,,Total,203681,170626,7056,6731,185,140,3843,,3843,0,,,,1676233.824,10.145,0
1234881662008115,100064588783898,"Federação Paulista de Futebol - FPF","-Ódio +Futebol
Após fechar os portões de 144 jogos das categorias de base, por conta de mau comportamento de adultos nas arquibancadas, os pais ""ficaram de castigo” em campanha contra intolerância nos estádios. A medida, em caráter educativo, foi uma decisão da FPF por recomendação do Tribunal de Justiça Desportiva (TJD-SP), em decorrência do crescente número de casos de mau comportamento dos torcedores.
“Fechar os portões não foi para punir, mas, sim, para educar. Esperamos que a medida tenha feito alguns pais refletirem sobre o comportamento que têm nos jogos. As atitudes deles são, acima de tudo, observadas pelos filhos, que não querem e não merecem passar por situações de agressividade e descontrole como as que temos observado”, diz o presidente da Federação Paulista de Futebol, Reinaldo Carneiro Bastos.
#FPF","-Ódio +Futebol
Após fechar os portões de 144 jogos das categorias de base, por conta de mau comportamento de adultos nas arquibancadas, os pais ""ficaram de castigo” em campanha contra intolerância nos estádios. A medida, em caráter educativo, foi uma decisão da FPF por recomendação do Tribunal de Justiça Desportiva (TJD-SP), em decorrência do crescente número de casos de mau comportamento dos torcedores.
“Fechar os portões não foi para punir, mas, sim, para educar. Esperamos que a medida tenha feito alguns pais refletirem sobre o comportamento que têm nos jogos. As atitudes deles são, acima de tudo, observadas pelos filhos, que não querem e não merecem passar por situações de agressividade e descontrole como as que temos observado”, diz o presidente da Federação Paulista de Futebol, Reinaldo Carneiro Bastos.
#FPF",180,"09/24/2025 06:00",auto,https://www.facebook.com/futebolpaulista/videos/804345185607417/,0,0,Vídeos,,,,,Total,1806,1416,46,30,3,13,10,,10,0,,,,13656.506,8.404,0
1234880978674850,100064588783898,"Federação Paulista de Futebol - FPF","-Ódio +Futebol
Após fechar os portões de 144 jogos das categorias de base, por conta de mau comportamento de adultos nas arquibancadas, os pais “ficaram de castigo” em campanha contra intolerância nos estádios. A medida, em caráter educativo, foi uma decisão da FPF por recomendação do Tribunal de Justiça Desportiva (TJD-SP), em decorrência do crescente número de casos de mau comportamento dos torcedores.
“Fechar os portões não foi para punir, mas, sim, para educar. Esperamos que a medida tenha feito alguns pais refletirem sobre o comportamento que têm nos jogos. As atitudes deles são, acima de tudo, observadas pelos filhos, que não querem e não merecem passar por situações de agressividade e descontrole como as que temos observado”, diz o presidente da Federação Paulista de Futebol, Reinaldo Carneiro Bastos.
#FPF","-Ódio +Futebol
Após fechar os portões de 144 jogos das categorias de base, por conta de mau comportamento de adultos nas arquibancadas, os pais “ficaram de castigo” em campanha contra intolerância nos estádios. A medida, em caráter educativo, foi uma decisão da FPF por recomendação do Tribunal de Justiça Desportiva (TJD-SP), em decorrência do crescente número de casos de mau comportamento dos torcedores.
“Fechar os portões não foi para punir, mas, sim, para educar. Esperamos que a medida tenha feito alguns pais refletirem sobre o comportamento que têm nos jogos. As atitudes deles são, acima de tudo, observadas pelos filhos, que não querem e não merecem passar por situações de agressividade e descontrole como as que temos observado”, diz o presidente da Federação Paulista de Futebol, Reinaldo Carneiro Bastos.
#FPF",180,"09/24/2025 06:00",N/A,https://www.facebook.com/reel/1293956451846359/,1,0,Reels,,,,,Total,10162,2480,146,103,9,34,156,,156,0,,,,160613.721,17.553,0
1234858985343716,100064588783898,"Federação Paulista de Futebol - FPF","BORA PARA A QUARTA-FEIRA! 
Enquanto o Pantera entra em campo pelo @brasileiraob, o Verdão quer a classificação em casa na @libertadoresbr!
#PaulistasEmCampo",,0,"09/24/2025 05:30",N/A,https://www.facebook.com/futebolpaulista/posts/pfbid0Hev9CxeUfLHjwn8BrDiKDiZJXb4L9Qo2thrre4e552yJ7JhPXAwxGKQGDdKFYQKPl,0,0,Fotos,,,,,Total,24034,17728,77,69,4,4,174,123,51,0,,,,,,
1234838642012417,100064588783898,"Federação Paulista de Futebol - FPF","A COPA DO BRASIL CHEGOU DE VEZ... 🇾🇪❤️‍🔥
Dois anos atrás, o São Paulo conquistava seu primeiro título de @copadobrasilcbf e se tornava o único campeão de tudo!
#PaulistasEmCampo #BaúDoPaulistão",,0,"09/24/2025 05:00",N/A,https://www.facebook.com/futebolpaulista/posts/pfbid0B7xVSU5RP7rfrTk33qt8JKbXtFYUhBPi6KANMQmznGr9fvEzAvPnqEBw7YM1seMpl,0,0,Fotos,,,,,Total,139392,99744,2614,2375,141,98,3567,2414,1153,0,4,3,,,,
1234489268714021,100064588783898,"Federação Paulista de Futebol - FPF","AGORA É EM CASA! 🏟️🌟
Com a vantagem da vitória na Argentina, o Palmeiras recebe o River Plate no Allianz Parque em busca da classificação para as semifinais da @libertadoresbr!
#PaulistasEmCampo",,0,"09/23/2025 20:05",N/A,https://www.facebook.com/futebolpaulista/posts/pfbid0331b2m8dn2oviwWVbSKQxEDTZL6LFHKramwJuLe2sGYL5uRATmPfg7t9Cg4tD7tWvl,0,0,Fotos,,,,,Total,178040,128979,3657,3384,177,96,1661,800,861,0,4,2,,,,
1234471912049090,100064588783898,"Federação Paulista de Futebol - FPF","A terça-feira dos paulistas terminou assim! #PaulistasEmCampo",,0,"09/23/2025 19:38",N/A,https://www.facebook.com/futebolpaulista/posts/pfbid09nxuzpdQiqSoBBDATGUba5vgCUJjjS6WVv9AYGkEW2MN1tNhcXdX1NcYNX7rCzQJl,0,0,Fotos,,,,,Total,18485,13799,93,88,2,3,175,95,80,0,,,,,,
1234469988715949,100064588783898,"Federação Paulista de Futebol - FPF","TUDO IGUAL! 🤝
A Ferroviária buscou o empate no finalzinho pelo @brasileiraob! #PaulistasEmCampo 
📷 Luis Miguel Ferreira/Ferroviária",,0,"09/23/2025 19:35",N/A,https://www.facebook.com/futebolpaulista/posts/pfbid02c7q7X6gJpiFoQrSQdVfSg8he13fax2bEyvz8VX56tebTd14rwkhbScHXGVNonMXnl,0,0,Fotos,,,,,Total,33050,25311,115,108,1,6,211,136,75,0,,,,,,
1234399368723011,100064588783898,"Federação Paulista de Futebol - FPF","+3 PRO TIGRE! 🟡⚫
O Novorizontino segue firme na parte de cima da tabela do @brasileiraob! #PaulistasEmCampo 
📷 Ozzair Júnior/Novorizontino",,0,"09/23/2025 17:31",N/A,https://www.facebook.com/futebolpaulista/posts/pfbid0m6sYv1n7fdJpKMHT9A8rNN31rPQwd7SAjZuEhMHgZXE3MEk1uuPfUp5HoXd82niHl,0,0,Fotos,,,,,Total,87981,63952,538,479,41,18,1100,452,648,0,1,1,,,,
1234226485406966,100064588783898,"Federação Paulista de Futebol - FPF","FIQUE DE OLHO!
Outubro está chegando e, com ele, mais um ano da parceria da FPF com a Marque esse Gol e a Fundação Laço Rosa, que leva carretas para que torcedores e torcedoras do #FutebolPaulista realizem exames de mamografia. 
#OutubroRosa",,0,"09/23/2025 12:30",N/A,https://www.facebook.com/futebolpaulista/posts/pfbid03fbUMLimocAS11u9nhaS4H8bMxQQsYTLkX7RfpqwRjmMwgd3SQRnwiqxnzDn5e5Fl,0,0,Fotos,,,,,Total,4053,2900,42,37,0,5,12,7,5,0,,,,,,
1234209575408657,100064588783898,"Federação Paulista de Futebol - FPF","O KING E O TIGRE NO TOPO! 🦁🐯🔝
Reinaldo e Vitor Roque lideram o ranking de artilheiros paulistas no @brasileirao!
#PaulistasEmCampo",,0,"09/23/2025 12:00",N/A,https://www.facebook.com/futebolpaulista/posts/pfbid02uPqGkaNWcdp3bh41LjGYUAgrDmahQR4xVi2DxZg8s2ro51ejW5cVAU5BQjMSPdVgl,0,0,Fotos,,,,,Total,33968,24731,194,178,1,15,259,183,76,0,,,,,,
1234129462083335,100064588783898,"Federação Paulista de Futebol - FPF","VERDÃO NÃO PERDE HÁ 11 JOGOS! 🐷🔥
O Palmeiras não encontrou nenhuma derrota no @brasileirao desde que pisou em solo brasileiro pós Copa do Mundo de Clubes! 😮‍💨
#PaulistasEmCampo #Palmeiras",,0,"09/23/2025 10:00",N/A,https://www.facebook.com/futebolpaulista/posts/pfbid0336B4qeLK2HU43Fu6pvmqC9nwSXbxw4FPNMAR1aopJygZ53wZgnoYNdUnHPGiuaaSl,0,0,Fotos,,,,,Total,8101,5404,169,165,2,2,253,160,93,0,,,,,,
1234047082091573,100064588783898,"Federação Paulista de Futebol - FPF","DRIBLA, COMANDA E DEFENDE! 😮‍💨🔥
#SãoPaulo #PaulistasEmCampo","DRIBLA, COMANDA E DEFENDE! 😮‍💨🔥
#SãoPaulo #PaulistasEmCampo",23,"09/23/2025 08:00",uploaded,https://www.facebook.com/futebolpaulista/videos/4039176123002432/,0,0,Vídeos,,,,,Total,138515,124438,3769,3552,177,40,4367,,4367,0,,,,1208756.196,10.326,0
1233964472099834,100064588783898,"Federação Paulista de Futebol - FPF","TERÇA-FEIRA EM DOSE DUPLA! ✌️
Novorizontino e Ferroviária vão em busca dos três pontos no @brasileiraob!
#PaulistasEmCampo",,0,"09/23/2025 06:00",N/A,https://www.facebook.com/futebolpaulista/posts/pfbid0HPr2NzVaYqDEMZDuh9NJu5BNLumY6Dbmo7AHYr2qgFFT5EaKF4PDWFeQ1f2MxeJol,0,0,Fotos,,,,,Total,17875,12942,75,70,0,5,164,118,46,0,,,,,,
1233924585437156,100064588783898,"Federação Paulista de Futebol - FPF","Hoje é Dia Internacional das Línguas de Sinais! Por cada vez mais respeito e igualdade, porque comunicar-se é um direito universal! 
#FPF #DiaInternacionalDasLínguasDeSinais",,0,"09/23/2025 05:00",N/A,https://www.facebook.com/futebolpaulista/posts/pfbid0azrLDjWZsnzWR8ZLcjiJGGfbFio4AXA4Ln7k4Swbk6KxR7c548EGVaHc1aZVR8oXl,0,0,Fotos,,,,,Total,3848,2757,52,42,2,8,22,13,9,0,,,,,,
1233480652148216,100064588783898,"Federação Paulista de Futebol - FPF","TEM CLÁSSICO? CHAMA O AMADO! ⚽⚽⚽⚽⚽
#FutebolPaulista #Santos",,0,"09/22/2025 16:00",N/A,https://www.facebook.com/futebolpaulista/posts/pfbid023UTKqSqbgPh3y15EFSxLrtxeS3k3bBwizsS1wWozfJLkxwG9KKD71s1b55FEUWyZl,0,0,Fotos,,,,,Total,156369,114451,1231,1075,131,25,1807,582,1225,0,1,1,,,,
1233435515486063,100064588783898,"Federação Paulista de Futebol - FPF","Nada de novo na Vila Belmiro: a chuva cai e o @guilherme11 marca em um clássico 🤷‍♂️😮‍💨
#PaulistasEmCampo #Santos","Nada de novo na Vila Belmiro: a chuva cai e o @guilherme11 marca em um clássico 🤷‍♂️😮‍💨
#PaulistasEmCampo #Santos",25,"09/22/2025 14:34",uploaded,https://www.facebook.com/reel/1449371969629543/,1,0,Reels,,,,,Total,147326,142646,5714,5403,110,201,2322,,2322,0,,,,1302370.846,9.983,0
1233418862154395,100064588783898,"Federação Paulista de Futebol - FPF","É O LEÃO NO CAMPEONATO BRASILEIRO! 🦁🏠
Nenhuma derrota para o Mirassol em casa pelo @brasileirao!
#PaulistasEmCampo",,0,"09/22/2025 14:01",N/A,https://www.facebook.com/futebolpaulista/posts/pfbid0zdDgDaHVDWM21FhG9XSEbAWnVNkEfiLrXgdMS35HpcYdDtvhLUSV23FYrbwsuJgol,0,0,Fotos,,,,,Total,5586,3873,84,76,2,6,73,42,31,0,,,,,,
1233390118823936,100064588783898,"Federação Paulista de Futebol - FPF","A localização é na Baixada Santista, a camisa é alvinegra e a trilha é Charlie Brown Jr. Isso é um dia de San-São na Vila Belmiro! 🐳🏟️
#PaulistasEmCampo #Santos","A localização é na Baixada Santista, a camisa é alvinegra e a trilha é Charlie Brown Jr. Isso é um dia de San-São na Vila Belmiro! 🐳🏟️
#PaulistasEmCampo #Santos",63,"09/22/2025 13:20",N/A,https://www.facebook.com/reel/1777168489828829/,1,0,Reels,,,,,Total,4305,4625,159,150,1,8,62,,62,0,,,,20725.927,5.039,0
1233329282163353,100064588783898,"Federação Paulista de Futebol - FPF","É ELE ALI?! 👉🥶👈👀
A nova linha 16-Violeta do metrô de São Paulo vai ter uma estação chamada Abel Ferreira, mas não é o Abel que vocês estão pensando... o técnico do Palmeiras tem um homônimo - um engenheiro civil que contribuiu para o desenvolvimento da Zona Leste. Aprovaram o nome da estação, paulistanos? 😅
#FutebolPaulista",,0,"09/22/2025 12:00",N/A,https://www.facebook.com/futebolpaulista/posts/pfbid0BRDHvVKp4aHojrsX8hZKZhxxfn4zYLzMxhAKbz1XgbbQ7SCVbraoTT9TMiko3QHBl,0,0,Fotos,,,,,Total,14126,9031,184,153,23,8,879,420,459,0,1,,,,,
1233294838833464,100064588783898,"Federação Paulista de Futebol - FPF","METADE DA SEGUNDA FASE JÁ FOI! 😮‍💨
O Futebol Paulista segue firme em busca do acesso na #SérieC!
#PaulistasEmCampo",,0,"09/22/2025 11:00",N/A,https://www.facebook.com/futebolpaulista/posts/pfbid0Lhcq9eAivbuEADs6cz5LPu8DyyhiNG4q8oQtbSzEWDQZ1AL2RQ7QiuFPyvHNMi4Tl,0,0,Fotos,,,,,Total,103954,68795,670,580,67,23,2969,857,2112,0,,,,,,
1233258825503732,100064588783898,"Federação Paulista de Futebol - FPF","TIGRE NA ZONA DE CLASSIFICAÇÃO! 🐯
O Novorizontino segue buscando se manter no G4 do @brasileiraob!
#PaulistasEmCampo",,0,"09/22/2025 10:00",N/A,https://www.facebook.com/futebolpaulista/posts/pfbid0279CKYF4a9DkDYxonSyeiYXxokjKbArk13VkfAMEt4YKZ5yc8PxwPmtxPag3wkJn9l,0,0,Fotos,,,,,Total,229035,161366,752,688,54,10,4037,2210,1827,0,1,2,,,,
1233184148844533,100064588783898,"Federação Paulista de Futebol - FPF","PORCO E LEÃO NO G4! 🐷🦁🔥
Assim ficou a classificação do @brasileirao ao fim da 24ª rodada! Como está o seu time na tabela? 
#PaulistasEmCampo",,0,"09/22/2025 08:00",N/A,https://www.facebook.com/futebolpaulista/posts/pfbid0pp8Fri11Ko8bwnVyFAWfKtu7k28gN47b3LbLUh6X4UpZ6Ldk7T7igSjwNgqNUzYgl,0,0,Fotos,,,,,Total,35925,24933,261,239,11,11,555,329,226,0,,,,,,
1233025978860350,100064588783898,"Federação Paulista de Futebol - FPF","FELIZ ANIVERSÁRIO, FENÔMENO!
Campeão paulista e bicampeão do mundo com a Seleção Brasileira, Ronaldo completa 49 anos!
#FutebolPaulista #Aniversário",,0,"09/22/2025 04:00",N/A,https://www.facebook.com/futebolpaulista/posts/pfbid0iEsb3xagYfsajMbRGAF45HxA4yYSPHVXHEKs1iPu82bpvtkzEhFKes4VYx7C7mJzl,0,0,Fotos,,,,,Total,15351,11019,138,121,14,3,300,231,69,0,1,,,,,
1232701042226177,100064588783898,"Federação Paulista de Futebol - FPF","É O AMADO!🌧️⚽️
QUE NOITE DO PEIXÃO NA VILA!
#FutebolPaulista #PaulistasEmCampo
📷Diego Soares/Ag. Paulistão",,0,"09/21/2025 18:48",N/A,https://www.facebook.com/futebolpaulista/posts/pfbid0qC5QND4c5vo7B8jhUqMajseam354kpfpWEXxPPk2YCCMmvCpLGaLx11MtAcNvEWHl,0,0,Fotos,,,,,Total,100250,66928,3739,3522,146,71,2060,656,1404,0,3,1,,,,
1232695382226743,100064588783898,"Federação Paulista de Futebol - FPF","O domingão do #FutebolPaulista terminou assim! Como foi o desempenho do seu time? 👀
#FutebolPaulista #PaulistasEmCampo",,0,"09/21/2025 18:40",N/A,https://www.facebook.com/futebolpaulista/posts/pfbid02z2pMAWeKMEsDAGWoeKD71PUTnFVm4giyG6bZmkAwt3wi2nuAeeDZke7EPzuosTt4l,0,0,Fotos,,,,,Total,50379,34933,239,215,17,7,471,268,203,0,,,,,,
1232692895560325,100064588783898,"Federação Paulista de Futebol - FPF","Massa Bruta começa bem, mas sofre a virada no Mineirão!
#FutebolPaulista #PaulistasEmCampo
📷Ari Ferreira/Red Bull Bragantino",,0,"09/21/2025 18:36",N/A,https://www.facebook.com/futebolpaulista/posts/pfbid02pVtN2QRP1p5quixwGne1XtAebWaakmYsGK12fxyfQfJXxAX68xMWPN5K89uxpxGAl,0,0,Fotos,,,,,Total,39545,28544,385,341,39,5,537,180,357,0,1,1,,,,
1232690818893866,100064588783898,"Federação Paulista de Futebol - FPF","SAN-SÃO ALVINEGRO!
PEIXÃO VENCE O CLÁSSICO NA VILA BELMIRO!
#FutebolPaulista #PaulistasEmCampo
📷Diego Soares/Ag. Paulistão",,0,"09/21/2025 18:33",N/A,https://www.facebook.com/futebolpaulista/posts/pfbid0aj8BfKBvMKsNoj6w8sDPnde5myDJKTUcNBoPEhibfHhU174RiG2TZ9WiMHUS4ErBl,0,0,Fotos,,,,,Total,84300,58326,2278,2123,103,52,1341,508,833,0,3,,,,,
1232674072228874,100064588783898,"Federação Paulista de Futebol - FPF","É O AMADO DA VILA!⚽
#FutebolPaulista #PaulistasEmCampo
📷Diego Soares/Ag. Paulistão",,0,"09/21/2025 18:03",N/A,https://www.facebook.com/futebolpaulista/posts/pfbid032Mum8StdaoNV7gwApTJA82gi5N83y5irFNLW9wnzKttzEYQPxEeXrTU6r7C7B32fl,0,0,Fotos,,,,,Total,6073,4349,110,103,6,1,95,19,76,0,,,,,,
1232671282229153,100064588783898,"Federação Paulista de Futebol - FPF","GUILHERME ABRE O PLACAR NA VILA! ⚽️🔥
@guilherme11 coloca o Peixão na vantagem no clássico! 
#PaulistasEmCampo #Santos #Guilherme","GUILHERME ABRE O PLACAR NA VILA! ⚽️🔥
@guilherme11 coloca o Peixão na vantagem no clássico! 
#PaulistasEmCampo #Santos #Guilherme",65,"09/21/2025 17:58",N/A,https://www.facebook.com/reel/1831367964482253/,1,0,Reels,,,,,Total,45001,44398,2276,2180,58,38,1622,,1622,0,,,,538519.065,12.79,0
1232668968896051,100064588783898,"Federação Paulista de Futebol - FPF","O GOL DA VITÓRIA DO BUGRE!🏹💚
Diego Torres caprichou na batida e garantiu os três pontos do Guarani na Série C!
#FutebolPaulista #PaulistasEmCampo
🎥Guarani","O GOL DA VITÓRIA DO BUGRE!🏹💚
Diego Torres caprichou na batida e garantiu os três pontos do Guarani na Série C!
#FutebolPaulista #PaulistasEmCampo
🎥Guarani",41,"09/21/2025 17:54",N/A,https://www.facebook.com/futebolpaulista/videos/762110180003129/,0,0,Vídeos,,,,,Total,7310,7670,223,205,13,5,272,,272,0,,,,64970.667,9.45,0
1232656488897299,100064588783898,"Federação Paulista de Futebol - FPF","PLACAR ZERADO NO PRIMEIRO TEMPO DO SAN-SÃO NA VILA BELMIRO!
#FutebolPaulista #PaulistasEmCampo
📷Diego Soares/Ag. Paulistão",,0,"09/21/2025 17:36",N/A,https://www.facebook.com/futebolpaulista/posts/pfbid0wbVziiZDJrxrxN618cdT5e9Cet94BUb7YCkkyEvz2oYT5WKL2GPdQv2TzEstRKr1l,0,0,Fotos,,,,,Total,19788,14202,140,135,5,0,283,141,142,0,,1,,,,
1232652422231039,100064588783898,"Federação Paulista de Futebol - FPF","MADE IN COTIA!
No SAN-SÃO, o volante Luan iniciou uma partida como capitão do Tricolor pela primeira vez!
#FutebolPaulista #PaulistasEmCampo
📷Rubens Chiri/São Paulo FC",,0,"09/21/2025 17:28",N/A,https://www.facebook.com/futebolpaulista/posts/pfbid0i9da7Tzbpk2ApAeiGxbf4Sd1w3tUVoxPYvuTzMxpfAfJFPL6rev7MQZkfehMMjTdl,0,0,Fotos,,,,,Total,50149,35413,678,658,16,4,511,258,253,0,,1,,,,
1232649972231284,100064588783898,"Federação Paulista de Futebol - FPF","QUE GOLAÇO!
Jhon Jhon mandou na gaveta e abriu o placar para o Red Bull Bragantino no Mineirão!
#FutebolPaulista #PaulistasEmCampo
🎥Premiere","QUE GOLAÇO!
Jhon Jhon mandou na gaveta e abriu o placar para o Red Bull Bragantino no Mineirão!
#FutebolPaulista #PaulistasEmCampo
🎥Premiere",14,"09/21/2025 17:23",mixed,https://www.facebook.com/futebolpaulista/videos/632128993102202/,0,0,Vídeos,,,,,Total,36778,30779,473,463,5,5,935,,935,0,,,,221373.729,7.687,0
1232647202231561,100064588783898,"Federação Paulista de Futebol - FPF","VITÓRIA DO BUGRÃO!🏹💚
Guarani vence em casa e segue firme em busca do acesso na Série C!
#FutebolPaulista #PaulistasEmCampo
📷Raphael Silvestre/Guarani FC",,0,"09/21/2025 17:18",N/A,https://www.facebook.com/futebolpaulista/posts/pfbid0RhF7nMN8oUNZzbDDmraSmp2oaa7qb7SurnauNFZpiduUGp4HCHkRwQQKk7YDJbZ3l,0,0,Fotos,,,,,Total,76322,53270,980,842,124,14,1610,381,1229,0,1,4,,,,
1232595122236769,100064588783898,"Federação Paulista de Futebol - FPF","Corinthians é superado na Ilha do Retiro!
#FutebolPaulista #PaulistasEmCampo
📷Paulo Paiva/Sport Recife",,0,"09/21/2025 15:41",N/A,https://www.facebook.com/futebolpaulista/posts/pfbid0zD5pcnVJ3pHL4nopRp63EeZs6zpECp1sLiuL1KDayNh8a2LKLxh7sPPcfaK97614l,0,0,Fotos,,,,,Total,137865,96674,1253,1001,222,30,2110,607,1503,0,3,2,,,,
1232557772240504,100064588783898,"Federação Paulista de Futebol - FPF","São Bernardo soma mais um ponto em busca do acesso na Série C!
#FutebolPaulista #PaulistasEmCampo
📷Davi Rocha/Divulgação/São Bernardo",,0,"09/21/2025 14:29",N/A,https://www.facebook.com/futebolpaulista/posts/pfbid02jGigo2v7hdSKP2s6NAm4mT2PVZDQQ614YMg1mTaqga3VEckWem1ucvDxS3rNZFo3l,0,0,Fotos,,,,,Total,21648,16035,120,99,17,4,362,88,274,0,1,,,,,
1232544355575179,100064588783898,"Federação Paulista de Futebol - FPF","NINGUÉM SEGURA O MIRASSOL!
Coloca mais três pontos na conta do Leão!
#FutebolPaulista #PaulistasEmCampo
📷JP Pinheiro/Agência Mirassol",,0,"09/21/2025 14:04",N/A,https://www.facebook.com/futebolpaulista/posts/pfbid0rgF6qMBtQhePzJ7nyPSHzaCT5giVcZHVH8pgY6RjZHbJ8yKGLFFbPZW6JKoPSnUWl,0,0,Fotos,,,,,Total,198331,143398,2907,2654,178,75,3028,1141,1887,0,3,3,,,,
1232527828910165,100064588783898,"Federação Paulista de Futebol - FPF","UM FOGUETE!
O Cristian tinha acabado de entrar no jogo e fez esse belo para o Mirassol!
#FutebolPaulista #PaulistasEmCampo #Mirassol
🎥Premiere","UM FOGUETE!
O Cristian tinha acabado de entrar no jogo e fez esse belo para o Mirassol!
#FutebolPaulista #PaulistasEmCampo #Mirassol
🎥Premiere",16,"09/21/2025 13:30",mixed,https://www.facebook.com/futebolpaulista/videos/1893096607934083/,0,0,Vídeos,,,,,Total,90619,79163,904,872,22,10,2446,,2445,0,,,1,606345.861,8.291,0
1232439405585674,100064588783898,"Federação Paulista de Futebol - FPF","VAMOS, SÃO PAULO! 🇾🇪
O Tricolor vai em busca da vitória fora de casa no @brasileirao!
#PaulistasEmCampo",,0,"09/21/2025 11:00",N/A,https://www.facebook.com/futebolpaulista/posts/pfbid0EagkUCvHZhe9nqv9uyZwSFzz8FvYCNk5pYcnvpLNLBGHA8os1Dt6f5VhMz2KeSeGl,0,0,Fotos,,,,,Total,20524,15070,196,168,24,4,249,118,131,0,,,,,,
1232395458923402,100064588783898,"Federação Paulista de Futebol - FPF","PRA CIMA DELES, SANTOS!
Hoje é dia de Peixão na Vila Belmiro! Algum palpite, torcedor?
#PaulistasEmCampo",,0,"09/21/2025 10:00",N/A,https://www.facebook.com/futebolpaulista/posts/pfbid02mK6wkj3p41ewewmnj8HegUWqJdHdUoHuuRhM2Cu7siPUFh8NfBcTwGCw15RxQJk5l,0,0,Fotos,,,,,Total,33789,24563,295,257,33,5,371,191,180,0,1,1,,,,
1232299578932990,100064588783898,"Federação Paulista de Futebol - FPF","⚽⚽⚽⚽QUE NOITE DO VERDÃO NO ALLIANZ PARQUE!🐷💚
#FutebolPaulista #PaulistasEmCampo #Palmeiras
🎥 @palmeiras","⚽⚽⚽⚽QUE NOITE DO VERDÃO NO ALLIANZ PARQUE!🐷💚
#FutebolPaulista #PaulistasEmCampo #Palmeiras
🎥 @palmeiras",79,"09/21/2025 08:00",N/A,https://www.facebook.com/futebolpaulista/videos/1137786708301427/,0,0,Vídeos,,,,,Total,4804,4827,277,268,5,4,95,,95,0,,,,35808.917,7.776,0
1232271518935796,100064588783898,"Federação Paulista de Futebol - FPF","VOCÊ NÃO ESTÁ SOZINHO! 💛
O Raphael Veiga entrou com a camisa 188, número do CVV (Centro de Valorização da Vida), por causa do Setembro Amarelo. Se precisar de ajuda, ligue.
#PaulistasEmCampo
📷 César Greco/Palmeiras",,0,"09/21/2025 07:30",N/A,https://www.facebook.com/futebolpaulista/posts/pfbid02Tvf4wHpuVH48z2PT8ZVbp5vr5Cxrzq5K2cJhwFmrPJizUNdgDPdL8hjis5qHhqrbl,0,0,Fotos,,,,,Total,27751,18915,843,792,29,22,346,128,218,0,1,1,,,,
1232245242271757,100064588783898,"Federação Paulista de Futebol - FPF","DIA HISTÓRICO!
Há um ano, Memphis Depay fazia sua estreia pelo Timão sobre o Atlético Goianiense, no @brasileirao. O craque foi muito bem recebido pela Fiel e levou uma vitória por 3 a 0 pra casa!
#FutebolPaulista #PaulistasEmCampo #MemphisDepay","DIA HISTÓRICO!
Há um ano, Memphis Depay fazia sua estreia pelo Timão sobre o Atlético Goianiense, no @brasileirao. O craque foi muito bem recebido pela Fiel e levou uma vitória por 3 a 0 pra casa!
#FutebolPaulista #PaulistasEmCampo #MemphisDepay",89,"09/21/2025 07:01",N/A,https://www.facebook.com/futebolpaulista/videos/2197484770717435/,0,0,Vídeos,,,,,Total,4256,4307,169,164,2,3,94,,94,0,,,,32809.117,8.079,0
1232159195613695,100064588783898,"Federação Paulista de Futebol - FPF","DOMINGO, QUERO TE ENCONTRAR!
E assistir todos os #PaulistasEmCampo! Não vai faltar emoção por aqui 🤩",,0,"09/21/2025 05:00",N/A,https://www.facebook.com/futebolpaulista/posts/pfbid02SBrccECvbrRCX6C91K9oMMx2TXNXgWXNxpv2nEaFRAwyeQRB8pUbGGJyQWPZPc8Cl,0,0,Fotos,,,,,Total,36407,26118,257,236,10,11,450,317,133,0,,,,,,
1232118175617797,100064588783898,"Federação Paulista de Futebol - FPF","Hoje é dia de celebrar o Dia Nacional de Luta da Pessoa com Deficiência. Por mais igualdade e inclusão sempre!
#DIaNacionaldaLutadaPessoacomDeficiencia",,0,"09/21/2025 04:00",N/A,https://www.facebook.com/futebolpaulista/posts/pfbid0dToksnpTGjtkRvwKhoUauVnum1Q8drTfmCBJv9E9gMRtoQ3ZaMKUWJdBUaFb7jrLl,0,0,Fotos,,,,,Total,3921,2667,60,46,2,12,18,12,6,0,,,,,,
1231822752314006,100064588783898,"Federação Paulista de Futebol - FPF","VEM CONFERIR OS RESULTADOS!
Olha só o bonde do sabadão passando na sua timeline.
#PaulistasEmCampo",,0,"09/20/2025 20:28",N/A,https://www.facebook.com/futebolpaulista/posts/pfbid02cn444oCKutwUdWQaKSF2A6rJ7KwMKDpyQdqpDVKK7qVYgBpT4bcXCXUEfhMweN1rl,0,0,Fotos,,,,,Total,146036,100131,454,425,17,12,1965,1303,662,0,3,2,,,,
1231687968994151,100064588783898,"Federação Paulista de Futebol - FPF","TUDO IGUAL!
Avaí e Ferroviária ficam no empate no @brasileiraob.
#PaulistasEmCampo
📷Luis Miguel Ferreira/Ferroviária SAF",,0,"09/20/2025 16:34",N/A,https://www.facebook.com/futebolpaulista/posts/pfbid06ntDomaeuACWq99czgULv9AH8YrT63q8bjFAFg31kA8Y5FsnaGwpU9sWVNssPX9bl,0,0,Fotos,,,,,Total,30448,22372,111,104,0,7,211,140,71,0,,,,,,
1231684892327792,100064588783898,"Federação Paulista de Futebol - FPF","FAZ TEU NOME, GUTIGOL!
No jogo de logo mais, diante do Fortaleza, a equipe masculina do Palmeiras entrará com uma homenagem à Amanda Gutierres, que está concorrendo à Bola de Ouro.
#PaulistasEmCampo
📷 Donnay Medeiros/Palmeiras",,0,"09/20/2025 16:29",N/A,https://www.facebook.com/futebolpaulista/posts/pfbid0rKGwLSHAAKFEnjNZrSNcEUKyoDA19z2SQWRhzZdXUHp82LBuLXs5VywakDoKJZ4Fl,0,0,Fotos,,,,,Total,6541,4267,183,164,18,1,132,83,49,0,,,,,,
1231646018998346,100064588783898,"Federação Paulista de Futebol - FPF","VITÓRIA DA MACACA!
A Ponte Preta volta para Campinas com três pontos na mala.
#PaulistasEmCampo
📷 Gabriel França/CNC",,0,"09/20/2025 15:19",N/A,https://www.facebook.com/futebolpaulista/posts/pfbid0DaNJ3ytdpHHuuzE2UmtxgKzArbD9GRkq87NQy6BHVLJp3n9ha9pzqALfZ5Vdhk7Sl,0,0,Fotos,,,,,Total,51806,34920,973,872,77,24,1423,334,1089,0,1,2,,,,
1231644445665170,100064588783898,"Federação Paulista de Futebol - FPF","VANTAGEM DO MANDANTE!
O Grêmio Prudente saiu na frente na semifinal da Copa Paulista Sicredi.
#CopaPaulistaSicredi
📷 Murilo Aguilar/Grêmio Prudente",,0,"09/20/2025 15:16",N/A,https://www.facebook.com/futebolpaulista/posts/pfbid02PRD14sMM8ZL74JY3mz7C4JZmE8kWYdGvAmvt26jsCnDYq2cysvav3HJnx7GWxCGSl,0,0,Fotos,,,,,Total,21214,14452,309,241,58,10,587,136,451,0,1,,,,,
1231606735668941,100064588783898,"Federação Paulista de Futebol - FPF","A Inter de Limeira se despede da Série D. 
#PaulistasEmCampo
📷 Diego Soares/Ag. Paulistão",,0,"09/20/2025 14:03",N/A,https://www.facebook.com/futebolpaulista/posts/pfbid02RT3cYnMGgXWRcRWMZhVRVSv8bRcEB67mvvbBePwVk6yCoevfXU2mR3KxgrFabXGLl,0,0,Fotos,,,,,Total,161437,107552,728,606,107,15,5586,1229,4357,0,1,,,,,
1231378945691720,100064588783898,"Federação Paulista de Futebol - FPF","VAMOS, LEÃO!
Hoje é dia de buscar a virada em casa.
#PaulistasEmCampo #SérieD",,0,"09/20/2025 08:00",N/A,https://www.facebook.com/futebolpaulista/posts/pfbid0MzKSRW3fmXxmVK1i7Z4sVe4dQceomoorcdhxN7gVU69xpYtpsZRkwoKQSjgFkaYHl,0,0,Fotos,,,,,Total,21642,15927,106,93,12,1,201,86,115,0,,,,,,
1231332692363012,100064588783898,"Federação Paulista de Futebol - FPF","O Primavera visita o Grêmio Prudente para o primeiro jogo da semifinal. Quem garante a vaga na final, torcedor?
#CopaPaulistaSicredi",,0,"09/20/2025 07:00",N/A,https://www.facebook.com/futebolpaulista/posts/pfbid02fc25ixSqfiKuER1mQDtgZCTwUDsaLqqYYE9yNujXhf2hHrg1uyuBfyJShLuY6Sbl,0,0,Fotos,,,,,Total,18243,12969,163,112,45,6,264,74,190,0,,,,,,
1231290409033907,100064588783898,"Federação Paulista de Futebol - FPF","Todo mundo espera alguma coisa de um sábado de #FutebolPaulista! Vem conferir tudo que vai rolar hoje.
#PaulistasEmCampo",,0,"09/20/2025 06:00",N/A,https://www.facebook.com/futebolpaulista/posts/pfbid02ajtTsWaBRAj3TqR6z2MrRgr5RpAvXqDzk44EGUJHwmTSVDVndX44NdGqbnKdDjYvl,0,0,Fotos,,,,,Total,17383,12621,121,108,4,9,170,105,65,0,,1,,,,
1230865369076411,100064588783898,"Federação Paulista de Futebol - FPF","PARA EMPATAR!
Bora conferir o gol do Nhô Quim que deixou tudo igual na semifinal da #CopaPaulistaSicredi 👀","PARA EMPATAR!
Bora conferir o gol do Nhô Quim que deixou tudo igual na semifinal da #CopaPaulistaSicredi 👀",33,"09/19/2025 18:18",mixed,https://www.facebook.com/reel/771831015760238/,1,0,Reels,,,,,Total,24944,22609,305,261,34,10,913,,913,0,,,,275343.17,12.541,0
1230861962410085,100064588783898,"Federação Paulista de Futebol - FPF","TUDO IGUAL!
Com dois gols de pênalti, Comercial e XV de Piracicaba ficam no empate na primeira semifinal da Copa Paulista Sicredi.
#CopaPaulistaSicredi
📷 Bárbara Pires/Comercial FC",,0,"09/19/2025 18:12",N/A,https://www.facebook.com/futebolpaulista/posts/pfbid047NKFwCV4ceQEVmrdkFijPj1VCZAUQjhQaKaCY3ENc1sjV3p3HkLfhruKgyaVQXrl,0,0,Fotos,,,,,Total,96174,64498,822,645,149,28,2357,615,1742,0,1,,,,,
1230835932412688,100064588783898,"Federação Paulista de Futebol - FPF","MANDANTE NA VANTAGEM!
De pênalti, o Comercial sai na frente na semifinal da Copa Paulista Sicredi.
#CopaPaulistaSicredi","MANDANTE NA VANTAGEM!
De pênalti, o Comercial sai na frente na semifinal da Copa Paulista Sicredi.
#CopaPaulistaSicredi",38,"09/19/2025 17:29",N/A,https://www.facebook.com/futebolpaulista/videos/1512148130231382/,0,0,Vídeos,,,,,Total,33787,33151,495,397,85,13,1856,,1856,0,,,,375149.09,12.254,0
1230831465746468,100064588783898,"Federação Paulista de Futebol - FPF","FOI NA EMOÇÃO!
Com gol nos acréscimos do segundo tempo, o Novorizontino garantiu mais três pontos no @brasileiraob.
#PaulistasEmCampo
📷 Higor Basso / Novorizontino",,0,"09/19/2025 17:23",N/A,https://www.facebook.com/futebolpaulista/posts/pfbid031jDUWMJMejbRYwWoPTjiHtZdrfM6R7maqZW4zS1tVnWHFa1vVZAK633hYkXpd9eyl,0,0,Fotos,,,,,Total,45918,34228,265,241,15,9,699,339,360,0,,1,,,,
1230816842414597,100064588783898,"Federação Paulista de Futebol - FPF","O PRIMEIRO DESAFIO!
O técnico Roberval Davino, do Comercial, pediu o desafio de vídeo para um lance de pênalti. E, após revisão, o árbitro Fabiano Monteiro dos Santos assinalou a penalidade. Vem conferir esse momento histórico do #FutebolPaulista.","O PRIMEIRO DESAFIO!
O técnico Roberval Davino, do Comercial, pediu o desafio de vídeo para um lance de pênalti. E, após revisão, o árbitro Fabiano Monteiro dos Santos assinalou a penalidade. Vem conferir esse momento histórico do #FutebolPaulista.",134,"09/19/2025 16:57",N/A,https://www.facebook.com/reel/812444551342918/,1,0,Reels,,,,,Total,14470,14315,145,128,15,2,775,,775,0,,,,304329.25,22.854,0
1230737405755874,100064588783898,"Federação Paulista de Futebol - FPF","CHEGADA EM ESTILO!
O @xvpiracicaba chegou para o primeiro jogo da semifinal da Copa Paulista Sicredi daquele jeito com a @viacaocometa.oficial 🔥
#CopaPaulistaSicredi","CHEGADA EM ESTILO!
O @xvpiracicaba chegou para o primeiro jogo da semifinal da Copa Paulista Sicredi daquele jeito com a @viacaocometa.oficial 🔥
#CopaPaulistaSicredi",38,"09/19/2025 14:55",uploaded,https://www.facebook.com/reel/2601113230225421/,1,0,Reels,,,,,Total,10968,10058,195,167,20,8,324,,324,0,,,,95858.993,9.432,0
1230558455773769,100064588783898,"Federação Paulista de Futebol - FPF","JÁ PENSOU NESSES ENCONTROS?
Com a ajuda da Inteligência Artificial, juntamos jogadores que marcaram época nos seus clubes. Queriam ver alguma dupla jogando junta? 👀
#FutebolPaulista",,0,"09/19/2025 10:00",N/A,https://www.facebook.com/futebolpaulista/posts/pfbid02v9BvHoMwLeEQHgXEJZH1JUZk2BYbY8HrQkhGwikmTwTxCDSYVHexNJ11Dga4cuRXl,0,0,Fotos,,,,,Total,133123,77809,444,369,51,24,14059,9632,4427,0,,3,,,,
1230519665777648,100064588783898,"Federação Paulista de Futebol - FPF","O Comercial recebe o XV de Piracicaba para o primeiro jogo da semifinal da Copa Paulista Sicredi. Quem consegue a vantagem, torcedor?
#CopaPaulistaSicredi",,0,"09/19/2025 09:00",N/A,https://www.facebook.com/futebolpaulista/posts/pfbid0vsEe93qLCCAGjArLKn1bsD272UGtMSJx9uNjW16QNeoVgKPzK2pnTgtTUhLQ2XYSl,0,0,Fotos,,,,,Total,20198,14595,147,106,33,8,399,129,270,0,,1,,,,
1230440865785528,100064588783898,"Federação Paulista de Futebol - FPF","VOCÊ SABE O QUE É O DESAFIO DE VÍDEO?
Vem entender um pouco mais sobre a nova tecnologia implementada pela Federação Paulista de Futebol, que vai ser utilizada nas semifinais da Copa Paulista Sicredi!
#FPF #CopaPaulistaSicredi","VOCÊ SABE O QUE É O DESAFIO DE VÍDEO?
Vem entender um pouco mais sobre a nova tecnologia implementada pela Federação Paulista de Futebol, que vai ser utilizada nas semifinais da Copa Paulista Sicredi!
#FPF #CopaPaulistaSicredi",80,"09/19/2025 07:01",auto,https://www.facebook.com/reel/1101797308730631/,0,0,Reels,,,,,Total,2113,2216,13,11,0,2,3,,3,0,,,,3510.954,1.723,0
1230400969122851,100064588783898,"Federação Paulista de Futebol - FPF","PARA CIMA, TIGRE! 🐯🔥
O @oficialnovorizontino quer embalar mais uma vitória no @brasileiraob e vai contar com o apoio da sua torcida!
#PaulistasEmCampo",,0,"09/19/2025 06:00",N/A,https://www.facebook.com/futebolpaulista/posts/pfbid0p7cFQHMX4LzTv6gzoohoDPWwJYEZqGTMNz12NL8YF11xrXTXTumrnNUTjQ4YPEEjl,0,0,Fotos,,,,,Total,35158,25943,92,83,6,3,253,165,88,0,1,1,,,,
1229936332502648,100064588783898,"Federação Paulista de Futebol - FPF","A quinta-feira terminou assim para o Futebol Paulista!
#FutebolPaulista #PaulistasEmCampo",,0,"09/18/2025 17:12",N/A,https://www.facebook.com/futebolpaulista/posts/pfbid02daU7CAbeJx9GW65k8qGtVXjUBAS8DJcEHuaSdmip3s8xcEcobFhA6tTWsCCdpqs8l,0,0,Fotos,,,,,Total,26400,19627,200,177,16,7,264,120,144,0,,,,,,
1229934395836175,100064588783898,"Federação Paulista de Futebol - FPF","Botafogo busca o empate e soma mais um ponto no @brasileiraob!
#FutebolPaulista #PaulistasEmCampo
📷João Victor Menezes de Souza/Agência Botafogo",,0,"09/18/2025 17:08",N/A,https://www.facebook.com/futebolpaulista/posts/pfbid0RAZDDQHTvtLy3BvqvRPEz9KfBgqQt7ALiH5fhJ1XdgGz9CC8mGyk445Bqn66Jm2Bl,0,0,Fotos,,,,,Total,24209,17669,121,88,31,2,352,113,239,0,,,,,,
1229927352503546,100064588783898,"Federação Paulista de Futebol - FPF","São Paulo é superado no Equador e agora vai buscar a virada no MorumBIS para avançar na @libertadoresbr!
#FutebolPaulista #PaulistasEmCampo
📷CONMEBOL",,0,"09/18/2025 16:56",N/A,https://www.facebook.com/futebolpaulista/posts/pfbid0KpcnpEM5DUsd4p54EVLRxL4FrbfbgqF56nRKA3yYNCjXtxFsyUCcZ8vsaKztonxSl,0,0,Fotos,,,,,Total,224595,165285,1717,1264,391,62,3704,1225,2479,0,7,,,,,
1229857742510507,100064588783898,"Federação Paulista de Futebol - FPF","O MAIS VENCEDOR DA HISTÓRIA DA LIBERTADORES! 🌟🐷❤️‍🔥
Nenhum jogador venceu mais partidas na @libertadoresbr que o goleiro do Palmeiras... @weverton010, você é gigantesco!
#PaulistasEmCampo #Palmeiras",,0,"09/18/2025 15:00",N/A,https://www.facebook.com/futebolpaulista/posts/pfbid02a3opP8athzYNAPhkumZBS2i24mkT2nMobYyD54oqwo7ZgbtkqxCxK2tfHQPVDJL8l,0,0,Fotos,,,,,Total,89739,63425,2479,2172,272,35,1416,666,750,0,7,6,,,,
1229827045846910,100064588783898,"Federação Paulista de Futebol - FPF","AS SEMIFINAIS VÃO COMEÇAR! 
Se liga nos horários e onde assistir aos jogos da #CopaPaulistaSicredi!",,0,"09/18/2025 14:00",N/A,https://www.facebook.com/futebolpaulista/posts/pfbid02ZUwEA8QjGTX4cniyLe2N8FfTutCZDLHMJhjVeaX3U5dhotBVzQRgH5hdjzRMmc2ol,0,0,Fotos,,,,,Total,15891,11373,128,88,30,10,255,98,157,0,,,,,,
1229810302515251,100064588783898,"Federação Paulista de Futebol - FPF","VISITANTE INDIGESTO! 🏠🤪
Será que já tem time colocando a vassoura atrás da porta do estádio antes de receber o Palmeiras? O Verdão é a equipe que mais venceu fora de casa nesse ano!
#PaulistasEmCampo #Palmeiras",,0,"09/18/2025 13:30",N/A,https://www.facebook.com/futebolpaulista/posts/pfbid02g6GDoVXfqojFiuHx37LmowwFzADgPSwvwJ6iMvMK6S5qDaEt94sNsLUbLCWExoT4l,0,0,Fotos,,,,,Total,258438,185786,4317,3536,531,250,3544,1561,1983,0,11,3,,,,
1229793592516922,100064588783898,"Federação Paulista de Futebol - FPF","TRICOLOR PRONTO PARA MAIS UMA NOITE DE LIBERTADORES! 🏟️🇾🇪
O elenco do São Paulo está preparado para o confronto de hoje rumo à Glória Eterna!
#PaulistasEmCampo #SãoPaulo",,0,"09/18/2025 13:00",N/A,https://www.facebook.com/futebolpaulista/posts/pfbid02RH7BH72gMw86j1gpthwDHfGENmMoB1gWgdrcucz7tWLsg27jTE9wCMjhZy8ZLBTol,0,0,Fotos,,,,,Total,99540,72483,1769,1610,134,25,1022,516,506,0,5,4,,,,
1229761312520150,100064588783898,"Federação Paulista de Futebol - FPF","200 VITÓRIAS DE ABEL FERREIRA! 🌟🐷
Ao bater o River Plate na Argentina, Abel alcançou a marca de 200 vitórias pelo Palmeiras e é o 4º técnico mais vencedor da história do clube!
#PaulistasEmCampo #Palmeiras",,0,"09/18/2025 12:00",N/A,https://www.facebook.com/futebolpaulista/posts/pfbid0ANGpKQBa2omGNWVnFFFDU6v7J4L7SLJmHo8pz2muxkVoZVQTy3ac6AJU9G9Zyzsyl,0,0,Fotos,,,,,Total,44885,31874,1185,1020,128,37,627,237,390,0,2,1,,,,
1229745005855114,100064588783898,"Federação Paulista de Futebol - FPF","PRECISANDO GOLEAR? CHAMA O LEÃO! 🦁⚽💪
O Mirassol é dono do segundo melhor ataque do @brasileirao!
#PaulistasEmCampo #Mirassol",,0,"09/18/2025 11:30",N/A,https://www.facebook.com/futebolpaulista/posts/pfbid02UbD1dbcFN2P1fpBQsEqtinVKfzEWC4X8wKBivj75o588gfqptAcEnAs7KiGNrFLnl,0,0,Fotos,,,,,Total,81052,54350,1942,1752,118,72,1213,301,912,0,1,2,,,,
1229715959191352,100064588783898,"Federação Paulista de Futebol - FPF","VEJA O DESAFIO DE VÍDEO EM AÇÃO! 👀
A Federação Paulista de Futebol realizou o primeiro teste do desafio de vídeo em um amistoso na categoria Sub-20 entre São Paulo e Ska Brasil. Vem ver como a ferramenta foi utilizada durante o jogo!
#FPF #FutebolPaulista","VEJA O DESAFIO DE VÍDEO EM AÇÃO! 👀
A Federação Paulista de Futebol realizou o primeiro teste do desafio de vídeo em um amistoso na categoria Sub-20 entre São Paulo e Ska Brasil. Vem ver como a ferramenta foi utilizada durante o jogo!
#FPF #FutebolPaulista",68,"09/18/2025 10:41",uploaded,https://www.facebook.com/reel/1671358803533523/,1,0,Reels,,,,,Total,2885,2843,33,26,4,3,28,,28,0,,,,15580.398,5.64,0
1229531399209808,100064588783898,"Federação Paulista de Futebol - FPF","QUINTA TRICOLOR! 🇾🇪👀
O São Paulo vai até Quito em busca de uma vantagem na @libertadoresbr, enquanto o Pantera quer os três pontos no @brasileiraob!
#PaulistasEmCampo",,0,"09/18/2025 06:00",N/A,https://www.facebook.com/futebolpaulista/posts/pfbid02qnNH6d9gAN3sZNAs5SXuF5i8XBmTgNkFAtr2fphTroTGJbLpzDz7yZD2HmB7VTpol,0,0,Fotos,,,,,Total,30271,21522,150,142,1,7,216,148,68,0,,1,,,,
1229457645883850,100064588783898,"Federação Paulista de Futebol - FPF","FELIZ ANIVERSÁRIO, BATATAIS! 🎊👻
São 106 anos de história. Parabéns, Fantasma da Mogiana!
#FutebolPaulista #Batatais",,0,"09/18/2025 04:30",N/A,https://www.facebook.com/futebolpaulista/posts/pfbid02ABF2cwhGg8Cy2v6FSmLgecNXim1517aT8WUQ2NuPoAMUHES6B4Weo32497jDVXRJl,0,0,Fotos,,,,,Total,4073,2807,95,76,8,11,42,13,29,0,,,,,,
1229435005886114,100064588783898,"Federação Paulista de Futebol - FPF","58 ANOS DE @ecsantoandre! 🥳🌟
O Ramalhão comemora mais um ano de história nessa quinta-feira (18). Feliz aniversário!
#FutebolPaulista #SantoAndré",,0,"09/18/2025 04:00",N/A,https://www.facebook.com/futebolpaulista/posts/pfbid02qnaws2fE1y6yB9b1k3xgmazb4iaYMBpMofk6Y1643aqbMyFqr9B5us7AaKaiopgCl,0,0,Fotos,,,,,Total,9298,6587,230,193,22,15,129,31,98,0,2,,,,,
1229162822579999,100064588783898,"Federação Paulista de Futebol - FPF","TRI-CO-LOOOOOOR! 🇾🇪🗣️
É dia de compromisso fora de casa na @libertadoresbr. Vamos, São Paulo!
#PaulistasEmCampo #SãoPaulo",,0,"09/17/2025 20:05",N/A,https://www.facebook.com/futebolpaulista/posts/pfbid0SgaZkkbpCFYRijNiCcqbrXtsQfdwZpEbEHYZZ2W2R4ofTUYHMK2JGrK4UgEsqWTSl,0,0,Fotos,,,,,Total,33836,24701,654,558,81,15,403,173,230,0,1,1,,,,
1229160489246899,100064588783898,"Federação Paulista de Futebol - FPF","OS GOLS DA VITÓRIA ALVIVERDE! ⚽️🔥🐷
Gómez e Vitor Roque garantiram a vantagem para o Palmeiras com esses dois gols logo no primeiro tempo! 
#PaulistasEmCampo #Palmeiras 
🎥@libertadoresbr","OS GOLS DA VITÓRIA ALVIVERDE! ⚽️🔥🐷
Gómez e Vitor Roque garantiram a vantagem para o Palmeiras com esses dois gols logo no primeiro tempo! 
#PaulistasEmCampo #Palmeiras 
🎥@libertadoresbr",16,"09/17/2025 20:01",N/A,https://www.facebook.com/reel/1479986027050502/,1,0,Reels,,,,,Total,22002,19317,525,510,5,10,139,,139,0,,,,131677.801,7.213,0
1229156665913948,100064588783898,"Federação Paulista de Futebol - FPF","XERIFE, CAPITÃO E ARTILHEIRO! ⚽🔝
Com o gol marcado contra o River Plate, o Gustavo Gómez se isolou como o zagueiro que mais balançou as redes na @libertadoresbr!
#PaulistasEmCampo #Palmeiras #Gomez",,0,"09/17/2025 19:54",N/A,https://www.facebook.com/futebolpaulista/posts/pfbid02Mq9HN27LWt2UWQ8zAuRzSUDWk6MTkEouKHcCuPXDKRp6BGBQ9jcRTsvCftcDE5adl,0,0,Fotos,,,,,Total,266644,198688,6858,6477,202,179,2646,1080,1565,0,5,3,1,,,
1229142889248659,100064588783898,"Federação Paulista de Futebol - FPF","INVICTO EM TERRAS ARGENTINAS! 🔥
O técnico Abel Ferreira não sabe o que é perder no território vizinho! 
#PaulistasEmCampo #Palmeiras #Abel",,0,"09/17/2025 19:29",N/A,https://www.facebook.com/futebolpaulista/posts/pfbid02WX3F4N6ZrM9B5kFVmHgPwCfwhF566z34BTqfBxmyncDeCZB32V2qRNesVQJnD4wdl,0,0,Fotos,,,,,Total,255025,189730,6520,5941,405,174,2858,964,1894,0,13,4,,,,
1229141155915499,100064588783898,"Federação Paulista de Futebol - FPF","VITÓRIA MONUMENTAL!
O Palmeiras buscou a vantagem fora de casa e venceu o River Plate na Argentina pela @libertadoresbr!
#PaulistasEmCampo 
📷@libertadoresbr",,0,"09/17/2025 19:26",N/A,https://www.facebook.com/futebolpaulista/posts/pfbid02kjFM5u5gFuLvN7Fo3GXiEfMgB6prWh6Se7JzNHRXWdReMMT1kgQFJrXhZ5iPWsnzl,0,0,Fotos,,,,,Total,413336,282547,7390,6657,425,308,6602,2774,3828,0,9,9,,,,
1229118062584475,100064588783898,"Federação Paulista de Futebol - FPF","QUE FASE DO TIGRINHO! 🐯💪
Com direito a hat-trick, gol em Derby e na @libertadoresbr, o momento do @vitor_roque9 no Palmeiras é absurdo!
#PaulistasEmCampo #Palmeiras #VitorRoque",,0,"09/17/2025 18:43",N/A,https://www.facebook.com/futebolpaulista/posts/pfbid02mj8TyK6EJ1CfXozj5cTrmNwVBBtLxa63WEnpXupJUX3KGomLQuFDiHVd2ReJJHn9l,0,0,Fotos,,,,,Total,127212,95057,3350,3163,132,55,1207,425,778,0,7,3,4,,,
1229078169255131,100064588783898,"Federação Paulista de Futebol - FPF","QUE SEGUNDO TEMPO FOI ESSE?! 😱
O Mirassol buscou o empate e tirou TRÊS gols de diferença fora de casa contra o Botafogo!
#PaulistasEmCampo
📷Pedro Zacchi/Agência Mirassol",,0,"09/17/2025 17:28",N/A,https://www.facebook.com/futebolpaulista/posts/pfbid02R4SSJq7vWakc3MoGrCAxvaDtTeqrdEjRbpu2UbUmkUoupS5oowFhqgT7UUE1qnvDl,0,0,Fotos,,,,,Total,84199,57873,1504,1300,149,55,2215,545,1670,0,2,1,,,,
1228915332604748,100064588783898,"Federação Paulista de Futebol - FPF","✈️🇦🇷 O VERDÃO JÁ ESTÁ EM TERRAS ARGENTINAS PARA A DECISÃO CONTRA O RIVER!
AVANTI, PALESTRA!🐷💚
#FutebolPaulista #PaulistasEmCampo #Palmeiras",,0,"09/17/2025 12:24",N/A,https://www.facebook.com/futebolpaulista/posts/pfbid02sep9f7EysdN86jyQHMQ1d842kHhwcnVbvsgoTPQ4csbAgpsw6hnye1C3XMjyh8o5l,0,0,Fotos,,,,,Total,11773,8463,255,221,29,5,100,35,65,0,1,3,,,,
1228713992624882,100064588783898,"Federação Paulista de Futebol - FPF","SAIBA TUDO SOBRE O DESAFIO DE VÍDEO! 💡🤔
Já sabe como vai funcionar o desafio de vídeo na Copa Paulista Sicredi? Arrasta para o lado e entenda mais sobre a nova tecnologia a ser implementada pela FPF!
#CopaPaulistaSicredi #FutebolPaulista",,0,"09/17/2025 07:29",N/A,https://www.facebook.com/futebolpaulista/posts/pfbid02r73SzWrEkYrzSH1YP1r61wZdWNyjZmXr3HhnMUL7gqCh8JyRTwjTzMs47JQnHiXVl,0,0,Fotos,,,,,Total,5669,3471,45,27,1,17,101,72,29,0,,,,,,
1228651849297763,100064588783898,"Federação Paulista de Futebol - FPF","LEÃO E VERDÃO EM CAMPO! 🦁🐷
O Mirassol vai em busca da vitória fora de casa pelo @brasileirao, enquanto o Palmeiras quer a vantagem na @libertadoresbr!
#PaulistasEmCampo",,0,"09/17/2025 06:00",N/A,https://www.facebook.com/futebolpaulista/posts/pfbid0hHB9pbfd5SvnJ4VMRKSXXYzdcUEwzrC4Vk54VzUfrtbVbxngpA6fVE7CqnZZF3Jgl,0,0,Fotos,,,,,Total,28768,20980,236,226,1,9,293,192,101,0,,,,,,
1228576709305277,100064588783898,"Federação Paulista de Futebol - FPF","FELIZ ANIVERSÁRIO, @edilsonjogador! 🔥
56 anos do ídolo do Corinthians, Edílson Capetinha!
#FutebolPaulista #Aniversário",,0,"09/17/2025 04:00",N/A,https://www.facebook.com/futebolpaulista/posts/pfbid0qLvVorqT88HULcLNURnoYU38aBD56rjLzucbFucNjwvbMx8BFwyChp7yFcX3cn3ml,0,0,Fotos,,,,,Total,37962,27330,535,463,67,5,506,157,349,0,1,,,,,
1228304642665817,100064588783898,"Federação Paulista de Futebol - FPF","TEM QUE JOGAR COM A ALMA E O CORAÇÃO! ❤️‍🔥🐷
No último mata-mata contra o River Plate na @libertadoresbr, deu Palmeiras... Agora, o Verdão vai buscar a vantagem no Monumental de Núñez! 
#PaulistasEmCampo",,0,"09/16/2025 20:05",N/A,https://www.facebook.com/futebolpaulista/posts/pfbid02MKDiUVK69EnUF1N3aHc68sX6rxu8MrJLCmGEjstc99U85jQoD5HZFQ3yoCLoynG6l,0,0,Fotos,,,,,Total,99810,74286,2922,2728,146,48,1229,450,779,0,2,4,,,,
1228104082685873,100064588783898,"Federação Paulista de Futebol - FPF","O ARTILHEIRO É DO FANTASMA! 👻⚽
Se liga no ranking dos goleadores da Copa Paulista Sicredi até aqui!
#CopaPaulistaSicredi",,0,"09/16/2025 14:00",N/A,https://www.facebook.com/futebolpaulista/posts/pfbid0NrSohHq83ypTMPTJfU927Yt2eYgwwahuYtiFKwgieVwZxLJeBfWoUe8mZaRWqymPl,0,0,Fotos,,,,,Total,25110,18077,95,81,9,5,261,114,147,0,,,,,,
1227981972698084,100064588783898,"Federação Paulista de Futebol - FPF","TEM DUPLA PAULISTA NO G4! 🐷🤝🦁
O @brasileirao tá a todo vapor. Se liga na classificação depois de mais uma rodada!
#PaulistasEmCampo",,0,"09/16/2025 10:35",N/A,https://www.facebook.com/futebolpaulista/posts/pfbid02XxNChmKWMrTHJFCgwZraHMCEZniSWehLx2GPZH9ESUZeKZ1r4J6chVmR4qGDYePxl,0,0,Fotos,,,,,Total,50547,34057,376,343,22,11,887,394,493,0,,1,,,,
1227359136093701,100064588783898,"Federação Paulista de Futebol - FPF","DE VIRADA! 🟡⚫
O Novorizontino venceu a Ferroviária e colou no G4 do @brasileiraob! #PaulistasEmCampo
📷 Ozzair Jr./Novorizontino",,0,"09/15/2025 17:02",N/A,https://www.facebook.com/futebolpaulista/posts/pfbid02hiWdAPsB2Tn7C7nFfjVJoPwKksRwsZsE8nFjFi8cJxBSVnNUACUpgTCuhnMih1iVl,0,0,Fotos,,,,,Total,57662,41057,348,318,19,11,683,259,424,0,,1,,,,
1227296412766640,100064588783898,"Federação Paulista de Futebol - FPF","Durante as semifinais da Copa Paulista Sicredi, a Federação Paulista de Futebol estreará o Vídeo Suporte ao Futebol. O treinador poderá solicitar até duas revisões em casos de gol, pênalti, cartão vermelho ou cartões aplicado ao jogador errado, e caso estiver certo na revisão, não perde o pedido utilizado. Assim como no VAR, caberá ao árbitro de campo manter ou alterar a decisão. Saiba mais em futebolpaulista.com.br!
#FutebolPaulista #CopaPaulistaSicredi",,0,"09/15/2025 14:55",N/A,https://www.facebook.com/futebolpaulista/posts/pfbid0jR8TJdHpmti9JohRWhgoLukQGYB79reUHDpe4qxYcjpLtUdNLshG6ByXukGujXGAl,0,0,Fotos,,,,,Total,4897,3269,34,27,2,5,76,32,44,0,,,,,,
1227268992769382,100064588783898,"Federação Paulista de Futebol - FPF","MARCELO FERNANDES, O INVICTO! 🔥🚀
O novo técnico da Ponte Preta não sabe o que é perder com a Macaca!
#PaulistasEmCampo",,0,"09/15/2025 14:00",N/A,https://www.facebook.com/futebolpaulista/posts/pfbid02Q8AM471w7LanBDYWCSUhghz8yDQQzCmpBnUHMwzCx9t8XFZJoeVZFMkDvZKpk7BAl,0,0,Fotos,,,,,Total,43474,29378,747,644,98,5,910,205,705,0,1,2,,,,
1227233306106284,100064588783898,"Federação Paulista de Futebol - FPF","CHEGOU A HORA DA SEMIFINAL!
Os representantes dos quatro semifinalistas da Copa Paulista Sicredi 2025 participaram do conselho técnico, nesta segunda-feira (15), no Edifício Pelé. No encontro com o presidente Reinaldo Carneiro Bastos foram definidos os detalhes para a próxima fase, datas, horários e a novidade do desafio de vídeo.
#FPF","CHEGOU A HORA DA SEMIFINAL!
Os representantes dos quatro semifinalistas da Copa Paulista Sicredi 2025 participaram do conselho técnico, nesta segunda-feira (15), no Edifício Pelé. No encontro com o presidente Reinaldo Carneiro Bastos foram definidos os detalhes para a próxima fase, datas, horários e a novidade do desafio de vídeo.
#FPF",29,"09/15/2025 12:59",N/A,https://www.facebook.com/futebolpaulista/videos/1119908372947295/,0,0,Vídeos,,,,,Total,6047,5802,57,45,7,5,121,,121,0,,,,34820.96,6.413,0
1227154472780834,100064588783898,"Federação Paulista de Futebol - FPF","NA MINHA CASA, QUEM MANDA SOU EU! 🏠✨
O @hernancrespo sabe muito bem como jogar no MorumBIS!
#PaulistasEmCampo #SãoPaulo #Crespo",,0,"09/15/2025 11:00",N/A,https://www.facebook.com/futebolpaulista/posts/pfbid031pEr7g1zMYT5LoXniHHU54MEeJ7pinNjAcekYYSDekirfn9CbZgm3GMw1bCZ5JWml,0,0,Fotos,,,,,Total,225790,150769,3303,3049,180,74,2713,1235,1478,0,1,2,,,,
1227119162784365,100064588783898,"Federação Paulista de Futebol - FPF","PAULISTAS NO TOPO! 🚀
Na reta final da segunda fase da #SérieC, minhas equipes estão voando em busca da classificação para a final!
#PaulistasEmCampo",,0,"09/15/2025 10:00",N/A,https://www.facebook.com/futebolpaulista/posts/pfbid0QUNCuauJSzkXUdsdLPzyACdG1owqfBKT5ES8CDoM84EwcQ8B5Ung3UHNchwyAHvjl,0,0,Fotos,,,,,Total,187249,124925,1073,858,181,34,4603,1588,3015,0,4,1,,,,
1227087829454165,100064588783898,"Federação Paulista de Futebol - FPF","RESTAM QUATRO! 
As datas e horários das semifinais da Copa Paulista Sicredi foram definidas. Quem vai chegar à final? 
#CopaPaulistaSicredi",,0,"09/15/2025 09:20",N/A,https://www.facebook.com/futebolpaulista/posts/pfbid0kpVRVcZvQp4YgLDrPhdFPKB1ximadrKsNMgTfJEjFm2DWYCQY4HpUfG94pFbxARfl,0,0,Fotos,,,,,Total,27524,18145,220,149,54,17,1182,750,432,0,2,,,,,
1226949756134639,100064588783898,"Federação Paulista de Futebol - FPF","DUELO PAULISTA 🚂🐯
Vamos começar a semana com dois #PaulistasEmCampo pelo @brasileiraob.",,0,"09/15/2025 06:00",N/A,https://www.facebook.com/futebolpaulista/posts/pfbid02KBp7Li6rvfi8zL5T2nCtW7CUrPVSwzBzLSaJKewLL4b9FKjATZ7MWXz6HpSQZQ72l,0,0,Fotos,,,,,Total,31933,23511,80,70,6,4,226,128,98,0,,1,,,,
1226876042808677,100064588783898,"Federação Paulista de Futebol - FPF","DIA DO ZAGUEIRO DO TETRA! 👏🇧🇷
Desejamos felicidades ao campeão paulista e campeão do mundo, Marcio Santos!
#FutebolPaulista #Aniversário",,0,"09/15/2025 04:00",N/A,https://www.facebook.com/futebolpaulista/posts/pfbid035veMLrxu9M72Bd7VMswtShLbNzNd82MYUpTfwph29hqY4Axjsx2UfW6Y4QHuytcgl,0,0,Fotos,,,,,Total,16915,12233,109,98,9,2,144,65,79,0,,,,,,
1226533106176304,100064588783898,"Federação Paulista de Futebol - FPF","MACACA 100%!
Élvis decide e Ponte Preta vence a segunda na fase decisiva da Série C!
#FutebolPaulista #PaulistasEmCampo #PontePreta
🎥 @pontepretaoficial","MACACA 100%!
Élvis decide e Ponte Preta vence a segunda na fase decisiva da Série C!
#FutebolPaulista #PaulistasEmCampo #PontePreta
🎥 @pontepretaoficial",55,"09/14/2025 17:20",mixed,https://www.facebook.com/futebolpaulista/videos/24022839720726864/,0,0,Vídeos,,,,,Total,36652,39379,1116,948,141,27,1891,,1891,0,,,,331811.534,9.64,0
1226532026176412,100064588783898,"Federação Paulista de Futebol - FPF","São Paulo e Ponte Preta vencem neste domingo de #PaulistasEmCampo!
#FutebolPaulista",,0,"09/14/2025 17:18",N/A,https://www.facebook.com/futebolpaulista/posts/pfbid07HiSsGq9zPARtETeAMM4PtEaJazp9LbyYgqF7H7nyDmkRijaZXZ2hMfMuTuZvDBMl,0,0,Fotos,,,,,Total,43692,29859,302,274,14,14,503,262,241,0,2,1,,,,
1226530522843229,100064588783898,"Federação Paulista de Futebol - FPF","MACACA 100%!
Élvis decide e Ponte Preta vence a segunda na fase decisiva da Série C!
#FutebolPaulista #PaulistasEmCampo #PontePreta
🎥 @pontepretaoficial","MACACA 100%!
Élvis decide e Ponte Preta vence a segunda na fase decisiva da Série C!
#FutebolPaulista #PaulistasEmCampo #PontePreta
🎥 @pontepretaoficial",55,"09/14/2025 17:15",mixed,https://www.facebook.com/reel/1120330616738640/,1,0,Reels,,,,,Total,13079,12823,419,386,23,10,428,,427,0,,,1,117279.064,9.477,0
1226507979512150,100064588783898,"Federação Paulista de Futebol - FPF","Botafogo é superado fora de casa no @brasileiraob!
#FutebolPaulista #PaulistasEmCampo
📷Luiz Fernando Cosenzo/Agência Botafogo",,0,"09/14/2025 16:28",N/A,https://www.facebook.com/futebolpaulista/posts/pfbid02mb3iD5bokp8fNPU8NKh5v3i6RuZA15pXmfHAHkZNhkULppkHsHmFLDB8FD139GJZl,0,0,Fotos,,,,,Total,29587,20855,184,132,47,5,524,135,389,0,1,1,,,,
1226499972846284,100064588783898,"Federação Paulista de Futebol - FPF","REESTREIA COM VITÓRIA!
O RAFAEL TOLÓI VOLTOU COM TUDO!
#FutebolPaulista #SãoPaulo
📷Erico Leonan / São Paulo FC",,0,"09/14/2025 16:13",N/A,https://www.facebook.com/futebolpaulista/posts/pfbid02p8NZ3iNsy1xtd1DdntsCLTDLu2wR14bA2F144zMwPvw4n19qPFRMtGa8pNGvfYe1l,0,0,Fotos,,,,,Total,136860,94942,3345,3248,70,27,2231,919,1312,0,3,2,,,,
1226479359515012,100064588783898,"Federação Paulista de Futebol - FPF","VITÓRIA TRICOLOR NO MORUMBIS!
Dinenno marca e São Paulo soma mais três pontos no @brasileirao!
#FutebolPaulista #PaulistasEmCampo
📷Paulo Pinto / São Paulo FC",,0,"09/14/2025 15:33",N/A,https://www.facebook.com/futebolpaulista/posts/pfbid02xUq1AkP8DEH6WwyCeydQQsYiqgU4sv8MS8ze72KRexSShKWdQLYcw39CL4uBHi8Al,0,0,Fotos,,,,,Total,101235,72438,1578,1488,54,36,1067,448,619,0,,1,,,,
1226448986184716,100064588783898,"Federação Paulista de Futebol - FPF","O PRIMEIRO DE DINENNO COM A CAMISA TRICOLOR!
De pé em pé, o Tricolor abriu o placar contra o Botafogo no MorumBIS!
#FutebolPaulista #SãoPaulo
🎥TV Globo","O PRIMEIRO DE DINENNO COM A CAMISA TRICOLOR!
De pé em pé, o Tricolor abriu o placar contra o Botafogo no MorumBIS!
#FutebolPaulista #SãoPaulo
🎥TV Globo",30,"09/14/2025 14:27",mixed,https://www.facebook.com/futebolpaulista/videos/1462116878244386/,0,0,Vídeos,,,,,Total,22123,19132,765,748,7,10,278,,278,0,,,,231929.945,12.756,0
1226441199518828,100064588783898,"Federação Paulista de Futebol - FPF","UM PONTO NA BAGAGEM!
Com um a menos, Santos busca o empate em Belo Horizonte!
#FutebolPaulista #PaulistasEmCampo
📷Pedro Souza/Atlético",,0,"09/14/2025 14:11",N/A,https://www.facebook.com/futebolpaulista/posts/pfbid09QgjuUfPLD73VonPukcQB2E4bxpQLPDQqAXG4RdH7gJ2YCiWZU8p9CytwbdvwtSXl,0,0,Fotos,,,,,Total,26787,19353,260,239,18,3,342,141,201,0,1,,,,,
1226427079520240,100064588783898,"Federação Paulista de Futebol - FPF","Antes do apito inicial, os filhos do Hulk foram tirar aquela foto especial com o Neymar!
#FutebolPaulista #Neymar
🎥 @santosfc","Antes do apito inicial, os filhos do Hulk foram tirar aquela foto especial com o Neymar!
#FutebolPaulista #Neymar
🎥 @santosfc",16,"09/14/2025 13:39",N/A,https://www.facebook.com/futebolpaulista/videos/1479484343204876/,0,0,Vídeos,,,,,Total,46367,40810,784,720,51,13,1114,,1114,0,,,,318888.287,8.845,0
1226247139538234,100064588783898,"Federação Paulista de Futebol - FPF","TUDO IGUAL!
Massa Bruta sofre empate nos acréscimos e soma mais um ponto no @brasileirao!
#FutebolPaulista #PaulistasEmCampo 
📷Ari Ferreira/Red Bull Bragantino",,0,"09/14/2025 09:00",N/A,https://www.facebook.com/futebolpaulista/posts/pfbid0BQfd1UYwRMdKXoJWf5yh8EjkDr8VbWunU1bjdBie4hy9ksodDAzVtwgbB4G6ZvWHl,0,0,Fotos,,,,,Total,17422,12265,110,91,16,3,234,94,140,0,,1,,,,
1226189459544002,100064588783898,"Federação Paulista de Futebol - FPF","A Federação Paulista de Futebol lamenta profundamente o falecimento de Suzana Agostini, ex-atleta histórica no Futebol Paulista e deseja forças aos familiares e amigos.
#FPF #FutebolFeminino",,0,"09/14/2025 07:45",N/A,https://www.facebook.com/futebolpaulista/posts/pfbid04mNcUTr48gZHfRUEpsR2cFR5YULMCHSTUN8Gjqfmo9uDXCivMSZmuMQ79CfAiEnyl,0,0,Fotos,,,,,Total,111752,69617,1419,1153,202,64,2643,617,2026,0,3,2,,,,
1226067999556148,100064588783898,"Federação Paulista de Futebol - FPF","AQUI DOMINGANDO COM VOCÊS!
Olha a rodada deste domingo passando na sua timeline 👀
#PaulistasEmCampo",,0,"09/14/2025 05:00",N/A,https://www.facebook.com/futebolpaulista/posts/pfbid0kte9UYtTXZgdtVrRtEMRPsUCAb7DejK83uA3r8JDvce6uiD24tShKTeEWTzNJnBPl,0,0,Fotos,,,,,Total,23403,16289,132,116,6,10,270,183,87,0,,,,,,
1226048732891408,100064588783898,"Federação Paulista de Futebol - FPF","PARABÉNS, @fbfoficial! 🤝🎉
São 112 anos de história na Federação Bahiana de Futebol. Feliz aniversário!
#FutebolPaulista #Aniversário",,0,"09/14/2025 04:30",N/A,https://www.facebook.com/futebolpaulista/posts/pfbid02LW9gV92E1wVU9zMtESJt2pALvtK6QQKK7fU99uWwkqZeo8sAG3QCdFPAKjAxc8wql,0,0,Fotos,,,,,Total,3591,2605,22,19,0,3,8,6,2,0,1,,,,,
1226029006226714,100064588783898,"Federação Paulista de Futebol - FPF","PARABÉNS, SÃO BENTO! 🤝🎊
São 112 anos de @ecsaobento1913! Feliz aniversário, Bentão!
#FutebolPaulista #SãoBento",,0,"09/14/2025 04:00",N/A,https://www.facebook.com/futebolpaulista/posts/pfbid0qhTKmxj5f5mzdgUvFweg25yarMKxm2i4D9XiJvarM9ECg3xbSoxKpARz1cxr7w75l,0,0,Fotos,,,,,Total,6359,4496,125,104,8,13,56,18,38,0,,1,,,,
1225719329591015,100064588783898,"Federação Paulista de Futebol - FPF","ACABOU O SÁBADO!
Então vem cá conferir como ficaram os jogos de hoje. Seu time venceu, torcedor?
#PaulistasEmCampo",,0,"09/13/2025 19:30",N/A,https://www.facebook.com/futebolpaulista/posts/pfbid0eRBBxYUBxGk95KjQKtyeanXC699cuZ1zkUyDYbXoPsBJNCeyKK4YxXFk1gP2agFul,0,0,Fotos,,,,,Total,99288,68939,456,417,20,19,1277,729,548,0,2,2,,,,
1225712479591700,100064588783898,"Federação Paulista de Futebol - FPF","DEU TIMÃO!
Com gol de Matheuzinho, o Corinthians garante mais três pontos no @brasileirao.
#PaulistasEmCampo
📷 Rodrigo Coca/Ag. Corinthians",,0,"09/13/2025 19:17",N/A,https://www.facebook.com/futebolpaulista/posts/pfbid0uqAqbajHb186skE6qUTtwzHg3KoQpJDPrLMXMxHx5CnJL3zHQcvgMDM3sAHJJnZml,0,0,Fotos,,,,,Total,190319,137290,3675,3417,161,97,2832,1380,1452,0,1,6,,,,
1225674072928874,100064588783898,"Federação Paulista de Futebol - FPF","TUDO IGUAL!
O São Bernardo volta para o ABC Paulista com um ponto na mala.
#PaulistasEmCampo
📷 Luis Felipe Amorin/Divulgação/São Bernardo",,0,"09/13/2025 18:03",N/A,https://www.facebook.com/futebolpaulista/posts/pfbid02XYzgnPojgnwpUMTW4KbCGFv11jSavqQsTJRTUEFfVUpsTtUWLzzGP8dUoeWvXY2kl,0,0,Fotos,,,,,Total,12442,9232,49,45,0,4,57,38,19,0,,,,,,
1225659986263616,100064588783898,"Federação Paulista de Futebol - FPF","HAT TIGRE! 🐯
QUE NOITE DO VITOR ROQUE, HEIN? 
#PaulistasEmCampo
🎥 Reprodução/ @cazetv","HAT TIGRE! 🐯
QUE NOITE DO VITOR ROQUE, HEIN? 
#PaulistasEmCampo
🎥 Reprodução/ @cazetv",34,"09/13/2025 17:34",uploaded,https://www.facebook.com/reel/1973182133502080/,1,0,Reels,,,,,Total,15216,13629,390,358,14,18,289,,289,0,,,,162400.906,12.166,0
1225634222932859,100064588783898,"Federação Paulista de Futebol - FPF","QUE NOITE 🐯
Vitor Roque comandou a vitória do Verdão na volta do @brasileirao.
#PaulistasEmCampo
📷 César Greco/Palmeiras",,0,"09/13/2025 16:45",N/A,https://www.facebook.com/futebolpaulista/posts/pfbid05QqGDDMrQPoGA4QYMN13RYxGjsY4XZJ8c6136EDk8dybaUbyH58e5q3mfA39MRiJl,0,0,Fotos,,,,,Total,169687,127199,3553,3290,162,101,1844,823,1021,0,9,5,,,,
1225633969599551,100064588783898,"Federação Paulista de Futebol - FPF","FIM DAS QUARTAS!
Bora conferir como terminaram os jogos de mais uma fase da Copa Paulista Sicredi!
#CopaPaulistaSicredi",,0,"09/13/2025 16:45",N/A,https://www.facebook.com/futebolpaulista/posts/pfbid02qwYMFeYk9JQRSg2Pcp2Hv6zkuUubFZUfS5sTjFKrkg8U3r3E7XHEwczndtP7QKZnl,0,0,Fotos,,,,,Total,41335,27164,333,253,70,10,1234,351,883,0,1,,,,,
1225624116267203,100064588783898,"Federação Paulista de Futebol - FPF","RESTAM QUATRO!
Assim ficaram os confrontos da semifinal da Copa Paulista Sicredi. Quem vai chegar na final? 👀
#CopaPaulistaSicredi",,0,"09/13/2025 16:26",N/A,https://www.facebook.com/futebolpaulista/posts/pfbid02WYMEDZWm9tPdfjs9rsa8pbuY7bgcuCpmiUFw7zCZZZkNKQzMiXF3Gojtp6dsSJCRl,0,0,Fotos,,,,,Total,22799,14472,409,223,163,23,1187,286,901,0,1,,,,,
1225622752934006,100064588783898,"Federação Paulista de Futebol - FPF","GARANTIU A VAGA!
O @xvpiracicaba vence o Oeste pela segunda vez e fica com a classificação na #CopaPaulistaSicredi 🔥
📷 Bruno Cruz/XV de Piracicaba",,0,"09/13/2025 16:24",N/A,https://www.facebook.com/futebolpaulista/posts/pfbid0Y4vLaP9FLAhkKrifkBTt6X1KCJXBkAB3Tq5qwdKXwGUBr9SPKq7sTmCYUWFZ2fJCl,0,0,Fotos,,,,,Total,74238,51792,698,618,54,26,1142,381,761,0,5,1,,,,
1225610316268583,100064588783898,"Federação Paulista de Futebol - FPF","ÚLTIMA VAGA!
O Nhô Quim garante a última vaga da semifinal da Copa Paulista Sicredi.
#CopaPaulistaSicredi",,0,"09/13/2025 16:01",N/A,https://www.facebook.com/futebolpaulista/posts/pfbid0wGcA4RM6s3oYGD41JVkV4qbqNXp9BQz1fJkrZcFktYJR1YJTifiDPHUijCoMhAsvl,0,0,Fotos,,,,,Total,33334,24349,155,124,18,13,423,131,292,0,1,,,,,
1225591902937091,100064588783898,"Federação Paulista de Futebol - FPF","TRÊS PONTOS DO BUGRE!
O Guarani vence fora de casa e garante vitória importante na Série C.
#PaulistasEmCampo
📷 Genival Paparazzi/Guarani FC",,0,"09/13/2025 15:25",N/A,https://www.facebook.com/futebolpaulista/posts/pfbid0xFPw7ooucZwjpCWaFx81422gd1jDppLY1Q3vYrXN8tWj6sSMCkZFauWqpZvSPuETl,0,0,Fotos,,,,,Total,162393,116581,1529,1312,175,42,2931,1009,1922,0,4,4,,,,
1225589582937323,100064588783898,"Federação Paulista de Futebol - FPF","Fora de casa, a Inter de Limeira sofre revés na Série D. 
#PaulistasEmCampo
📷 Diego Soares/Ag. Paulistão",,0,"09/13/2025 15:21",N/A,https://www.facebook.com/futebolpaulista/posts/pfbid0j4pJ6vuk6fnfkgoEvmDgxRCYYDDQjqySn3P7VNZnW8sXCTKcDwHSke9cedJFYvPTl,0,0,Fotos,,,,,Total,45376,30065,252,183,59,10,1447,320,1127,0,,1,,,,
1225562949606653,100064588783898,"Federação Paulista de Futebol - FPF","SEGUNDA VITÓRIA!
O Comercial volta a vencer e garante a vaga na semifinal da #CopaPaulistaSicredi.
📷 Bárbara Pires/Comercial FC",,0,"09/13/2025 14:26",N/A,https://www.facebook.com/futebolpaulista/posts/pfbid035dHEusbqNii5qwrQjgAt9Lvus89qh952789iCNbniQA59a5UPDbwoV1pgCVb9tQpl,0,0,Fotos,,,,,Total,59664,42975,515,417,85,13,960,298,662,0,4,,,,,
1225561606273454,100064588783898,"Federação Paulista de Futebol - FPF","MAIS UMA PRO LEÃO!
Com gol de Alesson, o Mirassol volta para casa com três pontos na mala.
#PaulistasEmCampo
📷 Pedro Zacchi/Mirassol",,0,"09/13/2025 14:23",N/A,https://www.facebook.com/futebolpaulista/posts/pfbid02Ff9pXg67KUZDk7okz2UwA3Zt71egeYopoGk2qQ6rrth7XGQZQGFd9FB3RkEaeDKZl,0,0,Fotos,,,,,Total,123419,87864,1411,1256,106,49,1735,658,1077,0,5,3,,,,
1225556112940670,100064588783898,"Federação Paulista de Futebol - FPF","JOGÃO EM CASA!
O @gremioprudenteoficial fez valer o fator casa e garantiu a vitória e a classificação.
#CopaPaulistaSicredi
📷 Murilo Aguilar/Grêmio Prudente",,0,"09/13/2025 14:13",N/A,https://www.facebook.com/futebolpaulista/posts/pfbid034CcG8TGSbct2ftsV4W6wdqzHAJs652ain1j8tc7YF4Wpn67kJDMB7E3x32pLaKQal,0,0,Fotos,,,,,Total,72842,51686,538,477,46,15,1294,542,752,0,3,1,,,,
1225549856274629,100064588783898,"Federação Paulista de Futebol - FPF","PARTIU SEMI!
O Carcará garante a classificação na #CopaPaulistaSicredi 🔥",,0,"09/13/2025 14:02",N/A,https://www.facebook.com/futebolpaulista/posts/pfbid02cejfRDdRiJrjwym2vLxeRK7sfFEZwTgsMXoayyqpHsbTtc6qTP57psvLwWsNGV1gl,0,0,Fotos,,,,,Total,37097,26723,316,279,23,14,525,135,390,0,,1,,,,
1225546946274920,100064588783898,"Federação Paulista de Futebol - FPF","LEÃO NA SEMI!
O Comercial vence fora de casa e garante vaga na semifinal da Copa Paulista Sicredi.
#CopaPaulistaSicredi",,0,"09/13/2025 13:59",N/A,https://www.facebook.com/futebolpaulista/posts/pfbid0MWMtRcqN7Db7uDFHVoR4Z43efeqoGvd3Ls7mxbN6fGKv6WYk1byTEmY3ZqMcxiSUl,0,0,Fotos,,,,,Total,89793,64793,751,617,96,38,1560,451,1109,0,4,1,,,,
1225313866298228,100064588783898,"Federação Paulista de Futebol - FPF","BORA PARA A SEMI!
A @interdelimeiraoficial tem um compromisso na #SérieD nesse sábado! Vamos, Leão!
#PaulistasEmCampo",,0,"09/13/2025 08:00",N/A,https://www.facebook.com/futebolpaulista/posts/pfbid0mZ5nDtZ8KFosYEYKrUF1AwqF1fnAEsok97fp3TRXgSFuYooQ6CXdgwhLdsFLRSZ9l,0,0,Fotos,,,,,Total,8442,6215,50,48,0,2,29,14,15,0,1,,,,,
1225229076306707,100064588783898,"Federação Paulista de Futebol - FPF","DIA CHEIO PARA AS MINHAS EQUIPES! 😮‍💨🔥
Com o final do ano se aproximando, nesse sábado são três jogos no @brasileirao, dois na #SérieC e um na #SérieD!
#PaulistasEmCampo",,0,"09/13/2025 06:00",N/A,https://www.facebook.com/futebolpaulista/posts/pfbid026LLvt4eA2wFjQ6snDoHJEqW9sCYbozTYPJaMJeWsAdUesrS4JQ9ajUnYUx4aNPpVl,0,0,Fotos,,,,,Total,33471,23851,217,203,4,10,419,292,127,0,1,,,,,
1225191069643841,100064588783898,"Federação Paulista de Futebol - FPF","ASSISTA AO VIVO NO YOUTUBE DO @paulistao! 👀
Sábado decisivo na #CopaPaulistaSicredi! Algum palpite de que avança para a semifinal, torcedor?",,0,"09/13/2025 05:00",N/A,https://www.facebook.com/futebolpaulista/posts/pfbid02cSiuJvcDbFxQTLFCJaTjvAB9B4bmsbCWfj2VW4oNpGVnGWEQubfDG1FwkuKsB7til,0,0,Fotos,,,,,Total,8852,6859,45,40,3,2,68,37,31,0,1,,,,,
1224801389682809,100064588783898,"Federação Paulista de Futebol - FPF","VITÓRIA DO FANTASMA! 👻💪
Mais um triunfo do Primavera para cravar a classificação na #CopaPaulistaSicredi!
📷Rodrigo Menezes/Primavera",,0,"09/12/2025 17:24",N/A,https://www.facebook.com/futebolpaulista/posts/pfbid0KaxzXfN9L9sPeu7aDFbU513JqnHeGmc39KVLxBtfnGoAxbKn4hpXaaXcCBcYCvBbl,0,0,Fotos,,,,,Total,57098,40817,223,189,25,9,604,271,333,0,2,,,,,
1224800139682934,100064588783898,"Federação Paulista de Futebol - FPF","PRIMAVERA NA SEMI! 👻🔥
Depois de uma goleada em casa e uma vitória fora, o @ecprimaveraoficial está classificado para a semifinal da Copa Paulista Sicredi!
#CopaPaulistaSicredi",,0,"09/12/2025 17:22",N/A,https://www.facebook.com/futebolpaulista/posts/pfbid02kz6miE5vgBsxBjuWTbQniXTWJXCpifB9Mq4CVLiBJd8w7nG3DsxRQNPBXzFgRJnpl,0,0,Fotos,,,,,Total,29227,20741,236,206,18,12,613,163,450,0,3,1,,,,
1224715319691416,100064588783898,"Federação Paulista de Futebol - FPF","SAÚDE MENTAL IMPORTA! 💛
No Setembro Amarelo e em qualquer outro mês do ano, cuide da sua saúde mental e procure ajuda. Você não está sozinho! 🤝
#FPF #FutebolPaulista #SetembroAmarelo",,0,"09/12/2025 14:48",N/A,https://www.facebook.com/futebolpaulista/posts/pfbid02vo5t88FjV1gLkmww8FjTQgE8qQmbRddttdbJwfuRTTcumyjuSEZEKApCujgs6DzVl,0,0,Fotos,,,,,Total,8673,5894,44,42,1,1,262,217,45,0,,1,,,,
1224340356395579,100064588783898,"Federação Paulista de Futebol - FPF","ABRINDO AS DECISÕES! 💪
União São João vai em busca de reverter o placar, enquanto o Primavera vai tentar manter a vantagem jogando fora de casa!
#CopaPaulistaSicredi",,0,"09/12/2025 05:00",N/A,https://www.facebook.com/futebolpaulista/posts/pfbid033Y4GZgCu3e1pHKjXmurJKME4oNSsUScippoz69HZLeDUfQDLD4VSdsjGykhRXUznl,0,0,Fotos,,,,,Total,20070,14998,44,38,1,5,130,72,58,0,1,,,,,
1224302383066043,100064588783898,"Federação Paulista de Futebol - FPF","FELIZ CUMPLEAÑOS, @fbf_oficial! 🥳🇧🇴
A Federação Boliviana de Futebol celebra seu centenário nessa sexta-feira (12). Parabéns!
#FutebolPaulista #Aniversário",,0,"09/12/2025 04:00",N/A,https://www.facebook.com/futebolpaulista/posts/pfbid0AGA8KHZHtFH5UT4u3id2h9ygHDR17yaHcpeqogvNWze62NWNcboVEsC8xKA8vXdal,0,0,Fotos,,,,,Total,9602,7183,49,40,3,6,70,27,43,0,,,,,,
1223955293100752,100064588783898,"Federação Paulista de Futebol - FPF","PRÓXIMA PARADA: BH! 
O Timão vai enfrentar o Cruzeiro na semifinal da @copadobrasilcbf 🔥
#PaulistasEmCampo",,0,"09/11/2025 17:42",N/A,https://www.facebook.com/futebolpaulista/posts/pfbid02hmTeVsF66FrYsCGx3qUsr4QgdVc6DAwfpBGu44eXsXcnS9X6JgrVz8Kiv4r2pMN6l,0,0,Fotos,,,,,Total,345846,236731,4422,3684,623,115,6094,1850,4210,0,10,3,34,,,
1223893179773630,100064588783898,"Federação Paulista de Futebol - FPF","O PAREDÃO ALVINEGRO!
TEM PÊNALTI? CHAMA O HUGO SOUZA!
#FutebolPaulista #Corinthians",,0,"09/11/2025 15:43",N/A,https://www.facebook.com/futebolpaulista/posts/pfbid02JiqZnegXcjBcn8z16gWLhL6xbdWLx6yp29MzKGUNFZ1uyRQzkjJ3SJpUmF7nK9JXl,0,0,Fotos,,,,,Total,163460,117399,4982,4671,213,98,1609,628,981,0,4,6,,,,
1223841613112120,100064588783898,"Federação Paulista de Futebol - FPF","HORA DE DEFINIR OS SEMIFINALISTAS! 🤩
Nessa final de semana, a #CopaPaulistaSicredi vai conhecer as quatro equipes que vão disputar a semifinal da competição! AO VIVO no YouTube do @paulistao!",,0,"09/11/2025 14:00",N/A,https://www.facebook.com/futebolpaulista/posts/pfbid0X4AXC7TQ2mUMuuj3zKnpXyjQwcXShxKHnm6YqEcDJPiBxRByn3cJCSAMGzUQ7pnal,0,0,Fotos,,,,,Total,20664,14989,121,99,12,10,297,132,165,0,,,,,,
1223744673121814,100064588783898,"Federação Paulista de Futebol - FPF","ILUMINADO! ✨
Deixa que o @guinegaooficial resolve!
#PaulistasEmCampo #Corinthians",,0,"09/11/2025 11:00",N/A,https://www.facebook.com/futebolpaulista/posts/pfbid02xVozBLXzjAZ1LqRSkGHPT5zHRhwFvQ9d9gZhxCr4BWfNvHbY1jutkje3SY9MAJmAl,0,0,Fotos,,,,,Total,270884,197949,6990,6506,351,133,2739,1149,1590,0,12,13,,,,
1223632733133008,100064588783898,"Federação Paulista de Futebol - FPF","OS GRUPOS!
O Amador do Estado está chegando e as equipes estão prontas para a disputa. CA Bandeirante (Brodowski) e União FC (Atibaia), os dois melhores times do último ano, entram automaticamente na segunda fase.
#AmadorDoEstado",,0,"09/11/2025 08:04",N/A,https://www.facebook.com/futebolpaulista/posts/pfbid02vmLXztBLdPiDq5fY1ooYR9vv9anK3QBYrw1gKiaCSGz5jnp9Jgt2LfRn1TM3VJWKl,0,0,Fotos,,,,,Total,19991,13436,95,81,4,10,534,188,346,0,1,,,,,
1223529249810023,100064588783898,"Federação Paulista de Futebol - FPF","QUE SAUDADE!🥰
Um #TBT especial para relembrar o Paulistão Sicredi 2025! 
#FutebolPaulista #PaulistãoSicredi","QUE SAUDADE!🥰
Um #TBT especial para relembrar o Paulistão Sicredi 2025! 
#FutebolPaulista #PaulistãoSicredi",17,"09/11/2025 06:00",N/A,https://www.facebook.com/futebolpaulista/videos/1480145719976477/,0,0,Vídeos,,,,,Total,3989,4090,41,38,0,3,19,,19,0,,,,11368.35,3.101,0
1223490176480597,100064588783898,"Federação Paulista de Futebol - FPF","62 ANOS DA SEGUNDA TAÇA DO PEIXÃO! 🏆🐳
No dia 11 de setembro de 1963, o Santos conquistava sua segunda @libertadoresbr!
#PaulistasEmCampo#BaúDoPaulistão #Santos",,0,"09/11/2025 05:00",N/A,https://www.facebook.com/futebolpaulista/posts/pfbid037Zz7y2VFTGS6tfYR1qr7XyiaDcTCBfTBiJ5M4q9igu5YkyKEXXjsSgemhZhxY3Esl,0,0,Fotos,,,,,Total,250407,177619,2861,2429,194,238,2762,1595,1167,0,16,5,,,,
1223451309817817,100064588783898,"Federação Paulista de Futebol - FPF","DONOS DO APITO!
Hoje é dia de parabenizar árbitros e assistentes pelo #DiaDoÁrbitroEsportivo.
#Arbitragem #FPF",,0,"09/11/2025 04:00",N/A,https://www.facebook.com/futebolpaulista/posts/pfbid02Q9ah2jq1BEY1ckX1ffg3d3giwwtrgDpquGiGdeZT1a31a586beLyCZiGjmxvNoH4l,0,0,Fotos,,,,,Total,19164,14191,165,99,61,5,223,61,162,0,,,,,,
1223451213151160,100064588783898,"Federação Paulista de Futebol - FPF","PARABÉNS, XERIFE! 🎉
Ricardo Rocha, bicampeão paulista e campeão do mundo com a Seleção, completa 63 anos!
#FutebolPaulista #Aniversário",,0,"09/11/2025 04:00",N/A,https://www.facebook.com/futebolpaulista/posts/pfbid0286g61CU5kk8KAjYzm6q885LobxAEJuYTJzoD3gNDPnxkAVcSN8Vk8a6uUiyiBDvKl,0,0,Fotos,,,,,Total,11528,7930,99,87,9,3,68,34,34,0,,,,,,
1223194983176783,100064588783898,"Federação Paulista de Futebol - FPF","QUE CAMPANHA DO TIMÃO, QUE CHEGOU EM SUA QUARTA SEMIFINAL SEGUIDA NA COPA DO BRASIL!
#FutebolPaulista #Corinthians #CopaDoBrasil",,0,"09/10/2025 20:25",N/A,https://www.facebook.com/futebolpaulista/posts/pfbid0gFDgfLKMQM4yGtFXuPR6XjrAF4uVUNvGBAcdJsZatdsfARodPdM2EsqvEeToU7Qil,0,0,Fotos,,,,,Total,88797,62000,905,766,93,46,1090,428,662,0,1,3,,,,
1223180136511601,100064588783898,"Federação Paulista de Futebol - FPF","FAZ GOL E VAI PARA OS BRAÇOS DA FIEL! 
É O GUI NEGÃO!
#FutebolPaulista #Corinthians
📷Diego Soares/Ag. Paulistão",,0,"09/10/2025 20:00",N/A,https://www.facebook.com/futebolpaulista/posts/pfbid025VCYcs1aGaVrUpfaZHPMFvCZWwW7oeV4JeXwLavkkUs2TnmJ7xA8T8akktSDiKHkl,0,0,Fotos,,,,,Total,101232,69598,2731,2633,59,39,3017,2377,640,0,1,1,,,,
1223176816511933,100064588783898,"Federação Paulista de Futebol - FPF","NÃO PASSA NADA!❌🧤
#FutebolPaulista #Corinthians #CopaDoBrasil",,0,"09/10/2025 19:54",N/A,https://www.facebook.com/futebolpaulista/posts/pfbid0cAnAtZKHUuSx5eRtp3V2nNrkkZRneHPDo4ciGw5jYo1crzfdJKFk678456iQiz7Bl,0,0,Fotos,,,,,Total,109589,78425,2247,1969,239,39,1271,399,872,0,1,3,,,,
1223164373179844,100064588783898,"Federação Paulista de Futebol - FPF","VITÓRIA LÁ, VITÓRIA CÁ E VAGA GARANTIDA NA SEMI DA COPA DO BRASIL!
#FutebolPaulista #Corinthians
📷Diego Soares/Ag. Paulistão",,0,"09/10/2025 19:31",N/A,https://www.facebook.com/futebolpaulista/posts/pfbid0GBWnREocqiPtTsZNNQdK8dMvvGoseCwofwKpv7YmG1DcZwhPvtrxE66grwdP7Fsil,0,0,Fotos,,,,,Total,36342,26031,833,748,61,24,524,229,295,0,2,,,,,
1223160286513586,100064588783898,"Federação Paulista de Futebol - FPF","CORINTHIANS CLASSIFICADO!
É O TIMÃO NA SEMI DA @copadobrasilcbf!
#FutebolPaulista #Corinthians #CopaDoBrasil",,0,"09/10/2025 19:25",N/A,https://www.facebook.com/futebolpaulista/posts/pfbid0pJe2VzDrfSWSwC5aprcdj4r3fq2Yt745kvmCu3DfBBYdBzWzi1LaoBjkSJqn9c4Rl,0,0,Fotos,,,,,Total,314189,225118,6745,5473,834,438,4584,2138,2446,0,24,5,,,,
1223150526514562,100064588783898,"Federação Paulista de Futebol - FPF","GUI NEGÃO DA FIEL!
#FutebolPaulista #Corinthians
📷Diego Soares/Ag. Paulistão",,0,"09/10/2025 19:09",N/A,https://www.facebook.com/futebolpaulista/posts/pfbid0UPjyuYG5KBo6jqPJXqz12BmwdETgb4LLA7c6AE8fwq3eGckra5iCWgvpMrfHPmikl,0,0,Fotos,,,,,Total,61046,40344,1955,1773,150,32,1005,315,690,0,5,,,,,
1223148596514755,100064588783898,"Federação Paulista de Futebol - FPF","DEFENDEEEEEE, HUGO! 
Coloca mais uma defesa de pênalti na conta do paredão do Timão!
#PaulistasEmCampo #Corinthians","DEFENDEEEEEE, HUGO! 
Coloca mais uma defesa de pênalti na conta do paredão do Timão!
#PaulistasEmCampo #Corinthians",17,"09/10/2025 19:05",N/A,https://www.facebook.com/reel/1298795295224130/,1,0,Reels,,,,,Total,77008,73173,2672,2508,89,75,1702,,1702,0,,,,495115.579,7.376,0
1223146136515001,100064588783898,"Federação Paulista de Futebol - FPF","GUI NEGÃO NÃO PERDOA!⚽
#FutebolPaulista #Corinthians
📷Diego Soares/Ag. Paulistão",,0,"09/10/2025 19:01",N/A,https://www.facebook.com/futebolpaulista/posts/pfbid037Z7SuQT42UHNP3PxpZ3HcDNRiddLKNUvDMKxGB3b9GxKJTNUAqmQjAtDX2VcFYNsl,0,0,Fotos,,,,,Total,73890,52763,1667,1520,129,18,1088,457,631,0,5,5,,,,
1223142913181990,100064588783898,"Federação Paulista de Futebol - FPF","UM LÁ E OUTRO CÁ! 
Gui Negão marcou no jogo de ida e agora aumenta a vantagem do Timão em casa!
#PaulistasEmCampo #Corinthians","UM LÁ E OUTRO CÁ! 
Gui Negão marcou no jogo de ida e agora aumenta a vantagem do Timão em casa!
#PaulistasEmCampo #Corinthians",18,"09/10/2025 18:54",N/A,https://www.facebook.com/reel/1142481801100534/,1,0,Reels,,,,,Total,39875,33216,1365,1322,19,24,470,,470,0,,,,331610.261,10.373,0
1223127783183503,100064588783898,"Federação Paulista de Futebol - FPF","COMEMORA, FIEL! FESTA EM ITAQUERA!
#FutebolPaulista #Corinthians
📷Diego Soares/Ag. Paulistão",,0,"09/10/2025 18:30",N/A,https://www.facebook.com/futebolpaulista/posts/pfbid0S7NyP9AKyLQaRkLJPJsg6XjriRJ4f8xNSJBY8g7bjxYLPkFWWVbN2dmkUrYM5hrQl,0,0,Fotos,,,,,Total,12812,9674,375,351,13,11,136,45,91,0,2,,,,,
1223123449850603,100064588783898,"Federação Paulista de Futebol - FPF","É O TIMÃO NA FRENTE DO PLACAR!
#FutebolPaulista #Corinthians
📷Diego Soares/Ag. Paulistão",,0,"09/10/2025 18:23",N/A,https://www.facebook.com/futebolpaulista/posts/pfbid033o25SgF85CZ5WaRg87RBVxNwA4Yy2BiBCq8T4Aq297T5CjeTYmjgbd3BrZVx4TMql,0,0,Fotos,,,,,Total,59891,41196,2554,2410,110,34,664,301,363,0,6,,,,,
1223119533184328,100064588783898,"Federação Paulista de Futebol - FPF","TIMÃO NA FRENTE! 🦅⚽️
O camisa oito do Corinthians coloca o alvinegro na vantagem!
#PaulistasEmCampo #Corinthians","TIMÃO NA FRENTE! 🦅⚽️
O camisa oito do Corinthians coloca o alvinegro na vantagem!
#PaulistasEmCampo #Corinthians",15,"09/10/2025 18:15",N/A,https://www.facebook.com/reel/1483309959278825/,1,0,Reels,,,,,Total,35757,33235,1245,1162,31,52,780,,780,0,,,,193366.149,6.15,0
1223094679853480,100064588783898,"Federação Paulista de Futebol - FPF","EQUIPES EM CAMPO! 👀🔥
A bola vai rolar na Neo Química Arena! 
#PaulistasEmCampo #Corinthians","EQUIPES EM CAMPO! 👀🔥
A bola vai rolar na Neo Química Arena! 
#PaulistasEmCampo #Corinthians",25,"09/10/2025 17:32",N/A,https://www.facebook.com/reel/1989281598571133/,1,0,Reels,,,,,Total,4781,4626,178,174,0,4,51,,51,0,,,,24143.87,5.384,0
1223078726521742,100064588783898,"Federação Paulista de Futebol - FPF","“NUNCA MAIS VOU LAVAR A MINHA MÃO” 🗣️😶‍🌫️
O @hugosouza fez a alegria das crianças antes do jogo! 
#PaulistasEmCampo #Corinthians","“NUNCA MAIS VOU LAVAR A MINHA MÃO” 🗣️😶‍🌫️
O @hugosouza fez a alegria das crianças antes do jogo! 
#PaulistasEmCampo #Corinthians",13,"09/10/2025 17:09",N/A,https://www.facebook.com/reel/25391228953797305/,1,0,Reels,,,,,Total,14460,12561,411,393,9,9,220,,220,0,,,,75919.455,6.426,0
1223077806521834,100064588783898,"Federação Paulista de Futebol - FPF","Alô, @hugosouza 👀🥰
#FutebolPaulista #Corinthians 
📷Diego Soares/Ag. Paulistão",,0,"09/10/2025 17:07",N/A,https://www.facebook.com/futebolpaulista/posts/pfbid0q2MfJAtfTmQJery7ooykBVXxvYZqtg6KCBDowi1bmz73JtMXQFhDinmVkp4VdbPkl,0,0,Fotos,,,,,Total,58104,40699,585,493,75,17,1016,202,813,0,2,3,1,,,
1223075589855389,100064588783898,"Federação Paulista de Futebol - FPF","O TIMÃO ESTÁ PRONTO PARA A DECISÃO NA @copadobrasilcbf! 
#FutebolPaulista #Corinthians 
📷Diego Soares/Ag. Paulistão",,0,"09/10/2025 17:03",N/A,https://www.facebook.com/futebolpaulista/posts/pfbid02NE5VBpF7K9pnomnVMUQ5w6W9KA2pVadmWhPpdFUi8J2RNmK7eZ3TzPNVvmjPfM2jl,0,0,Fotos,,,,,Total,5905,4315,149,145,0,4,54,36,18,0,,,,,,
1223072849855663,100064588783898,"Federação Paulista de Futebol - FPF","NO AQUECIMENTO! 💪
Timão se preparando para o jogo de volta das quartas da @copadobrasilcbf! 
#PaulistasEmCampo #Corinthians","NO AQUECIMENTO! 💪
Timão se preparando para o jogo de volta das quartas da @copadobrasilcbf! 
#PaulistasEmCampo #Corinthians",23,"09/10/2025 16:57",N/A,https://www.facebook.com/reel/1179045154244746/,1,0,Reels,,,,,Total,2896,2971,108,102,4,2,43,,43,0,,,,10087.203,3.673,0
1223055926524022,100064588783898,"Federação Paulista de Futebol - FPF","LEMBRANÇAS DA ÚLTIMA SEXTA-FEIRA! 🤝🏈
O gramado da Neo Química Arena ficou assim depois da partida entre Chargers e Chiefs pela NFL! 
#PaulistasEmCampo #Corinthians","LEMBRANÇAS DA ÚLTIMA SEXTA-FEIRA! 🤝🏈
O gramado da Neo Química Arena ficou assim depois da partida entre Chargers e Chiefs pela NFL! 
#PaulistasEmCampo #Corinthians",7,"09/10/2025 16:24",N/A,https://www.facebook.com/reel/4001524520113052/,1,0,Reels,,,,,Total,14625,12179,117,109,4,4,175,,175,0,,,,48470.873,4.298,0
1223042956525319,100064588783898,"Federação Paulista de Futebol - FPF","NA CASA! 🏠👀🏟️
O Timão chegou na Neo Química Arena para o duelo na @copadobrasilcbf! 
#PaulistasEmCampo #Corinthians","NA CASA! 🏠👀🏟️
O Timão chegou na Neo Química Arena para o duelo na @copadobrasilcbf! 
#PaulistasEmCampo #Corinthians",29,"09/10/2025 16:01",N/A,https://www.facebook.com/reel/1792858071617282/,1,0,Reels,,,,,Total,43696,45542,2449,2375,19,55,883,,883,0,,,,295998.625,7.259,0
1222999506529664,100064588783898,"Federação Paulista de Futebol - FPF","VEM AÍ O AMADOR DO ESTADO!
Com início no dia 12 de outubro, 20 equipes participam da competição. Saiba mais em futebolpaulista.com.br!",,0,"09/10/2025 14:35",N/A,https://www.facebook.com/futebolpaulista/posts/pfbid02ranLDzYzZQC29wa4wSnNy24VxdizsZB8pNH4K4P17Ys4umJLhcjJ3kXD6X28SXRBl,0,0,Fotos,,,,,Total,10531,5654,92,70,6,16,686,524,138,0,,,24,,,
1222945913201690,100064588783898,"Federação Paulista de Futebol - FPF","INVASÃO PELAS BRABAS!💜
Hoje é dia de Timão na @copadobrasilcbf e o clube promove campanha visando a final do @brfeminino, que será no próximo domingo contra o Cruzeiro na Neo Química Arena!
#InvasãoPelasBrabas #FutebolPaulista
📷José Manoel Idalgo/Corinthians",,0,"09/10/2025 13:00",N/A,https://www.facebook.com/futebolpaulista/posts/pfbid038B9ho3saYeTmeZtT7PPn5rrTX2FurED3gfHnXoGjaTRBjKQEuSn7FGheJWcqeSRil,0,0,Fotos,,,,,Total,11270,8323,454,419,30,5,155,28,127,0,1,,,,,
1222840963212185,100064588783898,"Federação Paulista de Futebol - FPF","TIMÃO INVICTO NA COPA DO BRASIL! 💪🦅
A campanha até aqui foi impecável, e hoje o Corinthians tem mais um desafio rumo à semifinal da @copadobrasilcbf!
#PaulistasEmCampo #Corinthians",,0,"09/10/2025 11:00",N/A,https://www.facebook.com/futebolpaulista/posts/pfbid0wQ9DUQRYvPzLL1NhpBqFvtT4AW3zzbXxUTcLsUaRUykZo1hBBQJdqALZvSSUzSJyl,0,0,Fotos,,,,,Total,14647,9726,330,282,38,10,209,80,129,0,,1,,,,
1222680553228226,100064588783898,"Federação Paulista de Futebol - FPF","Fim de mais uma rodada de @brasileiraob. Vem ver como as minhas equipes estão na tabela!
#PaulistasEmCampo #SérieB",,0,"09/10/2025 07:00",N/A,https://www.facebook.com/futebolpaulista/posts/pfbid02NEJ9xDkfAiogn7PASToXeGBu3Wio6jcSD7HiV2e5eyMb58RVxtJFJfPjKZHn16Ftl,0,0,Fotos,,,,,Total,67698,47236,301,262,31,8,1218,676,542,0,1,1,,,,
1222567666572848,100064588783898,"Federação Paulista de Futebol - FPF","VOCÊ NÃO ESTÁ SOZINHO! 💛🤝
Dia 10 de setembro é Dia Mundial de Prevenção do Suicídio. Se precisar, peça ajuda, ligue 188 para o Centro de Valorização da Vida (CVV).
#FPF #DiaMundialDePrevençaooDoSuicídio",,0,"09/10/2025 04:00",N/A,https://www.facebook.com/futebolpaulista/posts/pfbid032uUKKnNQ3Nm4tHkRKeaawD5LadHgqUa4sTGbsh3LTxEv82cvXoPYDWUNAurwgwehl,0,0,Fotos,,,,,Total,4505,3103,77,54,2,21,45,27,18,0,,,,,,
1222296716599943,100064588783898,"Federação Paulista de Futebol - FPF","VAAAAAAAAI, CORINTHIANS! 🦅🔥
A Neo Química Arena vai receber a decisão quartas da @copadobrasilcbf e a Fiel tem uma só missão: apoiar o Timão até o fim!
#PaulistasEmCampo #Corinthians",,0,"09/09/2025 20:05",N/A,https://www.facebook.com/futebolpaulista/posts/pfbid0BHtvi9Q1hjVRXk53Si6yuxUvQ5SjnCY2JxaTG67WT4toC6d3r8pgbDQCyzC2BYtVl,0,0,Fotos,,,,,Total,119505,88558,1667,1554,78,35,931,503,428,0,7,3,,,,
1222249586604656,100064588783898,"Federação Paulista de Futebol - FPF","Na altitude, o Brasil foi superado pela Bolívia no último compromisso das Eliminatórias da Copa do Mundo! #PaulistasEmCampo
📷 Rafael Ribeiro/CBF",,0,"09/09/2025 18:34",N/A,https://www.facebook.com/futebolpaulista/posts/pfbid0LGHJLd51YYLfs5GbChGtXgqu8Vm1KwtDUhLinYxKiTPy6hhuvzQh5zmZ9D7jC5sHl,0,0,Fotos,,,,,Total,80037,55729,717,391,309,17,1681,377,1304,0,1,1,,,,
1222140836615531,100064588783898,"Federação Paulista de Futebol - FPF","1️⃣ ANO DE @memphisdepay NO TIMÃO! 🥳🌟
#FutebolPaulista #Corinthians
📷 Mauro Horita/Ag. Paulistão",,0,"09/09/2025 14:59",N/A,https://www.facebook.com/futebolpaulista/posts/pfbid0nTqC7n6GiY2p76wyRkYCgN7UHERh2bcGRAbfLvMjjasbiLXYJoQHTbmdVL4XoT7gl,0,0,Fotos,,,,,Total,95029,66953,2876,2705,136,35,1500,730,770,0,3,6,,,,
1222115449951403,100064588783898,"Federação Paulista de Futebol - FPF","O CAMISA 2️⃣9️⃣ DO CORINTHIANS! 🦅
O @vittinho veio para reforçar o elenco do Timão nessa janela!
#PaulistasEmCampo #Corinthians",,0,"09/09/2025 14:00",N/A,https://www.facebook.com/futebolpaulista/posts/pfbid0BpoW3VzERv1usuo5AtuZDVnG7U24ssG4KFJEKXMJcXK6auhXffW3PXRqYvTQwntzl,0,0,Fotos,,,,,Total,63308,42715,1053,990,57,6,782,253,529,0,2,2,,,,
1222082049954743,100064588783898,"Federação Paulista de Futebol - FPF","OS NOVOS NOMES DO VERDÃO! 🐷🤝
Foram cinco jogadores contratados na última janela. O que achou, torcedor?
#PaulistasEmCampo #Palmeiras",,0,"09/09/2025 13:00",N/A,https://www.facebook.com/futebolpaulista/posts/pfbid0rDADu61nB3WS238nzvpqeQ8sHY3EFtLShMYPcfCM4SSGP8K52K2SAH2sZ6L6vnCGl,0,0,Fotos,,,,,Total,76913,54145,1349,1254,68,27,1156,480,676,0,2,,,,,
1222050363291245,100064588783898,"Federação Paulista de Futebol - FPF","NOVO QUARTETO NO TRICOLOR! 👀🇾🇪
São quatro novos nomes no São Paulo. Gostou das contratações, torcedor?
#PaulistasEmCampo #SãoPaulo",,0,"09/09/2025 12:00",N/A,https://www.facebook.com/futebolpaulista/posts/pfbid0cRxd6jDxXPbG6U5grmJQRfvYiHVTBobFz1p12q3QTnThD8vyyfw7cTZwzwvmZi3Vl,0,0,Fotos,,,,,Total,20017,13493,131,119,8,4,554,210,344,0,,1,,,,
1222003576629257,100064588783898,"Federação Paulista de Futebol - FPF","OS REFORÇOS DO ALVINEGRO DA BAIXADA! 🐳🫵
A janela foi movimentada para o Peixão. Animado, torcedor?
#PaulistasEmCampo #Santos",,0,"09/09/2025 11:00",N/A,https://www.facebook.com/futebolpaulista/posts/pfbid0QzqSi8URTyxwTZbtfm4EDTnw3vR2PXRM8ww2ZrFa6VJ4RPPAratdPho6GPY5ynXDl,0,0,Fotos,,,,,Total,16983,11401,192,163,25,4,453,169,284,0,,,,,,
1221967233299558,100064588783898,"Federação Paulista de Futebol - FPF","TRIO DE REFORÇOS NO MASSA BRUTA! 🐂✍️
Alix Vinicius, Gustavo Marques e Vanderlan chegam para reforçar o Red Bull Bragantino!
#PaulistasEmCampo #RedBullBragantino",,0,"09/09/2025 10:00",N/A,https://www.facebook.com/futebolpaulista/posts/pfbid0eog2pHwmCVQtYR5rHkkDWP7Djxoox6UPzKCW41GNo7i6L3G9Tctu3segGuyM7zVpl,0,0,Fotos,,,,,Total,40669,30300,65,63,1,1,315,148,167,0,1,,,,,
1221925226637092,100064588783898,"Federação Paulista de Futebol - FPF","TEM NOVIDADE NO LEÃO! 🦁🌟
Se liga nos reforços da equipe de Mirassol para o restante da temporada!
#PaulistasEmCampo #Mirassol",,0,"09/09/2025 09:00",N/A,https://www.facebook.com/futebolpaulista/posts/pfbid033PeY656FZQvQtBcaHRSVSq5qaBycHkQ4SN3B2g3PBX55PoM9q8uYv9jmB5kJu9bJl,0,0,Fotos,,,,,Total,35032,23278,326,297,23,6,1176,307,869,0,,,,,,
1221878333308448,100064588783898,"Federação Paulista de Futebol - FPF","ACESSO LIBERADO NO FUTEBOL PAULISTA! 🔝⚽
Se liga quais foram os times que subiram para a Série C nos últimos 16 anos!
#PaulistasEmCampo #Acesso",,0,"09/09/2025 08:00",N/A,https://www.facebook.com/futebolpaulista/posts/pfbid02QF3QAsZjbfroWKLimPCtFrMUFBdZFY513EQPY3rYqWWEnaEcNS7cQNaT27Cx1qYFl,0,0,Fotos,,,,,Total,66059,45458,445,398,35,12,1495,555,940,0,1,1,,,,
1221801153316166,100064588783898,"Federação Paulista de Futebol - FPF","VAMOS, BRASIL! 💪🇧🇷
Dia do último compromisso do @brasil pelas eliminatórias da Copa do Mundo!
#PaulistasEmCampo",,0,"09/09/2025 06:00",N/A,https://www.facebook.com/futebolpaulista/posts/pfbid02PQ1Kre3pvMvJoMopWfMTg2MP2wc3Fbcx1cn6xLDrPAMpHNUwVVMcL98CPntFiCabl,0,0,Fotos,,,,,Total,18851,13277,308,291,7,10,222,94,128,0,,1,,,,
1221397560023192,100064588783898,"Federação Paulista de Futebol - FPF","Ficou tudo igual em Novo Horizonte! #PaulistasEmCampo
📷 Higor Basso/Novorizontino",,0,"09/08/2025 17:34",N/A,https://www.facebook.com/futebolpaulista/posts/pfbid0HA5v9TPyaBLjbRqhcJZ37xpehsCRhaGJij1tnMenEbJYbZSd4Y2JAsqwHyfSVTX4l,0,0,Fotos,,,,,Total,23951,16757,180,141,32,7,486,90,396,0,,,,,,
1221327793363502,100064588783898,"Federação Paulista de Futebol - FPF","EXPECTATIVAS PÓS-ELIMINAÇÃO! 
Agora que o @brunoryancruz foi eliminado, qual será a expectativa dele com o Tricolor? 👀😂
#CriadoresPaulistãoSicredi","EXPECTATIVAS PÓS-ELIMINAÇÃO! 
Agora que o @brunoryancruz foi eliminado, qual será a expectativa dele com o Tricolor? 👀😂
#CriadoresPaulistãoSicredi",25,"09/08/2025 15:01",mixed,https://www.facebook.com/reel/1665260884144466/,1,0,Reels,,,,,Total,2145,2132,17,16,0,1,10,,10,0,,,,7918.313,3.87,0
1221282543368027,100064588783898,"Federação Paulista de Futebol - FPF","FIM DOS JOGOS DE IDA! ✅
Quais times avançam pras semifinais da #CopaPaulistaSicredi?",,0,"09/08/2025 13:17",N/A,https://www.facebook.com/futebolpaulista/posts/pfbid02ZCmnwNMBhvqTYcyP6nuNvAbWsW1j5M8SUQ9wQsfYgsj5EZkfniHzaM53kzVwxCS9l,0,0,Fotos,,,,,Total,88202,61203,358,269,74,15,1785,644,1141,0,1,1,,,,
1221280846701530,100064588783898,"Federação Paulista de Futebol - FPF","GOLEADA! 👻
O Primavera fez 4 a 0 no jogo de ida das quartas de final da #CopaPaulistaSicredi! 
📷 Rodrigo Menezes/Bigas",,0,"09/08/2025 13:13",N/A,https://www.facebook.com/futebolpaulista/posts/pfbid02GvS4PfWtFuN2Zywv4vbeYc8Wbd4U5iRGSKEWY46dQ9hmYKEuHeyBk357N4Q79Uetl,0,0,Fotos,,,,,Total,75060,51597,308,226,68,14,1356,382,974,0,1,1,,,,
1221207316708883,100064588783898,"Federação Paulista de Futebol - FPF","O MAIS NOVO DESDE PELÉ! ⚽🌟 🇧🇷
Com o gol contra o Chile, Estêvão se tornou o mais novo a marcar pelo Brasil em jogos oficiais desde Pelé! 
#PaulistasEmCampo #Estevao #SeleçãoBrasileira",,0,"09/08/2025 11:00",N/A,https://www.facebook.com/futebolpaulista/posts/pfbid028K1pps7WpgX9QRFCK18xrs3FqQgjbUG7mELab4DN6w5MKWLfUsdMhiyddapiHSYnl,0,0,Fotos,,,,,Total,47146,33492,406,322,68,16,512,212,300,0,,,,,,
1221091316720483,100064588783898,"Federação Paulista de Futebol - FPF","ABRINDO A SEMANA!
O União São João vai até Indaiatuba para enfrentar o Primavera na última partida da ida das quartas de final da Copa Paulista Sicredi! AO VIVO no YouTube do @paulistao!
#CopaPaulistaSicredi",,0,"09/08/2025 08:00",N/A,https://www.facebook.com/futebolpaulista/posts/pfbid0uhk7ZoQcTWLyKQb6mZBV63byUjT7cnMSePSsTTs1hBJZW9aY4G8KFhL45gZw24V8l,0,0,Fotos,,,,,Total,10632,7476,96,84,8,4,178,50,128,0,1,,,,,
1221013260061622,100064588783898,"Federação Paulista de Futebol - FPF","O TIGRE TÁ MIRANDO O G4! 🐯👀
Tem Novorizontino no @brasileiraob para abrir a semana e subir na tabela!
#PaulistasEmCampo",,0,"09/08/2025 06:00",N/A,https://www.facebook.com/futebolpaulista/posts/pfbid02ngPZfrzC3i6nDpzSSHxkQRvEeo2p3mTeyTcAu42aeZPCZ457QvkdTGeQ1Brah8rrl,0,0,Fotos,,,,,Total,87185,64828,176,138,14,24,683,411,272,0,1,,,,,
1220511096778505,100064588783898,"Federação Paulista de Futebol - FPF","VANTAGEM DA CASA!
O Comercial sai na frente pela vaga na #CopaPaulistaSicredi
📷 José Bazzo/Divulgação/Comercial",,0,"09/07/2025 13:44",N/A,https://www.facebook.com/futebolpaulista/posts/pfbid023Pyd98tqchrXGbXybTqBbLC2mwrTKSg48UFTkoc4kbT5edqz5Dw59TiCaZVJjTvvl,0,0,Fotos,,,,,Total,93542,64282,443,363,69,11,1167,420,747,0,1,2,,,,
1220421360120812,100064588783898,"Federação Paulista de Futebol - FPF","AVISA QUE É ELE 👉🦁👈
Memphis Depay marcou duas vezes diante da Lituânia e se tornou o maior artilheiro da história dos Países Baixos, com 52 gols marcados.
#PaulistasEmCampo
📷 Reprodução/onsoranje",,0,"09/07/2025 10:59",N/A,https://www.facebook.com/futebolpaulista/posts/pfbid027PB56x2d8kSPxQzssegU8eVF3fLUiwYy3qi2iLhjyuwEC6AQq7sXMSRGTY8frsTkl,0,0,Fotos,,,,,Total,93697,66344,1689,1553,110,26,1252,355,897,0,2,1,,,,
1220349206794694,100064588783898,"Federação Paulista de Futebol - FPF","O torcedor da @interdelimeiraoficial acordou como depois do acesso?🦁⬆️🕺
#InternaCional","O torcedor da @interdelimeiraoficial acordou como depois do acesso?🦁⬆️🕺
#InternaCional",15,"09/07/2025 09:23",uploaded,https://www.facebook.com/reel/1100573205595026/,1,0,Reels,,,,,Total,20664,19469,337,322,8,7,171,,171,0,,,,131483.179,7.006,0
1220296770133271,100064588783898,"Federação Paulista de Futebol - FPF","TUDO IGUAL!
Francana e Grêmio Prudente ficaram no empate na manhã deste domingo.
#CopaPaulistaSicredi
📷 Gustavo Borges/Francana",,0,"09/07/2025 08:20",N/A,https://www.facebook.com/futebolpaulista/posts/pfbid023fhiq5wHTkdqW1nuzxeUhPa1T9uoXwpfhK1qveCkHgjxCbLNoDETbdTo2M69kGo5l,0,0,Fotos,,,,,Total,24317,17030,162,139,17,6,316,85,231,0,1,,,,,
1220155746814040,100064588783898,"Federação Paulista de Futebol - FPF","Há 69 anos, o Rei Pelé estreava pelo @santosfc com uma vitória de 7 a 1 sobre o Corinthians de Santo André. O 👑 marcou o primeiro dos seus 1091 gols com a camisa do Peixe.
#FutebolPaulista #Pelé
📷Divulgação/Santos FC",,0,"09/07/2025 05:00",N/A,https://www.facebook.com/futebolpaulista/posts/pfbid02XszqPf8XE4CHcghLqmfTNtM6yBLRSUn2WeLYeprL1bgH63R6axTnhQvrSeqvDeLHl,0,0,Fotos,,,,,Total,161243,114832,3535,3128,228,179,2614,1143,1471,0,10,8,,,,
1220120690150879,100064588783898,"Federação Paulista de Futebol - FPF","DIA DO UNIÃO MOGI! 🎉👏
A equipe de Mogi das Cruzes celebra 112 anos nesse domingo (7). Parabéns!
#FutebolPaulista #UniãoMogi",,0,"09/07/2025 04:00",N/A,https://www.facebook.com/futebolpaulista/posts/pfbid0mfXUNcSjFXV6pbtuUhoBiiFBQ1extzRfKH2tnFxJ2ZGioGg8u7PqF31zzdURnRapl,0,0,Fotos,,,,,Total,17958,12278,316,250,43,23,272,52,220,0,2,,,,,
1220083330154615,100064588783898,"Federação Paulista de Futebol - FPF","EM DOSE DUPLA!
Francana, Grêmio Prudente, Comercial e São José vão entrar em campo para as quartas de final nesse domingão!
#CopaPaulistaSicredi",,0,"09/07/2025 03:00",N/A,https://www.facebook.com/futebolpaulista/posts/pfbid02Jtmyd6N26bFbWkgn6A3K6BVPgvRBdJfCtiqBtMKjdMJAcwjm412te41tCq2qk1DBl,0,0,Fotos,,,,,Total,22567,16286,96,88,5,3,211,105,106,0,1,1,,,,
1219758520187096,100064588783898,"Federação Paulista de Futebol - FPF","Com o acesso da Inter de Limeira para a Série C e vitória da Ponte no Dérbi, o sábado terminou assim para o Futebol Paulista!
#FutebolPaulista #PaulistasEmCampo",,0,"09/06/2025 17:40",N/A,https://www.facebook.com/futebolpaulista/posts/pfbid0xcamP8EBifQtp7UAeY9dBvJmGCwSR1LNYVumBHgbghvpZgFzPzi8SVq1ZYEv2jFDl,0,0,Fotos,,,,,Total,124404,83446,447,401,37,9,1968,1055,913,0,2,,,,,
1219754970187451,100064588783898,"Federação Paulista de Futebol - FPF","O São Bernardo foi buscar o empate e somou um ponto na fase decisiva da Série C!
#FutebolPaulista #PaulistasEmCampo
📷Janes Carvalho/Divulgação/São Bernardo",,0,"09/06/2025 17:32",N/A,https://www.facebook.com/futebolpaulista/posts/pfbid0mr7uwWHy9DFrLoFK4cJNLcFHZ7v78BJvbzt9QZbSYjm1Y1w75LE6W53meYjWMNTMl,0,0,Fotos,,,,,Total,40875,29155,172,153,15,4,438,184,254,0,,,,,,
1219712453525036,100064588783898,"Federação Paulista de Futebol - FPF","O DÉRBI 211 É DA PONTE PRETA!
#FutebolPaulista #Dérbi211
📷Marcos Ribolli/PontePress",,0,"09/06/2025 16:00",N/A,https://www.facebook.com/futebolpaulista/posts/pfbid0gveKrVmzYUQBuP5xeC1VeLYW77vXdvXWQMwBTgTmtfT3aXDUacQyR831SVLmrr1Dl,0,0,Fotos,,,,,Total,49587,33550,893,764,112,17,1358,632,726,0,1,2,,,,
1219696993526582,100064588783898,"Federação Paulista de Futebol - FPF","🥰🤰👶🏻
O papai Lucas Douglas é só alegria no acesso da Inter de Limeira! 
#FutebolPaulista
📷Diego Soares/Ag. Paulistão",,0,"09/06/2025 15:32",N/A,https://www.facebook.com/futebolpaulista/posts/pfbid08P4FTawLbujK4TQFjnDtaYLqChxjW7MkHXFbyXz1SWZmVvoQst8QYB7oJ1SRpTysl,0,0,Fotos,,,,,Total,22034,14297,209,197,10,2,672,521,151,0,,,,,,
1219682983527983,100064588783898,"Federação Paulista de Futebol - FPF","VITÓRIA DA MACACA NO DÉRBI 211!
A Ponte Preta começou a fase final da Série C com uma bela vitória no clássico!
#FutebolPaulista #Dérbi211
📷Marcos Ribolli/PontePress",,0,"09/06/2025 15:05",N/A,https://www.facebook.com/futebolpaulista/posts/pfbid0hd3yVV2c3FzQpxBRcGJBtgYjPRBEJgpzQFpT4j3ucaRyJEWkRN8hYe9xsrbbjUYbl,0,0,Fotos,,,,,Total,202992,144812,1504,1261,187,56,2677,1020,1656,0,4,4,1,,,
1219679493528332,100064588783898,"Federação Paulista de Futebol - FPF","A SÉRIE C É LOGO ALI! A FESTA NÃO TEM HORA PARA ACABAR EM LIMEIRA!
#FutebolPaulista
📷Diego Soares/Ag. Paulistão",,0,"09/06/2025 14:57",N/A,https://www.facebook.com/futebolpaulista/posts/pfbid02TngeZG6FsrHYRk1smthpEUYd2a2P3LPFSsD9okThyAG26UMVAcncUtBbpjAVMvFYl,0,0,Fotos,,,,,Total,218240,141490,1592,1475,88,29,10996,8231,2765,0,1,2,,,,
1219671496862465,100064588783898,"Federação Paulista de Futebol - FPF","VAI COMEÇAR A FESTAA🎉🎉
A torcida da @interdelimeiraoficial deu show e empurrou o time para a Série C do Brasileiro!
#Leão #InternaCional","VAI COMEÇAR A FESTAA🎉🎉
A torcida da @interdelimeiraoficial deu show e empurrou o time para a Série C do Brasileiro!
#Leão #InternaCional",29,"09/06/2025 14:38",N/A,https://www.facebook.com/reel/998887408974467/,1,0,Reels,,,,,Total,74636,71795,1633,1516,51,66,1896,,1894,0,,,2,774722.604,11.073,0
1219667510196197,100064588783898,"Federação Paulista de Futebol - FPF","JONAS TORÓ É O NOME DO GOL!
O atacante coloca a Ponte Preta na frente do placar no Dérbi!
#FutebolPaulista #Dérbi211 #PontePreta
🎥Ponte Preta","JONAS TORÓ É O NOME DO GOL!
O atacante coloca a Ponte Preta na frente do placar no Dérbi!
#FutebolPaulista #Dérbi211 #PontePreta
🎥Ponte Preta",28,"09/06/2025 14:29",N/A,https://www.facebook.com/futebolpaulista/videos/1502841321056717/,0,0,Vídeos,,,,,Total,69136,60561,946,829,87,30,2419,,2419,0,,,,672132.229,11.544,0
1219663643529917,100064588783898,"Federação Paulista de Futebol - FPF","Botafogo é superado em casa no @brasileiraob!
#FutebolPaulista #PaulistasEmCampo
📷João Victor Menezes de Souza/Agência Botafogo",,0,"09/06/2025 14:21",N/A,https://www.facebook.com/futebolpaulista/posts/pfbid036y9WrNj9JVMSaKar9eq4FPtNuDhMHESUHGdyYsgPZcU3NRA7ncvdQNoU2kWktE4Dl,0,0,Fotos,,,,,Total,31667,22625,198,109,83,6,594,131,463,0,,,,,,
1219661206863494,100064588783898,"Federação Paulista de Futebol - FPF","O LEÃO SUBIU!!! 
FESTA EM LIMEIRA PARA O ACESSO DA INTER!
#FutebolPaulista",,0,"09/06/2025 14:15",N/A,https://www.facebook.com/futebolpaulista/posts/pfbid02YteHxVRVksm6A5mAegm1WqFBbezVCZy8XF9Bp62kMmArQZBCxReGCeaLPC9W8bfxl,0,0,Fotos,,,,,Total,151926,108728,1731,1546,135,50,3724,924,2800,0,6,2,,,,
1219659820196966,100064588783898,"Federação Paulista de Futebol - FPF","VITÓRIA E ACESSO DA INTER! É FESTA EM LIMEIRA!
#FutebolPaulista
📷Diego Soares/Ag. Paulistão",,0,"09/06/2025 14:11",N/A,https://www.facebook.com/futebolpaulista/posts/pfbid03XQQe97gBL48jYz2xU3f1W727mCCQHvWBTQ6xv3DMpz1VoSKmK1dne8rABfmmBwAl,0,0,Fotos,,,,,Total,256395,179767,1726,1526,154,46,5076,2019,3057,0,6,1,,,,
1219649560197992,100064588783898,"Federação Paulista de Futebol - FPF","COMEMORA, LEÃO!
Kaio Cristian coloca a Inter na frente do placar em busca do acesso!
#FutebolPaulista
📷Diego Soares/Ag. Paulistão",,0,"09/06/2025 13:48",N/A,https://www.facebook.com/futebolpaulista/posts/pfbid02rHrWTLvppXwDJxoZvjUTGDFZtpKzdvdpaqSz9qQR2iC5qw7SW23jcotrkqeXtWfSl,0,0,Fotos,,,,,Total,11106,7914,121,115,4,2,130,63,67,0,,,,,,
1219645986865016,100064588783898,"Federação Paulista de Futebol - FPF","GOOOOOOLLLL DA INTERRRR!!!!!!!
Kaio Cristian abre o placar para o Leão🦁🦁🦁
VAMOS SUBIR INTEEERRR!","GOOOOOOLLLL DA INTERRRR!!!!!!!
Kaio Cristian abre o placar para o Leão🦁🦁🦁
VAMOS SUBIR INTEEERRR!",29,"09/06/2025 13:40",N/A,https://www.facebook.com/reel/2570530576636945/,1,0,Reels,,,,,Total,36772,36717,527,477,25,25,1130,,1130,0,,,,374991.326,10.694,0
1219638980199050,100064588783898,"Federação Paulista de Futebol - FPF","VITÓRIA DO XVZÃO!
Xv de Piracicaba vence fora de casa e sai em vantagem no jogo de ida das quartas de final da Copa Paulista Sicredi.
#CopaPaulistaSicredi
📷Divulgação/XV de Piracicaba",,0,"09/06/2025 13:23",N/A,https://www.facebook.com/futebolpaulista/posts/pfbid031gV7wHRzScTKXx6GWLVuSizA4XxNtfRsPQrgSsEpxWPEQcL87XqKub7ivFL1VLGml,0,0,Fotos,,,,,Total,96628,67999,663,584,49,30,1258,516,742,0,2,,,,,
1219635620199386,100064588783898,"Federação Paulista de Futebol - FPF","EMOCIONANTE!🥰
Pedro Severino, ao lado do seu pai, Lucas Severino, deu o pontapé inicial no confronto entre Botafogo e Athletico Paranaense, pelo @brasileiraob.
#FutebolPaulista
🎥 @desimpedidos","EMOCIONANTE!🥰
Pedro Severino, ao lado do seu pai, Lucas Severino, deu o pontapé inicial no confronto entre Botafogo e Athletico Paranaense, pelo @brasileiraob.
#FutebolPaulista
🎥 @desimpedidos",100,"09/06/2025 13:17",auto,https://www.facebook.com/futebolpaulista/videos/653719901108607/,0,0,Vídeos,,,,,Total,25037,25070,614,574,22,18,1957,,1957,0,,,,357608.411,15.448,0
1219628910200057,100064588783898,"Federação Paulista de Futebol - FPF","INTERVALO EM LIMEIRA!
O placar não saiu do zero, mas no segundo tempo a Inter vai com tudo em busca do acesso!
#FutebolPaulista
📷Diego Soares/Ag. Paulistão",,0,"09/06/2025 13:01",N/A,https://www.facebook.com/futebolpaulista/posts/pfbid0fgnTQNoPWxre7kNaCgGfpDA8inm3T26ihKcg7zbP9eztUt3UC2uTMRphkuVy4tbXl,0,0,Fotos,,,,,Total,23079,16730,157,149,7,1,341,120,221,0,,,,,,
1219575210205427,100064588783898,"Federação Paulista de Futebol - FPF","A torcida do Leão marcando presença para apoiar a @interdelimeiraoficial neste jogo decisivo que vale o acesso para a Série C do Brasileiro.
📷Diego Soares/Ag. Paulistão",,0,"09/06/2025 11:26",N/A,https://www.facebook.com/futebolpaulista/posts/pfbid0ZUicrwoLqoSDatkTJAhvue6QjNqLckvgAdLJvxypMeheYmWPf4TXQ3kfUmzzuCUTl,0,0,Fotos,,,,,Total,33655,24222,319,301,14,4,1059,797,255,0,1,,7,,,
1219436526885962,100064588783898,"Federação Paulista de Futebol - FPF","SABADOU!
O Oeste recebe o XV de Piracicaba para abrir o fim de semana e as quartas de final da Copa Paulista Sicredi! AO VIVO no YouTube do @paulistao!
#CopaPaulistaSicredi",,0,"09/06/2025 08:00",N/A,https://www.facebook.com/futebolpaulista/posts/pfbid0mW8jTBY7QqZhWiNc2R5VBEppv8r1vgj5pMuBFUosKtGaew1jWXmbPejqe3iFxUnjl,0,0,Fotos,,,,,Total,12486,9053,70,59,7,4,134,54,80,0,,,,,,
1219394500223498,100064588783898,"Federação Paulista de Futebol - FPF","DÉRBI CAMPINEIRO NA SÉRIE C! 🏹⚔️🦍
Abrindo o quadrangular, tem clássico paulista na #SérieC. Bugre e Macaca se enfrentam em busca dos três pontos nesse sábado! Quem vence, torcedor?
#PaulistasEmCampo",,0,"09/06/2025 07:00",N/A,https://www.facebook.com/futebolpaulista/posts/pfbid0B9AC5w23SBG8EKoh32RaGMyGqaXyR5dNyumntyMFdxDViqJTMJhc2A3J8ueKNvdCl,0,0,Fotos,,,,,Total,30128,22241,254,188,55,11,475,142,333,0,,,,,,
1219357783560503,100064588783898,"Federação Paulista de Futebol - FPF","CHUVA DE DIVISÕES NO @brasileirao!
Minhas equipes têm compromissos em três divisões nesse sábado! E fica ligado que tem jogo do acesso para a @interdelimeiraoficial 👀
#PaulistasEmCampo",,0,"09/06/2025 06:00",N/A,https://www.facebook.com/futebolpaulista/posts/pfbid02hrV3YRbpdvH8viycGfuvDksLoTSKkrcrg3WHCSSnqVUFtmUKaYm7Mv7CPQYLcrc2l,0,0,Fotos,,,,,Total,23869,17183,148,135,5,8,264,159,105,0,1,,,,,
1219321686897446,100064588783898,"Federação Paulista de Futebol - FPF","VAMOS SUBIR, LEÃO! 🦁🔝
Dia de jogo decisivo na #SérieD para a @interdelimeiraoficial e a meta é uma só: o acesso para a #SérieC!
#PaulistasEmCampo #InterDeLimeira",,0,"09/06/2025 05:00",N/A,https://www.facebook.com/futebolpaulista/posts/pfbid02FgFAMhdrc273Nkyw5xwrQvob4JdhqFwX1NeugBXgT11gLMhSXBRAXHQsMseckj94l,0,0,Fotos,,,,,Total,119045,89307,673,561,92,20,1389,572,817,0,1,,,,,
1219288723567409,100064588783898,"Federação Paulista de Futebol - FPF","DIA DE HOMENAGENS!
O atacante Pedro Severino, de 19 anos, será homenageado pelo Botafogo no duelo pela Série B contra o Athletico Paranaense neste sábado (6), às 16h, no Estádio Santa Cruz/Arena Nicnet. A tarde promete para o garoto, revelado nas categorias de base do Tricolor. O jogador será o responsável por dar o pontapé inicial na partida, receberá o novo uniforme número três do Botafogo e irá ganhar uma bandeira confeccionada por um grupo de torcedores. Ele estará acompanhado do seu pai, Lucas Severino, ídolo do Pantera e do Athletico Paranaense, da mãe, Lúcia, e dos irmãos João Victor e Maria.
Pedro Severino sofreu um gravíssimo acidente automobilístico no dia 4 de março, foi internado, passou por uma cirurgia devido a um traumatismo craniano e ficou 96 dias internado até receber alta.",,0,"09/06/2025 04:00",N/A,https://www.facebook.com/futebolpaulista/posts/pfbid02HPWwKvgzVaHU3U84fHpADf2ibdqsNNg2EAaZ9oc9AdkccWg5Rrw5YiZ8y8xpWdofl,0,0,Fotos,,,,,Total,194464,135245,2292,2066,175,51,2601,993,1608,0,3,1,,,,
1219048550258093,100064588783898,"Federação Paulista de Futebol - FPF","Ferroviária sofre revés fora de casa no @brasileiraob!🥲
#PaulistasEmCampo
📷Luis Miguel Ferreira/Ferroviária SAF",,0,"09/05/2025 20:18",N/A,https://www.facebook.com/futebolpaulista/posts/pfbid09VpRTmVh8EzQRxWEY3Tmm3n6M3UaKHrHSH3ciZ8wSd9DBRTabojn9Hx7DTwfxrXMl,0,0,Fotos,,,,,Total,30233,22472,121,106,12,3,324,134,190,0,,,,,,
1218965470266401,100064588783898,"Federação Paulista de Futebol - FPF","AMULETO DA FIEL! 
O Timão está pronto para receber Taylor Swift!🥰
#NFLNoBrasil
📷José Manoel Idalgo / Corinthians",,0,"09/05/2025 17:30",N/A,https://www.facebook.com/futebolpaulista/posts/pfbid0xVbQKPZi9EUyQ1g3QWow6BEkThY3u7CfLJFxcXY8LVWBjfrtE6Euctp9VGHFM7CXl,0,0,Fotos,,,,,Total,23350,15928,635,540,86,9,506,114,392,0,,,,,,
1218955860267362,100064588783898,"Federação Paulista de Futebol - FPF","O Neymar está na área para curtir a #NFLNoBrasil!🔥🔥
📷 @nflbrasil",,0,"09/05/2025 17:20",N/A,https://www.facebook.com/futebolpaulista/posts/pfbid02gVR6PhAzVuydhSj2BSFZH1p2ACY5ZGLzr7w7oAUxab1xpwiFBeAviMxLCm9rsUDfl,0,0,Fotos,,,,,Total,20355,11983,205,184,19,2,1157,820,337,0,1,2,,,,
1218939240269024,100064588783898,"Federação Paulista de Futebol - FPF","JuJu representando o craque do Paulistão Sicredi 2025!
#FutebolPaulista #NFLNoBrasil 
🎥 @nflbrasil","JuJu representando o craque do Paulistão Sicredi 2025!
#FutebolPaulista #NFLNoBrasil 
🎥 @nflbrasil",19,"09/05/2025 17:01",N/A,https://www.facebook.com/futebolpaulista/videos/1496819418432392/,0,0,Vídeos,,,,,Total,46135,42020,879,830,33,16,844,,844,0,,,,310739.879,8.01,0
1218910970271851,100064588783898,"Federação Paulista de Futebol - FPF","O manto do Timão tá em alta na #NFLNoBrasil!🔥🔥
📷 @chiefs",,0,"09/05/2025 16:02",N/A,https://www.facebook.com/futebolpaulista/posts/pfbid02GikJRykzvMhLydnXWrZVfZCKuNXhJCcgmnxiuJ6QBYBJz5FYRm4rhxAnw2f31TUHl,0,0,Fotos,,,,,Total,250621,161925,4563,4204,289,70,14420,10330,4077,0,5,2,13,,,
1218901443606137,100064588783898,"Federação Paulista de Futebol - FPF","⚽🤝🏈
O bonde do #FutebolPaulista está mais que preparado para a #NFLNoBrasil 🔥",,0,"09/05/2025 15:44",N/A,https://www.facebook.com/futebolpaulista/posts/pfbid028kMMdtDECqRzZacrcSeqpkv6ozaDMFTsvJvJMV8aQrvksvaJ5QthbsiG9aZwbuSHl,0,0,Fotos,,,,,Total,16258,11668,97,82,12,3,151,62,89,0,,,,,,
1218881816941433,100064588783898,"Federação Paulista de Futebol - FPF","BORA PARA AS QUARTAS!
A bola vai rolar para a primeira volta das quartas de final da Copa Paulista Sicredi. Se liga nos confrontos!
#CopaPaulistaSicredi",,0,"09/05/2025 15:00",N/A,https://www.facebook.com/futebolpaulista/posts/pfbid0trpQ51HaYwmaQUAkRdSPuqRBriLa4GPebjbvQw4AYG5ZD5jbmTpSWpJTD3USWNsnl,0,0,Fotos,,,,,Total,16394,11490,116,83,29,4,363,159,204,0,,,,,,
1218833720279576,100064588783898,"Federação Paulista de Futebol - FPF","VEM JOIA NOVA POR AÍ?
O lateral-direito Gilberto vem chamando a atenção nas categorias de base do Palmeiras e está pedindo passagem no profissional. O @_marco.pastore trouxe um pouco mais do jogador. Bora acompanhar? O vídeo está disponível também no YouTube do @paulistao.
#FutebolPaulista","VEM JOIA NOVA POR AÍ?
O lateral-direito Gilberto vem chamando a atenção nas categorias de base do Palmeiras e está pedindo passagem no profissional. O @_marco.pastore trouxe um pouco mais do jogador. Bora acompanhar? O vídeo está disponível também no YouTube do @paulistao.
#FutebolPaulista",147,"09/05/2025 13:30",N/A,https://www.facebook.com/futebolpaulista/videos/4317126938563496/,0,0,Vídeos,,,,,Total,18913,19626,415,376,16,23,362,,362,0,,,,309051.721,16.937,0
1218824896947125,100064588783898,"Federação Paulista de Futebol - FPF","Rigoni está de volta e já teve aquele contato com o elenco! Saudades dele em campo, torcida Tricolor?
#FutebolPaulista
📷Rubens Chiri / São Paulo FC",,0,"09/05/2025 13:14",N/A,https://www.facebook.com/futebolpaulista/posts/pfbid032p1cBedfd2a9eSuwEdgtoUvmdTPUFq5m17JgKw9SraMCzEFmPZ47wsrFZTBUmFJXl,0,0,Fotos,,,,,Total,22605,14944,290,283,2,5,872,683,189,0,1,,,,,
1218718080291140,100064588783898,"Federação Paulista de Futebol - FPF","ANDREAS PEREIRA É SELEÇÃO! 🇧🇷
O novo reforço do Palmeiras foi convocado para representar o Brasil na última rodada das Eliminatórias da Copa de 2026!
#FutebolPaulista #SeleçãoBrasileira",,0,"09/05/2025 10:12",N/A,https://www.facebook.com/futebolpaulista/posts/pfbid02vgCq1MhvzYj3RLswbVrMj9XcTjte1k5iAHpmCdn2nPppBQvZKFvWfnm6oLRmGAsRl,0,0,Fotos,,,,,Total,221943,154982,5543,5298,180,65,3610,1017,2593,0,5,3,,,,
1218548940308054,100064588783898,"Federação Paulista de Futebol - FPF","EM BUSCA DOS TRÊS PONTOS!
A Locomotiva viaja de olho em mais uma vitória no @brasileiraob.
#PaulistasEmCampo",,0,"09/05/2025 06:00",N/A,https://www.facebook.com/futebolpaulista/posts/pfbid0yoPJYoiCbBHUJ2dfBYx2QsrvgC1xqLqs7Cs7MSG1NT5AUFG7vKgprhyLYwpqz6W9l,0,0,Fotos,,,,,Total,12014,8854,72,69,1,2,91,50,41,0,,,,,,
1218468790316069,100064588783898,"Federação Paulista de Futebol - FPF","FELIZ ANIVERSÁRIO, LEONARDO! 👏
São 56 anos do campeão mundial com o São Paulo e com a Seleção Brasileira!
#FutebolPaulista #Aniversário",,0,"09/05/2025 04:00",N/A,https://www.facebook.com/futebolpaulista/posts/pfbid05bkgVUqKEt51FQMYKLZEznLpDTorwvWf7KPhxSK4KA32jkJNBXVP35Cpmvsg6jpcl,0,0,Fotos,,,,,Total,12719,8889,132,118,9,5,116,47,69,0,,1,,,,
1218183767011238,100064588783898,"Federação Paulista de Futebol - FPF","QUE JOGADA!
Olha só a categoria para marcar o terceiro gol da Seleção Brasileira.
#PaulistasEmCampo
🎥 TV Globo","QUE JOGADA!
Olha só a categoria para marcar o terceiro gol da Seleção Brasileira.
#PaulistasEmCampo
🎥 TV Globo",26,"09/04/2025 19:31",mixed,https://www.facebook.com/reel/1093357642945019/,0,0,Reels,,,,,Total,112041,96176,3221,3168,26,27,1374,,1373,0,,,1,1433726.99,15.291,0
1218182513678030,100064588783898,"Federação Paulista de Futebol - FPF","MAIS TRÊS NA CONTA!
A Seleção Brasileira vence o Chile no penúltimo jogo das Eliminatórias.
#PaulistasEmCampo #SeleçãoBrasileira
📷 Rafael Ribeiro/CBF",,0,"09/04/2025 19:29",N/A,https://www.facebook.com/futebolpaulista/posts/pfbid0DXxwdXHbPfGc1ux14aRKZ4evT6exexgJzTbzspgRZ77RrJfqjToJRasGwuN5LPHKl,0,0,Fotos,,,,,Total,91223,62444,1180,1008,133,39,1461,597,864,0,4,3,,,,
1218160550346893,100064588783898,"Federação Paulista de Futebol - FPF","MAIS QUE ESPECIAL!
Estêvão marca seu primeiro gol com a camisa da Seleção Brasileira ⚽💚💛
#PaulistasEmCampo #SeleçãoBrasileira
🎥 TV Globo","MAIS QUE ESPECIAL!
Estêvão marca seu primeiro gol com a camisa da Seleção Brasileira ⚽💚💛
#PaulistasEmCampo #SeleçãoBrasileira
🎥 TV Globo",23,"09/04/2025 18:46",mixed,https://www.facebook.com/reel/1960873768009283/,0,0,Reels,,,,,Total,189133,149233,3613,3450,100,63,2373,,2373,0,,,,1854184.142,12.588,0
1218061000356848,100064588783898,"Federação Paulista de Futebol - FPF","FUTEBOL COM INOVAÇÃO🎖️
A Federação Paulista de Futebol foi reconhecida na Confut Sudamericana 2025, conquistando o prêmio “Melhor Ação de Inovação/Tecnologia” pelo uso do impedimento semiautomático nas finais do Paulistão Sicredi entre Corinthians e Palmeiras!
#FPF",,0,"09/04/2025 15:40",N/A,https://www.facebook.com/futebolpaulista/posts/pfbid0tDaTy8ZXpKNLJE7BUXaAUZX8fbfocg9Lgf2k94pRBaorVo417suSx8pTaK9LSbSMl,0,0,Fotos,,,,,Total,2576,1728,16,14,1,1,19,13,6,0,,,,,,
1217945630368385,100064588783898,"Federação Paulista de Futebol - FPF","O MELHOR ESTREANTE DA HISTÓRIA DO @brasileirao! 🦁🔥
Que campanha GIGANTE do @mirassolfc na sua primeira vez disputando o Campeonato Brasileiro!
#PaulistasEmCampo #Mirassol",,0,"09/04/2025 12:00",N/A,https://www.facebook.com/futebolpaulista/posts/pfbid02AfdtiQHaDHBcs9Hu6uifMK6fikWxV1C3tofHe2i7RcYcGtHjPsrTC56wJpAKLT7Pl,0,0,Fotos,,,,,Total,47272,31289,634,567,46,21,1126,504,622,0,1,1,,,,
1217847633711518,100064588783898,"Federação Paulista de Futebol - FPF","O TIGRE DE OLHO NO ACESSO! 🐯👀
O @brasileiraob tá a todo vapor. Vem conferir a classificação!
#PaulistasEmCampo #SérieB",,0,"09/04/2025 10:00",N/A,https://www.facebook.com/futebolpaulista/posts/pfbid0utfXr4t5J8ghcHZcvNyPDtv5GxRup2hTUTxQ7SbdcJLF1VGuQhRwatg6azZwJEVgl,0,0,Fotos,,,,,Total,48745,32373,231,195,26,10,831,462,369,0,,,,,,
1217657627063852,100064588783898,"Federação Paulista de Futebol - FPF","DIRETO DO MARACANÃ!
Já classificado, o Brasil entra em campo diante do Chile buscando mais uma vitória 💚💛
#SeleçãoBrasileira #PaulistasEmCampo",,0,"09/04/2025 05:00",N/A,https://www.facebook.com/futebolpaulista/posts/pfbid02xF4sVyeRQ4HP2S8c3MhtM3bs9xVZUNgN8gre8dPuTE4jMk1G9Wg1JaHKqBKDC2NMl,0,0,Fotos,,,,,Total,12616,9326,151,125,16,10,121,43,78,0,,,,,,
1217186180444330,100064588783898,"Federação Paulista de Futebol - FPF","OS MEUS CRAQUES! 🏆😎
Bora relembrar os melhores de cada campeonato do Futebol Paulista em 2025!
#FutebolPaulista",,0,"09/03/2025 15:00",N/A,https://www.facebook.com/futebolpaulista/posts/pfbid0y8wfoU3XoajmrAHqHMT4Sf9zryv54MbbLVeZiMZz3WpddgKnZduM7JmGJiTn8No3l,0,0,Fotos,,,,,Total,27291,19433,101,97,1,3,233,129,104,0,1,,,,,
1217098510453097,100064588783898,"Federação Paulista de Futebol - FPF","O BONDE CONVOCADO DO FUTEBOL PAULISTA! 🌟
Se liga nos jogadores que vão representar suas respectivas seleções na próxima Data FIFA!
#PaulistasEmCampo",,0,"09/03/2025 12:00",N/A,https://www.facebook.com/futebolpaulista/posts/pfbid022i7cyvmzvQVEwb3tU8gCQdsLrnTeivCE7D1hsEzY9fQZTcEP6mVm2tiC5VMZ91aRl,0,0,Fotos,,,,,Total,307646,200262,557,504,39,14,6601,4565,2036,0,4,,,,,
1216954250467523,100064588783898,"Federação Paulista de Futebol - FPF",,,0,"09/03/2025 08:26",N/A,https://www.facebook.com/futebolpaulista/posts/pfbid02m4FUFvmMxQ7TTR7C9jBKiscPqK7AgPVbCmca6SmcrVhDwjHLK4hAWVGdkgtaTdDXl,0,0,Fotos,,,,,Total,12208,8270,75,57,9,9,402,291,111,0,,,,,,
1216853593810922,100064588783898,"Federação Paulista de Futebol - FPF","O PRIMEIRO PAULISTÃO DE UMA EQUIPE DO INTERIOR! 🦁🏆
Há 39 anos, a Inter de Limeira vencia o Palmeiras por 2 a 1 no MorumBIS e faturava o título Estadual em 1986!
#FutebolPaulista #BaúDoPaulistão",,0,"09/03/2025 06:00",N/A,https://www.facebook.com/futebolpaulista/posts/pfbid02bpgcz3YbEEhBxJaYqMY5UsdYbuF1XXaL9LTA4hgM2SVji9kXAX3chgV4kqBkWkCgl,0,0,Fotos,,,,,Total,388113,259708,4475,3354,837,284,9452,2483,6969,0,8,7,,,,
1216496553846626,100064588783898,"Federação Paulista de Futebol - FPF","FIM DE PAPO!
Assim termina as oitavas de final da #CopaPaulistaSicredi 👀",,0,"09/02/2025 18:45",N/A,https://www.facebook.com/futebolpaulista/posts/pfbid036e32rueaqVaZCpfqhiDNXGuYM8FPE1LzTo5mf2CjYiS8EFE9KXWzKBBVEyHSuZmEl,0,0,Fotos,,,,,Total,53540,34798,338,295,31,12,1528,519,1009,0,2,,,,,
1216480927181522,100064588783898,"Federação Paulista de Futebol - FPF","RESTAM OITO!
Assim ficaram os confrontos das quartas de final da Copa Paulista Sicredi. Quem vai seguir na disputa, torcedor? 👀
#CopaPaulistaSicredi",,0,"09/02/2025 18:13",N/A,https://www.facebook.com/futebolpaulista/posts/pfbid02mfk5fo47g6WbyENpM3VFM3P7kK7j1Ru64ovy8SQBnKCnLnLaDQcEB38qcv7rkYGWl,0,0,Fotos,,,,,Total,52516,33678,556,396,129,31,1850,556,1294,0,1,,,,,
1216477857181829,100064588783898,"Federação Paulista de Futebol - FPF","ÚLTIMO CLASSIFICADO!
Nos pênaltis, o @comercialfcoficial garante vaga na próxima fase da Copa Paulista Sicredi 2025.
#CopaPaulistaSicredi",,0,"09/02/2025 18:07",N/A,https://www.facebook.com/futebolpaulista/posts/pfbid02mSkLYut336abBSVwwNCb7evDMwc86dcT93esFtFMEiJkwMEGYNcw5hsVVrH1DhGSl,0,0,Fotos,,,,,Total,131403,91606,1015,808,147,60,2348,669,1664,0,3,1,15,,,
1216371937192421,100064588783898,"Federação Paulista de Futebol - FPF","MAIS UM REFORÇO NO PEIXÃO!
Lautaro Díaz chegou com tudo no Santos para a temporada 2025!
#FutebolPaulista
📷Raul Baretta/Santos FC",,0,"09/02/2025 14:30",N/A,https://www.facebook.com/futebolpaulista/posts/pfbid02erczgYRWqJ1bf5Zo6ARU9k7D1eQgrdfJKfh7RGtwoaE1LJDVNcibVyaUhhtufbsbl,0,0,Fotos,,,,,Total,27302,18558,311,281,28,2,524,142,382,0,,,,,,
1216303783865903,100064588783898,"Federação Paulista de Futebol - FPF","TEM NOVIDADE NO PEIXÃO!
Victor Hugo foi anunciado como novo reforço do Santos! Aprovado, torcedor?
#FutebolPaulista
📷Raul Baretta/Santos FC",,0,"09/02/2025 12:33",N/A,https://www.facebook.com/futebolpaulista/posts/pfbid0X9jZiSwuNpa5xk7Sr8UzFukEtvvrAiPGycTqPtGpb1eYioBZ42FBa7RTWhCYYXWRl,0,0,Fotos,,,,,Total,10384,7215,95,91,3,1,90,70,20,0,,,,,,
1216284567201158,100064588783898,"Federação Paulista de Futebol - FPF","DAVID BRAZ É DO BUGRE!
Em busca do acesso na Série C, o Guarani anunciou o experiente zagueiro para a sequência da temporada!
#FutebolPaulista
📷Guarani",,0,"09/02/2025 11:58",N/A,https://www.facebook.com/futebolpaulista/posts/pfbid033mGhtCXdNv5xQqniHYih1TwPjXtZ4DftmUUVijQxZgeitjQHNdYPcYZvmViCgoXCl,0,0,Fotos,,,,,Total,57164,37002,787,639,140,8,1527,290,1237,0,1,2,,,,
1216254190537529,100064588783898,"Federação Paulista de Futebol - FPF","O ÚLTIMO DAS OITAVAS!
O Comercial quer buscar o resultado contra a Inter de Limeira, que conseguiu a vantagem na ida!
#CopaPaulistaSicredi",,0,"09/02/2025 11:00",N/A,https://www.facebook.com/futebolpaulista/posts/pfbid0UF1GiZXCtSC7knFTFGALkxdQhkbhbV7BcZMb82bjjHyXq9hCgxztR65iMc1UmS8Xl,0,0,Fotos,,,,,Total,10670,7254,118,97,19,2,186,46,140,0,,,,,,
1216216237207991,100064588783898,"Federação Paulista de Futebol - FPF","DE OLHO NA TABELA! 👀
Se liga como ficou a classificação do @brasileirao antes da data FIFA!
#PaulistasEmCampo",,0,"09/02/2025 10:00",N/A,https://www.facebook.com/futebolpaulista/posts/pfbid022v23i23S7YXArmQdgykTT3tPeMou24Knn3SdogQ64RGdZirEFMUFjY1h4cVJxkjxl,0,0,Fotos,,,,,Total,47221,31872,308,267,28,13,592,324,268,0,,,,,,
1216092827220332,100064588783898,"Federação Paulista de Futebol - FPF","NINGUÉM PARA O LEÃO!
Que campanha do Mirassol na sua primeira temporada disputando o @brasileirao 🦁🔥
#PaulistasEmCampo #Mirassol",,0,"09/02/2025 07:00",N/A,https://www.facebook.com/futebolpaulista/posts/pfbid0SimFQohJmHByF6aehkq8okwk27R1wWRmF8AB3fGKMAe8ZZYfCLpr1BDZApjdZckVl,0,0,Fotos,,,,,Total,249979,172124,3363,2999,278,86,3895,1461,2434,0,4,4,,,,
1215732903922991,100064588783898,"Federação Paulista de Futebol - FPF","Ficou tudo igual em Araraquara, pelo @brasileiraob! #PaulistasEmCampo
📷 Ferroviária",,0,"09/01/2025 19:33",N/A,https://www.facebook.com/futebolpaulista/posts/pfbid089d9Nf74QuJfic6mZ11JjaqAcnr5MtdLaWrYX6C9cKZ4JWAamCGK3f4U77muaQVHl,0,0,Fotos,,,,,Total,37063,26654,200,156,36,8,558,157,401,0,,,,,,
1215707467258868,100064588783898,"Federação Paulista de Futebol - FPF","O @allanmarques01 conseguiu o acesso com o @ecuniaosuzano e dedicou o prêmio de melhor meio-campista do Paulista Sub-23 Segunda Divisão Sicredi para pessoas especiais! 
#Bezinha #Premiação","O @allanmarques01 conseguiu o acesso com o @ecuniaosuzano e dedicou o prêmio de melhor meio-campista do Paulista Sub-23 Segunda Divisão Sicredi para pessoas especiais! 
#Bezinha #Premiação",32,"09/01/2025 18:42",N/A,https://www.facebook.com/reel/1338554320961488/,1,0,Reels,,,,,Total,2628,2408,38,35,1,2,14,,14,0,,,,12542.894,5.109,0
1215700193926262,100064588783898,"Federação Paulista de Futebol - FPF","A REVELAÇÃO DA BEZINHA! 🤩
O @wand.06 tem grandes expectativas para os próximos passos da carreira! 👀
#Bezinha #Premiação","A REVELAÇÃO DA BEZINHA! 🤩
O @wand.06 tem grandes expectativas para os próximos passos da carreira! 👀
#Bezinha #Premiação",27,"09/01/2025 18:27",uploaded,https://www.facebook.com/reel/668247322349131/,1,0,Reels,,,,,Total,4085,4010,25,21,3,1,66,,65,0,,,1,18827.759,5.02,0
1215683057261309,100064588783898,"Federação Paulista de Futebol - FPF","ZAQUEO IMAGINAVA CHEGAR ONDE CHEGOU?
Técnico do @tanabiesporteclubesaf, o @davizaqueo tem história de vencedor! 🏆 ✨
#Bezinha #Premiação","ZAQUEO IMAGINAVA CHEGAR ONDE CHEGOU?
Técnico do @tanabiesporteclubesaf, o @davizaqueo tem história de vencedor! 🏆 ✨
#Bezinha #Premiação",52,"09/01/2025 17:48",N/A,https://www.facebook.com/reel/4165150047064999/,1,0,Reels,,,,,Total,9280,8824,258,223,27,8,260,,259,0,,,1,84166.964,9.816,0
1215664143929867,100064588783898,"Federação Paulista de Futebol - FPF","SELEÇÃO, ARTILHEIRO E CRAQUE DO CAMPEONATO! 
Mais um troféu para o craque do Paulista Sub-23 Segunda Divisão Sicredi, @marceloo__02! 
#Bezinha #Premiação",,0,"09/01/2025 17:06",N/A,https://www.facebook.com/futebolpaulista/posts/pfbid0sKV4NTZ2z2AuAhUMkntCcFPCn1cL7Ewt31VGKRPFMzvYW2bovzGkFWgLV3jAzxTJl,0,0,Fotos,,,,,Total,22252,15009,194,170,20,4,309,100,204,0,,,5,,,
1215663450596603,100064588783898,"Federação Paulista de Futebol - FPF","O @wand.06 brilhou e foi eleito a grande revelação do Paulista Sub-23 Segunda Divisão Sicredi!
#Bezinha #Premiação",,0,"09/01/2025 17:05",N/A,https://www.facebook.com/futebolpaulista/posts/pfbid0Vza4j3RcGeHeMS7xuhbpfGJioghK3Wyiq1jL3EREnc6qFtyYsdCg3Gp5FN3CF1Uxl,0,0,Fotos,,,,,Total,6626,5091,12,11,0,1,28,15,10,0,,1,3,,,
1215663017263313,100064588783898,"Federação Paulista de Futebol - FPF","O GOLEADOR DA BEZINHA! 
O @marceloo__02 fez 12 gols e foi o artilheiro do Paulista Sub-23 Segunda Divisão Sicredi! 
#Bezinha #Premiação",,0,"09/01/2025 17:05",N/A,https://www.facebook.com/futebolpaulista/posts/pfbid02XxoYEaLc59EwU89NHJSYPPHmN3e4WPwBHCaUDeecfyx1Z21QZcLWK6gbT2gV5sMFl,0,0,Fotos,,,,,Total,12601,9236,51,46,3,2,100,55,43,0,1,,2,,,
1215661717263443,100064588783898,"Federação Paulista de Futebol - FPF","Esses foram o primeiro e o segundo melhor trio de arbitragem do Paulista Sub-23 Segunda Divisão Sicredi. 
#Bezinha #Premiação",,0,"09/01/2025 17:03",N/A,https://www.facebook.com/futebolpaulista/posts/pfbid0pL4NUd2vjV6d4RHKQeHfKaYKKzkDydHEuxB6rQH4dz7Kt1iempo7tGKVXgFtJJqFl,0,0,Fotos,,,,,Total,3984,2835,12,11,0,1,55,50,5,0,,,,,,
1215660463930235,100064588783898,"Federação Paulista de Futebol - FPF","Essa é a Seleção do Paulista Sub-23 Segunda Divisão Sicredi!
#Bezinha #Premiação",,0,"09/01/2025 17:00",N/A,https://www.facebook.com/futebolpaulista/posts/pfbid02E568G4VCYUmigXgudr61rqfmDmfKPETUpWm1qWqiqutfBD6wWrP9wXxN6vaye1Pvl,0,0,Fotos,,,,,Total,7113,5166,30,27,2,1,99,59,40,0,,,,,,
1215659067263708,100064588783898,"Federação Paulista de Futebol - FPF","CAMPEÃO E PREMIADO! 
Zaqueo foi eleito o melhor técnico do Paulista Sub-23 Segunda Divisão Sicredi! 
#Bezinha #Premiação",,0,"09/01/2025 16:57",N/A,https://www.facebook.com/futebolpaulista/posts/pfbid02LQMzddfGeqh3nwoowPnW2pf1yCe6NPPmNwnUxkZdvTEbbjEGGV4pUnMwueEnzQyMl,0,0,Fotos,,,,,Total,43099,30476,383,318,56,9,460,174,286,0,,,,,,
1215658007263814,100064588783898,"Federação Paulista de Futebol - FPF","ARTILHARIA PESADA! 
O trio de ataque do Paulista Sub-23 Segunda Divisão Sicredi chegou com tudo! 
#Bezinha #Premiação",,0,"09/01/2025 16:55",N/A,https://www.facebook.com/futebolpaulista/posts/pfbid033mpQESwbrjGKaokeTWh9S5k8hTLFGYuedVunB6X23tuBPCvVqo7NNndPsoEydhDPl,0,0,Fotos,,,,,Total,3991,2954,11,10,0,1,38,30,8,0,,1,,,,
1215655293930752,100064588783898,"Federação Paulista de Futebol - FPF","CATEGORIA DE SOBRA! 
Chegamos na área da criação! Se liga nos premiados do meio-campo do Paulista Sub-23 Segunda Divisão Sicredi. 
#Bezinha #Premiação",,0,"09/01/2025 16:51",N/A,https://www.facebook.com/futebolpaulista/posts/pfbid02XiiTHfcn9stafCFGaDiyhJ3vtgwEVZswbTfk6qEMyLZgBvANMpvpWMsE89zBGjZnl,0,0,Fotos,,,,,Total,8283,6198,16,13,1,2,126,85,41,0,,,,,,
1215653490597599,100064588783898,"Federação Paulista de Futebol - FPF","ABRINDO A SELEÇÃO DA BEZINHA! 
Essa é a defesa premiada do Paulista Sub-23 Segunda Divisão Sicredi! 
#Bezinha #Premiação",,0,"09/01/2025 16:47",N/A,https://www.facebook.com/futebolpaulista/posts/pfbid02ZhH1rGLN1j1mYqjyrWwPRnpfF5jHhYtJuqfbrYrWUKZDHWr2oiUwz5sqEZfa6NWGl,0,0,Fotos,,,,,Total,7999,5737,21,18,2,1,197,156,41,0,,1,,,,
1215594327270182,100064588783898,"Federação Paulista de Futebol - FPF","TUDO PRONTO PARA A PREMIAÇÃO DA BEZINHA! 🏆✨
Assista AO VIVO no YouTube do @paulistao! É daqui a pouco, não vai perder essa, né? 👀
#Bezinha #PaulistaSub23SegundaDivisãoSicredi #Premiação","TUDO PRONTO PARA A PREMIAÇÃO DA BEZINHA! 🏆✨
Assista AO VIVO no YouTube do @paulistao! É daqui a pouco, não vai perder essa, né? 👀
#Bezinha #PaulistaSub23SegundaDivisãoSicredi #Premiação",22,"09/01/2025 14:56",N/A,https://www.facebook.com/reel/1331235178428251/,1,0,Reels,,,,,Total,1557,1448,20,18,0,2,6,,6,0,,,,4922.135,3.434,0
1215570317272583,100064588783898,"Federação Paulista de Futebol - FPF","BONDE COMPLETO!
Estes foram os campeões de todas as divisões do #FutebolPaulista em 2025 🏆",,0,"09/01/2025 14:00",N/A,https://www.facebook.com/futebolpaulista/posts/pfbid023BXW4oDRwbV1wPD7bJzmCKDkjQQFERBMLtC2VwWcHUXmLd45wDkFDz9UqkkqSJZyl,0,0,Fotos,,,,,Total,113166,77680,619,551,34,34,2706,1375,1331,0,1,1,,,,
1215542040608744,100064588783898,"Federação Paulista de Futebol - FPF","É dia de premiar os melhores do Paulista Sub-23 Segunda Divisão Sicredi. Vem acompanhar AO VIVO no YouTube do @paulistao!
#Bezinha",,0,"09/01/2025 13:00",N/A,https://www.facebook.com/futebolpaulista/posts/pfbid0fuEXcFCbWbQSfznkncR7WoVv7iC2ZFZXeg7rswZeuvrjbgws7hRdhwNk9eeFMaY9l,0,0,Fotos,,,,,Total,6380,4694,23,21,0,2,24,13,11,0,,,,,,
1215475600615388,100064588783898,"Federação Paulista de Futebol - FPF","HUGO INVICTO CONTRA O PALMEIRAS! 🔥😮‍💨
São mais de 30 defesas na conta do @hugosouza e DOIS pênaltis defendidos 👀
#PaulistasEmCampo #Derby #Corinthians",,0,"09/01/2025 11:00",N/A,https://www.facebook.com/futebolpaulista/posts/pfbid0XHbdH3HgDcsGVzoEtu3ttMv4CM67LYMsYUhFZohsFzJ3tuBB7TBMSAPjE3q83agpl,0,0,Fotos,,,,,Total,374859,265195,5977,4591,1174,212,6359,2154,4205,0,23,9,,,,
1215341997295415,100064588783898,"Federação Paulista de Futebol - FPF","E AÍ, TORCEDOR? CONTA PRA GENTE! 🦅🗣️
Em 115 anos de história, qual a sua escalação do Corinthians de todos os tempos? Deixa aqui nos comentários!
#Corinthians",,0,"09/01/2025 08:00",N/A,https://www.facebook.com/futebolpaulista/posts/pfbid0vDELvXBm7tXZmXyGtmZaFLusGviEHqW2vsKk6yTB9q3Ym1LnsKAFL6F3fA2m5LZAl,0,0,Fotos,,,,,Total,8727,6468,66,31,34,1,148,32,116,0,,,,,,
1215262357303379,100064588783898,"Federação Paulista de Futebol - FPF","PARA COMEÇAR O MÊS! 
A Locomotiva enfrenta o Cuiabá pelo @brasileiraob em busca dos três pontos!
#PaulistasEmCampo",,0,"09/01/2025 06:00",N/A,https://www.facebook.com/futebolpaulista/posts/pfbid0UpyBLMc1mfG7ixUdqRddiQWamnemBQ7oKyvVhcsgt9Ehcw4nbpxZUcxgVdFxV4yGl,0,0,Fotos,,,,,Total,16932,12401,76,70,4,2,159,91,68,0,,1,,,,
1215188343977447,100064588783898,"Federação Paulista de Futebol - FPF","FELIZ ANIVERSÁRIO, NOROESTE! 🥳🚂
O Norusca completa 115 anos de muita história nessa segunda-feira (1). Parabéns, @ecnoroeste!
#FutebolPaulista #Noroeste",,0,"09/01/2025 04:00",N/A,https://www.facebook.com/futebolpaulista/posts/pfbid02Qh2wH7C6YtVD4tiB8p9sejvqD8vi7FWGTtwhAAU9xdfnsAU7g8CCmq852Dtbem2sl,0,0,Fotos,,,,,Total,117682,87929,1206,967,164,75,1671,534,1137,0,8,1,,,,
1214913064004975,100064588783898,"Federação Paulista de Futebol - FPF","DE TRADIÇÕES E GLÓRIAS MIL! 🦅🥳🖤
Sob a luz de um lampião, nasceu o meu maior e último campeão. São 115 anos de muita história. Parabéns, @corinthians!
#FutebolPaulista #Corinthians #Aniversário",,0,"08/31/2025 20:05",N/A,https://www.facebook.com/futebolpaulista/posts/pfbid02ggzVXwY14nqHcMvWKEMAoUgcbLXKV7AR82FaRcKetXFcGMtrDVRSu2jEQ2WpmdpHl,0,0,Fotos,,,,,Total,178120,127055,7460,6481,372,607,2516,1094,1422,0,20,6,,,,
1214813137348301,100064588783898,"Federação Paulista de Futebol - FPF","Mais um dia de #FutebolPaulista chega ao fim. Vamos aos placares.
#PaulistasEmCampo",,0,"08/31/2025 16:33",N/A,https://www.facebook.com/futebolpaulista/posts/pfbid034cR7adoJyxuxE8ooU7nkTai4RHg1bKEe6EKSAH2Lik8weh5PbSmnAsxbcTyjnK5xl,0,0,Fotos,,,,,Total,26066,18175,217,187,19,11,306,119,187,0,,2,,,,
1214812257348389,100064588783898,"Federação Paulista de Futebol - FPF","DEU EMPATE!
Ponto final no Derby. Terminou tudo igual.
#PaulistasEmCampo
📷Cesar Greco/Palmeiras",,0,"08/31/2025 16:31",N/A,https://www.facebook.com/futebolpaulista/posts/pfbid0RdRRPFx2Jm4qavhGb83h7KiChapCx7GWMZkoabi2mn7pALG6sFRMXWRjzVXbqzaql,0,0,Fotos,,,,,Total,59390,40347,551,382,153,16,1034,248,786,0,2,3,,,,
1214808030682145,100064588783898,"Federação Paulista de Futebol - FPF","MIRASHOW! 🦁
Uma aula de futebol no Maião!
#PaulistasEmCampo
📷JP Pinheiro/Agencia Mirassol",,0,"08/31/2025 16:22",N/A,https://www.facebook.com/futebolpaulista/posts/pfbid0xeL7WNJaaGe2mXqpjtreiSbEMfdh7kbEqzRLfELyKF7TuQhn97mXUGz3jDnwMNuMl,0,0,Fotos,,,,,Total,231944,167055,2647,2344,218,85,4281,1288,2993,0,6,,,,,
1214768437352771,100064588783898,"Federação Paulista de Futebol - FPF","COMEMORA, HUGO SOUZA! ⚫️⚪️ #PaulistasEmCampo","COMEMORA, HUGO SOUZA! ⚫️⚪️ #PaulistasEmCampo",16,"08/31/2025 15:03",N/A,https://www.facebook.com/reel/1260045512113303/,1,0,Reels,,,,,Total,67119,50051,2501,2442,30,29,518,,518,0,,,,464089.678,9.341,0
1214766637352951,100064588783898,"Federação Paulista de Futebol - FPF","TUDO IGUAL! ⚽️🦅
O Corinthians empata o Derby na Neo Química Arena! 
#PaulistasEmCampo","TUDO IGUAL! ⚽️🦅
O Corinthians empata o Derby na Neo Química Arena! 
#PaulistasEmCampo",14,"08/31/2025 14:59",N/A,https://www.facebook.com/reel/1987752642033920/,1,0,Reels,,,,,Total,35293,31008,1058,1004,28,26,491,,491,0,,,,210541.012,7.28,0
1214761967353418,100064588783898,"Federação Paulista de Futebol - FPF","GOOOOOOL DO PALMEIRAS! 🟢⚪️
Vitor Roque abre o placar no Derby! #PaulistasEmCampo #Derby","GOOOOOOL DO PALMEIRAS! 🟢⚪️
Vitor Roque abre o placar no Derby! #PaulistasEmCampo #Derby",25,"08/31/2025 14:48",N/A,https://www.facebook.com/reel/2270332266770101/,1,0,Reels,,,,,Total,74587,66402,2273,2150,92,31,1507,,1507,0,,,,612894.81,9.941,0
1214760174020264,100064588783898,"Federação Paulista de Futebol - FPF","TEC CAMPEÃO! 🏆🏹
Confira em detalhes o título do Tanabi no Paulista Sub-23 Segunda Divisão Sicredi!
#Bezinha","TEC CAMPEÃO! 🏆🏹
Confira em detalhes o título do Tanabi no Paulista Sub-23 Segunda Divisão Sicredi!
#Bezinha",58,"08/31/2025 14:43",uploaded,https://www.facebook.com/futebolpaulista/videos/1182613916963113/,0,0,Vídeos,,,,,Total,4377,4340,114,106,5,3,69,,69,950,,,,29854.218,7.207,0.02
1214744867355128,100064588783898,"Federação Paulista de Futebol - FPF","PLACAR ZERADO!
Nada de gols na Vila Belmiro.
#PaulistasEmCampo
📷Marcelo Gonçalves/Fluminense",,0,"08/31/2025 14:06",N/A,https://www.facebook.com/futebolpaulista/posts/pfbid0s2EETCfYTdF3YF72ad4KHmyPZzi6cDbFABuexBZR2M3pV8xF7Rx1VgZqKJpdffG9l,0,0,Fotos,,,,,Total,12459,8919,135,109,19,7,211,57,154,0,,,,,,
1214718787357736,100064588783898,"Federação Paulista de Futebol - FPF","MAIS DOIS!
O domingo foi de classificação para Primavera e Francana!
#CopaPaulistaSicredi
📷Rodrigo Menezes/Primavera e Fran Zanini/Monte Azul",,0,"08/31/2025 13:05",N/A,https://www.facebook.com/futebolpaulista/posts/pfbid02UTZcqQn2Nn6yVjk6pobBMXkEo27uhbTsxkVCcQ8KyMq5BqPEmXEdMKDTnC9fcwUEl,0,0,Fotos,,,,,Total,19952,13703,54,49,2,3,475,300,175,0,,,,,,
1214716067358008,100064588783898,"Federação Paulista de Futebol - FPF","FANTASMA AVANÇA!
O Primavera fica com a penúltima vaga para as quartas de final da Copa Paulista Sicredi!
#CopaPaulistaSicredi",,0,"08/31/2025 12:58",N/A,https://www.facebook.com/futebolpaulista/posts/pfbid02D9uNqMvxRs6u3SSVXNrzPcVxrT2XatYBNCQnyikBFamzogGVC88ASfQRXL6g9k92l,0,0,Fotos,,,,,Total,63938,44105,328,270,39,19,1238,290,948,0,2,2,,,,
1214642880698660,100064588783898,"Federação Paulista de Futebol - FPF","BORA PARA O DERBY! 👀
Que esse clássico tem história, nós sabemos. Se liga no retrospecto do confronto no @brasileirao!
#PaulistasEmCampo",,0,"08/31/2025 11:00",N/A,https://www.facebook.com/futebolpaulista/posts/pfbid02H1M6cnUk2pUuS9GwmZeMCQmjMqdTfCbXcmZ1f3gpThJQrtuU6VLvksfzj5VKGH4Jl,0,0,Fotos,,,,,Total,254118,170070,2172,1194,810,168,7354,2456,4898,0,9,8,,,,
1214619584034323,100064588783898,"Federação Paulista de Futebol - FPF","O MOLEQUE É FERA! 
@davilusalopes marcou presença na final da Bezinha e cantou o hino do campeão @tanabiesporteclubesaf! 
#Bezinha","O MOLEQUE É FERA! 
@davilusalopes marcou presença na final da Bezinha e cantou o hino do campeão @tanabiesporteclubesaf! 
#Bezinha",13,"08/31/2025 10:34",N/A,https://www.facebook.com/reel/761006449867394/,1,0,Reels,,,,,Total,3425,3345,42,41,1,0,32,,32,0,,,,11177.329,3.528,0
1214596294036652,100064588783898,"Federação Paulista de Futebol - FPF","SAUDADE DO EX, TORCIDA ALVIVERDE? 👀🫣
Fala aí, torcedor: traria o Richard Ríos de volta para jogar o Derby de hoje?
#PaulistasEmCampo #Palmeiras #Derby","SAUDADE DO EX, TORCIDA ALVIVERDE? 👀🫣
Fala aí, torcedor: traria o Richard Ríos de volta para jogar o Derby de hoje?
#PaulistasEmCampo #Palmeiras #Derby",9,"08/31/2025 10:00",uploaded,https://www.facebook.com/reel/798620029490239/,0,0,Reels,,,,,Total,163383,113704,3494,3176,97,221,765,,765,0,,,,815988.593,7.207,0
1214571297372485,100064588783898,"Federação Paulista de Futebol - FPF","DAS ARQUIBANCADAS AO TÍTULO! 🏆
Davi Zaqueo contou a sua história com o @tanabiesporteclubesaf, que passa pela sua história como torcedor, cursos de treinador com o apoio da FPF até chegar ao título do Paulista Sub-23 Segunda Divisão Sicredi! 
#Bezinha #Tanabi","DAS ARQUIBANCADAS AO TÍTULO! 🏆
Davi Zaqueo contou a sua história com o @tanabiesporteclubesaf, que passa pela sua história como torcedor, cursos de treinador com o apoio da FPF até chegar ao título do Paulista Sub-23 Segunda Divisão Sicredi! 
#Bezinha #Tanabi",68,"08/31/2025 09:26",N/A,https://www.facebook.com/reel/2845199989012762/,1,0,Reels,,,,,Total,6895,7220,186,161,22,3,174,,174,0,,,,63598.186,9.805,0
1214551330707815,100064588783898,"Federação Paulista de Futebol - FPF","Sobra categoria para o camisa 8 do Timão 😮‍💨 Será que o Garro também vai brilhar no Derby de hoje? 👀
#PaulistasEmCampo #Derby #Corinthians","Sobra categoria para o camisa 8 do Timão 😮‍💨 Será que o Garro também vai brilhar no Derby de hoje? 👀
#PaulistasEmCampo #Derby #Corinthians",13,"08/31/2025 09:00",uploaded,https://www.facebook.com/reel/1758014891746691/,0,0,Reels,,,,,Total,253937,177510,6941,6555,78,308,1298,,1298,0,,,,1796901.437,10.356,0
1214505004045781,100064588783898,"Federação Paulista de Futebol - FPF","VETERANA CLASSIFICADA!
A Francana é mais uma equipe com vaga garantida nas quartas de final da Copa Paulista Sicredi!
#CopaPaulistaSicredi",,0,"08/31/2025 08:03",N/A,https://www.facebook.com/futebolpaulista/posts/pfbid02pNMJcRLvxPhTejYeRoJejYcDnaBkyJ7rxbEcKcbnAe75GzxCAQuaMHTocDNvd4bQl,0,0,Fotos,,,,,Total,13329,9109,95,86,3,6,163,53,110,0,,,,,,
1214413704054911,100064588783898,"Federação Paulista de Futebol - FPF","DOMINGO DE BRASILEIRÃO FEAT. DERBY!
Tem clássico na Neo Química Arena, Santos na Vila e Leão em Mirassol nessa rodada do @brasileirao!
#PaulistasEmCampo",,0,"08/31/2025 06:00",N/A,https://www.facebook.com/futebolpaulista/posts/pfbid0yLC6ELnKRnXUdPFkUmZdMY5mZ5yT19kW9F9rfuuYZfwGD7mBvoEPtSGSK4ufh8sBl,0,0,Fotos,,,,,Total,19585,13824,150,140,2,8,179,122,57,0,,1,,,,
1214374104058871,100064588783898,"Federação Paulista de Futebol - FPF","FELIZ ANIVERSÁRIO, ROQUE JÚNIOR!
49 anos e muita história no #FutebolPaulista!
#Aniversário",,0,"08/31/2025 05:00",N/A,https://www.facebook.com/futebolpaulista/posts/pfbid02GhsdNMioVanySWE5FKQGdtDC57B93G9c4ZKuPQk1yUzeGhg5BZWfxxSQzRwWfM7Pl,0,0,Fotos,,,,,Total,43231,32680,227,207,9,11,414,171,243,0,,2,,,,
1214335514062730,100064588783898,"Federação Paulista de Futebol - FPF","EM BUSCA DAS QUARTAS!
Esses são os dois jogos que fecham o final de semana de #CopaPaulistaSicredi",,0,"08/31/2025 04:00",N/A,https://www.facebook.com/futebolpaulista/posts/pfbid02te3Ep55nVpspc9wiRrvXhNtJ53Sknh9ttaDSNagt21PpkEWczxbdYpXR1A9mqvnCl,0,0,Fotos,,,,,Total,12801,9418,57,54,0,3,89,59,30,0,,,,,,
1214058180757130,100064588783898,"Federação Paulista de Futebol - FPF","DIA DE DUELO PAULISTA NO @brasileirao!  🦅🤝🐷
Corinthians e Palmeiras vão em busca dos três pontos no último Derby do ano!
#PaulistasEmCampo #Derby",,0,"08/30/2025 20:05",N/A,https://www.facebook.com/futebolpaulista/posts/pfbid0hakytTpSPFS619P4VYzHfoJXQvJDiV9BZ1jfsQHejqNXoweA3JNvFxcQhf5D3ui3l,0,0,Fotos,,,,,Total,207590,151160,1767,1498,193,76,2211,1163,1048,0,3,2,,,,
1214026547426960,100064588783898,"Federação Paulista de Futebol - FPF","Fim de mais um dia de futebol por aqui.
#PaulistasEmCampo",,0,"08/30/2025 19:03",N/A,https://www.facebook.com/futebolpaulista/posts/pfbid0n7Qg6eKKGrtqcf8AGFd8WjcjKKSiaTJnGt1m38937nGk2YMSv29xdDjFFNZzAyygl,0,0,Fotos,,,,,Total,258234,178807,666,617,29,20,3572,2222,1348,0,6,3,2,,,
1214025794093702,100064588783898,"Federação Paulista de Futebol - FPF","O São Paulo sofreu o revés no Mineirão.
#PaulistasEmCampo
📷Rubens Chir/São Paulo",,0,"08/30/2025 19:02",N/A,https://www.facebook.com/futebolpaulista/posts/pfbid02jMCPVLrsmEFgFKAkB7dcj3ikLYv8v6onu4u9oivi4p7628xVDAqeSwVgxBqaisjAl,0,0,Fotos,,,,,Total,82758,57602,706,488,193,25,1468,442,1026,0,,2,,,,
1214011017428513,100064588783898,"Federação Paulista de Futebol - FPF","O Novorizontino foi superado fora de casa.
#PaulistasEmCampo
📷Ozzair Junior/Novorizontino",,0,"08/30/2025 18:32",N/A,https://www.facebook.com/futebolpaulista/posts/pfbid02Sm4BYc1JzBgcmzWooMRhkvXtVMk7eBLaxLzBotm13fc13vAJbV8v2CsGJr5djbY1l,0,0,Fotos,,,,,Total,36171,25758,153,124,21,8,473,138,335,0,,,,,,
1214005847429030,100064588783898,"Federação Paulista de Futebol - FPF","PARCERIA ESPECIAL! ☄️
A @viacaocometa.oficial e o @clubegiro.oficial foram essenciais na reta final do Paulista Sub-23 Segunda Divisão Sicredi 2025! 
#Bezinha","PARCERIA ESPECIAL! ☄️
A @viacaocometa.oficial e o @clubegiro.oficial foram essenciais na reta final do Paulista Sub-23 Segunda Divisão Sicredi 2025! 
#Bezinha",37,"08/30/2025 18:21",uploaded,https://www.facebook.com/reel/2035004500367885/,1,0,Reels,,,,,Total,2335,2354,26,24,2,0,25,,25,0,,,,11066.172,5.101,0
1213963660766582,100064588783898,"Federação Paulista de Futebol - FPF","MORDE, PANTERA!
O Botafogo embala a segunda vitória seguida na Série B!
#PaulistasEmCampo
📷Carlos Costa/Ag. Botafogo",,0,"08/30/2025 16:44",N/A,https://www.facebook.com/futebolpaulista/posts/pfbid034RAfiXRRXJh5XKSBsMSkED62Ponhqw3Jmo4vuhnRSVA2f5gQY1DX6oRUbR7uKUyrl,0,0,Fotos,,,,,Total,208548,152268,1093,951,111,31,2574,1148,1426,0,2,6,,,,
1213958937433721,100064588783898,"Federação Paulista de Futebol - FPF","VIROU A CHAVINHA! 🔑🏅
@marceloo__02 falou sobre a mudança na sua carreira e como isso influenciou no título da Bezinha! 
#Bezinha","VIROU A CHAVINHA! 🔑🏅
@marceloo__02 falou sobre a mudança na sua carreira e como isso influenciou no título da Bezinha! 
#Bezinha",34,"08/30/2025 16:35",N/A,https://www.facebook.com/reel/1398004607930380/,1,0,Reels,,,,,Total,12000,11474,152,141,6,5,305,,304,0,,,1,100725.564,9.177,0
1213956734100608,100064588783898,"Federação Paulista de Futebol - FPF","O Massa Bruta não conseguiu pontuar no Nilton Santos.
#PaulistasEmCampo
📷Ari Ferreira/Red Bull Bragantino",,0,"08/30/2025 16:30",N/A,https://www.facebook.com/futebolpaulista/posts/pfbid02jVPTCYTyPht4AC3z44NcKjWtCnp8Hzcawd7z1Ym1FNxysmDVJCnqN12CDGpmn4qAl,0,0,Fotos,,,,,Total,40709,29772,123,102,16,5,271,149,122,0,,,,,,
1213950050767943,100064588783898,"Federação Paulista de Futebol - FPF","Se liga nos resultados deste sábado pela Copa Paulista Sicredi.
#CopaPaulistaSicredi",,0,"08/30/2025 16:16",N/A,https://www.facebook.com/futebolpaulista/posts/pfbid05wJW1kvyRMExBJUuvHpkstw4iohpRuCZtBNq7abWmvo4MkQkkyj62GTMrCRwaMDal,0,0,Fotos,,,,,Total,43480,29155,237,191,27,19,954,267,687,0,2,,,,,
1213947380768210,100064588783898,"Federação Paulista de Futebol - FPF","MAIS QUATRO!
Oeste, São José, Grêmio Prudente e XV de Piracicaba levaram a melhor em seus respectivos confrontos e avançaram de fase na Copa Paulista Sicredi!
#CopaPaulistaSicredi",,0,"08/30/2025 16:10",N/A,https://www.facebook.com/futebolpaulista/posts/pfbid02xCZBhKHc3bRqG5iDwCDFVCsF89Rh5yMidut56BLCgVJq1oYbnDJzD9T7ha623cBXl,0,0,Fotos,,,,,Total,22777,15232,98,90,4,4,715,550,165,0,,,,,,
1213941637435451,100064588783898,"Federação Paulista de Futebol - FPF","VAGA DO NHÔ QUIM!
O XV de Piracicaba garante a última vaga deste sábado de Copa Paulista Sicredi!
#CopaPaulistaSicredi",,0,"08/30/2025 15:59",N/A,https://www.facebook.com/futebolpaulista/posts/pfbid0MUwYSz2J3DM13erNxPwJPa4tvpRbffD9iGWh5W8qq89g4qh7eDmvsSN5JeWCNEhtl,0,0,Fotos,,,,,Total,190558,135601,1870,1616,130,124,3136,990,2146,0,23,1,,,,
1213938387435776,100064588783898,"Federação Paulista de Futebol - FPF","Já garantido na próxima fase, São Bernardo tropeça fora de casa pela Série C.
#PaulistasEmCampo
📷Davi Rocha/Divulgação/São Bernardo",,0,"08/30/2025 15:53",N/A,https://www.facebook.com/futebolpaulista/posts/pfbid02LoqqwCvpFUSHJFndQnmiH6BEybV6ZEBvXhMixaak3ZdoUsr5Mpg36dCuDAV1xcRQl,0,0,Fotos,,,,,Total,49369,36270,97,89,5,3,404,253,151,0,,,,,,
1213936074102674,100064588783898,"Federação Paulista de Futebol - FPF","DEU PONTE PRETA!
Macaca faz o dever de casa e termina a primeira fase da Série C com a segunda melhor campanha!
#PaulistasEmCampo
📷Marcos Ribolli/PontePress",,0,"08/30/2025 15:48",N/A,https://www.facebook.com/futebolpaulista/posts/pfbid02V9RbZPFmEL5tJzo7EYSBrKmcwnYdn4hZWKUevMt8N3XV8AwSzhPgPH8Z11qDh6qEl,0,0,Fotos,,,,,Total,100107,71389,709,645,51,13,1146,530,616,0,4,1,,,,
1213925460770402,100064588783898,"Federação Paulista de Futebol - FPF","GRUPOS DEFINIDOS!
Com direito a Dérbi Campineiro, é assim que ficou a segunda fase da Série C! Três Paulistas seguem sonhando com o acesso!
#PaulistasEmCampo",,0,"08/30/2025 15:25",N/A,https://www.facebook.com/futebolpaulista/posts/pfbid0oLHayQn9dFjBgwZWTK94fkvwNAHYkC7mZBLgcwhhxKpjZ3r3acJu6prs5kcMy68xl,0,0,Fotos,,,,,Total,256525,173748,1820,1398,350,72,7266,2019,5247,0,6,1,,,,
1213918270771121,100064588783898,"Federação Paulista de Futebol - FPF","BUGRE CLASSIFICADO!
Guarani empata fora e casa e garante a vaga na segunda fase da Série C!
#PaulistasEmCampo
📷Victor Souza/Tombense",,0,"08/30/2025 15:08",N/A,https://www.facebook.com/futebolpaulista/posts/pfbid0TAD7c2Yo5Hwd1UzmzxRWxdZm7up2h2ff6g8mk1Vmd8y6WMpzTCGHcmzQcppNQxbvl,0,0,Fotos,,,,,Total,38644,26603,372,279,84,9,790,177,613,0,,1,,,,
1213915374104744,100064588783898,"Federação Paulista de Futebol - FPF","Fim da linha para o Galo de Itu. O Ituano não consegue a classificação para a segunda fase da Série C.
#PaulistasEmCampo
📷Gabriel França/Náutico",,0,"08/30/2025 15:02",N/A,https://www.facebook.com/futebolpaulista/posts/pfbid0mn5XLmjCxC1oKrU7Cdk1pVbUGmhbwBHmx8KcZEhoug3Af9SSLHH4XDaWxBU7XhE4l,0,0,Fotos,,,,,Total,50351,36223,241,169,65,7,890,237,653,0,,1,,,,
1213911974105084,100064588783898,"Federação Paulista de Futebol - FPF","GRÊMIO PRUDENTE CLASSIFICADO!
O Carcará é mais um time nas quartas de final da Copa Paulista Sicredi!
#CopaPaulistaSicredi",,0,"08/30/2025 14:53",N/A,https://www.facebook.com/futebolpaulista/posts/pfbid0z9G9eviHPmEDXZrPnxM5sQw4kxHZ2X2U4JTgEnCu12GDwtNmUL3LXiT1xybYRbMdl,0,0,Fotos,,,,,Total,67700,47541,724,643,51,30,1064,244,820,0,4,,,,,
1213908844105397,100064588783898,"Federação Paulista de Futebol - FPF","DALE ÍNDIO, DALE ÍNDIO! 
Festa linda em Tanabi! 
#Bezinha","DALE ÍNDIO, DALE ÍNDIO! 
Festa linda em Tanabi! 
#Bezinha",31,"08/30/2025 14:45",mixed,https://www.facebook.com/reel/1869448606945183/,1,0,Reels,,,,,Total,12944,12501,310,277,20,13,409,,408,0,,,1,104016.479,8.711,0
1213904664105815,100064588783898,"Federação Paulista de Futebol - FPF","ERGUE A TAÇA, @tanabiesporteclubesaf! 🏆
#Bezinha","ERGUE A TAÇA, @tanabiesporteclubesaf! 🏆
#Bezinha",34,"08/30/2025 14:36",N/A,https://www.facebook.com/reel/804956431869569/,1,0,Reels,,,,,Total,4144,4211,111,101,4,6,60,,60,0,,,,23674.683,6.056,0
1213902594106022,100064588783898,"Federação Paulista de Futebol - FPF","SÃO JOSÉ AVANÇA!
A Águia do Vale vence nos pênaltis e segue na Copa Paulista Sicredi!
#CopaPaulistaSicredi",,0,"08/30/2025 14:32",N/A,https://www.facebook.com/futebolpaulista/posts/pfbid0YbptUW6NDnipYnUdCLWGHU1b5XX4RT5WjJhhvMhnKmLH8pRmfSw9AVVoYUi48y6El,0,0,Fotos,,,,,Total,141708,94873,1428,1221,105,102,2166,595,1571,0,21,2,,,,
1213898027439812,100064588783898,"Federação Paulista de Futebol - FPF","O APITO FINAL E A FESTA DO TANABI! 
#Bezinha","O APITO FINAL E A FESTA DO TANABI! 
#Bezinha",20,"08/30/2025 14:22",N/A,https://www.facebook.com/reel/3063185967322270/,1,0,Reels,,,,,Total,7470,6974,147,130,8,9,191,,190,0,,,1,40800.063,5.877,0
1213896144106667,100064588783898,"Federação Paulista de Futebol - FPF","CONFRONTO ABERTO!
Os primeiros 90 minutos de Goiatuba e Inter de Limeira acabaram sem gols.
#PaulistasEmCampo
📷Eduardo Soares/Goiatuba",,0,"08/30/2025 14:17",N/A,https://www.facebook.com/futebolpaulista/posts/pfbid0wmsiejchfce9t1NBD2bBqp6C7rSXuV48d51Q1Duwas7uHccj3QBYjGahYNrGL1ykl,0,0,Fotos,,,,,Total,45825,31677,443,350,85,8,1102,257,845,0,3,1,,,,
1213887104107571,100064588783898,"Federação Paulista de Futebol - FPF","SABADÃO DE FESTA EM TANABI! 🏆🏹
#PaulistaSub23SegundaDivisãoSicredi 
📷Pedro Zacchi/Ag. Paulistão",,0,"08/30/2025 13:57",N/A,https://www.facebook.com/futebolpaulista/posts/pfbid0kHFr1eiNu1NPwb9W8wZ83c5cLwywcWNpU2mZY6sqS4PUQPyqheAy7sGSSdkebSTql,0,0,Fotos,,,,,Total,18377,12237,250,222,22,6,950,710,240,0,,,,,,
1213881970774751,100064588783898,"Federação Paulista de Futebol - FPF","É CAMPEÃO! É CAMPEÃO! É CAMPEÃO! 🏆
O Tanabi é campeão da Bezinha!
#PaulistaSub23SegundaDivisãoSicredi
📷Rodrigo Corsi e Pedro Zacchi/Ag. Paulistão",,0,"08/30/2025 13:45",N/A,https://www.facebook.com/futebolpaulista/posts/pfbid0KCaV47eM1rcawnUbu89Vf7YtZQrXcZGzk2i49NjKfhEtNhgHFVVWsDvqhYb3U1ogl,0,0,Fotos,,,,,Total,39465,26764,456,412,28,16,1447,1056,391,0,2,1,,,,
1213872794109002,100064588783898,"Federação Paulista de Futebol - FPF","FAZ A FESTA, TANABI!
Campeão do Paulista Sub-23 Segunda Divisão Sicredi 2025!
#Bezinha","FAZ A FESTA, TANABI!
Campeão do Paulista Sub-23 Segunda Divisão Sicredi 2025!
#Bezinha",24,"08/30/2025 13:26",auto,https://www.facebook.com/futebolpaulista/videos/1076139288005701/,0,0,Vídeos,,,,,Total,20403,19184,450,376,37,37,438,,438,8590,,,,131900.798,7.363,0.47
1213865454109736,100064588783898,"Federação Paulista de Futebol - FPF","É CAMPEÃO! É CAMPEÃO!
Vitória na ida, vitória na volta e título para o Tanabi!
#FPF #Cometa #ClubeGiro 
📷Pedro Zacchi/Ag. Paulistão",,0,"08/30/2025 13:11",N/A,https://www.facebook.com/futebolpaulista/posts/pfbid0MF55Q1XpJ7rNJ1WB8DieWjCNLLVG38VmyPUcE7tNLKFxjLP2jkWGoFkoWUx8Dhr1l,0,0,Fotos,,,,,Total,18060,12595,190,162,20,8,375,229,146,0,,1,,,,
1213861494110132,100064588783898,"Federação Paulista de Futebol - FPF","RUBRÃO AVANÇA!
Oeste reverte a desvantagem da ida e avança para as quartas de final da Copa Paulista Sicredi!
#CopaPaulistaSicredi",,0,"08/30/2025 13:02",N/A,https://www.facebook.com/futebolpaulista/posts/pfbid0VQiScypNdrJJtxdsqQZBVssJBEKGcp1wBeM2kathakfKWT4Xhkmbi5TqVwjR7sSCl,0,0,Fotos,,,,,Total,18212,12933,73,65,1,7,224,69,155,0,1,,,,,
1213859754110306,100064588783898,"Federação Paulista de Futebol - FPF","TEC CAMPEÃO! 🏆🏹
O Paulista Sub-23 Segunda Divisão Sicredi é do Tanabi!
#Bezinha",,0,"08/30/2025 12:58",N/A,https://www.facebook.com/futebolpaulista/posts/pfbid0WGWqBPybyDDfGkyTbDbkTC147HWgcC55B5UgjgERp2XRCoCjMqii2Ejs2aiUzB2Gl,0,0,Fotos,,,,,Total,328612,221998,2681,2504,87,90,4280,2271,2009,0,3,3,,,,
1213831664113115,100064588783898,"Federação Paulista de Futebol - FPF","O @ecuniaosuzano chegou bem demais com o ônibus da @viacaocometa.oficial para a decisão da Bezinha!","O @ecuniaosuzano chegou bem demais com o ônibus da @viacaocometa.oficial para a decisão da Bezinha!",39,"08/30/2025 12:00",uploaded,https://www.facebook.com/reel/1750671915811413/,1,0,Reels,,,,,Total,4746,5046,61,59,0,2,97,,97,0,,,,36597.533,8.209,0
1213828290780119,100064588783898,"Federação Paulista de Futebol - FPF","MAIS PERTO DA TAÇA!
Fim do primeiro tempo no Alberto Víctolo e os donos da casa vão vencendo por 1 a 0. No agregado, o Tanabi tem três de vantagem pelo título do Paulista Sub-23 Segunda Divisão Sicredi!
#FPF #Cometa #ClubeGiro 
📷Pedro Zacchi/Ag. Paulistão",,0,"08/30/2025 11:53",N/A,https://www.facebook.com/futebolpaulista/posts/pfbid02uqw7on7Yf2XSZW5N6duoXvAcuF9gp8ZWW7pEGBRfehoXPaVirhtVhsHzhbwv9j1Yl,0,0,Fotos,,,,,Total,16415,11829,83,74,7,2,199,106,93,0,,,,,,
1213813710781577,100064588783898,"Federação Paulista de Futebol - FPF","O TANABI ABRE O PLACAR E AMPLIA A VANTAGEM NA DECISÃO! 
#Bezinha","O TANABI ABRE O PLACAR E AMPLIA A VANTAGEM NA DECISÃO! 
#Bezinha",26,"08/30/2025 11:25",N/A,https://www.facebook.com/reel/775633448202915/,1,0,Reels,,,,,Total,6495,6758,91,82,5,4,174,,174,0,,,,47399.326,7.848,0
1213793557450259,100064588783898,"Federação Paulista de Futebol - FPF","O @davilusalopes está na área para a decisão da Bezinha entre @tanabiesporteclubesaf e @ecuniaosuzano e ainda cantou o hino dos finalistas!
#Bezinha","O @davilusalopes está na área para a decisão da Bezinha entre @tanabiesporteclubesaf e @ecuniaosuzano e ainda cantou o hino dos finalistas!
#Bezinha",41,"08/30/2025 10:52",N/A,https://www.facebook.com/reel/1581369949906348/,1,0,Reels,,,,,Total,1919,1948,45,43,2,0,36,,35,0,,,1,10763.916,5.999,0
1213791770783771,100064588783898,"Federação Paulista de Futebol - FPF","BORA POR JOGO?
Aquecimento finalizado! Tá chegando a hora da bola rolar no Paulista Sub-23 Segunda Divisão Sicredi!
#FPF #Cometa #ClubeGiro 
📷Pedro Zacchi/Ag. Paulistão",,0,"08/30/2025 10:50",N/A,https://www.facebook.com/futebolpaulista/posts/pfbid0d7Vbg6SNbW4JsnNFxwkDzVvwXjZ42LSU9rt4eig1J42zGr4Aqu71asH1bqZYmxWHl,0,0,Fotos,,,,,Total,10507,7803,19,19,0,0,119,96,23,0,,,,,,
1213785500784398,100064588783898,"Federação Paulista de Futebol - FPF","BATUCADA DO VERDÃO! 
A torcida do Tanabi já está no clima da decisão do Paulista Sub-23 Segunda Divisão Sicredi! 
#Bezinha","BATUCADA DO VERDÃO! 
A torcida do Tanabi já está no clima da decisão do Paulista Sub-23 Segunda Divisão Sicredi! 
#Bezinha",34,"08/30/2025 10:39",uploaded,https://www.facebook.com/reel/1046189744048638/,1,0,Reels,,,,,Total,12162,12320,218,190,19,9,526,,526,0,,,,105379.962,9.41,0
1213768630786085,100064588783898,"Federação Paulista de Futebol - FPF","A BOLA VAI ROLAR!
Já já tem Tanabi e ECUS em campo! Vale a taça do Paulista Sub-23 Segunda Divisão Sicredi!
#Bezinha
📷Pedro Zacchi/Ag. Paulistão",,0,"08/30/2025 10:10",N/A,https://www.facebook.com/futebolpaulista/posts/pfbid0qqY46xaQMiLRAGCaaSVeVTr728Du2DJuM9g1RDDGZxdgM3yn55CB6W89XbQp3oowl,0,0,Fotos,,,,,Total,6566,4935,34,31,0,3,59,43,16,0,,,,,,
1213759850786963,100064588783898,"Federação Paulista de Futebol - FPF","ACELERA, MOTORISTA! 🚌💨
É dia de final!
#FPF #Cometa #ClubeGiro
📷Pedro Zacchi/Ag. Paulistão",,0,"08/30/2025 09:55",N/A,https://www.facebook.com/futebolpaulista/posts/pfbid058tUKdAkrwy96rK7i5t8rsshU5UdSFWcB6wzdEUjD6amxWKuuPKWJcFBcvfDbjMEl,0,0,Fotos,,,,,Total,26908,19604,39,38,0,1,484,410,74,0,,,,,,
1213750290787919,100064588783898,"Federação Paulista de Futebol - FPF","SÁBADO DE TAÇA!
Chegou o dia de conhecer o grande campeão do Paulista Sub-23 Segunda Divisão Sicredi!
#Bezinha
📷Pedro Zacchi/Ag. Paulistão",,0,"08/30/2025 09:39",N/A,https://www.facebook.com/futebolpaulista/posts/pfbid038712gaqF7EQDknF8MCy96j97L7MEo5kaji5PVVCbX8WZadiyZPGHvfQtqzfXVDPQl,0,0,Fotos,,,,,Total,9298,6216,54,49,2,3,369,269,100,0,,,,,,
1213726104123671,100064588783898,"Federação Paulista de Futebol - FPF","O primeiro gol do ano em Derbys foi do Maurício. E domingo, será que sai mais um gol do camisa 18 do Verdão? 👀😮‍💨
#PaulistasEmCampo #Palmeiras #Derby","O primeiro gol do ano em Derbys foi do Maurício. E domingo, será que sai mais um gol do camisa 18 do Verdão? 👀😮‍💨
#PaulistasEmCampo #Palmeiras #Derby",12,"08/30/2025 09:01",N/A,https://www.facebook.com/reel/1722476485129197/,0,0,Reels,,,,,Total,12968,12782,169,162,5,2,166,,166,0,,,,72279.53,6.24,0
1213684454127836,100064588783898,"Federação Paulista de Futebol - FPF","O @hugosouza fez duas defesas de pênalti nos Derbys desse ano. E aí, será que rola mais uma nesse domingo? 🤯👀
#PaulistasEmCampo #Corinthians #Derby","O @hugosouza fez duas defesas de pênalti nos Derbys desse ano. E aí, será que rola mais uma nesse domingo? 🤯👀
#PaulistasEmCampo #Corinthians #Derby",15,"08/30/2025 08:00",N/A,https://www.facebook.com/futebolpaulista/videos/1546160333032116/,0,0,Vídeos,,,,,Total,17517,15075,337,298,34,5,319,,319,0,,,,113110.699,8.328,0
1213663067463308,100064588783898,"Federação Paulista de Futebol - FPF","O PRIMEIRO DAS QUARTAS DE FINAL!
Vamos, Leão! A @interdelimeiraoficial está de olho na vaga para a semifinal da #SérieD 👀🦁
#PaulistasEmCampo",,0,"08/30/2025 07:30",N/A,https://www.facebook.com/futebolpaulista/posts/pfbid0958twxvdKC7cbC4vwWRNDBeFgrxMruK97aDCSvsrzdBuStC4x1Xxgqg9Kqoave7Gl,0,0,Fotos,,,,,Total,21838,16398,142,121,18,3,234,78,156,0,,,,,,
1213642264132055,100064588783898,"Federação Paulista de Futebol - FPF","O QUARTETO DO SÁBADO!
Hoje a bola rola para quatro definições na Copa Paulista Sicredi. Quem passa para a próxima fase, torcedor?
#CopaPaulistaSicredi",,0,"08/30/2025 07:00",N/A,https://www.facebook.com/futebolpaulista/posts/pfbid0n6kfoRnfhopKtEVxJ6fGgwptHSbdMj8y1s9PM5aktoYpPWJh74RjzH8BCrtRf6Xhl,0,0,Fotos,,,,,Total,4002,2880,30,27,1,2,23,10,13,0,,,,,,
1213623087467306,100064588783898,"Federação Paulista de Futebol - FPF","SÁBADO CHEIO! 😮‍💨
Se liga em todos os jogos que vão rolar para as minhas equipes em todas as divisões!
#PaulistasEmCampo",,0,"08/30/2025 06:30",N/A,https://www.facebook.com/futebolpaulista/posts/pfbid02peWnheggCCyXoqqm2qJBTcz1VseCEFrH2qNcLg1vU55VkgBfqYXVHumyQpxaG2Tsl,0,0,Fotos,,,,,Total,17901,12869,150,128,9,13,229,161,68,0,,,,,,
1213603657469249,100064588783898,"Federação Paulista de Futebol - FPF","AO VIVO NO YOUTUBE DO @paulistao!
Quem vai ficar com a taça da #Bezinha: Tanabi ou ECUS?
#PaulistaSub23SegundaDivisãoSicredi",,0,"08/30/2025 06:00",N/A,https://www.facebook.com/futebolpaulista/posts/pfbid0t18Ltnt89FGyXnGUG6Gif1kPLND1BrmjoJjxK6pMCXd6MtHorieWCNFEg5q6ooJDl,0,0,Fotos,,,,,Total,6892,5260,24,23,0,1,35,22,13,0,,,,,,
1213566030806345,100064588783898,"Federação Paulista de Futebol - FPF","A PRIMEIRA LIBERTADORES DO SANTOS! 🏆✨
Há 63 anos, o Peixão conquistava a primeira taça da @libertadoresbr da sua história!
#PaulistasEmCampo #BaúDoPaulistão",,0,"08/30/2025 05:00",N/A,https://www.facebook.com/futebolpaulista/posts/pfbid027bqrwhDafhpHiseVpyjDvtvWfX7pq7k1pFQt8g2ouFuvGq3xYyxex2YDv4kzSkrml,0,0,Fotos,,,,,Total,251845,167023,3749,3157,324,268,5365,2810,2555,0,13,7,,,,
1213284324167849,100064588783898,"Federação Paulista de Futebol - FPF","CHEGOU O DIA DA GRANDE DECISÃO! 🔥⚽
Com a vantagem do jogo de ida, o Tanabi recebe o ECUS para decidir quem leva a taça do Paulista Sub-23 Segunda Divisão Sicredi! Algum palpite?
#Bezinha",,0,"08/29/2025 20:05",N/A,https://www.facebook.com/futebolpaulista/posts/pfbid02fNYZa5DmD2V5W6n4HABHJa1HYibzhoDH1RtkYdemH8EF6d5wgptUzMHaic6BszzLl,0,0,Fotos,,,,,Total,36922,27180,151,137,10,4,307,156,151,0,,,,,,
1213219127507702,100064588783898,"Federação Paulista de Futebol - FPF","VERDÃO AVANÇA!
União São João reverte a desvantagem do jogo de ida e segue na luta pelo título da Copa Paulista Sicredi!
#CopaPaulistaSicredi
📷Carol Custanari/Arquivo/União São João",,0,"08/29/2025 17:58",N/A,https://www.facebook.com/futebolpaulista/posts/pfbid0LyEctd6VgbDyqUatdKjSdYJYdEZK2Ywbckbo1rLtr1WQkxG95f5Ca3XmtRxkWymXl,0,0,Fotos,,,,,Total,88725,59841,552,443,84,25,1823,541,1282,0,2,1,,,,
1213217010841247,100064588783898,"Federação Paulista de Futebol - FPF","UNIÃO SÃO JOÃO NAS QUARTAS!
A equipe de Araras é o primeiro clube garantido na próxima fase da Copa Paulista Sicredi!
#CopaPaulistaSicredi",,0,"08/29/2025 17:55",N/A,https://www.facebook.com/futebolpaulista/posts/pfbid0eM2Wr5RrWxkRd9jEQjiamQ5FFGM1dFE8ii7Qxsec57yQBmxkus6ivRvHienw1zwUl,0,0,Fotos,,,,,Total,72888,47603,803,669,94,40,1515,320,1195,0,3,1,,,,
1213081784188103,100064588783898,"Federação Paulista de Futebol - FPF","ANDREAS PEREIRA É DO PALMEIRAS! 😮‍💨🐷
O Verdão acabou de anunciar o meio-campista como novo reforço! Quais são as expectativas da contratação, torcedor? Deixa aqui nos comentários 👇
#PaulistasEmCampo #Palmeiras 
🎥Palmeiras","ANDREAS PEREIRA É DO PALMEIRAS! 😮‍💨🐷
O Verdão acabou de anunciar o meio-campista como novo reforço! Quais são as expectativas da contratação, torcedor? Deixa aqui nos comentários 👇
#PaulistasEmCampo #Palmeiras 
🎥Palmeiras",46,"08/29/2025 13:24",uploaded,https://www.facebook.com/reel/1876857339544548/,0,0,Reels,,,,,Total,3057,2997,78,67,3,8,41,,41,0,,,,13469.042,4.66,0
1213070217522593,100064588783898,"Federação Paulista de Futebol - FPF","VOCÊ SABE O QUE O GUARANI PRECISA PARA AVANÇAR NA SÉRIE C? 👀
Pega o papel e a caneta e vem conferir a matemática para o Bugre se classificar!
#PaulistasEmCampo",,0,"08/29/2025 13:00",N/A,https://www.facebook.com/futebolpaulista/posts/pfbid0u1SoK1umtiHZdh9pPKRzMqnGFbWuSNbgSXd9tVDX8iBRiXoMGweiiXVQJih7psYol,0,0,Fotos,,,,,Total,6918,4478,64,59,0,5,367,301,66,0,1,1,,,,
1213041730858775,100064588783898,"Federação Paulista de Futebol - FPF","O LEÃO TÁ COM TUDO NA SÉRIE D! 🦁👀
Vem ver a campanha da @interdelimeiraoficial até aqui!
#PaulistasEmCampo",,0,"08/29/2025 12:00",N/A,https://www.facebook.com/futebolpaulista/posts/pfbid0bTAsUaQFcSgW8cKqRceLdx1s2xhiB5yiUKKNBpxQUfxtXEqd2hy1gfAmg8T6Hg63l,0,0,Fotos,,,,,Total,31124,22229,288,231,51,6,434,154,280,0,2,,,,,
1213011584195123,100064588783898,"Federação Paulista de Futebol - FPF","CALCULADORA NA MÃO! 🔢🔍✍️
Hora de fazer as contas para a classificação do Ituano na #SérieC!
#PaulistasEmCampo",,0,"08/29/2025 11:00",N/A,https://www.facebook.com/futebolpaulista/posts/pfbid02fcrLid6EpkSVfBMW68WcKWD8mCyotAoQzbd5StuCzp1mrtuHfHmHdiHAY41Yi6iyl,0,0,Fotos,,,,,Total,6562,4764,28,25,1,2,133,101,32,0,,1,,,,
1212974987532116,100064588783898,"Federação Paulista de Futebol - FPF","BI-BI, TEM CUPOM VINDO AÍ! 🚌
O @clubegiro.oficial, parceiro oficial do Paulista Sub-23 Segunda Divisão Sicredi, quer que o fanático e a fanática por futebol também viaje com @viacaocometa.oficial. Coloque o cupom GOLDOGIRO20 para garantir seu desconto. Link nos stories.
#Bezinha #ClubeGiro",,0,"08/29/2025 10:00",N/A,https://www.facebook.com/futebolpaulista/posts/pfbid0gNt4HqSY7fj3PnDbyQdHWsWE3grcrpNDtsfC2prfLo3agXtmoUhdLJaXh7uPLhml,0,0,Fotos,,,,,Total,3153,2279,14,13,0,1,5,2,3,0,,1,,,,
1212902910872657,100064588783898,"Federação Paulista de Futebol - FPF","ABRINDO AS OITAVAS!
O União São João saiu atrás no placar, mas agora recebe o Noroeste para tentar reverter em casa!
#CopaPaulistaSicredi",,0,"08/29/2025 08:00",N/A,https://www.facebook.com/futebolpaulista/posts/pfbid02EGLXFhatKwGCGK1sY6RWXjg6b9sxzinJsHPSXR1KWeUzHCXTmuY7rGcVhvAMJGFrl,0,0,Fotos,,,,,Total,10381,7845,83,73,9,1,120,44,76,0,,,,,,
1212817604214521,100064588783898,"Federação Paulista de Futebol - FPF","PORTÕES FECHADOS!
O futebol de crianças deve ser sinônimo de aprendizado, convivência, diversão e alegria. Quando atitudes de torcedores ameaçam este ambiente, precisamos agir.
Por causa do mau comportamento dos adultos, as crianças do Paulista Sub-11 e Sub-12 jogarão com portões fechados por duas rodadas. A medida, em caráter educativo, é uma decisão da Federação Paulista de Futebol por recomendação do Tribunal de Justiça Desportiva do Futebol Paulista, em decorrência do crescente número de casos de violência, hostilidade e até ofensas racistas e homofóbicas contra as crianças.
#MenosÓdioMaisFutebol #FPF #CategoriasDeBase",,60,"08/29/2025 05:44",N/A,https://www.facebook.com/futebolpaulista/posts/pfbid02762c18Y1PDBYg8TKiDdFJfPysTpHw1TE9j4Fqb6B2vZqw31mecqYUsnTUEXrq4Ewl,1,0,Fotos,,,,,Total,13503,10367,181,129,31,21,912,624,288,1565,,,,,,
1212790570883891,100064588783898,"Federação Paulista de Futebol - FPF","CHOOSE YOUR TEAM! 🎮⚽
Feliz Dia Internacional do Gamer para todos os amantes dos jogos - de futebol e de videogame!
#FutebolPaulista #DiaInternacionalDoGamer",,0,"08/29/2025 05:00",N/A,https://www.facebook.com/futebolpaulista/posts/pfbid02fHXBxkW8WAjy2y7Mpu4k7r3Cv5ofpUdVXneciVHFDrfDtw7tJe41AiXpTKYUFgYhl,0,0,Fotos,,,,,Total,5732,4243,43,33,5,5,29,14,15,0,,,,,,
1212755697554045,100064588783898,"Federação Paulista de Futebol - FPF","71 ANOS DO WLADIMIR!
Feliz aniversário para o jogador que mais atuou com a camisa do Corinthians, o tetracampeão paulista @wladimir.oficial!
#FutebolPaulista #Aniversário",,0,"08/29/2025 04:00",N/A,https://www.facebook.com/futebolpaulista/posts/pfbid0GUScBtRnaRshtXuWD93draz8yZ1KMyxauHvRVD1Pq8YkiNHfwKYokdRWJmxTeW3Vl,0,0,Fotos,,,,,Total,4698,3099,124,113,8,3,49,18,31,0,,,,,,
1212755560887392,100064588783898,"Federação Paulista de Futebol - FPF","No dia 29 de agosto é celebrado o Dia Nacional da Visibilidade Lésbica. Por mais amor e respeito! 🤝🏳️‍🌈
#FPF #DiaNacionalDaVisibilidadeLésbica",,0,"08/29/2025 04:00",N/A,https://www.facebook.com/futebolpaulista/posts/pfbid02jGcMQqALmkqoyQD7nYPfSuZj1RYdhPXKdQKtepcDhEQfDwpBRsHi4HebVqwLzT3sl,0,0,Fotos,,,,,Total,32784,20391,1181,720,454,7,1956,158,1798,0,43,11,,,,
1212501194246162,100064588783898,"Federação Paulista de Futebol - FPF","CALCULADORA NA MÃO! 🔢🔍✍️
Hora de fazer as contas para a classificação do Ituano na #SérieC!
#PaulistasEmCampo",,0,"08/28/2025 20:00",N/A,https://www.facebook.com/futebolpaulista/posts/pfbid02wkTKCsuUAYhnua2Kxzt2p14EKThEjEJjvhEKEcsLhBZGJbwJEUKjDd3BtFp8CotCl,0,0,Fotos,,,,,Total,21475,13494,105,85,17,3,1254,872,382,0,,,,,,
1212368174259464,100064588783898,"Federação Paulista de Futebol - FPF","PARA DEFINIR QUEM AVANÇA!
Bora para os jogos de volta das oitavas de final da #CopaPaulistaSicredi!",,0,"08/28/2025 16:00",N/A,https://www.facebook.com/futebolpaulista/posts/pfbid0zeXgp1LnMfiLiWmU4qGes3ApcaxaKyHNCHBFWeUK7Vv65xKH1xdt9fzpFCg3Lup8l,0,0,Fotos,,,,,Total,31575,22899,206,175,24,7,634,306,328,0,,1,,,,
1212332717596343,100064588783898,"Federação Paulista de Futebol - FPF","TIMÃO 100% NA @copadobrasilcbf! 😎🌟
Mais uma partida e mais uma vitória do Corinthians!
#PaulistasEmCampo",,0,"08/28/2025 15:00",N/A,https://www.facebook.com/futebolpaulista/posts/pfbid0TFZTviteitN7CDjLnagKf1wZGGe3PBSkCHckJtQGHi7qYBNF7mBd2qd3BRDXPHFGl,0,0,Fotos,,,,,Total,214566,157819,3057,2797,201,59,2181,894,1287,0,5,5,,,,
1212272534269028,100064588783898,"Federação Paulista de Futebol - FPF","FLACO NA SELEÇÃO PELA PRIMEIRA VEZ! 🇦🇷⚽
O argentino do Palmeiras tá jogando MUITA bola e vai ter sua primeira chance na @afaseleccion!
#PaulistasEmCampo #FlacoLopez #Palmeiras",,0,"08/28/2025 13:00",N/A,https://www.facebook.com/futebolpaulista/posts/pfbid0DiT2NyjxWrwnaWh63QmCGKrkv977w84c8emib8RCmdywdKYqApwtgaRfjv5V22fAl,0,0,Fotos,,,,,Total,739886,505284,18193,17321,674,198,10200,3543,6657,0,4,2,,,,
1212210700941878,100064588783898,"Federação Paulista de Futebol - FPF","ARRIBA, FLACO! ⚽🔥
Tem argentino subindo na lista dos maiores goleadores do Allianz Parque... 👀
#PaulistasEmCampo #Palmeiras",,0,"08/28/2025 11:00",N/A,https://www.facebook.com/futebolpaulista/posts/pfbid02yVUSJM2zuZ2u1hCHB9XhedshfKJTPjGhGkSddWU46RCsit2iEVu1H2Zq2qE1NPZil,0,0,Fotos,,,,,Total,105612,75254,1204,1131,43,30,1249,808,441,0,2,1,,,,
1211949060968042,100064588783898,"Federação Paulista de Futebol - FPF","FELIZ ANIVERSÁRIO, VELO! 🎉‼️
O @veloclubeoficial completa 115 anos nessa quinta-feira (28). Parabéns!
#Aniversário #FutebolPaulista #VeloClube",,0,"08/28/2025 04:00",N/A,https://www.facebook.com/futebolpaulista/posts/pfbid02RgohM5ompKEk2Yva5thRzEWXxHq8cWtcBz2ay9hJy5qG2rZ8SJusJACmJ7CQ7ntQl,0,0,Fotos,,,,,Total,119392,89977,704,593,65,46,839,394,445,0,1,,,,,
1211676940995254,100064588783898,"Federação Paulista de Futebol - FPF","VITÓRIA DO TIMÃO!
Triunfo fora de casa e vantagem garantida na 
@copadobrasilcbf!
#PaulistasEmCampo
📷Rodrigo Coca/Ag.Corinthians",,0,"08/27/2025 19:37",N/A,https://www.facebook.com/futebolpaulista/posts/pfbid0viwGUt7ZUYsBRK8WR234wruaCnn3uckbwx7K2g8eoxUQ7y62CxykVoHZKReE1eQHl,0,0,Fotos,,,,,Total,166989,121071,3365,3058,224,83,1751,742,1009,0,1,1,,,,
1211672617662353,100064588783898,"Federação Paulista de Futebol - FPF","PODE COLOCAR MAIS UM NA CONTA DELE!
Gui Negão faz o gol e garante a vitória do Corinthians em Curitiba!
#PaulistasEmCampo #CopaDoBrasil #Corinthians
🎥@copadobrasilcbf","PODE COLOCAR MAIS UM NA CONTA DELE!
Gui Negão faz o gol e garante a vitória do Corinthians em Curitiba!
#PaulistasEmCampo #CopaDoBrasil #Corinthians
🎥@copadobrasilcbf",21,"08/27/2025 19:30",N/A,https://www.facebook.com/reel/1469127460958924/,0,0,Reels,,,,,Total,88494,75816,3553,3449,50,54,1296,,1296,0,,,,720231.262,9.759,0
1211661784330103,100064588783898,"Federação Paulista de Futebol - FPF","GUI NEGÃO É MUITO CORINTHIANS! 🦅🔥
São 3 gols nos últimos 3 jogos com a camisa do Timão!
#PaulistasEmCampo #Corinthians",,0,"08/27/2025 19:14",N/A,https://www.facebook.com/futebolpaulista/posts/pfbid0JzM5cekgsqDB3DfJ9TmTXw8RppHZSBvHTyhdPisX8W5s7fZPa4L682YSDfoBdyYRl,0,0,Fotos,,,,,Total,250162,173688,6080,5594,356,130,3520,1162,2358,0,3,3,,,,
1211530631009885,100064588783898,"Federação Paulista de Futebol - FPF","A CAMPANHA DO TIMÃO! 🦅👀
Daqui a pouco tem @copadobrasilcbf e o retrospecto é positivo!
#PaulistasEmCampo #Corinthians",,0,"08/27/2025 15:00",N/A,https://www.facebook.com/futebolpaulista/posts/pfbid034dwnwUN9ytHsfzcDvJ5AKEzPCsyt9xtwXCkZCZ1HpJwbXCjAfwcf9m1wx35tcfUVl,0,0,Fotos,,,,,Total,45937,32959,737,652,72,13,693,193,500,0,1,3,,,,
1211474797682135,100064588783898,"Federação Paulista de Futebol - FPF","O MAIOR CAMPEÃO DO BRASIL! 🏆🔥🐷
Com o título do Brasileirão Sub-20, o Palmeiras se tornou o maior campeão EM TODAS as categorias do @brasileirao!
#PaulistasEmCampo #Palmeiras",,0,"08/27/2025 13:00",N/A,https://www.facebook.com/futebolpaulista/posts/pfbid0V2yxstGKjF7WvM6PZCWzkyKRffNHH6rWCNe1Mn8QTvYTFk11mX82YdHr5cRQ643gl,0,0,Fotos,,,,,Total,308850,212420,8168,6118,1481,569,6396,2317,4079,0,20,12,,,,
1211441901018758,100064588783898,"Federação Paulista de Futebol - FPF","DE OLHO NA SÉRIE C! 
O Guarani e o Ituano vão com tudo na última rodada para garantir o quarteto paulista na próxima fase da #SérieC!
#PaulistasEmCampo",,0,"08/27/2025 12:00",N/A,https://www.facebook.com/futebolpaulista/posts/pfbid02qBK2eoX7zf3EneCMDAWm7xqCsSvN1G5YX1ftRgwi5tdNzTHRsnVg866d2gs5tw3tl,0,0,Fotos,,,,,Total,529865,358881,1280,1133,123,24,9917,4953,4964,0,5,1,,,,
1211333064362975,100064588783898,"Federação Paulista de Futebol - FPF","TABELA DA SÉRIE B PASSANDO NO SEU FEED!
O @oficialnovorizontino está de olho na zona de acesso 👀
#PaulistasEmCampo",,0,"08/27/2025 09:00",N/A,https://www.facebook.com/futebolpaulista/posts/pfbid0bboFHMPM7V83QcZ1M5fJxUiPAZrtCQN6D8AnktiovZJhxjmmMDcSHwN4kvo4Mmqal,0,0,Fotos,,,,,Total,219624,151931,687,583,93,11,4512,2611,1901,0,1,,,,,
1210833157746299,100064588783898,"Federação Paulista de Futebol - FPF","PRIMEIRA PARADA: CURITIBA!📍🏟️
O jogo de ida das quartas da @copadobrasilcbf do Timão é hoje! Qual é o seu palpite, torcedor?
#PaulistasEmCampo #Corinthians",,0,"08/26/2025 20:05",N/A,https://www.facebook.com/futebolpaulista/posts/pfbid0iTm3f7HBvzi4t22REES3dz3W1Qr4qTEEVVuVz2SFqFVYi9hQgvYmnhiKQJEYxsNGl,0,0,Fotos,,,,,Total,27354,19019,278,222,48,8,331,150,181,0,,,,,,
1210649744431307,100064588783898,"Federação Paulista de Futebol - FPF","ANIVERSARIANTE NA VICE-LIDERANÇA! 🎂🐷
Se liga como está a tabela do @brasileirao!
#PaulistasEmCampo",,0,"08/26/2025 15:00",N/A,https://www.facebook.com/futebolpaulista/posts/pfbid035iJcXCKU5X92r5zZENALsd8bGWXzNFyoEKEt29b3q9odzZEPv9YvARmHDszKV324l,0,0,Fotos,,,,,Total,55454,36832,520,460,45,15,914,452,462,0,1,1,,,,
1210595297770085,100064588783898,"Federação Paulista de Futebol - FPF","A IDA ACABOU!
Alguns conseguiram a vantagem no primeiro jogo e outros vão em busca da classificação na volta!
#CopaPaulistaSicredi!",,0,"08/26/2025 13:13",N/A,https://www.facebook.com/futebolpaulista/posts/pfbid02ngVu44jxyfkBtotTmQXJupRZeiasVuXSTtWzmCkn6i8ZvovW72Rc79GvE1wbCsZbl,0,0,Fotos,,,,,Total,110786,80437,428,349,63,16,1921,921,1000,0,1,1,,,,
1210589207770694,100064588783898,"Federação Paulista de Futebol - FPF","VITÓRIA EM CASA!
Inter de Limeira marca no fim e vai para o jogo de volta com a vantagem!
#CopaPaulistaSicredi",,0,"08/26/2025 13:01",N/A,https://www.facebook.com/futebolpaulista/posts/pfbid026o6ofiYwV7HoYYth8f3a83BCcZvx5WaGMWRmyKfRGCdyN6Vdyq3X9kFDfrq55GkLl,0,0,Fotos,,,,,Total,61528,43280,331,292,30,9,1006,414,592,0,,,,,,
1210559711106977,100064588783898,"Federação Paulista de Futebol - FPF","DIOGO SILVA, O GOLEIRO-ARTILHEIRO DA MACACA!
O camisa 12 marcou de pênalti e garantiu a vitória da Ponte Preta na Série C!
#FutebolPaulista
🎥@sportynetbrasil","DIOGO SILVA, O GOLEIRO-ARTILHEIRO DA MACACA!
O camisa 12 marcou de pênalti e garantiu a vitória da Ponte Preta na Série C!
#FutebolPaulista
🎥@sportynetbrasil",46,"08/26/2025 12:17",mixed,https://www.facebook.com/futebolpaulista/videos/2788391901356872/,0,0,Vídeos,,,,,Total,21383,21642,520,473,31,16,773,,773,11408,,,,212249.812,10.51,0.42
1210539314442350,100064588783898,"Federação Paulista de Futebol - FPF","DEVIDAMENTE APRESENTADO!
Juan Pablo Vojvoda, o novo comandante do Peixão!
#FutebolPaulista
📷Raul Baretta/Santos FC",,0,"08/26/2025 11:46",N/A,https://www.facebook.com/futebolpaulista/posts/pfbid0dNM3jf5irWzG7LFhRpnj5MUQaNiAhBJhRaCDwcwD62kUrhu1uvZ4F1HiQY86CEZDl,0,0,Fotos,,,,,Total,65276,47581,1176,1069,92,15,673,295,378,0,1,1,,,,
1210510317778583,100064588783898,"Federação Paulista de Futebol - FPF","SEQUÊNCIA DE INVENCIBILIDADE NO @brasileirao! 🇾🇪💪
O São Paulo de Hernán Crespo não sabe o que é perder há 8 jogos no Campeonato Brasileiro!
#PaulistasEmCampo #SãoPaulo",,0,"08/26/2025 11:00",N/A,https://www.facebook.com/futebolpaulista/posts/pfbid02zTVsgKDPAFZ9N1bBTv9t7Jkho3PcubYeNqxCFVFZyvX6kK1bmVfitfF3MNoYxeefl,0,0,Fotos,,,,,Total,284029,190705,4041,3853,131,57,3338,1955,1383,0,1,,,,,
1210384264457855,100064588783898,"Federação Paulista de Futebol - FPF","MONTE O MELHOR PALMEIRAS QUE VOCÊ JÁ VIU! 🐷⚽🔥
No dia do aniversário do Verdão, nós queremos saber: qual seria o seu Palmeiras de todos os tempos? Deixe aqui nos comentários!
#PaulistasEmCampo #Palmeiras",,0,"08/26/2025 08:00",N/A,https://www.facebook.com/futebolpaulista/posts/pfbid02QU3AizNv5EnJJbxu9mosbqcNyzCMD961atNfycH4aFNTK7hZnU5KppHWXgU62Z14l,0,0,Fotos,,,,,Total,5531,4090,41,25,15,1,57,21,36,0,,,,,,
1210335774462704,100064588783898,"Federação Paulista de Futebol - FPF","FECHANDO A IDA!
Inter de Limeira e Comercial começam a busca pela vaga na próxima fase nessa terça-feira!
#CopaPaulistaSicredi",,0,"08/26/2025 07:00",N/A,https://www.facebook.com/futebolpaulista/posts/pfbid04iXvXCDuzpYcGDL5La7FLobAvSoL22JDHs3LpijGC254XCmpt19csVKeBKUC4FU9l,0,0,Fotos,,,,,Total,14535,10250,159,138,17,4,236,69,167,0,,,,,,
1210320261130922,100064588783898,"Federação Paulista de Futebol - FPF","O PRIMEIRO DO MASSA BRUTA!
Nesse mesmo dia, em 1990, o Red Bull Bragantino conquistava seu primeiro título do @paulistao!
#FutebolPaulista #BaúDoPaulistão",,0,"08/26/2025 06:39",N/A,https://www.facebook.com/futebolpaulista/posts/pfbid0WJGBJe3zpsCvdEfpyYQtB1eVGgwMsuejFn3ZgP8inJHgLdd5gzSA4AzS5uEPHqHcl,0,0,Fotos,,,,,Total,49690,34460,227,176,47,4,992,244,748,0,,,,,,
1209951747834440,100064588783898,"Federação Paulista de Futebol - FPF","111 ANOS DE HISTÓRIA, DE LUTAS E DE GLÓRIAS! 🐷💚👏
Feliz aniversário para o maior campeão do Brasil, que completa 111 anos do vício verde, branco e vermelho ao lado da torcida que canta e vibra. Parabéns, Palmeiras! 
#FutebolPaulista #Aniversário #Palmeiras",,0,"08/25/2025 20:05",N/A,https://www.facebook.com/futebolpaulista/posts/pfbid0qvEQ8SPcSG1LodJVz38ixe98AbTnx5musJn2yhGcVLKj322TLvGdZnbHwMagf1LNl,0,0,Fotos,,,,,Total,1140902,781386,33437,26708,4476,2253,17103,6947,10156,0,30,13,,,,
1209872057842409,100064588783898,"Federação Paulista de Futebol - FPF","Se liga como foi a segunda-feira de Copa Paulista Sicredi.
#CopaPaulistaSicredi",,0,"08/25/2025 17:53",N/A,https://www.facebook.com/futebolpaulista/posts/pfbid02UGyChkZtKuszdRYyVa1q7n4zdo3xJvxFiaJdiYpikJv1uREsYzzM64XdLkRPPZUdl,0,0,Fotos,,,,,Total,17039,12562,74,63,6,5,181,67,114,0,1,,,,,
1209866074509674,100064588783898,"Federação Paulista de Futebol - FPF","DERROTA? NUNCA NEM VI!
Uma segunda-feira com 100% de aproveitamento pro #FutebolPaulista!
#PaulistasEmCampo",,0,"08/25/2025 17:40",N/A,https://www.facebook.com/futebolpaulista/posts/pfbid0L25t1WbQhFLTXbeeeApGgu3rgqMe9NrDowu5e31Ltz2tfi6sEazSV2yp11CFaXdLl,0,0,Fotos,,,,,Total,85171,60777,351,325,7,19,941,575,366,0,1,,,,,
1209862814510000,100064588783898,"Federação Paulista de Futebol - FPF","É O BUGRE!
Na luta pela classificação, Guarani vence no Brindo de Ouro e retorna ao G8 da Série C!
#PaulistasEmCampo
📷Raphael Silvestre/Guarani",,0,"08/25/2025 17:34",N/A,https://www.facebook.com/futebolpaulista/posts/pfbid02fwkBNvJMGhnzXQkXCycXxEF3JJMF9cNoqKzYg9F2droVT2VPn5QGfdTjy68LZBSEl,0,0,Fotos,,,,,Total,51847,35324,679,615,48,16,834,234,600,0,,,,,,
1209861794510102,100064588783898,"Federação Paulista de Futebol - FPF","PRA CIMA, MACACA!
Com direito a gol do goleirão Diogo Silva, Ponte Preta embala mais uma vitória na Série C!
#PaulistasEmCampo
📷Joel Filho/PontePress",,0,"08/25/2025 17:32",N/A,https://www.facebook.com/futebolpaulista/posts/pfbid02QQS7f4qFbXWk3uWkj4YD3U6hJvVT1JMSubCW9kFCEFKpm3PNHUeCM5dx7CZjca7Ml,0,0,Fotos,,,,,Total,100617,73975,674,592,63,19,1423,641,782,0,1,,,,,
1209848427844772,100064588783898,"Federação Paulista de Futebol - FPF","AVANTI, PALESTRA! 🇧🇷
Com a skin de Brasil, Palmeiras conta com gols dos gringos para vencer o Sport em casa!
#PaulistasEmCampo
📷Cesar Greco/Palmeiras",,0,"08/25/2025 17:09",N/A,https://www.facebook.com/futebolpaulista/posts/pfbid032PmSdtioN9SfWRZCgd2QirnFu1vyLE2Gg9oGZQ7U1ZTRMDTbvxrn1NT9jiz95MCml,0,0,Fotos,,,,,Total,93968,68760,3330,3087,177,66,1033,425,608,0,3,2,,,,
1209847471178201,100064588783898,"Federação Paulista de Futebol - FPF","VITÓRIA TRICOLOR!
Dever de casa feito e mais três pontos na conta do Botafogo!
#PaulistasEmCampo
📷João Victor Menezes/Agência Botafogo",,0,"08/25/2025 17:07",N/A,https://www.facebook.com/futebolpaulista/posts/pfbid03wsGPYBC8eH6aqtvZ5E2d7Q7ghAj6RddcJ5UUbuA1gbfMLEC6unBrzqh9wXofZPql,0,0,Fotos,,,,,Total,21434,16274,203,191,7,5,328,94,234,0,,,,,,
1209686267860988,100064588783898,"Federação Paulista de Futebol - FPF","HUGO SOUZA É SELEÇÃO!🇧🇷
Campeão e melhor goleiro do Paulistão Sicredi 2025, o goleiro do Corinthians vai representar o Futebol Paulista na Seleção Brasileira!
#FutebolPaulista #Brasil",,0,"08/25/2025 12:03",N/A,https://www.facebook.com/futebolpaulista/posts/pfbid0PuPJjccTvMPweqJgkFHrkUz1UpEkRR23K5eZnoxakXvC8ik3Dc2ZRmffFZXWrwQbl,0,0,Fotos,,,,,Total,483744,329353,14104,12043,1797,264,11060,2135,8925,0,6,1,,,,
1209670251195923,100064588783898,"Federação Paulista de Futebol - FPF","OLHA O FERRARESI! 🗣️👀✍️
Que categoria, hein @nahuelferraresi?!
#PaulistasEmCampo #SãoPaulo
🎥 Gutierre Filmes/São Paulo FC","OLHA O FERRARESI! 🗣️👀✍️
Que categoria, hein @nahuelferraresi?!
#PaulistasEmCampo #SãoPaulo
🎥 Gutierre Filmes/São Paulo FC",15,"08/25/2025 11:39",N/A,https://www.facebook.com/futebolpaulista/videos/926439683030942/,0,0,Vídeos,,,,,Total,53556,40119,1128,1081,26,21,770,,770,0,,,,407703.751,10.243,0
1209647484531533,100064588783898,"Federação Paulista de Futebol - FPF","EM DOSE DUPLA!
São dois jogos de #CopaPaulistaSicredi para abrir a semana!",,0,"08/25/2025 11:00",N/A,https://www.facebook.com/futebolpaulista/posts/pfbid0wdTzB8W4BYJ3LmdVjVDdvRHyMBtVHW8zQTzwTTSUEaE8qeNyJS4uU4AyCzEzZn63l,0,0,Fotos,,,,,Total,27572,20806,93,82,4,7,217,105,112,0,1,,,,,
1209635564532725,100064588783898,"Federação Paulista de Futebol - FPF","CURSO DE ÁRBITROS 2026! 🟨 🟥
🔗 http://bit.ly/3JvnX1H 🔗

As vagas estão ABERTAS na Escola de Árbitros Flávio Iazzetti (EAFI), da FPF Academia! Inscreva-se já e garanta sua participação no Nível 1, totalmente on-line, a partir de janeiro de 2026 📅

#FPFAcademia #FPF #Arbitragem",,0,"08/25/2025 10:41",N/A,https://www.facebook.com/futebolpaulista/posts/pfbid0Qpa2j5XcCZb67KQzu5Lg7no4XYMhZfRuN2s9udWgYmzwj5n488WhD1Rdu6cf8ez4l,0,0,Fotos,,,,,Total,3269,2460,23,20,0,3,28,5,9,0,,,14,,,
1209606284535653,100064588783898,"Federação Paulista de Futebol - FPF","CURSO DE ÁRBITROS 2026! 🟨 🟥
As vagas estão ABERTAS na Escola de Árbitros Flávio Iazzetti (EAFI), da @fpf_oficial, principal formadora da arbitragem brasileira há mais de 75 anos! Inscreva-se já e garanta sua participação no Módulo 1, totalmente on-line, a partir de janeiro de 2026 📅

🚨 Comente 𝗘𝗨 𝗤𝗨𝗘𝗥𝗢 e receba mais informações diretamente em sua DM 📩 O formulário de inscrição também tá no link da bio da @fpfacademia 🔗

.
.
.

#FPFAcademia #Curso #Arbitragem #Futebol #FutebolPaulista #EAFI #Árbitro #ÁrbitroDeFutebol #Paulistão #InscriçõesAbertas #FPF #CBF #FIFA",,0,"08/25/2025 09:55",N/A,https://www.facebook.com/futebolpaulista/posts/pfbid028RZso2PzXMqpGAXd6gMeoSoM8ZXNvwLKSUB3bg1pWASDjNeAFwiGTrX58qDQnVG2l,0,0,Fotos,,,,,Total,3921,2835,13,9,3,1,25,4,20,0,,,1,,,
1209429757886639,100064588783898,"Federação Paulista de Futebol - FPF","ABRINDO A SEMANA!
São quatro paulistas em busca dos três pontos nessa segunda-feira!
#PaulistasEmCampo",,0,"08/25/2025 06:00",N/A,https://www.facebook.com/futebolpaulista/posts/pfbid0dVmmmSQPyy5Hz9Nbg9rvHqUiEU91GDuzss5osXHgjf9PeXiiktyspYNygy2xefg1l,0,0,Fotos,,,,,Total,37869,28825,175,160,6,9,377,262,115,0,,,,,,
1209047747924840,100064588783898,"Federação Paulista de Futebol - FPF","Assim termina o domingo repleto de #FutebolPaulista.
#PaulistasEmCampo",,0,"08/24/2025 18:32",N/A,https://www.facebook.com/futebolpaulista/posts/pfbid0HcBmCf91cf5fGT863MB1rfNqfVnsG7dKzHyVYDUNGs4e458nHx4qhkkm698GN8M3l,0,0,Fotos,,,,,Total,175069,126007,568,527,24,17,1765,988,777,0,,1,,,,
1209046524591629,100064588783898,"Federação Paulista de Futebol - FPF","TRI-CO-LOOOOOOR!
Um gol em cada tempo e mais uma vitória do São Paulo no MorumBIS!
#PaulistasEmCampo
📷Ruben Chiri/São Paulo",,0,"08/24/2025 18:29",N/A,https://www.facebook.com/futebolpaulista/posts/pfbid0xq9CQS2GUwexLugVeRvS7wqDCSqrfcTP1PJi6Q56nqokLwX6KGH4k9QuyWk5TeEml,0,0,Fotos,,,,,Total,252523,187101,5346,5127,103,116,2567,1393,1174,0,1,,,,,
1209042967925318,100064588783898,"Federação Paulista de Futebol - FPF","QUE GOLAÇO!
Luciano ajeitou, Cédric cruzou no capricho e Tapia apareceu de peixinho para marcar um belo gol pro Tricolor!
#PaulistasEmCampo 
🎥SporTV","QUE GOLAÇO!
Luciano ajeitou, Cédric cruzou no capricho e Tapia apareceu de peixinho para marcar um belo gol pro Tricolor!
#PaulistasEmCampo 
🎥SporTV",28,"08/24/2025 18:23",mixed,https://www.facebook.com/futebolpaulista/videos/1139202871394316/,0,0,Vídeos,,,,,Total,305133,255509,11858,11498,160,200,10205,,10203,153078,,,2,3503316.411,14.277,6.25
1208999831262965,100064588783898,"Federação Paulista de Futebol - FPF","IGUALDADE NO MARCADOR!
São Bernardo e Náutico ficaram no empate.
#PaulistasEmCampo
📷Janes Carvalho/Divulgação/São Bernardo",,0,"08/24/2025 16:57",N/A,https://www.facebook.com/futebolpaulista/posts/pfbid02Hs9VBCdyNLYqtyj6G7xN6kgsbVvCq9pHntpVw1FUZvvc4GKH8FSA6PM5GWS3C1uhl,0,0,Fotos,,,,,Total,22045,15933,86,76,1,9,114,73,41,0,,,,,,
1208993951263553,100064588783898,"Federação Paulista de Futebol - FPF","WAAAAAAAAALTEEEEER!
O paredão do Mirassol defendeu um pênalti e foi fundamental na vitória do Mirassol pra cima do Fortaleza!
#PaulistasEmCampo 
🎥SporTV","WAAAAAAAAALTEEEEER!
O paredão do Mirassol defendeu um pênalti e foi fundamental na vitória do Mirassol pra cima do Fortaleza!
#PaulistasEmCampo 
🎥SporTV",25,"08/24/2025 16:45",uploaded,https://www.facebook.com/reel/1106262050966712/,0,0,Reels,,,,,Total,375880,323296,6866,6398,272,196,8375,,8373,0,,,2,3964522.762,12.952,0
1208991571263791,100064588783898,"Federação Paulista de Futebol - FPF","O CASTELÃO É DO LEÃO! 🦁🟡🟢
Bota mais três pontos na conta do Mirassol!
#PaulistasEmCampo
📷Iago Ferreira/Divulgação/Mirassol",,0,"08/24/2025 16:41",N/A,https://www.facebook.com/futebolpaulista/posts/pfbid02ZesfRojKb1CpbdbUEAnLzJBQ5sCjsRfBZr6U5MqcpWLqNX3kUhPmPAQygTqeLFLGl,0,0,Fotos,,,,,Total,138985,98595,1285,1156,93,36,1877,682,1195,0,1,1,,,,
1208988574597424,100064588783898,"Federação Paulista de Futebol - FPF","EMPATE EM ARARAQUARA!
Nada de gols para Ferroviária e Volta Redonda.
#PaulistasEmCampo
📷Luis Miguel Ferreira/Ferroviária",,0,"08/24/2025 16:34",N/A,https://www.facebook.com/futebolpaulista/posts/pfbid0jKEQdgXzeHZUDSFHt9R4HCdwywzufrEVK9R98SmDihh854TfVCYtmqhPJmuCJf2wl,0,0,Fotos,,,,,Total,20444,14721,162,134,20,8,234,63,171,0,,,,,,
1208919331271015,100064588783898,"Federação Paulista de Futebol - FPF","VAI, CORINTHIANS!
O Timão volta do Rio de Janeiro com os três pontos!
#PaulistasEmCampo
📷Rodrigo Coca/Corinthians",,0,"08/24/2025 14:17",N/A,https://www.facebook.com/futebolpaulista/posts/pfbid02Mc9YF8wFsvrV6CJuN1Z4w6V97BJpmpRC5jM2TLXKV5TLBJUKkFeDtPjmT62qWC6pl,0,0,Fotos,,,,,Total,205318,152763,2809,2617,156,36,1834,910,924,0,1,1,,,,
1208912514605030,100064588783898,"Federação Paulista de Futebol - FPF","O Peixe foi superado fora de casa.
#PaulistasEmCampo
📷Raul Baretta/Santos",,0,"08/24/2025 14:01",N/A,https://www.facebook.com/futebolpaulista/posts/pfbid07hJc7pDNgGwNFFSWi7tefgVTWPbXwRsDBnx1wGjZuHuKscZZaEafpEhBFMSX4DFdl,0,0,Fotos,,,,,Total,351519,267483,995,728,251,16,3956,1865,2091,0,5,,,,,
1208672334629048,100064588783898,"Federação Paulista de Futebol - FPF","No único jogo deste domingo de Copa Paulista Sicredi, Francana e Monte Azul ficaram no empate.
#CopaPaulistaSicredi
📷Erick Antunes/Divulgação/Francana",,0,"08/24/2025 08:10",N/A,https://www.facebook.com/futebolpaulista/posts/pfbid02sFmcT7MS9RSVg6Genga7qTTxmMkbcrz2M5ekt6YMhDorgMPYjyn2ihA8oTfRYCHdl,0,0,Fotos,,,,,Total,29283,22326,89,83,3,3,228,93,135,0,,,,,,
1208568961306052,100064588783898,"Federação Paulista de Futebol - FPF","DOMINGAMOS!
Minhas equipes tem compromissos no @brasileirao, no @brasileiraob e na Série C para fechar o fim de semana!
#PaulistasEmCampo",,0,"08/24/2025 06:00",N/A,https://www.facebook.com/futebolpaulista/posts/pfbid0jSGDCcENQevikZU2dM4Q1AcYoufeefRZgcztLyd9BuEK1yijiM2xMMmZXFyoyFBl,0,0,Fotos,,,,,Total,40583,28295,214,198,3,13,372,279,93,0,,1,,,,
1208529477976667,100064588783898,"Federação Paulista de Futebol - FPF","48 ANOS DO DENÍLSON SHOW!
Parabéns para o bicampeão paulista e campeão do mundo!
#FutebolPaulista #Aniversário",,0,"08/24/2025 05:00",N/A,https://www.facebook.com/futebolpaulista/posts/pfbid02YC8LNY4DB7SDB89eTx7DhJXJcdPXyeQjWorGMpSe5SKPW9tVwTnetJarDQXMwnjil,0,0,Fotos,,,,,Total,89552,59958,575,356,212,7,2025,315,1710,0,1,,,,,
1208456457983969,100064588783898,"Federação Paulista de Futebol - FPF","DOMINGO ÚNICO!
A Francana recebe o Monte Azul para o jogo de ida das oitavas de final. AO VIVO no YouTube do @paulistao!
#CopaPaulistaSicredi",,0,"08/24/2025 03:00",N/A,https://www.facebook.com/futebolpaulista/posts/pfbid0Bz5t9VVyW7hKcM9VUmuRd6djLH2Hxx1sCoy4M2VyUdDLn9Dtvwtmt3ZVMqbfyuf1l,0,0,Fotos,,,,,Total,10852,7908,45,44,0,1,64,32,32,0,,,,,,
1208120788017536,100064588783898,"Federação Paulista de Futebol - FPF","Quatro jogos movimentaram o primeiro dia de oitavas de final da Copa Paulista Sicredi. Se liga nos resultados.
#CopaPaulistaSicredi",,0,"08/23/2025 17:01",N/A,https://www.facebook.com/futebolpaulista/posts/pfbid0SuFJj2Wa3j4Zn9Wi5mZgHaSuS6X7KQgNm2yFttuzELSKi4KZpZHJPgGQD6Vrfy9Xl,0,0,Fotos,,,,,Total,84367,55859,531,429,89,13,1810,518,1292,0,,,,,,
1208062694690012,100064588783898,"Federação Paulista de Futebol - FPF","Sabadão invicto com os #PaulistasEmCampo.
#FutebolPaulista",,0,"08/23/2025 15:17",N/A,https://www.facebook.com/futebolpaulista/posts/pfbid0RRjdzLZ38gDmVSSBrNqrD4XNeumnLfX9nuu5aumzZS62oXxRBtqEyKLxhAqRXr5Gl,0,0,Fotos,,,,,Total,65839,45851,235,221,4,10,551,324,227,0,,,,,,
1208062174690064,100064588783898,"Federação Paulista de Futebol - FPF","PRA SEGUIR NA LUTA!
Ituano vence no Novelli Junior e se mantém firme na disputa por um lugar na próxima fase da Série C.
#PaulistasEmCampo 
📷Matheus Weschenfelder/Ypiranga",,0,"08/23/2025 15:16",N/A,https://www.facebook.com/futebolpaulista/posts/pfbid0fZFNZA5qcwahVeqXd5PehkJ8T24xxa7yHJgiLsQSDxd91dV6U62NMucsUDesbsnql,0,0,Fotos,,,,,Total,56961,43189,106,103,1,2,309,223,86,0,,,,,,
1208059941356954,100064588783898,"Federação Paulista de Futebol - FPF","GALAAAADO! 🥶  Pega só o nervosismo do Davi Gomes na frente do Fábio!  #PaulistasEmCampo  🎥Divulgação/Red Bull Bragantino","GELAAAADO! 🥶
Pega só o nervosismo do Davi Gomes na frente do Fábio!
#PaulistasEmCampo
🎥Divulgação/Red Bull Bragantino",29,"08/23/2025 15:12",uploaded,https://www.facebook.com/reel/2914057272124044/,0,0,Reels,,,,,Total,12542,11747,115,111,2,2,164,,164,0,,,,93665.144,8.113,0
1208038521359096,100064588783898,"Federação Paulista de Futebol - FPF","QUASE LÁ!
Inter de Limeira segura o empate, leva a melhor no agregado e avança para as quartas de final da Série D!
#PaulistasEmCampo
📷Divulgação/Inter de Limeira",,0,"08/23/2025 14:22",N/A,https://www.facebook.com/futebolpaulista/posts/pfbid0ja5t8UpSjzQiBnh73w4szufXgdPjX5pAMBZrX8iQ4vtRYMKHX3jGPsgtoQ2ZcC84l,0,0,Fotos,,,,,Total,50123,34808,561,477,70,14,1021,301,720,0,1,,,,,
1208032214693060,100064588783898,"Federação Paulista de Futebol - FPF","DEU MASSA BRUTA!
O Red Bull Bragantino encerrou a sequencia sem vitórias em grande estilo!
#PaulistasEmCampo
📷Ari Ferreira/Red Bull Bragantino",,0,"08/23/2025 14:08",N/A,https://www.facebook.com/futebolpaulista/posts/pfbid0rkB8ceMmq7PBuxrHqaxfzmtHFNczjSSgvpShaHGukZLzePtiRUC4ZoUEVr5wF6vEl,0,0,Fotos,,,,,Total,82588,60688,310,283,16,11,699,387,312,0,,,,,,
1208028704693411,100064588783898,"Federação Paulista de Futebol - FPF","ÊÊÊÊÊÊ, VAMOS SUBIR, INTEEEEER! 🦁 
Vaga para as quartas carimbada! O Leão está a dois jogos de buscar o acesso para a Série C!
#PaulistasEmCampo",,0,"08/23/2025 14:00",N/A,https://www.facebook.com/futebolpaulista/posts/pfbid02deWSvRtCpTKEpDbHoGZdu4J3uP4HCJuA65WdGEtKTQTcrE3LGfBQNgKcHUsWA7cwl,0,0,Fotos,,,,,Total,107380,75979,898,799,56,43,1750,542,1208,0,1,1,,,,
1208007464695535,100064588783898,"Federação Paulista de Futebol - FPF","VANTAGEM ALVIVERDE!
Tanabi vence fora de casa e fica mais perto do título do Paulista Sub-23 Segunda Divisão Sicredi!
#Bezinha
📷Rodrigo Corsi e Diego Soares/Ag. Paulistão",,0,"08/23/2025 13:15",N/A,https://www.facebook.com/futebolpaulista/posts/pfbid0kEJpgBLTqEDJvp5vKCbqEFMEU6vHrxiLgkYvN83Q8mkUh9Es4HHtPXBBGTQBHif2l,0,0,Fotos,,,,,Total,33054,23085,278,243,15,20,690,474,216,0,,,,,,
1207966598032955,100064588783898,"Federação Paulista de Futebol - FPF","VANTAGEM DO VISITANTE!
Fim do primeiro tempo em Suzano e é o Tanabi que tem o 1 a 0 de vantagem no placar.
#PaulistaSub23SegundaDivisãoSicredi
📷Rodrigo Corsi/Ag. Paulistão",,0,"08/23/2025 11:55",N/A,https://www.facebook.com/futebolpaulista/posts/pfbid0JqHKQbUHyzZjoRoKCVRzF5SGhVA7AJPN6LG5eKVwvz6SaJ4EVEcUPp6J9gy8NZKAl,0,0,Fotos,,,,,Total,22404,16035,68,67,0,1,169,95,74,0,,,,,,
1207940604702221,100064588783898,"Federação Paulista de Futebol - FPF","O Tanabi chegou daquele jeito pra final do Paulista Sub-23 Segunda Divisão Sicredi!
#FPF #Cometa #ClubeGiro
📷Diego Soares/Ag. Paulistão",,0,"08/23/2025 11:11",N/A,https://www.facebook.com/futebolpaulista/posts/pfbid0iark73hSSKKXRFrvUcJSyvvbetF1BAiiw6mW4HV2YCYenMGCCr6NLjCkcveEEWDsl,0,0,Fotos,,,,,Total,32939,23417,118,117,0,1,692,589,103,0,,,,,,
1207817611381187,100064588783898,"Federação Paulista de Futebol - FPF","SABADOU!
São quatro jogos AO VIVO no YouTube do @paulistao para abrir o final de semana!
#CopaPaulistaSicredi",,0,"08/23/2025 08:00",N/A,https://www.facebook.com/futebolpaulista/posts/pfbid0gNt4HqSYB1PNuSgDpWo7PCBa5nVggcBPho7oFwo7ELse1XgeWd3KvpUGtFb3sd3l,0,0,Fotos,,,,,Total,15166,11239,76,70,1,5,129,89,40,0,,,,,,
1207774294718852,100064588783898,"Federação Paulista de Futebol - FPF","QUEM LEVA A VANTAGEM?
Assista ao primeiro jogo da final da #Bezinha AO VIVO no YouTube do @paulistao!
#PaulistaSub23SegundaDivisãoSicredi",,0,"08/23/2025 07:00",N/A,https://www.facebook.com/futebolpaulista/posts/pfbid02UMfbbhfJ5s89BhxwnQ4UkipRdnapFoqnuL1QQX8vuR7BN5gHevcwhocUBRCmoxzyl,0,0,Fotos,,,,,Total,9051,6995,25,24,0,1,30,21,9,0,,,,,,
1207734438056171,100064588783898,"Federação Paulista de Futebol - FPF","DIA CHEIO!
Tem quatro equipes do #FutebolPaulista entrando em campo neste sabadão 🔥
#PaulistasEmCampo",,0,"08/23/2025 06:00",N/A,https://www.facebook.com/futebolpaulista/posts/pfbid02NBTTzx8X2uFkYH355p67pX8TkUyawF4zvqsActYP6B1zTravFdpGYNW34iFVyNwgl,0,0,Fotos,,,,,Total,21117,14746,136,116,16,4,239,125,114,0,,,,,,
1207402984755983,100064588783898,"Federação Paulista de Futebol - FPF","O PRIMEIRO CONFRONTO DA DECISÃO É HOJE!
União Suzano e Tanabi se enfrentam pelo jogo de ida da final do Paulista Sub-23 Segunda Divisão Sicredi!
#Bezinha",,0,"08/22/2025 20:05",N/A,https://www.facebook.com/futebolpaulista/posts/pfbid0kty9dA9nK8TNk2EUHc88azQGZmdMuGtAPCWyamkhFFHNssJvgMboH266R81BrzEfl,0,0,Fotos,,,,,Total,51879,35123,184,168,8,8,479,281,197,0,,,1,,,
1207386414757640,100064588783898,"Federação Paulista de Futebol - FPF","No duelo de Tigres pela Série B, o paulista acabou sendo superado pelo catarinense.
#PaulistasEmCampo
📷Ozzair Jr. Novorizontino",,0,"08/22/2025 19:34",N/A,https://www.facebook.com/futebolpaulista/posts/pfbid02TFZQTVzVHnatsXQpYfgTfhN7yBjdN9z3RBFAkd6Em9yjcXBXzQiWDrRnmQ18WBmFl,0,0,Fotos,,,,,Total,69877,48740,259,233,17,9,781,436,345,0,,,,,,
1207274121435536,100064588783898,"Federação Paulista de Futebol - FPF","VAI COMEÇAR!
Bora para as oitavas de final da #CopaPaulistaSicredi!",,0,"08/22/2025 16:00",N/A,https://www.facebook.com/futebolpaulista/posts/pfbid02ov2mMaTFDim1AFeaMnrnJNxPMFvwD3PAdGUdaHg8dXJ6vvJs41kD8eBooApKiha2l,0,0,Fotos,,,,,Total,19481,13070,142,112,21,9,306,145,161,0,,,,,,
1207241558105459,100064588783898,"Federação Paulista de Futebol - FPF","O SORTEIO DA COPA DO MUNDO JÁ TEM DATA!
A definição dos grupos da Copa do Mundo da FIFA de 2026 vai rolar no dia 5 de dezembro!
#PaulistasEmCampo #SeleçãoBrasileira",,0,"08/22/2025 15:00",N/A,https://www.facebook.com/futebolpaulista/posts/pfbid0ihQpWSd1yiZQMCX2CPZZum4JLHGcoW29w3EnbTiKbyZ5DaacwjvmkmfB8bTrqAznl,0,0,Fotos,,,,,Total,40341,29173,248,209,1,38,473,297,176,0,,,,,,
1207226091440339,100064588783898,"Federação Paulista de Futebol - FPF","PARADA FINAL: LIMA! 🇵🇪🤝🌟
Palmeiras e São Paulo estão vivos na disputa da @libertadoresbr e de olho na grande final!
#PaulistasEmCampo",,0,"08/22/2025 14:27",N/A,https://www.facebook.com/futebolpaulista/posts/pfbid02hVdBzUomUs6zQn4ARtNKt2GLYuMtAzPWHQ4SUG8QET1zPZEqhJXYXU5BDVSBJpQdl,0,0,Fotos,,,,,Total,207390,148503,1357,1141,202,14,2714,971,1743,0,,,,,,
1207207914775490,100064588783898,"Federação Paulista de Futebol - FPF","QUEREMOS UM CHOQUE-REI NA SEMI DA LIBERTADORES!
#FutebolPaulista",,0,"08/22/2025 13:48",N/A,https://www.facebook.com/futebolpaulista/posts/pfbid0x5ttFQncggutw4h5AJb6PzramGAVbiyWU4moKGxS3ugNct2qikLFyfhEDMKYxHMFl,0,0,Fotos,,,,,Total,32178,21092,364,279,75,10,676,188,488,0,,,,,,
1207182401444708,100064588783898,"Federação Paulista de Futebol - FPF","LABUBU DO FUTEBOL PAULISTA!
A adm aderiu a moda e lançou o bonde que tá disputando o @brasileirao. Qual é o seu preferido?
#FutebolPaulista",,0,"08/22/2025 13:00",N/A,https://www.facebook.com/futebolpaulista/posts/pfbid023mvo5sbYDfCS5FXfTHUsn3Px49iHDbAayGF8qC11pdzpK3Le5Ld9QGaJ85cvLYj5l,0,0,Fotos,,,,,Total,43077,25735,202,156,31,15,4003,2778,1225,0,,,,,,
1206987041464244,100064588783898,"Federação Paulista de Futebol - FPF","VOJVODA É DO PEIXÃO!
O Santos anunciou a contratação do técnico argentino para a sequência temporada. Aprovado, torcida Santista?
#FutebolPaulista
📷Santos FC",,0,"08/22/2025 07:55",N/A,https://www.facebook.com/futebolpaulista/posts/pfbid02s4JYh4kCWLtjUunTBW8JU5VVzW4qfePchFpBMJTx1MVq9VFnZvTWeTkaRyUEEP9Pl,0,0,Fotos,,,,,Total,24111,17587,318,267,46,5,374,113,261,0,,,,,,
1206970871465861,100064588783898,"Federação Paulista de Futebol - FPF","RESERVE A DATA!
Dia 13 de setembro, diretamente do @sesisp.osasco, vai rolar o Brinca & Joga, iniciativa da FPF em parceria com a @petrobras. Fiquem ligados 👀
#BrincaEJoga #FutebolPaulista",,0,"08/22/2025 07:30",N/A,https://www.facebook.com/futebolpaulista/posts/pfbid02t5PKMURAv2TSaupMcUeHgNxxbt6MRr3LYAbo1MXTXdMBqiAH9GUo63vmfCJUvyNel,0,0,Fotos,,,,,Total,3045,2170,14,11,0,3,10,4,6,0,,,,,,
1206902774806004,100064588783898,"Federação Paulista de Futebol - FPF","O TIGRE QUER SE MANTER NO G4!
Sexta-feira para conquistar os três pontos fora da casa no @brasileiraob!
#PaulistasEmCampo",,0,"08/22/2025 06:00",N/A,https://www.facebook.com/futebolpaulista/posts/pfbid034fUUJJvzykfq6zt1mYD1VCa9vdTwJxrdT7haE5JMs4xiEygS3W8k1zLfafwJmQspl,0,0,Fotos,,,,,Total,16600,12825,69,63,3,3,136,72,64,0,,,,,,
1206547954841486,100064588783898,"Federação Paulista de Futebol - FPF","QUE VENHAM OS HERMANOS! 🇧🇷⚔️🇦🇷
O River Plate será o adversário do Palmeiras nas quartas de final da Libertadores!
#PaulistasEmCampo",,0,"08/21/2025 19:38",N/A,https://www.facebook.com/futebolpaulista/posts/pfbid02Qjew2jfazLiGX5bT3UXcPYe6EdnnRAr4rsqyirjPTtmUibW8ktkjHBgFqNgehN3Vl,0,0,Fotos,,,,,Total,50718,34038,832,670,131,31,806,246,560,0,2,1,,,,
1206542744842007,100064588783898,"Federação Paulista de Futebol - FPF","EMPATE NO ALLIANZ!
Palmeiras e Universitario não tiraram o zero do placar.
#PaulistasEmCampo
📷Staff Images/Conmebol",,0,"08/21/2025 19:30",N/A,https://www.facebook.com/futebolpaulista/posts/pfbid02pWyhrRy8JFcujEdWXiQFKghrtCrmMvhHjB2jMyfdxjH3zedyGqdsfrFGJZDBFBSXl,0,0,Fotos,,,,,Total,74526,53038,330,222,95,13,1195,349,846,0,1,,,,,
1206541851508763,100064588783898,"Federação Paulista de Futebol - FPF","VERDÃO NAS QUARTAS!
O Palmeiras segue na luta pelo tetra da Libertadores!
#PaulistasEmCampo",,0,"08/21/2025 19:29",N/A,https://www.facebook.com/futebolpaulista/posts/pfbid0gJVi9QxbFib2sQz4WaaodFMAg9A7DGSSf6XnuGnxvenHPmevVeXynEaQ9W7G2wF7l,0,0,Fotos,,,,,Total,204230,149502,3726,3356,218,152,2215,897,1318,0,2,,,,,
1206468334849448,100064588783898,"Federação Paulista de Futebol - FPF","ADVERSÁRIO DEFINIDO! 🇧🇷⚔️🇪🇨
O São Paulo vai encarar a LDU, do Equador, na próxima fase da Libertadores!
#FutebolPaulista",,0,"08/21/2025 17:21",N/A,https://www.facebook.com/futebolpaulista/posts/pfbid02iSzeWU6c19nAcLHA8EW4ygWz8EwwG89zwxiAg2Cjj3A74UhPtLGkuNHYwtERbZAgl,0,0,Fotos,,,,,Total,29138,20156,572,522,38,12,442,118,324,0,,,,,,
1206401494856132,100064588783898,"Federação Paulista de Futebol - FPF","🇯🇵 O Ryuta Takahashi tá mandando bem no português, hein?!
Destaque no Guarani na Copa Paulista Sicredi, o atleta renovou contrato com o Bugre e ainda deixou aquele recado para a torcida!
#FutebolPaulista 
🎥Guarani","🇯🇵 O Ryuta Takahashi tá mandando bem no português, hein?!
Destaque no Guarani na Copa Paulista Sicredi, o atleta renovou contrato com o Bugre e ainda deixou aquele recado para a torcida!
#FutebolPaulista 
🎥Guarani",26,"08/21/2025 15:20",uploaded,https://www.facebook.com/futebolpaulista/videos/1549938183047757/,0,0,Vídeos,,,,,Total,234343,209668,7568,6923,431,214,7516,,7516,80733,,,,2046907.968,10.414,5.21
1206292921533656,100064588783898,"Federação Paulista de Futebol - FPF","VERDÃO 100%!
O Palmeiras tá com tudo na @libertadoresbr 🔥
#PaulistasEmCampo",,0,"08/21/2025 12:00",N/A,https://www.facebook.com/futebolpaulista/posts/pfbid02eYbsxLXoVSpeefxtvk7UbKLp3CRrZHZDPSAVmE8r29NUvMJM8Z1kZucM3f79y451l,0,0,Fotos,,,,,Total,34952,25425,504,451,40,13,320,147,173,0,,,,,,
1206144201548528,100064588783898,"Federação Paulista de Futebol - FPF","O TIGRE NA ZONA DE CLASSIFICAÇÃO! 🐯⬆️
O @brasileiraob tá a todo vapor. Se liga na tabela!
#PaulistasEmCampo #SérieB",,0,"08/21/2025 08:00",N/A,https://www.facebook.com/futebolpaulista/posts/pfbid0N7JoVEi9LwZPtXzWuec2Y24PPMWX3nPUYFtCC55HUxc4crc9HS7WtjCqYA7myK1Dl,0,0,Fotos,,,,,Total,199490,140995,569,488,64,17,3091,1526,1565,0,1,,,,,
1205724414923840,100064588783898,"Federação Paulista de Futebol - FPF","RUMO ÀS QUARTAS DE FINAL! 🔥🐷
Vantagem ampla no primeiro jogo + apoio da torcida jogando em casa = ⏳👀
#PaulistasEmCampo #Palmeiras",,0,"08/20/2025 20:05",N/A,https://www.facebook.com/futebolpaulista/posts/pfbid02QHZ4YJHT7QpBGzmiykh4oKaZYTNFSqwLjP364nGzMU7zfF5K8YTVURgifKnAwKyml,0,0,Fotos,,,,,Total,72699,53141,1056,959,74,23,871,479,392,0,1,1,,,,
1205539228275692,100064588783898,"Federação Paulista de Futebol - FPF","TRICOLOR INVICTO NA @libertadoresbr! 🔥🇾🇪
Essa é a campanha do São Paulo até na aqui na busca pela Glória Eterna!
#PaulistasEmCampo #SãoPaulo",,0,"08/20/2025 14:00",N/A,https://www.facebook.com/futebolpaulista/posts/pfbid02M76eREBCwBaFAmCQaUYpBjja6XzpqreRZzLARHXF36TPLxyBey9dCEG3DZN7QqQJl,0,0,Fotos,,,,,Total,34994,25130,898,823,62,13,630,144,486,0,,,,,,
1205460054950276,100064588783898,"Federação Paulista de Futebol - FPF","MINHAS EQUIPES NO @brasileirao!
O Campeonato Brasileiro tá a todo vapor, se liga na tabela depois da 20ª rodada!
#PaulistasEmCampo",,0,"08/20/2025 12:00",N/A,https://www.facebook.com/futebolpaulista/posts/pfbid0gAk1QG1hBQA5KAxiXJbbHWrc7DPqztvnzcH18ZyDSRmNuU8PoDC1BC9tfzaHdN7dl,0,0,Fotos,,,,,Total,46149,32849,251,223,19,9,601,339,262,0,,,,,,
1205450378284577,100064588783898,"Federação Paulista de Futebol - FPF","BI-BI, TEM CUPOM VINDO AÍ! 🚌
O @clubegiro.oficial, parceiro oficial do Paulista Sub-23 Segunda Divisão Sicredi, quer que o fanático e a fanática por futebol também viaje com @viacaocometa.oficial. Coloque o cupom GOLDOGIRO20 para garantir seu desconto. Link nos stories.
#Bezinha #ClubeGiro",,0,"08/20/2025 11:43",N/A,https://www.facebook.com/futebolpaulista/posts/pfbid02ZbVH8HhCy6jhzBWAhcrVSXCfuxiUe2jEzFYTVqpcHmcZqw4pDwsYwKy9q3scGNiFl,0,0,Fotos,,,,,Total,3441,2392,14,14,0,0,5,4,1,0,,,,,,
1196185382544410,100064588783898,"Federação Paulista de Futebol - FPF","O sabadão foi repleto de #FutebolPaulista. Se liga só no que rolou.
#PaulistasEmCampo",,0,"08/09/2025 18:40",N/A,https://www.facebook.com/futebolpaulista/posts/pfbid02gY9RXXQFsNqguvZkTaHHS1KgGicN5yND6oxxPwoCbn9VGvijp74fPgqNJS8rRd7dl,0,0,Fotos,,,,,Total,294611,212393,413,389,3,21,3142,2206,936,0,,,,,,
1205442881618660,100064588783898,"Federação Paulista de Futebol - FPF","UNIÃO DE SUCESSO! 🤩🤝
A nova parceria da @fpf_oficial com a @viacaocometa.oficial e o @clubegiro.oficial foi mais que aprovada pelos técnicos dos finalistas do Paulista Sub-23 Segunda Divisão Sicredi!
#Bezinha",,0,"08/20/2025 11:30",N/A,https://www.facebook.com/futebolpaulista/posts/pfbid025RRGHizGCEvu8AMxXopqbJMPbNUQGTeq9M9HiCNRe6eWqHS7vBGXaDMoG53LSwul,0,0,Fotos,,,,,Total,4351,2921,20,18,0,2,43,36,7,0,,,,,,
1205423531620595,100064588783898,"Federação Paulista de Futebol - FPF","O GOLEADOR DA FERROVIÁRIA!
Carlão já está com 8 gols na conta no @brasileiraob!
#PaulistasEmCampo #Ferroviária",,0,"08/20/2025 11:00",N/A,https://www.facebook.com/futebolpaulista/posts/pfbid0YJnkktMXPsKAWZcZsSuPGd3hz6t5qykvcRHHtD5mjnYyenm9nF7UtChhPaDPFQYNl,0,0,Fotos,,,,,Total,59171,40394,551,472,68,11,893,252,641,0,,,,,,
1205377541625194,100064588783898,"Federação Paulista de Futebol - FPF","DE OLHO NA TABELA!
Com Ponte Preta e São Bernardo já classificados, vem ver a classificação na #SérieC depois de mais uma rodada!
#PaulistasEmCampo",,0,"08/20/2025 10:00",N/A,https://www.facebook.com/futebolpaulista/posts/pfbid0fKGbZDUgnhuC47XbLbmRGWUz1NjHvEj4WE2qoxrWwwGzrt7d1vHgG3MokTMzmFs7l,0,0,Fotos,,,,,Total,233528,156095,675,597,61,17,5263,2416,2847,0,1,,,,,
1204849358344679,100064588783898,"Federação Paulista de Futebol - FPF","É RAFAEEEEEEL!
O GOLEIRO TRICOLOR PEGOU MAIS UM PÊNALTI 🔥
#PaulistasEmCampo
🎥 @libertadoresbr","É RAFAEEEEEEL!
O GOLEIRO TRICOLOR PEGOU MAIS UM PÊNALTI 🔥
#PaulistasEmCampo
🎥 @libertadoresbr",31,"08/19/2025 20:06",N/A,https://www.facebook.com/futebolpaulista/videos/1216172540313758/,0,0,Vídeos,,,,,Total,93061,76524,3904,3744,92,68,2010,,2010,47323,,,,964868.199,12.16,2
1204846988344916,100064588783898,"Federação Paulista de Futebol - FPF","CHAMOU A RESPONSA!
Cédric foi o responsável pela última cobrança de pênaltis no MorumBIS e garantiu a classificação.
#PaulistasEmCampo
🎥 @libertadoresbr","CHAMOU A RESPONSA!
Cédric foi o responsável pela última cobrança de pênaltis no MorumBIS e garantiu a classificação.
#PaulistasEmCampo
🎥 @libertadoresbr",43,"08/19/2025 20:03",N/A,https://www.facebook.com/futebolpaulista/videos/743073185180820/,0,0,Vídeos,,,,,Total,152138,163792,6752,6494,141,117,7196,,7196,74389,,,,1472201.935,10.367,4.09
1204845715011710,100064588783898,"Federação Paulista de Futebol - FPF","COLOCA MAIS UM NA CONTA!
O Tricolor está há 17 jogos sem saber o que é perder na @libertadoresbr.
#PaulistasEmCampo",,0,"08/19/2025 20:00",N/A,https://www.facebook.com/futebolpaulista/posts/pfbid0uGQaknJu5Pnxj515VeZ61ey5hSbJs2QxmK68YyjQ2kQpBBwD75MBbGLx5yzdd15nl,0,0,Fotos,,,,,Total,272996,195010,5435,5011,237,187,2861,1315,1546,0,,,,,,
1204845361678412,100064588783898,"Federação Paulista de Futebol - FPF","PORQUE SÃO PAULO É SENTIMENTO!
Rafael pega um pênalti, Cédric converteu a última cobrança e o @saopaulofc classifica na @libertadoresbr.
#PaulistasEmCampo
📷 Divulgação/Conmebol",,0,"08/19/2025 20:00",N/A,https://www.facebook.com/futebolpaulista/posts/pfbid02v7zF5a4R8K2MxEyMsi7QPJu3Ykzx7xvU57ExnivL8nQMqVHNvtrbhDs6JqDH8Nvcl,0,0,Fotos,,,,,Total,138992,96941,2968,2759,131,78,1663,746,917,0,,,,,,
1204838055012476,100064588783898,"Federação Paulista de Futebol - FPF","FOI COM EMOÇÃO!
NOS PÊNALTIS, O TRICOLOR CONQUISTA A VAGA PARA AS QUARTA DE FINAL DA @LIBERTADORESBR.
#PaulistasEmCampo",,0,"08/19/2025 19:46",N/A,https://www.facebook.com/futebolpaulista/posts/pfbid0oxmBPsDmrq2xEgyhioGRUiHkgk4pAq1Adb49qRudcW1VBhV4fnv6F371wQmCxRegl,0,0,Fotos,,,,,Total,39672,27264,1647,1478,93,76,677,284,393,0,,,,,,
1204677998361815,100064588783898,"Federação Paulista de Futebol - FPF","É NOITE DE LIBERTADORES!
Todos os caminhos levam ao MorumBIS
#PaulistasEmCampo
📷 @serjosoza",,0,"08/19/2025 14:45",N/A,https://www.facebook.com/futebolpaulista/posts/pfbid02yskcPh12J2PszNNAWUJJyUydHfpX6H5E1D7x7S1aLiiXB1EVwfh5NN8yctyaRMh3l,0,0,Fotos,,,,,Total,88396,63779,1959,1865,63,31,1461,776,685,0,,,,,,
1204640271698921,100064588783898,"Federação Paulista de Futebol - FPF","FPF lança novo edital para o Programa Gramado Paulista!
O edital é para contratação de empresas especializadas na prestação de serviços e consultoria, assistência e manutenção de gramados. Os interessados têm até 22 de agosto para envio de documentos e apresentação de propostas. Saiba mais em futebolpaulista.com.br!
#FPF",,0,"08/19/2025 13:27",N/A,https://www.facebook.com/futebolpaulista/posts/pfbid0V9RgTqo2W9Yp3oR4FmLaEpzFHUnXsiwWar7eLMRZJidizMgvZfyBtuXj3cSXYX1cl,0,0,Fotos,,,,,Total,3530,2559,11,10,0,1,8,2,6,0,,,,,,
1204616441701304,100064588783898,"Federação Paulista de Futebol - FPF","AS_FOTOS_FICARAM_LINDAS_jpg
Alguns registros marcantes de 2025 para comemorar o Dia Mundial da Fotografia!
#PaulistãoSicredi
📷 Ag. Paulistão",,0,"08/19/2025 12:49",N/A,https://www.facebook.com/futebolpaulista/posts/pfbid032U2T8ZWujGEnGVTnbGL2ehJENNWJTNGSmxjDNdZ2LGB6w7tdzrhA9eCK3PmmNUDYl,0,0,Fotos,,,,,Total,30077,18729,132,119,9,4,1859,1431,428,0,,,,,,
1204591721703776,100064588783898,"Federação Paulista de Futebol - FPF","A LOCOMOTIVA ESTÁ A TODO VAPOR!
A @afeoficial está invicta a cinco jogos no @brasileiraob!
#PaulistasEmCampo #Ferroviária",,0,"08/19/2025 12:00",N/A,https://www.facebook.com/futebolpaulista/posts/pfbid02w5uNWa88Hrn9tieSTQbxbxSjd2NCVVMq1zLo2A2yXCR19A5635XXp51YNaGzefchl,0,0,Fotos,,,,,Total,118559,88173,238,219,14,5,864,441,423,0,2,,,,,
1204487615047520,100064588783898,"Federação Paulista de Futebol - FPF","CARLOS MIGUEL É DO VERDÃO!
O goleiro chegou para reforçar o Palmeiras na temporada! Aprovado, torcida Alviverde?
#FutebolPaulista
📷Fabio Menotti/Palmeiras",,0,"08/19/2025 09:22",N/A,https://www.facebook.com/futebolpaulista/posts/pfbid034kwA1D2dZEpDo2aoL2GGB6fB5fWn3RwFQhFw9ZKrsr34VTTzeP2ufJ2udX43gDLBl,0,0,Fotos,,,,,Total,41568,26333,988,771,202,15,2388,825,1563,0,,,,,,
1203987051764243,100064588783898,"Federação Paulista de Futebol - FPF","EM BUSCA DA VAGA NAS QUARTAS! 🇾🇪🔥
Com um empate no primeiro jogo, o São Paulo vai em busca da vitória na @libertadoresbr jogando no MorumBIS! 
#PaulistasEmCampo #SãoPaulo",,0,"08/18/2025 20:05",N/A,https://www.facebook.com/futebolpaulista/posts/pfbid0qCWju25hoK79oQEVtTX3or4DhwUD2gJChsB4mYZtF1UKumjFSB4SjMEFYd9NfbzQl,0,0,Fotos,,,,,Total,208074,145025,3121,2876,160,85,2004,960,1044,0,1,1,,,,
1203921375104144,100064588783898,"Federação Paulista de Futebol - FPF","TUDO IGUAL! 
Mirassol busca o empate e soma mais um ponto no @brasileirao! 
#FutebolPaulista #PaulistasEmCampo 
📷JP Pinheiro/Agência Mirassol",,0,"08/18/2025 18:07",N/A,https://www.facebook.com/futebolpaulista/posts/pfbid0dr5vy8nUfDB4WYwaVP66S1jEmrYJdc7Yst6AL9gA8mK6ooHHSGpiBv3X8btM1W8tl,0,0,Fotos,,,,,Total,60943,44733,619,565,33,21,873,341,532,0,1,,,,,
1203908965105385,100064588783898,"Federação Paulista de Futebol - FPF","NA GAVETA! 
Que golaço do Negueba para empatar o jogo em Mirassol! 
#FutebolPaulista #PaulistasEmCampo 
🎥 @ge.globo/@sportv","NA GAVETA! 
Que golaço do Negueba para empatar o jogo em Mirassol! 
#FutebolPaulista #PaulistasEmCampo 
🎥 @ge.globo/@sportv",27,"08/18/2025 17:43",mixed,https://www.facebook.com/reel/24580378128253451/,1,0,Reels,,,,,Total,92593,84187,1149,1070,40,39,1894,,1894,0,,,,783356.617,9.776,0
1203714468458168,100064588783898,"Federação Paulista de Futebol - FPF","TABELA DEFINIDA!
Assim ficaram as datas e horários dos jogos de ida da Copa Paulista Sicredi. Confira a tabela completa em futebolpaulista.com.br
#CopaPaulistaSicredi",,0,"08/18/2025 11:46",N/A,https://www.facebook.com/futebolpaulista/posts/pfbid02oJkpi7g3Mb8CKRsUBTYL34mHpB2gkRSmEueNG2rNTtR1Y8xFpEURM7X8YYnVWVebl,0,0,Fotos,,,,,Total,46751,31732,381,312,36,33,1146,634,479,0,,,33,,,
1203592331803715,100064588783898,"Federação Paulista de Futebol - FPF","EM BUSCA DA TAÇA! 
As datas e horários da decisão do Paulista Sub-23 Segunda Divisão Sicredi foram definidos! Quem vai ficar com o título?
#Bezinha",,0,"08/18/2025 08:38",N/A,https://www.facebook.com/futebolpaulista/posts/pfbid02ueaPRwG5wpjyGATwFc2GGriLzomMGoSopTP1KGhH19XGYnHuzmFNVV1JZL6xDhF5l,0,0,Fotos,,,,,Total,30172,21989,96,84,8,4,243,127,116,0,1,,,,,
1203477145148567,100064588783898,"Federação Paulista de Futebol - FPF","LEÃO EM CAMPO! 🦁🤩
O Mirassol quer os três pontos em casa pelo @brasileirao!
#PaulistasEmCampo",,0,"08/18/2025 06:00",N/A,https://www.facebook.com/futebolpaulista/posts/pfbid0QA8RQyW3FYHa8YtHcfgNjeTT3xMxbEBmjMhbBTwFv8hTBEPbCsB5rykqBHJMMLTYl,0,0,Fotos,,,,,Total,31801,22793,254,232,9,13,265,116,149,0,,,,,,
1203082018521413,100064588783898,"Federação Paulista de Futebol - FPF","E lá se foi mais um domingo de futebol.
#PaulistasEmCampo",,0,"08/17/2025 18:38",N/A,https://www.facebook.com/futebolpaulista/posts/pfbid0k4b5c9AXD3AGjraqLRyWGczwt9p8Cj48BzU83bTk9BuA7d6pGXkccLsd1RY3Tx8Vl,0,0,Fotos,,,,,Total,56123,38312,525,454,54,17,1133,289,844,0,,,,,,
1203081351854813,100064588783898,"Federação Paulista de Futebol - FPF","VERDÃO VENCE MAIS UMA!
Já são sete jogos de invencibilidade no Brasileirão!
#PaulistasEmCampo
📷Vítor Silva/Botafogo",,0,"08/17/2025 18:36",N/A,https://www.facebook.com/futebolpaulista/posts/pfbid0rsvqMoJfuMc5YhC5Xord2UoYu2Vivgc5ds7qfr5F22ckC6tYtd8Rtq7gZb6V5BA3l,0,0,Fotos,,,,,Total,361234,259851,5121,4622,301,198,4430,2057,2373,0,1,1,,,,
1203022715194010,100064588783898,"Federação Paulista de Futebol - FPF","VITÓRIA GRENÁ!
Ferroviária não toma conhecimento dos donos da casa e volta de Goiás com os três pontos!
#PaulistasEmCampo
📷Luis Miguel Ferreira/Ferroviária",,0,"08/17/2025 16:35",N/A,https://www.facebook.com/futebolpaulista/posts/pfbid0cPtGpstEtLyfJ8Y2taChi8EGiYiTZ5ToZJZbkyBUnZHhWR3jdV8srETbK9ypQXXvl,0,0,Fotos,,,,,Total,47335,34265,603,530,45,28,696,223,473,0,,,,,,
1202971321865816,100064588783898,"Federação Paulista de Futebol - FPF","O São Bernardo tropeçou no 1º de Maio.
#PaulistasEmCampo
📷Janes Carvalho/Divulgação/São Bernardo",,0,"08/17/2025 14:57",N/A,https://www.facebook.com/futebolpaulista/posts/pfbid02w591PvCbxGh8rX9yah4WKiVeswUDXGuhCVjctat3VWknaereP3DxSC5NKZMCqJM3l,0,0,Fotos,,,,,Total,125072,95837,123,116,4,3,955,575,380,0,,,,,,
1202949305201351,100064588783898,"Federação Paulista de Futebol - FPF","Fim de jogo no MorumBIS.
#PaulistasEmCampo
📷Raul Baretta/Santos",,0,"08/17/2025 14:06",N/A,https://www.facebook.com/futebolpaulista/posts/pfbid02x3i988nxgjksvpTHNgkZ94WfBBgBk2LZS1oazoJSGzEffUWHdduqPeGGY28q24ihl,0,0,Fotos,,,,,Total,138809,95368,1816,1312,440,64,3727,712,3015,0,,,,,,
1202748011888147,100064588783898,"Federação Paulista de Futebol - FPF","O ECUS TÁ LÁ!
A equipe de Suzano lutou e conseguiu o tão sonhado acesso!
#PaulistaSub23SegundaDivisãoSicredi","O ECUS TÁ LÁ!
A equipe de Suzano lutou e conseguiu o tão sonhado acesso!
#PaulistaSub23SegundaDivisãoSicredi",61,"08/17/2025 08:56",mixed,https://www.facebook.com/reel/24209106478755066/,0,0,Reels,,,,,Total,7429,7372,68,62,3,3,92,,92,0,,,,52249.221,7.467,0
1202726365223645,100064588783898,"Federação Paulista de Futebol - FPF","QUE HISTÓRIA 🥹🤩
Em 2020, Davi Zaqueo era massagista e cuidava do gramado em Tanabi. Após realizar cursos de treinador, com o apoio da FPF, se tornou o técnico responsável pelo acesso da equipe em 2025!
#Bezinha",,0,"08/17/2025 08:32",N/A,https://www.facebook.com/futebolpaulista/posts/pfbid0rNswXtYcxWjYjrSW4kjYrZBbQ2A5y7TLrFRGWt1onakobgzgcPkgM55AEAfdgTN6l,0,0,Fotos,,,,,Total,340760,222182,2469,2227,164,78,6173,2413,3760,0,,,,,,
1202720365224245,100064588783898,"Federação Paulista de Futebol - FPF","O TEC SUBIU! 🏹
Confira imagens inéditas do acesso do Tanabi!
#PaulistaSub23SegundaDivisãoSicredi","O TEC SUBIU! 🏹
Confira imagens inéditas do acesso do Tanabi!
#PaulistaSub23SegundaDivisãoSicredi",66,"08/17/2025 08:23",auto,https://www.facebook.com/reel/1302049454621736/,0,0,Reels,,,,,Total,7968,7663,101,96,2,3,105,,105,0,,,,58760.209,7.843,0
1202607635235518,100064588783898,"Federação Paulista de Futebol - FPF","O TRIO DO DOMINGO!
Peixe, Tigre e Verdão tem compromissos para fechar o fim de semana de Campeonato Brasileiro!
#PaulistasEmCampo",,0,"08/17/2025 06:00",N/A,https://www.facebook.com/futebolpaulista/posts/pfbid0Boi8nEoPJqzT3vsuU6vvjNeTjrvLzLFYW2YAXdyyanFhoEEbMzoSGVu51WmQWk5Ql,0,0,Fotos,,,,,Total,24573,17721,137,117,9,11,241,167,74,0,,,,,,
1202208058608809,100064588783898,"Federação Paulista de Futebol - FPF","O sábado foi pra lá de agitado para o #FutebolPaulista.
#PaulistasEmCampo",,0,"08/16/2025 19:18",N/A,https://www.facebook.com/futebolpaulista/posts/pfbid02Z523Kk85xHJ1AbNLhYusN2Dv2cwY6YDP64SxrTXLppZAS4PS5BgLe6oGoycwHHf3l,0,0,Fotos,,,,,Total,137411,91920,604,539,40,25,1940,1024,916,0,,,,,,
1202206358608979,100064588783898,"Federação Paulista de Futebol - FPF","Hoje não deu pro Timão.
#PaulistasEmCampo
📷Letícia Martins/Bahia",,0,"08/16/2025 19:15",N/A,https://www.facebook.com/futebolpaulista/posts/pfbid02TPCpgvTp7n4WVBFywicF38nqdRwMAdUbd9ZNPwZkJPJ47a7uvCy3XEaF4hmD3yCUl,0,0,Fotos,,,,,Total,384172,283604,2496,1889,503,104,4903,1914,2989,0,2,1,,,,
1202171545279127,100064588783898,"Federação Paulista de Futebol - FPF","PUSKAS, CORRE AQUI!
Se liga só nessa pintura que o Deivid, do São Bento, anotou pela Copa Paulista Sicredi!
#CopaPaulistaSicredi","PUSKAS, CORRE AQUI!
Se liga só nessa pintura que o Deivid, do São Bento, anotou pela Copa Paulista Sicredi!
#CopaPaulistaSicredi",16,"08/16/2025 18:07",mixed,https://www.facebook.com/futebolpaulista/videos/1063860959064328/,0,0,Vídeos,,,,,Total,30391,24400,432,389,18,25,641,,641,12796,,,,208879.995,8.572,0.97
1202165378613077,100064588783898,"Federação Paulista de Futebol - FPF","QUE JOGO FOI ESSE?!
Em um duelo de duas viradas, Guarani leva a melhor e vence mais uma na Série C!
#PaulistasEmCampo
📷Raphael Silvestre/Guarani/Arquivo",,0,"08/16/2025 17:56",N/A,https://www.facebook.com/futebolpaulista/posts/pfbid0W8S6rQ8HGgU41HspozbwC3PszKYKdjiRLkxDn1ud6KWMa5P52ouve9QbcPX6i8Zbl,0,0,Fotos,,,,,Total,260110,186977,1334,1200,107,27,3267,1604,1663,0,1,1,,,,
1202162888613326,100064588783898,"Federação Paulista de Futebol - FPF","DEU EMPATE EM ALAGOAS!
Tudo igual para CSA e Ituano.
#PaulistasEmCampo
📷Miguel Schincariol/Ituano/Arquivo",,0,"08/16/2025 17:53",N/A,https://www.facebook.com/futebolpaulista/posts/pfbid0212vCHZ4ag7FBrbkZjjFoVsPUA44osnNWwyYbKoD47DPZo7uiLZLJxAixbXW7oFSdl,0,0,Fotos,,,,,Total,127453,97020,100,95,2,3,691,465,226,0,,,,,,
1202123695283912,100064588783898,"Federação Paulista de Futebol - FPF","SEM DESISTIR!
São Paulo luta até o fim e consegue buscar o empate fora de casa!
#PaulistasEmCampo
📷Rubens Chiri/São Paulo",,0,"08/16/2025 16:34",N/A,https://www.facebook.com/futebolpaulista/posts/pfbid023kWT7EnU9erbtBNHzGMMrqxWGhWGkFVYWenHt6FioK6PAkYjHeQMpGeunGZQW5tul,0,0,Fotos,,,,,Total,141706,105235,1956,1841,83,32,1496,630,866,0,,,,,,
1202084691954479,100064588783898,"Federação Paulista de Futebol - FPF","MACACA CLASSIFICADA!
Ponte Preta vence em casa e se garante na próxima fase da Série C!
#PaulistasEmCampo
📷Julio Cesar Costa/Arquivo/PontePress",,0,"08/16/2025 15:16",N/A,https://www.facebook.com/futebolpaulista/posts/pfbid038NHnqirbEsaXg8z9Snwm3qwkhSJqVBtEUMkh5QXkWVCiAAGHf1gk4kvLTsWUcvnGl,0,0,Fotos,,,,,Total,62949,44139,794,709,67,18,1043,299,744,0,3,,,,,
1202082301954718,100064588783898,"Federação Paulista de Futebol - FPF","VITÓRIA DO LEÃO!
Inter de Limeira supera o Rio Branco-ES fora de casa e consegue uma vantagem importante para o jogo da volta.
#PaulistasEmCampo
📷Arquivo/Reprodução",,0,"08/16/2025 15:11",N/A,https://www.facebook.com/futebolpaulista/posts/pfbid0pde9g1uYMrZoQNehaUeVbDp8ePjeSGCYmFAEuDGBE2fDnZewMpUwZTBEQJnPbzRRl,0,0,Fotos,,,,,Total,72819,52181,645,572,54,19,982,340,642,0,,,,,,
1202066245289657,100064588783898,"Federação Paulista de Futebol - FPF","PONTO LÁ!
O Botafogo volta do Pará com o empate.
#PaulistasEmCampo
📷Talita Gouvea/Ag. Botafogo",,0,"08/16/2025 14:35",N/A,https://www.facebook.com/futebolpaulista/posts/pfbid02ZPoXAbwKdcBvuGuh4a892g9x3T9ux76xYG9aow46zTezTfAnVTPW87vxaPZEFi9el,0,0,Fotos,,,,,Total,29750,22484,117,91,23,3,392,123,269,0,,,,,,
1202063905289891,100064588783898,"Federação Paulista de Futebol - FPF","O Massa Bruta tropeçou no Castelão.
#PaulistasEmCampo
📷Ari Ferreira/Red Bull Bragantino",,0,"08/16/2025 14:30",N/A,https://www.facebook.com/futebolpaulista/posts/pfbid022yJ6dLKmohVHhD8yRfz7XiWXdCAxNqK8HeNCQWmzp1dBaPU8gWvy4GSU7epvVeual,0,0,Fotos,,,,,Total,121931,93014,179,158,14,7,872,532,340,0,,,,,,
1202050078624607,100064588783898,"Federação Paulista de Futebol - FPF","A EMOÇÃO DO ACESSO!
Solta a voz, Luiz Felipe. O acesso do Tanabi veio aí!
#FPF #Cometa #ClubeGiro","A EMOÇÃO DO ACESSO!
Solta a voz, Luiz Felipe. O acesso do Tanabi veio aí!
#FPF #Cometa #ClubeGiro",27,"08/16/2025 14:02",mixed,https://www.facebook.com/reel/1862445734333561/,0,0,Reels,,,,,Total,42796,38097,606,538,53,15,1420,,1420,0,,,,377708.916,10.151,0
1202045851958363,100064588783898,"Federação Paulista de Futebol - FPF","QUE VENHA O MATA-MATA!
As oitavas de final da Copa Paulista Sicredi estão definidas!
#CopaPaulistaSicredi",,0,"08/16/2025 13:54",N/A,https://www.facebook.com/futebolpaulista/posts/pfbid0vMRQdinrkJJR6RY2TuFL7cex16XjYvFhELV4BSt9LnfcGkpQhcjXBxHn6t5WvxdSl,0,0,Fotos,,,,,Total,115225,79645,673,497,146,30,3821,1764,2057,0,,,,,,
1202044521958496,100064588783898,"Federação Paulista de Futebol - FPF","REI DO ACESSO 2025!
Fábio Henrique conquistou o acesso com o Sertãozinho e com o ECUS 🤩
#Bezinha","REI DO ACESSO 2025!
Fábio Henrique conquistou o acesso com o Sertãozinho e com o ECUS 🤩
#Bezinha",7,"08/16/2025 13:51",mixed,https://www.facebook.com/reel/1346792860217941/,1,0,Reels,,,,,Total,20418,15506,70,65,2,3,164,,164,0,,,,77237.599,5.066,0
1202037898625825,100064588783898,"Federação Paulista de Futebol - FPF","SUZANO VAI FICAR PEQUENA!
Acesso garantido✅
Vaga na final ✅
#PaulistaSub23SegundaDivisão
📷Ronaldo Barreto/Ag. Paulistão",,0,"08/16/2025 13:38",N/A,https://www.facebook.com/futebolpaulista/posts/pfbid02Mqud3SPm1tEXJNyFGTk8VsFx8kZpFpbkmAePtPc3f2UfiJuaQWT16YGSaC9ksmdWl,0,0,Fotos,,,,,Total,87983,59039,417,379,17,21,5325,3916,1409,0,,,,,,
1202035671959381,100064588783898,"Federação Paulista de Futebol - FPF","COMEMORA, TANABI! 🏹
Acesso garantido e vaga na final do Paulista Sub-23 Segunda Divisão Sicredi! 
#Bezinha 
📷Pedro Zacchi/Ag. Paulistão",,0,"08/16/2025 13:34",N/A,https://www.facebook.com/futebolpaulista/posts/pfbid0pjktYbp2BzVrDMcTd7Wnt4VxBdBbgcD4NtnVuBnW2ei7fvhuvTZfN8eKxJnQ2jgbl,0,0,Fotos,,,,,Total,64754,44530,529,475,33,21,2636,1977,659,0,,,,,,
1202033408626274,100064588783898,"Federação Paulista de Futebol - FPF","Ponto final na fase de grupos da Copa Paulista Sicredi!
#CopaPaulistaSicredi",,0,"08/16/2025 13:30",N/A,https://www.facebook.com/futebolpaulista/posts/pfbid0PPMP2eRLnCV3MfjJc6FXJ6TP5V6FfSGx3xqmkcXgq6bi5gXxcLYpWZgD21LisAGXl,0,0,Fotos,,,,,Total,25765,17112,208,179,20,9,589,178,411,0,,,,,,
1202028665293415,100064588783898,"Federação Paulista de Futebol - FPF","FINAL DEFINIDA!
Tanabi e ECUS vão decidir o título do Paulista Sub-23 Segunda Divisão Sicredi!
#Bezinha",,0,"08/16/2025 13:20",N/A,https://www.facebook.com/futebolpaulista/posts/pfbid02jCtxxhruNAxVzkds1iZLvcqEnawwfauSDgtzkW2U5Y1Jkx6wkZtN3hkUWs17ri63l,0,0,Fotos,,,,,Total,17046,12345,161,144,7,10,205,75,130,0,,,,,,
1202025731960375,100064588783898,"Federação Paulista de Futebol - FPF","EMPATE E ACESSO!
ECUS faz a festa da torcida, segura a igualdade no placar e conquista a vaga para a final do Paulista Sub-23 Segunda Divisão Sicredi.
#Bezinha
📷Ronaldo Barreto/Ag. Paulistão",,0,"08/16/2025 13:14",N/A,https://www.facebook.com/futebolpaulista/posts/pfbid0257o3b95kJu9Ef9CBUSaQ1AtjxacUJVXi2FLhEtSX6WYZAiw5MwNMZtwapzWa1Ladl,0,0,Fotos,,,,,Total,9771,6828,62,55,1,6,223,153,70,0,,,,,,
1202024228627192,100064588783898,"Federação Paulista de Futebol - FPF","TEC FINALISTA!
Tanabi vence o segundo jogo da semifinal e vai disputar o título do Paulista Sub-23 Segunda Divisão Sicredi!
#Bezinha 
📷Pedro Zacchi/Ag. Paulistão",,0,"08/16/2025 13:11",N/A,https://www.facebook.com/futebolpaulista/posts/pfbid0iUrPV8pwDRNehzverMJY2162spReqWigSNdUsA6i5poDFLZ4gx1mtF9hWw3xKqXYl,0,0,Fotos,,,,,Total,21714,15091,161,144,11,6,564,376,188,0,,,,,,
1202019208627694,100064588783898,"Federação Paulista de Futebol - FPF","SUBIU! ⬆️⬆️
O ECUS está no Paulista A4 Sicredi de 2026!
#PaulistaSub23SegundaDivisãoSicredi",,0,"08/16/2025 13:01",N/A,https://www.facebook.com/futebolpaulista/posts/pfbid048u241QRu3x9JN3cGRyRnb78e5LYhXe5ii94BYF1r86Y6oo1uavLLELms5Y35VHWl,0,0,Fotos,,,,,Total,13416,9453,146,122,17,7,330,54,276,0,,,,,,
1202018575294424,100064588783898,"Federação Paulista de Futebol - FPF","SUBIU! ⬆️⬆️
O Tanabi está no Paulista A4 Sicredi de 2026!
#PaulistaSub23SegundaDivisãoSicredi",,0,"08/16/2025 13:00",N/A,https://www.facebook.com/futebolpaulista/posts/pfbid0em434fUGksSBgdo4nRVhjNPLJbpG2gmtqS5QK6Yi2iARM1d2a6aLQi3KyU6ZjKtLl,0,0,Fotos,,,,,Total,73592,50887,796,693,67,36,1562,298,1264,0,,,,,,
1201987885297493,100064588783898,"Federação Paulista de Futebol - FPF","Aquela hidratada de lei. 🚰
#FPF #Cometa #ClubeGiro 
📷Pedro Zacchi/Ag. Paulistão",,0,"08/16/2025 12:04",N/A,https://www.facebook.com/futebolpaulista/posts/pfbid0D3gN3oAs71bmDLT1KsfUB7fyphewcLGrGNvi9UPmrbbsMxmvysq3TgS2tAr4yQ5el,0,0,Fotos,,,,,Total,15057,10577,22,22,0,0,306,262,44,0,,,,,,
1201983565297925,100064588783898,"Federação Paulista de Futebol - FPF","SEM GOLS!
Placar segue intacto no duelo entre Tanabi e Independente.
#FPF #Cometa #ClubeGiro 
📷Pedro Zacchi/Ag. Paulistão",,0,"08/16/2025 11:56",N/A,https://www.facebook.com/futebolpaulista/posts/pfbid02om5PQCCpw4SsmCshZjUJsk8e7gWDLyjzYGDtnt46m2WtJjX6K4WvzC7f8EhbwGQsl,0,0,Fotos,,,,,Total,3926,2839,17,17,0,0,42,30,12,0,,,,,,
1201982651964683,100064588783898,"Federação Paulista de Futebol - FPF","ECUS NA FRENTE!
A equipe de Suzano vai para o intervalo com o 1 a 0 de vantagem sobre o Mauá.
#FPF #Cometa #ClubeGiro
📷Ronaldo Barreto/Ag. Paulistão",,0,"08/16/2025 11:54",N/A,https://www.facebook.com/futebolpaulista/posts/pfbid0XPPN11vqGA5GagXBceskGQmtgMm8knQCUG89fyERsqDsQ6o9gscX3iK9mz8T3E3Ll,0,0,Fotos,,,,,Total,3065,2164,22,21,1,0,46,28,18,0,,,,,,
1201971658632449,100064588783898,"Federação Paulista de Futebol - FPF","LEÃO DO COLORADO NA FRENTE!
O @v__molina04 MARCA O PRIMEIRO GOL DA PARTIDA PRO @ecuniaosuzano 🔥
#PaulistaSub23SegundaDivisãoSicredi","LEÃO DO COLORADO NA FRENTE!
O @v__molina04 MARCA O PRIMEIRO GOL DA PARTIDA PRO @ecuniaosuzano 🔥
#PaulistaSub23SegundaDivisãoSicredi",28,"08/16/2025 11:37",N/A,https://www.facebook.com/reel/1435598251006382/,1,0,Reels,,,,,Total,5483,5326,33,33,0,0,85,,85,0,,,,41301.43,8.127,0
1201947588634856,100064588783898,"Federação Paulista de Futebol - FPF","A BOLA VAI ROLAR!
Tudo pronto em Suzano!
#FPF #Cometa #ClubeGiro
📷Ronaldo Barreto/Ag. Paulistão",,0,"08/16/2025 10:55",N/A,https://www.facebook.com/futebolpaulista/posts/pfbid036366N48hkuvSD4GH8Yz1nQEpmWRygvGRbTSzXSYz3de3EVtFftcaPzmJ5EgkwkdFl,0,0,Fotos,,,,,Total,3265,2444,12,12,0,0,24,20,4,0,,,,,,
1201940895302192,100064588783898,"Federação Paulista de Futebol - FPF","A TODO O VAPOR!
Trabalho finalizado. Bora pro jogo!
#FPF #Cometa #ClubeGiro
📷Pedro Zacchi/Ag. Paulistão",,0,"08/16/2025 10:45",N/A,https://www.facebook.com/futebolpaulista/posts/pfbid0oky7VDMDSEmHNWPF65S2qwuSYkJiyjABvstNctGH5BBRTSYLQnV89iMs68f7Qov4l,0,0,Fotos,,,,,Total,5498,4032,14,14,0,0,48,34,14,0,,,,,,
1201933871969561,100064588783898,"Federação Paulista de Futebol - FPF","VALEU, COMETA! 
Os jogadores Alan e Vanderson falaram sobre a importância de uma parceria como essa com a @viacaocometa.oficial 🚌
#Bezinha","VALEU, COMETA! 
Os jogadores Alan e Vanderson falaram sobre a importância de uma parceria como essa com a @viacaocometa.oficial 🚌
#Bezinha",29,"08/16/2025 10:34",N/A,https://www.facebook.com/reel/1111978203599729/,1,0,Reels,,,,,Total,1647,1693,20,20,0,0,11,,11,0,,,,7455.916,4.807,0
1201922081970740,100064588783898,"Federação Paulista de Futebol - FPF","CHEGADA EM ESTILO! 
O @mauafcoficial chegou daquele jeito pra decisão da Bezinha 🚌💫
#Bezinha","CHEGADA EM ESTILO! 
O @mauafcoficial chegou daquele jeito pra decisão da Bezinha 🚌💫
#Bezinha",42,"08/16/2025 10:18",N/A,https://www.facebook.com/reel/1712322846151790/,1,0,Reels,,,,,Total,5400,5600,51,49,1,1,116,,115,0,,,1,48642.245,9.62,0
1201918881971060,100064588783898,"Federação Paulista de Futebol - FPF","DECISÃO EM SUZANO!
O Francisco Marques Figueira vai ser o palco para ECUS e Mauá decidirem o acesso!
#FPF #Cometa #ClubeGiro
📷Ronaldo Barreto/Ag. Paulistão",,0,"08/16/2025 10:14",N/A,https://www.facebook.com/futebolpaulista/posts/pfbid0jmsx38h1AemUvBm26eq52A3N5143fcrS7MFD4Kgn3RFPGiPrysH6NdqaiorPmxBjl,0,0,Fotos,,,,,Total,10391,7578,37,37,0,0,224,183,41,0,,,,,,
1201907391972209,100064588783898,"Federação Paulista de Futebol - FPF","TÁ TUDO PRONTO!
Já já tem bola rolando no Alberto Victolo! É o jogo do acesso para Tanabi e Independente de Limeira!
#FPF #Cometa #ClubeGiro
📷Pedro Zacchi/Ag. Paulistão",,0,"08/16/2025 09:56",N/A,https://www.facebook.com/futebolpaulista/posts/pfbid0xbvm5uhY9gxN9Qjr3LfA1Pj2h9TtYWXZQLekbebXwuUvAp64TN8E6XjQMSyFLE6vl,0,0,Fotos,,,,,Total,18312,12099,75,65,6,4,837,655,182,0,,,,,,
1201899635306318,100064588783898,"Federação Paulista de Futebol - FPF","SABADÃO DE DECISÃO!
Tanabi e Independente já estão na área para o jogo do acesso no Paulista Sub-23 Segunda Divisão Sicredi!
#FPF #Cometa #ClubeGiro
📷Pedro Zacchi/Ag. Paulistão",,0,"08/16/2025 09:45",N/A,https://www.facebook.com/futebolpaulista/posts/pfbid02oRrYbHjPhTtaEtYdbXzNmm8DV9ksDk4jidPxs6Hh2GTFDnvfr7KZys671wNoTPF9l,0,0,Fotos,,,,,Total,17828,12340,36,32,4,0,578,470,108,0,,,,,,
1201869761975972,100064588783898,"Federação Paulista de Futebol - FPF","O @brasileirao VIROU PAULISTÃO SICREDI! 😎
Os jogos entre as minhas equipes renderam... Já pensou como ficaria a tabela? Vem ver!
#PaulistasEmCampo
📊: GoalBR",,0,"08/16/2025 09:00",N/A,https://www.facebook.com/futebolpaulista/posts/pfbid02gnzsb63c8AdwuoPrM7tMWqK2BGD52Kwes1fSMQNWR1T3SGuoaMXPQ4gjU6oRj4Ahl,0,0,Fotos,,,,,Total,229928,161870,392,330,52,10,3500,1069,2431,0,,,,,,
1201761241986824,100064588783898,"Federação Paulista de Futebol - FPF","VAMOS PARA A ÚLTIMA RODADA!
Chegou a hora de decidir quem conquista as últimas vagas para a próxima fase da #CopaPaulistaSicredi!",,0,"08/16/2025 06:30",N/A,https://www.facebook.com/futebolpaulista/posts/pfbid031qLBwhZjdytThUctytqcTfPjC2vSddP4zhv6Eb49A9mdAititiGur9cBinXLB1SSl,0,0,Fotos,,,,,Total,7908,5818,62,57,0,5,75,48,27,0,,,,,,
1201742688655346,100064588783898,"Federação Paulista de Futebol - FPF","SÁBADO CHEIO!
Minhas equipes em campo em todas as divisões do Campeonato Brasileiro!
#PaulistasEmCampo",,0,"08/16/2025 06:00",N/A,https://www.facebook.com/futebolpaulista/posts/pfbid0nzJQV62HtpmHN5Sh1ZzjQsUTa5Cm2vM7qXakf5RQGeRw2RfxKu7bzqnfw5Tv7sBNl,0,0,Fotos,,,,,Total,38342,26325,216,188,9,19,463,313,150,0,,,,,,
1201724195323862,100064588783898,"Federação Paulista de Futebol - FPF","VAI PEGAR FOGO! 🔥
Tanabi e Independente duelam pelo acesso e pela vaga na final depois do jogo da ida terminar tudo igual. Quem leva a melhor?
#Bezinha",,0,"08/16/2025 05:30",N/A,https://www.facebook.com/futebolpaulista/posts/pfbid02Qk6HznKnYRexWfKoVLG2auJPg17MGX75ot8fkS6UXmWLhSW2F6LzG7cphe9vUBQsl,0,0,Fotos,,,,,Total,8837,6382,49,42,5,2,104,41,63,0,,,,,,
1201706055325676,100064588783898,"Federação Paulista de Futebol - FPF","QUEM SOBE PARA O PAULISTA A4 SICREDI? 🤩
ECUS e Mauá empataram na ida e decidem o acesso e a vaga para a grande final do Paulista Sub-23 Segunda Divisão Sicredi! 
#Bezinha",,0,"08/16/2025 05:00",N/A,https://www.facebook.com/futebolpaulista/posts/pfbid024NL3EUhSpQuRuqMhMFyhDmRGxijN6Dw6ARStkj4G3VKygfMm3kMJcRJFK1RCZCX9l,0,0,Fotos,,,,,Total,10667,7777,55,45,8,2,140,51,89,0,,,,,,
1201248335371448,100064588783898,"Federação Paulista de Futebol - FPF","ELE ESTÁ DE VOLTA!
Campeão da @sudamericanabr de 2012, Rafael Toloi vai reforçar o São Paulo na temporada! Aprovado, torcedor Tricolor?
#FutebolPaulista 
📷 São Paulo Futebol Clube",,0,"08/15/2025 15:54",N/A,https://www.facebook.com/futebolpaulista/posts/pfbid0281egxe7MD7vBt1aXaGxLoRz7ig8375Q5M9FUH77C1keTCZEinGTPEjgiKgYVYZoml,0,0,Fotos,,,,,Total,15949,11099,225,199,17,9,229,83,146,0,,,,,,
1201232438706371,100064588783898,"Federação Paulista de Futebol - FPF","QUEM É QUE SOBE?
Os destaques dos semifinalistas da Bezinha vão com tudo pelo acesso! Saiba tudo sobre os confrontos em futebolpaulista.com.br!
#FutebolPaulista #Bezinha",,0,"08/15/2025 15:24",N/A,https://www.facebook.com/futebolpaulista/posts/pfbid0vWGUe8vbwkxdtL4MmEonhWJG25dfkhz6ipu3ZSMXsbjNfHyvWywiP43Jdhxo8165l,0,0,Fotos,,,,,Total,7222,4635,26,23,1,2,75,58,17,0,,,,,,
1201220402040908,100064588783898,"Federação Paulista de Futebol - FPF","O NOVO ARTILHEIRO DA @libertadoresbr É DO VERDÃO! 🐷⚽
Flaco assumiu a ponta com os dois gols marcados ontem, contra o Universitario!
#PaulistasEmCampo #Palmeiras",,0,"08/15/2025 15:00",N/A,https://www.facebook.com/futebolpaulista/posts/pfbid0tE88t9LQTRQ5BifsBbcRDjGqRr8CqPFoQoQQccRsxpgbXNbU5ifdw8D9o3KrXk4yl,0,0,Fotos,,,,,Total,4941,3314,111,105,0,6,103,86,17,0,,,,,,
1201190962043852,100064588783898,"Federação Paulista de Futebol - FPF","CHEGOU O MOMENTO DA DECISÃO!
Neste sábado, vamos conhecer os finalistas do Paulista Sub-23 Segunda Divisão e, consequentemente, os dois times que vão conseguir o acesso para o Paulista A4 Sicredi!
#Bezinha #FPF #Cometa #ClubeGiro",,0,"08/15/2025 14:00",N/A,https://www.facebook.com/futebolpaulista/posts/pfbid0Wsu7D4WamM965Wo4sa3bAmk1TNZ7BbCok5nZCeujSfYKiPvxcBNrg4ZZD3nxCh9Gl,0,0,Fotos,,,,,Total,13361,9426,73,63,1,9,94,55,39,0,,,,,,
1201096035386678,100064588783898,"Federação Paulista de Futebol - FPF","QUARTETO 100% FEMININO!
Edina Alves, Neuza Back, Fabrini Bevilaqua e Daiane Muniz foram escaladas para comandar o jogo entre Mushuc Runa e Independiente Del Valle, pelas oitavas de final da @sudamericanabr.
#Arbitragem #FPF",,0,"08/15/2025 11:08",N/A,https://www.facebook.com/futebolpaulista/posts/pfbid036Dnqsv6cjtNMwGzfKEUxV2f8N1dTnKrYv5ykLJS7PBqVrHfzXyp61FcNhbiwZywol,0,0,Fotos,,,,,Total,15966,11472,124,89,34,1,240,69,171,0,,,,,,
1201091268720488,100064588783898,"Federação Paulista de Futebol - FPF","KING NA LIDERANÇA! 👑🔝
Se liga no ranking da artilharia paulista no @brasileirao!
#PaulistasEmCampo",,0,"08/15/2025 11:00",N/A,https://www.facebook.com/futebolpaulista/posts/pfbid0fkH9erxBE2jNKfeW4v6JYrNWE3tUMy82bNj577E3We2kqP5dJYND5eYqMCHdSWePl,0,0,Fotos,,,,,Total,17638,12519,69,63,4,2,152,68,84,0,,,,,,
1200966228732992,100064588783898,"Federação Paulista de Futebol - FPF","AINDA TEM CLASSIFICAÇÃO EM JOGO! 👀
Já são 12 times classificados e algumas equipes ainda buscam uma vaga na próxima fase da #CopaPaulistaSicredi!",,0,"08/15/2025 08:00",N/A,https://www.facebook.com/futebolpaulista/posts/pfbid0762fUMSAp4LBaR371Cn3nxEUHGHX2hAkGM3HRgQfgaK9Mb67LMy2C46iEyZYpXpEl,0,0,Fotos,,,,,Total,32293,22206,143,112,18,13,454,174,280,0,,1,,,,
1200496582113290,100064588783898,"Federação Paulista de Futebol - FPF","É assim que termina a quinta-feira de futebol para os #PaulistasEmCampo.
#FutebolPaulista",,0,"08/14/2025 19:33",N/A,https://www.facebook.com/futebolpaulista/posts/pfbid0BGFtXsSHwLZRieNcS7B3p9T9ebGcpDbfvsQd8rhAo1RVw75dP6DkNXQnN54RPbLFl,0,0,Fotos,,,,,Total,30034,20808,125,115,4,6,274,153,121,0,,,,,,
1200495782113370,100064588783898,"Federação Paulista de Futebol - FPF","O Tigre não conseguiu pontuar em casa.
#PaulistasEmCampo
📷Higor Basso/Ag. Paulistão",,0,"08/14/2025 19:32",N/A,https://www.facebook.com/futebolpaulista/posts/pfbid02Mv4Kb95CHuNhuyvieojLU1NXMhwHLGsGM2vZ8risjgoWQPKa5VHcjKs65ouciCLpl,0,0,Fotos,,,,,Total,91027,69366,149,115,28,6,763,403,360,0,,,,,,
1200473522115596,100064588783898,"Federação Paulista de Futebol - FPF","PÉ NAS QUARTAS!
Palmeiras goleia Universitario-PER e fica muito perto da vaga na próxima fase da Libertadores.
#PaulistasEmCampo
📷Staff Images/Conmebol",,0,"08/14/2025 19:24",N/A,https://www.facebook.com/futebolpaulista/posts/pfbid02YkTFgXTVyBNkAEYrAVYzmRVFhXsL6AhK2mBApg3nff2oVmWCZqtZ8NMBRU3q3h3Ql,0,0,Fotos,,,,,Total,286004,214055,5882,5232,413,237,3525,1419,2106,0,,,,,,
1200446458784969,100064588783898,"Federação Paulista de Futebol - FPF","É O CAPITÃO! ©️🇵🇾
Mais uma marca histórica pra conta do Gustavo Gómez!
#PaulistasEmCampo",,0,"08/14/2025 18:37",N/A,https://www.facebook.com/futebolpaulista/posts/pfbid02wQuX7qSupyc8W3mzE3LovYoGhF2KYRajSfUrZcgraqbgnhjzsPEC5zVRFqnHB47Bl,0,0,Fotos,,,,,Total,221882,162740,5387,5006,191,190,1718,820,897,0,1,1,1,,,
1200271665469115,100064588783898,"Federação Paulista de Futebol - FPF","HORA DA DECISÃO! 👀☑️
Vamos pra última rodada da Copa Paulista Sicredi e tem time de olho na classificação para a próxima fase!
#CopaPaulistaSicredi",,0,"08/14/2025 13:24",N/A,https://www.facebook.com/futebolpaulista/posts/pfbid02siR9rZWSfmAtWXKm43maW56U3P9QiHPMkXQCRNsM9qXD6qP8U2KxfsSXPmWu4U4Nl,0,0,Fotos,,,,,Total,262038,178135,685,562,86,37,6578,3596,2982,0,,,,,,
1200216275474654,100064588783898,"Federação Paulista de Futebol - FPF","TIGRE DE OLHO NO TOPO DA TABELA!
Mais uma rodada finalizada no @brasileiraob! Se liga na classificação das minhas equipes!
#PaulistasEmCampo #SérieB",,0,"08/14/2025 12:00",N/A,https://www.facebook.com/futebolpaulista/posts/pfbid02nQmkVeRKTHFQ1PBu67SGDiz5Db7NXuUspQ4VqMyi46XAEQP8QbCE4QkxbPdt64Sil,0,0,Fotos,,,,,Total,202489,148319,497,443,38,16,2867,1776,1091,0,1,1,,,,
1200138295482452,100064588783898,"Federação Paulista de Futebol - FPF","O RETROSPECTO DO VERDÃO! 🐷✅
Vem ver a campanha do Palmeiras nessa edição da @libertadoresbr!
#PaulistasEmCampo #Palmeiras",,0,"08/14/2025 10:00",N/A,https://www.facebook.com/futebolpaulista/posts/pfbid0TM8WT4PA576oHfQQnpkm6GpUacLo48fjXspV71defP5XNgTDivUEYsU9RSNxBreul,0,0,Fotos,,,,,Total,15608,10901,207,175,26,6,149,56,93,0,,,,,,
1200047905491491,100064588783898,"Federação Paulista de Futebol - FPF","DIA DA LUSA! 🌟❤️💚
São 105 anos de @portuguesaoficial. Feliz aniversário!
#Aniversário #FutebolPaulista #Portuguesa",,0,"08/14/2025 07:44",N/A,https://www.facebook.com/futebolpaulista/posts/pfbid0XSfPV6a57aNZfdrfmmCgYQzemUAXKCGFxNSb77PochxGn7qkHLqTtAsf5W4mHUBNl,0,0,Fotos,,,,,Total,428870,294582,4922,3987,732,203,6007,2054,3953,0,,,,,,
1199975758832039,100064588783898,"Federação Paulista de Futebol - FPF","SE LIGA NOS COMPROMISSOS PAULISTAS DE HOJE! 👀☑️
Noite de quinta-feira com Palmeiras nas oitavas da @libertadoresbr e Novorizontino em duelo no topo da tabela do @brasileiraob!
#PaulistasEmCampo",,0,"08/14/2025 06:05",N/A,https://www.facebook.com/futebolpaulista/posts/pfbid035u7fz2Q49hzVGcufbZaPhskqqPv4yxwKiWm1hMyWjBGLCm3CaUGACBEtjg33FTDzl,0,0,Fotos,,,,,Total,62014,45604,162,152,5,5,479,357,122,0,,,,,,
1199638908865724,100064588783898,"Federação Paulista de Futebol - FPF","PRIMEIRO PASSO!
O Verdão vai até o Peru pela primeira partida das oitavas da @libertadoresbr ✈️🐷
#PaulistasEmCampo #Palmeiras",,0,"08/13/2025 20:05",N/A,https://www.facebook.com/futebolpaulista/posts/pfbid02Hz8sgAwYnPm3WePL5NhVYQPrW7EagjEUT4JkUp85rAP54bYepm81xtH9HazQe56Kl,0,0,Fotos,,,,,Total,249529,173253,5113,4729,293,91,3497,1781,1716,0,,,,,,
1199460938883521,100064588783898,"Federação Paulista de Futebol - FPF","TUDO JUNTO E MISTURADO! ⁉️
Quais os três jogadores do Timão estão nessa imagem? Deixa aqui nos comentários! 
#Corinthians",,0,"08/13/2025 14:30",N/A,https://www.facebook.com/futebolpaulista/posts/pfbid0vszypU7kh7KsScY44LX5ddMgBQzqx1p6RjVaCXstLaxjsM3fUdML4uqeHJcjPBkNl,0,0,Fotos,,,,,Total,35615,21883,72,50,21,1,3162,292,2870,0,,,,,,
1199412358888379,100064588783898,"Federação Paulista de Futebol - FPF","OS TRÊS DO VERDÃO! 👀
E aí, torcedor! Quem são os jogadores do Palmeiras na arte? Deixa aqui nos comentários! 
#Palmeiras",,0,"08/13/2025 13:00",N/A,https://www.facebook.com/futebolpaulista/posts/pfbid02UV6KdUyyDRVfmyKLMfLc1nZUtUfj5m6BtqRXBTqgUKsdXQ3LAc2bcUr4mrUMxtXgl,0,0,Fotos,,,,,Total,61826,38116,170,111,57,2,4633,487,4146,0,,,,,,
1199366842226264,100064588783898,"Federação Paulista de Futebol - FPF","E AÍ, TORCEDOR! ⁉️🦶
Quem foi o melhor canhoto que você viu no seu time? Conta aí nos comentários!
#DiaDoCanhoto #FutebolPaulista",,0,"08/13/2025 12:00",N/A,https://www.facebook.com/futebolpaulista/posts/pfbid065iEVN3cuQwKGAEWBu7gYp8xZfQKsWp2EvKvm3juYzR4vqwsCfsg6gtc5L9gf17bl,0,0,Fotos,,,,,Total,7356,5382,18,15,1,2,21,11,10,0,,,,,,
1199349855561296,100064588783898,"Federação Paulista de Futebol - FPF","MAIS UM! 😎
Você consegue reconhecer os três jogadores do Tricolor na imagem? 
#SãoPaulo",,0,"08/13/2025 11:30",N/A,https://www.facebook.com/futebolpaulista/posts/pfbid0MgdGyS95XyVokHWbTqqsxQr2bqFLqMUPhqBMjdHRvs8K21KAPwxTQXZhZadneEC6l,0,0,Fotos,,,,,Total,76001,44647,203,102,89,12,4756,984,3772,0,,,,,,
1199333668896248,100064588783898,"Federação Paulista de Futebol - FPF","REFORÇO DO MASSA BRUTA!
Ex-lateral do Palmeiras, Vanderlan é o novo jogador do Red Bull Bragantino!
#FutebolPaulista
📷Ari Ferreira/Red Bull Bragantino",,0,"08/13/2025 11:00",N/A,https://www.facebook.com/futebolpaulista/posts/pfbid0BncnxDFe2HzrHiB9CDjEToCAoFuT4HkzQqwEKkuLsinjudZyG7XSerauDLwGion2l,0,0,Fotos,,,,,Total,39318,27383,323,268,53,2,672,201,471,0,1,,,,,
1199298448899770,100064588783898,"Federação Paulista de Futebol - FPF","CARA DE UM.. FUCINHO DE OUTRO! 🤪
Quais jogadores do Santos você vê na na imagem? Comenta aí!
#Santos",,0,"08/13/2025 10:00",N/A,https://www.facebook.com/futebolpaulista/posts/pfbid02mFpvGeQaChKaGJgUMHtZ5mSQ66tr69sqgTHJpwRCUkNL4xhfEfVMaMtR4pRmShJnl,0,0,Fotos,,,,,Total,38041,24959,58,38,19,1,1818,313,1505,0,,,,,,
1199235028906112,100064588783898,"Federação Paulista de Futebol - FPF","TRÊS EM UM! 🤝
Bora de desafio nessa quarta-feira: quem são os jogadores do Red Bull Bragantino nessa imagem?
 #RedBullBragantino",,0,"08/13/2025 08:30",N/A,https://www.facebook.com/futebolpaulista/posts/pfbid02NKkqf7rHkUzjAZGNi83WzpxotEcXhyBb9e2CMsaTh5iTX6hKg6G1pwk2DkjxEMGXl,0,0,Fotos,,,,,Total,17896,12711,35,25,9,1,399,92,307,0,,,,,,
1199218092241139,100064588783898,"Federação Paulista de Futebol - FPF","🏆O dia 13 de agosto é especial para o torcedor do Bugre! Há 47 anos, no Brinco de Ouro, o Guarani vencia o Palmeiras na grande decisão e conquistava o título do Brasileirão de 1978.
#FutebolPaulista #BaúDoPaulistão",,0,"08/13/2025 08:05",N/A,https://www.facebook.com/futebolpaulista/posts/pfbid0Wgm2APXa55fLRR19wYmxdxE5Nbh8Ef3KpBGWpjhGXFyH1mP8WsHmtRjT2wgmL9Ynl,0,0,Fotos,,,,,Total,204122,143748,2282,1760,387,135,5154,3201,1953,0,5,1,,,,
1199185848911030,100064588783898,"Federação Paulista de Futebol - FPF","IMPARÁVEL, VELOZ, EMBAÇADO!
Parabéns, @lucasmoura7! O melhor meio-campista do Paulistão Sicredi 2025 comemora 33 anos nesta quarta-feira.🎉🥳
📷Alexandre Battibugli/Ag. Paulistão",,0,"08/13/2025 07:16",N/A,https://www.facebook.com/futebolpaulista/posts/pfbid02S5juAswYcWbwV81e3YGRP9rQmnfMnJXc9WEeywvVra8RZiiuvYgcVJnfwrUhiAJLl,0,0,Fotos,,,,,Total,26737,19900,491,480,8,3,227,77,150,0,,,,,,
1199181032244845,100064588783898,"Federação Paulista de Futebol - FPF","PARABÉNS, SÃO JOSÉ!
A Águia do Vale completa 92 anos de história e tradição! 🥳🎉
#Aniversário #FutebolPaulista",,0,"08/13/2025 07:09",N/A,https://www.facebook.com/futebolpaulista/posts/pfbid023zbZVP9PufsJ42n4WxN5oQVRehjCz7L8aC9Mx5bYv9kmC52QPi9AazJnvdgkNm2Yl,0,0,Fotos,,,,,Total,5258,3543,129,99,22,8,88,13,75,0,,,,,,
1199175608912054,100064588783898,"Federação Paulista de Futebol - FPF","DESAFIO DO @paulistao! 🫵
Tem um trio do Leão na imagem! Você consegue identificar quem é? Deixa aqui nos comentários! 
#Mirassol",,0,"08/13/2025 07:00",N/A,https://www.facebook.com/futebolpaulista/posts/pfbid02oWSafoRvh3aJ5d7L8yxB5wzmrB62F8wVnprX4AHpvvQb7BF5C47hQUFGDVW8ebL2l,0,0,Fotos,,,,,Total,18834,13187,55,44,10,1,490,114,376,0,,,,,,
1198805658949049,100064588783898,"Federação Paulista de Futebol - FPF","PAREDÃO! 🔥
Rafael defendeu um pênalti e guardou a decisão pro MorumBIS! #PaulistasEmCampo
🎥 @libertadoresbr","PAREDÃO! 🔥
Rafael defendeu um pênalti e guardou a decisão pro MorumBIS! #PaulistasEmCampo
🎥 @libertadoresbr",23,"08/12/2025 19:50",N/A,https://www.facebook.com/reel/698707403204705/,1,0,Reels,,,,,Total,47892,40586,1250,1212,24,14,686,,686,0,,,,449826.77,11.287,0
1198792545617027,100064588783898,"Federação Paulista de Futebol - FPF","16 JOGOS SEM SABER O QUE É DERROTA NA LIBERTADORES! 🇾🇪🇾🇪🇾🇪 #PaulistasEmCampo",,0,"08/12/2025 19:27",N/A,https://www.facebook.com/futebolpaulista/posts/pfbid0355sPJDzSSQCaEFuiS3MjTTy8h6ELwjzs9Pf5EL3VbM7zBmkHnyt9DzTd3hNqZwgl,0,0,Fotos,,,,,Total,115175,85169,2159,1847,242,70,1874,415,1459,0,1,,,,,
1198792045617077,100064588783898,"Federação Paulista de Futebol - FPF","DECISÃO EM CASA! 🇾🇪
O São Paulo segurou o empate sem gol na Colômbia, pela Libertadores! #PaulistasEmCampo
📷 Conmebol",,0,"08/12/2025 19:26",N/A,https://www.facebook.com/futebolpaulista/posts/pfbid0pzwLkmihENWYxvTDqDSH9ySEkXfxmpKX5GME7uvYFKXGxi1GJqJ3iCCPRmhVGt1ql,0,0,Fotos,,,,,Total,75116,54819,1402,1286,83,33,1027,420,607,0,,,,,,
1198617512301197,100064588783898,"Federação Paulista de Futebol - FPF","O TRICOLOR NA @libertadoresbr! 🇾🇪😎
Vem ver como está a campanha do São Paulo até aqui!
#PaulistasEmCampo #SãoPaulo",,0,"08/12/2025 14:00",N/A,https://www.facebook.com/futebolpaulista/posts/pfbid0DGEpWLc3hpPYtvsDAybqt1TfATn2PqxBoWctPaTn8iGe7FrRJTuCXBTM4CpAGso9l,0,0,Fotos,,,,,Total,55833,41950,472,435,24,13,383,166,217,0,,,,,,
1198584145637867,100064588783898,"Federação Paulista de Futebol - FPF","TEM HISTÓRIA! 👀⏰
Não é a primeira vez que o Corinthians enfrenta o Athletico na @copadobrasilcbf! Você lembra dos confrontos, torcedor?
#PaulistasEmCampo",,0,"08/12/2025 13:00",N/A,https://www.facebook.com/futebolpaulista/posts/pfbid02pdCn7DdP4C7DAmWk2jENyicujymX4Qj41xAZQ1kji3BZ5bVX4Uah2fk3aRR2qUiul,0,0,Fotos,,,,,Total,47310,31833,341,289,38,14,795,343,452,0,,1,,,,
1198564992306449,100064588783898,"Federação Paulista de Futebol - FPF","TIGRE E MACACA NA ZONA DE CLASSIFICAÇÃO!
Se liga como está a tabela da #SérieC!
#PaulistasEmCampo",,0,"08/12/2025 12:30",N/A,https://www.facebook.com/futebolpaulista/posts/pfbid02rDGUNqEHq3dvoJSB4Ey6ZLCkb5UmDKQkDpmoWzLxoAjwqU35ENckKQ7gcLaQ5X14l,0,0,Fotos,,,,,Total,231748,164063,556,475,63,18,4204,1756,2448,0,,,,,,
1198549138974701,100064588783898,"Federação Paulista de Futebol - FPF","OS PAULISTAS NO @brasileirao! ‼️🤝
Minhas equipes estão com tudo no Campeonato Brasileiro. Se liga na tabela!
#PaulistasEmCampo",,0,"08/12/2025 12:00",N/A,https://www.facebook.com/futebolpaulista/posts/pfbid09fyW4cgjTzzF882xMnS8avUTUGiAyY8yqmBU2y9pofMvUnMBg4CBqVsqXDpkaYoyl,0,0,Fotos,,,,,Total,70942,50048,350,295,42,13,1269,505,764,0,,,,,,
1198376568991958,100064588783898,"Federação Paulista de Futebol - FPF","CAMINHO ATÉ A FINAL!
Esse é o chaveamento da @copadobrasilcbf 🔥
#PaulistasEmCampo",,0,"08/12/2025 07:40",N/A,https://www.facebook.com/futebolpaulista/posts/pfbid0veEsaw29iWHE5gsAaFi3Vr9eFXAEugpuRrE6FmjCtofrAHFMKU3xRQdAnWy1V75fl,0,0,Fotos,,,,,Total,364519,247638,1465,1191,198,76,4532,2201,2331,0,1,1,,,,
1198366552326293,100064588783898,"Federação Paulista de Futebol - FPF","VAAAAAI, CORINTHIANS! 
O Timão decide em casa a decisão das quartas de final da @copadobrasilcbf diante do Athletico. 
*As datas dos confrontos correspondem à data-base da competição, podendo sofrer alterações posteriormente
#PaulistasEmCampo",,0,"08/12/2025 07:25",N/A,https://www.facebook.com/futebolpaulista/posts/pfbid0yE5NnzWwSVVkzfvmpgP3vjh9kJq2rX8xQSe117N6HQr1zeDXnbVa6XUgyYY2dLUpl,0,0,Fotos,,,,,Total,557801,383875,2716,2223,363,130,8756,5151,3584,0,1,,21,,,
1198365772326371,100064588783898,"Federação Paulista de Futebol - FPF","TIMÃO X FURACÃO!
O próximo adversário do @corinthians na @copadobrasilcbf será o Athletico.
#PaulistasEmCampo",,0,"08/12/2025 07:24",N/A,https://www.facebook.com/futebolpaulista/posts/pfbid0w8XTAf8t1Be3hUZ1PAELBsjxnei4MzJV6j6FeEvEne64AWbYgoVGduNLUJ7gSp3zl,0,0,Fotos,,,,,Total,88181,63330,900,758,128,14,1099,386,703,0,,,10,,,
1198303205665961,100064588783898,"Federação Paulista de Futebol - FPF","BATALHA FORA DE CASA! 🇾🇪🔥
O São Paulo encara o Atlético Nacional pelas oitavas da @libertadoresbr! 
#PaulistasEmCampo",,0,"08/12/2025 06:00",N/A,https://www.facebook.com/futebolpaulista/posts/pfbid02y1xFGWUtoKjMuRknoDNirYhfr6FyN1xVHJR3r9X3V3upyEFNiG4gGLEqhf6PnUfSl,0,0,Fotos,,,,,Total,11528,7880,327,297,25,5,179,54,125,0,,,,,,
1197904602372488,100064588783898,"Federação Paulista de Futebol - FPF","O Timão não conseguiu pontuar no Alfredo Jaconi.
#PaulistasEmCampo
📷Fernando Alves/Juventude",,0,"08/11/2025 18:05",N/A,https://www.facebook.com/futebolpaulista/posts/pfbid02Gdwbb4Yv5A5j9Bgi5695LhcqyG9VHhiasDKM9yfxnBHwgxVK1LP4NjfZredMent7l,0,0,Fotos,,,,,Total,224037,162771,1883,1434,383,66,3400,1235,2165,0,,,,,,
1197903669039248,100064588783898,"Federação Paulista de Futebol - FPF","NONA RODADA! ✅
#CopaPaulistaSicredi",,0,"08/11/2025 18:03",N/A,https://www.facebook.com/futebolpaulista/posts/pfbid0FJBiVz5YWGDxchx9FMn1m5cgMnfAY75MGqBHzuFjeRSB25wyjQjN7GThswrYsDjml,0,0,Fotos,,,,,Total,28817,20420,151,140,8,3,409,145,264,0,,,,,,
1197903269039288,100064588783898,"Federação Paulista de Futebol - FPF","Três jogos fecharam a nona rodada da Copa Paulista Sicredi. Vamos aos resultados.
#CopaPaulistaSicredi
📷Divulgação/Clubes",,0,"08/11/2025 18:02",N/A,https://www.facebook.com/futebolpaulista/posts/pfbid022Kwoi2CrJWuxHv1vcKVT8PZa5XfYHvuGhUgsCz4Xt8EJHdUAqPykvRt4dp1QXEZDl,0,0,Fotos,,,,,Total,33902,25693,83,76,3,4,555,442,113,0,,,,,,
1197795392383409,100064588783898,"Federação Paulista de Futebol - FPF","ARBITRAGEM PAULISTA PRESENTE!
Com representantes da arbitragem paulista, a CONMEBOL divulgou a escala de arbitragem para as partidas de ida das oitavas de final da @libertadoresbr e @sudamericanabr. Destaque para Daiane Muniz, única mulher escalada como VAR entre os confrontos da fase atual das duas competições.
#FPF #Arbitragem",,0,"08/11/2025 14:29",N/A,https://www.facebook.com/futebolpaulista/posts/pfbid02WiHe41CFdj6bwWvS65AVZ3F1GmvkwrpQawH2jk5GRXmjXfpnjGBMAVkp3GieMwdil,0,0,Fotos,,,,,Total,29764,20752,148,128,14,6,413,219,194,0,,,,,,
1197709369058678,100064588783898,"Federação Paulista de Futebol - FPF","VITINHO É DO TIMÃO!
O atacante é o novo reforço do Corinthians para a temporada. Aprovado, torcedor?
#FutebolPaulista
📷Rodrigo Coca/Corinthians",,0,"08/11/2025 12:20",N/A,https://www.facebook.com/futebolpaulista/posts/pfbid0gGXhFmNeYUmyMtdbdXDTGAsT8kbRuW2fkdEuwrXmBNoLoucivPyCQRirRXzFWYvwl,0,0,Fotos,,,,,Total,10293,7522,143,119,20,4,150,35,115,0,,,,,,
1197644279065187,100064588783898,"Federação Paulista de Futebol - FPF","🚨 INSCREVA-SE: bit.ly/41AxxX2 🚨
A FPF Academia está com inscrições abertas para duas oportunidades IMPERDÍVEIS na área do direito desportivo: Curso Direito do Futebol: Temas Atuais e Curso Direito Internacional do Futebol ⚖️ ⚽",,0,"08/11/2025 10:30",N/A,https://www.facebook.com/futebolpaulista/posts/pfbid02TDNioStzivh2YCm6LczpezjYqdGFSMAEixnQXFCGYRPY2WvunWbr9CYDi4hVt6mpl,0,0,Fotos,,,,,Total,3461,2504,16,14,1,1,18,9,8,0,,,1,,,
1197444919085123,100064588783898,"Federação Paulista de Futebol - FPF","NOITE DE TIMÃO! 🦅‼️
O @corinthians vai buscar os três pontos fora de casa pelo @brasileirao!
#PaulistasEmCampo #Corinthians",,0,"08/11/2025 06:00",N/A,https://www.facebook.com/futebolpaulista/posts/pfbid02LjUUd6jq7dFa7beqYkRqniUopgdBAwSxA5HqM2AvfCCpvJEbQ2yvTGW3cwLE2BUul,0,0,Fotos,,,,,Total,10918,7542,203,172,26,5,173,53,120,0,,,,,,
1197444859085129,100064588783898,"Federação Paulista de Futebol - FPF","SEGUNDOU!
Começamos a semana com mais três jogos na #CopaPaulistaSicredi.",,0,"08/11/2025 06:00",N/A,https://www.facebook.com/futebolpaulista/posts/pfbid02fpeS4Wbu67XsZVEJkMZKotfxyMTGZDHENRZei9ptD3UEaWKzBNhq8Bdz6zi6Kmdjl,0,0,Fotos,,,,,Total,4470,3417,36,34,0,2,20,13,7,0,,,,,,
1197368552426093,100064588783898,"Federação Paulista de Futebol - FPF","125 ANOS DA MACACA! 🥳🦍
A @pontepretaoficial celebra mais um ano de história nessa segunda-feira (11). Parabéns!
#Aniversário #FutebolPaulista #PontePreta",,0,"08/11/2025 04:00",N/A,https://www.facebook.com/futebolpaulista/posts/pfbid0518ihzwf7D8e1mwwBr8CZjDmjthJ9zYzhgBqrCfDiuRzJN48vjguBTT5wHop4BxGl,0,0,Fotos,,,,,Total,128165,90126,2219,1634,509,76,2823,639,2183,0,,,1,,,
1197010015795280,100064588783898,"Federação Paulista de Futebol - FPF","Hora de conferir como foi o domingo dos #PaulistasEmCampo!
#FutebolPaulista",,0,"08/10/2025 17:00",N/A,https://www.facebook.com/futebolpaulista/posts/pfbid0Cv2yFcLe7hr4LLeZrqiCxhKN7NbEzKsCkKPGX8eXB6vQULojwN4pgrwjUGya1KAEl,0,0,Fotos,,,,,Total,51457,36760,248,232,8,8,499,292,207,0,,,,,,
1197009359128679,100064588783898,"Federação Paulista de Futebol - FPF","PRA CIMA DELES, TIGRE!
Vitória paulista na Arena de Pernambuco!
#PaulistasEmCampo
📷Paulo Matheus/Divulgação/São Bernardo",,0,"08/10/2025 16:59",N/A,https://www.facebook.com/futebolpaulista/posts/pfbid0zXkzWgBre4bAQYpee3E6X54HTZMkJ3kNN1zbW8V96Vf5rXfot2JAegBUWhv2GKCil,0,0,Fotos,,,,,Total,42330,31384,132,126,4,2,377,199,178,0,,,,,,
1197002262462722,100064588783898,"Federação Paulista de Futebol - FPF","O Botafogo foi superado em duelo da Série B.
#PaulistasEmCampo
📷Carlos Costa/Ag. Botafogo",,0,"08/10/2025 16:43",N/A,https://www.facebook.com/futebolpaulista/posts/pfbid0z8pp87hBgR3A1yRc1qgrtnKNEfuij3cBCwGP138kweYx5VU5hPqfHL2PF4D8Piwkl,0,0,Fotos,,,,,Total,68539,51175,200,133,66,1,774,262,512,0,,,,,,
1197000512462897,100064588783898,"Federação Paulista de Futebol - FPF","É O PEIXE!
Vitória de virada no Mineirão!
#PaulistasEmCampo
📷Raul Baretta/Santos",,0,"08/10/2025 16:40",N/A,https://www.facebook.com/futebolpaulista/posts/pfbid0vmEG5uKj8b3rQLp1kwdDJLHnLfQKGSji4Vo7bKzbCJp2SoucA9jPwFdk15mviyaQl,0,0,Fotos,,,,,Total,195307,140164,4109,3774,218,117,2729,1017,1712,0,2,,,,,
1196928402470108,100064588783898,"Federação Paulista de Futebol - FPF","VIRADA PALESTRINA!
O Palmeiras buscou o resultado e ficou com os três pontos!
#PaulistasEmCampo
📷Cesar Greco/Palmeiras",,0,"08/10/2025 14:06",N/A,https://www.facebook.com/futebolpaulista/posts/pfbid02HW4zJ5yUCBEJJtuxqfn1tKfKZgCT34JbaXkfHLbMbstXtA4ULdhGSadtiYyxepwEl,0,0,Fotos,,,,,Total,255338,185406,4951,4366,471,114,3685,1225,2460,0,,,,,,
1196754465820835,100064588783898,"Federação Paulista de Futebol - FPF","Domingo com vitórias de Portuguesa Santista e XV de Piracicaba na Copa Paulista Sicredi.
#CopaPaulistaSicredi
📷Divulgação/Clubes",,0,"08/10/2025 09:19",N/A,https://www.facebook.com/futebolpaulista/posts/pfbid0FvzLWHRbN9zEdDn48xShsUq5GuB9vfYjCEhxRqJ1FEJTcTacnVWzMfVb4rWUAyJUl,0,0,Fotos,,,,,Total,13142,9320,88,79,2,7,224,136,88,0,1,,,,,
1196737845822497,100064588783898,"Federação Paulista de Futebol - FPF","EQUILIBRIO TOTAL!
Foi assim que terminaram os jogos de ida da semifinal do Paulista Sub-23 Segunda Divisão Sicredi!
#FPF #Cometa #ClubeGiro",,0,"08/10/2025 09:00",N/A,https://www.facebook.com/futebolpaulista/posts/pfbid02YPp6LDp6WV8rZA4jHLWmWCa7CKyUwmSCw64KgThAToQdny1t4jh91afY21wE6Uhbl,0,0,Fotos,,,,,Total,7216,5436,32,29,0,3,31,19,12,0,,,,,,
1196712352491713,100064588783898,"Federação Paulista de Futebol - FPF","EMPATE NA IDA!
No primeiro jogo da semifinal do Paulista Sub-23 Segunda Divisão, Independente e Tanabi ficaram em igualdade.
#Bezinha
📷Alexandre Battibugli/Ag. Paulistão",,0,"08/10/2025 08:28",N/A,https://www.facebook.com/futebolpaulista/posts/pfbid0n33LDmmRyfQgzWoaCWsvwcYJm9q5r6xCUWxRRsgua49Gfi5SniLH68RViNAFsVkPl,0,0,Fotos,,,,,Total,13212,9946,69,67,0,2,170,130,40,0,,,,,,
1196682042494744,100064588783898,"Federação Paulista de Futebol - FPF","🚌🚌🚌
#FPF #Cometa #ClubeGiro 
📷Alexandre Battibugli/Ag. Paulistão",,0,"08/10/2025 07:49",N/A,https://www.facebook.com/futebolpaulista/posts/pfbid02sdW7dSYatfR5QnX5aZWvR4hmZQdLQHtpFVxk9gFBAEir2dGvmBCYrsMZXiKnGWF5l,0,0,Fotos,,,,,Total,6445,4391,34,31,0,3,140,122,18,0,,,,,,
1196648019164813,100064588783898,"Federação Paulista de Futebol - FPF","GALO NA FRENTE!
Fim do primeiro tempo em Limeira. O Independente vai para o intervalo com o 1 a 0 de vantagem pra cima do Tanabi.
#PaulistaSub23SegundaDivisãoSicredi
📷Alexandre Battibugli/Ag. Paulistão",,0,"08/10/2025 07:05",N/A,https://www.facebook.com/futebolpaulista/posts/pfbid02UGXsAwYncTwmJA62Mz5nJQkszHE9qgD4Jf8VGKDnTQ9MFxjQN5daKwXV7aNz76Nal,0,0,Fotos,,,,,Total,10219,7839,44,43,1,0,98,28,70,0,,,,,,
1196599649169650,100064588783898,"Federação Paulista de Futebol - FPF","PARA FECHAR O FINAL DE SEMANA!
Domingo cheio de Campeonato Brasileiro para as minhas equipes. Se liga nos confrontos!
#PaulistasEmCampo",,0,"08/10/2025 06:00",N/A,https://www.facebook.com/futebolpaulista/posts/pfbid04Gm4BN76uAfraeG1Cvso7VPzLoio3PU14hfB9soRtkvnEd53NUeGs9FHKsYpPPXvl,0,0,Fotos,,,,,Total,7536,5606,68,58,3,7,61,43,18,0,,,,,,
1196559702506978,100064588783898,"Federação Paulista de Futebol - FPF","Os paizões do Futebol Paulista estão passando para desejar a todos os Fanáticos por Futebol um Feliz Dia dos Pais! 🥰🫂⚽
#FutebolPaulista #DiaDosPais",,0,"08/10/2025 05:00",N/A,https://www.facebook.com/futebolpaulista/posts/pfbid0SEofygquG1tmmY3kJJhNTgwm3qhxzaLDYCvr8MXj2N4CqWUHKijqz2CkaMUFCQs7l,0,0,Fotos,,,,,Total,5897,4451,56,49,2,5,47,34,13,0,,,,,,
1196521482510800,100064588783898,"Federação Paulista de Futebol - FPF","DOSE DUPLA!
A manhã de domingo tem dois jogos para movimentar a Copa Paulista Sicredi.
#CopaPaulistaSicredi",,0,"08/10/2025 04:00",N/A,https://www.facebook.com/futebolpaulista/posts/pfbid02h3k1hgaHJ1E892GxzXHaw35tKbVEZPDSYtk9D9xJswjveojenqeG88Jxc288y1vbl,0,0,Fotos,,,,,Total,8093,6335,35,33,0,2,40,24,16,0,,,,,,
1196483289181286,100064588783898,"Federação Paulista de Futebol - FPF","BORA DE SEMI!
A bola vai rolar para @independentedelimeiraoficial e @tanabiesporteclubesaf na primeira semifinal do Paulista Sub-23 Segunda Divisão Sicredi! AO VIVO no YouTube do @paulistao. Quem consegue a vantagem, torcedor?
#Bezinha",,0,"08/10/2025 03:00",N/A,https://www.facebook.com/futebolpaulista/posts/pfbid0mGhdNFhqDrbqofKcyBiuEayyNqRAMUY8gCGcYj839b32mukwu7aYH3UJk1dQyb4Al,0,0,Fotos,,,,,Total,11829,8839,57,48,6,3,161,47,114,0,,,,,,
1188354469994168,100064588783898,"Federação Paulista de Futebol - FPF","PRIMEIRO PASSO!
São Paulo vence no MorumBIS e garante a vantagem por um lugar nas quartas de final da Copa do Brasil.
#PaulistasEmCampo
📷Miguel Schincariol/São Paulo FC",,0,"07/31/2025 17:30",N/A,https://www.facebook.com/futebolpaulista/posts/pfbid02XpcUXNjWSfj3wsxAoSzCSxsBXVuVVqVCZY4S1Qo7s1iMTYLh8aRKW5S5PFSWZJbel,0,0,Fotos,,,,,Total,121949,88708,1988,1884,54,50,1398,703,695,0,,,,,,
1196182642544684,100064588783898,"Federação Paulista de Futebol - FPF","3️⃣0️⃣0️⃣x LUCIANO!
O camisa 10 do Tricolor segue escrevendo sua história no São Paulo.
#PaulistasEmCampo
📷Rubens Chiri/São Paulo",,0,"08/09/2025 18:34",N/A,https://www.facebook.com/futebolpaulista/posts/pfbid0jSL9x6ESq4mqN31yNNjuaV32KQR8nwk9B4nTka5e6ExMWGnaMuCQ2mXAsJb2ot2Sl,0,0,Fotos,,,,,Total,11962,8260,357,344,5,8,244,178,66,0,,,,,,
1196179375878344,100064588783898,"Federação Paulista de Futebol - FPF","PONTUOU LÁ!
O Novorizontino volta do Rio de Janeiro com mais um ponto somado na Série B.
#PaulistasEmCampo
📷Ozzair Jr./Novorizontino",,0,"08/09/2025 18:29",N/A,https://www.facebook.com/futebolpaulista/posts/pfbid0hXUxQPBCXo5aBPKpgv2NApn5ed2TvjocmE1GjUy3A7ohJsnjnuJbEZNRNHPu6NAil,0,0,Fotos,,,,,Total,19177,14530,82,73,3,6,150,91,59,0,,,,,,
1196177865878495,100064588783898,"Federação Paulista de Futebol - FPF","MOMENTO DE EMOÇÃO!
De volta aos gramados após lesão, Lucas Moura não conteve as lágrimas ao fim do jogo no MorumBIS.
#PaulistasEmCampo 
🎥Divulgação/São Paulo","MOMENTO DE EMOÇÃO!
De volta aos gramados após lesão, Lucas Moura não conteve as lágrimas ao fim do jogo no MorumBIS.
#PaulistasEmCampo 
🎥Divulgação/São Paulo",39,"08/09/2025 18:25",uploaded,https://www.facebook.com/reel/1448451603008552/,0,0,Reels,,,,,Total,8190,8021,246,240,1,5,158,,158,0,,,,51694.013,6.76,0
1196156652547283,100064588783898,"Federação Paulista de Futebol - FPF","VIRADA BUGRINA!
Guarani se reencontra com a vitória na Série C.
#PaulistasEmCampo
📷Raphael Silvestre/Guarani",,0,"08/09/2025 17:45",N/A,https://www.facebook.com/futebolpaulista/posts/pfbid0cHzFbAmWbLjiodCkXdw1ihkUD5PT2ogpophETCRgAgwPXJefQ8uxPJ9SU9mK6b3ol,0,0,Fotos,,,,,Total,34884,25142,382,356,14,12,392,162,230,0,,,,,,
1196155075880774,100064588783898,"Federação Paulista de Futebol - FPF","O Ituano sofreu o revés no Novelli Junior.
#PaulistasEmCampo
📷Fernando Roberto/Ituano",,0,"08/09/2025 17:42",N/A,https://www.facebook.com/futebolpaulista/posts/pfbid028JuVSfMjtrE13gwsGVgFgjrMHWxuML2BhrqFo8h2FRq8eeJtrrNWSkDTjMnbhpwwl,0,0,Fotos,,,,,Total,51093,38848,102,80,13,9,448,189,259,0,,,,,,
1196134955882786,100064588783898,"Federação Paulista de Futebol - FPF","O TRICOLOR TÁ EMBALADO! 🇾🇪
#PaulistasEmCampo",,0,"08/09/2025 16:58",N/A,https://www.facebook.com/futebolpaulista/posts/pfbid038Jo6bEhoXsoL6nosWL8zkBaNvPCbXm9VRRw3H3BFb8s19Xeaea1BYXtmDYBFJWAFl,0,0,Fotos,,,,,Total,57513,40969,1621,1570,26,25,485,231,254,0,,,,,,
1196121345884147,100064588783898,"Federação Paulista de Futebol - FPF","SEGURA O TRICOLOR!
O São Paulo segue embalado no Brasileirão!
#PaulistasEmCampo
📷Miguel Schincariol/São Paulo",,0,"08/09/2025 16:31",N/A,https://www.facebook.com/futebolpaulista/posts/pfbid02prkC97aLLCqNutDEmyXt4zp2qXxMYMAkCA1ymBvAj79YhayVMe1i8pg3T6sk3x6Fl,0,0,Fotos,,,,,Total,131507,97607,2371,2259,63,49,1397,575,822,0,,,,,,
1196120442550904,100064588783898,"Federação Paulista de Futebol - FPF","Não deu pro Massa Bruta.
#PaulistasEmCampo
📷Ari Ferreira/Red Bull Bragantino",,0,"08/09/2025 16:29",N/A,https://www.facebook.com/futebolpaulista/posts/pfbid0rLobG3CuKYjr31x3CDTxDpJXQ8BuGRQM9RPB4N6w8LCy32WX6DgDB4Djav57JEoVl,0,0,Fotos,,,,,Total,78362,58956,87,80,5,2,449,276,173,0,,,,,,
1196119395884342,100064588783898,"Federação Paulista de Futebol - FPF","O Mirassol tentou, mas não conseguiu pontuar no Maracanã.
#PaulistasEmCampo
📷Pedro Zacchi/Ag. Mirassol",,0,"08/09/2025 16:27",N/A,https://www.facebook.com/futebolpaulista/posts/pfbid033HXpeipsaAcz4voiZLxr7EN9zbF5BHqDqddt7o7bmM7EXYdvmtiAqcc4tKMap5hwl,0,0,Fotos,,,,,Total,75260,53471,602,470,112,20,1665,316,1349,0,,1,,,,
1196110219218593,100064588783898,"Federação Paulista de Futebol - FPF","Fim de mais um dia de Copa Paulista Sicredi. Vamos aos resultados deste sabadão.
#CopaPaulistaSicredi
📷Divulgação/Clubes",,0,"08/09/2025 16:09",N/A,https://www.facebook.com/futebolpaulista/posts/pfbid02DrK137YU5zYyR66fJkUpv3wX4bXH1esCkAm62WZ8FpnaMXgqb9XkWSxFvZ1bhANQl,0,0,Fotos,,,,,Total,10678,7361,61,53,1,7,362,290,72,0,,,,,,
1196097412553207,100064588783898,"Federação Paulista de Futebol - FPF","A Ponte Preta tropeçou pela Série C.
#PaulistasEmCampo
📷Marcos Ribolli/Arquivo/PontePress",,0,"08/09/2025 15:45",N/A,https://www.facebook.com/futebolpaulista/posts/pfbid02aY6NXd4X9sHJ3Dny48cpY9Xb6LiBZVoNcmwLChokGuFwMCNCSunUYPVX7kAsbgGgl,0,0,Fotos,,,,,Total,57899,42932,173,118,50,5,617,207,410,0,,,,,,
1196077789221836,100064588783898,"Federação Paulista de Futebol - FPF","SABADÃO DE FESTA EM LIMEIRA!
A Inter segue viva na busca pelo acesso pra Série C do ano que vem!
#PaulistasEmCampo
📷Jose Augusto/Divulgação/Inter de Limeira",,0,"08/09/2025 15:03",N/A,https://www.facebook.com/futebolpaulista/posts/pfbid0NQ8GSSwSKFwyevVJg3ZpZGk7sDohSUnGXTwb1F8qb5kQ22hHnbHo265DiMjPKvhtl,0,0,Fotos,,,,,Total,23249,15844,384,352,23,9,844,565,279,0,,,,,,
1196072272555721,100064588783898,"Federação Paulista de Futebol - FPF","AVANÇA, LEÃO!
Com gol no último lance, Inter de Limeira busca a classificação e se garante na próxima fase da Série D.
#PaulistasEmCampo
📷Divulgação/Inter de Limeira",,0,"08/09/2025 14:52",N/A,https://www.facebook.com/futebolpaulista/posts/pfbid0W6gnAPgzFsQeEZqCb4oGDHaYAtdYFHmRYoYLvSoihEaEEEbxB3W9DBcnqsDsx1PXl,0,0,Fotos,,,,,Total,109795,83213,641,589,38,14,1126,532,594,0,,,,,,
1196066615889620,100064588783898,"Federação Paulista de Futebol - FPF","Chega ao fim a participação do Água Santa na Série D.
#PaulistasEmCampo
📷Arquivo/Água Santa",,0,"08/09/2025 14:39",N/A,https://www.facebook.com/futebolpaulista/posts/pfbid02oTvts957LiDXogVmuwaXsbtYQ2BX85JY8wSJh6KAGN2ybeC3hWmNm5uTETdMDzt3l,0,0,Fotos,,,,,Total,29930,22047,122,107,7,8,570,211,359,0,,,,,,
1196059309223684,100064588783898,"Federação Paulista de Futebol - FPF","Ponto final no Canindé. Portuguesa é superada nos pênaltis e se despede da Série D.
#PaulistasEmCampo
📷 Divulgação/Portuguesa",,0,"08/09/2025 14:24",N/A,https://www.facebook.com/futebolpaulista/posts/pfbid02FKAgupcTGRQpyhxfEiqHoVwvuHkxAnGTPcWLJakKFwbyDZ67zL8p8EhbKeGeSruBl,0,0,Fotos,,,,,Total,58137,38364,536,373,154,9,2060,343,1717,0,,,,,,
1196053772557571,100064588783898,"Federação Paulista de Futebol - FPF","O GOLAÇO DA CLASSIFICAÇÃO!
No último lance da partida, Kadu soltou a bomba e garantiu a Inter de Limeira nas oitavas de final da Série D!
#PaulistasEmCampo
🎥Divulgação/Inter de Limeira","O GOLAÇO DA CLASSIFICAÇÃO!
No último lance da partida, Kadu soltou a bomba e garantiu a Inter de Limeira nas oitavas de final da Série D!
#PaulistasEmCampo
🎥Divulgação/Inter de Limeira",38,"08/09/2025 14:11",mixed,https://www.facebook.com/reel/1178401060779847/,0,0,Reels,,,,,Total,22905,20797,475,427,29,19,859,,859,0,,,,230087.381,11.183,0
1196047712558177,100064588783898,"Federação Paulista de Futebol - FPF","RUGE, LEÃO!
A Inter de Limeira está nas oitavas de final da Série D!
#PaulistasEmCampo",,0,"08/09/2025 13:58",N/A,https://www.facebook.com/futebolpaulista/posts/pfbid02gNeNf8NxwXca1PMweNDe6MDaoQGM8SzvPTp2EoaeVrPDz2HQCzmBWzsqJkkxgDdEl,0,0,Fotos,,,,,Total,35932,25834,695,605,54,36,655,181,474,0,,,,,,
1196021919227423,100064588783898,"Federação Paulista de Futebol - FPF","EMPATE NA IDA!
Fim de primeiro jogo da semifinal do Paulista Sub-23 Segunda Divisão Sicredi! Mauá e ECUS ficam no empate.
#Bezinha
📷Ronaldo Barreto/Ag. Paulistão",,0,"08/09/2025 13:00",N/A,https://www.facebook.com/futebolpaulista/posts/pfbid0zZ4yfsc3wVVSwxetqqTyNv5aRacH19Z9TPCLZ87Du9XfXDDMyJaknyZ21ZZeKzj2l,0,0,Fotos,,,,,Total,11613,8380,66,54,6,6,248,151,97,0,,,,,,
1195957365900545,100064588783898,"Federação Paulista de Futebol - FPF","ECUS NA ÁREA!
A equipe de Suzano chegou para a semifinal do Paulista Sub-23 Segunda Divisão Sicredi!
#FPF #Cometa #ClubeGiro
📷Ronaldo Barreto/Ag. Paulistão",,0,"08/09/2025 11:00",N/A,https://www.facebook.com/futebolpaulista/posts/pfbid021LcMjcyAundDvPeakeUJDKSCTdJU6hRC3YSKwyFyWod1NQzf8RwPXvCEd7HM7eqgl,0,0,Fotos,,,,,Total,7451,5557,16,16,0,0,100,84,16,0,,,,,,
1195935329236082,100064588783898,"Federação Paulista de Futebol - FPF","DIA DE BEZINHA!
A semifinal do Paulista Sub-23 Segunda Divisão Sicredi tá na área com Mauá e ECUS!
 #FPF #Cometa #ClubeGiro
📷Ronaldo Barreto/Ag. Paulistão",,0,"08/09/2025 10:23",N/A,https://www.facebook.com/futebolpaulista/posts/pfbid02dGEGq5vBS2gY3gd5hduh42gFEAiKzuTpansK97SXdoNQAhnCZUocVWN6hHA4FeWMl,0,0,Fotos,,,,,Total,7024,5212,39,36,0,3,100,84,16,0,,,,,,
1195837712579177,100064588783898,"Federação Paulista de Futebol - FPF","SABADOU NA BEZINHA!
O @mauafcoficial recebe o @ecuniaosuzano para o primeiro jogo da semifinal do Paulista Sub-23 Segunda Divisão Sicredi! AO VIVO no YouTube do @paulistao. E aí, quem leva a melhor?
#Bezinha",,0,"08/09/2025 08:00",N/A,https://www.facebook.com/futebolpaulista/posts/pfbid02hKgnA38Gzs9ZRKS8kfCqqyvvdRg2bi6pfZAfF5ZVPHohCV93GVj3FwxKEW7PCk6wl,0,0,Fotos,,,,,Total,8775,6705,33,29,2,2,63,30,33,0,,,,,,
1195751545921127,100064588783898,"Federação Paulista de Futebol - FPF","DIA CHEIO!
Um sábado só fica completo se rola #CopaPaulistaSicredi",,0,"08/09/2025 06:00",N/A,https://www.facebook.com/futebolpaulista/posts/pfbid02dogX5THGoU5R7pyzbythBeC6t7gMceHN2GcyvEW6JQpx3SxvJdXiiK9nejPxu27jl,0,0,Fotos,,,,,Total,7487,5563,42,37,2,3,59,32,27,0,,,,,,
1195710132591935,100064588783898,"Federação Paulista de Futebol - FPF","SABADÃO RECHEADO!
São dez jogos para abrir o fim de semana de #PaulistasEmCampo!",,0,"08/09/2025 04:56",N/A,https://www.facebook.com/futebolpaulista/posts/pfbid0tUktk4q7222YgMQwCjGHxKPNb2rVvXBvKiLAwT2Abpd9NhLV6GJQJsEC9VQ3ZQ6Yl,0,0,Fotos,,,,,Total,24436,17971,185,169,4,12,352,242,110,0,,,,,,
1195673229262292,100064588783898,"Federação Paulista de Futebol - FPF","9 de agosto - Dia Internacional dos Povos Indígenas
Pelo reconhecimento e respeito aos povos originários 🤝🥰
#FPF #DiaInternacionalDosPovosIndígenas",,0,"08/09/2025 04:00",N/A,https://www.facebook.com/futebolpaulista/posts/pfbid02b8w15WTj9CutC9mXSxqBJJTLHRCKCYFQwjftGEER2x3rxKYsgjjzLK8ccDTb8kSkl,0,0,Fotos,,,,,Total,3594,2563,35,32,1,2,17,10,7,0,,,,,,
1195306129299002,100064588783898,"Federação Paulista de Futebol - FPF","VITÓRIA DO GALO!
Na abertura da nona rodada da Copa Paulista Sicredi, o Paulista levou a melhor pra cima do Rio Branco.
#CopaPaulistaSicredi
📷João Paulo/Paulista",,0,"08/08/2025 18:09",N/A,https://www.facebook.com/futebolpaulista/posts/pfbid02LGiaQDBwpu6eiRqthc4wVytvT85DbERjnXhUqYoimEAsUREAG4x1uGXQ4T69StLbl,0,0,Fotos,,,,,Total,36468,26714,165,141,20,4,379,169,210,0,1,,,,,
1195277532635195,100064588783898,"Federação Paulista de Futebol - FPF","NO EMBALO DA LOCOMOTIVA!
A Ferroviária vence a segunda seguida na Série B!
#PaulistasEmCampo
📷Luis Miguel Ferreira/Ferroviária",,0,"08/08/2025 17:09",N/A,https://www.facebook.com/futebolpaulista/posts/pfbid0B8wXKXWVaPxaEuDS947EqxpnMNgivh97b219VNwnZPw5TKqLXN5pA7aTLeycCq7Pl,0,0,Fotos,,,,,Total,46334,32831,398,346,40,12,650,249,401,0,,,,,,
1195244169305198,100064588783898,"Federação Paulista de Futebol - FPF","QUE VENHA O MATA-MATA!
Quatro equipes seguem sonhando com o acesso no Paulista Sub-23 Segunda Divisão Sicredi e os primeiros jogos da semifinal começam neste fim de semana! Quem será que vai levar a vantagem no jogo de ida?
#FPF #Cometa #ClubeGiro",,0,"08/08/2025 16:00",N/A,https://www.facebook.com/futebolpaulista/posts/pfbid024AeHGnwZUoixr22wx5tXzzm2qsWatpmW3daPZhKdad42LfFssXKMdAkJD9PrRfjNl,0,0,Fotos,,,,,Total,9872,7420,49,41,3,5,116,59,57,0,,,,,,
1195106505985631,100064588783898,"Federação Paulista de Futebol - FPF","A Federação Paulista de Futebol, Viação Cometa e o clube giro, empresas pertencentes ao Grupo JCA, referência nacional em transporte, mobilidade e logística, anunciam uma nova e promissora parceria que conecta o futebol paulista ao interior paulista. 

A união das três marcas tem data de estreia: a fase decisiva do Paulista Sub-23 Segunda Divisão Sicredi. Os clubes semifinalistas — Tanabi, Independente, Mauá e ECUS — terão a Cometa, empresa com mais de setenta anos, como a transportadora oficial para os deslocamentos nos jogos fora de casa. O benefício contempla atletas, comissões técnicas e dirigentes dos clubes envolvidos.

#FPF #Cometa #ClubeGiro #EsporteECultura",,0,"08/08/2025 11:34",N/A,https://www.facebook.com/futebolpaulista/posts/pfbid0sEu2HwrVzNfv9aGsXaSfR7mRwEP1SWZKmEXNJiL2y1d6aBGYR5d8QktdtxWN45G2l,0,0,Fotos,,,,,Total,118222,82821,722,664,26,32,1303,641,662,0,2,1,,,,
1195103585985923,100064588783898,"Federação Paulista de Futebol - FPF","O Leão veste história 🦁💛💚
O Mirassol lançou a nova camisa em homenagem ao tricampeonato mundial da Seleção Brasileira!
#FutebolPaulista
📷Pedro Zacchi/Divulgação/Mirassol",,0,"08/08/2025 11:28",N/A,https://www.facebook.com/futebolpaulista/posts/pfbid02cR5tZtHbfim5GWSDeFMrhpb3CZHC1DrURurhSc8Nf92NueuSxGFaeYhWjAAjYakul,0,0,Fotos,,,,,Total,25127,16110,355,335,17,3,923,651,272,0,,,,,,
1194971652665783,100064588783898,"Federação Paulista de Futebol - FPF","SEXTOU! Paulista e Rio Branco entram em campo para abrir a rodada na Copa Paulista Sicredi. 
#CopaPaulistaSicredi",,0,"08/08/2025 08:20",N/A,https://www.facebook.com/futebolpaulista/posts/pfbid028VAuRiJZAKuRZq4vRTUcaxAtiXEiqKT2JUjWWt37nBo3R5JUk8xwU58MGQ2eGeGdl,0,0,Fotos,,,,,Total,6707,5175,44,30,12,2,51,11,40,0,,,,,,
1194958806000401,100064588783898,"Federação Paulista de Futebol - FPF","OLHA ELA AÍ!
Chegou a hora de conferir a classificação da Copa Paulista Sicredi!
#CopaPaulistaSicredi",,0,"08/08/2025 08:00",N/A,https://www.facebook.com/futebolpaulista/posts/pfbid0eecKUhwZyyxXxMhz31HbavVQypY3dRcQFwFby2B6XN2NE3ZGeVVuhMJRyMM7yCXYl,0,0,Fotos,,,,,Total,115084,76654,563,479,52,32,3651,1911,1740,0,1,,,,,
1194878689341746,100064588783898,"Federação Paulista de Futebol - FPF","VAMOS, FERROVIÁRIA! 🚂🔥
A Locomotiva joga em casa em busca de mais uma vitória na #SérieB!
#PaulistasEmCampo",,0,"08/08/2025 06:00",N/A,https://www.facebook.com/futebolpaulista/posts/pfbid028gRMHpgSd5BTRL8yGKnhu5pngwq6fLFYSTQKJnftmuPEcNPYBXYt8WYfR9AskVK1l,0,0,Fotos,,,,,Total,14807,10776,98,91,4,3,125,64,61,0,,,,,,
1194783636017918,100064588783898,"Federação Paulista de Futebol - FPF","5 ANOS ATRÁS, O PALMEIRAS LEVANTAVA MAIS UMA! 🏆✨
Com duas defesas de Weverton na disputa de pênaltis, o Palmeiras se sagrava campeão do Paulistão Sicredi em 2020!
#FutebolPaulista #BaúDoPaulistão",,0,"08/08/2025 04:00",N/A,https://www.facebook.com/futebolpaulista/posts/pfbid0rKGuuCe4Kg8vYGH5uXtdcBK4L9pjFQ7F47h1aVrpBWb8u44eA5WxXcKbgTtcdLojl,0,0,Fotos,,,,,Total,62308,37435,1149,872,252,25,4922,2623,2299,0,,,,,,
1194429979386617,100064588783898,"Federação Paulista de Futebol - FPF","PENÚLTIMA VOLTA!
A #CopaPaulistaSicredi está a todo vapor. Bora conferir os jogos da nona rodada.",,0,"08/07/2025 17:00",N/A,https://www.facebook.com/futebolpaulista/posts/pfbid0iTyiRWnjno3ebVn2WSHHhdHvdtd2DTwZesQVL2NdXZwUsabVCJpAp75gs667bLT8l,0,0,Fotos,,,,,Total,12622,9220,89,76,4,9,157,94,63,0,,,,,,
1194348639394751,100064588783898,"Federação Paulista de Futebol - FPF","5️⃣ VITÓRIAS! TIMÃO 100% NA SEMANA DE DERBY!
#PaulistasEmCampo #Derby",,0,"08/07/2025 14:34",N/A,https://www.facebook.com/futebolpaulista/posts/pfbid0nuPPhChXxPZ3dXLMWMnAPT8Xj1Gd5PkJofrrkXqiyGDNfUSX55tCSfa3jRDA9Pcbl,0,0,Fotos,,,,,Total,1325257,903237,10943,9401,522,1020,15692,9954,5738,0,2,2,,,,
1194238139405801,100064588783898,"Federação Paulista de Futebol - FPF","ESTAMOS NA DISPUTA!
Arthur Elias, Amanda Gutierres e Estêvão foram indicados na primeira lista para o Ballon D'Or 2025. 🏆🔥
#FutebolPaulista",,0,"08/07/2025 11:12",N/A,https://www.facebook.com/futebolpaulista/posts/pfbid0H5cC1up7fqdv5NuLrqEdbkVsjQUTMqa2DNQLrf7MddmNB5dNjRgXED4qd63hKoGVl,0,0,Fotos,,,,,Total,26595,18794,111,105,2,4,183,86,97,0,,,,,,
1194112812751667,100064588783898,"Federação Paulista de Futebol - FPF","NA HISTÓRIA DO TIGRE! 🐯✍️
Ricardo Catalá se tornou o terceiro treinador com mais jogos pelo @saobernardo_fc!
#PaulistasEmCampo #SãoBernardo",,0,"08/07/2025 08:00",N/A,https://www.facebook.com/futebolpaulista/posts/pfbid0NHnufvocJqzzTW2GQqx9xFhAByxHgJfHWejdoSPbqFjU7DpLeEvWjryv6xLcNZeYl,0,0,Fotos,,,,,Total,4761,3538,33,29,1,3,97,78,19,0,,,,,,
1194029509426664,100064588783898,"Federação Paulista de Futebol - FPF","O torcedor do Timão que não acordou assim hoje, é maluco!
#Corinthians #FutebolPaulista
🎥Divulgação/Corinthians","O torcedor do Timão que não acordou assim hoje, é maluco!
#Corinthians #FutebolPaulista
🎥Divulgação/Corinthians",17,"08/07/2025 06:00",uploaded,https://www.facebook.com/futebolpaulista/videos/2724311904433726/,0,0,Vídeos,,,,,Total,5760,4772,440,377,43,20,302,,302,2169,,,,34723.093,7.628,0.12
1193956442767304,100064588783898,"Federação Paulista de Futebol - FPF","DOBRADINHA DE 93!
Há 32 anos, o Verdão, após vencer o primeiro jogo, ficava no empate e levava a taça do Torneio Rio-São Paulo em final diante do Corinthians.
#BaúDoPaulistão",,0,"08/07/2025 04:00",N/A,https://www.facebook.com/futebolpaulista/posts/pfbid0UMEJ6suFxistwrvmviM5d4sXew7Wbjzbpgk2jX5HptDBNrXeFyWXnCUfXk8psa12l,0,0,Fotos,,,,,Total,68130,46737,646,457,165,24,1970,382,1588,0,,,,,,
1193719736124308,100064588783898,"Federação Paulista de Futebol - FPF","👀🏆 O Dorival tá de olho na taça da Copa do Brasil. E ele conhece o caminho, hein?!
#Corinthians #FutebolPaulista #CopaDoBrasil",,0,"08/06/2025 20:39",N/A,https://www.facebook.com/futebolpaulista/posts/pfbid02admmsPwuGaHFVZ8vF8D1WvQrWoEni31Bi2xWj7GioQytWhBFYTevq8d5FTB39maTl,0,0,Fotos,,,,,Total,9844,6812,229,199,24,6,217,50,167,0,,,,,,
1193707676125514,100064588783898,"Federação Paulista de Futebol - FPF","HUGO SOUZA, O HOMEM QUE NUNCA PERDEU UM DERBY!
#Corinthians #FutebolPaulista",,0,"08/06/2025 20:15",N/A,https://www.facebook.com/futebolpaulista/posts/pfbid02npoJ9U6qXs5VLfr56Bvoq472URWJ6tRS7D78uzXtWwXDgEqAyRTFFcGfz845XeAVl,0,0,Fotos,,,,,Total,253603,172675,3864,3416,221,227,5248,2022,3226,0,,,,,,
1193703772792571,100064588783898,"Federação Paulista de Futebol - FPF","GARRO 🤝 GUSTAVO HENRIQUE
A dupla que fez o segundo gol do Timão acontecer! 
#PaulistasEmCampo","GARRO 🤝 GUSTAVO HENRIQUE
A dupla que fez o segundo gol do Timão acontecer! 
#PaulistasEmCampo",13,"08/06/2025 20:07",N/A,https://www.facebook.com/reel/1268010475034243/,1,0,Reels,,,,,Total,17494,13835,871,851,6,14,193,,193,0,,,,101255.574,7.612,0
1193702319459383,100064588783898,"Federação Paulista de Futebol - FPF","FESTA DO TIMÃO 🔥
#PaulistasEmCampo","FESTA DO TIMÃO 🔥
#PaulistasEmCampo",11,"08/06/2025 20:04",N/A,https://www.facebook.com/reel/1974373733365416/,1,0,Reels,,,,,Total,24639,23120,1105,1004,61,40,473,,473,0,,,,98149.488,4.573,0
1193702179459397,100064588783898,"Federação Paulista de Futebol - FPF","A quarta-feira terminou assim para o Futebol Paulista na Copa do Brasil!
#PaulistasEmCampo #FutebolPaulista",,0,"08/06/2025 20:04",N/A,https://www.facebook.com/futebolpaulista/posts/pfbid0bdKveBxC7TkakAFRYnGtNknGdmFDFY2iJMEDfkGaUAn96fRjGyb3HxPq8YvDRxYJl,0,0,Fotos,,,,,Total,31718,22741,239,198,31,10,556,215,341,0,,,,,,
1193698646126417,100064588783898,"Federação Paulista de Futebol - FPF","O Timão comemorou muito no Allianz Parque!
#FutebolPaulista #PaulistasEmCampo #Derby
📷Diego Soares/Ag. Paulistão",,0,"08/06/2025 19:57",N/A,https://www.facebook.com/futebolpaulista/posts/pfbid025XkeVUmC7G4NRU4mpQQDShFRfX8tud1RcVkiFVJrqm6xhKxioH4p5JozGJVwAqdl,0,0,Fotos,,,,,Total,8439,6086,219,193,21,5,191,36,155,0,,,,,,
1193697189459896,100064588783898,"Federação Paulista de Futebol - FPF","Os artilheiros da noite no Derby!
#FutebolPaulista #PaulistasEmCampo #Derby
📷Alexandre Battibugli e Diego Soares/Ag. Paulistão",,0,"08/06/2025 19:54",N/A,https://www.facebook.com/futebolpaulista/posts/pfbid0frqBBnbZ5seroiRdQZ4PCA3mjFjx9HCDmZK3Hebv8FBcbnHa8BWcT7zhe7tHHPC2l,0,0,Fotos,,,,,Total,5931,4349,79,72,5,2,62,23,39,0,,,,,,
1193690909460524,100064588783898,"Federação Paulista de Futebol - FPF","VITÓRIA E CLASSIFICAÇÃO DO TIMÃO!
#FutebolPaulista #PaulistasEmCampo #Derby
📷Alexandre Battibugli/Ag. Paulistão",,0,"08/06/2025 19:42",N/A,https://www.facebook.com/futebolpaulista/posts/pfbid0YUwrnyBfaCYXFXoNwViDeFmhSZJG7tb35MxHN2s8Mbh4CqgjDvtNJm1izTEbe8Lol,0,0,Fotos,,,,,Total,41388,31300,943,842,64,37,607,215,392,0,,,,,,
1193685086127773,100064588783898,"Federação Paulista de Futebol - FPF","AVANÇA O TIMÃO!
Duas vitórias sobre o Palmeiras e vaga garantida nas quartas da Copa do Brasil!
#PaulistasEmCampo #FutebolPaulista #Corinthians",,0,"08/06/2025 19:31",N/A,https://www.facebook.com/futebolpaulista/posts/pfbid02ZJfqcK71qhenYpR4C2fuB9SXWqgZz5d9q9V4CK2nYQqJquznJLHienQnR8Dc8M3Rl,0,0,Fotos,,,,,Total,21317,14959,935,793,52,90,489,232,257,0,,,,,,
1193667529462862,100064588783898,"Federação Paulista de Futebol - FPF","O Timão comemora a vantagem no Allianz Parque!
#FutebolPaulista #PaulistasEmCampo #Derby
📷Alexandre Battibugli/Ag. Paulistão",,0,"08/06/2025 18:59",N/A,https://www.facebook.com/futebolpaulista/posts/pfbid026pCAvyjnc7seod5xBNYg1kZBUwjd9SzqD9ccV79zKFeb7rny6pKwwLn6m5R1eQVzl,0,0,Fotos,,,,,Total,14820,10481,488,448,30,10,269,78,191,0,,,,,,
1193666136129668,100064588783898,"Federação Paulista de Futebol - FPF","O HUGO SABE MUITO BEM O QUE É SER TIMÃO 🔥
#PaulistasEmCampo","O HUGO SABE MUITO BEM O QUE É SER TIMÃO 🔥
#PaulistasEmCampo",39,"08/06/2025 18:56",N/A,https://www.facebook.com/reel/1057021079932024/,1,0,Reels,,,,,Total,16840,17266,1186,1144,23,19,497,,497,0,,,,139899.802,8.727,0
1193665612796387,100064588783898,"Federação Paulista de Futebol - FPF","MAIS UM GOOOOL DO TIMÃO! 
Gustavo Henrique marca o segundo no Allianz Parque!
#PaulistasEmCampo","MAIS UM GOOOOL DO TIMÃO! 
Gustavo Henrique marca o segundo no Allianz Parque!
#PaulistasEmCampo",27,"08/06/2025 18:55",N/A,https://www.facebook.com/reel/1111500834189440/,1,0,Reels,,,,,Total,236888,184204,9757,8974,311,472,4847,,4847,0,,,,2772647.67,15.628,0
1193660052796943,100064588783898,"Federação Paulista de Futebol - FPF","É O BIDU!
Timão na frente no Allianz Parque!
#FutebolPaulista #PaulistasEmCampo #Derby
📷Alexandre Battibugli/Ag. Paulistão",,0,"08/06/2025 18:45",N/A,https://www.facebook.com/futebolpaulista/posts/pfbid02XXHkj789Giva3BcFdEUhbfZHG179piooQ59mA7dpLvpd7HSBJLvVcM6LS9M1X9vl,0,0,Fotos,,,,,Total,5334,3960,109,98,9,2,64,14,50,0,,,,,,
1193645649465050,100064588783898,"Federação Paulista de Futebol - FPF","TIMÃO ABRE O PLACAR! ⚽️
Matheus Bidu marcou pra ampliar a vantagem no Derby!
#PaulistasEmCampo #Corinthians","TIMÃO ABRE O PLACAR! ⚽️
Matheus Bidu marcou pra ampliar a vantagem no Derby!
#PaulistasEmCampo #Corinthians",20,"08/06/2025 18:20",N/A,https://www.facebook.com/reel/1799705827324049/,1,0,Reels,,,,,Total,18846,15151,500,459,25,16,403,,403,0,,,,147096.673,9.792,0
1193626889466926,100064588783898,"Federação Paulista de Futebol - FPF","São Paulo é derrotado nos pênaltis e se despede da Copa do Brasil!
#PaulistasEmCampo #FutebolPaulista
📷Rubens Chiri/São Paulo FC",,0,"08/06/2025 17:50",N/A,https://www.facebook.com/futebolpaulista/posts/pfbid025rw3oCCj1hwcQfZGDjDayQzAyjyqHdnfUfRW39NjX1di19W5MUH4kpWHDwkhSYZMl,0,0,Fotos,,,,,Total,120623,86762,655,458,168,29,2180,663,1517,0,,,,,,
1193607456135536,100064588783898,"Federação Paulista de Futebol - FPF","QUE SHOW! 
A fumaça do pré jogo chamou a atenção antes do #Derby 😶‍🌫️
#PaulistasEmCampo","QUE SHOW! 
A fumaça do pré jogo chamou a atenção antes do #Derby 😶‍🌫️
#PaulistasEmCampo",19,"08/06/2025 17:30",N/A,https://www.facebook.com/reel/1085745179998739/,1,0,Reels,,,,,Total,2750,2587,39,35,3,1,34,,34,0,,,,13603.327,5.518,0
1193605169469098,100064588783898,"Federação Paulista de Futebol - FPF","A 8ª rodada da Copa Paulista Sicredi chegou ao fim. Confira os resultados!
#CopaPaulistaSicredi",,0,"08/06/2025 17:26",N/A,https://www.facebook.com/futebolpaulista/posts/pfbid02f738eXgsDcxuAx3TikqrtQt9ZQAzDzAMiqPkpGQw5WVspm3JWArwQx7WPtaZnuLfl,0,0,Fotos,,,,,Total,14507,10784,82,72,1,9,125,77,48,0,,,,,,
1193604286135853,100064588783898,"Federação Paulista de Futebol - FPF","FALA, TORCEDOR! 🗣️👀
E aí, o que você tem que fazer antes do jogo para uma vitória do Verdão?
#PaulistasEmCampo","FALA, TORCEDOR! 🗣️👀
E aí, o que você tem que fazer antes do jogo para uma vitória do Verdão?
#PaulistasEmCampo",45,"08/06/2025 17:24",auto,https://www.facebook.com/reel/3243626359128490/,1,0,Reels,,,,,Total,876,860,18,17,1,0,7,,7,0,,,,3207.875,3.936,0
1193600342802914,100064588783898,"Federação Paulista de Futebol - FPF","O BAGULHO É LOUCO… 
#PaulistasEmCampo","O BAGULHO É LOUCO… 
#PaulistasEmCampo",15,"08/06/2025 17:16",N/A,https://www.facebook.com/reel/1284796636511708/,1,0,Reels,,,,,Total,157171,117335,8660,8055,448,157,3506,,3506,0,,,,1348719.353,11.117,0
1193599042803044,100064588783898,"Federação Paulista de Futebol - FPF","TRÊS PONTOS PARA O COMERCIAL NO CLÁSSICO!
No Come-Fogo na Copa Paulista Sicredi, a vitória foi dos visitantes!
#CopaPaulistaSicredi
📷João Victor Menezes de Souza/Agência Botafogo",,0,"08/06/2025 17:14",N/A,https://www.facebook.com/futebolpaulista/posts/pfbid0AfRJrTKHdMs6hbLWnnXaLA2FjDVxUNdEtjh15NYLd1owsFfQueNuchQvaPtxazGyl,0,0,Fotos,,,,,Total,67987,50263,401,293,89,19,1137,350,787,0,,,,,,
1193598836136398,100064588783898,"Federação Paulista de Futebol - FPF","PALPITES ALVIVERDES! 
E você, torcedor, acha que vai ser quanto o #Derby de logo mais? 
#PaulistasEmCampo","PALPITES ALVIVERDES! 
E você, torcedor, acha que vai ser quanto o #Derby de logo mais? 
#PaulistasEmCampo",37,"08/06/2025 17:14",uploaded,https://www.facebook.com/reel/2743238282531559/,1,0,Reels,,,,,Total,972,982,15,11,4,0,9,,9,0,,,,5156.539,5.729,0
1193596116136670,100064588783898,"Federação Paulista de Futebol - FPF","O Red Bull Bragantino se despede da Copa do Brasil!
#PaulistasEmCampo #FutebolPaulista
📷Ari Ferreira/Red Bull Bragantino",,0,"08/06/2025 17:09",N/A,https://www.facebook.com/futebolpaulista/posts/pfbid02t6azZhih8WHp22DhVCJwxsfNuBLRPDjX8oEvFUBrz7h5zMTnBhW2KKgX5isV62Zbl,0,0,Fotos,,,,,Total,18352,14102,71,61,5,5,157,66,91,0,,,,,,
1193594942803454,100064588783898,"Federação Paulista de Futebol - FPF","NOITE DE DERBY! 🔥💪
Equipes em campo para o aquecimento! 
#PaulistasEmCampo","NOITE DE DERBY! 🔥💪
Equipes em campo para o aquecimento! 
#PaulistasEmCampo",33,"08/06/2025 17:06",N/A,https://www.facebook.com/reel/1395503235085866/,1,0,Reels,,,,,Total,1092,1126,13,13,0,0,10,,10,0,,,,4293.218,4.168,0
1193586679470947,100064588783898,"Federação Paulista de Futebol - FPF","E no final, meu sonho é igual 🥹🎶
#PaulistasEmCampo","E no final, meu sonho é igual 🥹🎶
#PaulistasEmCampo",12,"08/06/2025 16:52",N/A,https://www.facebook.com/reel/1078399584263305/,1,0,Reels,,,,,Total,2272,2325,32,28,4,0,29,,29,0,,,,7690.939,3.622,0
1193575322805416,100064588783898,"Federação Paulista de Futebol - FPF","A paixão pelo Verdão vem de berço! 🐷💚
#FutebolPaulista #PaulistasEmCampo #Derby 
📷Diego Soares/Ag. Paulistão",,0,"08/06/2025 16:31",N/A,https://www.facebook.com/futebolpaulista/posts/pfbid02DyjkW8WF4DMGH6mijTGfaJPyHdqTD6M8ycHR9HwMsQrJ1sTMVx9Y3SzqgZyeB32Hl,0,0,Fotos,,,,,Total,59687,44472,2069,1958,74,37,498,132,366,0,2,,,,,
1193572696139012,100064588783898,"Federação Paulista de Futebol - FPF","MARCELO DRIBLOU O GOLEIRO E FEZ! 
Frieza na cara do gol para marcar o segundo do Comercial! 
#CopaPaulistaSicredi","MARCELO DRIBLOU O GOLEIRO E FEZ! 
Frieza na cara do gol para marcar o segundo do Comercial! 
#CopaPaulistaSicredi",10,"08/06/2025 16:25",N/A,https://www.facebook.com/reel/770128682174089/,1,0,Reels,,,,,Total,393209,311885,429,409,15,5,3346,,3346,0,,,,2151412.134,7.441,0
1193565192806429,100064588783898,"Federação Paulista de Futebol - FPF","NA GAVETA!
Frank marcou um golaço de falta e abriu o placar no Come-Fogo na Copa Paulista Sicredi!
#CopaPaulistaSicredi","NA GAVETA!
Frank marcou um golaço de falta e abriu o placar no Come-Fogo na Copa Paulista Sicredi!
#CopaPaulistaSicredi",24,"08/06/2025 16:13",N/A,https://www.facebook.com/reel/810359438079922/,1,0,Reels,,,,,Total,23734,23802,298,245,33,20,718,,718,0,,,,196583.616,9.14,0
1193509829478632,100064588783898,"Federação Paulista de Futebol - FPF","Tudo igual para Inter de Limeira e União São João pela Copa Paulista Sicredi!
#CopaPaulistaSicredi
📷José Augusto/Divulgação/Inter de Limeira",,0,"08/06/2025 14:18",N/A,https://www.facebook.com/futebolpaulista/posts/pfbid02EEUqkFkiYUMaN7H3ou96kz5K8dxnWjT8T4aUnrNJMmGSjg2ak2bHt2tBmQyMT8K8l,0,0,Fotos,,,,,Total,19160,14288,89,86,2,1,166,72,94,0,,,,,,
1193429919486623,100064588783898,"Federação Paulista de Futebol - FPF","CORRIDA PELA CLASSIFICAÇÃO!
Quem vai levar a melhor no duelo de professores no #Derby?
#PaulistasEmCampo",,0,"08/06/2025 12:00",N/A,https://www.facebook.com/futebolpaulista/posts/pfbid0QmBhJ2mhG1PUtZ8aJhi9bs7ZUNSVNaEss8nUyHYdYqyx4DHgRier9DPpLcWqWNGYl,0,0,Fotos,,,,,Total,12146,8869,53,42,4,7,76,46,30,0,,,,,,
1193399749489640,100064588783898,"Federação Paulista de Futebol - FPF","MACACA NA COLA DO LÍDER! 
Assim está a classificação da #SérieC ao final de mais uma rodada!
#PaulistasEmCampo",,0,"08/06/2025 11:00",N/A,https://www.facebook.com/futebolpaulista/posts/pfbid0K3WkHJ13xbW6XnHwAqCasSQETxm2V1AyjHAKgV9WeKB77gPUu1bdBbvC6WMTHhhyl,0,0,Fotos,,,,,Total,235241,169194,690,609,62,19,4383,2075,2308,0,,,,,,
1193382742824674,100064588783898,"Federação Paulista de Futebol - FPF","30 ANOS DA CONQUISTA DO 21º TÍTULO!
Em 1995, o Corinthians vencia o Palmeiras, em Ribeirão Preto, e conquistava mais uma taça do Paulistão Sicredi!
#BaúDoPaulistão#FutebolPaulista",,0,"08/06/2025 10:31",N/A,https://www.facebook.com/futebolpaulista/posts/pfbid0eKVp41DugRJg8GmT5gse9vL8y422T8wn1jA3QqwYmtP8JSLPK5eqUbcVizKJgxNyl,0,0,Fotos,,,,,Total,187304,141489,3657,3311,183,163,1933,941,992,0,,,,,,
1193239732838975,100064588783898,"Federação Paulista de Futebol - FPF","DIA DE CLÁSSICO EM RIBEIRÃO PRETO!
Qual é o seu palpite para esse jogão, torcedor? Assista AO VIVO no YouTube do @paulistao!
#CopaPaulistaSicredi #ComeFogo",,0,"08/06/2025 07:00",N/A,https://www.facebook.com/futebolpaulista/posts/pfbid02cG2BEJHQTE9RBiYRYwjtPSswiSrQczQfNpnPiXgW6jbMQy4GXgkG3i1eHkAQBeqSl,0,0,Fotos,,,,,Total,5655,4165,36,22,12,2,47,14,33,0,,,,,,
1193198632843085,100064588783898,"Federação Paulista de Futebol - FPF","QUARTA DECISIVA NA @copadobrasilcbf!
Saiba onde assistir a volta das oitavas de final da Copa do Brasil nessa noite!
#PaulistasEmCampo",,0,"08/06/2025 06:00",N/A,https://www.facebook.com/futebolpaulista/posts/pfbid02FmbY7dcp6V996xXafdbdyL5dN2D1kXmEdVnyBXHvtiqVd7gNycYZcc437e4wn3KSl,0,0,Fotos,,,,,Total,32682,23795,181,156,11,14,352,215,137,0,,,,,,
1193160466180235,100064588783898,"Federação Paulista de Futebol - FPF","PARABÉNS, EDU!
Ídolo do Peixão, o pentacampeão paulista e campeão do mundo completa 76 anos nessa quarta-feira.
#FutebolPaulista #Aniversário",,0,"08/06/2025 05:00",N/A,https://www.facebook.com/futebolpaulista/posts/pfbid0mfdokpCWBHfU5fnc7oqmBZqfMianpgjie1TmBSg5Sh6zKPKGzuUgJeryNXw8FZ4Yl,0,0,Fotos,,,,,Total,141920,101183,4053,3333,597,123,2382,836,1546,0,2,,,,,
1193090312853917,100064588783898,"Federação Paulista de Futebol - FPF","PARABÉNS, SERTÃOZINHO!
O clube completa 81 anos de história nesta quarta-feira (6).
#Aniversário",,0,"08/06/2025 03:00",N/A,https://www.facebook.com/futebolpaulista/posts/pfbid028mLN5i1CZPCiDgPnrSgZZqDvuyDTYnFEyKrWp7Y8KDyVfC2jy9XumMweqVBFnRBdl,0,0,Fotos,,,,,Total,8022,5772,124,107,6,11,85,28,57,0,,,,,,
1192871722875776,100064588783898,"Federação Paulista de Futebol - FPF","O Massa Bruta vai em busca da virada na Copa do Brasil!
#PaulistasEmCampo #FutebolPaulista",,0,"08/05/2025 20:30",N/A,https://www.facebook.com/futebolpaulista/posts/pfbid0317BAkEbdSsMST9pchenBVToKfQ9hwJtWeLQVpFUvKHhfUdt49ZY72GPbRoSYWZncl,0,0,Fotos,,,,,Total,9860,7596,29,26,1,2,46,32,14,0,,,,,,
1192863509543264,100064588783898,"Federação Paulista de Futebol - FPF","PORQUE SÃO PAULO É SENTIMENTO ❤️🇾🇪
O TRICOLOR VAI ATÉ CURITIBA BUSCAR A CLASSIFICAÇÃO NA COPA DO BRASIL 🔥
#PaulistasEmCampo #SãoPaulo",,0,"08/05/2025 20:15",N/A,https://www.facebook.com/futebolpaulista/posts/pfbid023A7A6AQMsb6JGvbLhz5wjUrsZ1L7tmxrMu6f3TwnqMKqBYbxyQsvckAmhTVjryvWl,0,0,Fotos,,,,,Total,82521,61094,1313,1236,44,33,844,421,423,0,,,,,,
1192858046210477,100064588783898,"Federação Paulista de Futebol - FPF","DIA DE DERBY DECISIVO! 🤝👀🔥
PALMEIRAS E CORINTHIANS VÃO COM TUDO EM BUSCA DA CLASSIFICAÇÃO NA @copadobrasilcbf!
#PaulistasEmCampo #Palmeiras #Corinthians",,0,"08/05/2025 20:05",N/A,https://www.facebook.com/futebolpaulista/posts/pfbid02cFaqhVGJjsWiTShZpcNzL4NfPVbZhvDnS5We4v31GY1qb3fhrkAK2eK21bjeSeyAl,0,0,Fotos,,,,,Total,57893,42477,775,670,61,44,626,293,333,0,,,,,,
1192652459564369,100064588783898,"Federação Paulista de Futebol - FPF","NEYMAR JOGA TRANQUILO NO MORUMBIS! 🏟️🔥
#PaulistasEmCampo #Neymar",,0,"08/05/2025 14:00",N/A,https://www.facebook.com/futebolpaulista/posts/pfbid0iTEL9BAB6jVbrP1j2jjUp13dthnc794WKwa3UdvScA5WSjyJM4dYk3bYAZb1rCwl,0,0,Fotos,,,,,Total,18420,13086,192,154,35,3,234,69,165,0,,,,,,
1192634842899464,100064588783898,"Federação Paulista de Futebol - FPF","VEM DE TABELA!
Se liga como está a tabela de classificação do @brasileiraob!
#PaulistasEmCampo",,0,"08/05/2025 13:31",N/A,https://www.facebook.com/futebolpaulista/posts/pfbid02gtTcATRSPBB2Lqe2XBmj7WXTwyVykX7jieBoFeFtJL3xDBgKi6Lsr1yZhrmXWbq4l,0,0,Fotos,,,,,Total,182402,125993,616,530,63,23,3447,1977,1470,0,2,,,,,
1192586649570950,100064588783898,"Federação Paulista de Futebol - FPF","OLHA ELA AÍ!
👀Como está o seu time na tabela do @brasileirao?
#PaulistasEmCampo #FutebolPaulista",,0,"08/05/2025 12:00",N/A,https://www.facebook.com/futebolpaulista/posts/pfbid0eFnUUMCfxSaQKqoQJMhoS3xc2tFm2FrPm4ctVWmGZk8VSWedYLevMLBX5bfyTMyul,0,0,Fotos,,,,,Total,33754,23671,264,233,21,10,582,243,339,0,,,,,,
1192539556242326,100064588783898,"Federação Paulista de Futebol - FPF","O SÃO PAULO EMBALOU A QUINTA VITÓRIA SEGUIDA!
Quem segura o Tricolor de Hernán Crespo?
#PaulistasEmCampo #FutebolPaulista",,0,"08/05/2025 10:46",N/A,https://www.facebook.com/futebolpaulista/posts/pfbid0h6am8B6asDZTQq7oPg23JZF1jgJ2EcBuod4idtHVRaSLeev89yKCjtaiFSHrAZKgl,0,0,Fotos,,,,,Total,13386,9981,197,195,0,2,66,44,22,0,,,,,,
1191993042963644,100064588783898,"Federação Paulista de Futebol - FPF","ELE DECIDE! ✋😜🤚

#paulistasemcampo #santosfc","ELE DECIDE! ✋😜🤚

#paulistasemcampo #santosfc",16,"08/04/2025 19:41",N/A,https://www.facebook.com/reel/1438249284117464/,1,0,Reels,,,,,Total,21788,19136,715,658,50,7,477,,477,0,,,,139705.235,7.818,0
1191948102968138,100064588783898,"Federação Paulista de Futebol - FPF","DIA DOS PAULISTAS!
Com dois jogos e duas vitórias, assim acaba o #PaulistasEmCampo desta segunda.",,0,"08/04/2025 18:20",N/A,https://www.facebook.com/futebolpaulista/posts/pfbid027mTFCHzeXQmBUQQtiwLCknk9UuFCyLoNKjZfs8Xt7B18mUtWygQEEBJa94yeJ4mMl,0,0,Fotos,,,,,Total,14169,10209,96,89,1,6,86,50,36,0,,,,,,
1191938836302398,100064588783898,"Federação Paulista de Futebol - FPF","MAIS TRÊS!
Com dois gols de Neymar e direto do MorumBIS, o @santosfc encerra a rodada com vitória.
#PaulistasEmCampo
📷 Raul Baretta/Santos FC",,0,"08/04/2025 18:03",N/A,https://www.facebook.com/futebolpaulista/posts/pfbid02kkEMXisecSr2uyFaz8F9gZYfMEGeWD7vBPytpjWj7JXNsBi3XN7P2p4zHK7daJHXl,0,0,Fotos,,,,,Total,65979,49113,1013,944,47,22,865,356,509,0,,,,,,
1191934542969494,100064588783898,"Federação Paulista de Futebol - FPF","MAIS UM DELE! ✋😜🤚

Neymar marca mais um para o Peixe no MorumBIS.
#paulistasemcampo #santosfc","MAIS UM DELE! ✋😜🤚

Neymar marca mais um para o Peixe no MorumBIS.
#paulistasemcampo #santosfc",40,"08/04/2025 17:55",N/A,https://www.facebook.com/reel/1951120962491383/,1,0,Reels,,,,,Total,18262,17742,663,618,33,12,608,,608,0,,,,198439.954,12.104,0
1191929412970007,100064588783898,"Federação Paulista de Futebol - FPF","TUDO IGUAL!
São Bento e Rio Branco ficam no empate pela Copa Paulista Sicredi.
#CopaPaulistaSicredi 
📷 Christian Guedes/RBEC",,0,"08/04/2025 17:45",N/A,https://www.facebook.com/futebolpaulista/posts/pfbid02cg3hStKphDcxfvd9h1kkHZhEktJiZiNmVJkeXzSt66wYUZgBRgFq9MziknQDNbVXl,0,0,Fotos,,,,,Total,19781,14156,53,44,6,3,215,73,142,0,,,,,,
1191921902970758,100064588783898,"Federação Paulista de Futebol - FPF","TRÊS PONTOS!
O @ituanofc começa a semana vencendo na #SérieC.
#PaulistasEmCampo
📷Miguel Schincariol/Ituano",,0,"08/04/2025 17:29",N/A,https://www.facebook.com/futebolpaulista/posts/pfbid0TtoRTqFoJECbja1Z32tXDS9g1iZWXR14LG39ZJvXoVSz7z6QRJyTMER8dFPY7fCwl,0,0,Fotos,,,,,Total,23369,17086,81,75,3,3,192,94,98,0,,,,,,
1191905039639111,100064588783898,"Federação Paulista de Futebol - FPF","ELE CHEGOU!
O Palmeiras anunciou a chegada do lateral-direito Khellven, que estava no CSKA. Seja bem-vindo ao #FutebolPaulista.
#PaulistasEmCampo
📷 Fabio Menotti/Palmeiras",,0,"08/04/2025 16:53",N/A,https://www.facebook.com/futebolpaulista/posts/pfbid0vi4bRG5N3nnRphEUNzg5dB4x3phRPUerT8KzGkKhh3U97NqLdwoK1s79fgZTUfXrl,0,0,Fotos,,,,,Total,54992,40405,1318,1233,69,16,831,264,567,0,,1,,,,
1191903372972611,100064588783898,"Federação Paulista de Futebol - FPF","É BARREAL! 🐳

O argentino amplia para o Peixe!
#paulistasemcampo #santosfc","É BARREAL! 🐳

O argentino amplia para o Peixe!
#paulistasemcampo #santosfc",33,"08/04/2025 16:50",N/A,https://www.facebook.com/reel/776826808115560/,1,0,Reels,,,,,Total,7993,7964,143,137,2,4,123,,123,0,,,,72782.107,9.892,0
1191901712972777,100064588783898,"Federação Paulista de Futebol - FPF","NEYMAR NELES! 🐳

O camisa 10 do Peixe abre o placar no Morumbis.
#paulistasemcampo #santosfc","NEYMAR NELES! 🐳

O camisa 10 do Peixe abre o placar no Morumbis.
#paulistasemcampo #santosfc",25,"08/04/2025 16:46",N/A,https://www.facebook.com/reel/648151978307384/,1,0,Reels,,,,,Total,15733,14931,402,391,3,8,460,,460,0,,,,126188.994,8.999,0
1191712202991728,100064588783898,"Federação Paulista de Futebol - FPF","VALE O ACESSO!
ECUS, Independente, Mauá e Tanabi estão em busca de duas vagas para o Paulista A4 Sicredi 2026!
#Bezinha",,0,"08/04/2025 11:36",N/A,https://www.facebook.com/futebolpaulista/posts/pfbid02gUh9LzeGamuVtCfJVFZ64UcYbmUHARf5Sm59GzctHc6TB2QhN7giiyG5iie6eDxl,0,0,Fotos,,,,,Total,10234,6886,60,47,6,7,307,192,115,0,1,,,,,
1191685399661075,100064588783898,"Federação Paulista de Futebol - FPF","DOMÍNIO ALVINEGRO!
O Timão ganhou três dos cinco confrontos contra o Palmeiras que rolaram até agora na semana de Derby! Nos últimos dois, quem vai ser superior?
#PaulistasEmCampo #Derby",,0,"08/04/2025 11:00",N/A,https://www.facebook.com/futebolpaulista/posts/pfbid02bbgssANWbPeJKPvjg1fA7vaE5q9r59WGeMiNRtnZaFDfnvqVPdE9CPYjVYdffbDVl,0,0,Fotos,,,,,Total,58806,40223,330,285,36,9,943,479,464,0,,,,,,
1191471819682433,100064588783898,"Federação Paulista de Futebol - FPF","DOSE DUPLA!
O @ituanofc recebe o Londrina pela #SérieC e o Peixão recebe o Juventude para fechar a rodada no @brasileirao.
#PaulistasEmCampo",,0,"08/04/2025 06:00",N/A,https://www.facebook.com/futebolpaulista/posts/pfbid0Hg7nyxJu32dmszaSzgqyp6ZSJ8qBQxCW3se16oWnN6xi3veFvYvjbz8JbgwsoLKcl,0,0,Fotos,,,,,Total,18862,13773,74,70,1,3,118,75,43,0,,,,,,
1191431953019753,100064588783898,"Federação Paulista de Futebol - FPF","DIA DE SÃO MARCOS!
Um dos maiores ídolos do Verdão e tetracampeão do Paulistão, Marcos completa 52 anos nesta segunda-feira (4). Parabéns, craque!
#Aniversário",,0,"08/04/2025 05:00",N/A,https://www.facebook.com/futebolpaulista/posts/pfbid0VVxWRwgf3AWqYqfMVS2bSJKFahpjsdGwdScU3wqtiXrYQvdCcn7x5sHLcccZeoKsl,0,0,Fotos,,,,,Total,60287,45459,1889,1735,119,35,652,226,426,0,1,,,,,
1191373776358904,100064588783898,"Federação Paulista de Futebol - FPF","DIA DO TIGRE!
Hoje é de celebrar o Rio Branco, que completa 112 anos nesta segunda-feira (4). Parabéns!
#Aniversário",,0,"08/04/2025 03:30",N/A,https://www.facebook.com/futebolpaulista/posts/pfbid02ZGV8X2NRRx9mE7YeJVR4mh6znK8yFoA4Q8dCCA9kLcBRxAG1g2jE8SNKHNDkVVjLl,0,0,Fotos,,,,,Total,4916,3630,69,62,2,5,24,10,14,0,,,,,,
1191355686360713,100064588783898,"Federação Paulista de Futebol - FPF","VIVA O MANTHIQUEIRA!
O Manthiqueira completa 20 anos nesta segunda-feira (4). Parabéns! 🎉🥳🎂
#Aniversário",,0,"08/04/2025 03:01",N/A,https://www.facebook.com/futebolpaulista/posts/pfbid05XGxMwFTLgfWFKfqcQ3ggJUjtT6JGZdZWjyxJJaYPdQcMCB28dsLivzk9e5XuZ6al,0,0,Fotos,,,,,Total,4208,3206,42,38,0,4,12,8,4,0,,,,,,
1191355569694058,100064588783898,"Federação Paulista de Futebol - FPF","A PRIMEIRA TAÇA!
Há 15 anos, o Santos conquistava a Copa do Brasil. Que dia, hein, torcedor?
#BaúDoPaulistão",,0,"08/04/2025 03:00",N/A,https://www.facebook.com/futebolpaulista/posts/pfbid033wD7ieD7ruUAe4fPh16PDTzxmjLH8E3SRFJxqAUUnv51Fru5FSSA9EvoTbeHXKrWl,0,0,Fotos,,,,,Total,34991,21801,257,222,28,7,2335,1877,458,0,,,,,,
1191065359723079,100064588783898,"Federação Paulista de Futebol - FPF","O domingão de futebol foi recheado de #PaulistasEmCampo. Se liga no que rolou ao longo do dia.
#FutebolPaulista",,0,"08/03/2025 18:33",N/A,https://www.facebook.com/futebolpaulista/posts/pfbid0KPpvvE2EUhGTwkgfQpaMTaSBt8TFtbAN94FeWBsJf3DEZzD3Aq6DpUPSxhZLNdiwl,0,0,Fotos,,,,,Total,44484,30241,415,361,36,18,741,334,407,0,,,,,,
1191064566389825,100064588783898,"Federação Paulista de Futebol - FPF","A QUARTA DO TRICOLOR!
O São Paulo vence mais uma no Brasileirão!
#PaulistasEmCampo
📷Divulgação/São Paulo",,0,"08/03/2025 18:32",N/A,https://www.facebook.com/futebolpaulista/posts/pfbid02mmK9dNBirxWEXKzpX2W62tqDLueGy9JKP8NTfRKcc5vhCB2CZzZgBQDcNt83WsEYl,0,0,Fotos,,,,,Total,86822,65213,1920,1831,60,29,892,329,562,0,1,,1,,,
1191033289726286,100064588783898,"Federação Paulista de Futebol - FPF","CONSEGUIU O PONTO!
Palmeiras vê Vitória abrir dois, mas consegue buscar o empate no Barradão.
#PaulistasEmCampo
📷Cesar Greco/Palmeiras",,0,"08/03/2025 17:29",N/A,https://www.facebook.com/futebolpaulista/posts/pfbid02yyKgMG8dUxTyYtVSk6GTbeejCin2WVbBzeFue1Sf2bNE7yBt9yX7za4pmCoXniXyl,0,0,Fotos,,,,,Total,135684,103994,959,790,135,34,2025,747,1278,0,,,,,,
1191018163061132,100064588783898,"Federação Paulista de Futebol - FPF","O Massa Bruta acabou sendo superado fora de casa.
#PaulistasEmCampo
📷 Pedro Souza/Atlético",,0,"08/03/2025 16:58",N/A,https://www.facebook.com/futebolpaulista/posts/pfbid05YFzEzgXXtwMKZ1W4ftWh8AB7U18EgDjcPqTjT3kXyznqGHphARPuuN7ENpXk8jyl,0,0,Fotos,,,,,Total,620067,469550,401,378,11,12,3545,2470,1074,0,,,1,,,
1191017849727830,100064588783898,"Federação Paulista de Futebol - FPF","EM ABERTO!
A Inter de Limeira empata o jogo de ida contra o Marcílio Dias pela Série D.
#PaulistasEmCampo 
📷Leo Piva/Divulgação/Inter de Limeira",,0,"08/03/2025 16:58",N/A,https://www.facebook.com/futebolpaulista/posts/pfbid02DzW4kK9ZiNAEsJ7EGd8LrfpMgwhNu8EZhjzxYHkpJeqj7T5v2sTGxJH1ARvFYSrKl,0,0,Fotos,,,,,Total,14206,10715,135,122,8,5,206,62,144,0,,,,,,
1190946633068285,100064588783898,"Federação Paulista de Futebol - FPF","DA-LHE, TIGRE!
Os três pontos ficam com o São Bernardo!
#PaulistasEmCampo
📷Janes Carvalho/Divulgação/São Bernardo",,0,"08/03/2025 14:32",N/A,https://www.facebook.com/futebolpaulista/posts/pfbid02yvvKvoXb4AgJYgwimzrggMsY2xqjrLCpfok4GZCBfRKkd7ipDSv4wCgtcDGe69qwl,0,0,Fotos,,,,,Total,57717,43840,106,96,5,5,376,233,143,0,,,,,,
1190939213069027,100064588783898,"Federação Paulista de Futebol - FPF","Confira quais foram os jogos que movimentaram o domingo de Copa Paulista Sicredi.
#CopaPaulistaSicredi",,0,"08/03/2025 14:14",N/A,https://www.facebook.com/futebolpaulista/posts/pfbid028MXY4m7S1pD41J49fyd53Fk141wu8CxzyLdamBaMemtp1Bb1Xc6sirqjbCVKxYHUl,0,0,Fotos,,,,,Total,21945,15467,76,66,2,8,556,401,155,0,,,,,,
1190937239735891,100064588783898,"Federação Paulista de Futebol - FPF","SEM DESISTIR!
Corinthians luta até o fim e consegue o empate contra o Fortaleza.
#PaulistasEmCampo
📷Mateus Lotif/Fortaleza",,0,"08/03/2025 14:10",N/A,https://www.facebook.com/futebolpaulista/posts/pfbid074cKVid6k68MkBtNcLWNjifUrJooSEWJVPL8e6QRUm1svTjutfDtr7CyzWMW3DhBl,0,0,Fotos,,,,,Total,20997,15685,254,187,63,4,398,80,318,0,,,,,,
1190936533069295,100064588783898,"Federação Paulista de Futebol - FPF","EMPATE NO JORJÃO!
Um gol e um ponto para Novorizontino e Avaí.
#PaulistasEmCampo
📷Higor Basso/Novorizontino",,0,"08/03/2025 14:08",N/A,https://www.facebook.com/futebolpaulista/posts/pfbid078ygopp5t56JqS4P1PHdAxGpPSJgeMiuc88N9tHrg6DoZbZsJodFeRcn72m523tHl,0,0,Fotos,,,,,Total,16760,12548,104,89,10,5,195,58,137,0,,,,,,
1190588416437440,100064588783898,"Federação Paulista de Futebol - FPF","DOMINGO DE BRASILEIRÃO PARA AS MINHAS EQUIPES! 🗓️❗
Vem ver os sete confrontos que fecham o fim de semana! 
#PaulistasEmCampo",,0,"08/03/2025 06:00",N/A,https://www.facebook.com/futebolpaulista/posts/pfbid02YojHAc6jpfEPi1fgpZGcY4MM7zmPQBLkuqumWzufoCw7pfa6m6Bd1q7KbpfrNp3Ul,0,0,Fotos,,,,,Total,32953,24357,227,198,5,24,425,293,132,0,,,,,,
1190106036485678,100064588783898,"Federação Paulista de Futebol - FPF","Bora com os resultados deste sábado? Então se liga aí!
#PaulistasEmCampo",,0,"08/02/2025 17:01",N/A,https://www.facebook.com/futebolpaulista/posts/pfbid02TjQd5BT22TsMgCeCdofBXCXgDYa6khF4gNrVNmQP69gZ6WFYusDDAKAKpYCYSdhGl,0,0,Fotos,,,,,Total,36093,24468,268,246,14,8,545,281,264,0,,,,,,
1190093206486961,100064588783898,"Federação Paulista de Futebol - FPF","CHEGOU CHEGANDO!
Léo Gamalho marca dois na estreia e garante a vitória do Botafogo!
#PaulistasEmCampo
📷João Victor Menezes/Ag. Botafogo",,0,"08/02/2025 16:38",N/A,https://www.facebook.com/futebolpaulista/posts/pfbid02xVhgENRKe1YjZw8M6Fo6hxLJBySqibkcFQTu63zC4fhyevrkkucK6SgzJSe4H2Efl,0,0,Fotos,,,,,Total,84219,61441,529,474,41,14,1078,410,668,0,1,,,,,
1190088983154050,100064588783898,"Federação Paulista de Futebol - FPF","O LEÃO TÁ MUITO ON!
Mais uma vitória do Mirassol no Brasileirão!
#PaulistasEmCampo
📷JP Pinheiro/Ag. Mirassol",,0,"08/02/2025 16:30",N/A,https://www.facebook.com/futebolpaulista/posts/pfbid038622Em3Gkb8ATYXRCdsM66SoVzfLKufqZEnXyQAFqubT4uFn6oTyzeNrsycjuqe2l,0,0,Fotos,,,,,Total,121085,88202,1199,1078,81,40,1847,717,1130,0,,,,,,
1190067033156245,100064588783898,"Federação Paulista de Futebol - FPF","VITÓRIA DA VETERANA!
No único jogo deste sábado de Copa Paulista Sicredi, A francana levou a melhor pra cima da Itapirense.
#CopaPaulistaSicredi",,0,"08/02/2025 15:49",N/A,https://www.facebook.com/futebolpaulista/posts/pfbid02kKsqAXZuaxwYrPqHVrFJgP2GVEZroHdX8n6J2mJrTeNUBHri9AjTcvnnyBSPT73Ql,0,0,Fotos,,,,,Total,10118,7559,52,49,0,3,41,23,18,0,,,,,,
1190064626489819,100064588783898,"Federação Paulista de Futebol - FPF","CLÁSSICO DOS GOLAÇOS!
Se liga só como foi o empate entre Ponte Preta e Guarani pelo Dérbi Campineiro 210.
#PaulistasEmCampo 
🎥@sportynetbrasil","CLÁSSICO DOS GOLAÇOS!
Se liga só como foi o empate entre Ponte Preta e Guarani pelo Dérbi Campineiro 210.
#PaulistasEmCampo 
🎥@sportynetbrasil",50,"08/02/2025 15:43",mixed,https://www.facebook.com/reel/1158561822773245/,0,0,Reels,,,,,Total,63679,57584,1242,1060,130,52,2722,,2722,0,,,,868065.572,14.958,0
1190021196494162,100064588783898,"Federação Paulista de Futebol - FPF","NETUNO FOI BUSCAR!
O Ceilândia saiu na frente, mas o Água Santa lutou e conseguiu o empate pela Série D.
#PaulistasEmCampo
📷Alan Araújo/Água Santa",,0,"08/02/2025 14:11",N/A,https://www.facebook.com/futebolpaulista/posts/pfbid084Gmcj86vUMyfNbzfyuZYtMNxrgk3XjeE4djAvaK3AJngepaNZPYJ6Cpbaf9dZLwl,0,0,Fotos,,,,,Total,57607,43725,65,62,1,2,370,256,114,0,,,,,,
1189989516497330,100064588783898,"Federação Paulista de Futebol - FPF","DOIS JOGOS PARA O ACESSO!
Tanabi e Independente de Limeira de um lado. ECUS e Mauá do outro. Que venha o mata-mata do Paulista Sub-23 Segunda Divisão Sicredi!
#Bezinha",,0,"08/02/2025 13:06",N/A,https://www.facebook.com/futebolpaulista/posts/pfbid036kNPdRnQqyrM5YGAYDb9fGZWUTAmSjaqxiHyNG17bmuGNsoQRra4uFVhi7UYjYe4l,0,0,Fotos,,,,,Total,26487,18926,169,137,26,6,579,141,438,0,,,,,,
1189987909830824,100064588783898,"Federação Paulista de Futebol - FPF","ÚLTIMA RODADA CONCLUÍDA!
Vamos aos resultados.
#PaulistaSub23SegundaDivisãoSicredi",,0,"08/02/2025 13:03",N/A,https://www.facebook.com/futebolpaulista/posts/pfbid02PmQptMyet2uaJPocY6ig5vFVKnqx9g88GqpRLsUyMmDpzDAkcdLguQCWxX2Yziwql,0,0,Fotos,,,,,Total,13643,10103,73,67,0,6,139,75,64,0,,,,,,
1189729399856675,100064588783898,"Federação Paulista de Futebol - FPF","QUEM VAI CLASSIFICAR?
A última rodada da segunda fase do Paulista Sub-23 Segunda Divisão Sicredi promete! Você consegue acompanhar tudo AO VIVO no YouTube do @paulistao.
#Bezinha",,0,"08/02/2025 07:00",N/A,https://www.facebook.com/futebolpaulista/posts/pfbid02MgQaB3NU5z68qouaL9ZzrPCMDcBMUzZPMEVFUrEgCpGZr1dW8btewNo65ffgdEZcl,0,0,Fotos,,,,,Total,9873,7735,26,22,0,4,38,26,12,0,,,,,,
1189683833194565,100064588783898,"Federação Paulista de Futebol - FPF","SABADÃO RECHEADO! 🌟👀
Se liga nos confrontos que vão rolar nesse sábado para os #PaulistasEmCampo",,0,"08/02/2025 06:00",N/A,https://www.facebook.com/futebolpaulista/posts/pfbid02XNHwGXqpi2F16fRAznpvnczvtNvmRh7954QSKUzJTmL1N1NzBWq8YyzhNAViV5MLl,0,0,Fotos,,,,,Total,45089,34526,190,172,10,8,500,320,180,0,,,,,,
1189641386532143,100064588783898,"Federação Paulista de Futebol - FPF","MINEIRO BATEU, BATEU, BATEU!
Bicampeão do Paulistão Sicredi com as camisas de São Caetano e São Paulo, o homem do gol do título do Tricampeonato Mundial do Tricolor, Mineiro comemora 50 anos neste sábado (2). Parabéns!!🎉🎊
#FutebolPaulista #Aniversário
📷Arquivo Histórico do São Paulo Futebol Clube",,0,"08/02/2025 05:00",N/A,https://www.facebook.com/futebolpaulista/posts/pfbid0n1HxfJ3wHR95AM4VW3pr3JhA26Tsz2dv6FGVoB3uWYujoGy2TZ5A6YBy1j6XAwK1l,0,0,Fotos,,,,,Total,46999,34005,1052,987,40,25,549,160,389,0,,,,,,
1189560179873597,100064588783898,"Federação Paulista de Futebol - FPF","CAMPINAS VAI PARAR!
É dia de mais um Dérbi Campineiro, dessa vez pela #SérieC. Quem vai levar a melhor, torcedor?
#PaulistasEmCampo",,0,"08/02/2025 03:00",N/A,https://www.facebook.com/futebolpaulista/posts/pfbid021Lq2W2UimHApo7z6z51USu2dpfm1hNygjbfEvxmwk9RQhiRHkg9veb5KcuHqkUH4l,0,0,Fotos,,,,,Total,16887,11850,221,164,47,10,368,107,261,0,,,,,,
1189276429901972,100064588783898,"Federação Paulista de Futebol - FPF","FIM DE PAPO!
Vem ver os resultados dessa sexta-feira de #CopaPaulistaSicredi!",,0,"08/01/2025 18:25",N/A,https://www.facebook.com/futebolpaulista/posts/pfbid0354jeqUgzihZA2pfQTV7aGCdQ4SADT7deY4hGTRMDwLpuDm7cX9ubN6QRjBXmBrXfl,0,0,Fotos,,,,,Total,19511,14045,82,70,3,9,163,92,71,0,,,,,,
1189268143236134,100064588783898,"Federação Paulista de Futebol - FPF","VITÓRIA EM CASA!
Com gol no fim do jogo, o XV de Piracicaba venceu o Guarani para se garantir na liderança do grupo!
#CopaPaulistaSicredi
📷 Mariana Kasten/XV de Piracicaba",,0,"08/01/2025 18:09",N/A,https://www.facebook.com/futebolpaulista/posts/pfbid027jAEA39P2bWKsb3NF4oeXwPPuqG5YkChFwqrSAhA7kB1KPsXz5qrHWvd2BggesqRl,0,0,Fotos,,,,,Total,79273,60735,156,142,6,8,627,361,266,0,,,,,,
1189259216570360,100064588783898,"Federação Paulista de Futebol - FPF","DE VIRADA!
O Oeste vence o Taubaté e garante mais três pontos na #CopaPaulistaSicredi!
📷Victor Cônsoli/ECT",,0,"08/01/2025 17:52",N/A,https://www.facebook.com/futebolpaulista/posts/pfbid0Kae1pHjvPNeNmebxzcKFxXASWnmSrsVWgthjq2pMH2epYWFCfu6qHtYsBMZBy1G3l,0,0,Fotos,,,,,Total,25768,19232,120,90,28,2,318,91,227,0,,,,,,
1189245329905082,100064588783898,"Federação Paulista de Futebol - FPF","DE VIRADA!
O Oeste vence o Taubaté e garante mais três pontos na #CopaPaulistaSicredi!
📷 Divulgação/EC Taubaté",,0,"08/01/2025 17:25",N/A,https://www.facebook.com/futebolpaulista/posts/pfbid09NHPV24LufY2oh3uNVGzEqEuZwFoTnPh9dYYesJVwEpkRr8mPWHU1aYXor12kvQgl,0,0,Fotos,,,,,Total,143692,114271,143,117,17,9,1028,613,415,0,,,,,,
1189233966572885,100064588783898,"Federação Paulista de Futebol - FPF","VOLTANDO COM TRÊS PONTOS NA MALA! 💼🚂
A Locomotiva garantiu a vitória fora de casa pelo @brasileiraob!
#PaulistasEmCampo
📷 Luis Miguel Ferreira / Ferroviária SAF",,0,"08/01/2025 17:04",N/A,https://www.facebook.com/futebolpaulista/posts/pfbid02sWRNaanCAMkUBKfs5biYAQeTbN7FRizy4ZE1x54WYqVYbnhLJVeSTbpM9J9yKdkl,0,0,Fotos,,,,,Total,82483,60740,629,549,55,25,1104,455,649,0,,,,,,
1188883413274607,100064588783898,"Federação Paulista de Futebol - FPF","EMPATE EM BAURU!
Noroeste e Araçatuba fizeram um gol cada e o jogo no Alfredo de Castilho terminou tudo igual.
#CopaPaulistaSicredi 
📷Bruno Freitas/Noroeste SAF",,0,"08/01/2025 07:59",N/A,https://www.facebook.com/futebolpaulista/posts/pfbid0tVjuBtd5Nmx4Vu91VXxkGHu9TivB8dfwEgZgXWv6maHXYcg7UCyC8ZJvJVQWW1oPl,0,0,Fotos,,,,,Total,20668,14714,133,113,15,5,367,85,282,0,,,,,,
1188786846617597,100064588783898,"Federação Paulista de Futebol - FPF","PRA CIMA, LOCOMOTIVA! 🔥
A @afeoficial vai em busca da vitória fora de casa no @brasileiraob!
#PaulistasEmCampo",,0,"08/01/2025 06:00",N/A,https://www.facebook.com/futebolpaulista/posts/pfbid0jfSETBAJPpnQ1CFJKf7BpffzWgfLSMKAbbf6GLJRwzuEW4yEgaYETE6pxG76dxeyl,0,0,Fotos,,,,,Total,35284,27549,60,56,1,3,189,130,59,0,,,,,,
1188395176656764,100064588783898,"Federação Paulista de Futebol - FPF","TÁÁÁÁ CHEGANDO A HORA!
Alô, @10neto. Teve mais um gol do @ferreirinha, hein!
#FutebolPaulista",,0,"07/31/2025 18:46",N/A,https://www.facebook.com/futebolpaulista/posts/pfbid07wHQYzTdM5yn376KEUasey7BKA1eTWMkvYFNsh415BAW4zneMZwaYi7bv7zYPvHLl,0,0,Fotos,,,,,Total,156946,115348,1237,1142,68,27,2784,731,2035,0,,,18,,,
1177685897727692,100064588783898,"Federação Paulista de Futebol - FPF","DE 👀 NO MAJESTOSO! 🇾🇪⚔️🦅
Sabadão de clássico Paulista: Tricolor e Timão duelam pelos três pontos no MorumBIS. Quem leva a melhor, torcedor?
#PaulistasEmCampo",,0,"07/18/2025 20:05",N/A,https://www.facebook.com/futebolpaulista/posts/pfbid02NqnjvrQK3z3zSyryqxqJDXPxE5FHozV32P3PTKZpWuqBdzpuXpxTwuq4QKExSWUcl,0,0,Fotos,,,,,Total,18374,13785,143,124,9,10,215,77,138,0,,,,,,
1188259153337033,100064588783898,"Federação Paulista de Futebol - FPF","TUDO PRONTO PARA A COPINHA FEMININA SICREDI! 💜⚽️
O presidente da FPF, Reinaldo Carneiro Bastos, acompanhado do vice-presidente da FPF, Mauro Silva, da diretora de Marketing da FPF, Larissa Guerreiro, da diretora de Futebol Feminino da FPF, Kin Saito, e da analista de Futebol Feminino da FPF, Victoria Pissolato, foi recebido pelo prefeito de São Paulo, Ricardo Nunes, na sede da prefeitura, nesta quinta-feira (31). A reunião teve como pauta a organização e execução da próxima Copinha Feminina Sicredi! 
#FPF
📷Rodrigo Corsi/Ag. Paulistão",,0,"07/31/2025 14:28",N/A,https://www.facebook.com/futebolpaulista/posts/pfbid035g1bUwUCaumtHiWR7abiuAGjiJk6T7VwxeCGBxcwW7MGKEYuNBgi1atYEfCX9MHSl,0,0,Fotos,,,,,Total,13849,9300,68,59,3,6,276,242,34,0,,,,,,
1188230073339941,100064588783898,"Federação Paulista de Futebol - FPF","CHEGOU A VEZ DO TRICOLOR! 👀🇾🇪
E aí, torcedor, qual jogador marcou esse gol durante o Paulistão Sicredi desse ano? Deixa aqui nos comentários! 👇
#PaulistãoSicredi #SãoPaulo","CHEGOU A VEZ DO TRICOLOR! 👀🇾🇪
E aí, torcedor, qual jogador marcou esse gol durante o Paulistão Sicredi desse ano? Deixa aqui nos comentários! 👇
#PaulistãoSicredi #SãoPaulo",10,"07/31/2025 13:35",N/A,https://www.facebook.com/reel/2599346963742045/,1,0,Reels,,,,,Total,111320,75649,571,518,47,6,5111,,5111,0,,,,643322.809,8.603,0
1188209483342000,100064588783898,"Federação Paulista de Futebol - FPF","A ARTE DE CROPPAR FOTOS 📷😮‍💨
Entramos para a trend com as fotos do primeiro Derby da história da @copadobrasilcbf 🔥
#PaulistasEmCampo #Crop #Derby 
📷Diego Soares/Ag.Paulistão",,0,"07/31/2025 13:00",N/A,https://www.facebook.com/futebolpaulista/posts/pfbid02qFnhuspnDbWFit1rnTpMxNtzTtwzwndGycxa4sJAm2EWxJabHz9gkkjGazoem3Kxl,0,0,Fotos,,,,,Total,87235,46854,574,541,19,14,9520,6920,2600,0,,,,,,
1188186170010998,100064588783898,"Federação Paulista de Futebol - FPF","Dump do homem que decidiu o primeiro Derby na @copadobrasilcbf!
#PaulistasEmCampo #Memphis 
📷Diego Soares/Ag. Paulistão",,0,"07/31/2025 12:26",N/A,https://www.facebook.com/futebolpaulista/posts/pfbid02WS8CqF8i5FtKuH6ymMjGpAVbzgsoiDPWwYyiTywyud2NUcGw9zrVTvX1F1fiZEYHl,0,0,Fotos,,,,,Total,30056,20838,1047,940,91,16,972,610,360,0,,,2,,,
1187569126739369,100064588783898,"Federação Paulista de Futebol - FPF","EM BUSCA DA SEGUNDA TAÇA! 🏆👀
O primeiro confronto do Tricolor nas oitavas da @copadobrasilcbf é hoje, no MorumBIS! 🔥
#PaulistasEmCampo",,0,"07/30/2025 20:05",N/A,https://www.facebook.com/futebolpaulista/posts/pfbid02HoYUykNWa9HxJVA5RHRp7rx3pHFqh2T6bw1aVttqa4T93mfceErqJfao2r723Qukl,0,0,Fotos,,,,,Total,317817,232827,4910,4599,163,148,3309,2028,1281,0,1,,,,,
1187564653406483,100064588783898,"Federação Paulista de Futebol - FPF","GOL ESPECIAL!
Memphis Depay marca o primeiro gol dele em clássicos paulistas. E foi logo em um Derby decisivo, hein? ⚽🔥
#PaulistasEmCampo",,0,"07/30/2025 19:56",N/A,https://www.facebook.com/futebolpaulista/posts/pfbid0XUr599fZgW1XJqRKGRCQvBSFJJeKxECXM1yd9UMVSQnDr93ihkLe2NQP6BK7VDi5l,0,0,Fotos,,,,,Total,47173,35245,1028,903,106,19,602,146,456,0,,,,,,
1187556413407307,100064588783898,"Federação Paulista de Futebol - FPF","TIMÃO NA FRENTE!
No primeiro Derby da @copadobrasilcbf, o @corinthians levou a melhor.
#PaulistasEmCampo
📷 Diego Soares/Ag. Paulistão",,0,"07/30/2025 19:42",N/A,https://www.facebook.com/futebolpaulista/posts/pfbid0uL7yCucLUoffA4vBcfVQ6bjfVhvfcDeNEpYCWTmpfAYLig3mWBwEU8wpad67gBZDl,0,0,Fotos,,,,,Total,178547,133820,3836,3243,494,99,2875,891,1984,0,,,,,,
1187544326741849,100064588783898,"Federação Paulista de Futebol - FPF","ANDRÉ RAMALHO NO LIMITE!
O zagueiro salvou EM CIMA DA LINHA na @neoquimicaarena 🔥
#PaulistasEmCampo 
🎥 Amazon Prime","ANDRÉ RAMALHO NO LIMITE!
O zagueiro salvou EM CIMA DA LINHA na @neoquimicaarena 🔥
#PaulistasEmCampo 
🎥 Amazon Prime",17,"07/30/2025 19:21",N/A,https://www.facebook.com/reel/1185352800017174/,1,0,Reels,,,,,Total,26330,20819,637,625,4,8,165,,165,0,,,,217216.227,10.478,0
1187543370075278,100064588783898,"Federação Paulista de Futebol - FPF","MEEEEEEMPHIS É O NOME DELE!!! ⚫️⚪️ O Corinthians abre o placar na Neo Química Arena! #PaulistasEmCampo #Derby","MEEEEEEMPHIS É O NOME DELE!!! ⚫️⚪️ O Corinthians abre o placar na Neo Química Arena! #PaulistasEmCampo #Derby",59,"07/30/2025 19:19",N/A,https://www.facebook.com/reel/758733886681497/,1,0,Reels,,,,,Total,45806,44429,1867,1741,43,83,1362,,1362,0,,,,431065.9,10.185,0
1187543030075312,100064588783898,"Federação Paulista de Futebol - FPF","VIBRA, HUGO! 🔥
#PaulistasEmCampo #corinthians","VIBRA, HUGO! 🔥
#PaulistasEmCampo #corinthians",13,"07/30/2025 19:19",N/A,https://www.facebook.com/reel/1541624643507329/,1,0,Reels,,,,,Total,360008,297043,15637,14940,428,269,7168,,7168,0,,,,2217748.498,7.957,0
1187503336745948,100064588783898,"Federação Paulista de Futebol - FPF","SAAAAAAALVA, WEVERTON!!! 🧤❌ #PaulistasEmCampo #Derby","SAAAAAAALVA, WEVERTON!!! 🧤❌ #PaulistasEmCampo #Derby",11,"07/30/2025 18:03",N/A,https://www.facebook.com/reel/1331677718554204/,1,0,Reels,,,,,Total,31668,24055,417,378,28,11,565,,565,0,,,,168056.205,6.931,0
1187487350080880,100064588783898,"Federação Paulista de Futebol - FPF","VAI COMEÇAR! 🔥
É hora do primeiro #Derby na @copadobrasilcbf! #PaulistasEmCampo","VAI COMEÇAR! 🔥
É hora do primeiro #Derby na @copadobrasilcbf! #PaulistasEmCampo",28,"07/30/2025 17:31",N/A,https://www.facebook.com/reel/760841446428993/,1,0,Reels,,,,,Total,2838,2772,48,43,2,3,24,,24,0,,,,11410.609,4.318,0
1187478396748442,100064588783898,"Federação Paulista de Futebol - FPF","FIM DE PAPO!
Confira os resultados de mais uma rodada encerrada na #CopaPaulistaSicredi.",,0,"07/30/2025 17:13",N/A,https://www.facebook.com/futebolpaulista/posts/pfbid031yJZTG2Ba2aLf7HjF8kq5BQqe5TTxAwLNvvMdmfXkESuqB7VjafEpy5LV6wzV2tul,0,0,Fotos,,,,,Total,20279,13921,134,116,8,10,330,145,185,0,,,,,,
1187475686748713,100064588783898,"Federação Paulista de Futebol - FPF","TUDO IGUAL!
União São João e Botafogo ficam no empate para encerrar a sétima rodada da Copa Paulista Sicredi.
#CopaPaulistaSicredi
📷 Luiz Fernando Cosenzo/Botafogo",,0,"07/30/2025 17:08",N/A,https://www.facebook.com/futebolpaulista/posts/pfbid024WC6o53Df8p5BJdFDRQwL6jGHpG3z6b1sz5aK8LqJCqS9iDtBPpTHyuNmtqmZGEtl,0,0,Fotos,,,,,Total,13106,10052,41,37,3,1,92,39,53,0,,,,,,
1187452670084348,100064588783898,"Federação Paulista de Futebol - FPF","CLIMA DE DECISÃO! 🔥😱
O primeiro confronto entre Palmeiras e Corinthians na @copadobrasilcbf vai rolar e a Fiel já começou a festa! 
#PaulistasEmCampo #Derby","CLIMA DE DECISÃO! 🔥😱
O primeiro confronto entre Palmeiras e Corinthians na @copadobrasilcbf vai rolar e a Fiel já começou a festa! 
#PaulistasEmCampo #Derby",41,"07/30/2025 16:25",mixed,https://www.facebook.com/reel/1802550160617453/,1,0,Reels,,,,,Total,1980,2078,95,91,3,1,64,,64,0,,,,8877.209,4.819,0
1187442130085402,100064588783898,"Federação Paulista de Futebol - FPF","PARA ABRIR A RODADA!
O Monte Azul vence e garante classificação para a próxima fase na Copa Paulista Sicredi.
#CopaPaulistaSicredi
📷 Divulgação/Monte Azul",,0,"07/30/2025 16:06",N/A,https://www.facebook.com/futebolpaulista/posts/pfbid02KKM9KTYD99QwzgPTut6thqHVyms9kSMoiNjLrqW8RmQw9wcXCdDKA4kepuWPNT8pl,0,0,Fotos,,,,,Total,31013,22176,93,87,4,2,330,175,155,0,,,,,,
1187434493419499,100064588783898,"Federação Paulista de Futebol - FPF","O ônibus do Timão chegou com muita festa! É noite de decisão! ⚫️⚪️ #PaulistasEmCampo #Derby","O ônibus do Timão chegou com muita festa! É noite de decisão! ⚫️⚪️ #PaulistasEmCampo #Derby",41,"07/30/2025 15:52",N/A,https://www.facebook.com/reel/1415487992997697/,1,0,Reels,,,,,Total,23709,24235,921,847,61,13,1101,,1101,0,,,,199183.918,9.024,0
1187434106752871,100064588783898,"Federação Paulista de Futebol - FPF","O POROPOPÓ PRÉ-DERBY! 🦅🔥😮‍💨
#PaulistasEmCampo #Corinthians #Derby","O POROPOPÓ PRÉ-DERBY! 🦅🔥😮‍💨
#PaulistasEmCampo #Corinthians #Derby",33,"07/30/2025 15:51",uploaded,https://www.facebook.com/reel/1846904492706579/,1,0,Reels,,,,,Total,16334,16893,1034,906,66,62,393,,393,0,,,,64446.844,4.116,0
1187418940087721,100064588783898,"Federação Paulista de Futebol - FPF","A RECEPÇÃO TÁ PRONTA! 🦅🔥
A Fiel já está mais que preparada para o Derby dessa noite!
#PaulistasEmCampo #Derby","A RECEPÇÃO TÁ PRONTA! 🦅🔥
A Fiel já está mais que preparada para o Derby dessa noite!
#PaulistasEmCampo #Derby",35,"07/30/2025 15:23",uploaded,https://www.facebook.com/reel/1409413367024530/,1,0,Reels,,,,,Total,5175,5386,307,274,24,9,212,,212,0,,,,23379.552,4.717,0
1187398743423074,100064588783898,"Federação Paulista de Futebol - FPF","MAYKE É DO PEIXÃO!
Tetracampeão do Paulistão Sicredi, o lateral foi anunciado pelo Santos com contrato válido até o fim de 2027.
📷Raul Baretta/Santos FC",,0,"07/30/2025 14:42",N/A,https://www.facebook.com/futebolpaulista/posts/pfbid02zzWnPsZNpM7dxq2iJFbvTcUs1Ez8MZtBVbsaVUJpa2XRJycEDpjiwFHvsX2PKh5Yl,0,0,Fotos,,,,,Total,70711,50128,1190,1145,39,6,1613,1068,545,0,,,,,,
1187237243439224,100064588783898,"Federação Paulista de Futebol - FPF","REFORÇO NO PANTERA! 🤩⚽
O segundo maior goleador do @brasileiraob, Léo Gamalho é o novo atacante do @botafogosp! 
#PaulistasEmCampo",,0,"07/30/2025 10:26",N/A,https://www.facebook.com/futebolpaulista/posts/pfbid02UiCQ8ZupnBU2MhvjT41teSGkN2tK5yBH7SZDiz4rxzKfNctfY6quXj5RCDTFGpnCl,0,0,Fotos,,,,,Total,36856,24968,205,165,27,13,715,148,567,0,,,,,,
1187184633444485,100064588783898,"Federação Paulista de Futebol - FPF","É DERBY QUE NÃO ACABA MAIS! 🦅🤝🐷
Corinthians e Palmeiras tem uma semana recheada de encontros importantes! Tem @copadobrasilcbf, @paulistaofeminino e @brfeminino Sub-20! E aí, torcedor, quem leva a melhor nos clássicos?
#PaulistasEmCampo #PaulistãoFemininoSicredi #Corinthians #Palmeiras",,0,"07/30/2025 09:00",N/A,https://www.facebook.com/futebolpaulista/posts/pfbid02qZbCk9V9P6RQiL4xjE3j3knyB3PadJT6bSTktLgmvgLpTDYRB5i74bWB8vYJa6tHl,0,0,Fotos,,,,,Total,52243,36266,384,329,32,23,746,479,267,0,1,,,,,
1187065973456351,100064588783898,"Federação Paulista de Futebol - FPF","O ANO COM MAIS DERBYS NO SÉCULO! 😱🔥
Em 2025, serão disputados SETE confrontos entre Palmeiras e Corinthians. Vem ver quais já rolaram e quais ainda estão por vir! 👀
#PaulistasEmCampo #Derby","O ANO COM MAIS DERBYS NO SÉCULO! 😱🔥
Em 2025, serão disputados SETE confrontos entre Palmeiras e Corinthians. Vem ver quais já rolaram e quais ainda estão por vir! 👀
#PaulistasEmCampo #Derby",76,"07/30/2025 06:00",auto,https://www.facebook.com/reel/753063017204900/,1,0,Reels,,,,,Total,2732,2659,49,42,5,2,24,,24,0,,,,21484.265,8.317,0
1187027590126856,100064588783898,"Federação Paulista de Futebol - FPF","FECHANDO UMA RODADA E ABRINDO OUTRA!
Para não dar tempo de sentir saudades da Copa Paulista Sicredi 🔥
#CopaPaulistaSicredi",,0,"07/30/2025 05:00",N/A,https://www.facebook.com/futebolpaulista/posts/pfbid01GMPGwS88fXxm6UugYeZWQkc4Hi2Uvs6RaJ8s2t3QDSEd1ZPC72doZU5HEvfxXBil,0,0,Fotos,,,,,Total,10929,8242,56,51,3,2,72,32,40,0,,,,,,
1186742056822076,100064588783898,"Federação Paulista de Futebol - FPF","É DIA DE DERBY INÉDITO NA @copadobrasilcbf! 🤩 ‼️
A bola vai rolar para Corinthians e Palmeiras na Neo Química Arena na noite dessa quarta-feira!
#PaulistasEmCampo #Corinthians #Palmeiras",,0,"07/29/2025 20:05",N/A,https://www.facebook.com/futebolpaulista/posts/pfbid02aq8WFEoMyr5WYK2NJ81xM9rsvU1zMwry5G5PSR4KeAf4SAzriwr1cGzR246TefyRl,0,0,Fotos,,,,,Total,107584,78926,1390,1083,238,69,1250,657,593,0,,,,,,
1186661080163507,100064588783898,"Federação Paulista de Futebol - FPF","EMPATE NO MAJOR JOSÉ LEVY SOBRINHO!
Inter de Limeira e Francana fizeram um gol cada e empataram pela 7ª rodada da #CopaPaulistaSicredi!
📷Divulgação/Inter de Limeira",,0,"07/29/2025 17:26",N/A,https://www.facebook.com/futebolpaulista/posts/pfbid02kPorwpjo1T58P9kRb5fqHyBN1TfWRTLhiFUKuKYgG3QoqhRF6WZdHHAbEqxeswzol,0,0,Fotos,,,,,Total,23141,17051,96,90,3,3,196,111,85,0,,,,,,
1186649846831297,100064588783898,"Federação Paulista de Futebol - FPF","O Red Bull Bragantino sofreu a derrota pelo primeiro jogo das oitavas da @copadobrasilcbf.
#PaulistasEmCampo
📷Ari Ferreira/Red Bull Bragantino",,0,"07/29/2025 16:59",N/A,https://www.facebook.com/futebolpaulista/posts/pfbid0tJGqRr1qjgojRTu1rxquF9N93FDZD6mkT5vm4t8fHZzXP7Zhw1aUAaQF3fkUh1Xjl,0,0,Fotos,,,,,Total,24809,17786,155,125,22,8,270,90,180,0,,,,,,
1186587113504237,100064588783898,"Federação Paulista de Futebol - FPF","VAI COMEÇAR MAIS UMA!
Vem conferir os confrontos da 8ª rodada da #CopaPaulistaSicredi!",,0,"07/29/2025 15:00",N/A,https://www.facebook.com/futebolpaulista/posts/pfbid073xKCW6TB9tY8ZtDadwDGThN4vpA6cVMpNJRBQQqU3RYW4Dj59M8SZpee64am8vEl,0,0,Fotos,,,,,Total,14382,10442,99,88,1,10,190,130,60,0,,,,,,
1186525353510413,100064588783898,"Federação Paulista de Futebol - FPF","Amanhã tem Derby pela Copa do Brasil e a dica do @paulistao é você mandar aquele treino na Smart Fit para acalmar o coração até o dia do jogo... 😮‍💨🤝
#FutebolPaulista #Smartfit #publi",,0,"07/29/2025 13:00",N/A,https://www.facebook.com/futebolpaulista/posts/pfbid01LW4PQUTaJ4MUUvHYDndUAHhME8Fwr9VNwJ5QFFkh6H1boBeK2SB9EgFyFKtpgXkl,0,0,Fotos,,,,,Total,11224,8552,47,41,5,1,72,47,25,0,,,,,,
1186457630183852,100064588783898,"Federação Paulista de Futebol - FPF","EM CASA É OUTRA HISTÓRIA 🏟️🐷
Com a vitória sobre o Grêmio, o @palmeiras chegou a 300 triunfos em seus domínios na história do @brasileirao. 
#PaulistasEmCampo",,0,"07/29/2025 10:49",N/A,https://www.facebook.com/futebolpaulista/posts/pfbid0JPcotCkMeu8fqGvZDtkTtkfm3RE4crWbTpfs3x4fzWVpwpLodBBGJ9g6Nu2g6Dkql,0,0,Fotos,,,,,Total,17967,13306,423,363,43,17,148,36,112,0,,1,,,,
1186238986872383,100064588783898,"Federação Paulista de Futebol - FPF","PARA QUEM VAI A SUA TORCIDA?
Inter de Limeira e Francana se enfrentam para mais um jogo da Copa Paulista Sicredi!
#CopaPaulistaSicredi",,0,"07/29/2025 05:00",N/A,https://www.facebook.com/futebolpaulista/posts/pfbid0uSTKyRkAVDp4sPRgKhH7CHfzseUdPGn9LX4TZMMwe5NfaYstJGYnhV6wj3sYwTR4l,0,0,Fotos,,,,,Total,11094,8109,155,112,38,5,210,41,169,0,1,,,,,
1185940923568856,100064588783898,"Federação Paulista de Futebol - FPF","PRA CIMA, MASSA BRUTA! 🐂🔥
O @redbullbragantino visita o Botafogo-RJ para sair na frente na disputa da @copadobrasilcbf!
#PaulistasEmCampo",,0,"07/28/2025 20:05",N/A,https://www.facebook.com/futebolpaulista/posts/pfbid0cd6i9QCyDcxGc1VexXKxfqtrGFBi3LZnL137cW5cah1on1zzjorXWR6wGxnVMhAdl,0,0,Fotos,,,,,Total,18623,13916,79,73,2,4,150,83,67,0,,,,,,
1185852823577666,100064588783898,"Federação Paulista de Futebol - FPF","Não deu pro Botafogo no @brasileiraob 🥺 #PaulistasEmCampo
📷 João Victor Menezes de Souza/Arquivo/Agência Botafogo",,0,"07/28/2025 17:19",N/A,https://www.facebook.com/futebolpaulista/posts/pfbid02iZ1yxhG4qzG6qPTh7gtm3xnm3B2iM4V5kmDBL8ekUgqjP38L4Qn2sTN2fo3UeaCl,0,0,Fotos,,,,,Total,85645,62873,427,260,158,9,1711,413,1298,0,,,,,,
1185847073578241,100064588783898,"Federação Paulista de Futebol - FPF","Fim de mais um dia de #CopaPaulistaSicredi, com vitórias do Oeste e do Primavera! 👏👏",,0,"07/28/2025 17:07",N/A,https://www.facebook.com/futebolpaulista/posts/pfbid02hpr2oPHCiC3RQiKzJ7WRpmXB1P3QLMb4quHMup1trdaPhcSKW9qe82nci3NE2s26l,0,0,Fotos,,,,,Total,12436,9133,65,57,6,2,102,41,61,0,,,,,,
1185846243578324,100064588783898,"Federação Paulista de Futebol - FPF","VITÓRIA DO FANTASMA! 👻
O Primavera venceu o Guarani por 3 a 0 na #CopaPaulistaSicredi!
📷 Rodrigo Menezes/Primavera SAF",,0,"07/28/2025 17:05",N/A,https://www.facebook.com/futebolpaulista/posts/pfbid02BMpsaz2drUUYPxZBFXZKhLNDzb8ZPmM2ESEJBSqUY5hkDhpC4cAEiurVHQNohKiNl,0,0,Fotos,,,,,Total,82409,59323,427,321,90,16,1268,363,905,0,,,,,,
1185845133578435,100064588783898,"Federação Paulista de Futebol - FPF","VITÓRIA DO OESTE!
O Rubrão venceu a Portuguesa Santista na 7ª rodada da #CopaPaulistaSicredi!  
📷 João Jardim/Ag. Briosa",,0,"07/28/2025 17:03",N/A,https://www.facebook.com/futebolpaulista/posts/pfbid0Fq6HqLfmEWmob4oDUrUZiYuTgMpZLiLSUHBFzSGJJ9EgEn2kCd9hKJ4Ty97t2uvcl,0,0,Fotos,,,,,Total,55352,41149,88,76,1,11,388,256,132,0,,,,,,
1185521136944168,100064588783898,"Federação Paulista de Futebol - FPF","PARA COMEÇAR A SEMANA!
O @botafogosp visita o Avaí pelo @brasileiraob.
#PaulistasEmCampo",,0,"07/28/2025 07:24",N/A,https://www.facebook.com/futebolpaulista/posts/pfbid0AFwTYt3k2fN1Jn8va8uMgD16ALzm2iBV8d6ggEXwnbDsV5RvHL2s4AjyF7vs4aZSl,0,0,Fotos,,,,,Total,19310,15072,89,71,14,4,163,62,101,0,,,,,,
1185427300286885,100064588783898,"Federação Paulista de Futebol - FPF","SEGUNDOU EM DOSE DUPLA!
A Copa Paulista Sicredi não para! Assista AO VIVO no YouTube do @paulistao 😉
#CopaPaulistaSicredi",,0,"07/28/2025 05:00",N/A,https://www.facebook.com/futebolpaulista/posts/pfbid0w6T6tooANBhqN7A638hfwgwBgSf22MUCP4E3ioJNuGVoneEaPsw4HughYv3KXyoil,0,0,Fotos,,,,,Total,15981,12391,77,70,3,4,107,54,53,0,,,,,,
1185032393659709,100064588783898,"Federação Paulista de Futebol - FPF","Em dia de vitória Tricolor, foi assim que terminou o domingo de #PaulistasEmCampo.
#FutebolPaulista",,0,"07/27/2025 17:08",N/A,https://www.facebook.com/futebolpaulista/posts/pfbid02xAhWBsTSGDmxMdq6Vkd3CpkBA4KT11ewbqzyWb2kh84GM8x3Fe6d3g2YTHSg9Qnul,0,0,Fotos,,,,,Total,140184,105009,258,246,4,8,1036,680,356,0,,,,,,
1185031526993129,100064588783898,"Federação Paulista de Futebol - FPF","BUSCOU!
São Bernardo sai atrás, mas consegue buscar o empate em casa.
#PaulistasEmCampo
📷 Janes Carvalho/Divulgação/São Bernardo",,0,"07/27/2025 17:06",N/A,https://www.facebook.com/futebolpaulista/posts/pfbid06vXbAimn3X61WsJbrFAxZBY1DjS1yg8dv2rif7Vv2GfpHLw3MePTg5AiSqbM9T1ul,0,0,Fotos,,,,,Total,17411,13637,55,52,1,2,78,46,32,0,,,,,,
1184965776999704,100064588783898,"Federação Paulista de Futebol - FPF","O Galo de Itu volta do Sergipe sem conseguir pontuar.
#PaulistasEmCampo
📷Miguel Schincariol/Arquivo/Ituano",,0,"07/27/2025 14:47",N/A,https://www.facebook.com/futebolpaulista/posts/pfbid0vfSaEPxmmWnhFXbXeqdREW6URNb4EKDe8au44MQsxLg1Pt1QXHxmjv6SNf35yUgal,0,0,Fotos,,,,,Total,49775,38106,167,141,18,8,537,204,333,0,,,,,,
1184960277000254,100064588783898,"Federação Paulista de Futebol - FPF","Ponte Preta sofre gol no último lance e acaba superada pelo Caxias.
#PaulistasEmCampo
📷Luis Felipe Amorin/Divulgação/Ponte Preta",,0,"07/27/2025 14:35",N/A,https://www.facebook.com/futebolpaulista/posts/pfbid0Wqc6AofKGUwUKFmTvL8RJxySbVw2AgXMbRbuaVM42m1k39K4yTzfJvLFwV1HP1kLl,0,0,Fotos,,,,,Total,47034,33146,504,336,157,11,1057,187,870,0,1,,,,,
1184950130334602,100064588783898,"Federação Paulista de Futebol - FPF","SP ⚔️ SC!
Dona de uma das melhores campanhas da Série D, a Inter de Limeira terá o Marcílio Dias como adversário na próxima fase da competição!
#PaulistasEmCampo",,0,"07/27/2025 14:14",N/A,https://www.facebook.com/futebolpaulista/posts/pfbid064wtowmCQUDDmxJoaKgRqPnEgw5EHwp5BysDj77CgUCjxY46CGqSQkRKQxwwGz9Bl,0,0,Fotos,,,,,Total,30657,21866,325,261,53,11,777,152,625,0,,,,,,
1184947633668185,100064588783898,"Federação Paulista de Futebol - FPF","SALVE O TRICOLOR PAULISTA!
O São Paulo faz o dever de casa e soma os três pontos contra o Fluminense.
#PaulistasEmCampo
📷Rubens Chiri/São Paulo",,0,"07/27/2025 14:09",N/A,https://www.facebook.com/futebolpaulista/posts/pfbid02sD9chUswhwNA3H3FnFvkwEjNVrr7VpJoTKfMFdddrx5XmYYq9A11j2pqrywteBqBl,0,0,Fotos,,,,,Total,331119,245247,7378,7021,212,145,3407,1450,1957,0,1,,,,,
1184945177001764,100064588783898,"Federação Paulista de Futebol - FPF","DEU AZULÃO!
No único jogo deste domingo de Copa Paulista Sicredi, o São Caetano ficou com a vitória pra cima do São José!
#CopaPaulistaSicredi
📷Carlos Henrique/São José",,0,"07/27/2025 14:04",N/A,https://www.facebook.com/futebolpaulista/posts/pfbid031VM1TNosuaYggYq49Bx6HheSjZ8PHn5QyWEpr6hSyvDdAgC64KWF7pzM4MSp35dkl,0,0,Fotos,,,,,Total,43733,33896,134,103,26,5,401,171,230,0,,,,,,
1184616120368003,100064588783898,"Federação Paulista de Futebol - FPF","DOMINGÃO ABC! ⚽🔥
Cinco jogos de três divisões para você assistir nesse domingo!
#PaulistasEmCampo",,0,"07/27/2025 06:00",N/A,https://www.facebook.com/futebolpaulista/posts/pfbid0tFS9UaPhbiJAKd8Cj7e6hDUY1GgfbogeA9UEokAk7BRMbmo4j2YKynGSqm8j1FX7l,0,0,Fotos,,,,,Total,44463,33854,143,134,3,6,324,229,95,0,,,,,,
1184576287038653,100064588783898,"Federação Paulista de Futebol - FPF","Sua tarde de domingo já tem compromisso marcado: São José e São Caetano na tela da Ulisses TV!
#CopaPaulistaSicredi",,0,"07/27/2025 05:00",N/A,https://www.facebook.com/futebolpaulista/posts/pfbid02V6oaNX9Ax7hL57FFRGygtJXB2vQmg9ZJcBTrqLooED9cPFBAGnUtiXV7neSdYM1Ql,0,0,Fotos,,,,,Total,5934,4443,29,27,0,2,11,7,4,0,,,,,,
1184538450375770,100064588783898,"Federação Paulista de Futebol - FPF","Para fechar a rodada, Batatais e AD Guarulhos se enfrentam pelo Paulista Sub-23 Segunda Divisão Sicredi!
#Bezinha",,0,"07/27/2025 04:00",N/A,https://www.facebook.com/futebolpaulista/posts/pfbid0aU46Gag85QQzzdAdzPVVms4wh43dmuYSSYC4QDusYJCTLJAVQuH7EWuHDnWgGnXvl,0,0,Fotos,,,,,Total,5408,4112,23,21,0,2,32,16,16,0,,,,,,
1184219400407675,100064588783898,"Federação Paulista de Futebol - FPF","Uma sabadão de MUITO futebol. Se liga no que rolou ao longo do dia.
#PaulistasEmCampo",,0,"07/26/2025 18:56",N/A,https://www.facebook.com/futebolpaulista/posts/pfbid0WEmV49uD7u7D13it8GvUuuRuEsyDHn5aQCsDW7e8mMx1G631nmwy2Viz8DYBHfJ7l,0,0,Fotos,,,,,Total,343974,243166,716,661,30,25,5202,3663,1539,0,,,,,,
1184218500407765,100064588783898,"Federação Paulista de Futebol - FPF","VENCE Y VENCE!
Palmeiras define o placar logo no começo e embala a terceira vitória seguida no Brasileirão!
#PaulistasEmCampo
📷Cesar Greco/Palmeiras",,0,"07/26/2025 18:54",N/A,https://www.facebook.com/futebolpaulista/posts/pfbid02CedpF3fMdA5tiHbEqPJRbWqurjVFcqYx6G7JnboiwgSrKi3QcSUizCFG8ZVjegHyl,0,0,Fotos,,,,,Total,361829,271107,8665,8073,260,332,4249,2186,2063,0,1,1,,,,
1184154203747528,100064588783898,"Federação Paulista de Futebol - FPF","ZERADO!
A rede não balançou em Araraquara.
#PaulistasEmCampo
📷Luis Miguel Ferreira/Ferroviária",,0,"07/26/2025 16:42",N/A,https://www.facebook.com/futebolpaulista/posts/pfbid023yPrqvCmrhALfU5JRhbRVDaYoeCidfojXH9a195D9Rqb9A57GJ5AabuckE9oLfjql,0,0,Fotos,,,,,Total,21477,16557,121,96,20,5,230,82,148,0,,,,,,
1184152143747734,100064588783898,"Federação Paulista de Futebol - FPF","PEIXÃO BUSCOU!
Mesmo com um a menos, Santos luta até o fim e busca o empate na Ilha do Retiro.
#PaulistasEmCampo
📷Paulo Paiva/Sport",,0,"07/26/2025 16:38",N/A,https://www.facebook.com/futebolpaulista/posts/pfbid0M16JQ4vfTwFTFNQtpaQhVoYaw7WvqiAfBHbTJLe9W56aopdyWKhhf6wN4VG4Vnh9l,0,0,Fotos,,,,,Total,66070,50073,609,494,99,16,1163,398,765,0,,,,,,
1184151510414464,100064588783898,"Federação Paulista de Futebol - FPF","Hoje não deu pro Massa Bruta.
#PaulistasEmCampo
📷Ari Ferreira/Red Bull Bragantino",,0,"07/26/2025 16:37",N/A,https://www.facebook.com/futebolpaulista/posts/pfbid0ptVdApBzTcRrH2yRYVsFVKRXhuqKfM7ymS157yD5LhMZuyRezwUjhqVMJumALAvHl,0,0,Fotos,,,,,Total,169716,130436,239,219,14,6,1225,769,456,0,,,,,,
1184150920414523,100064588783898,"Federação Paulista de Futebol - FPF","EMPATE EM CASA!
Igualdade no placar para Mirassol e Vitória.
#PaulistasEmCampo
📷Victor Ferreira/Vitória",,0,"07/26/2025 16:36",N/A,https://www.facebook.com/futebolpaulista/posts/pfbid0em434fUGkuiEDysyJyuhaFFQKFjaSxoUrNw1WohxigtUbVBB1TeEy8oATBckjWKxl,0,0,Fotos,,,,,Total,169113,125167,301,285,8,8,1195,728,467,0,,,,,,
1184149953747953,100064588783898,"Federação Paulista de Futebol - FPF","TUDO IGUAL!
Empate de alvinegros no Nilton Santos.
#PaulistasEmCampo
📷Vítor Silva/Botafogo",,0,"07/26/2025 16:34",N/A,https://www.facebook.com/futebolpaulista/posts/pfbid0GFfUxwV47hLVeWvqeFEs3RrzAv9MGauSFaXsooV3ftdF53vJQM8oJzJoJQw5qX7Sl,0,0,Fotos,,,,,Total,49208,36686,345,289,48,8,652,272,380,0,1,,,,,
1184120997084182,100064588783898,"Federação Paulista de Futebol - FPF","QUE VENHA A SEGUNDA FASE!
Portuguesa e Água Santa já conheceram os adversários na sequencia da Série D! A Lusa pega o Mixto-MT, enquanto o Netuno mede forças com o Ceilândia-DF.
#PaulistasEmCampo",,0,"07/26/2025 15:37",N/A,https://www.facebook.com/futebolpaulista/posts/pfbid0brS2aWX9WyE8WLTPwWMGUwT9ME2znu4yb1ywtQkuGMYUgcYC471oUHoD7sQ7zLtxl,0,0,Fotos,,,,,Total,30453,20681,406,341,56,9,839,234,605,0,,,,,,
1184116280417987,100064588783898,"Federação Paulista de Futebol - FPF","TÁ LÁ!
O Tanabi é o primeiro semifinalista do Paulista Sub-23 Segunda Divisão Sicredi!
#Bezinha",,0,"07/26/2025 15:28",N/A,https://www.facebook.com/futebolpaulista/posts/pfbid0Jm8crtnrhrXLLDkXdoBgNSyeAzQ3Fvk7rqSYkNfHMeE5PTj6x6oPkigYYHgVATgpl,0,0,Fotos,,,,,Total,28725,20919,191,165,19,7,397,158,239,0,1,,,,,
1184101243752824,100064588783898,"Federação Paulista de Futebol - FPF","O Guarani tropeçou no Brinco de Ouro.
#PaulistasEmCampo
🎥Raphael Silvestre/Guarani",,0,"07/26/2025 14:57",N/A,https://www.facebook.com/futebolpaulista/posts/pfbid032UgTRn3ZJX1TKj26LtQRx6h8wxAGiNv5fTxhytcP6AvMn4wijzXZwcYWcTSRcXKJl,0,0,Fotos,,,,,Total,54544,38123,625,414,200,11,1492,250,1242,0,,,,,,
1184081317088150,100064588783898,"Federação Paulista de Futebol - FPF","VAI, NETUNO!
O Água Santa está na segunda fase da Série D!
#PaulistasEmCampo
🎥Divulgação/Água Santa","VAI, NETUNO!
O Água Santa está na segunda fase da Série D!
#PaulistasEmCampo
🎥Divulgação/Água Santa",19,"07/26/2025 14:21",N/A,https://www.facebook.com/reel/1259675302264808/,0,0,Reels,,,,,Total,15890,15649,160,151,2,7,143,,143,0,,,,88977.468,5.98,0
1184069423756006,100064588783898,"Federação Paulista de Futebol - FPF","É A LUSA, NÃO TEM JEITO!
Três gols e três pontos pra equipe do Canindé!
#PaulistasEmCampo
📷Divulgação/Portuguesa",,0,"07/26/2025 14:00",N/A,https://www.facebook.com/futebolpaulista/posts/pfbid0RDqEhUvhnMJ4TsP6W8VGV5CoG376avRSR9W1hbZjMQpmk6Hg23puDw6cGjizqWPZl,0,0,Fotos,,,,,Total,198038,148878,1870,1724,104,42,2983,1170,1813,0,,,,,,
1184068790422736,100064588783898,"Federação Paulista de Futebol - FPF","VITÓRIA DO AMA!
Na despedida da Série D, o Monte Azul leva a melhor pra cima do Itabirito.
#PaulistasEmCampo
📷Leo Rodrigues/Itabirito",,0,"07/26/2025 13:59",N/A,https://www.facebook.com/futebolpaulista/posts/pfbid0UeNmChPsidArPz5LKqkKt4q5W1Vrs76gHZ4fFXdximDYqXwevRzXxvxZvJo8NZoal,0,0,Fotos,,,,,Total,32119,24337,94,84,4,6,321,146,175,0,,,,,,
1183755517120730,100064588783898,"Federação Paulista de Futebol - FPF","AGENDA CHEIA! 🤝🤩
Os Paulistas estão lotados de compromissos nesse sabadão de Campeonato Brasileiro! 
#PaulistasEmCampo",,0,"07/26/2025 06:00",N/A,https://www.facebook.com/futebolpaulista/posts/pfbid036hChXYtwvHWDDRv3rW3cg9UEFzJ8XnU7HyXcQYAiPXKV8KZvJLjn6TbEz4ts7oJsl,0,0,Fotos,,,,,Total,25827,18097,268,244,10,14,443,327,116,0,,,,,,
1183719723790976,100064588783898,"Federação Paulista de Futebol - FPF","1️⃣2️⃣3️⃣4️⃣5️⃣❗
Sábado cheio com cinco jogos da Copa Paulista Sicredi para você assistir!
#CopaPaulistaSicredi",,0,"07/26/2025 05:00",N/A,https://www.facebook.com/futebolpaulista/posts/pfbid08sLoc5Qy3xBavbfSeWRqrxhBckSUkoRrA36UojhWybkXE4wpkEnThhUj1KZN943Xl,0,0,Fotos,,,,,Total,13120,10316,65,54,6,5,86,45,41,0,,,,,,
1183681763794772,100064588783898,"Federação Paulista de Futebol - FPF","DOSE DUPLA NA BEZINHA!
A 15ª rodada do Paulista Sub-23 Segunda Divisão segue a todo vapor!
#Bezinha",,0,"07/26/2025 04:00",N/A,https://www.facebook.com/futebolpaulista/posts/pfbid034zobcwt1TeFpxDRRKsD4wprSEejYJLC2wHtnaW74GX2jKNFT13yweo8ujY4JsSEjl,0,0,Fotos,,,,,Total,7379,5462,29,27,0,2,32,20,12,0,,,,,,
1183254620504153,100064588783898,"Federação Paulista de Futebol - FPF","VEIO A PARTE 2!
A gente sabe que não falta camisa histórica no #FutebolPaulista, então lançamos mais algumas aqui...👀🔥",,0,"07/25/2025 14:30",N/A,https://www.facebook.com/futebolpaulista/posts/pfbid0TGyouMhinrw2UkokD2VKyeMTr3xgaS5vvwEN7EurcVRHUARVKKJC2tPtvJrtkPg4l,0,0,Fotos,,,,,Total,111001,64948,370,328,30,12,12020,8961,3059,0,,,,,,
1183206993842249,100064588783898,"Federação Paulista de Futebol - FPF","QUE ESTREIA DO @_franciscodacosta NO LEÃO! ⚽🔥
O novo atacante do Mirassol já mostrou para o que veio!
#PaulistasEmCampo #Mirassol",,0,"07/25/2025 13:00",N/A,https://www.facebook.com/futebolpaulista/posts/pfbid0Rit76A3etSsNCgQsq9ncnbvqSzq5epf5BjfCUMa2d5ZKFsMvtLpnaYE3ZFVZgTCVl,0,0,Fotos,,,,,Total,27178,19274,158,147,6,5,255,118,137,0,,,,,,
1183160377180244,100064588783898,"Federação Paulista de Futebol - FPF","CONHECE O PROFESSOR!
O Luciano tá jogando MUITO com o Crespo - e essa parceria dos dois já é de outras datas...
#PaulistasEmCampo #SãoPaulo",,0,"07/25/2025 11:30",N/A,https://www.facebook.com/futebolpaulista/posts/pfbid02zzWnPsZNpJxPAvNjmjnB2kTD28h5L9ehYvyiNu5TtbGmw6Y6UNqyP4o2WMhPvTjVl,0,0,Fotos,,,,,Total,19077,13367,271,251,15,5,230,62,168,0,,,,,,
1183125143850434,100064588783898,"Federação Paulista de Futebol - FPF","PRA FICAR DE OLHO!
Vem cá, torcedor, conferir o que o Netuno precisa para se classificar para a próxima fase da Série D.
#PaulistasEmCampo",,0,"07/25/2025 10:30",N/A,https://www.facebook.com/futebolpaulista/posts/pfbid02cxKU3r99BW7AHbkiJ2xc3hx3ZLCZfKGmrmRoQp2FBjwZwTMTeoyzbdSxX6GmDB6vl,0,0,Fotos,,,,,Total,12671,9240,54,47,4,3,114,40,74,0,,,,,,
1182877780541837,100064588783898,"Federação Paulista de Futebol - FPF","ABRINDO A RODADA! 💪
Assisense e Mauaense se enfrentam às 19h30 dessa sexta-feira!
#Bezinha",,0,"07/25/2025 04:00",N/A,https://www.facebook.com/futebolpaulista/posts/pfbid07P4pdCp7UjEdKeieq23twnCyeceVxH5yq7oLHSPcuYFD5rX9GmVmRudDQtGwHNAhl,0,0,Fotos,,,,,Total,7365,5587,22,18,0,4,39,22,17,0,,,,,,
1182538657242416,100064588783898,"Federação Paulista de Futebol - FPF","Ponto final na quinta-feira.
#PaulistasEmCampo",,0,"07/24/2025 17:41",N/A,https://www.facebook.com/futebolpaulista/posts/pfbid0LHvLWu2jJyCEKg5nCwyDBe9cGBmCuooZWwj9uAXBJSjpkUHKZkA8vhkPz2S1GyiXl,0,0,Fotos,,,,,Total,10516,7485,85,78,4,3,80,27,53,0,,,,,,
1182525600577055,100064588783898,"Federação Paulista de Futebol - FPF","Hoje não deu para o Pantera.
#PaulistasEmCampo
📷João Victor Menezes de Souza/Ag. Botafogo",,0,"07/24/2025 17:17",N/A,https://www.facebook.com/futebolpaulista/posts/pfbid06uscJjtEKDzDj77wEQWZ6uZk8ykBivsWHtWWtTBk8LuEzpZffpefDy8qV9NfJb3el,0,0,Fotos,,,,,Total,166492,127874,245,167,72,6,1496,793,703,0,,,,,,
1182524943910454,100064588783898,"Federação Paulista de Futebol - FPF","TÁ NA REDE! 🔥
Pega só o golaço que garantiu a vitória do Tricolor!
#PaulistasEmCampo 
🎥Divulgação/São Paulo","TÁ NA REDE! 🔥
Pega só o golaço que garantiu a vitória do Tricolor!
#PaulistasEmCampo 
🎥Divulgação/São Paulo",14,"07/24/2025 17:15",N/A,https://www.facebook.com/reel/1887773958730546/,0,0,Reels,,,,,Total,61809,50006,1991,1919,30,42,837,,837,0,,,,420586.41,8.853,0
1182518320577783,100064588783898,"Federação Paulista de Futebol - FPF","TRI-CO-LOOOOOR!
Luciano marca e garante mais uma vitória do São Paulo no Brasileirão!
#PaulistasEmCampo
📷Rubens Chiri/São Paulo",,0,"07/24/2025 17:03",N/A,https://www.facebook.com/futebolpaulista/posts/pfbid02pjs92M2XqyRR9RX5JhxTWcFCaSL8w41L6Hf5uXCdAmhcJQUQRJthqrZ5m6A8MaAJl,0,0,Fotos,,,,,Total,104075,79399,2242,2131,76,35,1019,462,557,0,,,,,,
1182428463920102,100064588783898,"Federação Paulista de Futebol - FPF","FIM DE SEMANA FEAT BEZINHA!
Assista à 15ª rodada do Paulista Sub-23 Segunda Divisão Sicredi AO VIVO no YouTube do @paulistao!
#Bezinha",,0,"07/24/2025 14:00",N/A,https://www.facebook.com/futebolpaulista/posts/pfbid029VbhE95yqemePRzLHgZGxtJTfV5BijxZEJ1nee6qYwHTa9Zy6GNZvwzHAmj7kv58l,0,0,Fotos,,,,,Total,8555,6557,38,34,0,4,52,35,17,0,,,,,,
1182137607282521,100064588783898,"Federação Paulista de Futebol - FPF","DOSE DUPLA DE TRICOLORES!
Enquanto o @saopaulofc visita o Juventude pelo @brasileirao, o @botafogosp recebe o Criciúma no @brasileiraob.
#PaulistasEmCampo",,0,"07/24/2025 06:00",N/A,https://www.facebook.com/futebolpaulista/posts/pfbid0whwiJg5v5sFJ6Lvb1Z3xY8S8mZ8cHiUNiACXHrcugbL5fcHuvhBvUrkueav9SyLhl,0,0,Fotos,,,,,Total,57121,42908,324,314,5,5,413,273,140,0,1,,,,,
1181764730653142,100064588783898,"Federação Paulista de Futebol - FPF","E é assim que termina mais uma quarta-feira de #PaulistasEmCampo. Se liga nos resultados.
#FutebolPaulista",,0,"07/23/2025 19:31",N/A,https://www.facebook.com/futebolpaulista/posts/pfbid037vJHAisL8YTzZcS92o8ASAepfb848MzTRiF6rpCdFqRKhxeNk9XSixQtuu2FJnful,0,0,Fotos,,,,,Total,121833,87535,371,337,14,20,1444,882,562,0,,,,,,
1181763700653245,100064588783898,"Federação Paulista de Futebol - FPF","Santos luta até o fim, mas não consegue buscar o resultado contra o Internacional.
#PaulistasEmCampo
📷Ricardo Duarte/Internacional",,0,"07/23/2025 19:29",N/A,https://www.facebook.com/futebolpaulista/posts/pfbid02Sx5xeJsebJsT6TackHjDiL9kRVARugz9pSQ1zmaeHcFEpX3Y1PKu9ZogztqEHaqGl,0,0,Fotos,,,,,Total,37950,26858,333,274,47,12,703,175,528,0,,,,,,
1181762753986673,100064588783898,"Federação Paulista de Futebol - FPF","Red Bull Bragantino leva a virada e acaba superado pelo Flamengo.
#PaulistasEmCampo
📷Ari Ferreira/Red Bull Bragantino",,0,"07/23/2025 19:28",N/A,https://www.facebook.com/futebolpaulista/posts/pfbid02MExgYasswAcaWwR2nHhbYV91qMcRhYCbaUZ4H8mq6bvVLuSD2sRdidvvH7FZx5UFl,0,0,Fotos,,,,,Total,122098,94331,300,284,5,11,849,566,283,0,,,,,,
1181724593990489,100064588783898,"Federação Paulista de Futebol - FPF","“OBRIGADO POR TUDO!” 👏👏👏
Cássio agradeceu o carinho da Fiel no reencontro dele com seu ex-clube! #PaulistasEmCampo","“OBRIGADO POR TUDO!” 👏👏👏
Cássio agradeceu o carinho da Fiel no reencontro dele com seu ex-clube! #PaulistasEmCampo",14,"07/23/2025 18:17",N/A,https://www.facebook.com/reel/1278929386947679/,1,0,Reels,,,,,Total,168092,118346,5299,5158,72,69,1378,,1378,0,,,,1057726.809,9.22,0
1181720157324266,100064588783898,"Federação Paulista de Futebol - FPF","Na abertura da sétima rodada, o Monte Azul levou a melhor pra cima do Araçatuba.
#CopaPaulistaSicredi
📷Gabriel Rocha/Araçatuba",,0,"07/23/2025 18:09",N/A,https://www.facebook.com/futebolpaulista/posts/pfbid0rWxfrtPwfCdusB6vDsBFg1FGM2ARw8JWAnG6Fb8pqzxgB3tEkBoytGD5Cj84MaKql,0,0,Fotos,,,,,Total,29701,21901,89,71,11,7,237,105,132,0,,,,,,
1181696120660003,100064588783898,"Federação Paulista de Futebol - FPF","PLACAR ZERADO!
Nada de gols na Neo Química Arena.
#PaulistasEmCampo
📷Marco Galvão/Cruzeiro",,0,"07/23/2025 17:33",N/A,https://www.facebook.com/futebolpaulista/posts/pfbid02vCnwvVGVyZMnodAJYm6WSgCSR9jF8dGALy2UBVUXbaHVRkpcg7WRjAwkg5aEuEGSl,0,0,Fotos,,,,,Total,20609,15700,102,92,3,7,195,71,124,0,,,,,,
1181683203994628,100064588783898,"Federação Paulista de Futebol - FPF","O LEÃO É GIGANTE!
Mirassol domina no Castelão e coloca mais três pontos na conta!
#PaulistasEmCampo
📷Iago Ferreira/Divulgação/Mirassol",,0,"07/23/2025 17:11",N/A,https://www.facebook.com/futebolpaulista/posts/pfbid02EtVAQ23PTTqCfPoWodR2QYov3vps6GGpaKLCHNrWfGxfEntpt7kruSsQE3WDcDHNl,0,0,Fotos,,,,,Total,132552,92551,1751,1559,146,46,2217,645,1572,0,,,,,,
1181681593994789,100064588783898,"Federação Paulista de Futebol - FPF","O MARACA É VERDE!
Palmeiras vira pra cima do Fluminense e embala a segunda vitória seguida no Brasileirão!
#PaulistasEmCampo
📷Cesar Greco/Palmeiras",,0,"07/23/2025 17:09",N/A,https://www.facebook.com/futebolpaulista/posts/pfbid02KFdojoWyRGtUEmi99KvSi9S91Wzbc13sz4S1uDSUJFds7dKuM9DbzajfYCKkT7yul,0,0,Fotos,,,,,Total,312982,234868,6886,6479,201,206,3967,1748,2218,0,1,2,1,,,
1181680243994924,100064588783898,"Federação Paulista de Futebol - FPF","MORDE, TIGRE!
No duelo do G4, Novorizontino faz o dever de casa e vence o líder da Série B!
#PaulistasEmCampo
📷Higor Basso/Novorizontino",,0,"07/23/2025 17:07",N/A,https://www.facebook.com/futebolpaulista/posts/pfbid02HAjqYDPMsfW6XUCdQbRvt5Bg8XuFGwiQUbrLkcibCh9nLjmwNzAG19UEKtd4dNDyl,0,0,Fotos,,,,,Total,76589,58514,327,301,15,11,725,369,356,0,,,,,,
1181633900666225,100064588783898,"Federação Paulista de Futebol - FPF","ÍDOLO! ⚫️⚪️
Antes da bola rolar, Cássio cumprimentou todo o time do Corinthians! 🥹 #PaulistasEmCampo","ÍDOLO! ⚫️⚪️
Antes da bola rolar, Cássio cumprimentou todo o time do Corinthians! 🥹 #PaulistasEmCampo",65,"07/23/2025 15:33",N/A,https://www.facebook.com/reel/786505590371164/,1,0,Reels,,,,,Total,564561,528790,19582,18135,898,549,20991,,20990,0,,,1,11417781.957,23.213,0
1181565464006402,100064588783898,"Federação Paulista de Futebol - FPF","A sexta rodada da Copa Paulista Sicredi chegou ao fim. Vamos aos resultados.
#CopaPaulistaSicredi",,0,"07/23/2025 13:07",N/A,https://www.facebook.com/futebolpaulista/posts/pfbid0hU6a6s95v4b9AG8RSGnhN2o6anDeKBJPWKXgHEkVAnpbmZ7s12Cr3RN4qy9tE1Bgl,0,0,Fotos,,,,,Total,29138,20327,190,170,13,7,453,181,272,0,,,,,,
1181486987347583,100064588783898,"Federação Paulista de Futebol - FPF","SERÁ QUE VAI TER GOL DO TIGRINHO?
Vitor Roque JOGOU MUITO no último domingo e a adm quer saber se hoje ele vai pras redes. Para acompanhar a partida do Verdão, se liga no YouTube do @paulistao, que vai rolar NARRAÇÃO AO VIVO!
#PaulistasEmCampo","SERÁ QUE VAI TER GOL DO TIGRINHO?
Vitor Roque JOGOU MUITO no último domingo e a adm quer saber se hoje ele vai pras redes. Para acompanhar a partida do Verdão, se liga no YouTube do @paulistao, que vai rolar NARRAÇÃO AO VIVO!
#PaulistasEmCampo",27,"07/23/2025 10:58",uploaded,https://www.facebook.com/reel/1407703197185236/,0,0,Reels,,,,,Total,78348,65459,2229,2188,14,27,352,,352,0,,,,817690.871,12.646,0
1181292827366999,100064588783898,"Federação Paulista de Futebol - FPF","DIA CHEIO!
Não vai faltar emoção nesta quarta-feira com #PaulistasEmCampo 🔥",,0,"07/23/2025 06:00",N/A,https://www.facebook.com/futebolpaulista/posts/pfbid065GsXKPRMFZhPqGFG58cJRfg2Jf8emW4aBjkKCcA9YEDqLzAqQs7a4afjYzqRCFdl,0,0,Fotos,,,,,Total,83457,62266,338,317,5,16,971,707,264,0,,,,,,
1180883190741296,100064588783898,"Federação Paulista de Futebol - FPF","Um gol e um ponto pra cada lado em Athletico x Ferroviária, pelo @brasileiraob! 🤝 #PaulistasEmCampo
📷 Ferroviária",,0,"07/22/2025 18:08",N/A,https://www.facebook.com/futebolpaulista/posts/pfbid032aFVx7Y4eVeZSqLZpQDBXpPcb9TG8x5324Z9xMnijNvPywwHSDay3wQatNXeZjU5l,0,0,Fotos,,,,,Total,58338,44314,279,228,31,20,673,203,470,0,,,,,,
1180786854084263,100064588783898,"Federação Paulista de Futebol - FPF","7ª RODADA NA ÁREA!
Preparados para mais uma rodada da #CopaPaulistaSicredi? Assista AO VIVO no YouTube do @paulistao e na Ulisses TV!",,0,"07/22/2025 15:00",N/A,https://www.facebook.com/futebolpaulista/posts/pfbid0dxdywJ4xMuj1i5XE2Bk72kduMCWtgLvQQx9YeWDQn53pbRM9qLWGtkx4AFtWRmP7l,0,0,Fotos,,,,,Total,18418,13095,98,87,3,8,290,181,109,0,,,,,,
1180754817420800,100064588783898,"Federação Paulista de Futebol - FPF","A MELHOR CAMPANHA É DO LEÃO! 🦁💪
A @interdelimeiraoficial está voando na #SérieD do Campeonato Brasileiro!
#PaulistasEmCampo",,0,"07/22/2025 13:53",N/A,https://www.facebook.com/futebolpaulista/posts/pfbid0VW4qp9SRxtNgQgs4DARuNpRPc5WnCE6GPyapvj3dRcbqGSFSwK9vZpnGFMuuQQZkl,0,0,Fotos,,,,,Total,20002,14523,281,242,24,15,260,63,197,0,,,,,,
1180468724116076,100064588783898,"Federação Paulista de Futebol - FPF","LOCOMOTIVA EM CAMPO!
A @afeoficial vai em busca dos três pontos no @brasileiraob.
#PaulistasEmCampo",,0,"07/22/2025 06:00",N/A,https://www.facebook.com/futebolpaulista/posts/pfbid02QniHkQoGyxBpXzMr1BuWh9xkfP4LdmiQ2pDKjk8oYBuWSy3WeZtqdYkLXitgS1Pfl,0,0,Fotos,,,,,Total,21221,15976,64,60,1,3,106,76,30,0,,,,,,
1180394787456803,100064588783898,"Federação Paulista de Futebol - FPF","NA HISTÓRIA!
Há 74 anos, diretamente do Maracanã, o Palmeiras empatava com a Juventus e conquistava o Mundial de 1951.
#BaúDoPaulistão",,0,"07/22/2025 04:00",N/A,https://www.facebook.com/futebolpaulista/posts/pfbid02f4CRG2RdEwpmcS9rJrZivGUXvNETt9SoX2Wdmp5T72pnEKKzWA4Qm6hFUR7MmDRYl,0,0,Fotos,,,,,Total,446729,288578,13340,10335,2711,294,24822,7350,17472,0,3,1,,,,
1180062667490015,100064588783898,"Federação Paulista de Futebol - FPF","Fora de casa, o Guarani sofre revés pela Série C.
#PaulistasEmCampo
📷 Raphael Silvestre/Guarani",,0,"07/21/2025 17:32",N/A,https://www.facebook.com/futebolpaulista/posts/pfbid02pN2Ku3ii1YvJZge9ZoSYQCnvoM5twPmotL8ffhjt26PpubCLcXQUULYbWvM8usFUl,0,0,Fotos,,,,,Total,94459,68758,506,387,111,8,1784,463,1321,0,,,,,,
1180046144158334,100064588783898,"Federação Paulista de Futebol - FPF","LUCIANO GOLEADOR! 
O camisa 10 do Tricolor marca gol y comemora sempre de um jeito diferente ⚽️🔥
#PaulistasEmCampo","LUCIANO GOLEADOR! 
O camisa 10 do Tricolor marca gol y comemora sempre de um jeito diferente ⚽️🔥
#PaulistasEmCampo",19,"07/21/2025 16:56",uploaded,https://www.facebook.com/reel/707182985519659/,0,0,Reels,,,,,Total,51344,46976,2263,2155,14,94,648,,648,0,,,,285817.113,6.226,0
1179986134164335,100064588783898,"Federação Paulista de Futebol - FPF","NAQUELE PIQUE! 
O torcedor do Tricolor vai começar a semana igual o Santo Paulo.
#PaulistasEmCampo","NAQUELE PIQUE! 
O torcedor do Tricolor vai começar a semana igual o Santo Paulo.
#PaulistasEmCampo",22,"07/21/2025 14:52",N/A,https://www.facebook.com/reel/24018985624430409/,1,0,Reels,,,,,Total,111396,107090,5316,5081,58,177,1237,,1237,0,,,,659431.085,6.638,0
1179643140865301,100064588783898,"Federação Paulista de Futebol - FPF","SEGUNDAMOS POR AQUI!
O Bugre vai em busca dos três pontos em um duelo fora de casa na #SérieC!
#PaulistasEmCampo",,0,"07/21/2025 06:00",N/A,https://www.facebook.com/futebolpaulista/posts/pfbid02cgbLvfTbVewfQPMFSLKANSXHmhPRuerf4kRG8jmzX3JuzN6f2xs2p6ffTCCvVnXGl,0,0,Fotos,,,,,Total,57440,44756,141,131,6,4,355,212,143,0,,,,,,
1179192277577054,100064588783898,"Federação Paulista de Futebol - FPF","E lá se foi mais um fim de semana de futebol com os #PaulistasEmCampo.
#FutebolPaulista",,0,"07/20/2025 17:25",N/A,https://www.facebook.com/futebolpaulista/posts/pfbid02j1kuMGWzWospqibuUcSS22sVR8oTvmc4p61B7apo1EjuPmyDviowugpctNEgJ3Stl,0,0,Fotos,,,,,Total,36665,26243,186,168,11,7,348,186,162,0,,,,,,
1179180997578182,100064588783898,"Federação Paulista de Futebol - FPF","É O TIGRE!
Um gol em cada tempo e mais três pontos na conta! Segura o São Bernardo!
#PaulistasEmCampo
📷Ricardo Perini/Divulgação/São Bernardo",,0,"07/20/2025 17:00",N/A,https://www.facebook.com/futebolpaulista/posts/pfbid02myDYvDp4DM6uJVcZeX1S9scfhso2odwjJMxxCvwQy3bAwkoUCMowuaoHwqyk6p7gl,0,0,Fotos,,,,,Total,66076,51928,126,113,5,8,472,307,165,0,1,,,,,
1179139890915626,100064588783898,"Federação Paulista de Futebol - FPF","AVANTI, PALESTRA!
O Verdão volta a vencer no Brasileirão!
#PaulistasEmCampo
📷Cesar Greco/Palmeiras",,0,"07/20/2025 15:34",N/A,https://www.facebook.com/futebolpaulista/posts/pfbid0Y8R1PdewCYS7dSjH2tTdH1qgYjdKxErT5KMtJgsQypst4ahpoYH4uBaaS4TYdBYMl,0,0,Fotos,,,,,Total,341423,247054,7666,7075,335,256,4102,1954,2148,0,2,1,,,,
1179120020917613,100064588783898,"Federação Paulista de Futebol - FPF","O Pantera sofreu o revés jogando no Amazonas.
#PaulistasEmCampo
📷Laiza Balieiro/Amazonas",,0,"07/20/2025 14:48",N/A,https://www.facebook.com/futebolpaulista/posts/pfbid02YDDgCZbxTPuokyhDiNabz2LWv2Y2DRj3PagjwfWDZjUu51hy4wxrq8puSjeMTTPfl,0,0,Fotos,,,,,Total,136323,101856,162,143,9,10,940,627,313,0,,1,,,,
1179099334253015,100064588783898,"Federação Paulista de Futebol - FPF","Hoje não deu para o Massa Bruta.
#PaulistasEmCampo
📷Ari Ferreira/Red Bull Bragantino",,0,"07/20/2025 14:01",N/A,https://www.facebook.com/futebolpaulista/posts/pfbid02t8Z1TMJdqhj9wVdV7powzwDo7LBtVnY1MFjS3p1Mct49g3Z7CUoP4465aJLaWwfrl,0,0,Fotos,,,,,Total,169412,128006,176,159,11,6,1346,898,448,0,,,,,,
1179075647588717,100064588783898,"Federação Paulista de Futebol - FPF","Três partidas agitaram a Copa Paulista Sicredi neste domingo de futebol.
#CopaPaulistaSicredi",,0,"07/20/2025 13:14",N/A,https://www.facebook.com/futebolpaulista/posts/pfbid0vi4bRG5N3q2crFvE8KUbtMQvZLMPb8WUnmKyx5Fa9FMpjLbbiAjamhz1wKoPJwXFl,0,0,Fotos,,,,,Total,14522,10515,103,80,17,6,194,71,123,0,,,,,,
1178786497617632,100064588783898,"Federação Paulista de Futebol - FPF","A BOLA VAI ROLAR!
Vem ver os confrontos desse domingo de #PaulistasEmCampo!",,0,"07/20/2025 06:00",N/A,https://www.facebook.com/futebolpaulista/posts/pfbid0T28Mqo4NY1LmjwnBggz7VjJPNUtUJ5Gxxpda8aWG8veB2gJmfG5igNPZGSa9pheWl,0,0,Fotos,,,,,Total,16151,12264,80,70,3,7,127,82,45,0,,,,,,
1178465790983036,100064588783898,"Federação Paulista de Futebol - FPF","É LUCIANO ⭐️
O camisa 10 gosta de jogar clássico, né? 
#PaulistasEmCampo","É LUCIANO ⭐️
O camisa 10 gosta de jogar clássico, né? 
#PaulistasEmCampo",29,"07/19/2025 20:33",N/A,https://www.facebook.com/reel/590820710522831/,1,0,Reels,,,,,Total,11759,11442,351,313,27,11,231,,231,0,,,,62148.043,5.655,0
1178427084320240,100064588783898,"Federação Paulista de Futebol - FPF","Que defesa do @goleiro_rafael 🧤
#PaulistasEmCampo #Majestoso","Que defesa do @goleiro_rafael 🧤
#PaulistasEmCampo #Majestoso",9,"07/19/2025 19:14",N/A,https://www.facebook.com/reel/1454229016000927/,1,0,Reels,,,,,Total,257971,205142,3370,3282,36,52,2304,,2304,0,,,,1235326.486,6.5,0
1178422700987345,100064588783898,"Federação Paulista de Futebol - FPF","Sabadão pra lá de agitado para os #PaulistasEmCampo. Se liga no que rolou ao longo do dia.
#FutebolPaulista",,0,"07/19/2025 19:04",N/A,https://www.facebook.com/futebolpaulista/posts/pfbid027Dg2EZ1LCyqpbKonWmqFVN9fPVfY3JvPWkGR43ivJ1tBvwfkzuvpLPH3iBttHaxQl,0,0,Fotos,,,,,Total,272309,188616,618,567,27,24,3652,2441,1211,0,1,,,,,
1178421107654171,100064588783898,"Federação Paulista de Futebol - FPF","MAJESTOSO É TRICOLOR!
Em noite de Luciano, São Paulo vence o Corinthians no MorumBIS!
#PaulistasEmCampo
📷Paulo Pinto/São Paulo",,0,"07/19/2025 19:01",N/A,https://www.facebook.com/futebolpaulista/posts/pfbid02YC1zzLJSFG1rAvWUGXEmb3Gy9byF8hM4UHNHgAvNL4kyu4WmBpCcNah2V1DCZSmil,0,0,Fotos,,,,,Total,314553,230992,5102,4617,285,200,3709,1802,1907,0,2,,,,,
1178388754324073,100064588783898,"Federação Paulista de Futebol - FPF","MAIS UM DELE!
O Luciano não deu tempo nem da adm postar o primeiro que já marcou o segundo gol! ⚽️⚽️
#PaulistasEmCampo #Majestoso","MAIS UM DELE!
O Luciano não deu tempo nem da adm postar o primeiro que já marcou o segundo gol! ⚽️⚽️
#PaulistasEmCampo #Majestoso",21,"07/19/2025 17:55",N/A,https://www.facebook.com/reel/1734930517124245/,1,0,Reels,,,,,Total,108870,102972,3641,3528,32,81,1672,,1672,0,,,,715809.427,7.529,0
1178388440990771,100064588783898,"Federação Paulista de Futebol - FPF","VIRA VIRA DA MACACA!
Ponte Preta reverte a desvantagem e sai com a vitória no Moisés Lucarelli!
#PaulistasEmCAmpo
📷Júlio César Costa/PontePress",,0,"07/19/2025 17:54",N/A,https://www.facebook.com/futebolpaulista/posts/pfbid0xZrQp4MpWYmye6KETDDzndxqCqjPdJCqUSnaxYvbFQ6zUaDEUUUEZzcryHPwmvtAl,0,0,Fotos,,,,,Total,143915,106768,726,653,57,16,1683,871,812,0,,,,,,
1178379894324959,100064588783898,"Federação Paulista de Futebol - FPF","É LUCIAAANOOOOO! 
O camisa 10 abre o placar no MorumBIS ⚽️
#PaulistasEmCampo #Majestoso","É LUCIAAANOOOOO! 
O camisa 10 abre o placar no MorumBIS ⚽️
#PaulistasEmCampo #Majestoso",20,"07/19/2025 17:35",N/A,https://www.facebook.com/reel/23927724413555889/,1,0,Reels,,,,,Total,91195,86341,3102,2943,52,107,2345,,2345,0,,,,566017.549,6.983,0
1178362544326694,100064588783898,"Federação Paulista de Futebol - FPF","Aquele cumprimento antes da bola rolar de lei, né? 🤝
#PaulistasEmCampo","Aquele cumprimento antes da bola rolar de lei, né? 🤝
#PaulistasEmCampo",13,"07/19/2025 16:57",N/A,https://www.facebook.com/reel/2082766845585688/,1,0,Reels,,,,,Total,147113,103915,4506,4444,23,39,1366,,1366,0,,,,861143.339,8.561,0
1178361747660107,100064588783898,"Federação Paulista de Futebol - FPF","QUE GOLAAAAAÇO!
Cristian arriscou da entrada da área e mandou a bola na gaveta do Santos!
#PaulistasEmCampo
🎥CazéTV","QUE GOLAAAAAÇO!
Cristian arriscou da entrada da área e mandou a bola na gaveta do Santos!
#PaulistasEmCampo
🎥CazéTV",28,"07/19/2025 16:55",mixed,https://www.facebook.com/reel/2775220972675998/,0,0,Reels,,,,,Total,30539,30160,315,290,16,9,518,,518,0,,,,238747.265,8.515,0
1178352594327689,100064588783898,"Federação Paulista de Futebol - FPF","VITÓRIA DO LEÃO!
O Mirassol fica com os três pontos no duelo paulista!
#PaulistasEmCampo
📷JP Pinheiro/Ag. Mirassol",,0,"07/19/2025 16:35",N/A,https://www.facebook.com/futebolpaulista/posts/pfbid035F7NmVkV5KtvwGZbQYXq9tVNAeUkBetNHKjSNBvFUWdHWR2sULT8v7Nj4tb2siwQl,0,0,Fotos,,,,,Total,267334,197109,2137,1760,286,91,3937,1428,2509,0,,,,,,
1178336127662669,100064588783898,"Federação Paulista de Futebol - FPF","Cinco partidas movimentaram o sabadão de Copa Paulista Sicredi. Se liga nos resultados.
#CopaPaulistaSicredi",,0,"07/19/2025 16:00",N/A,https://www.facebook.com/futebolpaulista/posts/pfbid0rTgeNokhot4qwvvqhbx67yaMpwRLJBzDYTsfWXmYFBEytdMF5tVYmxR3pNB4jekCl,0,0,Fotos,,,,,Total,19788,13949,112,99,7,6,304,139,165,0,,,,,,
1178335010996114,100064588783898,"Federação Paulista de Futebol - FPF","Mais uma rodada do Paulista Sub-23 Segunda Divisão Sicredi para a conta!
#Bezinha",,0,"07/19/2025 15:58",N/A,https://www.facebook.com/futebolpaulista/posts/pfbid056Nm5jAqfwciam46WiMTmNjwRkh672ftDwm6mjaCQtTVZQyXGrqmWni4FS4uagaHl,0,0,Fotos,,,,,Total,10048,7399,56,49,2,5,94,45,49,0,,,,,,
1178312404331708,100064588783898,"Federação Paulista de Futebol - FPF","LEÃO IMPARÁVEL!
Mais uma vitória na conta da Inter de Limeira!
#PaulistasEmCampo
📷Giovanni Mendes/Uberlândia",,0,"07/19/2025 15:07",N/A,https://www.facebook.com/futebolpaulista/posts/pfbid02JxVKCkPFpicJv6iJuAUBQUtsoiPVStiZJVRELWZz29jCkmyD3dUGF3VnhJLeGfENl,0,0,Fotos,,,,,Total,104382,76029,642,568,51,23,1399,683,716,0,,,,,,
1178310634331885,100064588783898,"Federação Paulista de Futebol - FPF","O Galo de Itu tropeçou no Novelli Junior.
#PaulistasEmCampo
📷Miguel Schincariol/Ituano",,0,"07/19/2025 15:03",N/A,https://www.facebook.com/futebolpaulista/posts/pfbid025d4cBTMM7RXFAYKCEtEP66dAJXz71XyyZqc5NGXMse7n9Ydbq3Cot9WXk53CDpQPl,0,0,Fotos,,,,,Total,48887,36972,215,146,62,7,734,219,515,0,,,,,,
1178294431000172,100064588783898,"Federação Paulista de Futebol - FPF","VAI, NETUNO!
Água Santa vence o Nova iguaçu e vai para a última rodada com chances de classificação na Série D!
#PaulistasEmCampo
🎥Divulgação/Água Santa","VAI, NETUNO!
Água Santa vence o Nova iguaçu e vai para a última rodada com chances de classificação na Série D!
#PaulistasEmCampo
🎥Divulgação/Água Santa",22,"07/19/2025 14:20",N/A,https://www.facebook.com/reel/630458123420065/,0,0,Reels,,,,,Total,7367,7285,61,57,1,3,66,,66,0,,,,36812.303,5.4,0
1178286284334320,100064588783898,"Federação Paulista de Futebol - FPF","É DIA DE MAJESTOSO NO @brasileirao! 🇾🇪⚔️🦅
Você conhece a história do clássico entre Tricolor e Timão? Vem descobrir um pouco mais e deixa o seu palpite para esse #DueloPaulista nos comentários!
#PaulistasEmCampo","É DIA DE MAJESTOSO NO @brasileirao! 🇾🇪⚔️🦅
Você conhece a história do clássico entre Tricolor e Timão? Vem descobrir um pouco mais e deixa o seu palpite para esse #DueloPaulista nos comentários!
#PaulistasEmCampo",92,"07/19/2025 14:00",auto,https://www.facebook.com/futebolpaulista/videos/1442250406915019/,0,0,Vídeos,,,,,Total,2970,2997,16,13,0,3,18,,18,531,,,,10840.739,3.862,0.05
1178285427667739,100064588783898,"Federação Paulista de Futebol - FPF","LUSAAAAAA!
A Portuguesa vence mais uma na Série D!
#PaulistasEmCampo
📷Renan Areias/Portuguesa",,0,"07/19/2025 13:59",N/A,https://www.facebook.com/futebolpaulista/posts/pfbid0gEM32wvFpC8hwN9nksqybdrvDAMgr7ddDgccNmBE4HPtnUaRLdwNK6feDUQxjSWjl,0,0,Fotos,,,,,Total,126042,95342,1047,945,67,35,1364,592,772,0,,,,,,
1178263037669978,100064588783898,"Federação Paulista de Futebol - FPF","Monte Azul leva gol nos acréscimos e acaba superado pelo Operário-MS.
#PaulistasEmCampo
📷Fran Zanini/Monte Azul",,0,"07/19/2025 13:10",N/A,https://www.facebook.com/futebolpaulista/posts/pfbid0BmCSyaSZxRtBCFugUr1NJGrazxwn9ynuXRU3ueqvMtTFjxBCv6t27b5Z3NMFCbWJl,0,0,Fotos,,,,,Total,86367,62494,162,139,16,7,673,425,248,0,,,,,,
1178196251009990,100064588783898,"Federação Paulista de Futebol - FPF","O HISTÓRICO DE MIRASSOL E SANTOS! ⚔️🌟
Leão e Peixe vão em busca da vitória em mais um #DueloPaulista! E aí, torcedor, qual o seu palpite para o jogo?
#PaulistasEmCampo","O HISTÓRICO DE MIRASSOL E SANTOS! ⚔️🌟
Leão e Peixe vão em busca da vitória em mais um #DueloPaulista! E aí, torcedor, qual o seu palpite para o jogo?
#PaulistasEmCampo",63,"07/19/2025 11:00",auto,https://www.facebook.com/futebolpaulista/videos/1260004245580504/,0,0,Vídeos,,,,,Total,5709,5868,56,50,5,1,129,,129,2062,,,,38710.807,7.11,0.22
1178124171017198,100064588783898,"Federação Paulista de Futebol - FPF","LEÃO E PEIXÃO EM CENA!
Mirassol e Santos entram em campo em mais um #DueloPaulista pelo @brasileirao.
#PaulistasEmCampo",,0,"07/19/2025 09:00",N/A,https://www.facebook.com/futebolpaulista/posts/pfbid02Bj84fjqnj42NwaeaD6jLv33wYe2AAZ9XEsCwM7QV5Ueo12Ye8YhoC9jhX7Ku1Bc6l,0,0,Fotos,,,,,Total,19586,14271,132,124,7,1,152,78,74,0,,,,,,
1178004351029180,100064588783898,"Federação Paulista de Futebol - FPF","PARA ABRIR O FIM DE SEMANA!
Tem clássico e trio de Duelo Paulista nesse sabadão lotado de muito Campeonato Brasileiro!
#PaulistasEmCampo",,0,"07/19/2025 06:00",N/A,https://www.facebook.com/futebolpaulista/posts/pfbid02iStHh2hjEX8fARZhAgX8isUydzJ4PzevTAELx8ssDVSEf1JT6Ewfu9eBN3joxJndl,0,0,Fotos,,,,,Total,48319,35320,293,254,20,19,743,454,289,0,,,,,,
1177937704369178,100064588783898,"Federação Paulista de Futebol - FPF","BORA PARA A 14ª RODADA!
Sábado recheado de Paulista Sub-23 Segunda Divisão Sicredi com todos os jogos AO VIVO no YouTube do @paulistao!
#Bezinha",,0,"07/19/2025 04:00",N/A,https://www.facebook.com/futebolpaulista/posts/pfbid026U6f4TE9x2n4Y7FpntqMghqc9UBxp4nQ2o8wVC7RhHYgeYLcnY2MtVGQSzatbqe8l,0,0,Fotos,,,,,Total,8736,6486,32,28,0,4,58,39,19,0,1,,,,,
1177905477705734,100064588783898,"Federação Paulista de Futebol - FPF","DIA DE CELEBRAR!
No #DiaNacionalDoFutebol, é dia de celebrar o esporte que nós somos Fanáticos!",,0,"07/19/2025 03:00",N/A,https://www.facebook.com/futebolpaulista/posts/pfbid02erjL4kBHm8VCP1vuKiRiWoFs8xHCNkET4ygahLYGowA3DUNVH4gTDdLLoQo9ajPZl,0,0,Fotos,,,,,Total,22041,16317,194,158,5,31,148,78,70,0,,,,,,
1164237959072486,100064588783898,"Federação Paulista de Futebol - FPF","GOOOOOOOL DO COMERCIAL! 
Felipe Rodrigues abre o placar para os donos da casa no Come-Fogo!
#CopaPaulistaSicredi","GOOOOOOOL DO COMERCIAL! 
Felipe Rodrigues abre o placar para os donos da casa no Come-Fogo!
#CopaPaulistaSicredi",23,"07/02/2025 15:19",N/A,https://www.facebook.com/reel/2311547959239645/,1,0,Reels,,,,,Total,17265,17118,298,249,40,9,519,,519,0,,,,110115.148,6.983,0
1164214245741524,100064588783898,"Federação Paulista de Futebol - FPF","DIA DE CLÁSSICO! 🤩
A bola vai rolar para o Come-Fogo na #CopaPaulistaSicredi! 
📷Célio Messias/Ag. Paulistão",,0,"07/02/2025 14:31",N/A,https://www.facebook.com/futebolpaulista/posts/pfbid02SggpEVpKrSi4PBSQJqWtoa7HkV1JDACMs73kj8c4zFZ3V1Vt8NZkgvdZn2aeifmnl,0,0,Fotos,,,,,Total,8127,6625,46,46,0,0,145,130,15,0,,,,,,
1177673217728960,100064588783898,"Federação Paulista de Futebol - FPF","A Ferroviária levou a virada na Arena da Fonte.
#PaulistasEmCampo
📷Luis Miguel Ferreira/Ferroviária",,0,"07/18/2025 19:38",N/A,https://www.facebook.com/futebolpaulista/posts/pfbid0wXMJB1sn2sZszPvPnCRq5b643Xf1qyXausAfUKbpJdxi69BGgWiakCpmuzggH7Bml,0,0,Fotos,,,,,Total,66954,48883,196,158,28,10,905,349,556,0,,,,,,
1177626931066922,100064588783898,"Federação Paulista de Futebol - FPF","VITÓRIA DO NHÔ QUIM!
O XV de Piracicaba levou a melhor pra cima do São Bento e ficou com os três pontos na Copa Paulista Sicredi.
#CopaPaulistaSicredi
📷Mariana Kasten/XV de Piracicaba",,0,"07/18/2025 18:05",N/A,https://www.facebook.com/futebolpaulista/posts/pfbid026v6CAgrWu9nquUG4jkopEVnPPJbcQCTFFgty91rbqyvowfoKx9sGiGsRb7HSRUpwl,0,0,Fotos,,,,,Total,46976,34722,375,310,50,15,495,226,269,0,,,,,,
1177193501110265,100064588783898,"Federação Paulista de Futebol - FPF","SEXTOU COM A FERROVIÁRIA!
A Locomotiva recebe o Athletic nessa noite de @brasileiraob!
#PaulistasEmCampo",,0,"07/18/2025 06:00",N/A,https://www.facebook.com/futebolpaulista/posts/pfbid02jhwrnccxKEa9zvkYFcYomTKE5TAYLHqwYUTVvEykRYpZd7Zo8UZ3ArmbRKfkf6bRl,0,0,Fotos,,,,,Total,23667,18326,64,60,3,1,116,71,45,0,1,,,,,
1176852777811004,100064588783898,"Federação Paulista de Futebol - FPF","TIGRE COM UM PONTO NA MALA! 🐯
O @oficialnovorizontino fica com o empate fora de casa pelo @brasileiraob!
#PaulistasEmCampo
📷 Ozzair Jr./Novorizontino",,0,"07/17/2025 19:33",N/A,https://www.facebook.com/futebolpaulista/posts/pfbid0sjwv7rcYwJkZqiWo6wFfrJ6DexdqUrsqDeiN6XKPZ5HEAjjcxdNkePuJELyHnpvKl,0,0,Fotos,,,,,Total,30007,21158,162,136,11,15,294,127,167,0,,,,,,
1176652187831063,100064588783898,"Federação Paulista de Futebol - FPF","ALÔ, TORCIDA DO VERDÃO! 👀🐷
Você lembra qual jogador marcou esse gol durante a última edição do Paulistão Sicredi?
#PaulistãoSicredi #Palmeiras","ALÔ, TORCIDA DO VERDÃO! 👀🐷
Você lembra qual jogador marcou esse gol durante a última edição do Paulistão Sicredi?
#PaulistãoSicredi #Palmeiras",18,"07/17/2025 13:00",N/A,https://www.facebook.com/reel/715507707920087/,1,0,Reels,,,,,Total,47944,49139,527,418,104,5,2692,,2692,0,,,,329743.771,7.474,0
1176495577846724,100064588783898,"Federação Paulista de Futebol - FPF","HORA DO DESAFIO! ☑️👀
Você sabe os emojis que representam cada um dos meus finalistas? Deixa aqui nos comentários! 👇
#FutebolPaulista #DiaDoEmoji",,0,"07/17/2025 09:00",N/A,https://www.facebook.com/futebolpaulista/posts/pfbid0UFYvCLeygwE4A1VxrnG3ZufhsxrFNZWNyKX66gN9X4fw6uLgYBGCEeLJNaDj9wvQl,0,0,Fotos,,,,,Total,12397,8918,36,30,4,2,177,85,92,0,,,,,,
1176426154520333,100064588783898,"Federação Paulista de Futebol - FPF","No Dia do Emoji, deixa aqui qual mais representa a temporada do seu time! 🤝⁉️
#FutebolPaulista #DiaDoEmoji",,0,"07/17/2025 07:00",N/A,https://www.facebook.com/futebolpaulista/posts/pfbid02x4ankXC4Gy31tEQgiF9wsbHQ8AFNymmZdiMCHFWFLAopzLPFh96mssUTwsSmu7DVl,0,0,Fotos,,,,,Total,4356,3221,28,14,11,3,38,7,31,0,,,,,,
1176389684523980,100064588783898,"Federação Paulista de Futebol - FPF","DUELO NO TOPO DO @brasileiraob!
O Tigre vai atrás dos três pontos contra o Remo na #SérieB do Campeonato Brasileiro!
#PaulistasEmCampo",,0,"07/17/2025 06:00",N/A,https://www.facebook.com/futebolpaulista/posts/pfbid0RnpAJgre9aYaKt3uFLsY6ZCw8qhDqzSPpn3ff1opP7T6Usp68VJfo5VGfCbCNjZ1l,0,0,Fotos,,,,,Total,51229,38141,284,196,84,4,879,380,499,0,,,,,,
1176068264556122,100064588783898,"Federação Paulista de Futebol - FPF","Quarta-feira finalizada para os #PaulistasEmCampo!
#FutebolPaulista",,0,"07/16/2025 19:34",N/A,https://www.facebook.com/futebolpaulista/posts/pfbid02yjzueY48DhbK3wNNgdE4pe91PAGaJCupJS1g2aLkAMQbZbRwXrk7yqR4pDVkQhyrl,0,0,Fotos,,,,,Total,51181,35988,353,323,11,19,685,285,400,0,,,,,,
1176067511222864,100064588783898,"Federação Paulista de Futebol - FPF","IGUALDADE EM BRAGANÇA PAULISTA!
Em duelo de quatro gols, Red Bull Bragantino e São Paulo ficaram no empate.
#PaulistasEmCampo
📷Ari Ferreira/Red Bull Bragantino",,0,"07/16/2025 19:32",N/A,https://www.facebook.com/futebolpaulista/posts/pfbid023yHYtx66mhVvFtwT3xVGLziwpvUrY6brzYbJNvTU12p6t7Yzy1BDKg3iYR8Fuu6Wl,0,0,Fotos,,,,,Total,38856,29176,317,264,47,6,645,168,476,0,,,1,,,
1176019921227623,100064588783898,"Federação Paulista de Futebol - FPF","SANTOS, SEMPRE SANTOS!
Com gol do Príncipe da Vila, o Peixe garante os três pontos pra cima do Flamengo.
#PaulistasEmCampo
📷Raul Baretta/Santos",,0,"07/16/2025 18:08",N/A,https://www.facebook.com/futebolpaulista/posts/pfbid0V81LVCyxS98es9Pzqs6EYs592LQP6xCUHh5KzykrJwyDnXWLDAYeuEc8Rk4UwiSml,0,0,Fotos,,,,,Total,226555,162611,4909,4287,476,146,4013,1440,2573,0,,,,,,
1176007877895494,100064588783898,"Federação Paulista de Futebol - FPF","VAI, CORINTHIANS!
Talles Magno marca e garante a vitória do Timão contra o Ceará!
#PaulistasEmCampo
📷Rodrigo Coca/Ag. Corinthians",,0,"07/16/2025 17:44",N/A,https://www.facebook.com/futebolpaulista/posts/pfbid02Qghw8VvmmBEfTMtdYkmkM3eJbWbBRyCqppYBQWQRfu2dubjPAoQaSobgDRkuMEAGl,0,0,Fotos,,,,,Total,211827,158820,4196,3907,173,116,2098,942,1156,0,,,,,,
1176001571229458,100064588783898,"Federação Paulista de Futebol - FPF","Ponto final na quinta rodada da Copa Paulista Sicredi!
#CopaPaulistaSicredi",,0,"07/16/2025 17:33",N/A,https://www.facebook.com/futebolpaulista/posts/pfbid02gXpRNv8w5gVuq1Sr1QhfGo9BWhP2yviC67yrg4n4gJ6VtnYZnHcwjQcf9r2pNZvZl,0,0,Fotos,,,,,Total,22694,16036,136,124,6,6,303,122,181,0,,,,,,
1175989254564023,100064588783898,"Federação Paulista de Futebol - FPF","EMPATE NO ALLIANZ!
Um gol para cada lado no duelo paulista.
#PaulistasEmCampo
📷Cesar Greco/Palmeiras",,0,"07/16/2025 17:07",N/A,https://www.facebook.com/futebolpaulista/posts/pfbid0pYj7Stwgamh5FTgHBhWWne5krWefWcg7i8NPzdzZLQR3EyQouq2J5nTzTUYxEbjGl,0,0,Fotos,,,,,Total,74421,55842,584,456,121,7,985,361,624,0,,1,,,,
1175907311238884,100064588783898,"Federação Paulista de Futebol - FPF","A BOLA VAI ROLAR PARA MAIS UM #DueloPaulista! ‼️🐂🇾🇪
Vem saber mais sobre o embate entre Massa Bruta e Tricolor. Quem vence em Bragança, torcedor?
#PaulistasEmCampo","A BOLA VAI ROLAR PARA MAIS UM #DueloPaulista! ‼️🐂🇾🇪
Vem saber mais sobre o embate entre Massa Bruta e Tricolor. Quem vence em Bragança, torcedor?
#PaulistasEmCampo",48,"07/16/2025 14:01",mixed,https://www.facebook.com/reel/1064917828608585/,0,0,Reels,,,,,Total,3066,3014,18,18,0,0,14,,14,0,,,,10090.839,3.467,0
1175907107905571,100064588783898,"Federação Paulista de Futebol - FPF","A BOLA VAI ROLAR PARA MAIS UM #DueloPaulista! ‼️🐂🇾🇪
Vem saber mais sobre o embate entre Massa Bruta e Tricolor. Quem vence em Bragança, torcedor?
#PaulistasEmCampo","A BOLA VAI ROLAR PARA MAIS UM #DueloPaulista! ‼️🐂🇾🇪
Vem saber mais sobre o embate entre Massa Bruta e Tricolor. Quem vence em Bragança, torcedor?
#PaulistasEmCampo",48,"07/16/2025 14:00",N/A,https://www.facebook.com/futebolpaulista/videos/1444536623560941/,0,0,Vídeos,,,,,Total,2458,2401,19,18,0,1,7,,7,547,,,,8246.588,3.488,0.05
1175894641240151,100064588783898,"Federação Paulista de Futebol - FPF","TUDO IGUAL!
Na abertura da sexta rodada da Copa Paulista Sicredi, Monte Azul e Grêmio Prudente ficaram no empate.
#CopaPaulistaSicredi
📷Fran Zanini/Monte Azul",,0,"07/16/2025 13:33",N/A,https://www.facebook.com/futebolpaulista/posts/pfbid0q89Nautifaxs8ycHkSR4TVQ7aVBYv6f492ufpSbkAJGKkrx8vYi5JG2JNi79hNTWl,0,0,Fotos,,,,,Total,47089,36215,77,71,2,4,352,223,129,0,,,,,,
1175876664575282,100064588783898,"Federação Paulista de Futebol - FPF","DIRETO DE BRAGANÇA PAULISTA!
Vai rolar mais um #DueloPaulista nesta quarta-feira. Quem vai levar a melhor entre o Massa Bruta e o Tricolor?
#PaulistasEmCampo",,0,"07/16/2025 13:00",N/A,https://www.facebook.com/futebolpaulista/posts/pfbid0LVc6UanceH9PrG85f7F6MZNbQnfD11EFBruV8F9YPngGD9hXGPsa9pgtrLHDS9e9l,0,0,Fotos,,,,,Total,14279,10798,51,44,5,2,95,41,54,0,,,,,,
1175803411249274,100064588783898,"Federação Paulista de Futebol - FPF","VOCÊ CONHECE O HISTÓRICO DO CONFRONTO ENTRE PALMEIRAS E MIRASSOL? 👀🐷🦁
É dia de Verdão e Leão se enfrentarem em busca da vitória no @brasileirao. E aí, quem leva a melhor no #DueloPaulista de hoje?
#PaulistasEmCampo","VOCÊ CONHECE O HISTÓRICO DO CONFRONTO ENTRE PALMEIRAS E MIRASSOL? 👀🐷🦁
É dia de Verdão e Leão se enfrentarem em busca da vitória no @brasileirao. E aí, quem leva a melhor no #DueloPaulista de hoje?
#PaulistasEmCampo",50,"07/16/2025 12:01",auto,https://www.facebook.com/reel/1063447019104171/,0,0,Reels,,,,,Total,2543,2542,18,17,0,1,10,,10,0,,,,12354.306,5.124,0
1175802787916003,100064588783898,"Federação Paulista de Futebol - FPF","VOCÊ CONHECE O HISTÓRICO DO CONFRONTO ENTRE PALMEIRAS E MIRASSOL? 👀🐷🦁
É dia de Verdão e Leão se enfrentarem em busca da vitória no @brasileirao. E aí, quem leva a melhor no #DueloPaulista de hoje?
#PaulistasEmCampo","VOCÊ CONHECE O HISTÓRICO DO CONFRONTO ENTRE PALMEIRAS E MIRASSOL? 👀🐷🦁
É dia de Verdão e Leão se enfrentarem em busca da vitória no @brasileirao. E aí, quem leva a melhor no #DueloPaulista de hoje?
#PaulistasEmCampo",50,"07/16/2025 12:00",auto,https://www.facebook.com/futebolpaulista/videos/1634734717211610/,0,0,Vídeos,,,,,Total,2377,2237,21,19,1,1,16,,16,570,,,,10403.633,4.621,0.05
1175754137920868,100064588783898,"Federação Paulista de Futebol - FPF","VERDÃO DE VOLTA COM DUELO PAULISTA! 🐷⚔️🦁
O Palmeiras reencontra a torcida alviverde no Allianz Parque, em busca dos três pontos contra o Leão no @brasileirao!
#PaulistasEmCampo",,0,"07/16/2025 11:00",N/A,https://www.facebook.com/futebolpaulista/posts/pfbid0N2wSB8XAD9pp4xgjbPVwNkNMsKF1xDVgZ1wJw2YBpdi7iYDafG6vCsBGudbzsR2Ll,0,0,Fotos,,,,,Total,45504,33544,366,329,29,8,486,257,229,0,,,,,,
1175568954606053,100064588783898,"Federação Paulista de Futebol - FPF","QUARTA DE JOGAÇOS! 
Com Duelo Paulista em dose dupla, a quarta-feira tá recheada de #PaulistasEmCampo!",,0,"07/16/2025 06:00",N/A,https://www.facebook.com/futebolpaulista/posts/pfbid0KygXb3zNGcj4yXYWm1dUcDxb8PkQ1WetFNTLcTE1WSKw5gwEXh28TAmcLywnrNnml,0,0,Fotos,,,,,Total,25039,17488,273,238,16,19,356,222,134,0,,,,,,
1175568857939396,100064588783898,"Federação Paulista de Futebol - FPF","MAIS TRÊS!
A quarta-feira vai ser movimentada na #CopaPaulistaSicredi 🔥",,0,"07/16/2025 06:00",N/A,https://www.facebook.com/futebolpaulista/posts/pfbid0AeeyB32s8KiL2HG8Hu7B3Pw8Y5N7f7iHS5or1yX6o1jeCqMregEKX1qVNCSUs76rl,0,0,Fotos,,,,,Total,8095,6044,42,39,0,3,42,26,16,0,,,,,,
1175133281316287,100064588783898,"Federação Paulista de Futebol - FPF","VAI COMEÇAR MAIS UMA!
A sexta rodada da Copa Paulista Siredi chegou! Vem ver os confrontos.  
#CopaPaulistaSicredi",,0,"07/15/2025 16:00",N/A,https://www.facebook.com/futebolpaulista/posts/pfbid0rkB8ceMmqCyasLCvKxRQmaV3KZfEX6PsdU8rdF6Yh5xtUL3Cu8XZM2p4J813Wc2Nl,0,0,Fotos,,,,,Total,26112,18799,189,157,14,18,544,323,221,0,,,,,,
1174934931336122,100064588783898,"Federação Paulista de Futebol - FPF","ALERTA DE CURSO NOVO 🚨
Se você deseja atuar de forma qualificada pelo fortalecimento da modalidade no Brasil, venha para a FPF Academia! O Curso Gestão de Futebol Feminino está com VAGAS ABERTAS ⚠️

🔗 bit.ly/4kGmKS8 🔗

#FPFAcademia #FPF #FutebolFeminino",,0,"07/15/2025 09:59",N/A,https://www.facebook.com/futebolpaulista/posts/pfbid0waJKWVFh6ZVZfy8XrCH8yV2RtnHTaQq7wyiKDW3oVdDRg5Bpgyd5zHSJNCANJJSsl,0,0,Fotos,,,,,Total,5624,3996,22,17,3,2,18,8,6,0,,,4,,,
1174432978052984,100064588783898,"Federação Paulista de Futebol - FPF","Empate sem gols pra Botafogo x Volta Redonda, pelo @brasileiraob! #PaulistasEmCampo
📷 João Victor Menezes de Souza/Agência Botafogo",,0,"07/14/2025 19:35",N/A,https://www.facebook.com/futebolpaulista/posts/pfbid02S5XEQURzku62hr9tBaA9eHYkC5kxdgYfgobqUUHACD7b8RuxBYoGK1kyPhWJ9SECl,0,0,Fotos,,,,,Total,21610,16405,65,54,6,5,246,100,146,0,,,,,,
1174354144727534,100064588783898,"Federação Paulista de Futebol - FPF","Fim de mais um dia de #CopaPaulistaSicredi! 🤝",,0,"07/14/2025 17:08",N/A,https://www.facebook.com/futebolpaulista/posts/pfbid0uYu4zcuy6pdqSK82GFPy4LdAmQGdzBCumxD9BGJqz7yWVDqooYsnL7qvTu72eymyl,0,0,Fotos,,,,,Total,11741,8636,46,43,1,2,91,37,54,0,,,,,,
1174352511394364,100064588783898,"Federação Paulista de Futebol - FPF","MAIS 3 PONTOS PRO RAMALHÃO! 🔥
O Santo André levou a melhor pra cima do Oeste na #CopaPaulistaSicredi!
📷 Victor Bessa/Divulgação/Santo André",,0,"07/14/2025 17:05",N/A,https://www.facebook.com/futebolpaulista/posts/pfbid02qZ3Xq8iGjvGA7i4KGvsjA9Na2fUmS167YGXRz6JGMFanB8HMaZ2ksnrAMRHcUiPZl,0,0,Fotos,,,,,Total,26568,19336,107,100,5,2,188,81,107,0,,,,,,
1174350211394594,100064588783898,"Federação Paulista de Futebol - FPF","VITÓRIA DO BUGRE! 🤩
O Guarani venceu o Rio Branco na 5ª rodada da #CopaPaulistaSicredi!
📷 Raphael Silvestre/GuaraniFC",,0,"07/14/2025 17:00",N/A,https://www.facebook.com/futebolpaulista/posts/pfbid0MQ8pAqB7MNgdHfHF4Q5ZBRxgFKDHS5db7qFd1mYX6LZSERqABJwut6FvnSf9LvEHl,0,0,Fotos,,,,,Total,57030,41468,295,280,10,5,505,232,273,0,,,,,,
1174319654730983,100064588783898,"Federação Paulista de Futebol - FPF","""UM GRANDE PASSO!"" 🐷🆕
O novo reforço do Verdão, @ramon.sosa17 falou sobre sua chegada ao Palmeiras!
#PaulistasEmCampo #Palmeiras",,0,"07/14/2025 16:00",N/A,https://www.facebook.com/futebolpaulista/posts/pfbid0j5udvxTVPHB1UtTsTMuQGdiMN6wEiWrZ18EdQYsq1oiiQ1ngKtHuKJZXaxs63DRsl,0,0,Fotos,,,,,Total,79610,52221,1531,1379,126,26,895,365,530,0,,1,,,,
1174255671404048,100064588783898,"Federação Paulista de Futebol - FPF","VOCÊ SABE, TORCEDOR? 🏃⁉️
E aí, quem marcou esse gol do Massa Bruta na última edição do Paulistão Sicredi? Deixa aqui nos comentários! 
#PaulistãoSicredi #RedBullBragantino","VOCÊ SABE, TORCEDOR? 🏃⁉️
E aí, quem marcou esse gol do Massa Bruta na última edição do Paulistão Sicredi? Deixa aqui nos comentários! 
#PaulistãoSicredi #RedBullBragantino",14,"07/14/2025 13:55",N/A,https://www.facebook.com/reel/4216774795270106/,0,0,Reels,,,,,Total,7166,7086,19,18,1,0,71,,71,0,,,,35031.428,5.296,0
1174255064737442,100064588783898,"Federação Paulista de Futebol - FPF","VOCÊ SABE, TORCEDOR? 🏃⁉️
E aí, quem marcou esse gol do Massa Bruta na última edição do Paulistão Sicredi? Deixa aqui nos comentários! 
#PaulistãoSicredi #RedBullBragantino","VOCÊ SABE, TORCEDOR? 🏃⁉️
E aí, quem marcou esse gol do Massa Bruta na última edição do Paulistão Sicredi? Deixa aqui nos comentários! 
#PaulistãoSicredi #RedBullBragantino",14,"07/14/2025 13:54",N/A,https://www.facebook.com/futebolpaulista/videos/1154953263126229/,0,0,Vídeos,,,,,Total,13191,11900,43,38,5,0,180,,180,0,,,,72082.845,6.274,0
1174216654741283,100064588783898,"Federação Paulista de Futebol - FPF","CAMISAS DE PESO...
O que não falta no #FutebolPaulista são jogadores e camisas históricas, né? Faltou alguém nessa lista?",,0,"07/14/2025 12:36",N/A,https://www.facebook.com/futebolpaulista/posts/pfbid033AS8CnQd4z4VW1nJCBZuGzbzNcxXnNCR5fmyqTF563G2WFprBnRNQNkMyZWpag4ml,0,0,Fotos,,,,,Total,51555,31759,479,408,49,22,4324,3331,993,0,,,,,,
1174033311426284,100064588783898,"Federação Paulista de Futebol - FPF","PRA COMEÇAR A SEMANA!
Hoje tem Pantera em campo pelo @brasileiraob.
#PaulistasEmCampo",,0,"07/14/2025 08:06",N/A,https://www.facebook.com/futebolpaulista/posts/pfbid02KyMSXzBnDPyQ2d32SM64DuDB7T77JSBXdtUcJRZXEU4z5XN1JpjaJjuy8HhLGgDAl,0,0,Fotos,,,,,Total,10585,8120,43,37,3,3,68,35,33,0,,,,,,
1173991911430424,100064588783898,"Federação Paulista de Futebol - FPF","MAIS DOIS!
Estes são os jogos desta segunda na Copa Paulista Sicredi.
#CopaPaulistaSicredi",,0,"07/14/2025 06:59",N/A,https://www.facebook.com/futebolpaulista/posts/pfbid02EVLHopQ4oScgUjVJcPT1jLEKdPgN6a9iwEHYdFBjmAkhXkrkztERKfFvRpSwUTPfl,0,0,Fotos,,,,,Total,12020,8859,45,41,1,3,72,36,36,0,,,,,,
1173915694771379,100064588783898,"Federação Paulista de Futebol - FPF","107 ANOS DA @fnfoficial!
Feliz aniversário para a Federação Norte-Rio-Grandense de Futebol!
#FutebolPaulista #Aniversário",,0,"07/14/2025 05:00",N/A,https://www.facebook.com/futebolpaulista/posts/pfbid04sVMM3kXxtUw4VjozZXwSLnbQidEC6XsLt66NWbFgY1X7378y8cXsBFxgfKqFBTql,0,0,Fotos,,,,,Total,4203,3159,16,14,0,2,14,10,4,0,,,,,,
1173896471439968,100064588783898,"Federação Paulista de Futebol - FPF","TRICOLOR & TRICAMPEÃO! 🇾🇪🏆🏆🏆
Há 20 anos, o @saopaulofc derrotava o Athetico-PR na decisão e se tornava o primeiro brasileiro tricampeão da Libertadores!
#BaúDoPaulistao #SãoPaulo",,0,"07/14/2025 04:30",N/A,https://www.facebook.com/futebolpaulista/posts/pfbid02nRs6Kfy4jeKnKJWaiwYKqQ7DJCKwNbEuUoi28j32QvcjaBbm8h8f9xCrJAxjPY6jl,0,0,Fotos,,,,,Total,47031,34029,1891,1408,431,52,977,170,807,0,,,,,,
1173518254811123,100064588783898,"Federação Paulista de Futebol - FPF","Ponto final no domingo de #PaulistasEmCampo.
#FutebolPaulista",,0,"07/13/2025 17:16",N/A,https://www.facebook.com/futebolpaulista/posts/pfbid02nPu5S2P82LTyt7R7rfwn7SWnBBPcoC6W6yA3dkuTnv8smRBB2YNd682BJf7KsHwVl,0,0,Fotos,,,,,Total,29907,21555,208,181,19,8,272,125,147,0,,,,,,
1173512934811655,100064588783898,"Federação Paulista de Futebol - FPF","É O MASSA BRUTA!
Red Bull Bragantino marca no último lance e fica com a vitória pra cima do Corinthians.
#PaulistasEmCampo
📷 Ari Ferreira/Red Bull Bragantino",,0,"07/13/2025 17:06",N/A,https://www.facebook.com/futebolpaulista/posts/pfbid02eJd5XAHYphZXu2cJikTbRYK9AjHeCf5BRcvJgePu4DK5m3S5bVjUBMqpUMRh7zJ1l,0,0,Fotos,,,,,Total,309316,220317,2790,2040,589,161,3905,1499,2406,0,,,,,,
1173437128152569,100064588783898,"Federação Paulista de Futebol - FPF","ZERADO!
Nada de gols para Guarani e Ituano.
#PaulistasEmCampo
📷Miguel Schincariol/Ituano",,0,"07/13/2025 14:26",N/A,https://www.facebook.com/futebolpaulista/posts/pfbid0TBC6cchfb3WBLNFn22pTWyTypVw9E4W1aQcNbvgMuDnDzcPKod2cmkWVnx1ATz5rl,0,0,Fotos,,,,,Total,35148,27152,148,115,28,5,379,124,255,0,,,,,,
1173433904819558,100064588783898,"Federação Paulista de Futebol - FPF","A Locomotiva Grená não conseguiu pontuar fora de casa.
#PaulistasEmCampo
📷Luis Miguel Ferreira/Ferroviária",,0,"07/13/2025 14:19",N/A,https://www.facebook.com/futebolpaulista/posts/pfbid034RiLdYCJAXQZrgz37NToanwuiBiqVuxeimm3yemDKxKthJm52puFwwLPYdFedmqql,0,0,Fotos,,,,,Total,27810,21000,137,105,27,5,284,92,192,0,,,,,,
1173398354823113,100064588783898,"Federação Paulista de Futebol - FPF","É DIA DE DUELO PAULISTA! 🦅⚔️🐂
Vem relembrar o histórico entre Timão e Massa Bruta! Quem leva a melhor no confronto desse domingo? 👀
#PaulistasEmCampo #DuelosPaulistas #Corinthians #RedBullBragantino","É DIA DE DUELO PAULISTA! 🦅⚔️🐂
Vem relembrar o histórico entre Timão e Massa Bruta! Quem leva a melhor no confronto desse domingo? 👀
#PaulistasEmCampo #DuelosPaulistas #Corinthians #RedBullBragantino",62,"07/13/2025 13:00",auto,https://www.facebook.com/reel/4294643967424251/,1,0,Reels,,,,,Total,2833,2681,22,19,0,3,6,,6,0,,,,11168.479,4.145,0
1173368771492738,100064588783898,"Federação Paulista de Futebol - FPF","DIA DE PAULISTAS EM CAMPO! 🦅⚔️🐂
O @brasileirao tá de volta e com direito a Duelo Paulista: Timão e Massa Bruta vão com tudo em busca dos três pontos!
#PaulistasEmCampo",,0,"07/13/2025 12:00",N/A,https://www.facebook.com/futebolpaulista/posts/pfbid0LJMg3i3q2HKrsHSgk1tMCH5pirrRS7A88RD6kdjV2ZxDeVhd9AHZKpknXHPD5Hqgl,0,0,Fotos,,,,,Total,17179,13007,109,86,22,1,132,49,83,0,,,,,,
1173241548172127,100064588783898,"Federação Paulista de Futebol - FPF","No único jogo deste domingo de Copa Paulista Sicredi, Portuguesa Santista e São José ficaram no empate.
#CopaPaulistaSicredi
📷João Jardim/Portuguesa Santista",,0,"07/13/2025 09:10",N/A,https://www.facebook.com/futebolpaulista/posts/pfbid02T4RKQq1Ube8zHNKVT38AicwZvgXmmwMSj5nU8o2ZxcYXKVRMzoxMFeDBrMTdTC79l,0,0,Fotos,,,,,Total,13328,9481,53,50,2,1,80,50,30,0,,,,,,
1173241308172151,100064588783898,"Federação Paulista de Futebol - FPF","Vem conferir os resultados de mais uma rodada no Paulista Sub-23 Segunda Divisão Sicredi!
#Bezinha",,0,"07/13/2025 09:10",N/A,https://www.facebook.com/futebolpaulista/posts/pfbid02sc5meojWpibS5mQkTmG4XpRs4o6FLPDdEL3uWKaFFrkVQoyk88vkMeCqvaFsKxYdl,0,0,Fotos,,,,,Total,8339,6071,53,49,1,3,85,39,46,0,,,,,,
1173189061510709,100064588783898,"Federação Paulista de Futebol - FPF","I WAS MADE FOR LOVING...
Nada como comemorar o #DiaMundialDoRock com dose dupla de Duelos Paulistas!
#PaulistasEmCampo",,0,"07/13/2025 08:00",N/A,https://www.facebook.com/futebolpaulista/posts/pfbid03CWbR5Yfa4yDxcd9eG8ubVXoaYUg1CLKj9MH4cD1SbLC7q9L9ZdoJrT2WiTsv195l,0,0,Fotos,,,,,Total,16468,12463,107,91,12,4,156,47,109,0,,,,,,
1173102851519330,100064588783898,"Federação Paulista de Futebol - FPF","WE WILL ROCK YOU! 🤘😛
Dia Mundial do Rock e vamos comemorar do jeito que mais gostamos: com dois duelos paulistas!
#PaulistasEmCampo #DiaMundialDoRock",,0,"07/13/2025 06:00",N/A,https://www.facebook.com/futebolpaulista/posts/pfbid02cE48uR4MuDj67K8sVJstQFwbwoMakemU3kpZu1ta95eG6Cpu63dxui5tenAo4g1ml,0,0,Fotos,,,,,Total,16185,11685,72,64,3,5,103,67,36,0,,,,,,
1172989644863984,100064588783898,"Federação Paulista de Futebol - FPF","DOMINGANDO!
Portuguesa Santista e São José fazem mais um jogo da #CopaPaulistaSicredi 🔥",,0,"07/13/2025 03:00",N/A,https://www.facebook.com/futebolpaulista/posts/pfbid0WtZ8wWgLB2j3usGUbG3BjqgAfn7cFKVDaDAVrQ8Qooa4UzdLtn512R29tcwGHpVpl,0,0,Fotos,,,,,Total,9293,6958,42,38,2,2,62,26,36,0,,,,,,
1172650204897928,100064588783898,"Federação Paulista de Futebol - FPF","Sábado de Copa Paulista Sicredi! ✅
#CopaPaulistaSicredi",,0,"07/12/2025 16:09",N/A,https://www.facebook.com/futebolpaulista/posts/pfbid04XqB1LG11xUNAwgS4Kerk22KjwhFmY3bg122oYsW6r2wJCQxHZDwJMnjCo7K1UbLl,0,0,Fotos,,,,,Total,15228,10749,96,91,1,4,165,89,76,0,,,,,,
1172630381566577,100064588783898,"Federação Paulista de Futebol - FPF","Assim foi o sabadão recheado de #PaulistasEmCampo!
#FutebolPaulista",,0,"07/12/2025 15:31",N/A,https://www.facebook.com/futebolpaulista/posts/pfbid02iy8rjAmJPqBNeiMu1Jac1m28Q875UgUCBHnBJDct1f4cKnjjNkng8A8JsDwinjYcl,0,0,Fotos,,,,,Total,38112,26125,324,289,25,10,610,273,337,0,,,,,,
1172619851567630,100064588783898,"Federação Paulista de Futebol - FPF","CLASSIFICAÇÃO GARANTIDA!
Portuguesa faz o dever de casa contra o Água Santa e carimba a passagem para a segunda fase da Série D.
#PaulistasEmCampo
📷Divulgação/Portuguesa",,0,"07/12/2025 15:08",N/A,https://www.facebook.com/futebolpaulista/posts/pfbid0omWnQE865VMDj3WXJeJEDtV4ejKiHRbyAwdAn22EjaJ9o7b4NuyxjAVgAVbWq8Qal,0,0,Fotos,,,,,Total,94120,66485,1068,969,74,25,1196,481,715,0,1,,,,,
1172619278234354,100064588783898,"Federação Paulista de Futebol - FPF","É O TIGRE!
São Bernardo leva a melhor da cima da Ponte Preta e garante mais uma vitória na Série C.
#PaulistasEmCampo
📷Rafael Lopes/Divulgação/São Bernardo",,0,"07/12/2025 15:07",N/A,https://www.facebook.com/futebolpaulista/posts/pfbid02G9L3HxoxqanSZSry6qhPMWTpFVBHFYAPBGTLupx2BnjcmATPPZ5WwDbVcF56AEBDl,0,0,Fotos,,,,,Total,44032,33014,276,215,51,10,630,218,412,0,,,,,,
1172616281567987,100064588783898,"Federação Paulista de Futebol - FPF","Mauaense e Tanabi ficam no empate. ECUS vence o Guarulhos.
Este foi o sábado de PaulistaSub-23 Segunda Divisão Sicredi.
#Bezinha",,0,"07/12/2025 15:02",N/A,https://www.facebook.com/futebolpaulista/posts/pfbid0qu95jeUxzTwf7Yyrd8RJZThADM3VSL4C3V6zpYUnouor9Mo8v6G5JSZ6Qp1oUqDUl,0,0,Fotos,,,,,Total,7415,5674,27,25,0,2,42,26,16,0,,,,,,
1172605324902416,100064588783898,"Federação Paulista de Futebol - FPF","Fim de jogo no Maracanã. São Paulo é superado pelo Flamengo na reestreia de Hernán Crespo.
#PaulistasEmCampo
📷Adriano Fontes/Flamengo",,0,"07/12/2025 14:37",N/A,https://www.facebook.com/futebolpaulista/posts/pfbid02tHj5cNhhpfWD432M2pc8CAxPh2UeQjBJTjp4DNii6hMeRmYBPCzLgnhjk7qXhBrbl,0,0,Fotos,,,,,Total,67723,48007,877,612,226,39,1474,380,1094,0,,,,,,
1172594651570150,100064588783898,"Federação Paulista de Futebol - FPF","VIRADA DO TIGRE!
Novorizontino larga atrás no placar, mas reage e garante os três pontos pra cima do América-MG.
#PaulistasEmCampo
📷Higor Basso/Novorizontino",,0,"07/12/2025 14:19",N/A,https://www.facebook.com/futebolpaulista/posts/pfbid02hjGxqp9bXMGG9nAQxtTnJjrVwB43WtgVtepL2Kd78cvU43kzamwBGBYGsgxCvFeXl,0,0,Fotos,,,,,Total,25189,17964,239,223,9,7,298,124,174,0,,,,,,
1172568518239430,100064588783898,"Federação Paulista de Futebol - FPF","VITÓRIA DO LEÃO!
A Inter de Limeira leva a melhor no duelo paulista.
#PaulistasEmCampo
📷Fran Zanini/Divulgação/Monte Azul",,0,"07/12/2025 13:22",N/A,https://www.facebook.com/futebolpaulista/posts/pfbid0gACLVFEpY8BxesX22tuX47n6dCtBTk6bjrJkQ2LGYZZtpQyv144RRG6Bjs9hF46nl,0,0,Fotos,,,,,Total,34018,24735,334,301,26,7,588,205,383,0,,,,,,
1172556168240665,100064588783898,"Federação Paulista de Futebol - FPF","ESSA É SÓ PRA QUEM USA O MANTO DO TIMÃO!
Não tem como pensar nessas camisas do @corinthians e não pensar nesses jogadores, né, Fiel? Faltou alguém aqui? 👀
#PaulistasEmCampo #Corinthians",,0,"07/12/2025 13:00",N/A,https://www.facebook.com/futebolpaulista/posts/pfbid036tETC28BgjAdhWDtnbCjLgpDrAScM1E9B6tbZmeqxPyETfwCNCvWhPt2ouzWXDebl,0,0,Fotos,,,,,Total,17790,12450,249,218,17,14,603,414,189,0,,,,,,
1172380548258227,100064588783898,"Federação Paulista de Futebol - FPF","CAMISA DA BRANCA LISTRADA QUE HOJE VESTI!
Seja na camisa tradicional ou listrada, o que não falta é identificação desses jogadores com o manto Tricolor! Faltou alguém na lista, torcedor?
#PaulistasEmCampo #SãoPaulo",,0,"07/12/2025 08:00",N/A,https://www.facebook.com/futebolpaulista/posts/pfbid02oDQUPRLBhohQaVtNBVj7WLNRj9jZ654FNqXZfjUMfdV6Gu2EvETfKVKHNAcVWqygl,0,0,Fotos,,,,,Total,12124,8655,114,105,6,3,331,247,84,0,,,,,,
1172338134929135,100064588783898,"Federação Paulista de Futebol - FPF","DIA CHEIO!
Cinco jogos da #CopaPaulistaSicredi animam este sabadão 🤩",,0,"07/12/2025 07:00",N/A,https://www.facebook.com/futebolpaulista/posts/pfbid02JWVn6WktsXw1WJuP8QxTCg5GdFKh9cUVgfZmrxAZ6Mq4SXNY8aYjr3A4eHQ6ouojl,0,0,Fotos,,,,,Total,9329,6748,36,32,1,3,68,40,28,0,,,,,,
1172301211599494,100064588783898,"Federação Paulista de Futebol - FPF","DIA CHEIO! ‼️🤝
Tem volta do @brasileirao com jogaço, duelo paulista em dose tripla e o Tigre buscando o topo do @brasileiraob!
#PaulistasEmCampo",,0,"07/12/2025 06:00",N/A,https://www.facebook.com/futebolpaulista/posts/pfbid0NpopPV9by6XrhvrP3wYNuZ16oMbmPnne5eCd1JvHnczR2FwKCkMkccmKQVzfqSPWl,0,0,Fotos,,,,,Total,26685,18711,186,170,7,9,314,192,122,0,,,,,,
1171855221644093,100064588783898,"Federação Paulista de Futebol - FPF","É UM ORGULHO QUE NEM TODOS PODEM TER!
Camisa do Rei, camisa do Príncipe... Faltou algum manto histórico da galeria do Peixão, torcedor? 
#PaulistasEmCampo #Santos",,0,"07/11/2025 16:00",N/A,https://www.facebook.com/futebolpaulista/posts/pfbid02DFFjA4Gp5V5MWxUNfQVzVw8d4xX8A5CucDHV9bwYHbrZnCsZ5crbAy5MKpMTqM5Zl,0,0,Fotos,,,,,Total,66845,46756,867,755,84,28,2427,1631,796,0,,,,,,
1171788031650812,100064588783898,"Federação Paulista de Futebol - FPF","QUE HONREM A CAMISA E LUTEM SEM PARAR!
Tem camisa que a gente bate o olho e já pensa em um jogador. E aí, torcedor alviverde, concorda com a lista?
#PaulistasEmCampo #Palmeiras",,0,"07/11/2025 13:57",N/A,https://www.facebook.com/futebolpaulista/posts/pfbid08nD83nafFqnu8xSFL4EcUw9WifKcwyEtKkNygCJt9k4wzz5SRL4Z1kHNji7WBgNcl,0,0,Fotos,,,,,Total,16903,11606,314,253,52,9,546,345,201,0,,1,,,,
1171442115018737,100064588783898,"Federação Paulista de Futebol - FPF","76 ANOS DO LEÃO!
Hoje é dia do pentacampeão paulista e campeão do mundo, Emerson Leão!
#FutebolPaulista #Aniversário",,0,"07/11/2025 05:00",N/A,https://www.facebook.com/futebolpaulista/posts/pfbid02tdAZkT3b5AUAWD92Vqwgvia8WLaqvh7BE6r2jfvD1JQaBr1bCGRjX4vRkCxEUo1xl,0,0,Fotos,,,,,Total,222581,163462,4069,3361,606,102,3121,1224,1897,0,1,,,,,
1171403498355932,100064588783898,"Federação Paulista de Futebol - FPF","BICAMPEÃO!
Há 13 anos, o Verdão empatava com o Coritiba e conquistava a segunda taça da Copa do Brasil de sua história 🏆🏆
#BaúDoPaulistão",,0,"07/11/2025 04:00",N/A,https://www.facebook.com/futebolpaulista/posts/pfbid0GwXV89btp17eGj4SPpANGNbKNXQYTuC11qB7WKeq8VMpQR7f35aiebmfDRMV9VbNl,0,0,Fotos,,,,,Total,356311,243373,3487,2573,827,87,8073,1938,6135,0,1,,,,,
1170962151733400,100064588783898,"Federação Paulista de Futebol - FPF","BORA DE 13ª RODADA!
A bola vai rolar na segunda fase do Paulista Sub-23 Segunda Divisão Sicredi nesse final de semana e todos os jogos serão transmitidos AO VIVO no YouTube do @paulistao!
#Bezinha",,0,"07/10/2025 15:00",N/A,https://www.facebook.com/futebolpaulista/posts/pfbid02oUoZvm7JmNTy2nBbv2ATqwVCyfa5SMwtaczxHUD9Wag9cKDsj6U7wQptGXNZut5Dl,0,0,Fotos,,,,,Total,9186,6978,44,40,1,3,70,42,28,0,,,,,,
1170879261741689,100064588783898,"Federação Paulista de Futebol - FPF","E AÍ, TORCEDOR? 🔍⁉️
Você lembra quem marcou esse gol no Paulistão Sicredi desse ano? Deixa aqui nos comentários! 
#PaulistãoSicredi #Santos","E AÍ, TORCEDOR? 🔍⁉️
Você lembra quem marcou esse gol no Paulistão Sicredi desse ano? Deixa aqui nos comentários! 
#PaulistãoSicredi #Santos",14,"07/10/2025 12:10",N/A,https://www.facebook.com/futebolpaulista/videos/1642184139745533/,0,0,Vídeos,,,,,Total,248731,193657,1237,980,253,4,11352,,11352,0,,,,1897841.066,10.111,0
1170814028414879,100064588783898,"Federação Paulista de Futebol - FPF","NOVIDADE NA ÁREA!
O atacante Ramón Sosa é a nova contratação do Palmeiras para a temporada.
#PaulistasEmCampo
📷 Fabio Menotti/Palmeiras",,0,"07/10/2025 10:15",N/A,https://www.facebook.com/futebolpaulista/posts/pfbid02sdPogURuoc6hcVoJMseuBYGA97Q1EmuXrnvdxVuAjYXZShdE1956Pdi6GHydhSGZl,0,0,Fotos,,,,,Total,35230,25729,1085,977,102,6,495,123,372,0,,,,,,
1170619435101005,100064588783898,"Federação Paulista de Futebol - FPF","PARABÉNS, EDMÍLSON!
Hoje o bicampeão paulista e campeão do mundo completa 49 anos!
#FutebolPaulista #Aniversário",,0,"07/10/2025 05:00",N/A,https://www.facebook.com/futebolpaulista/posts/pfbid02WAWPf2ZqUsEHTFuWYtybkFpFqFhDEchos7UrUcDfPNaaB8UkUv4UL6FDEn5QiFzYl,0,0,Fotos,,,,,Total,16689,12494,104,93,7,4,95,47,48,0,,,,,,
1170152088481073,100064588783898,"Federação Paulista de Futebol - FPF","Bora ver como ficaram os resultados da quarta rodada da Copa Paulista Sicredi 👀
#CopaPaulistaSicredi",,0,"07/09/2025 14:41",N/A,https://www.facebook.com/futebolpaulista/posts/pfbid02jx9KzCNkqeA8AbHZF8wfgBH9itmEfNkNtzhrah8eiAhxkeitoSWThqNpToCWY1w8l,0,0,Fotos,,,,,Total,24495,17970,181,170,1,10,296,165,131,0,,,,,,
1170140518482230,100064588783898,"Federação Paulista de Futebol - FPF","PRIMEIRA VITÓRIA!
O Botafogo venceu o Itapirense e conquistou os primeiros três pontos na #CopaPaulistaSicredi
📷 Luiz Fernando Cosenzo/Agência Botafogo",,0,"07/09/2025 14:15",N/A,https://www.facebook.com/futebolpaulista/posts/pfbid029pPB4zuDWxNjPBy3vGhJMX8hXXdnheRvrQiJfN3NgvdfRX9aYGEHLvpdSi82ACPhl,0,0,Fotos,,,,,Total,47518,37562,149,129,13,7,428,230,198,0,,,,,,
1170137235149225,100064588783898,"Federação Paulista de Futebol - FPF","PARA ABRIR A RODADA!
Na abertura da quinta rodada da Copa Paulista Sicredi, o Monte Azul levou a melhor.
#CopaPaulistaSicredi
📷 Bruno Freitas/Noroeste SAF",,0,"07/09/2025 14:08",N/A,https://www.facebook.com/futebolpaulista/posts/pfbid02TsviNDxYHC1JBxPKRTXQutGZyuw9gqDwz8ThCpmZqqJvv2tGPNp3uNKcgcBxkaiXl,0,0,Fotos,,,,,Total,24493,18969,66,62,2,2,242,116,126,0,,,,,,
1169860808510201,100064588783898,"Federação Paulista de Futebol - FPF","DOSE DUPLA!
Para encerrar uma rodada e começar mais uma! Essa é a quarta-feira na #CopaPaulistaSicredi.",,0,"07/09/2025 06:00",N/A,https://www.facebook.com/futebolpaulista/posts/pfbid02ptiD2mAH3aVcgkFgECcAXeg3qbZv5iz2HtvZMtT8J4g9ekKrkYLcBnmeKihZZMMKl,0,0,Fotos,,,,,Total,10067,8074,48,45,1,2,68,43,25,0,,,,,,
1169815781848037,100064588783898,"Federação Paulista de Futebol - FPF","PARABÉNS, @conmebol!
109 anos de história da Confederação Sul-Americana de Futebol!
#FutebolPaulista #Aniversário",,0,"07/09/2025 05:00",N/A,https://www.facebook.com/futebolpaulista/posts/pfbid0by6QvsZQ9QHbdr7rGyCdwGeotWVXBbWFwYuCMc7VVpYxnoBr81VLQuC1byPW2sCHl,0,0,Fotos,,,,,Total,9025,6922,82,60,13,9,89,20,69,0,,,,,,
1169483631881252,100064588783898,"Federação Paulista de Futebol - FPF","TUDO IGUAL NO DUELO DOS LEÕES! 🦁☑️
Dois gols e um ponto para cada lado na #CopaPaulistaSicredi!
📷 Reprodução/Comercial FC",,0,"07/08/2025 18:05",N/A,https://www.facebook.com/futebolpaulista/posts/pfbid02DyX5jizhCTHMn7hfbViU1DHHxMG3de5KVPManDNQ9dhySYjWeZBF5xENMPu5Fjttl,0,0,Fotos,,,,,Total,45025,35635,221,185,30,6,578,226,352,0,,,,,,
1169468631882752,100064588783898,"Federação Paulista de Futebol - FPF","VAI COMEÇAR MAIS UMA!
A quinta rodada da Copa Paulista Sicredi está vindo com TUDO! Já anota na agenda para não perder nenhum jogo.
#CopaPaulistaSicredi",,0,"07/08/2025 17:30",N/A,https://www.facebook.com/futebolpaulista/posts/pfbid0pwzHz4hgKnSTAsY5rJpwn6AnTFT4XNtjEZAT7D2JCSrSqjni1VMm6uWccGTeeBjMl,0,0,Fotos,,,,,Total,28622,22482,168,147,14,7,577,364,213,0,,,,,,
1169270298569252,100064588783898,"Federação Paulista de Futebol - FPF","MARCO HISTÓRICO 4️⃣0️⃣0️⃣⚽
O @xvpiracicaba completou 400 jogos na história da Copa Paulista Sicredi. 
#CopaPaulistaSicredi",,0,"07/08/2025 11:00",N/A,https://www.facebook.com/futebolpaulista/posts/pfbid026zgEFCZ3tmAiuQV43J9NaUJdTSUdhiU29E6zC1f79kEDomRnH4N3dRmv7Q5H21zol,0,0,Fotos,,,,,Total,18887,14331,171,136,25,10,278,86,192,0,,,,,,
1169080991921516,100064588783898,"Federação Paulista de Futebol - FPF","DUELO ALVINEGRO!
Inter de Limeira e Comercial fazem mais um jogo da quarta rodada da Copa Paulista Sicredi.
#CopaPaulistaSicredi",,0,"07/08/2025 06:00",N/A,https://www.facebook.com/futebolpaulista/posts/pfbid0t2z2QEiHvWFiM1ZcusaJXDckXLy2mRkhbUcxNG1MMC3bawA5tYsBnYM8vczuB1knl,0,0,Fotos,,,,,Total,8795,7082,72,68,1,3,59,21,38,0,,,,,,
1168689848627297,100064588783898,"Federação Paulista de Futebol - FPF","Segunda-feira de invencibilidade para o #FutebolPaulista na Série C!
#PaulistasEmCampo",,0,"07/07/2025 17:33",N/A,https://www.facebook.com/futebolpaulista/posts/pfbid0YnkJkmZq4HwcXDy4MMzwDHwhYDc1JAWU82TXNjgRaADK5mYh8QJQasrg4b8YFfK3l,0,0,Fotos,,,,,Total,9974,7886,68,63,2,3,52,29,23,0,,,,,,
1168689128627369,100064588783898,"Federação Paulista de Futebol - FPF","DA-LHE, PONTE!
Elvis faz de pênalti e garante a vitória da Macaca no Moisés Lucarelli.
#PaulistasEmCampo
📷Marcos Ribolli/PontePress",,0,"07/07/2025 17:32",N/A,https://www.facebook.com/futebolpaulista/posts/pfbid0GQqZ7xt86jTPRkKYButEUmnNHYZebsUWcLUrfdt1Hm5covi2BeYKAscDQwSdrPxUl,0,0,Fotos,,,,,Total,116039,90749,932,841,68,23,1622,736,886,0,,,,,,
1168688771960738,100064588783898,"Federação Paulista de Futebol - FPF","EMPATE!
São Bernardo sai na frente, mas cede a igualdade para o Botafogo-PB.
#PaulistasEmCampo
📷Talison Gomes/Divulgação/São Bernardo",,0,"07/07/2025 17:32",N/A,https://www.facebook.com/futebolpaulista/posts/pfbid0mvAH71DdVXZvBWY38fTZD8SQmfzcLp8xj6LybxS2KR91QSwBFtq65fEqHFLz9Fmhl,0,0,Fotos,,,,,Total,39640,30907,77,70,0,7,247,175,72,0,,,,,,
1168228512006764,100064588783898,"Federação Paulista de Futebol - FPF","DUPLA PAULISTA!
São Bernardo e Ponte Preta entram em campo pela #SérieC nesta segunda-feira.
#PaulistasEmCampo",,0,"07/07/2025 06:00",N/A,https://www.facebook.com/futebolpaulista/posts/pfbid0pghWPh3EMVzcY7Z7nViWcpEDDKX2iMrhSMDZWgvtLJBAfSFLcPYnxvYBvEWfGUP5l,0,0,Fotos,,,,,Total,24978,19870,96,82,12,2,221,127,94,0,,,,,,
1168151485347800,100064588783898,"Federação Paulista de Futebol - FPF","CONTA PRA GENTE, TORCEDOR!
Neste Dia Mundial do Chocolate, qual foi a maior goleada que seu time já aplicou? 👀🍫
#FutebolPaulista #DiaMundialDoChocolate",,0,"07/07/2025 04:00",N/A,https://www.facebook.com/futebolpaulista/posts/pfbid02WPqAMkeLjtYqSXJM4obrf9FMDFXhATC2Ka2eR1jqwQQyR81hGsyEWwN6UZa6DAfil,0,0,Fotos,,,,,Total,4506,3543,22,15,6,1,34,8,26,0,,,,,,
1167792408717041,100064588783898,"Federação Paulista de Futebol - FPF","Ponto final em mais um domingo de #FutebolPaulista.
#PaulistasEmCampo",,0,"07/06/2025 16:33",N/A,https://www.facebook.com/futebolpaulista/posts/pfbid02vSSkD4FRrk1sxH5MHmb9hNHQ6DivSv3SJYqaTvXSGbvn5NT5qps6yG86jpKQZYCHl,0,0,Fotos,,,,,Total,17141,13159,82,79,1,2,127,79,48,0,,,,,,
1167791928717089,100064588783898,"Federação Paulista de Futebol - FPF","ZERADO!
Nada de gols no duelo paulista da Série B.
#PaulistasEmCampo
📷Ozzair Jr./Novorizontino",,0,"07/06/2025 16:32",N/A,https://www.facebook.com/futebolpaulista/posts/pfbid02UwJW4tUnBWqnPJmyFFBjRGEsKyKwhA1tA6uDCJcKQuv17PqxCdg8vwWTc7qLmkccl,0,0,Fotos,,,,,Total,20955,16446,138,113,18,7,269,69,200,0,,,,,,
1167728968723385,100064588783898,"Federação Paulista de Futebol - FPF","PONTUOU!
O Guarani volta de Londrina com o empate.
#PaulistasEmCampo
📷Rafael Martins/Londrina",,0,"07/06/2025 14:24",N/A,https://www.facebook.com/futebolpaulista/posts/pfbid02Nxn8RphtTwQsD16Qongs9agNeai24NDMgms8LjjgQ7TBDBzNJJVxJmvdrcMLHESNl,0,0,Fotos,,,,,Total,39953,31597,216,192,18,6,450,182,268,0,,,,,,
1167726532056962,100064588783898,"Federação Paulista de Futebol - FPF","A Ferroviária sofreu o revés jogando na Arena da Fonte.
#PaulistasEmCampo
📷Luis Miguel Ferreira/ Ferroviária",,0,"07/06/2025 14:19",N/A,https://www.facebook.com/futebolpaulista/posts/pfbid02edQaoFjtLiQt8BEHHAgJ7A1Xw4pbSKu7eALpqJG29PH4W7FykqkEaxanGKTDjKqrl,0,0,Fotos,,,,,Total,61037,47516,107,97,7,3,485,282,203,0,,,,,,
1167689072060708,100064588783898,"Federação Paulista de Futebol - FPF","ÁGUIA 100%! 🦅
O São José conquista a quarta vitória seguida na Copa Paulista Sicredi!
#CopaPaulistaSicredi
📷Carlos Henrique/São José",,0,"07/06/2025 13:03",N/A,https://www.facebook.com/futebolpaulista/posts/pfbid0BnHnobzKEubhDqANLqQyEW6fFANPYnaKakPACbpcgMFSqZA4rsN5enSZxg4TDehil,0,0,Fotos,,,,,Total,30622,23838,175,157,12,6,342,143,199,0,,,,,,
1167656118730670,100064588783898,"Federação Paulista de Futebol - FPF","TARDE DE DESPEDIDA!
Vice-Presidente da Federação Paulista de Futebol e ídolo do Red Bull Bragantino, Mauro Silva participou neste domingo do último jogo do estádio Nabi Abi Chedid, que passará por um processo de modernização em breve.
#FutebolPaulista
📷Rebeca Reis/Ag. Paulistão",,0,"07/06/2025 12:07",N/A,https://www.facebook.com/futebolpaulista/posts/pfbid02ojf3RZPks5TZfF1qKd66eFTSznhyKR7s2kGh9VuqvMm2XTZxYkRbLQbpd2AufPtwl,0,0,Fotos,,,,,Total,63964,44355,372,338,25,9,3398,2839,559,0,,,,,,
1167653602064255,100064588783898,"Federação Paulista de Futebol - FPF","Chegou a hora de ver os resultados de mais uma rodada do Paulista Sub-23 Segunda Divisão Sicredi.
#bezinha",,0,"07/06/2025 12:04",N/A,https://www.facebook.com/futebolpaulista/posts/pfbid02hT1CErLH3D2SwzFmxeJngycGxFm4ZuzPjE9d63MgydRL7gP3hp5a7JU8Cv1NorUQl,0,0,Fotos,,,,,Total,12398,10028,70,63,5,2,130,55,75,0,,,,,,
1167604195402529,100064588783898,"Federação Paulista de Futebol - FPF","É DIA DE DUELO PAULISTA NA SÉRIE B! 🤝
Pantera e Tigre vão com tudo em busca de mais três pontos no @brasileiraob nesse domingo!
#PaulistasEmCampo",,0,"07/06/2025 11:00",N/A,https://www.facebook.com/futebolpaulista/posts/pfbid02HArAvR98oMJTZr748urd1cVmhz2W7S6ySJdh36yXbAmme7a42vnZk5eGB4V6LAGJl,0,0,Fotos,,,,,Total,30930,25274,87,80,2,5,203,131,72,0,,,,,,
1167370418759240,100064588783898,"Federação Paulista de Futebol - FPF","JOGO ÚNICO!
São José e Oeste fazem o único jogo do domingo na #CopaPaulistaSicredi.",,0,"07/06/2025 06:00",N/A,https://www.facebook.com/futebolpaulista/posts/pfbid0G6bkC7qm4aQx4nPhwKuxD9J2pqeiuWxmeVQNx7kyepgPWk7ryfpuJ3CTdxtVDtJyl,0,0,Fotos,,,,,Total,7738,6343,30,24,2,4,42,20,22,0,,,,,,
1167370272092588,100064588783898,"Federação Paulista de Futebol - FPF","DOMINGOU! 🗓️
Com direito a duelo Paulista no @brasileiraob, tem Campeonato Brasileiro em dose tripla nesse domingo!
#PaulistasEmCampo",,0,"07/06/2025 06:00",N/A,https://www.facebook.com/futebolpaulista/posts/pfbid0wFQWHRggVT4oqGH2f3wv12ybdPBwfNDPbNJa4JqtezoysqocKunm7RWtCRnJbQyvl,0,0,Fotos,,,,,Total,8121,6565,56,48,4,4,54,29,25,0,,,,,,
1166890748807207,100064588783898,"Federação Paulista de Futebol - FPF","A Copa Paulista Sicredi fechou o sábado de futebol.
#CopaPaulistaSicredi",,0,"07/05/2025 17:00",N/A,https://www.facebook.com/futebolpaulista/posts/pfbid09AhwUJR8fMx12mYwiBxpxU4CSLALASQs7fC9Gd3gy99ytbrBKp5vqJPhnM2rzL8nl,0,0,Fotos,,,,,Total,21156,16531,142,127,10,5,357,136,221,0,,,,,,
1166842022145413,100064588783898,"Federação Paulista de Futebol - FPF","LEÃO CLASSIFICADO! 🦁
Com gol de Vinícius Leite, a Inter de Limeira venceu o Cascavel e garantiu a vaga na segunda fase da Série D com três rodadas de antecedência!
#PaulistasEmCampo
🎥Divulgação/Inter de Limeira","LEÃO CLASSIFICADO! 🦁
Com gol de Vinícius Leite, a Inter de Limeira venceu o Cascavel e garantiu a vaga na segunda fase da Série D com três rodadas de antecedência!
#PaulistasEmCampo
🎥Divulgação/Inter de Limeira",16,"07/05/2025 15:25",N/A,https://www.facebook.com/reel/1282781980089474/,0,0,Reels,,,,,Total,19616,17837,191,180,10,1,205,,205,0,,,,121696.332,7.036,0
1166834588812823,100064588783898,"Federação Paulista de Futebol - FPF","Bora conferir como foi o sábado dos #PaulistasEmCampo? Então se liga aí!
#FutebolPaulista",,0,"07/05/2025 15:10",N/A,https://www.facebook.com/futebolpaulista/posts/pfbid0F7hfBmGHDpcuum3UgV93iNjgx4zkRUy2ECcHWtVj59UumAcMp4qejhgjm5AzqPWUl,0,0,Fotos,,,,,Total,11520,9260,64,58,1,5,102,67,35,0,,,,,,
1166833685479580,100064588783898,"Federação Paulista de Futebol - FPF","CANTOU DE GALO!
Ituano encerra a sequencia sem vitórias e fica com os três pontos pra cima do Retrô-PE!
#PaulistasEmCampo
📷Miguel Schincariol/Ituano",,0,"07/05/2025 15:08",N/A,https://www.facebook.com/futebolpaulista/posts/pfbid0DALmqPrDaBndmsSyvZdWVUz6xRCLmTob2u68RYjxyi6wFDYVrr8yrxwFUMQXudqbl,0,0,Fotos,,,,,Total,27424,22538,60,52,1,7,168,110,58,0,,,,,,
1166832625479686,100064588783898,"Federação Paulista de Futebol - FPF","FICOU NO ZERO!
Nada de gols para Rio Branco-ES e Portuguesa.
#PaulistasEmCampo
📷Vitor Almeida/Portuguesa",,0,"07/05/2025 15:06",N/A,https://www.facebook.com/futebolpaulista/posts/pfbid0hvJmyWGziry4dp5yoNUyUPKfD593YN96b5aRLYqSoJYF2tHztTiMN1bYphUi4yYfl,0,0,Fotos,,,,,Total,19217,15881,55,50,2,3,114,63,51,0,,,,,,
1166815215481427,100064588783898,"Federação Paulista de Futebol - FPF","QUE VITÓRIA!
Em um final de jogo eletrizante, Inter de Limeira marca nos acréscimos e segue embalada na Série D!
#PaulistasEmCampo
📷 José Augusto/Inter de Limeira",,0,"07/05/2025 14:27",N/A,https://www.facebook.com/futebolpaulista/posts/pfbid02gpJtBX6uGTSQLYqkiSbNaSQus8ToVTBcXLx2Rm8iEHRfqBXpRw8y1dFftsdtyA6Dl,0,0,Fotos,,,,,Total,33464,25576,404,367,24,13,514,209,305,0,,,,,,
1166814202148195,100064588783898,"Federação Paulista de Futebol - FPF","TUDO NA IGUALDADE!
Nada de gols para Água Santa e Porto Vitória!
#PaulistasEmCampo
📷Alan Araújo/Água Santa",,0,"07/05/2025 14:24",N/A,https://www.facebook.com/futebolpaulista/posts/pfbid02S6BDGTKYV9rCQKxtNtEJoydiC9sUioBGPQ7Mai5g1wjgG9iXtNStSADT9rVxirjCl,0,0,Fotos,,,,,Total,11955,9893,35,32,0,3,40,31,9,0,,,,,,
1166789688817313,100064588783898,"Federação Paulista de Futebol - FPF","Foi assim que terminou o sabadão de Paulista Sub-23 Segunda Divisão Sicredi.
#Bezinha",,0,"07/05/2025 13:33",N/A,https://www.facebook.com/futebolpaulista/posts/pfbid0vroJcEpEUcakMmLjstitQMVewYCbJdRG8c3YbzpPQ3Eq1Tt29zocoyaD7zwUmdPBl,0,0,Fotos,,,,,Total,8930,7366,34,31,2,1,58,26,32,0,,,,,,
1166784488817833,100064588783898,"Federação Paulista de Futebol - FPF","Fora de casa, o Monte Azul não conseguiu pontuar diante do Cianorte.
#PaulistasEmCampo
📷Guilherme Sant Ana Parro/Cianorte",,0,"07/05/2025 13:22",N/A,https://www.facebook.com/futebolpaulista/posts/pfbid0mWa4yzZD8DLouFty9afSTBqV8jQGCZ78PeuruTumcoGWfVxT2BsPaDVTTTVxk7nql,0,0,Fotos,,,,,Total,50392,39408,94,86,1,7,405,260,145,0,1,,,,,
1166583942171221,100064588783898,"Federação Paulista de Futebol - FPF","¡FELIZ CUMPLEAÑOS, PROFE! 
Hernán Crespo, campeão do Paulistão Sicredi 2021 e treinador do @saopaulofc, completa 50 anos neste sábado (5) 🥳
#Aniversário
📷 Anderson Rodrigues/Ag. Paulistão",,0,"07/05/2025 08:00",N/A,https://www.facebook.com/futebolpaulista/posts/pfbid02BfdLz23uBBrrvvAYZ1MNbCfMiNMzP4jZzWuqVAbJEhW39DCEHGfHENB5nZqQcsqbl,0,0,Fotos,,,,,Total,10181,7889,234,227,5,2,68,19,49,0,,,,,,
1166508885512060,100064588783898,"Federação Paulista de Futebol - FPF","DIA CHEIO!
Com direito a clássico do ABC, bora ficar ligado nos jogos deste sábado pela Copa Paulista Sicredi.
#CopaPaulistaSicredi",,0,"07/05/2025 06:00",N/A,https://www.facebook.com/futebolpaulista/posts/pfbid034k4WNpdXyESio2eAyviJJ8RQdb1GhEE2CjTASSwSmVts5kZ3Li4TyTRDzajkDb1il,0,0,Fotos,,,,,Total,14035,11126,60,56,1,3,117,76,41,0,,,,,,
1166508822178733,100064588783898,"Federação Paulista de Futebol - FPF","SABADÃO DE CAMPEONATO BRASILEIRO! ✔️
Dia cheio de #SérieC e #SérieD para os Paulistas!
#PaulistasEmCampo",,0,"07/05/2025 06:00",N/A,https://www.facebook.com/futebolpaulista/posts/pfbid03QJfKjRDzYxLA9zpiBtzNEFkQy6ZMkcmQwWEGKZSusVB83E3E74afN8KURCnq6dwl,0,0,Fotos,,,,,Total,12590,10274,67,63,1,3,108,67,41,0,,,,,,
1166184188877863,100064588783898,"Federação Paulista de Futebol - FPF","Com disputa até o final, o Palmeiras se despede da Copa do Mundo de Clubes.
#PaulistasEmCampo 
📷 Cesar Greco/Palmeiras",,0,"07/04/2025 19:59",N/A,https://www.facebook.com/futebolpaulista/posts/pfbid034BBv9pTNXoTaYHrx8Veva34TcFw6UB7rH9VMyy1hKgptb2TBkea4RvQfNGfBzFmol,0,0,Fotos,,,,,Total,360604,289480,4109,2895,1093,121,8429,2976,5453,0,1,1,,,,
1166140778882204,100064588783898,"Federação Paulista de Futebol - FPF","Assim termina o mais um dia de Copa Paulista Sicredi.
#CopaPaulistaSicredi",,0,"07/04/2025 18:43",N/A,https://www.facebook.com/futebolpaulista/posts/pfbid02uMeZfHdvCxy9JUUQQSwkXDA5NzX4aoNSnbDBGQdAp7GEKSJEsYLEQMT5J72TcpUzl,0,0,Fotos,,,,,Total,9178,7452,44,41,0,3,57,32,25,0,,,,,,
1166113862218229,100064588783898,"Federação Paulista de Futebol - FPF","TUDO IGUAL!
Taubaté e Portuguesa Santista ficam no empate no jogo de abertura da quarta rodada da Copa Paulista Sicredi.
#CopaPaulistaSicredi
📷 Victor Cônsoli/ECT",,0,"07/04/2025 17:50",N/A,https://www.facebook.com/futebolpaulista/posts/pfbid0qKcVDRn9ytbDs1iYitbYbTEQDvkPmspVsaq12RMo1WivxMHUmX6PJ2wJVLaghYwWl,0,0,Fotos,,,,,Total,23087,18976,77,68,5,4,230,83,147,0,,,,,,
1166076332221982,100064588783898,"Federação Paulista de Futebol - FPF","TÁ NA ÁREA!
O Verdão já marca presença no estádio Lincoln Financial Field, palco da decisão diante do Chelsea 🔥
#PaulistasEmCampo
📷 Reprodução/@Palmeiras",,0,"07/04/2025 16:37",N/A,https://www.facebook.com/futebolpaulista/posts/pfbid02SXx5cHSMaidnQEtyNPzVqF4vRVZtJmoVPMqtujSMYpte4Vi4LrWsRqQN7JAGUCLvl,0,0,Fotos,,,,,Total,12662,9933,411,366,41,4,190,50,140,0,,1,,,,
1166024218893860,100064588783898,"Federação Paulista de Futebol - FPF","BORA PARA A PRÓXIMA RODADA!
A bola está rolando na segunda fase do Paulista Sub-23 Segunda Divisão Sicredi! Se liga nos confrontos que vão rolar AO VIVO no YouTube do @paulistao!
#Bezinha",,0,"07/04/2025 15:00",N/A,https://www.facebook.com/futebolpaulista/posts/pfbid024azodzFJWLGMRiNqv655Rxhwiwmb18X4XAM72h1AvJCFDpBNzFRgJFnQnGwMrjJnl,0,0,Fotos,,,,,Total,11030,8724,56,48,2,6,91,51,40,0,,,,,,
1165937588902523,100064588783898,"Federação Paulista de Futebol - FPF","PARA ENTRAR PARA A HISTÓRIA 🤩
O Verdão já está entre as oito melhores equipes do mundo e vai em busca de mais taça!
#PaulistasEmCampo #CopaDoMundoDeClubes",,0,"07/04/2025 12:00",N/A,https://www.facebook.com/futebolpaulista/posts/pfbid02jXF8hzJ9Av4jRFqBsHBYK3CqNGXFnwhpBWFEGGWQp5Mb4n3upf55XvrbCq4ZDeRnl,0,0,Fotos,,,,,Total,323193,256794,7009,5970,906,133,5337,1939,3398,0,2,3,,,,
1165868148909467,100064588783898,"Federação Paulista de Futebol - FPF","OS GOLS DA INDEPENDÊNCIA! 🦅
Emerson Sheik foi o herói da final da @libertadoresbr de 2012 e garantiu o título inédito de campeão da América para o Corinthians. Saudades, Fiel?
#PaulistasEmCampo
🎥Globo","OS GOLS DA INDEPENDÊNCIA! 🦅
Emerson Sheik foi o herói da final da @libertadoresbr de 2012 e garantiu o título inédito de campeão da América para o Corinthians. Saudades, Fiel?
#PaulistasEmCampo
🎥Globo",80,"07/04/2025 10:00",auto,https://www.facebook.com/futebolpaulista/videos/2831110780410863/,0,0,Vídeos,,,,,Total,268888,254948,14209,13010,329,870,5981,,5978,153776,,,3,4380632.463,17.615,15.99
1165752908920991,100064588783898,"Federação Paulista de Futebol - FPF","🎶Palmeiras, largo tudo só para te ver🎶
HOJE O VERDÃO VAI COM TUDO PELA VAGA NAS SEMIFINAIS DA COPA DO MUNDO DE CLUBES!
#FutebolPaulista #PaulistasEmCampo
🎥@fifaclubworldcup","🎶Palmeiras, largo tudo só para te ver🎶
HOJE O VERDÃO VAI COM TUDO PELA VAGA NAS SEMIFINAIS DA COPA DO MUNDO DE CLUBES!
#FutebolPaulista #PaulistasEmCampo
🎥@fifaclubworldcup",48,"07/04/2025 07:00",N/A,https://www.facebook.com/futebolpaulista/videos/713947804776991/,0,0,Vídeos,,,,,Total,9719,9741,760,687,54,19,219,,219,2916,,,,40926.346,4.385,0.16
1165710165591932,100064588783898,"Federação Paulista de Futebol - FPF","SEXTOU!
Vamos de dose dupla pra começar mais uma rodada da #CopaPaulistaSicredi",,0,"07/04/2025 06:00",N/A,https://www.facebook.com/futebolpaulista/posts/pfbid07eaFYkM1U6vhFZhRcoPs6cYWsrcmUik3P92j38aB9KgK5w7gKRWLV2DMQrHXbQ5Vl,0,0,Fotos,,,,,Total,7376,6126,47,42,2,3,54,27,27,0,,,,,,
1165673222262293,100064588783898,"Federação Paulista de Futebol - FPF","2⃣0⃣1⃣2⃣🏆🖤 AMÉRICA ALVINEGRA!
Há 13 anos, o Corinthians conquistava a @libertadoresbr pela primeira vez e de forma invicta! Que dia inesquecível para o torcedor do Timão, hein?!
#FutebolPaulista #BaúDoPaulistão 
📷Daniel Augusto Jr/Ag. Corinthians",,0,"07/04/2025 05:00",N/A,https://www.facebook.com/futebolpaulista/posts/pfbid02riyPwCA6BmPcbv74gYZHay47bRccdPdwDmbzHrEaK4WD5ErV86HXASXTRPbPNaPal,0,0,Fotos,,,,,Total,181411,146478,4598,3749,567,282,3910,2264,1646,0,3,,,,,
1165362408960041,100064588783898,"Federação Paulista de Futebol - FPF","GO, PALESTRA, GO 🔥⚽
A FILADÉLFIA É PALMEIRAS! HOJE É DIA DE BUSCAR MAIS UMA CLASSIFICAÇÃO NA COPA DO MUNDO DE CLUBES 🐷
#Palmeiras #PaulistasEmCampo",,0,"07/03/2025 20:05",N/A,https://www.facebook.com/futebolpaulista/posts/pfbid02zyK7BeFrc68f37m5GTAoEkmRLEk2RG2qA7JhtpS5Z3Cc2oCrHdoG2eHwxtAc1tZPl,0,0,Fotos,,,,,Total,135754,107995,1934,1829,66,39,1308,669,639,0,,,,,,
1165195735643375,100064588783898,"Federação Paulista de Futebol - FPF","BORA PRA MAIS UMA!
A quarta rodada da Copa Paulista Sicredi chegou. Se liga nos jogos para não perder nenhum 👀
#CopaPaulistaSicredi",,0,"07/03/2025 15:00",N/A,https://www.facebook.com/futebolpaulista/posts/pfbid02EeHhCSHavqxGZs6yN774ehyRkaBKPenBSRhgrCZbJiK5gWR4RnHMg9v1tqvZi5W8l,0,0,Fotos,,,,,Total,20424,16558,171,140,14,17,420,243,177,0,,,,,,
1165136335649315,100064588783898,"Federação Paulista de Futebol - FPF","PARCERIA DE IRMÃOS!
Amanda, irmã de Bruno Fuchs, fez uma brincadeira com o zagueiro e acho que resumiu o sentimento de todo palmeirense 😅👀
#PaulistasEmCampo #CopaDoMundoDeClubes
🎥 Reprodução/TikTok","PARCERIA DE IRMÃOS!
Amanda, irmã de Bruno Fuchs, fez uma brincadeira com o zagueiro e acho que resumiu o sentimento de todo palmeirense 😅👀
#PaulistasEmCampo #CopaDoMundoDeClubes
🎥 Reprodução/TikTok",8,"07/03/2025 13:00",N/A,https://www.facebook.com/reel/1977278663109201/,0,0,Reels,,,,,Total,98589,75490,737,712,17,8,2203,,2201,0,,,2,413738.488,5.881,0
1165071428989139,100064588783898,"Federação Paulista de Futebol - FPF","RETROSPECTO FAVORÁVEL!
As equipes do #FutebolPaulista têm vantagem sobre clubes ingleses. Será que vem mais uma vitória pra conta?
#PaulistasEmCampo #CopaDoMundoDeClubes",,0,"07/03/2025 11:00",N/A,https://www.facebook.com/futebolpaulista/posts/pfbid02VSMRL2svyCPp8QBAj41XabXCSVMksN2XsL6w2bzrxzChyWXFJE2o89T5wCnjrjjel,0,0,Fotos,,,,,Total,71872,50547,692,540,120,32,3140,800,2340,0,,,,,,
1165041775658771,100064588783898,"Federação Paulista de Futebol - FPF","Lendas de Corinthians e Boca fazem reencontro para celebrar final da Libertadores de 2012!
A torcida do Timão terá a chance de rever ídolos da conquista inédita da América no Mercado Livre Arena Pacaembu. Os ingressos estão à venda para o confronto, inclusive com a promoção ‘Dobradinha’, onde na compra e um ingresso do Setor Leste, o torcedor ganha 50% de desconto no segundo ingresso. Link nos stories!",,0,"07/03/2025 10:13",N/A,https://www.facebook.com/futebolpaulista/posts/pfbid02YjoFPJvrQ6cDz4UBzKzESXbHnz4uomEErhYHZXRByUe6uGRYELPmBgQnYTJz8pU6l,0,0,Fotos,,,,,Total,8587,7085,106,83,22,1,144,40,104,0,,,,,,
1164947442334871,100064588783898,"Federação Paulista de Futebol - FPF","✊🏽✊🏾✊🏿 Dia Nacional de Combate à Discriminação Racial
A luta contra o racismo e o preconceito é de todos nós!
#FutebolPaulista",,0,"07/03/2025 08:12",N/A,https://www.facebook.com/futebolpaulista/posts/pfbid02ygwXVdHLPF992wqmBV87m9HHbdsmQp7XVnG1Hw8zV3sEoh8xRSRpYNyS14VVZsNbl,0,0,Fotos,,,,,Total,8180,6549,114,87,16,11,91,34,57,0,,,,,,
1164946409001641,100064588783898,"Federação Paulista de Futebol - FPF","O CRAQUE DO INTERIOR DO PAULISTÃO SICREDI 2025 TÁ FAZENDO ANIVERSÁRIO!
Parabéns, Carlão. Muitas felicidades e muitos gols!🎉🥳
#FutebolPaulista #Aniversário 
📷Alexandre Battibugli/Ag. Paulistão",,0,"07/03/2025 08:10",N/A,https://www.facebook.com/futebolpaulista/posts/pfbid021MV2oF1NLNuUhFbx4Ffjwao7U5oqarnPT1LiSTxzd9vGT1cfRSqJhDDwvGpy8UWLl,0,0,Fotos,,,,,Total,8500,7283,26,26,0,0,42,32,10,0,,,,,,
1164896649006617,100064588783898,"Federação Paulista de Futebol - FPF","A Federação Paulista de Futebol lamenta profundamente o falecimento dos jogadores portugueses Diogo Jota e André Silva e deseja forças aos familiares e amigos. 
#FPF",,0,"07/03/2025 07:18",N/A,https://www.facebook.com/futebolpaulista/posts/pfbid0nzQmJXRAfHy5A6qBHbWjth68E5umSors3C3rDFjYNhKe3f3zwimymikpFMC5BSQ9l,0,0,Fotos,,,,,Total,32811,25487,404,359,25,20,586,209,377,0,,,,,,
1164406662388949,100064588783898,"Federação Paulista de Futebol - FPF","E DEU LEÃO NO COME-FOGO! 🦁
#CopaPaulistaSicredi
📷Célio Messias/Ag. Paulistão",,0,"07/02/2025 18:10",N/A,https://www.facebook.com/futebolpaulista/posts/pfbid0M76gTDSGXPCwz7LTUJrJjNXmYCg6B1ZGcgkmf7GgHjCQVuMP3VbZrctnRxufim5jl,0,0,Fotos,,,,,Total,57037,43008,560,438,106,16,3376,2218,1158,0,1,,,,,
1164295759066706,100064588783898,"Federação Paulista de Futebol - FPF","Ponto final na terceira rodada. Se liga nos resultados!
#CopaPaulistaSicredi",,0,"07/02/2025 17:17",N/A,https://www.facebook.com/futebolpaulista/posts/pfbid02Ubs1vp8tvxrdLRFb96W1rCEZWiPq6YkP9UKqqfmC9Pa8A1jTQzYKEhfUT8fjHZjal,0,0,Fotos,,,,,Total,22034,17382,208,181,19,8,484,167,317,0,,,,,,
1164293365733612,100064588783898,"Federação Paulista de Futebol - FPF","O apito final e a comemoração de quem venceu o clássico e segue 100% na #CopaPaulistaSicredi! 🤩🦁","O apito final e a comemoração de quem venceu o clássico e segue 100% na #CopaPaulistaSicredi! 🤩🦁",26,"07/02/2025 17:13",N/A,https://www.facebook.com/reel/769341388938291/,1,0,Reels,,,,,Total,31715,29670,472,371,77,24,1375,,1374,0,,,1,233685.468,8.144,0
1164284852401130,100064588783898,"Federação Paulista de Futebol - FPF","FIM DE PAPO NO CLÁSSICO! 🦁
No Come-Fogo dessa quarta-feira deu Leão!
#CopaPaulistaSicredi
📷Célio Messias/Ag. Paulistão",,0,"07/02/2025 16:57",N/A,https://www.facebook.com/futebolpaulista/posts/pfbid0xjMV7h2DGz7zMkufXKZsbnQAN3TyQQ4ZC8pCJ5HtewZ14ivypd4GEB8hMM3LEgjEl,0,0,Fotos,,,,,Total,161707,135702,694,499,165,30,2650,1157,1493,0,,,,,,
1164168925746056,100064588783898,"Federação Paulista de Futebol - FPF","TROCOU DE ESPORTE? 👀🏈
O zagueiro Gustavo Gómez vestiu a camisa do Philadelphia Eagles durante o treino da equipe alviverde nos Estados Unidos. Ele levaria jeito, torcedor? 
#PaulistasEmCampo
📷 Cesar Greco/Palmeiras",,0,"07/02/2025 13:00",N/A,https://www.facebook.com/futebolpaulista/posts/pfbid02EbfhSop6VLLNmBKz73NkdtrAt6JeAdmG349PVzPVBGEboUx4UoW2kkmVDPQHWup3l,0,0,Fotos,,,,,Total,17555,13889,163,152,10,1,319,169,150,0,,
1164139715748977,100064588783898,"Federação Paulista de Futebol - FPF","OS NOVOS REFORÇOS DO PEIXÃO ESTÃO PRONTOS!
Willian Arão e Igor Vinícius estão na área e já treinaram com o elenco do Santos!
#FutebolPaulista
📷Raul Baretta/Santos FC",,0,"07/02/2025 12:13",N/A,https://www.facebook.com/futebolpaulista/posts/pfbid02WD8QqtgRmAmcaUgpBZdgBQjXT7LNsAFq7cedXQvwU7sbnp7CYXACqk7WCYUTdNAdl,0,0,Fotos,,,,,Total,220811,171446,3007,2721,236,50,5120,1971,3149,0,,
1164112465751702,100064588783898,"Federação Paulista de Futebol - FPF","SOCCER 🤝 FOOTBALL!
O Palmeiras está utilizando as instalações do Philadelphia Eagles, nos Estados Unidos, e o treinador Abel Ferreira trocou presentes com Jake Elliott, kicker da equipe.
#PaulistasEmCampo #CopaDoMundoDeClubes
📷 Cesar Greco/Palmeiras",,0,"07/02/2025 11:31",N/A,https://www.facebook.com/futebolpaulista/posts/pfbid02MPG5dzEkVXd3KLmEP7ygBUKv1hy1uQFzYra2MdodtpioNupzAFdG8FjT4XpraKMVl,0,0,Fotos,,,,,Total,10100,8298,272,268,4,0,93,38,55,0,,1
1163946902434925,100064588783898,"Federação Paulista de Futebol - FPF","É DIA DE CLÁSSICO NA COPA PAULISTA SICREDI! 🤩🚨
O @comercialfcoficial e o @botafogosp vão com tudo em busca da vitória no Come-Fogo! Quem leva os três pontos, torcedor?
#CopaPaulistaSicredi",,0,"07/02/2025 07:00",N/A,https://www.facebook.com/futebolpaulista/posts/pfbid028yM8C12QgUdvSsmWmRUma4EakS4L4nze9yyMWrBQKTjKSMo9CM1oQ8oybVW6eVxpl,0,0,Fotos,,,,,Total,11037,8991,102,66,33,3,223,54,169,0,,
1163877845775164,100064588783898,"Federação Paulista de Futebol - FPF","36 ANOS DESSE DIA HISTÓRICO!
No dia 2 de junho de 1989, o São Paulo se consagrava campeão paulista pela 16ª vez!
#BaúDoPaulistão #PaulistãoSicredi",,0,"07/02/2025 05:00",N/A,https://www.facebook.com/futebolpaulista/posts/pfbid02fA6VNCpZDKcypHfRKr6vENWSCtVSMo1hETWFm6DeXCPf1M1S5tvub9HTVHVs8xJNl,0,0,Fotos,,,,,Total,199985,157956,2059,1639,369,51,4182,1464,2718,0,1,
1163186049177677,100064588783898,"Federação Paulista de Futebol - FPF","MACACA SEGUE NO ALTO!
Fim de mais uma rodada da #SérieC!
#PaulistasEmCampo",,0,"07/01/2025 11:30",N/A,https://www.facebook.com/futebolpaulista/posts/pfbid02YfRt5CjsGLmQr1RN3963mBb9MfAJ1AyBKfVcpLYtvLdpsG57vBjkERNqAB3aMSH9l,0,0,Fotos,,,,,Total,59419,48080,337,304,18,15,1192,661,531,0,,
1163152889180993,100064588783898,"Federação Paulista de Futebol - FPF","FIM DE MAIS UMA RODADA!
Assim ficou a classificação do @brasileiraob ao final da 14ª rodada!
#PaulistasEmCampo",,0,"07/01/2025 10:30",N/A,https://www.facebook.com/futebolpaulista/posts/pfbid02f6i8VvRYS2AxWPcjYtB4gpwfACD6PKMoayTfEzSk2V95zFg6uV3bRMbFvcQyweMAl,0,0,Fotos,,,,,Total,104549,83689,414,370,30,14,2195,1384,811,0,1,
1163121792517436,100064588783898,"Federação Paulista de Futebol - FPF","RELAXA, MINHAS CRIAS RESOLVEM! 😮‍💨🔥
Marcos Leonardo, Menino da Vila, e Malcom, Filho do Terrão, fizeram três dos quatro gols que garantiram a vitória do Al-Hilal e a presença do time árabe nas quartas de final da @fifaclubworldcup! Saudades deles no Futebol Paulista, torcedor?
#PaulistasEmCampo #FIFACWC
📷Instagram/@marcosleonardo09 e Rodrigo Coca/Ag.Corinthians",,0,"07/01/2025 09:36",N/A,https://www.facebook.com/futebolpaulista/posts/pfbid02hmZyt4zs2JR3Zz7TGRRh7hMUeEb2ENY4yeRBn186kfAg57gLs5qkXnCMNRDfbA2Nl,0,0,Fotos,,,,,Total,35388,28708,349,327,17,5,729,325,404,0,,
1162986162530999,100064588783898,"Federação Paulista de Futebol - FPF","1️⃣5️⃣ ANOS DA @copadobrasilcbf DO TIMÃO! 🦅🏆
Chegou a hora de relembrar essa conquista do @corinthians! Saudades, torcedor?
#BaúDoPaulistão #PaulistasEmCampo #CopaDoBrasil",,0,"07/01/2025 06:00",N/A,https://www.facebook.com/futebolpaulista/posts/pfbid01JyP2ZucaGK9JFqt1N74j7hsfPgnqpuRNbcHH3eb3RYpTDMTDDg2faLxjVRqWcwol,0,0,Fotos,,,,,Total,87385,72118,2365,2068,228,69,2030,582,1448,0,1,
