"Identificação do post","Identificação da Página","Nome da Página",Título,Descrição,"Duração (s)","Horário de publicação","Tipo de legenda","Link permanente","É um post cruzado","É compartilhado","Tipo de post",Idiomas,"Rótulos personalizados","Status do conteúdo financiado","Comentário de dados",Data,Visualizações,Alcance,"Reações, comentários e compartilhamentos",Reações,Comentários,Compartilhamentos,"Segundos de visualização","Média de Segundos de visualização","Ganhos estimados (USD)","Total de cliques","Outros cliques","Consumo por direcionamento de público correspondente (Photo Click)","Cliques no link","Visualizações qualificadas","Feedbacks negativos dos usuários: Ocultar tudo"
1511822574314021,100064588783898,"Federação Paulista de Futebol - FPF","PALMEIRAS CAMPEÃO DO RIO-SÃO PAULO DE 93!
Há 33 anos, o Verdão superava o Corinthians no agregado e levava mais uma taça do campeonato interestadual!
#BaúDoPaulistão",,0,"08/07/2026 04:00",N/A,https://www.facebook.com/futebolpaulista/posts/pfbid02zJeTac8ED29o1S8BoJ3g1pmtr8Mq7kJug6VMyHsx5E96rKqhECygi9jg3T5UrquQl,0,0,Fotos,,,,,Total,58465,41059,1565,1385,115,65,,,,1189,699,490,,0,
1521077906721821,100064588783898,"Federação Paulista de Futebol - FPF","LOCOMOTIVA E BUGRE EM CAMPO!
Ferroviária e Guarani recebem seus adversários na @cbfseriec e vão buscar os três pontos em casa!
#PaulistasEmCampo",,0,"08/17/2026 06:00",N/A,https://www.facebook.com/futebolpaulista/posts/pfbid0L4os43sGK1tAADURJZuv8xt4BxeFqi2S2ieD2oEsJa3wbVGCHom5ustiHYiQSCx7l,0,0,Fotos,,,,,Total,0,0,8,7,1,0,,,,4,3,1,,0,
1521036406725971,100064588783898,"Federação Paulista de Futebol - FPF","CLÁSSICO DO ABC!
Não vai faltar emoção para São Caetano e Santo André pela #CopaPaulistaRivalo. Para quem vai sua torcida? 👀",,0,"08/17/2026 05:00",N/A,https://www.facebook.com/futebolpaulista/posts/pfbid0BkyS7sycLyTJ9mJw31ZkvxSTMZo3RQXuuFHi2MqFzfY3nKg3M5FtkgNvw7A7PPTVl,0,0,Fotos,,,,,Total,1207,1095,9,8,1,0,,,,9,5,4,,0,
1520645840098361,100064588783898,"Federação Paulista de Futebol - FPF","O Santos garantiu a vitória para o #FutebolPaulista neste domingo.
#PaulistasEmCampo",,0,"08/16/2026 17:53",N/A,https://www.facebook.com/futebolpaulista/posts/pfbid0vLS46c3UdwgDKpYm2vUPtSjzLo3xtGRbLnLvsNZcqyxvb5HFaHcPNFZP4Q3Cd9E5l,0,0,Fotos,,,,,Total,42457,29981,368,332,21,15,,,,707,473,234,,0,
1520637356765876,100064588783898,"Federação Paulista de Futebol - FPF","Garro fez a alegria do menininho na torcida! 🥹🤏 #PaulistasEmCampo #Corinthians #Garro","Garro fez a alegria do menininho na torcida! 🥹🤏 #PaulistasEmCampo #Corinthians #Garro",21,"08/16/2026 17:36",uploaded,https://www.facebook.com/reel/1572515124673262/,1,0,Vídeos,,,,,Total,71696,56592,1804,1720,47,37,626874.4,11.113,0,1571,1571,,,0,
1520634610099484,100064588783898,"Federação Paulista de Futebol - FPF","O Corinthians não conseguiu pontuar em casa.
#PaulistasEmCampo
📷Marco Galvão/Cruzeiro",,0,"08/16/2026 17:31",N/A,https://www.facebook.com/futebolpaulista/posts/pfbid02Vf889ywx9zNzCzn9pCRnd3EKs8eaeyZMBr7XU198fvdXQAZJFGbvFT5UAQLpNH79l,0,0,Fotos,,,,,Total,14032,9871,319,240,64,15,,,,451,366,85,,0,
1520615733434705,100064588783898,"Federação Paulista de Futebol - FPF","GUSTAVO HENRIQUEEEEEE!!!! O CORINTHIANS EMPATA NA NEO QUÍMICA ARENA! ⚫️⚪️ #PaulistasEmCampo #Corinthians","GUSTAVO HENRIQUEEEEEE!!!! O CORINTHIANS EMPATA NA NEO QUÍMICA ARENA! ⚫️⚪️ #PaulistasEmCampo #Corinthians",40,"08/16/2026 16:53",N/A,https://www.facebook.com/reel/1394504269273783/,1,0,Vídeos,,,,,Total,25125,24907,459,431,16,12,211459.88,9.039,0,817,817,,,0,
1520605570102388,100064588783898,"Federação Paulista de Futebol - FPF","PLACAR ZERADO NO REI PELÉ!
Nada de gols para CRB e Novorizontino.
#PaulistasEmCampo
📷Ozzair Jr/Novorizontino",,0,"08/16/2026 16:32",N/A,https://www.facebook.com/futebolpaulista/posts/pfbid02WC94Jmw3efek253PvmD8BDTeF6BcFfXsQRDYNfjqd59DhkWNL5vvEE56UK339eqxl,0,0,Fotos,,,,,Total,5193,4031,37,32,1,4,,,,25,11,14,,0,
1520602720102673,100064588783898,"Federação Paulista de Futebol - FPF","Noite atípica no Maião.
#PaulistasEmCampo 
📷JP Pinheiro/Ag. Mirassol",,0,"08/16/2026 16:27",N/A,https://www.facebook.com/futebolpaulista/posts/pfbid0V5pHJdHxGrfSV5eo5rRYUawU4BKhs11V5jqDfx85PCDvLEG2Yw1R1Hf1ziC4L4zbl,0,0,Fotos,,,,,Total,17296,12591,167,125,31,11,,,,416,310,106,,0,
1520569683439310,100064588783898,"Federação Paulista de Futebol - FPF","O POROPOPÓ DA FIEL! ⚫️⚪️ #PaulistasEmCampo #Corinthians","O POROPOPÓ DA FIEL! ⚫️⚪️ #PaulistasEmCampo #Corinthians",21,"08/16/2026 15:33",N/A,https://www.facebook.com/reel/1585400393259690/,1,0,Vídeos,,,,,Total,13337,12438,321,290,25,6,70621.205,5.905,0,220,220,,,0,
1520557723440506,100064588783898,"Federação Paulista de Futebol - FPF","Ídolo da criançada! 🤩🥹 #PaulistasEmCampo #Corinthians #YuriAlberto","Ídolo da criançada! 🤩🥹 #PaulistasEmCampo #Corinthians #YuriAlberto",27,"08/16/2026 15:08",N/A,https://www.facebook.com/reel/2109415469926769/,1,0,Vídeos,,,,,Total,4849,4616,151,145,6,0,24931.872,5.617,0,95,95,,,0,
1520525186777093,100064588783898,"Federação Paulista de Futebol - FPF","SANTOS, SEMPRE SANTOS!
O Peixe fica com os três pontos em São Januário!
#PaulistasEmCampo
📷Reinaldo Campos/Santos",,0,"08/16/2026 14:05",N/A,https://www.facebook.com/futebolpaulista/posts/pfbid02xow7dgsB5tTe3pspsUrtkywG6YaXM1gxRABMCZMLv7DWw1yaNYCxJfL4Cep1QeuYl,0,0,Fotos,,,,,Total,23317,17020,833,761,35,37,,,,494,332,162,,0,
1520358180127127,100064588783898,"Federação Paulista de Futebol - FPF","O APITO, A TAÇA E O GRITO DE CAMPEÃO!
O Paulista Sub-23 Segunda Divisão é do Independente!
#FutebolPaulista","O APITO, A TAÇA E O GRITO DE CAMPEÃO!
O Paulista Sub-23 Segunda Divisão é do Independente!
#FutebolPaulista",49,"08/16/2026 10:10",uploaded,https://www.facebook.com/reel/1064681006286086/,0,0,Vídeos,,,,,Total,4390,4105,144,124,9,11,36220.427,8.77,0,83,83,,,0,
1520330633463215,100064588783898,"Federação Paulista de Futebol - FPF","OLHA O FANTASMA AÍ! 👻
No único jogo deste domingo, o Primavera venceu o Osasco Sporting fora de casa.
#CopaPaulistaRivalo
📷Tainá Araújo/Divulgação/Primavera",,0,"08/16/2026 09:34",N/A,https://www.facebook.com/futebolpaulista/posts/pfbid02PdYREUgUHQUboADAWHBpidkoGF5hhMWvwYRuNt448DZnQMSqh5SMwpxkgubNe7HPl,0,0,Fotos,,,,,Total,10225,7598,42,35,2,5,,,,88,50,38,,0,
1520319476797664,100064588783898,"Federação Paulista de Futebol - FPF","PINTURA!
O Filipe Ferreira tirou onda e marcou um golaço no título do Independente!
#PaulistaSub23SegundaDivisão","PINTURA!
O Filipe Ferreira tirou onda e marcou um golaço no título do Independente!
#PaulistaSub23SegundaDivisão",31,"08/16/2026 09:21",uploaded,https://www.facebook.com/reel/1724960985420109/,0,0,Vídeos,,,,,Total,6815,6489,139,122,10,7,52714.018,8.389,0,143,143,,,0,
1520313810131564,100064588783898,"Federação Paulista de Futebol - FPF","E ESSA COMEMORAÇÃO? HAHAHAHAHA 🤣🤣🤣 #PaulistãoSub23SegundaDivisão","E ESSA COMEMORAÇÃO? HAHAHAHAHA 🤣🤣🤣 #PaulistãoSub23SegundaDivisão",12,"08/16/2026 09:15",N/A,https://www.facebook.com/reel/1558310352762037/,1,0,Vídeos,,,,,Total,50494,37914,279,255,19,5,318525.137,8.858,0,1346,1345,,1,0,
1520300903466188,100064588783898,"Federação Paulista de Futebol - FPF","Seu reel",,14,"08/16/2026 09:02",uploaded,https://www.facebook.com/reel/1569972991475768/,1,0,Vídeos,,,,,Total,4762,4039,90,78,2,10,23755.703,5.902,0,87,87,,,0,
1520287796800832,100064588783898,"Federação Paulista de Futebol - FPF","COMEMORA, GALO! 🏆🐓
O Independente é campeão do Paulista Sub-23 Segunda Divisão!
#FutebolPaulista
📷Alexandre Battibugli/Ag. Paulistão",,0,"08/16/2026 08:48",N/A,https://www.facebook.com/futebolpaulista/posts/pfbid0FKi3mXgykSEa25hmSK49Z5Aid9p5KTaYfyWbosyZM5k2Z3NoknR67wQ7joEeCJiil,0,0,Fotos,,,,,Total,20434,14083,479,382,54,43,,,,1009,292,717,,0,
1520274670135478,100064588783898,"Federação Paulista de Futebol - FPF","ÉÉÉÉ CAMPEÃOOOOO!!! 🏆 #PaulistãoSub23SegundaDivisão","ÉÉÉÉ CAMPEÃOOOOO!!! 🏆 #PaulistãoSub23SegundaDivisão",37,"08/16/2026 08:32",uploaded,https://www.facebook.com/reel/1366424955577920/,1,0,Vídeos,,,,,Total,14935,14934,284,252,19,13,125736.816,8.92,0,908,908,,,0,
1520271530135792,100064588783898,"Federação Paulista de Futebol - FPF","PROMESSA PAGA! 🏆 #PaulistãoSub23SegundaDivisão","PROMESSA PAGA! 🏆 #PaulistãoSub23SegundaDivisão",57,"08/16/2026 08:28",auto,https://www.facebook.com/reel/2046125349442902/,1,0,Vídeos,,,,,Total,1869,1704,36,34,2,0,8728.28,5.056,0,33,33,,,0,
1520266086803003,100064588783898,"Federação Paulista de Futebol - FPF","VIRADA HISTÓRICA!
Independente reverte a desvantagem da ida, goleia o América e fica com o título do Paulista Sub-23 Segunda Divisão!
#PaulistaSub23SegundaDivisão
📷Alexandre Battibugli/Ag. Paulistão",,0,"08/16/2026 08:21",N/A,https://www.facebook.com/futebolpaulista/posts/pfbid0n8w1NBvkWvWpSzJGyXGgJ7haLiWNvuWc7YJgyRxUfiLzWRW3HC7moNMPcDFRvq3Zl,0,0,Fotos,,,,,Total,37418,26924,517,447,42,28,,,,1364,527,837,,0,
1520258540137091,100064588783898,"Federação Paulista de Futebol - FPF","O GOL DO TÍTULO!!!!! 🤩🤩🤩🤩 #PaulistãoSub23SegundaDivisão","O GOL DO TÍTULO!!!!! 🤩🤩🤩🤩 #PaulistãoSub23SegundaDivisão",46,"08/16/2026 08:12",mixed,https://www.facebook.com/reel/1345013060997527/,1,0,Vídeos,,,,,Total,43925,41103,796,683,91,22,634233.11,15.873,0,3874,3874,,,0,
1520250756804536,100064588783898,"Federação Paulista de Futebol - FPF","É O GALO DE LIMEIRA COM CRISTA DE CAMPEÃO! 🏆🐓
O Independente conquista uma virada história e fica com o título do Paulista Sub-23 Segunda Divisão!
#FutebolPaulista",,0,"08/16/2026 08:04",N/A,https://www.facebook.com/futebolpaulista/posts/pfbid0GsNPcggr6pH4KHBfRQx9uXbBCATXuAZGEbifQ562q8iFVV2JzFpRmhsrk7Ks59L9l,0,0,Fotos,,,,,Total,42097,28110,838,645,92,101,,,,1349,1063,286,,0,
1520244503471828,100064588783898,"Federação Paulista de Futebol - FPF","O goleiro Jonathan Henrique 🇧🇷 comemorou muito o terceiro gol do Independente F.C.! 
#PaulistaSub23SegundaDivisão","O goleiro Jonathan Henrique 🇧🇷 comemorou muito o terceiro gol do Independente F.C.! 
#PaulistaSub23SegundaDivisão",15,"08/16/2026 07:56",N/A,https://www.facebook.com/reel/1547241429845394/,1,0,Vídeos,,,,,Total,11369,9727,110,108,0,2,66917.361,7.268,0,162,160,,2,0,
1520241866805425,100064588783898,"Federação Paulista de Futebol - FPF","QUE GOLAAAAAÇOOOOO PRA MANTER O INDEPENDENTE VIVO NA BUSCA DA TAÇA!!!! #PaulistãoSub23SegundaDivisão","QUE GOLAAAAAÇOOOOO PRA MANTER O INDEPENDENTE VIVO NA BUSCA DA TAÇA!!!! #PaulistãoSub23SegundaDivisão",15,"08/16/2026 07:54",N/A,https://www.facebook.com/reel/1599174571761224/,1,0,Vídeos,,,,,Total,13458,10964,193,171,13,9,86248.923,8.309,0,332,332,,,0,
1520239890138956,100064588783898,"Federação Paulista de Futebol - FPF","O GOL DA ESPERANÇA!
Iury fez de cabeça no fim do primeiro tempo e recolocou o Independente no jogo!
#PaulistaSub23SegundaDivisão","O GOL DA ESPERANÇA!
Iury fez de cabeça no fim do primeiro tempo e recolocou o Independente no jogo!
#PaulistaSub23SegundaDivisão",26,"08/16/2026 07:51",N/A,https://www.facebook.com/reel/1937103780295361/,0,0,Vídeos,,,,,Total,1784,1610,41,38,2,1,10160.559,6.509,0,26,26,,,0,
1520195700143375,100064588783898,"Federação Paulista de Futebol - FPF","GALO NA FRENTE!
Fim de primeiro tempo no Agostinho Prada e o Independente vai para o intervalo com a vitória parcial sobre o América. No agregado, a vantagem ainda é da equipe Alvirrubra.
#PaulistaSub23SegundaDivisão
📷Alexandre Battibugli/Ag. Paulistão",,0,"08/16/2026 06:58",N/A,https://www.facebook.com/futebolpaulista/posts/pfbid0d91uWQQhzwX1GRPsL7A49rEkcE6HkCMVMLUbFj8tfCUXNtLnf6FHPGPqf7K4cPuql,0,0,Fotos,,,,,Total,8179,6017,56,51,0,5,,,,101,71,30,,0,
1520189980143947,100064588783898,"Federação Paulista de Futebol - FPF","TUDO IGUAL NA DECISÃO!!!!! 🤩🤩🤩 #PaulistaSub23SegundaDivisão","TUDO IGUAL NA DECISÃO!!!!! 🤩🤩🤩 #PaulistaSub23SegundaDivisão",13,"08/16/2026 06:51",N/A,https://www.facebook.com/reel/2292987527904862/,1,0,Vídeos,,,,,Total,10293,8435,95,86,7,2,58258.983,7.255,0,236,236,,,0,
1520174343478844,100064588783898,"Federação Paulista de Futebol - FPF","O AMÉRICA É SENTIMENTO! 
#PaulistaSub23SegundaDivisão","O AMÉRICA É SENTIMENTO! 
#PaulistaSub23SegundaDivisão",19,"08/16/2026 06:32",N/A,https://www.facebook.com/reel/1097124446210515/,1,0,Vídeos,,,,,Total,2097,1887,49,44,4,1,10931.928,6.003,0,35,35,,,0,
1520172510145694,100064588783898,"Federação Paulista de Futebol - FPF","O LEOZINHO QUASE FAZ UM GOLAÇO! 
#PaulistaSub23SegundaDivisão","O LEOZINHO QUASE FAZ UM GOLAÇO! 
#PaulistaSub23SegundaDivisão",7,"08/16/2026 06:30",N/A,https://www.facebook.com/reel/1263336953532321/,1,0,Vídeos,,,,,Total,13903,9811,28,28,0,0,55336.428,5.941,0,133,133,,,0,
1520170776812534,100064588783898,"Federação Paulista de Futebol - FPF","ÉDIPO VAI PRA REDE! 
O América Futebol Clube - SP abre o placar em Limeira! 
#PaulistaSub23SegundaDivisão","ÉDIPO VAI PRA REDE! 
O América Futebol Clube - SP abre o placar em Limeira! 
#PaulistaSub23SegundaDivisão",14,"08/16/2026 06:28",N/A,https://www.facebook.com/reel/28159355340417605/,1,0,Vídeos,,,,,Total,11399,9357,101,94,7,0,69328.451,7.867,0,260,260,,,0,
1520154046814207,100064588783898,"Federação Paulista de Futebol - FPF","Torcida do América Futebol Clube - SP em peso para acompanhar a decisão do Paulista Sub-23 Segunda Divisão!","Torcida do América Futebol Clube - SP em peso para acompanhar a decisão do Paulista Sub-23 Segunda Divisão!",16,"08/16/2026 06:07",N/A,https://www.facebook.com/reel/1981456789232216/,1,0,Vídeos,,,,,Total,8168,6981,163,131,22,10,49001.155,7.367,0,279,278,,1,0,
1520148833481395,100064588783898,"Federação Paulista de Futebol - FPF","ALERTA DE JOGÃO!  🚨
O que não falta nesse domingo é Futebol Paulista para você assistir!
#PaulistasEmCampo",,0,"08/16/2026 06:00",N/A,https://www.facebook.com/futebolpaulista/posts/pfbid0ySr8VQsAJckiBmH2j9GdW5qHyKd33bJGNdu9AmtYjNa9Ahb3CBZjSycq1wwpWsunl,0,0,Fotos,,,,,Total,8799,6529,70,67,0,3,,,,106,33,73,,0,
1520147253481553,100064588783898,"Federação Paulista de Futebol - FPF","As crianças vieram em peso apoiar o Independente F.C.! 🤩 #PaulistaSub23SegundaDivisão","As crianças vieram em peso apoiar o Independente F.C.! 🤩 #PaulistaSub23SegundaDivisão",17,"08/16/2026 05:58",N/A,https://www.facebook.com/reel/1743307136979765/,1,0,Vídeos,,,,,Total,4798,4291,66,60,2,4,24379.223,5.904,0,63,63,,,0,
1520139436815668,100064588783898,"Federação Paulista de Futebol - FPF","Que tapa do preparador, hein? 😮‍💨 #PaulistaSub23SegundaDivisão","Que tapa do preparador, hein? 😮‍💨 #PaulistaSub23SegundaDivisão",11,"08/16/2026 05:47",N/A,https://www.facebook.com/reel/1368567445459446/,1,0,Vídeos,,,,,Total,2096,1902,10,10,0,0,7504.542,4.19,0,7,7,,,0,
1520130906816521,100064588783898,"Federação Paulista de Futebol - FPF","🏆 QUEM VAI LEVANTAR A TAÇA DO PAULISTA SUB- 23 SEGUNDA DIVISÃO? 
#PaulistaSub23SegundaDivisão","🏆 QUEM VAI LEVANTAR A TAÇA DO PAULISTA SUB- 23 SEGUNDA DIVISÃO? 
#PaulistaSub23SegundaDivisão",21,"08/16/2026 05:35",uploaded,https://www.facebook.com/reel/2504490513382990/,1,0,Vídeos,,,,,Total,1084,1054,17,16,0,1,3829.856,3.803,0,12,12,,,0,
1520122816817330,100064588783898,"Federação Paulista de Futebol - FPF","DOMINGO DE DECISÃO!
Chegou o dia de conhecer o grande campeão do Paulista Sub-23 Segunda Divisão! Já já a bola rola para Independente e América, no segundo jogo da finalíssima!
#FutebolPaulista 
📷Alexandre Battibugli/Ag. Paulistão",,0,"08/16/2026 05:24",N/A,https://www.facebook.com/futebolpaulista/posts/pfbid035WwVBbEPwFbKuXA4dWzrjm8gWuf5d9MuDVX89ofYHTnJK6nGU6ugrAzMNTEa8T4ol,0,0,Fotos,,,,,Total,25165,18392,168,161,2,5,,,,625,205,420,,0,
1520067206822891,100064588783898,"Federação Paulista de Futebol - FPF","MAIS UM!
Vamos começar o dia com Osasco Sporting e Primavera pela Copa Paulista Rivalo.
#CopaPaulistaRivalo",,0,"08/16/2026 04:00",N/A,https://www.facebook.com/futebolpaulista/posts/pfbid02yLWgpSC52VxMPKFadK7fetL9owhyk9UgYhsenpKZf6nLFpRuJHsTazLYRtCTGCMEl,0,0,Fotos,,,,,Total,3232,2392,15,13,0,2,,,,12,4,8,,0,
1519766560186289,100064588783898,"Federação Paulista de Futebol - FPF","PARA ONDE VAI A TAÇA: LIMEIRA OU SÃO JOSÉ DO RIO PRETO?
Chegou o dia da grande final do Paulista Sub-23 Segunda Divisão! Para quem vai sua torcida: Independente ou América? 👀
#PaulistaSub23SegundaDivisão",,0,"08/15/2026 20:05",N/A,https://www.facebook.com/futebolpaulista/posts/pfbid0GyA8LfL19LeTWxCtS9p7mT9fNJxnAVotz26GtSFSLm6EqhFC917V4y1bMDuCj6Ful,0,0,Fotos,,,,,Total,19946,14735,148,129,18,1,,,,379,280,99,,0,
1519740403522238,100064588783898,"Federação Paulista de Futebol - FPF","Confira como foi o sábado das equipes paulistas.
#PaulistasEmCampo",,0,"08/15/2026 19:22",N/A,https://www.facebook.com/futebolpaulista/posts/pfbid02oWsa7KVcep9tqoVwuArrJTFwqG6d7qye32tStpmxwKfxFErzGxnnkVM5W5ydfnUAl,0,0,Fotos,,,,,Total,34157,23579,182,166,7,9,,,,451,188,263,,0,
1519727993523479,100064588783898,"Federação Paulista de Futebol - FPF","EMPATE NO MORUMBIS!
São Paulo e Coritiba ficaram em igualdade no marcador.
#PaulistasEmCampo
📷Paulo Pinto/São Paulo",,0,"08/15/2026 19:01",N/A,https://www.facebook.com/futebolpaulista/posts/pfbid02WQvA6VEgGYkvqV7SeeUZucqTqxVKJmgcWgtUpC8ZVUY2ia7AuzG8k5Tx6WCAi9nal,0,0,Fotos,,,,,Total,17161,12334,142,111,27,4,,,,389,317,72,,0,
1519676663528612,100064588783898,"Federação Paulista de Futebol - FPF","Não era o resultado que a Inter de Limeira esperava para este sábado.
#PaulistasEmCampo
📷Marco Jr/Divulgação/Inter de Limeira",,0,"08/15/2026 17:30",N/A,https://www.facebook.com/futebolpaulista/posts/pfbid0nRXoYzeVdXeg1wTQbBvUge3354VLPn5pMp5u1RyXwTJUUBwPAfXbY5bPquBUiw4Nl,0,0,Fotos,,,,,Total,47280,35057,219,189,24,6,,,,738,471,267,,0,
1519675196862092,100064588783898,"Federação Paulista de Futebol - FPF","São José, Paulista e Linense garantiram os três pontos neste sábado de Copa Paulista Rivalo!
#CopaPaulistaRivalo",,0,"08/15/2026 17:27",N/A,https://www.facebook.com/futebolpaulista/posts/pfbid02ht1MNjaA3KCbvjk4h3ADEcMfSE5VMcUG9jfUWb5dPzMY6rykFtnzWn9srcjkKr4Tl,0,0,Fotos,,,,,Total,20214,15403,110,94,12,4,,,,384,270,114,,0,
1519644976865114,100064588783898,"Federação Paulista de Futebol - FPF","EMPATE NO PARANÁ!
Ficou tudo igual entre Athletico e Red Bull Bragantino.
#PaulistasEmCampo
📷Ari Ferreira/Red Bull Bragantino",,0,"08/15/2026 16:32",N/A,https://www.facebook.com/futebolpaulista/posts/pfbid02oVnCr4JmXZjLiDTAuaszrYmQFNi1E9PxZeWkUMFYCb2SigtSfTJtHQ9SF3AmyUorl,0,0,Fotos,,,,,Total,13138,9601,51,46,1,4,,,,86,34,52,,0,
1519596810203264,100064588783898,"Federação Paulista de Futebol - FPF","O Ituano não conseguiu pontuar contra o Volta Redonda.
#PaulistasEmCampo
📷 João Braz/Volta Redonda",,0,"08/15/2026 15:07",N/A,https://www.facebook.com/futebolpaulista/posts/pfbid0xkz9mSPRT443fnVuhu9ZY2hLyPC8TLyq9nQV3hfBt5KyHZW8x4vAtfvnc3HJTWsWl,0,0,Fotos,,,,,Total,10712,7889,29,26,2,1,,,,58,23,35,,0,
1519577410205204,100064588783898,"Federação Paulista de Futebol - FPF","Palmeiras leva a virada e acaba superado no Maracanã.
#PaulistasEmCampo
📷Cesar Greco/Palmeiras",,0,"08/15/2026 14:29",N/A,https://www.facebook.com/futebolpaulista/posts/pfbid02wZdtDXENW7pA3adRGHjgySSNr72kk2n5dTDffkNVtKLFN8kRbQWyKpoHWGpjSf8Cl,0,0,Fotos,,,,,Total,41360,28568,524,370,111,43,,,,1185,887,298,,0,
1519202063576072,100064588783898,"Federação Paulista de Futebol - FPF","FOI AQUI QUE PEDIRAM FUTEBOL PAULISTA?
Hoje tem muito jogo importante para as minhas equipes no @brasileirao e na @cbfseriec!
#PaulistasEmCampo",,0,"08/15/2026 06:00",N/A,https://www.facebook.com/futebolpaulista/posts/pfbid02APuRVvecmvk7a9GWgKCyLsg2N9cNSSU6GkNHa2KAKnP1K7Gd6FdVGpa8vZ2hGbHcl,0,0,Fotos,,,,,Total,20850,14273,180,166,1,13,,,,250,78,172,,0,
1519072330255712,100064588783898,"Federação Paulista de Futebol - FPF","DIA CHEIO!
Três jogos da Copa Paulista Rivalo movimentam o sábado 🤩
#CopaPaulistaRivalo",,0,"08/15/2026 03:00",N/A,https://www.facebook.com/futebolpaulista/posts/pfbid02o2Uf9Pd7SHoNxUbjHNe7fkJ2hHBhAa51tgXvDZSkcgssVvvLVtpD8rJbcJz8SNFcl,0,0,Fotos,,,,,Total,7966,6056,56,50,0,6,,,,61,19,42,,0,
1518713843624894,100064588783898,"Federação Paulista de Futebol - FPF","VITÓRIA DO LEÃO!
Na abertura da quinta rodada da Copa Paulista Rivalo, o Bandeirante fez o dever de casa e garantiu os três pontos.
#CopaPaulistaRivalo
📷Divulgação/Bandeirante",,0,"08/14/2026 18:16",N/A,https://www.facebook.com/futebolpaulista/posts/pfbid02naGTGkVCdM4mT1QFCLxDZrDcgiFoCAnwQvFkqFT8jEExvcCgFftbUW4DeHSdNXuEl,0,0,Fotos,,,,,Total,39187,28927,172,153,11,8,,,,475,188,287,,0,
1518693943626884,100064588783898,"Federação Paulista de Futebol - FPF","Com vitória do Botafogo pra cima do São Bernardo e empate da Ponte Preta em Campinas, foi assim que terminou a sexta-feira de futebol para os times paulistas.
#PaulistasEmCampo",,0,"08/14/2026 17:45",N/A,https://www.facebook.com/futebolpaulista/posts/pfbid02yfBoqrcRwVoQ6C8ERhggWzsunNzwL4XvuvRZywzMrQzLwmdHNMjavw8x2EusXxYQl,0,0,Fotos,,,,,Total,8592,6181,65,53,4,8,,,,91,58,33,,0,
1518692206960391,100064588783898,"Federação Paulista de Futebol - FPF","VITÓRIA TRICOLOR!
O Botafogo ficou com os três pontos no duelo paulista!
#PaulistasEmCampo
📷Ariston Tavares/Agência Botafogo",,0,"08/14/2026 17:41",N/A,https://www.facebook.com/futebolpaulista/posts/pfbid0Zc2fREQqHoBPSnnkqxEXGf8txPrFquPvkkXJjW3EX31rxwERuW2XEnt4j2tPeHuml,0,0,Fotos,,,,,Total,19529,14354,191,164,15,12,,,,292,198,94,,0,
1518690790293866,100064588783898,"Federação Paulista de Futebol - FPF","IGUALDADE NO MARCADOR!
Ponte Preta e Náutico ficaram no empate pela Série B.
#PaulistasEmCampo
📷Marcos Ribolli/Ponte Preta",,0,"08/14/2026 17:39",N/A,https://www.facebook.com/futebolpaulista/posts/pfbid04LaP3vvhoRWncF1C9s1psLLq9GzfsnzSBZtdRqGprGoLMcVqbab23PtqyDqd8S18l,0,0,Fotos,,,,,Total,15707,11480,222,152,61,9,,,,372,307,65,,0,
1518340046995607,100064588783898,"Federação Paulista de Futebol - FPF","PENÚLTIMA RODADA!
A quinta rodada da #CopaPaulistaRivalo está chegando com TUDO 🔥",,0,"08/14/2026 08:00",N/A,https://www.facebook.com/futebolpaulista/posts/pfbid093GsME93nDPNr52FMxafkam597NGf5LSLnouEuvLkPdZgEquyvo96icsfdZABhYcl,0,0,Fotos,,,,,Total,9607,6884,63,55,2,6,,,,117,55,62,,0,
1518252113671067,100064588783898,"Federação Paulista de Futebol - FPF","SEXTA-FEIRA DE MUITO @brasileiraob!
Com direito a duelo paulista, hoje tem dose dupla de confrontos na Série B! 
#PaulistasEmCampo",,0,"08/14/2026 06:00",N/A,https://www.facebook.com/futebolpaulista/posts/pfbid0RvnBixMgKyKp6xb5xdLrjrXU7mnNXTWRHb9YAtbTKXr5RAAJDpjDjWaBcL2hzp3Jl,0,0,Fotos,,,,,Total,8636,6469,47,45,0,2,,,,54,21,33,,0,
1518170017012610,100064588783898,"Federação Paulista de Futebol - FPF","106 ANOS DA LUSA! 💚❤️
Parabéns, @portuguesaoficial! Há 106 anos, a Lusa faz história no futebol brasileiro. #Aniversário",,0,"08/14/2026 04:00",N/A,https://www.facebook.com/futebolpaulista/posts/pfbid02hU6AYMHWjH1MSxNX64PZ3jBENn7SZB2K5XZ9Go913c8D42LtBjjnPMkMwpK2h5sHl,0,0,Fotos,,,,,Total,70963,51531,1700,1446,184,70,,,,1243,868,375,,0,
1517879683708310,100064588783898,"Federação Paulista de Futebol - FPF","Vitória do Santos na @SudamericanaBR e empates pela Libertadores. É assim que terminou a quinta-feira do #FutebolPaulista.
#PaulistasEmCampo",,0,"08/13/2026 19:46",N/A,https://www.facebook.com/futebolpaulista/posts/pfbid0A2cHtPjdLM6L2XNAYk75NnA6qBJ6VkFc6YJXpT5qqNkzoeE6d2iwyGJfGrCSbGZyl,0,0,Fotos,,,,,Total,25057,16727,146,137,1,8,,,,270,112,158,,0,
1517877603708518,100064588783898,"Federação Paulista de Futebol - FPF","IGUALDADE LÁ!
Corinthians segura o empate na Argentina e vai decidir a vaga para as quartas de final da Libertadores jogando em casa.
#PaulistasEmCampo
📷Conmebol",,0,"08/13/2026 19:43",N/A,https://www.facebook.com/futebolpaulista/posts/pfbid0vDfLN3FT5VUBTEqw5ERpwmRetvLFiEXFfPftg5LQDPJp3rin6qWd6zNAhJndoyHWl,0,0,Fotos,,,,,Total,24183,16415,402,328,59,15,,,,532,420,112,,0,
1517797160383229,100064588783898,"Federação Paulista de Futebol - FPF","EMPATE NA IDA!
Mirassol fica em igualdade com a LDU e agora vai decidir a vaga nas quartas de final da Libertadores jogando no Equador.
#PaulistasEmCampo
📷Pedro Zacchi/Ag. Mirassol",,0,"08/13/2026 17:16",N/A,https://www.facebook.com/futebolpaulista/posts/pfbid0rWBz6BA7QPRrPGt3J6bqBBr428Xs5eWCQY5oVVL3NQv2iWQjyiiR1C23uhMnkXB9l,0,0,Fotos,,,,,Total,20596,14960,156,107,39,10,,,,338,249,89,,0,
1517794270383518,100064588783898,"Federação Paulista de Futebol - FPF","DE VIRADA!
Santos leva a melhor pra cima do Maracá-EQU e larga na frente por um lugar nas quartas de final da @SudamericanaBR.
#PaulistasEmCampo 
📷Raul Baretta/Santos",,0,"08/13/2026 17:10",N/A,https://www.facebook.com/futebolpaulista/posts/pfbid0mxSvcjUPPiD7abHwxtewKCj2Mw4w9ixHHynhhZn3NGmAL16rEVstdX6MtGMxrs1bl,0,0,Fotos,,,,,Total,20885,15149,451,411,13,27,,,,246,140,106,,0,
1517748680388077,100064588783898,"Federação Paulista de Futebol - FPF","HISTÓRICO! 💯
Gabigol chega ao 100º gol com a camisa do Santos!
#FutebolPaulista",,0,"08/13/2026 15:50",N/A,https://www.facebook.com/futebolpaulista/posts/pfbid02ADrgHHDMN5oRnwtwMUcYmUF7jtcYofrmcmbwQiS8THj9nrzq6jMeoXxkvAxxV4nul,0,0,Fotos,,,,,Total,15930,11497,316,281,4,31,,,,133,72,61,,0,
1517512943744984,100064588783898,"Federação Paulista de Futebol - FPF","ARBITRAGEM PAULISTA & FEMININA! 🌟
Daiane Muniz e Edina Alves são duas das três árbitras escaladas para uma mesma rodada do @brasileirao -  o que acontece pela primeira vez na história! 
#FPF #Aribtragem",,0,"08/13/2026 10:24",N/A,https://www.facebook.com/futebolpaulista/posts/pfbid037HGcsVRDpMkpc7LiuLoKEps74pMbVeguWF6y6zqrkMmzbErQAKL6SQVitAuXQ3GWl,0,0,Fotos,,,,,Total,26828,17926,210,152,55,3,,,,587,397,190,,0,
1517445550418390,100064588783898,"Federação Paulista de Futebol - FPF","FIM DE MAIS UMA RODADA!
Vem conferir como estão os paulistas na tabela de classificação do @brasileiraob!
#PaulistasEmCampo",,0,"08/13/2026 09:00",N/A,https://www.facebook.com/futebolpaulista/posts/pfbid02bMGPot9kTLeA1KpLBgr3WqAA5yJdA5rSUM4tGinVf8LkN9qPDukHAyTk5HdVZPsnl,0,0,Fotos,,,,,Total,32048,21276,197,167,22,8,,,,644,380,264,,0,
1517401190422826,100064588783898,"Federação Paulista de Futebol - FPF","TÁ PODENDO GOL OLÍMPICO NA COPA PAULISTA RIVALO? 😱
Aparentemente tá podendo! O Matheus Arjona fez o gol de empate do Bandeirante contra o Marília direto da marca do escanteio!
#CopaPaulistaRivalo","TÁ PODENDO GOL OLÍMPICO NA COPA PAULISTA RIVALO? 😱
Aparentemente tá podendo! O Matheus Arjona fez o gol de empate do Bandeirante contra o Marília direto da marca do escanteio!
#CopaPaulistaRivalo",58,"08/13/2026 08:00",auto,https://www.facebook.com/reel/2277465866428381/,0,0,Vídeos,,,,,Total,7989,8006,63,60,1,2,52210.648,6.853,0,101,101,,,0,
1517354217094190,100064588783898,"Federação Paulista de Futebol - FPF","AGORA EU QUERO VER! 🦶
Quem é o melhor canhoto do Futebol Paulista? Conta aí nos comentários!
#DiaDoCanhoto #FutebolPaulista",,0,"08/13/2026 07:00",N/A,https://www.facebook.com/futebolpaulista/posts/pfbid02dDAa27q5gg6A1dpuDnqWcL1z8cAXj2LrY7eYSVnZK74RtFMTUJtfRYkjZ6xsPgnrl,0,0,Fotos,,,,,Total,6398,4804,42,38,2,2,,,,58,35,23,,0,
1517311510431794,100064588783898,"Federação Paulista de Futebol - FPF","NOITE AGITADA!
Nessa quinta-feira, minhas equipes tem compromissos importantes na @sudamericanabr e na @libertadoresbr!
#PaulistasEmCampo",,0,"08/13/2026 06:00",N/A,https://www.facebook.com/futebolpaulista/posts/pfbid02SUtNoKMFqP5fqHT2ag9aTNCei69EqpS83J3yNLpLGg2eZev69ioUTw2fjGErh6egl,0,0,Fotos,,,,,Total,17833,12229,141,130,0,11,,,,184,53,131,,0,
1517228097106802,100064588783898,"Federação Paulista de Futebol - FPF","BUGRE CAMPEÃO BRASILEIRO DE 78! 🏹🌟🏆
Há 48 anos, o Guarani trazia a taça do @brasileirao para Campinas pela primeira vez! 
#BaúDoPaulistão",,0,"08/13/2026 04:00",N/A,https://www.facebook.com/futebolpaulista/posts/pfbid0UhY7DHKvtSwnP1WmdZtaC5hwLvtVwoWa9RghjpJbyUZUm3btZtTjHtNF7oMzACMql,0,0,Fotos,,,,,Total,50606,35974,1178,990,111,77,,,,1038,730,308,,0,
1516872203809058,100064588783898,"Federação Paulista de Futebol - FPF","A noite não foi muito boa para os paulistas na @libertadoresbr e @sudamericanabr!
#PaulistasEmCampo #FutebolPaulista",,0,"08/12/2026 17:28",N/A,https://www.facebook.com/futebolpaulista/posts/pfbid02nboA4ph9TxTXekp5u8o5MyQqe3pdyHqMFgsPv4FcHtGyB4KDwa5s8qk9DLiwgTEYl,0,0,Fotos,,,,,Total,19608,13791,97,88,7,2,,,,253,150,103,,0,
1516868657142746,100064588783898,"Federação Paulista de Futebol - FPF","TUDO IGUAL!
Com um a menos, Palmeiras sai na frente, mas sofre empate em casa nas oitavas da @libertadoresbr!
#PaulistasEmCampo #FutebolPaulista 
📷Cesar Greco/Palmeiras",,0,"08/12/2026 17:22",N/A,https://www.facebook.com/futebolpaulista/posts/pfbid02RWXwGjuYoCNmd6Fci2gpurX7uMPmS8wNDJKJsyq1khQvj7qU1CjDnqP3KSM943XDl,0,0,Fotos,,,,,Total,11064,7526,142,101,35,6,,,,305,239,66,,0,
1516868020476143,100064588783898,"Federação Paulista de Futebol - FPF","Red Bull Bragantino é derrotado e vai buscar a classificação fora de casa!
#PaulistasEmCampo #FutebolPaulista
📷Ari Ferreira/Red Bull Bragantino",,0,"08/12/2026 17:21",N/A,https://www.facebook.com/futebolpaulista/posts/pfbid02SsAYtfKHDkHpLyvQQexUcWNqN2ek2R7FmYnCvqvF2g491RXooFfKGuVBfETNcVn1l,0,0,Fotos,,,,,Total,17628,12668,88,82,5,1,,,,176,93,83,,0,
1516741503822128,100064588783898,"Federação Paulista de Futebol - FPF","PALMEIRAS E CERRO PORTEÑO SE CONHECEM BEM... 
O duelo mais vezes disputado na história da @libertadoresbr se repete hoje! Vem conferir o retrospecto do confronto na competição 👀
#PaulistasEmCampo",,0,"08/12/2026 13:42",N/A,https://www.facebook.com/futebolpaulista/posts/pfbid02YMqhv3deCsSiufwjtmVdvFa2YuyhywRdkuQx6R8W9PV3b27iZWXDEMp5Stsr1G5Xl,0,0,Fotos,,,,,Total,5268,3827,65,62,0,3,,,,39,24,15,,0,
1516604073835871,100064588783898,"Federação Paulista de Futebol - FPF","NA COPA DO BRASIL, A VANTAGEM É DO VERDÃO! 👀
É a terceira edição da @copadobrasilcbf em que Palmeiras e Santos se cruzam... Lembra das outras duas, torcedor?
#PaulistasEmCampo",,0,"08/12/2026 10:20",N/A,https://www.facebook.com/futebolpaulista/posts/pfbid03626iPhkDouwBW62z5Lyf4AX2q3a9eVZ3g9AXAh6N5UiCgqpNswBXLwmdC4wRngNml,0,0,Fotos,,,,,Total,20975,13810,296,264,23,9,,,,432,324,108,,0,
1516499140513031,100064588783898,"Federação Paulista de Futebol - FPF","NINGUÉM SEGURA O LEÃO 🦁🚀
A Inter de Limeira está voando na liderança da @cbfseriec.
#PaulistasEmCampo #InterDeLimeira",,0,"08/12/2026 08:00",N/A,https://www.facebook.com/futebolpaulista/posts/pfbid02ujbPWjPD4AEFPdb9hWS6XBvp8VgwpdW9y4FebjgcChSVnvsP9zt7xM52KEexktNUl,0,0,Fotos,,,,,Total,21501,14906,276,242,23,11,,,,448,346,102,,0,
1516412753855003,100064588783898,"Federação Paulista de Futebol - FPF","QUARTA DE LIBERTADORES E SULAMERICANA!
O Palmeiras segue em busca da Glória Eterna, enquanto o Red Bull Bragantino dá mais um passo rumo à Grande Conquista!
#PaulistasEmCampo",,0,"08/12/2026 06:00",N/A,https://www.facebook.com/futebolpaulista/posts/pfbid02w2QJjZNpzJtU4ELWa7i6HBupvzQ1QNiTfxZB6KaJKPdxEP6HMXHoHG5qzju62bHql,0,0,Fotos,,,,,Total,15907,11305,93,86,2,5,,,,143,69,74,,0,
1516033330559612,100064588783898,"Federação Paulista de Futebol - FPF","NO ALTO!
O Arboleda marcou o gol do São Paulo Futebol Clube na Bolívia. 
#PaulistasEmCampo #Sudamericana 
🎥 CONMEBOL Sudamericana","NO ALTO!
O Arboleda marcou o gol do São Paulo Futebol Clube na Bolívia. 
#PaulistasEmCampo #Sudamericana 
🎥 CONMEBOL Sudamericana",25,"08/11/2026 19:43",N/A,https://www.facebook.com/reel/1431126442160433/,1,0,Vídeos,,,,,Total,24933,22414,388,376,6,6,173535.828,7.987,0,348,348,,,0,
1516027160560229,100064588783898,"Federação Paulista de Futebol - FPF","TUDO IGUAL!
O Tricolor volta para o Brasil com um empate na bagagem. 
#PaulistasEmCampo 
📷 Divulgação/Conmebol",,0,"08/11/2026 19:32",N/A,https://www.facebook.com/futebolpaulista/posts/pfbid02jLD1WzUPp6ud8V5JzXjqAzU3Nfb1f93yZBpVVisCGAtCZYSMqyRocDLX6MGT13n2l,0,0,Fotos,,,,,Total,16509,11378,141,126,10,5,,,,200,127,73,,0,
1515978607231751,100064588783898,"Federação Paulista de Futebol - FPF","MAIS UMA ENCERRADA!
A quarta rodada da #CopaPaulistaRivalo foi recheada de gols. Vem conferir 👀",,0,"08/11/2026 18:05",N/A,https://www.facebook.com/futebolpaulista/posts/pfbid02m5zSreFFDQ1atWJuhTJAYAszffgCsdpxf1FWTm1JtRmFCyM8dzYhJQteG72wxhK2l,0,0,Fotos,,,,,Total,11796,8384,71,63,0,8,,,,149,71,78,,0,
1515969630565982,100064588783898,"Federação Paulista de Futebol - FPF","TUDO IGUAL...
Marília e Bandeirante encerraram a rodada da Copa Paulista Rivalo com um empate.
#CopaPaulistaRivalo
📷 Matheus Dahsan/Marília",,0,"08/11/2026 17:48",N/A,https://www.facebook.com/futebolpaulista/posts/pfbid02Em44qi8CjeWyMmWwRmucNUN8BDDZMAp76PcG3Wp4uA6RFCCKugiDqkk8gdgEzJd4l,0,0,Fotos,,,,,Total,16895,12486,69,65,1,3,,,,87,40,47,,0,
1515801003916178,100064588783898,"Federação Paulista de Futebol - FPF","Já estamos com saudade de você, Memphis 😪
#PaulistãoCasasBahia #trend #Corinthians #MemphisDepay","Já estamos com saudade de você, Memphis 😪
#PaulistãoCasasBahia #trend #Corinthians #MemphisDepay",13,"08/11/2026 13:16",uploaded,https://www.facebook.com/reel/1563485922224507/,0,0,Vídeos,,,,,Total,9948,8558,250,210,35,5,42379.289,4.999,0,119,119,,,0,
1515752900587655,100064588783898,"Federação Paulista de Futebol - FPF","TRÊS TÍTULOS CONQUISTADOS! 🏆🏆🏆
Em sua passagem pelo Corinthians, Memphis conquistou o Paulistão Casas Bahia, a Copa do Brasil e a Supercopa do Brasil! Vai deixar saudade, torcedor? ⚫⚪ #PaulistãoCasasBahia #Memphis #Corinthians",,0,"08/11/2026 12:12",N/A,https://www.facebook.com/futebolpaulista/posts/pfbid02132BaTrwr5UZ5TJD9jVMR75apYkxYWuLV67Qk2uSF75YSekQTfnB3do8K7ZG5xpgl,0,0,Fotos,,,,,Total,23986,15845,702,608,66,28,,,,803,611,192,,0,
1515749507254661,100064588783898,"Federação Paulista de Futebol - FPF","DESPEDIDA DO CAMISA 10! 🥲
Campeão do Paulistão Casas Bahia em 2025, Memphis não seguirá vestindo a camisa do Corinthians. #PaulistãoCasasBahia #Corinthians #Memphis
📷 Mauro Horita/Ag. Paulistão",,0,"08/11/2026 12:07",N/A,https://www.facebook.com/futebolpaulista/posts/pfbid03oZVmcDoyw6VJL7CYVsr6McFcvE2Rf2RYDat53AanJKTeomP6pJfgbLsu8n8rqmZl,0,0,Fotos,,,,,Total,19483,13031,411,366,42,3,,,,531,344,187,,0,
1515668090596136,100064588783898,"Federação Paulista de Futebol - FPF","INTER DE LIMEIRA NO TOPO!
Vem conferir como ficou a classificação da #SérieC ao final de mais uma rodada!
#PaulistasEmCampo",,0,"08/11/2026 10:10",N/A,https://www.facebook.com/futebolpaulista/posts/pfbid02Roa4zMePcurxNj54NxbffWLk5bpHzHX2eja22imu9ULJvHabPcivcrDJ3fX351Wkl,0,0,Fotos,,,,,Total,53121,34022,619,568,32,19,,,,1512,1013,499,,0,
1515561163940162,100064588783898,"Federação Paulista de Futebol - FPF","CLÁSSICO DA SAUDADE NA COPA DO BRASIL! 🐷🐳🌟
O sorteio definiu e Palmeiras e Santos vão se enfrentar nas quartas de final da @copadobrasilcbf! Quem vai levar a melhor? 
#PaulistasEmCampo #CopaDoBrasil",,0,"08/11/2026 07:50",N/A,https://www.facebook.com/futebolpaulista/posts/pfbid0B1j56PTksNkaWWDZGZKDUB65YQ1dc394bjr9zmzXpEiJgMGE8pAw4G3oc6WXoRodl,0,0,Fotos,,,,,Total,68883,50988,1090,968,88,34,,,,1190,908,282,,0,
1515490727280539,100064588783898,"Federação Paulista de Futebol - FPF","VAMOS, TRICOLOR!
A caminhada do São Paulo nas oitavas da @sudamericanabr começa hoje!  
#PaulistasEmCampo #FutebolPaulista",,0,"08/11/2026 06:00",N/A,https://www.facebook.com/futebolpaulista/posts/pfbid0aTiibSpHhUUAuWQt4t2tED21ugiifGr1oPpnpmyUF3hpK87Uz2zMwLj5bs1sMQ8bl,0,0,Fotos,,,,,Total,68883,52297,593,535,46,12,,,,695,431,264,,0,
1515448300618115,100064588783898,"Federação Paulista de Futebol - FPF","FECHANDO A RODADA!
Marília e Bandeirante encerram a rodada com TUDO! Quem vai levar a melhor na Copa Paulista Rivalo?
#CopaPaulistaRivalo",,0,"08/11/2026 05:00",N/A,https://www.facebook.com/futebolpaulista/posts/pfbid0Ph9WLPVCMPj8oVQ676esVKqMZnRyd3KhgbrcHZUyvxvP8PKFR4jtAg1zNHQGzS8vl,0,0,Fotos,,,,,Total,8612,6287,57,50,6,1,,,,141,100,41,,0,
1515408637288748,100064588783898,"Federação Paulista de Futebol - FPF","PARABÉNS, PONTE PRETA! 🦍🖤
A @pontepretaoficial celebra 126 anos de história, tradição e uma paixão que atravessa gerações. #Aniversário",,0,"08/11/2026 04:00",N/A,https://www.facebook.com/futebolpaulista/posts/pfbid03qrWos55UjfGhxq86JC7B5gKkz2hSAkoDPcdC6eCJrM3GXyFZNJD6B8xt7uMpiEWl,0,0,Fotos,,,,,Total,90555,63897,2091,1752,281,58,,,,2107,1601,506,,0,1
1515373303958948,100064588783898,"Federação Paulista de Futebol - FPF","Hoje é dia de sorteio das quartas de final da @copadobrasilcbf e o Futebol Paulista será representado por Santos e Palmeiras! Palpites para os adversários dos paulistas?
#PaulistasEmCampo #CopaDoBrasil",,0,"08/11/2026 03:00",N/A,https://www.facebook.com/futebolpaulista/posts/pfbid0oQDFEBMXTFjXnCY1xNV7FwqJ2RyfpWW4NhjALxDmhAYj7jGG4qJ7f2ad5jR6NkNvl,0,0,Fotos,,,,,Total,19618,13680,99,92,5,2,,,,203,127,76,,0,
1515079047321707,100064588783898,"Federação Paulista de Futebol - FPF","O Guarani sofre a derrota jogando fora de casa na #SérieC.
#PaulistasEmCampo
📷Josué Alexandre/Divulgação/Anápolis",,0,"08/10/2026 18:02",N/A,https://www.facebook.com/futebolpaulista/posts/pfbid02CHScTCeZvgsRDxteaziyDKEWWSrp5jJYVvnvcKvsDWwJDjcayTeLSnMQUS5GLKm8l,0,0,Fotos,,,,,Total,42151,30969,359,264,86,9,,,,833,634,199,,0,
1514876464008632,100064588783898,"Federação Paulista de Futebol - FPF","Como está o seu time na classificação do @brasileirao? 👀
#PaulistasEmCampo #Brasileirao",,0,"08/10/2026 12:50",N/A,https://www.facebook.com/futebolpaulista/posts/pfbid02Y2ctYNoJp1botGR2CN5vMHcGtjpD3tbFRJMnZcEnqmg1qP2A5eNETSqvi3w8YjFMl,0,0,Fotos,,,,,Total,54910,34256,324,295,18,11,,,,834,438,396,,0,
1514787360684209,100064588783898,"Federação Paulista de Futebol - FPF","VAMOS, BUGRE!
O Guarani vai em busca da vitória fora de casa na Série C!
#PaulistasEmCampo",,0,"08/10/2026 10:48",N/A,https://www.facebook.com/futebolpaulista/posts/pfbid064qBuDQutCPc6WZu8gxGpmYhnnSd1AnNL53ApjUTtVw8PNfmMvNRZQTu8mGdSXscl,0,0,Fotos,,,,,Total,22221,16329,149,112,34,3,,,,356,236,120,,0,
1514115897418022,100064588783898,"Federação Paulista de Futebol - FPF","Ponto final no domingo de futebol.
#PaulistasEmCampo",,0,"08/09/2026 17:00",N/A,https://www.facebook.com/futebolpaulista/posts/pfbid02L3VnzPuojpHe8JpcikQWNdpQYU9AGxZ98HmYngQhHEMB63yk1j8hKd2atKvhQd29l,0,0,Fotos,,,,,Total,39696,27412,202,180,12,10,,,,459,253,206,,0,
1514106374085641,100064588783898,"Federação Paulista de Futebol - FPF","DEU CORINTHIANS!
O Timão fica com a vitória no duelo paulista!
#PaulistasEmCampo
📷Rodrigo Coca/Corinthians",,0,"08/09/2026 16:41",N/A,https://www.facebook.com/futebolpaulista/posts/pfbid02K8e3iJctQaqmEX7Xqh2cUG8DVJQhyRwN3L7QPXsGCmX7xUCVCp6zj2USj7WDpmKSl,0,0,Fotos,,,,,Total,21596,15961,533,475,10,48,,,,231,134,97,,0,
1514099584086320,100064588783898,"Federação Paulista de Futebol - FPF","O Santos foi superado na Vila Belmiro.
#PaulistasEmCampo
📷Raul Baretta/Santos",,0,"08/09/2026 16:28",N/A,https://www.facebook.com/futebolpaulista/posts/pfbid0YqUKEYUnWqRt7yEKsdskTzkN4rnJai9DNdZ78K1nJkCzQLDQ9mFB939ugBP1wUknl,0,0,Fotos,,,,,Total,12132,8707,131,104,20,7,,,,212,157,55,,0,
1514030244093254,100064588783898,"Federação Paulista de Futebol - FPF","ZERADOS!
Nada de gols para Palmeiras e Internacional.
#PaulistrasEmCampo
📷Cesar Greco/Palmeiras",,0,"08/09/2026 14:10",N/A,https://www.facebook.com/futebolpaulista/posts/pfbid0223fe9J9vPAp2tRjBnCYVRVMUXkaFWJe6viuZ9RS4zGs5qcu2KyFkMn4uRRR473WMl,0,0,Fotos,,,,,Total,11407,8036,108,82,23,3,,,,186,138,48,,0,
1514029020760043,100064588783898,"Federação Paulista de Futebol - FPF","Em casa, o Novorizontino foi superado pelo Juventude.
#PaulistasEmCampo
📷Juan Rodrigues/Novorizontino",,0,"08/09/2026 14:08",N/A,https://www.facebook.com/futebolpaulista/posts/pfbid02JgkqzGkJPAnNpCH4Pjwkza3j9GQ7NMfwVuGSSr7ofaWrfUBvxcVAgYKqWmWtKzpJl,0,0,Fotos,,,,,Total,30889,23135,142,104,30,8,,,,298,174,124,,0,
1513880800774865,100064588783898,"Federação Paulista de Futebol - FPF","Quatro partidas movimentaram a Copa Paulista Rivalo neste domingo. Se liga nos resultados.
#CopaPaulistaRivalo",,0,"08/09/2026 10:05",N/A,https://www.facebook.com/futebolpaulista/posts/pfbid02nN9PDVMKRAYfJC8nweKhoxtDu23TNXXaFmZYukQ8acytyCo5VabAiBFYcdFbpMxFl,0,0,Fotos,,,,,Total,8658,6192,40,39,0,1,,,,96,41,55,,0,
1513861927443419,100064588783898,"Federação Paulista de Futebol - FPF","DUPLA ARTILHEIRA!
Édipo e Leozinho garantiram a vitória do América pra cima do Independente do primeiro jogo da final do Paulista Sub-23 Segunda Divisão!
#FutebolPaulista",,0,"08/09/2026 09:40",N/A,https://www.facebook.com/futebolpaulista/posts/pfbid02fqqmBSx1YbyQVEuUkjoXePaxuD5y9nf9pmVQR6PbeX474ya8uQZu4oEqrzKbJr49l,0,0,Fotos,,,,,Total,28227,19788,288,269,11,8,,,,330,190,140,,0,
1513845674111711,100064588783898,"Federação Paulista de Futebol - FPF","Hoje não deu para o Mirassol.
#PaulistasEmCampo
📷Pedro Zacchi/Agência Mirassol",,0,"08/09/2026 09:21",N/A,https://www.facebook.com/futebolpaulista/posts/pfbid02jSyjFZGRNZGG3ecXQWTQ3bZhh6hBhRkE5mUXxq1CzJv7WVVfiVDuUCZayEfpZi6jl,0,0,Fotos,,,,,Total,14717,10795,108,88,12,8,,,,187,131,56,,0,
1513826804113598,100064588783898,"Federação Paulista de Futebol - FPF","OS PAPAIS DO FUTEBOL PAULISTA! 🥰
Alerta de fofura! Nesse #DiaDosPais, reunimos algumas fotos dos nossos jogadores com seus filhos! 
#Paulistão 
📷Acervo Pessoal e Ag.Paulistão",,0,"08/09/2026 09:00",N/A,https://www.facebook.com/futebolpaulista/posts/pfbid032TN6k42rQZY6AgpL3JkraxzkRqSKjxJMvr5RYeMJBe62gZQt5ErAFLDQWsUeuXyKl,0,0,Fotos,,,,,Total,9794,6309,89,88,0,1,,,,451,58,393,,0,
1513785257451086,100064588783898,"Federação Paulista de Futebol - FPF","LARGOU NA FRENTE!
América define placar no primeiro tempo e conquista a vantagem pelo título do Paulista Sub-23 Segunda Divissão.
#PaulistaSub23SegundaDivisão 
📷José Luis Silva/Ag. Paulistão",,0,"08/09/2026 08:10",N/A,https://www.facebook.com/futebolpaulista/posts/pfbid02ZZjZUX2JXBfgiZ9d9ShVg7aTBmGwsWSjmUa8CrUQ3w74Eg94itr4nBZ19ybhSA1Tl,0,0,Fotos,,,,,Total,32109,23250,320,275,26,19,,,,938,302,636,,0,
1513775694118709,100064588783898,"Federação Paulista de Futebol - FPF","MASSA BRUTA E TIMÃO SE ENFRENTAM! 🔥
Quem vai levar a melhor no #DueloPaulista entre Red Bull Bragantino e Corinthians?
#PaulistasEmCampo #Brasileirão",,0,"08/09/2026 08:00",N/A,https://www.facebook.com/futebolpaulista/posts/pfbid02Fg8TSyHa5q8c9VZptdJKEF6ixKfG2ZAXQdepCwBsoiVLdJZphfiExKtezAoShPRWl,0,0,Fotos,,,,,Total,10908,8168,74,67,2,5,,,,123,60,63,,0,
1513724707457141,100064588783898,"Federação Paulista de Futebol - FPF","É DOMINGO DE DECISÃO, AMIGOS!
#PaulistaSub23SegundaDivisão","É DOMINGO DE DECISÃO, AMIGOS!
#PaulistaSub23SegundaDivisão",19,"08/09/2026 06:59",N/A,https://www.facebook.com/reel/1832590978105446/,0,0,Vídeos,,,,,Total,11654,10163,151,136,11,4,64728.364,6.274,0,245,245,,,0,
1513720784124200,100064588783898,"Federação Paulista de Futebol - FPF","VANTAGEM DA CASA!
Fim de primeiro tempo em São José do Rio Preto e o América vai para o intervalo com dois de frente pra cima do Independente.
#PaulistaSub23SegundaDivisão
📷José Luis Silva/Ag. Paulistão",,0,"08/09/2026 06:54",N/A,https://www.facebook.com/futebolpaulista/posts/pfbid036yuV1GR4CxMXrXkT2NiaGVZhRSHEJYTrto4uW7yAq82Rg3J8FWgLHs6UoMZ11FdWl,0,0,Fotos,,,,,Total,15797,11482,150,138,4,8,,,,229,162,67,,0,
1513708377458774,100064588783898,"Federação Paulista de Futebol - FPF","MAIS UM!
O América vai pra rede mais uma vez! Agora foi a vez de Leozinho deixar o dele
#PaulistaSub23SegundaDivisão","MAIS UM!
O América vai pra rede mais uma vez! Agora foi a vez de Leozinho deixar o dele
#PaulistaSub23SegundaDivisão",68,"08/09/2026 06:37",auto,https://www.facebook.com/reel/1363810479207638/,0,0,Vídeos,,,,,Total,6297,6070,71,68,2,1,46807.276,7.758,0,155,155,,,0,
1513692730793672,100064588783898,"Federação Paulista de Futebol - FPF","PLACAR ABERTO!
Logo no comecinho da partida, Édipo anota o primeiro gol para o América!
#PaulistaSub23SegundaDivisão","PLACAR ABERTO!
Logo no comecinho da partida, Édipo anota o primeiro gol para o América!
#PaulistaSub23SegundaDivisão",29,"08/09/2026 06:16",N/A,https://www.facebook.com/reel/1709844000319691/,0,0,Vídeos,,,,,Total,32545,30552,373,343,20,10,252625.394,8.687,0,771,771,,,0,
1513675480795397,100064588783898,"Federação Paulista de Futebol - FPF","DOMINGO DE DECISÃO!
Tá chegando a hora dos primeiros 90 minutos da final do Paulista Sub-23 Segunda Divisão!
#FutebolPaulista
📷José Luis Silva/Ag. Paulistão",,0,"08/09/2026 05:52",N/A,https://www.facebook.com/futebolpaulista/posts/pfbid0TF1SvRANKy95isS3RAiGh18DydKhdqqc5sbiG24zfPpaY4oNz6QRrevvmm3e2W5Wl,0,0,Fotos,,,,,Total,3738,2765,25,21,0,4,,,,32,11,21,,0,
1513617097467902,100064588783898,"Federação Paulista de Futebol - FPF","DOMINGÃO RECHEADO!
No Dia dos Pais, o futebol começa cedo e vai até a noite!
#FutebolPaulista #PaulistasEmCampo",,0,"08/09/2026 04:30",N/A,https://www.facebook.com/futebolpaulista/posts/pfbid0NX7Jr8HbyfwiwTya8uVWK1sVdwsTqcXi5bWUo5EMsAHHa8jvcWdnAZf3QtSninDpl,0,0,Fotos,,,,,Total,17527,12725,165,151,2,12,,,,220,70,150,,0,
1513596457469966,100064588783898,"Federação Paulista de Futebol - FPF","Feliz Dia Internacional dos Povos Indígenas! Devemos seguir protegendo os direitos e a cultura dos povos originários 🌟
#FutebolPaulista #DiaInternacionaldosPovosIndigenas",,0,"08/09/2026 04:00",N/A,https://www.facebook.com/futebolpaulista/posts/pfbid06EsugdD5TPSa7z7rnQdNSmMkfajV7ifvFo71JjLeSJTtP8t75mmLES7CxUxSvHXZl,0,0,Fotos,,,,,Total,1560,1131,15,14,0,1,,,,4,2,2,,0,
1513555097474102,100064588783898,"Federação Paulista de Futebol - FPF","DOMINGO É SEMPRE ASSIM...
Com quatro jogos da #CopaPaulistaRivalo para animar o dia 😎",,0,"08/09/2026 03:00",N/A,https://www.facebook.com/futebolpaulista/posts/pfbid035L8QHXWi2TowzoADbqBKnyCEaEiEbycRTCS1rPqM7WkuDAaFEQ6ZyG6hbMKcj8Qfl,0,0,Fotos,,,,,Total,5330,4046,38,35,0,3,,,,35,13,22,,0,
1513476364148642,100064588783898,"Federação Paulista de Futebol - FPF","Nós desejamos um Feliz Dia dos Pais para todos os pais fanáticos por futebol! 💙
#FutebolPaulista #DiaDosPais",,0,"08/09/2026 01:00",N/A,https://www.facebook.com/futebolpaulista/posts/pfbid022hEaPn9HuEmhgZC1Ym9fkNAWkyNxVHynXbtU7ic8vJPjY5pByVdimKMkZ9tjX88ql,0,0,Fotos,,,,,Total,3859,2809,73,60,0,13,,,,51,11,40,,0,
1513300124166266,100064588783898,"Federação Paulista de Futebol - FPF","O PRIMEIRO JOGO DA DECISÃO! 🔥
América e Independente se enfrentam pela vantagem na grande final do Paulista Sub-23 Segunda Divisão. Quem vai levar a melhor?
#PaulistaSub23SegundaDivisão",,0,"08/08/2026 20:05",N/A,https://www.facebook.com/futebolpaulista/posts/pfbid02P6XWWvLUdK96VM2PTT7FUFAsakwHmZ9TigEjwkyrjpPZrhKfHenGaGeq6176sGo4l,0,0,Fotos,,,,,Total,13664,9921,77,66,7,4,,,,221,159,62,,0,
1513224004173878,100064588783898,"Federação Paulista de Futebol - FPF","Sabadão de invencibilidade nas Séries B e C para o #FutebolPaulista.
#PaulistasEmCampo",,0,"08/08/2026 17:43",N/A,https://www.facebook.com/futebolpaulista/posts/pfbid02GdptgLCdYuna92RK3KJgzwivAxgDxkvxLC3Hc4LLMH7VAsEVsDf2DsrGj6GqfbRVl,0,0,Fotos,,,,,Total,60630,41938,396,367,14,15,,,,866,373,493,,0,
1513219940840951,100064588783898,"Federação Paulista de Futebol - FPF","CANTOU DE GALO!
Ituano embala no segundo tempo e leva a melhor pra cima do Barra.
#PaulistasEmCampo
📷Flavio Torres/Ituano",,0,"08/08/2026 17:36",N/A,https://www.facebook.com/futebolpaulista/posts/pfbid02a1WRpM97cds6xgu3MdVH5GpJqtCygKGHLCBfbhR1tLB2nZuAxGvLNfTGsicqxisUl,0,0,Fotos,,,,,Total,10570,7914,51,46,1,4,,,,101,57,44,,0,
1513217554174523,100064588783898,"Federação Paulista de Futebol - FPF","É O LEÃO DA PAULISTA!
Dever de casa feito e mais três pontos na conta da Inter de Limeira!
#PaulistasEmCampo
📷Jose Augusto/Divulgação/Volta Redonda",,0,"08/08/2026 17:31",N/A,https://www.facebook.com/futebolpaulista/posts/pfbid0RSVdaTt3squWX6JF3PtAQ3Q1dpN2UmugtYCir3dwmWExXvwJQoTDmTJMyqKjT3mol,0,0,Fotos,,,,,Total,51607,37240,616,550,46,20,,,,736,424,312,,0,
1513204597509152,100064588783898,"Federação Paulista de Futebol - FPF","O sabadão de Copa Paulista Rivalo foi assim!
#CopaPaulistaRivalo",,0,"08/08/2026 17:08",N/A,https://www.facebook.com/futebolpaulista/posts/pfbid0n5eyt7HWffogth7c5R6DRrpWngnBzTz9SW7UUxdHqgBMnYoQQ6d2htRE1su4iJ1Zl,0,0,Fotos,,,,,Total,16655,12419,77,73,0,4,,,,158,63,95,,0,
1513128200850125,100064588783898,"Federação Paulista de Futebol - FPF","PONTO LÁ!
A Ferroviária volta de Santa Catarina com o empate.
#PaulistasEmCampo
📷Guilherme Moro/Ferroviária",,0,"08/08/2026 14:59",N/A,https://www.facebook.com/futebolpaulista/posts/pfbid0TPXVLzPguKDcCoLbwkvAEk9tvc4tdTcMeSHyom7FqPGHvhYkeuUkibGrG25iVVXil,0,0,Fotos,,,,,Total,21107,14928,125,105,14,6,,,,208,130,78,,0,
1513106020852343,100064588783898,"Federação Paulista de Futebol - FPF","O São Paulo acabou superado no duelo de Tricolores.
#PaulistasEmCampo
📷Lucas Uebel/Grêmio",,0,"08/08/2026 14:08",N/A,https://www.facebook.com/futebolpaulista/posts/pfbid02dX5NoMc7wFc2nHCsh8XVNa5uTgen5jsegoCoqxXhr2oxRqJZGkv48ZmbQzXbrN1Jl,0,0,Fotos,,,,,Total,21947,15484,313,245,46,22,,,,526,368,158,,0,
1513062400856705,100064588783898,"Federação Paulista de Futebol - FPF","NA HISTÓRIA DO TRICOLOR!
O atacante Luciano chegou aos 350 jogos com a camisa do São Paulo!
#FutebolPaulista",,0,"08/08/2026 12:41",N/A,https://www.facebook.com/futebolpaulista/posts/pfbid0ogA1gXuX9qqnWZrw8SmM2zYvAT2gaRgFpFKvimKBvL2Kwc6u2L7KpfH3E9Pu9x84l,0,0,Fotos,,,,,Total,9663,6997,146,133,6,7,,,,81,48,33,,0,
1512898334206445,100064588783898,"Federação Paulista de Futebol - FPF","COMO UM GATO! 
Neste Dia dos Gatos, a adm quer ver o felino torcedor do #FutebolPaulista de cada um 😻
#DiaInternacionalDosGatos 
📷 Mauro Horita e Jhony Inácio/Ag. Paulistão",,0,"08/08/2026 08:27",N/A,https://www.facebook.com/futebolpaulista/posts/pfbid04r4dqtLxJT4QRrfa7MDz8Ef9zfvzXW8mU2LeA95vhn9EZ5sT6fyp6RmerK4U5xGQl,0,0,Fotos,,,,,Total,3728,2740,70,59,0,11,,,,36,19,17,,0,
1512831097546502,100064588783898,"Federação Paulista de Futebol - FPF","COMEÇANDO A RODADA...
Tem três jogos neste sábado pela Copa Paulista Rivalo. Não dá pra perder, hein?
#CopaPaulistaRivalo",,0,"08/08/2026 07:00",N/A,https://www.facebook.com/futebolpaulista/posts/pfbid02KnKLnE18hEfhc6cm66ezjdayNuBi2XnmaVDmYT63EKustakedGkWZHn7vjPfNNupl,0,0,Fotos,,,,,Total,4820,3618,39,30,2,7,,,,30,12,18,,0,
1512798430883102,100064588783898,"Federação Paulista de Futebol - FPF","LÁ NO ALTO!
Palmeiras e Santos são os representantes do futebol paulista entre os melhores aproveitamentos em mata-mata da temporada! 
#FutebolPaulista",,0,"08/08/2026 06:16",N/A,https://www.facebook.com/futebolpaulista/posts/pfbid0ayeHUycY55dBH7JXYBMtwASjMWn2dJyTHXrscVPp5rmufhgzht8RZsaqprKbUwEFl,0,0,Fotos,,,,,Total,32736,21730,249,228,13,8,,,,692,458,234,,0,
1512788207550791,100064588783898,"Federação Paulista de Futebol - FPF","SÁBADO CHEIO!
Vem conferir os confrontos de hoje das minhas equipes!
#PaulistasEmCampo",,0,"08/08/2026 06:00",N/A,https://www.facebook.com/futebolpaulista/posts/pfbid029eSR9GGKHQKjtoKMye2hF6L7mkgRzve7DLassU6UkJymLBRr2DprmndZX9M7DY8ol,0,0,Fotos,,,,,Total,12427,8596,113,106,1,6,,,,132,39,93,,0,
1512768377552774,100064588783898,"Federação Paulista de Futebol - FPF","ACABOU O JEJUM!💚🐷🏆
12 anos após o último título do Paulistão, o Verdão voltou a levantar a taça e foi logo no Derby, com aquela emoção dos pênaltis!
#FutebolPaulista #Paulistão #Palmeiras",,0,"08/08/2026 05:30",N/A,https://www.facebook.com/futebolpaulista/posts/pfbid02sUYN9Xhf1hxzkrJjYty6hm9hCfyVoFWikDoxmJSkmhcd3Ah72KDRfJsmYMaGf9ajl,0,0,Fotos,,,,,Total,92753,65137,1787,1680,49,58,,,,1695,1193,502,,0,
1512748057554806,100064588783898,"Federação Paulista de Futebol - FPF","A 21ª TAÇA DO CORINGÃO!
No dia 8 de agosto de 1995, o Corinthians superava o Palmeiras em Ribeirão Preto e conquistava mais um @paulistao!
#BaúDoPaulistão",,0,"08/08/2026 05:00",N/A,https://www.facebook.com/futebolpaulista/posts/pfbid021ghTD9c6JBwYe874zRy6w3gobTpmV748sAY6yR1WhQaPgd66pZzc7xojspe9XDG6l,0,0,Fotos,,,,,Total,13539,9376,261,211,43,7,,,,280,224,56,,0,
1512398660923079,100064588783898,"Federação Paulista de Futebol - FPF","Fim de papo nesta sexta-feira de Futebol Paulista no @brasileiraob!
#PaulistasEmCampo #FutebolPaulista",,0,"08/07/2026 18:50",N/A,https://www.facebook.com/futebolpaulista/posts/pfbid0iTY1NBB8Ut6E2zW9E48G2kKu5K5WN1yipkBVcHqCdj2SMkJ5UQxFsJj4JEaU5biQl,0,0,Fotos,,,,,Total,12323,8888,57,53,3,1,,,,122,59,63,,0,
1512395014256777,100064588783898,"Federação Paulista de Futebol - FPF","Ponte Preta é superada pelo Ceará no @brasileiraob!
#PaulistasEmCampo #FutebolPaulista
📷Marcos Ribolli/PontePress",,0,"08/07/2026 18:42",N/A,https://www.facebook.com/futebolpaulista/posts/pfbid02b6xcfLHGqf9LDZ1n1VmiCfjDia7rxrSQg9RFpPpAKadLDo4qDK6kdxC64FsUKzNxl,0,0,Fotos,,,,,Total,26644,18416,555,407,138,10,,,,864,737,127,,0,
1512370140925931,100064588783898,"Federação Paulista de Futebol - FPF","QUE VITÓRIA DO BERNÔ!
Na estreia do técnico Vinícius Bergantin, São Bernardo vence o Operário com três assistências de Romisson e encerra jejum na Série B!
#PaulistasEmCampo #FutebolPaulista 
📷 Janes Carvalho/São Bernardo",,0,"08/07/2026 17:55",N/A,https://www.facebook.com/futebolpaulista/posts/pfbid02BDjoAhDuQ6rbxPXiGyDHvtMSmiGXwLAC6RGxsKvVV7vPkJ6AAFNmF8wpnv6mbMhml,0,0,Fotos,,,,,Total,65366,45921,242,230,8,4,,,,698,276,422,,0,
1512245790938366,100064588783898,"Federação Paulista de Futebol - FPF","MAIS UMA!
Nada como uma nova rodada da #CopaPaulistaRivalo para animar o #FutebolPaulista 🤩",,0,"08/07/2026 14:00",N/A,https://www.facebook.com/futebolpaulista/posts/pfbid02fp6R4Csch65zEXH9xhoMpz6Rw6gUM7HRvRQi6a6FbD5pi1x6gkXi7WUyRzLs5VXnl,0,0,Fotos,,,,,Total,11177,7830,77,72,0,5,,,,95,46,49,,0,
1511904787639133,100064588783898,"Federação Paulista de Futebol - FPF","BERNÔ E MACACA JOGAM FORA DE CASA!
Hoje tem São Bernardo e Ponte Preta no @brasileiraob!
#PaulistasEmCampo",,0,"08/07/2026 06:00",N/A,https://www.facebook.com/futebolpaulista/posts/pfbid036DEoSNjEWDxhGziYtbSLj7EQXqqrWBdDU3om6H6QF3xv8mehjm4S2zbDRptiXCYml,0,0,Fotos,,,,,Total,15113,11116,90,70,18,2,,,,97,56,41,,0,
1505369544959324,100064588783898,"Federação Paulista de Futebol - FPF","MAIS UM PRA CONTA DO TIMÃO!
No dia 31 de julho de 1988, o Corinthians vencia o Guarani e conquistava seu 20º título paulista!
#BaúDoPaulistão",,0,"07/31/2026 04:00",N/A,https://www.facebook.com/futebolpaulista/posts/pfbid02HDnpjMvYGrJFK9G1YnbBaBut7497N1bjy1XwRp2g3qyBvdH6fEYJb5NKKoEegZbLl,0,0,Fotos,,,,,Total,25766,18419,296,257,23,16,,,,222,112,110,,0,
1511475761015369,100064588783898,"Federação Paulista de Futebol - FPF","Fim de jogo na Neo Química Arena. Corinthians vence o Internacional, mas se despede da Copa do Brasil.
#PaulistasEmCampo
📷Ricardo Duarte/Internacional",,0,"08/06/2026 18:10",N/A,https://www.facebook.com/futebolpaulista/posts/pfbid0QN8ozjvjnCkDp2qpnLjecEehGgW9qnoTs7sDZZXbSvWGR94PXuJCYnPrH39Uepu5l,0,0,Fotos,,,,,Total,58406,40405,760,586,149,25,,,,1337,962,375,,0,
1511459197683692,100064588783898,"Federação Paulista de Futebol - FPF","GOOOOOOOOOOOOOOOOL! 
O Corinthians marca o segundo com Pedro Raul 🤩","GOOOOOOOOOOOOOOOOL! 
O Corinthians marca o segundo com Pedro Raul 🤩",17,"08/06/2026 17:38",N/A,https://www.facebook.com/reel/2065231804063736/,1,0,Vídeos,,,,,Total,66430,49651,644,583,47,14,476210.142,9.555,0,1527,1527,,,0,
1511431934353085,100064588783898,"Federação Paulista de Futebol - FPF","GOOOOOOOOOL DO CORINTHIANS! 
Gustavo Henrique marca o primeiro da noite 🤩 #PaulistasEmCampo","GOOOOOOOOOL DO CORINTHIANS! 
Gustavo Henrique marca o primeiro da noite 🤩 #PaulistasEmCampo",14,"08/06/2026 16:48",N/A,https://www.facebook.com/reel/1774318800365045/,1,0,Vídeos,,,,,Total,61965,49553,820,736,68,16,362755.459,7.575,0,1437,1437,,,0,
1511404574355821,100064588783898,"Federação Paulista de Futebol - FPF","VAI CORINTHIANS! 
O Timão já está em campo para disputar a Copa do Brasil 🤩","VAI CORINTHIANS! 
O Timão já está em campo para disputar a Copa do Brasil 🤩",21,"08/06/2026 16:02",N/A,https://www.facebook.com/reel/891733436953732/,1,0,Vídeos,,,,,Total,6045,5645,115,100,15,0,26407.717,4.831,0,112,112,,,0,
1511341387695473,100064588783898,"Federação Paulista de Futebol - FPF","A FIEL É DIFERENTE! 🦅
Hoje tem Corinthians na Copa do Brasil e essa foi a recepção do Timão na Neo Química Arena! #PaulistasEmCampo","A FIEL É DIFERENTE! 🦅
Hoje tem Corinthians na Copa do Brasil e essa foi a recepção do Timão na Neo Química Arena! #PaulistasEmCampo",27,"08/06/2026 14:12",N/A,https://www.facebook.com/reel/1913004042757162/,1,0,Vídeos,,,,,Total,6627,6294,266,238,19,9,31290.419,5.184,0,141,141,,,0,
1511302507699361,100064588783898,"Federação Paulista de Futebol - FPF","É SÓ SEGUIR A CARTILHA!
Em nove oportunidades em 2026, o Timão já ganhou pelo placar que precisa nesta quinta-feira. Hoje vem mais uma, Fiel?
#PaulistasEmCampo #CopaDoBrasil #Corinthians",,0,"08/06/2026 13:00",N/A,https://www.facebook.com/futebolpaulista/posts/pfbid0q5ByiuvJ1JC7iYwjvVhQNCUJsQsUWh5XiV7F5ACvnS6RpypbK3q2uEGiPNkMt1Eol,0,0,Fotos,,,,,Total,9875,6981,46,42,3,1,,,,107,66,41,,0,
1511268094369469,100064588783898,"Federação Paulista de Futebol - FPF","O CONFRONTO DO TÍTULO SE REPETE!
Em 2009, o Corinthians foi campeão da Copa do Brasil em cima do Inter. Será que vem mais uma vitória hoje? 👀
#PaulistasEmCampo #CopaDoBrasil #Corinthians","O CONFRONTO DO TÍTULO SE REPETE!
Em 2009, o Corinthians foi campeão da Copa do Brasil em cima do Inter. Será que vem mais uma vitória hoje? 👀
#PaulistasEmCampo #CopaDoBrasil #Corinthians",71,"08/06/2026 12:01",auto,https://www.facebook.com/reel/2232967827557707/,1,0,Vídeos,,,,,Total,6654,6769,88,83,1,4,48992.091,7.631,0,136,136,,,0,
1511225421040403,100064588783898,"Federação Paulista de Futebol - FPF","BONDE FECHADO 🤝⚽
Vem conferir as equipes que vão disputar as quatro divisões do #FutebolPaulista!",,0,"08/06/2026 11:00",N/A,https://www.facebook.com/futebolpaulista/posts/pfbid0KjNNuyXP4ccTJp2nvcjAgMZSAjvDKJ3kukhosJPBKqtSJS75MRHxhNd13HppCm53l,0,0,Fotos,,,,,Total,110690,62299,1221,1022,77,122,,,,10357,2285,8072,,0,
1511184577711154,100064588783898,"Federação Paulista de Futebol - FPF","ISSO É CORINTHIANS!
Se tem alguém que pode acreditar na virada, é a Fiel Torcida! Será que vem mais uma por aÍ?
#PaulistasEmCampo #Corinthians #CopaDoBrasil",,0,"08/06/2026 10:00",N/A,https://www.facebook.com/futebolpaulista/posts/pfbid0zyrVUayUver5jLD93dSJpLDba4EtYmJXoAQudYuGQssMyZCK8AkRx7TnP1TWHvj8l,0,0,Fotos,,,,,Total,27170,18024,299,257,39,3,,,,525,335,190,,0,
1511119994384279,100064588783898,"Federação Paulista de Futebol - FPF","AMPLA VANTAGEM 😮💨
O Timão leva a melhor diante do Internacional. Será que vem mais uma vitória para a conta?
#PaulistasEmCampo #Corinthians",,0,"08/06/2026 08:30",N/A,https://www.facebook.com/futebolpaulista/posts/pfbid026eFR1F6tNZ9QRy8VipAPZGEmt83XxPQScbAuyWar2FHQ7sks3ER9tsj34h3CuzPwl,0,0,Fotos,,,,,Total,12512,8916,130,100,29,1,,,,147,109,38,,0,
1511010841061861,100064588783898,"Federação Paulista de Futebol - FPF","ESSA NOITE, TEREMOS QUE GANHAR 🦅🔥
O TIMÃO VAI COM TUDO EM BUSCA DA VIRADA E DA CLASSIFICAÇÃO NA @copadobrasilcbf.
#PaulistasEmCampo #Corinthians",,0,"08/06/2026 06:00",N/A,https://www.facebook.com/futebolpaulista/posts/pfbid02Tt2gDu7ocXTr7wGkUprgpZtxc7mikcrWjvpYJB17ugHoVomT9YHuz5YRUKn75Uxsl,0,0,Fotos,,,,,Total,44128,30063,975,863,86,26,,,,688,450,238,,0,
1510923521070593,100064588783898,"Federação Paulista de Futebol - FPF","77 ANOS DO EDU!
Pentacampeão paulista e campeão do mundo em 1970, o ídolo do Santos completa 77 anos nessa quinta-feira (6)!
#FutebolPaulista #Aniversário",,0,"08/06/2026 04:00",N/A,https://www.facebook.com/futebolpaulista/posts/pfbid02qTuTK5eMWn4prr7vT6UvD8M9VduYMEhxVXeGHFoCL5B6bVq2S1JS8fX4wXTHiKLjl,0,0,Fotos,,,,,Total,16648,11997,596,511,70,15,,,,322,224,98,,0,
1510885874407691,100064588783898,"Federação Paulista de Futebol - FPF","DIA DE CELEBRAR O SERTÃOZINHO!
O clube completa 82 anos de história nesta quinta-feira (6).
#Aniversário",,0,"08/06/2026 03:00",N/A,https://www.facebook.com/futebolpaulista/posts/pfbid035xPKwaSnQZZiSKokHNz6L7t4XkNjGdKVEAoqjt2jJGUD9eNDyvGJQDDL7RCTACQzl,0,0,Fotos,,,,,Total,10828,7717,180,148,23,9,,,,209,168,41,,0,
1510618687767743,100064588783898,"Federação Paulista de Futebol - FPF","OS RESULTADOS DE HOJE!
Palmeiras avança enquanto o Mirassol acaba ficando pelo caminho na @copadobrasilcbf.
#PaulistasEmCampo",,0,"08/05/2026 19:28",N/A,https://www.facebook.com/futebolpaulista/posts/pfbid06u6u6o1JDpbyj83PktnAE6RVGmFprP4iRu48b4uc8nVi821tdjk7CaNsaXKwBpBwl,0,0,Fotos,,,,,Total,27309,19209,112,104,1,7,,,,289,154,135,,0,
1510617801101165,100064588783898,"Federação Paulista de Futebol - FPF","Apesar da derrota na Arena Pantanal, o Palmeiras se classifica para a próxima fase da @copadobrasilcbf!
#PaulistasEmCampo #CopaDoBrasil
📷Cesar Greco/Palmeiras",,0,"08/05/2026 19:27",N/A,https://www.facebook.com/futebolpaulista/posts/pfbid0HjPUNjzj8gRQ1rwv7nN688KhJFsYhYNZBieUNMsJ2maiFcy5uagSrz7Hf1nF6VSWl,0,0,Fotos,,,,,Total,30573,21058,201,167,24,10,,,,682,497,185,,0,
1510616937767918,100064588783898,"Federação Paulista de Futebol - FPF","VERDÃO NAS QUARTAS! 🐷💚
O Palmeiras avança mais uma fase e está garantido nas quartas de final da @copadobrasilcbf!
#PaulistasEmCampo",,0,"08/05/2026 19:25",N/A,https://www.facebook.com/futebolpaulista/posts/pfbid0D6jNgBM9Lq6AEazWRKcZ8eLdN1arWD6qyVTJV3P2t4aCU3SX5dxi79MrnMH18fm6l,0,0,Fotos,,,,,Total,21233,14695,959,692,71,196,,,,537,315,222,,0,
1510583497771262,100064588783898,"Federação Paulista de Futebol - FPF","GOL DO PALMEIRAS! 🐷⚽️
Flaco López marcou para o Verdão na Copa do Brasil, mas o que chamou atenção mesmo foi essa jogada do Felipe Anderson! 🔥
#PaulistasEmCampo #CopaDoBrasil #Palmeiras","GOL DO PALMEIRAS! 🐷⚽️
Flaco López marcou para o Verdão na Copa do Brasil, mas o que chamou atenção mesmo foi essa jogada do Felipe Anderson! 🔥
#PaulistasEmCampo #CopaDoBrasil #Palmeiras",23,"08/05/2026 18:27",auto,https://www.facebook.com/reel/1669756544735075/,1,0,Vídeos,,,,,Total,37360,32497,969,927,25,17,321050.563,10.277,0,593,593,,,0,
1510548737774738,100064588783898,"Federação Paulista de Futebol - FPF","O Mirassol sofre a derrota em Porto Alegre e é eliminado da @copadobrasilcbf.
📷Pedro Zacchi/Agência Mirassol",,0,"08/05/2026 17:31",N/A,https://www.facebook.com/futebolpaulista/posts/pfbid03ngphzBcZ8yfJeM9fspnthmsRTsj28SRoWX17Zvg2iuez8U2iCK7amxKaaN6e8dpl,0,0,Fotos,,,,,Total,28769,21143,216,172,37,7,,,,475,362,113,,0,
1510416294454649,100064588783898,"Federação Paulista de Futebol - FPF","NÃO PASSA ABSOLUTAMENTE NADA! ❌
O Peixão não sofreu NENHUM gol na @copadobrasilcbf!
#PaulistasEmCampo #Santos",,0,"08/05/2026 13:41",N/A,https://www.facebook.com/futebolpaulista/posts/pfbid02tn1HfaDvWrWjJE3AtatHdT4eh3H6jCjbgGKw9azpPxDgRYMB3z3bp6AxQP2GFvJKl,0,0,Fotos,,,,,Total,165665,111792,2421,2277,105,39,,,,3404,2580,824,,0,
1510389361124009,100064588783898,"Federação Paulista de Futebol - FPF","O LEÃO DOMINA O GRÊMIO 🦁🔥
O Mirassol não sabe o que é perder para a equipe gaúcha. Hoje vem mais uma vitória para a conta do Mirassol? 
#PaulistasEmCampo #CopaDoBrasil",,0,"08/05/2026 13:00",N/A,https://www.facebook.com/futebolpaulista/posts/pfbid02yP2Nd6YtP2d2bch8RWigyZAtEAf6dRPoGJG8P3qTxjkLvoghP992NUksbYbSRs34l,0,0,Fotos,,,,,Total,10786,7653,46,36,7,3,,,,129,94,35,,0,
1510354894460789,100064588783898,"Federação Paulista de Futebol - FPF","FPF é finalista da categoria Campanha de Comunicação do 11º Prêmio Sou do Esporte Foco Radical!
""Pais de Castigo"" é um filme da campanha “-Ódio +Futebol”, que foi criado após fechar os portões de 144 jogos das categorias de base, por conta de mau comportamento de adultos nas arquibancadas. 
#FPF #SouDoEsporte",,0,"08/05/2026 12:19",N/A,https://www.facebook.com/futebolpaulista/posts/pfbid035PBjZy1JBUDPFXFjBBeNuKLZixcAWzijU3HyPaRr3bwApyffaesizn22mjekBE2kl,0,0,Fotos,,,,,Total,2048,1428,8,7,0,1,,,,9,5,4,,0,
1510340061128939,100064588783898,"Federação Paulista de Futebol - FPF","O PRÍNCIPE É DIFERENTE ✋😜🤚
Neymar é o meio com mais participações em gols em competições nacionais em 2026.
#PaulistasEmCampo #Neymar",,0,"08/05/2026 12:00",N/A,https://www.facebook.com/futebolpaulista/posts/pfbid02su7Xqtsr4B75ZJ6g6f3XDCQwYYNQuFGZW1gVXEqaBe4pmhpTWa1uZXiF4NErSAUPl,0,0,Fotos,,,,,Total,8931,6345,201,186,13,2,,,,100,72,28,,0,1
1510339984462280,100064588783898,"Federação Paulista de Futebol - FPF","EFEITO COPA!
O Maurício voltou com tudo para o Verdão depois da Copa do Mundo ⚽⚽⚽⚽
#Palmeiras #PaulistasEmCampo #Mauricio",,0,"08/05/2026 12:00",N/A,https://www.facebook.com/futebolpaulista/posts/pfbid0sKhMcLU5FHwYmAtssE8o1X5TFSCjYj4GZqJuh8XqxGn6EaFouhQKoY7ajVta2t7Dl,0,0,Fotos,,,,,Total,7270,5284,258,238,15,5,,,,73,46,27,,0,
1510298471133098,100064588783898,"Federação Paulista de Futebol - FPF","AVANTI, PALESTRA! 🐷
Com a vantagem do jogo de ida, o Palmeiras visita o Fortaleza para cravar a vaga nas quartas de final da @copadobrasilcbf!
#PaulistasEmCampo",,0,"08/05/2026 11:00",N/A,https://www.facebook.com/futebolpaulista/posts/pfbid0HYU46UXGJCCvjdvRvYfEwJgrq8XUvmKhUMzuB4R3RmMbJHsLC6fFaDuhbta9hheql,0,0,Fotos,,,,,Total,6461,4532,119,113,3,3,,,,44,28,16,,0,
1510257147803897,100064588783898,"Federação Paulista de Futebol - FPF","VAMOS, MIRASSOL! 🦁🔥
O Leão precisa vencer para avançar de fase na @copadobrasilcbf! 
#PaulistasEmCampo",,0,"08/05/2026 10:00",N/A,https://www.facebook.com/futebolpaulista/posts/pfbid0eWjtPb1HYrZmzEuT6EtpuWcSLjVVFnuyXYgBABtvqYnqJUAhiVWxrNAuTtX2W8zXl,0,0,Fotos,,,,,Total,17734,12667,111,96,12,3,,,,196,129,67,,0,
1510203354475943,100064588783898,"Federação Paulista de Futebol - FPF","BELIEVE! 
A Fiel está totalmente no clima de Ted Lasso para acreditar na classificação. 
#CopaDoBrasil #TedLasso",,0,"08/05/2026 09:00",N/A,https://www.facebook.com/futebolpaulista/posts/pfbid031BktAgyrXTJk8QaAy2pcaVoFiR9Yzaab1zBCs9FF8DUmrSj7k2qV27tNN4bq2C6xl,0,0,Fotos,,,,,Total,5392,3834,30,27,3,0,,,,27,11,16,,0,
1510158321147113,100064588783898,"Federação Paulista de Futebol - FPF","ESTREIA IMPORTANTE!
Daiane Muniz fará seu primeiro jogo como árbitra central no @brasileirao no domingo (16), na partida entre Chapecoense e Bahia.
#Arbitragem",,0,"08/05/2026 07:58",N/A,https://www.facebook.com/futebolpaulista/posts/pfbid02ZPFWAJD3EoLBboA227Hp6Qne8XHdYCUcAY65kWwJKEpQb9wcuAngpJsPfwJBjPNKl,0,0,Fotos,,,,,Total,26141,18431,352,284,60,8,,,,599,461,138,,0,
1510071317822480,100064588783898,"Federação Paulista de Futebol - FPF","NOITE DECISIVA DE COPA DO BRASIL! 
Mirassol e Palmeiras viajam em busca da classificação para as quartas de final da @copadobrasilcbf!
#PaulistasEmCampo",,0,"08/05/2026 06:00",N/A,https://www.facebook.com/futebolpaulista/posts/pfbid02eQ5R8mRmeUnhirGcuRUf6WsVg78qscpi1Z8dAY2h4eABwKanZ9enEMGYrZ4KU7NLl,0,0,Fotos,,,,,Total,22100,15761,127,120,3,4,,,,210,85,125,,0,
1509688197860792,100064588783898,"Federação Paulista de Futebol - FPF","INÍCIO DE UM SONHO…
E deu tudo certo, né, torcedor santista? 🤩
#PaulistasEmCampo #Neymar #Santos 
🎥 SporTV","INÍCIO DE UM SONHO…
E deu tudo certo, né, torcedor santista? 🤩
#PaulistasEmCampo #Neymar #Santos 
🎥 SporTV",35,"08/04/2026 20:03",uploaded,https://www.facebook.com/reel/1595926545480777/,1,0,Vídeos,,,,,Total,12470,11995,176,167,7,2,113668.075,9.97,0,292,292,,,0,
1509664824529796,100064588783898,"Federação Paulista de Futebol - FPF","ENTRE OS OITO MELHORES...
Rony marca e o Peixão está classificado na @copadobrasilcbf.
#PaulistasEmCampo #Santos 
📷 Raul Baretta/Santos FC",,0,"08/04/2026 19:35",N/A,https://www.facebook.com/futebolpaulista/posts/pfbid028m11qonU2F6DWbu7iHivKuDvW8Giyb6K9pZeqcQfpAK4qftc7xZ5Y83ssJAEU9eul,0,0,Fotos,,,,,Total,26350,18506,529,491,25,13,,,,376,217,159,,0,
1509663704529908,100064588783898,"Federação Paulista de Futebol - FPF","PEIXÃO SEGUE NA DISPUTA!
O Santos garante vaga nas quartas de final da @copadobrasilcbf.
#PaulistasEmCampo",,0,"08/04/2026 19:33",N/A,https://www.facebook.com/futebolpaulista/posts/pfbid0GvD71Bx65Rmkck2W4FZgncDsBcPE3pRf4xzdfu2eh1ZzTDVUJrXiPzqYGnMResFAl,0,0,Fotos,,,,,Total,16850,11430,296,265,14,17,,,,281,179,102,,0,
1509655294530749,100064588783898,"Federação Paulista de Futebol - FPF","PINTOU NOTIFICAÇÃO…
O Rony fez valer a Lei do Ex na Copa do Brasil!
#PaulistasEmCampo #Santos #Rony 
🎥 Premiere","PINTOU NOTIFICAÇÃO…
O Rony fez valer a Lei do Ex na Copa do Brasil!
#PaulistasEmCampo #Santos #Rony 
🎥 Premiere",14,"08/04/2026 19:21",auto,https://www.facebook.com/reel/1056145854019363/,1,0,Vídeos,,,,,Total,39844,30492,358,344,9,5,275399.703,9.453,0,844,842,,2,0,
1509608954535383,100064588783898,"Federação Paulista de Futebol - FPF","COLOCA MAIS UMA NA CONTA DO PAREDÃO SANTISTA! 
#PaulistasEmCampo #Santos #Brazão 
🎥 Premiere","COLOCA MAIS UMA NA CONTA DO PAREDÃO SANTISTA! 
#PaulistasEmCampo #Santos #Brazão 
🎥 Premiere",18,"08/04/2026 18:03",N/A,https://www.facebook.com/reel/1375414351197662/,1,0,Vídeos,,,,,Total,38284,31158,266,248,16,2,313385.105,10.212,0,698,698,,,0,
1509546074541671,100064588783898,"Federação Paulista de Futebol - FPF","QUEM SUBIU? ⬆️
Bora conferir as equipes que conquistaram os acessos em 2026.
#FutebolPaulista",,0,"08/04/2026 16:24",N/A,https://www.facebook.com/futebolpaulista/posts/pfbid0uLLGSnXNkHieeF3NAXpvg5FhiEnRGJDEyABJ7THuPjiQeyPCTu45ZVCz4ojx3dKXl,0,0,Fotos,,,,,Total,42482,28281,548,495,25,28,,,,1052,539,513,,0,
1509386197890992,100064588783898,"Federação Paulista de Futebol - FPF","RUMO À CLASSIFICAÇÃO! 🐳🔥
Hoje é dia do Peixão buscar a vaga para as quartas de final da @copadobrasilcbf! Vai pra cima deles, Santos! 
#PaulistasEmCampo #CopaDoBrasil",,0,"08/04/2026 11:29",N/A,https://www.facebook.com/futebolpaulista/posts/pfbid02fbrzBWLriToriiddCvt2WzxemNikTErr1Ev5XJYeV9YPjfzth3VUAQx8B1Lbc8d3l,0,0,Fotos,,,,,Total,17882,12637,177,152,21,4,,,,267,148,119,,0,
1509329434563335,100064588783898,"Federação Paulista de Futebol - FPF","BATINA E FUTEBOL!
Neste #DiaDoPadre, a adm trouxe aqui três histórias de padres envolvidos no #FutebolPaulista.",,0,"08/04/2026 10:00",N/A,https://www.facebook.com/futebolpaulista/posts/pfbid0r5BTRmKiouXU88sv3VhG9akGUkTtWwVbzYvjS3xq6x34FFHUboGBYwNVWNGnTxVwl,0,0,Fotos,,,,,Total,5576,3739,70,66,2,2,,,,252,52,200,,0,
1509172801245665,100064588783898,"Federação Paulista de Futebol - FPF","DIA DE SÃO MARCOS! 😇
Ídolo do Palmeiras, Marcão completa 53 anos nessa terça-feira!
#FutebolPaulista #Aniversário",,0,"08/04/2026 06:31",N/A,https://www.facebook.com/futebolpaulista/posts/pfbid0wLHyXe48TUr8YNCwo14zcAxp4aiuYEoT7c3aiUCA8p9pHi1P2vKCopQS73p7CB8l,0,0,Fotos,,,,,Total,31045,22073,1265,1167,68,30,,,,472,339,133,,0,
1509110591251886,100064588783898,"Federação Paulista de Futebol - FPF","16 ANOS DA COPA DO BRASIL DO PEIXÃO!
No dia 4 de agosto de 2010, o Santos vencia o Vitória no placar agregado e conquistava sua primeira taça da @copadobrasilcbf!
#BaúDoPaulistão",,0,"08/04/2026 05:00",N/A,https://www.facebook.com/futebolpaulista/posts/pfbid02uJ9XKWXikHXVmLoxx424Zsv4N12QLvQb7WymVknozdrV5RJdeYfTSpXxZ7hbGD2Pl,0,0,Fotos,,,,,Total,49913,33403,809,768,7,34,,,,1975,400,1575,,0,
1509050917924520,100064588783898,"Federação Paulista de Futebol - FPF","VIVA O TIGRE!
Hoje é de celebrar o Rio Branco, que completa 113 anos nesta terça-feira (4) 🥳
#Aniversário",,0,"08/04/2026 03:30",N/A,https://www.facebook.com/futebolpaulista/posts/pfbid06wcauTN7aRTzgvPqPKAyYZCK3qY63YuggxFMyhjc9YEUZVv4p3n2bfQLxooZN3Tnl,0,0,Fotos,,,,,Total,3347,2249,72,62,3,7,,,,34,19,15,,0,
1509032371259708,100064588783898,"Federação Paulista de Futebol - FPF","DIA DO MANTHIQUEIRA!
O Manthiqueira completa 21 anos nesta terça-feira (4). Parabéns!
#Aniversário",,0,"08/04/2026 03:00",N/A,https://www.facebook.com/futebolpaulista/posts/pfbid08SevzytVVBBXHCsFPHQtzhBxkaV1nSwt7UuKTKZXv5x3J6NVTJ33eTLkkJ9sQpSjl,0,0,Fotos,,,,,Total,2275,1582,18,15,0,3,,,,5,4,1,,0,
1509032317926380,100064588783898,"Federação Paulista de Futebol - FPF","FELIZ ANIVERSÁRIO!
A Federação Paranaense de Futebol completa 87 anos nesse domingo!
#FutebolPaulista #Aniversário",,0,"08/04/2026 03:00",N/A,https://www.facebook.com/futebolpaulista/posts/pfbid02dCWZiuJS7hcmWK2D3HpZtEtBB8XcRgAMGdTM5tmLMqyKbh5nb2cvYvbnDi27uguAl,0,0,Fotos,,,,,Total,6792,4913,45,42,1,2,,,,97,73,24,,0,
1508701371292808,100064588783898,"Federação Paulista de Futebol - FPF","No encerramento da terceira rodada da Copa Paulista Rivalo, Grêmio Prudente e Linense não saíram do zero.
#CopaPaulistaRivalo
📷João Erick/Diovulgação/Linense",,0,"08/03/2026 17:35",N/A,https://www.facebook.com/futebolpaulista/posts/pfbid0a1HqxQAq2kY7WeML2ou5o1gWGubAqFT4XxtBwEb19jDtqU4o66NjMofYBB81Xo6Vl,0,0,Fotos,,,,,Total,11329,7903,60,52,0,8,,,,349,36,313,,0,
1508582974637981,100064588783898,"Federação Paulista de Futebol - FPF","Aqui no @paulistao, não conhecemos nenhuma dessas frases... 😴
#WTFis #PaulistãoCasasBahia #trend",,0,"08/03/2026 14:00",N/A,https://www.facebook.com/futebolpaulista/posts/pfbid0iCgZJcXnE4xt6Ku6gaZuFKaMmn44oPM2PQH2LF5XNsFw1bqUR3jqt8DFyVzGrbo5l,0,0,Fotos,,,,,Total,7285,4382,54,47,4,3,,,,407,52,355,,0,
1508530131309932,100064588783898,"Federação Paulista de Futebol - FPF","POR MUITO POUCO 🤏
Torcedor, fala pra gente: se essa bola tivesse entrado o mood da sua segunda-feira seria diferente? 😅 #PaulistasEmCampo","POR MUITO POUCO 🤏
Torcedor, fala pra gente: se essa bola tivesse entrado o mood da sua segunda-feira seria diferente? 😅 #PaulistasEmCampo",6,"08/03/2026 12:47",N/A,https://www.facebook.com/reel/1384236607010795/,1,0,Vídeos,,,,,Total,16982,12562,38,36,1,1,57905.081,4.812,0,108,108,,,0,
1508467844649494,100064588783898,"Federação Paulista de Futebol - FPF","VALE A TAÇA!
Independente de Limeira e América vão em busca do título do #PaulistaSub23SegundaDivisão. Vem conferir as datas e os horários.",,0,"08/03/2026 11:36",N/A,https://www.facebook.com/futebolpaulista/posts/pfbid027wbxGcbBGaM7XQtYARZz2jT2JonbUYtvai66jdd14yD6u8TkEmM4XkkWvPF6UNwMl,0,0,Fotos,,,,,Total,44512,29870,367,325,31,11,,,,841,533,308,,0,
1508443377985274,100064588783898,"Federação Paulista de Futebol - FPF","Única forma possível de completar o coração, né? ❤️🏆
#PaulistãoCasasBahia",,0,"08/03/2026 11:00",N/A,https://www.facebook.com/futebolpaulista/posts/pfbid04rwLLk2FZthMDmdHZVH4KNt5e2WN8qiB7G8M5RRrUm73bomHGhVbn9YW55Dqz1PFl,0,0,Fotos,,,,,Total,3916,2711,19,17,0,2,,,,29,11,18,,0,
1508150588014553,100064588783898,"Federação Paulista de Futebol - FPF","O torcedor do América que não acordou assim é maluco! 
#PaulistaSub23SegundaDivisão","O torcedor do América que não acordou assim é maluco! 
#PaulistaSub23SegundaDivisão",16,"08/03/2026 05:00",uploaded,https://www.facebook.com/reel/4056842621276320/,1,0,Vídeos,,,,,Total,13608,12109,182,169,9,4,64625.366,5.485,0,153,153,,,0,
1508110751351870,100064588783898,"Federação Paulista de Futebol - FPF","PARA FECHAR!
Grêmio Prudente e Noroeste encerram a rodada nesta segunda-feira na #CopaPaulistaRivalo.",,0,"08/03/2026 04:00",N/A,https://www.facebook.com/futebolpaulista/posts/pfbid022Dc2YWCK2U2gpAj7HZuqFJDX8GLbo7WSRZn8bkgJsbxTwEdmwNZW3wBGqreDjf6cl,0,0,Fotos,,,,,Total,4082,2976,18,16,0,2,,,,13,5,8,,0,
1507769911385954,100064588783898,"Federação Paulista de Futebol - FPF","Ponto final no domingo de Copa do Brasil para o trio do #FutebolPaulista.
#PaulistasEmCampo",,0,"08/02/2026 18:00",N/A,https://www.facebook.com/futebolpaulista/posts/pfbid02a2Gnw14dxRyfgzrybhw53zXn45cazxtuz2bPNiCJYaZysuS5d6FJzL7ssKixuZRwl,0,0,Fotos,,,,,Total,48402,31630,476,420,29,27,,,,750,453,297,,0,
1507754521387493,100064588783898,"Federação Paulista de Futebol - FPF","Corinthians perde o jogo de ida das oitavas e vai precisar reverter a desvantagem em casa para avançar na Copa do Brasil.
#PaulistasEmCampo
📷Ricardo Duarte/Internacional",,0,"08/02/2026 17:31",N/A,https://www.facebook.com/futebolpaulista/posts/pfbid0D1NyV1j61sgm5uybbLT7a67NsgSKamZRb7rNA87dv3AJechpCnGezxfRAcTmvYesl,0,0,Fotos,,,,,Total,31949,21424,537,446,72,19,,,,895,708,187,,0,
1507713044724974,100064588783898,"Federação Paulista de Futebol - FPF","CONFRONTO ABERTO!
Mirassol e Grêmio ficam no empate e vão decidir a vaga para as quartas de final da Copa do Brasil no Rio Grande do Sul.
#PaulistasEmCampo
📷JP Pinheiro/Agência Mirassol",,0,"08/02/2026 16:15",N/A,https://www.facebook.com/futebolpaulista/posts/pfbid0iQodMsffS3B76DxoecZs35UJ8m1XXUcPs4cXzZiqs2YQ118p1TAD4xPtEVCjbSnnl,0,0,Fotos,,,,,Total,12777,9205,64,59,0,5,,,,100,46,54,,0,
1507654414730837,100064588783898,"Federação Paulista de Futebol - FPF","DA COPA DO MUNDO….
Para a Copa do Brasil! Vem conferir os gols do Verdão pelas lentes da adm 🇵🇾🇨🇴🇦🇷
#PaulistasEmCampo #Palmeiras","DA COPA DO MUNDO….
Para a Copa do Brasil! Vem conferir os gols do Verdão pelas lentes da adm 🇵🇾🇨🇴🇦🇷
#PaulistasEmCampo #Palmeiras",59,"08/02/2026 14:27",N/A,https://www.facebook.com/reel/1328991785677743/,1,0,Vídeos,,,,,Total,13858,13439,904,839,33,32,125403.889,9.552,0,344,344,,,0,
1507646168064995,100064588783898,"Federação Paulista de Futebol - FPF","Santo André e Primavera garantiram os três pontos neste domingo de Copa Paulista Rivalo!
#CopaPaulistaRivalo",,0,"08/02/2026 14:12",N/A,https://www.facebook.com/futebolpaulista/posts/pfbid02a4nUjfRTJnuxkQuaxD4FxghKpnTELSzprGPm9pWLaBkCtAXjEXZFJvFSU3LTTu6sl,0,0,Fotos,,,,,Total,10315,7472,50,43,0,7,,,,77,37,40,,0,
1507639911398954,100064588783898,"Federação Paulista de Futebol - FPF","PÉ NAS QUARTAS!
Gringos comandam o ataque e Palmeiras fica muito perto da próxima fase da Copa do Brasil;
#PaulistasEmCampo
📷Cesar Greco/Palmeiras",,0,"08/02/2026 13:59",N/A,https://www.facebook.com/futebolpaulista/posts/pfbid02MjtttzvkCbXuGGaWvXqjfHqb8Qrf9k86krC4a4TG3g2BHNPChVvDScgmeYsAAvLnl,0,0,Fotos,,,,,Total,21581,14806,710,574,67,69,,,,376,270,106,,0,
1507634628066149,100064588783898,"Federação Paulista de Futebol - FPF","MAIS UM GREENGO MARCANDO HOJE! 
Já teve paraguaio, colombiano e agora foi a vez do argentino Flaco López deixar o dele. 
#PaulistasEmCampo #Palmeiras","MAIS UM GREENGO MARCANDO HOJE! 
Já teve paraguaio, colombiano e agora foi a vez do argentino Flaco López deixar o dele. 
#PaulistasEmCampo #Palmeiras",10,"08/02/2026 13:48",N/A,https://www.facebook.com/reel/1565738161597316/,1,0,Vídeos,,,,,Total,20829,15538,557,543,7,7,103806.749,6.698,0,200,200,,,0,
1507623341400611,100064588783898,"Federação Paulista de Futebol - FPF","GOL DE GREENGO ⚽️🌟
Foi a vez do Arias deixar o dele no jogo 🤘
#PaulistasEmCampo","GOL DE GREENGO ⚽️🌟
Foi a vez do Arias deixar o dele no jogo 🤘
#PaulistasEmCampo",16,"08/02/2026 13:26",N/A,https://www.facebook.com/reel/2263777824424597/,1,0,Vídeos,,,,,Total,17977,14406,888,855,23,10,112155.931,7.694,0,205,205,,,0,
1507615638068048,100064588783898,"Federação Paulista de Futebol - FPF","GOL, GOL, GOOOOOOOOOOOOL!
O homem está vivendo uma grande fase. É mais um do Maurício com a camisa do Verdão, abrindo o placar.
#PaulistasEmCampo #Palmeiras","GOL, GOL, GOOOOOOOOOOOOL!
O homem está vivendo uma grande fase. É mais um do Maurício com a camisa do Verdão, abrindo o placar.
#PaulistasEmCampo #Palmeiras",39,"08/02/2026 13:12",N/A,https://www.facebook.com/reel/2177312483196104/,1,0,Vídeos,,,,,Total,11097,11121,629,570,44,15,81408.26,7.825,0,363,363,,,0,
1507611088068503,100064588783898,"Federação Paulista de Futebol - FPF","DE OLHO NO PRIMEIRO TEMPO!
Pelas lentes da adm, vem conferir os melhores lances do Palmeiras até aqui. 
#PaulistasEmCampo #Palmeiras",,10,"08/02/2026 13:03",N/A,https://www.facebook.com/futebolpaulista/posts/pfbid0274pZGNdyaTvc1eEKejroX1HyVKQ4MciuT5tGruoA6YqEwYDfCtiomC11tctCLNePl,1,0,Fotos,,,,,Total,2788,6242,34,30,2,2,,,,45,20,25,,0,
1507601608069451,100064588783898,"Federação Paulista de Futebol - FPF","BAILA, ARIAS! 🌟
#PaulistasEmCampo #Palmeiras","BAILA, ARIAS! 🌟
#PaulistasEmCampo #Palmeiras",16,"08/02/2026 12:45",N/A,https://www.facebook.com/reel/1062371229507128/,1,0,Vídeos,,,,,Total,16218,12677,273,239,27,7,98724.476,8.133,0,258,257,,1,0,
1507558304740448,100064588783898,"Federação Paulista de Futebol - FPF","VAMOS CONVERSAR?!
Que lance foi esse do Leozinho🤪
# PaulistaSub23SegundaDivisão","VAMOS CONVERSAR?!
Que lance foi esse do Leozinho🤪
# PaulistaSub23SegundaDivisão",16,"08/02/2026 11:40",uploaded,https://www.facebook.com/reel/1722490322234187/,1,0,Vídeos,,,,,Total,16412,13783,119,114,3,2,104886.453,8.073,0,223,223,,,0,
1507557901407155,100064588783898,"Federação Paulista de Futebol - FPF","ENTRE RAZÕES E EMOÇÕES! 
Antes de Palmeiras e Fortaleza, DI já deixou aquele palpite do placar. Concorda com ele, torcedor? 
#PaulistasEmCampo","ENTRE RAZÕES E EMOÇÕES! 
Antes de Palmeiras e Fortaleza, DI já deixou aquele palpite do placar. Concorda com ele, torcedor? 
#PaulistasEmCampo",26,"08/02/2026 11:39",N/A,https://www.facebook.com/reel/1597390625278832/,1,0,Vídeos,,,,,Total,9803,9143,509,483,18,8,68642.201,8.009,0,222,222,,,0,
1507534631409482,100064588783898,"Federação Paulista de Futebol - FPF","Promessa cumprida! 
O acesso é do América! 
#PaulistaSub23SegundaDivisão","Promessa cumprida! 
O acesso é do América! 
#PaulistaSub23SegundaDivisão",35,"08/02/2026 11:06",N/A,https://www.facebook.com/reel/1499028991991836/,1,0,Vídeos,,,,,Total,9296,9431,215,191,20,4,72989.468,8.278,0,321,321,,,0,
1507507221412223,100064588783898,"Federação Paulista de Futebol - FPF","ISSO É FUTEBOL! 
A união das torcidas de América Futebol Clube - SP e Itaquá Athletico Clube após a semifinal do #PaulistaSub23SegundaDivisão","ISSO É FUTEBOL! 
A união das torcidas de América Futebol Clube - SP e Itaquá Athletico Clube após a semifinal do #PaulistaSub23SegundaDivisão",12,"08/02/2026 10:28",N/A,https://www.facebook.com/reel/1021597327282879/,1,0,Vídeos,,,,,Total,10868,8881,142,132,6,4,54924.248,6.476,0,230,226,,4,0,
1507487394747539,100064588783898,"Federação Paulista de Futebol - FPF","TIMÃO DE VOLTA AO BEIRA-RIO! 🏟️🔥
Em 2009, o Corinthians conquistou o título da @copadobrasilcbf contra o Internacional em Porto Alegre... Será que hoje vem mais uma vitória? 👀
#PaulistasEmCampo",,0,"08/02/2026 10:00",N/A,https://www.facebook.com/futebolpaulista/posts/pfbid02EDboA781XMsLFq5VzHgtRs4DTd9aXw4HzTvN22ofobvZQa6XKYUEwRv5rtj2pgfsl,0,0,Fotos,,,,,Total,3852,2669,43,35,5,3,,,,51,20,31,,0,
1507483688081243,100064588783898,"Federação Paulista de Futebol - FPF","FESTA EM LIMEIRA!
Comemora, Independente!
#PaulistaSub23SegundaDivisão","FESTA EM LIMEIRA!
Comemora, Independente!
#PaulistaSub23SegundaDivisão",32,"08/02/2026 09:55",N/A,https://www.facebook.com/reel/1596711428465480/,1,0,Vídeos,,,,,Total,8211,7914,253,226,13,14,66158.766,8.691,0,234,234,,,0,
1507463498083262,100064588783898,"Federação Paulista de Futebol - FPF","PA-RE-DÃO! ❌⚽
Com dois pênaltis defendidos, o @_jonathanhs foi fundamental para o acesso do Independente!
#PaulistaSub23SegundaDivisão
📷Alexandre Battibugli/Ag. Paulistão",,0,"08/02/2026 09:30",N/A,https://www.facebook.com/futebolpaulista/posts/pfbid0gtLxiwyKJ5eEhBv9QziCuFS1Upy4xT5gkxR8QG8Cs7q9nBZcYKLiUFiYuxg1ttqLl,0,0,Fotos,,,,,Total,24394,17084,230,220,8,2,,,,706,240,466,,0,
1507461471416798,100064588783898,"Federação Paulista de Futebol - FPF","O BRABO TEM NOME!
Se liga só nas defesas que pênalti que o @_jonathanhs garantiu para o Independente de Limeira.
#PaulistaSub23SegundaDivisão","O BRABO TEM NOME!
Se liga só nas defesas que pênalti que o @_jonathanhs garantiu para o Independente de Limeira.
#PaulistaSub23SegundaDivisão",17,"08/02/2026 09:27",N/A,https://www.facebook.com/reel/1021788434073599/,0,0,Vídeos,,,,,Total,7346,6410,80,76,4,0,46846.633,7.707,0,111,111,,,0,
1507443284751950,100064588783898,"Federação Paulista de Futebol - FPF","COMEMORA, GALO! 🔥
O Independente F.C. subiu e a torcida fez a festa com a equipe! 
#PaulistaSub23SegundaDivisão","COMEMORA, GALO! 🔥
O Independente F.C. subiu e a torcida fez a festa com a equipe! 
#PaulistaSub23SegundaDivisão",53,"08/02/2026 09:07",N/A,https://www.facebook.com/reel/921631056974116/,1,0,Vídeos,,,,,Total,17351,17144,479,422,30,27,177854.444,10.909,0,524,518,,6,0,
1507435101419435,100064588783898,"Federação Paulista de Futebol - FPF","FALA, PAREDÃO! 😮‍💨
Não faltou confiança para o Jonathan Henrique 🇧🇷 na disputa de pênaltis contra o Flamengo de Guarulhos!
#PaulistaSub23SegundaDividão #Independente","FALA, PAREDÃO! 😮‍💨
Não faltou confiança para o Jonathan Henrique 🇧🇷 na disputa de pênaltis contra o Flamengo de Guarulhos!
#PaulistaSub23SegundaDividão #Independente",23,"08/02/2026 08:58",N/A,https://www.facebook.com/reel/3001478343518846/,1,0,Vídeos,,,,,Total,2138,2030,32,31,1,0,9939.785,5.055,0,32,31,,1,0,
1507428614753417,100064588783898,"Federação Paulista de Futebol - FPF","FECHOU O GOL E O GALO SUBIU! 🐓⚽️🔥
Se liga nas defesas do Jonathan Henrique 🇧🇷 da disputa pelo acesso do Paulista Sub-23 Segunda Divisão!
#PaulistaSub23SegundaDivisão #Independente","FECHOU O GOL E O GALO SUBIU! 🐓⚽️🔥
Se liga nas defesas do Jonathan Henrique 🇧🇷 da disputa pelo acesso do Paulista Sub-23 Segunda Divisão!
#PaulistaSub23SegundaDivisão #Independente",16,"08/02/2026 08:50",N/A,https://www.facebook.com/reel/2699812310436425/,1,0,Vídeos,,,,,Total,39950,31802,248,235,3,10,282966.381,9.258,0,594,586,,8,0,
1507428324753446,100064588783898,"Federação Paulista de Futebol - FPF","VAI, INDEPENDENTE!
A equipe de Limeira fez a festa no Agostinho Prada!
#PaulistaSub23SegundaDivisão
📷Alexandre Battibugli/Ag. Paulistão",,0,"08/02/2026 08:50",N/A,https://www.facebook.com/futebolpaulista/posts/pfbid02qyHMHbfjFDRdTPyc5HNqiCVjfdnWJQfqMWHbLcdNTHDd32siZdGSkX4uevW89M2Zl,0,0,Fotos,,,,,Total,21475,13772,479,408,39,32,,,,1489,430,1059,,0,
1507425154753763,100064588783898,"Federação Paulista de Futebol - FPF","A emoção do capitão Zé Luiz após o acesso! 
#PaulistaSub23SegundaDivisão","A emoção do capitão Zé Luiz após o acesso! 
#PaulistaSub23SegundaDivisão",19,"08/02/2026 08:47",N/A,https://www.facebook.com/reel/1526411075373086/,1,0,Vídeos,,,,,Total,5621,4963,133,118,9,6,32827.159,7.045,0,171,171,,,0,
1507421474754131,100064588783898,"Federação Paulista de Futebol - FPF","FESTA EM VERMELHO E BRANCO! 🇦🇹
Comemora, América!
#FutebolPaulista
📷Anderson Romão/Ag. Paulistão",,0,"08/02/2026 08:43",N/A,https://www.facebook.com/futebolpaulista/posts/pfbid0A5n1RWGC6c2YapoDi6t1VKngF3TFHCppNayQwLYMDg3FnrCvkFEeJ88kh7DJaZ7bl,0,0,Fotos,,,,,Total,13622,9187,268,228,20,20,,,,603,140,463,,0,
1507419328087679,100064588783898,"Federação Paulista de Futebol - FPF","O ACESSO É DO AMÉRICA! 
QUE FESTA EM ITAQUÁ! 
#PaulistaSub23SegundaDivisão","O ACESSO É DO AMÉRICA! 
QUE FESTA EM ITAQUÁ! 
#PaulistaSub23SegundaDivisão",26,"08/02/2026 08:41",N/A,https://www.facebook.com/reel/2022174008473383/,1,0,Vídeos,,,,,Total,4131,3854,133,120,6,7,25583.708,6.903,0,88,88,,,0,
1507418404754438,100064588783898,"Federação Paulista de Futebol - FPF","O ÚLTIMO PÊNALTI E A COMEMORAÇÃO COM O HERÓI DO ACESSO! 🔥🤯
O Jonathan Henrique 🇧🇷 pegou dois na disputa de pênaltis e foi ovacionado na confirmação do acesso do Galo!
#PaulistaSub23SegundaDivisão #Independente","O ÚLTIMO PÊNALTI E A COMEMORAÇÃO COM O HERÓI DO ACESSO! 🔥🤯
O Jonathan Henrique 🇧🇷 pegou dois na disputa de pênaltis e foi ovacionado na confirmação do acesso do Galo!
#PaulistaSub23SegundaDivisão #Independente",59,"08/02/2026 08:40",mixed,https://www.facebook.com/reel/1040846381657477/,1,0,Vídeos,,,,,Total,15847,15047,277,253,14,10,206201.634,14.134,0,734,728,,6,0,
1507411381421807,100064588783898,"Federação Paulista de Futebol - FPF","FOI COM EMOÇÃO!
Independente reverte a desvantagem da ida, vence nos pênaltis e carimba o acesso no Paulista Sub-23 Segunda Divisão. Que venha a final!
#FutebolPaulista 
📷Alexandre Battibugli/Ag. Paulistão",,0,"08/02/2026 08:31",N/A,https://www.facebook.com/futebolpaulista/posts/pfbid0nMpSY6zA4d3nN94RTvseWWk4NsWPz1jaPvY8Pnk9aQWyqNTPxpsC2SYKZ95XW52Rl,0,0,Fotos,,,,,Total,16898,12238,137,120,4,13,,,,218,130,88,,0,
1507410148088597,100064588783898,"Federação Paulista de Futebol - FPF","O VERDÃO TÁ VOANDO NA COPA DO BRASIL 💚
Até aqui, foram dois jogos e sete gols marcados. Neste domingo, tem mais um desafio para a equipe de Abel Ferreira. Será que essa conta aumenta? 👀🔥
#PaulistasEmCampo #Palmeiras #CopaDoBrasil",,0,"08/02/2026 08:30",N/A,https://www.facebook.com/futebolpaulista/posts/pfbid02SCqFXXQPN2czyDVBwpPcbQJeyzXRz4SDLMtW7d3sRRww3ewyg4t6zAAN7D78NZD2l,0,0,Fotos,,,,,Total,8264,5858,343,322,18,3,,,,155,70,85,,0,
1507408848088727,100064588783898,"Federação Paulista de Futebol - FPF","ACESSO COM PROPRIEDADE! 
América vence fora de casa, conquista o acesso e vai disputar o título do Paulista Sub-23 Segunda Divisão!
#FutebolPaulista
📷Anderson Romão/Ag. Paulistão",,0,"08/02/2026 08:28",N/A,https://www.facebook.com/futebolpaulista/posts/pfbid0Yty1V2daDvjpgM9n9nYH38sZsGjcpNZYTdeVqYNqZK9UH8QGiXkyfFEcEwAjaBPSl,0,0,Fotos,,,,,Total,51290,36919,667,596,50,21,,,,989,668,321,,0,
1507402244756054,100064588783898,"Federação Paulista de Futebol - FPF","FINAL DEFINIDA!
Com o acesso garantido, Independente e América agora vão atrás do título do Paulista Sub-23 Segunda Divisão!
#FutebolPaulista",,0,"08/02/2026 08:20",N/A,https://www.facebook.com/futebolpaulista/posts/pfbid0krn51LpgK7Ki3F34FKVWTVt49wtYm9x6xbPWk2uw8DSRZE3q7wNGqXizAcXsjbYDl,0,0,Fotos,,,,,Total,23302,15497,440,350,62,28,,,,900,729,171,,0,
1507398334756445,100064588783898,"Federação Paulista de Futebol - FPF","ACESSO GARANTIDO! ⬆️
O Independente de Limeira conquista o acesso no Paulista Sub-23 Segunda Divisão! 
#FutebolPaulista",,0,"08/02/2026 08:15",N/A,https://www.facebook.com/futebolpaulista/posts/pfbid0F1aaDtQPdwM8eWRQ7Ad77QxPv8JKoQVy5E9KepTghcsyYm8SmK4WbwnoZeCJ9JJ5l,0,0,Fotos,,,,,Total,24376,16561,284,238,16,30,,,,772,586,186,,0,
1507388514757427,100064588783898,"Federação Paulista de Futebol - FPF","ACESSO GARANTIDO! ⬆️
O América conquista o acesso no Paulista Sub-23 Segunda Divisão!
#FutebolPaulista",,0,"08/02/2026 08:04",N/A,https://www.facebook.com/futebolpaulista/posts/pfbid02PRCdYLkqYDnb2jfbSdArEdSVVf87PWM5XgaXhR4xYTFi9hdkUfZsPAYcfXyHussXl,0,0,Fotos,,,,,Total,18340,12643,216,183,19,14,,,,454,363,91,,0,
1507377231425222,100064588783898,"Federação Paulista de Futebol - FPF","DEFESA DE QUEM SABE!
Maranhão impede o gol do Itaqua e salva o América!
#PaulistaSub23SegundaDivisão","DEFESA DE QUEM SABE!
Maranhão impede o gol do Itaqua e salva o América!
#PaulistaSub23SegundaDivisão",16,"08/02/2026 07:51",N/A,https://www.facebook.com/reel/1328366712710685/,0,0,Vídeos,,,,,Total,3822,3545,29,29,0,0,19706.858,5.816,0,44,44,,,0,
1507355981427347,100064588783898,"Federação Paulista de Futebol - FPF","BATIDA CRUZADA!
Aislan soltou o pé e não deu chances para o goleiro do Itaqua! A vantagem do América aumentou!
#PaulistaSub23SegundaDivisão","BATIDA CRUZADA!
Aislan soltou o pé e não deu chances para o goleiro do Itaqua! A vantagem do América aumentou!
#PaulistaSub23SegundaDivisão",32,"08/02/2026 07:27",N/A,https://www.facebook.com/reel/1605569180934523/,0,0,Vídeos,,,,,Total,1797,1677,27,26,0,1,9536.141,5.629,0,16,16,,,0,
1507353218094290,100064588783898,"Federação Paulista de Futebol - FPF","QUE DEFESA! 
Maranhão salva o América! 
#PaulistaSub23SegundaDivisão","QUE DEFESA! 
Maranhão salva o América! 
#PaulistaSub23SegundaDivisão",9,"08/02/2026 07:23",N/A,https://www.facebook.com/reel/1464274128871491/,1,0,Vídeos,,,,,Total,7904,6572,36,34,2,0,32785.474,5.185,0,74,74,,,0,
1507350641427881,100064588783898,"Federação Paulista de Futebol - FPF","OLHA O GALO AÍ!
Calegari marca e deixa o agregado entre Independente e Flamengo empatado!
#PaulistaSub23SegundaDivisão","OLHA O GALO AÍ!
Calegari marca e deixa o agregado entre Independente e Flamengo empatado!
#PaulistaSub23SegundaDivisão",17,"08/02/2026 07:21",N/A,https://www.facebook.com/reel/1245457251984680/,0,0,Vídeos,,,,,Total,2527,2121,54,46,3,5,14963.163,7.242,0,44,44,,,0,
1507348914761387,100064588783898,"Federação Paulista de Futebol - FPF","OLHA O GALO AÍ!
Calegaria marca e deixa o agregado entre Independente e Flamengo empatado!
#PaulistaSub23SegundaDivisão","OLHA O GALO AÍ!
Calegaria marca e deixa o agregado entre Independente e Flamengo empatado!
#PaulistaSub23SegundaDivisão",17,"08/02/2026 07:19",N/A,https://www.facebook.com/reel/1598991868522734/,0,0,Vídeos,,,,,Total,1779,1562,31,27,2,2,8377.8,5.398,0,21,21,,,0,
1507340301428915,100064588783898,"Federação Paulista de Futebol - FPF","A COMEMORAÇÃO DE AISLAN NO SEGUNDO GOL DO AMÉRICA! 
#PaulistaSub23SegundaDivisão","A COMEMORAÇÃO DE AISLAN NO SEGUNDO GOL DO AMÉRICA! 
#PaulistaSub23SegundaDivisão",13,"08/02/2026 07:10",N/A,https://www.facebook.com/reel/2124274868520038/,1,0,Vídeos,,,,,Total,6390,5650,50,44,4,2,31403.806,5.827,0,104,104,,,0,
1507331248096487,100064588783898,"Federação Paulista de Futebol - FPF","NA VANTAGEM!
Um primeiro tempo e tanto para o América!
#PaulistaSub232SegundaDivisão","NA VANTAGEM!
Um primeiro tempo e tanto para o América!
#PaulistaSub232SegundaDivisão",24,"08/02/2026 07:01",uploaded,https://www.facebook.com/reel/1393855669335983/,0,0,Vídeos,,,,,Total,2096,1941,36,28,8,0,11585.416,6.169,0,49,49,,,0,
1507330301429915,100064588783898,"Federação Paulista de Futebol - FPF","LEÃO SEGUE FAZENDO HISTÓRIA! 🦁🔥
O Mirassol vai jogar sua primeira partida de oitavas de @copadobrasilcbf! 
#PaulistasEmCampo",,0,"08/02/2026 07:00",N/A,https://www.facebook.com/futebolpaulista/posts/pfbid02wd8aU1PADEmo5XiUdhjb3XempvxsV8pXZ9QZjTDjiWNGN9hE5dzD9V6ov6qoL3EQl,0,0,Fotos,,,,,Total,4915,3592,40,37,1,2,,,,99,30,69,,0,
1507328628096749,100064588783898,"Federação Paulista de Futebol - FPF","É O SEGUNDO DO AMÉRICA! 
Aislan ganhou na velocidade e de canhota marcou para a equipe de São José do Rio Preto! 
#PaulistaSub23SegundaDivisão","É O SEGUNDO DO AMÉRICA! 
Aislan ganhou na velocidade e de canhota marcou para a equipe de São José do Rio Preto! 
#PaulistaSub23SegundaDivisão",41,"08/02/2026 06:58",uploaded,https://www.facebook.com/reel/1602423671432088/,1,0,Vídeos,,,,,Total,11114,10710,263,241,11,11,110210.573,10.82,0,429,429,,,0,
1507322668097345,100064588783898,"Federação Paulista de Futebol - FPF","GOL DO GALO! TÁ TUDO IGUAL NO AGREGADO! 🔥
O Independente F.C. abre o placar com um gol do Calegari!
#PaulistaSub23SegundaDivisão","GOL DO GALO! TÁ TUDO IGUAL NO AGREGADO! 🔥
O Independente F.C. abre o placar com um gol do Calegari!
#PaulistaSub23SegundaDivisão",39,"08/02/2026 06:51",N/A,https://www.facebook.com/reel/1596620535327098/,1,0,Vídeos,,,,,Total,11498,11165,195,180,5,10,114740.292,10.791,0,425,424,,1,0,
1507311738098438,100064588783898,"Federação Paulista de Futebol - FPF","GOL DO AMÉRICA!!
Édipo abre o placar em Itaquá! A equipe de São José do Rio Preto está em vantagem na disputa pelo acesso!
#PaulistaSub23SegundaDivisão","GOL DO AMÉRICA!!
Édipo abre o placar em Itaquá! A equipe de São José do Rio Preto está em vantagem na disputa pelo acesso!
#PaulistaSub23SegundaDivisão",34,"08/02/2026 06:35",N/A,https://www.facebook.com/reel/3069182343285592/,1,0,Vídeos,,,,,Total,22951,22840,382,360,12,10,236082.892,10.99,0,759,759,,,0,
1507290718100540,100064588783898,"Federação Paulista de Futebol - FPF","A criançada fez a festa antes do jogo do acesso em Itaqua! 
#PaulistaSub23SegundaDivisão","A criançada fez a festa antes do jogo do acesso em Itaqua! 
#PaulistaSub23SegundaDivisão",16,"08/02/2026 06:08",N/A,https://www.facebook.com/reel/1688122872477192/,1,0,Vídeos,,,,,Total,2524,2322,17,16,1,0,10096.578,4.436,0,21,21,,,0,
1507285354767743,100064588783898,"Federação Paulista de Futebol - FPF","DOMINGO DE COPA DO BRASIL!
Palmeiras, Mirassol e Corinthians vão buscar a vitória nos confrontos de ida das oitavas da @copadobrasilcbf!
#PaulistasEmCampo",,0,"08/02/2026 06:00",N/A,https://www.facebook.com/futebolpaulista/posts/pfbid02GFmPMPkA2AfsFtnh2KgShzy72GiRAXu1mmwQpuoZMSesM7koQp7GJoetpev1ptqsl,0,0,Fotos,,,,,Total,39226,27804,225,200,4,21,,,,524,182,342,,0,
1507277248101887,100064588783898,"Federação Paulista de Futebol - FPF","AQUECIMENTO!
Itaqua e América trabalham para chegar naquele pique pro jogo decisivo da semifinal do Paulista Sub-23 Segunda Divisão!
#FutebolPaulista 
📷Anderson Romão/Ag. Paulistão",,0,"08/02/2026 05:48",N/A,https://www.facebook.com/futebolpaulista/posts/pfbid02Dn3bagWkHRQqHQcMnds9DPcyF9fALeTH4uNJqVdddwL4TMvuXiULWSC2oUTEkVijl,0,0,Fotos,,,,,Total,2855,2107,9,7,0,2,,,,17,10,7,,0,
1507276094768669,100064588783898,"Federação Paulista de Futebol - FPF","DESCOBRI QUE TE AMO DEMAIS, Independente F.C.! 😍
A torcida do Galo faz a festa em Limeira! 
#PaulistaSub23SegundaDivisão","DESCOBRI QUE TE AMO DEMAIS, Independente F.C.! 😍
A torcida do Galo faz a festa em Limeira! 
#PaulistaSub23SegundaDivisão",26,"08/02/2026 05:46",N/A,https://www.facebook.com/reel/2574706292984909/,1,0,Vídeos,,,,,Total,11553,10134,236,207,16,13,75742.387,7.473,0,447,447,,,0,
1507270664769212,100064588783898,"Federação Paulista de Futebol - FPF","QUEM CONSEGUIR O ACESSO? 👀
Quase tudo pronto para o confronto entre Independente F.C. e AA Flamengo Guarulhos na semifinal do Paulista Sub-23 Segunda Divisão! 
#PaulistaSub23SegundaDivisão","QUEM CONSEGUIR O ACESSO? 👀
Quase tudo pronto para o confronto entre Independente F.C. e AA Flamengo Guarulhos na semifinal do Paulista Sub-23 Segunda Divisão! 
#PaulistaSub23SegundaDivisão",14,"08/02/2026 05:39",N/A,https://www.facebook.com/reel/1067004805795696/,1,0,Vídeos,,,,,Total,2021,1842,24,22,2,0,7954.834,4.466,0,12,12,,,0,
1507251551437790,100064588783898,"Federação Paulista de Futebol - FPF","NAQUELE PIQUE!
A torcida do Itaqua armou a festa para receber o time! Logo mais, a partir das 10h, o time da casa encara o América por um lugar na final do Paulista Sub-23 Segunda Divisão!
#FutebolPaulista
📷Anderson Romão/Ag. Paulistão",,0,"08/02/2026 05:10",N/A,https://www.facebook.com/futebolpaulista/posts/pfbid02D7vzRBkW8EBysTLAZ5GpoTVixwhiJiTX1FsqLU8nZy3VYweGzK2euCX8nXxeLaHrl,0,0,Fotos,,,,,Total,6901,4357,50,42,6,2,,,,382,117,265,,0,
1507222464774032,100064588783898,"Federação Paulista de Futebol - FPF","QUEM SOBE?
O acesso está em jogo para Independente e Flamengo. Quem leva a melhor?
#FutebolPaulista",,0,"08/02/2026 04:26",N/A,https://www.facebook.com/futebolpaulista/posts/pfbid0aG2wCXRJXBM3rhNJXHTHhPTK2LF8iSFe5vVzkCdKhD9ni1zNVq1B22rFttF19qkTl,0,0,Fotos,,,,,Total,2467,1820,18,13,3,2,,,,20,13,7,,0,
1507221298107482,100064588783898,"Federação Paulista de Futebol - FPF","VAI SUBIR?
Itaqua e América disputam o acesso neste domingo de Paulista Sub-23 Segunda Divisão!
#FutebolPaulista",,0,"08/02/2026 04:24",N/A,https://www.facebook.com/futebolpaulista/posts/pfbid0qZusQDR2AYwGZxmDboqr5yrTZxgDCNYJmj6646uPb93Lq2RQf1LHrKUyYovNWMf4l,0,0,Fotos,,,,,Total,2619,1933,12,7,1,4,,,,13,8,5,,0,
1507190124777266,100064588783898,"Federação Paulista de Futebol - FPF","DECISÃO EM LIMEIRA!
O Flamengo venceu em Guarulhos, mas o Independente conta coma força na torcida no jogo de volta. Quem fica com o acesso e a vaga na decisão do Paulista Sub-23 Segunda Divisão?
#FutebolPaulista
📷Diego Soares/Ag. Paulistão",,0,"08/02/2026 03:38",N/A,https://www.facebook.com/futebolpaulista/posts/pfbid02d1v9bF6J4cX5Mfyy6iLvKPpN84uiWEzMnzVXnUSFZvKc17voE23B9yvDNUThKZn7l,0,0,Fotos,,,,,Total,12706,9179,55,47,5,3,,,,180,106,74,,0,
1507188791444066,100064588783898,"Federação Paulista de Futebol - FPF","TUDO OU NADA!
Após empatarem no jogo de ida, Itaqua e América entram em campo para decidir o acesso e a vaga na final do Paulista Sub-23 Segunda Divisão!
#FutebolPaulista
📷José Luis Silva/Ag. Paulistão",,0,"08/02/2026 03:36",N/A,https://www.facebook.com/futebolpaulista/posts/pfbid02CNnxmtzRaS7cPwcuP7GkgNx7maCesnhqbDymxLB7t4HfTasywW5Q4CHv9cyDW3Gel,0,0,Fotos,,,,,Total,9763,7304,42,38,3,1,,,,132,92,40,,0,
1507164674779811,100064588783898,"Federação Paulista de Futebol - FPF","MAIS DOIS!
Vem conferir os confrontos deste domingo na Copa Paulista Rivalo!
#CopaPaulistaRivalo",,0,"08/02/2026 03:00",N/A,https://www.facebook.com/futebolpaulista/posts/pfbid02eqrHUbYak4GXhjb5cmPriBZSr4awsEM9Q4b8QfWHrx9vDscduyDrzFR1ZntcerHpl,0,0,Fotos,,,,,Total,6015,4560,30,27,0,3,,,,47,17,30,,0,
1507144171448528,100064588783898,"Federação Paulista de Futebol - FPF","É HOJE!
Chegou o dia de conhecer os finalistas do Paulista Sub-23 Segunda Divisão!
#FutebolPaulista",,0,"08/02/2026 02:30",N/A,https://www.facebook.com/futebolpaulista/posts/pfbid02fAXTNVF9L9bxXjAPKwtRYYDXBZw4fcKS8dTbirpCS4tfSXoNsBKJVKt3xyKsHiUYl,0,0,Fotos,,,,,Total,24594,17728,77,67,6,4,,,,347,213,134,,0,
1506871558142456,100064588783898,"Federação Paulista de Futebol - FPF","FIM DE PAPO NA VILA BELMIRO!
Santos e Remo não saíram do zero.
#PaulistasEmCampo
📷Raul Baretta/Santos",,0,"08/01/2026 19:12",N/A,https://www.facebook.com/futebolpaulista/posts/pfbid0266gowSLvETYQCFL3JRkLCwD5bYPpqaL7chPQnVAVgVi9t1kuqgKLgVDMnaoTj4iAl,0,0,Fotos,,,,,Total,14806,10470,109,85,21,3,,,,341,257,84,,0,
1506803784815900,100064588783898,"Federação Paulista de Futebol - FPF","Sabadamos com mais um dia de Copa Paulista Rivalo por aqui!
#CopaPaulistaRivalo",,0,"08/01/2026 17:11",N/A,https://www.facebook.com/futebolpaulista/posts/pfbid03885zz5nUoMDkC3V1RQKhCUHyy6H3C3WSKQqQWppi5tGRQ3vzHEsbAZcJnrBKMdsyl,0,0,Fotos,,,,,Total,19382,13211,107,96,5,6,,,,337,198,139,,0,
1506799954816283,100064588783898,"Federação Paulista de Futebol - FPF","COMEÇOU! 
O Santos já está em campo pela Copa do Brasil 🤩
#PaulistasEmCampo","COMEÇOU! 
O Santos já está em campo pela Copa do Brasil 🤩
#PaulistasEmCampo",23,"08/01/2026 17:04",N/A,https://www.facebook.com/reel/1359313439729761/,1,0,Vídeos,,,,,Total,5229,4861,47,45,1,1,28453.138,6.026,0,60,60,,,0,
1506790764817202,100064588783898,"Federação Paulista de Futebol - FPF","O clima já é de pré-jogo na Vila Belmiro. Mas antes, uma dúvida: pode isso, Neymar Jr? 🖊️👀
#PaulistasEmCampo","O clima já é de pré-jogo na Vila Belmiro. Mas antes, uma dúvida: pode isso, Neymar Jr? 🖊️👀
#PaulistasEmCampo",12,"08/01/2026 16:45",N/A,https://www.facebook.com/reel/1549562016566187/,1,0,Vídeos,,,,,Total,5288,4387,48,46,2,0,24148.606,5.7,0,67,67,,,0,
1506559931506952,100064588783898,"Federação Paulista de Futebol - FPF","A SAUDADES ESTÁ GRANDE 😎🥹
A adm se encontra exatamente assim! Quem mais não está se aguentando de saudades?! 
#Paulistão",,0,"08/01/2026 10:30",N/A,https://www.facebook.com/futebolpaulista/posts/pfbid0wPbCU6hGXK3B2LN37HgJsPYC295aHS4Xt2ai717Tx6a6mAhzv8o6R459hTA1YzYkl,0,0,Fotos,,,,,Total,3952,2749,21,14,4,3,,,,31,19,12,,0,
1506446424851636,100064588783898,"Federação Paulista de Futebol - FPF","O PRÍNCIPE EM BUSCA DO BICAMPEONATO!
O Neymar segue de olho em mais uma taça da Copa do Brasil para a coleção.
#PaulistasEmCampo",,0,"08/01/2026 08:00",N/A,https://www.facebook.com/futebolpaulista/posts/pfbid0b9oLebAUZtFinKHUT7E8UTY4ABNcqM4ze6FWLu8mwRz5oyM4hN4TJwVL1VHMh9bLl,0,0,Fotos,,,,,Total,7222,5092,119,110,8,1,,,,117,47,70,,0,
1506280108201601,100064588783898,"Federação Paulista de Futebol - FPF","QUATRO JOGOS!
Não vai faltar emoção neste sábado de #CopaPaulistaRivalo 🔥",,0,"08/01/2026 04:00",N/A,https://www.facebook.com/futebolpaulista/posts/pfbid02b6CGyuzrLkmzEfn6b2F78NSwsw99roYutLimZN1NxZentXdd4Dbcmd3EbGDF4ojwl,0,0,Fotos,,,,,Total,6083,4356,34,31,0,3,,,,49,17,32,,0,
1505941564902122,100064588783898,"Federação Paulista de Futebol - FPF","VITÓRIA DO VISITANTE!
O União São João ficou com os três pontos e Ribeirão Preto.
#CopaPaulistaRivalo
📷Divulgação/Comercial",,0,"07/31/2026 18:15",N/A,https://www.facebook.com/futebolpaulista/posts/pfbid02EhLgPapmL35kMmwJCWwnRQJfKeKXLKYgPbvMDLqk1gYEGpLP7pLW8aNACXezBvUfl,0,0,Fotos,,,,,Total,59387,42167,396,303,83,10,,,,1119,798,321,,0,1
1505813491581596,100064588783898,"Federação Paulista de Futebol - FPF","TEM GENTE COLOCANDO A VASSOURA ATRÁS DA PORTA PARA RECEBER O PALMEIRAS... 🤣
Se liga nesse retrospecto dos jogos do Verdão como visitante nesse @brasileirao! 
#PaulistasEmCampo",,0,"07/31/2026 15:00",N/A,https://www.facebook.com/futebolpaulista/posts/pfbid0EK4bChQ1DMzpBBbLonUNjPH62bve7ZA1FhC3pdubftqdgke6ix8GnH8qgzMj4FBbl,0,0,Fotos,,,,,Total,155045,108869,2547,2113,356,78,,,,2830,2064,766,,0,
1505757831587162,100064588783898,"Federação Paulista de Futebol - FPF","DUVIDO CHEGAR ATÉ O FIM!
Tente não falar a mesma coisa que a adm... E me conta nos comentários se conseguiu vencer ou perdeu no meio do caminho 😅
#PaulistãoCasasBahia",,0,"07/31/2026 13:38",N/A,https://www.facebook.com/futebolpaulista/posts/pfbid0hv5jgaAwGmLm5sNykHX5fBEkd2SL5GUQCp9EzWfxtv6mvgXLZ8X3aJfU55atWSuvl,0,0,Fotos,,,,,Total,3208,1953,14,12,0,2,,,,88,30,58,,0,
1505659784930300,100064588783898,"Federação Paulista de Futebol - FPF","A LIDERANÇA SEGUE VERDE! 🔝
Vem conferir como está a classificação do @brasileirao!
#PaulistasEmCampo",,0,"07/31/2026 11:01",N/A,https://www.facebook.com/futebolpaulista/posts/pfbid02ChaU3zSm6fw3pyyjvDWXh7Bd9JVmbE2TmpmyZnyVpKLRzunn9bWVbuyv9xv5THGNl,0,0,Fotos,,,,,Total,45160,30280,423,393,17,13,,,,688,354,334,,0,
1505534468276165,100064588783898,"Federação Paulista de Futebol - FPF","MAIS UMA VOLTA!
A terceira rodada da Copa Paulista Rivalo vem com tudo no final de semana 🤩
#CopaPaulistaRivalo",,0,"07/31/2026 08:00",N/A,https://www.facebook.com/futebolpaulista/posts/pfbid02GxB4RcdsMYDybhrw7oUpvWv2XGXoWY5o3VEVtz3p4Cq142iu9C6zxncY2ivv3YNJl,0,0,Fotos,,,,,Total,26552,19245,174,161,2,11,,,,372,165,207,,0,
