"Identificação do post","Identificação da conta","Nome de usuário da conta","Nome da conta",Descrição,"Duração (s)","Horário de publicação","Link permanente","Tipo de post","Comentário de dados",Data,Visualizações,Alcance,Curtidas,Compartilhamentos,Seguimentos,Comentários,Salvamentos
18078820802123218,17841429857362439,paulistaof,"Paulistão F Petrobras","DIA DE JOGÃO!
Corinthians e São Paulo entram em campo neste sábado no Superclássico Sicredi da rodada. Quem vai levar a melhor? 
#PaulistãoFemininoSicredi",0,"10/31/2025 20:05",https://www.instagram.com/p/DQfzImpjcQn/,"Imagem do Instagram",,Total,39884,24330,1316,34,77,12,18
18049163207375935,17841429857362439,paulistaof,"Paulistão F Petrobras","OLHA ELA AÍ!
A classificação ficou assim ao término dos jogos desta sexta-feira.
#PaulistãoFemininoSicredi",0,"10/31/2025 19:23",https://www.instagram.com/p/DQfzdyIieWB/,"Imagem do Instagram",,Total,25689,13626,740,256,11,1,8
18516567130067710,17841429857362439,paulistaof,"Paulistão F Petrobras","A sexta-feira de Paulistão Feminino Sicredi foi toda dos mandantes.
#PaulistãoFemininoSicredi",0,"10/31/2025 19:17",https://www.instagram.com/p/DQfywlUDCnV/,"Imagem do Instagram",,Total,9688,3968,108,1,0,0,0
17910844053251646,17841429857362439,paulistaof,"Paulistão F Petrobras","VITÓRIA VERDE!
Fe Palermo marca e garante os três pontos para o Palmeiras!
#PaulistãoFemininoSicredi
📷Guilherme Veiga/Ag. Paulistão",0,"10/31/2025 19:05",https://www.instagram.com/p/DQfxZs_ER9d/,"Carrossel do Instagram",,Total,13038,2623,379,9,0,3,1
18025155788756807,17841429857362439,paulistaof,"Paulistão F Petrobras","PLACAR ZERADO!
Nada de gols no primeiro tempo da Arena Barueri.
#PaulistãoFemininoSicredi
📷Guilherme Veiga/Ag. Paulistão",0,"10/31/2025 17:54",https://www.instagram.com/p/DQfpR33ji2u/,"Imagem do Instagram",,Total,6243,1990,94,0,0,0,1
18070288979052347,17841429857362439,paulistaof,"Paulistão F Petrobras","NOITE DE ESTREIA!
A treinadora Rosana Augusto faz nesta sexta-feira seu primeiro jogo no comando do Palmeiras.
#PaulistãoFemininoSicredi 
📷Guilherme Veiga/Ag. Paulistão",0,"10/31/2025 17:21",https://www.instagram.com/p/DQfljgKDhL_/,"Imagem do Instagram",,Total,25807,8950,682,0,6,6,6
17994535604847742,17841429857362439,paulistaof,"Paulistão F Petrobras","PARTIU!
A Arena Barueri recebe o jogão entre Palmeiras e Red Bull Bragantino!
#PaulistãoFemininoSicredi
📷Guilherme Veiga/Ag. Paulistão",0,"10/31/2025 16:30",https://www.instagram.com/p/DQffqTHDDxP/,"Carrossel do Instagram",,Total,4334,1191,79,0,0,1,0
18190092514330063,17841429857362439,paulistaof,"Paulistão F Petrobras","QUE GOLAÇO!
A Lary Vasconcellos viu o posicionamento da goleira do Taubaté e arriscou de longe pra fazer um lindo gol pras Sereias da Vila!
#PaulistãoFemininoSicredi",21,"10/31/2025 16:09",https://www.instagram.com/reel/DQfdNyxgkBF/,"Reel do Instagram",,Total,60311,36951,3138,249,10,70,30
17887460499384868,17841429857362439,paulistaof,"Paulistão F Petrobras","SEREIAS NA FRENTE!
O Santos vai para o intervalo com a vantagem no placar.
#PaulistãoFemininoSicredi 
📷Rafael Assunção/Ag. Paulistão",0,"10/31/2025 15:53",https://www.instagram.com/p/DQfbfsPF4hs/,"Imagem do Instagram",,Total,4567,1426,80,0,0,1,1
18110582200514467,17841429857362439,paulistaof,"Paulistão F Petrobras","TOME GOLAÇO!
A zaga do Taubaté deu espaço e a Nath Pitbull mandou pra rede! Pega só o voleio da camisa 5 das Sereias da Vila!
#PaulistãoFemininoSicredi",28,"10/31/2025 15:35",https://www.instagram.com/reel/DQfZR3aEl6T/,"Reel do Instagram",,Total,30653,21207,1112,13,6,33,7
18096614707779718,17841429857362439,paulistaof,"Paulistão F Petrobras","AQUECIMENTO FINALIZADO!
Bora pro jogo!
#PaulistãoFemininoSicredi
📷Rafael Assunção/Ag. Paulistão",0,"10/31/2025 14:52",https://www.instagram.com/p/DQfUcM1AI3U/,"Carrossel do Instagram",,Total,4150,1131,61,0,0,0,2
18133265266474081,17841429857362439,paulistaof,"Paulistão F Petrobras","SEXTAMOS, HEIN!
Pra começar os trabalhos do fim de semana, que tal um Santos e Taubaté pelo Paulistão Feminino Sicredi? Só bora!
#PaulistãoFemininoSicredi
📷Rafael Assunção/Ag. Paulistão",0,"10/31/2025 14:20",https://www.instagram.com/p/DQfQykTj6G-/,"Carrossel do Instagram",,Total,4155,1150,64,4,0,0,0
18094324015804522,17841429857362439,paulistaof,"Paulistão F Petrobras","SEM SUSTOS!
Palmeiras e Red Bull Bragantino comemoram o Dia das Bruxas em campo pelo Paulistão Feminino Sicredi 👻
#PaulistãoFemininoSicredi",0,"10/31/2025 13:00",https://www.instagram.com/p/DQfCiBukvM9/,"Imagem do Instagram",,Total,7309,3136,197,7,1,3,1
18045173423446074,17841429857362439,paulistaof,"Paulistão F Petrobras","GOSTOSURAS OU TRAVESSURAS?
Nada disso! É dia de #PaulistãoFemininoSicredi por aqui 🎃",0,"10/31/2025 11:00",https://www.instagram.com/p/DQe0x5yEmtG/,"Imagem do Instagram",,Total,7423,3245,94,14,0,0,0
18046094441405653,17841429857362439,paulistaof,"Paulistão F Petrobras","ESCOLHA SEU FEITIÇO!🧙‍♀️
Nada como comemorar o #DiaDasBruxas com dose dupla no Paulistão Feminino Sicredi!
#PaulistãoFemininoSicredi",0,"10/31/2025 06:00",https://www.instagram.com/p/DQeSf2JDcMZ/,"Imagem do Instagram",,Total,8496,3672,169,6,3,1,4
18044629274436430,17841429857362439,paulistaof,"Paulistão F Petrobras","O TERCEIRO TÍTULO DO BOTUCATU! 🏆✨
No dia 31 de outubro de 2009, o Botucatu conquistava sua terceira taça do Maior Estadual do Brasil!
#BaúDoPaulistãoFeminino",0,"10/31/2025 04:00",https://www.instagram.com/p/DQeEwN9Dcvu/,"Imagem do Instagram",,Total,33498,17146,393,44,8,20,14
18079969237877031,17841429857362439,paulistaof,"Paulistão F Petrobras","CRAQUE DO JOGO! 🏆
Monique marcou seus dois primeiros gols no profissional da Ferroviária e levou o troféu de #CraqueDoJogo pra casa! #PaulistãoFemininoSicredi #Betano
📷 Douglas Moreti/Ag. Paulistão",0,"10/29/2025 14:16",https://www.instagram.com/p/DQaGrC6k6tP/,"Imagem do Instagram",,Total,10777,5495,109,23,1,7,0
18110788549582701,17841429857362439,paulistaof,"Paulistão F Petrobras","GOLEADA DA FERRINHA! 🔥
As Guerreiras Grenás venceram o Realidade Jovem por 7 a 0 pela 11ª rodada do #PaulistãoFemininoSicredi!
📷 Douglas Moreti/Ag. Paulistão",0,"10/29/2025 14:08",https://www.instagram.com/p/DQaF6dxDouj/,"Carrossel do Instagram",,Total,9827,3391,174,10,1,1,1
18076558642935896,17841429857362439,paulistaof,"Paulistão F Petrobras","Vendito entrou no 2º tempo e deu o nome na goleada da Ferroviária! 🔥😮‍💨 #PaulistãoFemininoSicredi",30,"10/29/2025 14:05",https://www.instagram.com/reel/DQaFcfxATuU/,"Reel do Instagram",,Total,17533,11965,441,11,1,7,7
18080519941875497,17841429857362439,paulistaof,"Paulistão F Petrobras","MICAELLY AMPLIA! 👏
Sofreu o pênalti e chamou a responsa! #PaulistãoFemininoSicredi",16,"10/29/2025 13:59",https://www.instagram.com/reel/DQaEr5sFEXP/,"Reel do Instagram",,Total,11423,7687,279,4,0,0,4
17967130724823562,17841429857362439,paulistaof,"Paulistão F Petrobras","GOLEADA DA FERRINHA! 🔥
Zagueira artilheira, Monique faz mais um pras Guerreiras Grenás! #PaulistãoFemininoSicredi",32,"10/29/2025 13:42",https://www.instagram.com/reel/DQaCw1qj33a/,"Reel do Instagram",,Total,26534,16785,718,14,3,8,10
17865935172473123,17841429857362439,paulistaof,"Paulistão F Petrobras","LOGO NO COMECINHO! 😮‍💨
A Ferroviária precisou de 40 segundos do 2º tempo pra fazer o 3º no jogo! #PaulistãoFemininoSicredi",26,"10/29/2025 13:18",https://www.instagram.com/reel/DQZ__ZdEuR3/,"Reel do Instagram",,Total,11747,7895,331,3,0,5,1
18091893010886719,17841429857362439,paulistaof,"Paulistão F Petrobras","INTERVALO!
Por enquanto, a Ferroviária vai vencendo por 2 a 0! #PaulistãoFemininoSicredi 
📷 Douglas Moreti/Ag. Paulistão",0,"10/29/2025 12:49",https://www.instagram.com/p/DQZ8x0vk-Mi/,"Imagem do Instagram",,Total,5802,1746,78,2,0,1,1
18078356942147346,17841429857362439,paulistaof,"Paulistão F Petrobras","É REDE!
Mais um das Guerreiras Grenás! Agora foi a vez de @mylenaf02 balançar as redes em Araraquara.
#PaulistãoFemininoSicredi",15,"10/29/2025 12:45",https://www.instagram.com/reel/DQZ8VSOCE4E/,"Reel do Instagram",,Total,11489,7801,255,9,2,10,2
17871129384379046,17841429857362439,paulistaof,"Paulistão F Petrobras","PRIMEIRA PARTIDA!
Ferroviária e Realidade Jovem abrem a rodada do #PaulistãoFemininoSicredi! Você acompanha o confronto AO VIVO direto do YouTube do @paulistao.",0,"10/29/2025 06:00",https://www.instagram.com/p/DQZJN5kk96S/,"Imagem do Instagram",,Total,9504,4142,139,16,1,1,0
17863143675435337,17841429857362439,paulistaof,"Paulistão F Petrobras","O TRI DAS SEREIAS! 3️⃣🏆
Há 14 anos, o Santos vencia o Centro Olímpico e conquistava seu terceiro título paulista!
#BaúDoPaulistãoFeminino",0,"10/29/2025 04:00",https://www.instagram.com/p/DQY7Rd3j1rO/,"Imagem do Instagram",,Total,14156,7658,309,8,2,5,6
18144372478430227,17841429857362439,paulistaof,"Paulistão F Petrobras","VOLTAMOS 👀
Quem mais estava com saudades do Paulistão Feminino Sicredi? Bora conferir os jogos da 11ª rodada 🤩
#PaulistãoFemininoSicredi",0,"10/28/2025 14:00",https://www.instagram.com/p/DQXbU8KkyZa/,"Imagem do Instagram",,Total,31693,10928,439,14,2,6,13
18069399938364219,17841429857362439,paulistaof,"Paulistão F Petrobras","É O BRASA!
A @selecaofemininadefutebol garantiu mais uma vitória 😍
#ElasEmCampo
📷 Lívia Villas Boas/CBF",0,"10/28/2025 12:15",https://www.instagram.com/p/DQXUFopj8yg/,"Imagem do Instagram",,Total,7701,2088,309,0,0,0,3
18101857435639112,17841429857362439,paulistaof,"Paulistão F Petrobras","VAI, BRASIL!
Nada como mais um jogo da @selecaofemininadefutebol para agitar a semana 🔥
#ElasEmCampo",0,"10/28/2025 06:00",https://www.instagram.com/p/DQWkWcsE_to/,"Imagem do Instagram",,Total,11151,4775,580,16,1,7,2
17862043584510436,17841429857362439,paulistaof,"Paulistão F Petrobras","VEM AÍ MAIS UM TORNEIO PAULISTA FEMININO PETROBRAS!
Sorocaba vai receber, nos dias 1 e 2 de novembro, o Torneio Paulista Feminino Sub-13 e Sub-15 Petrobras. Oito times serão divididos em dois grupos para a disputa dos confrontos!
#TorneioPaulistaFemininoPetrobras",0,"10/27/2025 15:03",https://www.instagram.com/p/DQVCeKoEvh9/,"Imagem do Instagram",,Total,72984,34183,772,311,33,29,13
18083728645822647,17841429857362439,paulistaof,"Paulistão F Petrobras","AS FINAIS PAULISTAS DA @libertadores_fem!
Vem relembrar quais foram as duas vezes que equipes de São Paulo disputaram a final em busca da Glória Eterna! Assista ao vídeo completo no YouTube do @paulistao 😉
#PaulistãoFemininoSicredi #LembraDaqueleDia",37,"10/27/2025 14:30",https://www.instagram.com/reel/DQU-vnnDLuj/,"Reel do Instagram",,Total,4584,3624,69,0,0,0,1
18093557926830113,17841467312227297,fpfacademia,"FPF Academia","CURSO DE ÁRBITROS 2026! 🟨 🟥
As vagas seguem ABERTAS na Escola de Árbitros Flávio Iazzetti (EAFI), da @fpf_oficial, principal formadora da arbitragem brasileira há mais de 75 anos! Bora se inscrever para garantir participação no Nível 1, totalmente on-line, a partir de janeiro de 2026 📅  𝗩𝗔𝗚𝗔𝗦 𝗟𝗜𝗠𝗜𝗧𝗔𝗗𝗔𝗦 🚨

👇 Comente 𝗘𝗨 𝗤𝗨𝗘𝗥𝗢 e receba mais informações diretamente em sua DM 📩 O formulário de inscrição também tá no link da bio da @fpfacademia 🔗

.
.
.

#FPFAcademia #Curso #Arbitragem #Futebol #FutebolPaulista #EAFI #Árbitro #ÁrbitroDeFutebol #Paulistão #InscriçõesAbertas #FPF #CBF #FIFA",0,"10/27/2025 07:05",https://www.instagram.com/p/DQUL2ZNEeUL/,"Imagem do Instagram",,Total,46406,11122,245,71,64,146,0
17922783717039776,17841429857362439,paulistaof,"Paulistão F Petrobras","SÓ DEU ELES!
Um sabadão com 100% de aproveitamento para os visitantes na Taça Paulistana Petrobras.
#TaçaPaulistanaPetrobras",0,"10/25/2025 13:08",https://www.instagram.com/p/DQPr2afjnRb/,"Imagem do Instagram",,Total,12921,5947,97,25,1,4,3
18169198105333750,17841429857362439,paulistaof,"Paulistão F Petrobras","BRASIL-SIL-SIL! 🇧🇷
Teve vitória da Seleção pra cima da Inglaterra!
#ElasEmCampo
📷Lívia Villas Boas/CBF",0,"10/25/2025 11:47",https://www.instagram.com/p/DQPijjVEk_2/,"Imagem do Instagram",,Total,6585,2113,317,1,0,2,1
17941101675079845,17841429857362439,paulistaof,"Paulistão F Petrobras","VAI, BRAAAAAAAAASIL! 🇧🇷🌟👀
A @selecaofemininadefutebol e a Inglaterra, atuais campeãs da Copa América e da Eurocopa, se enfrentam em um amistoso nesse sábado (25). Vai ser jogaço!
#ElasEmCampo #Brasil",0,"10/25/2025 06:00",https://www.instagram.com/p/DQO18_gjy54/,"Imagem do Instagram",,Total,9282,3444,398,6,2,4,7
18322048177243620,17841429857362439,paulistaof,"Paulistão F Petrobras","MAIS UMA!
Veio aí a nona rodada da Taça Paulistana @petrobras 🤩
#TaçaPaulistanaPetrobras",0,"10/25/2025 04:00",https://www.instagram.com/p/DQOn9_Mj8ur/,"Imagem do Instagram",,Total,8927,4299,77,21,0,0,2
18505297675068040,17841429857362439,paulistaof,"Paulistão F Petrobras","IMERSÃO NO ATLÉTICO DE MADRID FEMININO! 🇪🇸⚽
A comitiva da LaLiga Week Futebol Feminino acompanhou de perto o trabalho do Atlético de Madrid Feminino, com uma visita às instalações do clube, sessões de treino e uma palestra sobre a metodologia de formação e gestão da equipe.
O dia terminou com uma visita guiada ao estádio Riyadh Air Metropolitano!
#LALIGAWeekFutebolFeminino",0,"10/22/2025 13:00",https://www.instagram.com/p/DQH38LVjs-x/,"Carrossel do Instagram",,Total,20053,5507,162,7,1,1,4
18110935021503467,17841429857362439,paulistaof,"Paulistão F Petrobras","AS BRABAS EM BUSCA DO MUNDO! 🌟🏆
Vem conhecer o chaveamento da Copa dos Campeões Feminina da FIFA. O Corinthians enfrenta o Gotham FC, dos Estados Unidos, na semifinal da competição!
#ElasEmCampo",0,"10/22/2025 12:00",https://www.instagram.com/p/DQHw0Yujv-S/,"Imagem do Instagram",,Total,66378,36054,3877,87,86,54,75
18056596208260132,17841429857362439,paulistaof,"Paulistão F Petrobras","QUE CATEGORIA! 😮‍💨🤌
A @leticiamonteir02 fez bonito demais na assistência pro gol do Corinthians contra o Taubaté! 👏 #PaulistãoFemininoSicredi #Subway",39,"10/22/2025 08:00",https://www.instagram.com/reel/DQHVpapjE1X/,"Reel do Instagram",,Total,21269,12846,1200,14,3,11,11
17871014565372484,17841452070888275,saopaulofc_fem,"São Paulo Feminino","O MorumBIS recebeu a campanha Marque Esse Gol, onde foram realizadas mamografias gratuitas em prevenção ao Câncer de Mama.

A ação, realizada em parceria com a FPF, a Fundação Laço Rosa e a Marque esse Gol, terá continuidade em outros pontos e as inscrições devem ser realizadas no site marqueessegol.com.br

#FutebolFemininoTricolor
#VamosSãoPaulo 🇾🇪",55,"10/22/2025 07:39",https://www.instagram.com/reel/DQHWwHejmJ0/,"Reel do Instagram",,Total,32309,18699,1412,24,5,29,0
18297875104255694,17841429857362439,paulistaof,"Paulistão F Petrobras","ALÔ, TORCIDA DO VERDÃO!
A carreta de mamografia da campanha ""Marque Esse Gol"", uma iniciativa da FPF com a Fundação Laço Rosa e a Marque Esse Gol, chega no Allianz Parque. Acesse: www.marqueessegol.com.br e faça sua inscrição gratuitamente!
#FPF #MarqueEsseGol #OutubroRosa",0,"10/21/2025 14:00",https://www.instagram.com/p/DQFZ7o9jQ-W/,"Imagem do Instagram",,Total,31586,8286,162,21,1,3,3
18069997634584126,17841429857362439,paulistaof,"Paulistão F Petrobras","FOCO NO FUTEBOL FEMININO!
A comitiva da LALIGA Week Futebol Feminino participou de uma aula sobre “a realidade do patrocínio no mundo do futebol feminino” e viu de perto como o investimento das marcas pode transformar a modalidade. #LALIGAWeekFutebolFeminino",0,"10/21/2025 12:08",https://www.instagram.com/p/DQFRvHijHVb/,"Carrossel do Instagram",,Total,31045,8431,245,18,1,4,4
18129580384478201,17841429857362439,paulistaof,"Paulistão F Petrobras","Quem encara a @natalia_vendito? 🤪 Toda a categoria de craque pro gol da Ferroviária contra o Santos! 🔥 #PaulistãoFemininoSicredi #Subway",36,"10/21/2025 08:00",https://www.instagram.com/reel/DQEw70ek8hT/,"Reel do Instagram",,Total,10860,7270,368,11,4,9,4
17922657042039059,17841429857362439,paulistaof,"Paulistão F Petrobras","A IMPERATRIZ CAMPEÃ DO PAULISTÃO!
Neste “Lembra Daquele Dia?”, Roberta Nina revive a história de Sissi, uma das maiores jogadoras da história do futebol feminino. Em 1997, ela liderou um São Paulo recheado de craques como Formiga e Katia Cilene rumo ao título paulista. Uma homenagem à lenda que brilhou no Tricolor, na Seleção e no mundo!🌟
#FutebolPaulista",57,"10/20/2025 13:59",https://www.instagram.com/reel/DQC5hrmD3Q_/,"Reel do Instagram",,Total,3913,2871,69,1,0,4,2
18195056539322017,17841429857362439,paulistaof,"Paulistão F Petrobras","AGORA O COMPROMISSO É MUNDIAL! ☑️🌎
Com o título da Libertadores, as Brabas garantiram o lugar na Copa dos Campeões Feminina da FIFA, que vai acontecer em 2026. 
#ElasEmCampo",0,"10/20/2025 13:02",https://www.instagram.com/p/DQCzHsUDwY6/,"Imagem do Instagram",,Total,13216,5928,1284,11,5,12,17
17938826991094913,17841429857362439,paulistaof,"Paulistão F Petrobras","EU VOU, MAS VOLTO! 
Rosana anunciou sua aposentadoria dos gramados quando jogava pelo Palmeiras. Hoje, retorna ao clube como treinadora. Será que ela está feliz? 🥹🤩
#ElasEmCampo #Palmeiras",0,"10/20/2025 11:58",https://www.instagram.com/p/DQCr0dRD0VR/,"Imagem do Instagram",,Total,11339,4744,427,5,0,6,5
18082704460813186,17841429857362439,paulistaof,"Paulistão F Petrobras","THE BEST! 👑
A adm não aguenta tanta emoção: a comitiva da LALIGA Week Futebol Feminino viu de pertinho a melhor do mundo @aitanabonmati! 🌎
#LALIGAWeekFutebolFeminino",21,"10/20/2025 11:35",https://www.instagram.com/reel/DQCo3JWj8Li/,"Reel do Instagram",,Total,7951,5599,174,6,1,2,3
18063129632454427,17841429857362439,paulistaof,"Paulistão F Petrobras","QUE MOMENTO! 😮‍💨 A comitiva da LALIGA Week Futebol Feminino está em Madrid, acompanhando o treino da Seleção Espanhola de Futebol Feminino. A ex-atleta e comentarista Ju Cabral falou um pouco sobre a experiência de ver de perto as atuais campeãs mundiais. 🇪🇸⚽
#LALIGAWeekFutebolFeminino",57,"10/20/2025 10:52",https://www.instagram.com/reel/DQCj8HQEQaw/,"Reel do Instagram",,Total,15436,10694,375,19,3,17,6
18044957744417699,17841400074692954,paulistao,Paulistão,"OIIII, MORUMBIS! 
A campanha ""Marque esse Gol"", uma iniciativa da FPF com a Fundação Laço Rosa e a Marque esse Gol, que leva carretas de mamografia para diversos pontos do Estado, estaciona no MorumBIS durante os dias 20 e 21 de outubro. Acesse: www.marqueessegol.com.br e faça sua inscrição gratuitamente!
#FPF #MarqueEsseGol #OutubroRosa",0,"10/19/2025 12:00",https://www.instagram.com/p/DQACZ-ZD6hl/,"Imagem do Instagram",,Total,38437,11985,195,33,1,10,7
18100637380632348,17841429857362439,paulistaof,"Paulistão F Petrobras","AS BRABAS DA AMÉRICA! 6️⃣🏆
#ElasEmCampo
📷Staff Images/Conmebol",0,"10/19/2025 06:00",https://www.instagram.com/p/DP_eGr-CAEJ/,"Carrossel do Instagram",,Total,8484,2193,670,2,2,8,7
18076924307330753,17841429857362439,paulistaof,"Paulistão F Petrobras","As hexacampeãs da Libertadores Feminina estão passando pelo seu feed! 🏆
#ElasEmCampo
📷Staff Images/Conmebol",0,"10/19/2025 05:07",https://www.instagram.com/p/DP_X9IqjYtI/,"Carrossel do Instagram",,Total,7113,2030,451,4,2,3,5
18053800424284146,17841429857362439,paulistaof,"Paulistão F Petrobras","SPORT CLUB CORINTHIANS PAULISTA! 6⃣🏆
HEXACAMPEÃO DA @LibertadoresFEM!
#ElasEmCampo
📷Staff Images/Conmebol",0,"10/18/2025 15:58",https://www.instagram.com/p/DP99v-mjZoa/,"Carrossel do Instagram",,Total,8926,2424,396,4,0,1,1
17859164655531568,17841429857362439,paulistaof,"Paulistão F Petrobras","SEIS E CONTANDO!
Mais uma plaquinha do Corinthians na taça da Libertadores Feminina!
#ElasEmCampo 
🎥@libertadoresfem",13,"10/18/2025 15:53",https://www.instagram.com/reel/DP99EksAlop/,"Reel do Instagram",,Total,4990,3279,416,5,4,4,4
17944093368061927,17841429857362439,paulistaof,"Paulistão F Petrobras","QUE DUPLA!
@corinthiansfutebolfeminino  e @palmeirasfeminino serão os representantes do futebol paulista na @libertadoresfem de 2026!
#ElasEmCampo",0,"10/18/2025 15:16",https://www.instagram.com/p/DP9440cDKYE/,"Imagem do Instagram",,Total,49568,26396,2293,49,23,57,25
18066666308594414,17841429857362439,paulistaof,"Paulistão F Petrobras","HEXA COM EMOÇÃO!
Corinthians leva a melhor nos pênaltis e fatura a sexta Libertadores Feminina!
#ElasEmCampo
📷Staff Images/Conmebol",0,"10/18/2025 15:06",https://www.instagram.com/p/DP93t5SDL0N/,"Imagem do Instagram",,Total,7860,2988,511,1,6,0,5
18080770502004413,17841429857362439,paulistaof,"Paulistão F Petrobras","SEIS VEZES CORINTHIANS! 6⃣🏆
O TIMÃO É HEXA DA @libertadoresfem 
#ElasEmCampo",0,"10/18/2025 14:48",https://www.instagram.com/p/DP91vTPDULp/,"Imagem do Instagram",,Total,89814,42967,4065,283,7,24,41
17961891305846705,17841455066317821,cazetv,CazéTV,"1, 2, 3, 4, 5, 6 VEZES CORINTHIANS!!! 6️⃣🏆 O TIMÃO É HEXACAMPEÃO DA LIBERTADORES FEMININAAAAAAAAA!!! PARABÉNS, BRABAS! 👏👏👏

VAAAAAAAI, CORINTHIANSSSSS!!!!!!! 🦅⚫⚪

#LibertadoresFeminina #FutebolFeminino #Corinthians #TempoRealCazéTV",0,"10/18/2025 14:41",https://www.instagram.com/p/DP9060HDZeH/,"Imagem do Instagram",,Total,1683956,601299,28721,4691,9,313,0
18094666279748678,17841429857362439,paulistaof,"Paulistão F Petrobras","CHUVA DE GOLS!
Hora de conferir os resultados da oitava rodada da Taça Paulistana Petrobras!
#TaçaPaulistanaPetrobras",0,"10/18/2025 13:06",https://www.instagram.com/p/DP9qAQ7jNRJ/,"Imagem do Instagram",,Total,6160,2491,52,7,0,4,1
18401122690142729,17841429857362439,paulistaof,"Paulistão F Petrobras","GUERREIRAS NO PÓDIO! 🥉
Ferroviária vence o Colo-Colo e encerra a Libertadores Feminina no terceiro lugar.
#ElasEmCampo
📷Rafael Zocco/Ferroviária",0,"10/18/2025 09:07",https://www.instagram.com/p/DP9OugfDkH4/,"Imagem do Instagram",,Total,6549,2450,204,2,0,0,2
18491633893077753,17841400074692954,paulistao,Paulistão,"TERCEIRA SEMANA CHEGANDO COM MAIS CARRETAS! 👀
Alô, cidade de São Paulo! As carretas da campanha ""Marque Esse Gol"" chegaram! A iniciativa da FPF com a Fundação Laço Rosa e a Marque Esse Gol leva carretas de mamografia para diversos pontos do Estado. Acesse: www.marqueessegol.com.br e faça sua inscrição de forma gratuita para o dia que preferir!
#FPF #MarqueEsseGol #OutubroRosa",0,"10/18/2025 09:00",https://www.instagram.com/p/DP9I6WAE14V/,"Carrossel do Instagram",,Total,42284,9678,245,20,1,1,3
17897227608337399,17841429857362439,paulistaof,"Paulistão F Petrobras","BORA PRA MAIS UMA!
A oitava rodada da Taça Paulistana Petrobrás tá na área!
#TaçaPaulistanaPetrobras",0,"10/18/2025 05:53",https://www.instagram.com/p/DP84gFUlaaU/,"Imagem do Instagram",,Total,7535,3334,76,13,2,0,0
18122159482452396,17841429857362439,paulistaof,"Paulistão F Petrobras","SÁBADO DE DECISÕES NA @libertadores_fem! 💪
O Corinthians vai em busca do hexacampeonato, enquanto a Ferroviária joga pelo terceiro lugar da competição!
#PaulistasEmCampo",0,"10/18/2025 05:00",https://www.instagram.com/p/DP8tqkdE5fm/,"Imagem do Instagram",,Total,8704,3827,349,5,0,8,3
18076080326035776,17841429857362439,paulistaof,"Paulistão F Petrobras","EM BUSCA DO HEXA!
É o jogo da vida e as Brabas não estão para brincadeira!  É dia de final da @libertadores_fem!
#ElasEmCampo",0,"10/17/2025 20:05",https://www.instagram.com/p/DP7wG9_DYta/,"Imagem do Instagram",,Total,7295,3240,329,9,0,4,4
18081718754478751,17841400074692954,paulistao,Paulistão,"SALVA DE PALMAS PARA AS GUERREIRAS! 👏🩷
Que atitude do goleiro do Verdão para exaltar as mulheres participantes da campanha do Outubro Rosa!
#PaulistasEmCampo #OutubroRosa",0,"10/17/2025 13:17",https://www.instagram.com/p/DP7GaIlk1Ko/,"Imagem do Instagram",,Total,94084,37278,2596,24,0,10,22
18072699676981339,17841402368938101,ec.taubate,"EC Taubaté","Marque um gol pela sua saúde! 💙

Nesta sexta-feira (17/10), Taubaté recebe a carreta de mamografia do ""Marque Esse Gol"" pela primeira vez.

A ação da Federação Paulista de Futebol em parceria com a Fundação Laço Rosa, realiza exames gratuitos mediante inscrição no site.

O atendimento na cidade acontece até as 17 horas,  na Avenida do Povo. A ação conta com apoio da Prefeitura de Taubaté e do Burro da Central.

Com o documento em mãos, procure a unidade de saúde mais próxima para acompanhamento.",33,"10/17/2025 11:18",https://www.instagram.com/reel/DP64zhWALX3/,"Reel do Instagram",,Total,9385,6665,150,8,2,3,0
18051969920318345,17841404518850618,saojoseecoficial,"São José Esporte Clube","Outubro é o mês dedicado à conscientização e prevenção ao câncer de mama, e hoje o Estádio Martins Pereira foi palco de uma ação especial! 🏟️🎀

Recebemos a carreta da campanha “Marque Esse Gol”, uma iniciativa da FPF e da Fundação Laço Rosa, que ofereceu exames de mamografia gratuitos para a população.

Ao todo, mais de 80 mulheres foram atendidas e puderam realizar o exame de forma preventiva. 

Previna-se! O cuidado salva vidas. 💕",82,"10/16/2025 14:36",https://www.instagram.com/reel/DP4qjg9iYSC/,"Reel do Instagram",,Total,9898,7784,162,4,0,8,0
18077031077150226,17841429857362439,paulistaof,"Paulistão F Petrobras","BASE 🤝 PROFISSIONAL!
Não faltou emoção pro torcedor do @corinthiansfutebolfeminino, hein? 
#ElasEmCampo",0,"10/16/2025 11:33",https://www.instagram.com/p/DP4V1gAj54m/,"Imagem do Instagram",,Total,30112,16800,1577,21,20,9,17
18099837562594947,17841429857362439,paulistaof,"Paulistão F Petrobras","PRÓXIMO DESTINO!
A Avenida do Povo, em frente ao Estádio Joaquim de Morais Filho, vai receber a campanha ""Marque Esse Gol"", uma iniciativa da FPF com a Fundação Laço Rosa e a Marque Esse Gol que leva carretas de mamografia para diversos pontos do Estado. Acesse: www.marqueessegol.com.br e faça sua inscrição gratuitamente!
#FPF #MarqueEsseGol #OutubroRosa",0,"10/16/2025 11:00",https://www.instagram.com/p/DP4NILxDSX6/,"Imagem do Instagram",,Total,35135,6942,92,3,0,0,2
18054398171557024,17841429857362439,paulistaof,"Paulistão F Petrobras","BRASIL ⚔ COLÔMBIA!
Foi assim na Copa América e vai ser assim na @LibertadoresFEM. 
#ElasEmCampo #AGlóriaÉDelas",0,"10/15/2025 19:08",https://www.instagram.com/p/DP2lBpGDtyj/,"Imagem do Instagram",,Total,10099,3159,571,3,2,10,7
18105931690593433,17841429857362439,paulistaof,"Paulistão F Petrobras","FOI COM EMOÇÃO!
Nos pênaltis, o Timão chega na terceira final consecutiva da @LibertadoresFEM.
#ElasEmCampo #AGlóriaÉDelas 
📷 Divulgação/Conmebol",0,"10/15/2025 18:35",https://www.instagram.com/p/DP2fixejesN/,"Imagem do Instagram",,Total,6849,2696,394,4,0,1,6
18027805961723312,17841429857362439,paulistaof,"Paulistão F Petrobras","MAIS UMA FINAL!
AS BRABAS CHEGAM NA DECISÃO DA @libertadoresfem.
#ElasEmCampo #AGlóriaÉDelas",0,"10/15/2025 18:08",https://www.instagram.com/p/DP2eMuEk7hY/,"Imagem do Instagram",,Total,29264,18086,1343,111,2,31,12
17882567079401552,17841400074692954,paulistao,Paulistão,"QUE EMOÇÃO 🥹🩷
As participantes da Campanha “Marque Esse Gol” não seguraram a emoção de estar em campo no Allianz Parque na noite desta quarta-feira. 
#OutubroRosa",22,"10/15/2025 17:26",https://www.instagram.com/reel/DP2ZWKvjEp7/,"Reel do Instagram",,Total,452691,342472,7009,974,38,220,109
18060141350163425,17841429857362439,paulistaof,"Paulistão F Petrobras","SÓ JOGÃO!
Teremos dois clássicos nas semifinais do Paulista Feminino Sub-20 @petrobras. Para quem vai a sua torcida?
#PaulistaFemininoSub20Petrobras",0,"10/15/2025 15:35",https://www.instagram.com/p/DP2K8hfjA94/,"Imagem do Instagram",,Total,26126,12541,402,54,2,10,5
18107982964607591,17841429857362439,paulistaof,"Paulistão F Petrobras","FIM DAS QUARTAS!
Assim terminaram os jogos do Paulista Feminino Sub-20 @petrobras.
#PaulistaFemininoSub20Petrobras",0,"10/15/2025 15:16",https://www.instagram.com/p/DP2KhZggFvR/,"Imagem do Instagram",,Total,20557,11391,293,12,1,2,6
18182504104346438,17841400074692954,paulistao,Paulistão,"ALÔ, SÃO JOSÉ!
No dia 16 de outubro, o estádio Martins Pereira vai receber a campanha ""Marque Esse Gol"", uma iniciativa da FPF com a Fundação Laço Rosa e a Marque Esse Gol. A campanha leva carretas de mamografia para diversos pontos do Estado. Acesse: www.marqueessegol.com.br e faça sua inscrição!
#FPF #MarqueEsseGol #OutubroRosa",0,"10/15/2025 09:00",https://www.instagram.com/p/DP1aoHQj-ry/,"Imagem do Instagram",,Total,59498,14050,132,12,1,0,1
18059264333434939,17841429857362439,paulistaof,"Paulistão F Petrobras","CLÁSSICO DECISIVO NA @libertadores_fem! ⚔️🔥
Brabas e Guerreiras Grenás duelam pela vaga na grande final da Libertadores! Quem avança: Corinthians ou Ferroviária?
#ElasEmCampo",0,"10/15/2025 06:00",https://www.instagram.com/p/DP1GCUtj1KP/,"Imagem do Instagram",,Total,14695,6589,636,14,3,14,4
18361610461088828,17841429857362439,paulistaof,"Paulistão F Petrobras","ATENÇÃO, ALUNOS!
A aula de hoje é sobre o Maior Estadual do Brasil! Abram seus livros na página do ""Paulistão Feminino Sicredi"" 😉
#PaulistãoFemininoSicredi #DiaDosProfessores",0,"10/15/2025 05:00",https://www.instagram.com/p/DP0_W17jInG/,"Imagem do Instagram",,Total,6981,2670,98,3,0,1,1
18107034496606856,17841429857362439,paulistaof,"Paulistão F Petrobras","HORA DE DEFINIR OS SEMIFINALISTAS!
Os jogos de volta das quartas de final do Paulista Feminino Sub-20 Petrobras vão rolar nesta quarta-feira! Quem avança para a próxima fase?
#PaulistaFemininoSub20Petrobras",0,"10/15/2025 05:00",https://www.instagram.com/p/DP0_VUdDAJ4/,"Imagem do Instagram",,Total,11019,5434,177,18,1,3,3
18135544945494726,17841400074692954,paulistao,Paulistão,"ESTAMOS CHEGANDO, BRAGANÇA PAULISTA!
Chegou a hora da carreta da campanha ""Marque Esse Gol"" passar pelo Posto de Monta. A iniciativa da FPF com a Fundação Laço Rosa e a Marque Esse Gol leva carretas de mamografia para diversos pontos do Estado. Acesse: www.marqueessegol.com.br e faça sua inscrição de forma gratuita!
#FPF #MarqueEsseGol #OutubroRosa",0,"10/14/2025 14:00",https://www.instagram.com/p/DPzYUz0Et5c/,"Imagem do Instagram",,Total,89210,12440,234,18,0,7,1
18368822371157301,17841467312227297,fpfacademia,"FPF Academia","#TREINADORAS 📋
O Edifício Pelé, sede da @fpf_oficial, recebeu nesta terça-feira (14) o início das atividades do Programa de Formação de Treinadoras. A iniciativa, realizada pela @fpfacademia em parceria com a Petrobras, chega a sua 3ª edição, com duração de dois meses entre aulas on-line, imersão, mentoria e vivências práticas 💪

Ao todo, 10 alunas foram selecionadas para participar do programa, que visa capacitar mulheres e aumentar a presença feminina na área técnica do futebol ⚽

.
.
.

📷 Rodrigo Corsi e Diego Soares/Ag. Paulistão

#FPFAcademia #Treinadoras #Capacitação #Formação #Curso #FPF #Futebol #FutebolFeminino #FutebolPaulista #Mulheres #Esporte #Petrobras @govbr @esportegovbr @petrobras",0,"10/14/2025 13:11",https://www.instagram.com/p/DPzXX1nEhhx/,"Carrossel do Instagram",,Total,39991,13198,593,45,8,26,0
18119485798515257,17841406439444749,ecnoroeste,"E.C. Noroeste","Marque esse Gol pela Vida! 💗

Mesmo com a chuva, o resultado foi um sucesso: a carreta da @fpf_oficial realizou mamografias gratuitas em uma ação do Outubro Rosa. ⚽

Nosso agradecimento a todas as mulheres que estiveram presentes e à FPF, por essa iniciativa que leva cuidado, prevenção e esperança por onde passa. 💞

#MarqueEsseGol #outubrorosa #FPF #noroeste #saúdedamulher #vainorusca",20,"10/14/2025 10:45",https://www.instagram.com/reel/DPzGkDPCdW_/,"Reel do Instagram",,Total,28718,19330,183,7,0,6,0
18004163264814533,17841429857362439,paulistaof,"Paulistão F Petrobras","A LENDA DAS SEREIAS! 🧜‍♀️🌟
A Roberta Nina contou um pouco sobre a história da @ketlenwiggers, jogadora histórica do Santos Futebol Clube. Assista ao vídeo completo no YouTube do @paulistao 👀
#KetlenWiggers #SantosFC #FutebolFeminino",30,"10/13/2025 14:52",https://www.instagram.com/reel/DPw-E5DCBOY/,"Reel do Instagram",,Total,4704,3444,67,4,0,2,3
18050247719336053,17841400074692954,paulistao,Paulistão,"SEMANA CHEIA! 🩷
Esses são os estádios que vão receber a carreta campanha ""Marque Esse Gol"" nessa semana! O projeto é uma iniciativa da FPF com a Fundação Laço Rosa e a Marque Esse Gol que leva carretas de mamografia para diversos pontos do Estado. Acesse: www.marqueessegol.com.br e agende seu exame gratuito!
#FPF #MarqueEsseGol #OutubroRosa",0,"10/13/2025 14:13",https://www.instagram.com/p/DPw5qRVDz_u/,"Carrossel do Instagram",,Total,52026,24475,150,3,0,1,1
18082356221000920,17841429857362439,paulistaof,"Paulistão F Petrobras","Fim de jogo. São Paulo é superado pelo Deportivo Cali-COL e se despede da Libertadores Feminina.
#ElasEmCampo
📷Staff Images/Conmebol",0,"10/12/2025 17:59",https://www.instagram.com/p/DPuuxNTDLtO/,"Imagem do Instagram",,Total,13995,6874,406,13,0,40,4
18529583806055187,17841429857362439,paulistaof,"Paulistão F Petrobras","Mais uma rodada da Taça Paulistana Petrobras concluída!
#TaçaPaulistanaPetrobras",0,"10/12/2025 12:53",https://www.instagram.com/p/DPuLyuIjHXw/,"Imagem do Instagram",,Total,7579,2954,96,7,0,0,0
18537784618060244,17841425643342499,mariliaac1942,"Marília Atlético Clube","Hoje, o Estádio Abreuzão marca mais um golaço pela saúde! O projeto ‘Marque Esse Gol’, que completa 10 anos de luta contra o câncer de mama, traz a Carreta do Outubro Rosa a Marília. É o terceiro ano consecutivo da ação na cidade, realizada em uma parceria essencial entre o MAC e a FPF para garantir mamografias gratuitas para as mulheres. Lembre-se: no jogo da vida, quem marca gol é você!",0,"10/12/2025 05:10",https://www.instagram.com/p/DPtWvKajZhh/,"Imagem do Instagram",,Total,24165,5772,203,6,0,1,0
18056055200532596,17841429857362439,paulistaof,"Paulistão F Petrobras","MINI CAMPEÃS!
Neste #DiaDasCrianças, você reconhece essas as atuais campeãs do Paulistão Feminino Sicredi? 
#PaulistãoFemininoSicredi",0,"10/12/2025 05:00",https://www.instagram.com/p/DPtQnCtjzYK/,"Imagem do Instagram",,Total,18744,7632,375,5,0,9,3
17866323066395882,17841429857362439,paulistaof,"Paulistão F Petrobras","EM BUSCA DA CLASSIFICAÇÃO!
AS TRICOLORES SÓ QUEREM A VAGA NA SEMIFINAL DA @LIBERTADORESFEM 🔥
#ElasEmCampo",0,"10/11/2025 20:05",https://www.instagram.com/p/DPsTZDOjHmh/,"Imagem do Instagram",,Total,8931,3907,136,2,0,1,2
18125116135492830,17841429857362439,paulistaof,"Paulistão F Petrobras","DUELO PAULISTA!
Corinthians e Ferroviária vão medir forças por um lugar na grande decisão da Libertadores Feminina!
#ElasEmCampo",8,"10/11/2025 18:49",https://www.instagram.com/reel/DPsPqEugjj9/,"Reel do Instagram",,Total,4086,2811,246,1,1,3,2
18077938802031992,17841429857362439,paulistaof,"Paulistão F Petrobras","GUERREIRAS SEMIFINALISTAS!
Ferroviária vence a garante a vaga na próxima fase!
#ElasEmCampo
📷Rafael Zocco/Ferroviária",0,"10/11/2025 18:45",https://www.instagram.com/p/DPsPOo3lfJU/,"Imagem do Instagram",,Total,7186,3192,210,3,0,9,0
17930087277106238,17841429857362439,paulistaof,"Paulistão F Petrobras","VAGA GRENÁ!
A Ferroviária carimba a passagem para a semifinal da Libertadores Feminina!
#ElasEmCampo",0,"10/11/2025 18:43",https://www.instagram.com/p/DPsPBe5j__0/,"Imagem do Instagram",,Total,7044,2831,119,2,0,5,0
18060408263450299,17841429857362439,paulistaof,"Paulistão F Petrobras","Sabadão de grandes jogos na última rodada da primeira fase do Paulista Feminino Sub-17 Petrobras!
#PaulistaFEmininoSub17Petrobras",0,"10/11/2025 14:09",https://www.instagram.com/p/DPrvptiFCin/,"Imagem do Instagram",,Total,16310,7659,208,32,1,6,1
17999366252828348,17841429857362439,paulistaof,"Paulistão F Petrobras","QUEM SEGURA?
Gabi Zanotti dá show, Corinthians goleia e garante mais uma semifinal de Libertadores Feminina pra conta!
#ElasEmCampo 
📷Staff Images/Conmebol",0,"10/11/2025 13:55",https://www.instagram.com/p/DPruE78DbQD/,"Imagem do Instagram",,Total,7200,3126,390,7,0,9,2
17927533152134566,17841429857362439,paulistaof,"Paulistão F Petrobras","AS BRABAS AVANÇAM!
O Corinthians é semifinalista da Libertadores Feminina!
#ElasEmCampo",0,"10/11/2025 13:53",https://www.instagram.com/p/DPrtz6GlNGG/,"Imagem do Instagram",,Total,5475,1885,326,2,1,15,3
18147997240416979,17841429857362439,paulistaof,"Paulistão F Petrobras","ZANOTTI TÁ VOANDO! ⚽️⚽️⚽️
A camisa 10 do Timão precisou de 45 minutos para balançar as redes do Boca Juniors TRÊS vezes!
#ElasEmCampo
📷Staff Images/Conmebol",0,"10/11/2025 12:52",https://www.instagram.com/p/DPrm3M9lU3r/,"Imagem do Instagram",,Total,6959,2531,278,0,0,2,2
18535063378046955,17841429857362439,paulistaof,"Paulistão F Petrobras","PARA GALERA DE MARÍLIA!
No dia 12 de outubro, o estádio Bento de Abreu Sampaio Vidal vai receber a campanha ""Marque Esse Gol"", uma iniciativa da FPF com a Fundação Laço Rosa e a Marque Esse Gol. Faça a sua inscrição em www.marqueessegol.com.br e agende sua mamografia.",0,"10/11/2025 10:00",https://www.instagram.com/p/DPrOV-DgH4Z/,"Imagem do Instagram",,Total,34876,8090,80,3,0,0,1
18078313808017606,17841429857362439,paulistaof,"Paulistão F Petrobras","QUARTAS DE FINAL NA ÁREA!
Corinthians e Ferroviária buscam suas vagas nas semifinais da @libertadores_fem!
#ElasEmCampo",0,"10/11/2025 06:00",https://www.instagram.com/p/DPqy77Vjz6m/,"Imagem do Instagram",,Total,9159,4487,216,9,0,3,3
18315391444169674,17841429857362439,paulistaof,"Paulistão F Petrobras","ÚLTIMA RODADA!
Como será que a primeira fase do Paulista Feminino Sub-17 @petrobras vai terminar?
#PaulistaFemininoSub17Petrobras",0,"10/11/2025 05:00",https://www.instagram.com/p/DPqr4Jik2qz/,"Imagem do Instagram",,Total,13970,6493,208,28,3,2,1
17922390654034545,17841429857362439,paulistaof,"Paulistão F Petrobras","BORA PARA MAIS UMA RODADA!
Esses são os confrontos da 7ª rodada da Taça Paulistana Petrobras! Assista AO VIVO no YouTube do @paulistao 🥰
#TaçaPaulistanaPetrobras",0,"10/11/2025 04:00",https://www.instagram.com/p/DPqlBl1DUJE/,"Imagem do Instagram",,Total,6546,3094,74,16,2,1,0
18091992274842518,17841429857362439,paulistaof,"Paulistão F Petrobras","VAMOS, GUERREIRAS GRENÁS! 🔥
A Ferroviária entra em campo pelas quartas de final da @libertadores_fem!
#ElasEmCampo",0,"10/10/2025 20:30",https://www.instagram.com/p/DPpxTHWjuCz/,"Imagem do Instagram",,Total,6781,2900,117,3,0,0,0
18511176406067713,17841429857362439,paulistaof,"Paulistão F Petrobras","PARA CIMA DELAS, BRABAS! 💜🦅
O Corinthians vai em busca de mais uma classificação na @libertadores_fem!
#ElasEmCampo",0,"10/10/2025 20:05",https://www.instagram.com/p/DPpucJdgKoK/,"Imagem do Instagram",,Total,8605,3312,436,3,0,5,3
18561755599037145,17841425643342499,mariliaac1942,"Marília Atlético Clube","🩷 O MOMENTO É AGORA!🐯 

No dia 12/10, o projeto Marque Esse Gol estará no Abreuzão oferecendo mamografia gratuita para as mulheres.
A prevenção salva vidas e a sua pode ser uma delas.

🔹 Inscreva-se pelo site: www.marqueessegol.com.br (Link na bio)",0,"10/10/2025 10:53",https://www.instagram.com/p/DPo0cr7ERo2/,"Imagem do Instagram",,Total,20017,4443,38,5,0,0,0
18071687149979215,17841400732605092,guaranifc_oficial,"Guarani Futebol Clube","Ainda dá tempo de fazer a sua mamografia no Brinco de Ouro! 🎀

A Carreta do Amor está disponibilizando exames grátis e você pode agendar pelo www.marqueessegol.com.br.

Ame-se, previna-se e inspire outras mulheres. 💖 

📸 @raphaelsilvestre27/GuaraniFC

#OutubroRosa",0,"10/10/2025 10:37",https://www.instagram.com/p/DPoykMrEVKH/,"Carrossel do Instagram",,Total,98074,17189,625,7,1,7,0
18082359166982388,17841429857362439,paulistaof,"Paulistão F Petrobras","VITÓRIA TRICOLOR!
O @SaoPauloFC_Fem vence mais uma e garante a classificação na @LibertadoresFEM 🤩
#ElasEmCampo
📷 Divulgação/Conmebol",0,"10/09/2025 18:10",https://www.instagram.com/p/DPnAfcxDKwb/,"Imagem do Instagram",,Total,8867,4425,284,6,1,5,1
17909193456246932,17841429857362439,paulistaof,"Paulistão F Petrobras","PRÓXIMA PARADA: QUARTAS!
O Tricolor garantiu vaga e agora enfrenta o Deportivo Cali na @libertadoresfem.
#ElasEmCampo",0,"10/09/2025 17:54",https://www.instagram.com/p/DPm_zwZD2SW/,"Imagem do Instagram",,Total,8642,3739,375,3,4,6,3
18075073817143267,17841400732605092,guaranifc_oficial,"Guarani Futebol Clube","Carreta do Amor no Brinco! 🩷

O Brinco de Ouro recebe a Carreta do Amor, nesta sexta-feira (10), numa importante ação do Outubro Rosa em parceria com a Federação Paulista de Futebol.

👉 Faça sua inscrição pelo www.marqueessegol.com.br e agende a sua mamografia! 

Lembre-se: cuidar de si é um ato de amor! 🎀

#OutubroRosa",0,"10/09/2025 15:55",https://www.instagram.com/p/DPmyLHZEXl7/,"Imagem do Instagram",,Total,77753,16949,309,22,0,2,0
17986836032912172,17841429857362439,paulistaof,"Paulistão F Petrobras","A CRAQUE DA 7ª RODADA!
Greicy foi eleita o destaque da 7ª rodada do Paulistão Feminino Sicredi!
#PaulistãoFemininoSicredi",0,"10/09/2025 14:21",https://www.instagram.com/p/DPmnYOjEzTx/,"Imagem do Instagram",,Total,4527,1777,87,2,0,6,0
18053669744277526,17841429857362439,paulistaof,"Paulistão F Petrobras","A primeira parte já foi. Quem vai ficar com a vaga no Paulista Feminino Sub-20 @petrobras?
#PaulistaFemininoSub20Petrobras",0,"10/09/2025 12:53",https://www.instagram.com/p/DPmdU1GAC1Y/,"Imagem do Instagram",,Total,11282,6516,183,4,2,0,2
18310206850223305,17841429857362439,paulistaof,"Paulistão F Petrobras","SETE CONVOCADAS 💚💛
Corinthians, Palmeiras e São Paulo tiveram sete convocadas para representar a @selecaofemininadefutebol nos amistosos diante da Inglaterra e Itália.
#ElasEmCampo",0,"10/09/2025 12:30",https://www.instagram.com/p/DPmV74qk4r-/,"Imagem do Instagram",,Total,29613,12085,570,5,3,10,5
17961470171844314,17841429857362439,paulistaof,"Paulistão F Petrobras","DUELOS DEFINIDOS!
Com direito a Choque-Rainha, vem ver quais foram os confrontos sorteados para as semifinais da @copadobrasil_fem! Para quem vai sua torcida?
#ElasEmCampo",0,"10/09/2025 11:22",https://www.instagram.com/p/DPmS2GlE-hl/,"Imagem do Instagram",,Total,10040,4588,326,17,0,2,3
17958768425989776,17841429857362439,paulistaof,"Paulistão F Petrobras","ALÔ, CAMPINAS!
No dia 10 de outubro, o Brinco de Ouro vai receber a campanha ""Marque Esse Gol"", uma iniciativa da FPF com a Fundação Laço Rosa e a Marque Esse Gol. Faça a sua inscrição em www.marqueessegol.com.br e agende sua mamografia.
#OutubroRosa #MarqueEsseGol #FPF",0,"10/09/2025 07:00",https://www.instagram.com/p/DPlwN3sje08/,"Imagem do Instagram",,Total,85735,22264,315,29,2,6,2
18062177993109425,17841429857362439,paulistaof,"Paulistão F Petrobras","EM BUSCA DA CLASSIFICAÇÃO!
O Tricolor joga por uma vaga nas quartas de final da @libertadores_fem!
#ElasEmCampo",0,"10/09/2025 06:00",https://www.instagram.com/p/DPlpQ1mDLQQ/,"Imagem do Instagram",,Total,6614,2768,179,3,0,3,2
18055473992238997,17841429857362439,paulistaof,"Paulistão F Petrobras","Um empate, uma vitória e dois paulistas classificados para as quartas de final da Libertadores Feminina!
#ElasEmCampo",0,"10/08/2025 18:04",https://www.instagram.com/p/DPkcLoTDbHM/,"Imagem do Instagram",,Total,5189,2149,116,2,0,7,5
18403835680185179,17841429857362439,paulistaof,"Paulistão F Petrobras","PRA CIMA, GUERREIRAS!
Vai ter Ferroviária e Independiente Dragonas-EQU duelando por um lugar na semifinal da Libertadores Feminina!
#ElasEmCampo",0,"10/08/2025 18:01",https://www.instagram.com/p/DPkb0LXDMFY/,"Imagem do Instagram",,Total,9076,3654,153,10,0,0,1
18041042159680843,17841429857362439,paulistaof,"Paulistão F Petrobras","🇧🇷BRASIL⚔️ARGENTINA🇦🇷!
O Boca Juniors será o adversário do Timão nas quartas de final da Libertadores Feminina!
#ElasEmCampo",0,"10/08/2025 17:59",https://www.instagram.com/p/DPkbldCD_0C/,"Imagem do Instagram",,Total,8314,3684,798,5,3,13,8
18411184759113495,17841429857362439,paulistaof,"Paulistão F Petrobras","VITÓRIA ALVINEGRA!
Corinthians supera o Santa Fé-COL e garante a vaga nas quartas de final da Libertadores Feminina!
#ElasEmCampo
📷Staff Images/Conmebol",0,"10/08/2025 17:57",https://www.instagram.com/p/DPkbbG-FTBD/,"Imagem do Instagram",,Total,6387,2563,365,5,2,20,3
18309808726219259,17841426429471156,fpf_oficial,"Federação Paulista de Futebol","BONDE PAULISTA!
Daiane Muniz, Neuza Back, Edina Alves e Fabrini Bevilaqua estão escaladas para comandar a arbitragem em dois jogos da @libertadoresfem.
#Arbitragem",0,"10/08/2025 15:19",https://www.instagram.com/p/DPkJUhxiSmr/,"Carrossel do Instagram",,Total,21317,7221,358,1,2,6,1
18054657563264813,17841429857362439,paulistaof,"Paulistão F Petrobras","ZERADOS!
Já garantida na próxima fase, a Ferroviária ficou em um empate sem gols contra o Boca Juniors.
#ElasEmCampo
📷Staff Images/Conmebol",0,"10/08/2025 13:59",https://www.instagram.com/p/DPkAGx7EURk/,"Imagem do Instagram",,Total,4943,1779,73,1,0,0,0
18107150587580450,17841426429471156,fpf_oficial,"Federação Paulista de Futebol","ESTAMOS CHEGANDO, CAMPINAS! 🗣️
A carreta da campanha ""Marque Esse Gol"", uma iniciativa da FPF com a Fundação Laço Rosa e a Marque Esse Gol, vai estar no Moisés Lucarelli na próxima quinta-feira (9)! Acesse www.marqueessegol.com.br e agende sua mamografia gratuitamente.
#OutubroRosa #MarqueEsseGol #FPF",0,"10/08/2025 13:50",https://www.instagram.com/p/DPj-_pzk1V_/,"Imagem do Instagram",,Total,25954,7329,101,4,1,2,1
17911051467235049,17841429857362439,paulistaof,"Paulistão F Petrobras","VOTAÇÃO ABERTA NO X DO @paulistaofeminino!
Recapitulando... Quem foi a craque da 7ª rodada do Paulistão Feminino Sicredi? 
#PaulistãoFemininoSicredi #CraqueDaRodada #Betano",0,"10/08/2025 13:19",https://www.instagram.com/p/DPj7fbXEyyM/,"Imagem do Instagram",,Total,8808,4017,96,4,0,8,1
17873880237427186,17841429857362439,paulistaof,"Paulistão F Petrobras","PRIMEIRO PASSO!
Quem vai sair na frente das quartas de final do #PaulistaFemininoSub20Petrobras?",0,"10/08/2025 06:00",https://www.instagram.com/p/DPjEdppjVDu/,"Imagem do Instagram",,Total,7793,3072,168,11,0,2,1
17960918561847607,17841429857362439,paulistaof,"Paulistão F Petrobras","DOSE DUPLA NA @libertadores_fem!
A Ferroviária já classificada quer garantir a primeira posição, enquanto as Brabas enfrentam o Santa Fe em busca da vaga nas quartas de final!
#ElasEmCampo",0,"10/08/2025 06:00",https://www.instagram.com/p/DPjEc18ASgi/,"Imagem do Instagram",,Total,8851,4203,239,11,3,4,5
17906773986250670,17841400074692954,paulistao,Paulistão,"Nessa terça-feira (7), aconteceu o lançamento e o sorteio da Copinha Feminina Sicredi, que vai rolar entre os dias 3 e 20 de dezembro. Vem ver um pouco de como foi o evento! 
#CopinhaFemininaSicredi
📷 Jhony Inácio/Ag. Paulistão",0,"10/07/2025 18:18",https://www.instagram.com/p/DPh48fsDAbx/,"Carrossel do Instagram",,Total,196551,44927,1682,82,8,8,7
18089945846498232,17841400074692954,paulistao,Paulistão,"FALA, KIN! 🗣️
A Diretora Executiva de Futebol Feminino da FPF, Kin Saito, falou sobre a expectativa para a Copinha Feminina Sicredi de 2025 🤩
#CopinhaFemininaSicredi",44,"10/07/2025 17:47",https://www.instagram.com/reel/DPh1AUvDMSq/,"Reel do Instagram",,Total,74245,57003,630,30,6,28,9
18090260911835628,17841400074692954,paulistao,Paulistão,"GRUPOS DEFINIDOS! ✨
A Copinha Feminina Sicredi vem aí! Confira a divisão dos grupos definida por sorteio para a competição desse ano.
#CopinhaFemininaSicredi",0,"10/07/2025 17:16",https://www.instagram.com/p/DPhx7PFjKFT/,"Carrossel do Instagram",,Total,939669,169321,3854,883,61,61,107
18541860778032479,17841400074692954,paulistao,Paulistão,"QUAL TIME VAI PLANTAR MAIS ÁRVORES? ⚽️🟰🌳
Cada grupo da Copinha Feminina Sicredi será batizado com uma árvore da Mata Atlântica e a cada gol marcado, uma muda de árvore será plantada! Em uma parceria da FPF com a Prefeitura de São Paulo, essa edição da competição busca reforçar a consciência sobre o futuro do planeta. 
#CopinhaFemininaSicredi #Sorteio",0,"10/07/2025 16:53",https://www.instagram.com/p/DPhvTYrDASI/,"Imagem do Instagram",,Total,159684,48070,1255,78,3,26,21
17998409522827703,17841400074692954,paulistao,Paulistão,"OS ENDEREÇOS DA PRIMEIRA SEMANA!
Se você mora em Santos ou Campinas, fique ligada que a carreta do Marque Esse Gol vai passar pela sua cidade! Agende sua mamografia gratuita pelo site www.marqueessegol.com.br!
#FPF #MarqueEsseGol #OutubroRosa",0,"10/07/2025 14:00",https://www.instagram.com/p/DPhWuJXDcJ7/,"Carrossel do Instagram",,Total,41072,9921,294,9,0,0,3
17930298972105293,17841426196827383,copinha,Copinha,"VEM CONHECER OS PARTICIPANTES! 
Chegou a hora de conhecer as 20 equipes participantes da Copinha Feminina Sicredi 2025.
#CopinhaFemininaSicredi2025",0,"10/07/2025 13:48",https://www.instagram.com/p/DPhaISmEbtC/,"Carrossel do Instagram",,Total,165201,41449,2063,169,48,28,26
18083644501915729,17841429857362439,paulistaof,"Paulistão F Petrobras","DE OLHO NA PRÓXIMA FASE! 👀
Chegamos na 9ª rodada do Paulista Feminino Sub-20 Petrobras! Se liga nas datas e horários dos confrontos dessa semana 😉
#PaulistaFemininoSub20Petrobras",0,"09/24/2025 05:00",https://www.instagram.com/p/DO-6mFmj4Mo/,"Imagem do Instagram",,Total,9554,4513,171,9,3,0,2
18054697994259625,17841400074692954,paulistao,Paulistão,"AVISA QUE O BONDE CHEGOU!
Nossas atletas da Copinha Feminina Sicredi 2025, senhoras e senhores 🤩
#CopinhaFemininaSicredi
📷 Rodrigo Corsi/Ag. Paulistão",0,"10/07/2025 12:34",https://www.instagram.com/p/DPhRgfEj5tB/,"Carrossel do Instagram",,Total,336354,94678,4843,251,46,53,35
17988617540722603,17841429857362439,paulistaof,"Paulistão F Petrobras","A CRAQUE DA 10ª RODADA! 👏🌟
A @bcarolina96 marcou duas vezes no Superclássico Sicredi e vocês escolheram a meio-campista do Palmeiras como a Craque da Rodada!
#CraqueDaRodada #Betano",0,"10/07/2025 11:58",https://www.instagram.com/p/DPhNaKaEyel/,"Imagem do Instagram",,Total,7185,3140,158,7,1,4,1
18194370763321397,17841400074692954,paulistao,Paulistão,"SAIBA COMO PARTICIPAR!
Inscreva-se no site www.marqueessegol.com.br e participe da campanha ""Marque Esse Gol"", uma iniciativa da FPF com a Fundação Laço Rosa e a Marque Esse Gol, que leva carretas de mamografia para diversos pontos do Estado!
#FPF #MarqueEsseGol #OutubroRosa",0,"10/07/2025 08:00",https://www.instagram.com/p/DPgtcYDAIZE/,"Imagem do Instagram",,Total,77149,38336,172,111,7,33,7
17881828908393535,17841426196827383,copinha,Copinha,"HOJE É DIA DE LANÇAMENTO!
Com apresentação da @barbarapcoelho, vai rolar o Lançamento da Copinha Feminina Sicredi 2025. E você pode acompanhar tudo diretamente do YouTube do Paulistão, a partir das 19h. 
#CopinhaFemininaSicredi",0,"10/07/2025 07:35",https://www.instagram.com/p/DPgvWDYDVes/,"Imagem do Instagram",,Total,119766,33012,526,49,18,6,11
18066189416057729,17841429857362439,paulistaof,"Paulistão F Petrobras","O São Paulo sofre revés na segunda partida na @LibertadoresFEM.
#ElasEmCampo 
📷 Divulgação/Conmebol",0,"10/06/2025 18:05",https://www.instagram.com/p/DPfSqM8EwH7/,"Imagem do Instagram",,Total,13278,7878,220,3,0,24,8
18222277630305660,17841400074692954,paulistao,Paulistão,"O RECADO ESTÁ DADO!
O caminhão da Campanha ""Marque Esse Gol"" estará na Vila Belmiro nos dias 7 e 8 de outubro, oferecendo exames de mamografia gratuitos. 
Acesse www.marqueessegol.com.br e agende seu exame.
#OutubroRosa #MarqueEsseGol #FPF",17,"10/06/2025 13:42",https://www.instagram.com/reel/DPe0j2jCuSs/,"Reel do Instagram",,Total,37189,26025,893,8,1,4,3
18358616323092653,17841400074692954,paulistao,Paulistão,"PRIMEIRA PARADA: SANTOS
O pontapé inicial da campanha ""Marque Esse Gol"", uma iniciativa da FPF com a Fundação Laço Rosa e a Marque Esse Gol, será na Vila Belmiro, nos dias 7 e 8 de outubro. Acesse www.marqueessegol.com.br e agende sua mamografia.
#OutubroRosa #MarqueEsseGol #FPF",0,"10/06/2025 10:57",https://www.instagram.com/p/DPehqBBjxVz/,"Imagem do Instagram",,Total,32121,10507,197,31,1,7,4
18081501283988792,17841429857362439,paulistaof,"Paulistão F Petrobras","VAMOS, SÃO PAULO! 🇾🇪🤝
Se liga onde acompanhar o próximo compromisso Tricolor na @libertadoresfem!
#ElasEmCampo",0,"10/06/2025 06:00",https://www.instagram.com/p/DPd6477lIWd/,"Imagem do Instagram",,Total,6855,3036,142,18,0,1,3
18069188342464062,17841429857362439,paulistaof,"Paulistão F Petrobras","TAÇA EM ARARAQUARA!
Há 12 anos, as Guerreiras Grenás superavam o São José e o título do Paulistão Feminino Sicredi de 2013 ficava na Morada do Sol.
#BaúDoPaulistãoFeminino",0,"10/06/2025 04:00",https://www.instagram.com/p/DPdtTxylKTI/,"Imagem do Instagram",,Total,7317,2811,115,1,0,2,2
18379141207180488,17841429857362439,paulistaof,"Paulistão F Petrobras","O TETRA DAS SEREIAS 🧜‍♀️🏆
Em 2018, o Santos vencia o Corinthians no agregado e conquistava a quarta taça da história, se tornando uma das equipes mais vencedoras do Paulistão Feminino Sicredi.
#BaúDoPaulistãoFeminino",0,"10/06/2025 03:00",https://www.instagram.com/p/DPdmVOlEdZM/,"Imagem do Instagram",,Total,23860,11135,665,9,1,9,15
18482728417076561,17841429857362439,paulistaof,"Paulistão F Petrobras","Um domingo 100% paulista na Libertadores Feminina!
#ElasEmCampo",0,"10/05/2025 18:04",https://www.instagram.com/p/DPctzEnkWiI/,"Imagem do Instagram",,Total,6153,2609,144,3,0,15,3
18065304335366105,17841429857362439,paulistaof,"Paulistão F Petrobras","VAI, FERROVIÁRIA!
Guerreiras Grenás vencem e carimbam a passagem para as quartas de final da Libertadores Feminina!
#ElasEmCampo
📷Staff Images/Conmebol",0,"10/05/2025 18:00",https://www.instagram.com/p/DPctXmNDneQ/,"Imagem do Instagram",,Total,7916,3815,171,4,3,3,3
18070993951977117,17841429857362439,paulistaof,"Paulistão F Petrobras","✋🤚☝️!
Não, você não leu errado! O Corinthians não tomou conhecimento do Always Ready, da Bolívia, e aplicou uma golada histórica na Libertadores Feminina!
#ElasEmCampo
📷Staff Images/Conmebol",0,"10/05/2025 14:02",https://www.instagram.com/p/DPcSDH0D7Cs/,"Imagem do Instagram",,Total,7777,3493,511,26,3,16,5
17889732555221174,17841429857362439,paulistaof,"Paulistão F Petrobras","Mais uma rodada concluída na Taça Paulistana Petrobras!
#TaçaPaulistanaPetrobras",0,"10/05/2025 13:27",https://www.instagram.com/p/DPcOCj8lQaZ/,"Imagem do Instagram",,Total,6729,3221,64,11,0,1,0
18310090138301456,17841429857362439,paulistaof,"Paulistão F Petrobras","DUPLA PAULISTA EM CAMPO! ✌️🌟
As Brabas e as Guerreiras Grenás vão para mais um desafio na @libertadoresfem. Vamooooos!
#ElasEmCampo",0,"10/05/2025 06:00",https://www.instagram.com/p/DPbWGFkgKEC/,"Imagem do Instagram",,Total,8104,3527,220,8,1,4,2
17971359578794165,17841429857362439,paulistaof,"Paulistão F Petrobras","A sexta rodada do Paulista Feminino Sub-17 Petrobras está finalizada! Vamos ao resultados.
#PaulistaFemininoSub17Petrobras",0,"10/04/2025 13:03",https://www.instagram.com/p/DPZmlbulJSa/,"Imagem do Instagram",,Total,29080,13226,390,70,2,1,4
18022598069570322,17841429857362439,paulistaof,"Paulistão F Petrobras","BORA PARA MAIS UMA!
A bola vai rolar para a 6ª rodada da Taça Paulistana @petrobras. Vem ver os confrontos que vão ser transmitidos AO VIVO pelo YouTube do @paulistao!
#TaçaPaulistanaPetrobras",0,"10/04/2025 05:00",https://www.instagram.com/p/DPYqO4zk96h/,"Imagem do Instagram",,Total,6628,2971,55,14,0,0,0
18076044325889975,17841429857362439,paulistaof,"Paulistão F Petrobras","A PENÚLTIMA CHEGOU!
A primeira fase do Paulista Feminino Sub-17 @petrobras está chegando ao fim. Bora conferir os jogos da sexta rodada.
#PaulistaFemininoSub17Petrobras",0,"10/04/2025 03:00",https://www.instagram.com/p/DPYciGck1CV/,"Imagem do Instagram",,Total,15962,6958,254,26,1,0,2
18102510256619403,17841429857362439,paulistaof,"Paulistão F Petrobras","COM O PÉ DIREITO!
O São Paulo estreia com vitória na Libertadores Feminina!
#ElasEmCampo
📷Staff Images/Conmebol",0,"10/03/2025 18:08",https://www.instagram.com/p/DPXknvuDCML/,"Imagem do Instagram",,Total,8690,3589,336,6,1,8,1
18013187486617266,17841429857362439,paulistaof,"Paulistão F Petrobras","FAZ TEU NOME, @millenefernandes_! 
A camisa 9 do @saopaulofc_fem marcou o primeiro do da história do Tricolor na @libertadoresfem! 
#ElasEmCampo 
🎥@libertadoresfem",21,"10/03/2025 17:05",https://www.instagram.com/reel/DPXdXDfDmLl/,"Reel do Instagram",,Total,11456,7276,532,6,1,5,3
17877865653409742,17841400074692954,paulistao,Paulistão,"VEM COM A GENTE!
Bora conferir todas as paradas da campanha ""Marque Esse Gol"", uma iniciativa da FPF com a Fundação Laço Rosa e a Marque Esse Gol, que leva carretas de mamografia para diversos pontos do Estado.
#FPF #OutubroRosa",0,"10/03/2025 15:00",https://www.instagram.com/p/DPXKaVHCZsd/,"Carrossel do Instagram",,Total,64832,18250,436,121,1,27,17
17957982807002791,17841429857362439,paulistaof,"Paulistão F Petrobras","VAMOS, SÃO PAULO! 🇾🇪❤️‍🔥
Hoje tem a estreia das Tricolores na @libertadoresfem contra o San Lorenzo!
#ElasEmCampo",0,"10/03/2025 06:00",https://www.instagram.com/p/DPWMboBDnFL/,"Imagem do Instagram",,Total,6303,2392,155,6,0,4,1
17895287016336587,17841429857362439,paulistaof,"Paulistão F Petrobras","A quinta-feira terminou assim na estreia do Futebol Paulista na @LibertadoresFEM!
#ElasEmCampo",0,"10/02/2025 18:13",https://www.instagram.com/p/DPVAU6fjgCi/,"Imagem do Instagram",,Total,6339,2568,74,14,0,0,2
18106361050588694,17841429857362439,paulistaof,"Paulistão F Petrobras","ESTREIA COM O PÉ DIREITO!
Ferroviária marca no fim e começa a @libertadoresfem com tudo!
#ElasEmCampo 
📷Staff Images/CONMEBOL",0,"10/02/2025 18:09",https://www.instagram.com/p/DPU_4etjoaJ/,"Imagem do Instagram",,Total,6157,2304,116,4,0,4,0
18428256979098628,17841429857362439,paulistaof,"Paulistão F Petrobras","TEM NOVIDADE NO G4!
CHEGOU A HORA DA CLASSIFICAÇÃO DO PAULISTÃO FEMININO SICREDI!
#PaulistãoFemininoSicredi",0,"10/02/2025 16:10",https://www.instagram.com/p/DPUuVIRj57b/,"Imagem do Instagram",,Total,103215,53810,1679,58,15,7,14
17910693315210763,17841429857362439,paulistaof,"Paulistão F Petrobras","VITÓRIA DAS BRAGANTINAS!
Red Bull Bragantino vence na Vila Belmiro e entra no G4 do Paulistão Feminino Sicredi!
#PaulistãoFemininoSicredi
📷Fernanda Luz/Ag. Paulistão",0,"10/02/2025 15:06",https://www.instagram.com/p/DPUrFX-DHoA/,"Carrossel do Instagram",,Total,9963,3720,156,12,1,7,3
18188383927334373,17841429857362439,paulistaof,"Paulistão F Petrobras","O PRIMEIRO PONTO!
Tudo igual na estreia das Brabas na @libertadoresfem.
📷Staff Images/Conmebol",0,"10/02/2025 14:02",https://www.instagram.com/p/DPUjs3ogBgS/,"Imagem do Instagram",,Total,5920,1967,153,1,0,14,0
18157369510384509,17841429857362439,paulistaof,"Paulistão F Petrobras","INTERVALO DE JOGO E AS BRAGANTINAS ESTÃO NA FRENTE DO PLACAR!
#PaulistãoFemininoSicredi
📷Fernanda Luz/Ag. Paulistão",0,"10/02/2025 13:54",https://www.instagram.com/p/DPUiyKmktZe/,"Imagem do Instagram",,Total,5220,1711,74,0,1,0,1
18043361330408862,17841429857362439,paulistaof,"Paulistão F Petrobras","ANOTA NA AGENDA!
As datas e horários dos confrontos das quartas de final do Paulista Feminino Sub-20 @petrobras foram definidos. Quem vai classificar?
#PaulistaFemininoSub20Petrobras",0,"10/02/2025 13:15",https://www.instagram.com/p/DPUeVpSE1yS/,"Carrossel do Instagram",,Total,15874,5884,300,27,0,2,7
18064069562580571,17841429857362439,paulistaof,"Paulistão F Petrobras","MARCA HISTÓRICA!
Antes da bola rolar entre Santos e Red Bull Bragantino, Thaisinha foi homenageada pela marca de 200 jogos com a camisa das Sereias da Vila!
#PaulistãoFemininoSicredi
📷Fernanda Luz/Ag. Paulistão",0,"10/02/2025 12:50",https://www.instagram.com/p/DPUbeyuE_wb/,"Carrossel do Instagram",,Total,8412,2258,223,2,0,1,0
18087673534721498,17841429857362439,paulistaof,"Paulistão F Petrobras","TUDO PRONTO!
Hoje é dia de jogão no Paulistão Feminino Sicredi!
#PaulistãoFemininoSicredi
📷Fernanda Luz/Ag. Paulistão",0,"10/02/2025 12:26",https://www.instagram.com/p/DPUYtMyEwYf/,"Imagem do Instagram",,Total,4209,1347,65,0,0,1,0
17923152153118597,17841429857362439,paulistaof,"Paulistão F Petrobras","DIA DE ESTREIA!
As Brabas e as Guerreiras Grenás entram em campo em busca do título da @libertadoresfem.
#ElasEmCampo",0,"10/02/2025 07:00",https://www.instagram.com/p/DPTuiIeFX97/,"Imagem do Instagram",,Total,6505,2645,168,10,0,1,5
17923560987118924,17841429857362439,paulistaof,"Paulistão F Petrobras","PARA ACABAR A SÉTIMA RODADA!
Santos e Red Bull Bragantino entram em campo em partida válida pela sétima rodada do #PaulistãoFemininoSicredi",0,"10/02/2025 06:00",https://www.instagram.com/p/DPTnts_jva6/,"Imagem do Instagram",,Total,7473,3630,124,7,0,2,2
18102227140722681,17841429857362439,paulistaof,"Paulistão F Petrobras","AGORA É MATA-MATA 🔥
Bora conferir os confrontos das quartas de final do Paulista Feminino Sub-20 @petrobras.
#PaulistaFemininoSub20Petrobras",0,"10/01/2025 15:24",https://www.instagram.com/p/DPSISetDxfF/,"Imagem do Instagram",,Total,32747,15962,337,97,7,6,6
18069377960247587,17841429857362439,paulistaof,"Paulistão F Petrobras","GUERREIRAS GRENÁS NA HISTÓRIA! 🏆🌟
Na final do Brasileirão Feminino de 2019 entre Corinthians e Ferroviária, o título foi para Araraquara pela segunda vez. Comandadas por Tatiele Silva e com defesas importantes da goleira Luciana, vem relembrar como foi a conquista grená. O vídeo completo está no YouTube do @paulistao. Corre lá para assistir! 
#FutebolFeminino #PaulistãoFemininoSicredi",34,"10/01/2025 15:00",https://www.instagram.com/reel/DPSCQWiFRyL/,"Reel do Instagram",,Total,2689,1897,65,1,0,2,1
18136459609393421,17841429857362439,paulistaof,"Paulistão F Petrobras","FIM DE PAPO!
Assim terminou a primeira fase do #PaulistaFemininoSub20Petrobras",0,"10/01/2025 14:14",https://www.instagram.com/p/DPSAUXnjUaG/,"Imagem do Instagram",,Total,21594,11739,265,23,4,0,3
18078578516019126,17841400074692954,paulistao,Paulistão,"FAÇA SUA INSCRIÇÃO!
Outubro chegou e, com ele, a campanha ""Marque Esse Gol"", uma iniciativa da FPF com a Fundação Laço Rosa e Marque Esse Gol para levar carretas de mamografia em alguns pontos do Estado. Acesse www.marqueessegol.com.br e agende seu exame.
#OutubroRosa #MarqueEsseGol #FPF",0,"10/01/2025 13:22",https://www.instagram.com/p/DPR6SKWj2rz/,"Imagem do Instagram",,Total,38703,12603,361,24,2,4,6
18297485962267221,17841425643342499,mariliaac1942,"Marília Atlético Clube","🎀 OUTUBRO ROSA 🎀

A prevenção é o melhor caminho! 💗

No dia 12 de outubro, o MAC em parceria com a FPF recebe a campanha Marque Esse Gol, que completa 10 anos levando saúde e esperança.

👉 Serão oferecidas mamografias gratuitas para mulheres de todas as idades.

🏟️ Em frente ao Abreuzão.

🔗 Inscrições no site marqueessegol.com.br (link na bio).

#OutubroRosa #MAC #MarqueEsseGol #Prevenção",0,"10/01/2025 11:42",https://www.instagram.com/p/DPRu6APj3DV/,"Carrossel do Instagram",,Total,20376,4219,75,9,1,1,0
18422823070107523,17841429857362439,paulistaof,"Paulistão F Petrobras","ÚLTIMA RODADA!
O Paulista Feminino Sub-20 @petrobras vai pegar fogo nesta quarta-feira 🔥
#PaulistaFemininoSub20Petrobras",0,"10/01/2025 05:00",https://www.instagram.com/p/DPQ8HmTAMYz/,"Imagem do Instagram",,Total,12112,5441,164,25,1,0,6
18068514161263739,17841429857362439,paulistaof,"Paulistão F Petrobras","QUEM FOI A CRAQUE DA 10ª RODADA? 🔥
A votação está aberta no X do @paulistaofeminino! Escolha a jogadora que mais se destacou na rodada 😮‍💨 
#PaulistãoFemininoSicredi",0,"09/30/2025 13:35",https://www.instagram.com/p/DPPXEP7iaij/,"Imagem do Instagram",,Total,11719,4645,199,8,3,23,1
18119099101719739,17841400074692954,paulistao,Paulistão,"ANOTA NA AGENDA! 
Bora conferir o calendário das Carretas de Mamografia, uma iniciativa da Federação Paulista de Futebol com a Fundação Laço Rosa e a Marque Esse Gol.
#FPF #OutubroRosa",0,"09/30/2025 13:10",https://www.instagram.com/p/DPPUKaGDtJy/,"Imagem do Instagram",,Total,278692,76206,3420,107,6,57,35
17931765719979612,17841404518850618,saojoseecoficial,"São José Esporte Clube","INSCRIÇÕES ABERTAS! 🚨

O Outubro Rosa vem aí, e, pelo segundo ano seguido, o São José e a FPF trazem para a nossa cidade a carreta de exames de mamografia, em parceria com o projeto Marque Esse Gol e a Fundação Laço Rosa.

Você conhece alguma mulher que tem pedido médico em mãos e está aguardando para fazer este exame exame? Então compartilhe esse post! 

🔗 Garanta já a sua vaga no site do projeto e cuide da sua saúde!",0,"09/30/2025 04:32",https://www.instagram.com/p/DPOY7E_Dk3S/,"Imagem do Instagram",,Total,48189,11435,241,59,6,5,0
18098299015653284,17841429857362439,paulistaof,"Paulistão F Petrobras","CLASSIFICAÇÃO ATUALIZADA!
Restando apenas quatro rodadas para o fim da primeira fase, é assim que a tabela do Paulistão Feminino Sicredi está!
#PaulistãoFemininoSicredi",0,"09/29/2025 15:29",https://www.instagram.com/p/DPM_QMrDNTT/,"Imagem do Instagram",,Total,17495,7981,611,9,5,8,5
18078465593053409,17841429857362439,paulistaof,"Paulistão F Petrobras","MAIS UMA RODADA!
Confira os resultados da décima rodada do Paulistão Feminino Sicredi! Seu time mandou bem?
#PaulistãoFemininoSicredi",0,"09/29/2025 15:27",https://www.instagram.com/p/DPM_HLkEUNI/,"Imagem do Instagram",,Total,7011,2347,119,2,0,0,0
17859659463507441,17841429857362439,paulistaof,"Paulistão F Petrobras","MELHORES MOMENTOS!
Se liga como foi a vitória do Red Bull Bragantino pra cima do Realidade Jovem, no encerramento da décima rodada do Paulistão Feminino Sicredi!
#PaulistãoFemininoSicredi",86,"09/29/2025 15:27",https://www.instagram.com/reel/DPM-88OlSsS/,"Reel do Instagram",,Total,7342,4578,157,1,1,1,1
17941909827063424,17841429857362439,paulistaof,"Paulistão F Petrobras","VITÓRIA BRAGANTINA!
Coloca mais três pontos na conta do Massa Bruta!
#PaulistãoFemininoSicredi 
📷Anderson Lira/Ag. Paulistão",0,"09/29/2025 14:56",https://www.instagram.com/p/DPM7evHElkL/,"Carrossel do Instagram",,Total,9566,3329,125,12,0,1,0
18529437271056472,17841429857362439,paulistaof,"Paulistão F Petrobras","POR ENQUANTO, NADA DE GOLS!
Intervalo de jogo para Red Bull Bragantino e Realidade Jovem e o placar segue intacto.
#PaulistãoFemininoSicredi 
📷Anderson Lira/Ag. Paulistão",0,"09/29/2025 13:51",https://www.instagram.com/p/DPM0CaXEiqU/,"Imagem do Instagram",,Total,5787,1756,73,1,0,0,0
18079316621073731,17841429857362439,paulistaof,"Paulistão F Petrobras","A PRIMEIRA A GENTE NÃO ESQUECE!
Há 22 anos, o Santos vencia o AJA na partida de volta e conquistava o Paulistão Feminino Sicredi pela primeira vez 🔥
#BaúDoPaulistãoFeminino 
📷 Arquivo/FPF",0,"09/29/2025 13:16",https://www.instagram.com/p/DPMwFkFjxhu/,"Imagem do Instagram",,Total,11224,5236,226,6,0,9,3
18006018134803826,17841429857362439,paulistaof,"Paulistão F Petrobras","AQUECIMENTO FINALIZADO!
Bora pro jogo!
#PaulistãoFemininoSicredi 
📷Anderson Lira/Ag. Paulistão",0,"09/29/2025 12:42",https://www.instagram.com/p/DPMsOE-kocH/,"Carrossel do Instagram",,Total,7641,2704,90,4,0,1,1
18068824595000311,17841429857362439,paulistaof,"Paulistão F Petrobras","VAMOS? VAMOS!
Vem que chegou a hora de fechar a décima rodada do Paulistão Feminino Sicredi! Já já tem Red Bull Bragantino e Realidade Jovem em campo!
#PaulistãoFemininoSicredi
📷Anderson Lira/Ag. Paulistão",0,"09/29/2025 11:56",https://www.instagram.com/p/DPMm32Pkvq2/,"Carrossel do Instagram",,Total,6206,1704,101,1,0,1,0
17927963738996878,17841429857362439,paulistaof,"Paulistão F Petrobras","ÚLTIMO JOGO!
Quem vai levar a melhor no fechamento da rodada do Paulistão Feminino Sicredi?
#PaulistãoFemininoSicredi",0,"09/29/2025 06:00",https://www.instagram.com/p/DPL5V-1DJoK/,"Imagem do Instagram",,Total,9794,4869,108,16,2,1,0
17960867696993804,17841401431572960,uolesporte,"UOL Esporte","DERROTA DURA? 👀

O São Paulo entrou com um time alternativo na derrota contra o Palmeiras, pelo Paulistão Feminino, já pensando na disputa da Libertadores. E o Verdão aproveitou, vencendo por 3 a 0. A

A @biigoes analisou a partida pra gente! E vocês, o que acharam do jogo? 🗣️👇

#UOLEsporte #UOL #SãoPaulo #Palmeiras #FutebolFeminino #PaulistãoFeminino",97,"09/28/2025 19:01",https://www.instagram.com/reel/DPKymphj6kk/,"Reel do Instagram",,Total,51203,36324,1121,14,5,28,0
18139915156442218,17841401431572960,uolesporte,"UOL Esporte","BRENA E AMANDA DECIDIRAM ⚪🟢

A Brena já tinha feito um belo gol de falta no 1º tempo e deixou mais um contra o São Paulo. Amanda Gutierres, camisa 9 do Palmeiras, fechou a conta. 

3 a 0 e a 6ª vitória seguida do Verdão! E, claro, que a @vivifalconioficial deu SHOW na narração desse clássico pelo Paulistão Feminino.

🎥 Canal UOL

#UOLEsporte #UOL #PaulistãoFemininoNoUOL #PaulistãoFeminino #Futebol
#UOLEsporte #UOL",122,"09/28/2025 17:35",https://www.instagram.com/reel/DPKo1niAaaZ/,"Reel do Instagram",,Total,22098,18417,341,1,1,7,0
17844171693582818,17841429857362439,paulistaof,"Paulistão F Petrobras","100% ATUALIZADA!
Encerrados os jogos do fim de semana, foi assim que ficou a classificação do Paulista Feminino Sicredi! Mas a rodada ainda não acabou, tá? Nesta segunda-feira ainda tem Red Bull Bragantino e Realidade Jovem!
#PaulistãoFemininoSicredi",0,"09/28/2025 16:02",https://www.instagram.com/p/DPKeORKDKBR/,"Imagem do Instagram",,Total,28778,16638,535,7,4,15,3
17982248423748857,17841429857362439,paulistaof,"Paulistão F Petrobras","SÓ DEU OS VISITANTES!
Nos dois #SuperclássicosSicredi deste domingo, os times de fora levaram a melhor e garantiram as vitórias!
#PaulistãoFemininoSicredi",0,"09/28/2025 16:00",https://www.instagram.com/p/DPKeBBxDPpE/,"Imagem do Instagram",,Total,7766,2757,152,0,0,2,1
18086544877910853,17841429857362439,paulistaof,"Paulistão F Petrobras","As autoras dos gols alviverdes em mais um #SuperclássicoSicredi! 🤝🏆
#PaulistãoFemininoSicredi",0,"09/28/2025 15:40",https://www.instagram.com/p/DPKbwKdj-PW/,"Imagem do Instagram",,Total,36949,9211,950,8,2,9,5
17944933430923499,17841429857362439,paulistaof,"Paulistão F Petrobras","O SUPERCLÁSSICO SICREDI É ALVIVERDE!
#PaulistasEmCampo",0,"09/28/2025 15:33",https://www.instagram.com/p/DPKa5nvDHY0/,"Imagem do Instagram",,Total,7371,2937,187,9,0,9,1
18058761551575302,17841429857362439,paulistaof,"Paulistão F Petrobras","VERDÃO NA CABEÇA!
Com dois de Brena e um de Amanda Gutierres, Palmeiras leva a melhor no Choque-Rainha e fica com a vitória no #SuperclássicoSicredi!
#PaulistãoFemininoSicredi 
📷Jhony Inácio /Ag. Paulistão",0,"09/28/2025 15:31",https://www.instagram.com/p/DPKatBPjFjR/,"Carrossel do Instagram",,Total,7826,2587,391,11,2,5,0
18088308004876540,17841401431572960,uolesporte,"UOL Esporte","Assim como na última segunda-feira, também pelo Paulistão Feminino, a Brena marcou um belo gol de falta pelo Palmeiras. 

Desta vez, foi no Choque-Rainha, contra o São Paulo, jogo transmitido pelo Canal UOL. 

Bate bem na bola ou nem? 😅🔥

#UOLEsporte #UOL #PaulistãoFemininoNoUOL #PaulistãoFeminino #Futebol",62,"09/28/2025 14:51",https://www.instagram.com/reel/DPKWD81lF_F/,"Reel do Instagram",,Total,35249,24268,493,7,2,7,0
17966198363813987,17841429857362439,paulistaof,"Paulistão F Petrobras","QUE GOLAAAAÇO!
A Brena arriscou de longe e marcou um LINDO gol no Choque-Rainha!
#PaulistãoFemininoSicredi #SuperclássicoSicredi",17,"09/28/2025 14:33",https://www.instagram.com/reel/DPKT_nBDb5r/,"Reel do Instagram",,Total,14384,9757,719,16,6,9,3
17988178319850309,17841429857362439,paulistaof,"Paulistão F Petrobras","VANTAGEM ALVIVERDE!
Com um golaço de Brena, o Palmeiras vai para o intervalo do #SuperclássicoSicredi com o 1 a 0 de vantagem.
#PaulistãoFemininoSicredi 
📷Jhony Inácio e Rebeca Reis/Ag. Paulistão",0,"09/28/2025 14:25",https://www.instagram.com/p/DPKTNHTjKGN/,"Carrossel do Instagram",,Total,9525,3023,351,2,1,4,1
18385996807123685,17841429857362439,paulistaof,"Paulistão F Petrobras","EQUIPES EM CAMPO! 🤩🤝
Bora para o #SuperclássicoSicredi! 
#PaulistãoFemininoSicreri",21,"09/28/2025 13:25",https://www.instagram.com/reel/DPKMDNkD1jH/,"Reel do Instagram",,Total,9213,5749,274,6,0,0,3
18342060034162339,17841429857362439,paulistaof,"Paulistão F Petrobras","NAQUELE PIQUE!
Aquecimento à milhão para o #SuperclássicoSicredi!
#PaulistãoFemininoSicredi
📷Jhony Inácio e Rebeca Reis/Ag. Paulistão",0,"09/28/2025 12:56",https://www.instagram.com/p/DPKJCPZjF-_/,"Carrossel do Instagram",,Total,12491,4365,194,2,1,0,2
17920496880162745,17841429857362439,paulistaof,"Paulistão F Petrobras","E lá se foi a quinta rodada do Paulista Feminino Sub-17 Petrobras! Se liga nos resultados.
#PaulistaFemininoSub17Petrobras",0,"09/28/2025 12:54",https://www.instagram.com/p/DPKIuRvDOee/,"Imagem do Instagram",,Total,15602,6905,205,30,1,1,3
17865401733464710,17841429857362439,paulistaof,"Paulistão F Petrobras","OLHA ELE AÍ!
Quem será que leva o troféu o #SuperclássicoSicredi pra cada?
#PaulistãoFemininoSicredi
📷Jhony Inácio/Ag. Paulistão",0,"09/28/2025 12:44",https://www.instagram.com/p/DPKHpAWjJsA/,"Carrossel do Instagram",,Total,6243,1632,86,0,1,1,1
18040896143441619,17841429857362439,paulistaof,"Paulistão F Petrobras","Dá um grito só quem amou participar do Festival Paulista Feminino Sub-12 Petrobras! 🥰
#FestivalPaulistaFemininoSub12Petrobras",6,"09/28/2025 12:44",https://www.instagram.com/reel/DPKHeNJj5tY/,"Reel do Instagram",,Total,12300,6383,369,7,4,5,0
17939831226079022,17841429857362439,paulistaof,"Paulistão F Petrobras","BEM, AMIGOS… ACABOU! 🏅✨
Vem ver um pouco de como foi a premiação de todas as participantes do Festival Paulista Feminino Sub-12 Petrobras! 
#FestivalPaulistaFemininoSub12Petrobras",47,"09/28/2025 12:33",https://www.instagram.com/reel/DPKGGG0D6tB/,"Reel do Instagram",,Total,10133,6232,378,12,2,3,0
18022395416685502,17841429857362439,paulistaof,"Paulistão F Petrobras","VIVA O FUTEBOL FEMININO!
Viva o Festival Paulista Feminino Sub-12 Petrobras!
#FestivalPaulistaFemininoSub12Petrobras
📷Rodrigo Corsi/Ag. Paulistão",0,"09/28/2025 12:28",https://www.instagram.com/p/DPKF0-PDPPX/,"Carrossel do Instagram",,Total,17619,7742,247,51,6,6,3
18003093134815751,17841429857362439,paulistaof,"Paulistão F Petrobras","QUE DIA INCRÍVEL!
Se liga como terminaram os duelos do Festival Paulista Feminino Sub-12 Petrobras que rolaram ao longo deste domingo!
#FestivalPaulistaFemininoSub12Petrobras",0,"09/28/2025 12:22",https://www.instagram.com/p/DPKFJJsjAvr/,"Imagem do Instagram",,Total,11032,4848,104,18,0,0,0
18537542359029837,17841429857362439,paulistaof,"Paulistão F Petrobras","BORA PRA MAIS UM?!
Tem mais um #SuperclássicoSicredi vindo aí! É dia de Choque-Rainha no #PaulistãoFemininoSicredi!
📷Jhony Inácio/Ag. Paulistão",0,"09/28/2025 12:12",https://www.instagram.com/p/DPKD-8fjEQe/,"Carrossel do Instagram",,Total,5680,1497,84,2,0,0,2
17985624896731472,17841429857362439,paulistaof,"Paulistão F Petrobras","LARGO TUDO SÓ PARA TE VER!
De olho na ponta da tabela, o Verdão entra em campo no Paulistão Feminino Sicredi.
#PaulistãoFemininoSicredi",0,"09/28/2025 11:30",https://www.instagram.com/p/DPJ6VZMiUHl/,"Imagem do Instagram",,Total,11445,5738,181,6,0,4,4
18087646174677880,17841429857362439,paulistaof,"Paulistão F Petrobras","MEU TRICOLOR QUERIDO!
O São Paulo quer os três pontos no #PaulistãoFemininoSicredi",0,"09/28/2025 10:00",https://www.instagram.com/p/DPJwFWfj3Lt/,"Imagem do Instagram",,Total,7012,2788,96,3,0,1,3
17984089250886983,17841429857362439,paulistaof,"Paulistão F Petrobras","É DAS GUERREIRAS!
A Ferroviária fica com a vitória no #SuperclássicoSicredi!
#PaulistãoFemininoSicredi",0,"09/28/2025 09:09",https://www.instagram.com/p/DPJu-34jHvY/,"Imagem do Instagram",,Total,7547,3041,107,3,0,1,0
17948314551041748,17841429857362439,paulistaof,"Paulistão F Petrobras","VITÓRIA GRENÁ!
A Ferroviária fica com os três pontos no #SuperclássicoSicredi!
#PaulistãoFemininoSicredi 
📷Alexandre Battibugli/Ag. Paulistão",0,"09/28/2025 09:00",https://www.instagram.com/p/DPJt7t5DIkb/,"Carrossel do Instagram",,Total,7406,2803,179,8,0,0,2
17880693387281911,17841429857362439,paulistaof,"Paulistão F Petrobras","GOOOOOOOL DAS GUERREIRAS GRENÁS!
Não deu nem tempo da @natalia_vendito entrar direito no #SuperclássicoSicredi que ela já balançou as redes!
#PaulistãoFemininoSicredi",29,"09/28/2025 08:40",https://www.instagram.com/reel/DPJrsXVFLM_/,"Reel do Instagram",,Total,21172,12738,791,5,2,4,2
18079579207950489,17841429857362439,paulistaof,"Paulistão F Petrobras","FAMÍLIAS SEMPRE APOIANDO! 🥰✨
O Festival Paulista Feminino Sub-12 Petrobras é o momento das meninas encherem seus pais de orgulho!
#FestivalPaulistaFemininoSub12Petrobras",71,"09/28/2025 08:11",https://www.instagram.com/reel/DPJn4K0jswX/,"Reel do Instagram",,Total,10696,6749,235,7,0,2,2
17934612369093729,17841429857362439,paulistaof,"Paulistão F Petrobras","Nada de gols nos primeiros 45 minutos do #SuperclássicoSicredi.
#PaulistãoFemininoSicredi
📷Alexandre Battibugli/Ag. Paulistão",0,"09/28/2025 08:04",https://www.instagram.com/p/DPJnnE7DL3u/,"Imagem do Instagram",,Total,5295,1670,57,0,0,0,0
18060688967111994,17841429857362439,paulistaof,"Paulistão F Petrobras","QUALIDADE E ESTILO DE SOBRA! 💇‍♀️
Por aqui, é chuteira no pé e um penteado no cabelo! 
#FestivalPaulistaFemininoSub12Petrobras",21,"09/28/2025 07:43",https://www.instagram.com/reel/DPJkTp0DlbW/,"Reel do Instagram",,Total,15199,8514,475,36,3,10,5
17926383000112777,17841429857362439,paulistaof,"Paulistão F Petrobras","OLHO NO LANCE!
Alguns clicks da manhã de Festival Paulista Feminino Sub-12 Petrobras!
#FestivalPaulistaFemininoSub12Petrobras
📷Rodrigo Corsi/Ag. Paulistão",0,"09/28/2025 07:25",https://www.instagram.com/p/DPJjJ8SjBcY/,"Carrossel do Instagram",,Total,31290,11877,503,83,20,7,2
18127415506484592,17841429857362439,paulistaof,"Paulistão F Petrobras","PEGOU O RECADO? 🗣️
As @grenasguerreiras vieram avisar sobre um negócio super legal que tá rolando no @sesisp.jau… 👀
#FestivalPaulistaFemininoSub12Petrobras",5,"09/28/2025 06:49",https://www.instagram.com/reel/DPJelovjoAK/,"Reel do Instagram",,Total,26525,13382,487,25,13,11,3
17885682021373065,17841429857362439,paulistaof,"Paulistão F Petrobras","DOMINGÃO DE FUTEBOL!
O Paulistão Feminino Sicredi tá na área com mais um jogão de bola! É dia de Superclássico Sicredi entre Santos e Ferroviária!
#PaulistãoFemininoSicredi #SuperclássicoSicredi
📷Alexandre Battibugli/Ag. Paulistão",0,"09/28/2025 06:40",https://www.instagram.com/p/DPJd6GXDC_l/,"Carrossel do Instagram",,Total,6975,1969,119,1,0,2,0
18077232605032340,17841429857362439,paulistaof,"Paulistão F Petrobras","BORA PRA MAIS UM DIA?
As meninas já estão em campo para o domingão de Festival Paulista Feminino Sub-12 Petrobras!
#FestivalPaulistaFemininoSub12Petrobras
📷Rodrigo Corsi/Ag. Paulistão",0,"09/28/2025 06:14",https://www.instagram.com/p/DPJa_ZEDFqq/,"Carrossel do Instagram",,Total,25713,10265,408,57,6,5,3
18077045036283188,17841429857362439,paulistaof,"Paulistão F Petrobras","SÓ TÁ PERMITIDO CLÁSSICO!
Domingamos com dose dupla de Superclássico Sicredi 🤩
#PaulistãoFemininoSicredi",0,"09/28/2025 06:00",https://www.instagram.com/p/DPJUjbCEdN7/,"Imagem do Instagram",,Total,6382,2267,99,7,0,0,0
18027618437729000,17841429857362439,paulistaof,"Paulistão F Petrobras","BORA PARA O SEGUNDO DIA! 🥰✨
As mini jogadoras estão mais que preparadas para o Festival Paulista Feminino Sub-12 Petrobras!
#FestivalPaulistaFemininoSub12Petrobras",5,"09/28/2025 05:11",https://www.instagram.com/reel/DPJTpXpDivs/,"Reel do Instagram",,Total,8955,5480,201,12,4,2,0
18091613347770067,17841429857362439,paulistaof,"Paulistão F Petrobras","A LOCOMOTIVA TÁ ON!
A Ferroviária vai com tudo em mais um Superclássico Sicredi.
#PaulistãoFemininoSicredi",0,"09/28/2025 05:00",https://www.instagram.com/p/DPJNtnGAOm5/,"Imagem do Instagram",,Total,6045,2077,105,0,0,0,0
18167006476366414,17841429857362439,paulistaof,"Paulistão F Petrobras","EU VOU CANTAR PRO MUNDO INTEIRO!
As Sereias da Vila entram em campo em busca de três pontos.
#PaulistãoFemininoSicredi",0,"09/28/2025 04:00",https://www.instagram.com/p/DPJG_30ABn4/,"Imagem do Instagram",,Total,8343,3493,107,9,0,1,0
17924475666114219,17841429857362439,paulistaof,"Paulistão F Petrobras","TRICOLOR ⚔ PALESTRINAS!
Bora para mais um Superclássico Sicredi por aqui.
#PaulistãoFemininoSicredi",0,"09/27/2025 20:30",https://www.instagram.com/p/DPITMFbjDh4/,"Imagem do Instagram",,Total,21084,12099,425,18,5,8,6
17895623514326688,17841429857362439,paulistaof,"Paulistão F Petrobras","O PRIMEIRO DO DIA!
Diretamente de Jundiaí, Santos e Ferroviária fazem o primeiro Superclássico Sicredi do domingo.
#PaulistãoFemininoSicredi",0,"09/27/2025 20:05",https://www.instagram.com/p/DPIQK7ijqPA/,"Imagem do Instagram",,Total,6947,2749,122,3,0,0,0
18330020422226275,17841429857362439,paulistaof,"Paulistão F Petrobras","Mais uma rodada da Taça Paulistana Petrobras pra conta!
#TaçaPaulistanaPetrobras",0,"09/27/2025 16:00",https://www.instagram.com/p/DPH5PmygNG5/,"Imagem do Instagram",,Total,14596,6148,164,19,2,0,0
18092310271825179,17841401431572960,uolesporte,"UOL Esporte","LEI DO EX NO PAULISTÃO FEMININO?

Amanhã tem o Choque-Rainha, entre São Paulo e Palmeiras, e a @biigoes veio fazer aquele esquenta do clássico pra gente!

Ambos os times têm, no total, simplesmente NOVE jogadoras que já atuaram nos dois rivais. Quem aí também tá animado pro jogo? 😅🙏

👉 São Paulo x Palmeiras se enfrentam neste domingo (28), às 17h30, pelo Paulistão feminino. 

📺 O jogo terá transmissão no Canal UOL, UOL Play e no YouTube de UOL Esporte, com narração de Vivi Falconi e comentários de Milly Lacombe e Gabriel Sá.

#UOLEsporte #UOL #SãoPaulo #Palmeiras #FutebolFeminino #PaulistãoFeminino",86,"09/27/2025 15:30",https://www.instagram.com/reel/DPH0PyUDluv/,"Reel do Instagram",,Total,61347,45676,1057,8,5,26,0
18197148340316049,17841429857362439,paulistaof,"Paulistão F Petrobras","QUE DIA!
O futuro do futebol feminino passa pelos pés do Festival Paulista Feminino Sub-14 Petrobras! E amanhã tem mais, desta vez, com as meninas do Sub-12.
#FestivalPaulistaFemininoSub14Petrobras 
📷Rodrigo Corsi/Ag. Paulistão",0,"09/27/2025 13:57",https://www.instagram.com/p/DPHrHX9jigK/,"Carrossel do Instagram",,Total,26819,10736,402,56,9,7,4
18324408244242408,17841429857362439,paulistaof,"Paulistão F Petrobras","PONTO FINAL!
Mais um Festival Paulista Feminino Sub-14 Petrobras chegou ao fim! Se liga nos resultados dos jogos que rolaram ao longo deste sabadão!
#FestivalPaulistaFemininoSub14Petrobras",0,"09/27/2025 13:51",https://www.instagram.com/p/DPHqbvzFKV1/,"Imagem do Instagram",,Total,15187,6498,198,16,1,5,0
17959684428003569,17841429857362439,paulistaof,"Paulistão F Petrobras","MAIS UMA DAS BRABAS!
O Corinthians soma mais três pontos no Paulistão Feminino Sicredi!
#PaulistãoFemininoSicredi 
📷Anderson Romão/Ag. Paulistão",0,"09/27/2025 13:02",https://www.instagram.com/p/DPHk2h_DyZr/,"Carrossel do Instagram",,Total,11033,3867,492,12,0,7,3
18076213745037548,17841429857362439,paulistaof,"Paulistão F Petrobras","ARIEL É REDE!
A camisa 94 do Timão deixou a marcação pra trás e bateu para aumentar a vantagem das Brabas!
#PaulistãoFemininoSicredi",27,"09/27/2025 12:55",https://www.instagram.com/reel/DPHkEtTjR8B/,"Reel do Instagram",,Total,19091,14176,1426,4,6,4,12
18052376447286814,17841429857362439,paulistaof,"Paulistão F Petrobras","QUE GOL!
Letícia Monteiro girou e achou Ivana Fuso, que mandou a bola do fundo da rede! Que golaço!
#PaulistãoFemininoSicredi",34,"09/27/2025 12:05",https://www.instagram.com/reel/DPHeUFDDUCY/,"Reel do Instagram",,Total,30432,20925,1807,27,1,18,11
18081082822814137,17841429857362439,paulistaof,"Paulistão F Petrobras","SEGUIMOS!
Mais algumas fotos da tarde do Festival Paulista Feminino Sub-14 Petrobras
#FestivalPaulistaFemininoSub14Petrobras 
📷Rodrigo Corsi/Ag. Paulistão",0,"09/27/2025 12:00",https://www.instagram.com/p/DPHdvFXAdp-/,"Carrossel do Instagram",,Total,25606,10112,429,50,8,6,1
18150455875405399,17841429857362439,paulistaof,"Paulistão F Petrobras","TIMÃO NA FRENTE!
Corinthians embala no fim do primeiro tempo e abre dois gols de vantagem pra cima do Taubaté.
#PaulistãoFemininoSicredi 
📷Anderson Romão/Ag. Paulistão",0,"09/27/2025 11:56",https://www.instagram.com/p/DPHdUbBjMkp/,"Carrossel do Instagram",,Total,11128,3345,654,4,0,2,2
18041565482408988,17841429857362439,paulistaof,"Paulistão F Petrobras","TÁ NA REDE!
A Juliete foi cruzar pra área e acabou surpreendendo a Yolanda, que não pode fazer nada para impedir o primeiro das Brabas!
#PaulistãoFemininoSicredi",23,"09/27/2025 11:53",https://www.instagram.com/reel/DPHc-IukVec/,"Reel do Instagram",,Total,11429,8503,643,7,0,3,5
18125445772487510,17841429857362439,paulistaof,"Paulistão F Petrobras","AQUECIMENTO FINALIZADO!
Bora por jogo!
#PaulistãoFemininoSicredi 
📷Anderson Romão/Ag. Paulistão",0,"09/27/2025 10:44",https://www.instagram.com/p/DPHVByplELW/,"Carrossel do Instagram",,Total,6355,1586,84,0,0,0,0
18072221122907929,17841429857362439,paulistaof,"Paulistão F Petrobras","O QUE NÃO FALTA É MÃE CORUJA NA ARQUIBANCADA! 🦉🥰
A família das jogadoras vem em peso para apoiar as meninas e aproveitar tudo que o Festival Paulista Feminino Sub-14 Petrobras tem para oferecer!
#FestivalPaulistaFemininoSub14Petrobras",85,"09/27/2025 10:15",https://www.instagram.com/reel/DPHRjlVj6zm/,"Reel do Instagram",,Total,25828,20436,179,8,3,6,2
18080181295974878,17841429857362439,paulistaof,"Paulistão F Petrobras","CHEGUEI, TÁ?!
Avisa pra geral que o Paulistão Feminino Sicredi tá na área pra mais uma rodada! Pra começar os trabalhos, é dia de Taubaté e Corinthians!
#PaulistãoFemininoSicredi
📷Anderson Romão/Ag. Paulistão",0,"09/27/2025 09:49",https://www.instagram.com/p/DPHOzdiDy5p/,"Carrossel do Instagram",,Total,10902,3255,275,3,1,7,1
18314443975246729,17841429857362439,paulistaof,"Paulistão F Petrobras","FUTEBOL & RESENHA!
Entre um jogo e outro, as meninas do Festival Paulista Feminino Sub-14 Petrobras ainda têm a chance de curtirem as mais diversas atividades.
#FestivalPaulistaFemininoSub14Petrobras 
📷Rodrigo Corsi/Ag. Paulistão",0,"09/27/2025 07:51",https://www.instagram.com/p/DPHBR77CaF1/,"Carrossel do Instagram",,Total,13249,4382,231,33,2,0,2
18056762735626998,17841429857362439,paulistaof,"Paulistão F Petrobras","SABADÃO DE MUITO FUTEBOL!
As meninas estão dando show em mais uma edição do Festival Paulista Feminino Sub-14 Petrobras!
#FestivalPaulistaFemininoSub14Petrobras
📷Rodrigo Corsi/Ag. Paulistão",0,"09/27/2025 07:45",https://www.instagram.com/p/DPHAm_oETL6/,"Carrossel do Instagram",,Total,9511,3821,148,19,1,3,0
18357009538086990,17841429857362439,paulistaof,"Paulistão F Petrobras","ALÔ, JAÚ!
O Festival Paulista Feminino Sub-14 Petrobras tá na área!
#FestivalPaulistaFemininoSub14Petrobras
📷Rodrigo Corsi/Ag. Paulistão",0,"09/27/2025 07:41",https://www.instagram.com/p/DPHAIe3j5Rc/,"Carrossel do Instagram",,Total,33688,14089,546,88,12,4,5
17873258295428686,17841429857362439,paulistaof,"Paulistão F Petrobras","COMO VOCÊ COMEMORA SEUS GOLS? 🎉⚽️
Quem é craque já sabe: precisa ter uma comemoração para fazer depois de marcar um gol! As meninas do #FestivalPaulistaFemininoSub14Petrobras mostraram as delas, qual é a sua preferida?",30,"09/27/2025 07:37",https://www.instagram.com/reel/DPG_U3ZjuDX/,"Reel do Instagram",,Total,11734,6894,293,19,13,2,2
18418724548111109,17841429857362439,paulistaof,"Paulistão F Petrobras","PARA ABRIR A RODADA!
Taubaté e Corinthians fazem o primeiro jogo do final de semana de #PaulistãoFemininoSicredi.",0,"09/27/2025 06:00",https://www.instagram.com/p/DPGvw8Cka5G/,"Imagem do Instagram",,Total,11177,4913,265,15,0,0,0
18485158219073315,17841429857362439,paulistaof,"Paulistão F Petrobras","O SÁBADO PROMETE NA TAÇA PAULISTANA PETROBRAS!
#TaçaPaulistanaPetrobras",0,"09/27/2025 04:00",https://www.instagram.com/p/DPGiA-FEq0O/,"Imagem do Instagram",,Total,9559,4291,75,22,2,0,1
17893099701337477,17841429857362439,paulistaof,"Paulistão F Petrobras","PLAY NA 5ª RODADA DO PAULISTA FEMININO SUB-17 PETROBRAS!
#PaulistaSub17Petrobras",0,"09/27/2025 03:00",https://www.instagram.com/p/DPGbLKkDvOF/,"Imagem do Instagram",,Total,14255,6423,193,27,2,0,0
17849619162560476,17841429857362439,paulistaof,"Paulistão F Petrobras","BORA MAIS UMA!
Mais uma rodada do Paulistão Feminino Sicredi tá chegando aí 😍
#PaulistãoFemininoSicredi",0,"09/26/2025 14:33",https://www.instagram.com/p/DPFKe5Ok4Y7/,"Imagem do Instagram",,Total,33699,12658,427,12,0,0,5
18322285339208517,17841429857362439,paulistaof,"Paulistão F Petrobras","NÃO TEM DESCULPA!
Dá para acompanhar o Festival Paulista Feminino @Petrobras de onde você estiver 📲🖥️
#FestivalPaulistaFemininoPetrobras",0,"09/26/2025 08:32",https://www.instagram.com/p/DPEhK1mlWp0/,"Imagem do Instagram",,Total,12682,5180,192,26,1,0,0
18063503345074787,17841467312227297,fpfacademia,"FPF Academia","A 3ª EDIÇÃO VEM AÍ! 📋 
Passando pra relembrar um pouquinho das duas turmas do Programa de Formação de Treinadoras, em 2024! 🔙 Muita troca, vivência prática e histórias que mostram a força das mulheres dentro do futebol ⚽

Se você sonha em trabalhar na beira do campo, essa é a hora! ⏰ Inscreva-se na 3ª edição do Programa de Formação de Treinadoras pelo link da bio da @fpfacademia. Lembrando que a oportunidade é GRATUITA e EXCLUSIVA para mulheres 🚨

.
.
.

📷 Rodrigo Corsi e João Loureiro/Ag. Paulistão

#FPFAcademia #Petrobras #FutebolFeminino #Futebol #Formação #Treinadoras #TreinadoraDeFutebol #Coach #Capacitação @petrobras #PaulistãoFemininoSicredi #FPF",0,"09/26/2025 06:00",https://www.instagram.com/p/DPEPvVcDWu4/,"Carrossel do Instagram",,Total,29039,8323,725,31,18,6,0
18050318291306706,17841429857362439,paulistaof,"Paulistão F Petrobras","VITÓRIA FORA DE CASA!
As @grenasguerreiras voltam para casa com a classificação na mala.
#ElasEmCampo
📷 Rafael Zocco/Ferroviária",0,"09/25/2025 18:25",https://www.instagram.com/p/DPC-gPcjOvo/,"Imagem do Instagram",,Total,8035,3140,125,2,0,0,2
18069473045230273,17841429857362439,paulistaof,"Paulistão F Petrobras","FECHANDO O BONDE!
As Guerreiras Grenás ficam com a última vaga para as semifinais da @copadobrasil_fem.
#ElasEmCampo",0,"09/25/2025 18:07",https://www.instagram.com/p/DPC-G4YFStQ/,"Imagem do Instagram",,Total,11437,4935,232,10,0,5,1
18355696777090142,17841429857362439,paulistaof,"Paulistão F Petrobras","GOLEADA EM CASA!
As Palestrinas dominaram e levaram a melhor nesta noite pela @copadobrasil_fem.
#ElasEmCampo
📷 Fabio Menotti/Palmeiras",0,"09/25/2025 16:09",https://www.instagram.com/p/DPCwudrjbW4/,"Imagem do Instagram",,Total,8157,3720,341,15,2,1,1
18050109539306605,17841429857362439,paulistaof,"Paulistão F Petrobras","PALESTRINAS AVANÇAM!
Com goleada, o Palmeiras garante vaga na semifinal da @copadobrasil_fem.
#ElasEmCampo",0,"09/25/2025 16:03",https://www.instagram.com/p/DPCv-s8DRl4/,"Imagem do Instagram",,Total,8185,3504,241,6,0,4,1
17956370897861761,17841429857362439,paulistaof,"Paulistão F Petrobras","FIM DE MAIS UMA!
Bora conferir os resultados dos jogos da nona rodada do Paulista Feminino Sub-20 @petrobras.
#PaulistaFemininoSub20Petrobras",0,"09/25/2025 12:43",https://www.instagram.com/p/DPCZDFMD9Ui/,"Imagem do Instagram",,Total,12662,6762,230,5,1,0,4
18054849512560651,17841429857362439,paulistaof,"Paulistão F Petrobras","TUDO IGUAL NO RANKING! ⚽🔥
Ariel segue liderando as artilheiras do Paulistão Feminino Sicredi! Será que muda no fim de semana? 👀 #PaulistãoFemininoSicredi #Assaí #Artilharia",0,"09/25/2025 11:11",https://www.instagram.com/p/DPCOhHIjvUg/,"Imagem do Instagram",,Total,5606,1928,106,0,0,0,2
18238991149292303,17841429857362439,paulistaof,"Paulistão F Petrobras","PALESTRINAS E GUERREIRAS EM BUSCA DA CLASSIFICAÇÃO! 👀🫵
Quintou com os Paulistas de olho na semifinal da @copadobrasil_fem!
#ElasEmCampo",0,"09/25/2025 06:00",https://www.instagram.com/p/DPBmJDqj3r5/,"Imagem do Instagram",,Total,8798,3893,205,10,1,0,2
17871224670433901,17841429857362439,paulistaof,"Paulistão F Petrobras","SÃO PAULO CLASSIFICADO! 🇾🇪
O Tricolor tá na semifinal da @copadobrasil_fem! 🤩 #ElasEmCampo
📷 Jhonny Inácio/Ag. Paulistão",0,"09/24/2025 16:15",https://www.instagram.com/p/DPAMilPj8OS/,"Imagem do Instagram",,Total,20312,10297,724,35,5,11,3
18062142152382261,17841429857362439,paulistaof,"Paulistão F Petrobras","TRICOLOR NA SEMI! 🇾🇪
O São Paulo derrotou o Corinthians e garantiu a classificação na @copadobrasil_fem! 👏👏👏 #ElasEmCampo",0,"09/24/2025 16:00",https://www.instagram.com/p/DPAK1LKD7CW/,"Imagem do Instagram",,Total,11143,4025,305,16,0,30,4
17962432184967092,17841429857362439,paulistaof,"Paulistão F Petrobras","O Red Bull Bragantino foi superado nos penâltis e deixa a @copadobrasil_fem. 
#ElasEmCampo
📷Fernando Roberto/Red Bull Bragantino",0,"09/24/2025 13:50",https://www.instagram.com/p/DO_77TFkmGj/,"Imagem do Instagram",,Total,8398,3154,168,0,1,3,0
18063518120373705,17841429857362439,paulistaof,"Paulistão F Petrobras","GUTIGOL! 🟢⚪
Amanda Gutierres foi eleita a Craque da 9ª rodada do Paulistão Feminino Sicredi, com 63,5% dos votos no X! #PaulistãoFemininoSicredi #CraqueDaRodada #Betano",0,"09/24/2025 13:23",https://www.instagram.com/p/DO_45d1FWXa/,"Imagem do Instagram",,Total,5687,1650,113,0,0,4,1
18091251037830189,17841429857362439,paulistaof,"Paulistão F Petrobras","TÁ VINDO MAIS UM! 🤩
Dias 27 e 28 de setembro vai rolar mais um Festival Paulista Feminino @petrobras. Não dá pra perder, hein? 👀
#FestivalPaulistaFemininoPetrobras",0,"09/24/2025 12:30",https://www.instagram.com/p/DO_vXjqEs04/,"Imagem do Instagram",,Total,33238,12121,236,53,3,0,5
17885494740368021,17841429857362439,paulistaof,"Paulistão F Petrobras","“Lembra Daquele Dia?”
Em 2019, o futebol feminino viveu um ano histórico. Um dos momentos marcantes foi a final entre Corinthians e São Paulo, no Paulistão Feminino Sicredi. O vídeo completo está no YouTube do @paulistao!
#FutebolFeminino #PaulistãoFemininoSicredi",61,"09/24/2025 11:55",https://www.instagram.com/reel/DO_t8cdDrf4/,"Reel do Instagram",,Total,3175,2570,70,2,1,1,2
18025381724729885,17841426429471156,fpf_oficial,"Federação Paulista de Futebol","VISITA ESPECIAL! ⭐️ A lendária @oficial_formiga foi recebida pelo vice-presidente da FPF, Mauro Silva, no edifício Pelé, nesta quarta-feira (24). A craque destacou a importância de investir em estruturas voltadas ao futebol feminino e a expectativa para as próximas gerações. #FPF #FutebolFeminino",60,"09/24/2025 11:45",https://www.instagram.com/reel/DO_tj0RiTOW/,"Reel do Instagram",,Total,16812,14040,511,5,8,20,2
18125842777428338,17841429857362439,paulistaof,"Paulistão F Petrobras","TODOS PRONTOS PARA O MAJESTOSO? ❤️‍🔥😮‍💨
O clássico entre as Tricolores e as Brabas vale vaga na semifinal da @copadobrasil_fem! Deixe seu palpite para o jogo nos comentários!
#ElasEmCampo #Majestoso",0,"09/24/2025 10:00",https://www.instagram.com/p/DO_cwDlDw-i/,"Imagem do Instagram",,Total,12516,6000,475,13,1,17,5
17865202005475396,17841429857362439,paulistaof,"Paulistão F Petrobras","QUARTA-FEIRA DECISIVA NA @copadobrasil_fem! 🔥
As Bragantinas recebem o Bahia, enquanto São Paulo e Corinthians disputam um clássico pela vaga na semifinal da Copa do Brasil! Quem avança, torcedor?
#ElasEmCampo",0,"09/24/2025 06:00",https://www.instagram.com/p/DO_BW_Qj6tA/,"Imagem do Instagram",,Total,10242,4704,293,9,0,2,6
18059229380606798,17841429857362439,paulistaof,"Paulistão F Petrobras","QUEM FOI A CRAQUE DA 8ª RODADA? 🤔
Vote no destaque da última rodada do Paulistão Feminino Sicredi! Você escolhe quem vai ser eleita a Craque da Rodada no X do @paulistaofeminino.
#PaulistãoFemininoSicredi #CraqueDaRodada",0,"09/05/2025 11:33",https://www.instagram.com/p/DOOxLVbDyWm/,"Imagem do Instagram",,Total,16429,6507,337,9,2,58,0
17964580769956217,17841429857362439,paulistaof,"Paulistão F Petrobras","AVISA QUE SÃO ELAS!
Com apenas uma derrota, esse foi o retrospecto das Brabas no @brfeminino em 2025. Será que vem uma taça para coroar a melhor campanha?
#ElasEmCampo #Corinthians",0,"09/05/2025 12:00",https://www.instagram.com/p/DOOvTD3E5VH/,"Imagem do Instagram",,Total,20658,7097,793,19,1,8,10
18045186284655243,17841429857362439,paulistaof,"Paulistão F Petrobras","MAIS UMA!
A segunda rodada do Paulista Feminino Sub-17 @petrobras está vindo com tudo.
#PaulistaFemininoSub17Petrobras",0,"09/06/2025 03:00",https://www.instagram.com/p/DOQWOkTjtka/,"Imagem do Instagram",,Total,25722,11149,301,54,4,2,3
18049653401283003,17841429857362439,paulistaof,"Paulistão F Petrobras","BICAMPEÃS!
Em 2014, o São José vencia a Ferroviária e levava o troféu do Estadual pela segunda vez na história.
#BaúDoPaulistãoFeminino
📷 Arquivo/FPF",0,"09/06/2025 03:00",https://www.instagram.com/p/DOQWPqLDkyX/,"Imagem do Instagram",,Total,10991,3334,178,1,0,10,1
17902353549252463,17841429857362439,paulistaof,"Paulistão F Petrobras","A TERCEIRA TAÇA 🏆🏆🏆
Há 10 anos, o São José goleava e conquistava o Paulistão Feminino Sicredi pela terceira vez, a segunda seguida.
#BaúDoPaulistãoFeminino 
📷 Arquivo/FPF",0,"09/06/2025 03:30",https://www.instagram.com/p/DOQZ2Bek3s8/,"Imagem do Instagram",,Total,74635,40296,1299,42,5,26,19
17946469811905928,17841429857362439,paulistaof,"Paulistão F Petrobras","BORA MAIS UMA!
A segunda rodada da Taça Paulistana @petrobras chegou e você acompanha tudo AO VIVO no canal do @paulistao no YouTube 🤩
#TaçaPaulistanaPetrobras",0,"09/06/2025 06:00",https://www.instagram.com/p/DOQq4N4j2mF/,"Imagem do Instagram",,Total,12328,4588,111,19,1,0,3
18078264343792667,17841429857362439,paulistaof,"Paulistão F Petrobras","SUPERIORIDADE DAS BRABAS! 💜🦅
O Corinthians leva vantagem no retrospecto do confronto contra o Cruzeiro... Será que as Brabas vão manter a hegemonia no @brfeminino? 👀
#ElasEmCampo #Brabas #Corinthians",0,"09/06/2025 08:00",https://www.instagram.com/p/DOQ4wwfj447/,"Carrossel do Instagram",,Total,20486,4487,725,9,1,10,11
17859024528496349,17841429857362439,paulistaof,"Paulistão F Petrobras","Ponto final na segunda rodada da Taça Paulistana @petrobras com vantagem para os visitantes!
#TaçaPaulistanaPetrobras",0,"09/06/2025 13:38",https://www.instagram.com/p/DORkS8Lk19r/,"Imagem do Instagram",,Total,12413,4514,169,14,2,0,1
17842969482568022,17841429857362439,paulistaof,"Paulistão F Petrobras","VAAAAAAAAI, CORINTHIANS!
A PRIMEIRA BATALHA PELO HEPTACAMPEONATO DO @BRFEMININO COMEÇA HOJE 🔥
#ElasEmCampo",0,"09/06/2025 20:05",https://www.instagram.com/p/DOSLeZjjq1s/,"Imagem do Instagram",,Total,29862,10738,966,17,0,7,7
18149593300403237,17841429857362439,paulistaof,"Paulistão F Petrobras","TUDO IGUAL!
A primeira partida da decisão do @brfeminino terminou empatada. Agora é na @neoquimicaarena, torcedor!
#ElasEmCampo
📷 Alê Torres/Staff Images Woman/CBF",0,"09/07/2025 08:37",https://www.instagram.com/p/DOTmo6PE69p/,"Imagem do Instagram",,Total,8702,3108,289,7,1,9,3
17852140698495208,17841467312227297,fpfacademia,"FPF Academia","CURSO DE ÁRBITROS 𝗘 𝗔́𝗥𝗕𝗜𝗧𝗥𝗔𝗦 🚨
Olha aí sua chance de trabalhar com futebol e seguir carreira na arbitragem! Venha aprender na @fpf_oficial, que está com vagas abertas para a edição de 2026. Faça sua inscrição agora pelo link da bio. Dúvidas? Só mandar uma DM para a @fpfacademia 📩

Lembrando que mulheres tem 25% de desconto na matrícula na Escola de Árbitros Flávio Iazzetti (EAFI). Não perca tempo e garanta sua vaga nesta oportunidade única! 💪

.
.
.

#FPFAcademia #Curso #Arbitragem #Futebol #FutebolPaulista #EAFI #Árbitro #ÁrbitroDeFutebol #Paulistão #InscriçõesAbertas #FPF #CBF #FIFA #Mulheres #Árbitra",0,"09/07/2025 11:50",https://www.instagram.com/p/DOT8wsdD8Ii/,"Imagem do Instagram",,Total,74665,254066,908,39,54,22,0
18073257107120295,17841429857362439,paulistaof,"Paulistão F Petrobras","RESULTADOS DA RODADA!
A segunda rodada do Paulista Feminino Sub-17 @petrobras chegou ao fim e esses foram os resultados.
#PaulistaFemininoSub17Petrobras",0,"09/07/2025 13:26",https://www.instagram.com/p/DOUHwerE55g/,"Imagem do Instagram",,Total,24035,10413,359,40,0,4,1
18353660782092939,17841429857362439,paulistaof,"Paulistão F Petrobras","PARA NÃO TER DÚVIDA! 
Vem conferir o que vai rolar no dia 13 de setembro no Brinca & Joga Petrobras!
#BrincaEJogaPetrobras",0,"09/08/2025 10:00",https://www.instagram.com/p/DOWPzU1kwhu/,"Imagem do Instagram",,Total,11407,3739,91,10,2,1,3
17965852529987426,17841429857362439,paulistaof,"Paulistão F Petrobras","CRAQUE PALESTRINA! 🏆✨
Laís Estevam foi eleita a Craque da 8ª rodada do Paulistão Feminino Sicredi!
#PaulistãoFemininoSicredi #CraqueDaRodada",0,"09/08/2025 11:00",https://www.instagram.com/p/DOWXB_Wkq_t/,"Imagem do Instagram",,Total,10391,4578,227,6,0,17,0
18068106233187404,17841426429471156,fpf_oficial,"Federação Paulista de Futebol","PARCERIA INÉDITA! 
FPF e UNICEF firmam parceria para proteger crianças e adolescentes por meio do futebol. O acordo, que terá duração até o final de 2028, une esporte e responsabilidade social em prol da proteção e garantia dos direitos de crianças e adolescentes e prevê ações conjuntas em temas cruciais como o enfrentamento à violência, o acesso à educação de qualidade e a promoção da primeira infância antirracista. Saiba mais em futebolpaulista.com.br! 
#FPF",0,"09/08/2025 11:45",https://www.instagram.com/p/DOWg_PvCVrT/,"Imagem do Instagram",,Total,41122,15883,462,31,4,17,4
18527393440051520,17841405773079360,grenasguerreiras,"Guerreiras Grenás","Na tarde desta segunda-feira (8), as equipes das categorias de formação feminina (Sub-17 e Sub-20) e masculina (Sub-20) da Ferroviária recebeu a palestra sobre Antidoping no Futebol, promovida pela Federação Paulista de Futebol, com o médico, Fernando Solera (@dr.fernandosolera), e o dentista, Lucas Berard (@dr.lucasberard).

O tema abordado pelos palestrantes foi sobre a prevenção, saúde e jogo limpo dos atletas de alto rendimento, elucidando os cuidados no cotidiano para que evitem o consumo de substâncias proibidas.

Além dos atletas, estiveram presentes as comissões técnicas de cada categoria e membros da coordenação do clube. 🚂🇱🇻

📸: @rafaelzocco / Ferroviária

#GuerreirasGrenás #Ferroviária #FPF",0,"09/08/2025 16:19",https://www.instagram.com/p/DOXAVEkDcRK/,"Carrossel do Instagram",,Total,37630,8650,347,33,1,2,0
18049728662293238,17841429857362439,paulistaof,"Paulistão F Petrobras","QUE MOMENTO! 
@d_alves_7, treinadora do Sub-20 do @futebolfemininodaportuguesa, visitou o Edifício Pelé nesta terça-feira e encontrou um quadro na época em que ganhou seu primeiro Paulistão, com a Lusa 🥹
#FutebolFeminino",63,"09/09/2025 13:51",https://www.instagram.com/reel/DOZT5eDDwV1/,"Reel do Instagram",,Total,13118,8736,482,14,2,14,4
17902655808123409,17841400759034777,portuguesaoficial,Portuguesa,"Daniela Alves na FPF! 🤝🦁

A treinadora da equipe feminina Sub-20 da Lusa, @d_alves_7 , visitou hoje (09) a sede da Federação Paulista de Futebol (FPF), com o objetivo de estreitar laços entre o clube e a entidade, além de apresentar o projeto de desenvolvimento da modalidade realizado pela Lusa.

Durante a visita, a comandante das Leoas autografou o quadro do título do Paulistão Feminino de 1998, valorizando sua importância para o futebol feminino brasileiro.

As Leoas voltam a campo amanhã (10), às 15h, contra o São Bento, fora de casa, pela 7ª rodada do Paulista Feminino Sub-20! ❤️💚

#LeoasdoCanindé #FutebolFeminino #Portuguesa",87,"09/09/2025 15:25",https://www.instagram.com/reel/DOZeYLeEZwv/,"Reel do Instagram",,Total,22783,15118,669,8,4,14,0
18102110875597255,17841467312227297,fpfacademia,"FPF Academia","UM DIA DE DAIANE! 💪
Grudamos na @daimuniz durante um Derby do @paulistaofeminino pra ver de perto toda a ação de uma árbitra de futebol 🎥

Lembrando que o Curso de Árbitros da @fpf_oficial está com vagas abertas. E mulheres tem 25% de desconto na matrícula! Entre no link da bio e se inscreva 🔗

#FPFAcademia #Curso #Arbitragem #EAFI #PaulistãoFemininoSicredi",149,"09/09/2025 16:20",https://www.instagram.com/reel/DOZknjHj_dI/,"Reel do Instagram",,Total,28665,16889,866,125,18,46,0
17957142804002580,17841400074692954,paulistao,Paulistão,"VOCÊ NÃO ESTÁ SOZINHO! 💛🤝
Dia 10 de setembro é Dia Mundial de Prevenção do Suicídio. Se precisar, peça ajuda, ligue 188 para o Centro de Valorização da Vida (CVV).
#FPF #DiaMundialDePrevençaooDoSuicídio",0,"09/10/2025 04:00",https://www.instagram.com/p/DOawjb5DmPB/,"Imagem do Instagram",,Total,95626,51479,1504,393,0,9,18
18063449126340302,17841429857362439,paulistaof,"Paulistão F Petrobras","MAIS UMA!
A sétima rodada do Paulista Feminino Sub-20 @petrobras chegou 🤩 
#PaulistaFemininoSub20Petrobras",0,"09/10/2025 05:00",https://www.instagram.com/p/DOa3VrfjlLJ/,"Imagem do Instagram",,Total,17975,8473,170,43,1,3,0
17843306604568185,17841400074692954,paulistao,Paulistão,"INVASÃO PELAS BRABAS!💜
Hoje é dia de Timão na @copadobrasilcbf e o clube promove campanha visando a final do @brfeminino, que será no próximo domingo contra o Cruzeiro na Neo Química Arena!
#InvasãoPelasBrabas #FutebolPaulista
📷José Manoel Idalgo/Corinthians",0,"09/10/2025 13:00",https://www.instagram.com/p/DObuVoQicoG/,"Imagem do Instagram",,Total,58050,24181,1103,0,0,7,11
18077316809295188,17841429857362439,paulistaof,"Paulistão F Petrobras","FIM DE PAPO!
Bora conferir como a sétima rodada do Paulista Feminino Sub-20 @Petrobras terminou.
#PaulistaFemininoSub20Petrobras",0,"09/10/2025 14:29",https://www.instagram.com/p/DOb9XPTk0m_/,"Imagem do Instagram",,Total,16463,6954,307,24,2,2,2
18106330684587186,17841429857362439,paulistaof,"Paulistão F Petrobras","Emily Lima: a primeira mulher campeã do Paulistão Feminino Sicredi!
Voltamos a 2015 para relembrar um marco no futebol feminino paulista, com a conquista do São José em uma campanha histórica. Veja o vídeo completo no YouTube do Paulistão!
#PaulistãoFemininoSicredi",69,"09/10/2025 15:12",https://www.instagram.com/reel/DOcCFmYFdcF/,"Reel do Instagram",,Total,7592,7249,143,0,1,3,3
17984223599728687,17841400177392922,turmadamonica,"Turma da Mônica","Ela é uma inspiração para as nossas futuras árbitras, conheça a Dona da Rua, Edina Alves! 🤩⚽",0,"09/11/2025 08:55",https://www.instagram.com/p/DOd744pFes_/,"Carrossel do Instagram",,Total,519966,114300,4035,327,35,655,0
18220282738306774,17841400074692954,paulistao,Paulistão,"SAÚDE MENTAL IMPORTA! 💛
No Setembro Amarelo e em qualquer outro mês do ano, cuide da sua saúde mental e procure ajuda. Você não está sozinho! 🤝
#FPF #FutebolPaulista #SetembroAmarelo",0,"09/12/2025 14:48",https://www.instagram.com/p/DOhJIMgDJ91/,"Carrossel do Instagram",,Total,86366,27240,904,137,0,7,25
17909096673209627,17841429857362439,paulistaof,"Paulistão F Petrobras","FIM DE SEMANA DE TAÇA PAULISTANA PETROBRAS!
São três jogos para acompanhar AO VIVO no YouTube do @paulistao nesse final de semana!
#TaçaPaulistanaPetrobras",0,"09/13/2025 06:30",https://www.instagram.com/p/DOiv5TDjtcY/,"Imagem do Instagram",,Total,9576,4806,104,22,0,0,3
17871905247425808,17841429857362439,paulistaof,"Paulistão F Petrobras","SERÁ QUE VOCÊ ACERTARIA?! 🤝🥅👀
O Chute a Gol @centauroesporte foi um sucesso do Brinca & Joga Petrobras! Teve voucher de desconto, bola e várioooos brindes legais! 
#BrincaEJoga #Centauro",28,"09/13/2025 14:23",https://www.instagram.com/reel/DOjqQfbD4Yr/,"Reel do Instagram",,Total,14768,12391,111,3,1,3,0
17907979335092597,17841429857362439,paulistaof,"Paulistão F Petrobras","FIM DE RODADA!
Vem conferir os resultados da terceira rodada do Paulista Feminino Sub-17 @petrobras.
#PaulistaFemininoSub17Petrobras",0,"09/13/2025 18:36",https://www.instagram.com/p/DOkH-XyE145/,"Imagem do Instagram",,Total,25677,11094,425,54,4,2,4
18131360452458431,17841429857362439,paulistaof,"Paulistão F Petrobras","VAAAAAAAAAAI, CORINTHIANS!
HOJE É DIA DE BUSCAR MAIS UM TÍTULO NO @BRFEMININO 🔥
#ElasEmCampo",0,"09/13/2025 20:05",https://www.instagram.com/p/DOkM-VYjfFF/,"Imagem do Instagram",,Total,28213,11604,1082,26,0,13,11
18056938211437221,17841429857362439,paulistaof,"Paulistão F Petrobras","PRA CIMA, BRABAS!
É DIA DE DECISÃO DO BRASILEIRÃO FEMININO! 
#ElasEmCampo
📷Léo Sguaçabia/Ag. Paulistão",0,"09/14/2025 05:50",https://www.instagram.com/p/DOlVHUHE24W/,"Carrossel do Instagram",,Total,5737,1535,196,0,1,2,1
17980327982886723,17841429857362439,paulistaof,"Paulistão F Petrobras","BRABAS EM CAMPO! ⚫️⚪️
O Corinthians já aquece pra decisão de logo mais, em busca do Hepta no @brfeminino! #ElasEmCampo",29,"09/14/2025 05:52",https://www.instagram.com/reel/DOlVQhojvg9/,"Reel do Instagram",,Total,8890,6019,771,6,3,3,9
17870811684431141,17841429857362439,paulistaof,"Paulistão F Petrobras","Olha ela! 🏆🥰
#ElasEmCampo
📷Léo Sguaçabia/Ag. Paulistão",0,"09/14/2025 06:09",https://www.instagram.com/p/DOlXQVjjtaf/,"Imagem do Instagram",,Total,4670,1335,218,3,0,1,3
18076687508045679,17841429857362439,paulistaof,"Paulistão F Petrobras","A BOLA VAI ROLAR!!! É HORA DE DECISÃO! 🔥🏆 #ElasEmCampo",25,"09/14/2025 06:29",https://www.instagram.com/reel/DOlZcMKDjP0/,"Reel do Instagram",,Total,5575,4203,424,6,0,2,4
18109930315553844,17841429857362439,paulistaof,"Paulistão F Petrobras","Intervalo de jogo e o placar segue zerado na decisão do @brfeminino! 
#ElasEmCampo
📷Léo Sguaçabia/Ag. Paulistão",0,"09/14/2025 07:35",https://www.instagram.com/p/DOlhGaHjizY/,"Imagem do Instagram",,Total,30916,10032,373,0,2,0,1
18073337543123566,17841426429471156,fpf_oficial,"Federação Paulista de Futebol","A Federação Paulista de Futebol lamenta profundamente o falecimento de Suzana Agostini, ex-atleta histórica no Futebol Paulista e deseja forças aos familiares e amigos.
#FPF #FutebolFeminino",0,"09/14/2025 07:44",https://www.instagram.com/p/DOliMbckzYA/,"Imagem do Instagram",,Total,85418,39995,1746,48,2,67,17
17923354431015076,17841429857362439,paulistaof,"Paulistão F Petrobras","GOOOOOOOOOOL! O CORINTHIANS ABRE O PLACAR NA DECISÃO! ⚫️⚪️ #ElasEmCampo",46,"09/14/2025 07:52",https://www.instagram.com/reel/DOli40CjmO9/,"Reel do Instagram",,Total,17087,12369,1725,39,31,16,15
18037111757694626,17841429857362439,paulistaof,"Paulistão F Petrobras","THAIS FERREIRA É O NOME DA BRABA! 
#ElasEmCampo
📷Léo Sguaçabia/Ag. Paulistão",0,"09/14/2025 08:11",https://www.instagram.com/p/DOllO6pk_vd/,"Carrossel do Instagram",,Total,67270,3726,725,7,0,8,4
17965774346953703,17841429857362439,paulistaof,"Paulistão F Petrobras","🏆O CORINTHIANS É CAMPEÃO DO BRASILEIRÃO FEMININO!
#ElasEmCampo #Corinthians",0,"09/14/2025 08:36",https://www.instagram.com/p/DOloHSKkyNV/,"Imagem do Instagram",,Total,53971,25703,2831,101,8,19,19
18079665319770392,17841429857362439,paulistaof,"Paulistão F Petrobras","🏆 AS BRABAS RESOLVEM NA NEO QUÍMICA ARENA!
#ElasEmCampo
📷Léo Sguaçabia/Ag. Paulistão",0,"09/14/2025 08:49",https://www.instagram.com/p/DOlpjqtjhUX/,"Carrossel do Instagram",,Total,40250,12036,1723,20,0,13,13
18105858052604910,17841429857362439,paulistaof,"Paulistão F Petrobras","7 VEZES CORINTHIANS! 🏆⚫️⚪️ #ElasEmCampo",45,"09/14/2025 09:05",https://www.instagram.com/reel/DOlrV99DkJD/,"Reel do Instagram",,Total,51811,37999,4582,336,21,51,45
18199741834312003,17841429857362439,paulistaof,"Paulistão F Petrobras","🏆🫶🏼COMEMORA, PROFESSOR PICCINATO!
#Corinthians #ElasEmCampo 
📷 Léo Sguaçabia/Ag. Paulistão",0,"09/14/2025 10:26",https://www.instagram.com/p/DOl0oTLD9tB/,"Carrossel do Instagram",,Total,59278,6017,734,6,0,200,3
18099994915622687,17841429857362439,paulistaof,"Paulistão F Petrobras","A ANDRESSA ALVES É MUITO CORINTHIANS! 
#Corinthians #ElasEmCampo 
📷 Léo Sguaçabia/Ag. Paulistão",0,"09/14/2025 10:32",https://www.instagram.com/p/DOl1WL1j1lj/,"Carrossel do Instagram",,Total,12781,3660,1169,2,9,7,6
18310849228174511,17841429857362439,paulistaof,"Paulistão F Petrobras","A TAÇA É DAS BRABAS! 🏆
#Corinthians #ElasEmCampo 
📷 Léo Sguaçabia/Ag. Paulistão",0,"09/14/2025 10:35",https://www.instagram.com/p/DOl1v0Wj-JQ/,"Carrossel do Instagram",,Total,8981,2335,541,2,1,9,6
17866708140495974,17841429857362439,paulistaof,"Paulistão F Petrobras","AS BRABAS TIRAM ONDA! 🏆
#Corinthians #ElasEmCampo 
📷 Léo Sguaçabia/Ag. Paulistão",0,"09/14/2025 10:39",https://www.instagram.com/p/DOl2M8Lj7ka/,"Carrossel do Instagram",,Total,38060,10987,2952,32,30,7,26
18191320936320046,17841429857362439,paulistaof,"Paulistão F Petrobras","O vídeo mais fofo que você vai ver hoje! 😍 #ElasEmCampo",26,"09/14/2025 12:22",https://www.instagram.com/reel/DOmB5WJj644/,"Reel do Instagram",,Total,8147,5693,686,12,5,6,7
18028116341718126,17841429857362439,paulistaof,"Paulistão F Petrobras","A terceira rodada da Taça Paulistana @petrobras chegou ao fim. Veja os resultados!
#TaçaPaulistanaPetrobras",0,"09/14/2025 13:26",https://www.instagram.com/p/DOmJQNok4Jw/,"Imagem do Instagram",,Total,8888,3090,115,7,0,3,1
18063552071522624,17841429857362439,paulistaof,"Paulistão F Petrobras","FUTEBOL PAULISTA NO TOPO!🏆🏆
🏆São Paulo campeão da Fiesta CONMEBOL Evolución Sub-14
🏆Ferroviária campeã da Fiesta CONMEBOL Evolución Sub-16
#FiestaCONMEBOLEvolución",0,"09/14/2025 14:35",https://www.instagram.com/p/DOmRH61k60g/,"Imagem do Instagram",,Total,18917,7277,562,18,0,4,4
18325444870226138,17841429857362439,paulistaof,"Paulistão F Petrobras","COMEÇANDO A RETA FINAL!
Vamos para mais uma rodada do Paulista Feminino Sub-20 Petrobras! 
#PaulistaFemininoSub20Petrobras",0,"09/16/2025 05:00",https://www.instagram.com/p/DOqUR1sE0Ui/,"Imagem do Instagram",,Total,16278,7395,219,29,1,0,1
18043594238340938,17841429857362439,paulistaof,"Paulistão F Petrobras","PRA CIMA, REALIDADE JOVEM!
A equipe de São José do Rio Preto vai em busca da classificação 🔥
#ElasEmCampo",0,"09/16/2025 06:00",https://www.instagram.com/p/DOqayg3E9qw/,"Imagem do Instagram",,Total,11889,4744,180,11,4,1,0
17879282931395499,17841429857362439,paulistaof,"Paulistão F Petrobras","O Realidade Jovem foi superado pelo Sport e para nas oitavas de final da @copadobrasil_fem.
#ElasEmCampo
📷Pedro Zacchi/Ag.Paulistão",0,"09/16/2025 13:02",https://www.instagram.com/p/DOrQG5PDWBu/,"Imagem do Instagram",,Total,7125,2467,144,7,0,0,0
18033230801504450,17841429857362439,paulistaof,"Paulistão F Petrobras","REI ARTHUR! 🏆👑
O que não falta para o reizinho @arthureliastreinador é título! Vem relembrar um pouco da trajetória do atual treinador da Seleção Brasileira Feminina durante sua passagem por clubes. O vídeo completo está no YouTube do @paulistao!
#ArthurElias #FutebolFeminino",39,"09/16/2025 15:03",https://www.instagram.com/reel/DOrd7majT1G/,"Reel do Instagram",,Total,5163,3560,183,0,2,4,5
18046983338333872,17841429857362439,paulistaof,"Paulistão F Petrobras","QUARTA-FEIRA DECISIVA! 👀
Os paulistas vão em busca da classificação para as quartas de final da @copadobrasil_fem!
#ElasEmCampo",0,"09/17/2025 11:07",https://www.instagram.com/p/DOtnwB2CR0V/,"Imagem do Instagram",,Total,8072,3428,200,2,2,0,1
18084758275907536,17841429857362439,paulistaof,"Paulistão F Petrobras","VAAAAAI, CORINTHIAAAANS!
As Brabas estão nas quartas de final da @copadobrasil_fem!
#ElasEmCampo",0,"09/17/2025 13:01",https://www.instagram.com/p/DOt0v6bk-ev/,"Imagem do Instagram",,Total,9654,3815,597,15,1,6,4
18077550811994628,17841429857362439,paulistaof,"Paulistão F Petrobras","VENCE Y VENCE!
As Brabas venceram em casa e garantiram a classificação.
#ElasEmCampo
📷Rodrigo Gazzanel/Agência Corinthians",0,"09/17/2025 13:50",https://www.instagram.com/p/DOt6aebDjjh/,"Imagem do Instagram",,Total,9397,3948,692,9,1,14,2
17986290182723758,17841429857362439,paulistaof,"Paulistão F Petrobras","BRAGANTINAS CLASSIFICADAS!
Partiu quartas de final da Copa do Brasil Feminina, @redbullbragantino!
#ElasEmCampo",0,"09/17/2025 14:58",https://www.instagram.com/p/DOuCKlnE502/,"Imagem do Instagram",,Total,8764,4003,151,12,1,3,0
18021496040752029,17841429857362439,paulistaof,"Paulistão F Petrobras","VITÓRIA DO RED BULL BRAGANTINO!
O gol da Martina Del Trecco colocou as Bragantinas nas quartas da @copadobrasil_fem!
#ElasEmCampo 
📷Fernando Roberto/Divulgação/Red Bull Bragantino",0,"09/17/2025 15:03",https://www.instagram.com/p/DOuCyNOjf81/,"Imagem do Instagram",,Total,6140,2363,107,3,0,2,1
17857202211453553,17841429857362439,paulistaof,"Paulistão F Petrobras","SÃO PAULO NAS QUARTAS!
Pode anotar mais um paulista classificado na @copadobrasil_fem!
#ElasEmCampo",0,"09/17/2025 15:57",https://www.instagram.com/p/DOuI_gAiY6B/,"Imagem do Instagram",,Total,9853,4991,208,12,0,3,1
18062623817593376,17841429857362439,paulistaof,"Paulistão F Petrobras","VITÓRIA TRICOLOR!
Um golaço da Serrana colocou o São Paulo nas quartas de final da Copa do Brasil Feminina!
#ElasEmCampo 
📷Miguel Schincariol/São Paulo FC",0,"09/17/2025 16:02",https://www.instagram.com/p/DOuJenTAJE7/,"Imagem do Instagram",,Total,11514,4714,356,11,1,8,1
18057844493617559,17841429857362439,paulistaof,"Paulistão F Petrobras","AS PALESTRINAS AVANÇAM!
O Palmeiras é mais uma das equipes classificadas para as quartas de final da @copadobrasil_fem!
#ElasEmCampo",0,"09/17/2025 16:57",https://www.instagram.com/p/DOuPyehk85F/,"Imagem do Instagram",,Total,8526,3527,192,14,0,2,3
18051554513270119,17841429857362439,paulistaof,"Paulistão F Petrobras","VITÓRIA ALVIVERDE EM BARUERI!
O Palmeiras cravou a classificação na Copa do Brasil Feminina com uma vitória em casa!
#ElasEmCampo 
📷Fabio Menotti/Palmeiras",0,"09/17/2025 16:59",https://www.instagram.com/p/DOuQE27E7CR/,"Imagem do Instagram",,Total,7190,2780,225,5,0,0,1
18072466034161065,17841429857362439,paulistaof,"Paulistão F Petrobras","QUATRO JOGOS, QUATRO PAULISTAS CLASSIFICADOS!
Fim dos confrontos de hoje na @copadobrasil_fem com 100% de aproveitamento das minhas equipes!
#ElasEmCampo",0,"09/17/2025 17:03",https://www.instagram.com/p/DOuQcg_E1JQ/,"Imagem do Instagram",,Total,33830,20925,624,10,10,16,8
18004823354638611,17841429857362439,paulistaof,"Paulistão F Petrobras","PARA CIMA DELAS, GUERREIRAS! 
A Ferroviária enfrenta o Vitória pela @copadobrasil_fem!
#ElasEmCampo",0,"09/18/2025 06:00",https://www.instagram.com/p/DOvk0gykx81/,"Imagem do Instagram",,Total,5605,1763,94,1,0,1,0
18385228366133139,17841429857362439,paulistaof,"Paulistão F Petrobras","ARTILHEIRAS! ⚽🔥
Será que o ranking muda na próxima rodada? 👀 #PaulistãoFemininoSicredi #Assaí #Artilharia",0,"09/18/2025 10:30",https://www.instagram.com/p/DOwIXS8D-lC/,"Imagem do Instagram",,Total,7823,2888,149,2,0,6,1
18078599011991897,17841429857362439,paulistaof,"Paulistão F Petrobras","NAS QUARTAAAAAS!
Anota aí que tem mais uma das minhas equipes na próxima fase da @copadobrasil_fem! Vamos, @grenasguerreiras!
#ElasEmCampo",0,"09/18/2025 14:05",https://www.instagram.com/p/DOwg5j-gPn2/,"Imagem do Instagram",,Total,9944,4283,130,0,0,1,0
18104966455575741,17841429857362439,paulistaof,"Paulistão F Petrobras","VITÓRIA GRENÁ!
Com gols de Sissi, Mylena Carioca e Mica, a Ferrinha avança para as quartas da Copa do Brasil Feminina!
#ElasEmCampo
📷Jonatan Dutra/Ferroviária",0,"09/18/2025 14:20",https://www.instagram.com/p/DOwg5ujDux8/,"Imagem do Instagram",,Total,6330,2113,126,0,0,0,0
17852264670542475,17841429857362439,paulistaof,"Paulistão F Petrobras","OS PAREDÕES! 🧤
Essas são as goleiras que mais defenderam no Paulistão Feminino Sicredi! 👏 #PaulistãoFemininoSicredi #Centauro",0,"09/19/2025 08:00",https://www.instagram.com/p/DOyXI0Gkd6C/,"Imagem do Instagram",,Total,24960,12444,426,0,1,43,2
17957071688855745,17841429857362439,paulistaof,"Paulistão F Petrobras","CONFRONTOS DEFINIDOS!
Os duelos das quartas de final da Copa do Brasil Feminina foram sorteados! E ainda vai rolar um clássico paulista... 👀❤️‍🔥
#ElasEmCampo",0,"09/19/2025 09:53",https://www.instagram.com/p/DOyo2gWk7Ta/,"Imagem do Instagram",,Total,13718,6315,482,0,2,17,3
18048578279637563,17841429857362439,paulistaof,"Paulistão F Petrobras","PREPARADOS PARA O MAJESTOSO NA COPA DO BRASIL? ❤️‍🔥😮‍💨
São Paulo e Corinthians se enfrentam pela vaga na semifinal da @copadobrasil_fem! Para quem vai sua torcida?
#ElasEmCampo #Majestoso",0,"09/19/2025 12:05",https://www.instagram.com/p/DOy37wEk26V/,"Imagem do Instagram",,Total,17525,7736,1040,0,1,33,7
17864436303395730,17841429857362439,paulistaof,"Paulistão F Petrobras","VAMOS PARA A 9ª RODADA! ❤️‍🔥
Assista aos jogos do Paulistão Feminino Sicredi AO VIVO e torça para o seu time do coração!
#PaulistãoFemininoSicredi",0,"09/19/2025 15:00",https://www.instagram.com/p/DOzHN69EkoV/,"Imagem do Instagram",,Total,38489,16841,430,23,1,1,6
17896815585162560,17841429857362439,paulistaof,"Paulistão F Petrobras","DOSE DUPLA! 😮‍💨💪
Bora que hoje tem Superclássico Sicredi para abrir o sábado e um confronto AO VIVO no YouTube do @paulistao para encerrar os duelos do dia!
#PaulistãoFemininoSicredi",0,"09/20/2025 03:00",https://www.instagram.com/p/DO0ZixSD5WA/,"Imagem do Instagram",,Total,9501,4068,212,0,1,1,1
17906901633237671,17841429857362439,paulistaof,"Paulistão F Petrobras","MAIS TRÊS!
Bora que a quarta rodada da Taça Paulistana @petrobras chegou 🤩
#TaçaPaulistanaPetrobras",0,"09/20/2025 03:00",https://www.instagram.com/p/DO0ZkPwj4P-/,"Imagem do Instagram",,Total,10124,5192,96,0,1,2,0
18159686902338505,17841429857362439,paulistaof,"Paulistão F Petrobras","FIM DE SEMANA CHEIO!
Não vai faltar jogo da quarta rodada do #PaulistaFemininoSub17Petrobras no sábado e no domingo 🥰",0,"09/20/2025 03:30",https://www.instagram.com/p/DO0c95iAcNN/,"Imagem do Instagram",,Total,17336,8097,236,0,1,0,2
18071255756164420,17841429857362439,paulistaof,"Paulistão F Petrobras","BRABAS E SEREIAS SE ENFRENTAM! 🔥
Nada como um Superclássico Sicredi para começar o dia! Qual é o seu palpite, torcedor?
#PaulistãoFemininoSicredi",0,"09/20/2025 04:00",https://www.instagram.com/p/DO0gjx2EoPJ/,"Imagem do Instagram",,Total,16150,7253,582,0,0,6,4
18072208424179850,17841429857362439,paulistaof,"Paulistão F Petrobras","VAAAAAAI, CORINTHIANS! 🦅
O compromisso das Brabas de hoje é em casa contra o Santos!
#PaulistãoFemininoSicredi",0,"09/20/2025 04:30",https://www.instagram.com/p/DO0j1TVkvdy/,"Imagem do Instagram",,Total,11896,4487,626,0,2,1,2
18065018510363350,17841429857362439,paulistaof,"Paulistão F Petrobras","PARA CIMA DELAS, SEREIAS! 🧜‍♀️
O Santos vai em busca dos três pontos fora de casa!
#PaulistãoFemininoSicredi #Santos",0,"09/20/2025 05:00",https://www.instagram.com/p/DO0nG6Xkhs6/,"Imagem do Instagram",,Total,5479,1688,98,0,0,1,1
18052061732261784,17841429857362439,paulistaof,"Paulistão F Petrobras","MAIS UM SUPERCLÁSSICO SICREDI!
A @lautessi, da @nwb.oficial, trouxe tudo sobre o jogo entre Corinthians e Santos, pelo Paulistão Feminino Sicredi. 
#CriadoresPaulistãoFemininoSicredi",67,"09/20/2025 05:30",https://www.instagram.com/reel/DO0vifID5NY/,"Reel do Instagram",,Total,2995,2401,74,0,1,3,1
18050400368295609,17841429857362439,paulistaof,"Paulistão F Petrobras","VAI COMEÇAR!
Um sabadão desse, nada como um Superclássico Sicredi para deixar tudo 100%. Vem que já já começa.
#PaulistãoFemininoSicredi 
📷 Rebeca Reis/Ag. Paulistão",0,"09/20/2025 06:14",https://www.instagram.com/p/DO00pz6DW9Y/,"Carrossel do Instagram",,Total,5957,1526,157,0,0,1,1
18106834528569043,17841429857362439,paulistaof,"Paulistão F Petrobras","CAMPANHA ESPECIAL! 🩷
11 voluntárias do Projeto Marque esse Gol entraram em campo no Superclássico Sicredi. Uma parceria da Fundação Laço Rosa com a Federação Paulista de Futebol e os clubes paulistas! #PaulistãoFemininoSicredi #OutubroRosa",40,"09/20/2025 07:00",https://www.instagram.com/reel/DO0533YDhjj/,"Reel do Instagram",,Total,61558,38651,2538,1,3,14,22
18073073180162426,17841429857362439,paulistaof,"Paulistão F Petrobras","😭🖤
As jogadoras da @SereiasDaVilaoficial entraram com camisas com o nome da Suzana, para homenagear a jogadora que fez história no clube!
#PaulistãoFemininoSicredi
📷 Rebeca Reis/Ag. Paulistão",0,"09/20/2025 07:43",https://www.instagram.com/p/DO0-wLfD0Tg/,"Carrossel do Instagram",,Total,31299,11912,985,1,0,9,2
18097127242639784,17841429857362439,paulistaof,"Paulistão F Petrobras","FOI NO FINALZINHO...
No último lance do primeiro tempo, as Brabas inauguraram o placar. Será que vem mais gol na segunda etapa?
#PaulistãoFemininoSicredi
📷 Anderson Romão/Ag. Paulistão",0,"09/20/2025 07:54",https://www.instagram.com/p/DO1AAN9DETe/,"Imagem do Instagram",,Total,6754,2228,276,0,1,9,0
17891014560205576,17841429857362439,paulistaof,"Paulistão F Petrobras","VEM PARA O YOUTUBE DO @paulistao!
Realidade Jovem e Taubaté se enfrentam pela 9ª rodada do Paulistão Feminino Sicredi!
#PaulistãoFemininoSicredi",0,"09/20/2025 08:00",https://www.instagram.com/p/DO077z4DmDm/,"Imagem do Instagram",,Total,16791,4626,88,0,0,2,0
18113224915468346,17841429857362439,paulistaof,"Paulistão F Petrobras","NO ÚLTIMO LANCE…
A @jribeir00 estava sozinha e abriu o placar antes do intervalo ⚽️
#PaulistãoFemininoSicredi",22,"09/20/2025 08:04",https://www.instagram.com/reel/DO1BKr3Dl7r/,"Reel do Instagram",,Total,9739,7113,448,1,1,4,5
18072554009165460,17841429857362439,paulistaof,"Paulistão F Petrobras","SOLTA O GRITO, JAQUE 🔥
#PaulistãoFemininoSicredi
📷 Rebeca Reis/Ag. Paulistão",0,"09/20/2025 08:10",https://www.instagram.com/p/DO1B2jDjVDX/,"Imagem do Instagram",,Total,7434,2405,428,0,4,2,2
17923999989014925,17841429857362439,paulistaof,"Paulistão F Petrobras","DEU TIMÃO! 
Jaquelina garante os três pontos no Superclássico Sicredi desse sábado!
#PaulistãoFemininoSicredi
📷 Rebeca Reis e Anderson Romão/Ag. Paulistão",0,"09/20/2025 08:59",https://www.instagram.com/p/DO1HixDjn3H/,"Carrossel do Instagram",,Total,11072,3996,891,0,1,24,6
17991373019838094,17841429857362439,paulistaof,"Paulistão F Petrobras","DONA DO JOGO!
Autora do gol da partida, Jaqueline levou o troféu de Craque do Jogo Betano.
#PaulistãoFemininoSicredi
📷 Anderson Romão/Ag. Paulistão",0,"09/20/2025 09:17",https://www.instagram.com/p/DO1JmU6CY5o/,"Imagem do Instagram",,Total,7061,2531,240,0,0,6,1
18294129412269559,17841429857362439,paulistaof,"Paulistão F Petrobras","MAIS UM TROFÉU PRA CONTA!
As Brabas venceram mais um Superclássico Sicredi. 
#PaulistãoFemininoSicredi",0,"09/20/2025 09:30",https://www.instagram.com/p/DO1LBHYjpuv/,"Imagem do Instagram",,Total,10613,4399,583,0,0,5,3
18004705607642096,17841429857362439,paulistaof,"Paulistão F Petrobras","TEM MAIS!
Realidade Jovem e Taubaté entram em campo neste sábado em mais um jogo do #PaulistãoFemininoSicredi
📷 Pedro Zacchi/Ag. Paulistão",0,"09/20/2025 10:05",https://www.instagram.com/p/DO1PEijjIah/,"Imagem do Instagram",,Total,5718,1418,62,0,0,0,0
17854948854476419,17841429857362439,paulistaof,"Paulistão F Petrobras","TUDO IGUAL!
Nada de gols até aqui. Será que vem bola na rede na segunda etapa?
#PaulistãoFemininoSicredi
📷 Pedro Zacchi/Ag. Paulistão",0,"09/20/2025 11:53",https://www.instagram.com/p/DO1bcrBABkn/,"Imagem do Instagram",,Total,6933,2158,62,0,0,2,0
18090039496832192,17841429857362439,paulistaof,"Paulistão F Petrobras","MAIS HOMENAGENS!
O Realidade Jovem também deixou seu tributo para Suzana Agostini 🥺
#PaulistãoFemininoSicredi
📷 Pedro Zacchi/Ag. Paulistão",0,"09/20/2025 12:35",https://www.instagram.com/p/DO1gQRBj-he/,"Carrossel do Instagram",,Total,23736,6166,321,1,1,4,3
18080038213993200,17841429857362439,paulistaof,"Paulistão F Petrobras","DEFENDE Y MARCA!
De penalti, @yolandaramos3209 abre o placar em São José do Rio Preto.
#PaulistãoFemininoSicredi",19,"09/20/2025 12:41",https://www.instagram.com/reel/DO1g30-j9Ao/,"Reel do Instagram",,Total,33883,19832,1108,3,6,26,10
18077076275069952,17841429857362439,paulistaof,"Paulistão F Petrobras","COM GOL DE GOLEIRA!
O @taubatefeminino garante três pontos fora de casa no #PaulistãoFemininoSicredi 🔥
📷 Pedro Zacchi/Ag. Paulistão",0,"09/20/2025 13:01",https://www.instagram.com/p/DO1jNEOjxoA/,"Carrossel do Instagram",,Total,11932,3578,265,7,1,11,1
17873952840330470,17841429857362439,paulistaof,"Paulistão F Petrobras","AVISA QUE É ELA! 
Não deixou passar nada e ainda marcou o gol da vitória. Yolanda é o nome da nossa Craque do Jogo Betano.
#PaulistãoFemininoSicredi #CraqueDoJogo #Betano
📷 Pedro Zacchi/Ag. Paulistão",0,"09/20/2025 13:14",https://www.instagram.com/p/DO1kraJge8U/,"Imagem do Instagram",,Total,8683,3340,112,0,2,6,1
18205504384308448,17841429857362439,paulistaof,"Paulistão F Petrobras","SÓ UM GOL PARA CADA!
Corinthians e Taubaté venceram seus jogos nesse sábado de #PaulistãoFemininoSicredi 🔥",0,"09/20/2025 14:30",https://www.instagram.com/p/DO1onx1khXL/,"Imagem do Instagram",,Total,19139,10140,511,0,1,4,8
18071852888150186,17841429857362439,paulistaof,"Paulistão F Petrobras","Vem conferir os melhores lances da vitória do Taubaté sobre o Realidade Jovem.
#PaulistãoFemininoSicredi",82,"09/20/2025 14:48",https://www.instagram.com/reel/DO1vZTkifK6/,"Reel do Instagram",,Total,24210,13689,645,27,5,6,5
18413257996129300,17841400074692954,paulistao,Paulistão,"FAZ TEU NOME, GUTIGOL!
No jogo de logo mais, diante do Fortaleza, a equipe masculina do Palmeiras entrará com uma homenagem à Amanda Gutierres, que está concorrendo à Bola de Ouro.
#PaulistasEmCampo
📷 Donnay Medeiros/Palmeiras",0,"09/20/2025 16:29",https://www.instagram.com/p/DO169s2ksMy/,"Carrossel do Instagram",,Total,52822,20816,2180,0,2,12,12
17947029876029194,17841429857362439,paulistaof,"Paulistão F Petrobras","DOMINGAMOS POR AQUI!
O São Paulo recebe o Red Bull Bragantino para mais um jogão no #PaulistãoFemininoSicredi!",0,"09/21/2025 04:00",https://www.instagram.com/p/DO3FNr7lWm2/,"Imagem do Instagram",,Total,10292,4607,157,0,2,0,1
18015754364603961,17841429857362439,paulistaof,"Paulistão F Petrobras","DOMINGÃO DE PAULISTÃO FEMININO SICREDI!
#PaulistãoFemininoSicredi
📷Guilherme Veiga/Ag. Paulistão",0,"09/21/2025 06:41",https://www.instagram.com/p/DO3cjNykpWp/,"Carrossel do Instagram",,Total,6651,1716,96,0,0,1,2
18071079590336722,17841429857362439,paulistaof,"Paulistão F Petrobras","Dois belos gols no primeiro tempo e o placar terminou empatado para São Paulo e Red Bull Bragantino!
#PaulistãoFemininoSicredi
📷Guilherme Veiga/Ag. Paulistão",0,"09/21/2025 08:00",https://www.instagram.com/p/DO3ljKHEo_R/,"Imagem do Instagram",,Total,6344,1907,92,0,0,0,1
17987617610712463,17841429857362439,paulistaof,"Paulistão F Petrobras","A festa das Bragantinas com o gol que abriu o placar em Cotia!
#PaulistãoFemininoSicredi
📷Guilherme Veiga/Ag. Paulistão",0,"09/21/2025 08:13",https://www.instagram.com/p/DO3nEIhEnNE/,"Imagem do Instagram",,Total,10820,2967,155,0,0,3,1
17856825813516802,17841429857362439,paulistaof,"Paulistão F Petrobras","Comemora, Tricolor!
#PaulistãoFemininoSicredi
📷Guilherme Veiga/Ag. Paulistão",0,"09/21/2025 08:14",https://www.instagram.com/p/DO3nL9uEpJg/,"Imagem do Instagram",,Total,9036,3094,138,0,0,0,1
17930801192986068,17841429857362439,paulistaof,"Paulistão F Petrobras","TUDO IGUAL!
O domingão de Paulistão Feminino Sicredi terminou com empate entre Tricolores e Bragantinas!
#PaulistãoFemininoSicredi
📷Guilherme Veiga/Ag. Paulistão",0,"09/21/2025 09:02",https://www.instagram.com/p/DO3soe8Evn4/,"Carrossel do Instagram",,Total,12313,4891,286,0,5,4,2
18038544389470800,17841429857362439,paulistaof,"Paulistão F Petrobras","Veja os melhores momentos do empate entre São Paulo e Red Bull Bragantino no Paulistão Feminino Sicredi! 
#PaulistãoFemininoSicredi #Centauro",90,"09/21/2025 09:13",https://www.instagram.com/reel/DO3tvKhibgX/,"Reel do Instagram",,Total,10009,6236,295,0,4,1,3
17964252317970882,17841429857362439,paulistaof,"Paulistão F Petrobras","Taty Senna fez um golaço e foi eleita pela galera como Craque do Jogo Betano!
#PaulistãoFemininoSicredi #CraqueDoJogo #Betano
📷Guilherme Veiga/Ag. Paulistão",0,"09/21/2025 09:23",https://www.instagram.com/p/DO3vE_aEo2V/,"Imagem do Instagram",,Total,17054,4340,219,9,3,13,3
18397106941189088,17841429857362439,paulistaof,"Paulistão F Petrobras","Ponto final na 4ª rodada do Paulista Feminino Sub-17 @petrobras! 
#PaulistaFemininoSub17Petrobras",0,"09/21/2025 12:28",https://www.instagram.com/p/DO4EM9AEoK4/,"Imagem do Instagram",,Total,17121,7876,272,2,4,0,1
17845911078571233,17841429857362439,paulistaof,"Paulistão F Petrobras","A 8ª rodada do Paulista Feminino Sub-20 @petrobras terminou assim. Veja os resultados!
#PaulistaFemininoSub20Petrobras",0,"09/21/2025 13:15",https://www.instagram.com/p/DO4JnKlEmeu/,"Imagem do Instagram",,Total,21785,12415,335,0,5,0,2
17899747713142273,17841429857362439,paulistaof,"Paulistão F Petrobras","Com os mandantes 100%, a 4ª rodada da Taça Paulistana @petrobras chegou ao fim!
#TaçaPaulistanaPetrobras",0,"09/21/2025 14:19",https://www.instagram.com/p/DO4Q4Vrj0dN/,"Imagem do Instagram",,Total,18109,8809,193,0,6,3,0
17866468278453792,17841429857362439,paulistaof,"Paulistão F Petrobras","GUERREIRAS CONTRA PALESTRINAS! 🔥
A Ferroviária recebe o Palmeiras para mais um Superclássico Sicredi no @paulistaofeminino!
#PaulistãoFemininoSicredi",0,"09/22/2025 07:00",https://www.instagram.com/p/DO5-mxdFc8l/,"Imagem do Instagram",,Total,16941,6295,345,1,0,6,3
18164237476326631,17841429857362439,paulistaof,"Paulistão F Petrobras","A PRIMEIRA TAÇA!
Há 13 anos, o São José empatava com o Centro Olímpico e conquistava o primeiro dos seus três títulos do Paulistão Feminino. 
#BaúDoPaulistãoFeminino
📷Arquivo/FPF",0,"09/22/2025 07:36",https://www.instagram.com/p/DO6Hn2dk2VE/,"Carrossel do Instagram",,Total,14428,4340,308,3,0,5,2
17918047266171864,17841429857362439,paulistaof,"Paulistão F Petrobras","PRA CIMA, GUERREIRAS!
A Ferroviária quer se manter no G4 do #PaulistãoFemininoSicredi",0,"09/22/2025 11:00",https://www.instagram.com/p/DO6aKMgEggY/,"Imagem do Instagram",,Total,6737,2373,116,0,0,1,1
17856951003516806,17841429857362439,paulistaof,"Paulistão F Petrobras","AVANTI PALESTRINAS!
Hoje tem mais um compromisso para o @palmeirasfeminino.
#PaulistãoFemininoSicredi",0,"09/22/2025 12:30",https://www.instagram.com/p/DO6kYriDH1U/,"Imagem do Instagram",,Total,9567,4734,160,1,0,2,0
17983494575891441,17841429857362439,paulistaof,"Paulistão F Petrobras","GIGANTE!
Amanda Gutierres, a única atleta que não joga nos Estados Unidos ou Europa a ficar na lista de 30 melhores do mundo. A atacante do Verdão ficou na 21ª posição.
#ElasEmCampo #BallonDor #Palmeiras",29,"09/22/2025 14:02",https://www.instagram.com/reel/DO6zq61jmvE/,"Reel do Instagram",,Total,4934,3428,419,2,1,2,2
18089352061888290,17841429857362439,paulistaof,"Paulistão F Petrobras","É DIA DE SUPERCLÁSSICO SICREDI EM ARARAQUARA!
#PaulistãoFemininoSicredi
📷Célio Messias/Ag. Paulistão",0,"09/22/2025 15:30",https://www.instagram.com/p/DO691Cbj4KS/,"Imagem do Instagram",,Total,6098,1813,95,0,0,0,1
18077231525055061,17841429857362439,paulistaof,"Paulistão F Petrobras","Se tem jogão no Paulistão Feminino Sicredi, tem a @kell.delgado, da @nwb.oficial, com todas as informações de Ferroviária e Palmeiras!
#CriadoresPaulistãoFemininoSicredi",91,"09/22/2025 15:51",https://www.instagram.com/reel/DO7AM3FESu3/,"Reel do Instagram",,Total,2856,2222,108,7,1,11,0
18071961787915632,17841429857362439,paulistaof,"Paulistão F Petrobras","QUE LINDO! 🥰🥰
DO TÚNEL @subwaybrasil ao palco de Ferroviária e Palmeiras! 
#PaulistãoFemininoSicredi #Subway",55,"09/22/2025 15:55",https://www.instagram.com/reel/DO7Af8-j76R/,"Reel do Instagram",,Total,4846,3555,136,1,1,1,1
18067425491247689,17841429857362439,paulistaof,"Paulistão F Petrobras","O túnel @subwaybrasil ficou um show!😍
#PaulistãoFemininoSicredi
📷Célio Messias/Ag. Paulistão",0,"09/22/2025 16:06",https://www.instagram.com/p/DO7B-LgEmpu/,"Imagem do Instagram",,Total,9328,3808,186,17,0,3,2
18044737685355987,17841429857362439,paulistaof,"Paulistão F Petrobras","🥰🥰 AQUELE APOIO PARA AS GUERREIRAS ANTES DA BOLA ROLAR! 
#PaulistãoFemininoSicredi",18,"09/22/2025 16:16",https://www.instagram.com/reel/DO7C6Cgj1R2/,"Reel do Instagram",,Total,21420,12697,783,5,6,5,5
18056860526182581,17841429857362439,paulistaof,"Paulistão F Petrobras","VITÓRIA DAS PALESTRINAS!💚
Fora de casa, Palmeiras vence o Superclássico Sicredi!
#PaulistãoFemininoSicredi
📷Célio Messias/Ag. Paulistão",0,"09/22/2025 18:04",https://www.instagram.com/p/DO7PWKhDcTb/,"Carrossel do Instagram",,Total,7862,2270,275,4,1,4,1
17860212162498543,17841429857362439,paulistaof,"Paulistão F Petrobras","DECISIVA!
Amanda Gutierres marcou duas vezes e foi eleita a craque do jogo!
#PaulistãoFemininoSicredi #Betano #CraqueDoJogo
📷Célio Messias/Ag. Paulistão",0,"09/22/2025 18:21",https://www.instagram.com/p/DO7RczZDUtX/,"Imagem do Instagram",,Total,35212,8647,802,5,1,11,4
18072946118471144,17841429857362439,paulistaof,"Paulistão F Petrobras","O SUPERCLÁSSICO SICREDI É DAS PALESTRINAS!💚
#PaulistãoFemininoSicredi",0,"09/22/2025 18:23",https://www.instagram.com/p/DO7RlQNDMVQ/,"Imagem do Instagram",,Total,9481,3601,190,3,0,7,1
18063393269065915,17841429857362439,paulistaof,"Paulistão F Petrobras","Confira os melhores momentos da vitória do Palmeiras sobre a Ferroviária no Paulistão Feminino Sicredi!
#PaulistãoFemininoSicredi #Centauro",74,"09/22/2025 18:23",https://www.instagram.com/reel/DO7RlWgDxbQ/,"Reel do Instagram",,Total,9615,6444,483,8,4,8,4
18104317990721121,17841429857362439,paulistaof,"Paulistão F Petrobras","A 9ª rodada do Paulistão Feminino Sicredi chegou ao fim. Confira os resultados!
#PaulistãoFemininoSicredi",0,"09/22/2025 18:25",https://www.instagram.com/p/DO7R00JjPgE/,"Imagem do Instagram",,Total,41144,17305,351,5,0,4,3
18076943647850057,17841429857362439,paulistaof,"Paulistão F Petrobras","OLHA ELA AÍ!
Chegou a hora de conferir a classificação do Paulistão Feminino Sicredi!
#PaulistãoFemininoSicredi",0,"09/22/2025 18:33",https://www.instagram.com/p/DO7SuTYDWWG/,"Imagem do Instagram",,Total,159704,70588,2758,37,19,32,28
18075520984875513,17841400074692954,paulistao,Paulistão,"FIQUE DE OLHO!
Outubro está chegando e, com ele, mais um ano da parceria da FPF com a Marque esse Gol e a Fundação Laço Rosa, que leva carretas para que torcedores e torcedoras do #FutebolPaulista realizem exames de mamografia. 
#OutubroRosa",0,"09/23/2025 12:30",https://www.instagram.com/p/DO9JTqFE-Zd/,"Imagem do Instagram",,Total,102442,47189,1094,59,6,58,11
18174254908347449,17841429857362439,paulistaof,"Paulistão F Petrobras","BORA ESCOLHER A CRAQUE DA 9ª RODADA! 👀
Vote na jogadora destaque da última rodada do Paulistão Feminino Sicredi! Corre lá no X do @paulistaofeminino! 🔥 #PaulistãoFemininoSicredi #CraqueDaRodada #Betano",0,"09/23/2025 15:52",https://www.instagram.com/p/DO9lJG6jRkE/,"Imagem do Instagram",,Total,15058,6840,289,27,5,43,2
17875299135310893,17841401431572960,uolesporte,"UOL Esporte","O Palmeiras feminino pintou e bordou em cima do Realidade Jovem 🤣

#UOLEsporte #Futebol #RealidadeJovem #Palmeiras #PaulistaoFeminino #UOLPlay",65,"09/04/2025 19:17",https://www.instagram.com/reel/DONBdcNCXOL/,"Reel do Instagram",,Total,63518,42657,824,6,3,13,0
17892655254305528,17841429857362439,paulistaof,"Paulistão F Petrobras","NOITE ESPECIAL!
Evelin Bonifácio fez sua estreia como profissional no Paulistão Feminino Sicredi 🤩
#PaulistãoFemininoSicredi",0,"09/05/2025 09:05",https://www.instagram.com/p/DOOgO8Kk2Gi/,"Imagem do Instagram",,Total,27941,10963,767,21,6,4,3
18087390190837538,17841429857362439,paulistaof,"Paulistão F Petrobras","VAMOS PARA A TERCEIRA!
A bola vai rolar no Paulista Feminino Sub-17 @petrobras nesse sabadão!
#PaulistaFemininoSub17Petrobras",0,"09/13/2025 04:00",https://www.instagram.com/p/DOie2LHE-0W/,"Imagem do Instagram",,Total,19566,9290,276,40,2,2,0
18062770034257922,17841429857362439,paulistaof,"Paulistão F Petrobras","PRA CIMA DELAS, SANTOS! 🧜‍♀️🔥
As Sereias da Vila só querem saber da classificação para a grande final do @brfeminino Série A2!
#ElasEmCampo",0,"08/18/2025 06:00",https://www.instagram.com/p/DNfvqd6TS6_/,"Imagem do Instagram",,Total,10032,2424,159,1,1,2,1
18076549957988619,17841412277261590,brfeminino,"Brasileirão Feminino","A festa palestrina na Arena Barueri 🥳💚 O @palmeirasfeminino é semifinalista do #BrasileirãoFeminino!",30,"08/17/2025 10:12",https://www.instagram.com/reel/DNdscnbRrJU/,"Reel do Instagram",,Total,9586,7071,834,3,8,4,0
18529778212044517,17841429857362439,paulistaof,"Paulistão F Petrobras","FIM DE PAPO!
Assim termina a sexta rodada do Paulista Feminino Sub-20 @petrobras.
#PaulistaFemininoSub20Petrobras",0,"09/04/2025 18:30",https://www.instagram.com/p/DOM3RrpDWzq/,"Imagem do Instagram",,Total,17031,5685,335,1,1,4,0
17974995941916226,17841429857362439,paulistaof,"Paulistão F Petrobras","TABELA ATUALIZADA!
Com o fim da rodada, bora conferir como está a classificação do Paulistão Feminino Sicredi 👀
#PaulistãoFemininoSicredi",0,"09/04/2025 18:20",https://www.instagram.com/p/DOM69BigDIb/,"Imagem do Instagram",,Total,42208,22645,1187,23,37,21,8
18514439125053236,17841429857362439,paulistaof,"Paulistão F Petrobras","QUE GOLEADA!
Vem conferir tudo que rolou na vitória do Palmeiras por 7 a 0.
#PaulistãoFemininoSicredi",89,"09/04/2025 18:12",https://www.instagram.com/reel/DOM6FfCjA6u/,"Reel do Instagram",,Total,12421,8294,468,4,4,2,4
18083809096919200,17841429857362439,paulistaof,"Paulistão F Petrobras","Terminamos assim a oitava rodada do #PaulistãoFemininoSicredi. Seu time venceu, torcedor?",0,"09/04/2025 17:40",https://www.instagram.com/p/DOM2cp4j4lq/,"Imagem do Instagram",,Total,10392,4357,171,2,0,3,2
17994643433821532,17841429857362439,paulistaof,"Paulistão F Petrobras","GOLEADA ALVIVERDE!
As Palestrinas fecharam a rodada com uma goleada em casa 🔥
#PaulistãoFemininoSicredi 
📷 Guilherme Veiga/Ag. Paulistão",0,"09/04/2025 16:52",https://www.instagram.com/p/DOMw3cZD0be/,"Carrossel do Instagram",,Total,20659,4597,436,10,0,8,6
18077732213497839,17841429857362439,paulistaof,"Paulistão F Petrobras","COM A VANTAGEM!
As Palestrinas levaram uma vantagem tranquila para o intervalo. Como será o segundo tempo? 
#PaulistãoFemininoSicredi 
📷 Guilherme Veiga/Ag. Paulistão",0,"09/04/2025 15:52",https://www.instagram.com/p/DOMqD96D2eR/,"Imagem do Instagram",,Total,8075,2707,199,0,1,4,1
17859163581483436,17841429857362439,paulistaof,"Paulistão F Petrobras","Não faltou emoção no confronto entre Red Bull Bragantino e Corinthians, então bora conferir os melhores momentos do jogo.
#PaulistãoFemininoSicredi",84,"09/04/2025 15:27",https://www.instagram.com/reel/DOMnI40DwGs/,"Reel do Instagram",,Total,11107,7008,756,5,1,11,10
18104828230586533,17841429857362439,paulistaof,"Paulistão F Petrobras","JOGOU MUITO!
Assistência e gol da vitória? Não teve como, a @giselagilrobledo levou o troféu de Craque do Jogo 🔥
#PaulistãoFemininoSicredi 
📷 Anderson Lira/Ag. Paulistão",0,"09/04/2025 15:26",https://www.instagram.com/p/DOMnD4ej0-p/,"Imagem do Instagram",,Total,5943,1892,358,3,1,21,1
18040416443658157,17841429857362439,paulistaof,"Paulistão F Petrobras","FOI NA EMOÇÃO!
As Brabas saíram na frente, tomaram a virada, mas conseguiram sair com os três pontos no #PaulistãoFemininoSicredi 🔥
📷 Anderson Lira/Ag. Paulistão",0,"09/04/2025 15:07",https://www.instagram.com/p/DOMk4ccjxjC/,"Carrossel do Instagram",,Total,10181,2900,547,10,0,22,7
17875109529408595,17841429857362439,paulistaof,"Paulistão F Petrobras","PARA FECHAR!
O Palmeiras e o Realidade Jovem fazem o último jogo da oitava rodada no #PaulistãoFemininoSicredi
📷 Guilherme Veiga/Ag. Paulistão",0,"09/04/2025 14:29",https://www.instagram.com/p/DOMgidHk0J6/,"Imagem do Instagram",,Total,5331,1314,60,0,1,0,0
17851868880495269,17841429857362439,paulistaof,"Paulistão F Petrobras","VIRA, VIROU! 
Nos acréscimos, o Massa Bruta virou o jogo. Será que vem mais gol na segunda etapa? 
#PaulistãoFemininoSicredi 
📷 Anderson Lira/Ag. Paulistão",0,"09/04/2025 13:55",https://www.instagram.com/p/DOMctbYj3Ye/,"Imagem do Instagram",,Total,9305,2959,137,0,1,5,1
18039129200430819,17841429857362439,paulistaof,"Paulistão F Petrobras","BORA MAIS UM!
Já já vai rolar a bola para Red Bull Bragantino e Corinthians. Quem vai levar a melhor?
#PaulistãoFemininoSicredi
📷 Anderson Lira/Ag. Paulistão",0,"09/04/2025 12:14",https://www.instagram.com/p/DOMRCKKDxGo/,"Carrossel do Instagram",,Total,7448,1688,209,1,0,2,0
18046979186639386,17841429857362439,paulistaof,"Paulistão F Petrobras","ÚLTIMO JOGO!
As Palestrinas recebem o Realidade Jovem no último confronto da rodada.
#PaulistãoFemininoSicredi",0,"09/04/2025 12:00",https://www.instagram.com/p/DOMKiUFjWRl/,"Imagem do Instagram",,Total,10153,4496,140,12,1,0,1
17961416030968007,17841429857362439,paulistaof,"Paulistão F Petrobras","GRUPOS DEFINIDOS! 🌟🤝
As minhas equipes vão com tudo em busca da @libertadoresfem!
#ElasEmCampo",0,"09/04/2025 11:20",https://www.instagram.com/p/DOMK3zplQIa/,"Imagem do Instagram",,Total,11206,4451,342,15,2,4,7
18047573471641698,17841429857362439,paulistaof,"Paulistão F Petrobras","BRAGANTINAS ⚔️ BRABAS!
Quem vai levar a melhor no confronto pelo #PaulistãoFemininoSicredi? 👀",0,"09/04/2025 10:00",https://www.instagram.com/p/DOL84Nyk6y1/,"Imagem do Instagram",,Total,9203,3745,174,10,1,3,0
18090394375699094,17841401431572960,uolesporte,"UOL Esporte","HOJE TEM! 🔥

O UOL transmite hoje Palmeiras x Realidade Jovem pelo Paulistão Feminino às 19h, e a @fabiolafariaandrade conta tudo do jogo! 

👉 Você pode ver esse jogão no UOL Play, Canal UOL e no nosso YouTube 

A narração vai ser da @vivifalconioficial e os comentários da @mlacombe e da @fabiolafariaandrade. Bora nessa? 😁

▶️ Como faz pra assistir no UOL Play?

É só entrar em uol.com.br/play e depois selecionar o plano do Paulistão: a partir de R$ 19,90 por mês. Aí é só correr pro abraço e torcer pro seu time de coração!

▶️ E como faz pra assistir no Canal UOL?

Na Claro TV, está no canal 549.
Na Vivo TV, o número é 613.
O Canal UOL também está disponível na Oi TV (canal nº 140), na Sky (canal n° 88), na TVRO Embratel (canal nº 546), na Zapping (canal nº 64), na Samsung TV (canal n° 2074), na Pluto TV e no UOL Play.

#UOLEsporte #UOL #Palmeiras #RealidadeJovem #PaulistãoFemininoNoUOL #PaulistãoFemininoNoUOLPlay",64,"09/04/2025 06:30",https://www.instagram.com/reel/DOLpmMAicB-/,"Reel do Instagram",,Total,17205,12613,291,2,1,3,0
18090475390619795,17841429857362439,paulistaof,"Paulistão F Petrobras","PARA FECHAR!
Vem cá ver quais são os jogos que vão rolar nesta quinta-feira pelo #PaulistãoFemininoSicredi 👀",0,"09/04/2025 06:00",https://www.instagram.com/p/DOLhb4QEz82/,"Imagem do Instagram",,Total,9636,3941,218,8,1,3,4
18060767051588168,17841429857362439,paulistaof,"Paulistão F Petrobras","PONTO FINAL!
Quarta-feira com dois jogos de Paulistão Feminino Sicredi. Vem ver os resultados do dia!
#PaulistãoFemininoSicredi",0,"09/03/2025 19:15",https://www.instagram.com/p/DOKaKh2jZKM/,"Imagem do Instagram",,Total,10229,3279,138,3,0,0,2
17975853308760864,17841429857362439,paulistaof,"Paulistão F Petrobras","TORCEDOR ILUSTRE!
Durante o Superclássico Sicredi, um dos gatinhos da Vila Belmiro marcou presença pra torcer pelas Sereias da Vila 🐈‍⬛😻
#PaulistãoFemininoSicredi",9,"09/03/2025 18:57",https://www.instagram.com/reel/DOKacaSDN6y/,"Reel do Instagram",,Total,17179,10076,1524,77,4,19,20
18070913705147674,17841429857362439,paulistaof,"Paulistão F Petrobras","A responsável pelo empate das @sereiasdavila! 🧜‍♀️
#PaulistãoFemininoSicredi
📷Rafael Assunção/Ag. Paulistão",0,"09/03/2025 18:49",https://www.instagram.com/p/DOKZg-Bk125/,"Carrossel do Instagram",,Total,8832,1615,160,1,0,3,2
17848459449552797,17841429857362439,paulistaof,"Paulistão F Petrobras","TUDO IGUAL NO SUPERCLÁSSICO SICREDI!
As Sereias conseguem o empate heróico no último minuto contra o São Paulo!
#PaulistãoFemininoSicredi
📷Fernanda Luz/Ag. Paulistão",0,"09/03/2025 18:33",https://www.instagram.com/p/DOKXnJJk9wi/,"Imagem do Instagram",,Total,8351,2696,192,5,0,5,3
17907038169090681,17841429857362439,paulistaof,"Paulistão F Petrobras","ZAGUEIRA ARTILHEIRA!
A Ana Alice diminiui de cabeça para as Sereias!
#PaulistãoFemininoSicredi",15,"09/03/2025 18:26",https://www.instagram.com/reel/DOKW6mmDDIp/,"Reel do Instagram",,Total,19374,11579,535,16,0,6,1
17962474802966961,17841429857362439,paulistaof,"Paulistão F Petrobras","TÁ TUDO IGUAL! QUE FINAL DE JOGO 🤯
A @laryh_09 empata o jogo por aqui 
#PaulistãoFemininoSicredi",17,"09/03/2025 18:21",https://www.instagram.com/reel/DOKWNY3jHYE/,"Reel do Instagram",,Total,7076,4399,336,0,2,4,2
17944781895046317,17841429857362439,paulistaof,"Paulistão F Petrobras","LEI DA EX! 
@ana.__03 diminui para as @sereiasdavilaoficial no Superclássico Sicredi ⚽️
#PaulistãoFemininoSicredi",23,"09/03/2025 18:19",https://www.instagram.com/reel/DOKV3vgjFM6/,"Reel do Instagram",,Total,9274,6242,431,2,1,9,0
18304350979218968,17841429857362439,paulistaof,"Paulistão F Petrobras","Isa, a camisa 77 do Tricolor, ampliou o placar no Superclássico Sicredi!
#PaulistãoFemininoSicredi
📷Rafael Assunção/Ag. Paulistão",0,"09/03/2025 18:00",https://www.instagram.com/p/DOKT6wlE9Rr/,"Carrossel do Instagram",,Total,9338,2792,186,4,0,1,4
17942921418043064,17841429857362439,paulistaof,"Paulistão F Petrobras","MAIS UM!
A @isacaroline_03 aproveitou a deixa e marcou o segundo do Tricolor! 
#PaulistãoFemininoSicredi",19,"09/03/2025 17:52",https://www.instagram.com/reel/DOKS-G-j_JJ/,"Reel do Instagram",,Total,6382,4487,167,1,0,0,1
17898142500147959,17841429857362439,paulistaof,"Paulistão F Petrobras","ISAAAAAA! O São Paulo faz o segundo no Superclássico Sicredi! 🇾🇪 #PaulistãoFemininoSicredi",42,"09/03/2025 17:45",https://www.instagram.com/reel/DOKSDkhD4sS/,"Reel do Instagram",,Total,10247,6888,350,1,4,2,2
18183327421330723,17841429857362439,paulistaof,"Paulistão F Petrobras","É MUITA QUALIDADE! 🗣️😮‍💨
A @rafaa_andraade esbanjando drible no clássico! 
#PaulistãoFemininoSicredi #Aramis",13,"09/03/2025 17:39",https://www.instagram.com/reel/DOKQdw4DzjR/,"Reel do Instagram",,Total,18585,11594,529,10,0,5,7
18019016471751622,17841429857362439,paulistaof,"Paulistão F Petrobras","TRICOLOR NA FRENTE!
O São Paulo vai para o intervalo do Superclássico Sicredi na vantagem!
#PaulistãoFemininoSicredi
📷Rafael Assunção/Ag. Paulistão",0,"09/03/2025 17:18",https://www.instagram.com/p/DOKPIgXk2Ua/,"Imagem do Instagram",,Total,6213,1961,128,0,0,0,0
18077811574971509,17841429857362439,paulistaof,"Paulistão F Petrobras","COMEMORA, TRICOLOR!
O São Paulo marca o primeiro gol e fica na vantagem na Vila Belmiro!
#PaulistãoFemininoSicredi #SuperclássicoSicredi
📷Fernanda Luz/Ag. Paulistão",0,"09/03/2025 17:12",https://www.instagram.com/p/DOKOZf_Dbn9/,"Imagem do Instagram",,Total,7674,2921,193,1,2,0,3
18040997321383419,17841429857362439,paulistaof,"Paulistão F Petrobras","É DO SÃO PAULO! 
@dudinha_serrana8 marcou para deixar o Tricolor na frente no Superclássico Sicredi!
#PaulistãoFemininoSicredi",21,"09/03/2025 17:03",https://www.instagram.com/reel/DOKNOarj7-q/,"Reel do Instagram",,Total,7016,4946,250,4,0,2,1
18057890933112401,17841429857362439,paulistaof,"Paulistão F Petrobras","TRICOLOR NA FRENTE!
A @dudinha_serrana8 abre o placar no Superclássico Sicredi 🔥
#PaulistãoFemininoSicredi",18,"09/03/2025 16:54",https://www.instagram.com/reel/DOKMNuZj4yg/,"Reel do Instagram",,Total,12229,7811,386,7,2,6,1
18103624531579506,17841429857362439,paulistaof,"Paulistão F Petrobras","DIA DE SANTOS E SÃO PAULO! 🤩
Bora para o Superclássico Sicredi da oitava rodada!
#PaulistãoFemininoSicredi!
📷Rafael Assunção/Ag. Paulistão",0,"09/03/2025 16:16",https://www.instagram.com/p/DOKIAUmE8TR/,"Carrossel do Instagram",,Total,6692,1842,176,3,0,3,2
18071205347127623,17841429857362439,paulistaof,"Paulistão F Petrobras","Nota oficial sobre o atraso do início do clássico entre Santos e São Paulo válido pela oitava rodada do Paulistão Feminino Sicredi.",0,"09/03/2025 16:04",https://www.instagram.com/p/DOKGpgfD60L/,"Imagem do Instagram",,Total,70342,31037,1123,24,5,1,11
17907969621088946,17841429857362439,paulistaof,"Paulistão F Petrobras","Chegou a hora conferir os melhores momentos da vitória das @grenasguerreiras!
#PaulistãoFemininoSicredi",68,"09/03/2025 13:32",https://www.instagram.com/reel/DOJ1LfnEjEd/,"Reel do Instagram",,Total,10090,6103,270,2,2,0,1
18054038021553481,17841429857362439,paulistaof,"Paulistão F Petrobras","A ARTILHEIRA DA FERRINHA!
A @natalia_vendito abriu o placar para as @grenasguerreiras e foi eleita a craque da partida!
#PaulistãoFemininoSicredi
📷 Anderson Romão/Ag. Paulistão",0,"09/03/2025 13:11",https://www.instagram.com/p/DOJyzk3j85s/,"Imagem do Instagram",,Total,9852,3090,252,5,0,18,1
18073882726869460,17841429857362439,paulistaof,"Paulistão F Petrobras","VITÓRIA GRENÁ!
A Ferrinha volta para casa com os três pontos na mala!
#PaulistãoFemininoSicredi
📷 Anderson Romão/Ag. Paulistão",0,"09/03/2025 12:58",https://www.instagram.com/p/DOJxVjdjtav/,"Imagem do Instagram",,Total,6309,1935,100,4,1,3,0
18084195613918951,17841429857362439,paulistaof,"Paulistão F Petrobras","MAIS UM!
@sissiribeiro_30 cabeceia firme e as Guerreiras Grenás ampliam o placar na bola parada!
#PaulistãoFemininoSicredi",17,"09/03/2025 12:29",https://www.instagram.com/reel/DOJuDxWD1ER/,"Reel do Instagram",,Total,14487,8416,344,4,3,2,1
18065388656007260,17841429857362439,paulistaof,"Paulistão F Petrobras","Com um gol no fim do primeiro tempo, a Ferrinha vai para o intervalo na vantagem!
📷 Anderson Romão/Ag. Paulistão",0,"09/03/2025 11:59",https://www.instagram.com/p/DOJqm9OEXPB/,"Imagem do Instagram",,Total,6137,1763,83,0,0,0,0
17978702876911674,17841429857362439,paulistaof,"Paulistão F Petrobras","DE PÉ EM PÉ!
A @natalia_vendito estava no lugar certo e marcou no fim do primeiro tempo para abrir o placar no Joaquinzão!
#PaulistãoFemininoSicredi",26,"09/03/2025 11:59",https://www.instagram.com/reel/DOJqh6jD63M/,"Reel do Instagram",,Total,25651,15161,666,4,1,1,8
18339152434164335,17841429857362439,paulistaof,"Paulistão F Petrobras","VAMOS SÃO PAULO!
O Tricolor vai com tudo pra voltar a vencer no #PaulistãoFemininoSicredi 🔥",0,"09/03/2025 11:30",https://www.instagram.com/p/DOJiKRxk9R1/,"Imagem do Instagram",,Total,9704,3720,304,47,3,2,3
18089612866747317,17841429857362439,paulistaof,"Paulistão F Petrobras","Daqui a pouco a bola rola para Taubaté e Ferroviária na abertura da oitava rodada do #PaulistãoFemininoSicredi! AO VIVO no YouTube do @paulistao!
📷 Anderson Romão/Ag. Paulistão",0,"09/03/2025 10:46",https://www.instagram.com/p/DOJiM92k9uv/,"Carrossel do Instagram",,Total,7010,1760,87,1,0,1,0
18103829275574064,17841429857362439,paulistaof,"Paulistão F Petrobras","PRA CIMA, SEREIAS!
Depois da conquista do Brasileirão Feminino A2, as Sereias da Vila vão com tudo no Paulistão Feminino Sicredi.
#PaulistãoFemininoSicredi",0,"09/03/2025 10:00",https://www.instagram.com/p/DOJYFf2k48X/,"Imagem do Instagram",,Total,8684,3006,165,3,1,0,3
18087751471834092,17841429857362439,paulistaof,"Paulistão F Petrobras","PRIMEIRO DO DIA!
Taubaté e Ferroviária abrem a rodada e a quarta-feira no Paulistão Feminino Sicredi.
#PaulistãoFemininoSicredi",0,"09/03/2025 08:00",https://www.instagram.com/p/DOJKavIE281/,"Imagem do Instagram",,Total,11902,5049,146,15,0,2,1
17964786443805953,17841429857362439,paulistaof,"Paulistão F Petrobras","METADE HOJE 🔥
Com direito a Superclássico Sicredi, bora conferir os jogos desta quarta-feira!
#PaulistãoFemininoSicredi",0,"09/03/2025 06:00",https://www.instagram.com/p/DOI8oz0Dsej/,"Imagem do Instagram",,Total,8746,3126,160,7,0,1,0
18354359836091564,17841429857362439,paulistaof,"Paulistão F Petrobras","VOLTAMOS!
Quem aqui já estava com saudades do Paulista Feminino Sub-20 @petrobras?
#PaulistaFemininoSub20Petrobras",0,"09/03/2025 05:00",https://www.instagram.com/p/DOI1sLBiapr/,"Imagem do Instagram",,Total,25385,12592,281,48,5,5,1
18082013443820040,17841429857362439,paulistaof,"Paulistão F Petrobras","O BICHO VAI PEGAR!
Santos e São Paulo fazem o primeiro Superclássico Sicredi do returno do #PaulistãoFemininoSicredi 🔥",0,"09/02/2025 20:05",https://www.instagram.com/p/DOH4TX-CWii/,"Imagem do Instagram",,Total,44346,20069,768,45,2,5,7
17908532769209570,17841429857362439,paulistaof,"Paulistão F Petrobras","BORA PARA O RETURNO!
Vai começar a segunda volta do Paulistão Feminino Sicredi 2025. Bora ver quais os confrontos da oitava rodada 🤩
#PaulistãoFemininoSicredi",0,"09/02/2025 14:00",https://www.instagram.com/p/DOHO68iCQIt/,"Imagem do Instagram",,Total,45205,18979,436,23,0,3,9
18056242802527283,17841429857362439,paulistaof,"Paulistão F Petrobras","FIM DO PRIMEIRO TURNO!
Vem conferir como que foi a primeira metade do Paulistão Feminino Sicredi 2025 👀🔢
#PaulistãoFemininoSicredi #Centauro #publi",0,"09/02/2025 08:00",https://www.instagram.com/p/DOGlnQAkeE4/,"Imagem do Instagram",,Total,9123,2831,203,3,0,4,2
17866643997444330,17841429857362439,paulistaof,"Paulistão F Petrobras","ACOSTUMADAS COM A DECISÃO!
As Brabas chegaram para a sua nona final consecutiva do @brfeminino. Será que vem mais um título para conta? 👀
#ElasEmCampo",0,"09/01/2025 13:49",https://www.instagram.com/p/DOEtij3Emrh/,"Imagem do Instagram",,Total,87546,48912,4690,332,118,57,104
18164265841368234,17841400074692954,paulistao,Paulistão,"DE TRADIÇÕES E GLÓRIAS MIL! 🦅🥳🖤
Sob a luz de um lampião, nasceu o meu maior e último campeão. São 115 anos de muita história. Parabéns, @corinthians!
#FutebolPaulista #Corinthians #Aniversário",0,"08/31/2025 20:05",https://www.instagram.com/p/DOCuo4kjcQQ/,"Imagem do Instagram",,Total,110103,52949,7711,300,3,70,89
17910579531208125,17841429857362439,paulistaof,"Paulistão F Petrobras","Foi assim que terminou a primeira rodada do Paulista Feminino Sub-17 Petrobras!
#PaulistaFemininoSub17Petrobras",0,"08/31/2025 13:06",https://www.instagram.com/p/DOCD4Ykkijt/,"Imagem do Instagram",,Total,22772,8554,313,28,4,1,2
18063493724353459,17841429857362439,paulistaof,"Paulistão F Petrobras","Ponto final na primeira rodada da Taça Paulistana Petrobras!
#TaçaPaulistanaPetrobras",0,"08/31/2025 12:54",https://www.instagram.com/p/DOCCfuIEvrp/,"Imagem do Instagram",,Total,88074,42753,1988,803,44,89,47
17949612510009819,17841429857362439,paulistaof,"Paulistão F Petrobras","ALÔ, @libertadoresfem!
O Timão já carimbou a passagem pra 2026!
#ElasEmCampo",0,"08/31/2025 09:13",https://www.instagram.com/p/DOBpJ9mkTWu/,"Imagem do Instagram",,Total,21639,8214,1409,30,2,12,9
18050455823550429,17841429857362439,paulistaof,"Paulistão F Petrobras","DUELO DEFINIDO!
O Cruzeiro será o adversário do Timão na final do Brasileirão Feminino!
#ElasEmCampo",0,"08/31/2025 09:10",https://www.instagram.com/p/DOBo6EvEfXe/,"Imagem do Instagram",,Total,19934,7119,973,16,1,13,8
18051360770243851,17841429857362439,paulistaof,"Paulistão F Petrobras","EMPATE NO CANINDÉ!
Corinthians leva a melhor no placar agregado do Majestoso e avança para a final do Brasileirão Feminino!
📷Rebeca Reis/Staff Images Woman/CBF",0,"08/31/2025 09:07",https://www.instagram.com/p/DOBofEmgAsH/,"Imagem do Instagram",,Total,8721,2467,256,0,0,2,0
17879017011388585,17841429857362439,paulistaof,"Paulistão F Petrobras","BRABAS FINALISTAS!
O Corinthians vai em busca de mais um título do Brasileirão Feminino!
#ElasEmCampo",0,"08/31/2025 08:43",https://www.instagram.com/p/DOBlvRHDJ3k/,"Imagem do Instagram",,Total,19995,10179,1084,74,3,7,11
18054633794178518,17841429857362439,paulistaof,"Paulistão F Petrobras","Palmeiras vence fora de casa, mas não consegue reverter a desvantagem do jogo de ida e se despede do Brasileirão Feminino.
#ElasEmCampo
📷Staff Images Woman/CBF",0,"08/31/2025 08:38",https://www.instagram.com/p/DOBlO02jtlq/,"Imagem do Instagram",,Total,19530,6957,475,6,0,10,7
17982737648728827,17841429857362439,paulistaof,"Paulistão F Petrobras","TEM CLÁSSICO PAULISTA NO @brfeminino! 🦅🇾🇪
É dia de Semifinal Majestosa valendo vaga na final do Brasileirão!
#ElasEmCampo",0,"08/31/2025 05:00",https://www.instagram.com/p/DOBHGHKjcwR/,"Imagem do Instagram",,Total,10042,3067,257,4,0,3,1
18084196066716088,17841429857362439,paulistaof,"Paulistão F Petrobras","VALE VAGA NA FINAL!
Hora de definir os finalistas do @brfeminino: Corinthians tem a vantagem, enquanto São Paulo e Palmeiras querem reverter o resultado da ida! Quem avança, torcedor?
#ElasEmCampo",0,"08/31/2025 04:30",https://www.instagram.com/p/DOBDwddEyEJ/,"Imagem do Instagram",,Total,8656,2888,207,2,0,1,0
17930643297092683,17841429857362439,paulistaof,"Paulistão F Petrobras","AVANTI, PALESTRINAS! 💚🔥
O Palmeiras é o time da virada e vai buscar tirar a desvantagem e conquistar a vaga na grande final do @brfeminino!
#ElasEmCampo",0,"08/31/2025 04:00",https://www.instagram.com/p/DOBAYv-DoGL/,"Imagem do Instagram",,Total,8717,3211,228,5,0,3,1
18420741361099131,17841429857362439,paulistaof,"Paulistão F Petrobras","Não teve placar em branco no sabadão de Paulista Feminino Sub-17 Petrobras!
#PaulistaFemininoSub17Petrobras",0,"08/30/2025 18:37",https://www.instagram.com/p/DOAE8f1gBWN/,"Imagem do Instagram",,Total,16613,6601,292,22,3,0,2
18053018972553840,17841429857362439,paulistaof,"Paulistão F Petrobras","🏆🤳
#ElasEmCampo
📷Rebeca Reis/Staff Images Woman/CBF",0,"08/30/2025 15:30",https://www.instagram.com/p/DN_uYYDjkve/,"Imagem do Instagram",,Total,20080,4259,309,2,1,3,5
17978954846747859,17841429857362439,paulistaof,"Paulistão F Petrobras","O Alvinegro da Vila Belmiro é o campeão do Brasileiro Feminino A2! 🏆
#ElasEmCampo
📷Rebeca Reis/Staff Images Woman/CBF",0,"08/30/2025 15:15",https://www.instagram.com/p/DN_t2H5jWGI/,"Carrossel do Instagram",,Total,18701,6962,371,25,1,0,7
18079688599761502,17841429857362439,paulistaof,"Paulistão F Petrobras","SANTOS FUTEBOL CLUBE! 🏆
Campeão do Brasileiro Feminino A2!
#ElasEmCampo",27,"08/30/2025 14:26",https://www.instagram.com/reel/DN_oKd8j4zi/,"Reel do Instagram",,Total,13881,8613,672,16,6,15,7
18027771494709691,17841429857362439,paulistaof,"Paulistão F Petrobras","A Taça Paulistana Petrobras começou!
#TaçaPaulistanaPetrobras",0,"08/30/2025 14:20",https://www.instagram.com/p/DN_nlp6kiUj/,"Imagem do Instagram",,Total,13911,5957,122,25,2,1,1
18097759579622671,17841429857362439,paulistaof,"Paulistão F Petrobras","FESTA NA VILA! 🏆
Santos busca o empate diante do Botafogo e fica com o título do Brasileirão Feminino A2 2025!
#ElasEmCampo
📷Reinaldo Campos/Santos",0,"08/30/2025 13:07",https://www.instagram.com/p/DN_fJhxjbmV/,"Imagem do Instagram",,Total,7295,2167,176,1,0,2,1
17999977721812279,17841429857362439,paulistaof,"Paulistão F Petrobras","SANTOS, SEMPRE SANTOS! 🏆🧜‍♀️
As @sereiasdavilaoficial são as grandes campeãs do Brasileiro Feminino A2!
#ElasEmCampo",0,"08/30/2025 13:03",https://www.instagram.com/p/DN_exG6E_NC/,"Imagem do Instagram",,Total,19909,8424,623,51,1,10,8
18075291980003197,17841429857362439,paulistaof,"Paulistão F Petrobras","A TAÇA PAULISTANA PETROBRAS VAI COMEÇAR!
Começando sábado e terminando domingo, a Taça Paulistana @petrobras vai chegar chegando! Assista AO VIVO no YouTube do @paulistao. 😉
#TaçaPaulistanaPetrobras",0,"08/30/2025 10:46",https://www.instagram.com/p/DN_PAWgFWtF/,"Imagem do Instagram",,Total,5374,1440,56,0,0,0,1
18091149379777026,17841429857362439,paulistaof,"Paulistão F Petrobras","A PRIMEIRA!
O Paulista Feminino Sub-17 Petrobras vai começar nesse final de semana! Se liga nos jogos da primeira rodada!
#PaulistaFemininoSub17Petrobras",0,"08/30/2025 08:00",https://www.instagram.com/p/DN-3IqdDiG3/,"Imagem do Instagram",,Total,21799,9890,331,39,6,4,5
18108470785553982,17841429857362439,paulistaof,"Paulistão F Petrobras","SEREIAS NA VANTAGEM! 🧜‍♀️✨
O Santos venceu na ida no Rio de Janeiro e vai decidir a grande final do Brasileirão Feminino Série A2 em casa!
#ElasEmCampo",0,"08/30/2025 05:00",https://www.instagram.com/p/DN-icbsDKK7/,"Imagem do Instagram",,Total,9060,3289,218,2,1,3,2
18528213841032309,17841429857362439,paulistaof,"Paulistão F Petrobras","O PRIMEIRO DO RIO PRETO! 🏆🤩
Em 2016, o @riopreto.ec vencia o Santos e conquistava seu primeiro título de Paulistão Feminino Sicredi!
#BaúdoPaulistão",0,"08/28/2025 05:00",https://www.instagram.com/p/DN5Y_m_DGk7/,"Imagem do Instagram",,Total,50047,26806,595,11,10,6,18
18521578957031098,17841429857362439,paulistaof,"Paulistão F Petrobras","ARIEL SEGUE NA LIDERANÇA! ⚽🔥
O ranking da artilharia do Paulistão Feminino Sicredi tá assim até aqui!
#PaulistaoFemininoSicredi #Artilharia #Assaí",0,"08/27/2025 14:58",https://www.instagram.com/p/DN39jWZE-SY/,"Imagem do Instagram",,Total,9091,3041,206,3,0,5,3
18074876776996446,17841429857362439,paulistaof,"Paulistão F Petrobras","😍❤️
#ElasEmCampo
📷Nayra Halm/Staff Images Woman/CBF",0,"08/26/2025 19:36",https://www.instagram.com/p/DN14hGKWH-q/,"Imagem do Instagram",,Total,36375,8800,669,5,1,6,2
18091648936707287,17841429857362439,paulistaof,"Paulistão F Petrobras","😍😍Momento fofura com a Laryh na final do Brasileirão Feminino A2!
#ElasEmCampo
📷Nayra Halm/Staff Images Woman/CBF",0,"08/26/2025 19:25",https://www.instagram.com/p/DN12r1_XAN6/,"Carrossel do Instagram",,Total,44966,11802,1244,12,0,10,16
17847439428551243,17841429857362439,paulistaof,"Paulistão F Petrobras","O GOLAÇO DA VITÓRIA DAS SEREIAS!
Com categoria, Carol Baiana garantiu a vitória do Santos na final do Brasileirão Feminino A2!
#ElasEmCampo 
🎥Sereias da Vila",58,"08/26/2025 19:12",https://www.instagram.com/reel/DN11tfJUGil/,"Reel do Instagram",,Total,17113,10352,678,5,7,6,7
17962026488965343,17841429857362439,paulistaof,"Paulistão F Petrobras","VITÓRIA DAS SEREIAS!
Santos larga na frente em busca do título do Brasileirão Feminino A2!
#ElasEmCampo
📷Nayra Halm/Staff Images Woman/CBF",0,"08/26/2025 19:06",https://www.instagram.com/p/DN11DMM2O0R/,"Imagem do Instagram",,Total,6881,2450,172,3,0,0,1
18074931581475036,17841429857362439,paulistaof,"Paulistão F Petrobras","PRIMEIRO PASSO CONCLUÍDO COM SUCESSO!✅
Sereias rumo ao título do Brasileirão Feminino A2 na Vila Belmiro!
#ElasEmCampo",0,"08/26/2025 19:02",https://www.instagram.com/p/DN10pyrWFM8/,"Imagem do Instagram",,Total,10864,4487,352,7,2,8,5
17880522810376279,17841429857362439,paulistaof,"Paulistão F Petrobras","PARA CIMA DELAS, SANTOS! 🧜‍♀️✨
As Sereias entram em campo para o primeiro jogo da final do Brasileirão Feminino Série A2! 
#ElasEmCampo #Santos",0,"08/26/2025 06:00",https://www.instagram.com/p/DN0WPVz2PhF/,"Imagem do Instagram",,Total,7367,2363,120,3,1,0,2
17945545953035283,17841400074692954,paulistao,Paulistão,"111 ANOS DE HISTÓRIA, DE LUTAS E DE GLÓRIAS! 🐷💚👏
Feliz aniversário para o maior campeão do Brasil, que completa 111 anos do vício verde, branco e vermelho ao lado da torcida que canta e vibra. Parabéns, Palmeiras! 
#FutebolPaulista #Aniversário #Palmeiras",0,"08/25/2025 20:05",https://www.instagram.com/p/DNzR6Gy3Iyt/,"Imagem do Instagram",,Total,91730,55078,3808,159,1,96,42
18014518085777110,17841429857362439,paulistaof,"Paulistão F Petrobras","DESARMA Y DESARMA! 💪
Gi Oliveira, do @oficial.realidadejovem, lidera o ranking de desarmes dessa edição do #PaulistãoFemininoSicredi!
#Centauro #publi",0,"08/25/2025 13:45",https://www.instagram.com/p/DNyriWz0gRr/,"Imagem do Instagram",,Total,14324,6236,217,13,1,19,3
18082381468931154,17841400074692954,paulistao,Paulistão,"CURSO DE ÁRBITROS 2026! 🟨 🟥
As vagas estão ABERTAS na Escola de Árbitros Flávio Iazzetti (EAFI), da @fpf_oficial, principal formadora da arbitragem brasileira há mais de 75 anos! Inscreva-se já e garanta sua participação no Nível 1, totalmente on-line, a partir de janeiro de 2026 📅

🚨 Comente 𝗘𝗨 𝗤𝗨𝗘𝗥𝗢 e receba mais informações diretamente em sua DM 📩 O formulário de inscrição também tá no link da bio da @fpfacademia 🔗

.
.
.

#FPFAcademia #Curso #Arbitragem #Futebol #FutebolPaulista #EAFI #Árbitro #ÁrbitroDeFutebol #Paulistão #InscriçõesAbertas #FPF #CBF #FIFA",0,"08/25/2025 09:55",https://www.instagram.com/p/DNyRNUR2lll/,"Imagem do Instagram",,Total,114462,25508,589,201,22,372,75
18077717215789522,17841429857362439,paulistaof,"Paulistão F Petrobras","SOBERANIA DAS TRICOLORES! 🏆
Com grande vantagem do São Paulo, esse é o ranking das campeãs do Paulista Feminino Sub-15 Petrobras! E daqui a pouco começa a edição desse ano 👀✨
#PaulistaFemininoSub17Petrobras",0,"08/25/2025 08:00",https://www.instagram.com/p/DNx_NkkZn9B/,"Imagem do Instagram",,Total,63100,37919,1168,33,30,6,26
17907139872087992,17841429857362439,paulistaof,"Paulistão F Petrobras","RANKING DE DEFESAS DO @paulistaofeminino!
Esses são os times que mais defenderam suas metas no campeonato até aqui!
#PaulistãoFemininoSicredi #Centauro #publi",0,"08/24/2025 12:00",https://www.instagram.com/p/DNv14up2H2O/,"Imagem do Instagram",,Total,22115,5664,354,14,0,4,4
18075643844064108,17841429857362439,paulistaof,"Paulistão F Petrobras","BRABAS EM VANTAGEM!
Corinthians vence o jogo de ida e se aproxima da decisão do Brasileiro Feminino!
#ElasEmCampo 
📷Rebeca Reis/Staff Images Woman/CBF",0,"08/24/2025 08:43",https://www.instagram.com/p/DNvkPjmWEob/,"Imagem do Instagram",,Total,12062,5237,711,18,3,16,5
18071924489117556,17841429857362439,paulistaof,"Paulistão F Petrobras","O Verdão perdeu o jogo de ida e agora vai ter que correr atrás do prejuízo para chegar na final do Brasileiro Feminino.
#ElasEmCampo
📷Cris Mattos/Staff Images Woman/CBF",0,"08/24/2025 08:42",https://www.instagram.com/p/DNvkGZLWBbV/,"Imagem do Instagram",,Total,11106,4010,273,4,0,9,3
17856110313448261,17841429857362439,paulistaof,"Paulistão F Petrobras","AS PAULISTAS DE OLHO NA FINAL! 👀🤩
Domingo de @brfeminino com São Paulo, Corinthians e Palmeiras em campo para o primeiro jogo das semifinais!
#ElasEmCampo",0,"08/24/2025 05:00",https://www.instagram.com/p/DNvFiLi3PZ2/,"Imagem do Instagram",,Total,13535,5509,346,11,1,0,4
17904890709239589,17841429857362439,paulistaof,"Paulistão F Petrobras","VALE VAGA NA FINAL! 🐷💚
As Palestrinas vão com tudo em busca de um lugar na grande decisão do @brfeminino!
#ElasEmCampo",0,"08/24/2025 03:30",https://www.instagram.com/p/DNu7RyFQNhc/,"Imagem do Instagram",,Total,10969,3745,346,4,1,7,2
18061739273602955,17841429857362439,paulistaof,"Paulistão F Petrobras","DUELO PAULISTA NA SEMIFINAL! ⚔️🔥
São Paulo e Corinthians se enfrentam para decidir quem fica com a vaga para a grande final do @brfeminino! Qual é o seu palpite, torcedor?
#ElasEmCampo #Majestoso #SemifinalMajestosa",0,"08/24/2025 03:00",https://www.instagram.com/p/DNu3-pE2qZv/,"Imagem do Instagram",,Total,17405,8207,929,31,1,12,12
18073046669018485,17841429857362439,paulistaof,"Paulistão F Petrobras","BRABINHAS NO TOPO! 🏆
O Corinthians é campeão do Brasileiro Feminino Sub-17!
#ElasEmCampo
📷Edu Andrade/Staff Images/CBF",0,"08/23/2025 10:05",https://www.instagram.com/p/DNtIyYR3Aq3/,"Carrossel do Instagram",,Total,16172,4332,593,10,3,9,8
17860597233412063,17841429857362439,paulistaof,"Paulistão F Petrobras","EMPATE NO TOPO DO RANKING!
Se liga quem são as jogadores que mais deram assistências no Paulistão Feminino Sicredi até aqui!
#PaulistãoFemininoSicredi #Centauro #publi",0,"08/22/2025 12:00",https://www.instagram.com/p/DNqsfs0y--R/,"Imagem do Instagram",,Total,11194,3948,258,5,0,3,3
18071797727033644,17841452070888275,saopaulofc_fem,"São Paulo Feminino","O #FutebolFemininoTricolor marcou presença na Caravana do Futebol Feminino Petrobras, evento que está sendo realizado na Mercado Livre Arena Pacaembu.

#VamosSãoPaulo 🇾🇪",20,"08/22/2025 11:31",https://www.instagram.com/reel/DNqtjLNu_xg/,"Reel do Instagram",,Total,31401,19609,1335,4,2,6,0
18062711096351428,17841400074692954,paulistao,Paulistão,"RESERVE A DATA!
Dia 13 de setembro, diretamente do @sesisp.osasco, vai rolar o Brinca & Joga, iniciativa da FPF em parceria com a @petrobras. Fiquem ligados 👀
#BrincaEJoga #FutebolPaulista",0,"08/22/2025 07:30",https://www.instagram.com/p/DNqSTrPN4iY/,"Imagem do Instagram",,Total,32088,7362,105,45,1,1,4
18074331017049163,17841429857362439,paulistaof,"Paulistão F Petrobras","PROTEJAM SUAS IRMÃS! 😱😅
A @eudimillaarodrigues atendeu uma fã que tinha um pedido um tanto quanto inusitado… Alô, irmã, tudo bem por aí?
#PaulistãoFemininoSicredi 
📷Pedro Zacchi/Ag.Paulistão",0,"08/21/2025 14:53",https://www.instagram.com/p/DNogNRBP90M/,"Carrossel do Instagram",,Total,68469,26425,2504,60,3,41,25
18092693281678225,17841429857362439,paulistaof,"Paulistão F Petrobras","INAUGURAÇÃO DE GOLS NAS BRABAS! 🦅⚽
Na vitória por 3 a 0 do Corinthians sobre a Realidade Jovem, Ivana Fuso, Juliana Passari e Thaís Regina marcaram pela primeira vez com a camisa do Timão!
#PaulistãoFemininoSicredi #Corinthians",0,"08/21/2025 14:03",https://www.instagram.com/p/DNoacquOLW_/,"Imagem do Instagram",,Total,39138,15572,2718,14,15,18,19
17887228566340753,17841429857362439,paulistaof,"Paulistão F Petrobras","DE OLHO NA TABELA! 
Com as Brabas ainda na liderança, se liga como está a classificação do Paulistão Feminino Sicredi!
#PaulistãoFemininoSicredi",0,"08/21/2025 13:23",https://www.instagram.com/p/DNoV3prT91s/,"Imagem do Instagram",,Total,135302,72321,2612,60,11,35,18
18037736630690108,17841429857362439,paulistaof,"Paulistão F Petrobras","Vem ver os melhores momentos da vitória das Brabas para cima da Realidade Jovem!
#PaulistãoFemininoSicredi",89,"08/21/2025 13:23",https://www.instagram.com/reel/DNoVzlgSjdU/,"Reel do Instagram",,Total,5417,3684,281,5,2,3,5
18070692314121637,17841429857362439,paulistaof,"Paulistão F Petrobras","O NOME DA CRAQUE DO JOGO É IVANA FUSO!
Primeiro jogo, primeiro gol e primeiro  troféu de craque!
#PaulistãoFemininoSicredi
📷Pedro Zacchi/Ag.Paulistão",0,"08/21/2025 13:15",https://www.instagram.com/p/DNoU6vsuLcH/,"Imagem do Instagram",,Total,8744,2563,465,3,1,12,8
18012502880602098,17841429857362439,paulistaof,"Paulistão F Petrobras","VITÓRIA DAS BRABAS!
Com três gols ainda no primeiro tempo, o Corinthians garantiu mais três pontos fora de casa!
#PaulistãoFemininoSicredi
📷Pedro Zacchi/Ag.Paulistão",0,"08/21/2025 12:57",https://www.instagram.com/p/DNoS6UXP-ym/,"Carrossel do Instagram",,Total,16186,6136,767,19,2,8,5
17887210941342580,17841429857362439,paulistaof,"Paulistão F Petrobras","BRABAS NA VANTAGEM!
Fim do primeiro tempo e o Corinthians vai vencendo o Realidade Jovem por 3 a 0.
#PaulistãoFemininoSicredi
📷Pedro Zacchi/Ag.Paulistão",0,"08/21/2025 11:51",https://www.instagram.com/p/DNoLVXeRQeU/,"Imagem do Instagram",,Total,10229,3450,533,4,2,3,3
18143686552410675,17841429857362439,paulistaof,"Paulistão F Petrobras","SÓ VALE GOL INÉDITO!
Terceiro gol das brabas, terceira jogadora que marca pela primeira vez com a camisa do Timão! Foi a vez da @thaisregina_oficial ampliar para as Brabas!
#PaulistãoFemininoSicredi",20,"08/21/2025 11:50",https://www.instagram.com/reel/DNoLGszyoH-/,"Reel do Instagram",,Total,8536,5864,528,7,0,5,4
18083409937716382,17841429857362439,paulistaof,"Paulistão F Petrobras","MAIS UM DAS BRABAS!
A @juliana.passari foi mais uma que marcou seu primeiro gol com a camisa do Corinthians!
#PaulistãoFemininoSicredi",20,"08/21/2025 11:35",https://www.instagram.com/reel/DNoJY0XBzPs/,"Reel do Instagram",,Total,32566,24083,1057,54,4,19,14
17867116230433546,17841429857362439,paulistaof,"Paulistão F Petrobras","ESTREOU E MARCOU!
Nos primeiros minutos da @ivanaffuso no Corinthians, a atacante já balançou as redes!
#PaulistãoFemininoSicredi",21,"08/21/2025 11:13",https://www.instagram.com/reel/DNoG7zTp-qv/,"Reel do Instagram",,Total,45464,31786,2040,26,4,21,21
18094673713639594,17841429857362439,paulistaof,"Paulistão F Petrobras","TUDO PRONTO!
A bola vai rolar entre Realidade Jovem e Corinthians pela 7ª rodada do Paulistão Feminino Sicredi!
#PaulistãoFemininoSicredi
📷Pedro Zacchi/Ag.Paulistão",0,"08/21/2025 10:45",https://www.instagram.com/p/DNoDx7_uxaH/,"Carrossel do Instagram",,Total,7511,1691,145,1,0,0,1
18040096400396853,17841429857362439,paulistaof,"Paulistão F Petrobras","FORA DE CASA!
Líder do campeonato, o Corinthians visita o Realidade Jovem nesta quinta-feira. 
#PaulistãoFemininoSicredi",0,"08/21/2025 06:00",https://www.instagram.com/p/DNneTdIR4gx/,"Imagem do Instagram",,Total,19517,8840,414,15,2,12,4
17958396965971537,17841429857362439,paulistaof,"Paulistão F Petrobras","FAZENDO HISTÓRIA!
Edina Alves se tornou a primeira mulher a comandar a arbitragem em um jogo das fases eliminatórias da @sudamericanabr.
#Arbitragem",0,"08/20/2025 14:07",https://www.instagram.com/p/DNl2E2avgaI/,"Imagem do Instagram",,Total,27642,12910,262,34,1,18,5
18038010797676331,17841429857362439,paulistaof,"Paulistão F Petrobras","Com gol no fim do jogo, as Palestrinas conseguem os três pontos fora de casa!
#PaulistãoFemininoSicredi",0,"08/20/2025 12:57",https://www.instagram.com/p/DNluIO9PSob/,"Imagem do Instagram",,Total,10332,3515,309,11,2,3,1
18182710462334501,17841401431572960,uolesporte,"UOL Esporte","Olha a animação dessa torcedora do Taubaté! 😂🔥

Nem o empate segurou a empolgação. Ela dançou na arquibancada 🥁💃

#uolesporte #PaulistãoFemininonoUOLPlay #TaubatéxPalmeiras #futebolfeminino",15,"08/20/2025 12:34",https://www.instagram.com/reel/DNlrY_8pyKO/,"Reel do Instagram",,Total,42244,31643,1070,192,6,44,0
18037258475439510,17841429857362439,paulistaof,"Paulistão F Petrobras","UM GOL DE CADA LADO!
Taubaté e Palmeiras vão para o intervalo com tudo igual no placar!
#PaulistãoFemininoSicredi
📷Anderson Romão/Ag. Paulistão",0,"08/20/2025 11:51",https://www.instagram.com/p/DNlmj5BN7Wu/,"Imagem do Instagram",,Total,7460,2017,119,0,0,0,1
18109034305547950,17841429857362439,paulistaof,"Paulistão F Petrobras","A BOLA VAI ROLAR! 
O Taubaté recebe o Palmeiras nessa tarde de quarta-feira!
#PaulistãoFemininoSicredi 
📷Anderson Romão/Ag. Paulistão",0,"08/20/2025 10:27",https://www.instagram.com/p/DNlc42hPnJB/,"Carrossel do Instagram",,Total,7210,1512,102,0,0,0,0
18143563159409053,17841429857362439,paulistaof,"Paulistão F Petrobras","JOGO ÚNICO!
O Taubaté recebe o Palmeiras nesta quarta-feira para dar continuidade à sétima rodada do #PaulistãoFemininoSicredi.",0,"08/20/2025 06:00",https://www.instagram.com/p/DNk5gYvMa5_/,"Imagem do Instagram",,Total,18452,7573,315,31,2,3,3
17857301970482946,17841429857362439,paulistaof,"Paulistão F Petrobras","TROFÉU FICA EM ARARAQUARA!
A Ferroviária levou a melhor no Superclássico Sicredi 🔥
#PaulistãoFemininoSicredi",0,"08/19/2025 16:17",https://www.instagram.com/p/DNjgMZiRvc3/,"Imagem do Instagram",,Total,10603,3907,262,8,0,1,0
18083649007712637,17841429857362439,paulistaof,"Paulistão F Petrobras","VITÓRIA EM CASA!
A @_jubeatriz07 marcou na primeira etapa e garantiu os três pontos para as @grenasguerreiras 🔥
#PaulistãoFemininoSicredi
📷 Celio Messias/Ag. Paulistão",0,"08/19/2025 15:55",https://www.instagram.com/p/DNjdrqzyy_s/,"Carrossel do Instagram",,Total,11301,3572,223,5,2,9,1
18075319226057166,17841429857362439,paulistaof,"Paulistão F Petrobras","VAI COMEÇAR MAIS UMA!
A primeira partida da sétima rodada do Paulistão Feminino Sicredi é logo um Superclássico Sicredi. Quem aqui está ansioso?
#PaulistãoFemininoSicredi
📷 Celio Messias/Ag. Paulistão",0,"08/19/2025 13:30",https://www.instagram.com/p/DNjNESoMdzE/,"Carrossel do Instagram",,Total,7092,1545,117,0,0,0,0
18053862353608452,17841429857362439,paulistaof,"Paulistão F Petrobras","DIA MUNDIAL DA FOTOGRAFIA!
Vem ver alguns cliques incríves do #PaulistãoFemininoSicredi!
📷 Ag. Paulistão",0,"08/19/2025 12:52",https://www.instagram.com/p/DNjIt-uPmrl/,"Carrossel do Instagram",,Total,16548,5392,616,20,3,6,3
17904427635236760,17841429857362439,paulistaof,"Paulistão F Petrobras","DE 👀 NA LIDERANÇA!
O Tricolor quer encostar na liderança do Paulistão Feminino Sicredi.
#PaulistãoFemininoSicredi",0,"08/19/2025 12:00",https://www.instagram.com/p/DNi94UwJjpf/,"Imagem do Instagram",,Total,10235,3090,224,1,1,2,2
18135765688430553,17841429857362439,paulistaof,"Paulistão F Petrobras","EM BUSCA DA VITÓRIA!
As @grenasguerreiras vão pra campo com foco em se manter no G4 do #PaulistãoFemininoSicredi 🔥",0,"08/19/2025 11:00",https://www.instagram.com/p/DNi3CdAsSyf/,"Imagem do Instagram",,Total,8388,2222,111,1,1,0,0
18054155198617866,17841429857362439,paulistaof,"Paulistão F Petrobras","NÃO TEM PARADA 🙅‍♀️🔥
Mais uma rodada chegou e mais um Superclássico Sicredi também. Quem vai levar a melhor entre Ferroviária e São Paulo?
#PaulistãoFemininoSicredi #SuperclássicoSicredi",0,"08/18/2025 20:05",https://www.instagram.com/p/DNhQV3jsIul/,"Imagem do Instagram",,Total,12869,5801,352,8,1,3,5
17931067499965924,17841429857362439,paulistaof,"Paulistão F Petrobras","EM BUSCA DA TAÇA!🏆
Sereias da Vila decidem o título do Brasileirão Feminino A2 contra o Botafogo!
#ElasEmCampo",0,"08/18/2025 19:39",https://www.instagram.com/p/DNhSdtXv0FN/,"Imagem do Instagram",,Total,9856,3439,215,5,1,2,3
18077989627984001,17841429857362439,paulistaof,"Paulistão F Petrobras","A VAGA NA DECISÃO É DAS SEREIAS!
Com emoção, Santos vence nos pênaltis e garante vaga na final do Brasileirão Feminino A2!
#ElasEmCampo
📷Reinaldo Campos/Santos FC",0,"08/18/2025 19:35",https://www.instagram.com/p/DNhSCF8OF94/,"Imagem do Instagram",,Total,24281,13660,608,1,6,8,10
18059852426594141,17841429857362439,paulistaof,"Paulistão F Petrobras","SEREIAS DA VILA NA FINAL!
O SANTOS ESTÁ NA DECISÃO DO BRASILEIRÃO FEMININO A2!
#ElasEmCampo",0,"08/18/2025 19:21",https://www.instagram.com/p/DNhQZmnTbyn/,"Imagem do Instagram",,Total,9596,3572,308,11,0,5,1
18181410202330530,17841429857362439,paulistaof,"Paulistão F Petrobras","QUE GOLAÇO!
A Suzane acertou esse lindo chute e colocou as Sereias da Vila na frente do placar na Vila Belmiro. É o Santos em busca da final do Brasileiro Feminino A2!
#ElasEmCampo
🎥 Sereias da Vila",50,"08/18/2025 18:17",https://www.instagram.com/reel/DNhJDvev7dW/,"Reel do Instagram",,Total,11741,7202,525,5,2,6,2
17852628405520417,17841429857362439,paulistaof,"Paulistão F Petrobras","VEIO AÍ!
A sétima rodada do Paulistão Feminino Sicredi chegou. Bora conferir todos os confrontos para não perder nadinha 👀🔥
#PaulistãoFemininoSicredi",0,"08/18/2025 14:00",https://www.instagram.com/p/DNgnBr9yHgr/,"Imagem do Instagram",,Total,35807,14721,502,21,0,6,8
17955312656993049,17841429857362439,paulistaof,"Paulistão F Petrobras","BRABAS NO TOPO! ⚽🔝
A @arielgodoy94 é a artilheira do Paulistão Feminino Sicredi até aqui!
#PaulistaoFemininoSicredi #Artilharia #Assaí #publi",0,"08/18/2025 13:00",https://www.instagram.com/p/DNgf_mwVpRm/,"Imagem do Instagram",,Total,9380,3466,229,5,0,2,2
18394617034190980,17841429857362439,paulistaof,"Paulistão F Petrobras","RESUMÃO DA RODADA!
A @sahsantanad, da NWB, trouxe tudo que rolou na sexta rodada do Paulistão Feminino Sicredi. 
#CriadoresPaulistãFemininoSicredi",141,"08/18/2025 12:32",https://www.instagram.com/reel/DNghg7NymCS/,"Reel do Instagram",,Total,7200,5146,294,9,5,51,8
18073876085081827,17841429857362439,paulistaof,"Paulistão F Petrobras","TRICOLOR NA LIDERANÇA! 🇾🇪🏆
Com o título recente do Paulista Feminino Sub-15 @petrobras, o São Paulo se tornou o maior campeão do campeonato!
#PaulistaFemininoSub15Petrobras",0,"08/18/2025 11:00",https://www.instagram.com/p/DNgSB1FJXtE/,"Imagem do Instagram",,Total,46424,26266,863,25,10,7,15
18019249397726552,17841429857362439,paulistaof,"Paulistão F Petrobras","É MAJESTOSO!
Tem clássico paulista na semifinal do @brfeminino!
#ElasEmCampo",0,"08/17/2025 08:48",https://www.instagram.com/p/DNdjRK7JBQT/,"Imagem do Instagram",,Total,49378,21941,1221,17,7,27,12
17988729539699868,17841429857362439,paulistaof,"Paulistão F Petrobras","CONFRONTOS DEFINIDOS!
Com a presença do Trio de Ferro, é assim que ficaram as semifinais do @brfeminino!
#ElasEmCampo",0,"08/17/2025 08:41",https://www.instagram.com/p/DNdibW5x5Ae/,"Imagem do Instagram",,Total,43487,14464,763,19,0,22,7
18074956646003037,17841429857362439,paulistaof,"Paulistão F Petrobras","AVANTI, PALESTRINAS!
Em dia de golaços, Palmeiras reverte a desvantagem do jogo de ida e avança para a semifinal do Brasileiro Feminino!
#ElasEmCampo
📷Rebeca Reis/Staff Images Woman/CBF",0,"08/17/2025 08:38",https://www.instagram.com/p/DNdiHrROUdq/,"Imagem do Instagram",,Total,7680,2645,392,8,2,7,3
18069544574138023,17841429857362439,paulistaof,"Paulistão F Petrobras","Chega ao fim a participação do Red Bull Bragantino no Brasileiro Feminino.
#ElasEmCampo
📷Cris Mattos/Staff Images Woman/CBF",0,"08/17/2025 08:36",https://www.instagram.com/p/DNdh1RXPzCj/,"Imagem do Instagram",,Total,5583,1547,81,0,0,0,0
18055513586388673,17841429857362439,paulistaof,"Paulistão F Petrobras","O VERDÃO TÁ NA SEMI!
O sonho do título do @brfeminino segue vivo pro @palmeirasfeminino! 
#ElasEmCampo",0,"08/17/2025 08:30",https://www.instagram.com/p/DNdhImbMTgW/,"Imagem do Instagram",,Total,7038,2623,277,16,0,2,5
17965262372958977,17841412277261590,brfeminino,"Brasileirão Feminino","UM GOLAÇO DA @tainajose08! ⚽️

Tainá Maranhão chamou a zaga rubro-negra pra dançar, cortou pra dentro e fez um golaço pras Palestrinas! 🟢

Placar aberto na Arena Barueri!",24,"08/17/2025 06:53",https://www.instagram.com/reel/DNdV26uN978/,"Reel do Instagram",,Total,3494381,2496635,336226,17472,3276,1083,0
18116378731449959,17841429857362439,paulistaof,"Paulistão F Petrobras","EM BUSCA DA VAGA NA SEMIFINAL! 🔥🤩
Red Bull Bragantino e Palmeiras enfrentam seus adversários pela volta das quartas de final do @brfeminino!
#ElasEmCampo",0,"08/17/2025 06:00",https://www.instagram.com/p/DNdK_A1t34K/,"Imagem do Instagram",,Total,7998,2921,167,4,1,0,2
18155918365344247,17841429857362439,paulistaof,"Paulistão F Petrobras","TRICOLOR SEMIFINALISTA!
São Paulo supera a Ferroviária nos pênaltis e vai encarar o Corinthians na semifinal do Brasileirão Feminino!
#ElasEmCampo
📷Rebeca Reis/Staff Images Woman/CBF",0,"08/16/2025 14:25",https://www.instagram.com/p/DNbk7zySDc0/,"Imagem do Instagram",,Total,10343,5174,261,4,2,2,4
17944965977900578,17841429857362439,paulistaof,"Paulistão F Petrobras","TRICOLOR NA SEMI!
O @saopaulofc_fem segue na busca do título do @brfeminino 
#ElasEmCampo",0,"08/16/2025 14:18",https://www.instagram.com/p/DNbkNHUySXO/,"Imagem do Instagram",,Total,9512,4082,321,21,1,5,5
18045307019638257,17841429857362439,paulistaof,"Paulistão F Petrobras","CRAQUE VENEZUELANA! 🇻🇪
A galera votou lá no meu X e elegeu @dayarodriguezll, do Corinthians, como a Craque da 6ª Rodada do Paulistão Feminino Sicredi!
#PaulistãoFemininoSicredi #CraqueDaRodada",0,"08/16/2025 13:00",https://www.instagram.com/p/DNbbRIaMzSE/,"Imagem do Instagram",,Total,7834,2959,380,6,2,13,5
18009414317795238,17841412277261590,brfeminino,"Brasileirão Feminino","No palco do Morumbis, as campeãs paulistas sub-15 foram recepcionar as Soberanas na entrada do gramado! 👏🇾🇪

#BrasileirãoFeminino",53,"08/16/2025 11:35",https://www.instagram.com/reel/DNbQ-tnxflj/,"Reel do Instagram",,Total,43746,24722,2303,17,9,11,0
18054656042154729,17841429857362439,paulistaof,"Paulistão F Petrobras","VALE VAGA NA SEMIFINAL DO @brfeminino! 😱👀
Tricolores e Guerreiras Grenás duelam pela vaga na próxima fase do Brasileirão Feminino! Quem leva a melhor, torcedor?
#ElasEmCampo",0,"08/16/2025 06:00",https://www.instagram.com/p/DNamMVtTVrO/,"Imagem do Instagram",,Total,6423,2071,133,5,0,1,2
18134732944436489,17841429857362439,paulistaof,"Paulistão F Petrobras","SÓ VALE GOLAÇO!
Duda Sampaio acertou esse lindo chute e fez o segundo das Brabas no Mercado Livre Arena Pacaembu!
#ElasEmCampo 
🎥SporTV",67,"08/15/2025 19:31",https://www.instagram.com/reel/DNZjEUGsoMB/,"Reel do Instagram",,Total,19403,13081,1822,51,8,29,23
18320047795233849,17841429857362439,paulistaof,"Paulistão F Petrobras","NA GAVETA!
QUE GOLAÇO DA ERIKA NO @brfeminino!
#ElasEmCampo 
🎥 SporTV",73,"08/15/2025 19:13",https://www.instagram.com/reel/DNZg_2lM2OP/,"Reel do Instagram",,Total,12325,8600,1030,24,8,13,13
18196900432312914,17841429857362439,paulistaof,"Paulistão F Petrobras","Corinthians vence e está nas semifinais do @brfeminino!
#ElasEmCampo
📷Rebeca Reis/Staff Images Woman/CBF",0,"08/15/2025 19:08",https://www.instagram.com/p/DNZgiNEP7Cb/,"Imagem do Instagram",,Total,9884,4010,619,9,2,5,7
18080845033918598,17841429857362439,paulistaof,"Paulistão F Petrobras","BRABAS NA SEMIFINAL!
Corinthians garante sua vaga entre as quatro melhores equipes do @brfeminino!
#ElasEmCampo",0,"08/15/2025 19:03",https://www.instagram.com/p/DNZf8SjTee7/,"Imagem do Instagram",,Total,10755,5197,709,32,1,17,7
18302690965216662,17841429857362439,paulistaof,"Paulistão F Petrobras","QUEM FOI O DESTAQUE DA 6ª RODADA?
A votação está aberta no X do @paulistaofeminino! Não perca a chance de votar na Craque da Rodada 😉💜
#PaulistãoFemininoSicredi",0,"08/15/2025 13:01",https://www.instagram.com/p/DNY2hd7A3Es/,"Imagem do Instagram",,Total,18570,6282,217,1,1,18,2
18025068746713888,17841429857362439,paulistaof,"Paulistão F Petrobras","BRABAS EM BUSCA DA CLASSIFICAÇÃO!
O Corinthians garantiu a vantagem no jogo de ida e já está de olho na semifinal do @brfeminino!
#ElasEmCampo",0,"08/15/2025 06:00",https://www.instagram.com/p/DNYBe2TsObG/,"Imagem do Instagram",,Total,8264,3028,405,6,0,5,3
18116758921496601,17841429857362439,paulistaof,"Paulistão F Petrobras","DEU SANTOS NO #SUPERCLÁSSICODICREDI!
#PaulistãoFemininoSicredi",0,"08/14/2025 18:10",https://www.instagram.com/p/DNW1KB-upGf/,"Imagem do Instagram",,Total,9915,3201,200,7,0,0,5
18035360498674564,17841429857362439,paulistaof,"Paulistão F Petrobras","SE LIGA AÍ!
A classificação tá na área e o Corinthians segue no topo do Paulistão Feminino Sicredi.
#PaulistãoFemininoSicredi",0,"08/14/2025 17:23",https://www.instagram.com/p/DNWvyyEs7rz/,"Imagem do Instagram",,Total,31748,13173,1194,27,6,25,14
18354313066086943,17841429857362439,paulistaof,"Paulistão F Petrobras","Mais uma rodada de Paulistão Feminino Sicredi finalizada! Vamos aos resultados.
#PaulistãoFemininoSicredi",0,"08/14/2025 17:21",https://www.instagram.com/p/DNWvjUhNPo3/,"Imagem do Instagram",,Total,28726,16518,332,4,7,6,5
17979758192855481,17841429857362439,paulistaof,"Paulistão F Petrobras","VITÓRIA EM BRANCO E PRETO!
O #SuperclássicoSicredi é do Santos!
#PaulistãoFemininoSicredi #SuperclássicoSicredi 
📷Guilherme Veiga e Ronaldo Barreto/Ag. Paulistão",0,"08/14/2025 17:00",https://www.instagram.com/p/DNWtI23t2q3/,"Carrossel do Instagram",,Total,10695,3136,272,15,0,4,4
18133464070434195,17841429857362439,paulistaof,"Paulistão F Petrobras","PEIXÃO NA FRENTE!
Intervalo de jogo da Arena Barueri e é o Santos que tem a vantagem no placar.
#PaulistãoFemininoSicredi #SuperclássicoSicredi 
📷Guilherme Veiga/Ag. Paulistão",0,"08/14/2025 16:00",https://www.instagram.com/p/DNWmRlYPfgU/,"Carrossel do Instagram",,Total,11168,2363,174,3,0,3,2
18071050385121227,17841429857362439,paulistaof,"Paulistão F Petrobras","VAI COMEÇAR MAIS UM SUPERCLÁSSICO SICREDI! 🤩🔥 #PaulistãoFemininoSicredi",24,"08/14/2025 14:54",https://www.instagram.com/reel/DNWeo40y67k/,"Reel do Instagram",,Total,8497,5708,225,2,0,2,0
17882550351241811,17841429857362439,paulistaof,"Paulistão F Petrobras","QUINTA-FEIRA DE CLÁSSICO!
Pra fechar a sexta rodada do Paulistão Feminino Sicredi com chave de ouro, já já tem Palmeiras e Santos em campo na Arena Barueri! 
#PaulistãoFemininoSicredi #SuperclássicoSicredi 
📷Guilherme Veiga/Ag. Paulistão",0,"08/14/2025 14:21",https://www.instagram.com/p/DNWa6ntSMjg/,"Carrossel do Instagram",,Total,7296,1872,193,0,0,2,2
18053122139431312,17841429857362439,paulistaof,"Paulistão F Petrobras","MAIS UM JOGÃO POR AQUI!
Quintou com mais um Superclássico Sicredi, é dia de Palmeiras e Santos em campo. A @dinizcarla21, da NWB, trouxe o que cada equipe busca para a partida. Confira 👀
#CriadoresPaulistãoFemininoSicredi",59,"08/14/2025 13:48",https://www.instagram.com/reel/DNWXAuVt2Rp/,"Reel do Instagram",,Total,3470,2369,113,6,7,25,5
18107874964559502,17841429857362439,paulistaof,"Paulistão F Petrobras","VAMOS, SEREIAS! 🧜‍♀️🌟
O Santos quer subir na tabela do #PaulistãoFemininoSicredi e precisa vencer fora da casa!
#SuperclássicoSicredi #Santos",0,"08/14/2025 12:30",https://www.instagram.com/p/DNWJKwaPJqM/,"Imagem do Instagram",,Total,5673,1867,111,1,0,0,1
18084407275865971,17841429857362439,paulistaof,"Paulistão F Petrobras","AVANTI, PALESTRINAS! 💚👀
O @palmeirasfeminino quer voltar a vencer no #PaulistãoFemininoSicredi e vai em busca dos três pontos no clássico! 
#SuperclássicoSicredi #Palmeiras",0,"08/14/2025 12:00",https://www.instagram.com/p/DNWFwiczIhb/,"Imagem do Instagram",,Total,8316,2859,260,4,1,0,0
17905386789218469,17841429857362439,paulistaof,"Paulistão F Petrobras","É DIA DE SUPERCLÁSSICO SICREDI! 🐷⚔️🧜‍♀️
Palestrinas e Sereias fecham a rodada e vão em busca da vitória em mais um clássico no #PaulistãoFemininoSicredi!",0,"08/13/2025 20:05",https://www.instagram.com/p/DNUYV6ux1ST/,"Imagem do Instagram",,Total,10647,5135,316,17,0,1,11
18383744029121636,17841429857362439,paulistaof,"Paulistão F Petrobras","DIA DOS MANDANTES!
Assim termina a quarta-feira no #PaulistãoFemininoSicredi 🔥",0,"08/13/2025 16:17",https://www.instagram.com/p/DNUDXJIR3eG/,"Imagem do Instagram",,Total,6574,2634,121,1,0,1,2
18391088002189417,17841429857362439,paulistaof,"Paulistão F Petrobras","VITÓRIA TRICOLOR!
Karla Alves marca o único gol do jogo e garante três pontos para o @saopaulofc_fem!
#PaulistãoFemininoSicredi 
📷 Rebeca Reis/Ag. Paulistão",0,"08/13/2025 15:53",https://www.instagram.com/p/DNUAsf3yuR9/,"Carrossel do Instagram",,Total,10103,3428,262,10,0,5,2
17973927989763135,17841429857362439,paulistaof,"Paulistão F Petrobras","GOLAÇO! 
O Tricolor está na frente com esse BELO GOL de falta da @karlaalvesmac ⚽️🔥
#PaulistãoFemininoSicredi",29,"08/13/2025 15:24",https://www.instagram.com/reel/DNT9KdzSpwA/,"Reel do Instagram",,Total,24344,15390,1042,136,2,38,6
18049133948556073,17841401431572960,uolesporte,"UOL Esporte","O São Paulo quaaaaase abriu o placar contra o Realidade Jovem o Paulistão Feminino!

▶️ Como faz pra assistir no UOL Play?

É só entrar em uol.com.br/play e depois selecionar o plano do Paulistão: a partir de R$ 19,90 por mês. Aí é só correr pro abraço e torcer pro seu time de coração!

▶️ E como faz pra assistir no Canal UOL?

Na Claro TV, está no canal 549.
Na Vivo TV, o número é 613.
O Canal UOL também está disponível na Oi TV (canal nº 140), na Sky (canal n° 88), na TVRO Embratel (canal nº 546), na Zapping (canal nº 64), na Samsung TV (canal n° 2074), na Pluto TV e no UOL Play.

#UOLEsporte #Futebol #FutebolFeminino #PaulistaoFeminino #SãoPaulo #paulistaofemininonouol",27,"08/13/2025 15:21",https://www.instagram.com/reel/DNT8-1Ope3Y/,"Reel do Instagram",,Total,42294,32004,257,15,1,16,0
18074357282052852,17841429857362439,paulistaof,"Paulistão F Petrobras","TUDO IGUAL!
Não rolou bola na rede na primeira etapa. Será que a emoção ficou só para o segundo tempo?
#PaulistãoFemininoSicredi 
📷 Rebeca Reis/Ag. Paulistão",0,"08/13/2025 14:59",https://www.instagram.com/p/DNT6ej9ykly/,"Imagem do Instagram",,Total,6031,2379,146,1,0,4,2
18063797846002312,17841429857362439,paulistaof,"Paulistão F Petrobras","VITÓRIA DO MASSA BRUTA!
Vem conferir os melhores momentos do triunfo do @redbullbragantino por 2 a 0.
#PaulistãoFemininoSicredi",86,"08/13/2025 14:42",https://www.instagram.com/reel/DNT4b5kSOpd/,"Reel do Instagram",,Total,7159,4869,194,6,1,2,1
18068332612935607,17841429857362439,paulistaof,"Paulistão F Petrobras","ARTILHEIRA!
Foi a @janetavares_08 que abriu o placar e ainda levou o troféu de Craque do Jogo 🤩
#PaulistãoFemininoSicredi 
📷 Anderson Lira/Ag. Paulistão",0,"08/13/2025 14:21",https://www.instagram.com/p/DNT2GN1yAZs/,"Imagem do Instagram",,Total,4097,1476,53,2,0,2,0
18046119383317247,17841429857362439,paulistaof,"Paulistão F Petrobras","COM EMOÇÃO…
Já nos acréscimos, a @pauli_gramaglia subiu mais alto que a defesa e deixou o dela ⚽️⚽️
#PaulistãoFemininoSicredi",24,"08/13/2025 14:13",https://www.instagram.com/reel/DNT1H8pSmQ_/,"Reel do Instagram",,Total,21644,11614,650,11,5,12,9
18041190707349370,17841429857362439,paulistaof,"Paulistão F Petrobras","FOI NA EMOÇÃO ⚽️
Com dois gols no finalzinho, o Massa Bruta garante mais três pontos no #PaulistãoFemininoSicredi 
📷 Anderson Lira/Ag. Paulistão",0,"08/13/2025 13:59",https://www.instagram.com/p/DNTzlX7S9UK/,"Carrossel do Instagram",,Total,8361,3948,128,9,0,7,1
18104543410568382,17841429857362439,paulistaof,"Paulistão F Petrobras","RECEBEU E…
@janetavares_08 estava no lugar certo e aproveitou o belo passe para marcar para o @redbullbragantino ⚽️
#PaulistãoFemininoSicredi",27,"08/13/2025 13:53",https://www.instagram.com/reel/DNTy0htS8k3/,"Reel do Instagram",,Total,9917,6317,255,7,0,4,2
18094194922726688,17841429857362439,paulistaof,"Paulistão F Petrobras","MAIS UM!
Achou que ir ter só um jogo hoje? A bola ainda vai rolar para São Paulo e Realidade Jovem.
#PaulistãoFemininoSicredi 
📷 Rebeca Reis/Ag. Paulistão",0,"08/13/2025 13:28",https://www.instagram.com/p/DNTwGBwxRUi/,"Imagem do Instagram",,Total,3910,1175,78,0,0,2,1
18151555642387115,17841429857362439,paulistaof,"Paulistão F Petrobras","SEM GOL ATÉ AQUI!
Nem Red Bull Bragantino, nem Taubaté marcaram na primeira etapa. Será que teremos gols no segundo tempo?
#PaulistãoFemininoSicredi
📷 Anderson Lira/Ag. Paulistão",0,"08/13/2025 12:57",https://www.instagram.com/p/DNTsknpP_YQ/,"Imagem do Instagram",,Total,4387,1623,61,1,0,5,1
18087774100794187,17841429857362439,paulistaof,"Paulistão F Petrobras","MAIS UM DIA!
Vai começar o dia de #PaulistãoFemininoSicredi por aqui. Quem vai vencer entre Red Bull Bragantino e Taubaté?
📷 Anderson Lira/Ag. Paulistão",0,"08/13/2025 11:52",https://www.instagram.com/p/DNTlG3Uxm_y/,"Imagem do Instagram",,Total,3956,1320,99,0,0,1,0
18088565863700478,17841429857362439,paulistaof,"Paulistão F Petrobras","Tricolor e Realidade Jovem se enfrentam em busca da vitória no #PaulistãoFemininoSicredi!",0,"08/13/2025 11:00",https://www.instagram.com/p/DNTaQ1WM1ye/,"Imagem do Instagram",,Total,5519,2118,127,1,0,5,0
17949137549880102,17841401431572960,uolesporte,"UOL Esporte","TEM TRICOLOR NO UOL! 🔥

A partir das 18h, o São Paulo vai enfrentar o Realidade Jovem pelo Paulistão Feminino, e o UOL transmite o jogo com EXCLUSIVIDADE!

A narração vai ser da @vivifalconioficial e os comentários da @mlacombe e da @livia_camillo_. Bora nessa? 😁

▶️ Como faz pra assistir no UOL Play?

É só entrar em uol.com.br/play e depois selecionar o plano do Paulistão: a partir de R$ 19,90 por mês. Aí é só correr pro abraço e torcer pro seu time de coração!

▶️ E como faz pra assistir no Canal UOL?

Na Claro TV, está no canal 549.
Na Vivo TV, o número é 613.
O Canal UOL também está disponível na Oi TV (canal nº 140), na Sky (canal n° 88), na TVRO Embratel (canal nº 546), na Zapping (canal nº 64), na Samsung TV (canal n° 2074), na Pluto TV e no UOL Play.

#UOLEsporte #UOL #SãoPaulo #RealidadeJovem #PaulistãoFemininoNoUOL #PaulistãoFemininoNoUOLPlay",0,"08/13/2025 09:00",https://www.instagram.com/p/DNTRWi2xcIA/,"Imagem do Instagram",,Total,19638,9097,129,1,0,6,0
17991897434824679,17841429857362439,paulistaof,"Paulistão F Petrobras","O Red Bull Bragantino recebe o Taubaté nessa quarta-feira de #PaulistãoFemininoSicredi!",0,"08/13/2025 07:00",https://www.instagram.com/p/DNS-zfeAAJS/,"Imagem do Instagram",,Total,9023,3428,147,14,1,3,1
18059779697069135,17841429857362439,paulistaof,"Paulistão F Petrobras","EM DOSE DUPLA!
A quarta-feira vem com tudo: são dois jogaços no #PaulistãoFemininoSicredi!",0,"08/13/2025 06:00",https://www.instagram.com/p/DNS37_5Tuz4/,"Imagem do Instagram",,Total,11849,7357,144,16,0,3,4
18052727162451314,17841429857362439,paulistaof,"Paulistão F Petrobras","BASTIDORES 👀
Vem acompanhar como foi o preparo dá árbitra Jessica Milani para realizar o primeiro jogo da história do futebol brasileiro com essa nova tecnologia 🎥 
#PaulistãoFemininoSicredi",45,"08/12/2025 16:46",https://www.instagram.com/reel/DNRhxvhR7cC/,"Reel do Instagram",,Total,38553,24244,1399,110,28,36,26
17882497533244754,17841429857362439,paulistaof,"Paulistão F Petrobras","VITÓRIA ALVINEGRA NO SUPERCLÁSSICO SICREDI! 👏⚫⚪ #PaulistãoFemininoSicredi",0,"08/12/2025 16:30",https://www.instagram.com/p/DNRgH8ducG_/,"Imagem do Instagram",,Total,8497,4267,615,10,0,15,5
18069463628151972,17841429857362439,paulistaof,"Paulistão F Petrobras","VITÓRIA DO CORINTHIANS! 🔥
As Brabas aumentam ainda mais a vantagem na liderança do #PaulistãoFemininoSicredi!
📷 Rebeca Reis/Ag. Paulistão",0,"08/12/2025 16:05",https://www.instagram.com/p/DNRdRZOTk96/,"Carrossel do Instagram",,Total,9988,4307,877,17,2,26,5
18140547214420085,17841401431572960,uolesporte,"UOL Esporte","O duelo entre Corinthians e Ferroviária pelo Paulistão Feminino teve algo ainda inédito no futebol brasileiro: a câmera na arbitragem. 

A tecnologia já tinha sido implementada no Mundial de Clubes e foi usada no jogo de hoje no Pacaembu. Se liga no 1º gol das Brabas pelo olhar da árbitra!

🎥 @paulistaofeminino

#UOLEsporte #UOL #PaulistãoFemininoNoUOL #PaulistãoFemininoNoUOLPlay #Corinthians #Ferroviária",18,"08/12/2025 15:50",https://www.instagram.com/reel/DNRbf1jpkHZ/,"Reel do Instagram",,Total,117495,85479,2503,31,2,21,0
18040835528356480,17841429857362439,paulistaof,"Paulistão F Petrobras","TIMÃO AMPLIA! ⚫⚪
Carol Nogueira faz o 2º do Corinthians no Superclássico Sicredi! #PaulistãoFemininoSicredi",19,"08/12/2025 15:45",https://www.instagram.com/reel/DNRa4r-RXLD/,"Reel do Instagram",,Total,14826,8777,1284,16,0,15,10
18070036655147143,17841429857362439,paulistaof,"Paulistão F Petrobras","MAIS UM! 
@carolinenogueira11 amplia para o Timão! 
#PaulistãoFemininoSicredi",13,"08/12/2025 15:31",https://www.instagram.com/reel/DNRZNoqPIom/,"Reel do Instagram",,Total,11173,7100,837,6,0,13,10
18335239870205305,17841429857362439,paulistaof,"Paulistão F Petrobras","QUE GOLAAAAAÇO! 😮‍💨
O primeiro gol da @dayarodriguezll pelo Corinthians foi uma bela pintura pra abrir o placar! ⚫⚪ #PaulistãoFemininoSicredi",21,"08/12/2025 15:12",https://www.instagram.com/reel/DNRXGsTO61G/,"Reel do Instagram",,Total,25395,15362,1988,35,1,24,19
18083685961886734,17841429857362439,paulistaof,"Paulistão F Petrobras","INTERVALO!
Por enquanto, vai dando Corinthians no Superclássico Sicredi! #PaulistãoFemininoSicredi
📷 Rebeca Reis/Ag. Paulistão",0,"08/12/2025 14:57",https://www.instagram.com/p/DNRVfIPpGij/,"Imagem do Instagram",,Total,4968,2001,305,0,0,3,2
18052918109181316,17841429857362439,paulistaof,"Paulistão F Petrobras","NOVIDADE NA ÁREA! 🤩
O Superclássico Sicredi entre Corinthians e Ferroviária é o PRIMEIRO JOGO DO BRASIL a contar com a câmera na árbitra! #PaulistãoFemininoSicredi",14,"08/12/2025 14:52",https://www.instagram.com/reel/DNRU16GyDsk/,"Reel do Instagram",,Total,163607,97709,2759,191,0,49,47
17916347547154987,17841429857362439,paulistaof,"Paulistão F Petrobras","EQUIPES EM CAMPO! 🤝
Vai começar o Superclássico Sicredi! 
#PaulistãoFemininoSicredi",24,"08/12/2025 13:59",https://www.instagram.com/reel/DNROw9_Pt4d/,"Reel do Instagram",,Total,9218,5831,418,3,0,6,2
18058377338587003,17841429857362439,paulistaof,"Paulistão F Petrobras","Aquecimento rolando pra Corinthians e Ferroviária! Já já tem Superclássico Sicredi! 🤩 #PaulistãoFemininoSicredi
📷 Rebeca Reis/Ag. Paulistão",0,"08/12/2025 13:49",https://www.instagram.com/p/DNRNsqUSH5z/,"Carrossel do Instagram",,Total,6995,2282,311,3,1,0,3
18017811008574332,17841429857362439,paulistaof,"Paulistão F Petrobras","Quem será que leva esse troféu, hein? 👀🏆 #PaulistãoFemininoSicredi
📷 Rebeca Reis/Ag. Paulistão",0,"08/12/2025 13:42",https://www.instagram.com/p/DNRM7icSYuC/,"Imagem do Instagram",,Total,4426,1586,110,0,0,0,1
18065542556179406,17841429857362439,paulistaof,"Paulistão F Petrobras","TUDO PRONTO! 🔥
Já já a bola vai rolar pra mais um Superclássico Sicredi, entre Corinthians e Ferroviária! 🤩 #PaulistãoFemininoSicredi
📷 Rebeca Reis/Ag. Paulistão",0,"08/12/2025 13:38",https://www.instagram.com/p/DNRMbUgpTEm/,"Carrossel do Instagram",,Total,5003,1501,197,0,0,0,2
18041127053352649,17841429857362439,paulistaof,"Paulistão F Petrobras","SEMANA MOVIMENTADA!
Diretamente da Mercado Livre Arena Pacaembu, @corinthiansfutebolfeminino e @grenasguerreiras entram em campo no Paulistão Feminino Sicredi. A @_clarissacarvalho, da NWB, trouxe tudo desse jogão 🤩
#CriadoresPaulistãoFemininoSicredi",71,"08/12/2025 13:32",https://www.instagram.com/reel/DNRLnYgyNq5/,"Reel do Instagram",,Total,4232,3041,297,4,1,15,8
18405855022114127,17841401431572960,uolesporte,"UOL Esporte","QUARTA TEM JOGÃO! 🔥

A partir das 18h, o São Paulo vai enfrentar o Realidade Jovem pelo Paulistão Feminino, e o UOL transmite o jogo com EXCLUSIVIDADE!

A narração vai ser da @vivifalconioficial e os comentários da @mlacombe e da @livia_camillo_. Bora nessa? 😁

▶️ Como faz pra assistir no UOL Play?

É só entrar em uol.com.br/play e depois selecionar o plano do Paulistão: a partir de R$ 19,90 por mês. Aí é só correr pro abraço e torcer pro seu time de coração!

▶️ E como faz pra assistir no Canal UOL?

Na Claro TV, está no canal 549.
Na Vivo TV, o número é 613.
O Canal UOL também está disponível na Oi TV (canal nº 140), na Sky (canal n° 88), na TVRO Embratel (canal nº 546), na Zapping (canal nº 64), na Samsung TV (canal n° 2074), na Pluto TV e no UOL Play.

#UOLEsporte #UOL #SãoPaulo #RealidadeJovem #PaulistãoFemininoNoUOL #PaulistãoFemininoNoUOLPlay",0,"08/12/2025 13:00",https://www.instagram.com/p/DNRBLuJRbZN/,"Imagem do Instagram",,Total,25694,9190,153,5,0,1,0
17919939423130779,17841429857362439,paulistaof,"Paulistão F Petrobras","É DIA 30!
A bola vai rolar na Taça Paulistana @petrobras com transmissão AO VIVO no Youtube do @paulistao. Veja a tabela completa em futebolpaulista.com.br!
#TaçaPaulistanaPetrobras",0,"08/12/2025 12:06",https://www.instagram.com/p/DNRB3wlyx91/,"Imagem do Instagram",,Total,24313,13515,232,91,3,2,4
18159732916373654,17841429857362439,paulistaof,"Paulistão F Petrobras","PLAY!
Tá chegando a hora do Paulista Feminino Sub-17 @petrobras. Se liga nos confrontos da primeira rodada! Confira a tabela completa em futebolpaulista.com.br!
#PaulistaFemininoSub17Petrobras",0,"08/12/2025 11:45",https://www.instagram.com/p/DNQ_iAbS8hG/,"Imagem do Instagram",,Total,59157,29643,610,233,16,11,9
17856292956482365,17841429857362439,paulistaof,"Paulistão F Petrobras","BORA, FERRINHA! 🚂🔥
A bola vai rolar e as Guerreiras Grenás querem a vitória no #SuperclássicoSicredi!
#PaulistãoFemininoSicredi #Ferroviária",0,"08/12/2025 11:30",https://www.instagram.com/p/DNQ47z1PcF1/,"Imagem do Instagram",,Total,6139,2437,159,2,0,4,2
18101191378582898,17841429857362439,paulistaof,"Paulistão F Petrobras","VAI, CORINTHIANS! 🦅🤝
O Timão busca os três pontos para se manter na liderança do #PaulistãoFemininoSicredi!
#SuperclássicoSicredi #Corinthians",0,"08/12/2025 11:00",https://www.instagram.com/p/DNQ1e_OMzYe/,"Imagem do Instagram",,Total,9899,4869,402,8,0,2,3
18075823700002567,17841429857362439,paulistaof,"Paulistão F Petrobras","RESTAM SEIS PAULISTAS!
Bora conferir os confrontos das minhas equipes na @copadobrasil_fem 🔥🤩
#ElasEmCampo",0,"08/12/2025 08:17",https://www.instagram.com/p/DNQnoxbgnYM/,"Imagem do Instagram",,Total,13151,7321,479,27,1,8,7
18085207186866909,17841429857362439,paulistaof,"Paulistão F Petrobras","PARA ABRIR A RODADA! 🤩👀
As Brabas e as Guerreiras Grenás se enfrentam em mais um #SuperclássicoSicredi! Quem leva a melhor, torcedor?
#PaulistãoFemininoSicredi",0,"08/11/2025 20:05",https://www.instagram.com/p/DNPOvZZttyC/,"Imagem do Instagram",,Total,14968,8434,1037,17,19,19,13
17842400118557263,17841429857362439,paulistaof,"Paulistão F Petrobras","O Santos saiu atrás na semifinal do Brasileirão Feminino A2. Agora, as Sereias da Vila jogam em casa para reverter o placar.
#ElasEmCampo
📷Daniela Veiga/Atlético",0,"08/11/2025 19:01",https://www.instagram.com/p/DNPMjPqMHiU/,"Imagem do Instagram",,Total,9428,4227,239,1,0,2,2
18035301890679461,17841429857362439,paulistaof,"Paulistão F Petrobras","BORA PARA MAIS UMA!
Chegou a hora de acompanhar a 6ª rodada do Paulistão Feminino Sicredi. Se liga nos confrontos!
#PaulistãoFemininoSicredi",0,"08/11/2025 16:00",https://www.instagram.com/p/DNOzEUUutUP/,"Imagem do Instagram",,Total,26549,14054,412,29,0,4,9
17899583076127866,17841401431572960,uolesporte,"UOL Esporte","QUARTA É DIA, HEIN 🔥

A partir das 18h, o São Paulo vai enfrentar o Realidade Jovem pelo Paulistão Feminino, e o UOL transmite o jogo com EXCLUSIVIDADE!

A narração vai ser da @vivifalconioficial e os comentários da @mlacombe e da @livia_camillo_. Bora nessa? 😁

▶️ Como faz pra assistir no UOL Play?

É só entrar em uol.com.br/play e depois selecionar o plano do Paulistão: a partir de R$ 19,90 por mês. Aí é só correr pro abraço e torcer pro seu time de coração!

▶️ E como faz pra assistir no Canal UOL?

Na Claro TV, está no canal 549.
Na Vivo TV, o número é 613.
O Canal UOL também está disponível na Oi TV (canal nº 140), na Sky (canal n° 88), na TVRO Embratel (canal nº 546), na Zapping (canal nº 64), na Samsung TV (canal n° 2074), na Pluto TV e no UOL Play.

#UOLEsporte #UOL #SãoPaulo #RealidadeJovem #PaulistãoFemininoNoUOL #PaulistãoFemininoNoUOLPlay",0,"08/11/2025 15:57",https://www.instagram.com/p/DNO3jbjRh74/,"Imagem do Instagram",,Total,39942,18999,160,28,0,11,0
18074612351002670,17841429857362439,paulistaof,"Paulistão F Petrobras","SEREIAS DA VILA EM CAMPO! 🤩🧜‍♀️
Segundamos com Santos no primeiro jogo da semifinal do @brfeminino A2! 
#ElasEmCampo",0,"08/11/2025 06:00",https://www.instagram.com/p/DNNuHN_uFjK/,"Imagem do Instagram",,Total,7755,3847,180,7,0,3,2
17928116340097082,17841467312227297,fpfacademia,"FPF Academia","PRESENÇAS ESPECIAIS! ✅
Vem com a gente conferir os primeiros nomes confirmados no Curso Gestão de Futebol Feminino da 𝗙𝗣𝗙 𝗔𝗰𝗮𝗱𝗲𝗺𝗶𝗮 🏆 Não perca a chance de aprender mais sobre a modalidade com quem entende muito do assunto!

🔗 Para se inscrever, é só acessar o link da bio ou dos destaques! Dúvidas? Mande uma DM para a @fpfacademia 📩

.
.
.

#FPFAcademia #Curso #Gestão #FutebolFeminino #Futebol #FutebolPaulista #FPF #InscriçõesAbertas #Mulheres",0,"08/10/2025 14:16",https://www.instagram.com/p/DNMHNqcyif0/,"Carrossel do Instagram",,Total,22384,5598,297,27,13,7,0
17995379804666863,17841429857362439,paulistaof,"Paulistão F Petrobras","AS NOSSAS DRIBLADORAS! 🏃‍♀️
@dosz_santos7 e @tainajose08 foram as jogadoras que mais driblaram no Paulistão Feminino Sicredi até aqui!
#PaulistãoFemininoSicredi #Centauro #publi",0,"08/10/2025 10:00",https://www.instagram.com/p/DNLlBA-so_F/,"Imagem do Instagram",,Total,13106,6535,351,10,0,11,2
18086026360641328,17841429857362439,paulistaof,"Paulistão F Petrobras","Um domingo sem vitórias para o futebol paulista. 😥
Agora é focar nos jogos de volta!
#ElasEmCampo",0,"08/10/2025 08:57",https://www.instagram.com/p/DNLin8qMmIG/,"Imagem do Instagram",,Total,4195,1938,79,0,0,1,0
17895021414270534,17841429857362439,paulistaof,"Paulistão F Petrobras","EMPATE NO CANINDÉ!
Red Bull Bragantino e Cruzeiro não balançaram as redes.
#ElasEmCampo
📷Staff Images Woman/CBF",0,"08/10/2025 08:49",https://www.instagram.com/p/DNLhzo7MozS/,"Imagem do Instagram",,Total,3589,1550,69,4,0,1,0
18065499719186066,17841429857362439,paulistaof,"Paulistão F Petrobras","O Palmeiras levou a pior no primeiro jogo das quartas do Brasileirão Feminino.
#ElasEmCampo
📷Mariana Sá/Flamengo",0,"08/10/2025 08:48",https://www.instagram.com/p/DNLhpc1M12D/,"Imagem do Instagram",,Total,5900,2988,221,2,1,7,6
18057214919376749,17841429857362439,paulistaof,"Paulistão F Petrobras","DOMINGOU NO @brfeminino!
As Bragantinas jogam em casa contra o Cruzeiro, enquanto as Palestrinas visitam o Flamengo.
#ElasEmCampo",0,"08/10/2025 06:00",https://www.instagram.com/p/DNLJa65tMmb/,"Imagem do Instagram",,Total,4517,2017,111,1,0,0,2
18019457798737377,17841429857362439,paulistaof,"Paulistão F Petrobras","Empate no duelo paulista e vitória do Timão fora de casa. Esse foi o sábado com #ElasEmCampo pelo Brasileirão Feminino.
#FutebolPaulista",0,"08/09/2025 16:05",https://www.instagram.com/p/DNJu0PyMgYA/,"Imagem do Instagram",,Total,5495,2656,244,1,1,10,0
18074536525818574,17841429857362439,paulistaof,"Paulistão F Petrobras","VANTAGEM DAS BRABAS!
Com gol no finzinho, Corinthians leva a melhor sobre o Bahia no jogo de ida das quartas de final do Brasileiro Feminino.
#ElasEmCampo
📷Letícia Martins/Bahia",0,"08/09/2025 16:02",https://www.instagram.com/p/DNJufYKMABT/,"Imagem do Instagram",,Total,8408,4307,808,16,0,17,4
17843512062552407,17841429857362439,paulistaof,"Paulistão F Petrobras","FINALIZA Y FINALIZA! 
O @saopaulofc_fem lidera as finalizações certas do Paulistão Feminino Sicredi e Corinthians e Ferroviária vem logo atrás!
#PaulistãoFemininoSicredi #Centauro #publi",0,"08/09/2025 15:00",https://www.instagram.com/p/DNJiiqsufRT/,"Imagem do Instagram",,Total,8409,4443,333,2,2,1,3
18170509846347957,17841429857362439,paulistaof,"Paulistão F Petrobras","EMPATE PAULISTA!
Ferroviária e São Paulo não conseguiram balançar a rede em Araraquara.
#ElasEmCampo
📷Rebeca Reis/Staff Images Woman/CBF",0,"08/09/2025 13:30",https://www.instagram.com/p/DNJdG73OnSz/,"Imagem do Instagram",,Total,4198,1702,123,0,0,0,0
18090469009662592,17841429857362439,paulistaof,"Paulistão F Petrobras","TRICOLOR CAMPEÃO!
São Paulo supera a Ferroviária nos pênaltis e fatura o título do Paulista Feminino Sub-15 Petrobras!
#PaulistaFemininoSub15Petrobras 
📷Rodrigo Corsi/Ag. Paulistão",0,"08/09/2025 13:26",https://www.instagram.com/p/DNJctBFsDlh/,"Imagem do Instagram",,Total,18292,9771,861,34,6,18,2
18063169016264041,17841429857362439,paulistaof,"Paulistão F Petrobras","SALVE O TRICOLOR PAULISTA! 🏆
O São Paulo é o grande campeão do Paulista Feminino Sub-15 Petrobras 2025!
#PaulistaFemininoSub15Petrobras",0,"08/09/2025 12:49",https://www.instagram.com/p/DNJYab0Pz-c/,"Imagem do Instagram",,Total,92473,38796,3218,121,4,36,20
18092837122656612,17841429857362439,paulistaof,"Paulistão F Petrobras","NADA DE GOLS!
Intervalo na decisão do Paulista Sub-15 Petrobras e o placar segue zerado para São Paulo e Ferroviária.
#PaulistaFemininoSub15Petrobras 
📷Rodrigo Corsi e Diego Soares/Ag. Paulistão",0,"08/09/2025 11:54",https://www.instagram.com/p/DNJSHBYsD5G/,"Carrossel do Instagram",,Total,17130,5228,730,5,3,1,1
18092068870590588,17841429857362439,paulistaof,"Paulistão F Petrobras","VALENDO! 🏆
A grande final do #PaulistaSub15FemininoPetrobras começou! 🥳",17,"08/09/2025 11:03",https://www.instagram.com/reel/DNJMNNyvqcm/,"Reel do Instagram",,Total,10811,5862,436,12,1,3,4
17980148552734602,17841429857362439,paulistaof,"Paulistão F Petrobras","Ela é linda, né? 🥰😍
#PaulistaFemininoSub15Petrobras 
📷Diego Soares/Ag. Paulistão",0,"08/09/2025 10:54",https://www.instagram.com/p/DNJLTw4zT3e/,"Carrossel do Instagram",,Total,5247,1768,186,3,1,1,1
18093872188649082,17841429857362439,paulistaof,"Paulistão F Petrobras","TÁ CHEGANDO A HORA!
Aquecimento rolando no Bruno José Daniel! Daqui a pouquinho tem São Paulo e Ferroviária em campo na final do Paulista Feminino Sub-15 Petrobras!
#PaulistaFemininoSub15Petrobras 
📷Diego Soares/Ag. Paulistão",0,"08/09/2025 10:43",https://www.instagram.com/p/DNJJ99LTjpZ/,"Carrossel do Instagram",,Total,10872,3211,397,2,1,1,2
18037454891415355,17841429857362439,paulistaof,"Paulistão F Petrobras","🥇🥈👀
Quem será que vai ficar com a medalha de ouro?
#PaulistaFemininoSub15Petrobras
📷Rodrigo Corsi/Ag. Paulistão",0,"08/09/2025 10:30",https://www.instagram.com/p/DNJIgO5TZrZ/,"Carrossel do Instagram",,Total,9577,2382,364,0,0,0,1
17915869290039423,17841429857362439,paulistaof,"Paulistão F Petrobras","DETLAHES! ✨
#PaulistaFemininoSub15Petrobras 
📷Diego Soares/Ag. Paulistão",0,"08/09/2025 10:27",https://www.instagram.com/p/DNJINrfz4Zg/,"Carrossel do Instagram",,Total,5209,1661,200,1,0,0,0
17975021819866035,17841429857362439,paulistaof,"Paulistão F Petrobras","DIA DE DUELO PAULISTA NO @brfeminino! 🚂🤝🇾🇪
@grenasguerreiras e @saopaulofc_fem duelam no jogo de ida das quartas de final. Quem leva a melhor, torcedor?
#ElasEmCampo",0,"08/09/2025 07:30",https://www.instagram.com/p/DNIvCntunS3/,"Imagem do Instagram",,Total,5751,3154,224,4,1,4,2
18073009844023217,17841429857362439,paulistaof,"Paulistão F Petrobras","VAMOS PARA AS QUARTAS!
Tem #ElasEmCampo pelo @brfeminino nesse sábado.",0,"08/09/2025 06:00",https://www.instagram.com/p/DNIkrjbznsj/,"Imagem do Instagram",,Total,5528,3032,236,2,0,3,2
17919411267134446,17841429857362439,paulistaof,"Paulistão F Petrobras","PREPARADOS PARA A GRANDE FINAL?
São Paulo e Ferroviária se enfrentam pelo título do Paulista Feminino Sub-15 Petrobras! Quem leva a melhor? Fique ligado do YouTube do @paulistao 😉
#PaulistaFemininoSub15Petrobras",0,"08/08/2025 12:18",https://www.instagram.com/p/DNGwHvuvPlc/,"Imagem do Instagram",,Total,53469,28952,706,165,14,11,5
18036699650435649,17841429857362439,paulistaof,"Paulistão F Petrobras","DE GOL, AS BRABAS ENTENDEM!
Se liga no ranking dos times que mais fizeram gols no Paulistão Feminino Sicredi desse ano!
#PaulistãoFemininoSicredi #Centauro #publi",0,"08/08/2025 11:02",https://www.instagram.com/p/DNGnb0lM-Qb/,"Imagem do Instagram",,Total,9138,4724,521,5,0,6,9
18069796502327132,17841400074692954,paulistao,Paulistão,"5️⃣ VITÓRIAS! TIMÃO 100% NA SEMANA DE DERBY!
#PaulistasEmCampo #Derby",0,"08/07/2025 14:34",https://www.instagram.com/p/DNEa0f8ziRx/,"Imagem do Instagram",,Total,636818,404276,33669,5402,11,296,845
18282588874259164,17841429857362439,paulistaof,"Paulistão F Petrobras","BONDE DAS CLASSIFICADAS!
Seis equipes do #FutebolPaulista seguem na busca do título da Copa do Brasil Feminina.
#ElasEmCampo",0,"08/07/2025 14:05",https://www.instagram.com/p/DNEXiIyzAra/,"Imagem do Instagram",,Total,10037,5766,510,6,0,5,3
18079437400736102,17841429857362439,paulistaof,"Paulistão F Petrobras","Santos é superado pelo América-MG e está fora da Copa do Brasil Feminina.
#ElasEmCampo
📷 Reinaldo Campos/Santos FC",0,"08/07/2025 13:12",https://www.instagram.com/p/DNERgIHzZSd/,"Imagem do Instagram",,Total,9089,5292,359,9,1,10,4
18077208299294281,17841400074692954,paulistao,Paulistão,"ESTAMOS NA DISPUTA!
Arthur Elias, Amanda Gutierres e Estêvão foram indicados na primeira lista para o Ballon D'Or 2025. 🏆🔥
#FutebolPaulista",0,"08/07/2025 11:12",https://www.instagram.com/p/DNEDwAEyg0W/,"Imagem do Instagram",,Total,196778,95271,6169,72,0,34,54
18059708558602503,17841429857362439,paulistaof,"Paulistão F Petrobras","SEREIAS EM BUSCA DA CLASSIFICAÇÃO!
Pra cima delas, Santos! 🧜‍♀️🔥
#ElasEmCampo",0,"08/07/2025 06:34",https://www.instagram.com/p/DNDj_ACsnLJ/,"Imagem do Instagram",,Total,6650,1623,119,1,0,2,3
17975194049756289,17841429857362439,paulistaof,"Paulistão F Petrobras","A quarta-feira terminou assim para os times paulistas na Copa do Brasil Feminina!
#ElasEmCampo",0,"08/06/2025 18:31",https://www.instagram.com/p/DNCRPHOy3cg/,"Imagem do Instagram",,Total,8898,5553,289,4,0,0,1
18122861791480826,17841429857362439,paulistaof,"Paulistão F Petrobras","VITÓRIA E CLASSIFICAÇÃO DAS TRICOLORES NA COPA DO BRASIL FEMININA!
#ElasEmCampo
📷Dhavid Normando / São Paulo FC",0,"08/06/2025 18:16",https://www.instagram.com/p/DNCPfc2tLn9/,"Imagem do Instagram",,Total,6515,3504,339,9,1,4,1
18519938119033050,17841429857362439,paulistaof,"Paulistão F Petrobras","TRICOLORES NA PRÓXIMA FASE!
São Paulo vence e garante vaga nas oitavas da Copa do Brasil Feminina!
#ElasEmCampo",0,"08/06/2025 18:11",https://www.instagram.com/p/DNCO3g6NYxz/,"Imagem do Instagram",,Total,5134,2792,209,6,0,0,1
18102526240504242,17841429857362439,paulistaof,"Paulistão F Petrobras","NOS PÊNALTIS! 🧤😎
@corinthiansfutebolfeminino derrota o Cruzeiro e segue vivo na disputa da Copa do Brasil Feminina!
#ElasEmCampo
📷 Reprodução/CBF",0,"08/06/2025 14:50",https://www.instagram.com/p/DNB32XFTLC_/,"Imagem do Instagram",,Total,7144,3996,556,3,6,15,5
18545642947008139,17841429857362439,paulistaof,"Paulistão F Petrobras","TIMÃO CLASSIFICADO! 🦅🤩
Corinthians avança para as Oitavas de Final da Copa do Brasil Feminina!
#ElasEmCampo",0,"08/06/2025 14:42",https://www.instagram.com/p/DNB3BQSvdD0/,"Imagem do Instagram",,Total,10373,6784,819,52,1,32,5
18091443031658490,17841429857362439,paulistaof,"Paulistão F Petrobras","NOS PÊNALTIS E COM EMOÇÃO! 🤩🧤
O Realidade Jovem está nas Oitavas de Final da Copa do Brasil Feminina!
#ElasEmCampo",0,"08/06/2025 13:12",https://www.instagram.com/p/DNBssVzv89D/,"Imagem do Instagram",,Total,26743,10884,325,33,4,7,3
17968677233928603,17841429857362439,paulistaof,"Paulistão F Petrobras","VITÓRIA GRENÁ!
A Ferroviária goleou o Coritiba pela Copa do Brasil Feminina!
#ElasEmCampo
📷Rafael Zocco/Ferroviária",0,"08/06/2025 13:11",https://www.instagram.com/p/DNBsl-Hph-s/,"Imagem do Instagram",,Total,5123,2341,158,0,0,2,3
18280236853285100,17841429857362439,paulistaof,"Paulistão F Petrobras","GUERREIRAS GRENÁS NA PRÓXIMA FASE!
É a Ferroviária rumo às oitavas da Copa do Brasil Feminina!
#ElasEmCampo",0,"08/06/2025 13:11",https://www.instagram.com/p/DNBshqjva4B/,"Imagem do Instagram",,Total,4448,1938,132,2,0,1,1
18071948957018936,17841429857362439,paulistaof,"Paulistão F Petrobras","GOLEADA ALVIVERDE!
Coloca mais uma vitória na conta das Palestrinas!
#ElasEmCampo
📷Paloma Cassiano/Palmeiras",0,"08/06/2025 13:06",https://www.instagram.com/p/DNBr8W7Aqnu/,"Imagem do Instagram",,Total,4536,2041,160,3,0,0,2
18471689152077159,17841429857362439,paulistaof,"Paulistão F Petrobras","AVANTI, PALESTRINAS! 
O Palmeiras está classificado para as oitavas de final da Copa do Brasil Feminina!
#ElasEmCampo",0,"08/06/2025 13:04",https://www.instagram.com/p/DNBry6hvROa/,"Imagem do Instagram",,Total,13474,8508,584,18,1,17,4
18067878704150924,17841429857362439,paulistaof,"Paulistão F Petrobras","QUE RECEPÇÃO PARA AS NOSSAS CAMPEÃS! 😍🏆✨
O Orlando Pride deu as boas-vindas para Marta e Angelina depois do título da Copa América Feminina!
#ElasEmCampo #CopaAméricaFeminina
🎥Orlando Pride",57,"08/06/2025 12:12",https://www.instagram.com/reel/DNBlugZhJ3a/,"Reel do Instagram",,Total,8029,5085,620,7,0,9,10
17854979634495866,17841429857362439,paulistaof,"Paulistão F Petrobras","MUDANÇA NO RANKING! 🔥
A artilharia do #PaulistãoFemininoSicredi ficou assim após a 5ª rodada! #Artilharia #Assaí",0,"08/06/2025 11:01",https://www.instagram.com/p/DNBdsO0vqx6/,"Imagem do Instagram",,Total,4152,1782,104,0,0,1,0
18113512450510702,17841429857362439,paulistaof,"Paulistão F Petrobras","TARDE DECISIVA! 
Se liga nos horários da Copa do Brasil dessa quarta-feira!
#ElasEmCampo",0,"08/06/2025 06:00",https://www.instagram.com/p/DNA2FfaMKkb/,"Imagem do Instagram",,Total,6741,3642,218,9,1,3,2
17914396299166390,17841429857362439,paulistaof,"Paulistão F Petrobras","O São José sofreu a derrota e foi eliminado da Copa do Brasil Feminina.
#ElasEmCampo
📷Mariana Luz/São José Futebol Feminino",0,"08/05/2025 13:05",https://www.instagram.com/p/DM_HGwUSVgV/,"Imagem do Instagram",,Total,9179,4496,234,8,0,7,1
17930353703963005,17841429857362439,paulistaof,"Paulistão F Petrobras","A 3ª MAIOR GOLEADORA DAS SEREIAS! ⚽🧜‍♀️
A @thaisinhaduarte tá com moral ou não tá? 😮‍💨
#ElasEmCampo #SereiasDaVila #Santos",0,"08/05/2025 12:00",https://www.instagram.com/p/DM-8cFJp8ai/,"Carrossel do Instagram",,Total,61747,13589,1003,27,1,20,10
17993826179814916,17841429857362439,paulistaof,"Paulistão F Petrobras","TERÇA-FEIRA DE COPA DO BRASIL! 👀🌟
São José e Red Bull Bragantino vão em busca da classificação para a próxima fase!
#ElasEmCampo",0,"08/05/2025 06:00",https://www.instagram.com/p/DM-RyItM-ZN/,"Imagem do Instagram",,Total,5944,2959,186,4,0,2,0
18107229928540939,17841429857362439,paulistaof,"Paulistão F Petrobras","FIM DE PAPO!
A @kell.delgado, da NWB-C, trouxe tudo que rolou na quinta rodada do Paulistão Feminino Sicredi. Vem conferir.
#CriadoresPaulistãoFemininoSicredi",71,"08/04/2025 13:07",https://www.instagram.com/reel/DM8ibU2q7MG/,"Reel do Instagram",,Total,2759,2158,68,4,0,4,0
18069089477119362,17841400074692954,paulistao,Paulistão,"DOMÍNIO ALVINEGRO!
O Timão ganhou três dos cinco confrontos contra o Palmeiras que rolaram até agora na semana de Derby! Nos últimos dois, quem vai ser superior?
#PaulistasEmCampo #Derby",0,"08/04/2025 11:00",https://www.instagram.com/p/DM8POCHNUwc/,"Imagem do Instagram",,Total,351451,222927,19689,977,3,159,344
18065056975975110,17841429857362439,paulistaof,"Paulistão F Petrobras","HORA DE VOTAR! 🤝👀
Chegou a hora de escolher a Craque da 5ª rodada do #PaulistãoFemininoSicredi! E aí, quem foi a melhor? Deixe o seu voto no nosso X!
#CraqueDaRodada",0,"08/04/2025 10:21",https://www.instagram.com/p/DM8PjE4T6yG/,"Imagem do Instagram",,Total,10203,5218,212,0,2,25,1
17987210897699402,17841429857362439,paulistaof,"Paulistão F Petrobras","CONFRONTO DEFINIDO!
São Paulo e Ferroviária vão decidir o Paulista Feminino Sub-15 Petrobras!
#PaulistaFemininoSub15Petrobras",0,"08/03/2025 16:46",https://www.instagram.com/p/DM6W1uesJVI/,"Imagem do Instagram",,Total,20520,11453,377,48,5,10,4
18197574055309656,17841429857362439,paulistaof,"Paulistão F Petrobras","GUERREIRINHAS NA FINAL! 
Ferroviária vence o Corinthians e vai encarar o São Paulo na decisão do Paulista Feminino Sub-15
@petrobras! 
#PaulistaFemininoSub15Petrobras",0,"08/03/2025 15:47",https://www.instagram.com/p/DM6QFg7p_mZ/,"Imagem do Instagram",,Total,9930,4991,241,9,2,8,0
17908691010070972,17841429857362439,paulistaof,"Paulistão F Petrobras","NOVO LÍDER!
Com a vitória no #SuperclássicoSicredi, o Corinthians assumiu a dianteira do Paulistão Feminino Sicredi!
#PaulistãoFemininoSicredi",0,"08/03/2025 13:43",https://www.instagram.com/p/DM6B10nJHvd/,"Imagem do Instagram",,Total,22720,13650,1024,31,11,14,8
18054464291133244,17841429857362439,paulistaof,"Paulistão F Petrobras","A quinta rodada do Paulistão Feminino Sicredi está finalizada! Se liga nos resultados!
#PaulistãoFemininoSicredi",0,"08/03/2025 13:41",https://www.instagram.com/p/DM6BnbCPLPw/,"Imagem do Instagram",,Total,12478,6684,190,6,1,5,1
18091211818730125,17841429857362439,paulistaof,"Paulistão F Petrobras","Bora com os melhores momentos da Santos e Realidade Jovem? Então vem com o adm!
#PaulistãoFemininoSicredi",88,"08/03/2025 13:40",https://www.instagram.com/reel/DM6Ba2io4zL/,"Reel do Instagram",,Total,11840,7877,345,11,6,1,1
18521204026057826,17841429857362439,paulistaof,"Paulistão F Petrobras","Vitória do Timão no Superclássico Sicredi e empate entre Santos e Realidade Jovem na Vila Belmiro. Esse foi o domingão no Paulistão Feminino Sicredi.
#PaulistãoFemininoSicredi",0,"08/03/2025 13:40",https://www.instagram.com/p/DM6BdBevBLJ/,"Imagem do Instagram",,Total,6794,3113,237,2,1,1,1
18070258856026017,17841429857362439,paulistaof,"Paulistão F Petrobras","EMPATE NA VILA BELMIRO!
Fim de jogo e o placar marcou a igualdade entre Santos e Realidade Jovem!
#PaulistasEmCampo 
📷Fernanda Luz/Ag. Paulistão",0,"08/03/2025 13:35",https://www.instagram.com/p/DM6A4WIyDe4/,"Carrossel do Instagram",,Total,18354,9777,186,30,0,2,4
17939942604024451,17841429857362439,paulistaof,"Paulistão F Petrobras","📸📸📸
#FestivalPaulistaFemininoSub12Petrobras
📷Célio Messias/Ag. Paulistão",0,"08/03/2025 13:16",https://www.instagram.com/p/DM5-zI0uSL-/,"Carrossel do Instagram",,Total,23338,11025,438,63,6,8,1
17884323432220653,17841429857362439,paulistaof,"Paulistão F Petrobras","PLACAR EM BRANCO!
Não tivemos gol no primeiro tempo de Santos e Realidade Jovem. Será que a rede vai balançar no segundo tempo?
#PaulistasEmCampo
📷Fernanda Luz/Ag. Paulistão",0,"08/03/2025 12:04",https://www.instagram.com/p/DM52giHysdh/,"Imagem do Instagram",,Total,4730,1772,68,0,0,0,1
18314487271240917,17841429857362439,paulistaof,"Paulistão F Petrobras","Ponto final nas partidas do Festival Paulista Feminino Sub-12 Petrobras!
#FestivalPaulistaFemininoSub12Petrobras",0,"08/03/2025 11:35",https://www.instagram.com/p/DM5zJuGhTZA/,"Imagem do Instagram",,Total,8330,3834,160,14,0,1,1
17975843939752856,17841429857362439,paulistaof,"Paulistão F Petrobras","Mais algumas fotos deste domingo de #FestivalPaulistaFemininoSub12Petrobras.
📷Célio Messias/Ag. Paulistão",0,"08/03/2025 10:10",https://www.instagram.com/p/DM5pgXRtE9Y/,"Carrossel do Instagram",,Total,19596,8900,401,34,6,3,2
17900706816097942,17841429857362439,paulistaof,"Paulistão F Petrobras","ANOTA AÍ!
Bora conferir as datas dos jogos da fase de grupos da @selecaofemininadefutebol na Copa América Feminina.
#CopaAméricaFeminina",0,"07/02/2025 10:00",https://www.instagram.com/p/DLnKBqfuOay/,"Imagem do Instagram",,Total,35131,23946,1904,290,37,17,120
17933947116066389,17841429857362439,paulistaof,"Paulistão F Petrobras","Pra fechar a quinta rodada do Paulistão Feminino Sicredi com chave de ouro, a Vila mais famosa do mundo recebe o confronto entre Santos e Realidade Jovem!
#PaulistãoFemininoSicredi
📷Fernanda Luz/Ag. Paulistão",0,"08/03/2025 10:09",https://www.instagram.com/p/DM5pZwdt73r/,"Imagem do Instagram",,Total,4964,1784,103,0,0,3,3
17970354344922936,17841429857362439,paulistaof,"Paulistão F Petrobras","EU VOU MIMAR VOCÊ ATÉ QUANDO EU PUDER 🤏🥺💖 
#FestivalPaulistaFemininoSub12Petrobras #FutebolFeminino",24,"08/03/2025 09:46",https://www.instagram.com/reel/DM5mLH0st1I/,"Reel do Instagram",,Total,26605,17108,937,80,19,26,3
18057361136081294,17841429857362439,paulistaof,"Paulistão F Petrobras","O #SUPERCLÁSSICOSICREDI É DO CORINTHIANS!
#PaulistãoFemininoSicredi",0,"08/03/2025 09:26",https://www.instagram.com/p/DM5kYPRsrxt/,"Imagem do Instagram",,Total,7012,3732,421,10,0,12,4
17929495053065897,17841429857362439,paulistaof,"Paulistão F Petrobras","Vitória no Superclássico Sicredi e troféu de Craque do Jogo. Que dia para a @gabizanottid! 
#PaulistãoFemininoSicredi",0,"08/03/2025 09:07",https://www.instagram.com/p/DM5iPWustQa/,"Imagem do Instagram",,Total,51400,32608,2308,17,4,15,13
17974887104870069,17841429857362439,paulistaof,"Paulistão F Petrobras","TIMÃO NO TOPO!
Corinthians vence o #SuperclássicoSicredi e assume a liderança do #PaulistãoFemininoSicredi!
📷Rodrigo Corsi e Diego Soares/Ag. Paulistão",0,"08/03/2025 09:04",https://www.instagram.com/p/DM5h6dXNOua/,"Carrossel do Instagram",,Total,62674,28864,3040,84,3,24,12
17941763456912320,17841429857362439,paulistaof,"Paulistão F Petrobras","QUASE O EMPATE! 
Pressão do Palmeiras e a @gi.fernandes salvou o Timão! 
#PaulistaoFemininoSicredi",8,"08/03/2025 08:29",https://www.instagram.com/reel/DM5ddUeM6Tf/,"Reel do Instagram",,Total,18123,10689,606,2,16,5,3
18035893187439989,17841429857362439,paulistaof,"Paulistão F Petrobras","SUB-12 EM CAMPO!
Mais um dia de Festival Paulista Feminino Petrobras rolando em Matão!
#FestivalPaulistaFemininoSub12Petrobras
📷Célio Messias/Ag. Paulistão",0,"08/03/2025 08:17",https://www.instagram.com/p/DM5clXUvFn-/,"Carrossel do Instagram",,Total,28937,13232,570,127,7,8,3
18121032160487283,17841429857362439,paulistaof,"Paulistão F Petrobras","É REDE!
O Timão abre o placar no #SuperclássicoSicredi! 
#PaulistãoFemininoSicredi",22,"08/03/2025 08:01",https://www.instagram.com/reel/DM5arfRBcID/,"Reel do Instagram",,Total,13637,9859,843,12,5,13,5
18079659610737365,17841429857362439,paulistaof,"Paulistão F Petrobras","FECHANDO A RODADA! 🙅‍♀️
Santos e Realidade Jovem se enfrentam na Vila Belmiro pelo último jogo da 5ª rodada do #PaulistãoFemininoSicredi!",0,"08/03/2025 08:00",https://www.instagram.com/p/DM5VvGhNfLd/,"Imagem do Instagram",,Total,4844,2301,73,1,0,0,0
18062856017262272,17841429857362439,paulistaof,"Paulistão F Petrobras","TIMÃO NA FRENTE!
Com gol de Gabi Zanotti, o Corinthians vai para o intervalo com a vantagem no marcador do #SuperclássicoSicredi!
#PaulistãoFemininoSicredi 
📷Rodrigo Corsi/Ag. Paulistão",0,"08/03/2025 07:57",https://www.instagram.com/p/DM5aNsQPSB3/,"Imagem do Instagram",,Total,4729,2288,392,3,0,10,5
18094677991626854,17841429857362439,paulistaof,"Paulistão F Petrobras","REFERÊNCIA! 👑
Aqui no Festival Paulista Feminino Petrobras a gente acordou com a magia da nossa 10! 🥹😍 #FestivalPaulistaFemininoSub12Petrobras",13,"08/03/2025 07:51",https://www.instagram.com/reel/DM5ZZyKslUr/,"Reel do Instagram",,Total,28046,14994,767,23,18,11,10
17878501539263977,17841429857362439,paulistaof,"Paulistão F Petrobras","DA CAMISA 🔟! ⚽️😮‍💨
Gabi Zanotti abre o placar para o Timão no #SuperclássicoSicredi! 
#PaulistãoFemininoSicredi",29,"08/03/2025 07:43",https://www.instagram.com/reel/DM5Ygboswxr/,"Reel do Instagram",,Total,18855,12213,1419,23,8,13,13
18069902591158618,17841429857362439,paulistaof,"Paulistão F Petrobras","JÁ IMAGINOU A SENSAÇÃO DE ENTRAR EM CAMPO COM A SUA JOGADORA FAVORITA? 🥰🤝
Uma experiência @petrobras no Derby do #PaulistãoFemininoSicredi!",28,"08/03/2025 07:12",https://www.instagram.com/reel/DM5Uh9Ks3JV/,"Reel do Instagram",,Total,12325,8286,438,15,4,9,7
17900834403246658,17841429857362439,paulistaof,"Paulistão F Petrobras","TÁ CHEGANDO A HORA!
Às 11h tem #SuperclássicoSicredi! 
#PaulistãoFemininoSicredi 
📷Diego Soares/Ag. Paulistão",0,"08/03/2025 06:39",https://www.instagram.com/p/DM5RURTAVve/,"Carrossel do Instagram",,Total,8923,3934,238,0,4,6,0
17913497694171220,17841429857362439,paulistaof,"Paulistão F Petrobras","DOMINGO DE DERBY! 
É dia de #SuperclássicoSicredi! É dia de Corinthians e Palmeiras no #PaulistãoFemininoSicredi! 
📷Diego Soares/Ag. Paulistão",0,"08/03/2025 06:10",https://www.instagram.com/p/DM5OBFVPi-z/,"Imagem do Instagram",,Total,5173,2630,245,0,1,4,0
18095831059719626,17841429857362439,paulistaof,"Paulistão F Petrobras","DOMINGO DE CLÁSSICO NO PAULISTÃO FEMININO SICREDI! 🔥
O Corinthians recebe o Palmeiras na Fazendinha, enquanto o Taubaté visita o Santos na Vila Belmiro!
#PaulistãoFemininoSicredi",0,"08/03/2025 06:00",https://www.instagram.com/p/DM5H3i6OcEB/,"Imagem do Instagram",,Total,5746,3245,171,3,0,0,1
17863868439440531,17841429857362439,paulistaof,"Paulistão F Petrobras","DIA DE SUPERCLÁSSICO SICREDI!
A @lautessi, da NWB-C, trouxe algumas informações sobre o Derby de logo mais. Bora conferir 👀
#SuperclássicoSicredi #CriadoresPaulistãoFemininoSicredi",50,"08/03/2025 05:36",https://www.instagram.com/reel/DM5J_c9svVY/,"Reel do Instagram",,Total,5592,4275,132,3,1,7,2
18522334261039890,17841429857362439,paulistaof,"Paulistão F Petrobras","AVANTI, PALESTRINAS! 🐷💚
O Palmeiras quer manter a liderança do campeonato e vai em busca dos três pontos no Derby dessa rodada!
#PaulistãoFemininoSicredi",0,"08/03/2025 05:00",https://www.instagram.com/p/DM5BHz1uTBJ/,"Imagem do Instagram",,Total,11075,7105,401,9,6,9,5
18037065506427708,17841429857362439,paulistaof,"Paulistão F Petrobras","DOMINGO CHEIO!
Vem conferir todos os confrontos que vão rolar no Festival Paulista Feminino Sub-12 @petrobras! Tudo AO VIVO no YouTube do @paulistao! 
#FestivalPaulistaFemininoSub12Petrobras",0,"08/03/2025 04:44",https://www.instagram.com/p/DM5EJAhOQkB/,"Imagem do Instagram",,Total,5281,2807,77,8,1,0,0
18056253347103878,17841429857362439,paulistaof,"Paulistão F Petrobras","PARA CIMA DELAS, BRABAS! 🦅💜
O Corinthians vai contar com o apoio da sua torcida para o Derby de hoje!
#PaulistãoFemininoSicredi",0,"08/03/2025 04:30",https://www.instagram.com/p/DM49fyaObkV/,"Imagem do Instagram",,Total,6729,3968,388,5,3,5,5
18060738884041127,17841429857362439,paulistaof,"Paulistão F Petrobras","DUELO DE GIGANTES! 😱🔥
O confronto entre os dois primeiros colocados da tabela promete MUITO! Qual é o seu palpite para o Derby, torcedor? 
#PaulistãoFemininoSicredi",0,"08/02/2025 20:05",https://www.instagram.com/p/DM4Dli6MbrG/,"Imagem do Instagram",,Total,60636,39740,2206,68,51,32,39
17901308763239336,17841429857362439,paulistaof,"Paulistão F Petrobras","CAMPEÃS ⭐️
#CopaAméricaFEM
📷 Lívia Villas Boas/CBF",0,"08/02/2025 19:04",https://www.instagram.com/p/DM4BzZ5MyIM/,"Imagem do Instagram",,Total,5130,2563,372,2,1,0,5
18071343317018842,17841429857362439,paulistaof,"Paulistão F Petrobras","ARTILHEIRA!
Amanda Gutierres, senhoras e senhores! A atacante foi uma das artilheiras da #CopaAméricaFEM ⚽",0,"08/02/2025 18:06",https://www.instagram.com/p/DM37Ip3tLU4/,"Imagem do Instagram",,Total,71677,34781,1688,43,4,22,15
17863280244443342,17841429857362439,paulistaof,"Paulistão F Petrobras","PAREDÃO QUE FALA, NÉ?
Lorena fechando o gol virou rotina 🤩
#CopaAméricaFEM",0,"08/02/2025 17:40",https://www.instagram.com/p/DM34JeptObg/,"Imagem do Instagram",,Total,9985,5943,1145,7,4,10,6
18105196819492508,17841429857362439,paulistaof,"Paulistão F Petrobras","RAINHA É RAINHA 👑🍷
A Marta é diferenciada demais, né?
#CopaAméricaFeminina",0,"08/02/2025 17:13",https://www.instagram.com/p/DM31Et9sMK-/,"Imagem do Instagram",,Total,27953,19776,2823,130,12,21,30
18124332223475580,17841429857362439,paulistaof,"Paulistão F Petrobras","FOI NA EMOÇÃO!
Com direito a gol no último minuto, viradas e disputa nos pênaltis, o Brasil fica com a taça da Copa América Feminina.
#CopaAméricaFeminina
📷 Lívia Villas Boas/CBF",0,"08/02/2025 17:12",https://www.instagram.com/p/DM306C5tYiu/,"Imagem do Instagram",,Total,8841,5518,827,23,0,7,8
17993622653815582,17841429857362439,paulistaof,"Paulistão F Petrobras","COLOCA MAIS UM NA CONTA 9️⃣🏆
O BRASIL LEVOU A TAÇA DA COPA AMÉRICA FEMININA PELA NONA VEZ!
#CopaAméricaFeminina",0,"08/02/2025 17:04",https://www.instagram.com/p/DM3z_TiNsAj/,"Imagem do Instagram",,Total,167622,123393,6589,894,13,52,50
18060666044351254,17841429857362439,paulistaof,"Paulistão F Petrobras","RAINHA FAZ ASSIM!
QUE GOLAÇO DA @martavsilva10 PARA DEIXAR TUDO IGUAL NA FINAL 🔥⚽️
#CopaAméricaFeminina 
🎥 Globo",42,"08/02/2025 16:17",https://www.instagram.com/reel/DM3ukhNSBV8/,"Reel do Instagram",,Total,150450,105675,8886,991,118,101,138
18039815597371703,17841429857362439,paulistaof,"Paulistão F Petrobras","BORA VIRAR, BRASIL!
Os primeiros 45 minutos da final já rolaram e, até aqui, está tudo igual. 
#CopaAméricaFeminina
📷 Lívia Villas Boas/CBF",0,"08/02/2025 15:03",https://www.instagram.com/p/DM3mJ2PvFvT/,"Imagem do Instagram",,Total,6492,2811,341,1,3,5,5
18473450977076556,17841429857362439,paulistaof,"Paulistão F Petrobras","Duas partidas movimentaram o Paulistão Feminino Sicredi neste sábado. Vamos aos resultados.
#PaulistãoFemininoSicredi",0,"08/02/2025 14:45",https://www.instagram.com/p/DM3kGXQpmrm/,"Imagem do Instagram",,Total,6093,2963,114,3,0,0,2
18013489019588105,17841429857362439,paulistaof,"Paulistão F Petrobras","EMPATE EM ARARAQUARA!
Tudo igual para Ferroviária e Red Bull Bragantino!
#PaulistãoFemininoSicredi 
📷Célio Messias/Ag. Paulistão",0,"08/02/2025 14:05",https://www.instagram.com/p/DM3fhZtsadZ/,"Carrossel do Instagram",,Total,5538,2057,124,7,0,0,0
18067010596910209,17841429857362439,paulistaof,"Paulistão F Petrobras","UM SÁBADO E TANTO!
Um grande dia para com o Festival Paulista Feminino Sub-14 Petrobras!
#FestivalPaulistaFemininoSub14Petrobras
📷Guilherme Veiga/Ag. Paulistão",0,"08/02/2025 13:57",https://www.instagram.com/p/DM3eqRqxBHR/,"Carrossel do Instagram",,Total,26195,12506,413,61,8,6,1
18052337747431091,17841429857362439,paulistaof,"Paulistão F Petrobras","TRICOLOR FINALISTA!
São Paulo leva a melhor nos pênaltis e garante a primeira vaga na decisão do Paulista Feminino Sub-15 Petrobras!
#PaulistaFemininoSub15Petrobras",0,"08/02/2025 13:54",https://www.instagram.com/p/DM3eWQHMBhg/,"Imagem do Instagram",,Total,16285,8827,301,41,0,1,2
18037958222670420,17841429857362439,paulistaof,"Paulistão F Petrobras","MAIS CLICKS!
Bora para o segundo round de fotos do #FestivalPaulistaFemininoSub14Petrobras!
📷Guilherme Veiga/Ag. Paulistão",0,"08/02/2025 13:16",https://www.instagram.com/p/DM3Z7qYMNU4/,"Carrossel do Instagram",,Total,18006,6856,500,44,10,5,0
18175093429339510,17841429857362439,paulistaof,"Paulistão F Petrobras","PONTO FINAL!
Chegou a hora de conferir os resultados dos jogos do Festival Paulista Feminino Sub-14 Petrob#festivalpaulistafemininosub14petrobras #FestivalPaulistaFemininoSub14Petrobras",0,"08/02/2025 13:10",https://www.instagram.com/p/DM3ZPD4yE9v/,"Imagem do Instagram",,Total,15071,7956,204,29,0,2,1
18066400109146760,17841429857362439,paulistaof,"Paulistão F Petrobras","MASSA BRUTA NA FRENTE!
Fim do primeiro tempo em Araraquara e o Red Bull Bragantino tem a vantagem no marcador.
#PaulistãoFemininoSicredi
📷Célio Messias/Ag. Paulistão",0,"08/02/2025 12:52",https://www.instagram.com/p/DM3XQyrOzoY/,"Imagem do Instagram",,Total,5306,2480,116,0,2,1,0
18083070367885418,17841429857362439,paulistaof,"Paulistão F Petrobras","E TOME GOLAÇO!
A Ana Carla bateu com categoria e colocou o Massa Bruta na frente do placar!
#PaulistãoFemininoSicredi",22,"08/02/2025 12:48",https://www.instagram.com/reel/DM3WtRAMFYI/,"Reel do Instagram",,Total,62606,40849,1779,40,1,22,11
18073460755993198,17841429857362439,paulistaof,"Paulistão F Petrobras","MAIS UM!
Vem que chegou a vez de FErroviária e Red Bull Bragantino no Paulistão Feminino Sicredi!
#PaulistãoFemininoSicredi
📷Rafael Zocco/Ferroviária",0,"08/02/2025 11:59",https://www.instagram.com/p/DM3RHNaytNX/,"Imagem do Instagram",,Total,4469,1890,93,0,0,0,1
18057744683599986,17841429857362439,paulistaof,"Paulistão F Petrobras","VITÓRIA DO SÃO PAULO!
Põe mais três pontos na conta do Tricolor Paulista!
#PaulistãoFemininoSicredi 
📷Joisel Amaral/Ag. Paulistão",0,"08/02/2025 09:03",https://www.instagram.com/p/DM289X8t5RS/,"Carrossel do Instagram",,Total,7396,3259,290,8,0,7,1
17913026337171950,17841429857362439,paulistaof,"Paulistão F Petrobras","PROMESSA DE JOGÃO NESSE SÁBADO! 😮‍💨💪
As Guerreiras Grenás recebem as Bragantinas e você acompanha AO VIVO no YouTube do @paulistao!
#PaulistãoFemininoSicredi",0,"08/02/2025 09:00",https://www.instagram.com/p/DM23x-Vz3_o/,"Imagem do Instagram",,Total,4920,2521,115,6,0,0,1
18351416389083319,17841429857362439,paulistaof,"Paulistão F Petrobras","ZERADO!
Primeiro tempo sem gols para Taubaté e São Paulo
#PaulistãoFemininoSicredi
📷Joisel Amaral/Ag. Paulistão",0,"08/02/2025 07:50",https://www.instagram.com/p/DM20qDrP3c6/,"Imagem do Instagram",,Total,4856,2155,142,1,1,1,1
18288441958271159,17841429857362439,paulistaof,"Paulistão F Petrobras","BEIJO PRA VOVÓ EUNICE 😘🥹
A Fefê, do @acaff.abc, que está no seu 3º Festival Feminino Petrobras, contou um pouquinho de como está sendo viver mais uma edição do festival e, claro, mandou aquele beijo especial pra vovó! 🥰#FestivalPaulistaFemininoSub14Petrobras #FutebolFeminino",26,"08/02/2025 07:08",https://www.instagram.com/reel/DM2vvxLM9Zj/,"Reel do Instagram",,Total,11355,6568,252,18,2,14,0
18035481716438141,17841429857362439,paulistaof,"Paulistão F Petrobras","ESTAMOS NA ÁREA!
Pode chegar que é dia de Paulistão Feminino Sicredi! Já já tem bola rolando para Tabuaté e São Paulo!
#PaulistãoFemininoSicredi
📷Joisel Amaral/Ag. Paulistão",0,"08/02/2025 06:53",https://www.instagram.com/p/DM2uGfbNZ-T/,"Carrossel do Instagram",,Total,6606,2249,171,1,0,2,0
18116225989499419,17841429857362439,paulistaof,"Paulistão F Petrobras","ABRINDO A RODADA! 🤩✨
Sabadou com dois confrontos pela 5ª rodada do #PaulistãoFemininoSicredi! Algum palpite, torcedor?",0,"08/02/2025 06:00",https://www.instagram.com/p/DM2jB7ttfHI/,"Imagem do Instagram",,Total,4508,2147,108,2,0,1,1
18012638606772001,17841429857362439,paulistaof,"Paulistão F Petrobras","ALÔ, MATÃO!
O Festival Paulista Feminino Sub-14 Petrobras tá na área!
#FestivalPaulistaFemininoSub14Petrobras
📷Guilherme Veiga/Ag. Paulistão",0,"08/02/2025 05:41",https://www.instagram.com/p/DM2l1zKt2gp/,"Carrossel do Instagram",,Total,12091,4704,326,13,5,1,1
18083334130847265,17841429857362439,paulistaof,"Paulistão F Petrobras","FINAL DE SEMANA DE DECISÕES!
A bola vai rolar para as semifinais do Paulista Feminino Sub-15 @petrobras! E aí, torcedor, quem conquista as vagas para a grande final? Tudo AO VIVO no YouTube do @paulistao!
#PaulistaFemininoSub15Petrobras",0,"08/02/2025 05:00",https://www.instagram.com/p/DM2cROCvz5p/,"Imagem do Instagram",,Total,16910,10131,278,37,1,0,0
18162741655365852,17841429857362439,paulistaof,"Paulistão F Petrobras","QUEM LEVA A MELHOR? 👀
Taubaté e São Paulo buscam os três pontos no primeiro confronto do dia no Paulistão Feminino Sicredi!
#PaulistãoFemininoSicredi",0,"08/02/2025 04:00",https://www.instagram.com/p/DM2VZvsvML4/,"Imagem do Instagram",,Total,9359,4806,187,12,1,2,3
18064422941223870,17841429857362439,paulistaof,"Paulistão F Petrobras","A BOLA VAI ROLAR!
Se liga na programação completa do sabadão de Festival Paulista Feminino Sub-14 @petrobras, com transmissão AO VIVO de todos os jogos no YouTube do @paulistao! 
#FestivalPaulistaFemininoSub14Petrobras",0,"08/02/2025 03:00",https://www.instagram.com/p/DM2OcZMOXRK/,"Imagem do Instagram",,Total,14499,7632,204,36,4,0,1
18074123113818821,17841429857362439,paulistaof,"Paulistão F Petrobras","EM BUSCA DA TAÇA 👀🏆
HOJE É DIA DE CONQUISTAR MAIS UM TÍTULO DA COPA AMÉRICA FEMININA!
#CopaAméricaFeminina",0,"08/01/2025 20:05",https://www.instagram.com/p/DM1e67lsWtn/,"Imagem do Instagram",,Total,39182,24954,1736,79,8,6,11
18092401444634253,17841429857362439,paulistaof,"Paulistão F Petrobras","VAMOS PARA MAIS UMA! 😍🔥
A 5ª rodada do Paulistão Feminino Sicredi tá na área e você acompanha todos os jogos AO VIVO! 
#PaulistãoFemininoSicredi",0,"08/01/2025 14:00",https://www.instagram.com/p/DM01bQBPxfi/,"Imagem do Instagram",,Total,20299,11424,450,35,0,4,7
18046052819302822,17841429857362439,paulistaof,"Paulistão F Petrobras","Um dos principais nomes do São Paulo na temporada, Giovanna Crivelari tem história para contar. A atacante de 32 anos já saiu do pais - Espanha, China e Coreia do Sul - e voltou para o Brasil para continuar sua trajetória. Confira toda história dela em mais um episódio do “Pelas Lentes do Paulistão”, no YouTube do @paulistao.",213,"08/01/2025 10:53",https://www.instagram.com/reel/DM0ksbGx_F8/,"Reel do Instagram",,Total,26785,15621,821,16,1,9,15
18047946359556825,17841401431572960,uolesporte,"UOL Esporte","DOMINGO É DIA, HEIN! 🔥⚽

Santos e Realidade Jovem se enfrentam pelo Paulistão Feminino no domingo às 15h, e é claro que você vai conferir tudo dessa partida pelo UOL Play, né? 😉 É EXCLUSIVO, TÁ? 😎

➡ Mas e como faz pra assistir no UOL Play?

É só entrar em uol.com.br/play e depois selecionar o plano UOL Play Futebol: a partir de R$ 19,90 por mês. Aí é só correr pro abraço!

Partiu? 🚀

#UOLEsporte #PaulistãoFemininoNoUOL #PaulistãoFeminino #FutebolFeminino #PaulistãoFemininoNoUOLPlay",0,"07/31/2025 15:00",https://www.instagram.com/p/DMyVavUxd_w/,"Imagem do Instagram",,Total,14658,8847,126,9,0,1,0
17946753962889456,17841429857362439,paulistaof,"Paulistão F Petrobras","ARIEL NA LIDERANÇA! ‼️⚽
A 5ª rodada tá chegando... Bora conferir a lista das artilheiras do Paulistão Feminino Sicredi até aqui!
#PaulistãoFemininoSicredi #Artilharia #Assaí",0,"07/31/2025 11:00",https://www.instagram.com/p/DMx76_rOaOT/,"Imagem do Instagram",,Total,8072,4496,291,11,1,2,3
18058351880359888,17841429857362439,paulistaof,"Paulistão F Petrobras","A Taça Paulistana Petrobras 2025 vem aí!
Com início em 30 de agosto, a competição conta com seis participantes e os quatro melhores colocados garantirão vaga na Copa Paulista Feminina Sicredi 2025, junto com as equipes que encerraram suas participações entre a quinta e a oitava colocação no Paulistão Feminino Sicredi.
#TaçaPaulistanaPetrobras",0,"07/30/2025 10:34",https://www.instagram.com/p/DMvZCwozX6x/,"Imagem do Instagram",,Total,34820,17208,558,263,5,1,18
17929383524964905,17841400074692954,paulistao,Paulistão,"É DERBY QUE NÃO ACABA MAIS! 🦅🤝🐷
Corinthians e Palmeiras tem uma semana recheada de encontros importantes! Tem @copadobrasilcbf, @paulistaofeminino e @brfeminino Sub-20! E aí, torcedor, quem leva a melhor nos clássicos?
#PaulistasEmCampo #PaulistãoFemininoSicredi #Corinthians #Palmeiras",0,"07/30/2025 09:00",https://www.instagram.com/p/DMvJKMgOGzv/,"Imagem do Instagram",,Total,203677,128639,11498,474,3,40,196
17875494612388636,17841429857362439,paulistaof,"Paulistão F Petrobras","A PRIMEIRA VAGA! 
Com a classificação pra final da Copa América Feminina, o Brasil garantiu presença nos Jogos Olímpicos de 2028 🤩
#Seleção",0,"07/29/2025 19:11",https://www.instagram.com/p/DMtvbKpsgFO/,"Imagem do Instagram",,Total,8770,5264,681,12,0,3,9
18083906890830352,17841429857362439,paulistaof,"Paulistão F Petrobras","VITÓRIA COM FOLGA DO BRASIL! ⚽🔥
Com direito a dois gols da @amandaa_gutierres, a Seleção Brasileira vence e se classifica para a final da Copa América!
#ElasEmCampo
📷Lívia Villas Boas/CBF",0,"07/29/2025 18:54",https://www.instagram.com/p/DMttflguq7e/,"Imagem do Instagram",,Total,8021,4935,616,12,4,5,5
18019930457539266,17841429857362439,paulistaof,"Paulistão F Petrobras","O BRASIL ESTÁ NA FINAL DA COPA AMÉRICA FEMININA! 🇧🇷✨
O adversário da grande final já está definido: a #SeleçãoBrasileira enfrenta a Colômbia na grande final da @copaamerica!
#ElasEmCampo",0,"07/29/2025 18:53",https://www.instagram.com/p/DMttTVxOeFY/,"Imagem do Instagram",,Total,12009,7635,799,35,1,3,5
18048449855247424,17841429857362439,paulistaof,"Paulistão F Petrobras","É HOJE!
A @selecaofemininadefutebol entra em campo rumo à final da Copa América Feminina.
#CopaAméricaFeminina",0,"07/28/2025 20:05",https://www.instagram.com/p/DMrLn3RNgln/,"Imagem do Instagram",,Total,21348,14441,1414,138,6,1,19
17972607449951171,17841401431572960,uolesporte,"UOL Esporte","SEREIAS DA VILA NO UOL PLAY 🔥

Neste domingo tem Santos x Realidade Jovem pelo Paulistão Feminino, e o UOL transmite!

Vai ser a 5ª rodada do campeonato: as Sereias da Vila buscam sua 2ª vitória, enquanto o Realidade Jovem ainda tenta vencer a 1ª. 

👉 Já coloca na agenda pra não esquecer! Paulistão Feminino é no UOL Play 😍

#uolesporte #paulistaofemininonouol #paulistaofeminino #futebolfeminino #paulistaofemininonouolplay",48,"07/28/2025 14:30",https://www.instagram.com/reel/DMqqgm7RF8L/,"Reel do Instagram",,Total,8647,6475,63,4,0,0,0
18036128786427547,17841467312227297,fpfacademia,"FPF Academia","Desde 2016, a @fpfacademia tem compromisso firmado com a capacitação dos clubes e profissionais que fazem o futebol acontecer. Somos a escola de quem acredita na educação como agente transformador do esporte. E transformação na prática! 💪

FPF Academia. A escola de quem faz futebol ⚽ 📚

#FPFAcademia #Futebol #FutebolPaulista #FPF",0,"07/28/2025 12:18",https://www.instagram.com/p/DMqbWPRSK2h/,"Carrossel do Instagram",,Total,100512,51192,531,13,207,7,0
18052288778175805,17841467312227297,fpfacademia,"FPF Academia","Uma nova fase começa hoje!
@fpfacademia. 𝗔 𝗲𝘀𝗰𝗼𝗹𝗮 𝗱𝗲 𝗾𝘂𝗲𝗺 𝗳𝗮𝘇 𝗳𝘂𝘁𝗲𝗯𝗼𝗹 ⚽ 📚

#FPFAcademia #Futebol #FutebolPaulista #FPF",57,"07/28/2025 11:34",https://www.instagram.com/reel/DMqV9zry7zi/,"Reel do Instagram",,Total,165906,109009,3328,62,849,66,0
17862599157442316,17841429857362439,paulistaof,"Paulistão F Petrobras","CONFRONTO DEFINIDO!
A semifinal vai ser diante do Uruguai. Pra cima, @selecaofemininadefutebol 🔥
#CopaAméricaFeminina",0,"07/25/2025 19:14",https://www.instagram.com/p/DMjclhzMNE0/,"Imagem do Instagram",,Total,20067,12401,1991,40,11,6,20
18168722998355355,17841429857362439,paulistaof,"Paulistão F Petrobras","FOI NA EMOÇÃO!
Com um a menos, o Brasil garante empate e a primeira colocação na Copa América Feminina.
#CopaAméricaFeminina
📷 Lívia Villas Boas/CBF",0,"07/25/2025 19:05",https://www.instagram.com/p/DMjbjY0MSFN/,"Imagem do Instagram",,Total,6398,3182,303,0,0,2,4
18049456124199601,17841429857362439,paulistaof,"Paulistão F Petrobras","ANOTA NA AGENDA! 
O Paulista Feminino Sub-17 @petrobras tá vindo aí. Bora conferir as informações do campeonato 👀
#PaulistaFemininoSub17Petrobras",0,"07/25/2025 15:48",https://www.instagram.com/p/DMjFC2qynMV/,"Imagem do Instagram",,Total,73211,38628,896,296,38,21,25
18471728212073988,17841429857362439,paulistaof,"Paulistão F Petrobras","BORA PRO INTERIOR!
Alô moradores de Matão e região, a cidade é a próxima parada do Festival Paulista Feminino Sub-12 e Sub-14 @petrobras. 
#FestivalPaulistaFemininoPetrobras",0,"07/25/2025 12:30",https://www.instagram.com/p/DMitKqBOfqD/,"Imagem do Instagram",,Total,25828,15369,420,93,14,8,5
18146743309393534,17841429857362439,paulistaof,"Paulistão F Petrobras","PARA MANTER A LIDERANÇA DO GRUPO! 🇧🇷🔥
O Brasil vai para mais um confronto na @copaamerica, dessa vez contra a Colômbia!
#ElasEmCampo",0,"07/25/2025 06:00",https://www.instagram.com/p/DMh88-LMEgc/,"Imagem do Instagram",,Total,10967,6558,711,29,1,5,10
18086113297744578,17841429857362439,paulistaof,"Paulistão F Petrobras","Palmeiras é superado nos pênaltis e fica com o vice da @thewomenscupofficial. 
#ElasEmCampo
📷Divulgação/Racing Louisville",0,"07/24/2025 18:23",https://www.instagram.com/p/DMgx6PrsLX_/,"Imagem do Instagram",,Total,18720,11158,761,14,1,29,13
18013791839775993,17841429857362439,paulistaof,"Paulistão F Petrobras","São Paulo perde a disputa do terceiro lugar para o Pachuca-MEX e fica de fora do pódio da @thewomenscupofficial. 
#ElasEmCampo
📷Divulgação/Pachuca",0,"07/24/2025 15:18",https://www.instagram.com/p/DMgcwkOy867/,"Imagem do Instagram",,Total,12758,7274,390,9,0,13,3
18070077095020278,17841429857362439,paulistaof,"Paulistão F Petrobras","ARTILHARIA PAULISTA NA COPA AMÉRICA! 
Minhas atletas estão voando na @copaamerica 🔥🤩 
#ElasEmCampo #CopaAméricaFeminina",0,"07/24/2025 13:00",https://www.instagram.com/p/DMgIJYqzXx3/,"Imagem do Instagram",,Total,7896,4275,281,0,0,1,4
18079903870930036,17841429857362439,paulistaof,"Paulistão F Petrobras","DIA DE DECISÃO NA @thewomenscupofficial!
O Palmeiras vai em busca do título, enquanto o São Paulo disputa o terceiro lugar do campeonato!
#ElasEmCampo",0,"07/24/2025 06:00",https://www.instagram.com/p/DMfYJROucxO/,"Imagem do Instagram",,Total,7936,4593,331,10,0,1,5
18044458433641438,17841429857362439,paulistaof,"Paulistão F Petrobras","VITÓRIA ABSURDA! 🇧🇷
A Seleção Brasileira venceu o Paraguai por 4 a 1 e tá classificada pra semifinal da Copa América! 🤩🔥 #ElasEmCampo #SeleçãoBrasileira
📷 Lívia Villas Boas/CBF",0,"07/22/2025 18:59",https://www.instagram.com/p/DMbsg6XtrL0/,"Imagem do Instagram",,Total,6518,3549,533,11,1,6,5
18059578352203349,17841429857362439,paulistaof,"Paulistão F Petrobras","AVISA QUE ESTAMOS NA SEMI! 🇧🇷🇧🇷🇧🇷 A SELEÇÃO BRASILEIRA TÁ CLASSIFICADA NA COPA AMÉRICA FEMININA!!! #ElasEmCampo #SeleçãoBrasileira",0,"07/22/2025 18:56",https://www.instagram.com/p/DMbsIIFNUtR/,"Imagem do Instagram",,Total,10328,6399,858,27,0,7,7
18059468840258686,17841429857362439,paulistaof,"Paulistão F Petrobras","BORA, BRASIL 💚💛
Hoje é dia de ir em busca de mais uma vitória na Copa América Feminina!
#ElasEmCampo",0,"07/22/2025 05:00",https://www.instagram.com/p/DMaMd09si48/,"Imagem do Instagram",,Total,14839,9803,1130,75,9,6,8
18352095904085639,17841426429471156,fpf_oficial,"Federação Paulista de Futebol","PRESENÇA NA SEMI!
Edina Alves, Neuza Back e Fabrini Bevilaqua, trio de arbitragem do quadro da FPF, serão as responsáveis pelo apito na partida entre Alemanha e Espanha, na semifinal da @weuro1025.
#Arbitragem",0,"07/21/2025 14:17",https://www.instagram.com/p/DMYndV7yrGV/,"Imagem do Instagram",,Total,25434,15057,555,59,0,16,8
18050345729536345,17841429857362439,paulistaof,"Paulistão F Petrobras","AVANTI, PALESTRINAS!
Palmeiras vence o Pachuca-MEX e vai buscar o título da @thewomenscupofficial! 
#ElasEmCampo
📷Fabio Menotti/Palmeiras",0,"07/20/2025 15:09",https://www.instagram.com/p/DMWIjmFO_yt/,"Imagem do Instagram",,Total,7770,4487,466,8,1,8,1
18099557935573713,17841429857362439,paulistaof,"Paulistão F Petrobras","DIA DE PALESTRINAS!
Chegou a vez do @palmeirasfeminino estrear na @thewomenscupofficial!
#ElasEmCampo",0,"07/20/2025 06:00",https://www.instagram.com/p/DMVEuPhzChm/,"Imagem do Instagram",,Total,8740,5229,412,10,0,4,4
17871132555306038,17841429857362439,paulistaof,"Paulistão F Petrobras","São Paulo é superado nos pênaltis e vai disputar o terceiro lugar da @thewomenscupofficial
#ElasEmCampo
📷Miguel Schincariol/São Paulo",0,"07/19/2025 15:56",https://www.instagram.com/p/DMTpJ5yOdMj/,"Imagem do Instagram",,Total,14342,9166,396,1,5,1,11
17885642133204620,17841429857362439,paulistaof,"Paulistão F Petrobras","TRI-CO-LOOOOOR!
Bora começar a @thewomenscupofficial com o São Paulo em campo.
#ElasEmCampo",0,"07/19/2025 06:00",https://www.instagram.com/p/DMSf7XDtO9n/,"Imagem do Instagram",,Total,7050,3666,288,1,0,2,4
17934646820942307,17841400074692954,paulistao,Paulistão,"DIA DE CELEBRAR!
No #DiaNacionalDoFutebol, é dia de celebrar o esporte que nós somos Fanáticos!",0,"07/19/2025 03:00",https://www.instagram.com/p/DMSLnU9Nya9/,"Imagem do Instagram",,Total,68465,37786,1991,180,2,7,30
17849540532514651,17841429857362439,paulistaof,"Paulistão F Petrobras","COMO FAÇO PRA ACOMPANHAR?
Não vai faltar opção para assistir a @thewomenscupofficial: seja direto da Arena Barueri, com ingressos vendidos em womenscup.soudaliga.com.br ou em qualquer um desses três canais de transmissão. Só não dá pra ficar sem torcer, hein?
#ElasEmCampo",0,"07/18/2025 15:30",https://www.instagram.com/p/DMQ8tDJTZCQ/,"Imagem do Instagram",,Total,8951,4754,212,8,0,2,1
18078251530931594,17841429857362439,paulistaof,"Paulistão F Petrobras","BRILHA, KEMILLY! 🌟🇧🇷
Participou do Festival Paulista Feminino Sub-14 Petrobras, e agora é a primeira atleta do Sfera convocada para a Seleção Brasileira Feminina!
#FestivalPaulistaFemininoSub14Petrobras #SeleçãoBrasileira",0,"07/18/2025 14:30",https://www.instagram.com/p/DMQ10W2za0p/,"Imagem do Instagram",,Total,188086,30337,2014,88,18,40,14
18035155820424550,17841429857362439,paulistaof,"Paulistão F Petrobras","MINHAS CRIAS TÃO ON!
Nove atletas que disputaram o Festival Paulista Feminino Sub-14 @petrobras foram convocadas para a Seleção Brasileira Sub-15.
#Seleção #ABaseVemForte #FestivalPaulistaFemininoSub14Petrobras",0,"07/18/2025 13:19",https://www.instagram.com/p/DMQybTqS5-9/,"Imagem do Instagram",,Total,31904,15707,675,31,6,11,7
17894853594260680,17841429857362439,paulistaof,"Paulistão F Petrobras","VEIO AÍ!
Datas e horários das rodadas 5 até a 9 do Paulistão Feminino Sicredi foram definidos. Confira a tabela completa no site futebolpaulista.com.br
#PaulistãoFemininoSicredi",0,"07/17/2025 14:15",https://www.instagram.com/p/DMOT9PpyQQB/,"Imagem do Instagram",,Total,81015,27772,795,41,3,3,15
18036142100388206,17841429857362439,paulistaof,"Paulistão F Petrobras","RESTAM QUATRO!
Datas e horários dos jogos da semifinal do Paulista Feminino Sub-15 @petrobras foram definidos. As partidas terão transmissão AO VIVO do YouTube do @paulistao.
#PaulistaFemininoSub15Petrobras",0,"07/17/2025 13:24",https://www.instagram.com/p/DMOOIcgy2cY/,"Imagem do Instagram",,Total,13960,7582,386,35,2,15,9
18037795013371879,17841448990528542,sferafc,"Sfera Futebol Clube","DE TURMALINA PARA O MUNDO! 🇧🇷🌎

🥹 Eu não estou chorando... é você quem está!

#Sfera #RaioAmado #Convocação #Seleção #Brasil",58,"07/17/2025 13:01",https://www.instagram.com/reel/DMOLaYcuir_/,"Reel do Instagram",,Total,83571,44463,3345,307,91,201,0
18048363116562113,17841429857362439,paulistaof,"Paulistão F Petrobras","GOLEADA EM VERDE E AMARELO!
Mais uma vitória da Seleção Feminina na Copa América!
#ElasEmCampo
📷Lívia Villas Boas/CBF",0,"07/16/2025 16:03",https://www.instagram.com/p/DML7kf9slow/,"Imagem do Instagram",,Total,9693,5646,806,29,3,6,4
17908540863186870,17841429857362439,paulistaof,"Paulistão F Petrobras","TÁ CHEGANDO 🤩
A @thewomenscupofficial vai começar no próximo final de semana, diretamente da Arena Barueri, e já tem dois JOGAÇOS para acompanhar, hein? Já anota na agenda para não perder nada - os dois jogos vão rolar às 17h.
#TheWomensCup",0,"07/16/2025 11:30",https://www.instagram.com/p/DMLZed3TUPI/,"Imagem do Instagram",,Total,30615,21270,1111,40,12,16,22
18032612147677286,17841429857362439,paulistaof,"Paulistão F Petrobras","SEGUNDO COMPROMISSO!
Mais um dia de @selecaofemininadefutebol em campo pela Copa América Feminina 💚💛
#Seleção #CopaAmérica",0,"07/16/2025 05:00",https://www.instagram.com/p/DMKq14Kvj0i/,"Imagem do Instagram",,Total,20346,13251,1384,108,10,13,14
18080888143849867,17841429857362439,paulistaof,"Paulistão F Petrobras","Assim termina a Teal Rising Cup!
#ElasEmCampo",0,"07/15/2025 20:20",https://www.instagram.com/p/DMJzqMOM77o/,"Imagem do Instagram",,Total,14663,10498,251,4,2,7,1
18312820489215412,17841429857362439,paulistaof,"Paulistão F Petrobras","O Corinthians encerra sua participação na Teal Rising Cup com um revés.
#ElasEmCampo
📷 Divulgação/Corinthians",0,"07/15/2025 20:14",https://www.instagram.com/p/DMJzgeKsLQo/,"Imagem do Instagram",,Total,17927,11358,951,14,0,52,5
18070220975489678,17841429857362439,paulistaof,"Paulistão F Petrobras","O Palmeiras volta para o Brasil com uma vitória na mala!
#ElasEmCampo
📷 Paloma Cassiano/Palmeiras",0,"07/15/2025 17:15",https://www.instagram.com/p/DMJfDOiuuKk/,"Imagem do Instagram",,Total,13369,8162,711,10,0,8,1
17940268755042103,17841429857362439,paulistaof,"Paulistão F Petrobras","NOITE DE DECISÕES! 🏆⚔️
O @palmeirasfeminino disputa o terceiro lugar e o @corinthiansfutebolfeminino está na final da #TealRisingCup!
#ElasEmCampo",0,"07/15/2025 06:00",https://www.instagram.com/p/DMINHiAvVk4/,"Imagem do Instagram",,Total,13697,8198,909,23,2,15,18
18055401539093920,17841467312227297,fpfacademia,"FPF Academia","🚨 ALERTA DE CURSO NOVO 🚨
Se você deseja atuar de forma qualificada pelo fortalecimento da modalidade no Brasil, venha para a FPF Academia. O Curso Gestão de Futebol Feminino está com VAGAS ABERTAS. Mas corre porque são LIMITADAS! ⚠️

Comente 𝗘𝗨 𝗤𝗨𝗘𝗥𝗢 e receba mais informações diretamente em sua DM 📩 O formulário de inscrição também tá no link da bio da @fpfacademia 🔗

.
.
.

#FPFAcademia #Curso #Gestão #FutebolFeminino #Futebol #FutebolPaulista #FPF #InscriçõesAbertas #Mulheres",0,"07/14/2025 09:10",https://www.instagram.com/p/DMGCpySsALe/,"Imagem do Instagram",,Total,195182,110615,1128,153,233,348,0
18081707230878499,17841429857362439,paulistaof,"Paulistão F Petrobras","BRASIL-SIL-SIL!
A Seleção Feminina começou com o pé direito na Copa América!
#ElasEmCampo
📷Lívia Villas Boas/CBF",0,"07/13/2025 19:03",https://www.instagram.com/p/DMEhz2kiXSo/,"Imagem do Instagram",,Total,9886,5971,904,18,0,13,5
17870547402310223,17841429857362439,paulistaof,"Paulistão F Petrobras","CONFRONTOS DEFINIDOS!
São Paulo e Sfera de um lado. Corinthians e Ferroviária do outro! Quatro equipes seguem sonhando com o título do Paulista Feminino Sub-15 Petrobras!
#PaulistaFemininoSub15Petrobras",0,"07/13/2025 13:57",https://www.instagram.com/p/DMD-zpZhTzn/,"Imagem do Instagram",,Total,34085,20197,607,105,10,15,5
18409018963110531,17841429857362439,paulistaof,"Paulistão F Petrobras","São Paulo e Corinthians levaram a melhor neste domingo e se junta à Sfera e Ferroviária nas semifinais do Paulista Feminino Sub-15 Petrobras!
#PaulistaFemininoSub15Petrobras",0,"07/13/2025 13:56",https://www.instagram.com/p/DMD-nwmq9DJ/,"Imagem do Instagram",,Total,10123,5169,354,7,1,2,1
18032277032466449,17841429857362439,paulistaof,"Paulistão F Petrobras","DIA DE ESTREIA!
O primeiro desafio da @selecaofemininadefutebol é neste domingo, diante da Venezuela! PRA CIMAAAAAA 🔥
#CopaAméricaFeminina #Seleção",0,"07/13/2025 06:00",https://www.instagram.com/p/DMDDGiyu2yb/,"Imagem do Instagram",,Total,25388,16424,1456,108,0,13,25
18098934991592385,17841429857362439,paulistaof,"Paulistão F Petrobras","CONFRONTO DEFINIDO!
O Corinthians vai em busca do título da Teal Rising Cup e terá o Kansas City Current como adversário na grande decisão!
#ElasEmCampo",0,"07/12/2025 20:04",https://www.instagram.com/p/DMCD_AjuhvY/,"Imagem do Instagram",,Total,12217,6550,755,12,0,18,8
18033817244442743,17841429857362439,paulistaof,"Paulistão F Petrobras","Palmeiras perde para o Kansas City Current e vai disputar o terceiro lugar na Teal Rising Cup.
#ElasEmCampo
📷Paloma Cassiano/Palmeiras",0,"07/12/2025 20:02",https://www.instagram.com/p/DMCDxYRS_0S/,"Imagem do Instagram",,Total,39470,24444,2038,66,10,84,21
18130088032447943,17841429857362439,paulistaof,"Paulistão F Petrobras","VAI, CORINTHIANS!
Timão marca no finzinho, vence o Chicago Stars e garante a vaga na final de Teal Rising Cup!
#ElasEmCampo
📷Divulgação/Chicago Stars",0,"07/12/2025 17:00",https://www.instagram.com/p/DMBu203ReFB/,"Imagem do Instagram",,Total,16032,9117,1078,19,0,14,13
18120463216483301,17841429857362439,paulistaof,"Paulistão F Petrobras","AVANÇARAM!
Sfera e Ferroviária levaram a melhor no placar agregado e são os primeiros times garantidos na semifinal do Paulista Feminino Sub-15 Petrobras!
#PaulistaFemininoSub15Petrobras",0,"07/12/2025 14:13",https://www.instagram.com/p/DMBb1jhvdS0/,"Imagem do Instagram",,Total,12399,6033,270,18,5,16,0
18097588564593276,17841429857362439,paulistaof,"Paulistão F Petrobras","DIA DE COMPROMISSO INTERNACIONAL PARA OS PAULISTAS! 👀🌎
Só tem jogaço! @palmeirasfeminino e @corinthiansfutebolfeminino jogam as semifinais da #TealRisingCup nesse sabadão!
#ElasEmCampo",0,"07/12/2025 06:52",https://www.instagram.com/p/DMApTVHNVNP/,"Imagem do Instagram",,Total,42445,27866,806,73,9,12,19
17934996686986892,17841429857362439,paulistaof,"Paulistão F Petrobras","FIM DE SEMANA DE DEFINIÇÕES! ☑️👀
A bola vai rolar para os jogos de volta das Quartas de Final do Paulista Feminino Sub-15 Petrobras! E o melhor: todos os confrontos serão transmitidos AO VIVO no YouTube do @paulistao!
#PaulistaFemininoSub15Petrobras",0,"07/12/2025 05:00",https://www.instagram.com/p/DMAXeTINCHI/,"Imagem do Instagram",,Total,22224,11339,299,51,2,3,4
18009158531770774,17841429857362439,paulistaof,"Paulistão F Petrobras","É A GOLEIRA ARTILHEIRA! 🤩🧤
Yolanda é a nossa Craque da 4ª Rodada do Paulistão Feminino Sicredi!
#CraqueDaRodada #PaulistãoFemininoSicredi",0,"07/11/2025 11:30",https://www.instagram.com/p/DL-fVEiMX5Y/,"Imagem do Instagram",,Total,10216,5401,138,15,0,13,0
18107727841535597,17841429857362439,paulistaof,"Paulistão F Petrobras","PONTO FINAL NA 4ª RODADA! ✔️
Chegou a hora de definir a #CraqueDaRodada no Paulistão Feminino Sicredi! E aí, torcedor, quem foi a melhor? Vote na enquete no nosso X/Twitter!
#PaulistãoFemininoSicredi",0,"07/10/2025 14:08",https://www.instagram.com/p/DL8RnKARpVV/,"Imagem do Instagram",,Total,11377,5527,188,12,2,1,1
18072908482976089,17841429857362439,paulistaof,"Paulistão F Petrobras","TRÊS PONTOS NA CONTA!
Se liga nos melhores momentos da vitória do @taubatefeminino sobre o Santos. 
#PaulistãoFemininoSicredi",88,"07/09/2025 17:33",https://www.instagram.com/reel/DL6EJDpM0z_/,"Reel do Instagram",,Total,15004,9168,469,18,4,6,3
17889611205293262,17841429857362439,paulistaof,"Paulistão F Petrobras","100% ATUALIZADA!
Chegou a hora de conferir a classificação do #PaulistãoFemininoSicredi 🔥",0,"07/09/2025 17:27",https://www.instagram.com/p/DL6DpFwgJi2/,"Imagem do Instagram",,Total,21059,13097,771,15,3,18,9
18106422814540193,17841429857362439,paulistaof,"Paulistão F Petrobras","FIM DE PAPO!
Com Taubaté e Santos encerrando a rodada, bora conferir como ficaram todos os resultados.
#PaulistãoFemininoSicredi",0,"07/09/2025 17:12",https://www.instagram.com/p/DL6B8AENxq1/,"Imagem do Instagram",,Total,18085,11263,469,8,5,14,5
17850570585500259,17841429857362439,paulistaof,"Paulistão F Petrobras","VITÓRIA DAS MANDANTES!
Com um gol em cada tempo, o @taubatefeminino garantiu mais três pontos no Paulistão Feminino Sicredi.
#PaulistãoFemininoSicredi
📷 Anderson Romão/Ag. Paulistão",0,"07/09/2025 17:02",https://www.instagram.com/p/DL6As1Is_aI/,"Carrossel do Instagram",,Total,20517,9641,553,65,3,10,2
18066809429514869,17841429857362439,paulistaof,"Paulistão F Petrobras","OLHA QUEM TÁ AQUI!
Para encerrar a quarta rodada do Paulistão Feminino Sicredi, já já a bola rola para Taubaté e Santos.
#PaulistãoFemininoSicredi
📷 Anderson Romão/Ag. Paulistão",0,"07/09/2025 14:22",https://www.instagram.com/p/DL5uewJpEQC/,"Imagem do Instagram",,Total,4924,2019,94,1,0,1,0
17861746470436400,17841429857362439,paulistaof,"Paulistão F Petrobras","PRA FECHAR!
Taubaté e Santos encerram a rodada nesta quarta-feira no Paulistão Feminino Sicredi.
#PaulistãoFemininoSicredi",0,"07/09/2025 06:00",https://www.instagram.com/p/DL4v0Y9sN-T/,"Imagem do Instagram",,Total,13285,7561,234,37,1,1,4
18517515781056442,17841401431572960,uolesporte,"UOL Esporte","HOJE É DIA, HEIN! 🔥⚽

Taubaté x Santos se enfrentam pela 4ª rodada da primeira fase do Paulistão Feminino e é claro que você vai conferir tudo dessa partida pelo UOL Play, né? 😉

O Santos chega de olho em entrar no G4 da competição, enquanto o Taubaté tenta superar a goleada sofrida pro Corinthians no último compromisso

➡ Mas e como faz pra assistir no UOL Play?

É só entrar em uol.com.br/play e depois selecionar o plano UOL Play Futebol: a partir de R$ 19,90 por mês. Aí é só correr pro abraço!

Partiu? 🚀

#UOLEsporte #PaulistãoFemininoNoUOL #PaulistãoFeminino #FutebolFeminino #PaulistãoFemininoNoUOLPlay",0,"07/09/2025 04:30",https://www.instagram.com/p/DL4qqQKxt-D/,"Imagem do Instagram",,Total,12929,7887,88,3,0,3,0
18059575214196299,17841429857362439,paulistaof,"Paulistão F Petrobras","ARBITRAGEM PAULISTA NA EURO!
Edina Alves, Neuza Back e Fabrini Bevilaqua são o trio responsável por Inglaterra e Holanda, pela segunda rodada da Eurocopa Feminina, nesta quarta-feira (9). 
#Arbitragem",0,"07/08/2025 15:00",https://www.instagram.com/p/DL3JI_eRXW9/,"Imagem do Instagram",,Total,12594,6800,296,42,1,1,6
18392759701184910,17841429857362439,paulistaof,"Paulistão F Petrobras","SÓ JOGÃO!
Os confrontos e os mandos da terceira fase da Copa do Brasil Feminina foram definidos nesta terça-feira! Bora conferir os jogos das minhas equipes 🤩
#ElasEmCampo",0,"07/08/2025 12:30",https://www.instagram.com/p/DL242Dev5YI/,"Imagem do Instagram",,Total,31067,18885,874,85,13,24,21
17885514672319161,17841429857362439,paulistaof,"Paulistão F Petrobras","NOVIDADE NO PEDAÇO!
Ivana Fuso é a nova contratação das Brabas para a temporada.
#ElasEmCampo
🎥 @corinthiansfutebolfeminino",89,"07/08/2025 11:30",https://www.instagram.com/reel/DL211_uIOp-/,"Reel do Instagram",,Total,4573,3122,329,4,1,6,6
18045194966277531,17841429857362439,paulistaof,"Paulistão F Petrobras","GOLAÇO DE GOLEIRA! 🌟🧤⚽
A Isadora, das @grenasguerreiras, marcou esse golaço de falta nas Quartas de Final do Paulista Feminino Sub-15 Petrobras. É muita estrela!
#PaulistaFemininoSub15Petrobras",50,"07/07/2025 12:34",https://www.instagram.com/reel/DL0YWFTIrMU/,"Reel do Instagram",,Total,85593,51942,5282,557,13,86,50
18101393992561546,17841429857362439,paulistaof,"Paulistão F Petrobras","Ponto final nos jogos de ida das quartas de final do Paulista Feminino Sub-15 Petrobras.
#PaulistaFemininoSub15Petrobras",0,"07/06/2025 12:02",https://www.instagram.com/p/DLxwB3_IoM4/,"Imagem do Instagram",,Total,10326,5491,329,4,2,1,0
18070053974490688,17841405773079360,grenasguerreiras,"Guerreiras Grenás","UM GOL HISTÓRICO! 👏🚂💨

A goleira Isadora Dossena (@dossenaaisadora) abriu o caminho para a vitória por 3 a 0 da equipe Sub-15 das Guerreirinhas Grenás sobre o Santo André, pelo jogo de ida das quartas de final do Paulista Feminino Sub-15, com um golaço de falta.

É a primeira vez que uma goleira marca um gol de falta pelas Guerreiras Grenás! Parabéns, Dossena! 🧤

🎥: Paulistão / YouTube

#GuerreirinhasGrenás #PaulistaFemSub15 #PaulistaoFeminino",58,"07/06/2025 08:59",https://www.instagram.com/reel/DLxa9M-R-ZR/,"Reel do Instagram",,Total,141885,81234,9852,894,65,194,0
18048954188573970,17841429857362439,paulistaof,"Paulistão F Petrobras","São Paulo, Corinthians e Sfera largaram na frente por um lugar na semifinal do Paulista Feminino Sub-15 Petrobrás!
#PaulistaFemininoSub15Petrobras",0,"07/05/2025 15:21",https://www.instagram.com/p/DLviAOpvd5B/,"Imagem do Instagram",,Total,17805,10264,464,35,2,4,3
17986215302830365,17841429857362439,paulistaof,"Paulistão F Petrobras","VITÓRIA E ACESSO!
Santos volta a vencer o Ação e conquista o acesso para o Brasileirão Feminino!
#ElasEmCampo
📷Reinaldo Campos/Santos",0,"07/05/2025 13:40",https://www.instagram.com/p/DLvWaKuye03/,"Imagem do Instagram",,Total,7236,3696,274,3,1,1,2
18097251220580940,17841429857362439,paulistaof,"Paulistão F Petrobras","DE VOLTA À ELITE NACIONAL!
As @sereiasdavilaoficial conquistam o acesso para o @brfeminino! 
#ElasEmCampo",0,"07/05/2025 13:12",https://www.instagram.com/p/DLvTSClo8je/,"Imagem do Instagram",,Total,21490,13489,924,17,3,15,8
17971932260866291,17841429857362439,paulistaof,"Paulistão F Petrobras","PRA NÃO ESQUECER!
Bora relembrar as convocadas pelo técnico Arthur Elias para a disputa da Copa América Feminina.
#CopaAméricaFeminina",0,"07/05/2025 08:00",https://www.instagram.com/p/DLuqqdCt5HU/,"Imagem do Instagram",,Total,15903,7938,689,15,0,4,15
17928160590080668,17841429857362439,paulistaof,"Paulistão F Petrobras","PARA CONQUISTAR O ACESSO!
Hoje é dia de Sereias da Vila em campo buscando voltar para a série A1 do @brfeminino em 2026.
#ElasEmCampo",0,"07/05/2025 06:00",https://www.instagram.com/p/DLuc0WcvJ5q/,"Imagem do Instagram",,Total,5927,2811,156,3,1,3,0
18511584694029606,17841429857362439,paulistaof,"Paulistão F Petrobras","VAI COMEÇAR!
Se liga nos jogos de ida das quartas de final do Paulista Feminino Sub-15 @petrobras.
#PaulistaFemininoSub15Petrobras",0,"07/05/2025 05:00",https://www.instagram.com/p/DLuV98hNU_u/,"Imagem do Instagram",,Total,19212,11134,250,63,4,1,2
18062277266188953,17841429857362439,paulistaof,"Paulistão F Petrobras","Edina Alves, Neuza Back e Fabrini Bevilaqua, do quadro da Federação Paulista de Futebol, foram as responsáveis pela arbitragem da partida entre Dinamarca e Suécia, nessa sexta-feira (4), na UEFA Euro Feminina 2025, que está acontecendo na Suíça. 
#Arbitragem #FPF
📷 Reprodução/@uefa_official",0,"07/04/2025 13:58",https://www.instagram.com/p/DLszub2zaWO/,"Imagem do Instagram",,Total,16156,8482,459,7,0,6,2
18060376211249175,17841429857362439,paulistaof,"Paulistão F Petrobras","BONDE DAS CONVOCADAS!
Seja pela @selecaofemininadefutebol ou pelas outras seleções, o #FutebolPaulista está bem representado na Copa América Feminina 2025.
#CopaAméricaFeminina",0,"07/04/2025 08:38",https://www.instagram.com/p/DLsPD0ENWg5/,"Imagem do Instagram",,Total,80196,48018,1530,14,1,11,26
17974234625857289,17841429857362439,paulistaof,"Paulistão F Petrobras","TÁ CHEGANDO!
Julho chegou e a adm já ligou o mood da Copa América Feminina! Se liga nas informações da competição e o histórico da @selecaofemininadefutebol.
#CopaAméricaFeminina",0,"07/01/2025 13:30",https://www.instagram.com/p/DLk9er4sHYK/,"Carrossel do Instagram",,Total,11389,4514,465,15,0,4,12
