"Identificação do post","Identificação da conta","Nome de usuário da conta","Nome da conta",Descrição,"Duração (s)","Horário de publicação","Link permanente","Tipo de post","Comentário de dados",Data,Visualizações,Alcance,Curtidas,Compartilhamentos,Seguimentos,Comentários,Salvamentos
18028860299838194,17841405688144679,rivalobrasil,"Rivalo Brasil","A gente sabe que você já tem um nome na cabeça…
Comente aqui e marca o clube dele! 👇

#MudeParaRivalo 🔁",0,"07/26/2026 08:03",https://www.instagram.com/p/DbQqpYqyEif/,"Imagem do Instagram","Ocorreu um erro ao computar métricas.",-,,,,,,,
17986508573843360,17841454473375442,ulissescostatv,"ULISSES TV","APOIO DA FIEL E VAI CORINTHIANS! 🖤🤍

Autor do segundo gol na vitória do Corinthians por 2 a 0 sobre a Portuguesa, pelo Paulistão Sub-20, @dias.levy08 falou após a partida sobre a importância da Fiel torcida, que compareceu em grande número a Atibaia e apoiou a equipe do primeiro ao último minuto.

📺 Acompanhe toda a cobertura do Paulistão Sub-20 na tela da Ulisses TV!

#Corinthians #PaulistãoSub20 #Timão #FielTorcida #UlissesTV",48,"07/13/2026 10:59",https://www.instagram.com/reel/Davgc0rM-Ii/,"Reel do Instagram","Ocorreu um erro ao computar métricas.",-,,,,,,,
18377449939160905,17841426429471156,fpf_oficial,"Federação Paulista de Futebol","História, paixão e compromisso com o futebol. ⚽🇪🇨
Parabéns à Federación Ecuatoriana de Fútbol pelo seus 101 anos de história! #Aniversário",0,"05/30/2026 04:00",https://www.instagram.com/p/DY9Ya0klsVD/,"Imagem do Instagram",,Total,3562,2068,43,1,0,0,2
18593267905003902,17841467312227297,fpfacademia,"FPF Academia","CURSO GESTÃO DE CATEGORIAS DE BASE ⚽ 💎
Foram três meses de encontros produtivos! Vem conferir a palavra de alunos e professores que fizeram a 2ª edição do #GestãoDeBase acontecer 🎥

🔗 Inscreva-se para a lista de espera da 3ª turma pelo link da bio da @fpfacademia 

#FPFAcademia #Curso #Gestão #FPF",80,"05/29/2026 14:41",https://www.instagram.com/reel/DY8BeCqOXBB/,"Reel do Instagram",,Total,6685,5389,109,10,1,2,0
17998502421004332,17841400074692954,paulistao,Paulistão,"FIM DE PAPO!
A segunda rodada da Copa Paulista Rivalo foi movimentada.
#CopaPaulistaRivalo",0,"07/27/2026 17:45",https://www.instagram.com/p/DbUSDdkEhVa/,"Imagem do Instagram",,Total,23664,13116,343,9,1,0,5
18087353777439449,17841426429471156,fpf_oficial,"Federação Paulista de Futebol","A FPF sediou o 66º Encontro da Associação Brasileira de Executivos de Futebol (ABEX) no Edifício Pelé, na tarde desta segunda-feira (27). A programação de palestras foi iniciada pelo vice-presidente da FPF, Mauro Silva, e, ao longo do evento, os participantes acompanharam diferentes temas ligados à gestão do futebol.
📷 Diego Rodrigues/Ag. Paulistão",0,"07/27/2026 13:02",https://www.instagram.com/p/DbTxrsxkqPI/,"Carrossel do Instagram",,Total,5448,2411,151,2,3,3,1
18040640402804430,17841426429471156,fpf_oficial,"Federação Paulista de Futebol","CONVIDADO ILUSTRE! ⚽
Reinaldo Carneiro Bastos, presidente da FPF, recebeu a visita de Raphael Claus nesta segunda-feira (27), no Edifício Pelé. O árbitro, que trabalhou na Copa do Mundo FIFA 2026, presenteou a @fpf_oficial e a Escola de Árbitros Flávio Iazzetti, da @fpfacademia, com camisas assinadas do último mundial 🏆

.
.
.

📷 Diego Soares/Ag. Paulistão

#FPF #Arbitragem #FPFAcademia #EAFI #RaphaelClaus",0,"07/27/2026 12:30",https://www.instagram.com/p/DbTuEAKnUfL/,"Carrossel do Instagram",,Total,28727,13556,1007,22,7,29,11
18116152243916304,17841405688144679,rivalobrasil,"Rivalo Brasil","OS JOGADORES DO @juventussaf CONSEGUIRAM ADIVINHAR DE QUEM É O CABELO? 🤔

Comenta aí quem devia entrar no próximo desafio 👇
#MudeParaRivalo 🔁",87,"07/27/2026 08:13",https://www.instagram.com/reel/DbTQguESIVh/,"Reel do Instagram",,Total,22612,15632,219,4,1,0,0
18138068749570937,17841426429471156,fpf_oficial,"Federação Paulista de Futebol","NOTA OFICIAL!
#FutebolPaulista",0,"07/26/2026 17:45",https://www.instagram.com/p/DbRtRf9Fm0u/,"Imagem do Instagram",,Total,42052,21039,730,75,14,28,11
18106747751029032,17841467312227297,fpfacademia,"FPF Academia","ESG NO ESPORTE? CLARO, QUE SIM! ✅
Da fisioterapia para o ESG, @rafaelrochagarcia nos conta sobre sua trajetória e conquistas ao longo da carreira por grandes instituições do esporte 👏

🚨 Lembrando: As inscrições para o Curso ESG na Gestão Esportiva seguem abertas! E é claro que o Rafa estará conosco como um dos professores. Venha desenvolver seus aprendizados sobre o tema na @fpfacademia 📚

🔗 Inscrições pelo link da bio

#FPFAcademia #ESG #Gestão #Esporte #FPF",121,"07/26/2026 10:04",https://www.instagram.com/reel/DbQ4MaqqOhc/,"Reel do Instagram",,Total,4589,3299,90,12,1,9,0
18119669738502551,17841467312227297,fpfacademia,"FPF Academia","CRONOGRAMA NA MÃO! 📝
Já estamos ansiosos por aqui para a primeira edição do VAR Experience, que acontece na @fpf_oficial, em 15 de agosto! Vem com a gente conferir a ordem de atividades neste dia especial! 🖥️ ⚽

🚨 Lembrando: Restam apenas as ÚLTIMAS VAGAS para esta vivência especial. Aprenda tudo sobre o VAR, teste a ferramenta e simule a experiência de um árbitro de vídeo. Inscrições pelo link da bio da @fpfacademia 🔗

.
.
.

#FPFAcademia #VAR #VARExperience #Arbitragem #FPF",0,"07/25/2026 13:40",https://www.instagram.com/p/DbOsTdPq76C/,"Imagem do Instagram",,Total,4546,2609,39,2,0,6,0
18018831878909747,17841467312227297,fpfacademia,"FPF Academia","ELENCO FECHADO! ✅ 💪
Vem com a gente conferir os professores que vão participar da 1ª edição do 𝗖𝘂𝗿𝘀𝗼 𝗘𝗦𝗚 𝗻𝗮 𝗚𝗲𝘀𝘁𝗮̃𝗼 𝗘𝘀𝗽𝗼𝗿𝘁𝗶𝘃𝗮!

Lembrando: É uma oportunidade TOTALMENTE ON-LINE, pensada para todos os profissionais que desejam saber mais sobre governança, impacto social, sustentabilidade e compliance no ambiente esportivo 🌎 ⚽

📅 17, 18, 24, 25 e 31 de agosto | 01 de setembro

Bora fazer parte dessa? Mais informações e inscrição pelo link da bio da @fpfacademia 🔗

.
.
.

#FPFAcademia #Curso #ESG #Gestão #Esporte",0,"07/24/2026 08:50",https://www.instagram.com/p/DbLmf1TnN26/,"Carrossel do Instagram",,Total,13389,5940,158,17,5,5,0
18086717021235341,17841429857362439,paulistaof,"Paulistão F","A Federação Paulista de Futebol e a Petrobras renovaram até o final da temporada de 2027 a parceria iniciada em 2024. Com o novo patrocínio, a companhia passa a dar nome ao Paulistão F Petrobras 2026, em disputa, à Copinha F Petrobras 2026, que será realizada no segundo semestre, e a todas as demais competições, torneios e festivais femininos do Estado. 
#PaulistãoFPetrobras",0,"07/24/2026 06:10",https://www.instagram.com/p/DbLUKs0kRGp/,"Carrossel do Instagram",,Total,76961,26571,806,40,8,18,11
18110918893981230,17841429857362439,paulistaof,"Paulistão F","FPF renova parceria com a Petrobras, que agora dá nome ao Paulistão F e à Copinha F. Novo patrocínio válido até o fim de 2027 reforça investimentos em competições, formação de atletas e projetos de desenvolvimento da modalidade. Nada pode parar a energia delas!
#PaulistãoFPetrobras",32,"07/24/2026 06:00",https://www.instagram.com/reel/DbLSbumxo7H/,"Reel do Instagram",,Total,38721,22456,367,20,5,5,6
18080018948669119,17841400074692954,paulistao,Paulistão,"NADA DE GOLS!
União São João e XV de Piracicaba encerram a primeira rodada da #CopaPaulistaRivalo empatando.
📷Mariana Kasten/XV de Piracicaba",0,"07/22/2026 17:27",https://www.instagram.com/p/DbHYETSCdO6/,"Imagem do Instagram",,Total,21364,11774,182,4,0,41,1
17900508708329181,17841467312227297,fpfacademia,"FPF Academia","CONVITE IRRECUSÁVEL! ⚽
O Curso para Supervisores de Futebol chega em sua 7ª edição, mais uma vez repleto de grandes professores! Né, @henriquedaimond? 😉

🔗 Acesse o link da bio da @fpfacademia, saiba mais e faça sua inscrição!
🚨 VAGAS LIMITADAS

#FPFAcademia #Curso #Supervisores #Futebol #FPF",47,"07/22/2026 09:01",https://www.instagram.com/reel/DbGeGNyqyqv/,"Reel do Instagram",,Total,5126,3376,194,10,2,13,0
17903398998466460,17841426429471156,fpf_oficial,"Federação Paulista de Futebol","Reinaldo Carneiro Bastos, presidente da Federação Paulista de Futebol, junto com Luiza Reis, gerente da Escola de Árbitros e Processos de Arbitragem da FPF, acompanharam, nesta terça-feira (21), na sede da CBF, o lançamento do impedimento semiautomático, que será implementado no @brasileirao. O evento contou com a presença de presidentes dos 20 clubes da Série A e das federações estaduais. Depois do evento, houve ainda uma reunião de trabalho com o diretor de arbitragem, Netto Goes, e o presidente da Comissão de Arbitragem, Sandro Meira Ricci, pra alinhar os procedimentos e futuros projetos entre CBF e FPF.
#Arbitragem
📷 Rafael Ribeiro / CBF",0,"07/21/2026 14:20",https://www.instagram.com/p/DbEdwKsn3Xp/,"Carrossel do Instagram",,Total,12317,4785,232,17,1,1,5
18039073520747000,17841426429471156,fpf_oficial,"Federação Paulista de Futebol","NA EXPECTATIVA PARA A SEQUÊNCIA!
Caio Soler, presidente do @flamengoguarulhos, comentou sobre o momento do clube no Paulista Sub-23 Segunda Divisão e os próximos passos para conquista do tão sonhado acesso! 
#FPF #FutebolPaulista",43,"07/20/2026 14:30",https://www.instagram.com/reel/DbB2PeBkUnY/,"Reel do Instagram",,Total,13784,8705,437,9,12,30,7
18106632479084369,17841426429471156,fpf_oficial,"Federação Paulista de Futebol","FAZENDO BONITO!
Estreante e dono da melhor campanha da Bezinha em 2026, o @itaqua.athletico.clube está na disputa pelo acesso! O presidente José Antonio falou sobre a campanha da equipe e os próximos desafios.
#FPF #FutebolPaulista",48,"07/20/2026 14:00",https://www.instagram.com/reel/DbB0Ie9FcCX/,"Reel do Instagram",,Total,11529,7567,229,8,7,10,5
17892957453579974,17841426429471156,fpf_oficial,"Federação Paulista de Futebol","“FOI UMA COMPETIÇÃO MUITO BEM JOGADA”
Marcos Vilela, presidente do @oficialamericasp, falou sobre a campanha do time de São José do Rio Preto no Paulista Sub-23 Segunda Divisão e as expectativas para a semifinal da competição.
#FPF #FutebolPaulista",57,"07/20/2026 13:15",https://www.instagram.com/reel/DbBxlIbFF3J/,"Reel do Instagram",,Total,10292,6448,277,12,5,36,2
18072638243380273,17841426429471156,fpf_oficial,"Federação Paulista de Futebol","Mário César, presidente do @independentedelimeiraoficial, falou um pouco sobre a expectativa para a semifinal do Paulista Sub-23 Segunda Divisão. #FPF #FutebolPaulista",38,"07/20/2026 12:52",https://www.instagram.com/reel/DbBu3JSiQVH/,"Reel do Instagram",,Total,7785,5294,199,3,7,19,2
17927119203380117,17841426429471156,fpf_oficial,"Federação Paulista de Futebol","CHEGOU A HORA DAS SEMIS! 
O Conselho Técnico do Paulista Sub-23 2ª Divisão reuniu os representantes de @itaqua.athletico.clube, @flamengoguarulhos, @independentedelimeiraoficial e @oficialamericasp, nesta segunda-feira (20). A reunião conduzida pelo presidente da FPF, Reinaldo Carneiro Bastos, teve como intuito alinhar todos os detalhes das semifinais. #FPF #FutebolPaulista
📷Rodrigo Corsi/ Ag. Paulistão",0,"07/20/2026 12:15",https://www.instagram.com/p/DbBqvhmEuh_/,"Carrossel do Instagram",,Total,23345,10555,402,11,8,11,1
17872161198628257,17841400074692954,paulistao,Paulistão,"QUEM É QUE SOBE?
Datas e horários dos confrontos da semifinal do Paulista Sub-23 Segunda Divisão foram definidos. Quem vai chegar à final?
#PaulistaSub23SegundaDivisão",0,"07/20/2026 11:41",https://www.instagram.com/p/DbBm5flCfIu/,"Carrossel do Instagram",,Total,57488,24759,985,158,14,44,18
18143811484517821,17841426429471156,fpf_oficial,"Federação Paulista de Futebol","UMA DÉCADA DO SÃO-CARLENSE!
Parabéns, @gremiodesportivosaocarlense!
#FutebolPaulista #Aniversário",0,"07/20/2026 03:00",https://www.instagram.com/p/DbAmFjDn-0p/,"Imagem do Instagram",,Total,5330,3103,51,7,0,1,0
17944880571248221,17841400074692954,paulistao,Paulistão,"JOGOS DO ACESSO!
Se liga como ficaram definidos os confrontos das semifinais do Paulista Sub-23 Segunda Divisão!

Itaqua x América
Independente x Flamengo

#FutebolPaulista",0,"07/19/2026 08:07",https://www.instagram.com/p/Da-ppIbn-Ls/,"Imagem do Instagram",,Total,46383,23788,1219,169,24,68,13
18210023962356151,17841400074692954,paulistao,Paulistão,"GALO NA SEMI!
O Independente fica com a última vaga para a semifinal do Paulista Sub-23 Segunda Divisão!
#FutebolPaulista",0,"07/19/2026 08:03",https://www.instagram.com/p/Da-pI72H60_/,"Imagem do Instagram",,Total,57114,32335,660,100,4,18,7
18369000604232051,17841400074692954,paulistao,Paulistão,"O AMÉRICA TÁ LÁ!
A equipe de São José de Rio Preto é semifinalista do Paulista Sub-23 Segunda Divisão!
#FutebolPaulista",0,"07/19/2026 08:01",https://www.instagram.com/p/Da-o67Inzpx/,"Imagem do Instagram",,Total,38401,19248,801,98,5,34,9
17966122044068635,17841400074692954,paulistao,Paulistão,"DIA DA NOSSA MAIOR PAIXÃO! 
Nesse 19 de julho, celebramos o esporte mais popular do mundo! Feliz Dia Nacional do Futebol ⚽🤍
#FutebolPaulista #DiaNacionalDoFutebol",0,"07/19/2026 04:00",https://www.instagram.com/p/Da-IKD2n4nm/,"Imagem do Instagram",,Total,32461,18613,646,90,0,8,18
18110694994997707,17841400074692954,paulistao,Paulistão,"PARA FECHAR!
Nada como um domingo de manhã com decisão no #PaulistaSub23SegundaDivisão",0,"07/19/2026 03:00",https://www.instagram.com/p/Da-BSegFt7G/,"Imagem do Instagram",,Total,17907,9634,106,7,1,1,2
17876146029653436,17841400074692954,paulistao,Paulistão,"PREFIRO ESTAR AQUI...
Assistindo a Copa Paulista Rivalo no domingo de manhã.
#CopaPaulistaRivalo",0,"07/19/2026 02:00",https://www.instagram.com/p/Da96bGbFq5x/,"Imagem do Instagram",,Total,16675,9573,145,5,0,4,2
18095528291012282,17841400074692954,paulistao,Paulistão,"VITÓRIA E CLASSIFICAÇÃO!
Itaqua e Flamengo levaram a melhor no agregado e garantiram a vaga para a semifinal do Paulista Sub-23 Segunda Divisão.
#FutebolPaulista",0,"07/18/2026 13:30",https://www.instagram.com/p/Da8p0hjn-pM/,"Imagem do Instagram",,Total,25363,13068,402,8,0,9,4
17903608872462968,17841400074692954,paulistao,Paulistão,"CORVO TÁ LÁ!
O @flamengoguarulhos é semifinalista do Paulista Sub-23 Segunda Divisão!
#FutebolPaulista",0,"07/18/2026 12:59",https://www.instagram.com/p/Da8mP7Cn3CQ/,"Imagem do Instagram",,Total,66146,32497,951,103,7,17,8
18085664702542854,17841400074692954,paulistao,Paulistão,"VAI BUSCAR O ACESSO!
O @itaqua.athletico.clube é semifinalista do Paulista Sub-23 Segunda Divisão!
#FutebolPaulista",0,"07/18/2026 12:57",https://www.instagram.com/p/Da8mBvdH2qJ/,"Imagem do Instagram",,Total,63224,29333,893,91,8,19,7
17877728769504258,17841467312227297,fpfacademia,"FPF Academia","MANHÃ COM MUITAS ATIVIDADES🔥
Os alunos correram (e apitaram) bastante e concluíram mais uma aula prática do Curso de Árbitros💪

.
.
.

#FPFAcademia #Curso #EAFI #Arbitragem",69,"07/18/2026 10:54",https://www.instagram.com/reel/Da8Xes9KT0y/,"Reel do Instagram",,Total,5740,3684,157,6,5,4,0
17904370356461173,17841467312227297,fpfacademia,"FPF Academia","APRIMORAMENTO TÉCNICO 💪🧠
Na manhã deste sábado (18), os alunos do Nível 2 do Curso de Árbitros da #EAFI estiveram no @narsp para mais um dia de treinamento prático🏃‍♀️🏃‍♂️

Durante a atividade, os participantes aperfeiçoaram fundamentos essenciais da arbitragem, como posicionamento, leitura de jogo, deslocamentos, velocidade e tomadas de decisão em diferentes situações de partida

A preparação continua! O próximo encontro presencial acontece no dia 1º de agosto, com mais uma etapa de treinamento🗓️

.
.
.

📷 Diego Soares/Ag. Paulistão

#FPFAcademia #Curso #EAFI #Arbitragem",0,"07/18/2026 08:09",https://www.instagram.com/p/Da8FB8bnKKU/,"Carrossel do Instagram",,Total,15859,7463,291,38,1,9,0
17922226218395510,17841400074692954,paulistao,Paulistão,"DOSE TRIPLA!
Três jogos movimentam a primeira rodada da #CopaPaulistaRivalo neste sábado.",0,"07/18/2026 05:00",https://www.instagram.com/p/Da7qPigmtGT/,"Imagem do Instagram",,Total,15418,7478,100,3,0,0,2
18123847510681177,17841400074692954,paulistao,Paulistão,"OS DOIS PRIMEIROS...
O sábado vai estar movimentado na disputa pelas duas primeiras vagas na semifinal do Paulista Sub-23 Segunda Divisão.
#PaulistaSub23SegundaDivisão",0,"07/18/2026 05:00",https://www.instagram.com/p/Da7qOwZmkrP/,"Imagem do Instagram",,Total,19973,9327,146,2,0,4,1
18346158511173506,17841400074692954,paulistao,Paulistão,"PRIMEIRO JÁ FOI!
Na primeira partida da #CopaPaulistaRivalo2026, o Marília levou a melhor.
📷 Matheus Dahsan/Marília",0,"07/17/2026 18:10",https://www.instagram.com/p/Da6k6XwEuGo/,"Imagem do Instagram",,Total,37965,21412,482,45,4,3,3
17878355022616916,17841400074692954,paulistao,Paulistão,"PRIMEIRO DA TEMPORADA!
Carlos Alberto foi lá em cima para marcar o primeiro gol da Copa Paulista Rivalo 2026!
#CopaPaulistaRivalo",63,"07/17/2026 16:21",https://www.instagram.com/reel/Da6YV9tJNMP/,"Reel do Instagram",,Total,82248,49531,1529,58,10,37,11
18130128478625721,17841400074692954,paulistao,Paulistão,"FIQUE ATENTO!
Com o retorno das competições após a pausa para a Copa do Mundo FIFA 2026, as novas regras propostas pela FIFA passam a ser aplicadas nas competições da Federação Paulista de Futebol que começam no segundo semestre.
#FutebolPaulista",75,"07/17/2026 07:26",https://www.instagram.com/reel/Da5bB6qxxxe/,"Reel do Instagram",,Total,108266,82524,4817,1283,903,71,362
18163415380456624,17841454473375442,ulissescostatv,"ULISSES TV","A COPA PAULISTA ESTÁ CHEGANDO! 👀🥅

Na próxima quarta-feira, às 19h, a bola vai rolar para @uniaosaojoaodeararas e @xvpiracicaba, no estádio Dr. Hermínio Ometto, em Araras-SP, pela 1ª rodada da Copa Paulista 2026.

⬇️ Diz aí, quem vence esse jogão?

#copapaulista #paulistão #uniãosãojoão #xvdepiracicaba #ulissestv",0,"07/16/2026 15:29",https://www.instagram.com/p/Da3t3ONFL68/,"Imagem do Instagram",,Total,32919,18939,259,18,4,12,0
17995972583992809,17841467312227297,fpfacademia,"FPF Academia","MULHERES EM FOCO! ✨
O #TBT de hoje relembra algumas das iniciativas da FPF Academia, em parceria com a @petrobras, voltadas ao fortalecimento da presença feminina no futebol, reunindo treinadoras, narradoras, lideranças e profissionais de diferentes áreas do esporte 📝

Foram encontros de muito aprendizado, troca de experiências e desenvolvimento, reafirmando a importância de criar espaços para o compartilhamento de conhecimento e a valorização de diferentes trajetórias no futebol ⚽💙

.
.
.

📷 Rodrigo Corsi , Diego Soares e Anderson Romão/Ag. Paulistão

#FPFAcademia #Petrobras #Cursos #FutebolFeminino",0,"07/16/2026 10:53",https://www.instagram.com/p/Da3ONhonG_i/,"Carrossel do Instagram",,Total,78542,47833,334,15,22,5,0
18336529135266288,17841426429471156,fpf_oficial,"Federação Paulista de Futebol","Você já reparou que, toda vez que aplica um cartão, o árbitro faz algumas anotações? Mas afinal, o que ele escreve?

Nesse post, explicamos uma das curiosidades mais comuns do futebol e mostramos por que esses registros são tão importantes durante uma partida.

Agora queremos saber: você já conhecia essa informação ou também tinha essa dúvida?
Conte para a gente nos comentários.",0,"07/16/2026 08:00",https://www.instagram.com/p/Da21SGolqnl/,"Carrossel do Instagram",,Total,19042,8229,335,35,8,6,15
18111927932295755,17841400074692954,paulistao,Paulistão,"O RANKING DE CAMPEÕES!
O @xvpiracicaba conquistou o tricampeonato da #CopaPaulistaRivalo ano passado. Quem será que leva o troféu em 2026? 👀🏆",0,"07/15/2026 12:11",https://www.instagram.com/p/Da0yOD_lPog/,"Carrossel do Instagram",,Total,77383,32657,1625,43,1,28,33
18104128192878967,17841467312227297,fpfacademia,"FPF Academia","DE VOLTA AO MORUMBIS! 🏟️
Em sua 7ª edição, o Curso para Supervisores de Futebol da @fpfacademia retorna à casa do @saopaulofc para um dia especial! Vai ter muito conteúdo sobre Match Day, planejamento, operação de jogo... e mais! 👔 ⚽

Como vai funcionar? 👇

Os alunos e alunas matriculados na 7ª edição do Curso para Supervisores de Futebol vão ter a chance de conhecer de perto a estrutura e operação do Estádio do MorumBIS durante a aula final da capacitação, programada para o dia 10 de novembro! 📅

🔗 Não perca tempo! Inscreva-se pelo link da bio da @fpfacademia até 17 de agosto!
🚨 VAGAS LIMITADAS 🚨

.
.
.

#FPFAcademia #Curso #Supervisores #Futebol #Morumbis",0,"07/15/2026 08:35",https://www.instagram.com/p/Da0Zpu6HOFP/,"Carrossel do Instagram",,Total,40338,114976,253,17,63,5,0
18447255142186999,17841426429471156,fpf_oficial,"Federação Paulista de Futebol","“AQUI É O NOSSO FUTURO” 🥹
Edina Alves, arbitra da Federação Paulista de Futebol, participou de um treinamento do quadro feminino da FPF, nesta segunda-feira (13), e falou um pouco sobre a importância dessa estrutura para evolução e crescimento da arbitragem feminina.",69,"07/14/2026 10:04",https://www.instagram.com/reel/Dax-64sRxIP/,"Reel do Instagram",,Total,17022,12087,853,31,57,33,16
18125323288709486,17841426429471156,fpf_oficial,"Federação Paulista de Futebol","PARABÉNS, @fnfoficial!
108 anos da Federação Norte-Rio-Grandense de Futebol 🥳
#Aniversário",0,"07/14/2026 03:00",https://www.instagram.com/p/DaxJULxEncU/,"Imagem do Instagram",,Total,4286,2450,54,2,2,4,0
17875081149528387,17841467312227297,fpfacademia,"FPF Academia","REFLEXÃO SOBRE FUTEBOL DE BASE! 💡
Durante a última edição do Curso Gestão de Categorias de Base, Marcelo Lima, gerente geral do @desportivobrasil, trouxe dicas para gestores sobre a importância dos clubes formadores e da educação na vida de jovens atletas. Vem conferir! 💎 ⚽

🔗 Acesse o link da bio da @fpfacademia e entre na lista de espera da 3ª edição

#Curso #GestãoDeBase #Futebol #FPF #FPFAcademia",51,"07/13/2026 09:10",https://www.instagram.com/reel/DavTeqiKy0L/,"Reel do Instagram",,Total,9990,6849,181,16,4,8,0
18003505592768130,17841467312227297,fpfacademia,"FPF Academia","👔 ⚽ No Curso para Supervisores de Futebol da @fpfacademia você vai aprender sobre...

... Vai passando pro lado e conferindo a legenda ➡️

.
.
.

📷 Rodrigo Corsi e Diego Soares/Ag. Paulistão

#FPFAcademia #Curso #Supervisores #Futebol #FPF

💡 Gerenciamento do Departamento de Futebol: pessoas, processos, inovação e comunicação

💡 O papel do supervisor ou supervisora na gestão administrativa dos clubes

💡 Legislação, registros e transferências 

💡 Pessoas e Cultura no Futebol

💡 Comunicação Assertiva

💡 Logística no futebol

💡 Match Day, planejamento e execução da operação de jogo 

E muito mais! 📚

Tá esperando o que para se inscrever no curso mais completo do Brasil sobre o trabalho do supervisor de futebol? Vem com a @fpfacademia impulsionar sua carreira nesta 7ª edição ✅

Todas as informações e inscrição pelo link da bio da @fpfacademia! Ainda restaram dúvidas? Mande uma DM ou comente aqui embaixo 👇

.
.
.

#FPFAcademia #Curso #Supervisores #Futebol #fpffgdynia",0,"07/10/2026 11:37",https://www.instagram.com/p/Dan2gPiHB_l/,"Carrossel do Instagram",,Total,9626,4478,131,9,2,2,0
18088090343395785,17841426429471156,fpf_oficial,"Federação Paulista de Futebol","PARABÉNS, @conmebol! 🥳
110 anos de história da Confederação Sul-Americana de Futebol!
#Aniversário",0,"07/09/2026 03:00",https://www.instagram.com/p/DakRVyHlr8s/,"Imagem do Instagram",,Total,3212,1820,52,4,0,0,2
18098515406121801,17841426429471156,fpf_oficial,"Federação Paulista de Futebol","A edição de 2026 da Copinha F foi apresentada pela Federação Paulista de Futebol em reunião realizada na Prefeitura de São Paulo, nesta terça-feira (7). O encontro reuniu representantes da FPF e do município para dar sequência aos preparativos a 4ª edição da competição. 
#FPF #FutebolPaulista",42,"07/07/2026 14:50",https://www.instagram.com/reel/Dagd94tIlrz/,"Reel do Instagram",,Total,8715,6301,261,15,3,14,5
17897174124510017,17841426429471156,fpf_oficial,"Federação Paulista de Futebol","A comitiva da Federação Paulista de Futebol, comandada pelo presidente Reinaldo Carneiro Bastos, esteve na Prefeitura de São Paulo nesta terça-feira (7), a convite do prefeito Ricardo Nunes, para reunião de apresentação da Copinha F 2026.
A parceria entre FPF e Prefeitura, iniciada em 2023, chega à quarta edição da competição, reforçando o compromisso com o fortalecimento do futebol feminino. #FPF #FutebolPaulista 
📷Rodrigo Corsi/ Ag. Paulistão",0,"07/07/2026 13:27",https://www.instagram.com/p/DagUsgVHZ8q/,"Carrossel do Instagram",,Total,11577,5263,218,5,0,2,1
17871299403546060,17841467312227297,fpfacademia,"FPF Academia","FÁCIL? QUE NADA! 💪
Os alunos do Curso de Árbitros da EAFI 2026 contam um pouquinho sobre a primeira experiência na cabine do #VAR 🖥️ ⚽

🚨 Quer viver esta adrenalina também? As vagas seguem disponíveis para o 𝗩𝗔𝗥 𝗘𝘅𝗽𝗲𝗿𝗶𝗲𝗻𝗰𝗲! Venha aprender sobre a ferramenta diretamente da @fpf_oficial. Mais informações e inscrições pelo link da bio 🔗

#FPFAcademia #VARExperience #Arbitragem #Futebol",66,"07/07/2026 12:18",https://www.instagram.com/reel/DagMfcRKcsw/,"Reel do Instagram",,Total,52287,33849,1251,33,539,28,0
17980969044046449,17841426429471156,fpf_oficial,"Federação Paulista de Futebol","BORA PARA AS QUARTAS! 
O Conselho Técnico das quartas de final do Paulista Sub-23 Segunda Divisão, aconteceu na tarde desta segunda-feira (6). Os oito clubes participantes foram recebidos pelo presidente da FPF, Reinaldo Carneiro Bastos no Edifício Pelé, onde definiram os últimos detalhes da próxima fase. #FPF #FutebolPaulista",105,"07/06/2026 15:05",https://www.instagram.com/reel/Dad65DYIpOI/,"Reel do Instagram",,Total,14467,9511,390,10,24,11,7
18344602747222664,17841426429471156,fpf_oficial,"Federação Paulista de Futebol","O presidente da Federação Paulista de Futebol, Reinaldo Carneiro Bastos, recebeu os representantes dos oito clubes classificados para as quartas de final do Paulista Sub-23 Segunda Divisão, nesta segunda-feira (6), para o Conselho Técnico da competição. O encontro definiu os últimos detalhes da próxima fase. 
#FPF #FutebolPaulista
📷 Rodrigo Corsi/Ag. Paulistão",0,"07/06/2026 13:29",https://www.instagram.com/p/DadwJvRDdZX/,"Carrossel do Instagram",,Total,24941,13175,369,11,8,3,2
17889659196576095,17841400074692954,paulistao,Paulistão,"RESTAM OITO!
Datas e horários dos confrontos de ida e volta das quartas de final do Paulista Sub-23 Segunda Divisão foram definidos. Confira a tabela completa.
#PaulistaSub23SegundDivisão",0,"07/06/2026 12:11",https://www.instagram.com/p/DadnMYBE_D-/,"Carrossel do Instagram",,Total,30887,13046,442,47,5,4,3
17862199434641342,17841426429471156,fpf_oficial,"Federação Paulista de Futebol","Nota Oficial",0,"07/06/2026 10:35",https://www.instagram.com/p/Dadb74LmnJx/,"Imagem do Instagram",,Total,86219,46925,1924,232,16,131,35
17861583279641936,17841467312227297,fpfacademia,"FPF Academia","SIMULADOR VAR! 🖥️ ⚽
A turma de 2026 do Curso de Árbitros da EAFI compareceu neste sábado (4) ao Edifício Pelé, sede da Federação Paulista de Futebol, para uma aula especial. Os alunos e alunas tiveram o primeiro contato prático com a ferramenta #VAR dentro do curso e puderam aprender mais sobre o trabalho do árbitro de vídeo, além de exercitar os aprendizados teóricos já obtidos 💡

🚨 Lembrando que a @fpfacademia ainda está com vagas abertas para o 𝗩𝗔𝗥 𝗘𝘅𝗽𝗲𝗿𝗶𝗲𝗻𝗰𝗲. Se você também quer ter a chance de conhecer mais sobre a ferramenta, increva-se pelo link da bio! Uma vivência única destinada a todos os amantes do futebol, que vai ocorrer no dia 15 de agosto 📅
.
.
.

📷 Rodrigo Corsi/Ag. Paulistão

#FPFAcademia #Curso #Arbitragem #EAFI",0,"07/04/2026 11:16",https://www.instagram.com/p/DaYXXuWnN7w/,"Carrossel do Instagram",,Total,10725,4460,207,11,2,5,0
17887008765597806,17841467312227297,fpfacademia,"FPF Academia","PRAZER, VAR! 🖥️ ⚽ 🤝
Dia de apresentar a dinâmica do árbitro de vídeo e das cabines do #VAR para os alunos e alunas do Curso de Árbitros da #EAFI. E a galera veio pra @fpf_oficial pra colocar a mão na massa, se liga! 📽️

#FPFAcademia #Arbitragem #FPF",48,"07/04/2026 08:01",https://www.instagram.com/reel/DaYAu7eqJtA/,"Reel do Instagram",,Total,8355,5685,142,16,0,0,0
18377148781201965,17841426429471156,fpf_oficial,"Federação Paulista de Futebol","No Dia Nacional de Combate à Discriminação Racial, a FPF reafirma: o futebol deve ser um espaço de respeito, pertencimento e igualdade para todos. ✊🏾
#FPF #FutebolPaulista",0,"07/03/2026 14:43",https://www.instagram.com/p/DaWKOwNmr78/,"Imagem do Instagram",,Total,6145,4235,85,26,0,2,0
17982666255001434,17841467312227297,fpfacademia,"FPF Academia","OS PRIMEIROS NOMES! ✔️ ✔️
Vocês tão ligados, né? Vem aí a 7ª edição do Curso para Supervisores de Futebol, da FPF Academia, com muito conteúdo e presenças ilustres 👔 ⚽ Vem conferir alguns dos especialistas que estarão com a gente para elevar ainda mais o nível do debate ➡️

💡 Aprenda sobre logística, planejamento, controle documental, registro, gestão de pessoas, operação de jogo e mais!

📅 Período: 24/08 a 10/11 
📍 5 encontros presenciais 💻 4 aulas on-line

🔗 Mais informações e inscrição pelo link da bio! Dúvidas? Mande uma DM para a @fpfacademia 📩

.
.
.

#FPFAcademia #Curso #Supervisores #Futebol #FPF",0,"07/03/2026 12:13",https://www.instagram.com/p/DaV4_7RmdI2/,"Carrossel do Instagram",,Total,25672,29498,297,39,24,14,0
18099359920897544,17841426429471156,fpf_oficial,"Federação Paulista de Futebol","Reinaldo Carneiro Bastos acompanhou, nesta sexta-feira (3), a cerimônia de reinauguração do Estádio Olímpico do Ibirapuera “Ícaro de Castro Mello”, realizada com a presença de autoridades do Estado e da capital paulista. #FPF #FutebolPaulista",21,"07/03/2026 10:30",https://www.instagram.com/reel/DaVtIKKEdKv/,"Reel do Instagram",,Total,7344,4734,237,3,0,13,3
18097491314609635,17841426429471156,fpf_oficial,"Federação Paulista de Futebol","O presidente da Federação Paulista de Futebol, Reinaldo Carneiro Bastos, participou da reinauguração do Estádio Olímpico do Ibirapuera “Ícaro de Castro Mello”, nesta sexta-feira (3).
Ao lado do governador do Estado de São Paulo, Tarcísio de Freitas, do prefeito da capital, Ricardo Nunes, e de outras autoridades, Reinaldo acompanhou a cerimônia de entrega do estádio, que passou por diversas obras de modernização. #FPF #FutebolPaulista
📷 Jhony Inácio/ Ag.Paulistão",0,"07/03/2026 07:23",https://www.instagram.com/p/DaVXzetEaF5/,"Carrossel do Instagram",,Total,10035,4724,299,6,0,6,2
18125323810710684,17841426429471156,fpf_oficial,"Federação Paulista de Futebol","ARBITRAGEM PAULISTA NO MATA-MATA DA COPA DO MUNDO! 🌎🌟
Raphael Claus e Danilo Manis, integrantes do quadro de arbitragem da FPF, conduziram a partida entre Estados Unidos e Bósnia, válido pela fase 16 avos de final da Copa do Mundo de 2026.
#FPF #Arbitragem",0,"07/01/2026 19:22",https://www.instagram.com/p/DaRgiGaDYPi/,"Carrossel do Instagram",,Total,140407,60637,3028,23,8,40,26
18334308031271410,17841467312227297,fpfacademia,"FPF Academia","JULHO NA FPF ACADEMIA! 📅
Reta final de Copa do Mundo FIFA 2026, e muito conteúdo no Curso de Árbitros da #EAFI e Curso #MasterFPF! 💪 Vem conferir nossa agenda dos próximos trinta dias! ➡️

Lembrando que temos TRÊS cursos com VAGAS ABERTAS no momento ✅ ✅ ✅

👔 Curso para Supervisores de Futebol
🖥️ VAR Experience
🌍 Curso ESG na Gestão Esportiva

🔗 Acesse o nosso link da bio, saiba mais e faça sua inscrição! Dúvidas? Mande uma DM para a @fpfacademia

.
.
.

#FPFAcademia #Calendário #Julho",0,"07/01/2026 07:30",https://www.instagram.com/p/DaQPEH6nICm/,"Carrossel do Instagram",,Total,7647,2980,82,4,0,2,0
17871242058685708,17841400074692954,paulistao,Paulistão,"ARBITRAGEM PAULISTA EM CAMPO!
Raphael Claus e Danilo Manis, do quadro de árbitros da FPF, farão parte da equipe responsável por conduzir o duelo entre Estados Unidos e Bósnia, pela fase de 16 avos da Copa do Mundo 2026.
#FPF #Arbitragem",0,"06/29/2026 17:00",https://www.instagram.com/p/DaMGsslt7Fj/,"Imagem do Instagram",,Total,66244,40733,1176,76,1,22,11
18124937365635707,17841400074692954,paulistao,Paulistão,"VAI, NHÔ QUIM!
O XV de Piracicaba tá terceira fase da Série D!
#PaulistasEmCampo",0,"06/27/2026 16:03",https://www.instagram.com/p/DaG2mobn8iw/,"Imagem do Instagram",,Total,59272,33726,1244,89,2,18,5
18126703531652702,17841400074692954,paulistao,Paulistão,"VELO CLUBE AVANÇA!
A equipe de Rio Claro carimba a passagem para a terceira fase da Série D!
#PaulistasEmCampo",0,"06/27/2026 14:15",https://www.instagram.com/p/DaGqOcvnwbc/,"Imagem do Instagram",,Total,107999,53908,2094,341,7,103,13
18011236511879410,17841400074692954,paulistao,Paulistão,"CLASSIFICAÇÃO LUSITANA! 🇵🇹🦁
A Portuguesa está na terceira fase da Série D!
#PaulistasEmCampo",0,"06/27/2026 13:58",https://www.instagram.com/p/DaGoPs5n_iR/,"Imagem do Instagram",,Total,51610,30539,1209,103,2,35,9
18114124453705817,17841400074692954,paulistao,Paulistão,"OS QUATRO PRIMEIROS!
O sábado vai ser movimentado com os primeiros confrontos do #PaulistaSub23SegundaDivisão",0,"06/27/2026 07:00",https://www.instagram.com/p/DaFzRWRGeeY/,"Imagem do Instagram",,Total,15659,9080,149,21,0,4,0
18383291665164874,17841454473375442,ulissescostatv,"ULISSES TV","DOMINGO É DIA DE CLÁSSICO! 🐳🦅

Simplesmente Santos e Corinthians, pelo Paulistão Sub-20, no Estádio Ulrico Mursa! Você confere todas as emoções dessa partida com a transmissão da @ulissescostatv, a partir das 14h20.

É muito craque junto! Vem com a gente! ⚽️

⤵️ E comenta aí, qual é o seu palpite para esse jogão?

🔗 LINK NO STORY!

#santos #corinthians #paulistao #campeonatopaulista #ulissestv",0,"06/26/2026 13:36",https://www.instagram.com/p/DaEAjoiTaQ4/,"Imagem do Instagram",,Total,23762,15595,175,6,4,3,0
18068298617419771,17841433567384088,faculdadeeinstein,"Faculdade Einstein","Quando uma emergência acontece em campo, não há espaço para improviso ⚽ 

No curso de Atendimento às Emergências no Esporte, desenvolvido em parceria entre o Centro de Simulação Realística Einstein, CBF (@brasil ) e a Federação Paulista de Futebol (@fpf_oficial ), profissionais treinam cenários críticos para desenvolver raciocínio clínico, tomada de decisão e atuação segura em situações de alta pressão.

Porque a preparação começa antes do jogo.

📌 Aproveite 10% de desconto da Seleção de Cursos Einstein até 30/06.
Inscrições no link da bio: @faculdadeeinstein

#SimulaçãoRealística #EmergênciasNoEsporte #MedicinaEsportiva #Esporte",66,"06/26/2026 09:34",https://www.instagram.com/reel/DaDk84mRoLX/,"Reel do Instagram",,Total,11134,8147,90,20,0,3,0
18088996007090144,17841426429471156,fpf_oficial,"Federação Paulista de Futebol","Reinaldo Carneiro Bastos, presidente da Federação Paulista de Futebol, acompanhou o lançamento do projeto Seleção Carbono Neutra, iniciativa da CBF realizada em Miami (EUA) nesta semana. A ação busca tornar a Seleção Brasileira a primeira equipe nacional de futebol carbono neutra do mundo na Copa do Mundo FIFA 2026. #FPF",0,"06/26/2026 07:05",https://www.instagram.com/p/DaDUHLClogU/,"Imagem do Instagram",,Total,18482,9808,728,5,4,25,8
17894346714507861,17841426429471156,fpf_oficial,"Federação Paulista de Futebol","NOTA OFICIAL
#FutebolPaulista",0,"06/26/2026 06:35",https://www.instagram.com/p/DaDQxiXGidx/,"Imagem do Instagram",,Total,19905,9704,277,8,1,3,4
18119748064802739,17841467312227297,fpfacademia,"FPF Academia","UM SHOW DE BOAS PRÁTICAS! 👏
Reunimos algumas das ações realizadas pelo clubes paulistas, em 2026, em prol da sustentabilidade, impacto social e governança, pilares do conceito ESG. Vem conferir com a gente ➡️

Lembrando que o 𝗖𝘂𝗿𝘀𝗼 𝗘𝗦𝗚 𝗻𝗮 𝗚𝗲𝘀𝘁𝗮̃𝗼 𝗘𝘀𝗽𝗼𝗿𝘁𝗶𝘃𝗮 segue com vagas abertas! Uma oportunidade pioneira, e totalmente on-line, que pretende ajudar profissionais a aplicarem práticas ESG no ambiente esportivo, seja em seus, clubes, federações ou empresas 🌏

🔗 Para saber mais, acesse o link da bio da @fpfacademia. Lembrando: as vagas são LIMITADAS 🚨

.
.
.

📷 Divulgação

#FPFAcademia #Curso #ESG #Gestão #Esporte",0,"06/25/2026 10:55",https://www.instagram.com/p/DaBJuw_kQP6/,"Carrossel do Instagram",,Total,14240,7179,84,7,2,2,0
18120978886776944,17841426429471156,fpf_oficial,"Federação Paulista de Futebol","Quatro árbitros paulistas participarão de uma imersão técnica internacional promovida pela CBF, entre os dias 6 e 10 de julho, na Espanha. A imersão tem como objetivo proporcionar intercâmbio de conhecimento, contato com metodologias internacionais de treinamento, preparação física, gestão emocional, tomada de decisão, comportamento e tecnologia aplicada à arbitragem.
#Arbitragem #FutebolPaulista",0,"06/23/2026 13:36",https://www.instagram.com/p/DZ8SklhIA4A/,"Imagem do Instagram",,Total,19247,10399,402,25,8,8,10
18474040126101702,17841467312227297,fpfacademia,"FPF Academia","VENHA VIVER A ADRENALINA DO VAR! 🖥️
A @amandapmatias tem um convite pra quem ama o futebol! E nossa AVAR entende demais do assunto, viu? Cola com a gente nessa experiência 🔥 ⚽️

🔗 Mais informações e inscrição no VAR Experience pelo link da bio da @fpfacademia 🚨 Vagas limitadas!

#FPFAcademia #VARExperience #Curso #VAR #FPF",30,"06/23/2026 12:53",https://www.instagram.com/reel/DZ8NUoKKiUa/,"Reel do Instagram",,Total,5686,3873,175,8,0,24,0
17996987180971219,17841400074692954,paulistao,Paulistão,"HISTÓRICO!
Raphael Claus e Danilo Manis fizeram história nesta Copa do Mundo e se tornaram os primeiros árbitros do quadro da FPF a apitarem duas edições da competição.
#Arbitragem #FPF",0,"06/23/2026 11:00",https://www.instagram.com/p/DZ78uqukgvS/,"Carrossel do Instagram",,Total,106586,41319,1426,5,1,12,16
17892524358375009,17841426429471156,fpf_oficial,"Federação Paulista de Futebol","Esporte e educação compartilham o mesmo caminho: o preparo. 
No campo e na universidade, aprender envolve disciplina, convivência e a capacidade de lidar com desafios. 
Porque cada decisão, cada experiência e cada aprendizado ajudam a construir quem você se torna. 
Quando esporte e educação se encontram, formam pessoas prontas para a vida. 
Unisa e Federação Paulista de Futebol.",20,"06/23/2026 08:00",https://www.instagram.com/reel/DZ7nE_HDYlT/,"Reel do Instagram",,Total,6497,4451,157,9,0,4,5
18087969080100134,17841400074692954,paulistao,Paulistão,"DIA DO ATLETA OLÍMPICO! 🇧🇷👏
Parabéns a todos os atletas que representaram e representam o Brasil
nas competições internacionais!
#DiaDoAtletaOlímpico",0,"06/23/2026 05:00",https://www.instagram.com/p/DZ7SWxPFlUj/,"Imagem do Instagram",,Total,87248,44741,2050,13,0,14,26
18007364759949645,17841426429471156,fpf_oficial,"Federação Paulista de Futebol","O presidente da FPF, Reinaldo Carneiro Bastos, visitou a sede da MLS na última semana, em uma iniciativa da CBF que reuniu representantes de clubes e federações de todo o país, para conhecer o modelo de gestão e as boas práticas da liga norte-americana. #FPF 
📷 Nelson Terme/CBF",0,"06/22/2026 12:59",https://www.instagram.com/p/DZ5pc97kvfm/,"Carrossel do Instagram",,Total,15655,6686,479,7,7,11,7
18167233759445871,17841467312227297,fpfacademia,"FPF Academia","FALA, LUISÃO 🗣️
Comentarista na @espnbrasil e aluno da 6ª edição do Curso Master FPF, Luisão conta como está sendo sua experiência no principal programa de capacitação e formação da @fpfacademia 💼

#FPFAcademia #MasterFPF #Curso #Gestão",48,"06/22/2026 08:08",https://www.instagram.com/reel/DZ5HUrzKFwE/,"Reel do Instagram",,Total,5909,4551,84,1,4,2,0
18086039063390552,17841426429471156,fpf_oficial,"Federação Paulista de Futebol","DOMINGO DE COPA!
O árbitro Raphael Claus e o árbitro assistente Danilo Manis representaram a arbitragem da FPF neste domingo de Copa do Mundo, ao conduzir a vitória da Espanha sobre a Arábia Saudita.
#CopaDoMundo",0,"06/21/2026 13:47",https://www.instagram.com/p/DZ3KQ3qm-2_/,"Carrossel do Instagram",,Total,142895,58466,4649,60,41,64,28
17868503727652727,17841467312227297,fpfacademia,"FPF Academia","“VALEU MUITO A PENA” 🥹
Os alunos e alunas da #EAFI foram presentados com a visita de Vinícius Araújo, VAR FPF e CBF, que dividiu um relato emocionante sobre sua carreira na arbitragem 👏 Vem conferir 🎙️

#FPFAcademia #Curso #Arbitragem #FPF",67,"06/21/2026 09:01",https://www.instagram.com/reel/DZ2pRufqUEz/,"Reel do Instagram",,Total,7036,4365,298,14,2,47,0
18091169663227369,17841467312227297,fpfacademia,"FPF Academia","PREPARAÇÃO EM ANDAMENTO! 🔜
A turma de 2026 do Curso de Árbitros da #EAFI vivenciou mais uma aula prática do Nível 2, neste sábado à tarde (20), diretamente do @narsp. O encontro teve foco nos testes físicos exigidos para o exercício da arbitragem. Acompanhados por instrutores da @fpf_oficial, os alunos e alunas realizaram simulados dos exercícios, com o intuito de aperfeiçoarem seus desempenhos 📊

.
.
.

📷 Ronaldo Barreto/Ag. Paulistão

#FPFAcademia #Curso #Arbitragem #FPF",0,"06/20/2026 16:41",https://www.instagram.com/p/DZ05VzHGWf3/,"Carrossel do Instagram",,Total,21686,8582,278,30,2,6,0
17947232667079971,17841467312227297,fpfacademia,"FPF Academia","DIA DE SIMULADO! 🏃‍♂️‍
Vem com o @proflucastavares, que ele explica todos os testes físicos superados pelos alunos e alunas da #EAFI neste sábado (20). A tarde foi cheia lá no @narsp! 💪

#FPFAcademia #Curso #Arbitragem #FPF",80,"06/20/2026 14:27",https://www.instagram.com/reel/DZ0psIZqLVH/,"Reel do Instagram",,Total,11947,8410,325,36,3,3,0
17935847280281182,17841467312227297,fpfacademia,"FPF Academia","WORKSHOP PROFISSÃO ÁRBITRO ⚽
Na manhã deste sábado (20), os alunos e alunas do Curso de Árbitros da @fpfacademia participaram de um encontro especial, com a presença de convidados ilustres. Flavio Souza, árbitro FIFA, Amanda Masseira, AVAR CBF, e Vinícius Araújo, VAR CBF, compareceram ao Edifício Pelé, sede da @fpf_oficial, para conversarem com a turma de 2026 sobre experiências, obstáculos e dicas para o sucesso na carreira dentro da arbitragem 🎙️

.
.
.

📷 Ronaldo Barreto/Ag. Paulistão

#FPFAcademia #Curso #Arbitragem #EAFI #FPF",0,"06/20/2026 08:42",https://www.instagram.com/p/DZ0ChY9nNQX/,"Carrossel do Instagram",,Total,15048,6848,301,17,2,5,0
18013586408899296,17841467312227297,fpfacademia,"FPF Academia","A DINÂMICA DO VAR 🖥️ ⚽️
Comunicação e concentração são cruciais na cabine!Vem conferir um pouquinho de como funciona o trabalho dos árbitros de vídeo 💪

🔗 Quer saber tudo sobre o VAR e experimentar na prática a ferramenta? Inscreva-se no VAR Experience pelo link da bio da @fpfacademia

#FPFAcademia #VARExperience #VAR #Arbitragem #Futebol",94,"06/19/2026 13:49",https://www.instagram.com/reel/DZx__FvqMvM/,"Reel do Instagram",,Total,8231,5415,233,36,8,9,0
18117737392835755,17841400074692954,paulistao,Paulistão,"FELIZ ANIVERSÁRIO, RONALDÃO!
Hoje é dia de comemorar o aniversário do Tetracampeão Paulista e Campeão do Mundo com a Seleção!
#FutebolPaulista #Aniversário",0,"06/19/2026 04:00",https://www.instagram.com/p/DZw4T9uDRaj/,"Imagem do Instagram",,Total,30468,18572,309,6,0,6,0
18119966065744678,17841467312227297,fpfacademia,"FPF Academia","FPF NA ESPANHA! ⚽ ✈️
O #TBT de hoje resgata as visitas da FPF Academia nos últimos anos ao núcleo do futebol espanhol, a sede de @laliga, em Madrid. Sempre momentos de muito aprendizado e descobertas a respeito da estrutura, gestão e desenvolvimento do esporte no país 🇪🇸

.
.
.

#FPFAcademia #LALIGAWeek #LALIGA #Futebol",0,"06/18/2026 08:06",https://www.instagram.com/p/DZu01r7HCzo/,"Carrossel do Instagram",,Total,28435,13269,372,14,2,7,0
18132463771593216,17841400074692954,paulistao,Paulistão,"ARBITRAGEM PAULISTA NA COPA DO MUNDO! 🌎🌟
No jogo entre Espanha e Arábia Saudita, Raphael Claus vai fazer sua estreia como árbitro na Copa do Mundo de 2026, enquanto Danilo Manis integra a equipe de arbitragem pela segunda vez na competição!
#FPF #Arbitragem",0,"06/18/2026 07:33",https://www.instagram.com/p/DZuxB13k7jE/,"Imagem do Instagram",,Total,109488,62559,2734,420,8,69,41
17947071348196690,17841400074692954,paulistao,Paulistão,"PARABÉNS! 🎉🥳
Tetracampeão do Mundo com a Seleção Brasileira, Zinho comemora 59 anos nesta quinta-feira (17).
#Aniversário #FutebolPaulista",0,"06/17/2026 04:00",https://www.instagram.com/p/DZruuMrkqow/,"Imagem do Instagram",,Total,17277,10375,156,2,0,6,1
18132400345595290,17841467312227297,fpfacademia,"FPF Academia","ESG NO ESPORTE 🌏 ⚽
O ambiente esportivo exige, cada vez mais, transparência, responsabilidade e integridade ⚖️

➡️ Neste contexto, o 𝗖𝘂𝗿𝘀𝗼 𝗘𝗦𝗚 𝗻𝗮 𝗚𝗲𝘀𝘁𝗮̃𝗼 𝗘𝘀𝗽𝗼𝗿𝘁𝗶𝘃𝗮 busca ajudar profissionais de clubes, federações e ligas a tirarem suas ideias do papel 💡

📚 Aprenda e discuta sobre práticas modernas de governança, impacto social, sustentabilidade e compliance no esporte, além de ESG como potencial de negócio 🤝

💻 Totalmente on-line
📅 17, 18, 24, 25 e 31 de agosto | 01 de setembro

Inscreva-se pelo link da bio da @fpfacademia 🔗

.
.
.

#FPFAcademia #ESG #Gestão #Esporte #FPF",0,"06/16/2026 10:30",https://www.instagram.com/p/DZp7xsKnGmG/,"Carrossel do Instagram",,Total,8524,4219,86,6,1,1,0
18133872256512271,17841467312227297,fpfacademia,"FPF Academia","AULA APROVADA ✅
Os alunos do Nível 2 do Curso de Árbitros da #EAFi falaram um pouquinho sobre como foi a experiência na aula prática em Sorocaba 👀

.
.
.

#FPFAcademia #Arbitragem #Curso #FPF",60,"06/14/2026 15:02",https://www.instagram.com/reel/DZlQ6jYq2KL/,"Reel do Instagram",,Total,11478,7606,275,18,7,9,0
18443947090143972,17841467312227297,fpfacademia,"FPF Academia","SIMULAÇÃO DE JOGO ⚽️
Na manhã deste sábado (11), 84 alunos do Curso de Árbitros participaram da aula presencial realizada em Sorocaba. Sob a supervisão e avaliação dos instrutores da @fpf_oficial, os participantes tiveram a oportunidade de vivenciar, na prática, a experiência da arbitragem em partidas disputadas entre equipes convidadas pela @fpfacademia 💪

O próximo encontro acontecerá no dia 20 de junho, com uma programação repleta de atividades e treinamentos intensivos 🗓️

.
.
.

📷 Neto Bonvino/Ag. Paulistão

#FPFAcademia #EAFI #Curso #Arbitragem #FPF",0,"06/13/2026 14:16",https://www.instagram.com/p/DZinLmtGchi/,"Carrossel do Instagram",,Total,22725,9922,409,50,7,3,0
18107231738052167,17841426429471156,fpf_oficial,"Federação Paulista de Futebol","NOTA OFICIAL
#FutebolPaulista",0,"06/13/2026 11:32",https://www.instagram.com/p/DZiUcq_oTJZ/,"Imagem do Instagram",,Total,92907,46302,1663,470,41,76,41
18089905478057552,17841467312227297,fpfacademia,"FPF Academia","EAFI EM SOROCABA 🔥
Os alunos do nível 2 do Curso de Árbitros da #EAFI demonstraram muita raça e força na aula prática desta manhã de sábado (13), em Sorocaba 💪

.
.
.

#FPFAcademia #Curso #Arbitragem #Sorocaba",71,"06/13/2026 11:08",https://www.instagram.com/reel/DZiRQ_2qi4H/,"Reel do Instagram",,Total,9537,6366,314,28,6,3,0
18087151070382579,17841400074692954,paulistao,Paulistão,"FPF NO RITMO DA COPA DO MUNDO! 🤩🇧🇷
A fachada do Edifício Pelé está nas cores da Seleção Brasileira para entrar no clima da estreia na competição!
#CopaDoMundo #FPF",18,"06/12/2026 14:53",https://www.instagram.com/reel/DZgGFN_J9cJ/,"Reel do Instagram",,Total,28839,19107,792,21,1,10,16
18600838315055566,17841426429471156,fpf_oficial,"Federação Paulista de Futebol","SEGUNDA COPA DO MUNDO CONSECUTIVA!
Árbitro assistente do quadro de arbitragem da Federação Paulista de Futebol, Danilo Maris fará a sua estreia em 2026 na partida entre Bélgica e Egito!
#FPF #Arbitragem",0,"06/12/2026 14:22",https://www.instagram.com/p/DZgC-bDH1CV/,"Imagem do Instagram",,Total,17689,10225,355,27,8,4,4
18127289971556615,17841426429471156,fpf_oficial,"Federação Paulista de Futebol","A Federação Paulista de Futebol lamenta profundamente o falecimento de Hércules Brito Ruas, o Brito, ex-zagueiro da Seleção Brasileira tricampeã mundial em 1970, ocorrido nesta quinta-feira (11), aos 86 anos.

Nascido no Rio de Janeiro, em 1939, Brito marcou seu nome na história do futebol brasileiro. Pela Seleção Brasileira, disputou as Copas do Mundo de 1966 e 1970, sendo titular em todos os jogos da campanha que garantiu ao Brasil o tricampeonato mundial no México. O zagueiro também deixou sua marca no futebol paulista ao vestir a camisa do Corinthians.",0,"06/12/2026 11:31",https://www.instagram.com/p/DZfvaO-D_cy/,"Imagem do Instagram",,Total,5308,3094,90,2,0,1,0
18095409584219062,17841426429471156,fpf_oficial,"Federação Paulista de Futebol","O CENTENÁRIO TÁ CHEGANDO...
O Linense completa 99 anos de história nessa sexta-feira (12)! Parabéns, elefante!
#Aniversário #FutebolPaulista",0,"06/12/2026 04:00",https://www.instagram.com/p/DZe2wQOEsxK/,"Imagem do Instagram",,Total,4336,2427,141,4,4,1,3
17974116390105528,17841467312227297,fpfacademia,"FPF Academia","CURSO GESTÃO DE FUTEBOL FEMININO ⚽️
Nesta quinta-feira (11), ocorreu o encerramento da 2ª edição do Curso Gestão de Futebol Feminino, no Edifício Pelé, sede da @fpf_oficial 🤩

O encontro reuniu profissionais para discutir temas fundamentais para o desenvolvimento da modalidade, como formação de clubes, liderança, gestão de pessoas, marketing esportivo e estratégias 📚

🚨 Venha fazer parte desse importante crescimento no futebol feminino! Inscreva-se na lista de espera da próxima edição pelo link da bio 🔗

.
.
.

📷 Diego Soares/Ag. Paulistão 

#FPFAcademia #FutebolFeminino #GestãoEsportiva #Curso",0,"06/11/2026 15:17",https://www.instagram.com/p/DZdkl2pmauE/,"Carrossel do Instagram",,Total,23714,10439,410,24,4,12,0
18084729467438738,17841426429471156,fpf_oficial,"Federação Paulista de Futebol","120 ANOS DA INTER DE BEBEDOURO!
Segundo clube mais antigo de São Paulo, o Lobo completa mais um ano nessa quinta-feira (11)!
#Aniversário #FutebolPaulista",0,"06/11/2026 04:00",https://www.instagram.com/p/DZcR876n14s/,"Imagem do Instagram",,Total,4678,3028,82,7,0,4,0
18083010746442197,17841400074692954,paulistao,Paulistão,"TUDO PRONTO PARA A ESTREIA DA COPA PAULISTA RIVALO 2026!
#CopaPaulistaRivalo",0,"06/10/2026 15:00",https://www.instagram.com/p/DZa4r2ZFldC/,"Imagem do Instagram",,Total,51454,29251,996,110,16,15,28
18099890185933871,17841467312227297,fpfacademia,"FPF Academia","NINGUÉM VIVE SEM! 💪
O supervisor é uma função CRUCIAL em qualquer clube de futebol. E a @fpfacademia, há anos, trabalha pela capacitação e aprimoramento de habilidades deste profissional 👔 ⚽

➡️ Quer saber um pouco mais sobre o supervisor? Arraste para o lado!

🚨 Lembrando que as inscrições para a 7ª edição do Curso para Supervisores de Futebol já estão abertas. Confira mais informações e se inscreva pelo nosso link da bio 🔗

.
.
.

#FPFAcademia #Curso #Supervisores #Futebol #FPF",0,"06/09/2026 08:00",https://www.instagram.com/p/DZXkEBbE68x/,"Carrossel do Instagram",,Total,43208,48086,360,42,48,7,0
17980698522008696,17841467312227297,fpfacademia,"FPF Academia","CEO da @wsl 🌊 na América Latina, Ivan Martinho tem um convite especial pra galera! 🎙️

🌎 Vem com a gente na primeira edição do 𝗖𝘂𝗿𝘀𝗼 𝗘𝗦𝗚 𝗻𝗮 𝗚𝗲𝘀𝘁𝗮̃𝗼 𝗘𝘀𝗽𝗼𝗿𝘁𝗶𝘃𝗮!

💻Totalmente on-line
📅 17, 18, 24, 25 e 31 de agosto | 01 de setembro
🔗 Inscrições pelo link da bio da @fpfacademia

#FPFAcademia #Curso #ESG #Gestão #FPF",57,"06/08/2026 17:02",https://www.instagram.com/reel/DZWB6tmxlPE/,"Reel do Instagram",,Total,3984,2855,96,11,3,7,0
17998096361778562,17841433567384088,faculdadeeinstein,"Faculdade Einstein","Cuidar de uma emergência no esporte vai além de dominar a sua própria área de atuação. 

No curso de Atendimento às Emergências no Esporte, desenvolvido em parceria entre o Centro de Simulação Realística Einstein, a Confederação Brasileira de Futebol (CBF) e a Federação Paulista de Futebol (FPF), você desenvolve uma visão integrada do cuidado ao atleta, ao lado de profissionais de diferentes áreas, aprendendo a reconhecer riscos, tomar decisões e atuar com segurança quando cada segundo importa.

Quer viver essa experiência também?
Saiba mais e inscreva-se no link da bio: @faculdadeeinstein

#SimulaçãoRealística #CBF #FPF #Esporte #Emergência",52,"06/08/2026 16:54",https://www.instagram.com/reel/DZWBLJYRYvU/,"Reel do Instagram",,Total,36714,21461,263,24,22,2,0
17991571667965639,17841400074692954,paulistao,Paulistão,"UMA TRAJETÓRIA CHEIA DE HISTÓRIA!
A CBF completa 112 anos nesta segunda-feira 🥳
#Aniversário #CBF",0,"06/08/2026 04:00",https://www.instagram.com/p/DZUjkN9DTiV/,"Imagem do Instagram",,Total,40960,21340,1567,30,1,13,18
18177738415407620,17841426429471156,fpf_oficial,"Federação Paulista de Futebol","NOTA OFICIAL",0,"06/07/2026 10:57",https://www.instagram.com/p/DZSzocIEjzw/,"Carrossel do Instagram",,Total,93691,37550,1100,194,50,74,13
17993330036967831,17841426429471156,fpf_oficial,"Federação Paulista de Futebol","Reinaldo Carneiro Bastos, presidente da FPF, prestigiou o amistoso entre Brasil e Estados Unidos, realizado neste sábado (6), na Neo Química Arena. A Seleção Brasileira Feminina venceu por 2 a 1.
#FPF #FutebolPaulista",30,"06/06/2026 19:09",https://www.instagram.com/reel/DZRGma2tJpK/,"Reel do Instagram",,Total,6405,4374,175,1,2,7,1
17898807996463312,17841426429471156,fpf_oficial,"Federação Paulista de Futebol","A CASA DA COPA DO MUNDO!
O presidente da FPF, Reinaldo Carneiro Bastos, marcou presença no amistoso da Seleção Brasileira de Futebol Feminino, contra os Estados Unidos na Neo Química Arena, neste sábado (6), ao lado de diversas autoridades e representantes da modalidade. O jogo terminou com vitória do Brasil por 2 a 1. #FPF #FutebolPaulista
📷 Diego Soares/Ag. Paulistão",0,"06/06/2026 18:41",https://www.instagram.com/p/DZREBmckSTa/,"Carrossel do Instagram",,Total,14846,7361,368,10,1,10,7
18140338633544969,17841467312227297,fpfacademia,"FPF Academia","E aí, sabia dessa? 🔴 🟢 🤔

No VAR Experience, você vai poder aprender tudo sobre o funcionamento do VAR e ainda vivenciar a experiência prática de ser um árbitro de vídeo e decidir lances polêmicos! Se você ama futebol, não perca essa chance única! 🖥️ ⚽

🚨 INSCRIÇÕES PELO LINK DA BIO DA @fpfacademia

📅 15 de agosto (sábado)
⏱️ 9h00 às 12h00
📍 Edifício Pelé (FPF)
🎯 VAGAS LIMITADAS (maiores de 18 anos)
💰 R$ 500 (6x no cartão ou 2x no boleto/pix)

.
.
.

#FPFAcademia #VARExperience #VAR #Futebol #FPF",0,"06/05/2026 12:09",https://www.instagram.com/p/DZNyRxTmaYB/,"Carrossel do Instagram",,Total,116104,43078,857,11,2,16,0
17893082826490391,17841426429471156,fpf_oficial,"Federação Paulista de Futebol","A Federação Paulista de Futebol lamenta o falecimento de Leivinha (76), ídolo do Palmeiras, nesta quinta-feira (4). Bicampeão paulista pelo time de Palestra Itália, o ex-meia atacante figura entre os 15 maiores artilheiros da equipe Alviverde, além de passagens por Linense, Portuguesa, Atlético de Madri e São Paulo.
#FutebolPaulisa",0,"06/04/2026 11:41",https://www.instagram.com/p/DZLKSE_IwM8/,"Imagem do Instagram",,Total,9128,5579,297,6,2,10,5
17943106623213037,17841400074692954,paulistao,Paulistão,"FANATICÃO 🤝 BAIANINHO
Após sucesso em 2026, @casasbahia e FPF renovam naming rights do Paulistão por mais dois anos!
#PaulistãoCasasBahia #CasasBahia",0,"06/03/2026 05:14",https://www.instagram.com/p/DZH5CGZR9gq/,"Imagem do Instagram",,Total,73249,44686,395,22,1,47,14
18174206800419771,17841400074692954,paulistao,Paulistão,"PARCERIA RENOVADA! 
A Federação Paulista de Futebol e a @casasbahia anunciam a renovação, por mais dois anos, da parceria que consolidou, em 2026, um dos cases mais consistentes de inovação, conversão e mídia espontânea no esporte brasileiro. A renovação reforça a estratégia da marca de ir além da visibilidade e investir em ações capazes de conectar emoção, entretenimento e resultado de negócio.
#PaulistãoCasasBahia #CasasBahia",51,"06/03/2026 04:59",https://www.instagram.com/reel/DZH2kH5RYc4/,"Reel do Instagram",,Total,1368569,962895,1195,50,6,65,18
18119134780688645,17841467312227297,fpfacademia,"FPF Academia","DIA DE MASTER! 💼 ✅
O terceiro encontro presencial do Curso Master FPF aconteceu nesta terça-feira (2), diretamente do Edifício Pelé, sede da Federação Paulista de Futebol, repleto de convidados especiais. O encontro reservou aos alunos temas como o futebol além do jogo, a nova era do futebol feminino, profissionalização de processos em clubes e o case de sucesso da Word Surf League 💡 📚

.
.
.

📷 Diego Soares/Ag. Paulistão

#FPFAcademia #Curso #MasterFPF #Gestão #FPF @udofutebol",0,"06/02/2026 18:45",https://www.instagram.com/p/DZGxTqkjKxz/,"Carrossel do Instagram",,Total,18839,10610,193,8,1,3,0
18124588651634340,17841467312227297,fpfacademia,"FPF Academia","PROFESSOR BELLETTI! 📋⚽
Multicampeão nos gramados, @julianobelletti esteve presente na 6ª edição do Curso Master FPF e falou sobre transição de carreira e futebol além do jogo com os alunos e alunas da @fpfacademia 🎙️

#FPFAcademia #MasterFPF #Belletti #Barcelona #Futebol @udofutebol",49,"06/02/2026 17:28",https://www.instagram.com/reel/DZGoF2rqmll/,"Reel do Instagram",,Total,5903,4408,109,7,1,3,0
17999671043945917,17841426429471156,fpf_oficial,"Federação Paulista de Futebol","O @cfctiete comemora 106 anos de história. Parabéns!🥳🌟
#Aniversário #FutebolPaulista",0,"06/02/2026 12:58",https://www.instagram.com/p/DZGJcKfE3TY/,"Imagem do Instagram",,Total,5457,3434,45,6,2,2,0
18092252216594995,17841467312227297,fpfacademia,"FPF Academia","PREPARAÇÃO INTENSA! 💪 🏋️
A @fpfacademia foi conferir de perto um dia de treinamento de força dos árbitros e árbitras da @fpf_oficial. Vem ver os melhores cliques que rolaram lá no @narsp 🤩

🚨 Lembrando que as inscrições seguem abertas para o curso Novas Estratégias para o Treinamento de Força no Futebol! Venha aprender com quem mais entende do assunto 💡

💻 Totalmente on-line
📅 Dias 12 e 13 de junho
🔗 Inscrições pelo link da bio
⚠️ Vagas acabando

.
.
.

📷 Murilo Necchi/Ag. Paulistão

#FPFAcademia #NARSP #Curso #Treinamento #Força",0,"06/02/2026 08:00",https://www.instagram.com/p/DZFnc8MFvgz/,"Carrossel do Instagram",,Total,18893,7878,343,23,3,8,0
17897032269464897,17841400074692954,paulistao,Paulistão,"PARABÉNS!🥳🎉
Hoje é dia do Campeão do Mundo com a Seleção Brasileira em 1994 e um dos grandes jogadores da história do Corinthians. Paulo Sérgio comemora 57 anos nesta terça-feira (2)!
#FutebolPaulista #Aniversário",0,"06/02/2026 04:00",https://www.instagram.com/p/DZFGy_loDbd/,"Imagem do Instagram",,Total,18821,11007,167,4,0,6,2
17895779529331611,17841426429471156,fpf_oficial,"Federação Paulista de Futebol","TRABALHO DE CAMPO! ⚽
A @fpf_oficial se dedica constantemente à capacitação de seu quadro de árbitros. Vem conferir um pouco da ação durante mais um Treinamento da Arbitragem Paulista 🎥

#FPF #Arbitragem #FPFAcademia #Lausanne #Futebol",58,"06/01/2026 14:51",https://www.instagram.com/reel/DZDxXwkIs8c/,"Reel do Instagram",,Total,6388,4010,182,12,2,1,10
18083691851563836,17841426429471156,fpf_oficial,"Federação Paulista de Futebol","TREINAMENTO DA ARBITRAGEM PAULISTA!
Árbitros e árbitras do quadro da @fpf_oficial foram convidados para um dia de aprendizados nesta segunda-feira (1), diretamente do @lausannepaulistaoficial. Durante a manhã, a turma analisou lances e debateu conceitos teóricos com os intrutores da FPF. No período da tarde, foi a vez de exercitar os conhecimentos práticos durante as partidas 💪 ⚽

📷 Matheus Greff/Ag. Paulistão

#Arbitragem #FPF #FPFAcademia #Lausanne #Futebol",0,"06/01/2026 13:35",https://www.instagram.com/p/DZDo-3CnfG6/,"Carrossel do Instagram",,Total,14899,6271,307,34,3,8,8
17911082856408862,17841448990528542,sferafc,"Sfera Futebol Clube","Nossa Auxiliar Técnica, @nadimaskeff , comandou o Sfera contra o Red Bull Bragantino e cravou seu nome na história do Paulista Sub-20 como a primeira mulher a liderar uma equipe na elite da categoria. 💪🏼💙

Pioneirismo, coragem e muito trabalho. Orgulho gigante de ter esse marco acontecendo aqui no Raio Amado! ⚡️

Nádima, parabéns! Que a sua trajetória abra portas para muitas outras. O futebol é de quem quer fazer acontecer.

#Sfera #RaioAmado #PaulistaSub20 #Mulher #Futebol",61,"06/01/2026 12:22",https://www.instagram.com/reel/DZDf6x6vkK1/,"Reel do Instagram",,Total,120356,73689,3287,117,51,122,0
17954670579138622,17841467312227297,fpfacademia,"FPF Academia","CALENDÁRIO DE JUNHO 🌽🔥🏆⚽🇧🇷
Mais um mês começando, e a gente não para! É tempo de Festa Junina, Copa do Mundo... E cursos na @fpfacademia 📚 Vem conferir nosso cronograma para os próximos 30 dias 📆➡️

.
.
.

#FPFAcademia #Calendário #Junho #Cursos #Eventos",0,"06/01/2026 07:01",https://www.instagram.com/p/DZC78cPFhQw/,"Carrossel do Instagram",,Total,5443,2138,68,4,0,1,0
18035445926799424,17841467312227297,fpfacademia,"FPF Academia","ALUNOS EM AÇÃO! 🔥
Vem conferir um pouquinho do trabalho dos futuros árbitros e árbitras da @fpf_oficial durante o fim de semana de Festival Paulista Feminino Sub-12 e Sub-14🎥

#FPFAcademia #Arbitragem #EAFI #FestivalFemininoSub12 #FestivalFemininoSub14",40,"05/31/2026 13:38",https://www.instagram.com/reel/DZBEFn_KYFK/,"Reel do Instagram",,Total,17145,11134,460,27,7,11,0
18165117295440453,17841400074692954,paulistao,Paulistão,"CINCO JOGOS!
Veio ai o encerramento da rodada no domingão.
#PaulistaSub23SegundaDivisão",0,"05/31/2026 02:00",https://www.instagram.com/p/DY_veCelJUO/,"Imagem do Instagram",,Total,13509,7943,125,6,0,2,0
18355132702214922,17841426429471156,fpf_oficial,"Federação Paulista de Futebol","O presidente da FPF, Reinaldo Carneiro Bastos, está em Budapeste, na Hungria, para acompanhar a final da UEFA Champions League entre PSG e Arsenal, ao lado do vice-presidente Mauro Silva, da vice-presidente de Gestão Corporativa, Mislaine Scarelli, e do vice-presidente de Comunicação e Marketing, Bernardo Itri.
#FPF #FutebolPaulista",0,"05/30/2026 10:30",https://www.instagram.com/p/DY-KO1ZCbOe/,"Carrossel do Instagram",,Total,25073,11498,752,9,2,13,4
18093289154351484,17841400074692954,paulistao,Paulistão,"TARDE CHEIA!
Seis jogos agitam o sábado à tarde por aqui na Paulista Sub-23 Segunda Divisão.
#PaulistaSub23SegundaDivisão",0,"05/30/2026 04:00",https://www.instagram.com/p/DY9Ybe9lhJM/,"Imagem do Instagram",,Total,19726,12077,158,14,0,1,2
18096311456469853,17841405688144679,rivalobrasil,"Rivalo Brasil","O MOLEQUE TRAVESSO FEZ HISTÓRIA! 🏆

Depois de uma jornada que foi pura adrenalina, o Juventus chegou junto e conquistou o Paulistão A2 Rivalo 2026! 🚀

Quer sentir essa emoção de novo, ver os bastidores e a festa da torcida que fez a diferença? Dia 23/05 no Youtube.

#Rivalo #NadaGanhadaEmocao #JoguecomResponsabilidade +18",49,"05/22/2026 17:01",https://www.instagram.com/reel/DYqQla4iY1K/,"Reel do Instagram","Ocorreu um erro ao computar métricas.",-,,,,,,,
18213593164330651,17841405688144679,rivalobrasil,"Rivalo Brasil","ISSO É FUTEBOL! 🏆

A emoção da final estampada em cada detalhe. O @juventussaf sentiu isso.

Qual foi o melhor momento do jogo pra você? 🔥

#Rivalo #NadaGanhadaEmocao",115,"05/14/2026 05:49",https://www.instagram.com/reel/DYUcm2uyjKo/,"Reel do Instagram","Ocorreu um erro ao computar métricas.",-,,,,,,,
18413121508180892,17841405688144679,rivalobrasil,"Rivalo Brasil","RIVALO EM CAMPO NO PAULISTÃO A4 RIVALO! ⚽

Marcamos presença na final entre Penapolense x Inter de Bebedouro em um jogo para lá de emocionante!🔥

Teve muita celebração, brindes personalizados, torcedor tentando acertar chute do meio de campo e muito mais! 👏

Confere aí como foi!

#Rivalo #NadaGanhadaEmocao #JoguecomResponsabilidade +18",149,"05/08/2026 17:00",https://www.instagram.com/reel/DYGNY_TypXG/,"Reel do Instagram","Ocorreu um erro ao computar métricas.",-,,,,,,,
18006734183874331,17841405688144679,rivalobrasil,"Rivalo Brasil","FOI PARA GARANTIR O ACESSO! 👏

Denis Júnior, de 27 anos, foi mais um goleiro que brilhou nas semifinais do Paulistão A2 Rivalo. O arqueiro foi titular na campanha inteira da Ferroviária, com 22 jogos e apenas 17 gols sofridos. 💪

De fato, nada ganhou da emoção que ele proporcionou à torcida do Ferrão Maquinista quando ele pegou o pênalti de Bruno Mezenga e garantiu a equipe de volta à elite após 3 anos! 🧤

#Rivalo #NadaGanhadaEmocao #JoguecomResponsabilidade +18",25,"05/06/2026 15:30",https://www.instagram.com/reel/DYA5c5VyXr1/,"Reel do Instagram","Ocorreu um erro ao computar métricas.",-,,,,,,,
18092631800466137,17841405688144679,rivalobrasil,"Rivalo Brasil","VAI PEGAR FOGO! 💥

Amanhã é o dia da grande final do Paulistão A2 Rivalo! 👀

Juventus e Ferroviária já estão garantidos na Série A1 do ano que vem, mas agora só um deles vai ficar com a taça! 🏆

Dá uma olhada na campanha e destaques de cada equipe e já cola no site! 🔥

#Rivalo #NadaGanhadaEmocao #JoguecomResponsabilidade +18",0,"05/06/2026 11:50",https://www.instagram.com/p/DYAgRheFlml/,"Carrossel do Instagram","Ocorreu um erro ao computar métricas.",-,,,,,,,
18085330349184359,17841405688144679,rivalobrasil,"Rivalo Brasil","A EMOÇÃO DO ACESSO! 🥲

Confira, direto do gramado, como foi a festa pós-acesso à Série A3 Rivalo! 🚀

O Lobo Vermelho voltou a uivar 🐺

#Rivalo #NadaGanhadaEmocao #JoguecomResponsabilidade +18",29,"05/06/2026 07:00",https://www.instagram.com/reel/DX__GXiB3fD/,"Reel do Instagram","Ocorreu um erro ao computar métricas.",-,,,,,,,
18133569796483237,17841405688144679,rivalobrasil,"Rivalo Brasil","VAI PEGAR FOGO! 💥

Amanhã é o dia da grande final do Paulistão A4 Rivalo! 👀

Penapolense e Inter de Bebedouro já estão garantidos na Série A3 do ano que vem, mas agora só um deles vai ficar com a taça! 🏆

Dá uma olhada na campanha e destaques de cada equipe e já cola no site! 🔥

#Rivalo #NadaGanhadaEmocao #JoguecomResponsabilidade +18",0,"05/05/2026 17:00",https://www.instagram.com/p/DX-e_O4lkAb/,"Carrossel do Instagram","Ocorreu um erro ao computar métricas.",-,,,,,,,
18114977731771806,17841405688144679,rivalobrasil,"Rivalo Brasil","FALA, PAREDÃO! 🧤

Lucas Passarelli, de 29 anos, natural de Campinas-SP, chegou no @juventussaf em 2026. 

Inicialmente reserva, ele entrou na 8ª rodada no decorrer do jogo contra o Água Santa e não saiu mais. 

De lá para cá, apenas 12 gols sofridos em 16 jogos, sendo fundamental para o acesso do Moleque Travesso à elite do futebol paulista! 👏

Confere aí as palavras do goleirão! 🗣️

#Rivalo #NadaGanhadaEmocao #JoguecomResponsabilidade +18",69,"05/05/2026 15:00",https://www.instagram.com/reel/DX-RSzkB_PB/,"Reel do Instagram","Ocorreu um erro ao computar métricas.",-,,,,,,,
17902130235265200,17841405688144679,rivalobrasil,"Rivalo Brasil","NADA GANHA DA EMOÇÃO DE MARCAR UM GOL! ⚽

E se esses gols levassem seu time ao acesso? Foi o que Luan Carioca e Ryan tiveram o orgulho de sentir marcando para o Penapolense nas semifinais do Paulistão A4 Rivalo! 🔥

Confira nas lentes da Rivalo 🎥

#Rivalo #NadaGanhadaEmocao #JoguecomResponsabilidade +18",0,"05/05/2026 12:07",https://www.instagram.com/p/DX99aIJlnBy/,"Carrossel do Instagram","Ocorreu um erro ao computar métricas.",-,,,,,,,
18124245523549825,17841400074692954,paulistao,Paulistão,"FINAL DEFINIDA!
Com o acesso garantido, Inter de Bebedouro e Penapolense vão em busca do próximo passo: o título do Paulistão A4 Rivalo 2026!
#PaulistãoA4Rivalo",0,"05/02/2026 14:39",https://www.instagram.com/p/DX2gcIiHxye/,"Imagem do Instagram",,Total,50907,25372,1496,99,5,37,14
18097994510042882,17841400074692954,paulistao,Paulistão,"É A PAIXÃO DO TORCEDOR!
É do CAP! O Penapolense conquista o acesso no Paulistão A4 Rivalo!
#PaulistãoA4Rivalo",0,"05/02/2026 12:59",https://www.instagram.com/p/DX2VFMYH3bW/,"Imagem do Instagram",,Total,113085,53546,1674,286,15,38,10
17906113242423918,17841400074692954,paulistao,Paulistão,"MAIS UMA!
A sétima rodada do #PaulistãoSub23SegundaDivisão chegou com tudo por aqui 🔥",0,"05/29/2026 07:00",https://www.instagram.com/p/DY7IN4DFgQe/,"Imagem do Instagram",,Total,20549,12365,232,16,2,4,3
18053281511747047,17841467312227297,fpfacademia,"FPF Academia","ENCONTRO FINAL! ✅
O Edifício Pelé, sede da @fpf_oficial, recebeu nesta quarta-feira (27) a 9ª e última aula presencial do Curso Gestão de Categorias de Base da @fpfacademia. Para fechar o aprendizado, a turma ouviu palestras sobre a formação de atletas da perspectiva do treinador e os desafios na gestão de categorias de base ⚽ 💎

🚨 Quer fazer parte dessa história e impulsionar sua carreira como gestor esportivo? Inscreva-se na lista de espera da próxima edição pelo link da bio 🔗

.
.
.

📷 Diego Soares/Ag. Paulistão

#FPFAcademia #Curso #Gestão #CategoriasDeBase #FPF",0,"05/27/2026 15:45",https://www.instagram.com/p/DY2_4wOGZup/,"Carrossel do Instagram",,Total,21329,12116,205,24,2,6,0
17898815613463728,17841467312227297,fpfacademia,"FPF Academia","A BASE EM PAUTA! ⚽
@lucas_andrade88, auxiliar técnico do @brasil sub-20, foi presença ilustre na aula final do Curso Gestão de Categorias de Base da @fpfacademia para falar sobre a formação de atletas na perpectiva do treinador e do treinamento 📋 Foi demais, se liga 🎥

#FPFAcademia #Curso #Gestão #CategoriasDeBase #FPF",51,"05/27/2026 13:59",https://www.instagram.com/reel/DY2x0t7qCyz/,"Reel do Instagram",,Total,6210,4165,222,11,3,14,0
18157765636461055,17841467312227297,fpfacademia,"FPF Academia","💡 APRENDA SOBRE TREINAMENTO DE FORÇA 🏋️
ÚLTIMAS SEMANAS de inscrições nesta parceria entre o @narsp e a @fpfacademia! 𝗡𝗼𝘃𝗮𝘀 𝗘𝘀𝘁𝗿𝗮𝘁𝗲́𝗴𝗶𝗮𝘀 𝗽𝗮𝗿𝗮 𝗼 𝗧𝗿𝗲𝗶𝗻𝗮𝗺𝗲𝗻𝘁𝗼 𝗱𝗲 𝗙𝗼𝗿𝗰̧𝗮 𝗻𝗼 𝗙𝘂𝘁𝗲𝗯𝗼𝗹 é TOTALMENTE ON-LINE, nos dias 12 e 13 de junho 🚨

🔗 Saiba mais e se inscreva pelo link da bio

#FPFAcademia #NARSP #Curso #Treinamento #Força",31,"05/27/2026 11:00",https://www.instagram.com/reel/DY2fCUHq466/,"Reel do Instagram",,Total,36028,56965,677,79,75,13,0
18066101219415349,17841467312227297,fpfacademia,"FPF Academia","POR DENTRO DA #GestãoDeBase 📝
O oitavo encontro presencial do Curso Gestão de Categorias de Base, da @fpfacademia, aconteceu nesta terça-feira (26), no Edifício Pelé, sede da Federação Paulista de Futebol. Ao longo do dia, a turma aprendeu mais sobre a prevenção de lesões e importância dos departamentos médicos nas categorias juvenis, além de acompanhar aulas e uma dinâmica sobre planejamento estratégico na gestão do futebol de base 💎 ⚽

✅ Acesse o link da bio da @fpfacademia e confira nossos cursos com vagas disponíveis

.
.
.

📷 Diego Soares/Ag. Paulistão

#FPFAcademia #Curso #Gestão #CategoriasDeBase",0,"05/26/2026 18:10",https://www.instagram.com/p/DY0rvOeDGaD/,"Carrossel do Instagram",,Total,5191,2444,85,7,1,2,0
18096049976238627,17841467312227297,fpfacademia,"FPF Academia","NA VOZ DAS ALUNAS! 👏
Bora ouvir o relato de quem tá aproveitando a experiência na 2ª turma do Curso Gestão de Categorias de Base da @fpfacademia 💎 ⚽

🎙️ @nathservadio | @baah07 | @renata.p.xavier

#FPFAcademia #Curso #Gestão #CategoriasDeBase #FPF",59,"05/26/2026 12:20",https://www.instagram.com/reel/DY0DcgRKfDo/,"Reel do Instagram",,Total,10296,7091,246,10,6,9,0
18174058906407105,17841426429471156,fpf_oficial,"Federação Paulista de Futebol","Parabéns à Federação Matogrossense pelos 84 anos de história e dedicação ao futebol no estado. ⚽🏆 #Aniversário",0,"05/26/2026 04:01",https://www.instagram.com/p/DYzFPD5GVVk/,"Imagem do Instagram",,Total,2537,1480,31,5,1,4,1
18117755140752600,17841467312227297,fpfacademia,"FPF Academia","GESTÃO DE BASE NA FPF! 💎 ⚽
Análise de mercado, captação e iniciação ao futebol foram os temas centrais de mais um encontro presencial no Curso Gestão de Categorias de Base da @fpfacademia. Nesta segunda-feira (25), os alunos e alunas da 2ª turma estiveram presentes no edifício Pelé, sede da @fpf_oficial, para mais um dia repleto de aprendizados 📚

💡 Interessados pelo curso podem se cadastrar na lista de espera da próxima edição pelo link da bio

.
.
.

📷 Diego Soares/Ag. Paulistão

#FPFAcademia #Curso #Gestão #CategoriasDeBase #FPF",0,"05/25/2026 14:50",https://www.instagram.com/p/DYxv_YdmZS_/,"Carrossel do Instagram",,Total,13135,6279,220,8,7,6,0
17863040403628017,17841400074692954,paulistao,Paulistão,"VOCÊ NO COMANDO DO VAR 🖥️ ⚽
As inscrições estão abertas para a 1ª edição do 𝗩𝗔𝗥 𝗘𝘅𝗽𝗲𝗿𝗶𝗲𝗻𝗰𝗲, uma oportunidade única para quem deseja conhecer de perto a ferramenta e VIVENCIAR por um dia o trabalho do árbitro de vídeo. Tudo isso diretamente do edifício Pelé, sede da Federação Paulista de Futebol 📍

🔗 Vamos nessa? Inscreva-se AGORA pelo link na bio ou nos stories da @fpfacademia

📅 15 de agosto (sábado)
⏱️ 9h00 às 12h00
📍 Edifício Pelé (FPF)
🎯 ABERTO AO PÚBLICO (mais de 18 anos)
💰 R$ 500 (6x no cartão ou 2x no boleto)

.
.
.

#FPFAcademia #VARExperience #VAR #Arbitragem #FPF",0,"05/25/2026 06:39",https://www.instagram.com/p/DYw32aDEe1y/,"Carrossel do Instagram",,Total,42518,18520,601,111,3,13,36
18166573243426084,17841400074692954,paulistao,Paulistão,"PARA ENCERRAR A 6ª RODADA!
Esses são os confrontos que fecham o domingo no Paulista Sub-23 Segunda Divisão!
#PaulistaSub23SegundaDivisão",0,"05/24/2026 05:00",https://www.instagram.com/p/DYuCgd9FjXt/,"Imagem do Instagram",,Total,22270,13530,211,5,0,3,2
18102928976510868,17841400074692954,paulistao,Paulistão,"FELIZ ANIVERSÁRIO, ITUANO!
Bicampeão do Paulistão, o Galo completa 79 anos de história!
#FutebolPaulista #Aniversário",0,"05/24/2026 03:00",https://www.instagram.com/p/DYt0xi3Ge4d/,"Imagem do Instagram",,Total,11491,6899,104,1,0,3,3
18098698090887987,17841426429471156,fpf_oficial,"Federação Paulista de Futebol","PARABÉNS!🎉🥳
Neste domingo, a Matonense comemora 50 anos!
#FutebolPaulista #Aniversário",0,"05/24/2026 02:00",https://www.instagram.com/p/DYtt59wlmfT/,"Imagem do Instagram",,Total,8332,5136,156,15,7,12,2
17865091110564292,17841426429471156,fpf_oficial,"Federação Paulista de Futebol","FPF NA FINAL DA CHAMPIONS LEAGUE FEMININA! 🏆🇳🇴
O presidente da FPF, Reinaldo Carneiro Bastos, esteve em Oslo, na Noruega, para acompanhar a grande final da UEFA Champions League Feminina ao lado da diretora de Futebol Feminino, Kin Saito, da diretora de Marketing, Larissa Guerreiro, da gerente de Novos Negócios, Bruna Drummond, da gerente de Futebol Feminino, Victoria Pissolato, e da líder de Produto e Marketing da LiveMode, Maria Clara Fontoura. #FPF #FutebolPaulista",0,"05/23/2026 11:29",https://www.instagram.com/p/DYsPWeVIesW/,"Imagem do Instagram",,Total,26996,14610,890,42,10,26,11
17942986734209773,17841400074692954,paulistao,Paulistão,"SÁBADO CHEIO!
Cinco jogos às 15h dão continuidade aos confrontos da sexta rodada do #PaulistaSub23SegundaDivisão!",0,"05/23/2026 05:00",https://www.instagram.com/p/DYrdtw-mSs0/,"Imagem do Instagram",,Total,13898,8267,141,6,1,4,2
18098342240129825,17841467312227297,fpfacademia,"FPF Academia","POR ONDE ANDAMOS? 🚶‍♂️ ‍🇪🇸
Vem ver as principais visitas que a caravana da 𝗟𝗔𝗟𝗜𝗚𝗔 𝗪𝗲𝗲𝗸 fez ao longo dos últimos 4 anos 🔙

#FPFAcademia #LALIGAWeek #FutebolDeBase #Espanha #LALIGA",27,"05/22/2026 14:40",https://www.instagram.com/reel/DYp_pSzqdw_/,"Reel do Instagram",,Total,2018,1495,23,0,0,1,0
18357828883234157,17841426429471156,fpf_oficial,"Federação Paulista de Futebol","A DESPEDIDA DOS GRAMADOS VEM AÍ… 🥹
Mauro de Freitas vai fazer seu último jogo como árbitro do quadro da FPF nesse sábado (23) e nós conversamos um pouco sobre a sua carreira! 
#FPF #Arbitragem",176,"05/22/2026 12:27",https://www.instagram.com/reel/DYpxBNHIOxi/,"Reel do Instagram",,Total,11193,7150,591,47,23,74,19
18078772169217758,17841426429471156,fpf_oficial,"Federação Paulista de Futebol","Integrantes do quadro de arbitragem paulista, o árbitro Raphael Claus e a assistente Fabrini Bevilaqua Costa vão apitar a final da Copa do Presidente dos Emirados Árabes Unidos entre Al-Jazira e Al-Ain nesta sexta-feira (22).
#FPF #Arbitragem",0,"05/22/2026 08:33",https://www.instagram.com/p/DYpWbY6luMJ/,"Imagem do Instagram",,Total,38567,22892,593,37,9,11,6
18095253194232096,17841400074692954,paulistao,Paulistão,"SEXTA RODADA NA ÁREA!
Vem conferir as datas e horários dos confrontos do Paulista Sub-23 Segunda Divisão que encerram essa semana!
#PaulistaSub23SegundaDivisão",0,"05/22/2026 05:00",https://www.instagram.com/p/DYo466rljl5/,"Imagem do Instagram",,Total,20625,12071,261,14,3,2,1
17913278175391969,17841403411057964,unisaoficial,"Universidade Santo Amaro - Unisa","Nem toda decisão é visível. 

Antes do apito, existe preparação, estudo e dedicação constante. Assim como na educação, é esse processo que constrói segurança, responsabilidade e capacidade de escolha. 

A arbitragem mostra que decidir vai muito além de um momento — é resultado de tudo o que vem antes. 

Unisa e Federação Paulista de Futebol: juntos na formação de quem está preparado para decidir.",32,"05/21/2026 10:57",https://www.instagram.com/reel/DYnCE46xO32/,"Reel do Instagram",,Total,6982,4827,183,18,12,7,0
18074535968420170,17841426429471156,fpf_oficial,"Federação Paulista de Futebol","São 122 anos liderando os maiores capítulos da história do futebol mundial. Parabéns, FIFA! 🌎🏆 #Aniversário",0,"05/21/2026 04:00",https://www.instagram.com/p/DYmNQlQjd6v/,"Imagem do Instagram",,Total,3906,2464,92,6,0,0,0
18045848288606429,17841426429471156,fpf_oficial,"Federação Paulista de Futebol","NOTA OFICIAL
#FutebolPaulista",0,"05/20/2026 16:55",https://www.instagram.com/p/DYlGEu9lq6d/,"Imagem do Instagram",,Total,42367,21647,909,39,9,56,10
17873463351669492,17841467312227297,fpfacademia,"FPF Academia","WORKSHOP LIGAS 2026! 🚀
Dia de receber quem trabalha pelo desenvolvimento e fortalecimento do futebol! Nesta quarta-feira (20), o edifício Pelé, sede da @fpf_oficial, foi palco da 4ª edição do Workshop Ligas Amadoras, evento destinado para o debate e troca de experiências entre profissionais da FPF e representantes de ligas ao redor do estado de São Paulo ⚽

.
.
.

📷 Diego Soares/Ag. Paulistão

#FPFAcademia #WorkshopLigas #2026 #Futebol #FPF",0,"05/20/2026 16:15",https://www.instagram.com/p/DYlBv2CGUph/,"Carrossel do Instagram",,Total,7181,3355,92,5,0,5,0
17872472178502911,17841467312227297,fpfacademia,"FPF Academia","FUTEBOL EM FOCO! ⚽ 🔍
🎥 Vem conferir como foi mais uma edição de sucesso do Workshop Ligas Amadoras, um encontro da @fpf_oficial com aqueles que trabalham diariamente pelo futebol do estado 💪 

#FPFAcademia #WorkshopLigas #2026 #Futebol #FPF",55,"05/20/2026 14:08",https://www.instagram.com/reel/DYkzCbGqPkR/,"Reel do Instagram",,Total,3258,2307,86,4,0,5,0
17911668864399808,17841400074692954,paulistao,Paulistão,"FIM DA 5ª RODADA!
Vem ver como está a classificação dos grupos do Paulista Sub-23 Segunda Divisão!
#PaulistaSub23SegundaDivisão",0,"05/20/2026 09:40",https://www.instagram.com/p/DYkUbINIH1r/,"Carrossel do Instagram",,Total,71072,31030,1167,72,19,27,13
17917873743162649,17841400074692954,paulistao,Paulistão,"TUDO PRONTO PARA A COPA PAULISTA RIVALO!
Confira a primeira rodada e acesse a tabela completa em futebolpaulista.com.br!
#CopaPaulistaRivalo",0,"05/19/2026 16:00",https://www.instagram.com/p/DYiWEGnFvtf/,"Imagem do Instagram",,Total,51090,28107,1272,213,9,40,19
18123909685653957,17841426429471156,fpf_oficial,"Federação Paulista de Futebol","RUMO À COPA DO MUNDO! 🇧🇷🏆
O presidente da FPF,  Reinaldo Carneiro Bastos, esteve presente na cerimônia de convocação da Seleção Brasileira para a Copa do Mundo FIFA 2026, realizada na última segunda-feira (18), no Rio de Janeiro.  A estreia do Brasil acontece dia 13 de junho contra o Marrocos! #FPF",18,"05/19/2026 14:43",https://www.instagram.com/reel/DYiSV4bINsZ/,"Reel do Instagram",,Total,5404,3873,113,4,1,7,4
18250241110306549,17841467312227297,fpfacademia,"FPF Academia","EDIÇÃO ➕ QUE ESPECIAL! 🌟

➕ horas de conteúdo
➕ encontros presenciais
➕ networking com profissionais do mercado

👔 ➡️ O Curso para Supervisores de Futebol já é um sucesso de mercado! E a 7ª turma vivenciará a MAIOR EDIÇÃO DA HISTÓRIA! Bora fazer parte dessa?

🔗 Inscrições e mais informações pelo link da bio da @fpfacademia

.
.
.

#FPFAcademia #Curso #Supervisores #Futebol #FPF",0,"05/19/2026 13:20",https://www.instagram.com/p/DYiI5sqmTA4/,"Carrossel do Instagram",,Total,8791,3182,103,8,1,3,0
18113936896648397,17841467312227297,fpfacademia,"FPF Academia","⚠️ NOVIDADE NA FPF ACADEMIA! ⚠️
As inscrições estão abertas para a 1ª edição do 𝗖𝘂𝗿𝘀𝗼 𝗘𝗦𝗚 𝗻𝗮 𝗚𝗲𝘀𝘁𝗮̃𝗼 𝗘𝘀𝗽𝗼𝗿𝘁𝗶𝘃𝗮! Uma oportunidade totalmente on-line, para profissionais que desejam compreender, aplicar e estruturar práticas modernas de governança, impacto social, sustentabilidade e compliance no ambiente esportivo 🌎 ⚽

💻 6 encontros on-line

📅 17, 18, 24, 25 e 31 de agosto | 01 de setembro

Bora fazer parte dessa? Mais informações e inscrição pelo link da bio da @fpfacademia 🔗

.
.
.

#FPFAcademia #Curso #ESG #Gestão #FPF",0,"05/18/2026 11:02",https://www.instagram.com/p/DYfUEYWKr7R/,"Imagem do Instagram",,Total,7309,3642,136,23,8,8,0
17857020771645166,17841400074692954,paulistao,Paulistão,"Nesse 18 de maio, celebramos o Dia Nacional de Combate ao Abuso e à Exploração Sexual de Crianças e Adolescentes. Que nossas crianças e adolescentes tenham sempre o direito ao seu desenvolvimento de forma segura, protegida e livre do abuso e da exploração sexual. Acesse facabonito.org para mais informações!
#FPF #FaçaBonito #18deMaio",0,"05/18/2026 05:00",https://www.instagram.com/p/DYelvgMjI0Y/,"Imagem do Instagram",,Total,33699,19016,412,47,0,3,11
18164568661427597,17841426429471156,fpf_oficial,"Federação Paulista de Futebol","Há 108 anos, a Federação Gaúcha de Futebol escreve capítulos importantes no sul do país. Parabéns, FGF! ⚽ #Aniversário",0,"05/18/2026 04:00",https://www.instagram.com/p/DYee6LyjtnP/,"Imagem do Instagram",,Total,2266,1343,16,1,0,0,1
17936637093054254,17841400074692954,paulistao,Paulistão,"Hoje é o Dia Internacional de Combate à Homofobia, Transfobia e Bifobia. Hoje e sempre, a Federação Paulista de Futebol, através do Comitê de Diversidade e Inclusão, reforça seu compromisso contra qualquer tipo de intolerância e preconceito. Por mais amor e mais respeito dentro e fora do futebol! 
#FutebolPaulista",0,"05/17/2026 04:30",https://www.instagram.com/p/DYb9geFlrRG/,"Imagem do Instagram",,Total,50885,28313,635,60,0,200,12
18000275747931289,17841400074692954,paulistao,Paulistão,"ENCERRANDO A RODADA!
Manhã e tarde cheias de #PaulistaSub23SegundaDivisão 🙌",0,"05/17/2026 04:00",https://www.instagram.com/p/DYb6E3aFV93/,"Imagem do Instagram",,Total,23214,13882,200,8,1,4,1
18181996996380267,17841426429471156,fpf_oficial,"Federação Paulista de Futebol","É O GALO DO JAPI!
Feliz aniversário, Paulista. Já são 117 anos de tradição!🎉🥳
#FutebolPaulista #Aniversário",0,"05/17/2026 03:00",https://www.instagram.com/p/DYbzNSbFeYv/,"Imagem do Instagram",,Total,9642,7159,130,13,2,13,1
18115054321805810,17841467312227297,fpfacademia,"FPF Academia","FPF ACADEMIA NA ESTRADA! 🚎 🟨 🟥
Os alunos da 4ª edição do Curso de Capacitação de Árbitros - Ligas Amadoras Paulistas concluíram o aprendizado neste sábado (16), no estádio J.D. Martins, em Cravinhos 📍

A turma foi a campo, dividida em dois turnos, para vivenciar a experiência prática de arbitrar uma partida, na presença de instrutores da @fpf_oficial ⚽

.
.
.

📷 @celio_messias_ 

#FPFAcademia #Curso #Arbitragem #EAFI #FPF",0,"05/16/2026 14:34",https://www.instagram.com/p/DYajEqkGcuJ/,"Carrossel do Instagram",,Total,14171,6522,273,23,10,4,0
17998204931936407,17841467312227297,fpfacademia,"FPF Academia","PRATICANDO ARBITRAGEM!🟨 🟥
Vem conferir um pouquinho da vivência durante o dia prático do Curso de Capacitação de Árbitros - Ligas Amadoras Paulistas, diretamente de Cravinhos-SP 📍

#FPFAcademia #Curso #Arbitragem #EAFI #Cravinhos",53,"05/16/2026 11:50",https://www.instagram.com/reel/DYaPxhVqIcd/,"Reel do Instagram",,Total,9325,6165,198,21,6,13,0
18105671941766851,17841400074692954,paulistao,Paulistão,"SABADOU! 🤩
Vem pro YouTube do Paulistão assistir aos jogos de hoje do Paulista Sub-23 Segunda Divisão!
#PaulistaSub23SegundaDivisão",0,"05/16/2026 04:00",https://www.instagram.com/p/DYZVSGXE1FL/,"Imagem do Instagram",,Total,13704,7586,141,3,0,1,2
17874002874485319,17841400074692954,paulistao,Paulistão,"VISITANTES INDIGESTOS! 🤪🏆
Em três divisões do Paulistão, os campeões levantaram a taça fora de suas casas!
#PaulistãoCasasBahia #PaulistãoA2Rivalo #PaulistãoA4Rivalo",0,"05/15/2026 14:20",https://www.instagram.com/p/DYX8o1LjvFP/,"Imagem do Instagram",,Total,34262,17952,874,13,0,7,23
17979879746847024,17841400074692954,paulistao,Paulistão,"DOSE DUPLA! 🔥
Sextou com abertura de rodada no Paulista Sub-23 Segunda Divisão!
#PaulistaSub23SegundaDivisão",0,"05/15/2026 07:00",https://www.instagram.com/p/DYXJOAQILPj/,"Imagem do Instagram",,Total,9741,5457,105,3,0,0,0
18100330730043726,17841426429471156,fpf_oficial,"Federação Paulista de Futebol","UMA NOITE PARA RECORDAR! ✨
Vem conferir os bastidores e toda a dinâmica das premiações do Paulistão A2 Rivalo e Paulistão A4 Rivalo 🤩🏆 #FPF #FutebolPaulista",59,"05/14/2026 20:48",https://www.instagram.com/reel/DYWDvRPt1zA/,"Reel do Instagram",,Total,9758,7228,143,6,0,10,0
18403417654145352,17841426429471156,fpf_oficial,"Federação Paulista de Futebol","NOITE ESPECIAL! 🏆🤩
Em uma parceria da FPF, Sindicato dos Atletas e Futebol Interior, a premiação do Paulistão A2 Rivalo e Paulistão A4 Rivalo, aconteceu na noite desta quinta-feira (14), em Campinas. Reinaldo Carneiro Bastos, presidente da FPF, 
esteve presente na premiação e celebrou os melhores atletas, equipe de arbitragem e treinadores de 2026! #FPF #FutebolPaulista",60,"05/14/2026 19:44",https://www.instagram.com/reel/DYV82xDNzEc/,"Reel do Instagram",,Total,7035,5247,128,6,2,4,2
18439322575188469,17841400074692954,paulistao,Paulistão,"ISSO AJUDA A FAZER UM BOM CAMPEONATO! 🏆
Melhor zagueiro do #PaulistãoA4Rivalo, Sandoval contou pra gente a importância do reconhecimento da Federação e do Sindicato para os atletas.",27,"05/14/2026 19:30",https://www.instagram.com/reel/DYV64ebs4oX/,"Reel do Instagram",,Total,10475,7590,282,12,1,29,2
18074447057282430,17841400074692954,paulistao,Paulistão,"A ESTRELA DA NOITE!
Albano foi eleito o Melhor Jogador Rivalo do #PaulistãoA2Rivalo.",0,"05/14/2026 17:43",https://www.instagram.com/p/DYVu8l1MVV1/,"Imagem do Instagram",,Total,27601,13615,866,84,2,276,3
18103205509789542,17841400074692954,paulistao,Paulistão,"O GRINGO QUE CHOCOU O FUTEBOL PAULISTA!
Elkin Muñoz foi eleito a Revelação Sil do #PaulistãoA2Rivalo.",0,"05/14/2026 17:41",https://www.instagram.com/p/DYVu0WmsVdQ/,"Imagem do Instagram",,Total,30808,16265,570,30,2,30,4
18051533834518188,17841400074692954,paulistao,Paulistão,"O HOMEM-GOL!
Luketa foi o artilheiro do #PaulistãoA2Rivalo.",0,"05/14/2026 17:40",https://www.instagram.com/p/DYVunR-slFd/,"Imagem do Instagram",,Total,37556,20765,409,40,1,13,3
18119014270679713,17841400074692954,paulistao,Paulistão,"TIME DE ARBITRAGEM!
Confira os melhores do time de arbitragem do #PaulistãoA2Rivalo",0,"05/14/2026 17:38",https://www.instagram.com/p/DYVujC7DKsg/,"Carrossel do Instagram",,Total,17750,7887,222,15,3,10,1
18100955246009256,17841400074692954,paulistao,Paulistão,"O SUPER ONZE!
Confira a seleção completa do #PaulistãoA2Rivalo.",0,"05/14/2026 17:32",https://www.instagram.com/p/DYVttJ7sESm/,"Imagem do Instagram",,Total,53810,29933,837,92,0,45,8
18050463989588272,17841400074692954,paulistao,Paulistão,"O PROFESSOR!
Thiago Carvalho foi eleito o melhor treinador do #PaulistãoA2Rivalo.",0,"05/14/2026 17:30",https://www.instagram.com/p/DYVtiGhMP2s/,"Imagem do Instagram",,Total,37268,20834,834,27,3,41,2
18082207259248405,17841400074692954,paulistao,Paulistão,"OS GOLEADORES!
Vitor Barreto, Luketa e Elkin Muñoz no comando de ataque da seleção do #PaulistãoA2Rivalo.",0,"05/14/2026 17:29",https://www.instagram.com/p/DYVtdvmDMJj/,"Carrossel do Instagram",,Total,29972,15608,309,10,0,6,2
18097494938154505,17841400074692954,paulistao,Paulistão,"TRIO PARADA DURA! 
Ferreira, Netinho e Albano no meio-campo da seleção do #PaulistãoA2Rivalo.",0,"05/14/2026 17:26",https://www.instagram.com/p/DYVtI2fDHfG/,"Carrossel do Instagram",,Total,36097,18691,216,50,1,3,2
18022113386844796,17841400074692954,paulistao,Paulistão,"TODO GRANDE TIME COMEÇA COM UMA GRANDE DEFESA!
Dênis Jr, Thassio, Medina, Fernando e Eduardo abrem a seleção do #PaulistãoA2Rivalo.",0,"05/14/2026 17:23",https://www.instagram.com/p/DYVs0D1DPHE/,"Carrossel do Instagram",,Total,36108,17215,348,86,2,17,4
18152614246482318,17841400074692954,paulistao,Paulistão,"O NOSSO CRAQUE!
Kadu Barone foi eleito o Melhor Jogador Rivalo do #PaulistãoA4Rivalo.",0,"05/14/2026 17:15",https://www.instagram.com/p/DYVruVRsHSW/,"Imagem do Instagram",,Total,21262,12360,256,44,0,21,0
18143927494508493,17841400074692954,paulistao,Paulistão,"O TALISMÃ DO LOBO!
Caio Vidal foi eleito a Revelação Sil do #PaulistãoA4Rivalo.",0,"05/14/2026 17:14",https://www.instagram.com/p/DYVrnlmMKN5/,"Imagem do Instagram",,Total,27095,15311,453,49,1,39,2
17871664650506166,17841400074692954,paulistao,Paulistão,"OS GOLEADORES!
Com oito gols, Kadu Barone e Luan Carioca foram os artilheiros do #PaulistãoA4Rivalo.",0,"05/14/2026 17:12",https://www.instagram.com/p/DYVrjn_DFjm/,"Carrossel do Instagram",,Total,22292,11241,252,13,0,1,2
18076059137256511,17841400074692954,paulistao,Paulistão,"TIME DE ARBITRAGEM!
Confira os melhores do time de arbitragem do #PaulistãoA4Rivalo",0,"05/14/2026 17:11",https://www.instagram.com/p/DYVrXuXjP3m/,"Carrossel do Instagram",,Total,31447,14491,323,55,2,22,1
18023965235827547,17841400074692954,paulistao,Paulistão,"O ONZE IDEAL! 
Confira a seleção completa do #PaulistãoA4Rivalo.",0,"05/14/2026 17:03",https://www.instagram.com/p/DYVqck7s_Nf/,"Imagem do Instagram",,Total,53974,29680,577,78,0,8,6
18070122794336042,17841400074692954,paulistao,Paulistão,"O COMANDANTE!
Márcio Griggio foi eleito o melhor treinador do #PaulistãoA4Rivalo.",0,"05/14/2026 17:01",https://www.instagram.com/p/DYVqMXNMjL0/,"Imagem do Instagram",,Total,24801,14749,316,13,1,26,3
17955165143964387,17841400074692954,paulistao,Paulistão,"O QUADRADO MÁGICO!
Diogo Silva, Ryan, Brendon e Kadu Barone no meio-campo da seleção do #PaulistãoA4Rivalo.",0,"05/14/2026 16:58",https://www.instagram.com/p/DYVp4QmjJdG/,"Carrossel do Instagram",,Total,51894,22668,458,45,0,3,3
18089105945617898,17841400074692954,paulistao,Paulistão,"É DIFÍCIL PASSAR DELES!
Estevão, Diogo, Sandoval, Cleberson e Magal formam a defesa da seleção do #PaulistãoA4Rivalo.",0,"05/14/2026 16:55",https://www.instagram.com/p/DYVph42DOvX/,"Carrossel do Instagram",,Total,41632,16820,287,32,1,5,3
18177099430392238,17841400074692954,paulistao,Paulistão,"FINAL DA SEMANA CHEGOU...
E com ele o Paulista Sub-23 Segunda Divisão! Vem ver os horários dos confrontos que vão rolar sexta, sábado e domingo.
#PaulistaSub23SegundaDivisão",0,"05/14/2026 14:34",https://www.instagram.com/p/DYVZe3tGdNW/,"Imagem do Instagram",,Total,16036,9365,242,12,0,2,2
17949353367149218,17841400074692954,paulistao,Paulistão,"OS CAMPEÕES DO PAULISTÃO! 🏆🌟
As taças do @paulistao foram entregues! Vem ver quais foram os campeões das quatro divisões do campeonato 👀
#Paulistão #FutebolPaulista",0,"05/14/2026 12:22",https://www.instagram.com/p/DYVKTJOkqhk/,"Imagem do Instagram",,Total,76414,43163,2480,151,2,50,71
18010398986900220,17841400074692954,paulistao,Paulistão,"HORA DE PREMIAR OS MELHORES DO A2 E A4! 🏆🌟
Assista à premiação do Paulistão A2 Rivalo e do Paulistão A4 Rivalo AO VIVO às 20h, no YouTube do Paulistão!
#Premiação #PaulistãoA2Rivalo #PaulistãoA4Rivalo",0,"05/14/2026 09:16",https://www.instagram.com/p/DYU0-IVxFHN/,"Imagem do Instagram",,Total,19741,11389,222,37,3,5,1
17912917653421760,17841426429471156,fpf_oficial,"Federação Paulista de Futebol","O presidente da FPF, Reinaldo Carneiro Bastos, esteve em Araraquara para acompanhar a final do Paulistão A2 Rivalo, nesta quarta-feira (13). A decisão entre Ferroviária e Juventus terminou com o time visitante como o campeão da competição em 2026! #FPF #FutebolPaulista",41,"05/13/2026 19:28",https://www.instagram.com/reel/DYTVlATNQ3B/,"Reel do Instagram",,Total,8139,6172,292,14,3,8,3
18066292634380841,17841400074692954,paulistao,Paulistão,"NO DETALHE! 
Thiago Carvalho minutos antes do título do Juventus!
#PaulistãoA2Rivalo",11,"05/13/2026 19:20",https://www.instagram.com/reel/DYTU-inM33-/,"Reel do Instagram",,Total,39389,26957,1154,3,2,16,7
18089717990461062,17841426429471156,fpf_oficial,"Federação Paulista de Futebol","DIA DE DECISÃO EM ARARAQUARA! 🏆
Reinaldo Carneiro Bastos, presidente da FPF, esteve na final do Paulistão A2 Rivalo, entre Ferroviária e Juventus, nesta quarta-feira (12), na Arena Fonte Luminosa; acompanhado do vice-presidente Mauro Silva, do vice-presidente Fernando Solleiro, da vice-presidente de gestão corporativa, Mislaine Scarelli, e do Diretor Geral da Rivalo Brasil, Daniel Eskinazi, a comitiva presenciou o Juventus se consagrar campeão da competição! 
#FPF #FutebolPaulista 
📷Rodrigo Corsi/Ag. Paulistão",0,"05/13/2026 18:56",https://www.instagram.com/p/DYTSm2FjRHc/,"Carrossel do Instagram",,Total,10379,5389,287,11,1,2,4
18046820543536694,17841400074692954,paulistao,Paulistão,"A FESTA DO CAMPEÃO! 🏆
#PaulistãoA2Rivalo",20,"05/13/2026 18:46",https://www.instagram.com/reel/DYTRPm1sSfT/,"Reel do Instagram",,Total,36794,27769,1516,48,6,14,7
17878192455596193,17841400074692954,paulistao,Paulistão,"UH PASSARELLI! 
Que noite do goleiro do Juventus! 
#PaulistãoA2Rivalo",43,"05/13/2026 18:29",https://www.instagram.com/reel/DYTOLFqMjiH/,"Reel do Instagram",,Total,135237,94689,4718,127,14,117,50
18096223337590000,17841400074692954,paulistao,Paulistão,"COMEMORA, @thomas_kayck! 
#PaulistãoA2Rivalo",8,"05/13/2026 18:11",https://www.instagram.com/reel/DYTNTzWshBb/,"Reel do Instagram",,Total,73133,46131,1598,24,4,17,13
18097442839896453,17841405688144679,rivalobrasil,"Rivalo Brasil","É CAMPEÃO! 🏆

Depois de 18 anos longe da A1, o Juventus é o campeão do Paulistão A2 Rivalo! 👏

A Rivalo Brasil deseja parabéns pela conquista do Moleque Travesso! Nada ganhou da emoção de vocês! 🔥",0,"05/13/2026 17:50",https://www.instagram.com/p/DYTLB89Sb8R/,"Imagem do Instagram",,Total,43642,24406,1047,47,6,9,0
18116424826688435,17841400074692954,paulistao,Paulistão,"A EXPLOSÃO DO GOL DO TÍTULO DO JUVENTUS! 
@thomas_kayck nos acréscimos garantiu o troféu para o Moleque Travesso! 
#PaulistãoA2Rivalo",31,"05/13/2026 17:39",https://www.instagram.com/reel/DYTJgpMMnIr/,"Reel do Instagram",,Total,124095,83693,4979,237,9,82,62
18136291603527846,17841400074692954,paulistao,Paulistão,"JUVENTUS, JUVENTUS! 🏆🇱🇻
Campeão do Paulistão A2 Rivalo 2026!
#PaulistãoA2Rivalo",0,"05/13/2026 17:27",https://www.instagram.com/p/DYTIYvpn4AX/,"Imagem do Instagram",,Total,63589,39589,2851,372,6,59,16
18049323038759988,17841467312227297,fpfacademia,"FPF Academia","SEGUNDO DIA 🔝 ✔️
Os alunos e alunas da 6ª edição do Curso Master FPF retornaram ao Edifício Pelé, nesta quarta-feira (13), para mais uma experiência repleta de conteúdos, na companhia de grandes nomes da indústria. Entre os temas abordados, visão sistêmica, estratégia, modelos acionários, gestão de pessoas, recrutamento e governança no futebol ⚽

💡 O Master FPF é o principal programa de capacitação da Federação Paulista de Futebol, em parceria com a @udofutebol e com colaboração da @laligabusincessschool. Acesse o link da bio da @fpfacademia e confira o portfólio completo de cursos 🔗

.
.
.

📷 Diego Soares/Ag. Paulistão

#FPFAcademia #Curso #MasterFPF #Gestão #FPF",0,"05/13/2026 16:02",https://www.instagram.com/p/DYS-sTNmTGU/,"Carrossel do Instagram",,Total,7269,3444,122,9,1,4,0
18121749538565014,17841400074692954,paulistao,Paulistão,"QUE GOLAAAAÇOOOO! 
@elkinjuniorr abre o placar para o Juventus em Araraquara! 
#PaulistãoA2Rivalo",26,"05/13/2026 15:36",https://www.instagram.com/reel/DYS6k6-ppok/,"Reel do Instagram",,Total,133581,90447,4201,297,33,57,36
17973246753045116,17841400074692954,paulistao,Paulistão,"OLHA ELA AÍ! 🥰🏆
Quem vai levantar a taça do Paulistão A2 Rivalo? 
#PaulistãoA2Rivalo",13,"05/13/2026 15:11",https://www.instagram.com/reel/DYS4qjtp5Rc/,"Reel do Instagram",,Total,18695,15595,236,15,0,4,5
17861605041689876,17841433567384088,faculdadeeinstein,"Faculdade Einstein","No esporte, algumas decisões precisam acontecer com agilidade e, muitas vezes, é isso que muda completamente o desfecho de uma emergência em campo.

No curso de Atendimento às Emergências no Esporte, a prática acontece no Centro de Simulação Realística Einstein, com cenários que reproduzem a pressão e os desafios do ambiente esportivo.

Uma experiência desenvolvida em parceria com a Federação Paulista de Futebol e a Confederação Brasileira de Futebol (CBF) para profissionais que querem atuar com mais confiança diante das emergências no esporte.

As inscrições já estão abertas para a próxima turma! 
📌 Comente “eu quero” para receber o link do curso.

#SimulaçãoRealística #Simulação #CBF #FederaçãoPaulistaDeFutebol #Emergência",83,"05/13/2026 15:10",https://www.instagram.com/reel/DYS4lY4Me1Q/,"Reel do Instagram",,Total,11397,7657,236,47,5,10,0
18130099207502754,17841467312227297,fpfacademia,"FPF Academia","QUE AULA, @marcelopaz! 👏 📚
O Executivo de Futebol do @corinthians foi palestrante do Curso Master FPF e falou sobre gestão esportiva. E ainda deixou conselhos valiosos, se liga 🎙️

#FPFAcademia #Curso #MasterFPF #Corinthians #Futebol @udofutebol",84,"05/13/2026 13:11",https://www.instagram.com/reel/DYSq213qlRC/,"Reel do Instagram",,Total,25424,18691,768,10,5,145,0
18109417201857957,17841467312227297,fpfacademia,"FPF Academia","CONVIDADO ESPECIAL! 🐯 🎙️
Ex-aluno do Curso Master FPF, da @fpfacademia, Genilson Rocha Santos marcou presença no Edifício Pelé para participar de painel da 6ª edição. O CEO do @oficialnovorizontino falou sobre gestão, modelos acionários e sua trajetória de sucesso no futebol ⚽

📷 Diego Soares/Ag. Paulistão

.
.
.

#FPFAcademia #MasterFPF #Novorizontino #Futebol #Gestão",0,"05/13/2026 10:35",https://www.instagram.com/p/DYSZSQlFhFO/,"Carrossel do Instagram",,Total,9077,3543,152,1,0,4,0
18044936168783805,17841400777371682,xvpiracicaba,"XV de Piracicaba","O XV de Piracicaba vive uma sequência de oito jogos de invencibilidade e atravessa bom momento no Brasileiro Série D 2026, sendo uma das poucas equipes que ainda não perdeu nas seis partidas disputadas pela competição.

O caminho, porém, ainda é longo, em busca dos objetivos traçados, e seguimos contando com o apoio da Nação.

O próximo desafio será neste sábado, dia 16, às 17h, diante do Maricá, no Estádio Municipal João Saldanha, em Maricá.",0,"05/13/2026 06:39",https://www.instagram.com/p/DYR-Iv0Rg6J/,"Imagem do Instagram",,Total,153557,74905,5322,273,16,61,0
17973014937023073,17841467312227297,fpfacademia,"FPF Academia","CONHECENDO A TURMA! 🎙️
Os alunos e alunas que vão brilhar nos próximos 4 meses de Curso Master FPF ⚽️ 💼

#FPFAcademia #Curso #MasterFPF #Gestão #FPF",81,"05/12/2026 17:56",https://www.instagram.com/reel/DYQmeHcs3Wp/,"Reel do Instagram",,Total,8279,5712,159,7,5,3,0
18056220167718297,17841467312227297,fpfacademia,"FPF Academia","ESTREIA CONCLUÍDA! 📚
O primeiro dia de aula na 6ª edição do 𝗖𝘂𝗿𝘀𝗼 𝗠𝗮𝘀𝘁𝗲𝗿 𝗙𝗣𝗙 foi uma verdadeira IMERSÃO pela Federação Paulista de Futebol. Ao longo de toda a terça-feira (12), os alunos e alunas conheceram de perto o trabalho realizado por diversos departamentos da entidade, que tem como principal objetivo transformar a sociedade através da educação e paixão ao futebol ⚽

➡️ Vem conferir alguns dos registros deste encontro especial 🤩

.
.
.

📷 Rodrigo Corsi e Diego Soares/Ag. Paulistão

#FPFAcademia #Curso #MasterFPF #Gestão #FPF",0,"05/12/2026 14:51",https://www.instagram.com/p/DYQRyiDmWl4/,"Carrossel do Instagram",,Total,16125,7927,332,12,5,5,0
18081506411450531,17841467312227297,fpfacademia,"FPF Academia","PONTAPÉ INICIAL! ⚽ ✅
A 6ª edição do Master FPF teve início nesta terça-feira (12), no Edifício Pelé. O presidente da @fpf_oficial, Reinaldo Carneiro Bastos, realizou a fala de abertura do dia, que vai contar com apresentações sobre os departamentos da entidade 💼

#FPFAcademia #Curso #MasterFPF #Gestão #FPF @udofutebol @laligabusinessschool",48,"05/12/2026 07:27",https://www.instagram.com/reel/DYPeyXMKuO6/,"Reel do Instagram",,Total,10919,7868,185,12,4,3,0
18113962660839094,17841467312227297,fpfacademia,"FPF Academia","O TIME DA FPF TÁ ESCALADO ✅
Vem conferir quem é figurinha garantida na primeira aula do Curso Master FPF, que acontece amanhã (12), no Edifício Pelé 🏠⚽️

Vai ser dia de conhecer a fundo o trabalho de todos os departamentos da @fpf_oficial 💪

.
.
.

#FPFAcademia #Curso #Master #Album #Figurinha",0,"05/11/2026 15:57",https://www.instagram.com/p/DYN0kw2mUD9/,"Carrossel do Instagram",,Total,20441,8284,427,14,9,15,0
18581524486055110,17841467312227297,fpfacademia,"FPF Academia","“SÓ APITAR???” 🤨 No Curso de Árbitros da #EAFI, a galera também aprende os atalhos pra se movimentar melhor dentro do campo. Quem aí encara? 💪

🔗 Lista de espera para edição de 2027 disponível no link da bio da @fpfacademia

#FPFAcademia #Arbitragem #Futebol #FPF",28,"05/10/2026 09:59",https://www.instagram.com/reel/DYKmRGOxIHh/,"Reel do Instagram",,Total,30677,19117,866,41,32,12,0
18340376713222765,17841400074692954,paulistao,Paulistão,"PARA ENCERRAR A RODADA!
Manhã e tarde de domingo cheias de Paulista Sub-23 Segunda Divisão!
#PaulistaSub23SegundaDivisão",0,"05/10/2026 04:00",https://www.instagram.com/p/DYJ4hKioIkj/,"Imagem do Instagram",,Total,15325,8935,179,7,0,1,1
18060512858468912,17841426429471156,fpf_oficial,"Federação Paulista de Futebol","É CAMPEÃO! ⚽🏆
Inter de Bebedouro e Penapolense decidiram o título do Paulistão A4 Rivalo neste sábado (9), em Bebedouro, com a presença do presidente da FPF, Reinaldo Carneiro Bastos, e sua comitiva.
O duelo decisivo terminou com o Penapolense como campeão da temporada de 2026! #FPF #FutebolPaulista",80,"05/09/2026 18:31",https://www.instagram.com/reel/DYI71IGxUhB/,"Reel do Instagram",,Total,9607,6767,453,22,15,8,6
18062587643425193,17841400074692954,paulistao,Paulistão,"FESTA LINDA DO PENAPOLENSE! 🔥
Elenco e torcida do CAP em uma só voz pra comemorar o título do #PaulistãoA4Rivalo.",20,"05/09/2026 17:06",https://www.instagram.com/reel/DYIydgMNHjn/,"Reel do Instagram",,Total,29157,20325,809,14,2,11,10
17861561265629959,17841467312227297,fpfacademia,"FPF Academia","APRENDIZADO EM CAMPO! ⚽️
A segunda aula prática do Curso de Árbitros 2026 teve foco em deslocamento e posicionamento. A turma exercitou os novos conhecimentos diretamente do @narsp durante a tarde deste sábado (9), com o auxílio dos instrutores da @fpf_oficial 💪

.
.
.

📷 Pri Fiotti/Ag. Paulistão

#FPFAcademia #Curso #Arbitragem #FPF #EAFI",0,"05/09/2026 16:48",https://www.instagram.com/p/DYIw134GZd1/,"Carrossel do Instagram",,Total,16363,7309,278,37,4,0,0
18396267412158507,17841426429471156,fpf_oficial,"Federação Paulista de Futebol","GRANDE FINAL 🏆
Reinaldo Carneiro Bastos, presidente da Federação Paulista de Futebol, marcou presença na final do Paulistão A4 Rivalo, entre Inter de Bebedouro e Penapolense, neste sábado (9), em Bebedouro. Ao lado do vice-presidente Mauro Silva, do vice-presidente Fernando Solleiro e da vice-presidente de Gestão Corporativa, Mislaine Scarelli, a comitiva acompanhou a decisão que consagrou o Penapolense o grande campeão da temporada! 
#FPF #FutebolPaulista #PaulistãoA4Rivalo
📷Rodrigo Corsi/Ag. Paulistão",0,"05/09/2026 16:16",https://www.instagram.com/p/DYItIoQHU_k/,"Carrossel do Instagram",,Total,26908,12857,725,8,20,7,7
18112145452856889,17841400074692954,paulistao,Paulistão,"TU ÉS FORTE, TU ÉS GIGANTE! 🏆
Clube Atlético Penapolense, campeão do Paulistão A4 Rivalo 2026!
#PaulistãoA4Rivalo",0,"05/09/2026 15:03",https://www.instagram.com/p/DYIkyHbnzxE/,"Imagem do Instagram",,Total,252742,90713,3371,1189,26,64,46
17975874789035091,17841467312227297,fpfacademia,"FPF Academia","SURPRESA NA AULA! 🌟
Os alunos do Curso de Árbitros da EAFI encontraram simplesmente Raphael Claus treinando no @narsp! O árbitro FPF e FIFA dividiu conselhos valiosos com a galera, se liga! 🔉

#FPFAcademia #Curso #Árbitros #EAFI #FPF",58,"05/09/2026 14:24",https://www.instagram.com/reel/DYIf0tVqh-A/,"Reel do Instagram",,Total,39659,31652,983,86,31,69,0
18124472974621527,17841467312227297,fpfacademia,"FPF Academia","MANHÃ DE AULAS NA FPF 📍
Os alunos e alunas do Curso de Árbitros da EAFI participaram do Workshop Ética e Gestão no Futebol, o segundo encontro da edição de 2026, neste sábado (9), no Edifício Pelé 🏠 ⚽

🎙️ Durante a manhã, a turma aprendeu mais sobre integridade, com Renato Renatino, gerente jurídico da @fpf_oficial, e a respeito do trabalho da FPF no futebol das categorias de base, com a ajuda de Guilherme Machado, analista de Integração e Desenvolvimento da entidade

.
.
.

📸 Pri Fiotti/Ag. Paulistão

#FPFAcademia #Curso #Arbitragem #FPF #EAFI",0,"05/09/2026 08:40",https://www.instagram.com/p/DYH46fuljHR/,"Carrossel do Instagram",,Total,12844,5518,263,13,4,8,0
18226330984314443,17841400074692954,paulistao,Paulistão,"OS JOGOS NÃO PARAM!
Cinco partidas dão continuidade à quarta rodada do #PaulistaSub23SegundaDivisão!",0,"05/09/2026 04:00",https://www.instagram.com/p/DYHTt9fjpdx/,"Imagem do Instagram",,Total,15805,8948,165,9,0,3,2
18004387934876722,17841426429471156,fpf_oficial,"Federação Paulista de Futebol","PARABÉNS, RIO CLARO!
O Azulão comemora 117 anos!
#FutebolPaulista #Aniversário",0,"05/09/2026 03:00",https://www.instagram.com/p/DYHM2WUnOLH/,"Imagem do Instagram",,Total,2223,1295,33,2,0,1,0
18119202436737608,17841400074692954,paulistao,Paulistão,"QUARTA RODADA NA ÁREA!
Bora para mais uma rodada do Paulista Sub-23 Segunda Divisão!
#PaulistaSub23SegundaDivisão",0,"05/08/2026 10:00",https://www.instagram.com/p/DYFYH0gjXrC/,"Imagem do Instagram",,Total,24285,14123,276,29,0,5,4
17940388419196941,17841467312227297,fpfacademia,"FPF Academia","VOCÊ PEDIRAM, ELE VOLTOU! 💪
A 7ª edição do Curso para Supervisores está simplesmente especial, com mais encontros, mais conteúdo e mais troca de conhecimento! Impulsione dua carreira no futebol com a @fpfacademia 📊 ⚽

🔗 Link de inscrição e mais informações na bio

#FPFAcademia #Curso #Supervisores #Futebol #FPF",31,"05/07/2026 13:35",https://www.instagram.com/reel/DYDQ_oCKelO/,"Reel do Instagram",,Total,5063,4025,37,2,0,0,0
18091885118464344,17841467312227297,fpfacademia,"FPF Academia","ELE ESTÁ DE VOLTA! 🚨
Valeu a espera! As inscrições estão ABERTAS para a 7ª edição do 𝗖𝘂𝗿𝘀𝗼 𝗽𝗮𝗿𝗮 𝗦𝘂𝗽𝗲𝗿𝘃𝗶𝘀𝗼𝗿𝗲𝘀 𝗱𝗲 𝗙𝘂𝘁𝗲𝗯𝗼𝗹, da FPF Academia, com 5 encontros presenciais e 4 aulas on-line! 👔 ⚽

💡 Aprenda sobre logística, planejamento, controle documental, registro, gestão de pessoas, operação de jogo… e muito mais!

➡️ Comente 𝗘𝗨 𝗤𝗨𝗘𝗥𝗢 para receber mais informações e o link de inscrição em sua DM! Você também pode se inscrever diretamente pelo link da bio da @fpfacademia 🔗 

.
.
.

#FPFAcademia #Curso #Supervisores #Futebol #FPF",0,"05/07/2026 08:25",https://www.instagram.com/p/DYCtnfLikb3/,"Imagem do Instagram",,Total,12254,37223,161,23,18,52,0
18134897653551265,17841400074692954,paulistao,Paulistão,"É DELE!
Albano, da Ferroviária, foi o #CraqueDoJogo da partida de ida na grande final do Paulistão A2 Rivalo!
#PaulistãoA2Rivalo",0,"05/07/2026 08:24",https://www.instagram.com/p/DYCtg7kHx3C/,"Imagem do Instagram",,Total,15015,8675,231,15,2,19,3
18098980606918806,17841400074692954,paulistao,Paulistão,"OS CAPITÃES DA DECISÃO! ©️
#PaulistãoA2Rivalo 
📷Diego Soares/Ag. Paulistão",0,"05/07/2026 07:17",https://www.instagram.com/p/DYCl0sQH4tm/,"Carrossel do Instagram",,Total,29325,13569,439,3,1,0,1
17948121063168545,17841400074692954,paulistao,Paulistão,"PORQUE JUVENTUS É SENTIMENTO! 🔥
#Juventus #PaulistãoA2Rivalo #MolequeTravesso",31,"05/07/2026 06:38",https://www.instagram.com/reel/DYChOKautg5/,"Reel do Instagram",,Total,16223,11936,612,34,0,15,9
18589843738049256,17841403734375167,sindicatodeatletas,"Sindicato de Atletas SP","🏆 Seleção dos Atletas
Paulistão A4 Rivalo 2026

Confira a seleção do jogo de VOLTA da SEMIFINAL do Paulistão A4 Rivalo 2026.

⭐ GOL - Leandro Vaso (Inter de Bebedouro)
⭐ ZAG/LD - Diogo (Penapolense) 
⭐ ZAG - Renan Carvalho (Inter de Bebedouro)
⭐ ZAG - Cleberson (Penapolense)
⭐ VOL - Ryan (Penapolense)
⭐ VOL - Lacerda (Grêmio-São Carlense)
⭐ MC - Mauricinho (São Caetano)
⭐ MC - Kadu Barone (Inter de Bebedouro)
⭐ MC - Rikelmi (São Caetano)
⭐ ATA - Caio Vidal (Inter de Bebedouro)
⭐ ATA - Luan (Penapolense)

🔥 Chegamos ao fim de mais uma votação oficial dos atletas.

Agora vem a decisão final: a escolha dos 11 melhores do campeonato e o tão esperado CRAQUE da A4.

🎉 E o grande encontro já tem data marcada:
📅 14 de maio | 19h
📍 Hotel Vitória – Campinas

A cerimônia será ainda mais especial, com a premiação acontecendo em conjunto com a Série A2, reunindo os destaques do Futebol Paulista em uma única noite.

👉 Diga “EU” se você tem chances de estar entre os 11 melhores.
👉 Marque aquele parceiro que merece levar esse prêmio.

É hora de mobilizar, engajar e fazer barulho!

#SeleçãodosAtletas #PaulistaoA4 #AtletaVotaemAtleta #SindicatodeAtletasSP #FPF #FutebolInterior

🚀 MKT Digital: @digitalsportspress",0,"05/07/2026 06:00",https://www.instagram.com/p/DYCdDlEjxoo/,"Imagem do Instagram",,Total,21750,12731,159,37,3,2,0
18163681990435701,17841400074692954,paulistao,Paulistão,"EQUIPES EM CAMPO! ⚽️🌟
Vai começar o primeiro duelo entre @juventussaf e @afeoficial! 
#PaulistãoA2Rivalo",22,"05/07/2026 05:59",https://www.instagram.com/reel/DYCcwArOZjt/,"Reel do Instagram",,Total,43883,28185,1535,86,12,32,15
17935859292239313,17841400074692954,paulistao,Paulistão,"ARTILHEIRO DA NOITE!
Luan deixou dois na partida e não teve como, levou o troféu de #CraqueDoJogoRivalo para casa.
#PaulistãoA4Rivalo
📷 José Luis Silva/Ag. Paulistão",0,"05/06/2026 18:26",https://www.instagram.com/p/DYBNlvElrwH/,"Imagem do Instagram",,Total,18871,11395,217,11,1,9,2
18556898464068243,17841400074692954,paulistao,Paulistão,"PANTERA COM A VANTAGEM!
Na primeira parte da decisão, quem saiu na frente foi o @penapolenseoficial 🔥
#PaulistãoA4Rivalo 
📷 José Luís Silva/Ag. Paulistão",0,"05/06/2026 18:17",https://www.instagram.com/p/DYBMlqNjBVn/,"Carrossel do Instagram",,Total,44716,21129,777,48,2,36,7
17947314507178994,17841405688144679,rivalobrasil,"Rivalo Brasil","QUEM VAI ERGUER O TROFÉU DA A2? 🏆

Depois de passar pela 2ª fase do torneio e conquistar o acesso ao passar pelas semifinais, Juventus e Ferroviária iniciam a disputa de quem vai levar o troféu para casa! 🔥

O Moleque Travesso não conquista o caneco há 21 anos, enquanto a Locomotiva não levanta a taça há 11 anos. 👀

Para quem vai sua torcida? Deixe nos comentários! 🗣️

#Rivalo #NadaGanhadaEmocao #JoguecomResponsabilidade +18",0,"05/06/2026 17:00",https://www.instagram.com/p/DYBDzaqliUx/,"Imagem do Instagram",,Total,5469,3122,145,10,1,4,0
18102043982095084,17841400074692954,paulistao,Paulistão,"A MAIS DESEJADA DA NOITE! 🏆
A taça do #PaulistãoA4Rivalo tá no Tenentão.",5,"05/06/2026 15:50",https://www.instagram.com/reel/DYA7j-wtEMW/,"Reel do Instagram",,Total,12400,8353,249,9,0,2,7
18123013252621962,17841429857362439,paulistaof,"Paulistão F","O PAULISTÃO É F…!
Vai rolar a bola no campeonato mais tradicional do país!
#PaulistãoF",42,"05/06/2026 11:51",https://www.instagram.com/reel/DYAgCfjP6qa/,"Reel do Instagram",,Total,15213,10694,307,19,3,3,7
18345167539300344,17841467312227297,fpfacademia,"FPF Academia","ALUNO CONFIRMADO! ✅
Luisão, ex-jogador de seleção brasileira, será um dos alunos da 6ª edição do Curso Master FPF, que começa na semana que vem! Bem-vindo, craque! 🤝

🔗 Saiba mais e realize sua inscrição pelo link da bio da @fpfacademia

#FPFAcademia #Curso #MasterFPF #Luisão #Benfica",32,"05/06/2026 07:23",https://www.instagram.com/reel/DYABVTlKfBk/,"Reel do Instagram",,Total,66109,118931,469,15,27,96,0
18092458178190010,17841400074692954,paulistao,Paulistão,"A PRIMEIRA DECISÃO É NO TENENTÃO! 🔥
Penapolense e Inter de Bebedouro duelam pela ida da final do #PaulistãoA4Rivalo.",0,"05/06/2026 05:00",https://www.instagram.com/p/DX_sM5WoCpw/,"Imagem do Instagram",,Total,25947,15015,327,31,1,7,2
18101503124005061,17841405688144679,rivalobrasil,"Rivalo Brasil","RIVALO EM CAMPO NO PAULISTÃO A4 RIVALO! ⚽

Marcamos presença na semifinal entre São Caetano x Penapolense em um jogo para lá de emocionante!🔥

Teve muita celebração, brindes personalizados, torcedor tentando acertar chute do meio de campo e muito mais! 👏

Confere aí como foi!

#Rivalo #NadaGanhadaEmocao #JoguecomResponsabilidade +18",157,"05/05/2026 16:00",https://www.instagram.com/reel/DX-YGuBS_Ut/,"Reel do Instagram",,Total,10803,7482,308,15,2,5,0
17937147954242938,17841403734375167,sindicatodeatletas,"Sindicato de Atletas SP","🏆 Seleção dos Atletas
Paulistão A2 Rivalo 2026

Confira a SELEÇÃO DOS ATLETAS do jogo de volta da semifinal do Paulistão A2 Rivalo 2026:

⭐️ GOL - Denis Júnior (Ferroviária)
⭐️ ZAG – Mancini (Ituano)
⭐️ ZAG – Zé Vitor (Ferroviária)
⭐️ ZAG – Thomás Kayck (Juventus)
⭐️ VOL - Ricardo (Ferroviária)
⭐️ VOL - Ferreira (Juventus)
⭐️ MD – Marcos Nunes (Votuporanguense)
⭐️ MC – Rodolfo (Votuporanguense)
⭐️ ME - Elkin Muñoz (Juventus)
⭐️ ATA – Romário (Juventus)
⭐️ ATA – Denilson (Ferroviária)

🔥 Chegamos ao fim de mais uma votação oficial do atleta.

Agora vem a decisão final: a escolha dos 11 melhores do campeonato e o tão esperado CRAQUE da A2.

🎉 E o grande encontro já tem data marcada:
📅 14 de maio
📍 Hotel Vitória – Campinas

A cerimônia será ainda mais especial, com a premiação acontecendo em conjunto com a Série A4, reunindo os destaques do Futebol Paulista em uma única noite.

👉 Diga “EU” se você tem chances de estar entre os 11 melhores.
👉 Marque aquele parceiro que merece levar esse prêmio.

É hora de mobilizar, engajar e fazer barulho!

#SeleçãodosAtletas #PaulistaoA2 #AtletaVotaemAtleta #SindicatodeAtletasSP #FPF #FutebolInterior 

🚀 MKT Digital: @digitalsportspress",0,"05/05/2026 03:22",https://www.instagram.com/p/DX9BZVSjmzs/,"Imagem do Instagram",,Total,22962,12467,259,27,0,1,0
18082875860573697,17841426429471156,fpf_oficial,"Federação Paulista de Futebol","Reinaldo Carneiro Bastos, presidente da FPF, recebeu os presidentes de Bebedouro e Penapolense nesta segunda-feira (4), no Edifício Pelé, para o Conselho Técnico dos jogos finais da competição. #FPF #FutebolPaulista",91,"05/04/2026 15:12",https://www.instagram.com/reel/DX7tuUOIOoc/,"Reel do Instagram",,Total,10774,7440,164,19,3,3,3
18015982016686402,17841426429471156,fpf_oficial,"Federação Paulista de Futebol","CLIMA DE DECISÃO! 🤩🏆
O presidente da FPF, Reinaldo Carneiro Bastos, recebeu os dois clubes finalistas do Paulistão A4 Rivalo, para o último Conselho Técnico da temporada, nesta segunda-feira (4), no Edifício Pelé.
 #FPF #FutebolPaulista
📷Rodrigo Corsi/ Ag. Paulistão",0,"05/04/2026 13:15",https://www.instagram.com/p/DX7e0sgk9nZ/,"Carrossel do Instagram",,Total,9623,4626,172,5,0,2,0
17978612111848828,17841426429471156,fpf_oficial,"Federação Paulista de Futebol","O último Conselho Técnico do Paulistão A2 Sicredi 2026 foi realizado na manhã desta segunda-feira (4), no Edifício Pelé. Conduzida pelo presidente da FPF, Reinaldo Carneiro Bastos, a reunião contou com a presença dos representantes dos clubes finalistas! #FPF #FutebolPaulista",86,"05/04/2026 12:46",https://www.instagram.com/reel/DX7dBwWIalL/,"Reel do Instagram",,Total,4649,3269,110,6,0,5,1
18067778981663680,17841467312227297,fpfacademia,"FPF Academia","FALA, SAMIR! 🎙️
Samir Xaud, atual presidente da #CBF, foi aluno do 𝗖𝘂𝗿𝘀𝗼 𝗠𝗮𝘀𝘁𝗲𝗿 𝗙𝗣𝗙 em 2024 e dividiu com a gente os aprendizados obtidos ao final da formação 🎓 

🚨 ÚLTIMA VAGAS DISPONÍVEIS! Acesse o link da bio da @fpfacademia e faça sua inscrição para o principal programa de capacitação da @fpf_oficial 💼

#FPFAcademia #Curso #MasterFPF #FPF",28,"05/04/2026 12:32",https://www.instagram.com/reel/DX7bV-Aq67L/,"Reel do Instagram",,Total,155161,158785,851,22,85,31,0
18093085199182292,17841426429471156,fpf_oficial,"Federação Paulista de Futebol","CHEGOU A HORA! 🏆
Os representantes de Juventus e Ferroviária foram recebidos pelo presidente da FPF, Reinaldo Carneiro Bastos, para o Conselho Técnico da final do Paulistão A2 Rivalo, nesta segunda-feira (4). O encontro alinhou os últimos detalhes para a decisão! 
📷Rodrigo Corsi/ Ag. Paulistão 
#FPF #FutebolPaulista",0,"05/04/2026 11:29",https://www.instagram.com/p/DX7UXiHG0kC/,"Carrossel do Instagram",,Total,12387,5875,278,20,2,9,2
18111353602891230,17841400074692954,paulistao,Paulistão,"EM BUSCA DA TAÇA!🏆
Inter de Bebedouro e Penapolense vão em busca do título do Paulistão A4 Rivalo!
#PaulistãoA4Rivalo",0,"05/04/2026 09:04",https://www.instagram.com/p/DX7Drz1jpEC/,"Imagem do Instagram",,Total,57760,28275,976,234,5,29,19
17969122926022123,17841400074692954,paulistao,Paulistão,"DEFINIDO!
Confira datas e horários das finais do Paulistão A2 Rivalo!
#PaulistãoA2Rivalo #Juventus #Ferroviária",0,"05/04/2026 08:03",https://www.instagram.com/p/DX68Wd1DXhM/,"Imagem do Instagram",,Total,98793,48429,2863,534,8,302,54
17963626863079951,17841400074692954,paulistao,Paulistão,"PARA ENCERRAR A RODADA!
Cinco jogos fecham a terceira rodada do Paulista Sub-23 Segunda Divisão nesse domingo!
#PaulistaSub23SegundaDivisão",0,"05/03/2026 04:00",https://www.instagram.com/p/DX32-nwjqFr/,"Imagem do Instagram",,Total,18231,10899,212,5,0,4,2
18467465926097728,17841405688144679,rivalobrasil,"Rivalo Brasil","O LOBO UIVOU! 🐺

O grito tava preso. Faziam 14 anos que a Inter de Bebedouro tentava dar a glória do acesso para sua apaixonada torcida, mas o Lobo Vermelhou teve que segurar em seu peito o grito de alívio. 😥

Eis que hoje, em um dia de sol no Dia do Trabalho, Caio Vidal pôs fim à essa espera. E recompensou todos os trabalhadores incansáveis que esperaram 14 anos para uivar rumo à glória! 🔥 

Parabéns pelo retorno ao Paulistão Série A3 Rivalo, Inter de Bebedouro! 👊

#Rivalo #NadaGanhaDaEmocao #JogueComResponsabilidade +18",29,"05/01/2026 17:01",https://www.instagram.com/reel/DX0L6_UjCrO/,"Reel do Instagram","Ocorreu um erro ao computar métricas.",-,,,,,,,
18096495967919716,17841405688144679,rivalobrasil,"Rivalo Brasil","RIVALO EM CAMPO NO PAULISTÃO A2 RIVALO! ⚽

Marcamos presença na semifinal entre Votuporanguense x Juventus em um jogo para lá de emocionante!🔥

Teve muita celebração, brindes personalizados, torcedor tentando acertar chute do meio de campo e muito mais! 👏

Confere aí como foi!

#Rivalo #NadaGanhadaEmocao #JoguecomResponsabilidade +18",156,"05/01/2026 17:00",https://www.instagram.com/reel/DX0LwojhJUN/,"Reel do Instagram","Ocorreu um erro ao computar métricas.",-,,,,,,,
18360669793229290,17841405688144679,rivalobrasil,"Rivalo Brasil","APITO FINAL NO FONTE LUMINOSA! 🏆

Ferroviária x Juventus vem aí…e olha, essa final promete emoção! 💥

Agora é pressão lá no talo e zero espaço pra vacilo. Quem leva essa?

#Rivalo #NadaGanhadaEmocao #JoguecomResponsabilidade +18",47,"04/30/2026 19:30",https://www.instagram.com/reel/DXx37J7SoUd/,"Reel do Instagram","Ocorreu um erro ao computar métricas.",-,,,,,,,
18096598157037400,17841405688144679,rivalobrasil,"Rivalo Brasil","ISSO É ELITE! 🏆

A Ferroviária superou o Ituano nas semifinais do Paulistão A2 Rivalo e subiu para o Paulistão Série A1! 🔥

A Rivalo deseja os parabéns para o Ferrão Maquinista! Nada ganhou da emoção que vocês proporcionaram ao campeonato! 👏

#Rivalo #NadaGanhadaEmocao #JoguecomResponsabilidade +18",0,"04/30/2026 17:26",https://www.instagram.com/p/DXxpvxbko9Q/,"Imagem do Instagram","Ocorreu um erro ao computar métricas.",-,,,,,,,
17907393438401677,17841403734375167,sindicatodeatletas,"Sindicato de Atletas SP","🏆 Seleção dos Atletas
Paulistão A4 Rivalo 2026

Confira a seleção do jogo de IDA da SEMIFINAL do Paulistão A4 Rivalo 2026.

⭐ GOL - Estevão (Penapolense)
⭐ ZAG - Sandoval (Inter de Bebedouro)
⭐ ZAG - Henrique (Penapolense)
⭐ ZAG - Gabriel Oliveira (Grêmio São-Carlense)
⭐ VOL - João Gregório (Inter de Bebedouro)
⭐ VOL - Ryan (Penapolense)
⭐ VOL - Natan Índio (Inter de Bebedouro)
⭐ MC - Caiuby (São Caetano)
⭐ MC - Fernando Neto (Grêmio São-Carlense)
⭐ ATA - Luan (Penapolense)
⭐ ATA - Kadu Barone (Inter de Bebedouro)

Aqui, atleta vota em atleta!

#SeleçãodosAtletas #PaulistaoA4 #AtletaVotaemAtleta #SindicatodeAtletasSP #FPF #FutebolInterior

🎯 MKT Digital: @digitalsportspress",0,"04/30/2026 05:39",https://www.instagram.com/p/DXwZG4KFEXN/,"Imagem do Instagram","Ocorreu um erro ao computar métricas.",-,,,,,,,
17887983123472631,17841405688144679,rivalobrasil,"Rivalo Brasil","JUVENTUS NO PAULISTÃO A1 2027! 🏆

Dezenove anos. Foram quase duas décadas de espera, de lutas em campos distantes, de dias e noites de sol e chuva, mas sem nunca soltar a mão da nossa essência. O Moleque Travesso não só voltou, ele renasceu! 🍷

A tradição não morre, ela se fortalece na espera. O Juventus está de volta à elite, o lugar de onde nunca deveria ter saído! 👏

A Javari vai tremer, porque no final das contas, Nada Ganha da Emoção de ver o grená no topo novamente! 👊🏠

#Rivalo #NadaGanhadaEmocao #JoguecomResponsabilidade +18",32,"04/29/2026 11:27",https://www.instagram.com/reel/DXucCAdycVY/,"Reel do Instagram","Ocorreu um erro ao computar métricas.",-,,,,,,,
18137285959525068,17841405688144679,rivalobrasil,"Rivalo Brasil","ISSO É ELITE! 🏆

O Juventus superou o Votuporanguense nas semifinais do Paulistão A2 Rivalo e subiu para o Paulistão Série A1 depois de 18 anos! 🔥

A Rivalo deseja os parabéns para o Moleque Travesso! Nada ganhou da emoção que vocês proporcionaram ao campeonato! 👏

#Rivalo #NadaGanhadaEmocao #JoguecomResponsabilidade +18",0,"04/28/2026 18:03",https://www.instagram.com/p/DXskb2WDOf9/,"Imagem do Instagram","Ocorreu um erro ao computar métricas.",-,,,,,,,
18179116675389726,17841405688144679,rivalobrasil,"Rivalo Brasil","CHEGOU A HORA DE DECISÃO NO PAULISTÃO A2 RIVALO! 🔥

4 times, 2 vagas para subir. E aí, quem vai vencer as batalhas finais e chegar à glória? 🤔

As melhores odds da competição estão na Rivalo, então corre pro site! 💨

#Rivalo #NadaGanhadaEmocao #JoguecomResponsabilidade +18",0,"04/27/2026 12:09",https://www.instagram.com/p/DXpXX8hFl5K/,"Carrossel do Instagram","Ocorreu um erro ao computar métricas.",-,,,,,,,
17859236094632173,17841454473375442,ulissescostatv,"ULISSES TV","A @briosaoficial É CAMPEÃ DO PAULISTÃO A3! 🔴🟢

Com muita garra, a Portuguesa Santista vence o Marília, por 2 a 0, e com o gols de Yohan Marcellus e Caxito, fica com a taça do Paulistão A3.

🎙️ @ulissescostanarrador 

#portuguesasantista #briosa #paulistão #campeonatopaulista #ulissestv",67,"04/27/2026 09:21",https://www.instagram.com/reel/DXpD61Tj0M7/,"Reel do Instagram","Ocorreu um erro ao computar métricas.",-,,,,,,,
17885709339522457,17841405688144679,rivalobrasil,"Rivalo Brasil","O momento de maior êxtase! 🥳

Veja a comemoração dos jogadores e comissão técnica da @briosaoficial, a campeã do Paulistão Série A3 Rivalo! 🏆

Definitivamente, nada ganhou da emoção que vocês proporcionaram ao espetáculo que foi esse torneio! ❤️💚

#Rivalo #NadaGanhadaEmocao #JoguecomResponsabilidade +18",23,"04/27/2026 08:19",https://www.instagram.com/reel/DXo89vHCJbU/,"Reel do Instagram","Ocorreu um erro ao computar métricas.",-,,,,,,,
17954303663961670,17841405688144679,rivalobrasil,"Rivalo Brasil","Literalmente para os braços do povo! 🤗

Caxito fechou, com chave de ouro, o placar que deu o título do Paulistão Série A3 Rivalo para a @briosaoficial. Ele voou tão alto que encostou no seu povo. O povo da Briosa, que volta para a Série A2 depois de dois anos, que lhe recebeu de braços abertos. Nem mesmo o alambrado aguentou tamanha emoção! 🇵🇹❤️ 

#Rivalo
#NadaGanhaDaEmocao
#JogueComResponsabilidade
+18",30,"04/26/2026 15:27",https://www.instagram.com/reel/DXnHBQrknGr/,"Reel do Instagram","Ocorreu um erro ao computar métricas.",-,,,,,,,
18017306156834796,17841405688144679,rivalobrasil,"Rivalo Brasil","É CAMPEÃO! 🏆

Depois de 2 anos longe da A2, a Portuguesa Santista é a campeã inédita do Paulistão A3 Rivalo! 👏

A Rivalo Brasil deseja parabéns pela conquista da Briosa! Nada ganhou da emoção de vocês! 🔥

#Rivalo
#NadaGanhaDaEmocao
#JogueComResponsabilidade
+ 18",0,"04/26/2026 08:05",https://www.instagram.com/p/DXmWoTWG84e/,"Imagem do Instagram","Ocorreu um erro ao computar métricas.",-,,,,,,,
17931415188070500,17841405688144679,rivalobrasil,"Rivalo Brasil","O êxtase do apito final! 🔥

Confira como foi, sob as lentes da Rivalo, o momento em que o juiz apitou o fim de jogo e a Briosa voltou para o Paulistão A2 Rivalo! 👏

Amanhã tem a grande final do Paulistão Série A3 Rivalo, hein... ⏳

#Rivalo #NadaGanhadaEmocao #JoguecomResponsabilidade +18",25,"04/21/2026 08:00",https://www.instagram.com/reel/DXZeC2SB3FJ/,"Reel do Instagram","Ocorreu um erro ao computar métricas.",-,,,,,,,
18140759410501659,17841405688144679,rivalobrasil,"Rivalo Brasil","SÓ PORRADÃO DO TIGRE! 🐯

Confira nas lentes da Rivalo o replay e os detalhes do gol marcado por Willian Bigode, que empatou o jogo contra o XV de Jaú e iniciou a virada da partida do acesso do Marília para o Paulistão A2 Rivalo 2027! ⚽

#Rivalo #NadaGanhadaEmocao #JoguecomResponsabilidade +18",44,"04/20/2026 15:00",https://www.instagram.com/reel/DXXUtxUhsSn/,"Reel do Instagram","Ocorreu um erro ao computar métricas.",-,,,,,,,
18006964619714583,17841405688144679,rivalobrasil,"Rivalo Brasil","Tá quase na hora de saber quem é que sobe de divisão e quem é que vai continuar na mesma. O momento é importante. Decisivo. E a Rivalo perguntou para os jogadores do Paulistão A2, A3 e A4: qual promessa você vai fazer se o seu time subir?

Mas atenção, hein? Prometeu tem que cumprir. E a gente vai cobrar! 😅

#Rivalo #NadaGanhadaEmocao #JoguecomResponsabilidade +18",94,"04/20/2026 12:22",https://www.instagram.com/reel/DXXXC1QElbJ/,"Reel do Instagram","Ocorreu um erro ao computar métricas.",-,,,,,,,
18037326701790497,17841426429471156,fpf_oficial,"Federação Paulista de Futebol","O CAMPEÃO VEM AÍ! 
O último Conselho Técnico do Paulistão A3 Rivalo 2026 foi realizado nesta segunda-feira (20), no Edifício Pelé. Sob condução do presidente da FPF, Reinaldo Carneiro Bastos, foram definidos, com os clubes finalistas, datas, horários e detalhes das finais. 
#FPF #FutebolPaulista
📷 Rodrigo Corsi / Ag. Paulistão",0,"04/20/2026 09:55",https://www.instagram.com/p/DXXGZVOkdPy/,"Carrossel do Instagram",,Total,54046,20849,1188,12,7,30,5
18049692887725372,17841467312227297,fpfacademia,"FPF Academia","ENTRAMOS NA TREND🤳
Além dos encontros presenciais na FPF, você sabia que temos vários cursos, que contam com aulas imersivas em clubes de futebol do estado de São Paulo?

🔗Confira nosso portfólio completo através do link na bio!

.
.
.

📷Rodrigo Corsi, Diego Soares, Jhony Inácio, Fernanda Luz e Ronaldo Barreto

#FPFAcademia #FPF #Cursos #Trend #NoGoogle",0,"05/02/2026 08:00",https://www.instagram.com/p/DX1t3N4jkSn/,"Carrossel do Instagram",,Total,42141,15660,857,37,3,9,0
17907691041224368,17841400074692954,paulistao,Paulistão,"ÚLTIMO PASSO!
Chegou o dia de conhecer o segundo finalista do Paulistão A4 Rivalo! São Caetano e Penapolense medem forças pelo acesso e um lugar na decisão!
#PaulistãoA4Rivalo",0,"05/02/2026 05:16",https://www.instagram.com/p/DX1gFXvDSM3/,"Imagem do Instagram",,Total,54774,30213,853,55,5,37,7
18100311406833982,17841400074692954,paulistao,Paulistão,"JÁ LIGA NO YOUTUBE DO PAULISTÃO AÍ!
Hoje a tarde é cheia de jogos do Paulista Sub-23 Segunda Divisão!
#PaulistaSub23SegundaDivisão",0,"05/02/2026 04:00",https://www.instagram.com/p/DX1SLtkDhNv/,"Imagem do Instagram",,Total,21202,11770,223,9,2,1,0
17910264552391301,17841426429471156,fpf_oficial,"Federação Paulista de Futebol","PARABÉNS, FES!🥳🎉
A Federação de Futebol do Estado do Espírito Santo comemora 109 anos de história!
#Aniversário",0,"05/02/2026 03:00",https://www.instagram.com/p/DX1LSJ3DocM/,"Imagem do Instagram",,Total,1975,1168,17,0,0,0,0
18103163608957779,17841400074692954,paulistao,Paulistão,"SEXTOU COM ACESSO!
Bebedouro vai ficar pequena pra comemoração da vaga da Inter!
#PaulistãoA4Rivalo 
📷Célio Messias/Ag. Paulistão",0,"05/01/2026 14:43",https://www.instagram.com/p/DXz8JFijFEl/,"Carrossel do Instagram",,Total,175305,78488,3777,112,9,28,19
18150039157426576,17841400074692954,paulistao,Paulistão,"UM EMPATE PARA A HISTÓRIA!
Com um golaço de Caio Vidal, Inter de Bebedouro busca a igualdade contra o Grêmio São-Carlense e carimba o acesso!
#PaulistãoA4Rivalo 
📷Célio Messias/Ag. Paulistão",0,"05/01/2026 14:16",https://www.instagram.com/p/DXz4_tVDV0S/,"Carrossel do Instagram",,Total,70275,32169,1788,40,3,16,11
18090347413998012,17841400074692954,paulistao,Paulistão,"VAI COM RAÇA, LOBO!
Inter! Inter! Inter! A Inter de Bebedouro conquista o acesso e é finalista do Paulistão A4 Rivalo 2026!
#PaulistãoA4Rivalo",0,"05/01/2026 13:58",https://www.instagram.com/p/DXz3BYFgGZn/,"Imagem do Instagram",,Total,132492,59332,2410,509,31,31,13
18088687877205154,17841400074692954,paulistao,Paulistão,"SÓ UM VAI CHEGAR NO TOPO! 🔥
Inter de Bebedouro e Grêmio São-Carlense decidem o acesso e a vaga na final do #PaulistãoA4Rivalo!",0,"05/01/2026 09:33",https://www.instagram.com/p/DXzYonvEnsH/,"Imagem do Instagram",,Total,28468,15592,426,10,1,2,3
18098735051094459,17841454473375442,ulissescostatv,"ULISSES TV","DIA DE DECISÃO EM BEBEDOURO! 🔥

A bola vai rolar para o jogo de volta da semifinal do Paulistão A4! ⚽

No primeiro confronto, a Inter de Bebedouro abriu vantagem e venceu por 3 a 1 💪🔴

Agora, diante da sua torcida e com promessa de casa cheia 🏟️, está a um passo do acesso!

Mas do outro lado tem um São-Carlense que nunca desiste 🐺🔵🔴 e vem com tudo em busca da virada histórica.

⏰ HOJE, ÀS 16H
📍 Estádio Sócrates Stamato
🎯 Vale vaga no Paulistão A3 2027!

📺 Transmissão ao vivo pela Ulisses TV
🎙️ Narração: @narraito 
🧠 Comentários: @luizademarjr 
🎤 Reportagens: @brunopuzzovio 

Vem com a gente para acompanhar cada emoção desse duelo decisivo! 🔥

#PaulistaoA4 #InterDeBebedouro #SaoCarlense #paulistao #ulissestv",0,"05/01/2026 08:22",https://www.instagram.com/p/DXzQZVKEVny/,"Imagem do Instagram",,Total,28807,17584,379,9,5,3,0
18461693230104555,17841467312227297,fpfacademia,"FPF Academia","MAIO CHEGOU 🤩
Com 7 eventos diferentes e aulas em 3 cidades, o quinto mês do ano será de muito trabalho na @fpfacademia 😅 Se liga no que vai acontecer por aqui 🗓️

.
.
.

#FPFAcademia #Calendário #Maio #Cursos #FPF",0,"05/01/2026 06:00",https://www.instagram.com/p/DXy7R4ckqzv/,"Carrossel do Instagram",,Total,5880,2107,74,2,1,1,0
17914496934366916,17841400074692954,paulistao,Paulistão,"HORA DE DEFINIR QUEM VAI SUBIR! #PaulistãoA4Rivalo",0,"05/01/2026 04:00",https://www.instagram.com/p/DXyt9rpEhZ6/,"Imagem do Instagram",,Total,18203,10022,394,17,0,5,7
17868097443529155,17841400074692954,paulistao,Paulistão,"TERCEIRA RODADA NA ÁREA!
Se liga nos horários e transmissões da terceira rodada do Paulista Sub-23 Segunda Divisão!
#PaulistaSub23SegundaDivisão",0,"05/01/2026 03:00",https://www.instagram.com/p/DXymf4wFvez/,"Imagem do Instagram",,Total,30050,17620,345,34,2,4,5
18134784916480764,17841400074692954,paulistao,Paulistão,"A EMOÇÃO PÓS APITO FINAL! 🥹
Pode comemorar, @afeoficial, bem vinda ao Paulistão 2027! 
#PaulistãoA2Rivalo #Ferroviária",40,"04/30/2026 18:53",https://www.instagram.com/reel/DXxzx12sXGR/,"Reel do Instagram",,Total,62044,41508,2827,183,24,53,35
17987314304975888,17841400074692954,paulistao,Paulistão,"@d_junior1 defendendo a vaga da Ferroviária na elite do Futebol Paulista!
#PaulistãoA2Rivalo",23,"04/30/2026 18:00",https://www.instagram.com/reel/DXxtuchj8v-/,"Reel do Instagram",,Total,81755,50620,2388,237,12,79,32
18424362643192499,17841400074692954,paulistao,Paulistão,"Dênis Júnior defendeu uma cobrança de pênalti no final do jogo e foi eleito o craque do jogo!
#PaulistãoA2Rivalo #CraqueDoJogo
📷Douglas Moreti/Ag.Paulistão",0,"04/30/2026 17:26",https://www.instagram.com/p/DXxqA7rjcOm/,"Imagem do Instagram",,Total,17166,9975,546,12,0,32,2
18078413618555795,17841400074692954,paulistao,Paulistão,"A LOCOMOTIVA ESTÁ DE VOLTA! 🚂🔥
A Ferroviária conseguiu o acesso e vai jogar o Paulistão em 2027!
#PaulistãoA2Rivalo",10,"04/30/2026 17:03",https://www.instagram.com/reel/DXxnV87skXa/,"Reel do Instagram",,Total,44949,30460,1493,204,5,24,14
18098944739012700,17841400074692954,paulistao,Paulistão,"FINAL GRENÁ NO PAULISTÃO A2 RIVALO! 
Ferroviária e Juventus vão decidir quem fica com o título do #PaulistãoA2Rivalo!",0,"04/30/2026 17:02",https://www.instagram.com/p/DXxnHjLkttT/,"Imagem do Instagram",,Total,183564,94617,8485,343,22,129,88
18079634378388106,17841400074692954,paulistao,Paulistão,"EMPATE EM ARARAQUARA, ACESSO GRENÁ!
Ferroviária e Ituano empatam na semifinal do #PaulistãoA2Rivalo, mas a Locomotiva conquista o acesso e a vaga na final pela vantagem no jogo de ida!
📷Douglas Moreti/Ag.Paulistão",0,"04/30/2026 17:01",https://www.instagram.com/p/DXxnB2rmrfJ/,"Imagem do Instagram",,Total,50765,26832,1640,47,4,40,14
18391320508084886,17841400074692954,paulistao,Paulistão,"TUDO IGUAL NO PLACAR!
Intervalo de jogo na semifinal do #PaulistãoA2Rivalo e a Ferroviária vai conquistando o acesso pela vantagem no jogo de ida!
📷Douglas Moreti/Ag.Paulistão",0,"04/30/2026 15:52",https://www.instagram.com/p/DXxfMU_lVbh/,"Imagem do Instagram",,Total,19686,11400,274,3,0,3,2
18092889847933867,17841400074692954,paulistao,Paulistão,"TODOS OS CAMINHOS LEVAM À FONTE LUMINOSA! 🏟️🔥
Quase tudo pronto para o confronto que vai definir o segundo finalista do #PaulistãoA2Rivalo. Quem será que vai se juntar ao Juventus na elite do Futebol Paulista?
📷Douglas Moreti/Ag.Paulistão",0,"04/30/2026 13:09",https://www.instagram.com/p/DXxMfgdlCyQ/,"Carrossel do Instagram",,Total,20635,7997,341,6,0,1,3
18130265080565571,17841403411057964,unisaoficial,"Universidade Santo Amaro - Unisa","No futebol e na educação, tudo começa com preparação. 

Antes de qualquer decisão, existe estudo, treino e responsabilidade. Dentro de campo, o árbitro orienta, aplica regras e mantém o equilíbrio do jogo. Fora dele, a formação cumpre esse mesmo papel: preparar pessoas para fazer escolhas com consciência. 

Porque crescer também é aprender com cada decisão — dentro e fora do campo. 

Unisa e Federação Paulista de Futebol: Formando pessoas para ir além do jogo.",31,"04/30/2026 10:59",https://www.instagram.com/reel/DXw9NhgFF7d/,"Reel do Instagram",,Total,9938,6460,340,41,24,8,0
18007282598717911,17841403734375167,sindicatodeatletas,"Sindicato de Atletas SP","🏆 Seleção dos Atletas
Paulistão A2 Rivalo 2026

Confira a SELEÇÃO DOS ATLETAS do jogo de IDA da SEMIFINAL do Paulistão A2 Rivalo 2026.

⭐️ GOL - Denis Júnior (Ferroviária)
⭐️ ZAG – Mancini (Ituano)
⭐️ ZAG – Zé Vitor (Ferroviária)
⭐️ ZAG – Thomás Kayck (Juventus)
⭐️ VOL - Ricardo (Ferroviária)
⭐️ VOL - Ferreira (Juventus)
⭐️ MD – Marcos Nunes (Votuporanguense)
⭐️ MC – Rodolfo (Votuporanguense
⭐️ ME - Elkin Muñoz (Juventus)
⭐️ ATA – Romário (Juventus)
⭐️ ATA – Denilson (Ferroviária)

Aqui, atleta vota em atleta!

#SeleçãodosAtletas #PaulistaoA2 #AtletaVotaemAtleta #SindicatodeAtletasSP #FPF #FutebolInterior

🎯 MKT Digital: @digitalsportspress",0,"04/30/2026 09:58",https://www.instagram.com/p/DXw2uIJDc2g/,"Imagem do Instagram",,Total,23175,12299,267,20,3,0,0
17963464056104338,17841467312227297,fpfacademia,"FPF Academia","APROVADO PELOS ALUNOS✅
O Master FPF chega à sua 6ª edição, e os ex-alunos vieram compartilhar a experiência que tiveram durante o curso 🏆

E você está esperando o que? Clique no link da bio e se inscreva🔗

.
.
.

#FPFAcademia #MasterFPF #Curso #Gestão #FPF",92,"04/30/2026 09:00",https://www.instagram.com/reel/DXwrcfZEZs-/,"Reel do Instagram",,Total,6047,4211,89,4,3,1,0
18062925707404516,17841429857362439,paulistaof,"Paulistão F","O Paulistão Feminino agora é PAULISTÃO F! 
💜⚽️🏆",0,"04/30/2026 07:46",https://www.instagram.com/p/DXwnhNajuPZ/,"Imagem do Instagram",,Total,20202,10801,559,16,13,10,12
18176933959358794,17841400074692954,paulistao,Paulistão,"AGORA É DECISÃO!⁣
Ferroviária e Ituano vão em busca da vaga para a final e do acesso. Quem vai levar a melhor?⁣
#PaulistãoA2Rivalo",0,"04/30/2026 04:00",https://www.instagram.com/p/DXwNs_3FN4u/,"Imagem do Instagram",,Total,18090,10363,365,26,0,9,3
18133647211549335,17841467312227297,fpfacademia,"FPF Academia","PSICOLOGIA E COMUNICAÇÃO🧠🗣️
Os alunos do Curso Gestão de Categorias de Base comentaram um pouco sobre como está sendo o aprendizado durante o programa📚 Confere ai🤩

.
.
.

#FPFAcademia #Curso #Gestão #Psicologia #FPF",84,"04/29/2026 16:57",https://www.instagram.com/reel/DXvBrwbsyoG/,"Reel do Instagram",,Total,2786,2033,65,1,0,3,0
17873138118599517,17841467312227297,fpfacademia,"FPF Academia","SEMANA CONCLUÍDA📚
Nesta quarta-feira (29), aconteceu o 6º encontro presencial do Curso Gestão de Categorias de Base, no Edifício Pelé, sede da @fpf_oficial. Tendo aulas sobre Psicologia Esportiva e Comunicação Assertiva🧠

O próximo encontro presencial será no dia 25 de maio🗓️

.
.
.

📷Diego Soares/Ag. Paulistão 

#FPFAcademia #Curso #Gestão #CategoriasDeBase #FPF",0,"04/29/2026 14:19",https://www.instagram.com/p/DXuvvjAmfbc/,"Carrossel do Instagram",,Total,11687,6599,139,19,5,4,0
18440244883140305,17841405688144679,rivalobrasil,"Rivalo Brasil","ATIVAÇÃO DA RIVALO NA FONTE LUMINOSA! 🏆

Nesta quinta-feira, às 19h, Ferroviária e Ituano se enfrentam para definir quem irá subir para a elite e disputar a final do Paulistão A2 Rivalo 2026! 👀

Para esquentar o clima, a Rivalo terá uma tenda inflável para promover uma ativação na frente da Arena Fonte Luminosa com direito a muitos brindes para a torcida, como camisetas, bonés, chapéus, copos, tirantes e sacochilas! 🎁

Então, torcedor, você já sabe: chegue a partir das 17h30 e procure pelo estande da Rivalo para fazer o seu jogo inesquecível e mais emocionante! 🔥

#Rivalo #NadaGanhadaEmocao #JoguecomResponsabilidade +18",0,"04/29/2026 14:00",https://www.instagram.com/p/DXutpwplk67/,"Imagem do Instagram",,Total,5971,3770,25,4,0,3,0
18447496321116272,17841400074692954,paulistao,Paulistão,"O HOMEM DO JOGO!⁣
O Elkin Muñoz jogou demais e levou o troféu de Craque do Jogo Rivalo para casa!⁣
#CraqueDoJogo #PaulistãoA2Rivalo⁣
📷 Pedro Zacchi/Ag. Paulistão",0,"04/28/2026 18:49",https://www.instagram.com/p/DXspy2kDQar/,"Imagem do Instagram",,Total,36156,19835,790,22,2,27,3
18108519616705097,17841400074692954,paulistao,Paulistão,"A FESTA DO JUVE!⁣
Com a vitória no jogo de ida, o @juventussaf é o primeiro finalista do #PaulistãoA2Rivalo.⁣
📷 Pedro Zacchi/Ag. Paulistão",0,"04/28/2026 18:43",https://www.instagram.com/p/DXspPdJjfIb/,"Imagem do Instagram",,Total,47398,25707,1745,69,0,20,17
17917992003348254,17841405688144679,rivalobrasil,"Rivalo Brasil","Depois de 19 anos, o @juventussaf está de volta para o Paulistão A1! 💪

Confira a festa dos jogadores com a torcida direto do gramado sob as lentes da Rivalo! 📸",24,"04/28/2026 18:24",https://www.instagram.com/reel/DXsmzHks-Sw/,"Reel do Instagram",,Total,29993,21278,1995,110,19,34,0
17922618555335729,17841400074692954,paulistao,Paulistão,"MOLEQUE TRAVESSO DE VOLTA!
O @juventussaf garante a vaga na final e na elite paulista em 2027 🔥
#PaulistãoA2Rivalo",10,"04/28/2026 18:06",https://www.instagram.com/reel/DXskxiSjNlh/,"Reel do Instagram",,Total,142143,86576,4861,995,22,108,75
18104614783742261,17841467312227297,fpfacademia,"FPF Academia","5º ENCONTRO PRESENCIAL✅
Dando continuidade na semana presencial do Curso Gestão de Categorias de Base da @fpfacademia, no Edifício Pelé, sede da @fpf_oficial. Nesta terça-feira (28), a turma acompanhou palestras sobre registro e transferência de atletas, certificado de clube formador e casos jurídicos na formação de base💼⚽️

.
.
.

📷Rodrigo Corsi e Diego Soares/Ag. Paulistão 

#FPFAcademia #Curso #Gestão #CategoriasDeBase #FPF",0,"04/28/2026 14:35",https://www.instagram.com/p/DXsM1emmeGq/,"Carrossel do Instagram",,Total,6822,3168,153,14,1,4,0
18097900637018335,17841400074692954,paulistao,Paulistão,"EMOÇÃO NÃO VAI FALTAR!⁣
Torcida na área, estádio pronto. Já já tem semifinal de Paulistão A2 Rivalo por aqui 🤩⁣
#PaulistãoA2Rivalo #Votuporanguense #Juventus⁣
📷 Pedro Zacchi/Ag. Paulistão",0,"04/28/2026 14:26",https://www.instagram.com/p/DXsLxomEyn9/,"Carrossel do Instagram",,Total,39552,16603,575,8,1,13,6
18133714018526624,17841454473375442,ulissescostatv,"ULISSES TV","CHEGOU O GRANDE DIA! 🔥

Hoje é noite de decisão na @ulissescostatv! Vale o acesso para o Paulistão A1 de 2027! 🏆⚽

@votuporanguenseoficial e @juventussaf se enfrentam na Arena Plínio Marin, em Votuporanga, às 20h. No jogo de ida, o Juventus venceu por 2 a 1, mas o Votuporanguense, dono da melhor campanha, sobe com uma vitória simples por 1 a 0! 

A bola rola à noite, mas a cobertura começa antes! Acompanhe com a gente a partir das 19h20, com pré-jogo especial, trazendo toda a expectativa desse confronto decisivo! 🎙️

Narração de @ulissescostanarrador, comentários de @luizademarjr e reportagem direto do gramado com @vitor_revez! 📡

Não perca esse jogaço!

#votuporanguense #juventus #paulistao #FutebolPaulista #ulissestv",0,"04/28/2026 11:50",https://www.instagram.com/p/DXr5rd7jrJH/,"Imagem do Instagram",,Total,18982,11109,272,17,8,18,0
18403163590196335,17841400074692954,paulistao,Paulistão,"QUEM É QUE SOBE? 👀⁣
Votuporanguense e Juventus decidem o primeiro finalista e o primeiro clube a conquistar o acesso à elite paulista em 2027. ⁣
#PaulistãoA2Rivalo",0,"04/28/2026 04:00",https://www.instagram.com/p/DXrEHcxlGdQ/,"Imagem do Instagram",,Total,57418,32232,1723,160,9,92,18
18112572163631526,17841426429471156,fpf_oficial,"Federação Paulista de Futebol","FELIZ ANIVERSÁRIO, MONTE AZUL!⁣
O Azulão completa 106 anos de tradição!🎉🥳⁣
#FutebolPaulista #Aniversário",0,"04/28/2026 03:30",https://www.instagram.com/p/DXrArWYlKsF/,"Imagem do Instagram",,Total,5988,3860,66,34,2,6,1
18101281990802107,17841426429471156,fpf_oficial,"Federação Paulista de Futebol","PARABÉNS! ⁣
O Amparo comemora 107 anos de história nesta terça-feira (28)!⁣
#FutebolPaulista #Aniversário",0,"04/28/2026 03:00",https://www.instagram.com/p/DXq9PvhlEj5/,"Imagem do Instagram",,Total,16169,9619,141,48,4,5,0
17973252846033444,17841426429471156,fpf_oficial,"Federação Paulista de Futebol","Reinaldo Carneiro Bastos, presidente da Federação Paulista de Futebol, celebrou os  melhores do Paulistão A3 Rivalo 2026 na noite dessa segunda-feira (27), em Campinas. O evento realizado em parceria com o Sindicato dos Atletas e o Futebol Interior premiou os atletas, equipes de arbitragem e treinadores da competição. #FPF #FutebolPaulista 
📷 Rodrigo Corsi/ Ag. Paulistão",0,"04/27/2026 20:02",https://www.instagram.com/p/DXqNceNjXKw/,"Carrossel do Instagram",,Total,6599,2670,188,4,0,1,0
18409282492179821,17841426429471156,fpf_oficial,"Federação Paulista de Futebol","OS MELHORES DA TEMPORADA! 🏆
O presidente da FPF, Reinaldo Carneiro Bastos, marcou presença na premiação do Paulistão A3 Rivalo, na noite desta segunda-feira (27). O evento celebrou os destaques da temporada! #FPF #FutebolPaulista",67,"04/27/2026 19:59",https://www.instagram.com/reel/DXqMoHcjRA5/,"Reel do Instagram",,Total,5088,3690,121,5,0,3,0
18201760513342550,17841400074692954,paulistao,Paulistão,"ELE É O CARA!
Yohan Marcellus foi eleito o Craque do #PaulistãoA3Rivalo!",0,"04/27/2026 17:51",https://www.instagram.com/p/DXp-UwRjH6f/,"Imagem do Instagram",,Total,43475,24153,1069,55,4,36,3
17946148305011287,17841400074692954,paulistao,Paulistão,"O MENINO TEM FUTURO!
Dedé foi eleito a Revelação Sil do #PaulistãoA3Rivalo!",0,"04/27/2026 17:49",https://www.instagram.com/p/DXp-H0OjFYw/,"Imagem do Instagram",,Total,57093,26711,1480,82,8,68,8
18093428420182774,17841400074692954,paulistao,Paulistão,"NINGUÉM BROCOU MAIS QUE ELE!
Lucas Lima foi o artilheiro do #PaulistãoA3Rivalo!",0,"04/27/2026 17:48",https://www.instagram.com/p/DXp-At9jOIx/,"Imagem do Instagram",,Total,30560,15992,628,19,1,22,1
18386384371088630,17841400074692954,paulistao,Paulistão,"TIME DE ARBITRAGEM! 
Confira os melhores do time de arbitragem do #PaulistãoA3Rivalo",0,"04/27/2026 17:47",https://www.instagram.com/p/DXp99i9DKGe/,"Carrossel do Instagram",,Total,41118,17881,448,58,0,9,3
17878198233437967,17841400074692954,paulistao,Paulistão,"O ONZE IDEAL!
Confira a seleção completa do #PaulistãoA3Rivalo!",0,"04/27/2026 17:35",https://www.instagram.com/p/DXp8mJ_jO9R/,"Imagem do Instagram",,Total,70120,34860,1376,125,1,55,10
18079594931407682,17841400074692954,paulistao,Paulistão,"É O MISTER DA BRIOSA!
Sérgio Guedes foi eleito o melhor treinador do #PaulistãoA3Rivalo",0,"04/27/2026 17:34",https://www.instagram.com/p/DXp8bxzDCdH/,"Imagem do Instagram",,Total,49171,27766,1502,50,3,63,7
18079676036150771,17841400074692954,paulistao,Paulistão,"DUPLA GOLEADORA!
Marcos Papa e Lucas Lima comandam o ataque da seleção do #PaulistãoA3Rivalo",0,"04/27/2026 17:32",https://www.instagram.com/p/DXp8ThRDEnN/,"Carrossel do Instagram",,Total,21932,10445,189,22,0,5,0
17997336779764882,17841400074692954,paulistao,Paulistão,"O QUARTETO DA MEIUCA!
Otávio, Carlos Alberto, Rifle e Yohan Marcellus comandam o meio-campo da seleção do
#PaulistãoA3Rivalo.",0,"04/27/2026 17:29",https://www.instagram.com/p/DXp77H5DMtV/,"Carrossel do Instagram",,Total,61556,30005,608,42,1,8,4
18117885613677647,17841400074692954,paulistao,Paulistão,"É DIFÍCIL DE PASSAR DELES!
Wagner Coradin, Maninho, Douglas Alemão, Felipe Codô e Bryan comandam a linha de defesa da seleção do #PaulistãoA3Rivalo.",0,"04/27/2026 17:22",https://www.instagram.com/p/DXp7M96jNPg/,"Carrossel do Instagram",,Total,69421,31436,707,112,5,30,5
18120430660573838,17841467312227297,fpfacademia,"FPF Academia","SAÚDE E PERFOMANCE🩺💪
Daniel Gonçalves, coordenador científico do núcleo de saúde e perfomance no @palmeiras, passou um pouco da sua vasta experiência na área para os alunos do Curso Gestão de Categorias de Base📚💎

.
.
.

#FPFAcademia #FPF #Curso #Gestão #GestãodeBase",63,"04/27/2026 15:33",https://www.instagram.com/reel/DXpuAgqCmj5/,"Reel do Instagram",,Total,8007,5820,220,6,1,17,0
18054793943711756,17841467312227297,fpfacademia,"FPF Academia","2ª SEMANA DE ENCONTRO PRESENCIAL💬
Nesta segunda-feira (27), o Edifício Pelé, sede da @fpf_oficial, recebeu mais um encontro do Curso de Gestão de Categorias de Base da @fpfacademia. Os alunos e alunas participaram de palestras com Maurício Marques, consultor e instrutor da FIFA/CONMEBOL, e Daniel Gonçalves, coordenador científico do Núcleo de Saúde e Performance da SE Palmeiras 💎

.
.
.

📷Diego Soares/Ag. Paulistão 

#FPFAcademia #FPF #Curso #GestãodeBase",0,"04/27/2026 14:13",https://www.instagram.com/p/DXplhZgGS_j/,"Carrossel do Instagram",,Total,9289,4597,125,36,1,3,0
17969381049022516,17841400074692954,paulistao,Paulistão,"LEMBRA DO SEU TIME NA ELITE, TORCEDOR?⁣
Vem ver qual foi a última vez que os semifinalistas do Paulistão A2 Rivalo jogaram na primeira divisão do estado!⁣
#PaulistãoA2Rivalo",0,"04/27/2026 13:07",https://www.instagram.com/p/DXpd7a4E24-/,"Imagem do Instagram",,Total,65745,32441,1972,39,1,30,27
18446853904112140,17841454473375442,ulissescostatv,"ULISSES TV","AMANHÃ TEM DECISÃO NA @ulissescostatv! 🏆

Às 20h, @votuporanguenseoficial e @juventussaf se enfrentam na Arena Dr. Plínio Marin, pelo jogo de volta da semifinal do Paulistão A2.

⤵️ Diz aí, qual é o seu palpite?

#votuporanguense #juventus #paulistao #ulissestv",0,"04/27/2026 12:39",https://www.instagram.com/p/DXpaY3jj_NT/,"Imagem do Instagram",,Total,41957,22373,1084,63,49,55,0
18399164164156067,17841400074692954,paulistao,Paulistão,"HORA DE PREMIAR OS MELHORES DA A3!⁣
Chega com a gente no YouTube do Paulistão para saber quem foram os destaques do Paulistão A3 Rivalo!⁣
#PaulistãoA3Rivalo #Premiação",0,"04/27/2026 11:32",https://www.instagram.com/p/DXpTAjBE7Oe/,"Imagem do Instagram",,Total,38478,19994,291,32,1,0,5
18069099065325309,17841400074692954,paulistao,Paulistão,"HORA DE DEFINIR QUEM VAI SUBIR! 🔥 #PaulistãoA2Rivalo",0,"04/27/2026 05:00",https://www.instagram.com/p/DXohDMfEqoX/,"Imagem do Instagram",,Total,22824,13170,467,21,0,6,5
18588343372017723,17841426429471156,fpf_oficial,"Federação Paulista de Futebol","O presidente da FPF, Reinaldo Carneiro Bastos, marcou presença na final do Paulistão A3 Rivalo, neste domingo (26), no estádio Ulrico Murça, acompanhado de sua comitiva.
A decisão também contou com a participação de Daniel Eskinazi, diretor geral da Rivalo Brasil, que falou sobre a parceria com o futebol paulista. 
#FPF #FutebolPaulista",90,"04/26/2026 14:04",https://www.instagram.com/reel/DXm_m8GCf6z/,"Reel do Instagram",,Total,2909,2041,112,2,0,3,2
18086733401358395,17841426429471156,fpf_oficial,"Federação Paulista de Futebol","GRANDE FINAL! 🏆
Reinaldo Carneiro Bastos, presidente da FPF, esteve na final do Paulistão A3 Rivalo, entre Portuguesa Santista e Marília, na manhã deste domingo (26), no estádio Ulrico Murça, acompanhado do vice-presidente, Mauro Silva, do vice-presidente, Fernando Solleiro, e demais autoridades. A Portuguesa Santista se consagrou a grande campeã da edição! #FPF #FutebolPaulistado
📷Rodrigo Corsi/ Ag. Paulistão",0,"04/26/2026 12:12",https://www.instagram.com/p/DXmy1vMCT2L/,"Carrossel do Instagram",,Total,10116,4714,359,3,0,2,1
18097935404116410,17841400074692954,paulistao,Paulistão,"O POV dos campeões do Paulistão A3 Rivalo! 🏆🤩 #FutebolPaulista #PaulistãoA3Rivalo",136,"04/26/2026 10:18",https://www.instagram.com/reel/DXmlmhRkWys/,"Reel do Instagram",,Total,123997,79508,4829,85,15,38,48
18116784091680345,17841400074692954,paulistao,Paulistão,"AS IMAGENS DO TÍTULO!
A Portuguesa Santista é a grande campeã do Paulistão A3 Rivalo 2026!
#PaulistãoA3Rivalo",26,"04/26/2026 09:56",https://www.instagram.com/reel/DXmjQDxjozV/,"Reel do Instagram",,Total,23353,17144,853,19,1,11,6
18117917581661244,17841400074692954,paulistao,Paulistão,"É CAMPEÃ! 🏆
É CAMPEÃ! 🏆
É CAMPEÃ! 🏆
#PaulistãoA3Rivalo 
📷Diego Soares e Rodrigo Corsi/Ag. Paulistão",0,"04/26/2026 09:19",https://www.instagram.com/p/DXmfIiQkZZJ/,"Carrossel do Instagram",,Total,63011,27689,1607,56,2,15,7
18097396474841297,17841400074692954,paulistao,Paulistão,"CAXITO!
Fez o gol que garantiu o título da Portuguesa Santista e foi pra galera!
#PaulistãoA3Rivalo",22,"04/26/2026 08:39",https://www.instagram.com/reel/DXmagaHjO3P/,"Reel do Instagram",,Total,60405,39737,2664,181,7,53,14
17910029232389899,17841400074692954,paulistao,Paulistão,"CRAQUE DO JOGO!
Autor do primeiro gol da vitória da Inter de Bebedouro, Cadu Barone foi o #CraqueDoJogoRivalo da partida!
#PaulistãoA4Rivalo 
📷Celio Messias/Ag. Paulistão",0,"04/26/2026 08:33",https://www.instagram.com/p/DXmZ10DjkEr/,"Imagem do Instagram",,Total,23440,12960,304,21,0,16,1
17942322756205680,17841400074692954,paulistao,Paulistão,"NO MEIO DO POVO!
É dia de festa em Santos! A Portuguesa Santista é campeã do Paulistão A3 Rivalo!
#PaulistãoA3Rivalo 
📷Diego Soares/Ag. Paulistão",0,"04/26/2026 08:27",https://www.instagram.com/p/DXmZKUdF470/,"Carrossel do Instagram",,Total,45093,20464,1603,37,3,11,7
17871290259665074,17841400074692954,paulistao,Paulistão,"A MAIS BRIOSA! 🏆
O título do Paulistão A3 Rivalo 2026 é da Portuguesa Santista!
#PaulistãoA3Rivalo",0,"04/26/2026 08:05",https://www.instagram.com/p/DXmWpk6j-zd/,"Imagem do Instagram",,Total,126061,72639,4584,541,2,101,30
17987402301005431,17841467312227297,fpfacademia,"FPF Academia","ALUNOS EM AÇÃO🔥
Com um sol pra cada, o sábado de #EAFI foi concluído com muito esforço dos alunos no campo do @narsp ⚽️

.
.
.

#FPFAcademia #Arbitragem #Curso #FPF",60,"04/26/2026 07:57",https://www.instagram.com/reel/DXmUztqipLI/,"Reel do Instagram",,Total,7771,5221,227,20,5,8,0
18123776743545851,17841400074692954,paulistao,Paulistão,"PEGA O GOLAÇO!
O Yohan Marcellus chegou no bate-pronto e mandou a bola na gaveta do Marília!
#PaulistãoA3Rivalo",23,"04/26/2026 07:11",https://www.instagram.com/reel/DXmQW2njK7f/,"Reel do Instagram",,Total,89101,56460,3446,102,11,50,18
18106170356506353,17841400074692954,paulistao,Paulistão,"FINALÍSSIMA!
Chegou o dia de conhecer o grande campeão do Paulistão A3 Rivalo 2026! Portuguesa Santista e Marília medem forças pelo lugar mais alto do pódio!
#PaulistãoA3Rivalo
📷Diego Soares/Ag. Paulistão",0,"04/26/2026 05:42",https://www.instagram.com/p/DXmGTIcj8F9/,"Carrossel do Instagram",,Total,80929,32340,3204,28,4,8,20
17870940633605843,17841400074692954,paulistao,Paulistão,"FELIZ DIA DO GOLEIRO!🧤🌟
Parabéns aos paredões do Futebol Paulista!
#DiaDoGoleiro #FutebolPaulista",0,"04/26/2026 05:00",https://www.instagram.com/p/DXl8QC_Eu36/,"Imagem do Instagram",,Total,59638,34029,1858,292,2,10,19
17891574468462184,17841400074692954,paulistao,Paulistão,"DOMINGÃO PARA FECHAR A 2ª RODADA!
#FutebolPaulista",0,"04/26/2026 04:00",https://www.instagram.com/p/DXl1YhRmjED/,"Imagem do Instagram",,Total,19458,12034,208,8,1,1,0
17933934498249070,17841400074692954,paulistao,Paulistão,"É DELE!
Autor de um dos gols do Penapolense na partida, Luan Carioca foi escolhido pela galera como o Craque do Jogo.
#CraqueDoJogo #PaulistãoA4Rivalo
📷Instagram/Reprodução",0,"04/25/2026 17:56",https://www.instagram.com/p/DXk1a0EDRLV/,"Imagem do Instagram",,Total,34980,17267,471,16,5,14,4
18127826326601991,17841400074692954,paulistao,Paulistão,"VANTAGEM!
Ponepolense vence o primeiro jogo da semifinal e larga na frente por um lugar na grande decisão do Paulistão A4 Rivalo!
#PaulistãoA4Rivalo
📷José Luís Silva/Ag. Paulistão",0,"04/25/2026 17:48",https://www.instagram.com/p/DXk0il4oKX0/,"Carrossel do Instagram",,Total,82216,41156,1575,69,2,23,8
18094315985148503,17841400074692954,paulistao,Paulistão,"CAP NA FRENTE!
Em um primeiro tempo de três gol, o Penapolense vai para o intervalo com o 2 a 1 de vantagem pra cima do São Caetano!
#PaulistãoA4Rivalo 
📷José Luís Silva/Ag. Paulistão",0,"04/25/2026 16:12",https://www.instagram.com/p/DXkpgKqjWSh/,"Imagem do Instagram",,Total,31400,15843,375,9,2,6,1
17904512874242732,17841467312227297,fpfacademia,"FPF Academia","PRIMEIRA VEZ NO CAMPO💪
Após uma manhã repleta de aulas teóricas, o período da tarde contou com muitas atividades no campo coordenadas pelos instrutores da @fpf_oficial, inaugurando a aula prática do Nível 2 da EAFI⚽️

🔗 Quer fazer parte do time de arbitragem? O link da lista de espera está na bio!

.
.
.

📷Rodrigo Corsi/Ag. Paulistão 

#FPFAcademia #EAFI #Curso #Arbitragem",0,"04/25/2026 16:11",https://www.instagram.com/p/DXkpcJMGTz3/,"Carrossel do Instagram",,Total,32728,15072,738,40,33,10,0
17922395463320657,17841467312227297,fpfacademia,"FPF Academia","DIRETO DA SALA DE AULA📝
Confira como foi a manhã de muito aprendizado dos alunos do Nível 2 do Curso de Árbitros⚽️

.
.
.

#FPFAcademia #EAFI #Curso #Arbitragem",65,"04/25/2026 14:41",https://www.instagram.com/reel/DXkfAxZikcY/,"Reel do Instagram",,Total,12747,8680,402,33,16,13,0
18072009905288594,17841400074692954,paulistao,Paulistão,"SÁBADO DE SEMI!
O Paulistão A4 Rivalo tá na área para o primeiro jogo da semifinal entre Penapolense e São Caetano!
#PaulistãoA4Rivalo
📷José Luís Silva/Ag. Paulistão",0,"04/25/2026 14:17",https://www.instagram.com/p/DXkcVUfjl5v/,"Carrossel do Instagram",,Total,20896,9100,196,0,1,2,4
18118400689654829,17841467312227297,fpfacademia,"FPF Academia","MANHÃ DE APRENDIZADOS📚
Na manhã deste sábado (25), os alunos do Nível 2 do Curso de Árbitros da EAFI participaram do Workshop Futebol Paulista: Diversidade e combate a intolerância no Edifício Pelé, sede da @fpf_oficial 🗣️

.
.
.

📷Diego Soares/Ag. Paulistão

#FPFAcademia #EAFI #Arbitragem #Curso #Diversidade",0,"04/25/2026 12:13",https://www.instagram.com/p/DXkOJG1kV_B/,"Carrossel do Instagram",,Total,9366,4142,199,16,0,7,0
18101781968317001,17841400074692954,paulistao,Paulistão,"O SÁBADO PROMETE NO PAULISTA SUB-23 SEGUNDA DIVISÃO!
#FutebolPaulista",0,"04/25/2026 04:00",https://www.instagram.com/p/DXjQlw3mvXV/,"Imagem do Instagram",,Total,24116,13752,282,15,4,3,1
17933089503246716,17841400074692954,paulistao,Paulistão,"GOLAÇO DE CAMISA 10!
@dezin_jr10 fez esse belo gol na vitória do Assisense por 3 a 2 sobre o Tupã, na abertura da 2ª rodada do Paulista Sub-23 Segunda Divisão!
#FutebolPaulista",51,"04/24/2026 18:45",https://www.instagram.com/reel/DXiWF7dDBZv/,"Reel do Instagram",,Total,216817,145350,5352,251,14,83,75
18103636918983075,17841433567384088,faculdadeeinstein,"Faculdade Einstein","Em campo, nem sempre dá tempo de pensar, mas sempre dá tempo de estar preparado. Segundo a Sociedade Brasileira de Cardiologia, a morte súbita de origem cardíaca está entre as principais causas de óbito durante a prática esportiva. É nesse cenário que agilidade e precisão são necessários para salvar uma vida e o Centro de Simulação Realística do Einstein auxilia o profissional que precisa estar bem treinado para esse momento.

No curso de Atendimento às Emergências no Esporte, você não só aprende, mas vive a pressão real do campo com simulação de alta fidelidade, desenvolvendo raciocínio rápido, técnica e confiança para os momentos mais críticos. Se o esporte faz parte do seu caminho, essa é a preparação que pode definir o seu papel dentro dele.

📅 Próxima turma: 05 e 06 de maio
🚨 Inscrições até 01 de maio. Link na bio: @faculdadeeinstein 

#SimulaçãoRealística #Simulação #Emergência #Esporte",98,"04/24/2026 15:02",https://www.instagram.com/reel/DXh8Dm6klox/,"Reel do Instagram",,Total,13713,9709,233,27,7,2,0
18123164620550506,17841400074692954,paulistao,Paulistão,"O PRIMEIRO PASSO RUMO AO ACESSO! 🔥⏫ #PaulistãoA4Rivalo",0,"04/24/2026 13:00",https://www.instagram.com/p/DXhpl_Ckww_/,"Imagem do Instagram",,Total,32375,21045,374,16,0,5,6
18065167397349335,17841426429471156,fpf_oficial,"Federação Paulista de Futebol","MAIS UM PEX EXPERIENCE CONCLUÍDO COM SUCESSO! ✅
O @mirassolfc abriu as portas para um dia de palestras e visitas nas instalações do clube. Foi um momento enriquecedor para todos os participantes! 🤩
#FPF #PEX 
📷Pedro Zacchi/Ag.Paulistão",0,"04/24/2026 07:57",https://www.instagram.com/p/DXhMFlREbn-/,"Carrossel do Instagram",,Total,10991,5318,214,8,0,2,4
17871495081603464,17841400074692954,paulistao,Paulistão,"PLAY NA 2ª RODADA DO PAULISTA SUB-23 SEGUNDA DIVISÃO!
#FutebolPaulista",0,"04/24/2026 04:00",https://www.instagram.com/p/DXgry5PESx3/,"Imagem do Instagram",,Total,57888,33575,784,40,6,5,9
18079530017619485,17841400074692954,paulistao,Paulistão,"É DELE!
Autor do gol decisivo no confronto entre Ferroviária e Ituano, Denilson foi escolhido como o Craque do Jogo!
#CraqueDoJogo #PaulistãoA2Rivalo
📷Alexandre Battibugli/Ag. Paulistão",0,"04/23/2026 17:31",https://www.instagram.com/p/DXfo8ySmD1Z/,"Imagem do Instagram",,Total,13818,8342,181,2,0,0,0
17883873414534975,17841400074692954,paulistao,Paulistão,"O NOME DA EMOÇÃO!
Denilson foi o responsável pelo gol que garantiu a vitória da Ferroviária pra cima do Ituano!
#PaulistãoA2Rivalo 
📷Alexandre Battibugli/Ag. Paulistão",0,"04/23/2026 17:28",https://www.instagram.com/p/DXforjYj4OP/,"Carrossel do Instagram",,Total,55002,26624,886,14,1,10,1
18217088449318494,17841400074692954,paulistao,Paulistão,"VITÓRIA AFEANA!
Ferroviária marca no finzinho e garante a vantagem por um lugar na decisão do Paulistão A2 Rivalo!
#PaulistãoA2Rivalo 
📷Alexandre Battibugli/Ag. Paulistão",0,"04/23/2026 17:09",https://www.instagram.com/p/DXfmiPZj_v_/,"Carrossel do Instagram",,Total,38148,18214,679,47,0,39,3
18161150875429300,17841426429471156,fpf_oficial,"Federação Paulista de Futebol","TUDO PRONTO PARA A COPA PAULISTA RIVALO 2026! 🏆
O presidente da Federação Paulista de Futebol, Reinaldo Carneiro Bastos, se reuniu com dirigentes e representantes dos 16 clubes que disputarão a Copa Paulista Rivalo para o primeiro Conselho Técnico da competição. #FPF #FutebolPaulista",138,"04/23/2026 16:43",https://www.instagram.com/reel/DXfjSLECUyj/,"Reel do Instagram",,Total,22252,16597,389,41,16,19,8
17920173102345670,17841426429471156,fpf_oficial,"Federação Paulista de Futebol","PEX EXPERIENCE EM MIRASSOL!
O evento contou com palestras na parte da manhã e um tour pelo estádio Municipal José Maria de Campos Maia e pelos CTs 1 e 2 do @mirassolfc na parte da tarde. Vem ver como foi o dia na casa do Leão!
#FPF #PEX",146,"04/23/2026 15:21",https://www.instagram.com/reel/DXfZvqrCeY5/,"Reel do Instagram",,Total,7189,4991,221,30,1,7,6
18109859647842302,17841426429471156,fpf_oficial,"Federação Paulista de Futebol","A COPA PAULISTA RIVALO VEM AÍ! 
Os 16 clubes que disputarão a Copa Paulista Rivalo 2026, foram recebidos pelo presidente da FPF, Reinaldo Carneiro Bastos, para o Conselho Técnico da competição. Com novo formato definido, a competição tem previsão de início para 18 de julho! #FPF #FutebolPaulista 
📷Rodrigo Corsi/Ag.Paulistão",0,"04/23/2026 13:43",https://www.instagram.com/p/DXfO1m-EtIq/,"Carrossel do Instagram",,Total,24255,12643,464,26,7,6,2
18073837928648893,17841400074692954,paulistao,Paulistão,"A COPA PAULISTA RIVALO 2026 VEM AÍ!
Com início em 18 de julho, 16 equipes vão em busca do título. Confira os detalhes da competição em futebolpaulista.com.br!
#CopaPaulistaRivalo",0,"04/23/2026 11:57",https://www.instagram.com/p/DXfCo7Ej6El/,"Carrossel do Instagram",,Total,180909,74721,3688,828,34,128,100
17946516759159262,17841400074692954,paulistao,Paulistão,"BUGRE NO G-8! 👀
Confira como está a classificação da @cbfseriec após a última rodada. #PaulistasEmCampo #SerieC",0,"04/23/2026 08:30",https://www.instagram.com/p/DXel5JLjlOQ/,"Imagem do Instagram",,Total,205914,119747,4853,41,29,23,55
17873247021475704,17841400074692954,paulistao,Paulistão,"PAULISTAS PROTAGONISTAS! 🔥
Vem ver como estão nossos times no @cbfseried. #PaulistasEmCampo #SerieD",0,"04/23/2026 08:00",https://www.instagram.com/p/DXeidvRlZbZ/,"Imagem do Instagram",,Total,111964,60548,2438,29,9,22,23
17980920056834963,17841400074692954,paulistao,Paulistão,"O NOVELLI JÚNIOR VAI TREMER! 🔥
Ituano e Ferroviária se enfrentam na ida das semifinais do #PaulistãoA2Rivalo",0,"04/23/2026 05:00",https://www.instagram.com/p/DXeN3fukxq1/,"Imagem do Instagram",,Total,37037,23690,337,35,1,10,3
18421491100120098,17841425643342499,mariliaac1942,"Marília Atlético Clube","TROCA DE CAMISAS 🤝

Os presidentes finalistas do Paulistão A3 Rivalo 2026, Alysson Alex e Frederico Barreiros, em um momento de respeito antes da decisão.

📹 @filmebygxb 

#VamosMAC",53,"04/22/2026 15:21",https://www.instagram.com/reel/DXc1Ebiire1/,"Reel do Instagram",,Total,57461,37111,2168,36,22,75,0
18011191742696508,17841400074692954,paulistao,Paulistão,"85 anos de muita história! Isso é FPF 🔥
#FPF",50,"04/22/2026 13:29",https://www.instagram.com/reel/DXcnT6wiUK6/,"Reel do Instagram",,Total,28389,20771,861,42,6,16,30
17958721890095989,17841400074692954,paulistao,Paulistão,"No dia do aniversário da FPF, confira o ranking dos maiores campeões do Paulistão, Paulistão Feminino, Copinha e Copinha Feminina!
#FutebolPaulista #FPF85Anos",0,"04/22/2026 11:04",https://www.instagram.com/p/DXcX1gtiYsU/,"Carrossel do Instagram",,Total,573617,221712,28888,828,17,268,443
18117059122661397,17841400074692954,paulistao,Paulistão,"FELIZ ANIVERSÁRIO, KAKÁ! 
Made in Cotia e pentacampeão mundial, Kaká completa 44 anos nessa quarta-feira (22)!
#FutebolPaulista #Aniversário",0,"04/22/2026 04:00",https://www.instagram.com/p/DXbiNJ8lW5B/,"Imagem do Instagram",,Total,102735,57659,3202,25,4,29,38
18022868501817399,17841403734375167,sindicatodeatletas,"Sindicato de Atletas SP","🏆 Seleção dos Atletas
Paulistão A2 Rivalo 2026

Confira a SELEÇÃO DOS ATLETAS da 6ª rodada da segunda fase do Paulistão A2 Rivalo 2026.

⭐️ GOL - Victor Golas (XV de Piracicaba)
⭐️ LD – Thassio (Ituano)
⭐️ ZAG – Almir Luan (XV de Piracicaba)
⭐️ ZAG – Thomás Kayck (Juventus)
⭐️ LE - Dal Pian (Ituano)
⭐️ VOL - Thomaz (São José)
⭐️ VOL – Raoni (Ferroviária)
⭐️ MC– Albano (Ferroviária)
⭐️ ATA – Razera (Ituano)
⭐️ ATA – Clessione (São José)
⭐️ ATA – Vitor Barreto (Ferroviária)

Aqui, atleta vota em atleta!

#SeleçãodosAtletas #PaulistaoA2 #AtletaVotaemAtleta #SindicatodeAtletasSP #FPF #FutebolInterior

🎯 MKT Digital: @digitalsportspress",0,"04/22/2026 03:43",https://www.instagram.com/p/DXblezaD8l0/,"Imagem do Instagram",,Total,21512,12104,181,32,1,1,0
18580406356034761,17841426429471156,fpf_oficial,"Federação Paulista de Futebol","Hoje é dia de comemorar os 85 anos da Federação Paulista de Futebol! 🥳🎉
Parabéns aos Fanáticos e Fanáticas por Futebol!
#Aniversário #FPF",0,"04/21/2026 20:05",https://www.instagram.com/p/DXar139FhiS/,"Imagem do Instagram",,Total,101910,63203,941,148,8,34,13
17858861535593727,17841400074692954,paulistao,Paulistão,"TABELA NA ÁREA!
Com dois clássicos já na primeira rodada, vem conferir como ficou a tabela da primeira fase do Paulistão Feminino 2026! Saiba mais em futebolpaulista.com.br
#PaulistãoFeminino2026",0,"04/21/2026 13:03",https://www.instagram.com/p/DXaArc5CUac/,"Imagem do Instagram",,Total,81873,43513,1907,83,16,20,45
18088450334208698,17841400074692954,paulistao,Paulistão,"CRAQUE GRINGO! 🇪🇨
A galera de casa votou e escolheu o equatoriano Elkin Muñoz, do Juventus, como #CraqueDoJogoRivalo da primeira partida da semifinal!
#PaulistãoA2Rivalo 
📷Ronaldo Barreto/Ag. Paulistão",0,"04/21/2026 08:42",https://www.instagram.com/p/DXZi16jkdDM/,"Imagem do Instagram",,Total,40105,21505,896,17,2,28,4
18186030232326830,17841400074692954,paulistao,Paulistão,"VANTAGEM GRENÁ!
Juventus vira pra cima do Votuporanguense e larga na frente por um lugar na decisão do Paulistão A2 Rivalo!
#PaulistãoA2Rivalo 
📷Ronaldo Barreto/Ag. Paulistão",0,"04/21/2026 08:12",https://www.instagram.com/p/DXZfcbejV75/,"Carrossel do Instagram",,Total,59726,27634,1277,74,1,39,1
17860951149683978,17841400074692954,paulistao,Paulistão,"PLACAR ZERADO!
Juventus e Votuporanguense não balançaram as redes no primeiro tempo do duelo da semifinal do Paulistão A2 Rivalo!
#PaulistãoA2Rivalo
📷Ronaldo Barreto/Ag. Paulistão",0,"04/21/2026 07:01",https://www.instagram.com/p/DXZXR4dj4jF/,"Carrossel do Instagram",,Total,24604,10273,420,3,0,2,2
18109847452893359,17841400074692954,paulistao,Paulistão,"A JAVARI VAI FERVER! 🔥
Juventus e Votuporanguense se enfrentam pela ida das semis do #PaulistãoA2Rivalo",0,"04/21/2026 05:32",https://www.instagram.com/p/DXZNHb2j1TU/,"Imagem do Instagram",,Total,22377,13049,352,8,0,9,3
18065568617365993,17841426429471156,fpf_oficial,"Federação Paulista de Futebol","Hoje é dia do Rio Preto comemorar mais um aniversário! PARABÉNS, JACARÉ! ⁣
#FutebolPaulista #Aniversário",0,"04/21/2026 03:00",https://www.instagram.com/p/DXY7rp3Gu7g/,"Imagem do Instagram",,Total,7817,4664,86,13,1,3,0
18098856782078302,17841400074692954,paulistao,Paulistão,"NOITE HISTÓRICA EM MARÍLIA! 
Lucas Lima, Marcondele, Wagner Coradin e João Lucas falaram sobre o momento especial do acesso do MAC! 
#PaulistãoA3Rivalo",57,"04/20/2026 17:28",https://www.instagram.com/reel/DXX6D0EjCL3/,"Reel do Instagram",,Total,33254,24163,681,9,1,14,10
17994759218943932,17841403734375167,sindicatodeatletas,"Sindicato de Atletas SP","🏆 Seleção dos Atletas
Paulistão A2 Rivalo 2026

Confira a SELEÇÃO DOS ATLETAS da 5ª rodada da segunda fase do Paulistão A2 Rivalo 2026.

⭐️ GOL - João Victor (Sertãozinho)
⭐️ ZAG/LD – Vinícius Baracioli (Votuporanguense)
⭐️ ZAG – Almir Luan (XV de Piracicaba)
⭐️ ZAG – Thomáz Kayck (Juventus)
⭐️ VOL - Ricardinho (Ferroviária)
⭐️ VOL – Djavan (XV de Piracicaba)
⭐️ MC– Serginho (XV de Piracicaba)
⭐️ MC – Rodolfo (Votuporanguense)
⭐️ ATA – Fernandinho (Votuporanguense)
⭐️ ATA – Romário (Juventus)
⭐️ ATA – Thiago (Ferroviária)

Aqui, atleta vota em atleta!

#SeleçãodosAtletas #PaulistaoA2 #AtletaVotaemAtleta #SindicatodeAtletasSP #FPF #FutebolInterior

🎯 MKT Digital: @digitalsportspress",0,"04/20/2026 14:27",https://www.instagram.com/p/DXXlhH_DD_l/,"Imagem do Instagram",,Total,39724,20178,418,17,2,2,0
18128291398603883,17841426429471156,fpf_oficial,"Federação Paulista de Futebol","DE OLHO NAS SEMIS! 
Reinaldo Carneiro Bastos, presidente da FPF, recebeu os semifinalistas do Paulistão A4 Rivalo para o Conselho Técnico das semifinais, nesta segunda-feira (20), no Edifício Pelé. A reunião, teve como intuito definir todos os detalhes para a próxima fase da competição! #FPF #FutebolPaulista",108,"04/20/2026 12:52",https://www.instagram.com/reel/DXXad8XiRka/,"Reel do Instagram",,Total,7529,5715,114,23,1,5,1
18069546185664224,17841426429471156,fpf_oficial,"Federação Paulista de Futebol","VALENDO O ACESSO!
Os quatro clubes semifinalistas do Paulistão A4 Rivalo deram mais um passo rumo à decisão nesta segunda-feira (20), no Edifício Pelé. O Conselho Técnico da competição, conduzido pelo presidente da FPF, Reinaldo Carneiro Bastos, reuniu presidentes e representantes para definir datas, horários e os detalhes das semifinais. #FPF #FutebolPaulista
 📷Rodrigo Corsi / Ag. Paulistão",0,"04/20/2026 12:20",https://www.instagram.com/p/DXXXCP4iULq/,"Carrossel do Instagram",,Total,12825,6676,199,10,0,0,1
17953288083126248,17841426429471156,fpf_oficial,"Federação Paulista de Futebol","QUE VENHA A DECISÃO! 🏆
O presidente da Federação Paulista de Futebol, Reinaldo Carneiro Bastos, recebeu os representantes da @brisaooficial e do @mariliaac1942 para o último Conselho Técnico do Paulistão A3 Rivalo 2026, realizado na manhã desta segunda-feira (20). No encontro, os clubes e a FPF alinharam os últimos detalhes para as finais.
#FPF #FutebolPaulista",21,"04/20/2026 11:33",https://www.instagram.com/reel/DXXRgVaiVR6/,"Reel do Instagram",,Total,5664,4097,138,2,0,4,0
17886622380498510,17841426429471156,fpf_oficial,"Federação Paulista de Futebol","“NOS PREPARAMOS PARA ISSO” 🎯
Alysson Alex, presidente do @mariliaac1942, esteve no Edifício Pelé para o conselho técnico das finais do Paulistão A3 Rivalo, nesta segunda-feira (20), e falou um pouco sobre o acesso histórico do MAC! 
#FPF #FutebolPaulista",49,"04/20/2026 11:26",https://www.instagram.com/reel/DXXQpfZiVOF/,"Reel do Instagram",,Total,12094,7882,375,5,4,8,3
18109739893870888,17841400074692954,paulistao,Paulistão,"VALE O ACESSO! 
Confira datas e horários das semifinais do Paulistão A4 Rivalo! 
#PaulistãoA4Rivalo",0,"04/20/2026 11:25",https://www.instagram.com/p/DXXQkE-CU7Q/,"Imagem do Instagram",,Total,51346,29920,701,99,3,16,16
17858831706593464,17841426429471156,fpf_oficial,"Federação Paulista de Futebol","CAMPANHA IRRETOCÁVEL! ✨🤩
O presidente da @briosaoficial, Frederico Barreiros, falou um pouco sobre a trajetória do clube no Paulistão A3 Rivalo, e quais as expectativas para a grande decisão! #FPF #FutebolPaulista",84,"04/20/2026 10:51",https://www.instagram.com/reel/DXXL9SZidh3/,"Reel do Instagram",,Total,11512,8021,421,5,7,33,2
18093017428930617,17841405688144679,rivalobrasil,"Rivalo Brasil","Subiu mais alto que todos para colocar a Briosa de volta para o Paulistão A2 Rivalo! 🚀

Otávio, que chegou na Portuguesa Santista esse ano, é autor de 5 gols no Paulistão A3 Rivalo. Só que o tento marcado contra o Rio Preto na semifinal da competição teve um sabor especial. 🔥

Confere com a Rivalo no replay como nada ganhou da emoção que foi marcar esse gol! ⚽

#Rivalo #NadaGanhadaEmocao #JoguecomResponsabilidade +18",17,"04/20/2026 09:54",https://www.instagram.com/reel/DXXAd7MEvMZ/,"Reel do Instagram","Ocorreu um erro ao computar métricas.",-,,,,,,,
18077424074164049,17841405688144679,rivalobrasil,"Rivalo Brasil","Pronto, Wagner, você pode parar de chorar agora! Você resistiu, aguentou e ajudou o Marília a conquistar o tão sonhado acesso ao Paulistão A2 Rivalo! 👏

Afinal, como diz a letra da música, não podemos mudar o que aconteceu e passou, mas seu sorriso irá brilhar. Não fique assustado, porque você verá as estrelas no céu algum dia... e não é que isso acabou de acontecer, Wagner?

A Rivalo deseja os parabéns a um dos protagonistas do Tigrão, que é muito merecedor dessa linda jornada traçada no Paulistão A3 Rivalo 2026! 💙

#Rivalo #NadaGanhadaEmocao #JoguecomResponsabilidade +18",45,"04/20/2026 06:59",https://www.instagram.com/reel/DXWyGY0kiOb/,"Reel do Instagram","Ocorreu um erro ao computar métricas.",-,,,,,,,
18118461814729650,17841405688144679,rivalobrasil,"Rivalo Brasil","ISSO É ELITE! 🏆

Portuguesa Santista e Marília conquistaram o acesso para a Série A2 do Paulistão após eliminarem Rio Preto e XV de Jaú nas semifinais do Paulistão A3 Rivalo! 🔥

A Rivalo deseja os parabéns para a Briosa e o Tigrão! Nada ganhou da emoção que vocês proporcionaram ao campeonato! 👏

#Rivalo #NadaGanhadaEmocao #JoguecomResponsabilidade +18",0,"04/18/2026 17:52",https://www.instagram.com/p/DXSzeiNESg-/,"Imagem do Instagram","Ocorreu um erro ao computar métricas.",-,,,,,,,
18039817250709336,17841405688144679,rivalobrasil,"Rivalo Brasil","QUEM VAI SUBIR NO TOPO DESSA MONTANHA? ⛰️

Já se passaram mais de 21 partidas para os desafiantes ainda vivos no Paulistão A2 Rivalo, mas agora chegamos na hora da verdade... quem vai subir para a A1? 🔥

Juventus, Ferroviária, Votuporanguense e Ituano lutam por apenas duas vagas... e a gente quer saber o palpite de vocês! 👀

#Rivalo #NadaGanhadaEmocao #JoguecomResponsabilidade +18",0,"04/16/2026 13:21",https://www.instagram.com/p/DXNKtHhko0m/,"Imagem do Instagram","Ocorreu um erro ao computar métricas.",-,,,,,,,
18077880299161643,17841405688144679,rivalobrasil,"Rivalo Brasil","Última rodada da segunda fase do Paulistão A2 Rivalo e a nossa ADM já detalhou tudinho pra vocês! 👀

E aí, quem vai ter êxito e se classificará para as semifinais da competição? 🔥

Já aproveita e corre no site da Rivalo para fazer seu palpite nessa última rodada que vai pegar foooogo! 💨

#Rivalo #NadaGanhadaEmocao #JoguecomResponsabilidade +18",115,"04/15/2026 10:30",https://www.instagram.com/reel/DXKSXTxEljw/,"Reel do Instagram","Ocorreu um erro ao computar métricas.",-,,,,,,,
17962201398106232,17841454473375442,ulissescostatv,"ULISSES TV","CLASSIFICAÇÃO DO MOLEQUE TRAVESSO! 👦🏽🔴

O @juventussaf venceu o São José, por 1 a 0, com um belo gol de romario.simoes, de cabeça, lá na Rua Javari.

🎙️ @ulissescostanarrador 

#juventus #juventusdamooca #campeonatopaulista #paulistao #ulissestv",64,"04/12/2026 07:24",https://www.instagram.com/reel/DXCOrpNl-aE/,"Reel do Instagram","Ocorreu um erro ao computar métricas.",-,,,,,,,
18105203146926880,17841405688144679,rivalobrasil,"Rivalo Brasil","CHEGOU A HORA DE DECISÃO! 🔥

4 times. 2 vagas para subir. E aí, quem vai vencer as batalhas finais e chegar à glória? 🤔

As melhores odds da competição estão na Rivalo, então corre pro site! 💨

#Rivalo #NadaGanhadaEmocao #JoguecomResponsabilidade +18",0,"04/11/2026 14:00",https://www.instagram.com/p/DXAXTUnFjnP/,"Carrossel do Instagram","Ocorreu um erro ao computar métricas.",-,,,,,,,
18112080412806636,17841405688144679,rivalobrasil,"Rivalo Brasil","EU CONTO AS HORAS PRA PODER TE VER, PAULISTÃO A2 RIVALO! 🎧

Chamamos nossos jogadores da A2, ou melhor, nossos cantores, para lamentarem a ausência que o Paulistão A2 Rivalo causa no nosso coração...💔

Qual time cantou melhor? Então liga o som e escreve aí nos comentários se você também tá com saudade! 🤣

#Rivalo #NadaGanhadaEmocao #JoguecomResponsabilidade +18",95,"04/08/2026 11:13",https://www.instagram.com/reel/DW4ViO0ErAG/,"Reel do Instagram","Ocorreu um erro ao computar métricas.",-,,,,,,,
18088364732350062,17841433567384088,faculdadeeinstein,"Faculdade Einstein","Emergências no esporte exigem preparo, rapidez e decisão ⚽

No curso Atendimento às Emergências no Esporte do Centro de Simulação Realística Einstein, em parceria com a Federação Paulista de Futebol (FPF) e a Confederação Brasileira de Futebol (CBF), você desenvolve habilidades práticas para atuar com segurança em situações críticas em campo, do suporte básico de vida ao manejo de traumas.

Aprenda com especialistas, em cenários realistas e com simuladores de alta fidelidade.

Inscrições abertas até 01/05. Garanta agora a sua vaga pelo link na bio: @faculdadeeinstein 

#EmergênciasNoEsporte #SimulaçãoRealística #SimulaçãoRealísticaEinstein #SuporteBásicoDeVida #ManejoDeTraumas",19,"03/30/2026 14:48",https://www.instagram.com/reel/DWhjMLGDIuc/,"Reel do Instagram",,Total,25081,16246,388,96,12,6,0
18152688388458505,17841400074692954,paulistao,Paulistão,"QUEM FOI O CRAQUE DA RODADA?🔥
Vote aqui no post e escolha quem foi o destaque da 4ª rodada da 2ª fase do Paulistão A2 Rivalo! A enquete se encerra nessa quinta (02/04), às 11h.
#PaulistãoA2Rivalo #CraqueDaRodada",0,"03/30/2026 14:38",https://www.instagram.com/p/DWhh5O_iWwp/,"Imagem do Instagram",,Total,44463,22924,384,301,26,217,1
17943288021176274,17841400074692954,paulistao,Paulistão,"VALE A TAÇA 🏆
Portuguesa Santista e Marília decidem o título do Paulistão A3 Rivalo! 
#PaulistãoA3Rivalo",0,"04/20/2026 09:12",https://www.instagram.com/p/DXXBZhekSxc/,"Imagem do Instagram",,Total,110787,54962,2242,219,5,43,40
17927232090093450,17841400074692954,paulistao,Paulistão,"O PRIMEIRO PASSO PRO ACESSO! 🔥 #PaulistãoA2Rivalo",0,"04/20/2026 05:00",https://www.instagram.com/p/DXWfe_tjywk/,"Imagem do Instagram",,Total,24800,14114,475,21,0,10,8
17944313796168676,17841426429471156,fpf_oficial,"Federação Paulista de Futebol","PARABÉNS, MOLEQUE TRAVESSO! 🎉🥳⁣
O Juventus completa 102 de história e tradição!⁣
#Aniversário #FutebolPaulista",0,"04/20/2026 03:00",https://www.instagram.com/p/DXWW49LmXGy/,"Imagem do Instagram",,Total,9412,5940,288,41,1,8,2
17949574199981822,17841400074692954,paulistao,Paulistão,"CONFRONTOS DEFINIDOS!
Assim ficaram os jogos de semifinal do Paulistão A4 Rivalo! Vale vaga na final e o acesso para a A3 de 2027!
#PaulistãoA4Rivalo",0,"04/19/2026 08:21",https://www.instagram.com/p/DXUW7fGjar0/,"Imagem do Instagram",,Total,49100,24799,1287,101,6,55,14
18113090008775574,17841400074692954,paulistao,Paulistão,"ENTRE OS QUATRO MELHORES!
O Grêmio São-Carlense fica com a última vaga na semifinal do Paulistão A4 Rivalo e segue sonhando com o acesso!
#PaulistãoA4Rivalo",0,"04/19/2026 07:58",https://www.instagram.com/p/DXUUM4LAKyN/,"Imagem do Instagram",,Total,44916,24990,533,93,2,10,3
17980802060988463,17841467312227297,fpfacademia,"FPF Academia","ALÔ SERRANA, AS VAGAS ESTÃO ACABANDO🚨
Luiza Reis, gerente da EAFI, conta os principais detalhes do Curso de Capacitação de Árbitros – Ligas Amadoras Paulistas, explicando como a formação foi pensada para desenvolver, quem já atua ou quer evoluir na arbitragem do futebol amador⚽️📋

🔗 As inscrições estão na reta final ⏳ Clique na bio e garanta sua vaga antes que esgote!

.
.
.

#FPFAcademia #FPF #Arbitragem #LigasAmadoras #Curso",58,"04/19/2026 06:00",https://www.instagram.com/reel/DXUCMbvExYE/,"Reel do Instagram",,Total,6243,4332,176,9,0,12,0
18160397890443136,17841400074692954,paulistao,Paulistão,"SETE JOGOS PARA FECHAR A 1ª RODADA DO PAULISTA SUB-23 SEGUNDA DIVISÃO 2026!
#FutebolPaulista",0,"04/19/2026 04:00",https://www.instagram.com/p/DXTz05bEdvw/,"Imagem do Instagram",,Total,27376,16454,338,12,2,2,4
18084579452053828,17841400074692954,paulistao,Paulistão,"CAMPEÃO PAULISTA, DA COPA E MELHOR DO MUNDO! 🥳
Com passagem pelo São Caetano, São Paulo, Palmeiras, Corinthians e Mogi Mirim, Rivaldo completa 54 anos nesse domingo (19). Parabéns, craque!
#FutebolPaulista #Aniversário",0,"04/19/2026 04:00",https://www.instagram.com/p/DXTz0XJkb3F/,"Imagem do Instagram",,Total,27362,15445,469,7,0,2,8
18081662360616544,17841426429471156,fpf_oficial,"Federação Paulista de Futebol","PARABÉNS, ATLÉTICO MOGI!
A equipe comemora 22 anos neste domingo (19).
#Aniversário #FutebolPaulista",0,"04/19/2026 03:00",https://www.instagram.com/p/DXTs_1BGYJH/,"Imagem do Instagram",,Total,6624,3720,108,10,4,7,3
18125989102633767,17841400074692954,paulistao,Paulistão,"PA-RE-DÃO! 
#PaulistãoA3Rivalo 
📷José Luis Silva/Ag. Paulistão",0,"04/18/2026 18:42",https://www.instagram.com/p/DXS5I2Ujn1V/,"Carrossel do Instagram",,Total,46926,21181,1479,39,3,23,7
18096392852116804,17841400074692954,paulistao,Paulistão,"VAI PEGAR FOGO! 🔥
Com o acesso garantido, Portuguesa Santista e Marília tem um novo objetivo: o título do Paulistão A3 Rivalo 2026!
#PaulistãoA3Rivalo",0,"04/18/2026 18:33",https://www.instagram.com/p/DXS4HxrDkuj/,"Imagem do Instagram",,Total,88262,44506,3565,133,15,74,29
18097544342126955,17841400074692954,paulistao,Paulistão,"É O MAC QUE CHEGOU!
Pode subir, elevador! O Marília conquista o acesso!
#PaulistãoA3Rivalo",0,"04/18/2026 17:54",https://www.instagram.com/p/DXSzpX2ETBL/,"Imagem do Instagram",,Total,215858,101143,3631,951,39,99,34
18075134711208948,17841400074692954,paulistao,Paulistão,"VIRA VIRA MAQUEANO!
O Marília conta com um gol contra o XV de Jaú para assumir a liderança no placar!
#PaulistãoA3Rivalo",18,"04/18/2026 17:21",https://www.instagram.com/reel/DXSv2cbAlqk/,"Reel do Instagram",,Total,95228,56250,2179,62,13,31,13
18077939588449880,17841400074692954,paulistao,Paulistão,"O MAC EMPATA!
Confira como foi o gol que garantiu a igualdade no placar para o Marília!
#PaulistãoA3Rivalo",19,"04/18/2026 17:14",https://www.instagram.com/reel/DXSvEWajFhc/,"Reel do Instagram",,Total,86291,53055,1331,13,7,8,10
18224509027311786,17841400074692954,paulistao,Paulistão,"CAP CLASSIFICADO!
O terceiro semifinalista está definido! O Penapolense também vai para o jogo do acesso!
#PaulistãoA4Rivalo",0,"04/18/2026 17:06",https://www.instagram.com/p/DXSuMFuD_Yy/,"Imagem do Instagram",,Total,72891,37185,968,182,12,17,9
18581163403026139,17841400074692954,paulistao,Paulistão,"EL RIFLE MARCA!
O colombiano Andrés Andrade vai para rede o XV de Jaú abre o placar na semifinal do Paulistão A3 Rivalo!
#PaulistãoA3Rivalo",13,"04/18/2026 16:28",https://www.instagram.com/reel/DXSpw6plVH7/,"Reel do Instagram",,Total,88249,55062,1039,16,9,26,10
17968511625047485,17841400074692954,paulistao,Paulistão,"VANTAGEM DO GALO!
Intervalo de jogo em Marília e o XV de Jaú tem o 1 a 0 de frente contra o time da casa.
#PaulistãoA3Rivalo 
📷José Luis Silva/Ag. Paulistão",0,"04/18/2026 16:25",https://www.instagram.com/p/DXSpfJUmMxO/,"Imagem do Instagram",,Total,46183,24206,433,3,1,10,4
18100714333804189,17841400074692954,paulistao,Paulistão,"LOBO VERMELHO AVANÇA!
A Inter de Bebedouro garante a vaga entre os quatro melhores do Paulistão A4 Rivalo e segue na busca pelo acesso!
#PaulistãoA4Rivalo",0,"04/18/2026 14:03",https://www.instagram.com/p/DXSZRlPD4XB/,"Imagem do Instagram",,Total,47209,25088,806,125,13,10,8
17922128769299194,17841426429471156,fpf_oficial,"Federação Paulista de Futebol","DIA HISTÓRICO NO CERET! 
Prefeitura de São Paulo e Federação Paulista de Futebol celebram ação ambiental! Bosque da Copinha nasce após iniciativa em que cada gol da Copinha Feminina 2026 valeu o plantio de uma muda nativa da Mata Atlântica! 
#FPF #CopinhaFeminina",153,"04/18/2026 13:51",https://www.instagram.com/reel/DXSXmXOieLK/,"Reel do Instagram",,Total,33625,23154,202,7,2,6,5
17884429698526871,17841400074692954,paulistao,Paulistão,"ELE CONHECE O CAMINHO! 
Mais um acesso do Sérgio Guedes com a Portuguesa Santista!
#PaulistãoA3Rivalo",0,"04/18/2026 13:47",https://www.instagram.com/p/DXSXYzxgO_D/,"Imagem do Instagram",,Total,94731,53469,3135,57,4,143,22
18094840339891488,17841400074692954,paulistao,Paulistão,"SOBE, ELEVADOR! A BRIOSA VOLTOU!
A Portuguesa Santista conquista o acesso no Paulistão A3 Rivalo!
#PaulistãoA3Rivalo",0,"04/18/2026 13:04",https://www.instagram.com/p/DXSSfEhDYmi/,"Imagem do Instagram",,Total,145658,77627,5022,218,5,65,44
18060951053701227,17841400074692954,paulistao,Paulistão,"VOA, AZULÃO!
O São Caetano leva a melhor pra cima do Jacareí e vai disputar o jogo do acesso!
#PaulistãoA4Rivalo",0,"04/18/2026 13:03",https://www.instagram.com/p/DXSSZaYFKyD/,"Imagem do Instagram",,Total,68618,37296,1658,90,3,20,20
18123500359611899,17841426429471156,fpf_oficial,"Federação Paulista de Futebol","BOSQUE DA COPINHA! 
Federação Paulista de Futebol e Prefeitura de São Paulo realizaram neste sábado, no Centro Esportivo CERET, o plantio de 70 mudas nativas da Mata Atlântica. A cada gol marcado na Copinha Feminina 2025, uma muda foi plantada. Cerca de 100 mudas já haviam sido plantadas, e o plantio deste sábado complementou a ação.
#FutebolPaulista
📷Rodrigo Corsi/Ag.Paulistão",0,"04/18/2026 08:23",https://www.instagram.com/p/DXRyU2tEaS2/,"Carrossel do Instagram",,Total,103524,33197,567,13,4,7,4
18007086182719453,17841400074692954,paulistao,Paulistão,"PRA DEFINIR QUEM VAI DISPUTAR O ACESSO! 🔥
Confira os jogos de volta das quartas do #PaulistãoA4Rivalo",0,"04/18/2026 05:00",https://www.instagram.com/p/DXRV5G4Dtqn/,"Imagem do Instagram",,Total,32592,21137,269,31,1,3,5
17937255972226873,17841400074692954,paulistao,Paulistão,"O SÁBADO VEM COM TUDO NO PAULISTA SUB-23 2ª DIVISÃO!
#FutebolPaulista",0,"04/18/2026 04:00",https://www.instagram.com/p/DXRPBhkGZus/,"Imagem do Instagram",,Total,36587,23515,297,13,2,6,4
17969595849021980,17841400074692954,paulistao,Paulistão,"VALENDO O ACESSO! 🔥
Confira os jogos de volta das semifinais do #PaulistãoA3Rivalo",0,"04/17/2026 17:10",https://www.instagram.com/p/DXQIpFNkyrD/,"Imagem do Instagram",,Total,65141,39077,723,39,1,17,13
17859379704583642,17841400074692954,paulistao,Paulistão,"COMEÇANDO OS TRABALHOS!
Saiu o primeiro do Paulista Sub-23 Segunda Divisão! Thiago balança a rede e inaugura o marcador para o Santa Fé!
#FutebolPaulista",47,"04/17/2026 15:42",https://www.instagram.com/reel/DXP_rufkT7m/,"Reel do Instagram",,Total,78619,47420,1219,53,18,27,9
18166447804422479,17841426429471156,fpf_oficial,"Federação Paulista de Futebol","SOLTA A VOZ!
O que significa estar em uma semifinal de Paulistão A2 Rivalo? Os presidentes e representantes dos clubes responderam pra adm.
#PaulistãoA2Rivalo",93,"04/17/2026 13:41",https://www.instagram.com/reel/DXPxt9JiR7W/,"Reel do Instagram",,Total,5789,4291,72,1,0,2,2
18092673269154228,17841426429471156,fpf_oficial,"Federação Paulista de Futebol","A Federação Paulista de Futebol lamenta o falecimento de Oscar Schmidt, ex-jogador de basquete, na tarde desta sexta-feira (17). O ex-atleta teve um tumor cerebral diagnosticado em 2011. 

Torcedor do Santos e com passagens por clubes paulistas, Oscar Schmidt foi campeão brasileiro por Corinthians, Palmeiras, Sírio e pela Seleção Paulista. O ex-jogador de basquete também conquistou quatro campeonatos paulistas, dois pelo Palmeiras, um pelo Sírio e um pelo Barueri. Além disso, conquistou o mundo vestindo as cores do Sírio.",0,"04/17/2026 13:37",https://www.instagram.com/p/DXPxWbNj6_3/,"Imagem do Instagram",,Total,13205,8524,379,26,0,10,5
18058641620474158,17841400074692954,paulistao,Paulistão,"VAI COMEÇAR O PAULISTA SUB-23 2ª DIVISÃO 2026!
Confira os confrontos da primeira rodada!
#FutebolPaulista",0,"04/17/2026 05:00",https://www.instagram.com/p/DXOxGhslcaH/,"Imagem do Instagram",,Total,74558,38731,955,112,20,28,22
18091751422909634,17841467312227297,fpfacademia,"FPF Academia","#TBT DE UMA SEMANA DIFERENCIADA⚽📚
Na última semana de março, o Edifício Pelé recebeu o encontro presencial do Curso Gestão de Categorias de Base da @fpfacademia, com dias marcados por muito conteúdo, trocas e experiências dentro da sede da @fpf_oficial. A programação contou com palestras e discussões que ampliaram o olhar dos alunos e alunas sobre a formação no futebol

Para fechar, a turma viveu uma imersão no CFA Laudo Natel, em Cotia, conhecendo de perto a estrutura e o trabalho desenvolvido nas categorias de base do @saopaulofc, uma experiência prática que conectou teoria e realidade ✨

🔗 Quer aprender mais sobre o futebol de base? Clique na bio e saiba mais!

.
.
.

📷Diego Soares, Rodrigo Corsi e Murilo Necchi/Ag. Paulistão

#FPFAcademia #GestãoEsportiva #CategoriasDeBase #Curso",0,"04/16/2026 14:18",https://www.instagram.com/p/DXNRVkFmSf3/,"Carrossel do Instagram",,Total,8982,3996,135,7,2,3,0
18114781528667227,17841426429471156,fpf_oficial,"Federação Paulista de Futebol","TUDO DEFINIDO!
Presidentes e representantes dos clubes semifinalistas estiveram presentes no edifício Pelé nesta quinta-feira (16) para definir horários e datas dos confrontos do Paulistão A2 Rivalo.
#PaulistãoA2Rivalo",64,"04/16/2026 13:52",https://www.instagram.com/reel/DXNNnzHCelm/,"Reel do Instagram",,Total,7072,5319,115,5,0,4,1
18042065201556535,17841426429471156,fpf_oficial,"Federação Paulista de Futebol","SEMIFINAIS DO PAULISTÃO A2 RIVALO DEFINIDAS!
O Conselho Técnico do Paulistão A2 Rivalo ocorreu nessa quinta-feira (16), no Edifício Pelé. Na reunião, foram definidos as datas e horários das semifinais e os detalhes dessa fase da competição.
#PaulistãoA2Rivalo
📷Rodrigo Corsi/Ag.Paulistão",0,"04/16/2026 12:54",https://www.instagram.com/p/DXNHxutDgho/,"Carrossel do Instagram",,Total,12862,5762,288,26,2,3,1
18088274128990262,17841400074692954,paulistao,Paulistão,"DATAS E HORÁRIOS DEFINIDOS!
Vem conferir os jogos que vão definir o acesso do Paulistão A2 Rivalo! Para quem vai sua torcida?
#PaulistãoA2Rivalo",0,"04/16/2026 11:53",https://www.instagram.com/p/DXNAye4ER1S/,"Carrossel do Instagram",,Total,64573,32152,1088,161,1,30,20
18085534970524195,17841400074692954,paulistao,Paulistão,"FIM DA SEGUNDA FASE!
Vem conferir os resultados que definiram os semifinalistas do Paulistão A2 Rivalo!
#PaulistãoA2Rivalo",0,"04/15/2026 17:40",https://www.instagram.com/p/DXLDtAyDdHM/,"Imagem do Instagram",,Total,28518,15971,448,11,2,6,5
18093079724158308,17841400074692954,paulistao,Paulistão,"CONFRONTOS DEFINIDOS!
O Votuporanguense enfrenta o Juventus, enquanto a Ferroviária encara o Ituano em busca do acesso!
#PaulistãoA2Rivalo",0,"04/15/2026 17:28",https://www.instagram.com/p/DXLCKO8kY2k/,"Imagem do Instagram",,Total,44335,24423,1114,143,1,38,9
17879771304414826,17841467312227297,fpfacademia,"FPF Academia","DO CAMPO PARA A GESTÃO ESPORTIVA ⚽➡️📊
Adriana Tiga, coordenadora técnica da Base do @saopaulofc e ex-atleta, decidiu dar um novo passo na carreira e mergulhar na gestão esportiva. Aluna da 4ª turma do Master FPF, hoje também atua como palestrante nos cursos da @fpfacademia, compartilhando sua experiência e inspirando novos profissionais dentro e fora de campo📚

🔗 Quer dar o próximo passo na sua carreira também? Acesse o link da bio e inscreva-se

.
.
.

#FPFAcademia #MasterFPF #Curso #Gestão #Futebol @udofutebol",65,"04/14/2026 14:56",https://www.instagram.com/reel/DXILXsYCjJm/,"Reel do Instagram",,Total,23484,57467,470,14,22,62,0
18002415578872664,17841400074692954,paulistao,Paulistão,"O CRIA DO NHÔ QUIM! 🔥
Vocês decidiram e Serginho foi eleito o Craque dessa rodada de #PaulistãoA2Rivalo",0,"04/14/2026 13:30",https://www.instagram.com/p/DXH9E61CSSG/,"Imagem do Instagram",,Total,31684,17855,494,31,0,28,0
18125399107581607,17841400074692954,paulistao,Paulistão,"A ÚLTIMA CHANCE DE DISPUTAR O ACESSO! 🔥 #PaulistãoA2Rivalo",0,"04/14/2026 10:00",https://www.instagram.com/p/DXHnV50E2tx/,"Imagem do Instagram",,Total,49178,24452,438,14,0,7,2
18077888945629342,17841400074692954,paulistao,Paulistão,"MUITA COISA EM JOGO! 🔥 
Quatro times disputam as duas últimas vagas para as semifinais do #PaulistãoA2Rivalo",0,"04/14/2026 08:30",https://www.instagram.com/p/DXHav19mq3P/,"Imagem do Instagram",,Total,27116,16667,285,8,1,18,3
17864018529543611,17841400074692954,paulistao,Paulistão,"PARABÉNS, PEIXÃO!🐋🎉🥳
SÃO 1️⃣1️⃣4️⃣ ANOS DE HISTÓRIA E TRADIÇÃO!
#Aniversário #Santos",0,"04/13/2026 20:05",https://www.instagram.com/p/DXGFfTPjGmk/,"Imagem do Instagram",,Total,169154,108706,8818,716,6,108,132
18333083560221532,17841400074692954,paulistao,Paulistão,"FAÇAM SUAS CONTAS! 🔥
Falta apenas uma rodada para definir os classificados para as semis do #PaulistãoA2Rivalo.",0,"04/13/2026 15:30",https://www.instagram.com/p/DXFmAz_gPnA/,"Imagem do Instagram",,Total,64626,35008,1256,28,1,25,12
18542854777070243,17841400074692954,paulistao,Paulistão,"QUEM FOI O CRAQUE DA RODADA? 🔥
Vote aqui no post e escolha quem foi o destaque da 5ª rodada da 2ª fase do Paulistão A2 Rivalo! A enquete se encerra nessa terça (14/04), às 13h.
#PaulistãoA2Rivalo #CraqueDaRodada",0,"04/13/2026 11:28",https://www.instagram.com/p/DXFO8gmCQD4/,"Imagem do Instagram",,Total,33459,19726,345,249,8,122,0
18099959179988575,17841426429471156,fpf_oficial,"Federação Paulista de Futebol","NOTA OFICIAL.",0,"04/13/2026 07:31",https://www.instagram.com/p/DXE0aMxjTqo/,"Imagem do Instagram",,Total,29764,14754,703,27,4,37,12
17872682904603440,17841429857362439,paulistaof,"Paulistão F","MAIS UM FESTIVAL ENTREGUE! ✅
Vem acompanhar um dia de #FestivalPaulistaFemininoSub14 com a ADM 🥳❤️",96,"04/12/2026 19:32",https://www.instagram.com/reel/DXDhb75jK2x/,"Reel do Instagram",,Total,16460,9315,524,39,6,5,6
18099120818047694,17841467312227297,fpfacademia,"FPF Academia","FALA, PATRÍCIO📢
O presidente da Comissão de Arbitragem da @fpf_oficial,  contou como foi a aula inaugural do NÍvel 2 do Curso de Árbitros e o que se espera dos alunos e alunas desta turma💪

.
.
.

#FPFAcademia #FPF #EAFI #Arbitragem #Curso",60,"04/12/2026 12:39",https://www.instagram.com/reel/DXCyjaqin7B/,"Reel do Instagram",,Total,4950,3397,189,34,1,5,0
18408205483182632,17841400074692954,paulistao,Paulistão,"FALA, PROFESSORES! 
Jogar a semifinal do Paulistão A3 Rivalo não é fácil, né? 
#PaulistãoA3Rivalo",19,"04/12/2026 10:14",https://www.instagram.com/reel/DXCiHR0kS_E/,"Reel do Instagram",,Total,27932,18508,627,15,1,11,5
17866648920666770,17841400074692954,paulistao,Paulistão,"JOGO DURO! 
Wagner Coradin falou sobre o foco da equipe do Marília nesses dois jogos da semifinal do #PaulistãoA3Rivalo!",19,"04/12/2026 09:21",https://www.instagram.com/reel/DXCb_zFEbN8/,"Reel do Instagram",,Total,37312,22985,1138,12,7,41,7
18101611591750964,17841467312227297,fpfacademia,"FPF Academia","ALERTA DE FOTO PESADÍSSIMA⚠️
Pela segunda vez consecutiva na história da EAFI, os alunos do Nível 2 do Curso de Árbitros da @fpfacademia, receberam uniformes personalizados para uso nas atividades práticas. Essa peita ficou fera, hein? 👕

.
.
.

📷 Diego Soares/Ag. Paulistão 

#FPFAcademia #EAFI #Arbitragem #Curso #Futebol",0,"04/12/2026 08:43",https://www.instagram.com/p/DXCX0I8lhRx/,"Carrossel do Instagram",,Total,31027,13981,726,32,27,16,0
18082307867093190,17841400074692954,paulistao,Paulistão,"TUDO IGUAL!
A primeira parte da semifinal entre XV de Jaú e Marília terminou sem gols. Quem vai ficar com a vaga na próxima semana? 
#PaulistãoA3Rivalo
📷 Douglas Moreti/Ag. Paulistão",0,"04/12/2026 08:00",https://www.instagram.com/p/DXCS60-CQNE/,"Imagem do Instagram",,Total,24592,14051,556,17,0,27,3
18133981774469794,17841429857362439,paulistaof,"Paulistão F","COMEÇOU ✅
O segundo dia de #FestivalPaulistaFemininoSub14 já está a todo vapor! 🤩🥰",13,"04/12/2026 06:59",https://www.instagram.com/reel/DXCL3SuDugn/,"Reel do Instagram",,Total,21785,11315,447,8,11,2,2
18099596974956519,17841400074692954,paulistao,Paulistão,"DOMINGO DE MANHÃ....
Nada como uma semifinal do Paulistão A3 Rivalo entre XV de Jaú e Marília para começar um dia por aqui 🤩☀️
#PaulistãoA3Rivalo
📷 Douglas Moreti/Ag. Paulistão",0,"04/12/2026 05:20",https://www.instagram.com/p/DXCAdfcjbJQ/,"Carrossel do Instagram",,Total,29229,14172,245,2,1,1,1
17954773299112982,17841426429471156,fpf_oficial,"Federação Paulista de Futebol","84 ANOS DO MARÍLIA! 
Feliz aniversário para o bicampeão do Paulistão A2 Rivalo!
#FPF #Aniversário",0,"04/12/2026 03:30",https://www.instagram.com/p/DXBu0Xtlflg/,"Imagem do Instagram",,Total,10585,6269,561,15,4,5,3
18040861214563486,17841426429471156,fpf_oficial,"Federação Paulista de Futebol","ANIVERSÁRIO DA LOCOMOTIVA! 🚂
Parabéns, @afeoficial, pelos 76 anos de história!
#FPF #Aniversário",0,"04/12/2026 03:00",https://www.instagram.com/p/DXBrYpPFQut/,"Imagem do Instagram",,Total,2471,1531,32,2,0,0,2
18335586751170819,17841467312227297,fpfacademia,"FPF Academia","AULA INAUGURAL DA EAFI📚
Com grande presença de mulheres na turma, o Edifício Pelé recebeu a primeira aula do Nível 2 do Curso de Árbitros da @fpfacademia ⚽️ Se liga como foi 🎥

#FPFAcademia #EAFI #Curso #Arbitragem #Futebol",67,"04/11/2026 14:25",https://www.instagram.com/reel/DXAZieoEfp2/,"Reel do Instagram",,Total,5753,3880,255,16,2,3,0
17942039049175498,17841400074692954,paulistao,Paulistão,"VANTAGEM DA BRIOSA!
Portuguesa Santista vence Rio Preto fora de casa e dá passo importante rumo à final do Paulistão A3 Rivalo!
#PaulistãoA3Rivalo 
📷José Luis Silva/Ag. Paulistão",0,"04/11/2026 13:09",https://www.instagram.com/p/DXARdo7kk5f/,"Carrossel do Instagram",,Total,62128,29746,1463,113,2,53,6
18126880786595854,17841400074692954,paulistao,Paulistão,"JUVENTUS AVANÇA!
O Moleque Travesso é semifinalista do Paulistão A2 Rivalo 2026!
#PaulistãoA2Rivalo",0,"04/11/2026 13:00",https://www.instagram.com/p/DXAQbmHEktU/,"Imagem do Instagram",,Total,52076,28735,1143,145,2,24,5
18141762766500943,17841467312227297,fpfacademia,"FPF Academia","COMEÇO DE UMA NOVA ETAPA⚽️
Neste sábado (29), os alunos e alunas aprovados na Escola de Árbitros Flávio Iazzetti (EAFI) deram início ao Nível 2 do curso, em um encontro realizado no Edifício Pelé, sede da Federação Paulista de Futebol✅

A turma acompanhou falas inspiradoras do vice-presidente Mauro Silva e do presidente da Comissão de Arbitragem, Patrício Loustau, além das orientações da gerente da EAFI, Luiza Reis. O dia também contou com um bate-papo especial na mesa redonda sobre o papel do árbitro no futebol paulista💪

.
.
.

📷 Diego Soares/Ag. Paulistão

#FPFAcademia #FPF #Arbitragem #Curso #Futebol",0,"04/11/2026 08:35",https://www.instagram.com/p/DW_yHlFEbjc/,"Carrossel do Instagram",,Total,10907,4291,308,12,1,1,0
18450024133105679,17841400074692954,paulistao,Paulistão,"SÁBADÃO DE DECISÕES! 🔥 #PaulistãoA4Rivalo",0,"04/11/2026 04:30",https://www.instagram.com/p/DW_Q5XAjXO9/,"Imagem do Instagram",,Total,18281,11047,217,9,0,2,3
18578419414028641,17841400074692954,paulistao,Paulistão,"TUDO IGUAL NA IDA!
Barretos e Grêmio São-Carlense empatam em 1 a 1 no jogo de ida das quartas de final do Paulistão A4 Rivalo!
#PaulistãoA4Rivalo
📷Divulgação/Grêmio São-Carlense",0,"04/10/2026 18:42",https://www.instagram.com/p/DW-SylTDCkc/,"Carrossel do Instagram",,Total,29571,13573,346,10,0,2,0
18104208793932367,17841427986572591,barretosec,"Barretos Esporte Clube - Perfil Oficial","TA LA DENTROOO, LUCAS HONÓRIO DRIBLA COM CATEGORIA E MANDA UM GOLAÇO PRO FUNDO DA REDE!🤩📸

📸 @gui_clicks 

#TouroDoVale #BarretosEC #JuntosPeloTouro",8,"04/10/2026 16:36",https://www.instagram.com/reel/DW-EBhsjThz/,"Reel do Instagram",,Total,181936,104034,3546,89,28,30,0
18080683334625825,17841400074692954,paulistao,Paulistão,"O PRIMEIRO PASSO PRO ACESSO! 🔥 #PaulistãoA3Rivalo",0,"04/10/2026 15:00",https://www.instagram.com/p/DW916WCj1YF/,"Imagem do Instagram",,Total,36440,23728,413,14,0,2,2
17985217448797965,17841405688144679,rivalobrasil,"Rivalo Brasil","A nossa ADM destrinchou tudo sobre semifinais da A3, hein... Se liga sobre quais são os times e os cenários de cada confronto! 👀

E aí, quem larga na frente nos jogos de ida das semifinais da competição? 🔥

Já aproveita e corre no site da Rivalo para fazer seu palpite nos semifinalistas! 💨

#Rivalo #NadaGanhadaEmocao #JoguecomResponsabilidade +18",73,"04/10/2026 12:30",https://www.instagram.com/reel/DW9oCcyklWY/,"Reel do Instagram",,Total,10562,8298,78,2,1,7,0
17967361119029137,17841400074692954,paulistao,Paulistão,"NÍVEL ALTÍSSIMO!
As quatro equipes que buscam o acesso no Paulistão A3 Rivalo já jogaram a Elite do Estadual!
#PaulistãoA3Rivalo #FutebolPaulista",0,"04/10/2026 12:15",https://www.instagram.com/p/DW9jrEcj0aG/,"Imagem do Instagram",,Total,65288,35820,1436,62,2,48,35
18120119416721675,17841467312227297,fpfacademia,"FPF Academia","COMO É A HISTÓRIA?? 🍉🤣
Raphael Claus, árbitro da FPF e FIFA, compartilhou com a gente um “causo” dos seus tempos de EAFI, além de deixar um recado para os atuais alunos do curso 🎙️ Se liga!

#FPFAcademia #Curso #Arbitragem #EAFI #FPF",69,"04/10/2026 09:00",https://www.instagram.com/reel/DW9L36HgdQn/,"Reel do Instagram",,Total,10871,7217,536,59,24,17,0
18430943848190242,17841405688144679,rivalobrasil,"Rivalo Brasil","VAI COMEÇAR O MATA-MATA DO PAULISTÃO A4 RIVALO! 🔥

São 8 times na disputa e somente 2 vagas para subir. E aí, quem vai vencer as batalhas finais e chegar à glória? 🤔

As melhores odds da competição estão na Rivalo, então corre pro site! 💨

#Rivalo #NadaGanhadaEmocao #JoguecomResponsabilidade +18",0,"04/10/2026 07:56",https://www.instagram.com/p/DW9IyThEro0/,"Imagem do Instagram",,Total,26273,16561,184,24,1,10,0
18088641677228471,17841400074692954,paulistao,Paulistão,"AGORA É A HORA DA VERDADE! 🔥
Confira os jogos de ida das quartas do #PaulistãoA4Rivalo",0,"04/10/2026 05:00",https://www.instagram.com/p/DW8viHHFYOV/,"Imagem do Instagram",,Total,26179,17807,279,13,1,3,5
18080278304385692,17841400074692954,paulistao,Paulistão,"ANIVERSÁRIO DE UM DOS MAIORES LATERAIS DA HISTÓRIA! 👏
Bicampeão paulista e campeão do mundo em 2002, Roberto Carlos completa 52 anos nessa sexta-feira (10)!
#FutebolPaulista #Aniversário",0,"04/10/2026 04:00",https://www.instagram.com/p/DW8oq6Ukg3t/,"Imagem do Instagram",,Total,27668,16629,430,6,0,6,4
18314418004262050,17841426429471156,fpf_oficial,"Federação Paulista de Futebol","RECONHECIMENTO HISTÓRICO! 🤩
Com um clube de futebol exclusivamente feminino, o @sesisp.futebolfeminino se tornou oficialmente um clube formador, reconhecido pela Confederação Brasileira de Futebol. 
A cerimônia de certificação foi realizada na sede da FIESP, com a presença do presidente da FPF, Reinaldo Carneiro Bastos, e demais autoridades. #FPF #FutebolPaulista",70,"04/09/2026 14:20",https://www.instagram.com/reel/DW7QDN-ybkZ/,"Reel do Instagram",,Total,18348,11488,480,53,12,19,2
18059112965441413,17841426429471156,fpf_oficial,"Federação Paulista de Futebol","SESI-SP CLUBE FORMADOR! ⚽✅
O @sesisp.futebolfeminino foi reconhecido pela CBF com o certificado de clube formador, tornando-se o primeiro do Brasil 100% voltado ao futebol feminino. 
A cerimônia de certificação aconteceu na manhã desta quinta-feira (9), na sede da FIESP, e foi conduzida pelo presidente da FIESP e do SESI-SP, Paulo Skaf, e pelo superintendente do SESI-SP, Alexandre Pflug.
A Federação Paulista de Futebol esteve representada pelo presidente, Reinaldo Carneiro Bastos, pelo vice-presidente, Mauro Silva, pelo vice-presidente de Registro, Transferências e Licenciamento, Gustavo Delbin, pela diretora de Futebol Feminino, Kin Saito, e demais membros da diretoria da Federação Paulista de Futebol. #FPF #FutebolPaulista 
📷 Rodrigo Corsi/Ag. Paulistão",0,"04/09/2026 13:32",https://www.instagram.com/p/DW7Kg30EnDS/,"Carrossel do Instagram",,Total,22932,11659,528,51,15,16,4
18058505441470946,17841467312227297,fpfacademia,"FPF Academia","TIME DOS ESPECIALISTAS ESCALADO ⚽⚖️
Se liga nos professores confirmados no Curso Direito do Futebol: Arbitragem e Resolução de Disputas. As vagas estão abertas e você pode se inscrever pelo link da bio ou dos destaques! 🔗 

Arraste para o lado e veja quem são os craques confirmados para guiar você nesse mercado em constante evolução. Dúvidas? Mande uma DM para a @fpfacademia 📩

.
.
.

#FPFAcademia #Curso #Direito #CursoOnline #FPF",0,"04/09/2026 11:34",https://www.instagram.com/p/DW68_STEbqa/,"Carrossel do Instagram",,Total,9917,3555,107,22,21,5,0
18040392977603530,17841400074692954,paulistao,Paulistão,"ARBITRAGEM PAULISTA NA COPA DO MUNDO! 🌎
Raphael Claus e Danilo Manis, integrantes do quadro de arbitragem da FPF, foram selecionados para a Copa do Mundo de 2026!
#FPF #Arbitragem",0,"04/09/2026 08:54",https://www.instagram.com/p/DW6qlbpEoWH/,"Imagem do Instagram",,Total,78281,45061,1062,82,5,57,15
18093370559143291,17841426429471156,fpf_oficial,"Federação Paulista de Futebol","O presidente da FPF, Reinaldo Carneiro Bastos, participou nesta quarta-feira (8), da Assembleia Geral Ordinária do Sindicato Nacional das Associações de Futebol Profissional e suas Entidades Estaduais de Administração e Ligas.
A reunião foi conduzida pelo presidente do SINAFUT, Gustavo Vieira, e contou com a presença de outras autoridades do futebol brasileiro. #FPF
📷 Rodrigo Corsi/Ag. Paulistão",0,"04/08/2026 11:26",https://www.instagram.com/p/DW4XMLNj8Ll/,"Carrossel do Instagram",,Total,9909,5155,229,6,1,3,1
18085269791522828,17841403734375167,sindicatodeatletas,"Sindicato de Atletas SP","🏆 Seleção dos Atletas
Paulistão A4 Rivalo 2026

Confira as seleções da 15ª rodada do Paulistão A4 Rivalo 2026.

⭐ GOL - Vinicius Mendy (Taquaritinga)
⭐ ZAG - César Augusto (Inter de Bebedouro)
⭐ ZAG - Ruan Correia (Jacareí)
⭐ ZAG - Abrahaim (Penapolense)
⭐ MD - João Araújo (Grêmio São-Carlense)
⭐ VOL - Rodrigo Bonfim (Grêmio São-Carlense)
⭐ VOL - Felipe Mian (Comercial)
⭐ ALA/E - Severo (Lemense)
⭐ ATA - Pedrinho (Taquaritinga)
⭐ ATA - Caio Vidal (Inter de Bebedouro)
⭐ ATA - Natã (Lemense)

Aqui, atleta vota em atleta!

#SeleçãodosAtletas #PaulistaoA4 #AtletaVotaemAtleta #SindicatodeAtletasSP #FPF #FutebolInterior

🎯 MKT Digital: @digitalsportspress",0,"04/08/2026 09:00",https://www.instagram.com/p/DW4GlfkgIYo/,"Imagem do Instagram",,Total,28577,17270,241,31,2,1,0
18430299361136612,17841400074692954,paulistao,Paulistão,"VAI PRO PUSKÁS? 🔥
Johann Perea recebeu a placa de gol mais bonito do Estádio Espanha e Jabaquara mira o Prêmio Puskás com apoio da FPF. #PaulistãoA4Rivalo",14,"04/08/2026 08:30",https://www.instagram.com/reel/DW4AV1cCtUq/,"Reel do Instagram",,Total,221033,110882,5029,221,3,57,66
18092700068174866,17841427986572591,barretosec,"Barretos Esporte Clube - Perfil Oficial","Na tarde de ontem (07), parte do elenco do Touro do Vale mostrou que o futebol vai muito além das quatro linhas.

Em uma iniciativa dos próprios jogadores e comissão técnica, foram arrecadadas caixas de leite destinadas à Casa Acolhedora Vovô Antônio, entidade que realiza um trabalho essencial no acolhimento de crianças e adolescentes em tratamento oncológicos, além de oferecer suporte às suas famílias.

Além da doação, os atletas também presentearam o jovem Vitor Hugo, natural de Comodoro (MT) e grande torcedor do Barretos, com uma bola.

A ação ganhou ainda mais significado com a visita ao local. Ao lado do técnico Gustavo Marciano, jogadores e membros da comissão conheceram a estrutura, conversaram com os pacientes e levaram carinho em um momento muito especial.

De acordo com Rogério Neves, a visita foi uma surpresa extremamente positiva e aconteceu em um momento crucial, já que o estoque de leite da instituição estava vazio. A presença dos atletas, além da doação, representou um gesto de respeito, atenção e acolhimento para as crianças e todos que fazem parte da casa.

Além disso, os jogadores fizeram questão de convidar os pacientes para acompanharem de perto os jogos e também os treinos da equipe. ❤️💚

📸 @gui_clicks / Comunicação BEC

#TouroDoVale #BarretosEC #JuntosPeloTouro #Rivalo",127,"04/08/2026 06:07",https://www.instagram.com/reel/DW3yjXAD7Tt/,"Reel do Instagram",,Total,43292,26059,803,109,28,50,0
17858348712586061,17841400074692954,paulistao,Paulistão,"QUARTA FEIRA É GUERRA! 🔥 #PaulistãoA2Rivalo",0,"04/08/2026 05:00",https://www.instagram.com/p/DW3l8cFFbVX/,"Imagem do Instagram",,Total,16031,9248,317,10,1,5,2
18036772166789776,17841444486295545,laligabusinessschool,"LALIGA BUSINESS SCHOOL","🎙️⚽ En LALIGA WEEK recibimos a Mauro Silva.

Exjugador profesional, campeón del mundo con Brasil en 1994, campeón de la Copa América en 1997, campeón de LALIGA en la temporada 1999-2000 con el Deportivo de La Coruña y actual vicepresidente de la Federación Paulista de Fútbol (FPF).

En esta entrevista, Mauro Silva nos comparte su visión sobre el valor de LALIGA WEEK en la profesionalización del deporte y reflexiona sobre el papel que juega la formación en el desarrollo de la industria deportiva.

Una conversación sobre fútbol, liderazgo y aprendizaje con una figura histórica del deporte. 🌍📚

Entrevista completa en el canal de YouTube de LALIGA BUSINESS SCHOOL 

#laliga #laligabusinessschool #laligaweek #fpf #maurosilva",62,"04/08/2026 04:20",https://www.instagram.com/reel/DW3l4zaCJoz/,"Reel do Instagram",,Total,7081,5731,104,5,3,5,0
17901877962410964,17841403734375167,sindicatodeatletas,"Sindicato de Atletas SP","🏆 Seleção dos Atletas
Paulistão A3 Rivalo 2026

Confira a seleção da 17ª rodada do Paulistão A3 Rivalo 2026.

⭐ GOL - Wagner Coradin (Marília)
⭐ LD - Maninho (Portuguesa Santista)
⭐ ZAG - Lázaro (Marília)
⭐ ZAG - Felipe Torres (Rio Preto)
⭐ LE - Dedé (XV de Jaú)
⭐ VOL - Ranisson (Rio Preto)
⭐ MC - Rifle (XV de Jaú)
⭐ MC - Rafinha (Portuguesa Santista)
⭐ MC - Carlos Alberto (Marília)
⭐ ATA - JP (XV de Jaú)
⭐ ATA - Lucas Lima (Marília)

Aqui, atleta vota em atleta!

#SeleçãodosAtletas #PaulistaoA3 #AtletaVotaemAtleta #SindicatodeAtletasSP #FPF #FutebolInterior

🎯 MKT Digital: @digitalsportspress",0,"04/08/2026 04:01",https://www.instagram.com/p/DW3kXtNlMNx/,"Imagem do Instagram",,Total,24113,13405,288,44,0,1,0
18048170138512069,17841400074692954,paulistao,Paulistão,"60 ANOS DO MAZINHO! 🥳
Feliz aniversário para o bicampeão paulista e campeão do mundo com a Seleção em 94!
#FutebolPaulista #Aniversário",0,"04/08/2026 03:00",https://www.instagram.com/p/DW3YNpWj6_7/,"Imagem do Instagram",,Total,21881,13026,304,5,0,6,2
18586930813016001,17841426429471156,fpf_oficial,"Federação Paulista de Futebol","O Conselho Técnico das quartas de final do Paulistão A4 Rivalo aconteceu nesta terça-feira (7), no Edifício Pelé. O encontro, conduzido pelo presidente da FPF, Reinaldo Carneiro Bastos, teve como intuito definir todos os detalhes da próxima fase da competição. 
#FPF #FutebolPaulista",140,"04/07/2026 16:21",https://www.instagram.com/reel/DW2TYcECVrp/,"Reel do Instagram",,Total,12735,9796,177,13,7,3,6
18100099907054642,17841467312227297,fpfacademia,"FPF Academia","DA SALA DE AULA PARA O CAMPO 📚⚽️
Rodrigo Peterneli, presidente do @paulistafc, compartilha sua experiência com o principal curso de gestão da @fpfacademia e reforça, na prática, como a qualificação impacta a gestão e o desenvolvimento dentro e fora de campo

Dentro das quatro linhas, o Paulista vive uma trajetória consistente de reconstrução: campeão da 5ª divisão em 2024, acesso garantido na A4 no ano passado e, em 2025, chegada às quartas de final da A3. É o terceiro mata-mata consecutivo de um clube histórico, campeão da Copa do Brasil 2005 🏆

🔗 As inscrições seguem abertas para a 6ª edição do Curso Master FPF! Acesse o link na bio e não deixe para depois, pois as vagas são limitadas! 

.
.
.

#FPFAcademia #MasterFPF #Curso #Gestão #Futebol @udofutebol",70,"04/07/2026 15:37",https://www.instagram.com/reel/DW2OMIWkaZJ/,"Reel do Instagram",,Total,7086,4374,207,7,5,18,0
18111667771773253,17841426429471156,fpf_oficial,"Federação Paulista de Futebol","FASE DECISIVA! ⚽️
Os clubes que vão disputar as quartas de final do Paulistão A4 Rivalo foram recebidos pelo presidente da FPF, Reinaldo Carneiro Bastos, no edifício Pelé, para o Conselho Técnico da competição nesta terça-feira (7).
#FPF #FutebolPaulista
📷Rodrigo Corsi/ Ag. Paulistão",0,"04/07/2026 14:30",https://www.instagram.com/p/DW2CaYmmSBK/,"Carrossel do Instagram",,Total,8046,3560,201,3,0,5,0
18142969123499846,17841426429471156,fpf_oficial,"Federação Paulista de Futebol","DE OLHO NA PRÓXIMA FASE! 🏆
Reinaldo Carneiro Bastos, presidente da FPF, recebeu os representantes de Portuguesa Santista, Marília, XV de Jaú e Rio Preto, para o Conselho Técnico que definiu os últimos detalhes das semifinais do Paulistão A3 Rivalo.
Durante o encontro, os clubes também compartilharam suas expectativas sobre a edição de 2026. #FPF #FutebolPaulista",81,"04/07/2026 13:29",https://www.instagram.com/reel/DW2AaK_ibo0/,"Reel do Instagram",,Total,14287,10083,494,26,6,16,3
18308176735276615,17841426429471156,fpf_oficial,"Federação Paulista de Futebol","TUDO DEFINIDO!
O Conselho Técnico do Paulistão A3 Rivalo aconteceu nesta terça-feira (7), no edifício Pelé, com os representantes dos quatro clubes semifinalistas para detalhamento da próxima fase da competição.
#PaulistãoA3Rivalo #FPF
📷 Rodrigo Corsi e Diego Soares/Ag. Paulistão",0,"04/07/2026 12:27",https://www.instagram.com/p/DW15emsj0m-/,"Carrossel do Instagram",,Total,12146,5423,286,10,2,0,1
17896872855280742,17841400074692954,paulistao,Paulistão,"EM BUSCA DO ACESSO!
Datas e horários definidos para os jogos das quartas de final do Paulistão A4 Rivalo!
#PaulistãoA4Rivalo",0,"04/07/2026 11:42",https://www.instagram.com/p/DW10UYYESnX/,"Carrossel do Instagram",,Total,40615,18967,533,66,3,19,10
18059576780441761,17841400074692954,paulistao,Paulistão,"O PENÚLTIMO PASSO PRO JOGO DO ACESSO! #PaulistãoA2Rivalo",0,"04/07/2026 10:30",https://www.instagram.com/p/DW1q8pljcfL/,"Imagem do Instagram",,Total,14931,8604,231,10,0,6,4
18038590529786789,17841400074692954,paulistao,Paulistão,"ESSE É O NOSSO FANATICÃO! 😅
#Fanaticão #PaulistãoA3Rivalo",32,"04/07/2026 09:00",https://www.instagram.com/reel/DW1c7C_CoHi/,"Reel do Instagram",,Total,72476,45963,1552,64,1,11,16
18111698473816644,17841400074692954,paulistao,Paulistão,"TÁ CHEGANDO A HORA!
Portuguesa Santista, Rio Preto, Marília e XV de Jaú disputam o acesso no Paulistão A3 Rivalo!
#PaulistãoA3Rivalo",0,"04/07/2026 09:00",https://www.instagram.com/p/DW1hqetFLG_/,"Carrossel do Instagram",,Total,78170,30064,1381,150,2,28,21
18085687841341784,17841400074692954,paulistao,Paulistão,"FANATICÃO DE PÁSCOA! 🐶🔥
O nosso mascote marcou presença na festa da Briosa pelas quartas do #PaulistãoA3Rivalo.",24,"04/05/2026 11:55",https://www.instagram.com/reel/DWwsE_AiS5N/,"Reel do Instagram",,Total,56857,42329,963,37,3,18,12
18059713790429113,17841400074692954,paulistao,Paulistão,"GELADÍSSIMO! 🥶
Que batida, meus amigos! O __jota0 bateu com extrema categoria a última penalidade e colocou a Portuguesa Santista na semifinal do Paulistão A3 Rivalo!
#PaulistãoA3Rivalo",55,"04/05/2026 08:57",https://www.instagram.com/reel/DWwXxs4lmRz/,"Reel do Instagram",,Total,386461,219007,14960,907,81,267,131
18206794144336828,17841400074692954,paulistao,Paulistão,"AVANÇARAM! 
Rio Preto, Marília, Portuguesa Santista e XV de Jaú seguem sonhando com o acesso e a vaga na final do Paulistão A3 Rivalo 2026!
#PaulistãoA3Rivalo",0,"04/05/2026 08:40",https://www.instagram.com/p/DWwV3eRjTWS/,"Imagem do Instagram",,Total,52386,27124,1264,48,2,16,6
17865754758529088,17841400074692954,paulistao,Paulistão,"FOI COM EMOÇÃO!
Portuguesa Santista vence nos pênaltis e garante a última vaga da semifinal do Paulistão A3 Rivalo 2026!
#PaulistãoA3Rivalo",0,"04/05/2026 08:25",https://www.instagram.com/p/DWwUKbtjfhw/,"Imagem do Instagram",,Total,83105,47180,2037,184,4,42,18
18085220876349129,17841400074692954,paulistao,Paulistão,"NO APAGAR DAS LUZES!
O gol que levou Portuguesa Santista e Paulista para os pênaltis!
#PaulistãoA3Rivalo",25,"04/05/2026 08:15",https://www.instagram.com/reel/DWwS9nPFE99/,"Reel do Instagram",,Total,168538,104642,5709,200,59,80,44
17931179853230786,17841400074692954,paulistao,Paulistão,"É O GALO DA COMARCA!
Avisa lá que o XV de Jaú tá na semifinal do Paulistão A3 Rivalo!
#PaulistãoA3Rivalo",0,"04/05/2026 07:56",https://www.instagram.com/p/DWwQ2onDQ3O/,"Imagem do Instagram",,Total,70990,40881,1007,128,7,20,5
18096908510288332,17841426429471156,fpf_oficial,"Federação Paulista de Futebol","FPF 🤝 BIS!
Desejamos a todos uma ótima Páscoa 🍫
#FPF",22,"04/05/2026 07:00",https://www.instagram.com/reel/DWwKfEVPClr/,"Reel do Instagram",,Total,5704,3696,157,10,2,1,4
18089882825237172,17841400074692954,paulistao,Paulistão,"DOMINGO DE DECISÃO NO ULRICO MURSA!
Portuguesa Santista e Paulista medem forças por um lugar na semifinal do Paulistão A3 Rivalo!
O Galo da Japi tem a vantagem graças a vitória no jogo de ida, mas a Briosa quer fazer valer o fator casa pela classificação!  Quem será leva a melhor?
#PaulistãoA3Rivalo
📷@cinelinfc",0,"04/05/2026 05:32",https://www.instagram.com/p/DWwAZSVlkXC/,"Carrossel do Instagram",,Total,44811,18589,1437,57,4,30,8
17905910457390531,17841426429471156,fpf_oficial,"Federação Paulista de Futebol","A FPF deseja a todos os Fanáticos e Fanáticas por Futebol uma feliz Páscoa! 🐰🤍
#FPF #FelizPáscoa",0,"04/05/2026 03:00",https://www.instagram.com/p/DWvp1LslOsr/,"Imagem do Instagram",,Total,23206,15576,387,57,2,2,2
18089887664586545,17841400074692954,paulistao,Paulistão,"Rio Preto e Marília garantiram as primeira vagas na semifinal do Paulistão A3 Rivalo! A definição das outras vagas acontecem neste domingo.
#PaulsitãoA3Rivalo",0,"04/04/2026 18:01",https://www.instagram.com/p/DWuxXh-DQpq/,"Imagem do Instagram",,Total,37247,19186,842,26,2,20,4
18126787267576637,17841400074692954,paulistao,Paulistão,"O TIGRE VAI BUSCAR O ACESSO!
O Marília é semifinalista do #PaulisãoA3Rivalo!",0,"04/04/2026 17:50",https://www.instagram.com/p/DWuwB9IjlpG/,"Imagem do Instagram",,Total,113814,67192,1736,306,14,36,18
18093128297116933,17841400074692954,paulistao,Paulistão,"CONFRONTOS DEFINIDOS!
Oito times seguem sonhando com o acesso no Paulistão A4 Rivalo 2026!
#PaulistãoA4Rivalo",0,"04/04/2026 13:25",https://www.instagram.com/p/DWuRy01EssH/,"Imagem do Instagram",,Total,61031,37177,589,69,1,38,5
18101249599761553,17841400074692954,paulistao,Paulistão,"AVANÇA, JACARÉ! 🐊
A primeira vaga da semifinal do Paulistão A3 Rivalo é do @riopreto.ec! 
#PaulistãoA3Rivalo",0,"04/04/2026 13:05",https://www.instagram.com/p/DWuPci0EnvY/,"Imagem do Instagram",,Total,113565,64247,1217,183,4,24,14
18166200250414326,17841467312227297,fpfacademia,"FPF Academia","O POTENCIAL BRASILEIRO 💪
Mauro Silva viu de perto o crescimento do futebol espanhol em termos de GESTÃO! Será que o Brasil pode chegar lá? Confira o que diz o vice-presidente da FPF 🎙️

#FPFAcademia #LALIGAWeek #FutebolDeBase #LALIGA #FPF",70,"04/04/2026 08:35",https://www.instagram.com/reel/DWtrV7fDs5J/,"Reel do Instagram",,Total,13150,9826,575,21,6,27,0
17876292948436508,17841400074692954,paulistao,Paulistão,"QUEM PASSAR FICA A DOIS JOGOS DO ACESSO!🔥 
Confira onde assistir os jogos de volta das quartas do #PaulistãoA3Rivalo.",0,"04/04/2026 05:30",https://www.instagram.com/p/DWtWMcaGeor/,"Imagem do Instagram",,Total,49618,29709,574,28,6,41,6
18417537478120847,17841400074692954,paulistao,Paulistão,"É AGORA OU NUNCA! 🔥 
Confira onde assistir os jogos da última rodada da primeira fase do #PaulistãoA4Rivalo.",0,"04/04/2026 05:00",https://www.instagram.com/p/DWtSwuQjcqg/,"Imagem do Instagram",,Total,29593,17641,282,19,2,9,5
18094801040037661,17841400074692954,paulistao,Paulistão,"A ÚLTIMA RODADA VALE MUITO! 🔥
Tem confronto direto, três vagas em aberto e disputa pela liderança pra fechar a primeira fase do #PaulistãoA4Rivalo.",0,"04/03/2026 08:30",https://www.instagram.com/p/DWrF_2-FLeU/,"Imagem do Instagram",,Total,28890,16106,447,7,0,7,4
18574855546050242,17841403734375167,sindicatodeatletas,"Sindicato de Atletas SP","🏆 Seleção dos Atletas
Paulistão A4 Rivalo 2026

Confira as seleções da 14ª rodada do Paulistão A4 Rivalo 2026.

⭐ GOL - Juan (Colorado Caieiras)
⭐ LD - Zé Lúcio (Jacareí)
⭐ ZAG - Índio (ECUS)
⭐ ZAG - Zé Gabriel (Colorado Caieiras)
⭐ LE - David Silva (Barretos)
⭐ VOL - João Gregório (Inter de Bebedouro)
⭐ VOL - Victor Moura (Grêmio São-Carlense)
⭐ MC - Mateusinho (ECUS)
⭐ ATA - Loram (Inter de Bebedouro)
⭐ ATA - Ibrahim (Penapolense)
⭐ ATA - Rafinha (Jacareí)

Aqui, atleta vota em atleta!

#SeleçãodosAtletas #PaulistaoA4 #AtletaVotaemAtleta #SindicatodeAtletasSP #FPF #FutebolInterior

🎯 MKT Digital: @digitalsportspress",0,"04/03/2026 08:01",https://www.instagram.com/p/DWrH3-dDTgF/,"Imagem do Instagram",,Total,25331,15594,127,37,2,1,0
17870874810478412,17841403734375167,sindicatodeatletas,"Sindicato de Atletas SP","🏆 Seleção dos Atletas
Paulistão A2 Rivalo 2026

Confira a SELEÇÃO DOS ATLETAS da 4ª rodada da segunda fase do Paulistão A2 Rivalo 2026.

⭐️ GOL - Lucas Wingert (Ituano)
⭐️ LD - Lucas Rodrigues (Ferroviária)
⭐️ ZAG - Carlão (Ituano)
⭐️ ZAG - Thomás Kayck (Juventus)
⭐️ LE - Dal Pian (Ituano) 
⭐️ VOL - Alison (Votuporanguense)
⭐️ VOL - Madison (Juventus)
⭐️ MC - Stefanello (Ituano)
⭐️ MC - Edinho (Juventus)
⭐️ ATA - Hugo (Votuporanguense)
⭐️ ATA - Vitor Barreto (Ferroviária)

Aqui, atleta vota em atleta!

#SeleçãodosAtletas #PaulistaoA2 #AtletaVotaemAtleta #SindicatodeAtletasSP #FPF #FutebolInterior

🎯 MKT Digital: @digitalsportspress",0,"04/03/2026 03:08",https://www.instagram.com/p/DWqmWXNFLfX/,"Imagem do Instagram",,Total,12020,7035,89,17,3,1,0
18084696116575442,17841400074692954,paulistao,Paulistão,"84 ANOS DO DIVINO! 😇
ídolo do Palmeiras e pentacampeão paulista, Ademir da Guia completa 84 anos nessa sexta-feira (3)!
#FutebolPaulista #Aniversário",0,"04/03/2026 03:00",https://www.instagram.com/p/DWqgO46FNGg/,"Imagem do Instagram",,Total,32864,19887,1433,54,2,16,19
17994011117928790,17841403734375167,sindicatodeatletas,"Sindicato de Atletas SP","🏆 Seleção dos Atletas
Paulistão A3 Rivalo 2026

Confira a seleção da 16ª rodada do Paulistão A3 Rivalo 2026.

⭐ GOL - Léo Lopes (Rio Preto) 
⭐ ZAG - Felipe Codô (Rio Preto)
⭐ ZAG - Pavani (Paulista)
⭐ ZAG/LE - Udson (EC São Bernardo)
⭐ MD - Kayky Alves (EC São Bernardo)
⭐ MC - Vinicius Oliveira (Rio Preto)
⭐ MC - Camilo (Paulista)
⭐ ME - Bryan (Paulista)
⭐ ATA - Vinícius (EC São Bernardo)
⭐ ATA - Marcos Papa (Rio Preto)
⭐ ATA - Christopher (Paulista)

Aqui, atleta vota em atleta!

#SeleçãodosAtletas #PaulistaoA3 #AtletaVotaemAtleta #SindicatodeAtletasSP #FPF #FutebolInterior

🎯 MKT Digital: @digitalsportspress",0,"04/02/2026 11:24",https://www.instagram.com/p/DWo6W6UDcT9/,"Imagem do Instagram",,Total,27424,14647,232,30,2,1,0
17880907530532489,17841426429471156,fpf_oficial,"Federação Paulista de Futebol","FPF repudia ato racista sofrido pela atleta Kauane, do Red Bull Bragantino
#FPF",0,"04/02/2026 11:06",https://www.instagram.com/p/DWo4ILDku0O/,"Imagem do Instagram",,Total,38132,18102,592,27,3,8,5
18165770920412842,17841426429471156,fpf_oficial,"Federação Paulista de Futebol","Hoje é Dia Mundial da Conscientização do Autismo! A data foi instituída pela ONU em 2007 para promover conhecimento sobre o TEA.
#FutebolPaulista #DiaMundialdeConscientizaçãodoAutismo",0,"04/02/2026 04:00",https://www.instagram.com/p/DWoCTiWFG-s/,"Imagem do Instagram",,Total,43941,32067,383,174,2,3,7
18114395491662954,17841400074692954,paulistao,Paulistão,"AU AU AU, EDMUNDO É ANIMAL!
55 anos do bicampeão paulista e ex-jogador do Palmeiras, Corinthians e Santos!
#FutebolPaulista #Aniversário",0,"04/02/2026 03:00",https://www.instagram.com/p/DWn7cHRlSut/,"Imagem do Instagram",,Total,38886,23417,453,11,1,9,6
18082286588381307,17841400074692954,paulistao,Paulistão,"PARABÉNS, BUGRÃO! 💚🏹🎉🥳
Único campeão Brasileiro do Interior, o Guarani comemora 115 anos de história e tradição!
#Aniversário #FutebolPaulista",0,"04/02/2026 02:00",https://www.instagram.com/p/DWn0khOlLJO/,"Imagem do Instagram",,Total,110595,65853,3809,431,7,133,34
17944196460076708,17841467312227297,fpfacademia,"FPF Academia","ABRIL OS TRABALHOS 😆
O mês tá cheio na @fpfacademia! Vem com a gente conferir os principais acontecimentos dos próximos 30 dias por aqui 📅

.
.
.

#FPFAcademia #Calendário #Abril #Cursos #FPF",0,"04/01/2026 06:00",https://www.instagram.com/p/DWlrbPMlaDm/,"Carrossel do Instagram",,Total,6366,2594,78,13,0,0,0
17883470532494850,17841467312227297,fpfacademia,"FPF Academia","EXPERIÊNCIA APROVADA 🎓 ✅
Atual presidente da Confederação Brasileira de Futebol (CBF), Samir Xaud realizou, em 2024, o Curso Master FPF, principal programa de capacitação em gestão da @fpf_oficial. Se liga no relato 🗣️

🚨 Chegou a sua vez de fazer parte desta vivência e impulsionar sua carreira! Acesse o link da bio da @fpfacademia e faça sua inscrição para a 6ª edição do Master FPF. Dúvidas? Nos mande uma DM 🔗

.
.
.

#FPFAcademia #Curso #MasterFPF #Gestão #FPF",0,"03/31/2026 15:01",https://www.instagram.com/p/DWkJcw7EVG7/,"Imagem do Instagram",,Total,48781,46543,524,17,209,8,0
18078323759395654,17841426429471156,fpf_oficial,"Federação Paulista de Futebol","FPF 🤝 BRASILUX!
Nos tons de vermelho e amarelo, a @brasiluxtintas está contando uma nova história no #FutebolPaulista, patrocinando os cartões do quadro de arbitragem! 
#FPF #Arbitragem #Brasilux 
📷 Jhonny Inácio/Ag. Paulistão",0,"03/31/2026 13:22",https://www.instagram.com/p/DWj-JpYoEGI/,"Imagem do Instagram",,Total,8617,4848,239,19,1,7,3
18095395259512691,17841403734375167,sindicatodeatletas,"Sindicato de Atletas SP","🏆 Seleção dos Atletas
Paulistão A4 Rivalo 2026

Confira as seleções da 13ª rodada do Paulistão A4 Rivalo 2026.

⭐ GOL - Italo (Jabaquara)
⭐ ZAG - Cristopher (Comercial)
⭐ ZAG - Gabriel Oliveira (Grêmio São-Carlense)
⭐ ZAG - Luiz Felipe (ECUS)
⭐ ALA/D - Brian (Nacional)
⭐ VOL - Kawan (ECUS)
⭐ MC - David (Barretos)
⭐ ALA/E - Samuel (Comercial)
⭐ ATA - Luan (Penapolense)
⭐ ATA - Gabriel Messias (Taquaritinga)
⭐ ATA - Vichtor Pará (Grêmio São-Carlense)

Aqui, atleta vota em atleta!

#SeleçãodosAtletas #PaulistaoA4 #AtletaVotaemAtleta #SindicatodeAtletasSP #FPF #FutebolInterior

🎯 MKT Digital: @digitalsportspress",0,"03/31/2026 07:02",https://www.instagram.com/p/DWjSsPpjeSS/,"Imagem do Instagram",,Total,27238,14357,225,37,4,1,0
18261551320288956,17841403734375167,sindicatodeatletas,"Sindicato de Atletas SP","🏆 Seleção dos Atletas
Paulistão A4 Rivalo 2026

Confira as seleções da 9ª rodada do Paulistão A4 Rivalo 2026.

⭐ Gol - Leandro Vaso (Inter de Bebedouro)
⭐ ZAG – Dogão (Comercial)
⭐ ZAG - Vytor (Comercial)
⭐ ZAG - Sandoval (Inter de Bebedouro)
⭐ VOL – Ryan (Penapolense)
⭐ VOL - Daniel Baiano (Barretos)
⭐ MD – Gonzalo (Colorado Caieiras)
⭐ MC Central - João Araújo (Grêmio São-Carlense) 
⭐ ME - Iury (Barretos)
⭐ ATA – Natan (ECUS)
⭐ ATA – Lobato (Colorado Caieiras)

Aqui, atleta vota em atleta!

#SeleçãodosAtletas #PaulistaoA4 #AtletaVotaemAtleta #SindicatodeAtletasSP #FPF #FutebolInterior

🎯 MKT Digital: @digitalsportspress",0,"03/16/2026 14:00",https://www.instagram.com/p/DV9anG6jLHh/,"Imagem do Instagram","Ocorreu um erro ao computar métricas.",-,,,,,,,
17875091352544283,17841426429471156,fpf_oficial,"Federação Paulista de Futebol","ENCONTRO DE IDEIAS! 💡
Os clubes paulistas que disputarão o Brasileirão Série D em 2026 foram recebidos pelo vice-presidente da Federação Paulista de Futebol, Mauro Silva, nesta quarta-feira (11), no Edifício Pelé. Durante a reunião, os representantes conversaram sobre os próximos desafios e trocaram ideias sobre a preparação das equipes.
#FPF #FutebolPaulista
📷Diego Rodrigues/Ag.Paulistão",0,"03/11/2026 13:57",https://www.instagram.com/p/DVwiVcZCW_l/,"Carrossel do Instagram",,Total,14078,6440,225,7,3,0,3
17984291459971214,17841426429471156,fpf_oficial,"Federação Paulista de Futebol","@fpf_oficial 🤝 @faculdadeeinstein 🤝 @cbfacademy 
Mauro Silva, vice-presidente da FPF, e o Dr. Moisés Cohen, presidente do Comitê Médico e de Controle de Dopagem da FPF, participaram do Treinamento de Atendimento às Emergências no Futebol no Centro de Simulação Realística do Albert Einstein. Os alunos realizaram um pré-teste, tiveram aulas teóricas, práticas monitoradas e encerraram o dia com a construção de cenários de possíveis emergências no futebol. 
#FPF",169,"03/30/2026 13:28",https://www.instagram.com/reel/DWhZ8-ICVuQ/,"Reel do Instagram",,Total,13003,9098,128,31,7,2,4
18064569515339291,17841400074692954,paulistao,Paulistão,"O VOTUPORANGUENSE ESTÁ A DOIS PASSOS DO ACESSO! ⚫️⚪
Com a vitória contra o XV de Piracicaba, o CAV foi o primeiro time a garantir vaga nas semis do #PaulistãoA2Rivalo.",0,"03/30/2026 13:00",https://www.instagram.com/p/DWhRuGDjytA/,"Imagem do Instagram",,Total,61315,33731,1488,70,5,42,9
18261096877290944,17841426429471156,fpf_oficial,"Federação Paulista de Futebol","Mauro Silva, vice-presidente da FPF, participou nesta segunda-feira, ao lado do Doutor Moisés Cohen, presidente do Comitê Médico e de Controle Dopagem da Federação, do Lançamento do Treinamento de Atendimento às Emergências no Futebol, realizado pelo Centro de Simulação Realística Einstein em parceria com a FPF e a CBF Academy.
#FPF
📷Diego Soares/Ag. Paulistão",0,"03/30/2026 12:37",https://www.instagram.com/p/DWhUP0Yib8v/,"Carrossel do Instagram",,Total,7983,3583,243,16,5,7,4
18078046388574882,17841400074692954,paulistao,Paulistão,"EMOÇÃO DE PONTA A PONTA! 🔥
Com três vagas para quartas ainda em disputa, assim está a classificação após 14 rodadas do #PaulistãoA4Rivalo.",0,"03/30/2026 09:30",https://www.instagram.com/p/DWg7iv0E-Ye/,"Imagem do Instagram",,Total,166682,85903,3542,92,26,39,48
18107452789678104,17841400074692954,paulistao,Paulistão,"RESTAM TRÊS VAGAS! 🔥
Com o Votuporanguense garantido nas semis, confira como está a classificação do #PaulistãoA2Rivalo.",0,"03/30/2026 09:05",https://www.instagram.com/p/DWg61LKk6xd/,"Imagem do Instagram",,Total,101230,51771,2250,81,7,35,21
18082388276071720,17841400074692954,paulistao,Paulistão,"CLIMA DE FESTA EM BARRETOS! 🕺
O Touro do Vale tá garantido nas quartas do #PaulistãoA4Rivalo. 
🎥 Guilherme Ribeiro/Comunicação Barretos",23,"03/30/2026 08:15",https://www.instagram.com/reel/DWg0ulygQ3c/,"Reel do Instagram",,Total,91598,61329,1431,96,8,22,13
18116890453646230,17841403734375167,sindicatodeatletas,"Sindicato de Atletas SP","🏆 Seleção dos Atletas
Paulistão A2 Rivalo 2026

Confira a SELEÇÃO DOS ATLETAS da 3ª rodada da segunda fase do Paulistão A2 Rivalo 2026.

⭐️ GOL - Dênis Júnior (Ferroviária)
⭐️ ZAG/LD - Gabriel William (Ituano) 
⭐️ ZAG - Pedro Vitor (Votuporanguense)
⭐️ ZAG - Medina (Ferroviária)
⭐️ LE - Thiaguinho (Ituano)
⭐️ VOL - Kauan (Ituano)
⭐️ MC - Rodolfo (Votuporanguense)
⭐️ MC - Albano (Ferroviária)
⭐️ ATA - Paulinho (Juventus)
⭐️ ATA - Gabriel Razera (Ituano)
⭐️ ATA - Luiz Thiago (Votuporanguense)

Aqui, atleta vota em atleta!

#SeleçãodosAtletas #PaulistaoA2 #AtletaVotaemAtleta #SindicatodeAtletasSP #FPF #FutebolInterior

🎯 MKT Digital: @digitalsportspress",0,"03/30/2026 08:13",https://www.instagram.com/p/DWg2Ge6jz8O/,"Imagem do Instagram",,Total,17612,10000,172,10,2,1,0
17958500591928927,17841400074692954,paulistao,Paulistão,"GOLEADA GRENÁ!
Ferroviária vira pra cima do São José e conquista três pontos importantes na disputa do Paulistão A2 Rivalo!
#PaulistãoA2Rivalo
📷Guilherme Moro/Ferroviária",0,"03/29/2026 16:00",https://www.instagram.com/p/DWfGxN1Estx/,"Imagem do Instagram",,Total,86797,49014,1549,95,1,40,7
18573446881034432,17841467312227297,fpfacademia,"FPF Academia","FPF ACADEMIA EM SERRANA! 🔜
As inscrições seguem abertas para a 4ª edição do Curso de Capacitação de Árbitros - Ligas Amadoras Paulistas 🟨 🟥 Experiência ideal para quem já apita ou deseja apitar em partidas não oficiais. Inscreva-se já!

💻 6 aulas on-line
📍 Atividade presencial em Serrana-SP (16/05)
💰 R$ 220

🔗 Garanta sua vaga pelo link da bio da @fpfacademia

.
.
.

#FPFAcademia #Curso #Arbitragem #Ligas #EAFI",0,"03/29/2026 14:55",https://www.instagram.com/p/DWe-6d3kWaI/,"Imagem do Instagram",,Total,12185,6498,121,16,7,6,0
18101501218747083,17841400074692954,paulistao,Paulistão,"DE OLHO NOS RESULTADOS!
Ituano, Votuporanguense e Juventus fizeram a alegria de suas torcidas neste sábado, que foi ainda mais especial pro CAV, primeiro semifinalista do Paulistão A2 Rivalo!
#PaulistãoA2Rivalo",0,"03/28/2026 18:27",https://www.instagram.com/p/DWcyth8DVHh/,"Imagem do Instagram",,Total,47619,27527,678,19,1,17,4
18541399360067902,17841400074692954,paulistao,Paulistão,"VITÓRIA DO JUVENTUS!
Em noite de Edinho, autor de dois gols, O Moleque Travesso supera o Sertãozinho e segue firme na luta pela classificação para a semifinal!
#PaulistãoA2Rivalo
📷Divulgação/Juventus",0,"03/28/2026 18:10",https://www.instagram.com/p/DWcw0qtDo3v/,"Imagem do Instagram",,Total,70754,41503,1035,24,1,15,5
18083825468364608,17841400074692954,paulistao,Paulistão,"TÁ ACABANDO!
Ponto final na penúltima rodada da fase de grupos do Paulistão A4 Rivalo! Vamos ao resultados.
#PaulistãoA4Rivalo",0,"03/28/2026 17:58",https://www.instagram.com/p/DWcvd_mj9_m/,"Imagem do Instagram",,Total,55637,30967,959,53,4,24,9
17881840224490872,17841400074692954,paulistao,Paulistão,"IDA JÁ FOI! 
Se liga como ficaram os resultados dos primeiros jogos das quartas de final do Paulistão A3 Rivalo!
#PaulistãoA3Rivalo",0,"03/28/2026 17:45",https://www.instagram.com/p/DWct8kGD0Uw/,"Imagem do Instagram",,Total,62912,34753,1136,67,2,53,6
18096214493074081,17841400074692954,paulistao,Paulistão,"VITÓRIA EM CASA!
No primeiro confronto entre Paulista e Portuguesa Santista por um lugar na semifinal do Paulistão A3 Rivalo, o Galo da Japi levou a melhor!
#PaulistãoA3Rivalo
📷Divulgação/Paulista",0,"03/28/2026 17:17",https://www.instagram.com/p/DWcqsFyEfhl/,"Imagem do Instagram",,Total,59059,34134,1164,23,0,18,4
18097963667474437,17841400074692954,paulistao,Paulistão,"SEMIFINALISTA!
Votuporanguense vence o XV de Piracicaba e segue na luta pelo acesso à elite estadual!
#PaulistãoA2Rivalo
📷Rapha Marques/Divulgação/Votuporanguense",0,"03/28/2026 16:38",https://www.instagram.com/p/DWcmPqcEkf1/,"Imagem do Instagram",,Total,67335,39122,813,33,1,25,5
18041331623551947,17841400074692954,paulistao,Paulistão,"TÁ MALUCO! 🤯
O Pelé pode não ter feito, mas o Perea não perdeu a chance! Lindo gol do camisa 2 do Jabaquara pra cima do Comercial no Paulistão A4 Rivalo!
#PaulistãoA4Rivalo",68,"03/28/2026 14:41",https://www.instagram.com/reel/DWcYxexCUac/,"Reel do Instagram",,Total,154014,93435,3828,341,4,55,37
18075406181546468,17841400074692954,paulistao,Paulistão,"CANTOU DE GALO!
XV de Jaú vence o Rio Claro fora de casa e agora decide a vaga para a semifinal do Paulistão A3 Rivalo no Zezinho Magalhães!
#PaulistãoA3Rivalo
📷Aline Martins/XV de Jaú",0,"03/28/2026 14:01",https://www.instagram.com/p/DWcUWmCkiMM/,"Imagem do Instagram",,Total,58512,34126,1232,45,8,17,5
17932115145054994,17841400074692954,paulistao,Paulistão,"VANTAGEM DO CACHORRÃO!
EC São Bernardo faz o dever de casa e fica mais próximo de um lugar na semifinal do #PaulistãoA3Rivalo.
📷Leonardo Carrara",0,"03/28/2026 13:59",https://www.instagram.com/p/DWcUHqCEkHa/,"Imagem do Instagram",,Total,35171,20031,411,18,2,14,1
18087268385245040,17841400074692954,paulistao,Paulistão,"DEU GALO!
Ituano leva a melhor fora de casa e dá passo importante para a semifinal do Paulistão A2 Rivalo!
#PaulistãoA2Rivalo
📷Henrique César/Divulgação/Ituano",0,"03/28/2026 13:08",https://www.instagram.com/p/DWcOQPpEhM_/,"Imagem do Instagram",,Total,65828,38509,865,24,1,10,2
18386258434089921,17841467312227297,fpfacademia,"FPF Academia","TUDO COMEÇOU... NO MASTER 💼 ⚽
O 𝗠𝗮𝘀𝘁𝗲𝗿 𝗙𝗣𝗙 representa um divisor de águas na carreira de Andre Rocha e do @redbullbragantino. Vem conferir o relato do CEO do Massa Bruta sobre o principal curso de gestão da @fpfacademia 📊

🔗 Faça parte dessa história! Acesse o link da bio, saiba mais e se inscreva-se na 6ª edição do Master FPF, que tem início em maio 🔜

#FPFAcademia #Curso #MasterFPF #Futebol #Gestão @udofutebol",69,"03/28/2026 09:14",https://www.instagram.com/reel/DWby0__kSwR/,"Reel do Instagram",,Total,33704,51698,330,15,22,20,0
18080795366377246,17841400074692954,paulistao,Paulistão,"MAIS UM PASSO RUMO ÀS SEMIFINAIS!
#PaulistãoA2Rivalo",0,"03/28/2026 05:30",https://www.instagram.com/p/DWbUoNYFFbt/,"Imagem do Instagram",,Total,34022,20952,372,20,1,6,6
18004029101904390,17841400074692954,paulistao,Paulistão,"A BUSCA PELO ACESSO COMEÇOU! 🔥
Confira onde assistir os jogos de ida das quartas de final do #PaulistãoA3Rivalo.",0,"03/28/2026 05:00",https://www.instagram.com/p/DWbRM2Xmtf6/,"Imagem do Instagram",,Total,46766,29406,536,20,2,8,6
18118529842626686,17841400074692954,paulistao,Paulistão,"JOGOS DECISIVOS! 🔥
Confira onde assistir seu time na 14ª rodada do #PaulistãoA4Rivalo.",0,"03/28/2026 04:30",https://www.instagram.com/p/DWbNwzomuS0/,"Imagem do Instagram",,Total,39027,21912,459,11,2,1,5
18004747370707419,17841400074692954,paulistao,Paulistão,"VITÓRIA NOS ACRÉSCIMOS! 🔥
Kauã Giancler garantiu os três pontos pro Taquaritinga contra o Tanabi no #PaulistãoA4Rivalo.",15,"03/27/2026 15:00",https://www.instagram.com/reel/DWZxSiKlQKI/,"Reel do Instagram",,Total,53577,38558,599,8,5,9,4
18191648755362818,17841400074692954,paulistao,Paulistão,"ISSO É PAPO DE UNDAIÁ! 🤌
#PaulistãoA3Rivalo #Undaia",22,"03/27/2026 09:00",https://www.instagram.com/reel/DWZIFH3lHlh/,"Reel do Instagram",,Total,61096,39533,687,35,0,2,13
18124872514595067,17841400074692954,paulistao,Paulistão,"O GALO SEGUE VOANDO! 🐓 
Desde o título da Bezinha em 2024, o Paulista segue em ascensão e luta por mais um acesso no #PaulistãoA3Rivalo.",0,"03/27/2026 07:00",https://www.instagram.com/p/DWY6I3cEpT9/,"Imagem do Instagram",,Total,67376,33921,1991,71,4,51,13
18099608548779748,17841426429471156,fpf_oficial,"Federação Paulista de Futebol","PARABÉNS!
O Assisense comemora 31 anos nesta sexta-feira (27).
#FPF #Aniversário",0,"03/27/2026 03:00",https://www.instagram.com/p/DWYeqtuFJli/,"Imagem do Instagram",,Total,10827,6694,100,15,3,4,1
18154731550455038,17841426429471156,fpf_oficial,"Federação Paulista de Futebol","TUDO PRONTO! 
Os representantes dos oito clubes do Paulistão Feminino 2026 foram recebidos pelo presidente da FPF, Reinaldo Carneiro Bastos, nesta quinta (26), no Edifício Pelé, para o Conselho Técnico que definiu os detalhes da competição.
Eles também falaram sobre o novo formato do campeonato e a novidade do VAR em todos os jogos.
#FPF #FutebolPaulista",136,"03/26/2026 15:27",https://www.instagram.com/reel/DWXUacVCZx1/,"Reel do Instagram",,Total,5033,3720,194,15,4,2,5
18064194803674367,17841426429471156,fpf_oficial,"Federação Paulista de Futebol","O PAULISTÃO FEMININO VEM AÍ!
Reinaldo Carneiro Bastos, presidente da Federação Paulista de Futebol, recebeu, nesta quinta-feira (26), os oito clubes do Paulistão Feminino de 2026 para o Conselho Técnico do campeonato. 
#FPF #FutebolPaulista 
📷Rodrigo Corsi/Ag. Paulistão",0,"03/26/2026 14:41",https://www.instagram.com/p/DWXPPgKiZZo/,"Carrossel do Instagram",,Total,24556,10677,527,15,2,5,5
17955943317093337,17841400074692954,paulistao,Paulistão,"QUEM FOI O CRAQUE DA RODADA?🔥
Vote aqui no post e escolha quem foi o destaque da 3ª rodada da 2ª fase do Paulistão A2 Rivalo! A enquete se encerra nessa sexta (20), às 11h.
#PaulistãoA2Rivalo #CraqueDaRodada",0,"03/26/2026 14:19",https://www.instagram.com/p/DWXMV8lCayT/,"Imagem do Instagram",,Total,26298,15382,315,310,11,96,1
18099576493948233,17841426429471156,fpf_oficial,"Federação Paulista de Futebol","A arbitragem vai muito além das regras do jogo.

Ela exige preparo emocional, tomada de decisão rápida, comunicação clara e muito senso de justiça.

Essas são algumas das habilidades que fazem a diferença dentro de campo e que também são valorizadas em qualquer profissão.

A Unisa apoia a arbitragem da Federação Paulista de Futebol porque acredita na formação de pessoas cada vez mais preparadas, dentro e fora do esporte.
#FPF #Unisa",0,"03/26/2026 14:00",https://www.instagram.com/p/DWXFfrRjFnx/,"Carrossel do Instagram",,Total,8520,4046,70,14,0,1,7
18112297444684738,17841429857362439,paulistaof,"Paulistão F","OLHA QUEM ESTÁ CHEGANDO!
O Paulistão Feminino 2026 vai começar. Vem conferir as equipes participantes e o novo formato da competição 👀
#PaulistãoFeminino2026",0,"03/26/2026 13:15",https://www.instagram.com/p/DWXFdI9FLN2/,"Carrossel do Instagram",,Total,78203,34284,1603,148,27,44,45
18100341583945680,17841400074692954,paulistao,Paulistão,"MOMENTO ESPECIAL 😍
Árbitro da finalíssima do Paulistão Casas Bahia 2026, Flavio Souza nos conta mais sobre o sentimento de apitar uma decisão! Vem conferir 🎙️

#PaulistãoCasasBahia #FPF #Arbitragem #FPFAcademia #EAFI",57,"03/26/2026 11:02",https://www.instagram.com/reel/DWW2Ef8kcPi/,"Reel do Instagram",,Total,45153,31451,1279,49,3,56,24
18346967074241105,17841400074692954,paulistao,Paulistão,"JÁ FOI METADE!🔥
Confira como está a classificação dos grupos do #PaulistãoA2Rivalo.",0,"03/26/2026 10:30",https://www.instagram.com/p/DWWwPvhE8VR/,"Imagem do Instagram",,Total,52202,27164,1183,52,3,18,6
18085577486194399,17841400074692954,paulistao,Paulistão,"ESTÁ NASCENDO UM NOVO LÍDER…🎶👀
Com São Caetano, Inter de Bebedouro e Penapolense garantidos na próxima fase, assim ficou a classificação após 13 rodadas de #PaulistãoA4Rivalo.",0,"03/26/2026 08:30",https://www.instagram.com/p/DWWgOBilMPA/,"Imagem do Instagram",,Total,81575,44278,1738,84,10,34,19
18110483362794199,17841400074692954,paulistao,Paulistão,"13ª RODADA FINALIZADA! ✅
Esses foram os resultados da quarta-feira de #PaulistãoA4Rivalo!",0,"03/25/2026 18:42",https://www.instagram.com/p/DWVGDmZjsOV/,"Imagem do Instagram",,Total,39000,21415,650,14,0,13,5
18074141435179602,17841400074692954,paulistao,Paulistão,"FIM DA 3ª RODADA!
Esses foram os resultados do #PaulistãoA2Rivalo!",0,"03/25/2026 18:31",https://www.instagram.com/p/DWVEzkHEWHu/,"Imagem do Instagram",,Total,30587,17176,513,24,1,6,2
18097123466062301,17841400074692954,paulistao,Paulistão,"PRA SEGUIR NA LIDERANÇA!
O Votuporanguense venceu o XV de Piracicaba fora de casa! #PaulistãoA2Rivalo 
📷 Tiago Dias/Divulgação/Votuporanguense",0,"03/25/2026 18:19",https://www.instagram.com/p/DWVDZBgmtVw/,"Imagem do Instagram",,Total,38899,22807,593,27,2,21,5
17914011675343352,17841400074692954,paulistao,Paulistão,"VITÓRIA IMPORTANTE! 
A Ferroviária venceu o São José fora de casa, pela 3ª rodada da 2ª fase do #PaulistãoA2Rivalo! 
📷 Guilherme Moro/Ferroviária SAF",0,"03/25/2026 18:09",https://www.instagram.com/p/DWVCOLvlS96/,"Imagem do Instagram",,Total,39149,23340,605,21,0,18,3
18093207179134280,17841467312227297,fpfacademia,"FPF Academia","EXCURSÃO DA ACADEMIA! 🚌
A @fpfademia levou a turma do Curso Gestão de Categorias de Base para uma visita ao CFA Laudo Natel, casa das equipes juvenis do @saopaulofc, em Cotia. Ao longo de toda esta quarta (25), os alunos e alunas conheceram de perto o trabalho realizado por diferentes departamentos do clube, além de realizarem um tour pelas dependências do centro de formação de atletas 🏟️

.
.
.

📷 Murilo Necchi/Ag. Paulistão

#FPFAcademia #Curso #Gestão #CategoriasDeBase #SPFC",0,"03/25/2026 17:40",https://www.instagram.com/p/DWU-9EwDDWX/,"Carrossel do Instagram",,Total,12744,5797,231,9,1,9,0
18575175031039722,17841426429471156,fpf_oficial,"Federação Paulista de Futebol","REINALDO CARNEIRO BASTOS É REELEITO PRESIDENTE DA FPF!
Os presidentes de clubes e ligas filiadas à Federação Paulista de Futebol falaram sobre o trabalho do presidente Reinaldo Carneiro Bastos e as expectativas para seu terceiro mandato! 
#FPF",382,"03/25/2026 16:36",https://www.instagram.com/reel/DWU2uRsidx0/,"Reel do Instagram",,Total,14219,9408,549,66,10,28,11
18153172780455557,17841400074692954,paulistao,Paulistão,"VITÓRIA DO GALO DE ITU! 
O Ituano venceu o Água Santa pela 3ª rodada da 2ª fase do #PaulistãoA2Rivalo! 
📷 Flávio Torres",0,"03/25/2026 16:00",https://www.instagram.com/p/DWUzkIVFTsa/,"Imagem do Instagram",,Total,45711,26649,610,22,2,5,2
18127254808601822,17841426429471156,fpf_oficial,"Federação Paulista de Futebol","O presidente Reinaldo Carneiro Bastos foi reeleito nesta quarta-feira (25) para um novo mandato à frente da Federação Paulista de Futebol. O mandato terá vigência entre 2027 e 2030. Mauro Silva e Fernando Solleiro seguem como vice-presidentes.
#FPF 
📷Agência Paulistão",0,"03/25/2026 15:30",https://www.instagram.com/p/DWUwIWriXU8/,"Carrossel do Instagram",,Total,27760,14419,955,12,35,38,7
18110571025746776,17841400074692954,paulistao,Paulistão,"NÃO DEU NEM TEMPO DE RESPIRAR! 😮‍💨
O Ituano fez dois seguidos e ampliou o placar no #PaulistãoA2Rivalo!",17,"03/25/2026 15:24",https://www.instagram.com/reel/DWUvUxKiSER/,"Reel do Instagram",,Total,43608,28784,705,17,4,9,13
18118020217724261,17841426429471156,fpf_oficial,"Federação Paulista de Futebol","INOVAÇÃO E LEGADO! 
O presidente da FPF, Reinaldo Carneiro Bastos foi reeleito por unanimidade, com mais de 80 presidentes e representantes de clubes e ligas presentes nesta quarta-feira (25), no edifício Pelé. #FutebolPaulista",102,"03/25/2026 15:00",https://www.instagram.com/reel/DWUsQPsicWS/,"Reel do Instagram",,Total,11688,7433,497,15,5,49,2
17949784785129948,17841400074692954,paulistao,Paulistão,"GOLEADA E SETE VITÓRIAS SEGUIDAS! 🔥💙
O São Caetano venceu o Colorado Caieiras por 4 a 0 e segue embalado no #PaulistãoA4Rivalo.",47,"03/25/2026 14:30",https://www.instagram.com/reel/DWUn5k3AdMi/,"Reel do Instagram",,Total,231011,151730,5121,222,23,60,55
18098697950074547,17841400074692954,paulistao,Paulistão,"MENOS DE 2 MINUTOS!
Razera abre o placar pro Ituano bem no comecinho do jogo! #PaulistãoA2Rivalo",13,"03/25/2026 14:13",https://www.instagram.com/reel/DWUnJhxiQvy/,"Reel do Instagram",,Total,54213,35704,1064,23,7,19,5
18058958360433700,17841400074692954,paulistao,Paulistão,"É ITUANO! 🤩
O apoio das crianças antes do jogo pelo #PaulistãoA2Rivalo!",8,"03/25/2026 14:02",https://www.instagram.com/reel/DWUl6aRCYSB/,"Reel do Instagram",,Total,19950,13783,225,7,4,8,2
18120787144541726,17841426429471156,fpf_oficial,"Federação Paulista de Futebol","Por aclamação e com total apoio de clubes e ligas, Reinaldo Carneiro Bastos é reeleito presidente da FPF

O presidente Reinaldo Carneiro Bastos foi reeleito por unanimidade nesta quarta-feira (25) para um novo mandato à frente da Federação Paulista de Futebol.

Saiba mais em futebolpaulista.com.br",0,"03/25/2026 10:43",https://www.instagram.com/p/DWUPO_ekao4/,"Imagem do Instagram",,Total,77065,45714,1380,294,22,197,11
18385377790094432,17841467312227297,fpfacademia,"FPF Academia","PROFESSOR ILUSTRE! 🌟 🎙️ 
Conversamos com o @zettioficial, lenda do @saopaulo e atual coordenador de goleiros da equipe, que falou mais sobre a estrutura de Cotia e sua participação no Curso Gestão de Categorias de Base da @fpfacademia 💎

#FPFAcademia #Curso #GestãoDeBase #SãoPauloFC #SPFC",60,"03/25/2026 10:07",https://www.instagram.com/reel/DWUIHtmEQFx/,"Reel do Instagram",,Total,7844,5495,279,12,4,12,0
18399787372198911,17841403734375167,sindicatodeatletas,"Sindicato de Atletas SP","🏆 Seleção dos Atletas
Paulistão A4 Rivalo 2026

Confira as seleções da 12ª rodada do Paulistão A4 Rivalo 2026.

⭐ GOL - Estevão (Penapolense)
⭐ LD - Diogo (Penapolense) 
⭐ ZAG - Cristopher (Comercial)
⭐ ZAG - Dogão (Comercial)
⭐ LE - Devid Richard (Grêmio São-Carlense)
⭐ VOL - Daniel Foguinho (Tanabi)
⭐ MC - Mateusinho (ECUS)
⭐ MC - David Lazari (ECUS)
⭐ MC- Marllon (Nacional)
⭐ ATA - Davi Menino (Nacional)
⭐ ATA - Caio (Taquaritinga)

Aqui, atleta vota em atleta!

#SeleçãodosAtletas #PaulistaoA4 #AtletaVotaemAtleta #SindicatodeAtletasSP #FPF #FutebolInterior

🎯 MKT Digital: @digitalsportspress",0,"03/25/2026 09:50",https://www.instagram.com/p/DWUJNjsDck6/,"Imagem do Instagram",,Total,34105,18101,242,18,2,3,0
17870540523477862,17841400074692954,paulistao,Paulistão,"RETA DECISIVA! 🔥
Confira os jogos da 13ª rodada do #PaulistãoA4Rivalo",0,"03/25/2026 05:30",https://www.instagram.com/p/DWTmQOFFCw1/,"Imagem do Instagram",,Total,28741,16891,386,16,2,2,5
18076030817148150,17841400074692954,paulistao,Paulistão,"PRA FECHAR A RODADA! 🔥
#PaulistãoA2Rivalo.",0,"03/25/2026 05:00",https://www.instagram.com/p/DWTi45gGgtl/,"Imagem do Instagram",,Total,22778,12931,376,18,0,8,2
18114936805680375,17841467312227297,fpfacademia,"FPF Academia","DIA 2 CONCLUÍDO 💎 ⚽
Os alunos e alunas do Curso Gestão de Categorias de Base da @fpfacademia vivenciaram mais um encontro de aprendizados diretamente do Edifício Pelé, sede da @fpf_oficial. Nesta terça-feira (24), a turma assistiu palestras com Gabriel Bussinger, coordenador técnico geral no @vascodagama, e Adriana Tiga, coordenadora técnica no @saopaulofc_fem 📊

.
.
.

📷 Rodrigo Corsi e Murilo Necchi

#FPFAcademia #Curso #Gestão #CategoriasDeBase #FPF",0,"03/24/2026 16:15",https://www.instagram.com/p/DWSQeKYkR9O/,"Carrossel do Instagram",,Total,12749,6708,202,13,4,1,0
18008490941849695,17841403734375167,sindicatodeatletas,"Sindicato de Atletas SP","🏆 Seleção dos Atletas
Paulistão A4 Rivalo 2026

Confira as seleções da 11ª rodada do Paulistão A4 Rivalo 2026.

⭐ GOL - Vinicius (Taquaritinga)
⭐ ZAG/LD - Silveira (Ecus)
⭐ ZAG - Caio Mineiro (Jacareí)
⭐ ZAG/LE - Anthony (Inter de Bebedouro)
⭐ VOL - Ryan (Penapolense)
⭐ VOL - Fofão (Comercial)
⭐ MC - Santiago (Nacional)
⭐ MC - Mikael (Comercial)
⭐ ATA - Pedrinho (Taquaritinga)
⭐ ATA - Daniel Bahia (Penapolense)
⭐ ATA - Kadu Barone (Inter de Bebedouro)

Aqui, atleta vota em atleta!

#SeleçãodosAtletas #PaulistaoA4 #AtletaVotaemAtleta #SindicatodeAtletasSP #FPF #FutebolInterior

🎯 MKT Digital: @digitalsportspress",0,"03/24/2026 12:30",https://www.instagram.com/p/DWR2qmJDQMN/,"Imagem do Instagram",,Total,33944,19753,222,55,2,2,0
18127028554602683,17841403734375167,sindicatodeatletas,"Sindicato de Atletas SP","🏆 Seleção dos Atletas
Paulistão A3 Rivalo 2026

Confira a seleção da 15ª rodada do Paulistão A3 Rivalo 2026.

⭐ GOL - Marcão (Rio Preto) 
⭐ ZAG - Michael Douglas (EC São Bernardo)
⭐ ZAG - Felipe Codô (Rio Preto)
⭐ ZAG/LE - Udson (EC São Bernardo)
⭐ VOL - Dieguinho (Rio Claro)
⭐ VOL - Otávio (Portuguesa Santista)
⭐ MC - Rafael Costa (União São João)
⭐ MC - Masson (Rio Claro)
⭐ ATA - Matheus Arcanjo (Paulista)
⭐ ATA - Lucas Lima (Marília)
⭐ ATA - Túlio (Bandeirante)

Aqui, atleta vota em atleta!

#SeleçãodosAtletas #PaulistaoA3 #AtletaVotaemAtleta #SindicatodeAtletasSP #FPF #FutebolInterior

🎯 MKT Digital: @digitalsportspress",0,"03/24/2026 10:09",https://www.instagram.com/p/DWRmiZnE4BZ/,"Imagem do Instagram",,Total,31211,17324,286,37,1,1,0
18119838148617001,17841426429471156,fpf_oficial,"Federação Paulista de Futebol","DIA DE CONSELHO! 
Reinaldo Carneiro Bastos, presidente da Federação Paulista de Futebol, recebeu os oito clubes do Paulistão A3 Rivalo para o Conselho Técnico das quartas de final, nesta segunda-feira (22). #FPF #FutebolPaulista 
📷Rodrigo Corsi/Ag. Paulistão",0,"03/23/2026 15:30",https://www.instagram.com/p/DWPjMdYlJpR/,"Carrossel do Instagram",,Total,15393,6759,305,10,1,1,2
18099121912785902,17841467312227297,fpfacademia,"FPF Academia","AULA INAUGURAL 📚 ✔️
O Edifício Pelé, sede da FPF, recebeu o primeiro encontro presencial da 2ª edição do Curso Gestão de Categorias de Base da @fpfacademia. Ao longo desta segunda-feira (23), os alunos e alunas conversaram sobre gestão com André Rocha, CEO do Red Bull Bragantino, e Luiz Carlos de Azevedo Jr., gerente geral de categorias de base do Atlético-MG 💎 ⚽

.
.
.

📷 Rodrigo Corsi e Diego Soares/Ag. Paulistão

#FPFAcademia #Curso #Gestão #CategoriasDeBase #Futebol",0,"03/23/2026 15:00",https://www.instagram.com/p/DWPjCE2j4ix/,"Carrossel do Instagram",,Total,12534,5900,240,16,5,4,0
17881303581530575,17841426429471156,fpf_oficial,"Federação Paulista de Futebol","Os presidentes e representantes dos times do Paulistão A3 Rivalo, estiveram nesta segunda-feira (23) no Edifício Pelé, para participar do Conselho Técnico da competição e falaram um pouco sobre como tem sido disputar a edição de 2026! #FPF #FutebolPaulista",129,"03/23/2026 14:55",https://www.instagram.com/reel/DWPiXQfCcVj/,"Reel do Instagram",,Total,13390,9398,223,19,11,5,6
18074939849394392,17841400074692954,paulistao,Paulistão,"QUARTAS DE FINAL DEFINIDAS!
Os jogos de ida vão rolar nesse sábado, se liga onde assistir ao seu time do coração!
#PaulistãoA3Rivalo",0,"03/23/2026 11:38",https://www.instagram.com/p/DWPL_O7FT3g/,"Imagem do Instagram",,Total,47327,28244,785,81,4,20,8
18042654764769142,17841400074692954,paulistao,Paulistão,"LOBO E AZULÃO CLASSIFICADOS!
Restam seis vagas para a próxima fase do #PaulistãoA4Rivalo!",0,"03/23/2026 11:00",https://www.instagram.com/p/DWPCbKZILHK/,"Imagem do Instagram",,Total,191568,106761,4191,158,53,49,52
18385902220093618,17841467312227297,fpfacademia,"FPF Academia","APITA O ÁRBITRO! 🔛 💎
Pontapé inicial na segunda edição do Curso Gestão de Categorias de Base da @fpfacademia. Venha com a gente nesses próximos três meses de aprendizado e trocas de experiências 💡 📚

#FPFAcademia #Curso #Gestão #CategoriasDeBase #FPF",60,"03/23/2026 09:26",https://www.instagram.com/reel/DWO8Kn8EdvX/,"Reel do Instagram",,Total,9431,6882,152,10,9,6,0
18314466844257228,17841403734375167,sindicatodeatletas,"Sindicato de Atletas SP","🏆 Seleção dos Atletas
Paulistão A2 Rivalo 2026

Confira a SELEÇÃO DOS ATLETAS da 2ª rodada da segunda fase do Paulistão A2 Rivalo 2026.

⭐️ GOL - Gabriel Félix (Votuporanguense) 
⭐️ LD - Matheus Rocha (São José)
⭐️ ZAG - Hiago (Água Santa)
⭐️ ZAG - Matheus Mancini (Ituano)
⭐️ LE - João Victor (XV de Piracicaba)
⭐️ VOL - Gustavo Hebling (XV de Piracicaba)
⭐️ VOL - Tenner (Sertãozinho)
⭐️ MC - Prado (Sertãozinho)
⭐️ MC - Alan Stence (São José) 
⭐️ ATA - Luketa (Sertãozinho)
⭐️ ATA - Clessione (São José)

Aqui, atleta vota em atleta!

#SeleçãodosAtletas #PaulistaoA2 #AtletaVotaemAtleta #SindicatodeAtletasSP #FPF #FutebolInterior

🎯 MKT Digital: @digitalsportspress",0,"03/22/2026 14:14",https://www.instagram.com/p/DWM5DExk3lZ/,"Imagem do Instagram",,Total,16573,9215,117,17,2,1,0
18023467919633937,17841426429471156,fpf_oficial,"Federação Paulista de Futebol","UM DIA COM O PRESIDENTE 🤩
O presidente da FPF, Reinaldo Carneiro Bastos, esteve presente em Novo Horizonte neste domingo (22) para a inauguração do novo centro de treinamento do @oficialnovorizontino, que leva o nome de CT Gino de Biase.
Um momento importante para o fortalecimento do clube e do futebol paulista! #FPF",56,"03/22/2026 12:58",https://www.instagram.com/reel/DWMvx2tiZ1V/,"Reel do Instagram",,Total,13562,9319,446,23,4,20,8
17924608173260364,17841400074692954,paulistao,Paulistão,"ELKIIIIINNNNNN!!! 🔥🔥🔥 
De pênalti, o Juventus abre o placar na Javari! #PaulistãoA2Rivalo",35,"03/22/2026 06:24",https://www.instagram.com/reel/DWMDFPbjcTu/,"Reel do Instagram",,Total,57481,40276,1087,29,3,11,8
18058396079426204,17841400074692954,paulistao,Paulistão,"CLIMA DE DECISÃO! 😮‍💨 
A Javari tá em festa no #PaulistãoA2Rivalo! #Juventus",34,"03/22/2026 06:04",https://www.instagram.com/reel/DWMAzo9jonq/,"Reel do Instagram",,Total,66210,52119,2323,241,12,29,32
18120090649615672,17841400074692954,paulistao,Paulistão,"Esse é o clima do pré-jogo na Javari! 🤩 #PaulistãoA2Rivalo #Juventus",49,"03/22/2026 06:00",https://www.instagram.com/reel/DWMAS-njo9U/,"Reel do Instagram",,Total,32728,23904,880,59,5,19,17
17919067101289056,17841400074692954,paulistao,Paulistão,"Ponto final na 12ª rodada do Paulistão A4 Rivalo!
#PaulistãoA4Rivalo",0,"03/21/2026 18:10",https://www.instagram.com/p/DWKvMlIgJ4e/,"Imagem do Instagram",,Total,35650,20421,549,6,3,8,2
17956721295080441,17841403734375167,sindicatodeatletas,"Sindicato de Atletas SP","🏆 Seleção dos Atletas
Paulistão A2 Rivalo 2026

Confira a SELEÇÃO DOS ATLETAS da 1ª rodada da segunda fase do Paulistão A2 Rivalo 2026.

⭐️ Gol - Vitor Golas (XV de Piracicaba)
⭐️ ZAG - Hiago (Água Santa)
⭐️ ZAG - Amorim (Votuporanguense)
⭐️ ZAG - Léo Rigo (São José)
⭐️ VOL - Victor Feitosa (Votuporanguense)
⭐️ VOL - Jeferson (São José)
⭐️ MEI - Santiago (Juventus)
⭐️ MEI - Michael (São José)
⭐️ ATA - Orlando Jr. (Votuporanguense)
⭐️ ATA - Cleissione (São José)
⭐️ ATA - Elkinho (Juventus)

Aqui, atleta vota em atleta!

#SeleçãodosAtletas #PaulistaoA2 #AtletaVotaemAtleta #SindicatodeAtletasSP #FPF #FutebolInterior

🎯 MKT Digital: @digitalsportspress",0,"03/21/2026 15:45",https://www.instagram.com/p/DWKemFzk0rk/,"Imagem do Instagram",,Total,25821,13572,224,22,3,1,0
17908720983364488,17841400074692954,paulistao,Paulistão,"PONTO FINAL!
Confira os resultados da última rodada da fase de grupos do Paulista A3 Rivalo!
#PaulistaA3Rivalo",0,"03/21/2026 14:00",https://www.instagram.com/p/DWKSosQDBzc/,"Imagem do Instagram",,Total,50485,28214,914,14,0,1,3
18037941866571681,17841400074692954,paulistao,Paulistão,"CONFRONTOS DEFINIDOS!
É assim que ficaram os duelos de quartas de final do Paulistão A3 Rivalo 2026!
#PaulistãoA3Rivalo",0,"03/21/2026 13:10",https://www.instagram.com/p/DWKM3SYCcb2/,"Imagem do Instagram",,Total,69648,38612,1223,185,3,42,13
18116199376628770,17841400074692954,paulistao,Paulistão,"MAIS UMA RODADA DECISIVA!🔥
#PaulistãoA2Rivalo",0,"03/21/2026 05:00",https://www.instagram.com/p/DWJPomzFpOq/,"Imagem do Instagram",,Total,21127,12025,419,17,0,12,7
18122226208608857,17841400074692954,paulistao,Paulistão,"MUITA COISA EM JOGO! ⚽️
Veja os confrontos da 12ª rodada do #PaulistãoA4Rivalo.",0,"03/21/2026 04:30",https://www.instagram.com/p/DWJMM2TFXE6/,"Imagem do Instagram",,Total,25146,14642,316,11,0,1,3
18074316023188711,17841400074692954,paulistao,Paulistão,"É HORA DA DEFINIÇÃO!⏳👀
Confira os confrontos da última rodada da 1ª fase do #PaulistãoA3Rivalo.",0,"03/21/2026 04:00",https://www.instagram.com/p/DWJIxLiIF42/,"Imagem do Instagram",,Total,33795,20624,394,19,2,4,7
18203480056336055,17841426429471156,fpf_oficial,"Federação Paulista de Futebol","Hoje é Dia Internacional da Síndrome de Down!
O objetivo da celebração é conscientizar a sociedade sobre a necessidade de direitos igualitários, inclusão e bem-estar das pessoas com Trissomia 21 em todas as esferas sociais!
#FPF",0,"03/21/2026 03:00",https://www.instagram.com/p/DWJB5cmlVJh/,"Imagem do Instagram",,Total,34780,18224,220,75,0,1,4
18086530709222796,17841426429471156,fpf_oficial,"Federação Paulista de Futebol","21 de março, Dia Internacional Contra a Discriminação Racial! ✊🏿✊🏽 Pela igualdade e justiça em nossa sociedade!
#FPF",0,"03/21/2026 02:00",https://www.instagram.com/p/DWI7B9NFQFt/,"Imagem do Instagram",,Total,16302,12285,116,46,0,0,1
17889160422450051,17841400074692954,paulistao,Paulistão,"RESTAM TRÊS VAGAS! 😱
Ainda temos cinco equipes com chance de classificação para a próxima fase do #PaulistãoA3Rivalo, mas somente três delas poderão avançar... já tem seu palpite, torcedor?",0,"03/20/2026 13:00",https://www.instagram.com/p/DWHhxYAAU-h/,"Imagem do Instagram",,Total,57954,31361,931,21,2,8,11
18095436038022849,17841426429471156,fpf_oficial,"Federação Paulista de Futebol","DIA ESPECIAL! 
Os árbitros e assistentes da categoria internacional da FPF, selecionados para compor o quadro da FIFA em 2026, foram recebidos pelo presidente da Federação Paulista de Futebol, Reinaldo Carneiro Bastos, para a entrega de insígnias da instituição nesta sexta-feira (20). #FPF #FutbebolPaulista
📷Rodrigo Corsi/ Ag. Paulistão",0,"03/20/2026 10:50",https://www.instagram.com/p/DWHYBYkmk9R/,"Carrossel do Instagram",,Total,21031,8668,568,15,7,13,1
18089639174146015,17841400074692954,paulistao,Paulistão,"ENTRANDO NA RETA FINAL DA PRIMEIRA FASE!
Como está seu time na tabela do Paulistão A4 Rivalo?
#PaulistãoA4Rivalo",0,"03/19/2026 13:00",https://www.instagram.com/p/DWE8_EhCb7t/,"Imagem do Instagram",,Total,66690,35970,1422,41,7,31,24
17916262236338700,17841400074692954,paulistao,Paulistão,"QUEM FOI O CRAQUE DA RODADA?🔥
Vote aqui no post e escolha quem foi o destaque da 2ª rodada da 2ª fase do Paulistão A2 Rivalo! A enquete se encerra nessa sexta (20), às 11h.
#PaulistãoA2Rivalo #CraqueDaRodada",0,"03/19/2026 12:30",https://www.instagram.com/p/DWE-lSIiTh7/,"Imagem do Instagram",,Total,40339,21793,449,217,10,165,5
18085114097358452,17841403734375167,sindicatodeatletas,"Sindicato de Atletas SP","🏆 Seleção dos Atletas
Paulistão A3 Rivalo 2026

Confira a seleção da 14ª rodada do Paulistão A3 Rivalo 2026.

⭐ GOL - André (Portuguesa Santista)
⭐ ZAG/LD - D´Ávila (Suzano)
⭐ ZAG - Jhonatan (Rio Claro)
⭐ ZAG - Lázaro (Marília)
⭐ VOL - Elivelton (União Barbarense)
⭐ MC - Jeferson (Paulista)
⭐ MC - Vinicius Oliveira (Rio Preto)
⭐ MC - Dudu (Francana)
⭐ ATA - Marcos Papa (Rio Preto)
⭐ ATA - Daniel Cruz (União Barbarense)
⭐ ATA - Gabriel Vitor (Francana)

Aqui, atleta vota em atleta!

#SeleçãodosAtletas #PaulistaoA3 #AtletaVotaemAtleta #SindicatodeAtletasSP #FPF #FutebolInterior

🎯 MKT Digital: @digitalsportspress",0,"03/19/2026 08:33",https://www.instagram.com/p/DWEjo7MFMFj/,"Imagem do Instagram",,Total,32098,18012,326,45,6,1,0
18102468695305107,17841400074692954,paulistao,Paulistão,"Com vitórias de São José e Sertãozinho, a segunda rodada da segunda fase do Paulistão A2 Rivalo chega ao fim! 
#PaulistãoA2Rivalo",0,"03/18/2026 19:13",https://www.instagram.com/p/DWDH4cgDbBr/,"Imagem do Instagram",,Total,27089,15131,632,27,5,39,3
18039788753558108,17841400074692954,paulistao,Paulistão,"Ponto final na 11ª rodada do #PaulistãoA4Rivalo!
Confira os resultados!",0,"03/18/2026 18:30",https://www.instagram.com/p/DWDDFlNjcrs/,"Imagem do Instagram",,Total,23920,13880,392,10,1,7,3
17949635501966098,17841403734375167,sindicatodeatletas,"Sindicato de Atletas SP","🏆 Seleção dos Atletas
Paulistão A4 Rivalo 2026

Confira as seleções da10ª rodada do Paulistão A4 Rivalo 2026.

⭐ Gol - Estevão (Penapolense)
⭐ ZAG/LD - Gabriel Paez (Araçatuba)
⭐ ZAG - Kaio (Barretos)
⭐ ZAG/LE - Magal (Penapolense)
⭐ VOL - Fofão (Comercial)
⭐ VOL - Diogo Silva (Inter de Bebedouro)
⭐ MC - Felipinho (Colorado Caieiras)
⭐ MC - Gustavo Gutchalles (Tanabi)
⭐ ATA - Theo Lanza (Jacareí)
⭐ ATA - Fernando (Tanabi)
⭐ ATA – Kauã Giancler (Taquaritinga)

Aqui, atleta vota em atleta!

#SeleçãodosAtletas #PaulistaoA4 #AtletaVotaemAtleta #SindicatodeAtletasSP #FPF #FutebolInterior

🎯 MKT Digital: @digitalsportspress",0,"03/18/2026 12:30",https://www.instagram.com/p/DWCZ5F1DTE4/,"Imagem do Instagram",,Total,15695,8818,125,29,6,1,0
18061428020370091,17841480665926775,mirassolfcfeminino,"Mirassol FC Feminino","FEITO HISTÓRICO! 💛🦁

No nosso primeiro ano de história, o Mirassol Futebol Feminino conquista a classificação para o Paulistão Feminino. Um marco que representa muito mais do que um resultado: é a construção de um projeto, de um sonho e de um futuro para tantas atletas.

Nada disso acontece por acaso. É fruto de trabalho diário, dedicação, comprometimento e da coragem de quem acreditou desde o início, dentro e fora de campo. Cada treino, cada desafio superado e cada passo dado nos trouxeram até aqui.

Seguimos firmes, com os pés no chão e o coração cheio de orgulho, prontos para viver novos capítulos e continuar fazendo história.

Esse é só o começo. 

#LeoasPaulistas #FutebolFeminino #MirassolFC",0,"03/18/2026 09:55",https://www.instagram.com/p/DWCHdSGETnF/,"Imagem do Instagram",,Total,65060,33659,1902,77,23,42,0
18003872765713178,17841403734375167,sindicatodeatletas,"Sindicato de Atletas SP","🏆 Seleção dos Atletas
Paulistão A3 Rivalo 2026

Confira a seleção da 13ª rodada do Paulistão A3 Rivalo 2026.

⭐ GOL - Léo Lopes (Rio Preto)
⭐ ZAG/LD - Maninho (Portuguesa Santista)
⭐ ZAG - Nuno (União São João)
⭐ ZAG - João Cubas (União Barbarense)
⭐ VOL - Ruan (União São João)
⭐ MC - Carlos Alberto (Marília)
⭐ MC - Yohan (Portuguesa Santista)
⭐ MC - Alisson Motta (EC São Bernardo)
⭐ ATA - Lucas Lima (Marília)
⭐ ATA - Vinicius Caveira (Itapirense)
⭐ ATA - Túlio (Bandeirante)

Aqui, atleta vota em atleta!

#SeleçãodosAtletas #PaulistaoA3 #AtletaVotaemAtleta #SindicatodeAtletasSP #FPF #FutebolInterior

🎯 MKT Digital: @digitalsportspress",0,"03/18/2026 09:53",https://www.instagram.com/p/DWCIAQWkxvf/,"Imagem do Instagram",,Total,26033,14669,222,40,0,1,0
18041158052543502,17841429857362439,paulistaof,"Paulistão F","CLUBES DEFINIDOS!🤩
Essas são as oito equipes que estão classificadas para disputar o Paulistão Feminino 2026! 
#PaulistãoFeminino",0,"03/18/2026 09:05",https://www.instagram.com/p/DWCCbqYDKa9/,"Imagem do Instagram",,Total,93970,50140,2771,166,27,115,41
18099806897311068,17841401269594350,narsp,NAR-SP,"🚨 INSCRIÇÕES ABERTAS 🚨
Uma nova oportunidade do @narsp e @fpfacademia tá saindo do forno! 🏋️‍♂️ Garanta já sua vaga e venha com a gente aprender mais sobre as Novas Estratégias para o Treinamento de Força no Futebol ⚽ 

📅 12 e 13 de junho
💻 Totalmente on-line
💰 R$340

🔗 Para conferir o conteúdo completo e se inscrever, acesse o link da bio ou dos destaques da @fpfacademia

.
.
.

#NAR #FPFAcademia #Curso #Treinamento #Força",0,"03/18/2026 08:03",https://www.instagram.com/p/DWB7SqgjnM7/,"Imagem do Instagram",,Total,19603,9434,454,136,20,17,0
18146674810470978,17841400074692954,paulistao,Paulistão,"MAIS UMA RODADA DECISIVA! 🔥
#PaulistãoA2Rivalo",0,"03/18/2026 05:00",https://www.instagram.com/p/DWBhQCblIOE/,"Imagem do Instagram",,Total,18980,11199,405,17,0,12,5
18112979557665799,17841400074692954,paulistao,Paulistão,"MAIS UMA!
Confira os jogos da 11ª rodada do #PaulistãoA4Rivalo.",0,"03/18/2026 04:30",https://www.instagram.com/p/DWBd0LhEsbE/,"Imagem do Instagram",,Total,28787,17270,326,13,0,2,3
17892140055433173,17841426429471156,fpf_oficial,"Federação Paulista de Futebol","PARABÉNS, LEÃO!🦁🎉🥳
O Clube Atlético Taquaritinga comemora 84 anos de história e tradição!
#FPF #Aniversário",0,"03/17/2026 09:57",https://www.instagram.com/p/DV_jnQakp39/,"Imagem do Instagram",,Total,4996,3001,174,5,6,12,2
18159104320427288,17841400074692954,paulistao,Paulistão,"FALTA UMA RODADA! 🔥
Após 14 jogos, confira como está a classificação do #PaulistãoA3Rivalo.",0,"03/16/2026 17:00",https://www.instagram.com/p/DV9qDhmEecd/,"Imagem do Instagram",,Total,106568,58082,2478,101,8,38,21
17860438797615298,17841400074692954,paulistao,Paulistão,"FIM DA 10ª RODADA!
Vem ver como ficou a tabela de classificação do #PaulistãoA4Rivalo depois dos jogos do fim de semana!",0,"03/16/2026 14:00",https://www.instagram.com/p/DV9Y5VrCcF-/,"Imagem do Instagram",,Total,59578,32870,1166,30,8,21,13
17878842507514698,17841403734375167,sindicatodeatletas,"Sindicato de Atletas SP","🏆 Seleção dos Atletas
Paulistão A3 Rivalo 2026

Confira a seleção da 12ª rodada do Paulistão A3 Rivalo 2026.

⭐ GOL - Igor (EC São Bernardo)
⭐ LD - Vinicius Chicota (Desportivo Brasil)
⭐ ZAG - Lázaro (Marília)
⭐ ZAG - Felipe Torres (Rio Preto)
⭐ LE - Pedro Mota (Portuguesa Santista)
⭐ VOL - Kayo (Desportivo Brasil)
⭐ MC- Rafael Costa (União São João)
⭐ MEI - Giovane (Bandeirante)
⭐ ATA - Matheus Lu (União Barbarense)
⭐ ATA - Vinícius Macedo (EC São Bernardo)
⭐ ATA - Lucas Lima (Marília)

Aqui, atleta vota em atleta!

#SeleçãodosAtletas #PaulistaoA3 #AtletaVotaemAtleta #SindicatodeAtletasSP #FPF #FutebolInterior

🎯 MKT Digital: @digitalsportspress",0,"03/16/2026 10:37",https://www.instagram.com/p/DV9DZJMk12N/,"Imagem do Instagram",,Total,35652,19640,298,34,5,1,0
17921059953296650,17841467312227297,fpfacademia,"FPF Academia","ELAS DERAM O RECADO! 🫵
IMPOSSÍVEL recusar esse convite da galera de Futebol Feminino da @fpf_oficial, tá? ⚽ 🏆

🔗 Bora garantir uma vaga? Inscreva-se na 2ª edição do Curso Gestão de Futebol Feminino pelo link da bio da @fpfacademia. Dúvidas? Só mandar uma DM pra gente 📩

#FPFAcademia #Curso #Gestão #FutebolFeminino #FPF",55,"03/16/2026 09:46",https://www.instagram.com/reel/DV89ZBZkQPc/,"Reel do Instagram",,Total,27885,21660,654,51,92,34,0
17928943308228139,17841400074692954,paulistao,Paulistão,"A SEGUNDA FASE ESTÁ ON! 🔥
Assim está a classificação do Paulistão A2 Rivalo depois dos jogos do fim de semana!
#PaulistãoA2Rivalo",0,"03/16/2026 09:00",https://www.instagram.com/p/DV82AlFEQxp/,"Imagem do Instagram",,Total,50166,29193,931,37,4,24,4
17900006967402567,17841400074692954,paulistao,Paulistão,"Está encerrada a 14ª rodada do Paulistão A3 Rivalo!
#PaulistãoA3Rivalo",0,"03/15/2026 16:14",https://www.instagram.com/p/DV7FJuLEpDR/,"Imagem do Instagram",,Total,53430,31624,859,19,2,12,9
17922345654099109,17841467312227297,fpfacademia,"FPF Academia","NOS MÍNIMOS DETALHES 🎥
O esforço dos alunos e alunas do Curso de Árbitros da @fpf_oficial durante os testes físicos 🏃‍♂️

#FPFAcademia #Curso #Arbitragem #EAFI #FPF",60,"03/15/2026 08:40",https://www.instagram.com/reel/DV6QrRvDbEN/,"Reel do Instagram",,Total,12194,8410,216,32,9,4,0
17902056714398413,17841400074692954,paulistao,Paulistão,"Ponto final na primeira rodada da segunda fase do Paulistão A2 Rivalo!
#PaulistãoA2Rivalo",0,"03/15/2026 08:16",https://www.instagram.com/p/DV6OgYeEpqw/,"Imagem do Instagram",,Total,32391,17991,915,59,0,30,5
18144952960478968,17841400074692954,paulistao,Paulistão,"Se liga só nos resultados da décima rodada do Paulistão A4 Rivalo!
#PaulistãoA4Rivalo",0,"03/15/2026 06:57",https://www.instagram.com/p/DV6Fe_ukm99/,"Imagem do Instagram",,Total,24572,14339,398,14,2,9,4
18122974201603365,17841400074692954,paulistao,Paulistão,"DOMINGÃO DE GRANDES JOGOS! 🔥
Confira os confrontos de hoje do #PaulistãoA3Rivalo.",0,"03/15/2026 04:00",https://www.instagram.com/p/DV5sAaVFtSs/,"Imagem do Instagram",,Total,23979,15781,268,6,0,4,0
18096907880069015,17841400074692954,paulistao,Paulistão,"FECHANDO COM CHAVE DE OURO! ⚽️
Juventus e Ferroviária se enfrentam pela 1ª rodada da segunda fase do #PaulistãoA2Rivalo.",0,"03/15/2026 02:00",https://www.instagram.com/p/DV5eQwFlV4c/,"Imagem do Instagram",,Total,17347,10589,199,5,2,1,1
18149874040458140,17841426429471156,fpf_oficial,"Federação Paulista de Futebol","PARADA DE HOJE! ⚽
O presidente da Federação Paulista de Futebol, Reinaldo Carneiro Bastos, esteve em Jardinópolis neste sábado (14) para acompanhar a inauguração do Centro de Treinamento Botafogo Academy. O espaço tem como intuito fortalecer a formação de jovens talentos e ampliar a estrutura do clube.
#FPF #FutebolPaulista",110,"03/14/2026 11:40",https://www.instagram.com/reel/DV4A_emEeMQ/,"Reel do Instagram",,Total,26279,17509,711,68,20,18,16
17917733634319581,17841426429471156,fpf_oficial,"Federação Paulista de Futebol","FORÇA DO INTERIOR!
Reinaldo Carneiro Bastos, presidente da FPF, exaltou a força do interior paulista na inauguração do Centro de Treinamento Botafogo Academy.
#FPF",80,"03/14/2026 11:23",https://www.instagram.com/reel/DV3-M_5pSva/,"Reel do Instagram",,Total,17025,12398,578,27,11,39,9
17858738025618876,17841467312227297,fpfacademia,"FPF Academia","PROVAS DA EAFI! 💪
A manhã do sábado (14) foi de avaliações para os alunos que desejam ingressar no Nível 2 do Curso de Árbitros da #EAFI. Diretamente da Escola de Educação Física da Polícia Militar de SP, cerca de 150 candidatos realizaram as provas teórica e física. Ao todo, serão 80 classificados ✅

.
.
.

📷 Diego Soares/Ag. Paulistão

#FPFAcademia #Curso #Arbitragem #FPF",0,"03/14/2026 08:13",https://www.instagram.com/p/DV3pURRESFd/,"Carrossel do Instagram",,Total,18833,8280,444,73,1,10,0
18075684068135986,17841467312227297,fpfacademia,"FPF Academia","@proflucastavares sempre dá show! 👓
Vem conferir bem de pertinho a ação durante os testes físicos do Curso de Árbitros da #EAFI 🟨 🟥

#FPFAcademia #Curso #Arbitragem #FPF",72,"03/14/2026 06:25",https://www.instagram.com/reel/DV3cdVrCpbf/,"Reel do Instagram",,Total,18429,11922,620,40,13,17,0
17961348582050557,17841400074692954,paulistao,Paulistão,"SÁBADO DE DECISÕES! 🔥
Confira os jogos de hoje pela 1ª rodada da segunda fase do #PaulistãoA2Rivalo.",0,"03/14/2026 05:30",https://www.instagram.com/p/DV3Rf9hFqNU/,"Imagem do Instagram",,Total,19836,11714,307,12,0,5,5
18169581115401776,17841400074692954,paulistao,Paulistão,"DIA CHEIO!🔥
Veja os confrontos desse sábado (14) pelo #PaulistãoA4Rivalo.",0,"03/14/2026 04:00",https://www.instagram.com/p/DV3HM-hlDza/,"Imagem do Instagram",,Total,22407,13232,300,10,0,2,4
18094935503094366,17841400074692954,paulistao,Paulistão,"SABADÃO DE FUTEBOL! ⚽️ 
Confira os jogos de hoje do #PaulistãoA3Rivalo.",0,"03/14/2026 03:30",https://www.instagram.com/p/DV3DxBPFaag/,"Imagem do Instagram",,Total,15662,9845,151,1,0,0,0
18106248547862775,17841400074692954,paulistao,Paulistão,"QUEM É QUE PARA O TOURO DO VALE? 🐂🔥
O Barretos segue invicto e líder do #PaulistãoA4Rivalo.",0,"03/13/2026 07:00",https://www.instagram.com/p/DV03AkBEpBU/,"Imagem do Instagram",,Total,38475,22637,597,71,5,25,1
18364744288167916,17841400074692954,paulistao,Paulistão,"RECOMEÇANDO OS TRABALHOS! 🔥 
Confira os jogos da 1ª rodada da segunda fase do #PaulistãoA2Rivalo.",0,"03/13/2026 05:30",https://www.instagram.com/p/DV0ss_7FUfH/,"Imagem do Instagram",,Total,16911,10021,302,12,0,3,2
17852002041650751,17841400074692954,paulistao,Paulistão,"TABELA ATUALIZADA! 🔥 
Confira a classificação do #PaulistãoA4Rivalo.",0,"03/13/2026 05:00",https://www.instagram.com/p/DV0pRtjFg5U/,"Imagem do Instagram",,Total,102063,55938,2070,78,29,32,16
18049987952710448,17841400074692954,paulistao,Paulistão,"A PENÚLTIMA DA PRIMEIRA FASE! 🔥
Confira os confrontos da 14ª rodada do #PaulistãoA3Rivalo",0,"03/13/2026 04:30",https://www.instagram.com/p/DV0l1n2FJZ-/,"Imagem do Instagram",,Total,26200,16111,373,11,2,3,7
17914738803325929,17841400074692954,paulistao,Paulistão,"MAIS UMA JORNADA! ⚽️
Confira os jogos da 10ª rodada do #PaulistãoA4Rivalo.",0,"03/13/2026 04:00",https://www.instagram.com/p/DV0iaBllrmq/,"Imagem do Instagram",,Total,23193,13863,246,13,2,2,3
18058697327401833,17841400074692954,paulistao,Paulistão,"PARABÉNS, VAMPETA!🎉🥳
Bicampeão do Paulistão e Campeão do Mundo com a Seleção Brasileira em 2002, o Velho Vamp comemora 52 anos nesta sexta-feira(13).
#FPF #Aniversário",0,"03/13/2026 03:00",https://www.instagram.com/p/DV0biv1GfL8/,"Imagem do Instagram",,Total,48984,29489,643,21,1,30,4
18088183835469853,17841400074692954,paulistao,Paulistão,"A MELHOR ARBITRAGEM! 🏆
Eles foram destaque ao longo da competição e estão entre os melhores árbitros do Paulistão Casas Bahia 2026! #Premiação #PaulistãoCasasBahia 🥰
📷 Ag. Paulistão",0,"03/12/2026 16:00",https://www.instagram.com/p/DVzQAn8FknH/,"Imagem do Instagram",,Total,50639,28989,552,6,1,5,6
18014354027667113,17841403697985575,alambradofutebolecultura,"Alambrado Futebol e Cultura","A história do futebol paulista também se conta pelas camisas.

Na premiação do @paulistao 2026, o Alambrado Futebol e Cultura, em parceria com a @fpf_oficial , apresentou uma exposição com peças que representam os 16 clubes da competição!",0,"03/12/2026 14:00",https://www.instagram.com/p/DVzHe6DAdjn/,"Carrossel do Instagram",,Total,56714,20374,1154,34,10,15,0
18037458113772283,17841467312227297,fpfacademia,"FPF Academia","EXPERIÊNCIA COMPLETA! 📸
A turma do Workshop de Fotografia da @fpfacademia vivenciou o aprendizado teórico, nas aulas on-line, e também prática, diretamente do campo. Vem conferir um resumo dessa primeira edição 🎥 ❤️

#FPFAcademia #Workshop #Fotografia #Futebol #FPF",63,"03/12/2026 13:59",https://www.instagram.com/reel/DVzFdJZEfRl/,"Reel do Instagram",,Total,3844,2730,104,8,4,7,0
17852663181685134,17841407565563476,fmfmt_oficial,"Federação Matogrossense de Futebol","Noite de Copa do Brasil no Dutra! ⚽🏟️

O Mixto recebe o Grêmio Novorizontino nesta quinta-feira (12), às 19h30 (MT), no Estádio Presidente Dutra, em duelo válido pela terceira fase da Copa do Brasil.

O confronto acontece em jogo único e eliminatório.

A partida terá transmissão ao vivo pelo site do Globo Esporte Mato Grosso (ge.globo.com/mt/)

🎟️ Ingressos
R$ 30 (inteira) | R$ 15 (meia)

📍 Vendas nas bilheterias do Dutra

⏰ 9h às 12h | 13h30 às 17h

#CopaDoBrasil
#MixtoEC
#FMF
#FutebolMatoGrossense",0,"03/12/2026 13:00",https://www.instagram.com/p/DVzAkeYiTjA/,"Imagem do Instagram",,Total,18095,9214,302,8,1,6,0
18181534057335586,17841403734375167,sindicatodeatletas,"Sindicato de Atletas SP","🏆 Seleção dos Atletas
Paulistão A4 Rivalo 2026

Confira as seleções da 8ª rodada do Paulistão A4 Rivalo 2026.

⭐ GOL - Kayque (Tanabi)
⭐ ZAG - Bernardo (Tanabi)
⭐ ZAG - Caio Mineiro (Jacareí)
⭐ ZAG/LE - Severo (Lemense)
⭐ VOL - Balbino (Lemense)
⭐ VOL - Léo Alves (Barretos)
⭐ MC- André (Inter de Bebedouro)
⭐ MC - David (Comercial)
⭐ ATA - Eduardo (Jacareí)
⭐ ATA - Caio Vidal (Inter Bebedouro)
⭐ ATA - Thiaguinho - (Taquaritinga)

Aqui, atleta vota em atleta!

#SeleçãodosAtletas #PaulistaoA4 #AtletaVotaemAtleta #SindicatodeAtletasSP #FPF #FutebolInterior

🎯 MKT Digital: @digitalsportspress",0,"03/12/2026 10:00",https://www.instagram.com/p/DVysDY4DYMv/,"Imagem do Instagram",,Total,30508,16885,238,18,2,3,0
18106105123667606,17841400074692954,paulistao,Paulistão,"FALTAM DOIS JOGOS! 🔥
Com Portuguesa Santista e Marília garantidos nas quartas, assim está a tabela do #PaulistãoA3Rivalo.",0,"03/12/2026 09:30",https://www.instagram.com/p/DVyjYFmlW57/,"Imagem do Instagram",,Total,189834,100948,3946,120,41,52,30
18345518671215473,17841400074692954,paulistao,Paulistão,"A Federação Paulista de Futebol alterou o modelo de revisão de lances que utilizará a partir do quadrangular final do Paulistão A2 Rivalo. A entidade tinha anunciado durante a semana o uso do Vídeo Suporte, mas optou nesta quarta-feira por implantar o VAR, uma ferramenta segura, mais precisa e já utilizada nas principais competições brasileiras.
#PaulistãoA2Rivalo",0,"03/12/2026 07:59",https://www.instagram.com/p/DVyeGq8lBz7/,"Imagem do Instagram",,Total,49529,26026,1185,54,0,4,12
18106997056859533,17841401269594350,narsp,NAR-SP,"Parabéns aos árbitros, árbitras e assistentes que fizeram do @paulistao 2026 um campeonato de alto nível dentro e fora de campo. 👏⚽

Diariamente, esses profissionais realizam seus treinamentos físicos no NAR-SP, em uma ação pioneira desenvolvida em parceria com a @fpf_oficial, por meio do seu Departamento Científico, sediado no nosso centro. O objetivo é claro: elevar o nível de preparação física da arbitragem e contribuir diretamente para a qualidade das atuações durante a competição.

Também celebramos a participação dos árbitros formados nas duas edições do Programa Jovens Árbitros, que já começam a construir sua trajetória dentro de uma das competições mais importantes do país, e os árbitros de nível CBF e FIFA que também foram premiados por suas atuações.

Parabenizamos todos os profissionais envolvidos por mais uma grande edição do campeonato e agradecemos ao presidente Carneiro Bastos ( @reinaldob ) e ao vice-presidente Mauro Silva ( @maurosilvaofficial ) pela confiança e pela parceria no desenvolvimento da arbitragem paulista.

Seguimos juntos, fortalecendo a ciência aplicada ao esporte e contribuindo para a evolução do futebol. ⚽📈

-- 

@fpf_oficial 
@fpfacademia 
@irineu_loturco 

@luizareisbandeirinha 
@proflucastavares 
@luiscandido87 
@matheus.jet 
@fisio.gabrielalopes",0,"03/12/2026 06:43",https://www.instagram.com/p/DVyVbC0DjQK/,"Carrossel do Instagram",,Total,16730,6715,442,12,10,24,0
18453504133108161,17841403734375167,sindicatodeatletas,"Sindicato de Atletas SP","🏆 Seleção dos Atletas
Paulistão A3 Rivalo 2026

Confira a seleção da 11ª rodada do Paulistão A3 Rivalo 2026.

⭐ GOL - Jonathan Braz (União Barbarense)
⭐ ZAG - Antoniel (Itapirense)
⭐ ZAG - Rafael (Bandeirante)
⭐ ZAG - Ricardinho (União Barbarense)
⭐ VOL - Matheus Teta (União São João)
⭐ VOL - Kevin (EC São Bernardo)
⭐ MD - Cirilo (Marília)
⭐ ME - Alef Leite (Rio Preto)
⭐ ATA - Luiz Henrique (Rio Preto)
⭐ ATA - Bruninho (União São João)
⭐ ATA - Vinicius Macedo (EC São Bernardo)

Aqui, atleta vota em atleta!

#SeleçãodosAtletas #PaulistaoA3 #AtletaVotaemAtleta #SindicatodeAtletasSP #FPF #FutebolInterior

🎯 MKT Digital: @digitalsportspress",0,"03/12/2026 05:45",https://www.instagram.com/p/DVyOzlsDD4Z/,"Imagem do Instagram",,Total,24016,13521,246,19,0,1,0
18137401774506005,17841400777371682,xvpiracicaba,"XV de Piracicaba","Sábado é dia de Nhô Quim! Garanta seu ingresso! #VemProBarão ⚪️⚫️",17,"03/12/2026 05:00",https://www.instagram.com/reel/DVyJi2ZETtW/,"Reel do Instagram",,Total,12297,7764,419,22,0,11,0
18073586804553137,17841400074692954,paulistao,Paulistão,"FIM DA 13ª RODADA!
Vem ver os resultados do Paulistão A3 Rivalo dessa quarta-feira!
#PaulistãoA3Rivalo",0,"03/11/2026 18:32",https://www.instagram.com/p/DVxBuZlFBRZ/,"Imagem do Instagram",,Total,34336,19580,642,9,2,8,5
18258091624295130,17841405688144679,rivalobrasil,"Rivalo Brasil","Seleção Rivalo + Melhores Desempenhos em parceria com o @sofascorebr_oficial pela 15ª rodada do Paulista A2 Rivalo 2026! 🏆

A primeira fase foi pura emoção, e agora um novo capítulo se inicia. Arrasta pro lado pra conferir os CRAQUES que entregaram tudo no fds ➡️

Obs: Seleção baseada nas Notas Sofascore 📊

#Rivalo #NadaGanhaDaEmoção #JoguecomResponsabilidade +18 #RivaloSofascore",0,"03/10/2026 14:14",https://www.instagram.com/p/DVt_gtCgYAH/,"Carrossel do Instagram","Ocorreu um erro ao computar métricas.",-,,,,,,,
18099419470905947,17841405688144679,rivalobrasil,"Rivalo Brasil","ESSE É O FUTEBOL DE VERDADE! 🏆

Campo pesado, gol chorado, classificação embolada e drama até o último minuto. A rodada da A3 foi insana! 🔥

Vem dar uma conferida em tudo que rolou no Paulistão A3 Rivalo! 💥

#Rivalo #NadaGanhadaEmocao #JoguecomResponsabilidade +18",53,"03/06/2026 14:41",https://www.instagram.com/reel/DVj2IIrDkgl/,"Reel do Instagram","Ocorreu um erro ao computar métricas.",-,,,,,,,
18571202614002127,17841405688144679,rivalobrasil,"Rivalo Brasil","Seleção Rivalo em parceria com o @sofascorebr_oficial pela 14º rodada do Paulista A2 Rivalo 2026! 🏆

Estamos chegando no final da primeira fase e eles estão com fogo nos olhos! Quer saber quem são os craques da vez? Arrasta pro lado ➡️

#Rivalo #NadaGanhaDaEmoção #JoguecomResponsabilidade +18 #RivaloSofascore",0,"03/03/2026 12:43",https://www.instagram.com/p/DVb6ZadgTmX/,"Carrossel do Instagram","Ocorreu um erro ao computar métricas.",-,,,,,,,
18036580022576367,17841405688144679,rivalobrasil,"Rivalo Brasil","Melhores desempenhos individuais e coletivos Rivalo em parceria com o @sofascorebr_oficial pela 11ª rodada do Paulista A2 Rivalo 2026! ⚽

Seu time já está fazendo sequência ou é a primeira vez dele aqui? 🤔

Arrasta pro lado e vem descobrir! 💥

#Rivalo #NadaGanhadaEmocao #JoguecomResponsabilidade +18 #RivaloSofascore",0,"02/26/2026 08:40",https://www.instagram.com/p/DVOmiLaDiPd/,"Carrossel do Instagram","Ocorreu um erro ao computar métricas.",-,,,,,,,
18367400602164182,17841454473375442,ulissescostatv,"ULISSES TV","O GOL QUE GARANTIU A CLASSIFICAÇÃO! 🦅💛

Depois do pênalti sofrido pelo Rikelme, @michaelpaulista10 chamou a responsabilidade, colocou a bola na cal e bateu para o fundo do gol, virando a partida contra o Ituano.

🎙️ @brunoscaciotti 

#saojose #aguiadovale #paulistao #campeonatopaulista #ulissestv",73,"02/26/2026 08:20",https://www.instagram.com/reel/DVOkCazIGTh/,"Reel do Instagram","Ocorreu um erro ao computar métricas.",-,,,,,,,
18094911232815170,17841454473375442,ulissescostatv,"ULISSES TV","GOL DE CAMISA 9! 🦅💛

Em um belo cruzamento do lado esquerdo, @clessione_santos9 deixou tudo igual no Martins Pereira! E era apenas o gol de empate contra o Ituano.

🎙️ @brunoscaciotti 

#saojose #aguiadovale #paulistao #campeonatopaulista #ulissestv",72,"02/26/2026 08:01",https://www.instagram.com/reel/DVOh_wXDPWU/,"Reel do Instagram","Ocorreu um erro ao computar métricas.",-,,,,,,,
17896468470404716,17841427986572591,barretosec,"Barretos Esporte Clube - Perfil Oficial","SERIA O GOL MAIS RÁPIDO DO PAULISTÃO 2026?!🤯⚽

Olha o que o Wendel Alex aprontou no pontapé inicial da partida do Touro do Vale contra o Jabaquara. Do meio de campo, logo após o apito inicial, em menos de 5 SEGUNDOS DE JOGO, ele soltou uma bomba que explodiu no travessão do goleiro, pela 6ª rodada do #PaulistaoA4Rivalo.

Se essa bola entra… seria o gol mais rápido do Paulistão 2026! 😳🔥

#TouroDoVale #BarretosEC #JuntosPeloTouro #PaulistaoA4Rivalo",17,"02/26/2026 05:54",https://www.instagram.com/reel/DVOTUv-jXMW/,"Reel do Instagram","Ocorreu um erro ao computar métricas.",-,,,,,,,
18070287317210969,17841403734375167,sindicatodeatletas,"Sindicato de Atletas SP","🏆 Seleção dos Atletas
Paulistão A4 Rivalo 2026

Confira as seleções da 5ª rodada do Paulistão A4 Rivalo 2026.

⭐ GOL - Kayque Maranhão (Tanabi)
⭐ LD - Dedé (Araçatuba)
⭐ ZAG - Vitão (Araçatuba)
⭐ ZAG - Bernardo (Tanabi)
⭐ LE - Severo (Lemense) 
⭐ VOL - Vinicius Neves (Jacareí)
⭐ VOL - Lucas Porto (Suzano)
⭐ MC - Gabriel Chiari (Barretos)
⭐ ATA - Juninho (Penapolense)
⭐ ATA - Theo Lanza (Jacareí)
⭐ ATA - Natã (Lemense)

Aqui, atleta vota em atleta!

#SeleçãodosAtletas #PaulistaoA4 #AtletaVotaemAtleta #SindicatodeAtletasSP #FPF #FutebolInterior

🎯 MKT Digital: @digitalsportspress",0,"02/25/2026 02:44",https://www.instagram.com/p/DVLZEu1D7xg/,"Imagem do Instagram","Ocorreu um erro ao computar métricas.",-,,,,,,,
18080676266612926,17841454473375442,ulissescostatv,"ULISSES TV","GOL DE CAMISA 10! ⚫⚪

No clássico contra a Inter de Limeira, no último final de semana, @sh_favarin_10 pisou na área e meteu um chutaço de primeira fazendo o gol da vitória.

🚨 DOMINGÃO É DIA DE JUVENTUS E XV DE PIRACICABA, NA TELA DA ULISSES TV, A PARTIR DAS 9H30!

#xvdepiracicaba #paulistao #campeonatopaulista #ulissestv",69,"02/24/2026 11:16",https://www.instagram.com/reel/DVJuxceDTo9/,"Reel do Instagram","Ocorreu um erro ao computar métricas.",-,,,,,,,
18079527665062997,17841400074692954,paulistao,Paulistão,"UM PAREDÃO COMPLETO! 🧱🔥 
Primeiro com a mão e depois com o pé, João Paulo ajudou a garantir a primeira vitória do Grêmio Prudente no #PaulistaoA2Rivalo",11,"02/24/2026 08:00",https://www.instagram.com/reel/DVJTTZngQUr/,"Reel do Instagram",,Total,102111,63513,1154,31,1,11,9
18183080908370419,17841400074692954,paulistao,Paulistão,"QUANDO O FUTEBOL VIRA ARTE! 🎨 ⚽️
Muito talento envolvido nas telas do #PaulistaoA3Rivalo.",16,"02/24/2026 07:30",https://www.instagram.com/reel/DVJP5Lek6mO/,"Reel do Instagram",,Total,105353,67473,1047,64,4,12,15
18103300756921597,17841469685771020,suafotonojogo,"Sua Foto no Jogo","O Paulistão Casas Bahia 2026 terminou com o título do Palmeiras, e a nossa alegria foi ver a história de todas as torcidas registrada para sempre! 🏆📸

Estamos muito felizes com o sucesso da nossa primeira cobertura como plataforma oficial do @paulistao. Em parceria com a @fpf_oficial, levamos a experiência dos estádios para um novo nível, eternizamos a emoção de quem realmente faz o espetáculo: você, torcedor. 💜⚽

Missão cumprida em 2026.🫡
Saímos de campo com a alma roxa lavada e nossas câmeras cheias de histórias, já imaginando os novos capítulos que 2027 reserva pra nós.

#TimeRoxo

🎥 Imagens : @erikmaciel_ // @ocaiocortez // @wcfthdu
✍🏾 Edit : @wcfthdu
🎬 por @nodetalhecontent_",68,"03/11/2026 13:53",https://www.instagram.com/reel/DVwf5q7iIXS/,"Reel do Instagram",,Total,18987,13720,501,68,13,32,0
18070645031225486,17841400777371682,xvpiracicaba,"XV de Piracicaba","E se a trend da Rocinha fosse feita no Barão… ⚫️⚪️

🚁 @makasten",47,"03/11/2026 13:17",https://www.instagram.com/reel/DVwdSCfkbQ6/,"Reel do Instagram",,Total,27916,16635,1611,66,2,14,0
17853078882634272,17841403734375167,sindicatodeatletas,"Sindicato de Atletas SP","🏆 Seleção dos Atletas
Paulistão A4 Rivalo 2026

Confira as seleções da 7ª rodada do Paulistão A4 Rivalo 2026.

⭐ GOL – Cesar (Jacareí)
⭐ ZAG – Leonardo (Colorado Caieiras)
⭐ ZAG - Roger Carvalho (Barretos)
⭐ ZAG – Kaio Ellyson (Taquaritinga)
⭐ VOL - Gonzalo (Colorado Caieiras)
⭐ VOL – Vinicius Neves (Jacareí)
⭐ VOL – Moyses – (ECUS)
⭐ MC – Daniel Foguinho (Tanabi) 
⭐ ATA – Vichtor Pará (Grêmio São–Carlense)
⭐ ATA – Caio (Inter de Bebedouro)
⭐ ATA – Thalyson (Tanabi)

Aqui, atleta vota em atleta!

#SeleçãodosAtletas #PaulistaoA4 #AtletaVotaemAtleta #SindicatodeAtletasSP #FPF #FutebolInterior

🎯 MKT Digital: @digitalsportspress",0,"03/11/2026 12:00",https://www.instagram.com/p/DVwU6kvDUrp/,"Imagem do Instagram",,Total,32739,17936,240,46,3,1,0
17970185412000956,17841403734375167,sindicatodeatletas,"Sindicato de Atletas SP","🏆 Seleção dos Atletas
Paulistão A3 Rivalo 2026

Confira a seleção da 10ª rodada do Paulistão A3 Rivalo 2026.

⭐ GOL - Léo (Rio Claro)
⭐ LD – Fabrício (União Barbarense)
⭐ ZAG – Rossi (Francana)
⭐ ZAG – Brito (União São João)
⭐ LE – Tico (Francana)
⭐ VOL - Otávio (Portuguesa Santista)
⭐ VOL - Willian (Marília)
⭐ MC - Vinicius Oliveira (Rio Preto)
⭐ ATA – João Pedro (Portuguesa Santista)
⭐ ATA - Andrey (Rio Claro)
⭐ ATA – Daniel Cruz (Barbarense)

Aqui, atleta vota em atleta!

#SeleçãodosAtletas #PaulistaoA3 #AtletaVotaemAtleta #SindicatodeAtletasSP #FPF #FutebolInterior

🎯 MKT Digital: @digitalsportspress",0,"03/11/2026 09:24",https://www.instagram.com/p/DVwDIf5EwXY/,"Imagem do Instagram",,Total,41101,20888,408,47,3,2,0
18113286412657078,17841403287511460,arfocsp,ARFOC-SP,"O Fotojornalismo em Evidência 📸 

A campanha ""Foto da Rodada"" encerra este ciclo no Paulistão A1 com um saldo de absoluto SUCESSO! 

E o principal objetivo foi alcançado: elevar o Fotojornalismo Esportivo ao seu devido lugar de destaque.
Mais que registros, foi celebrado a arte e a sensibilidade de cada associado(a) que transformou o campo em poesia visual. 

Agradecemos a todos que participaram e honraram a nossa categoria.

Então vamos relembrar quem foram os olhos que melhor traduziram a emoção de cada rodada do Paulistão:

Rodada 01 -  Victor Monteiro | @monteirofoto
Rodada 02 - Tiago Dias | @tiagodiasfotografia
Rodada 03 -  Abraão Soares | @abraaosbs
Rodada 04 -  Pedro Zacchi | @pedrozacchi
Rodada 05 - Victor Froes | @froesfoto
Rodada 06 - Daniel Kfouri | @canaldozefoto
Rodada 07 - Jhony Inácio | @jhonyfotoesportiva
Rodada 08 - Abraão Soares | @abraaosbs
Rodada 09 – Matheus Dahsan | @matheusdahsanfoto
Rodada 10 – Werther Santana | @werther_santana
Rodada 11 – Jhony Inácio | @jhonyfotoesportiva
Rodada 12 – Ronaldo Barreto | @barretoronaldofotos

Nosso agradecimento especial à @fpf_oficial pela parceria fundamental e a todos os profissionais que, com ética e talento, eternizaram a história deste campeonato.

#ArfocSP #FPF #Paulistao #Fotojornalismo #FotografiaEsportiva",0,"03/11/2026 09:10",https://www.instagram.com/p/DVwBiMgkUcJ/,"Carrossel do Instagram",,Total,10975,4913,213,17,3,5,0
18105520132867028,17841467312227297,fpfacademia,"FPF Academia","AULA PRÁTICA EM 16 DE MAIO! 📅
Você, árbitro ou árbitra do futebol amador, que deseja aprender mais sobre regras e preparação da arbitragem ➡️ Vem com a gente na 4ª edição do Curso de Capacitação de Árbitros - Ligas Amadoras Paulistas da @fpfacademia, com aula prática em Serrana-SP 📍

🔗 Mais informações e inscrição no nosso link da bio

#FPFAcademia #Curso #Arbitragem #Ligas #FPF",21,"03/11/2026 08:35",https://www.instagram.com/reel/DVv8hx3EVka/,"Reel do Instagram",,Total,9199,5893,168,14,1,4,0
18017386124816439,17841400074692954,paulistao,Paulistão,"RETA DECISIVA DE PRIMEIRA FASE!🔥 
Confira os jogos da 13ª rodada do #PaulistãoA3Rivalo.",0,"03/11/2026 03:00",https://www.instagram.com/p/DVvR8u5FQV-/,"Imagem do Instagram",,Total,24795,15568,362,15,0,7,6
18118358749544476,17841426429471156,fpf_oficial,"Federação Paulista de Futebol","BORA PARA AS QUARTAS!
Os oito clubes classificados para as quartas de final do Paulistão A2 RIVALO foram recebidos pelo presidente da FPF, Reinaldo Carneiro Bastos, nesta terça-feira (10), para o Conselho Técnico da competição.
Durante o encontro, presidentes e representantes dos clubes, junto à comitiva da FPF, definiram todos os detalhes da próxima fase do campeonato.
#FPF #FutebolPaulista
📷Rodrigo Corsi/ Ag. Paulistão",0,"03/10/2026 16:10",https://www.instagram.com/p/DVuL_mrEq5h/,"Imagem do Instagram",,Total,13973,7763,260,12,0,2,0
18058942892397911,17841426429471156,fpf_oficial,"Federação Paulista de Futebol","CONSELHO TÉCNICO DAS QUARTAS DE FINAL ✅
O presidente da FPF, Reinaldo Carneiro Bastos, recebeu no Edifício Pelé, os representantes dos clubes classificados para alinhar os próximos passos do Paulistão A2 Rivalo.
#FPF #FutebolPaulista",78,"03/10/2026 16:01",https://www.instagram.com/reel/DVuKBY4p94c/,"Reel do Instagram",,Total,6945,4714,146,8,1,0,0
18401487241180646,17841426429471156,fpf_oficial,"Federação Paulista de Futebol","UMA NOITE ESPECIAL! ✨ 
O presidente da FPF, Reinaldo Carneiro Bastos, realizou a abertura da cerimônia de premiação do Paulistão Casas Bahia, realizada nesta segunda-feira (9). O evento reuniu autoridades, presidentes de clubes e convidados especiais para celebrar os grandes destaques da temporada de 2026. #FPF #FutebolPaulista
📷 Rodrigo Corsi/ Ag. Paulistão",0,"03/10/2026 15:03",https://www.instagram.com/p/DVuFIi0icIG/,"Carrossel do Instagram",,Total,6916,2843,264,0,1,5,1
18139083025498910,17841400074692954,paulistao,Paulistão,"NOVIDADE NO PAULISTÃO A2 RIVALO!
A partir da segunda fase, os clubes poderão contar com a tecnologia do Vídeo Suporte (VS) em lances específicos durante os jogos.
#PaulistãoA2Rivalo",0,"03/10/2026 14:45",https://www.instagram.com/p/DVuCi8ajFK4/,"Carrossel do Instagram",,Total,89865,39830,925,51,0,10,19
17914843353316495,17841426429471156,fpf_oficial,"Federação Paulista de Futebol","NOVIDADE NA ÁREA! 🤩
A partir da segunda fase do Paulistão A2 Rivalo, que começa neste fim de semana, todos os jogos terão Vídeo Suporte. Os treinadores poderão escolher alguns lances para pedir desafio e solicitar que os árbitros revisem as imagens geradas pela transmissão. Entre os classificados, o presidente do XV de Piracicaba, Matheus Bonassi, que já utilizou o desafio na última Copa Paulista, comentou sobre a novidade no campeonato.
#FPF #FutebolPaulista",29,"03/10/2026 14:31",https://www.instagram.com/reel/DVuAu8qJ7wO/,"Reel do Instagram",,Total,12847,8496,319,8,3,13,3
18129071842552313,17841426429471156,fpf_oficial,"Federação Paulista de Futebol","DE OLHO NO ACESSO!
Vem conferir as datas e horários da primeira rodada da segunda fase do #PaulistãoA2Rivalo. A tabela completa está no www.futebolpaulista.com.br",0,"03/10/2026 13:18",https://www.instagram.com/p/DVt462_k9Fx/,"Imagem do Instagram",,Total,66721,35853,1237,123,10,26,16
18209591533322125,17841426429471156,fpf_oficial,"Federação Paulista de Futebol","FOTO DA RODADA ARFOC-SP!
Foto da volta da final do Paulistão Casas Bahia, registrada pelo @barretoronaldofotos!
#FPF #ARFOCSP",0,"03/10/2026 12:21",https://www.instagram.com/p/DVtyhAGltQW/,"Carrossel do Instagram",,Total,6018,2494,180,3,0,3,4
18080008106369156,17841426429471156,fpf_oficial,"Federação Paulista de Futebol","PARABÉNS, BANDEIRANTE!🎉🥳
O BEC comemora 103 anos de história nesta terça-feira (10).
#FPF #Aniversário",0,"03/10/2026 03:00",https://www.instagram.com/p/DVstJ3xGmu8/,"Imagem do Instagram",,Total,4630,2835,95,3,0,9,0
18184817500371270,17841426429471156,fpf_oficial,"Federação Paulista de Futebol","O IMPORTANTE É QUE EMOÇÕES FORAM VIVIDAS! 🏆
O presidente da Federação Paulista de Futebol, Reinaldo Carneiro Bastos, marcou presença na premiação do Paulistão Casas Bahia, nesta segunda-feira (9). A cerimônia reuniu atletas, técnicos e dirigentes para premiar os melhores da temporada. #FPF #FutebolPaulista",37,"03/09/2026 21:48",https://www.instagram.com/reel/DVsOiUDt-5y/,"Reel do Instagram",,Total,17867,11660,563,35,13,22,6
18082932794021049,17841467312227297,fpfacademia,"FPF Academia","A ESCALAÇÃO TÁ FICANDO PRONTA! ☑️
Já temos os primeiros professores confirmados do Curso Master FPF. E tem muito nome de peso nesta 6ª edição, bora conferir? ➡️ 💼 ⚽

O Curso Master FPF é o principal programa de capacitação na área de gestão da @fpf_oficial. Acesse o link da bio e faça sua inscrição. Dúvidas? Mande uma DM para a @fpfacademia 📩

.
.
.

#FPFAcademia #Curso #MasterFPF #Gestão #Futebol",0,"03/09/2026 13:25",https://www.instagram.com/p/DVrVCfkkRzy/,"Carrossel do Instagram",,Total,21005,188828,318,24,46,7,0
18146958877414124,17841426429471156,fpf_oficial,"Federação Paulista de Futebol","DIA DE FINAL! 🏆
O presidente da Federação Paulista de Futebol, Reinaldo Carneiro Bastos, acompanhou a decisão entre Novorizontino e Palmeiras, neste domingo (8), em Novo Horizonte. #FPF #FutebolPaulista",20,"03/08/2026 21:56",https://www.instagram.com/reel/DVpql0nNGcD/,"Reel do Instagram",,Total,14756,10223,494,12,8,22,3
18051847304502659,17841426429471156,fpf_oficial,"Federação Paulista de Futebol","É CAMPEÃO! 🏆
O presidente da FPF, Reinaldo Carneiro Bastos, marcou presença na final do Paulistão Casas Bahia, em Novo Horizonte, neste domingo (8). A decisão entre Novorizontino e Palmeiras contou com a presença de autoridades e consagrou o Verdão como campeão. #FPF #FutebolPaulista
📷 Rodrigo Corsi/ Ag. Paulistão",0,"03/08/2026 21:26",https://www.instagram.com/p/DVpnYoVDcwh/,"Carrossel do Instagram",,Total,11418,6087,244,1,9,28,4
18115595338635839,17841400074692954,paulistao,Paulistão,"QUANDO SURGE O ALVIVERDE IMPONENTE! 🏆🐷
CAMPEÃO DO PAULISTÃO CASAS BAHIA 2026!
#PaulistãoCasasBahia",0,"03/08/2026 18:36",https://www.instagram.com/p/DVpT32wkq87/,"Imagem do Instagram",,Total,701714,451584,27899,7204,51,752,345
17879440902498902,17841426429471156,fpf_oficial,"Federação Paulista de Futebol","OH MY GOD! 
Hoje tem final do Paulistão Casas Bahia 2026! #PaulistãoCasasBahia",11,"03/08/2026 13:20",https://www.instagram.com/reel/DVovVcxpxPJ/,"Reel do Instagram",,Total,130113,87672,1170,11,9,34,9
18192397870354649,17841400074692954,paulistao,Paulistão,"Ponto final na nona rodada do Paulistão A4 Rivalo!
#PaulistãoA4Rivalo",0,"03/08/2026 13:10",https://www.instagram.com/p/DVoul6kEsKb/,"Imagem do Instagram",,Total,30629,18367,542,9,0,6,3
18108314737775168,17841400074692954,paulistao,Paulistão,"Arbitragem escalada para o jogo de volta da final do Paulistão Casas Bahia 2026, entre Novorizontino e Palmeiras!
#PaulistãoCasasBahia",0,"03/08/2026 09:35",https://www.instagram.com/p/DVoV9CHkrZM/,"Imagem do Instagram",,Total,53147,31777,884,51,1,47,15
18057290111414186,17841400074692954,paulistao,Paulistão,"Rodada cheia no Paulistão A3 Rivalo!
#PaulistãoA3Rivalo",0,"03/08/2026 09:19",https://www.instagram.com/p/DVoUGUVknuf/,"Imagem do Instagram",,Total,41402,24116,709,16,2,16,5
18095330840002878,17841401002519160,penaltybr,"Penalty Brasil","Hoje, Novorizontino e Palmeiras decidem a final do Paulistão Casas Bahia 2026.

O jogo determina o campeão e o fim do campeonato,
mas é apenas um capítulo da linda história do futebol paulista.

São Paulo respira futebol.⚽️ 
Nos campos de várzea marcados pela disputa intensa.
Nas ligas amadoras que movem bairros inteiros.
Nas competições juvenis onde nascem os próximos sonhos.
E nas arquibancadas, onde a paixão nunca fica em silêncio.

Porque aqui, o futebol não cabe em noventa minutos. Ele é um amor para a vida inteira.  #Futebol #campeonatopaulista #paulistao",198,"03/08/2026 08:28",https://www.instagram.com/reel/DVoN8gYDqCn/,"Reel do Instagram",,Total,25886,19323,558,86,16,57,0
18147027025467264,17841400074692954,paulistao,Paulistão,"A primeira fase do Paulistão A2 Rivalo chegou ao fim! Se liga nos resultados.
#PaulistãoA2Rivalo",0,"03/08/2026 04:39",https://www.instagram.com/p/DVn0IohFhgA/,"Imagem do Instagram",,Total,23738,13507,482,5,1,4,3
18093784268076778,17841400074692954,paulistao,Paulistão,"FELIZ DIA INTERNACIONAL DA MULHER! 💪
Feliz dia da jogadora, da árbitra, da jornalista, de todas as mulheres que fazem parte do Futebol Paulista. Que a celebração e o respeito não se limitem ao dia 8 de março!
#DiaInternacionalDaMulher #FutebolPaulista",0,"03/08/2026 01:00",https://www.instagram.com/p/DVncsq1GlRj/,"Imagem do Instagram",,Total,49440,29664,1612,248,1,6,15
18110162146704128,17841400074692954,paulistao,Paulistão,"TÁ DEFINIDO!
Se liga como ficaram os grupos da segunda fase do Paulistão A2 Rivalo! Oito equipes seguem sonhando com o acesso pra elite estadual!
#PaulistãoA2Rivalo",0,"03/07/2026 12:24",https://www.instagram.com/p/DVmLUiUkYsq/,"Imagem do Instagram",,Total,172645,85013,3499,409,18,158,47
17918056674122139,17841400074692954,paulistao,Paulistão,"HOJE TEM! ⚽️ 
Confira os jogos deste sábado do #PaulistãoA3Rivalo.",0,"03/07/2026 03:00",https://www.instagram.com/p/DVlFo2jFhXu/,"Imagem do Instagram",,Total,32930,20462,280,7,0,1,4
17956665491929153,17841400074692954,paulistao,Paulistão,"DIA CHEIO! ⚽️
Veja os jogos deste sábado (7) pelo #PaulistãoA4Rivalo.",0,"03/07/2026 02:30",https://www.instagram.com/p/DVlCM4_FSvg/,"Imagem do Instagram",,Total,29345,17436,335,14,1,3,4
18130992988530355,17841400074692954,paulistao,Paulistão,"GRANDE AÇÃO DA BRIOSA! 👏
No Dia Internacional das Mulheres (8), o ingresso pro jogo da Portuguesa Santista será gratuito para elas. #PaulistãoA3Rivalo.",0,"03/06/2026 14:30",https://www.instagram.com/p/DVjv1B7ke1n/,"Carrossel do Instagram",,Total,39019,15724,402,61,0,8,6
18123578878573106,17841426429471156,fpf_oficial,"Federação Paulista de Futebol","Na arbitragem, cada decisão exige preparo, responsabilidade e ética.

No campo, a integridade sustenta a credibilidade do jogo. Na educação, ela forma profissionais e cidadãos conscientes de seu papel na sociedade.

A Unisa acredita que conhecimento e valores caminham juntos. Por isso, investe em uma formação que desenvolve competência técnica, pensamento crítico e responsabilidade social, fundamentos essenciais para qualquer trajetória.

Como patrocinadora oficial da arbitragem da Federação Paulista de Futebol, a Unisa reforça seu compromisso com princípios que ultrapassam o esporte e se refletem na construção de uma sociedade mais justa.

#Unisa #Ética #FormaçãoCidadã #FPF #Educação #Valores",0,"03/06/2026 07:00",https://www.instagram.com/p/DVi8T7MFh7h/,"Imagem do Instagram",,Total,6434,3549,70,3,0,5,1
17876727246524418,17841400074692954,paulistao,Paulistão,"PRESENÇA CONFIRMADA!⏭️ 🔥
Água Santa, Ferroviária, São José, Ituano e Votuporanguense asseguraram seu lugar na próxima fase. Agora, restam apenas três vagas no G8 do #PaulistãoA2Rivalo.",0,"03/06/2026 05:00",https://www.instagram.com/p/DViuk-vlIuW/,"Imagem do Instagram",,Total,99686,52516,2073,191,1,53,22
18144009409470966,17841400074692954,paulistao,Paulistão,"CLIMA DE DECISÃO! 🔥
Confira os jogos da 15ª rodada do #PaulistãoA2Rivalo.",0,"03/06/2026 04:00",https://www.instagram.com/p/DVinthWlqfI/,"Imagem do Instagram",,Total,21176,11591,504,19,1,4,7
18423797248143985,17841400074692954,paulistao,Paulistão,"DE VOLTA AOS TRABALHOS! 🔥
Confira os jogos da 9ª rodada do #PaulistãoA4Rivalo.",0,"03/06/2026 03:30",https://www.instagram.com/p/DVikRocFhw4/,"Imagem do Instagram",,Total,21016,12365,323,19,0,5,5
17889482394439186,17841400074692954,paulistao,Paulistão,"FIM DE SEMANA DE MUITO FUTEBOL! ⚽️ 
Veja os confrontos da 12ª rodada do #PaulistãoA3Rivalo.",0,"03/06/2026 03:00",https://www.instagram.com/p/DViha8QlleV/,"Imagem do Instagram",,Total,20661,12607,330,15,3,4,4
18122879629570649,17841426429471156,fpf_oficial,"Federação Paulista de Futebol","Mauro Silva, vice-presidente da FPF, foi homenageado durante a cerimônia de Outorga de Comendas da Ordem do Mérito Judiciário da Justiça do Trabalho, realizada na abertura do Ano Judiciário do Trabalho nesta quinta-feira (5), em Campinas. A homenagem, promovida pelo Tribunal Regional do Trabalho da 15ª Região, reconheceu e celebrou personalidades que contribuem para o fortalecimento da Justiça do Trabalho. #FPF #FutebolPaulista",29,"03/05/2026 16:43",https://www.instagram.com/reel/DVhe-priQsz/,"Reel do Instagram",,Total,14792,10202,591,11,4,55,5
18000690872905936,17841426429471156,fpf_oficial,"Federação Paulista de Futebol","FOTO DA RODADA ARFOC-SP!
Foto da ida da final do Paulistão Casas Bahia, registrada pelo @jhonyfotoesportiva!
#FPF #ARFOCSP",0,"03/05/2026 10:00",https://www.instagram.com/p/DVgt3i8EsQS/,"Carrossel do Instagram",,Total,4940,2234,165,4,0,15,1
18092356700117633,17841400074692954,paulistao,Paulistão,"OLHO NA TABELA! 👀
Confira a classificação atualizada do #PaulistãoA4Rivalo.",0,"03/05/2026 08:30",https://www.instagram.com/p/DVgh0NPlgU6/,"Imagem do Instagram",,Total,80822,44814,1495,134,4,45,12
18006409595698395,17841400074692954,paulistao,Paulistão,"RETA FINAL DE PRIMEIRA FASE!🔥 
Veja como está a tabela de classificação do #PaulistãoA3Rivalo.",0,"03/05/2026 08:00",https://www.instagram.com/p/DVge-sPFEwn/,"Imagem do Instagram",,Total,90346,47343,1735,54,4,25,21
18303080239275976,17841400074692954,paulistao,Paulistão,"100% ATUALIZADA! 🔥 
Confira como está a tabela do #PaulistãoA2Rivalo.",0,"03/05/2026 07:30",https://www.instagram.com/p/DVge9rBlGEb/,"Imagem do Instagram",,Total,116151,59768,2534,94,6,42,27
18022304606805033,17841400074692954,paulistao,Paulistão,"E lá se foi a oitava rodada do Paulistão A4 Rivalo!
#PaulistãoA4Rivalo",0,"03/04/2026 18:45",https://www.instagram.com/p/DVfDZfwlu_z/,"Imagem do Instagram",,Total,42651,24287,807,23,0,31,10
18195555790353103,17841400074692954,paulistao,Paulistão,"Ponto final na 11ª rodada do Paulistão A3 Rivalo!
#PaulistãoA3Rivalo",0,"03/04/2026 18:40",https://www.instagram.com/p/DVfC01pFri-/,"Imagem do Instagram",,Total,54815,32370,897,24,1,16,9
17873022258553858,17841426429471156,fpf_oficial,"Federação Paulista de Futebol","O presidente da FPF, Reinaldo Carneiro Bastos, marcou presença na Arena Crefisa Barueri, nesta quarta-feira (4), ao lado da presidente do Palmeiras, Leila Pereira, do presidente do Novorizontino, Genilson Rocha, e de outras autoridades para acompanhar o primeiro confronto da final do Paulistão Casas Bahia. #FPF #FutebolPaulista
📷 Rodrigo Corsi/ Ag. Paulistão",0,"03/04/2026 17:43",https://www.instagram.com/p/DVfBjIfiRi6/,"Carrossel do Instagram",,Total,15617,8477,461,0,48,30,3
18091140155117690,17841426429471156,fpf_oficial,"Federação Paulista de Futebol","DIA DE DECISÃO 🏆
Os bastidores da final do Paulistão Casas Bahia com o presidente da FPF, Reinaldo Carneiro Bastos! 🤩⚽
#FPF #FutebolPaulista",37,"03/04/2026 17:33",https://www.instagram.com/reel/DVe_JkgCdW1/,"Reel do Instagram",,Total,9155,6856,250,11,2,15,6
17850126198643480,17841426429471156,fpf_oficial,"Federação Paulista de Futebol","FALA, PRESIDA! 🗣️
O presidente da FPF, Reinaldo Carneiro Bastos, já está presente na Arena Crefisa Barueri para o primeiro confronto da final do Paulistão Casas Bahia 2026! #FPF #FutebolPaulista",32,"03/04/2026 14:46",https://www.instagram.com/reel/DVetDwjiSUy/,"Reel do Instagram",,Total,12506,9018,523,5,13,89,6
18083463332001376,17841400074692954,paulistao,Paulistão,"Arbitragem escalada para o jogo de ida das finais entre Palmeiras e Novorizontino!
#EscalaDeArbitragem #PaulistãoCasasBahia",0,"03/04/2026 08:48",https://www.instagram.com/p/DVeESvPGmip/,"Imagem do Instagram",,Total,24525,13827,599,44,0,43,6
18068824148246758,17841401002519160,penaltybr,"Penalty Brasil","Milhares de números.
Mas todos sobre o mesmo assunto: a bola.⚽️. #futebol #penalty #Paulistão",47,"03/04/2026 06:46",https://www.instagram.com/reel/DVd2HCijn4S/,"Reel do Instagram",,Total,18397,15272,314,57,1,70,0
18054828233686834,17841400074692954,paulistao,Paulistão,"AMANSOU E GUARDOU! 🎯🔥
Foguinho precisou de pouco tempo em campo pra marcar esse golaço na vitória do Tanabi sobre o Nacional por 2 a 0, pela 7ª rodada do #PaulistãoA4Rivalo.",11,"03/04/2026 05:30",https://www.instagram.com/reel/DVdogrSEfmw/,"Reel do Instagram",,Total,46034,30626,1019,106,6,34,4
18076698935578102,17841400074692954,paulistao,Paulistão,"QUARTA FEIRA DE MUITO FUTEBOL! 🔥
Confira os jogos da 8ª rodada do #PaulistãoA4Rivalo.",0,"03/04/2026 03:30",https://www.instagram.com/p/DVdar-SFq1R/,"Imagem do Instagram",,Total,28487,17759,355,14,1,5,4
18114874819627051,17841400074692954,paulistao,Paulistão,"RETA FINAL DA PRIMEIRA FASE!🔥
Confira os jogos da 11ª rodada do #PaulistãoA3Rivalo.",0,"03/04/2026 02:30",https://www.instagram.com/p/DVdT0MUFPGB/,"Imagem do Instagram",,Total,25603,14518,519,11,1,5,4
18086971658164415,17841400074692954,paulistao,Paulistão,"JOGO ISOLADO QUE VALE MUITO! 🔥
Monte Azul e Sertãozinho se enfrentam em jogo adiado pela 8ª rodada do #PaulistãoA2Rivalo.",0,"03/04/2026 02:00",https://www.instagram.com/p/DVdQYnilY3B/,"Imagem do Instagram",,Total,20837,13027,183,8,0,8,0
18111215968735566,17841400074692954,paulistao,Paulistão,"CONHEÇAM O FANATICÃO! 🐶🌟
O novo mascote da Federação Paulista de Futebol é um cachorro caramelo que transborda carisma! 🥰
#PaulistãoCasasBahia #FPF #Fanaticão 
📷Ronaldo Barreto/Ag. Paulistão",0,"03/03/2026 14:30",https://www.instagram.com/p/DVcDw0zDoFU/,"Carrossel do Instagram",,Total,47529,21455,764,89,3,38,11
18098265932490510,17841467312227297,fpfacademia,"FPF Academia","FECHAMENTO ESPECIAL! 👏
O Edifício Pelé, sede da @fpf_oficial, recebeu a aula final da 1ª edição do Workshop de Fotografia da @fpfacademia. Ao longo de todo o encontro, realizado nesta terça-feira (3), a turma conversou mais sobre o dia a dia da Federação e de clubes, gerenciamento de acervo, mercado atual e originalidade na fotografia esportiva 📸 ⚽

.
.
.

📷 Jhony Inácio/Ag. Paulistão

#FPFAcademia #Workshop #Fotografia #FPF #Futebol",0,"03/03/2026 14:25",https://www.instagram.com/p/DVcGEf8kVvg/,"Carrossel do Instagram",,Total,13029,5713,267,26,4,13,0
18446335564104681,17841400074692954,paulistao,Paulistão,"BOA NOITE, POVO! O FANATICÃO CHEGOU 🐶😍🧡
Conheçam o novo mascote da Federação Paulista de Futebol.
#Fanaticão #FPF",40,"03/03/2026 14:01",https://www.instagram.com/reel/DVcDLmzEcF-/,"Reel do Instagram",,Total,21849,15506,473,41,2,34,10
18086804876470081,17841400074692954,paulistao,Paulistão,"A BOLA DA FINAL DO PAULISTÃO CASAS BAHIA! ⚽🔥
A bola Mag11a da @penaltybr como você nunca viu antes... Os jogos da final do #PaulistãoCasasBahia vão ser disputadas com uma bola feita especialmente para a decisão! Coisa fina, tá? 🌟😮‍💨
#Penalty
📷Rodrigo Corsi/Ag.Paulistão",0,"03/03/2026 11:05",https://www.instagram.com/p/DVbvGuPkahZ/,"Carrossel do Instagram",,Total,46846,19262,1219,26,2,17,16
17850842760639191,17841400074692954,paulistao,Paulistão,"ARBITRAGEM DEFINIDA!
Matheus Candançan apita o primeiro jogo e Flávio Rodrigues apita a segunda partida da decisão do Paulistão Casas Bahia!
#PaulistãoCasasBahia #FPF #Arbitragem",0,"03/03/2026 10:52",https://www.instagram.com/p/DVbtltCE84o/,"Imagem do Instagram",,Total,217608,112884,5715,1460,5,767,101
18091588355281884,17841467312227297,fpfacademia,"FPF Academia","🚨 INSCRIÇÕES ABERTAS 🚨
A parceria que você respeita está de volta! @fpfacademia e @narsp chegam em 2026 com VAGAS DISPONÍVEIS para uma oportunidade única: 𝗡𝗼𝘃𝗮𝘀 𝗘𝘀𝘁𝗿𝗮𝘁𝗲́𝗴𝗶𝗮𝘀 𝗽𝗮𝗿𝗮 𝗼 𝗧𝗿𝗲𝗶𝗻𝗮𝗺𝗲𝗻𝘁𝗼 𝗱𝗲 𝗙𝗼𝗿𝗰̧𝗮 𝗻𝗼 𝗙𝘂𝘁𝗲𝗯𝗼𝗹 é totalmente on-line e ideal para você, profissional ou estudante da área de preparação física. Bora garantir a matrícula? ✍️

📅 12 e 13 de junho
💻 On-line
💰 R$ 340

➡️ Comente 𝗘𝗨 𝗤𝗨𝗘𝗥𝗢 e receba mais informações e o link de inscrição em sua DM! Você também pode se inscrever diretamente pelo link da bio da @fpfacademia 🔗

.
.
.

#FPFAcademia #Curso #Treinamento #Força #NAR",0,"03/03/2026 10:30",https://www.instagram.com/p/DVbntnVkWlM/,"Imagem do Instagram",,Total,14252,33070,198,99,35,70,0
18041859182528149,17841400074692954,paulistao,Paulistão,"FIESTA NA JAVARI! 🇪🇨🔥 
Elkin Muñoz fez a torcida do Moleque Travesso explodir na vitória do Juventus sobre o XV de Piracicaba por 3 a 0, que coloca a equipe no G8 do #PaulistãoA2Rivalo.",24,"03/03/2026 07:30",https://www.instagram.com/reel/DVbRsVJCk14/,"Reel do Instagram",,Total,90590,63447,2630,47,10,28,26
18076248548567112,17841400074692954,paulistao,Paulistão,"PAREDÃO RAIZ!🧤🧱 
Denis Júnior mostrou tranquilidade pra fechar o gol na vitória da Ferroviária sobre o Grêmio Prudente por 2 a 0, pela 14ª rodada do #PaulistãoA2Rivalo.",13,"03/03/2026 05:30",https://www.instagram.com/reel/DVbDqWwE-w_/,"Reel do Instagram",,Total,42558,29213,528,5,2,20,3
18217725730314706,17841400074692954,paulistao,Paulistão,"Fim de mais uma rodada no #PaulistãoA4Rivalo e assim ficou a tabela de classificação!",0,"03/02/2026 15:00",https://www.instagram.com/p/DVZgD7YFhY8/,"Imagem do Instagram",,Total,116123,60565,2154,115,15,63,21
18105763585799879,17841426429471156,fpf_oficial,"Federação Paulista de Futebol","FOTO DA RODADA ARFOC-SP!
Foto das semifinais do Paulistão Casas Bahia, registrada pelo @werther_santana!
#FPF #ARFOCSP",0,"03/02/2026 14:34",https://www.instagram.com/p/DVZiRRWEkKi/,"Carrossel do Instagram",,Total,10945,5369,541,6,2,115,2
17884042815456328,17841400074692954,paulistao,Paulistão,"FALTAM CINCO RODADAS!
Vem ver como está a tabela de classificação do Paulistão A3 Rivalo!
#PaulistãoA3Rivalo",0,"03/02/2026 14:15",https://www.instagram.com/p/DVZa6UpFxjh/,"Imagem do Instagram",,Total,126333,65859,3039,74,14,42,30
17862463557601157,17841426429471156,fpf_oficial,"Federação Paulista de Futebol","TUDO PRONTO! ✅
O último Conselho Técnico do Paulistão Casas Bahia 2026, reuniu os presidentes do Novorizontino e Palmeiras, no edifício Pelé, nesta segunda-feira (2). Durante a reunião, a federação e os clubes alinharam todos os detalhes para a final. #FPF #FutebolPaulista",47,"03/02/2026 13:40",https://www.instagram.com/reel/DVZcAhJDOgG/,"Reel do Instagram",,Total,8086,6049,252,20,6,95,0
18157856770440462,17841400074692954,paulistao,Paulistão,"RESTAM TRÊS VAGAS!
Vem ver como está a tabela do #PaulistãoA2Rivalo nessa reta final da primeira fase!",0,"03/02/2026 12:30",https://www.instagram.com/p/DVZO7ukkwc9/,"Imagem do Instagram",,Total,192654,97176,4410,165,8,61,40
17958285900061030,17841400074692954,paulistao,Paulistão,"""A CHEGADA A ESTA FINAL É ALGO ÚNICO"" 🤩
Genilson Rocha, presidente do @oficialnovorizontino, marcou presença no Conselho Técnico da final do Paulistão Casas Bahia 2026, nesta segunda-feira (2), e contou um pouco sobre a classificação do Tigre na final. #PaulistãoCasasBahia #FPF #FutebolPaulista",64,"03/02/2026 12:15",https://www.instagram.com/reel/DVZRMDgiGjf/,"Reel do Instagram",,Total,26554,20007,627,30,4,43,4
18055722350442953,17841426429471156,fpf_oficial,"Federação Paulista de Futebol","RUMO À FINAL! 🏆
O presidente da FPF, Reinaldo Carneiro Bastos, recebeu o presidente do Novorizontino, Genilson Rocha, e a presidente do Palmeiras, Leila Pereira, finalistas do Paulistão Casas Bahia 2026, para o último Conselho Técnico da edição. O encontro alinhou os últimos detalhes dos jogos decisivos.  #FPF #FutebolPaulista
📷 Rodrigo Corsi/ Ag. Paulistão",0,"03/02/2026 11:44",https://www.instagram.com/p/DVZOvkHmh5u/,"Carrossel do Instagram",,Total,31911,15312,827,9,52,101,11
18038415806751337,17841400074692954,paulistao,Paulistão,"Leila Pereira, presidente do Palmeiras, marcou presença no Conselho Técnico da final do Paulistão Casas Bahia 2026 nesta segunda-feira (2), e falou um pouco sobre a trajetória do Verdão na competição. 
#PaulistãoCasasBahia #FPF",57,"03/02/2026 09:59",https://www.instagram.com/reel/DVZCsK3kYp0/,"Reel do Instagram",,Total,53553,38911,2157,85,13,376,41
17890618584429791,17841400074692954,paulistao,Paulistão,"TUDO PRONTO!
CONFIRA DATAS E HORÁRIOS DAS FINAIS DO PAULISTÃO CASAS BAHIA!
#PaulistãoCasasBahia",0,"03/02/2026 07:54",https://www.instagram.com/p/DVY0Yv5jfts/,"Imagem do Instagram",,Total,387911,197809,11798,1373,18,488,204
17911750245338718,17841400074692954,paulistao,Paulistão,"RODADA 8! ✅
Se liga nos resultados do fim de semana no Paulistão A3 Rivalo.
#PaulistãoA3Rivalo",0,"03/02/2026 05:35",https://www.instagram.com/p/DVYki8IFvEp/,"Imagem do Instagram",,Total,48099,27274,888,11,4,11,4
18144856858484026,17841400074692954,paulistao,Paulistão,"FALTA UMA!
A penúltima rodada do Paulistão A2 Rivalo foi concluída com sucesso! Agora só falta mais uma e tem muita emoção por vir!
#PaulistãoA2Rivalo",0,"03/02/2026 05:35",https://www.instagram.com/p/DVYkfxSljDj/,"Imagem do Instagram",,Total,27755,15905,496,11,1,9,2
18084253616239597,17841400074692954,paulistao,Paulistão,"Mais uma rodada pra conta!
#PaulistãoA4Rivalo",0,"03/02/2026 05:32",https://www.instagram.com/p/DVYkLMRln9t/,"Imagem do Instagram",,Total,23057,12709,306,4,0,8,2
18172956148387240,17841403734375167,sindicatodeatletas,"Sindicato de Atletas SP","🏆 Seleção dos Atletas
Paulistão A3 Rivalo 2026

Confira a seleção da 9ª rodada do Paulistão A3 Rivalo 2026.

⭐ GOL - Pedro (Bandeirante)
⭐ ZAG - Wellerson Uberaba (Rio Claro)
⭐ ZAG - Luiz Matheus (Suzano) 
⭐ ZAG/LE - Tallys (União São João)
⭐ VOL - D´Ávila (Suzano)
⭐ VOL - Ótavio (Portuguesa Santista) 
⭐ VOL - Daniel Silva (União Barbarense)
⭐ MC - Yohan (Portuguesa Santista)
⭐ MC - Danilo Silva (União Barbarense)
⭐ ATA - Cirilo (Marília)
⭐ ATA - Andrey (Rio Claro)

Aqui, atleta vota em atleta!

#SeleçãodosAtletas #PaulistaoA3 #AtletaVotaemAtleta #SindicatodeAtletasSP #FPF #FutebolInterior

🎯 MKT Digital: @digitalsportspress",0,"03/02/2026 05:26",https://www.instagram.com/p/DVYjk2Tjs5d/,"Imagem do Instagram",,Total,17154,9410,130,45,3,0,0
18132524632518857,17841403734375167,sindicatodeatletas,"Sindicato de Atletas SP","🏆 Seleção dos Atletas
Paulistão A4 Rivalo 2026

Confira as seleções da 6ª rodada do Paulistão A4 Rivalo 2026.

⭐ GOL - Lucas Bergantin (Nacional)
⭐ ZAG - Kaio Ellyson (Taquaritinga)
⭐ ZAG - Lucão (Lemense)
⭐ ZAG - Antenor (ECUS)
⭐ VOL - Moyses (ECUS)
⭐ VOL - Wagner Chorão (Inter de Bebedouro)
⭐ MC - David (Comercial)
⭐ MC - Romarinho (Tanabi)
⭐ ATA - Theo Lanza (Jacareí)
⭐ ATA - Wendel Alex (Barretos)
⭐ ATA - Kauan Giancler (Taquaritinga)

Aqui, atleta vota em atleta!

#SeleçãodosAtletas #PaulistaoA4 #AtletaVotaemAtleta #SindicatodeAtletasSP #FPF #FutebolInterior

🎯 MKT Digital: @digitalsportspress",0,"03/02/2026 02:15",https://www.instagram.com/p/DVYNsQZlJWI/,"Imagem do Instagram",,Total,18797,10474,127,32,4,1,0
18116834806555852,17841467312227297,fpfacademia,"FPF Academia","CLICKS PELA MOOCA📸
Uma manhã de domingo na Rua Javari com aula prática do Workshop de Fotografia no #PaulistãoA2Rivalo ⚽️

#FPFAcademia #Futebol #WorkshopDeFotografia #FPF",63,"03/01/2026 11:27",https://www.instagram.com/reel/DVWndyIkVjP/,"Reel do Instagram",,Total,10089,7655,185,16,5,171,0
18074756579540100,17841467312227297,fpfacademia,"FPF Academia","MATCH DAY ⚽ 📸
Os alunos e alunas do Workshop de Fotografia da @fpfacademia estiveram presentes, na manhã deste domingo (1), no Estádio Conde Rodolfo Crespi, a tradicional Rua Javari. A turma teve a chance de vivenciar na prática a rotina de um fotógrafo durante a partida entre Juventus e XV de Piracicaba pelo #PaulistãoA2Rivalo 🏆

.
.
.

📷 @corsifoto e @jhonyfotoesportiva/Ag. Paulistão

#FPFAcademia #Workshop #Fotografia #RuaJavari",0,"03/01/2026 07:00",https://www.instagram.com/p/DVWJff0kWAi/,"Carrossel do Instagram",,Total,27571,11742,484,30,24,53,0
17960082852056640,17841400074692954,paulistao,Paulistão,"PARABÉNS, TIGRE DO VALE!
Finalista do Paulistão Casas Bahia 2026, o @oficialnovorizontino completa 16 anos neste domingo!
#FPF #Aniversário",0,"03/01/2026 03:48",https://www.instagram.com/p/DVVzhAnli0h/,"Imagem do Instagram",,Total,139947,74227,4888,157,3,78,27
18414779437193981,17841400074692954,paulistao,Paulistão,"Domingo + futebol = combina demais! 😎
Hoje tem #PaulistãoA3Rivalo Ao Vivo no YouTube do Paulistão!",0,"03/01/2026 03:00",https://www.instagram.com/p/DVVo3islgOu/,"Imagem do Instagram",,Total,30216,20106,176,3,1,2,4
17887681959442552,17841400074692954,paulistao,Paulistão,"DOMINGOU! 
Pra fechar a rodada, vem ver os jogos de hoje do #PaulistãoA2Rivalo 😉",0,"03/01/2026 02:00",https://www.instagram.com/p/DVVh_7coP6y/,"Imagem do Instagram",,Total,25478,15539,295,20,0,3,4
17854364616593429,17841426429471156,fpf_oficial,"Federação Paulista de Futebol","NOTA OFICIAL

A Federação Paulista de Futebol lamenta o falecimento de Rafael Stucchi, treinador campeão Paulista Sub-20, em 2024, que atuou na base do Novorizontino na última década. O profissional tratava uma batalha no tratamento oncológico. 

Rafael Stuchhi atuou como preparador físico, auxiliar técnico, treinador e coordenador técnico das categorias de base do Grêmio Novorizontino na última década, com destaque para o título do Paulista Sub-20 de 2024. 

📷Rodrigo Corsi/Ag. Paulistão",0,"02/28/2026 07:16",https://www.instagram.com/p/DVTmg5skbFV/,"Imagem do Instagram",,Total,205803,92794,3471,108,18,91,30
17948240759965767,17841400074692954,paulistao,Paulistão,"SABADÃO DE RODADA CHEIA! 🔥
Confira onde irão passar os jogos da 7ª rodada do #PaulistãoA4Rivalo",0,"02/28/2026 04:30",https://www.instagram.com/p/DVTOXwDGq2v/,"Imagem do Instagram",,Total,25292,14167,336,19,1,3,4
17853001935629947,17841400074692954,paulistao,Paulistão,"A BOLA VAI ROLAR! 
Vem acompanhar os confrontos do dia da 14ª rodada do #PaulistãoA2Rivalo 🤩",0,"02/28/2026 03:30",https://www.instagram.com/p/DVTHgT1mpl9/,"Imagem do Instagram",,Total,20996,12512,253,4,0,5,3
18043960097513101,17841400074692954,paulistao,Paulistão,"DIA CHEIO 🥰
Vem conferir todos os jogos do #PaulistãoA3Rivalo nesse sabadão!",0,"02/28/2026 03:00",https://www.instagram.com/p/DVTEE5PluZu/,"Imagem do Instagram",,Total,21192,13324,267,4,0,6,3
18383814850154084,17841400074692954,paulistao,Paulistão,"LUKETA!
O atacante do Sertãozinho foi eleito pela torcida como o craque da 13ª rodada do Paulistão A2 Rivalo!
#PaulistãoA2Rivalo #CraqueDaRodada",0,"02/27/2026 15:30",https://www.instagram.com/p/DVR1G9jEk1L/,"Imagem do Instagram",,Total,50636,27554,618,16,1,28,7
18363470875162662,17841400074692954,paulistao,Paulistão,"PLAY NA DÉCIMA RODADA! ✅
Fim de semana de muita emoção no #PaulistãoA3Rivalo!
Acompanhe tudo ao vivo no YouTube do Paulistão!",0,"02/27/2026 13:45",https://www.instagram.com/p/DVRpFwEIAP2/,"Imagem do Instagram",,Total,38346,23998,464,14,1,9,1
18325963168222994,17841400074692954,paulistao,Paulistão,"A BOLA VAI ROLAR! 🤩
Se liga nos horários dos jogos que vão movimentar mais uma rodada do #PaulistãoA2Rivalo!",0,"02/27/2026 13:30",https://www.instagram.com/p/DVRnX8KmopD/,"Imagem do Instagram",,Total,32199,18109,600,18,2,10,5
18130277323524601,17841400074692954,paulistao,Paulistão,"Arbitragem escalada para o jogo da semifinal entre Palmeiras e São Paulo!
#EscalaDeArbitragem #PaulistãoCasasBahia",0,"02/27/2026 12:57",https://www.instagram.com/p/DVRoo-JFFqT/,"Imagem do Instagram",,Total,191929,94070,6973,789,10,635,97
18071124878541195,17841426196827383,copinha,Copinha,"AS NOVIDADES NA BASE PAULISTA!
Se liga nos benefícios e mudanças do Paulista Sub-11 ao Sub-14!
#FPF",0,"02/27/2026 12:56",https://www.instagram.com/p/DVRooldlKHY/,"Carrossel do Instagram",,Total,581609,215406,12215,3570,296,257,341
18457820740100249,17841426196827383,copinha,Copinha,"TUDO DEFINIDO!
O Paulista Sub-13 e o Paulista Sub-14 serão disputados entre 5 de abril e 6 de dezembro. Vem conferir os detalhes das competições! Saiba mais em futebolpaulista.com.br
#PaulistaSub13 #PaulistaSub14",0,"02/27/2026 12:50",https://www.instagram.com/p/DVRn8YclmTo/,"Imagem do Instagram",,Total,376372,141865,3267,950,152,19,51
18059416982355617,17841400074692954,paulistao,Paulistão,"Arbitragem escalada para o jogo da semifinal entre Novorizontino e Corinthians!
#EscalaDeArbitragem #PaulistãoCasasBahia",0,"02/27/2026 12:48",https://www.instagram.com/p/DVRns0Wkgsy/,"Imagem do Instagram",,Total,67404,36027,1366,142,0,54,14
17932395489190100,17841400074692954,paulistao,Paulistão,"DEJA VU NO PAULISTÃO? 🤯
Na 6ª rodada do #PaulistãoA4Rivalo, o Wendel do Barretos protagonizou um lance muito parecido com o de Edu Marangon da Portuguesa na final do Paulistão de 1985. Lembrava desse lance, torcedor?",7,"02/27/2026 11:30",https://www.instagram.com/reel/DVRZq0qkjOG/,"Reel do Instagram",,Total,75985,39452,849,120,0,23,25
18099908177497212,17841467312227297,fpfacademia,"FPF Academia","PACOTÃO DE REFORÇOS! 🔥
Vem conferir os primeiros professores confirmados no 𝗖𝘂𝗿𝘀𝗼 𝗚𝗲𝘀𝘁𝗮̃𝗼 𝗱𝗲 𝗖𝗮𝘁𝗲𝗴𝗼𝗿𝗶𝗮𝘀 𝗱𝗲 𝗕𝗮𝘀𝗲 da @fpfacademia. Nossa segunda edição está com vagas abertas, e você pode se inscrever pelo link da bio ou dos destaques 🔗

🚨 Lembrando que este é um curso com análise de currículo. A data final para as inscrições é no dia 16 de março. Dúvidas? Mande uma DM para a @fpfacademia 📩

.
.
.

#FPFAcademia #Curso #Gestão #CategoriasDeBase #FPF",0,"02/27/2026 11:00",https://www.instagram.com/p/DVRbaDnkfrJ/,"Carrossel do Instagram",,Total,50025,49497,479,39,100,17,0
17994652889917248,17841400074692954,paulistao,Paulistão,"QUEM FOI O DESTAQUE DA 13ª RODADA?
Você escolhe quem foi o Craque da 13ª rodada do Paulistão A2 Rivalo votando aqui nesse post!
*A enquete se encerra amanhã (27), às 16h.*
#PaulistãoA2Rivalo #CraqueDaRodada",0,"02/26/2026 18:01",https://www.instagram.com/p/DVPmbZGjO-c/,"Imagem do Instagram",,Total,20907,11951,196,55,1,24,1
18056488868418781,17841400074692954,paulistao,Paulistão,"NONA RODADA DO PAULISTÃO A3 RIVALO CONCLUÍDA COM SUCESSO!✅
#PaulistãoA3Rivalo",0,"02/26/2026 17:43",https://www.instagram.com/p/DVPkrzZjGns/,"Imagem do Instagram",,Total,45353,26710,741,9,3,4,6
18093495974089516,17841400074692954,paulistao,Paulistão,"NO DIA DO ANIVERSÁRIO, NO ÚLTIMO LANCE! 👏🔥
Voltando de lesão, Raphael Macena marcou esse golaço pra empatar o jogo pro Catanduva aos 99 minutos contra o Marília, pela 9ª rodada do #PaulistãoA3Rivalo.",14,"02/26/2026 13:09",https://www.instagram.com/reel/DVPFA9rkmmd/,"Reel do Instagram",,Total,58873,39040,870,28,4,18,11
18195049741347118,17841400074692954,paulistao,Paulistão,"KUNG FU FUTEBOL CLUBE? 🥷⚽️
Kaynan ativou o modo Bruce Lee pra marcar na vitória do Jacareí sobre o Araçatuba por 2 a 0, pela 6ª rodada do #PaulistãoA4Rivalo",10,"02/26/2026 12:49",https://www.instagram.com/reel/DVPCpQyknp7/,"Reel do Instagram",,Total,36905,24447,449,23,5,16,7
18534493120067941,17841403734375167,sindicatodeatletas,"Sindicato de Atletas SP","🏆 Seleção dos Atletas
Paulistão A2 Rivalo 2026

Confira a SELEÇÃO DOS ATLETAS da 12ª rodada do Paulistão A2 Rivalo 2026.

⭐️ GOL - Lucas Passarelli (Juventus)
⭐️ ZAG - Gabriel Travassos (Osasco Sporting)
⭐️ ZAG - Gabriel Willians (Ituano)
⭐️ ZAG - Pedro Vitor (Votuporanguense)
⭐️ LD - Caio Hila (Osasco Sporting)
⭐️ MC- Claudinho (Inter de Limeira) 
⭐️ MC - Stefanello (Ituano)
⭐️ LE - Ytalo (Taubaté) 
⭐️ ATA - Romarinho (Taubaté)
⭐️ ATA - Marcos Nunes (Votuporanguense)
⭐️ ATA - Keven (Juventus)

Aqui, atleta vota em atleta!

#SeleçãodosAtletas #PaulistaoA2 #AtletaVotaemAtleta #SindicatodeAtletasSP #FPF #FutebolInterior

🎯 MKT Digital: @digitalsportspress",0,"02/26/2026 03:43",https://www.instagram.com/p/DVOEkTXDAWr/,"Imagem do Instagram",,Total,17097,9517,150,13,5,1,0
17930767647199403,17841400074692954,paulistao,Paulistão,"PARA ENCERRAR A RODADA! 😮‍💨
Itapirense e Rio Claro fecham a 9ª rodada do Paulistão A3 Rivalo nessa quinta-feira.
#PaulistãoA3Rivalo",0,"02/26/2026 03:00",https://www.instagram.com/p/DVN6fQcFj7p/,"Imagem do Instagram",,Total,15179,9259,116,3,0,1,2
17876176530416182,17841400074692954,paulistao,Paulistão,"SEXTA RODADA ✅
Vem conferir os resultados dessa quarta-feira no #PaulistãoA4Rivalo!",0,"02/25/2026 17:30",https://www.instagram.com/p/DVM-DQxDaNc/,"Imagem do Instagram",,Total,26292,15451,371,13,0,6,2
17961507057047834,17841400074692954,paulistao,Paulistão,"FIM DE PAPO!
Esses foram os resultados da rodada cheia dessa quarta-feira no #PaulistãoA2Rivalo!",0,"02/25/2026 17:20",https://www.instagram.com/p/DVM9QMMjdXC/,"Imagem do Instagram",,Total,31272,18619,640,31,0,21,5
18406933567134649,17841400074692954,paulistao,Paulistão,"O VERDADEIRO RESERVA DE LUXO! 🧤🔥
João Lucas entrou no 2º tempo e manteve o gol zerado na vitória do São José sobre o Santo André, pela 12ª rodada do #PaulistãoA2Rivalo.",12,"02/25/2026 11:00",https://www.instagram.com/reel/DVMPjqPiXTZ/,"Reel do Instagram",,Total,62125,37351,909,36,0,29,9
18065734823287696,17841400074692954,paulistao,Paulistão,"O CRAQUE DA RODADA! 🔥
Vocês escolheram e Rikelmi foi eleito o Craque da 12ª rodada do #PaulistãoA2Rivalo.",0,"02/25/2026 09:00",https://www.instagram.com/p/DVMBvxxlqqT/,"Imagem do Instagram",,Total,17046,10625,338,14,1,24,1
17864395740592344,17841400074692954,paulistao,Paulistão,"FRIEZA DE QUEM SABE! 🥶
Vocês votaram e o gol do Rikelmi foi eleito o Golaço da 12ª rodada do #PaulistãoA2Rivalo.",12,"02/25/2026 07:30",https://www.instagram.com/reel/DVL3kQLDBC8/,"Reel do Instagram",,Total,76964,50109,1206,42,4,14,6
18123124969573070,17841400074692954,paulistao,Paulistão,"COPA DO BRASIL? É NO YOUTUBE DO @paulistao! 🤩
Agora você pode assistir aos jogos das minhas equipes na segunda fase da @copadobrasilcbf no nosso canal do YouTube! 
#PaulistasEmCampo #CopaDoBrasil",0,"02/25/2026 06:00",https://www.instagram.com/p/DVLqaz_kQsi/,"Carrossel do Instagram",,Total,55658,23301,725,24,3,23,11
18510027172072287,17841400074692954,paulistao,Paulistão,"RODADA CHEIA NESSA QUARTA-FEIRA! 🌟
Da tarde à noite, o YouTube do @paulistao transmite os jogos da 6ª rodada do Paulistão A4 Rivalo!
#PaulistãoA4Rivalo",0,"02/25/2026 04:00",https://www.instagram.com/p/DVLcjnHkerq/,"Imagem do Instagram",,Total,36491,22248,386,21,0,2,1
18138504442440743,17841400074692954,paulistao,Paulistão,"NONA RODADA NA ÁREA! 🤩
Começando com sete jogos nessa quarta-feira, vem ver onde assistir ao seu time do coração no #PaulistãoA3Rivalo!",0,"02/25/2026 03:30",https://www.instagram.com/p/DVLZHlaD8OO/,"Imagem do Instagram",,Total,32346,20702,375,12,2,1,5
17966196425884549,17841400074692954,paulistao,Paulistão,"A PRIMEIRA FASE ESTÁ ACABANDO!
Chegamos na 13ª rodada do Paulistão A2 Rivalo! Se liga nos horários e nas transmissões dos jogos dessa quarta-feira 👀
#PaulistãoA2Rivalo",0,"02/25/2026 03:00",https://www.instagram.com/p/DVLVsYND0Jn/,"Imagem do Instagram",,Total,22422,12844,491,18,0,5,2
17932057134192521,17841400074692954,paulistao,Paulistão,"91 ANOS DO CANHÃO DA VILA!🥳🎉
Ídolo do Santos, 13 vezes campeão do Paulistão Sicredi, o eterno Menino da Vila completa, hoje, 91 anos! Parabéns pelo dia e pela linda trajetória no futebol paulista, Pepe!
#FutebolPaulista #Aniversário",0,"02/25/2026 01:00",https://www.instagram.com/p/DVLIFetET4L/,"Carrossel do Instagram",,Total,404138,169343,25597,695,6,286,346
18044137097517848,17841426429471156,fpf_oficial,"Federação Paulista de Futebol","PREMIAÇÃO PEX🏅 
A Federação Paulista de Futebol realizou a premiação do Programa de Excelência (PEX), no Edifício Pelé, nessa terça-feira (24). A cerimônia premiou os clubes que cumpriram todos os critérios de gestão e estrutura em 2025. #FPF",99,"02/24/2026 15:53",https://www.instagram.com/reel/DVKN12kCVvA/,"Reel do Instagram",,Total,15077,11435,161,16,3,4,5
18085045492976514,17841400074692954,paulistao,Paulistão,"A cerimônia de premiação da 10ª edição do Programa de Excelência da Federação Paulista de Futebol foi sediada nesta terça-feira (24), no Edifício Pelé. O PEX 2025 distribuiu mais de R$ 1 milhão em prêmios a 12 clubes filiados, que foram divididos nas categorias Ouro, Prata e Bronze. O PEX é um reconhecimento criado pela FPF para incentivar e impulsionar ainda mais o Futebol Paulista e avalia os clubes nos quesitos gestão, finanças, infraestrutura, torcida e desempenho técnico.
📷Diego Soares/Ag.Paulistão
#FPF #PEX",0,"02/24/2026 15:13",https://www.instagram.com/p/DVKJ8WrDVMR/,"Carrossel do Instagram",,Total,49826,21781,395,12,0,8,6
17964366033042000,17841400074692954,paulistao,Paulistão,"RUMO AO MATA-MATA!⏳⏭️ 
Ituano e Ferroviária já estão garantidos na fase final do #PaulistãoA2Rivalo.",0,"02/24/2026 14:00",https://www.instagram.com/p/DVJ8bFPFlyC/,"Imagem do Instagram",,Total,36234,20608,833,8,0,9,7
18080089232359109,17841400074692954,paulistao,Paulistão,"OS PREMIADOS DO PEX 2025!
Nas categorias Ouro, Prata e Bronze, esse são os clubes premiados no Programa de Excelência de 2025, que reconhece os clubes que mais se destacaram nos quesitos gestão, finanças, infraestrutura, torcida e desempenho técnico.
#FPF #PEX",0,"02/24/2026 13:29",https://www.instagram.com/p/DVJ9_5Gk3B0/,"Carrossel do Instagram",,Total,651738,263641,18010,689,27,561,253
18329649370216954,17841400074692954,paulistao,Paulistão,"DE BICICLETA! 🚲 🔥
Olha o que o Kadu Barone aprontou pra iniciar a reação da Inter de Bebedouro no empate por 2 a 2 sobre o Grêmio São-Carlense, pela 5ª rodada do #PaulistaoA4Rivalo.",10,"02/24/2026 13:00",https://www.instagram.com/reel/DVJ1kAvDXYP/,"Reel do Instagram",,Total,61126,40672,1068,68,9,49,17
18112922464632320,17841403734375167,sindicatodeatletas,"Sindicato de Atletas SP","🏆 Seleção dos Atletas
Paulistão A3 Rivalo 2026

Confira a seleção da 8ª rodada do Paulistão A3 Rivalo 2026.

⭐ GOL - Mateus Pellegrini (União São João)
⭐ ZAG - Alemão (Portuguesa Santista)
⭐ ZAG - Thiago Nunes (Bandeirante)
⭐ ZAG - Wesley Barbosa (EC São Bernardo) 
⭐ VOL - Dubilde (Marília) 
⭐ MC- Kelvin (EC São Bernardo)
⭐ MC - Yohan (Portuguesa Santista)
⭐ MC- João Lucas (Marília)
⭐ ATA - Andrey (Rio Claro)
⭐ ATA - Jonny (Bandeirante)
⭐ ATA - Bryan (Suzano)

Aqui, atleta vota em atleta!

#SeleçãodosAtletas #PaulistaoA3 #AtletaVotaemAtleta #SindicatodeAtletasSP #FPF #FutebolInterior

🎯 MKT Digital: @digitalsportspress",0,"02/24/2026 12:53",https://www.instagram.com/p/DVJ5_s5E2fW/,"Imagem do Instagram",,Total,26627,15391,226,40,5,1,0
18067268525540105,17841400074692954,paulistao,Paulistão,"QUEM FOI O CRAQUE DA 12ª RODADA?
Vote aqui no post e escolha quem foi o destaque da 12ª rodada do Paulistão A2 Rivalo!
#PaulistãoA2Rivalo #CraqueDaRodada",0,"02/24/2026 11:38",https://www.instagram.com/p/DVJxUCXEYZF/,"Imagem do Instagram",,Total,42469,23604,412,273,8,135,2
18310945030280324,17841400074692954,paulistao,Paulistão,"SE ALGUÉM AÍ FEZ PROMESSA, JÁ PODE CORTAR O CABELO…💈😅
O Penapolense não poderia ter começado melhor no #PaulistaoA4Rivalo.",0,"02/24/2026 11:00",https://www.instagram.com/p/DVJqK83E-Oo/,"Imagem do Instagram",,Total,69594,36497,1152,78,6,21,13
18340957642215124,17841426196827383,copinha,Copinha,"A reunião do Conselho Técnico do Campeonato Paulista Sub-11 e Sub-12 de 2026 aconteceu de forma virtual na manhã desta terça-feira (24). Nela, foram definidos os detalhes da disputa que terá 75 equipes, início em março e final em dezembro, totalizando 24 datas, respeitando recesso das férias escolares em julho. Saiba mais em futebolpaulista.com.br!
#PaulistaSub11 #PaulistaSub12",0,"02/24/2026 08:05",https://www.instagram.com/p/DVJY4W9FrKC/,"Imagem do Instagram",,Total,249274,105608,3022,500,187,45,54
17879078085474015,17841405688144679,rivalobrasil,"Rivalo Brasil","Melhores desempenhos individuais e coletivos Rivalo em parceria com o @sofascorebr_oficial pela 11ª rodada do Paulista A2 Rivalo 2026! ⚽

O jogador e o seu time do coração brilharam nessa rodada? 🤔

Passe para o lado para conferir tudo! 📊

#Rivalo #NadaGanhaDaEmoção #JoguecomResponsabilidade +18 #RivaloSofascore",0,"02/22/2026 11:18",https://www.instagram.com/p/DVElhKegQ2s/,"Carrossel do Instagram","Ocorreu um erro ao computar métricas.",-,,,,,,,
18089174825119173,17841405688144679,rivalobrasil,"Rivalo Brasil","Seleção Rivalo + Melhores Desempenhos em parceria com o @sofascorebr_oficial pela 3ª rodada do Paulista A2 Rivalo 2026! 🏆

Essa foi emocionante demais! Arrasta pro lado e vem descobrir os craques da rodada ➡️

Obs: Seleção baseada nas Notas Sofascore 📊

* As partidas de Ituano x Santo André e Monte Azul x Sertãozinho não foram computados por terem sido adiadas.

#Rivalo #NadaGanhaDaEmoção #JoguecomResponsabilidade +18 #RivaloSofascore",0,"02/10/2026 13:29",https://www.instagram.com/p/DUl69WHgf3o/,"Carrossel do Instagram","Ocorreu um erro ao computar métricas.",-,,,,,,,
18050657282687630,17841469685771020,suafotonojogo,"Sua Foto no Jogo","📸 Registrando toda a sua emoção!

Se tem jogo do Paulistão, tem Sua Foto no Jogo no corre 💜",59,"02/08/2026 10:55",https://www.instagram.com/reel/DUgfpDqAQyL/,"Reel do Instagram","Ocorreu um erro ao computar métricas.",-,,,,,,,
17946566052110576,17841454473375442,ulissescostatv,"ULISSES TV","DIA DE RODADA DUPLA DO PAULISTÃO A2 NA ULISSES TV! 📺 

Primeiro, às 15h30, @ecsaobento1913 e @gremioprudenteoficial se enfrentam no Walter Ribeiro, buscando melhor colocação na tabela.

🎙️ @brunoscaciotti / @luizademarjr 

Já para fechar o sábado, @afeoficial e @xvpiracicaba entram em campo, na Fonte Luminosa, às 18h, brigando pela parte de cima.

🎙️ @narraito / @fsalgueiro72 

VEM COM A GENTE! 

#saobento #gremioprudente #ferroviaria #xvdepiracicaba #ulissestv",0,"02/07/2026 10:20",https://www.instagram.com/p/DUd2tUfFfSS/,"Imagem do Instagram","Ocorreu um erro ao computar métricas.",-,,,,,,,
18118951642587174,17841454473375442,ulissescostatv,"ULISSES TV","O GOL QUE ABRIU O PLACAR NO CLÁSSICO DO VALE! 🦅💙

Logo nos primeiros segundos da parte final do jogo, a Águia do Vale conseguiu uma bela troca de passes pelo lado direito. Matheus Rocha levantou na área e Gabriel Ramos concluiu para o fundo do gol.

🎙️ @ulissescostanarrador 

#saojose #aguiadovale #paulistao #campeonatopaulista #ulissestv",77,"02/07/2026 08:33",https://www.instagram.com/reel/DUdqjMPkVqp/,"Reel do Instagram","Ocorreu um erro ao computar métricas.",-,,,,,,,
18056618957378585,17841454473375442,ulissescostatv,"ULISSES TV","MICHAEL PAULISTA DEU A VITÓRIA PARA A ÁGUIA DO VALE! 🦅💙

Nos últimos minutos do Clássico do Vale, @michaelpaulista10 aproveitou o vacilo do goleirão, e concluiu para o fundo do gol.

🎙️ @ulissescostanarrador 

#saojose #aguiadovale #paulistao #campeonatopaulista #ulissestv",71,"02/07/2026 07:59",https://www.instagram.com/reel/DUdmnRjEbnW/,"Reel do Instagram","Ocorreu um erro ao computar métricas.",-,,,,,,,
18086789021174908,17841400074692954,paulistao,Paulistão,"MAIS CINCO!
Anota ai para não perder nenhum jogo do #PaulistãoA2Rivalo 👀",0,"02/07/2026 03:00",https://www.instagram.com/p/DUc_an_ErqI/,"Imagem do Instagram",,Total,20115,11754,271,11,0,3,5
18170122930391466,17841400074692954,paulistao,Paulistão,"O sábado promete no Paulistão A4 Rivalo!
#PaulistãoA4Rivalo",0,"02/07/2026 02:00",https://www.instagram.com/p/DUc4jFwEsHb/,"Imagem do Instagram",,Total,20318,11799,247,8,0,2,6
18095170474984008,17841400074692954,paulistao,Paulistão,"MELHOR EM CASA OU FORA? 🏠✈️
Confira o desempenho como mandante e visitante dos times do #PaulistaoA2Rivalo.",0,"02/24/2026 06:30",https://www.instagram.com/p/DVJJkW9lqak/,"Carrossel do Instagram",,Total,175847,72631,3660,79,15,19,39
17896160829405356,17841426429471156,fpf_oficial,"Federação Paulista de Futebol","Presidentes e representantes dos clubes semifinalistas do Paulistão Casas Bahia 2026 estiveram nesta segunda-feira (23) no Edifício Pelé para o Conselho Técnico das da próxima fase da competição. Os dirigentes comentaram sobre o novo formato do campeonato e as expectativas para a sequência do torneio. 
#FPF",128,"02/23/2026 14:42",https://www.instagram.com/reel/DVHegj7if_t/,"Reel do Instagram",,Total,38516,27747,939,4,9,21,18
18389622283194075,17841426429471156,fpf_oficial,"Federação Paulista de Futebol","Reinaldo Carneiro Bastos, presidente da FPF, recebeu os presidentes e representantes de Novorizontino, Palmeiras, São Paulo e Corinthians, nesta segunda-feira (23), no Edifício Pelé, para o Conselho Técnico do Paulistão Casas Bahia. No encontro, foram definidos os últimos detalhes para as semifinais. #FPF
📷 Rodrigo Corsi/ Ag. Paulistão",0,"02/23/2026 14:23",https://www.instagram.com/p/DVHfcYACSeD/,"Carrossel do Instagram",,Total,43055,19192,1033,14,50,42,14
18054399449465101,17841400074692954,paulistao,Paulistão,"RECORDE DO MISTER NA BRIOSA! 🔥
Nessa 8ª rodada do #PaulistaoA3Rivalo, Sergio Guedes completou 150 jogos como treinador da Portuguesa Santista e foi homenageado pelo clube. 
📷João Jardim/Agência Briosa",0,"02/23/2026 14:00",https://www.instagram.com/p/DVHXoMBkyei/,"Imagem do Instagram",,Total,49047,28867,619,10,0,11,7
17875930479515726,17841400074692954,paulistao,Paulistão,"O PAULISTÃO A4 RIVALO SEGUE A TODO VAPOR!
Com o Penapolense na liderança, vem ver como está a classificação do #PaulistãoA4Rivalo!",0,"02/23/2026 13:45",https://www.instagram.com/p/DVHV6chEq6b/,"Imagem do Instagram",,Total,152545,78750,3635,120,12,53,48
18083042906188434,17841400074692954,paulistao,Paulistão,"A OITAVA RODADA JÁ FOI! ✅
Como seu time está na tabela do Paulistão A3 Rivalo?
#PaulistãoA3Rivalo",0,"02/23/2026 13:30",https://www.instagram.com/p/DVHU0rSkosY/,"Imagem do Instagram",,Total,156243,82446,3788,167,10,47,38
18095314690998706,17841400074692954,paulistao,Paulistão,"ITUANO E FERROVIÁRIA CLASSIFICADOS!
Vem ver como ficou a tabela do Paulistão A2 Rivalo ao final da 12ª rodada!
#PaulistãoA2Rivalo",0,"02/23/2026 13:15",https://www.instagram.com/p/DVHUzhnElmA/,"Imagem do Instagram",,Total,331562,168916,9164,239,42,97,100
18307453921259951,17841426429471156,fpf_oficial,"Federação Paulista de Futebol","A Federação Paulista de Futebol lamenta e repudia veementemente os atos racistas sofridos pelo goleiro Hugo Souza, do Corinthians, no último domingo (22) na saída do gramado do estádio do Canindé ao final da partida válida pelas quartas de final do Paulistão Casas Bahia.

A FPF confia que as autoridades investiguem mais este crime de preconceito cometido em um estádio do Estado de São Paulo.

É inadmissível, que praças esportivas continuem sendo palco para os mais diversos crimes de intolerância e racismo sem punição aos criminosos.

A FPF reforça que manifestações racistas, assim como qualquer forma de discriminação, são inaceitáveis e não serão toleradas. Seguiremos firmes na defesa dos valores da diversidade, da inclusão e da dignidade humana, atuando de forma permanente na conscientização, prevenção e combate a atitudes discriminatórias, para que o futebol seja um espaço seguro, acolhedor e respeitoso para todos.",0,"02/23/2026 11:42",https://www.instagram.com/p/DVHM9_ekks_/,"Imagem do Instagram",,Total,1076261,569550,20777,403,122,773,368
18093466810837857,17841400074692954,paulistao,Paulistão,"DATAS E HORÁRIOS DEFINIDOS PARA AS SEMIFINAIS! ✅
Saiba quando e onde assistir aos confrontos da penúltima etapa do #PaulistãoCasasBahia!",0,"02/23/2026 10:45",https://www.instagram.com/p/DVHGd9_ktLd/,"Imagem do Instagram",,Total,572617,285172,24391,4416,41,821,456
18389079994148607,17841426429471156,fpf_oficial,"Federação Paulista de Futebol","FOTO DA RODADA ARFOC-SP!
Foto das quartas de final do Paulistão Casas Bahia, registrada pelo @matheusdahsanfoto!
#FPF #ARFOCSP",0,"02/23/2026 10:33",https://www.instagram.com/p/DVHFG0ejIQz/,"Carrossel do Instagram",,Total,31506,12624,553,60,4,53,2
18098775397932172,17841467312227297,fpfacademia,"FPF Academia","🚨 INSCRIÇÕES ABERTAS 🚨
A Escola de Árbitros Flávio Iazzetti, da @fpfacademia, abre as vagas para a 𝟰ª 𝗲𝗱𝗶𝗰̧𝗮̃𝗼 𝗱𝗼 𝗖𝘂𝗿𝘀𝗼 𝗱𝗲 𝗖𝗮𝗽𝗮𝗰𝗶𝘁𝗮𝗰̧𝗮̃𝗼 𝗱𝗲 𝗔́𝗿𝗯𝗶𝘁𝗿𝗼𝘀 - 𝗟𝗶𝗴𝗮𝘀 𝗔𝗺𝗮𝗱𝗼𝗿𝗮𝘀 𝗣𝗮𝘂𝗹𝗶𝘀𝘁𝗮s. Uma oportunidade destinada àqueles que já atuam ou desejam atuar em partidas não oficiais, de ligas amadoras ao redor do estado de São Paulo 🟨 🟥

💻 6 aulas on-line
📍 Aula prática em Serrana-SP
💰 R$220,00

Comente 𝗘𝗨 𝗤𝗨𝗘𝗥𝗢 e receba mais informações e o link de inscrição em sua DM! Você também pode garantir sua vaga pelo link da bio da @fpfacademia 🔗

.
.
.

#FPFAcademia #Curso #Arbitragem #Ligas #Serrana @uniligas.interior @ligabrodowskianafc @prefeituradeserrana",0,"02/23/2026 08:10",https://www.instagram.com/p/DVG0sstEXIX/,"Imagem do Instagram",,Total,12577,7396,109,21,11,40,0
17926761819235445,17841400074692954,paulistao,Paulistão,"Ponto final na 12ª rodada do Paulistão A2 Rivalo!
#PaulistãoA2Rivalo",0,"02/22/2026 16:06",https://www.instagram.com/p/DVFGdTvEnJs/,"Imagem do Instagram",,Total,66686,38547,1335,22,7,26,9
18082754741001359,17841400074692954,paulistao,Paulistão,"RODADA 8⃣✅
#PaulistãoA3Rivalo",0,"02/22/2026 13:51",https://www.instagram.com/p/DVE3CS8EnDO/,"Imagem do Instagram",,Total,54272,32284,794,12,6,4,6
18394175452195701,17841400074692954,paulistao,Paulistão,"Arbitragem escalada para o jogo das quartas de final entre Portuguesa e Corinthians! #EscalaDeArbitragem #PaulistãoCasasBahia",0,"02/22/2026 08:00",https://www.instagram.com/p/DVEJorFEhAb/,"Imagem do Instagram",,Total,43993,26192,673,54,6,49,8
18567095818044836,17841400074692954,paulistao,Paulistão,"Arbitragem escalada para o jogo das quartas de final entre Novorizontino e Santos! #EscalaDeArbitragem #PaulistãoCasasBahia",0,"02/22/2026 06:00",https://www.instagram.com/p/DVD8eJpkX4J/,"Imagem do Instagram",,Total,37268,22699,533,13,0,22,6
18090261587282670,17841400074692954,paulistao,Paulistão,"DIA CHEIO!
São seis jogos neste domingo pelo #PaulistãoA2Rivalo",0,"02/22/2026 03:30",https://www.instagram.com/p/DVDqvDnltJn/,"Imagem do Instagram",,Total,40524,28140,354,8,2,10,3
18068866364226738,17841400074692954,paulistao,Paulistão,"PARA FECHAR A RODADA!
Domingou com dose dupla no Paulistão A3 Rivalo!
#PaulistãoA3Rivalo",0,"02/22/2026 02:00",https://www.instagram.com/p/DVDgb2qlJpe/,"Imagem do Instagram",,Total,21503,13693,199,3,0,1,0
18096208538303350,17841426429471156,fpf_oficial,"Federação Paulista de Futebol","FELIZ ANIVERSÁRIO, JUNINHO!
Pentacampeão do Mundo em 2002 e com passagens pelo Ituano, São Paulo e Palmeiras, Juninho Paulista completa 53 anos neste domingo!
#FPF #Aniversário",0,"02/22/2026 01:00",https://www.instagram.com/p/DVDZkWhkXW4/,"Imagem do Instagram",,Total,10001,6685,139,7,6,5,2
17990440859768045,17841400074692954,paulistao,Paulistão,"Mais uma rodada cheia no Paulistão A4 Rivalo!
#PaulistãoA4Rivalo",0,"02/21/2026 17:40",https://www.instagram.com/p/DVCschbko_G/,"Imagem do Instagram",,Total,57229,33862,731,41,3,16,8
17942656227119071,17841426429471156,fpf_oficial,"Federação Paulista de Futebol","É com profunda indignação e revolta que a Federação Paulista de Futebol recebeu a entrevista do atleta Gustavo Marques, do Red Bull Bragantino, após a partida contra o São Paulo, neste sábado (21), pelo Paulistão Casas Bahia.

Uma declaração em relação à árbitra Daiane Muniz que reflete uma visão primitiva, machista, preconceituosa e misógina, incompatível com os valores que regem a sociedade e o futebol. É absolutamente estarrecedor que um atleta, em qualquer circunstância, questione a capacidade de um árbitro com base em seu gênero. 

A FPF tem orgulho de contar em seu quadro com 36 árbitras e assistentes e continua trabalhando ativamente para que este número cresça. 

Daiane Muniz é uma árbitra FPF/CBF/FIFA da mais alta qualidade técnica, correta e de caráter. A FPF reforça todo apoio a Daiane e a todas as mulheres que atuam ou desejam atuar em qualquer área do futebol. Nosso trabalho diário é para garantir que o futebol seja um ambiente seguro e justo para todas as mulheres. 

Por fim, a FPF encaminhará tais declarações à Justiça Desportiva, para que esta tome todas as providências cabíveis.",0,"02/21/2026 16:41",https://www.instagram.com/p/DVClriQCeA0/,"Imagem do Instagram",,Total,2698445,1501048,74744,4676,1756,9669,1586
17957176460917903,17841402368938101,ec.taubate,"EC Taubaté","Os artilheiros da Série A2 passando na sua tela!!

Com 5️⃣ gols cada, Macário e Romarinho são os artilheiros da competição!!!

Deixe o seu 🅰️💪🏽 nos comentários!!!

📸 @foto.vh / ECT",0,"02/21/2026 16:20",https://www.instagram.com/p/DVCjQquAGxD/,"Carrossel do Instagram",,Total,28274,10804,696,14,1,11,0
17996110283875895,17841400074692954,paulistao,Paulistão,"Arbitragem escalada para o jogo das quartas de final entre Palmeiras e Capivariano!
#EscalaDeArbitragem #PaulistãoCasasBahia",0,"02/21/2026 09:45",https://www.instagram.com/p/DVBw2wZkpA2/,"Imagem do Instagram",,Total,107646,61886,1085,118,5,109,12
18004250003704007,17841400074692954,paulistao,Paulistão,"Arbitragem escalada para o jogo das quartas de final entre Red Bull Bragantino e São Paulo!
#EscalaDeArbitragem #PaulistãoCasasBahia",0,"02/21/2026 09:15",https://www.instagram.com/p/DVBtdMUlqGi/,"Imagem do Instagram",,Total,67194,37873,1109,69,6,102,19
17906805576184275,17841454473375442,ulissescostatv,"ULISSES TV","DIA DE NETUNO CONTRA BURRO DA CENTRAL! 🔱🫏

Tarde de Paulistão A2, com transmissão exclusiva do confronto entre @ecaguasanta e @ec.taubate, às 16h, no Distrital do Inamar, válido pela 12ª rodada.

🎙️ Narração de @narraito, comentários de @luizademarjr e reportagens direto do campo de jogo com @brunopuzzovio 

#aguasanta #taubate #paulistao #campeonatopaulista #ulissestv",0,"02/21/2026 07:37",https://www.instagram.com/p/DVBnBxyDVr5/,"Imagem do Instagram",,Total,11997,6624,145,3,0,5,0
18348865624230523,17841400074692954,paulistao,Paulistão,"O PROFESSOR TÁ DANDO AULA! 🧠🔥
Com Jorge Castilho, o São José tá embalado no #PaulistaoA2Rivalo!",0,"02/21/2026 07:30",https://www.instagram.com/p/DVBhaBBknXy/,"Imagem do Instagram",,Total,74815,43404,1511,118,6,66,13
18173006407387510,17841400074692954,paulistao,Paulistão,"SÁBADO CHEIO NO PAULISTÃO A3 RIVALO! 
Assista AO VIVO no YouTube do @paulistao!
#PaulistãoA3Rivalo",0,"02/21/2026 07:00",https://www.instagram.com/p/DVBekRZj025/,"Imagem do Instagram",,Total,21211,12155,221,3,2,7,2
18090199226028376,17841403734375167,sindicatodeatletas,"Sindicato de Atletas SP","🏆 Seleção dos Atletas
Paulistão A2 Rivalo 2026

Confira a SELEÇÃO DOS ATLETAS da 11ª rodada do Paulistão A2 Rivalo 2026.

⭐️ GOL– Saulo (Inter de Limeira)
⭐️LD - Leozinho (Taubaté)
⭐️ZAG – Henrique Cayres (Santo André)
⭐️ZAG – Marco Gabriel (Sertãozinho)
⭐️LE – Helder (Sertãozinho)
⭐️VOL – Buga (Osasco Sporting)
⭐️VOL – Vitor Mariano (Monte Azul)
⭐️MC – Claudinho (Inter de Limeira)
⭐️ATA – Fernandinho (Votuporanguense)
⭐️ATA - Juninho (Monte Azul)
⭐️ATA – Luiz Thiago (Votuporanguense)

Aqui, atleta vota em atleta!

#SeleçãodosAtletas #PaulistaoA2 #AtletaVotaemAtleta #SindicatodeAtletasSP #FPF #FutebolInterior

🎯 MKT Digital: @digitalsportspress",0,"02/21/2026 05:01",https://www.instagram.com/p/DVBVf_LCQAF/,"Imagem do Instagram",,Total,16068,9071,127,19,2,1,0
18035398811578382,17841400074692954,paulistao,Paulistão,"ELES DOMINAM A ARTE DE DEFENDER!🔥💪
No #PaulistaoA2Rivalo a defesa luta até o último homem.",19,"02/21/2026 05:00",https://www.instagram.com/reel/DVBQUxzFEMX/,"Reel do Instagram",,Total,59445,40368,541,7,2,6,10
17931415815191407,17841400074692954,paulistao,Paulistão,"PARA COMEÇAR OS TRABALHOS!
Tem dois jogos rolando neste sábado pelo #PaulistãoA2Rivalo",0,"02/21/2026 03:30",https://www.instagram.com/p/DVBF8KBGb7R/,"Imagem do Instagram",,Total,18766,11533,239,5,0,4,1
17931960987192775,17841400074692954,paulistao,Paulistão,"SÁBADO É DIA DE A4! 🤩
Se liga nos duelos que prometem agitar a 5ª rodada do #PaulistãoA4Rivalo! E você assiste tudo ao vivo no YouTube do Paulistão!",0,"02/21/2026 03:00",https://www.instagram.com/p/DVBCgsFk15D/,"Imagem do Instagram",,Total,23894,14125,359,27,0,6,8
17948669948961175,17841400074692954,paulistao,Paulistão,"MAIS UMA!
A 12ª rodada do Paulistão A2 Rivalo está chegando. 👀
#PaulistãoA2Rivalo",0,"02/20/2026 16:30",https://www.instagram.com/p/DU_6-nWFhg9/,"Imagem do Instagram",,Total,51574,31226,658,19,0,5,8
18051707291484970,17841400074692954,paulistao,Paulistão,"BUGOU A ZAGA! 🔥
Grande jogada do Serginho que originou o gol da vitória do XV de Piracicaba, pela 11ª rodada do #PaulistaoA2Rivalo",13,"02/20/2026 12:30",https://www.instagram.com/reel/DU_fI_Jlf_b/,"Reel do Instagram",,Total,97995,57805,2271,128,14,25,17
17886585195333513,17841400074692954,paulistao,Paulistão,"ELE DE NOVO!
Mais uma vez, David Ribeiro venceu a votação e foi eleito Craque da Rodada do Paulistão A2 Rivalo!
#PaulistãoA2Rivalo #CraqueDaRodada",0,"02/20/2026 12:16",https://www.instagram.com/p/DU_ihw5D5dB/,"Imagem do Instagram",,Total,34818,20966,505,30,1,45,5
18102742015880423,17841400074692954,paulistao,Paulistão,"BORA PARA A OITAVA RODADA!
Se liga nos horários e nas transmissões das partidas dessa etapa do Paulistão A3 Rivalo!
#PaulistãoA3Rivalo",0,"02/20/2026 07:00",https://www.instagram.com/p/DU-6Uuxkhsa/,"Imagem do Instagram",,Total,45824,29068,598,33,4,8,10
18120536407597497,17841400074692954,paulistao,Paulistão,"DE CAVADINHA! 😮‍💨🤌
Vocês votaram e Albano levou o prêmio de Golaço da 11ª rodada do #PaulistaoA2Rivalo",14,"02/20/2026 06:30",https://www.instagram.com/reel/DU-3m1PD8-s/,"Reel do Instagram",,Total,24664,17573,257,18,0,9,0
17917868073273219,17841403734375167,sindicatodeatletas,"Sindicato de Atletas SP","🏆 Seleção dos Atletas
Paulistão A2 Rivalo 2026

Confira a SELEÇÃO DOS ATLETAS da 10ª rodada do Paulistão A2 Rivalo 2026.

⭐️ GOL - Gabriel Gasparotto (Santo André)
⭐️ ZAG - Allan Passos (Monte Azul)
⭐️ ZAG - Diego Jussani (Linense)
⭐️ ZAG/LE - Thiaguinho (Ituano)
⭐️ VOL - Daniel (Votuporanguense)
⭐️ MC - Motta (Osasco Sporting)
⭐️ MC - Osman (Ituano)
⭐️ MC - Bryam (Osasco Sporting)
⭐️ ATA - Fernandinho (Votuporanguense)
⭐️ ATA - Miguel Bianconi (Inter de Limeira) 
⭐️ ATA - Matheus Sacramento (Santo André)

Aqui, atleta vota em atleta!

#SeleçãodosAtletas #PaulistaoA2 #AtletaVotaemAtleta #SindicatodeAtletasSP #FPF #FutebolInterior

🎯 MKT Digital: @digitalsportspress",0,"02/20/2026 05:23",https://www.instagram.com/p/DU-zQY2DFLv/,"Imagem do Instagram",,Total,21894,12170,154,18,2,1,0
18081473270364924,17841400074692954,paulistao,Paulistão,"TABELA ATUALIZADA ✅
Vem ver como ficou o #PaulistãoA2Rivalo depois de mais uma rodada! 🤩",0,"02/20/2026 03:00",https://www.instagram.com/p/DU-dty1Etya/,"Imagem do Instagram",,Total,153822,77325,4349,115,6,58,39
18574970413012868,17841400074692954,paulistao,Paulistão,"QUEM FOI O DESTAQUE DA 11ª RODADA?
Você escolhe quem foi o Craque da 11ª rodada do Paulistão A2 Rivalo votando aqui nesse post! 
*A enquete se encerra amanhã (20), às 16h.*
#PaulistãoA2Rivalo #CraqueDaRodada",0,"02/19/2026 14:28",https://www.instagram.com/p/DU9MV-PkaQc/,"Imagem do Instagram",,Total,44287,27539,390,445,3,182,3
17866213497571687,17841400074692954,paulistao,Paulistão,"É O MACÁRIO!
O 9 do Taubaté foi eleito o Craque da 10ª rodada do Paulistão A2 Rivalo!
#PaulistãoA2Rivalo",0,"02/19/2026 14:23",https://www.instagram.com/p/DU9MKF7lM4A/,"Imagem do Instagram",,Total,21989,13256,253,17,0,24,0
18155551783429318,17841400074692954,paulistao,Paulistão,"QUAL FOI O GOLAÇO DESSA RODADA? 🔥
Escolha o gol mais bonito da 11ª rodada do #PaulistaoA2Rivalo! Albano, Juninho ou David Ribeiro? 
Deixe seu voto aqui no post!

*Enquete encerra amanhã (20), às 11h",0,"02/19/2026 14:05",https://www.instagram.com/p/DU9KKAsERcV/,"Carrossel do Instagram",,Total,21986,8954,227,45,0,16,2
18109733464734677,17841403734375167,sindicatodeatletas,"Sindicato de Atletas SP","🏆 Seleção dos Atletas
Paulistão A4 Rivalo 2026

Confira as seleções da 4ª rodada do Paulistão A4 Rivalo 2026.

⭐ GOL– Lucas Bergantin (Nacional)
⭐ ZAG – Dell (Colorado Caieiras)
⭐ ZAG – Ruan Correia (Jacareí)
⭐ ZAG – Gabriel Oliveira (Grêmio São-Carlense)
⭐ VOL – Ryan (Penapolense)
⭐ VOL – Douglas Santos (Taquaritinga)
⭐ VOL – André (Tanabi) 
⭐ MC – Biel (Lemense)
⭐ ATA – Juninho (Penapolense)
⭐ ATA - Kauã Giancler (Taquaritinga)
⭐ ATA – Ruan (Lemense)

Aqui, atleta vota em atleta!

#SeleçãodosAtletas #PaulistaoA4 #AtletaVotaemAtleta #SindicatodeAtletasSP #FPF #FutebolInterior

🎯 MKT Digital: @digitalsportspress",0,"02/19/2026 12:05",https://www.instagram.com/p/DU88fHCD3qa/,"Imagem do Instagram",,Total,33988,18423,266,34,7,0,0
17877277782395739,17841400074692954,paulistao,Paulistão,"DE OLHO NA TABELA! 👀🏆
Vem ver como ficou a classificação do #PaulistãoA4Rivalo antes da bola rolar pela 5ª rodada!",0,"02/19/2026 10:00",https://www.instagram.com/p/DU8rSgiGdTz/,"Imagem do Instagram",,Total,147859,73560,3323,129,11,44,43
17859230658548296,17841400074692954,paulistao,Paulistão,"DISPUTADÍSSIMO!
O Paulistão A3 Rivalo tá demais. Se liga na classificação!
#PaulistãoA3Rivalo",0,"02/19/2026 08:30",https://www.instagram.com/p/DU8errvj70G/,"Imagem do Instagram",,Total,159917,80357,4106,85,16,44,28
18194505262342799,17841400074692954,paulistao,Paulistão,"PIVÔ INTELIGENTE! 💪🧠 
Escorada linda do Maikinho pro Giovane na vitória do União São João sobre o União Suzano por 1 a 0, pela 7ª rodada do #PaulistaoA3Rivalo",19,"02/19/2026 07:30",https://www.instagram.com/reel/DU8YBgvgSmX/,"Reel do Instagram",,Total,75561,46883,1199,54,4,9,13
18331316980223960,17841400074692954,paulistao,Paulistão,"PASSE TELEGUIADO! 🎯
Que achada do Ryan pro gol da vitória do Penapolense sobre o ECUS por 2 a 1, que mantém o Pantera como líder do #PaulistaoA4Rivalo",24,"02/19/2026 06:30",https://www.instagram.com/reel/DU8RBrNEZWJ/,"Reel do Instagram",,Total,46425,31486,846,102,8,38,6
17859680529607906,17841403734375167,sindicatodeatletas,"Sindicato de Atletas SP","🏆 Seleção dos Atletas
Paulistão A3 Rivalo 2026

Confira as seleções da 6ª e da 7ª rodada do Paulistão A3 Rivalo 2026.

Aqui, atleta vota em atleta!

#SeleçãodosAtletas #PaulistaoA3 #AtletaVotaemAtleta #SindicatodeAtletasSP #FPF #FutebolInterior

🎯 MKT Digital: @digitalsportspress",0,"02/19/2026 05:00",https://www.instagram.com/p/DU8L4NClP1i/,"Carrossel do Instagram",,Total,50824,22100,439,82,7,2,0
18112211113709034,17841400074692954,paulistao,Paulistão,"FIM DA 11ª RODADA!
Esses foram os resultados dos confrontos dessa quarta-feira do Paulistão A2 Rivalo!
#PaulistãoA2Rivalo",0,"02/18/2026 17:06",https://www.instagram.com/p/DU66FgukpuR/,"Imagem do Instagram",,Total,36585,21101,584,17,0,12,5
18071377916169271,17841403734375167,sindicatodeatletas,"Sindicato de Atletas SP","🏆 Seleção dos Atletas
Paulistão A2 Rivalo 2026

Confira a SELEÇÃO DOS ATLETAS da 8ª rodada do Paulistão A2 Rivalo 2026.

⭐️ GOL - Andrey (Osasco Sporting)
⭐️ ZAG - Carlos (Ituano)
⭐️ ZAG - Fernando (Juventus)
⭐️ ZAG - Zé Victor (Ferroviária)
⭐️ MD - Fábio Azevedo (Linense)
⭐️ MC - Muranga (Ituano)
⭐️ MC - Motta (Osasco Sporting)
⭐️ ME - Vitor Leque (Inter de Limeira)
⭐️ ATA - Maycon Douglas (Juventus)
⭐️ ATA - Deivid (Linense)
⭐️ ATA - Miguel Bianconi (Inter de Limeira)

Aqui, atleta vota em atleta!

#SeleçãodosAtletas #PaulistaoA2 #AtletaVotaemAtleta #SindicatodeAtletasSP #FPF #FutebolInterior

🎯 MKT Digital: @digitalsportspress",0,"02/18/2026 14:00",https://www.instagram.com/p/DU6kz0KjbRZ/,"Imagem do Instagram",,Total,25117,14475,199,8,1,1,0
18386110882153019,17841400074692954,paulistao,Paulistão,"QUEM FOI O DESTAQUE DA 10ª RODADA?
Você escolhe quem foi o Craque da 10ª rodada do Paulistão A2 Rivalo votando aqui nesse post! A enquete se encerra amanhã, às 11h.
#PaulistãoA2Rivalo #CraqueDaRodada",0,"02/18/2026 11:56",https://www.instagram.com/p/DU6WiMfkptv/,"Imagem do Instagram",,Total,47062,28349,350,122,4,74,2
18086891383910926,17841426429471156,fpf_oficial,"Federação Paulista de Futebol","FOTO DA RODADA ARFOC!
Foto da 8ª Rodada do Paulistão Casas Bahia, registrada pelo @abraaosbs! 
#FPF #ARFOC",0,"02/18/2026 09:41",https://www.instagram.com/p/DU6HLuAiego/,"Carrossel do Instagram",,Total,14018,6465,313,11,1,5,2
18318579952302085,17841400074692954,paulistao,Paulistão,"QUARTA-FEIRA DE MUITO FUTEBOL! 🔥
Olho nos confrontos da 11ª rodada do #PaulistaoA2Rivalo",0,"02/18/2026 05:00",https://www.instagram.com/p/DU5h3Duki0O/,"Imagem do Instagram",,Total,31991,18388,516,16,0,7,7
17855695008618133,17841400074692954,paulistao,Paulistão,"FPF repudia novos atos de racismo contra Vini Jr na Europa

A Federação Paulista de Futebol vem se somar às manifestações de repúdio e indignação a mais um crime de racismo que tem como alvo o atleta Vinícius Jr., autor do gol da vitória do Real Madri (ESP), por 1 a 0, diante do Benfica (POR) pela UEFA Champions League no início da noite desta terça-feira (17) em Portugal.

O futebol paulista se une no sentimento de revolta frente aos recorrentes casos que acometem Vini Jr. no futebol. 

O racismo é um crime inaceitável e deve ser duramente combatido, com medidas severas de punição e de prevenção. O maior esporte da Terra foi construído pelos pés dos povos de todas as cores e classes sociais, e jamais poderá tolerar qualquer tipo de discriminação, intolerância ou ódio.",0,"02/17/2026 16:01",https://www.instagram.com/p/DU4N525DD_7/,"Imagem do Instagram",,Total,115676,64635,3426,66,7,272,31
17994472421747724,17841426429471156,fpf_oficial,"Federação Paulista de Futebol","VIVA O AZULÃO!
É dia de celebrar os 24 anos do @oficialosvaldocruzfc 🥳
#Aniversário",0,"02/17/2026 02:00",https://www.instagram.com/p/DU2odnSFnrH/,"Imagem do Instagram",,Total,6355,3499,88,7,1,6,2
17926953018213944,17841400074692954,paulistao,Paulistão,"TUDO PRONTO! 
SE LIGA NAS DATAS E HORÁRIOS DAS QUARTAS DE FINAL DO PAULISTÃO CASAS BAHIA! 
*Os duelos são em partidas únicas*
#PaulistãoCasasBahia",0,"02/16/2026 11:02",https://www.instagram.com/p/DU1GtBwEXwG/,"Imagem do Instagram",,Total,754121,406222,25402,3186,44,489,559
18054485351451032,17841400074692954,paulistao,Paulistão,"AS QUARTAS DE FINAL DO PAULISTÃO CASAS BAHIA ESTÃO DEFINIDAS! 🔥
#PaulistãoCasasBahia",0,"02/15/2026 17:59",https://www.instagram.com/p/DUzR25qEmXx/,"Imagem do Instagram",,Total,482464,252039,17909,1655,34,486,286
18330133129169262,17841400074692954,paulistao,Paulistão,"Arbitragem escalada para a partida entre São Bernardo e Corinthians! #EscalaDeArbitragem #PaulistãoCasasBahia",0,"02/15/2026 10:45",https://www.instagram.com/p/DUya8-FFti1/,"Imagem do Instagram",,Total,37590,20865,459,64,3,14,8
17914880826290684,17841400074692954,paulistao,Paulistão,"Rodada concluída no Paulistão A3 Rivalo!
#PaulistãoA3Rivalo",0,"02/15/2026 10:31",https://www.instagram.com/p/DUyejv7kowy/,"Imagem do Instagram",,Total,53123,31805,548,10,6,17,3
17989754747928537,17841400074692954,paulistao,Paulistão,"Arbitragem escalada para a partida entre Red Bull Bragantino e Novorizontino!
#EscalaDeArbitragem #PaulistãoCasasBahia",0,"02/15/2026 10:15",https://www.instagram.com/p/DUyXhPiFlEl/,"Imagem do Instagram",,Total,29236,17873,223,0,1,0,2
17895446457262335,17841400074692954,paulistao,Paulistão,"Arbitragem escalada para a partida entre Santos e Velo Clube!
#EscalaDeArbitragem #PaulistãoCasasBahia",0,"02/15/2026 09:45",https://www.instagram.com/p/DUyUFifjC3x/,"Imagem do Instagram",,Total,43944,24839,722,62,1,35,6
18385308079153722,17841400074692954,paulistao,Paulistão,"Arbitragem escalada para a partida entre Ponte Preta e São Paulo!
#EscalaDeArbitragem #PaulistãoCasasBahia",0,"02/15/2026 09:15",https://www.instagram.com/p/DUyQpvFlJOc/,"Imagem do Instagram",,Total,39240,22465,477,36,1,11,7
17851616865630564,17841400074692954,paulistao,Paulistão,"Arbitragem escalada para a partida entre Primavera e Noroeste!
#EscalaDeArbitragem #PaulistãoCasasBahia",0,"02/15/2026 08:45",https://www.instagram.com/p/DUyNO-2GVG9/,"Imagem do Instagram",,Total,40366,22665,425,11,1,10,1
18042020726533751,17841400074692954,paulistao,Paulistão,"Arbitragem escalada para a partida entre Palmeiras e Guarani!
#EscalaDeArbitragem #PaulistãoCasasBahia",0,"02/15/2026 08:15",https://www.instagram.com/p/DUyJyPbFLww/,"Imagem do Instagram",,Total,40814,23969,533,69,0,11,6
18094508906065740,17841400074692954,paulistao,Paulistão,"Arbitragem escalada para a partida entre Botafogo e Capivariano!
#EscalaDeArbitragem #PaulistãoCasasBahia",0,"02/15/2026 07:15",https://www.instagram.com/p/DUyC6yJltDl/,"Imagem do Instagram",,Total,31795,17892,304,53,0,1,2
17861369688533805,17841400074692954,paulistao,Paulistão,"MAIS UMA!
E lá se foi a décima rodada do Paulistão A2 Rivalo!
#PaulistaoA2Rivalo",0,"02/15/2026 03:08",https://www.instagram.com/p/DUxrzCTkikg/,"Imagem do Instagram",,Total,29207,16219,560,17,1,14,4
18080051609601315,17841400074692954,paulistao,Paulistão,"RODADA 4 ✅
#PaulistãoA4Rivalo",0,"02/15/2026 03:07",https://www.instagram.com/p/DUxrrMFEkHR/,"Imagem do Instagram",,Total,38112,21115,816,33,2,21,6
17972552099843801,17841400074692954,paulistao,Paulistão,"DOSE DUPLA!
A tarde do domingo de Carnaval é com dois jogos do Paulistão A3 Rivalo.
#PaulistãoA3Rivalo",0,"02/15/2026 02:00",https://www.instagram.com/p/DUxe3wdkpk1/,"Imagem do Instagram",,Total,30418,20257,170,5,0,1,3
18351168826230482,17841400074692954,paulistao,Paulistão,"SÁBADO DE RODADA CHEIA! 🔥
Confira os confrontos da 10ª rodada do #PaulistaoA2Rivalo",0,"02/14/2026 05:00",https://www.instagram.com/p/DUvOrntFcf4/,"Imagem do Instagram",,Total,26687,16125,323,18,0,6,4
17848298502647027,17841400074692954,paulistao,Paulistão,"DIA CHEIO!
Entre um bloquinho e outro, é para acompanhar o #PaulistãoA3Rivalo 🤩",0,"02/14/2026 04:00",https://www.instagram.com/p/DUvH0FbljPS/,"Imagem do Instagram",,Total,21756,12770,239,8,0,2,5
17861688195527552,17841400074692954,paulistao,Paulistão,"RODADA CHEIA NO SÁBADO!
O Paulistão A4 Rivalo segue a todo vapor nesse sábado de carnaval!
#PaulistãoA4Rivalo",0,"02/14/2026 03:00",https://www.instagram.com/p/DUvA8dWj8u_/,"Imagem do Instagram",,Total,38057,24133,334,28,2,0,7
17964573174041379,17841400074692954,paulistao,Paulistão,"BLOQUINHO DO PAULISTÃO A3 RIVALO!
Todos unidos para acompanhar o desfile dessa rodada.
#PaulistãoA3Rivalo",0,"02/13/2026 15:30",https://www.instagram.com/p/DUtx-lnDOCB/,"Imagem do Instagram",,Total,45641,27935,473,17,2,3,5
18135801190503001,17841400074692954,paulistao,Paulistão,"ROMARINHO É O CRAQUE DA 9ª RODADA!
Vocês votaram e escolheram o @romarinho1996 como o destaque da 9ª rodada do Paulistão A2 Rivalo!
#PaulistãoA2Rivalo #CraqueDaRodada",0,"02/13/2026 13:30",https://www.instagram.com/p/DUtmiKrgImK/,"Imagem do Instagram",,Total,34519,19757,397,11,3,14,4
18167576614360150,17841403734375167,sindicatodeatletas,"Sindicato de Atletas SP","🏆 Seleção dos Atletas
Paulistão A4 Rivalo 2026

Confira as seleções das 3 primeiras rodadas do Paulistão A4 Rivalo 2026.

Aqui, atleta vota em atleta!

#SeleçãodosAtletas #PaulistaoA4 #AtletaVotaemAtleta #SindicatodeAtletasSP #FPF #FutebolInterior

🎯 MKT Digital: @digitalsportspress",0,"02/13/2026 10:16",https://www.instagram.com/p/DUtTPNKDVzA/,"Carrossel do Instagram",,Total,61252,23486,520,95,15,1,0
18554383318058040,17841454473375442,ulissescostatv,"ULISSES TV","A ÁGUIA ESTÁ JOGANDO MUITO! 🦅💛

Na última partida, o São José venceu o XV de Piracicaba, fora de casa, por 3 a 0, emendando o 5º jogo sem derrota no Paulistão A2. 

🚨 No próximo sábado (14), tem São José x Água Santa, a partir das 18h30, AO VIVO na @ulissescostatv! 

#saojose #paulistao #campeonatopaulista #ulissestv",183,"02/13/2026 10:08",https://www.instagram.com/reel/DUtSIuyD31-/,"Reel do Instagram",,Total,70661,50951,613,8,13,7,0
18317004613301735,17841400074692954,paulistao,Paulistão,"Quem é o pokémon que está vindo aí? 👀
#FPF",0,"02/13/2026 06:00",https://www.instagram.com/p/DUswykkFtf8/,"Imagem do Instagram",,Total,29109,15474,383,4,0,10,3
18194034982343998,17841467312227297,fpfacademia,"FPF Academia","SE LIGA NO DESCONTO! 🫰 💰
O 𝗖𝘂𝗿𝘀𝗼 𝗗𝗶𝗿𝗲𝗶𝘁𝗼 𝗱𝗼 𝗙𝘂𝘁𝗲𝗯𝗼𝗹: 𝗔𝗿𝗯𝗶𝘁𝗿𝗮𝗴𝗲𝗺 𝗲 𝗥𝗲𝘀𝗼𝗹𝘂𝗰̧𝗮̃𝗼 𝗱𝗲 𝗗𝗶𝘀𝗽𝘂𝘁𝗮𝘀 é a novidade da @fpfacademia! Uma oportunidade totalmente on-line e que traz condições  especiais de pagamento para os filiados desta quatro instituições ⚖️👇

➡️ @andd.oficial 
➡️ @direito.desportivo.oabsp 
➡️ @ibdd_ibdd_ 
➡️ @sbdd.online 

Quer saber mais? Acesse o link da bio ou dos destaques e fique por dentro de todos os detalhes 🔗 Em caso de dúvidas, mande para a nossa DM 📩 Estamos te esperando por aqui 😉

.
.
.

#FPFAcademia #Curso #Direito #Futebol #FPF",0,"02/12/2026 13:30",https://www.instagram.com/p/DUrErL9El8c/,"Carrossel do Instagram",,Total,6346,2761,42,5,7,1,0
18107169682691645,17841400074692954,paulistao,Paulistão,"VEM ESCOLHER O CRAQUE DA 9ª RODADA!
Quem se destacou na 9ª rodada do Paulistão A2 Rivalo? Vote no post e faça sua escolha!

*A enquete vai até sexta (13), às 16h.

#PaulistãoA2Rivalo #CraqueDaRodada",0,"02/12/2026 12:40",https://www.instagram.com/p/DUq-lh6EqrN/,"Imagem do Instagram",,Total,34589,20144,398,176,10,60,2
17956610201921453,17841426429471156,fpf_oficial,"Federação Paulista de Futebol","UM NOVO PAULISTA SUB-23 SEGUNDA DIVISÃO EM 2026! 🤩
Reinaldo Carneiro Bastos, presidente da FPF, compartilhou as mudanças positivas na Bezinha em relação aos últimos anos. #FPF",58,"02/12/2026 11:32",https://www.instagram.com/reel/DUq3HGDCYqI/,"Reel do Instagram",,Total,13969,9638,395,23,5,21,6
17960769233899403,17841400074692954,paulistao,Paulistão,"Se você tivesse que escolher um nome para o filme da sua vida e um ator para te interpretar, o que escolheria? 🤔 Vem ver as respostas dos árbitros do quadro da FPF! 👀
#Arbitragem #FPF",27,"02/12/2026 11:13",https://www.instagram.com/reel/DUq07MbEcs1/,"Reel do Instagram",,Total,112157,68984,2263,169,9,100,59
17849175900650210,17841400074692954,paulistao,Paulistão,"TERCEIRA RODADA JÁ FOI!
Inter de Bebedouro e Penapolense seguem 100% no #PaulistãoA4Rivalo!",0,"02/12/2026 09:30",https://www.instagram.com/p/DUqkV7LFgBx/,"Imagem do Instagram",,Total,122026,64670,3174,162,18,55,44
18092858591106324,17841400074692954,paulistao,Paulistão,"BRIOSA SEGUE NO TOPO!
Assim ficou a classificação do Paulistão A3 Rivalo ao fim da sexta rodada!
#PaulistãoA3Rivalo",0,"02/12/2026 08:30",https://www.instagram.com/p/DUqddfBj1nP/,"Imagem do Instagram",,Total,100347,54088,2318,65,20,26,21
18115571623616764,17841400074692954,paulistao,Paulistão,"FIM DE MAIS UMA RODADA! 
Deixa aqui nos comentários como vai o desempenho do seu time, torcedor!
#PaulistãoA2Rivalo",0,"02/12/2026 07:30",https://www.instagram.com/p/DUqX94vFj3s/,"Imagem do Instagram",,Total,223316,122832,5517,122,45,67,63
17911410570316552,17841400074692954,paulistao,Paulistão,"Terceira rodada do Paulistão A4 Rivalo concluída com sucesso!✅
#PaulistãoA4Rivalo",0,"02/11/2026 18:00",https://www.instagram.com/p/DUo-pWPFmrX/,"Imagem do Instagram",,Total,31101,16294,533,16,0,17,4
18055209212427085,17841400074692954,paulistao,Paulistão,"Com vantagem para os mandantes, a 6ª rodada do Paulistão A3 Rivalo terminou assim!
#PaulistãoA3Rivalo",0,"02/11/2026 17:53",https://www.instagram.com/p/DUo92ZBjTfe/,"Imagem do Instagram",,Total,27608,15487,477,14,0,8,2
17854899402617913,17841400074692954,paulistao,Paulistão,"Ponto final na 9ª rodada do Paulistão A2 Rivalo!
#PaulistãoA2Rivalo",0,"02/11/2026 17:49",https://www.instagram.com/p/DUo9cn3jScy/,"Imagem do Instagram",,Total,53139,29680,1209,30,2,27,4
17897445708391368,17841426429471156,fpf_oficial,"Federação Paulista de Futebol","O Paulista Sub-23 Segunda Divisão na visão de quem faz o campeonato acontecer. 🥰❤️
#FPF",32,"02/11/2026 14:58",https://www.instagram.com/reel/DUoprERidOK/,"Reel do Instagram",,Total,21658,13728,343,45,6,14,7
17988464183934337,17841426429471156,fpf_oficial,"Federação Paulista de Futebol","Os presidentes e representantes dos 24 clubes do Paulista Sub-23 Segunda Divisão foram recebidos pelo presidente da FPF, Reinaldo Carneiro Bastos, nesta quarta-feira (11), no Edifício Pelé. O encontro marcou a realização do Conselho Técnico da competição, com os últimos detalhes da edição de 2026 definidos. #FPF
📷Rodrigo Corsi/Ag. Paulistão",0,"02/11/2026 13:57",https://www.instagram.com/p/DUoizNtEkVk/,"Carrossel do Instagram",,Total,43216,21177,591,33,18,19,4
17858532048546878,17841400074692954,paulistao,Paulistão,"A BEZINHA VEM AÍ!
Está tudo pronto para o Paulista Sub-23 Segunda Divisão! Com início em 19 de abril, confira os clubes participantes e o formato da competição! Saiba mais em futebolpaulista.com.br
#Bezinha",0,"02/11/2026 12:11",https://www.instagram.com/p/DUoWyJCEwIg/,"Carrossel do Instagram",,Total,249888,113537,3797,889,133,176,170
18061287905656566,17841403734375167,sindicatodeatletas,"Sindicato de Atletas SP","🏆 Seleção dos Atletas
Paulistão A3 Rivalo 2026

Confira as seleções das 5 primeiras rodadas do Paulistão A3 Rivalo 2026.

Aqui, atleta vota em atleta!

#SeleçãodosAtletas #PaulistaoA3 #AtletaVotaemAtleta #SindicatodeAtletasSP #FPF #FutebolInterior

🎯 MKT Digital: @digitalsportspress",0,"02/11/2026 11:49",https://www.instagram.com/p/DUoUVxgibYx/,"Carrossel do Instagram",,Total,58754,25784,300,96,14,1,0
17928092421054704,17841454473375442,ulissescostatv,"ULISSES TV","HOJE TEM RODADA DUPLA DE PAULISTÃO A2 NA ULISSES TV! 📺

Para começar esta tarde de quarta-feira, o @juventussaf recebe o @calinenseoficial, na Javari, às 15h. 

🎤 Narração de @narraito e comentários de @fsalgueiro72 

Já para fechar esta noite com grande estilo, teremos um grande confronto entre @xvpiracicaba e @saojoseecoficial, em Piracicaba.

🎙️ Narração de @ulissescostanarrador, comentários de @luizademarjr e reportagens de @brunopuzzovio 

🔗 LINKS NO STORY!

#juventus #linense #xvdepiracicaba #saojose #ulissestv",0,"02/11/2026 08:08",https://www.instagram.com/p/DUn7CJVEQhK/,"Imagem do Instagram",,Total,14387,3036,60,0,0,2,0
18093125150481615,17841400074692954,paulistao,Paulistão,"QUARTA-FEIRA É DIA DE PAULISTÃO A3 RIVALO!
Se liga nos horários e nas transmissões dos confrontos dessa etapa!
#PaulistãoA3Rivalo",0,"02/11/2026 06:14",https://www.instagram.com/p/DUnt6i8koh-/,"Imagem do Instagram",,Total,28643,19103,221,13,1,4,2
18071242190161753,17841400074692954,paulistao,Paulistão,"DIA CHEIO! 😮‍💨
Sete jogos encerram a rodada do #PaulistãoA4Rivalo! Para quem vai sua torcida?",0,"02/11/2026 04:00",https://www.instagram.com/p/DUnZe7CkvO3/,"Imagem do Instagram",,Total,26808,15920,289,14,2,0,4
18196482718339618,17841400074692954,paulistao,Paulistão,"RODADA CHEIA NESSA QUARTA-FEIRA! ⚽🌟
Assista a todos os jogos da 9ª rodada do Paulistão A2 Rivalo AO VIVO! 
#PaulistãoA2Rivalo",0,"02/11/2026 03:00",https://www.instagram.com/p/DUnSnWiFjBc/,"Imagem do Instagram",,Total,27668,15924,450,21,1,22,3
18056981522401789,17841400074692954,paulistao,Paulistão,"O CRAQUE DA 8ª RODADA DO PAULISTÃO A2 RIVALO!
Vocês votaram e escolherem o Michael Paulista como destaque da oitava rodada do #PaulistãoA2Rivalo! 
#CraqueDaRodada",0,"02/10/2026 12:17",https://www.instagram.com/p/DUlytcvEvUJ/,"Imagem do Instagram",,Total,30808,18023,452,27,2,22,0
18073974203416870,17841403734375167,sindicatodeatletas,"Sindicato de Atletas SP","🏆 Seleção dos Atletas 
Paulistão A2 Rivalo 2026

Confira as seleções das sete primeiras rodadas do Paulistão A2 Rivalo 2026.

Aqui, atleta vota em atleta!

#SeleçãodosAtletas #PaulistaoA2 #AtletaVotaemAtleta #SindicatodeAtletasSP #FPF #FutebolInterior 

🎯 MKT Digital: @digitalsportspress",0,"02/10/2026 10:29",https://www.instagram.com/p/DUlmUXuDyyk/,"Carrossel do Instagram",,Total,55731,20885,477,55,10,0,0
18053839106456332,17841400074692954,paulistao,Paulistão,"A SEGUNDA RODADA JÁ FOI! 
Com Inter de Bebedouro na liderança, vem ver como está a tabela de classificação do Paulistão A4 Rivalo!
#PaulistãoA4Rivalo",0,"02/10/2026 09:00",https://www.instagram.com/p/DUlXAtMEtcB/,"Imagem do Instagram",,Total,176921,88159,4548,229,42,67,46
17874328389414179,17841400074692954,paulistao,Paulistão,"BRIOSA VOLTA AO TOPO! 🔝
Se liga na classificação das minhas equipes no Paulistão A3 Rivalo!
#PaulistãoA3Rivalo",0,"02/10/2026 08:00",https://www.instagram.com/p/DUlQI4qEiEs/,"Imagem do Instagram",,Total,266304,148197,6310,227,134,63,68
18093197336071807,17841426429471156,fpf_oficial,"Federação Paulista de Futebol","FOTO DA RODADA ARFOC!
Foto da 7ª Rodada do Paulistão Casas Bahia, registrada pelo @jhonyfotoesportiva!
#FPF #ARFOC",0,"02/10/2026 06:44",https://www.instagram.com/p/DUlMc1TjISl/,"Carrossel do Instagram",,Total,9161,3648,182,1,0,2,2
18068716703637454,17841400074692954,paulistao,Paulistão,"TERCEIRA RODADA NA ÁREA! 🌟
Oito jogos vão rolar entre hoje e amanhã pela terceira rodada do Paulistão A4 Rivalo!
#PaulistãoA4Rivalo",0,"02/09/2026 19:00",https://www.instagram.com/p/DUj223GF4CO/,"Imagem do Instagram",,Total,46966,25982,559,13,1,8,4
17995096649873993,17841467312227297,fpfacademia,"FPF Academia","🚨 INSCRIÇÕES ABERTAS 🚨
Alô, galera do DIREITO DESPORTIVO! ⚖️ A @fpfacademia está com vagas disponíveis para mais uma oportunidade no âmbito jurídico. O 𝗖𝘂𝗿𝘀𝗼 𝗗𝗶𝗿𝗲𝗶𝘁𝗼 𝗱𝗼 𝗙𝘂𝘁𝗲𝗯𝗼𝗹: 𝗔𝗿𝗯𝗶𝘁𝗿𝗮𝗴𝗲𝗺 𝗲 𝗥𝗲𝘀𝗼𝗹𝘂𝗰̧𝗮̃𝗼 𝗱𝗲 𝗗𝗶𝘀𝗽𝘂𝘁𝗮𝘀 é totalmente on-line e oferece uma imersão técnica e estratégica nos tribunais que definem o rumo do esporte global ⚽

📅 27 e 28 de abril | 04, 05, 11 e 12 de maio
💻 Totalmente on-line
💰 Desconto para clubes filiados e entidades parceiras

Se você deseja atuar de maneira estratégica no sistema de resolução de disputas do futebol, não perca tempo! 🔗 Acesse o link da bio para saber mais e se inscrever. Dúvidas? Mande uma DM para a @fpfacademia 📩

.
.
.

#FPFAcademia #Curso #Direito #Futebol #FPF",0,"02/09/2026 14:50",https://www.instagram.com/p/DUjfEwfkWIH/,"Imagem do Instagram",,Total,9534,48494,95,29,19,0,0
18094332974055548,17841400074692954,paulistao,Paulistão,"“EU TENHO UM SONHO E UM DESEJO MUITO GRANDE DE SER CAMPEÃO PAULISTA!” 🤩
Rafael Monteiro, goleiro do @saopaulofc, visitou a sede da FPF nesta segunda-feira (9) e compartilhou suas expectativas para o #PaulistãoCasasBahia 🏆⚽",86,"02/09/2026 11:33",https://www.instagram.com/reel/DUjIvlaEcj-/,"Reel do Instagram",,Total,45592,32352,1205,13,0,8,30
18561485707028570,17841400074692954,paulistao,Paulistão,"QUEM FOI O CRAQUE DA 8ª RODADA?
Vote no destaque da 8ª rodada do Paulistão A2 Rivalo aqui no post! Lembrando que a enquete se encerra às 16h da terça-feira (10).
#PaulistãoA2Rivalo #CraqueDaRodada",0,"02/09/2026 11:33",https://www.instagram.com/p/DUjE8nXEdf_/,"Imagem do Instagram",,Total,44621,26949,390,216,12,219,3
18093041224820203,17841400074692954,paulistao,Paulistão,"Arbitragem escalada para a partida entre Corinthians e Palmeiras!
#EscalaDeArbitragem #PaulistãoCasasBahia",0,"02/08/2026 09:00",https://www.instagram.com/p/DUgNZfNkojG/,"Imagem do Instagram",,Total,78393,46214,1994,462,1,154,27
18195121522340395,17841400074692954,paulistao,Paulistão,"Arbitragem escalada para a partida entre Velo Clube e Red Bull Bragantino!
#EscalaDeArbitragem #PaulistãoCasasBahia",0,"02/08/2026 08:30",https://www.instagram.com/p/DUgJ9kNEl1b/,"Imagem do Instagram",,Total,15201,9446,119,3,1,4,0
17962810242021027,17841400074692954,paulistao,Paulistão,"Arbitragem escalada para a partida entre Capivariano e Mirassol!
#EscalaDeArbitragem #PaulistãoCasasBahia",0,"02/08/2026 08:00",https://www.instagram.com/p/DUgGikMj7-n/,"Imagem do Instagram",,Total,21451,12454,178,1,0,1,3
18539077921071213,17841400074692954,paulistao,Paulistão,"Mais uma rodada cheia no Paulistão A3 Rivalo!
#PaulsitãoA3Rivalo",0,"02/08/2026 07:39",https://www.instagram.com/p/DUgJRIUkh50/,"Imagem do Instagram",,Total,32020,18110,752,20,2,15,4
17964088221041031,17841400074692954,paulistao,Paulistão,"SEGUNDA RODADA! ✅
Vamos aos resultados.
#PaulistãoA4Rivalo",0,"02/08/2026 06:57",https://www.instagram.com/p/DUgEhfdkvNA/,"Imagem do Instagram",,Total,44567,25440,913,32,0,5,6
18098952862934383,17841400074692954,paulistao,Paulistão,"Arbitragem escalada para a partida entre Noroeste e Santos!
#EscalaDeArbitragem #PaulistãoCasasBahia",0,"02/08/2026 05:30",https://www.instagram.com/p/DUf1Wx4EknM/,"Imagem do Instagram",,Total,19054,11011,230,12,0,9,0
18099257650925170,17841426429471156,fpf_oficial,"Federação Paulista de Futebol","Parabéns, Tupã! 🎉
O @tupafcoficial completa 90 anos de história neste domingo (8)! #FPF #Aniversário",0,"02/08/2026 03:00",https://www.instagram.com/p/DUfkOSnksv8/,"Imagem do Instagram",,Total,2440,1480,53,4,0,5,0
18006005408691513,17841400074692954,paulistao,Paulistão,"ENCERRANDO A RODADA!
Vem conferir o bonde que fecha a oitava volta do Paulistão A2 Rivalo.
#PaulistãoA2Rivalo",0,"02/08/2026 03:00",https://www.instagram.com/p/DUfkNY_kvSt/,"Imagem do Instagram",,Total,11011,6954,100,2,0,0,1
18056448287399522,17841400074692954,paulistao,Paulistão,"PARA FECHAR!
O domingo de manhã vai ter duas partidas do Paulistão A3 Rivalo para começar bem o dia.
#PaulistãoA3Rivalo",0,"02/08/2026 02:00",https://www.instagram.com/p/DUfdU66D8N7/,"Imagem do Instagram",,Total,11490,7311,112,2,0,3,1
18095363056750987,17841426429471156,fpf_oficial,"Federação Paulista de Futebol","DEU VERDÃO! 💚🏆
A final da Supercopa Feminina 2026 contou com a presença do presidente da FPF, Reinaldo Carneiro Bastos, acompanhado do presidente da CBF, Samir Xaud, e de outras autoridades, neste sábado (7), na Arena Crefisa Barueri. Em campo, o Palmeiras venceu o Corinthians e levantou a taça da competição. #FPF 
📷 Rodrigo Corsi / Ag. Paulistão",0,"02/07/2026 17:07",https://www.instagram.com/p/DUeldGZiaVv/,"Carrossel do Instagram",,Total,14825,7044,350,3,5,5,5
18073222220450513,17841426429471156,fpf_oficial,"Federação Paulista de Futebol","DIA DE SUPERCOPA FEMININA 🏆🏅
O presidente da FPF, Reinaldo Carneiro Bastos, marcou presença na Supercopa Feminina, neste sábado (7), no clássico paulista Palmeiras x Corinthians, ao lado do presidente da CBF, Samir Xaud, da presidente do Palmeiras, Leila Pereira, e do presidente do Corinthians, Osmar Stabile. O título ficou com a equipe Alviverde. #FPF",59,"02/07/2026 16:38",https://www.instagram.com/reel/DUeiGuoCe4t/,"Reel do Instagram",,Total,9918,7915,214,4,8,5,5
17882732172354104,17841429857362439,paulistaof,"Paulistão F","AVANTI, PALESTRINAS! 🏆
O Palmeiras é campeão da Supercopa Feminina!
#ElasEmCampo",0,"02/07/2026 13:28",https://www.instagram.com/p/DUeMc6rEnou/,"Imagem do Instagram",,Total,58448,39249,3766,264,9,47,32
17875951113491267,17841400074692954,paulistao,Paulistão,"Arbitragem escalada para a partida entre São Paulo e Primavera!
#EscalaDeArbitragem #PaulistãoCasasBahia",0,"02/07/2026 11:30",https://www.instagram.com/p/DUd5xItFMBb/,"Imagem do Instagram",,Total,17174,10301,247,5,0,4,4
18560642809034694,17841400074692954,paulistao,Paulistão,"Arbitragem escalada para a partida entre Portuguesa e Ponte Preta!
#EscalaDeArbitragem #PaulistãoCasasBahia",0,"02/07/2026 09:24",https://www.instagram.com/p/DUdwhkMEss0/,"Imagem do Instagram",,Total,12656,7479,124,10,0,2,1
18421545469188051,17841400074692954,paulistao,Paulistão,"Arbitragem escalada para a partida entre Novorizontino e São Bernardo!
#EscalaDeArbitragem #PaulistãoCasasBahia",0,"02/07/2026 08:30",https://www.instagram.com/p/DUdlJH0EpSQ/,"Imagem do Instagram",,Total,21346,12468,169,3,0,9,2
18091358609013016,17841400074692954,paulistao,Paulistão,"Arbitragem escalada para a partida entre Guarani e Botafogo!
#EscalaDeArbitragem #PaulistãoCasasBahia",0,"02/07/2026 07:30",https://www.instagram.com/p/DUdeT4ckwDw/,"Imagem do Instagram",,Total,20790,12354,210,5,0,4,3
18072326642451375,17841467312227297,fpfacademia,"FPF Academia","ALUNOS PRATICANDO💪
Se liga como foi a manhã de simulado do teste físico do Curso de Árbitros 2026😮‍💨

#FPFAcademia #Arbitragem #Futebol #EAFI",43,"02/07/2026 06:17",https://www.instagram.com/reel/DUdasiPEcxX/,"Reel do Instagram",,Total,10061,6585,205,31,5,5,0
18102208342687464,17841467312227297,fpfacademia,"FPF Academia","A EAFI COMEÇOU🔥
Dia de simulado com muito empenho no Curso de Árbitros da @fpfacademia. Os alunos do Nível 1 – Turma 2026 participaram da primeira atividade prática da EAFI neste ano, realizando uma bateria de testes físicos como preparação para a avaliação habilitadora, que acontece no dia 14 de março🏅

Os 80 melhores classificados avançam para o Nível 2 do Curso da Escola de Árbitros Flávio Iazzetti (EAFI)

📷 Diego Soares/Ag. Paulistão

.
.
.

#FPFAcademia #Arbitragem #Futebol #EAFI",0,"02/07/2026 05:22",https://www.instagram.com/p/DUdUyrtET3d/,"Carrossel do Instagram",,Total,17800,7601,356,41,1,15,0
18191489044346015,17841400074692954,paulistao,Paulistão,"MAIS SEIS!
O sábado está recheado de jogos. Já anota na agenda para não perder nenhum.
#PaulistãoA3Rivalo",0,"02/07/2026 04:00",https://www.instagram.com/p/DUdGSq7DJoD/,"Imagem do Instagram",,Total,29440,18874,296,19,0,6,4
18073085375575097,17841402368938101,ec.taubate,"EC Taubaté","O gol de @romarinho1996 no #ClássicoDoVale 🫏",43,"02/06/2026 15:59",https://www.instagram.com/reel/DUb4uw3gMbn/,"Reel do Instagram","Ocorreu um erro ao computar métricas.",-,,,,,,,
17942459399980176,17841405688144679,rivalobrasil,"Rivalo Brasil","Seleção Rivalo + Melhores Desempenhos em parceria com o @sofascorebr_oficial pela 3ª rodada do Paulista A2 Rivalo 2026! 🏆

O circo está pegando fogo, e você precisa ver tudo arrasando pro lado! 💥

Obs: Seleção baseada nas Notas Sofascore 📊

#Rivalo #NadaGanhaDaEmoção #JoguecomResponsabilidade +18 #RivaloSofascore",0,"02/04/2026 14:30",https://www.instagram.com/p/DUWlJ9AAT8b/,"Carrossel do Instagram","Ocorreu um erro ao computar métricas.",-,,,,,,,
17899865493221977,17841405688144679,rivalobrasil,"Rivalo Brasil","Seleção Rivalo + Melhores Desempenhos em parceria com o @sofascorebr_oficial pela 6ª rodada do Paulista A2 Rivalo 2026! 🏆

A rodada pegou fogo, hein? Arrasta pro lado e vem descobrir! 💥

Obs: Seleção baseada nas Notas Sofascore 📊

#Rivalo #NadaGanhaDaEmoção #JoguecomResponsabilidade +18 #RivaloSofascore",0,"01/30/2026 12:22",https://www.instagram.com/p/DUJehn0gasa/,"Carrossel do Instagram","Ocorreu um erro ao computar métricas.",-,,,,,,,
18121650373566677,17841405688144679,rivalobrasil,"Rivalo Brasil","Seleção Rivalo + Melhores Desempenhos em parceria com o @sofascorebr_oficial pela 5ª rodada do Paulista A2 Rivalo 2026! 🏆

A última rodada foi emocionante! Arrasta pro lado e vem descobrir 💥

Obs: Seleção baseada nas Notas Sofascore 📊

#Rivalo #NadaGanhaDaEmoção #JoguecomResponsabilidade +18 #RivaloSofascore",0,"01/27/2026 11:18",https://www.instagram.com/p/DUBoz88AQ33/,"Carrossel do Instagram","Ocorreu um erro ao computar métricas.",-,,,,,,,
18092379638050261,17841405688144679,rivalobrasil,"Rivalo Brasil","VOCÊ SABIA DESSA CURIOSIDADE? 🤔

Vamos acompanhar todos os comentários, hein? ⬇️

#Rivalo #NadaGanhadaEmocao #JoguecomResponsabilidade +18",0,"01/26/2026 11:39",https://www.instagram.com/p/DT_GdddAW6m/,"Carrossel do Instagram","Ocorreu um erro ao computar métricas.",-,,,,,,,
17980592540953211,17841401002519160,penaltybr,"Penalty Brasil","É isso, meus amigos, agora não tem mais conversa:

Os finalistas da Copinha Sil 2026 estão definidos. 👑🤨🏆

E o nosso olheiro, @santucci_rafa  viu de perto as duas partidas da semi, afinal, onde tem craque, nós estamos de olho.

Quem tá pronto pra domingo?🧐

#copinha #copinhasil2026 #penalty",179,"01/23/2026 13:29",https://www.instagram.com/reel/DT3kaZ2kiHh/,"Reel do Instagram","Ocorreu um erro ao computar métricas.",-,,,,,,,
17848898595632029,17841405688144679,rivalobrasil,"Rivalo Brasil","Seleção Rivalo + Melhores Desempenhos em parceria com o @sofascorebr_oficial pela 3ª rodada do Paulista A2 Rivalo 2026! 🏆

A rodada pegou fogo, hein? Arrasta pro lado e vem descobrir! 💥

Obs: Seleção baseada nas Notas Sofascore 📊

#Rivalo #NadaGanhaDaEmoção #JoguecomResponsabilidade +18 #RivaloSofascore",0,"01/23/2026 12:35",https://www.instagram.com/p/DT3efFcgVyB/,"Carrossel do Instagram","Ocorreu um erro ao computar métricas.",-,,,,,,,
18094954736499963,17841400074692954,paulistao,Paulistão,"QUEM FOI O CRAQUE DA 3ª RODADA?
Quer eleger o destaque da terceira rodada do Paulistão A2 Rivalo? É só abrir a enquete aqui nos comentários e votar no jogador da sua escolha! 

*A enquete se encerra quarta-feira (21), ao meio dia.

#PaulistãoA2Rivalo #CraqueDaRodada",0,"01/20/2026 13:48",https://www.instagram.com/p/DTv4ZThkuuC/,"Imagem do Instagram",,Total,37045,21542,334,77,3,58,3
17854503534610440,17841405688144679,rivalobrasil,"Rivalo Brasil","Seleção Rivalo + Melhores Desempenhos em parceria com o @sofascorebr_oficial pela 3ª rodada do Paulista A2 Rivalo 2026! 🏆

Será que o jogador e o time do seu coração apareceram por aqui? Arrasta pro lado e vem descobrir! 💥

Obs: Seleção baseada nas Notas Sofascore 📊

#PaulistaA2Rivalo #NadaGanhaDaEmoção #Amor #Raizes #Cultura #RivaloSofascore",0,"01/20/2026 13:08",https://www.instagram.com/p/DTvz0uiATtK/,"Carrossel do Instagram",,Total,42024,16980,208,12,8,3,0
18361557313165557,17841404518850618,saojoseecoficial,"São José Esporte Clube","GOOOOOLLL DA ÁGUIA!!!!! Michael Paulista é o nome do gol!!! Tem que acreditar!!!!! 🦅💙",70,"02/06/2026 16:28",https://www.instagram.com/reel/DUb8NgMCamQ/,"Reel do Instagram",,Total,72183,45221,3304,230,24,85,0
18119282101591866,17841404518850618,saojoseecoficial,"São José Esporte Clube","GOOOOOOOLLLLL DA ÁGUIA! Gabriel Ramos de cabeça! São José 1 x 0 Taubaté 🦅",50,"02/06/2026 15:41",https://www.instagram.com/reel/DUb2tMYiW5w/,"Reel do Instagram",,Total,56498,34248,2764,171,22,63,0
17876350560491583,17841400074692954,paulistao,Paulistão,"FIM DE SEMANA NA ÁREA!
E vamos de mais uma rodada do #PaulistãoA3Rivalo 🔥",0,"02/06/2026 14:00",https://www.instagram.com/p/DUbmI-6E-8O/,"Imagem do Instagram",,Total,34535,21781,373,18,2,4,8
18076953815067558,17841426429471156,fpf_oficial,"Federação Paulista de Futebol","FOTO DA RODADA ARFOC!
Foto da 6ª Rodada do Paulistão Casas Bahia, registrada pelo @canaldozefoto!
#FPF #ARFOC",0,"02/06/2026 11:57",https://www.instagram.com/p/DUbdNzeEslD/,"Carrossel do Instagram",,Total,7039,2696,115,8,0,6,0
18558651220005504,17841454473375442,ulissescostatv,"ULISSES TV","HOJE TEM CLÁSSICO DO VALE! SE LIGA NO RECADO DO @ulissescostanarrador! 🎙️

A bola vai rolar para @ec.taubate e @saojoseecoficial, pelo Paulistão A2, mas a festa deve ser nas arquibancadas! Sem briga, sem confusão… Apenas torcida para o seu time do coração.

👇🏻 Mas e aí, qual é o seu palpite para o jogo de hoje?

📺 Transmissão exclusiva da @ulissescostatv 

#saojose #taubate #paulistao #campeonatopaulista #ulissestv",34,"02/06/2026 09:12",https://www.instagram.com/reel/DUbG4ylkTDX/,"Reel do Instagram",,Total,11941,9056,362,3,10,9,0
17862761313514177,17841400074692954,paulistao,Paulistão,"O VALE VAI TREMER! ⚔️🔥
Taubaté e São José se enfrentam pela 8ª rodada do #PaulistaoA2Rivalo",0,"02/06/2026 09:00",https://www.instagram.com/p/DUbDztgkYip/,"Imagem do Instagram",,Total,15797,9348,405,23,1,44,2
18099659767918529,17841400074692954,paulistao,Paulistão,"É O PAULISTÃO CASAS BAHIA, NÃO TEM JEITO! 🌟😮‍💨
Em um mês de campeonato, alcançamos quase 400 milhões de visualizações em todas as nossas plataformas! ⚽💙
#PaulistãoCasasBahia",0,"02/06/2026 08:30",https://www.instagram.com/p/DUbAX3GE9p5/,"Imagem do Instagram",,Total,12089,6748,289,2,0,6,5
18104992078824436,17841400074692954,paulistao,Paulistão,"COM DIREITO A CLÁSSICO...
Lá vem mais uma rodada do Paulistão A2 Rivalo.
#PaulistãoA2Rivalo",0,"02/06/2026 06:00",https://www.instagram.com/p/DUavMP2jPGa/,"Imagem do Instagram",,Total,20960,11961,428,18,3,12,3
18069443468562428,17841406590181801,riobrancoecamericana,"Rio Branco Esporte Clube","🐶⚽ FUTEBOL, SOLIDARIEDADE E ADOÇÃO! 

✨ Homenagem ao Orelha

Neste sábado, 07 de fevereiro, às 15h, tem Rio Branco E. C. x Paulista no Décio Vitta, e você pode ajudar quem mais precisa! ⚽🐕

👉 AÇÃO SOLIDÁRIA – ADOAÇÃOCCZ

✅ Leve 1 saco de ração OU vá vestido com a camisa do Rio Branco e pague meia-entrada 🎟️

Além de apoiar o Tigre, você contribui com a causa animal e ainda conhece vários cãezinhos esperando por um lar cheio de amor 🏡 

⚠️ IMPORTANTE:
Por conta da ação, não haverá entrada das crianças com os jogadores.

#RioBrancoEC #RBEC #TIGRE1913 #PaulistaA3 #AdoteUmAmigo",0,"02/05/2026 13:44",https://www.instagram.com/p/DUZErcgDhZA/,"Carrossel do Instagram",,Total,39373,15005,396,118,8,42,0
18085703299916616,17841426429471156,fpf_oficial,"Federação Paulista de Futebol","DIA DE ENCONTRO! ⚽🤝
O presidente da CBF, Samir Xaud, acompanhado do vice-presidente da CBF, Gustavo Dias Henrique, recebeu o presidente da FPF, Reinaldo Carneiro Bastos, e o presidente do São Paulo, Harry Massis Júnior, nesta quinta-feira (5), na sede da entidade. Após o encontro, o grupo acompanhou o Conselho Técnico da Série B do Campeonato Brasileiro.
#FPF",0,"02/05/2026 12:41",https://www.instagram.com/p/DUY9dRDiS_2/,"Carrossel do Instagram",,Total,17938,8206,330,3,1,7,7
17934151308159992,17841467312227297,fpfacademia,"FPF Academia","🚨 PARTIU, SEGUNDA EDIÇÃO 🚨
Após o sucesso da primeira turma, a @fpfacademia anuncia a abertura de vagas para o 𝗖𝘂𝗿𝘀𝗼 𝗚𝗲𝘀𝘁𝗮̃𝗼 𝗱𝗲 𝗙𝘂𝘁𝗲𝗯𝗼𝗹 𝗙𝗲𝗺𝗶𝗻𝗶𝗻𝗼. A oportunidade perfeita para quem já atua ou deseja atuar de forma qualificada pelo fortalecimento da modalidade no Brasil 🏆 🇧🇷

💻 16 aulas on-line
📍 Encerramento na @fpf_oficial
💰 Desconto para clubes filiados, outras federações e mulheres

Comente 𝗘𝗨 𝗤𝗨𝗘𝗥𝗢 e receba mais informações diretamente em sua DM 📩 O formulário de inscrição também tá no link da bio da @fpfacademia 🔗

.
.
.

#FPFAcademia #Curso #Gestão #FutebolFeminino #Futebol",0,"02/05/2026 09:35",https://www.instagram.com/p/DUYoAzukUa4/,"Imagem do Instagram",,Total,80039,87651,709,87,144,138,0
18134616592496633,17841400074692954,paulistao,Paulistão,"Arbitragem escalada para a partida entre Corinthians e Capivariano!
#EscalaDeArbitragem #PaulistãoCasasBahia",0,"02/05/2026 08:00",https://www.instagram.com/p/DUYYKRFjxgd/,"Imagem do Instagram",,Total,26669,14985,570,28,1,35,7
18064686434301894,17841400074692954,paulistao,Paulistão,"Fim da 4ª rodada do Paulistão A3 Rivalo! Vem conferir os resultados dos confrontos dessa quarta-feira.
#PaulistãoA3Rivalo",0,"02/04/2026 17:16",https://www.instagram.com/p/DUW4JFzmKJK/,"Imagem do Instagram",,Total,37451,21922,598,24,2,11,7
17953283346076643,17841400074692954,paulistao,Paulistão,"DAVID RIBEIRO É O CRAQUE DA 7ª RODADA!
Vocês votaram e escolheram o @_davidribeirooficial como o destaque da 7ª rodada do Paulistão A2 Rivalo!
#PaulistãoA2Rivalo #CraqueDaRodada",0,"02/04/2026 12:43",https://www.instagram.com/p/DUWY7_DlBTc/,"Imagem do Instagram",,Total,21826,12651,327,45,2,34,8
18122510239565315,17841400074692954,paulistao,Paulistão,"DIA CHEIO!
A quarta rodada do Paulistão A3 Rivalo vai rolar todinha nessa quarta-feira (4).
#PaulistãoA3Rivalo",0,"02/04/2026 06:00",https://www.instagram.com/p/DUVlpkPEU69/,"Imagem do Instagram",,Total,37380,24035,343,15,3,2,11
18141375061479454,17841400074692954,paulistao,Paulistão,"QUEM FOI O CRAQUE DA 7ª RODADA?
Vote na enquete nesse post para escolher quem foi o destaque da 7ª rodada do Paulistão A2 Rivalo!

A votação se encerra amanhã (04), às 16h.

#PaulistãoA2Rivalo #CraqueDaRodada",0,"02/03/2026 12:49",https://www.instagram.com/p/DUTuCs1Es6N/,"Imagem do Instagram",,Total,60743,33930,612,494,14,292,8
17920503144249283,17841400074692954,paulistao,Paulistão,"FIM DE MAIS UMA RODADA!
Com a Briosa na liderança, essa é a tabela de classificação do Paulistão A3 Rivalo!
#PaulistãoA3Rivalo",0,"02/03/2026 12:00",https://www.instagram.com/p/DUTqEQCj1GJ/,"Imagem do Instagram",,Total,157606,86632,3433,137,50,37,23
18157017568429770,17841400074692954,paulistao,Paulistão,"DOMÍNIO DA LOCOMOTIVA!
Mais uma rodada passou e a Ferroviária segue na liderança do Paulistão A2 Rivalo!
#PaulistãoA2RIvalo",0,"02/03/2026 11:00",https://www.instagram.com/p/DUTjKotkhLc/,"Imagem do Instagram",,Total,265234,146951,6771,233,44,84,64
18068516720561663,17841400074692954,paulistao,Paulistão,"QUE COMEÇO AVASSALADOR!
A Briosa está com tudo nesse início de #PaulistãoA3Rivalo 🔥",0,"02/03/2026 08:00",https://www.instagram.com/p/DUTOjZbEsR1/,"Imagem do Instagram",,Total,53505,31502,902,59,6,37,11
18093307606806064,17841400074692954,paulistao,Paulistão,"PLAY NA 2ª RODADA DO PAULISTÃO A4 RIVALO!
#PaulistãoA4Rivalo",0,"02/03/2026 06:10",https://www.instagram.com/p/DUTHBtWkjFX/,"Imagem do Instagram",,Total,28567,16523,484,30,8,18,8
17964491642877811,17841426429471156,fpf_oficial,"Federação Paulista de Futebol","PARABÉNS, CACHORRÃO!
Esta terça-feira é dia de celebrar os 98 anos do @ecsaobernardo 🥳
#Aniversário",0,"02/03/2026 02:00",https://www.instagram.com/p/DUSlXAIklkF/,"Imagem do Instagram",,Total,11918,7814,222,6,0,21,3
18093316138801803,17841400074692954,paulistao,Paulistão,"LOCOMOTIVA A MILHÃO 🚂🔥
A @afeoficial já soma quatro vitórias seguidas no Paulistão A2 Rivalo 2026.
#PaulistãoA2Rivalo2026",0,"02/02/2026 13:30",https://www.instagram.com/p/DURSXO7El3E/,"Imagem do Instagram",,Total,29804,17424,506,11,1,8,4
17934889218017931,17841467312227297,fpfacademia,"FPF Academia","CURSO MASTER FPF! 💼 ⚽
O que os alunos e alunas da edição mais recente do Master FPF acharam da experiência? Vem conferir alguns relatos com a gente! 🎙️

🚨 Lembrando que as inscrições para a 6ª turma do nosso principal programa de capacitação em gestão seguem ABERTAS! Acesse o link da bio da @fpfacademia, confira mais informações e se inscreva. Estamos te esperando! 😉

#FPFAcademia #Curso #MasterFPF #Gestão #FPF @udofutebol",67,"02/02/2026 13:05",https://www.instagram.com/reel/DURRgJxEqoq/,"Reel do Instagram",,Total,6705,5121,88,6,2,5,0
17937504216135055,17841400074692954,paulistao,Paulistão,"PARA FECHAR OS TRABALHOS!
XV de Piracicaba e Monte Azul se enfrentam no último jogo da rodada no #PaulistãoA2Rivalo!",0,"02/02/2026 03:30",https://www.instagram.com/p/DUQK3P_Em5r/,"Imagem do Instagram",,Total,14644,8856,155,4,0,0,1
17941527681103010,17841400074692954,paulistao,Paulistão,"Hora de conferir os resultados deste domingo no Paulistão A2 Rivalo!
#PaulistãoA2Rivalo",0,"02/01/2026 17:20",https://www.instagram.com/p/DUPKQDZDMN-/,"Imagem do Instagram",,Total,20320,12249,249,9,0,1,3
18376560901087476,17841426429471156,fpf_oficial,"Federação Paulista de Futebol","O presidente da FPF, Reinaldo Carneiro Bastos, participou da cerimônia de premiação do título do Corinthians na Supercopa Rei. 🏆
#FPF
📷Rafael Ribeiro/CBF",0,"02/01/2026 16:08",https://www.instagram.com/p/DUPCAk_iWOp/,"Carrossel do Instagram",,Total,17155,9954,424,0,25,3,7
17846425566659123,17841400074692954,paulistao,Paulistão,"JOGO ADIADO!
#PaulistãoCasasBahia",0,"02/01/2026 15:57",https://www.instagram.com/p/DUPAtgOkf8M/,"Imagem do Instagram",,Total,169490,85924,2286,108,3,66,30
17861229714526581,17841426429471156,fpf_oficial,"Federação Paulista de Futebol","CORINTHIANS CAMPEÃO! 🏆🏆
Reinaldo Carneiro Bastos, presidente da FPF, esteve na Arena BRB Mané Garrincha, neste domingo (1), a convite do presidente da CBF, Samir Xaud, para acompanhar a Supercopa Rei, que consagrou o time paulista campeão da edição de 2026.
#FPF",53,"02/01/2026 15:08",https://www.instagram.com/reel/DUO7GIEiZUI/,"Reel do Instagram",,Total,11519,8297,311,2,2,6,2
18039899294525982,17841426429471156,fpf_oficial,"Federação Paulista de Futebol","É DIA DE DECISÃO!
O presidente da FPF, Reinaldo Carneiro Bastos, está em Brasília ao lado do presidente do Corinthians, Osmar Stabile, para acompanhar a grande final da Supercopa Rei entre Corinthians e Flamengo. #FPF",0,"02/01/2026 13:05",https://www.instagram.com/p/DUOs_qUiR_H/,"Imagem do Instagram",,Total,11760,7336,318,3,5,8,1
18445999681102107,17841400074692954,paulistao,Paulistão,"Assim terminou a terceira rodada do Paulistão A3 Rivalo!
#PaulistãoA3Rivalo",0,"02/01/2026 11:34",https://www.instagram.com/p/DUOirWxEmbj/,"Imagem do Instagram",,Total,21548,12275,274,16,0,3,2
17940150930117021,17841400074692954,paulistao,Paulistão,"Arbitragem escalada para a partida entre Botafogo e Palmeiras.
#EscalaDeArbitragem #PaulistãoCasasBahia",0,"02/01/2026 11:30",https://www.instagram.com/p/DUOc-RDjCk2/,"Imagem do Instagram",,Total,18639,11273,205,6,1,18,9
18548954392002151,17841400074692954,paulistao,Paulistão,"Arbitragem escalada para a partida entre Noroeste e Velo Clube.
#EscalaDeArbitragem #PaulistãoCasasBahia",0,"02/01/2026 10:30",https://www.instagram.com/p/DUOWG8VEtq2/,"Imagem do Instagram",,Total,10771,6623,83,2,1,0,0
18098910005498741,17841400074692954,paulistao,Paulistão,"Arbitragem escalada para a partida entre Mirassol e Novorizontino.
#EscalaDeArbitragem #PaulistãoCasasBahia",0,"02/01/2026 09:30",https://www.instagram.com/p/DUOPQVPD-2e/,"Imagem do Instagram",,Total,31296,19300,249,5,0,4,1
18153452671391578,17841467312227297,fpfacademia,"FPF Academia","VOCÊ POR AQUI, FEVEREIRO? 📆
Pois é, o segundo mês do ano já começou, e a gente traz novidades por aqui 👀 Curtiram nosso novo modelo de calendário? 💪

➡️ Arraste para o lado e veja os próximos eventos e datas importantes da @fpfacademia ✅ Mais informações no link da bio 🔗

.
.
.

#FPFAcademia #Calendário #Fevereiro #Cursos #Eventos",0,"02/01/2026 09:20",https://www.instagram.com/p/DUOTU7_EdV8/,"Carrossel do Instagram",,Total,10639,5726,81,6,3,1,0
18325478302217048,17841400074692954,paulistao,Paulistão,"Arbitragem escalada para a partida entre Red Bull Bragantino e São Bernardo.
#EscalaDeArbitragem #PaulistãoCasasBahia",0,"02/01/2026 09:15",https://www.instagram.com/p/DUONhdPEnQc/,"Imagem do Instagram",,Total,19368,11822,145,2,0,2,1
17879733906466111,17841400074692954,paulistao,Paulistão,"MAIS UM COMEÇO!
O Paulistão A4 Rivalo começou com tudo neste fim de semana, com oito partidas movimentando a primeira rodada. E se a gente tá falando de futebol raiz, é claro que a @rivalobrasil está junto nessa jornada!
#PaulistãoA4Rivalo
📷Ag. Paulistão",0,"02/01/2026 07:29",https://www.instagram.com/p/DUOGh24DYOc/,"Carrossel do Instagram",,Total,41551,17706,565,46,8,9,6
18113526706626668,17841426429471156,fpf_oficial,"Federação Paulista de Futebol","PARABÉNS, MOGI MIRIM!
O Mogi Mirim Esporte Clube completa 94 anos de história nesse domingo (1)!
#FPF #Aniversário",0,"02/01/2026 03:00",https://www.instagram.com/p/DUNiprJEvFo/,"Imagem do Instagram",,Total,7079,4211,74,22,7,4,1
18087576413118482,17841426429471156,fpf_oficial,"Federação Paulista de Futebol","PARABÉNS!🎉🥳
O José Bonifácio comemora 65 anos de história neste domingo (1).
#FPF #Aniversário",0,"02/01/2026 02:50",https://www.instagram.com/p/DUNhdm5EkT8/,"Imagem do Instagram",,Total,5345,3225,69,10,1,3,3
18422054542141667,17841400074692954,paulistao,Paulistão,"DOMINGOU!
Dia cheio de Paulistão A2 Rivalo para você assistir!
#PaulistãoA2Rivalo",0,"02/01/2026 02:30",https://www.instagram.com/p/DUNfMJalts9/,"Imagem do Instagram",,Total,16326,9972,177,5,0,4,0
17974986863826199,17841400074692954,paulistao,Paulistão,"PREFIRO ESTAR AQUI...
Acompanhando o Paulistão A3 Rivalo no domingo de manhã 🔥
#PaulistãoA3Rivalo",0,"02/01/2026 01:00",https://www.instagram.com/p/DUNU5T_jdkv/,"Imagem do Instagram",,Total,13396,8690,118,5,2,1,3
17882049309450372,17841400074692954,paulistao,Paulistão,"Um sábado de empates no Paulistão A2 Rivalo.
#PaulistãoA2Rivalo",0,"01/31/2026 16:39",https://www.instagram.com/p/DUMgr8cjKVE/,"Imagem do Instagram",,Total,11798,7305,134,7,0,6,0
18101960878882300,17841400074692954,paulistao,Paulistão,"Seis partidas movimentaram o sábado do Paulistão A3 Rivalo! Vamos aos resultados!
#PaulistãoA3Rivalo",0,"01/31/2026 16:38",https://www.instagram.com/p/DUMgjo6EZZO/,"Imagem do Instagram",,Total,49059,28893,780,10,2,4,9
18121617733564485,17841400074692954,paulistao,Paulistão,"Ponto final na primeira rodada do Paulistão A4 Rivalo!
#PaulistãoA4Rivalo",0,"01/31/2026 16:36",https://www.instagram.com/p/DUMga73DppC/,"Imagem do Instagram",,Total,35206,19769,651,30,4,16,6
18189179674357958,17841400074692954,paulistao,Paulistão,"Arbitragem escalada para a partida entre Primavera e Portuguesa!
#EscalaDeArbitragem #PaulistãoCasasBahia",0,"01/31/2026 12:15",https://www.instagram.com/p/DUL9V7lkhiQ/,"Imagem do Instagram",,Total,14384,8434,150,0,0,3,0
18069379856548852,17841400074692954,paulistao,Paulistão,"Arbitragem escalada para a partida entre São Paulo e Santos!
#EscalaDeArbitragem #PaulistãoCasasBahia",0,"01/31/2026 09:15",https://www.instagram.com/p/DULoumojgPL/,"Imagem do Instagram",,Total,35371,20254,631,20,1,59,7
18088849390870997,17841400074692954,paulistao,Paulistão,"Arbitragem escalada para a partida entre Guarani e Ponte Preta!
#EscalaDeArbitragem #PaulistãoCasasBahia",0,"01/31/2026 07:15",https://www.instagram.com/p/DULbI2LElXK/,"Imagem do Instagram",,Total,28457,17053,288,18,1,4,4
17908269321166634,17841400074692954,paulistao,Paulistão,"SABADÃO DESSE...
Todos os caminhos nos levam aos jogos do #PaulistãoA3Rivalo 🤩",0,"01/31/2026 04:00",https://www.instagram.com/p/DULEutXFjgm/,"Imagem do Instagram",,Total,27328,17725,308,14,3,8,5
18120358738575084,17841400074692954,paulistao,Paulistão,"ABRINDO A RODADA!
Três jogos nesse sábado abrem a 7ª rodada do #PaulistãoA2Rivalo!",0,"01/31/2026 03:30",https://www.instagram.com/p/DULBRddEiPP/,"Imagem do Instagram",,Total,16936,10475,222,4,0,4,2
18373780672082839,17841400074692954,paulistao,Paulistão,"SABADÃO CHEIO! 😮‍💨
Sete jogos fecham a primeira rodada do Paulistão A4 Rivalo.
#PaulistãoA4Rivalo",0,"01/31/2026 03:00",https://www.instagram.com/p/DUK93OHloS9/,"Imagem do Instagram",,Total,22354,14064,313,20,1,5,4
17904608490356267,17841400074692954,paulistao,Paulistão,"FELIZ ANIVERSÁRIO, MULLER! 🥳🏆
O hexacampeão Paulista e campeão do Mundo em 1994, Muller comemora 60 anos neste sábado (31).
#FutebolPaulista #Aniversário",0,"01/31/2026 02:00",https://www.instagram.com/p/DUK29_hDDwU/,"Imagem do Instagram",,Total,23875,14668,566,15,0,37,6
17959949543901150,17841400074692954,paulistao,Paulistão,"CHEGOU O FINAL DE SEMANA...
Então vem mais uma rodada do Paulistão A3 Rivalo 2026 🤩
#PaulistãoA3Rivalo",0,"01/30/2026 16:00",https://www.instagram.com/p/DUJyTGUlspA/,"Imagem do Instagram",,Total,36076,21719,489,23,0,2,3
18552821227058025,17841400074692954,paulistao,Paulistão,"BORA PARA MAIS UMA!
A 7ª rodada do Paulistão A2 Rivalo tá na área!
#PaulistãoA2Rivalo",0,"01/30/2026 15:30",https://www.instagram.com/p/DUJu3LsEhgD/,"Imagem do Instagram",,Total,39686,24495,544,13,0,2,7
18097626356496709,17841400074692954,paulistao,Paulistão,"VEM VOTAR NO CRAQUE DA RODADA!
Quem foi o destaque da 6ª rodada do Paulistão A2 Rivalo? Escolha seu jogador na votação aqui no post!

*A enquete se encerra no sábado (31), às 10h.

#PaulistãoA2Rivalo #CraqueDaRodada",0,"01/30/2026 13:16",https://www.instagram.com/p/DUJjMUKkm3g/,"Imagem do Instagram",,Total,57296,32093,646,323,10,120,5
17938048119000126,17841426196827383,copinha,Copinha,"A COPINHA SIL 2026 FOI DEMAIS!
A maior competição de base do mundo ultrapassou 230 milhões de visualizações nas transmissões e teve crescimento de 40% em 2026!
#CopinhaSil2026",0,"01/30/2026 13:13",https://www.instagram.com/p/DUJkTqHkx7w/,"Imagem do Instagram",,Total,68927,33007,1772,17,0,11,21
18079268057034587,17841400074692954,paulistao,Paulistão,"O ATLETA FAVORITO DOS ÁRBITROS DA FPF!
Fora do futebol, os árbitros do quadro da FPF também encontram esportistas nos quais se inspiram. Vem ver quem são eles!
#FPF #Arbitragem",32,"01/30/2026 13:00",https://www.instagram.com/reel/DUJi6z4lFYS/,"Reel do Instagram",,Total,136024,79983,3394,103,8,116,84
17851721541623323,17841400074692954,paulistao,Paulistão,"FIM DA SEXTA RODADA!
Vem ver como ficou a classificação do Paulistão A2 Rivalo depois de mais uma rodada!
#PaulistãoA2Rivalo",0,"01/30/2026 12:15",https://www.instagram.com/p/DUJYjCuErBK/,"Imagem do Instagram",,Total,92378,50510,1965,36,11,30,20
17989381658763122,17841467312227297,fpfacademia,"FPF Academia","CONFIRMADÍSSIMOS! ✅
Passando pra revelar alguns dos professores que estarão presentes no Workshop de Fotografia 📸 Acesse o link da bio da @fpfacademia e garanta sua inscrição para aprender com essa galera FERA sobre a cobertura fotográfica no futebol 🔗

🚨 Lembrete: Início das aulas on-line em 24/02

.
.
.

#FPFAcademia #Workshop #Fotografia #Futebol #FPF",0,"01/30/2026 09:55",https://www.instagram.com/p/DUJNZEsEdH8/,"Imagem do Instagram",,Total,6857,3532,134,15,5,9,0
18093506764949055,17841400074692954,paulistao,Paulistão,"VAI COMEÇAR O PAULISTÃO A4 RIVALO!
A primeira rodada do #PaulistãoA4Rivalo tá na área! Vem ver os horários e onde assistir aos confrontos 🤩",0,"01/30/2026 03:00",https://www.instagram.com/p/DUIZEyOkvTo/,"Imagem do Instagram",,Total,40222,22096,642,59,3,20,12
17853819258617553,17841400074692954,paulistao,Paulistão,"PARA FECHAR!
Portuguesa Santista e União Suzano fazem o único jogo da quinta-feira pelo #PaulistãoA3Rivalo.",0,"01/29/2026 07:00",https://www.instagram.com/p/DUGPuzkDDE3/,"Imagem do Instagram",,Total,12856,7747,125,2,2,1,2
18084436649271932,17841467312227297,fpfacademia,"FPF Academia","O ALUNO VIROU PROFESSOR! 💪
Presidente do @oficialnovorizontino, Genilson Rocha Santos, fala sobre suas experiências no Curso Master FPF, o principal programa de capacitação da FPF, que busca melhorar a gestão dos clubes de futebol 💼 ⚽

🚨 Lembrando que as inscrições para a 6ª edição do Master FPF estão ABERTAS! Acesse o link da bio da @fpfacademia, saiba mais e faça sua inscrição 🔗

#FPFAcademia #Curso #MasterFPF #Novorizontino #Gestão",44,"01/28/2026 08:00",https://www.instagram.com/reel/DUD2DHNEWga/,"Reel do Instagram",,Total,13888,9274,280,14,12,9,0
18158750887421920,17841429857362439,paulistaof,"Paulistão F","PRÓXIMA PARADA: FINAL!
AS BRABAS DOMINARAM LONDRES E CHEGARAM NA DECISÃO DO MUNDIAL!
#ElasEmCampo",0,"01/28/2026 06:38",https://www.instagram.com/p/DUDtdtbEqQ3/,"Imagem do Instagram",,Total,51615,32038,3094,100,8,40,21
17928367056051331,17841400074692954,paulistao,Paulistão,"A PLAYLIST DA ARBITRAGEM PAULISTA! 🎶
Quais músicas os árbitros da FPF escutam antes dos jogos? 👀 Vem ver quais foram as respostas!
#FPF #Arbitragem",43,"01/28/2026 06:01",https://www.instagram.com/reel/DUDpUdIjXFk/,"Reel do Instagram",,Total,44670,27077,1497,252,6,77,41
18080382680007687,17841400074692954,paulistao,Paulistão,"MAIS UMA!
Um dia cheio de #PaulistãoA2Rivalo para curtir 🤩",0,"01/28/2026 04:00",https://www.instagram.com/p/DUDWWEKEgwp/,"Imagem do Instagram",,Total,19219,11972,270,14,0,6,2
18038021840732969,17841400074692954,paulistao,Paulistão,"DIA CHEIO!
Não vai faltar emoção no Paulistão A3 Rivalo nesta quarta-feira.
#PaulistãoA3Rivalo",0,"01/28/2026 03:00",https://www.instagram.com/p/DUDPfyXkkqS/,"Imagem do Instagram",,Total,35549,22563,385,12,6,5,3
18082010066224519,17841426429471156,fpf_oficial,"Federação Paulista de Futebol","PARABÉNS, AMÉRICA! 🔴⚪️
O @oficialamericasp, comemora 80 anos nesta quarta-feira! #Aniversário",0,"01/28/2026 02:00",https://www.instagram.com/p/DUDImCuksJI/,"Imagem do Instagram",,Total,10091,5765,172,23,1,10,1
18066206666229610,17841426196827383,copinha,Copinha,"NA COLA DELES! 📸
Acompanhamos de pertinho o trabalho dos fotógafos da @fpf_oficial durante a final da @copinha Sil 2026! Vem conferir! 🤩

🔗 Lembrando as vagas estão ABERTAS para a 1ª edição do nosso Worskshop de Fotografia. Inscreva-se pelo link da bio da @fpfacademia e venha aprender com a gente ✅

#FPFAcademia #Workshop #Fotografia #CopinhaSil #FPF",120,"01/27/2026 15:00",https://www.instagram.com/reel/DUCBTDmDVL7/,"Reel do Instagram",,Total,180808,100798,4646,128,13,44,71
18305772319284041,17841400074692954,paulistao,Paulistão,"A SEGUNDA VOLTA!
Vem aí mais uma rodada do #PaulistãoA3Rivalo. Palpites, torcedor? 👀",0,"01/27/2026 14:00",https://www.instagram.com/p/DUB2MTMko1J/,"Imagem do Instagram",,Total,41974,25734,567,34,7,13,7
18032371244769717,17841400074692954,paulistao,Paulistão,"DANIEL DAVI CRAQUE DA 5ª RODADA! ✨
Vocês escolheram o atacante do Ramalhão como Craque da 5ª rodada do Paulistão A2 Rivalo!
#PaulistãoA2Rivalo #CraqueDaRodada",0,"01/27/2026 11:26",https://www.instagram.com/p/DUBpsTHkzS3/,"Imagem do Instagram",,Total,28762,16116,297,33,1,20,2
18121130200562197,17841426429471156,fpf_oficial,"Federação Paulista de Futebol","FOTO DA RODADA ARFOC!
Foto da 5ª Rodada do Paulistão Casas Bahia, registrada pelo @froesfoto!
#FPF #ARFOC",0,"01/27/2026 09:29",https://www.instagram.com/p/DUBcYKLipSq/,"Carrossel do Instagram",,Total,16629,6459,464,12,3,17,6
18068595026397526,17841400074692954,paulistao,Paulistão,"99 ANOS DO FANTASMA! 👻
O estreante do Paulistão Casas Bahia de 2026 comemora 99 anos de história no futebol paulista! 
Parabéns, @ecprimaveraoficial! #Aniversário",0,"01/27/2026 02:00",https://www.instagram.com/p/DUAjzU4ktrm/,"Imagem do Instagram",,Total,49090,27538,1190,12,0,16,7
17880181029452941,17841426429471156,fpf_oficial,"Federação Paulista de Futebol","O edifício Pelé recebeu representantes de clubes e ligas na Assembleia Geral Ordinária da Federação Paulista de Futebol, nessa segunda-feira (26). O presidente da FPF,  Reinaldo Carneiro Bastos destacou a importância do evento, que serve para aprovação das contas de 2025 e planejamento orçamentário de 2026. #FPF",38,"01/26/2026 15:00",https://www.instagram.com/reel/DT_YlTRlP3a/,"Reel do Instagram",,Total,8720,6333,367,10,8,20,2
18089056165847005,17841401002519160,penaltybr,"Penalty Brasil","Quem ama futebol sabe: a Copinha Sil 2026 não é apenas o primeiro campeonato do ano.

É o cenário onde nascem os futuros craques.
É o primeiro contato com nomes que, em breve, vão estampar camisas, lotar estádios e representar clubes por todo o país.

Do outro lado, a Copinha é onde os jovens sentem, pela primeira vez, o peso de um estádio cheio, o olhar da imprensa e a emoção de lutar por um título inesquecível.

Mais do que isso, Copinha é um sonho para muitos, conquistado por poucos.
#futebol #copinhasil2026  #copinha #penalty",180,"01/26/2026 14:25",https://www.instagram.com/reel/DT_Zb4OkppX/,"Reel do Instagram",,Total,37108,25760,1879,61,9,51,0
18418682836186455,17841426429471156,fpf_oficial,"Federação Paulista de Futebol","Presidentes de clubes filiados à Federação Paulista de Futebol comentam os avanços da gestão e destacam o trabalho desenvolvido pelo presidente da FPF, Reinaldo Carneiro Bastos, ao longo dos últimos anos. 
#FPF",64,"01/26/2026 13:40",https://www.instagram.com/reel/DT_UJIqiawz/,"Reel do Instagram",,Total,5650,4219,106,4,1,4,0
18443622598102393,17841426429471156,fpf_oficial,"Federação Paulista de Futebol","A Federação Paulista de Futebol realizou na tarde desta segunda-feira (26) a Assembleia Geral Ordinária para apreciação e votação das contas e do balanço geral das atividades administrativas e financeiras de 2025, além da aprovação da proposta orçamentária para 2026.
As contas de 2025 e o orçamento de 2026 foram aprovados por unanimidade pelos clubes e ligas presentes.
📷 Rodrigo Corsi/Ag. Paulistão",0,"01/26/2026 13:21",https://www.instagram.com/p/DT_R-e4E6SH/,"Carrossel do Instagram",,Total,25890,12660,523,10,15,1,8
18068760515447363,17841400074692954,paulistao,Paulistão,"FIM DA PRIMEIRA RODADA!
Os trabalhos começaram a todo vapor no #PaulistãoA3Rivalo! Vem ver como ficou a tabela de classificação 👀",0,"01/26/2026 13:00",https://www.instagram.com/p/DT_Kj7Rk4Yo/,"Imagem do Instagram",,Total,325036,161187,7841,199,69,54,76
17904288603351350,17841400074692954,paulistao,Paulistão,"VEM VOTAR! 🫵👀
Quem vai ser eleito o Craque da 5ª rodada do Paulistão A2 Rivalo são vocês que decidem! É só votar na enquete desse post até às 14h da terça-feira (27) 😉
#PaulistãoA2Rivalo #CraqueDaRodada",0,"01/26/2026 12:38",https://www.instagram.com/p/DT_NCQxkgy_/,"Imagem do Instagram",,Total,28557,16611,251,65,4,53,4
18069419129172475,17841400074692954,paulistao,Paulistão,"Arbitragem escalada para a partida entre Portuguesa e Guarani!
#EscalaDeArbitragem #PaulistãoCasasBahia",0,"01/26/2026 12:12",https://www.instagram.com/p/DT_KG4cD3c3/,"Imagem do Instagram",,Total,21158,12655,237,7,0,7,3
18191969314341897,17841400074692954,paulistao,Paulistão,"LOCOMOTIVA NA LIDERANÇA!
Com a Ferroviária no topo e o Ituano logo na cola, assim ficou a classificação do Paulistão A2 Rivalo ao final da 5ª rodada!
#PaulistãoA2Rivalo",0,"01/26/2026 12:00",https://www.instagram.com/p/DT_Do8rk6Rp/,"Imagem do Instagram",,Total,174505,93448,4928,166,20,88,44
17894943546253693,17841400074692954,paulistao,Paulistão,"Se liga só no que rolou pela quinta rodada do Paulistão A2 Rivalo!
#PaulistãoA2Rivalo",0,"01/25/2026 16:46",https://www.instagram.com/p/DT9E0LHAIq6/,"Imagem do Instagram",,Total,43504,25502,645,15,2,4,9
18100610776687362,17841426429471156,fpf_oficial,"Federação Paulista de Futebol","DIA DE FINAL! 🏆
Reinaldo Carneiro Bastos, presidente da FPF, marcou presença na final da Copinha SIL 2026, neste domingo (25), na Mercado Livre Arena Pacaembu, ao lado do secretário de esportes da cidade de São Paulo, Rogério Lins, do diretor de competições da CBF, Julio Avellar, do gerente de competições da FMF, Gustavo Tasca, do sócio e presidente da Sil Fios e Cabos, Silvio Barone, e do vice-presidente da FPF, Fernando Soleiro. A comitiva acompanhou a vitória que coroou o Cruzeiro como campeão desta edição. #FPF 
📷 Rodrigo Corsi/Ag. Paulistão",0,"01/25/2026 11:39",https://www.instagram.com/p/DT8hoDdCTBk/,"Carrossel do Instagram",,Total,10615,4795,298,3,1,10,4
18096446552504587,17841400074692954,paulistao,Paulistão,"Arbitragem escalada para a partida entre Velo Clube e Corinthians!
#EscalaDeArbitragem #PaulistãoCasasBahia",0,"01/25/2026 11:30",https://www.instagram.com/p/DT8bc0ZEmbD/,"Imagem do Instagram",,Total,25552,15244,403,19,0,74,7
18085621352147163,17841400074692954,paulistao,Paulistão,"Arbitragem escalada para a partida entre Portuguesa e Guarani!
#EscalaDeArbitragem #PaulistãoCasasBahia",0,"01/25/2026 11:00",https://www.instagram.com/p/DT8YAQUj8hx/,"Imagem do Instagram",,Total,25256,15690,257,15,1,6,2
18092715214993492,17841426196827383,copinha,Copinha,"A visão do presidente da FPF, Reinaldo Carneiro Bastos, premiando os campeões da #CopinhaSicredi2026 🏆🥰",51,"01/25/2026 10:59",https://www.instagram.com/reel/DT8c-aVEcXV/,"Reel do Instagram",,Total,609687,401945,27615,282,81,91,311
18042608678682836,17841400074692954,paulistao,Paulistão,"Arbitragem escalada para a partida entre Novorizontino e Botafogo!
#EscalaDeArbitragem #PaulistãoCasasBahia",0,"01/25/2026 10:40",https://www.instagram.com/p/DT8Vr6lkr2M/,"Imagem do Instagram",,Total,16133,9812,111,5,0,3,0
18312029890266209,17841400074692954,paulistao,Paulistão,"Arbitragem escalada para a partida entre Capivariano e Primavera!
#EscalaDeArbitragem #PaulistãoCasasBahia",0,"01/25/2026 10:00",https://www.instagram.com/p/DT8RIB_jpUi/,"Imagem do Instagram",,Total,18596,10727,166,14,2,2,1
18071512640142874,17841400074692954,paulistao,Paulistão,"Ponto final na primeira rodada do Paulistão A3 Rivalo!
#PaulistãoA3Rivalo",0,"01/25/2026 09:39",https://www.instagram.com/p/DT8T8sdEsMe/,"Imagem do Instagram",,Total,34587,20126,707,15,1,8,3
18562095898005550,17841426196827383,copinha,Copinha,"CRUZEIRO, CRUZEIRO QUERIDO! 🏆
BICAMPEÃO DA COPINHA SIL!
#CopinhaSil2026",0,"01/25/2026 08:04",https://www.instagram.com/p/DT8JDi1kn1q/,"Imagem do Instagram",,Total,1185054,679869,24901,6772,94,702,195
18072050486629723,17841400074692954,paulistao,Paulistão,"VOANDO! 🔥
O Paulistão A3 Rivalo começou com tudo! E é claro que o maior patrocínio coletivo da história do futebol paulista tá com a gente nessa! Vamos juntos, @rivalobrasil!
#PaulistãoA3Rivalo 
📷Agência Paulistão",0,"01/25/2026 06:50",https://www.instagram.com/p/DT8AgNQjXQm/,"Carrossel do Instagram",,Total,111446,53299,1287,64,10,17,17
18070891826138230,17841400074692954,paulistao,Paulistão,"Arbitragem escalada para a partida entre Santos e Red Bull Bragantino!
#EscalaDeArbitragem #PaulistãoCasasBahia",0,"01/25/2026 06:30",https://www.instagram.com/p/DT75GxAD6VG/,"Imagem do Instagram",,Total,27022,15442,485,36,0,19,6
18056722070359446,17841400074692954,paulistao,Paulistão,"JOGO ÚNICO!
Ituano e São Bento encerram a rodada neste domingo.
#PaulistãoA2Rivalo",0,"01/25/2026 04:40",https://www.instagram.com/p/DT7sgAOksct/,"Imagem do Instagram",,Total,12113,7627,124,1,0,1,2
18172781419343057,17841426429471156,fpf_oficial,"Federação Paulista de Futebol","57 ANOS DO JAVALI!
Feliz aniversário para o União Suzano.
#Aniversário",0,"01/25/2026 03:00",https://www.instagram.com/p/DT7hF23Fv9A/,"Imagem do Instagram",,Total,4539,3150,45,6,1,2,1
18137567677483201,17841426429471156,fpf_oficial,"Federação Paulista de Futebol","DIA DA LOCOMOTIVA!
Hoje é dia de celebrar os 95 anos da Santacruzense!
#Aniversário",0,"01/25/2026 02:30",https://www.instagram.com/p/DT7dn1jkr16/,"Imagem do Instagram",,Total,1655,1044,33,1,0,0,2
17991635843866230,17841426429471156,fpf_oficial,"Federação Paulista de Futebol","PARABÉNS, OZ!
O @osascosporting.oz completa 105 anos neste domingo.
#Aniversário",0,"01/25/2026 02:00",https://www.instagram.com/p/DT7aNbUEmOj/,"Imagem do Instagram",,Total,13684,6999,416,26,2,82,9
18062485541289573,17841400074692954,paulistao,Paulistão,"PARA ENCERRAR A RODADA!
Francana e Catanduva se enfrentam nesse domingo pela 1ª rodada do Paulistão A3 Rivalo!
#PaulistãoA3Rivalo",0,"01/25/2026 01:30",https://www.instagram.com/p/DT7WvfSEunB/,"Imagem do Instagram",,Total,10994,6583,114,2,0,1,1
18088611131286250,17841400074692954,paulistao,Paulistão,"PARABÉNS, SÃO PAULO! 👏✨
472 anos da cidade mais Fanática Por Futebol!
#Aniversário #FPF",0,"01/25/2026 01:00",https://www.instagram.com/p/DT7TWl5kqxf/,"Imagem do Instagram",,Total,61670,40669,2380,102,0,24,24
18090193214054428,17841400074692954,paulistao,Paulistão,"TU ÉS FORTE, TU ÉS GRANDE!
O @saopaulofc completa 96 anos de muita história e tradição. Parabéns, Tricolor!
#Aniversário #SãoPaulo",0,"01/24/2026 19:30",https://www.instagram.com/p/DT6twb-DnFW/,"Imagem do Instagram",,Total,93407,52589,5111,247,0,171,53
17865508680477691,17841426196827383,copinha,Copinha,"É DIA DE DECISÃO! 🔥 DIA DE FINAL NA COPINHA SIL 2026! 😮‍💨🏆
Quem será que fica com a taça: Cruzeiro ou São Paulo? 👀 #CopinhaSil",0,"01/24/2026 19:05",https://www.instagram.com/p/DT6qrsrFoue/,"Imagem do Instagram",,Total,229013,125031,8023,437,8,90,50
18386769385196767,17841469685771020,suafotonojogo,"Sua Foto no Jogo","📸 Alô torcedores que vão na final da Copinha, fiquem ligados nos fotógrafos com colete roxo do @suafotonojogo que estarão na Mercado Livre Arena Pacaembu!

Eles vão garantir as suas fotos da decisão e você pode resgatá-las 3h depois do jogo em suafotonojogo.com.br usando reconhecimento facial 📲

E tem 10% de desconto usando o cupom COPINHA10",0,"01/24/2026 10:08",https://www.instagram.com/p/DT5ydbUlMzJ/,"Carrossel do Instagram",,Total,44963,14885,547,27,23,23,0
18081404840220284,17841400074692954,paulistao,Paulistão,"Arbitragem escalada para a partida entre Palmeiras e São Paulo!
#EscalaDeArbitragem #PaulistãoCasasBahia",0,"01/24/2026 08:30",https://www.instagram.com/p/DT5iCp6jzKT/,"Imagem do Instagram",,Total,61923,36460,1427,155,2,203,20
17862807600568874,17841400074692954,paulistao,Paulistão,"Arbitragem escalada para a partida entre Ponte Preta e Noroeste!
#EscalaDeArbitragem #PaulistãoCasasBahia",0,"01/24/2026 07:30",https://www.instagram.com/p/DT5bJfmErmt/,"Imagem do Instagram",,Total,29097,16471,234,10,0,5,0
18030604727586697,17841400074692954,paulistao,Paulistão,"Arbitragem escalada para a partida entre São Bernardo e Mirassol!
#EscalaDeArbitragem #PaulistãoCasasBahia",0,"01/24/2026 06:30",https://www.instagram.com/p/DT5UUcDjMDn/,"Imagem do Instagram",,Total,18351,10840,160,4,0,1,3
18099993157851612,17841400074692954,paulistao,Paulistão,"SÁBADOOOOOU! 
E com o sábado vieram mais jogos do #PaulistãoA3Rivalo! Vem assistir AO VIVO no YouTube do @paulistao 🤩",0,"01/24/2026 03:00",https://www.instagram.com/p/DT48TXZEtFN/,"Imagem do Instagram",,Total,27491,16619,351,9,0,8,3
18315441718268134,17841400074692954,paulistao,Paulistão,"FIM DE RODADA, VOCÊS JÁ SABEM!
Vem escolher o craque da 4ª rodada do Paulistão A2 Rivalo! É só votar aqui no post, lembrando que a enquete se encerra amanhã (24), às 12h.
#PaulistãoA2Rivalo",0,"01/23/2026 12:54",https://www.instagram.com/p/DT3glMgCSGZ/,"Imagem do Instagram",,Total,32455,19064,295,148,6,56,2
17866696344554119,17841400074692954,paulistao,Paulistão,"CHEGOU MAIS UMA!
A quinta volta do Paulistão A2 Rivalo tá na área!
#PaulistãoA2Rivalo",0,"01/23/2026 12:27",https://www.instagram.com/p/DT3db2uk_cg/,"Imagem do Instagram",,Total,19439,11574,446,16,2,2,5
18127778179522832,17841426429471156,fpf_oficial,"Federação Paulista de Futebol","FOTO DA RODADA ARFOC!
Foto da 4ª Rodada do Paulistão Casas Bahia, registrada pelo @pedrozacchi!
#FPF #ARFOC",0,"01/23/2026 12:17",https://www.instagram.com/p/DT3caUtl7gD/,"Carrossel do Instagram",,Total,12102,5750,315,10,2,28,2
18436972723129317,17841400074692954,paulistao,Paulistão,"VAI COMEÇAR O PAULISTÃO A3 RIVALO!
Vem ver as datas e horários dos jogos dessa primeira rodada!
#PaulistãoA3Rivalo",0,"01/23/2026 12:09",https://www.instagram.com/p/DT3be0WgdT5/,"Imagem do Instagram",,Total,46784,26782,880,36,6,14,15
17999166884714993,17841400074692954,paulistao,Paulistão,"Arbitragem escalada para a partida entre Velo Clube e Guarani!
#EscalaDeArbitragem #PaulistãoCasasBahia",0,"01/22/2026 13:30",https://www.instagram.com/p/DT07H2zki0F/,"Imagem do Instagram",,Total,21674,13012,220,32,2,36,3
17881840035356843,17841400074692954,paulistao,Paulistão,"Arbitragem escalada para a partida entre Botafogo e Primavera!
#EscalaDeArbitragem #PaulistãoCasasBahia",0,"01/22/2026 13:00",https://www.instagram.com/p/DT03XR3ExLA/,"Imagem do Instagram",,Total,18384,11106,139,4,0,4,0
18071912726617283,17841400074692954,paulistao,Paulistão,"100% ATUALIZADA!
Com a Locomotiva na liderança, vem conferir como está a classificação do #PaulistãoA2Rivalo 👀",0,"01/22/2026 12:55",https://www.instagram.com/p/DT075tSjQLQ/,"Imagem do Instagram",,Total,188098,108657,3715,146,28,59,30
18124953067539219,17841400074692954,paulistao,Paulistão,"Arbitragem escalada para a partida entre Santos e Corinthians!
#EscalaDeArbitragem #PaulistãoCasasBahia",0,"01/22/2026 12:30",https://www.instagram.com/p/DT0z7H1E4kd/,"Imagem do Instagram",,Total,48893,27573,629,34,1,479,16
18198791980336275,17841400074692954,paulistao,Paulistão,"TODOS TEM GOLEIRO, SÓ NÓS TEMOS ROGÉRIO! 
53 anos do ídolo Tricolor! Parabéns, @rogerioceni 👏
#FPF #Aniversário",0,"01/22/2026 03:00",https://www.instagram.com/p/DTzyteLllSS/,"Imagem do Instagram",,Total,221233,161619,5595,559,16,95,83
17885946285428790,17841400074692954,paulistao,Paulistão,"Quarta rodada do Paulistão A2 Rivalo concluída com sucesso! ✅
#PaulistãoA2Rivalo",0,"01/21/2026 18:48",https://www.instagram.com/p/DTy_lN3DOPJ/,"Imagem do Instagram",,Total,41634,24150,747,16,3,49,12
18040654559721392,17841400074692954,paulistao,Paulistão,"Arbitragem escalada para a partida entre Ponte Preta e São Bernardo!
#EscalaDeArbitragem #PaulistãoCasasBahia",0,"01/21/2026 13:30",https://www.instagram.com/p/DTyWAnHjw0V/,"Imagem do Instagram",,Total,20000,12189,133,8,0,7,4
17909575287299952,17841400074692954,paulistao,Paulistão,"Arbitragem escalada para a partida entre Mirassol e Red Bull Bragantino!
#EscalaDeArbitragem #PaulistãoCasasBahia",0,"01/21/2026 12:30",https://www.instagram.com/p/DTyPcSDE9Z3/,"Imagem do Instagram",,Total,26131,14947,248,4,2,0,1
18085810142275263,17841400074692954,paulistao,Paulistão,"Arbitragem escalada para a partida entre São Paulo e Portuguesa!
#EscalaDeArbitragem #PaulistãoCasasBahia",0,"01/21/2026 11:30",https://www.instagram.com/p/DTyIkwtjJ2-/,"Imagem do Instagram",,Total,40377,23800,629,61,1,24,6
17996624606885283,17841400074692954,paulistao,Paulistão,"O CRAQUE DO MOLEQUE TRAVESSO!
Com 45% dos votos, Elkin Muñoz, do @juventussaf, foi eleito o Craque da 3ª rodada do Paulistão A2 Rivalo!
#PaulistãoA2Rivalo #CraqueDaRodada",0,"01/21/2026 11:10",https://www.instagram.com/p/DTyK_mzk_Gh/,"Imagem do Instagram",,Total,22201,13537,297,10,0,7,2
18092610488493198,17841400074692954,paulistao,Paulistão,"Arbitragem escalada para a partida entre Noroeste e Capivariano!
#EscalaDeArbitragem #PaulistãoCasasBahia",0,"01/21/2026 11:00",https://www.instagram.com/p/DTyFXmFkmsR/,"Imagem do Instagram",,Total,22345,13165,274,7,0,26,1
18008839271821797,17841426429471156,fpf_oficial,"Federação Paulista de Futebol","A Federação Paulista de Futebol firmou parceria com o projeto Sua Foto no Jogo, iniciativa que une fotografia esportiva e tecnologia para eternizar a presença do torcedor nos estádios do Paulistão Casas Bahia 2026. A ação garante fotógrafos profissionais posicionados no entorno dos estádios e nas arquibancadas, registrando os torcedores antes, durante e após as partidas. Saiba mais em futebolpaulista.com.br
#PaulistãoCasasBahia",0,"01/21/2026 07:10",https://www.instagram.com/p/DTxvkPtkrQu/,"Imagem do Instagram",,Total,26004,13897,457,103,20,37,9
18101135749845817,17841400074692954,paulistao,Paulistão,"BORA MAIS UMA!
Você piscou e chegou mais uma rodada do Paulistão A2 Rivalo!
#PaulistãoA2Rivalo",0,"01/21/2026 05:00",https://www.instagram.com/p/DTxbqTqjYzk/,"Imagem do Instagram",,Total,26961,15822,470,9,2,9,8
18105443587687928,17841405688144679,rivalobrasil,"Rivalo Brasil","Melhores desempenhos individuais e coletivos Rivalo em parceria com o @sofascorebr_oficial pela 2ª rodada do Paulista A2 Rivalo 2026! ⚽

O jogador e o seu time do coração brilharam nessa rodada? 🤔

Passe para o lado para conferir tudo! 📊

#PaulistaA2Rivalo #NadaGanhaDaEmoção #Amor #Raizes #Cultura #RivaloSofascore",0,"01/16/2026 14:45",https://www.instagram.com/p/DTlrvOoDlhw/,"Carrossel do Instagram","Ocorreu um erro ao computar métricas.",-,,,,,,,
17997811178720372,17841405688144679,rivalobrasil,"Rivalo Brasil","Seleção Rivalo em parceria com o @sofascorebr_oficial pela 1ª rodada do Paulista A2 Rivalo 2026! ⚽️

Maior Nota: Claudinho, do @interdelimeiraoficial . ⭐️

Obs: Time ideal com base nas Notas Sofascore. 📊

#PaulistaA2Rivalo #NadaGanhaDaEmoção #Amor #Raizes #Cultura #RivaloSofascore",0,"01/14/2026 12:27",https://www.instagram.com/p/DTgSWgQAS3O/,"Imagem do Instagram","Ocorreu um erro ao computar métricas.",-,,,,,,,
18081832958222846,17841400074692954,paulistao,Paulistão,"Arbitragem escalada para a partida entre Novorizontino e Palmeiras!
#EscalaDeArbitragem #PaulistãoCasasBahia",0,"01/20/2026 11:19",https://www.instagram.com/p/DTvnUCiEi4I/,"Imagem do Instagram",,Total,24478,15058,358,11,1,11,5
18399614290125864,17841426429471156,fpf_oficial,"Federação Paulista de Futebol","22 ANOS DO BARCELONA!
Feliz aniversário para o Barcelona Esportivo Capela!
#FPF #Aniversário",0,"01/20/2026 03:00",https://www.instagram.com/p/DTupH4xjXc9/,"Imagem do Instagram",,Total,3853,2401,71,8,2,2,1
17943317970102673,17841400074692954,paulistao,Paulistão,"RECEBA, PAI!
O @luvadepedreiro visitou o Edifício Pelé e conheceu cada detalhe da FPF!
E vem novidade por aí, hein?!👀
#PaulistãoCasasBahia #LuvaDePedreiro",60,"01/19/2026 14:34",https://www.instagram.com/reel/DTtYvFDgc7C/,"Reel do Instagram",,Total,93134,83302,828,69,5,25,5
17955653808058912,17841400074692954,paulistao,Paulistão,"NETUNO NO TOPO!
Mais uma rodada se encerrou no Paulistão A2 Rivalo e assim ficou a tabela de classificação!
#PaulistãoA2Rivalo",0,"01/19/2026 12:00",https://www.instagram.com/p/DTtEXLvkjxD/,"Imagem do Instagram",,Total,293366,154711,7390,225,47,74,80
17914172859260742,17841467312227297,fpfacademia,"FPF Academia","🚨 O MASTER FPF CHEGOU 🚨
As inscrições estão ABERTAS para o principal programa de capacitação da @fpfacademia, em parceria com a @udofutebol e a @laligabusinessschool. A 6º edição do Master FPF 💼 acontecerá entre maio e setembro, com encontros presenciais na @fpf_oficial e aulas-online 📍💻

... E tem mais!

✅ Projetos práticos em grupo
✅ Monitorias especiais
✅ Visita a um clube de futebol
✅ Networking com grandes nomes do mercado

❗ Esta é a oportunidade perfeita para quem deseja desenvolver ainda mais a própria carreira dentro do futebol. Comente 𝗘𝗨 𝗤𝗨𝗘𝗥𝗢 e receba mais informações diretamente na DM. O link de inscrição também está na bio da @fpfacademia 🔗

.
.
.

#FPFAcademia #Curso #MasterFPF #Gestão #Futebol @udofutebol @laligabusinessschool",0,"01/19/2026 12:00",https://www.instagram.com/p/DTtHPAbklfO/,"Imagem do Instagram",,Total,63480,83306,229,33,56,52,0
18090511553512821,17841426429471156,fpf_oficial,"Federação Paulista de Futebol","FOTO DA RODADA ARFOC!
Foto da 3ª Rodada do Paulistão Casas Bahia, registrada pelo @abraaosbs!
#FPF #ARFOC",0,"01/19/2026 09:26",https://www.instagram.com/p/DTs1gJliazt/,"Carrossel do Instagram",,Total,9025,3900,309,16,8,12,3
18103662751754541,17841426429471156,fpf_oficial,"Federação Paulista de Futebol","PARABÉNS, GALO DE LIMEIRA!
O Independente de Limeira completa 82 anos nesta segunda-feira 🥳
#Aniversário",0,"01/19/2026 03:00",https://www.instagram.com/p/DTsEVnjkjUG/,"Imagem do Instagram",,Total,11128,7213,181,26,4,21,3
17911425624279626,17841426196827383,copinha,Copinha,"PROJETO SCOUTS NA COPINHA SIL 2026!
Em seu segundo ano, o Projeto Scouts deu às equipes e atletas ainda mais visibilidade ao longo da competição. A ação visou atender necessidades de mais de 300 scouts e observadores de clubes do Brasil e do Mundo. Os profissionais tiveram acesso aos jogos da Copinha Sil com credenciamento e com espaço delimitado, além de um canal de comunicação direto com a FPF.
#CopinhaSil2026",0,"01/18/2026 16:51",https://www.instagram.com/p/DTrDv8dERc-/,"Carrossel do Instagram",,Total,469310,161911,13415,374,6,34,210
17924145270067345,17841426429471156,fpf_oficial,"Federação Paulista de Futebol","Reinaldo Carneiro Bastos, presidente da Federação Paulista de Futebol, estará presente no programa Mesa Redonda, na TV Gazeta. Ao vivo, a partir das 21h. 
#FPF",0,"01/18/2026 12:41",https://www.instagram.com/p/DTqnFCBj30a/,"Imagem do Instagram",,Total,14379,8871,162,9,3,8,1
17904119562183454,17841400074692954,paulistao,Paulistão,"FIM DE PAPO!
Ponto final na terceira rodada do Paulistão A2 Rivalo!
#PaulistãoA2Rivalo",0,"01/18/2026 10:13",https://www.instagram.com/p/DTqWQv9Enjo/,"Imagem do Instagram",,Total,33963,19903,570,9,0,6,7
17953046763063948,17841400074692954,paulistao,Paulistão,"Arbitragem escalada para a partida entre Guarani e Santos!
#EscalaDeArbitragem #PaulistãoCasasBahia",0,"01/18/2026 09:00",https://www.instagram.com/p/DTqIs-Ujc2J/,"Imagem do Instagram",,Total,27789,17187,346,26,0,7,5
17843271255680893,17841400074692954,paulistao,Paulistão,"Arbitragem escalada para a partida entre Red Bull Bragantino e Botafogo!
#EscalaDeArbitragem #PaulistãoCasasBahia",0,"01/18/2026 08:30",https://www.instagram.com/p/DTqFQeED1oQ/,"Imagem do Instagram",,Total,22821,14060,186,2,0,0,3
17880696528449988,17841400074692954,paulistao,Paulistão,"Arbitragem escalada para a partida entre Corinthians e São Paulo!
#EscalaDeArbitragem #PaulistãoCasasBahia",0,"01/18/2026 07:30",https://www.instagram.com/p/DTp-agoEtKM/,"Imagem do Instagram",,Total,43809,25391,890,39,1,33,10
17851474257619588,17841400074692954,paulistao,Paulistão,"Arbitragem escalada para a partida entre São Bernardo e Noroeste!
#EscalaDeArbitragem #PaulistãoCasasBahia",0,"01/18/2026 07:00",https://www.instagram.com/p/DTp693DjalM/,"Imagem do Instagram",,Total,18359,11151,191,3,0,1,0
18057278588659968,17841400074692954,paulistao,Paulistão,"PARA ENCERRAR OS TRABALHOS!
Fechando a terceira rodada, dois confrontos do #PaulistãoA2Rivalo vão rolar na manhã desse domingo!",0,"01/18/2026 03:00",https://www.instagram.com/p/DTpfhM6Ermh/,"Imagem do Instagram",,Total,14196,8545,184,4,0,1,0
18084142579901012,17841400074692954,paulistao,Paulistão,"SEIS JÁ FORAM!
A bola rolou para seis partidas neste sábado pelo Paulistão A2 Rivalo. Vem conferir os resultados.
#PaulistãoA2Rivalo2026",0,"01/17/2026 17:20",https://www.instagram.com/p/DToiQGjDTe-/,"Imagem do Instagram",,Total,50209,28951,761,15,4,12,4
18107438599734836,17841400074692954,paulistao,Paulistão,"Arbitragem escalada para a partida entre Palmeiras e Mirassol!
#EscalaDeArbitragem #PaulistãoCasasBahia",0,"01/17/2026 12:30",https://www.instagram.com/p/DTn779TAAHH/,"Imagem do Instagram",,Total,30272,17950,384,18,5,48,7
18008368616673108,17841400074692954,paulistao,Paulistão,"Arbitragem escalada para a partida entre Capivariano e Ponte Preta!
#EscalaDeArbitragem #PaulistãoCasasBahia",0,"01/17/2026 09:30",https://www.instagram.com/p/DTnnXdVjG9T/,"Imagem do Instagram",,Total,21638,12518,208,8,0,2,2
18094949729477015,17841400074692954,paulistao,Paulistão,"Arbitragem escalada para a partida entre Portuguesa e Velo Clube!
#EscalaDeArbitragem #PaulistãoCasasBahia",0,"01/17/2026 08:30",https://www.instagram.com/p/DTngdtbkvUV/,"Imagem do Instagram",,Total,24863,14905,235,6,0,0,2
18200131003322361,17841400074692954,paulistao,Paulistão,"Arbitragem escalada para a partida entre Primavera e Novorizontino!
#EscalaDeArbitragem #PaulistãoCasasBahia",0,"01/17/2026 07:30",https://www.instagram.com/p/DTnZmgdjBNq/,"Imagem do Instagram",,Total,16025,9566,178,11,0,0,1
17990882426874256,17841401842579108,diadorabrasil,"Diadora Brasil","A arbitragem também vive o esporte com intensidade.

Os árbitros da @fpf_oficial mantêm uma rotina de treinos tão exigente quanto a dos atletas, em preparação para mais uma temporada do @paulistao.

Onde tem futebol, tem diadora Brasil",17,"01/17/2026 07:00",https://www.instagram.com/reel/DTnbWAVEaaI/,"Reel do Instagram",,Total,10313,7631,310,13,19,0,0
18110937229714680,17841400074692954,paulistao,Paulistão,"AVISA QUE É ELE!
Com 44% dos votos, @luketa99, do @fcsertaozinho, foi escolhido pela galera em votação feita no nosso perfil, como o Craque da 2ª do Paulistão A2 Rivalo!
#CraqueDaRodada #PaulistãoA2Rivalo",0,"01/17/2026 05:10",https://www.instagram.com/p/DTnMa05kq5d/,"Imagem do Instagram",,Total,33270,18127,545,22,3,26,4
18002455976702487,17841400074692954,paulistao,Paulistão,"SABADOU NO PAULISTÃO A2 RIVALO!
Seis jogos abrem a terceira rodada!
#PaulistãoA2Rivalo",0,"01/17/2026 04:00",https://www.instagram.com/p/DTnBlzwjZt7/,"Imagem do Instagram",,Total,26589,15986,493,9,0,3,8
18378753889158621,17841400074692954,paulistao,Paulistão,"A 3ª RODADA TÁ NA ÁREA!
Vem conferir os horários e as transmissões dessa etapa do Paulistão A2 Rivalo!
#PaulistãoA2Rivalo",0,"01/16/2026 15:05",https://www.instagram.com/p/DTluAekDTdR/,"Imagem do Instagram",,Total,26681,15851,520,13,3,6,8
18055802876347771,17841400074692954,paulistao,Paulistão,"DOIS GOLAÇOS!
Lucas Rodrigues e Albano estavam com a pontaria afiada e marcaram dois lindos gols para a Ferroviária no Paulistão A2 Rivalo!
#PaulistãoA2Rivalo",33,"01/16/2026 12:00",https://www.instagram.com/reel/DTlUAuNDq2R/,"Reel do Instagram",,Total,23884,16554,293,0,0,4,3
17931004020171990,17841426429471156,fpf_oficial,"Federação Paulista de Futebol","FOTO DA RODADA ARFOC!
Foto da 2ª Rodada do Paulistão Casas Bahia, registrada pelo @tiagodiasfotografia!
#FPF #ARFOC",0,"01/16/2026 09:31",https://www.instagram.com/p/DTlHwd9k_md/,"Carrossel do Instagram",,Total,17333,7987,320,34,3,17,4
18379355155157059,17841400074692954,paulistao,Paulistão,"QUEM FOI O CRAQUE DA 2ª RODADA?
A votação está aberta aqui no post para você escolher quem foi o destaque da 2ª rodada do Paulistão A2 Rivalo! A enquete se encerra amanhã (16), às 10h!
#PaulistãoA2Rivalo",0,"01/16/2026 06:06",https://www.instagram.com/p/DTkwWFjjYmC/,"Imagem do Instagram",,Total,39884,22137,380,102,5,90,1
18129128218518779,17841426196827383,copinha,Copinha,"A Federação Paulista de Futebol lamenta profundamente o acidente envolvendo o ônibus da delegação do Águia de Marabá na noite desta quinta-feira, 15 de janeiro, que vitimou Hecton Alves, preparador físico da equipe paraense que retornava de sua participação na Copinha Sil 2026

Desejamos também pronta recuperação ao técnico Renan Tyezer, que está hospitalizado.

Em todas as partidas da Copinha Sil 2026 será respeitado um minuto de silêncio, além da próxima rodada do Paulistão Casas Bahia. 

#FutebolPaulista #CopinhaSil2026",0,"01/15/2026 17:17",https://www.instagram.com/p/DTjYXbTiQ0W/,"Imagem do Instagram",,Total,606434,308994,14365,1412,69,389,132
17997894248856057,17841400074692954,paulistao,Paulistão,"Arbitragem escalada para a partida entre São Paulo e São Bernardo!
#EscalaDeArbitragem #PaulistãoCasasBahia",0,"01/15/2026 13:30",https://www.instagram.com/p/DTi5O_zkqyB/,"Imagem do Instagram",,Total,31707,18688,414,10,2,5,6
17909042685314915,17841401842579108,diadorabrasil,"Diadora Brasil","A @diadorabrasil acompanhou de perto o treino e o media day de pré-temporada dos árbitros da @fpf_oficial, uma etapa fundamental na preparação para o Campeonato Paulista.

Conversamos com os árbitros para entender, na prática, como eles percebem os treinamentos, os desafios físicos e descobrir algumas curiosidades sobre essa função que é peça-chave dentro de campo.",89,"01/15/2026 13:00",https://www.instagram.com/reel/DTi67WMjRaq/,"Reel do Instagram",,Total,17640,13060,351,29,8,5,0
17880984756444199,17841426429471156,fpf_oficial,"Federação Paulista de Futebol","DIA DE VISITA À LALIGA! 🇪🇸
Reinaldo Carneiro Bastos, presidente da FPF, esteve nesta quinta-feira (15), na sede da LALIGA. A visita faz parte de uma viagem a convite do presidente da CBF, Samir Xaud, junto a uma comitiva formada por presidentes de clubes e federações, com o objetivo de aprofundar conhecimentos em gestão esportiva. #FPF",0,"01/15/2026 12:26",https://www.instagram.com/p/DTi3FVTElBy/,"Imagem do Instagram",,Total,7190,4211,123,5,0,1,4
17892281631400794,17841400074692954,paulistao,Paulistão,"FIM DA SEGUNDA RODADA! ✅
O Paulistão A2 Rivalo acabou de começar e já está cheio de emoções... Como seu time está na tabela, torcedor?
#PaulistãoA2Rivalo",0,"01/15/2026 11:40",https://www.instagram.com/p/DTisvcwjDGB/,"Imagem do Instagram",,Total,238131,127781,6304,311,62,67,57
18087606812035635,17841400074692954,paulistao,Paulistão,"Arbitragem escalada para a partida entre Red Bull Bragantino e Corinthians!
#EscalaDeArbitragem #PaulistãoCasasBahia",0,"01/15/2026 11:15",https://www.instagram.com/p/DTipy4dk4HO/,"Imagem do Instagram",,Total,21752,13035,342,12,0,9,7
17906331789336333,17841400074692954,paulistao,Paulistão,"Arbitragem escalada para a partida entre Botafogo e Noroeste!
#EscalaDeArbitragem #PaulistãoCasasBahia",0,"01/15/2026 10:30",https://www.instagram.com/p/DTikmxXkrxv/,"Imagem do Instagram",,Total,23839,13916,224,7,1,7,0
18120971341493672,17841400074692954,paulistao,Paulistão,"APITA O ÁRBITRO!
É ponto final na segunda rodada do Paulistão A2 Rivalo! Vamos aos resultados!
#PaulistãoA2Rivalo",0,"01/14/2026 17:44",https://www.instagram.com/p/DTg2mt0D6SR/,"Imagem do Instagram",,Total,77970,42714,1920,89,34,40,17
18009654398666444,17841400074692954,paulistao,Paulistão,"O CRAQUE DA 1ª RODADA DO PAULISTÃO A2 RIVALO!
Gabriel Félix fechou o gol e foi eleito com 54% dos votos no Instagram do @paulistao! 
#CraqueDaRodada #PaulistãoA2Rivalo",0,"01/14/2026 12:00",https://www.instagram.com/p/DTgPP7fkvvR/,"Imagem do Instagram",,Total,22046,13209,234,14,3,9,1
18102650239795061,17841400074692954,paulistao,Paulistão,"Arbitragem escalada para a partida entre Ponte Preta e Velo Clube!
#EscalaDeArbitragem #PaulistãoCasasBahia",0,"01/14/2026 11:00",https://www.instagram.com/p/DTgDRosE75i/,"Imagem do Instagram",,Total,23402,13418,233,21,3,4,2
18124361557480938,17841400074692954,paulistao,Paulistão,"Arbitragem escalada para a partida entre Palmeiras e Santos!
#EscalaDeArbitragem #PaulistãoCasasBahia",0,"01/14/2026 10:15",https://www.instagram.com/p/DTgAfqoE34z/,"Imagem do Instagram",,Total,28499,17137,500,77,0,29,9
17910369957294733,17841426429471156,fpf_oficial,"Federação Paulista de Futebol","Visita à Real Federación Española de Fútbol 🇪🇸⚽
O presidente da FPF, Reinaldo Carneiro Bastos, a convite do presidente da CBF, Samir Xaud, está em uma imersão internacional promovida pela CBF, com o objetivo de conhecer de perto a gestão dos clubes, a organização das competições, o desenvolvimento das categorias de base e a estrutura administrativa das federações internacionais.
Nesta etapa, a comitiva visitou a Federação Espanhola de Futebol, onde puderam aprender mais sobre a estrutura e filosofia de trabalho da entidade.
#FPF #FutebolPaulista",0,"01/14/2026 10:03",https://www.instagram.com/p/DTgB67rifSr/,"Imagem do Instagram",,Total,7848,4349,124,4,0,0,0
18104081896704810,17841400074692954,paulistao,Paulistão,"Arbitragem escalada para a partida entre Primavera e Mirassol!
#EscalaDeArbitragem #PaulistãoCasasBahia",0,"01/14/2026 09:48",https://www.instagram.com/p/DTgAIXhksPK/,"Imagem do Instagram",,Total,16412,9380,233,6,1,4,3
18435831559108325,17841400074692954,paulistao,Paulistão,"BORA PARA A SEGUNDA RODADA!
São oito jogos para você assistir nessa segunda rodada do Paulistão A2 Rivalo! Para quem vai sua torcida?
#PaulistãoA2Rivalo",0,"01/14/2026 04:00",https://www.instagram.com/p/DTfTOsykoB1/,"Imagem do Instagram",,Total,32906,19857,725,25,1,8,9
18112173955625944,17841400074692954,paulistao,Paulistão,"FPF 🤝🏼 RIVALO
Os clubes do Paulistão A2 Rivalo devidamente trajados celebrando uma parceria histórica entre Federação Paulista de Futebol e Rivalo, no contrato do maior patrocínio coletivo da história do futebol paulista!
#PaulistãoA2Rivalo 
📷Agência Paulistão",0,"01/13/2026 11:23",https://www.instagram.com/p/DTdmP5iESKU/,"Carrossel do Instagram",,Total,64722,28782,1284,43,1,33,25
17849061363601482,17841400074692954,paulistao,Paulistão,"Arbitragem escalada para a partida entre Capivariano e Portuguesa!
#EscalaDeArbitragem #PaulistãoCasasBahia",0,"01/13/2026 10:30",https://www.instagram.com/p/DTdbA-bEhq-/,"Imagem do Instagram",,Total,20615,12259,231,7,0,14,0
18079082657001837,17841400074692954,paulistao,Paulistão,"VOTE NO CRAQUE DA 1ª RODADA DO PAULISTÃO A2 RIVALO!
Elvis, Gabriel Félix, Paulinho e Xavier estão disputando. Vote nos comentários!
#CraqueDaRodada #PaulistãoA2Rivalo

*Enquete encerra no dia 14/01 às 10h",0,"01/13/2026 10:21",https://www.instagram.com/p/DTdfKfkEWiI/,"Imagem do Instagram",,Total,47198,27540,469,54,10,90,1
18339057853235040,17841400074692954,paulistao,Paulistão,"Arbitragem escalada para a partida entre Novorizontino e Guarani!
#EscalaDeArbitragem #PaulistãoCasasBahia",0,"01/13/2026 09:16",https://www.instagram.com/p/DTdXrxQkyMz/,"Imagem do Instagram",,Total,24386,14239,311,16,3,6,0
17921584500227283,17841400074692954,paulistao,Paulistão,"PARABÉNS PARA O TETRACAMPEÃO MUNDIAL!
Feliz aniversário, Gilmar Rinaldi!
#FPF #Aniversário",0,"01/13/2026 02:00",https://www.instagram.com/p/DTcgq7nkpOq/,"Imagem do Instagram",,Total,25060,15878,239,8,0,3,7
18088843280085659,17841426429471156,fpf_oficial,"Federação Paulista de Futebol","PARCERIA FIRMADA! ✅
A Rivalo chega como patrocinadora de 46 clubes do Futebol Paulista, além dos naming rights das Séries A2, A3, A4 e Copa Paulista em 2026. 
#FPF
📷Rodrigo Corsi/ Ag. Paulistão",0,"01/12/2026 14:18",https://www.instagram.com/p/DTbVYEvEpEh/,"Carrossel do Instagram",,Total,27676,11814,695,13,2,14,3
18180789991366597,17841426429471156,fpf_oficial,"Federação Paulista de Futebol","FPF 🤝 RIVALO
Os representantes dos 46 clubes que contarão com a Rivalo como patrocinadora oficial na temporada 2026 foram recebidos, nesta segunda-feira (12), no Edifício Pelé, para a cerimônia oficial de assinatura do acordo. Além do patrocínio, a Rivalo passa a ter os naming rights das séries A2, A3, A4 e Copa Paulista. #FPF",80,"01/12/2026 14:10",https://www.instagram.com/reel/DTbUY6aidkE/,"Reel do Instagram",,Total,11297,8969,111,13,2,5,1
17907418269301679,17841426429471156,fpf_oficial,"Federação Paulista de Futebol","FOTO DA RODADA ARFOC!
Foto da 1ª Rodada do Paulistão Casas Bahia, registrada pelo @monteirofoto!
#FPF #ARFOC",0,"01/12/2026 12:13",https://www.instagram.com/p/DTbHNWLiRCA/,"Carrossel do Instagram",,Total,88210,35778,3617,36,39,35,25
18051045506459547,17841467312227297,fpfacademia,"FPF Academia","🚨 INSCREVA-SE JÁ! 🚨
Após o sucesso da primeira edição, o Curso Gestão de Categorias de Base retorna ao calendário da @fpfacademia. Se você já atua ou deseja atuar na formação de jovens atletas, não perca a chance de se capacitar ainda mais! ✅

Comente 𝗚𝗘𝗦𝗧𝗔̃𝗢 𝗗𝗘 𝗕𝗔𝗦𝗘 e receba mais informações diretamente em sua DM sobre o curso 📩 O formulário de inscrição também tá no link da bio da @fpfacademia 🔗

.
.
.

#FPFAcademia #Curso #GestãoDeBase #Futebol #FPF",0,"01/12/2026 09:10",https://www.instagram.com/p/DTayNesEcT7/,"Imagem do Instagram",,Total,36159,91313,294,34,63,95,0
18113626954612419,17841400074692954,paulistao,Paulistão,"58 ANOS DO MAURO SILVA! 🥳🏆
Vice-presidente da Federação Paulista de Futebol e
campeão do Mundo com a Seleção Brasileira em 1994,
o tetracampeão comemora mais um ano de vida nesta segunda-feira (12)! Parabéns, @maurosilvaofficial!
#FutebolPaulista #Aniversário #MauroSilva",0,"01/12/2026 02:00",https://www.instagram.com/p/DTZ74O2ktQC/,"Imagem do Instagram",,Total,37202,22451,1029,14,2,73,9
18374163109085033,17841400074692954,paulistao,Paulistão,"Arbitragem escalada para a partida entre Mirassol e São Paulo!
#EscalaDeArbitragem #PaulistãoCasasBahia",0,"01/11/2026 12:30",https://www.instagram.com/p/DTYffqKkttE/,"Imagem do Instagram",,Total,34780,18379,411,21,3,20,9
18109884217713901,17841400074692954,paulistao,Paulistão,"Arbitragem escalada para a partida entre Noroeste e Red Bull Bragantino!
#EscalaDeArbitragem #PaulistãoCasasBahia",0,"01/11/2026 10:15",https://www.instagram.com/p/DTYPuXpk3n-/,"Imagem do Instagram",,Total,27445,15846,206,8,1,10,3
18158117182414732,17841400074692954,paulistao,Paulistão,"QUE JOGAÇO!
Juventus e Santo André começaram o Paulistão A2 Rivalo daquele jeito!
#PaulistãoA2Rivalo2026 
🎥@metropolesesportes",85,"01/11/2026 09:33",https://www.instagram.com/reel/DTYP817DrMx/,"Reel do Instagram",,Total,87100,53804,2516,239,14,38,46
18126370021531826,17841400074692954,paulistao,Paulistão,"Arbitragem escalada para a partida entre Velo Clube e Botafogo!
#EscalaDeArbitragem #PaulistãoCasasBahia",0,"01/11/2026 09:00",https://www.instagram.com/p/DTYHIb1DXgj/,"Imagem do Instagram",,Total,52146,30636,288,13,1,4,4
18076330640197298,17841400074692954,paulistao,Paulistão,"Arbitragem escalada para a partida entre Corinthians e Ponte Preta!
#EscalaDeArbitragem #PaulistãoCasasBahia",0,"01/11/2026 08:30",https://www.instagram.com/p/DTYDsFkjWZG/,"Imagem do Instagram",,Total,45445,25705,732,105,6,47,14
18005550221681702,17841400074692954,paulistao,Paulistão,"Rodada completa no Paulistão A2 Rivalo 2026!
#PaulistãoA2Rivalo2026",0,"01/11/2026 08:00",https://www.instagram.com/p/DTYFUPkEsFC/,"Imagem do Instagram",,Total,38607,21765,818,18,3,18,9
18026549027602133,17841400074692954,paulistao,Paulistão,"E lá se foi a primeira rodada do Paulistão A2 Rivalo 2026! Confira os que aconteceu nos jogos deste domingo.
#PaulistãoA2Rivalo2026",0,"01/11/2026 07:59",https://www.instagram.com/p/DTYFPV_D1lf/,"Carrossel do Instagram",,Total,60259,26150,1452,65,9,19,9
18117156499595532,17841400074692954,paulistao,Paulistão,"FELIZ ANIVERSÁRIO, GÉRSON! 🎉
O nosso Canhotinha de Ouro, campeão mundial com a Seleção Brasileira e bicampeão Paulista pelo São Paulo, completa 85 anos neste domingo (11)!
#FutebolPaulista #Aniversário",0,"01/11/2026 02:30",https://www.instagram.com/p/DTXafgggHu3/,"Imagem do Instagram",,Total,19223,10829,192,0,0,4,2
18115635790610428,17841400074692954,paulistao,Paulistão,"PARA FECHAR!
A primeira rodada do Paulistão A2 Rivalo 2026 termina neste domigo. Vem conferir os confrontos 👀
#PaulistãoA2Rivalo2026",0,"01/11/2026 02:00",https://www.instagram.com/p/DTXXFLaEh0f/,"Imagem do Instagram",,Total,28665,15584,571,11,6,3,4
18095432944926650,17841400074692954,paulistao,Paulistão,"Ponto final em mais um dia de Paulistão A2 Rivalo 2026!
#PaulistãoA2Rivalo2026",0,"01/10/2026 16:25",https://www.instagram.com/p/DTWadxIEt1T/,"Carrossel do Instagram",,Total,68127,30555,1253,29,1,16,5
18090765707506964,17841400074692954,paulistao,Paulistão,"Arbitragem escalada para a partida entre Portuguesa e Palmeiras!
#EscalaDeArbitragem #PaulistãoCasasBahia",0,"01/10/2026 12:30",https://www.instagram.com/p/DTV6ZGvD9lW/,"Imagem do Instagram",,Total,33583,19171,449,9,3,11,5
18005024840835517,17841400074692954,paulistao,Paulistão,"Arbitragem escalada para a partida entre Guarani e Primavera!
#EscalaDeArbitragem #PaulistãoCasasBahia",0,"01/10/2026 10:30",https://www.instagram.com/p/DTVspcoE7yg/,"Imagem do Instagram",,Total,31900,16597,322,23,4,13,10
18033449843765291,17841400074692954,paulistao,Paulistão,"O NOVO PACOTE GRÁFICO DO PAULISTÃO CASAS BAHIA ESTÁ ABSOLUTE CINEMA!!!!
😍😍😍😍😍😍😍😍😍😍😍",39,"01/10/2026 08:20",https://www.instagram.com/reel/DTVizRPjTlj/,"Reel do Instagram",,Total,86343,53481,7238,847,26,106,298
18519835306068772,17841400074692954,paulistao,Paulistão,"Arbitragem escalada para a partida entre Santos e Novorizontino!
#EscalaDeArbitragem #PaulistãoCasasBahia",0,"01/10/2026 08:00",https://www.instagram.com/p/DTVbgHDkn9y/,"Imagem do Instagram",,Total,54370,30166,810,39,8,7,6
18116744128586310,17841400074692954,paulistao,Paulistão,"Arbitragem escalada para a partida entre São Bernardo e Capivariano!
#EscalaDeArbitragem #PaulistãoCasasBahia",0,"01/10/2026 07:30",https://www.instagram.com/p/DTVYDF-EqWO/,"Imagem do Instagram",,Total,28956,15726,356,46,6,8,3
18100625218844364,17841401002519160,penaltybr,"Penalty Brasil","Todo mundo sabe: se o assunto é revelar talento, a Copinha Sil 2026 é o palco.

É ali que nasce craque, que a bola fala mais alto.

E pra identificar quem tem algo diferente no pé, a gente tem ele: nosso olheiro, especialista em habilidades futebolísticas, @santucci_rafa 

Pode anotar aí: o De Olho no Craque 2026 já começou e nenhum talento vai passar batido. 👀🔥⚽

#CopinhaSil2026 #Penalty #deolhonocraque",168,"01/10/2026 07:20",https://www.instagram.com/reel/DTVbsvGDoqN/,"Reel do Instagram",,Total,26736,21971,567,106,14,50,0
18103456903814326,17841400074692954,paulistao,Paulistão,"MAIS TRÊS 🔥
Bora conferir o bonde que anima a noite de sábado no #PaulistãoA2Rivalo2026!",0,"01/10/2026 06:00",https://www.instagram.com/p/DTVNwsTkr13/,"Imagem do Instagram",,Total,29637,17142,322,13,3,3,2
18065094788216761,17841400074692954,paulistao,Paulistão,"PARABÉNS, ZETTI! 🧤🥳
O ex-goleiro, campeão do Mundo e bicampeão Paulista
com o São Paulo, comemora 61 anos de vida
nesse sábado (10).
#Aniversário #Zetti",0,"01/10/2026 02:00",https://www.instagram.com/p/DTUyS7pkkOC/,"Imagem do Instagram",,Total,29191,16203,598,12,0,16,10
18088909322316754,17841400074692954,paulistao,Paulistão,"SEM GOLS!
Na abertura do Paulistão A2 Rivalo 2026, Osasco Sporting e Ferroviária ficam no empate.
#PaulistãoA2Rivalo2026
📷 Ronaldo Barreto/Ag. Paulistão",0,"01/09/2026 17:08",https://www.instagram.com/p/DTT6iNzjDlq/,"Carrossel do Instagram",,Total,73327,30892,1139,62,1,11,8
17973321203825268,17841426429471156,fpf_oficial,"Federação Paulista de Futebol","TUDO PRONTO!
Árbitros e assistentes terminaram os trabalhos na pré-temporada da arbitragem em 2026! Vem conferir tudo que rolou nesses últimos dias em Itu. 
#Arbitragem",82,"01/09/2026 16:38",https://www.instagram.com/reel/DTT3CFpiSmQ/,"Reel do Instagram",,Total,7457,4837,206,20,1,6,10
18122243056483747,17841426429471156,fpf_oficial,"Federação Paulista de Futebol","O presidente da Federação Paulista de Futebol, Reinaldo Carneiro Bastos, está em Londres, a convite do presidente da CBF, Samir Xaud, participando de uma imersão na Premier League para conhecer boas práticas em arbitragem, gestão de clubes e estrutura do futebol! #FPF",0,"01/09/2026 15:10",https://www.instagram.com/p/DTTs-ZCDOjm/,"Carrossel do Instagram",,Total,20681,8956,545,20,7,6,8
18070773779632878,17841426429471156,fpf_oficial,"Federação Paulista de Futebol","QUE COMECEM OS JOGOS! ⚽️
A pré-temporada da arbitragem paulista em Itu chegou ao fim. Com treinos intensos e orientação de instrutores FIFA, o quadro de árbitros da FPF está pronto para a próxima temporada! #FPF #ArbitragemPaulista
📷Rodrigo Corsi/ Ag. Paulistão",0,"01/09/2026 14:33",https://www.instagram.com/p/DTTo0jyiaD2/,"Carrossel do Instagram",,Total,18547,8173,502,25,6,9,7
18036387977747248,17841426429471156,fpf_oficial,"Federação Paulista de Futebol","ENCONTRO NA FPF! 📍
O Edifício Pelé, sede da @fpf_oficial, recebeu nesta sexta-feira (9) a primeira edição do Meeting Copinha Scouts, um encontro que reuniu profissionais para uma troca de ideias sobre processos e estratégias na observação de talentos e algumas práticas adotadas durante a @copinha Sil 2026 🔎 ⚽
#FPF #CopinhaSil2026 #FPFAcademia
📷 Diego Soares/Ag. Paulistão",0,"01/09/2026 14:11",https://www.instagram.com/p/DTTmStfCeif/,"Carrossel do Instagram",,Total,16594,8206,257,24,2,7,6
18034370234741870,17841400074692954,paulistao,Paulistão,"TÁ CHEGANDO A HORA... ⏰😮‍💨
Confira todos os jogos e onde assistir à 1ª rodada do Paulistão Casas Bahia! Quem mais tá ansioso por aí? É AMANHÃ! 🥹 #PaulistãoCasasBahia2026",0,"01/09/2026 14:00",https://www.instagram.com/p/DTTf28qCX5U/,"Imagem do Instagram",,Total,326302,170559,5178,335,72,94,111
18138517390465637,17841400074692954,paulistao,Paulistão,"O Multiball do Paulistão Casas Bahia é o mais fofo e eu posso provar! 😍🐶
@pedigreebr arrasou demais!!
#Multiball #Pedigree",0,"01/09/2026 12:28",https://www.instagram.com/p/DTTajPkkjX_/,"Carrossel do Instagram",,Total,46382,20737,925,114,4,36,15
18035478926742529,17841426429471156,fpf_oficial,"Federação Paulista de Futebol","A @bebidascristalins agora é a água oficial do Futebol Paulista!",0,"01/09/2026 12:01",https://www.instagram.com/p/DTTXaXVCQcC/,"Imagem do Instagram",,Total,7775,4340,164,55,4,9,4
17909257917146739,17841426429471156,fpf_oficial,"Federação Paulista de Futebol","DIA DE ENCERRAMENTO! 
Mauro Silva, vice-presidente da FPF, esteve em Itu para acompanhar o encerramento da pré-temporada da arbitragem paulista, nesta sexta-feira (9). Com o fim das atividades, os árbitros do quadro da FPF concluem a preparação e estão prontos para as competições de 2026. #FPF #ArbitragemPaulista",43,"01/09/2026 10:30",https://www.instagram.com/reel/DTTM73bCckX/,"Reel do Instagram",,Total,9764,6312,350,11,2,4,7
17948083674065443,17841400074692954,paulistao,Paulistão,"VAI COMEÇAR O PAULISTÃO A2 RIVALO! 😮‍💨🔥
Chegou o grande dia! 🥰 
#PaulistãoA2Rivalo",0,"01/09/2026 07:18",https://www.instagram.com/p/DTS2_lHF-A_/,"Imagem do Instagram",,Total,26795,14055,751,11,1,7,9
18092189552055143,17841400074692954,paulistao,Paulistão,"📸🎥 POR TRÁS DAS CÂMERAS!
 A equipe de arbitragem da Federação Paulista de Futebol se reuniu na pré-temporada para o Media Day do Paulistão Casas Bahia! Ah, e muito bem trajados de @diadorabrasil!
#Arbitragem #FPF",39,"01/09/2026 06:00",https://www.instagram.com/reel/DTSpOj4DXci/,"Reel do Instagram",,Total,50034,32940,1060,80,17,84,27
17895395424385348,17841426429471156,fpf_oficial,"Federação Paulista de Futebol","40 ANOS DO AUDAX!
Feliz aniversário, @osascoaudax!
#FPF #Aniversário",0,"01/09/2026 05:49",https://www.instagram.com/p/DTSs4z9j5go/,"Imagem do Instagram",,Total,5521,3081,182,8,3,3,3
18066465581407232,17841400074692954,paulistao,Paulistão,"PARA COMEÇAR!
Osasco Sporting e Ferroviária fazem o primeiro jogo do Paulistão A Rivalo 2026!
#PaulistãoA2Rivalo2026",0,"01/09/2026 04:00",https://www.instagram.com/p/DTSbPiJkhGJ/,"Imagem do Instagram",,Total,26964,14012,324,5,0,11,3
18119966506498640,17841400074692954,paulistao,Paulistão,"CHEGOU O DIA!
O Paulistão A2 Rivalo 2026 vai começar! Bora conferir conferir os confrontos da primeira rodada para não perder nada 🤩
#PaulistãoA2Rivalo2026",0,"01/08/2026 14:00",https://www.instagram.com/p/DTQ7GQtEhRT/,"Imagem do Instagram",,Total,66853,35263,1588,65,34,25,31
18546332476030045,17841400074692954,paulistao,Paulistão,"VEM AÍ O PAULISTÃO CASAS BAHIA 2026... 👀🏆🌟
Preparados para a competição mais importante do primeiro semestre?
#PaulistãoCasasBahia2026",20,"01/08/2026 13:24",https://www.instagram.com/reel/DTQ8CNlEjJC/,"Reel do Instagram",,Total,149725,97006,8706,791,165,229,265
18082682752922445,17841400074692954,paulistao,Paulistão,"POV: você está fotografando os árbitros do #PaulistãoCasasBahia2026! 📷🤩",38,"01/08/2026 12:30",https://www.instagram.com/reel/DTQzWtvD9E0/,"Reel do Instagram",,Total,28083,20130,442,14,1,9,17
18031600094575217,17841400074692954,paulistao,Paulistão,"PRÉ-TEMPORADA DA ARBITRAGEM PAULISTA ✅✨
Vem ver um pouco de como ficaram as fotos dos árbitros do quadro da FPF para o Paulistão Casas Bahia 2026!
#PaulistãoCasasBahia2026
📷Rodrigo Corsi/Ag.Paulistão",0,"01/08/2026 11:34",https://www.instagram.com/p/DTQvlipkd6I/,"Carrossel do Instagram",,Total,123331,54613,2282,76,15,181,34
17876826117464562,17841400074692954,paulistao,Paulistão,"O time FIFA da arbitragem da Federação Paulista de Futebol está pronto para o Paulistão Casas
Bahia!
#FPF #Arbitragem #FIFA
📷 Rodrigo Corsi/Ag. Paulistão",0,"01/08/2026 10:15",https://www.instagram.com/p/DTQmgqJEYnr/,"Imagem do Instagram",,Total,686369,350946,21992,4103,75,4279,360
18096173300309018,17841400074692954,paulistao,Paulistão,"DIA DO MASSA BRUTA!
O Red Bull Bragantino completa 98 anos de muita história e tradição nesta quinta-feira (8). Parabéns!
#Aniversário",0,"01/08/2026 02:00",https://www.instagram.com/p/DTPos8LklDv/,"Imagem do Instagram",,Total,97430,57102,1491,77,4,73,16
17883610227327240,17841426196827383,copinha,Copinha,"O MILHÃO CHEGOU 1️⃣🌽
Agora a Copinha Sil 2026 ficou milionária! Obrigado a todos os seguidores da Maior Competição de Base do Mundo 🥳
#CopinhaSil2026",10,"01/07/2026 13:16",https://www.instagram.com/reel/DTOWWJokf3q/,"Reel do Instagram",,Total,148094,118782,1367,19,42,56,11
17849253885621220,17841467312227297,fpfacademia,"FPF Academia","WORKSHOP DE FOTOGRAFIA DA FPF ACADEMIA 📷 ⚽
As vagas estão abertas, e você já pode realizar a sua inscrição! Venha aprender sobre a cobertura fotográfica de partidas de futebol com quem respira esta profissão e dia a dia. São três aulas on-line, match day e um encontro presencial na @fpf_oficial para fechar! 📍

🚨 Bora aproveitar essa oportunidade? Comente 𝗘𝗨 𝗤𝗨𝗘𝗥𝗢 e receba mais informações diretamente na sua DM 📩 O link de inscrição também tá na bio da @fpfacademia 🔗

.
.
.

#FPFAcademia #Workshop #Fotografia #Futebol #FPF",0,"01/06/2026 07:00",https://www.instagram.com/p/DTLBiwgEtXD/,"Imagem do Instagram",,Total,57771,106838,421,68,146,104,0
17994411572885422,17841426196827383,copinha,Copinha,"PASSO A PASSO LIBERADO 📲
Confira o tutorial e saiba como resgatar seus ingressos para assistir aos jogos da #CopinhaSil2026!",37,"01/05/2026 13:23",https://www.instagram.com/reel/DTJNgBhiLZ9/,"Reel do Instagram",,Total,202361,150620,477,278,63,10,34
17908949040142277,17841426196827383,copinha,Copinha,"Seja na TV ou no celular aí na palma da sua mão. A Copinha Sil 2026 está em todos os lugares!
#CopinhaSil2026",0,"01/04/2026 14:23",https://www.instagram.com/p/DTGvq-eGBjH/,"Imagem do Instagram",,Total,89081,34231,464,13,6,7,8
18072167852594903,17841426196827383,copinha,Copinha,"SABADÃO CHEIO DE COPINHA SIL!
E aí, bora para o segundo dia de competição? Fica esperto em todos os horários das partidas de hoje!
#CopinhaSil2026",0,"01/02/2026 19:05",https://www.instagram.com/p/DTCBRM4juyG/,"Carrossel do Instagram",,Total,808590,245742,14908,1348,423,140,378
18072677942601917,17841426429471156,fpf_oficial,"Federação Paulista de Futebol","TOP CINCO NO MUNDO!
Edina Alves, árbitra do quadro da FPF, foi eleita a quinta melhor árbitra do mundo em 2025 pelo IFFHS Awards.
#FPF #Arbitragem",0,"01/02/2026 04:44",https://www.instagram.com/p/DTAj1HGEg_P/,"Imagem do Instagram",,Total,39229,22018,864,80,22,333,6
18102290719691192,17841426196827383,copinha,Copinha,"BORA PRO PRIMEIRO DIA!
Vem conferir o bonde que entra em campo na largada da Copinha Sil 2026 😍
#CopinhaSil2026",0,"01/02/2026 04:05",https://www.instagram.com/p/DTAfS7SEkLV/,"Imagem do Instagram",,Total,610980,215410,12878,838,449,119,263
18102264685764383,17841426196827383,copinha,Copinha,"CHEGOU O GRANDE DIA!
A maior competição de base do mundo começa nesta sexta! É dia de Copinha Sil 2026 🤩
#CopinhaSil2026",0,"01/01/2026 19:05",https://www.instagram.com/p/DS_cZ1uD8l0/,"Imagem do Instagram",,Total,860263,399760,14463,987,518,161,122
17994636350730227,17841467312227297,fpfacademia,"FPF Academia","SEM RESSACA! 🥂
Bora começar 2026 com tudo na @fpfacademia! Atenção, que janeiro tem diversos cursos abrindo as inscrições, então vem conferir o calendário completo do mês com a gente 📅 ➡️

#FPFAcademia #Janeiro #2026 #Cursos #Eventos",0,"01/01/2026 13:20",https://www.instagram.com/p/DS-6FytEjF5/,"Carrossel do Instagram",,Total,27342,10919,258,38,13,2,0
18049970858458932,17841400074692954,paulistao,Paulistão,"A Federação Paulista de Futebol deseja a todos um Feliz Ano Novo! ✨
#FelizAnoNovo #2026",0,"12/31/2025 19:05",https://www.instagram.com/p/DS83ov6DBV8/,"Imagem do Instagram",,Total,121776,57260,3677,389,1,13,28
18090340264953933,17841400074692954,paulistao,Paulistão,"TODOS OS MEUS CAMPEÕES DE 2025! 🏆🌟
E aí, torcedor, que taça do Futebol Paulista seu time do coração levou esse ano?
#FutebolPaulista",0,"12/31/2025 07:00",https://www.instagram.com/p/DS7krpBifjQ/,"Imagem do Instagram",,Total,723662,290629,21287,378,30,150,359
