"Identificação do post","Identificação da conta","Nome de usuário da conta","Nome da conta",Descrição,"Duração (s)","Horário de publicação","Link permanente","Tipo de post","Comentário de dados",Data,Visualizações,Alcance,Curtidas,Compartilhamentos,Seguimentos,Comentários,Salvamentos
18099965710650320,17841400074692954,paulistao,Paulistão,"PREPARE-SE PARA O PAULISTÃO A3 2026!
Os detalhes da competição foram definidos em Conselho Técnico nesta quinta-feira (16). Saiba mais em futebolpaulista.com.br!
#PaulistãoA3",0,"10/16/2025 12:27",https://www.instagram.com/p/DP4b82PDteE/,"Carrossel do Instagram",,Total,240429,98712,4626,349,90,119,100
17867862600470841,17841400074692954,paulistao,Paulistão,"EMPATE EM ARARAQUARA! 
Nada de gols para Ferroviária e Criciúma.
#PaulistasEmCampo
📷Divulgação/Ferroviária",0,"10/31/2025 19:38",https://www.instagram.com/p/DQf1NUVDXv1/,"Imagem do Instagram",,Total,31807,16360,241,4,0,3,2
18024562268578725,17841400074692954,paulistao,Paulistão,"A GENTE JÁ VIU ESSE FILME! 👀
O Verdão conquistou uma remontada histórica na @libertadoresbr. A adm resolveu reunir os gols das viradas recentes pelo maior Estadual do Brasil! 
#PaulistasEmCampo",161,"10/31/2025 16:30",https://www.instagram.com/reel/DQffs36kh_s/,"Reel do Instagram",,Total,217939,161691,22981,3071,318,314,410
17895729657344044,17841400074692954,paulistao,Paulistão,"O CAMINHO ESTÁ TRILHADO! 🐷💚
Muitas noites mágicas nos trouxeram até aqui. Agora, restam 90 minutos em busca da Glória Eterna 🏆✨
#PaulistasEmCampo #Palmeiras #RaphaelVeiga",0,"10/31/2025 13:00",https://www.instagram.com/p/DQfDppfkTZc/,"Imagem do Instagram",,Total,54084,22726,3572,49,11,5,35
18147978421423585,17841426196827383,copinha,Copinha,"SAN-SÃO DECISIVO!
Confira datas e horários das finais do Paulista Sub-20!
#PaulistaSub20",0,"10/31/2025 12:01",https://www.instagram.com/p/DQfA55NEqkV/,"Imagem do Instagram",,Total,156481,54005,2320,217,11,21,60
18097884799683923,17841400074692954,paulistao,Paulistão,"🏆🏆🏆🏆🏆
Há 18 anos, o São Paulo vencia o América-RN por 3 a 0 e conquistava o pentacampeonato do Brasileirão. Saudades, torcedor Tricolor?
#FutebolPaulista #Brasileirão
📷Rubens Chiri/saopaulofc.net",0,"10/31/2025 08:16",https://www.instagram.com/p/DQenIcUk5Il/,"Carrossel do Instagram",,Total,79700,24633,2613,36,5,41,26
17971938110952911,17841400074692954,paulistao,Paulistão,"QUERO VER PEGAR!
QUE CATEGORIA DO ALLAN!
#FutebolPaulista #Palmeiras #PaulistasEmCampo
🎥CONMEBOL",18,"10/31/2025 07:00",https://www.instagram.com/reel/DQeZa_yDzk0/,"Reel do Instagram",,Total,100578,62080,5047,154,6,23,50
18074720489227855,17841400074692954,paulistao,Paulistão,"VAMOS, FERROVIÁRIA! 🚂🔥
A Locomotiva vai em busca da vitória no @brasileiraob!
#PaulistasEmCampo",0,"10/31/2025 06:00",https://www.instagram.com/p/DQeSfCiiS0U/,"Imagem do Instagram",,Total,35075,16133,610,7,3,6,4
18076193282266325,17841400074692954,paulistao,Paulistão,"Abel Fernando Moreira Ferreira 🐷💚
#FutebolPaulista #PaulistasEmCampo #Palmeiras
📷CONMEBOL",0,"10/30/2025 20:56",https://www.instagram.com/p/DQdZRMqE2Yh/,"Carrossel do Instagram",,Total,74431,30807,5910,111,3,76,90
18066693617376763,17841400074692954,paulistao,Paulistão,"OS ARTILHEIROS DA NOITE MÁGICA DO VERDÃO NO ALLIANZ PARQUE!
#FutebolPaulista #PaulistasEmCampo #Palmeiras
📷CONMEBOL",0,"10/30/2025 20:34",https://www.instagram.com/p/DQdWuPjk10n/,"Carrossel do Instagram",,Total,35981,11462,1897,33,2,11,13
18297709696258646,17841400074692954,paulistao,Paulistão,"PELA GLÓRIA ETERNA!🐷💚
O VERDÃO VAI EM BUSCA DO TETRACAMPEONATO DA LIBERTADORES CONTRA O FLAMENGO!
#FutebolPaulista #PaulistasEmCampo #Palmeiras",0,"10/30/2025 20:22",https://www.instagram.com/p/DQdVc_mEyWJ/,"Imagem do Instagram",,Total,52332,30169,2482,57,1,25,27
18082878245070226,17841400074692954,paulistao,Paulistão,"UM SHOW DO MENINO ALLAN NO ALLIANZ PARQUE!
#FutebolPaulista #Palmeiras #PaulistasEmCampo
🎥CONMEBOL",46,"10/30/2025 20:21",https://www.instagram.com/reel/DQdVJhvjcrB/,"Reel do Instagram",,Total,199004,124701,11957,812,61,186,187
17917575585197984,17841400074692954,paulistao,Paulistão,"O VERDÃO É MÁGICO!
O PALMEIRAS FEZ HISTÓRIA E SE ISOLOU COMO O TIME BRASILEIRO COM MAIS FINAIS DE LIBERTADORES!
#FutebolPaulista #PaulistasEmCampo #Palmeiras",0,"10/30/2025 20:20",https://www.instagram.com/p/DQdVF1jE9M9/,"Imagem do Instagram",,Total,179085,73623,5443,196,1,43,103
18062192414420267,17841400074692954,paulistao,Paulistão,"UM, DOIS, TRÊS, QUATRO…
Para ficar maneiro, todos os gols da classificação do Verdão ⚽️
#PaulistasEmCampo 
🎥 @libertadoresbr",75,"10/30/2025 20:15",https://www.instagram.com/reel/DQdUkW-jKUS/,"Reel do Instagram",,Total,315241,234583,34937,2254,755,352,425
18096145462762089,17841400074692954,paulistao,Paulistão,"O CAPITÃO DEU O PAPO!
#FutebolPaulista #PaulistasEmCampo #Palmeiras
📷CONMEBOL",0,"10/30/2025 20:12",https://www.instagram.com/p/DQdUP9KExQU/,"Imagem do Instagram",,Total,199972,125645,10541,1104,39,129,154
17966205194977014,17841400074692954,paulistao,Paulistão,"QUE JOGADA DO ALLAN! 
#FutebolPaulista #Palmeiras 
🎥ESPN",21,"10/30/2025 20:08",https://www.instagram.com/reel/DQdTsPXjO0K/,"Reel do Instagram",,Total,226398,148139,14207,490,179,87,128
18079675216887648,17841400074692954,paulistao,Paulistão,"Allan🤝Messi
#FutebolPaulista #Palmeiras
📷Reprodução",0,"10/30/2025 20:02",https://www.instagram.com/p/DQdTMWkE13p/,"Imagem do Instagram",,Total,460096,248374,23400,747,68,57,163
18190346470334039,17841400074692954,paulistao,Paulistão,"COMEMORA, PROFESSOR! 
A EMOÇÃO DE ABEL FERREIRA!
#FutebolPaulista #Palmeiras #PaulistasEmCampo
🎥CONMEBOL",4,"10/30/2025 19:51",https://www.instagram.com/reel/DQdRx_6ggO_/,"Reel do Instagram",,Total,129060,71589,9071,388,14,214,122
18544214914012294,17841400074692954,paulistao,Paulistão,"UMA NOITE MÁGICA!🪄💚🐷
90 MINUTOS NO ALLIANZ PARQUE É MUITO TEMPO!
#FutebolPaulista #PaulistasEmCampo #Palmeiras",0,"10/30/2025 19:43",https://www.instagram.com/p/DQdQ9kWjhOl/,"Imagem do Instagram",,Total,126171,70400,5686,675,6,64,63
17905497303266915,17841400074692954,paulistao,Paulistão,"VIRADA ÉPICA! O VERDÃO É FINALISTA DA LIBERTADORES!
#FutebolPaulista #PaulistasEmCampo #Palmeiras
📷CONMEBOL",0,"10/30/2025 19:39",https://www.instagram.com/p/DQdQgVwjsig/,"Imagem do Instagram",,Total,60602,37787,3447,239,4,39,24
18053685812315866,17841400074692954,paulistao,Paulistão,"HISTÓRICO! O PALMEIRAS ESTÁ NA FINAL DA LIBERTADORES!
#FutebolPaulista #PaulistasEmCampo #Palmeiras",0,"10/30/2025 19:28",https://www.instagram.com/p/DQdPUBYkZco/,"Imagem do Instagram",,Total,291061,176041,8174,2120,17,75,101
18133600837474525,17841400074692954,paulistao,Paulistão,"RAPHAEL CAVALCANTE VEIGA!
#FutebolPaulista #Palmeiras #PaulistasEmCampo
🎥ESPN",45,"10/30/2025 19:24",https://www.instagram.com/reel/DQdOz_ADJlb/,"Reel do Instagram",,Total,572536,352578,45041,2038,1007,447,505
18119371972530978,17841400074692954,paulistao,Paulistão,"O PALMEIRAS É O TIME DA VIRADA!
💚🐷⚽⚽⚽⚽
#FutebolPaulista #PaulistasEmCampo #Palmeiras
📷CONMEBOL",0,"10/30/2025 19:17",https://www.instagram.com/p/DQdN9h8jhcz/,"Imagem do Instagram",,Total,38829,17702,2166,28,1,14,8
18067333685357788,17841400074692954,paulistao,Paulistão,"VEEEEEIIIIGAAAAAA!
O VERDÃO EMPATA NO PLACAR AGREGADO!
#FutebolPaulista #Palmeiras #PaulistasEmCampo
🎥ESPN",18,"10/30/2025 19:09",https://www.instagram.com/reel/DQdNFrPjCyR/,"Reel do Instagram",,Total,146761,83132,6435,205,23,57,62
17853211353523331,17841400074692954,paulistao,Paulistão,"FUCHS FAZ O SEGUNDO DO VERDÃO! 
EXPLODE O ALLIANZ PARQUE! 
#FutebolPaulista #Palmeiras #PaulistasEmCampo 
🎥ESPN",14,"10/30/2025 18:38",https://www.instagram.com/reel/DQdJRMwjK_n/,"Reel do Instagram",,Total,70951,44048,2934,54,7,41,31
18101496025638075,17841400074692954,paulistao,Paulistão,"QUE PRIMEIRO TEMPO DO VERDÃO!💚🐷⚽⚽
#FutebolPaulista #PaulistasEmCampo #Palmeiras
📷CONMEBOL",0,"10/30/2025 18:32",https://www.instagram.com/p/DQdIxsGjgbG/,"Imagem do Instagram",,Total,33163,16893,1557,4,2,18,10
18055733999285280,17841400074692954,paulistao,Paulistão,"TÁ CHEGANDO A HORA DA VIRADA, VERDÃO!🐷💚
#FutebolPaulista #PaulistasEmCampo #Palmeiras
📷CONMEBOL",0,"10/30/2025 17:15",https://www.instagram.com/p/DQc_cYzDY7F/,"Imagem do Instagram",,Total,120737,72659,5106,504,7,77,102
18091359388843336,17841400074692954,paulistao,Paulistão,"APOIO TOTAL DA TORCIDA DO VERDÃO EM BUSCA DA VIRADA NA @libertadoresbr!
#FutebolPaulista #PaulistasEmCampo #Palmeiras
📷Fabio Menotti/Palmeiras",0,"10/30/2025 17:05",https://www.instagram.com/p/DQc-3_JjTt7/,"Imagem do Instagram",,Total,38982,16599,1713,16,0,3,7
18071616728021480,17841400074692954,paulistao,Paulistão,"MAIS UM PASSO NO CAMINHO RUMO À TAÇA! 🏆✨
Noite decisiva para o Palmeiras no Allianz Parque pela @libertadoresbr! 
#PaulistasEmCampo",0,"10/30/2025 14:00",https://www.instagram.com/p/DQckngdE5hI/,"Imagem do Instagram",,Total,178493,87023,16372,423,56,68,134
17996042483836708,17841400074692954,paulistao,Paulistão,"RETA FINAL DO @brasileiraob! 👀☑️
Faltam apenas quatro jogos na disputa da #SérieB e as minhas equipes ainda tem muito em jogo. Se liga nos últimos compromissos de Botafogo, Ferroviária e Novorizontino!
#PaulistasEmCampo",0,"10/30/2025 13:00",https://www.instagram.com/p/DQcdwFkj2yX/,"Carrossel do Instagram",,Total,34077,11771,331,11,0,10,2
17925705786153276,17841400074692954,paulistao,Paulistão,"5 ANOS DE ABEL FERREIRA NO VERDÃO! 5️⃣🐷💚
São 206 vitórias e 10 títulos na conta do professor! Qual é seu balanço do trabalho do técnico até aqui, torcedor?
#PaulistasEmCampo #AbelFerreira #Palmeiras",0,"10/30/2025 12:00",https://www.instagram.com/p/DQcW2yjkxKw/,"Imagem do Instagram",,Total,35121,16876,1088,49,1,10,22
17950844172019611,17841400074692954,paulistao,Paulistão,"VAGNER MANCINI NA ÁREA!
O novo técnico do Red Bull Bragantino chegou com tudo e já comandou o primeiro treino no Massa Bruta!
#FutebolPaulista 
📷Ari Ferreira/Red Bull Bragantino",0,"10/30/2025 11:37",https://www.instagram.com/p/DQcZZHskcpf/,"Carrossel do Instagram",,Total,98748,26430,1367,21,3,20,14
18097086409748139,17841400074692954,paulistao,Paulistão,"O TIME DA VIRADA... DESDE SEMPRE! 🐷💚
A @libertadoresbr conhece bem a capacidade do Palmeiras de reverter placares adversos. Será que hoje vem mais uma virada? 👀
#PaulistasEmCampo #Libertadores #Palmeiras",0,"10/30/2025 11:00",https://www.instagram.com/p/DQcP_4uksMb/,"Imagem do Instagram",,Total,43780,20523,999,27,0,15,22
18046007300405617,17841400074692954,paulistao,Paulistão,"SERÁ QUE O ABEL TEM UM PLANO? 👉🥶👈
O professor já avisou: vai ser uma noite mágica de @libertadoresbr no Allianz Parque!
#PaulistasEmCampo #Palmeiras #Libertadores",0,"10/30/2025 08:00",https://www.instagram.com/p/DQb7ZztEvd3/,"Imagem do Instagram",,Total,141675,85103,9706,1041,39,303,133
17966850083977188,17841400074692954,paulistao,Paulistão,"HOJE É DIA DE BUSCAR MAIS UMA REMONTADA! 🔥
Se tem alguém que sabe que o Palmeiras é o time da virada, somos nós! Foram três viradas seguidas do Verdão no Paulistão 🤩
#Paulistão #PaulistasEmCampo #Palmeiras",0,"10/30/2025 07:02",https://www.instagram.com/p/DQb51ptk935/,"Imagem do Instagram",,Total,90047,44479,2321,55,1,158,43
18342635563201762,17841400074692954,paulistao,Paulistão,"LUTAREMOS JUNTOS ATÉ O FIM! 💪🔥
O Palmeiras vai em busca da virada na @libertadoresbr e vai contar com o apoio da torcida no Allianz Parque! Deixe seu ""Avanti Palestra"" nos comentários! 💚
#PaulistasEmCampo #Palmeiras",0,"10/29/2025 20:05",https://www.instagram.com/p/DQapigCjgRM/,"Imagem do Instagram",,Total,46119,26681,2258,109,1,55,22
17924877765161370,17841400074692954,paulistao,Paulistão,"QUEM É QUE SOBE? 
O PAULISTÃO A2 2026 VEM AÍ! 
Os detalhes da competição foram definidos em Conselho Técnico nesta quarta-feira (29). Saiba mais em futebolpaulista.com.br! 
#PaulistãoA2 #FutebolPaulista",0,"10/29/2025 13:15",https://www.instagram.com/p/DQZ_ysakuIa/,"Carrossel do Instagram",,Total,222428,99105,3948,383,73,198,94
18074108555464794,17841400074692954,paulistao,Paulistão,"É MUITA HABILIDADE! 🐷👀
Um pouquinho do aquecimento de qualidade do Verdão!
#PaulistasEmCampo #Palmeiras",19,"10/29/2025 13:00",https://www.instagram.com/reel/DQZ5cUODjsQ/,"Reel do Instagram",,Total,168025,141529,2374,62,12,20,44
17971044650956255,17841400074692954,paulistao,Paulistão,"NOVORIZONTINO DE OLHO NO G4!
Vem ver como está a classificação do @brasileiraob!
#PaulistasEmCampo",0,"10/29/2025 11:00",https://www.instagram.com/p/DQZuKbjEspJ/,"Imagem do Instagram",,Total,90732,48838,1259,11,7,14,21
17998638479835245,17841400074692954,paulistao,Paulistão,"MAIK: A PROMESSA DE COTIA!
Inteligência e qualidade não faltam para o lateral que vem ganhando destaque no time profissional do São Paulo. Vem que o @_marco.pastore te conta mais sobre o potencial desse craque!
#FutebolPaulista",115,"10/29/2025 10:43",https://www.instagram.com/reel/DQZuP2qDg2y/,"Reel do Instagram",,Total,414700,253807,16956,534,19,140,324
18085274902966578,17841400074692954,paulistao,Paulistão,"ALGUÉM AÍ COM SAUDADES DO PAULISTÃO? 👀😮‍💨
Por aqui, entramos na trend para relembrar das últimas quartas de final do Maior Estadual do País! Lembra de todos esses momentos?
#Paulistão2025 #3d #ios16 
📷Ag.Paulistão",0,"10/29/2025 06:39",https://www.instagram.com/p/DQZScpRDTSe/,"Carrossel do Instagram",,Total,100325,34197,4268,24,10,33,28
17888342514380395,17841400074692954,paulistao,Paulistão,"V⚽️V!
O casal do momento tem um aviso para vocês! Já já tem o lançamento do maior Estadual do Brasil 👀🌹
#Paulistão2026",0,"10/28/2025 14:02",https://www.instagram.com/p/DQXgZG5EscY/,"Imagem do Instagram",,Total,489048,230098,16410,526,54,181,112
18144372478430227,17841429857362439,paulistaof,"Paulistão F Petrobras","VOLTAMOS 👀
Quem mais estava com saudades do Paulistão Feminino Sicredi? Bora conferir os jogos da 11ª rodada 🤩
#PaulistãoFemininoSicredi",0,"10/28/2025 14:00",https://www.instagram.com/p/DQXbU8KkyZa/,"Imagem do Instagram",,Total,31693,10928,439,14,2,6,13
18066772559609583,17841426196827383,copinha,Copinha,"Se vier bater de frente... cuidado com a caneta! 🪄✍️
#RedBullBragantino #FutebolPaulista",14,"10/28/2025 09:00",https://www.instagram.com/reel/DQW7BKdAJtT/,"Reel do Instagram",,Total,265904,142631,9349,238,87,35,86
18382150351199261,17841400074692954,paulistao,Paulistão,"MACACA ENTROU PARA A LISTA! 🦍🔥
Com o título inédito da #SérieC, a Ponte Preta adicionou mais um título nacional para os times do interior de São Paulo!
#PaulistasEmCampo",0,"10/27/2025 14:30",https://www.instagram.com/p/DQU9nsclS4e/,"Imagem do Instagram",,Total,150249,67434,3947,193,12,194,133
17871501666375790,17841400074692954,paulistao,Paulistão,"TABELA PASSANDO NO SEU FEED! 👀
A classificação do @brasileirao ficou assim depois da última rodada! 
#PaulistasEmCampo",0,"10/27/2025 09:00",https://www.instagram.com/p/DQUUeWVEx2S/,"Imagem do Instagram",,Total,198167,102449,5201,22,32,147,42
18316329760172706,17841401535223680,pontepretaoficial,"🦍 Ponte Preta","BOM DIA, CAMPEÕES!!! 🏆 E chegou a hora de ver, rever e salvar os gols que nos deram a vitória sobre o Londrina, através dos ângulos da PonTV. 🦍

🎥 Erik Parra, Alberto Nucci e Igor Henrique/PonTV

#PonteCampeã #PontePreta",137,"10/27/2025 05:14",https://www.instagram.com/reel/DQT_D07kZL9/,"Reel do Instagram",,Total,87857,51365,3881,106,6,66,0
18120284212459786,17841400074692954,paulistao,Paulistão,"Ponto final no domingo de futebol.
#PaulistasEmCampo",0,"10/26/2025 18:35",https://www.instagram.com/p/DQS2DtRlK85/,"Imagem do Instagram",,Total,39453,16579,357,10,0,13,1
17991167972853321,17841400074692954,paulistao,Paulistão,"O zero não saiu do placar no Allianz Parque.
#PaulistasEmCampo
📷Caíque Coufal/Cruzeiro",0,"10/26/2025 18:34",https://www.instagram.com/p/DQS17LdDEo7/,"Imagem do Instagram",,Total,35620,14366,430,15,0,8,5
18538460257049455,17841400074692954,paulistao,Paulistão,"PONTO LÁ!
O Vila Nova até abriu dois, mas a Locomotiva Grená lutou e buscou o empate.
#PaulistasEmCampo
📷Luis Miguel Ferreira/Ferroviária",0,"10/26/2025 16:38",https://www.instagram.com/p/DQSoqA_DwDp/,"Imagem do Instagram",,Total,34239,13270,250,4,0,0,5
17926956693118204,17841400074692954,paulistao,Paulistão,"O Massa Bruta foi superado em casa.
#PaulistasEmCampo
📷Ari Ferreira/Red Bull Bragantino",0,"10/26/2025 16:28",https://www.instagram.com/p/DQSnftkj7sv/,"Imagem do Instagram",,Total,30112,11921,290,1,0,6,2
17933067777103755,17841400074692954,paulistao,Paulistão,"LUTAREMOS JUNTOS!
Torcida do Palmeiras preparou esse mosaico para a disputa de hoje 🔥
#PaulistasEmCampo",12,"10/26/2025 16:21",https://www.instagram.com/reel/DQSmr7CjWXi/,"Reel do Instagram",,Total,98016,65467,6244,180,8,102,86
18292763218276643,17841400074692954,paulistao,Paulistão,"BUSCOU O PONTO!
O Santos volta do Rio de Janeiro com o empate.
#PaulistasEmCampo
📷Vitor Silva/Botafogo",0,"10/26/2025 14:11",https://www.instagram.com/p/DQSX1NqDpv3/,"Imagem do Instagram",,Total,34942,13867,794,19,1,4,2
18060573902442806,17841400074692954,paulistao,Paulistão,"BEM-VINDA, MACACA! 🏆🦍
A Ponte Preta é a nova integrante do grupo de paulistas campeões da Série C! 
#FutebolPaulista",0,"10/26/2025 07:40",https://www.instagram.com/p/DQRrFPNDiGY/,"Imagem do Instagram",,Total,80680,40009,1853,55,7,47,43
18408338680142747,17841400074692954,paulistao,Paulistão,"DUELOS IMPORTANTES! ⚠️
Minhas equipes têm compromissos cruciais nessa reta final de @brasileirao e @brasileiraob! 
#PaulistasEmCampo",0,"10/26/2025 06:00",https://www.instagram.com/p/DQRar6tDfTj/,"Imagem do Instagram",,Total,35868,14254,389,12,0,2,5
18064280441526883,17841400074692954,paulistao,Paulistão,"QUE DIA!
Com título da Ponte Preta na Série C e 100% de aproveitamento no Brasileirão, é assim que termina o sábado deo #FutebolPaulista.
#PaulistasEmCampo",0,"10/25/2025 19:35",https://www.instagram.com/p/DQQYJCwD2B2/,"Imagem do Instagram",,Total,124917,68732,2210,23,19,29,23
18024883895756681,17841400074692954,paulistao,Paulistão,"VITÓRIA TRICOLOR!
O São Paulo soma mais três pontos no Brasileirão!
#PaulistasEmCampo
📷Miguel Schincariol/São Paulo",0,"10/25/2025 19:34",https://www.instagram.com/p/DQQX_QxDIng/,"Imagem do Instagram",,Total,40743,18507,1231,45,0,8,4
18301836442252880,17841400074692954,paulistao,Paulistão,"ÍDOLO ETERNO!
Antes da bola rolar no MorumBIS para São Paulo e Bahia, Rogério Ceni foi ovacionado pela torcida do Tricolor Paulista.
#PaulistasEmCampo 
🎥@ge.globo",32,"10/25/2025 18:57",https://www.instagram.com/reel/DQQTvpFjFLB/,"Reel do Instagram",,Total,225346,149614,16654,182,22,162,191
17945764941060537,17841400074692954,paulistao,Paulistão,"1⃣0⃣0⃣x LUCIANO!
O camisa 10 do São Paulo anotou seu centésimo gol pelo Tricolor!
#PaulistasEmCampo",0,"10/25/2025 17:47",https://www.instagram.com/p/DQQLzK1ERp3/,"Imagem do Instagram",,Total,53515,25354,2811,40,3,9,20
18056737337263927,17841400074692954,paulistao,Paulistão,"Calma aí @leo_indiio15! 😂😂😂
Deixa a rapaziada comemorar o gol do @elvis.23! 
#FutebolPaulista #PontePreta",5,"10/25/2025 17:10",https://www.instagram.com/reel/DQQHUM3DBX1/,"Reel do Instagram",,Total,100905,56335,2974,57,11,15,15
18396818461131746,17841400074692954,paulistao,Paulistão,"MAIS UMA, MIRASSOL!
No duelo de Leões, foi o paulista que levou os três pontos!
#PaulistasEmCampo
📷Savyo Miguel/Ag. Mirassol",0,"10/25/2025 16:32",https://www.instagram.com/p/DQQDMGNDnY1/,"Imagem do Instagram",,Total,45416,20276,1032,24,0,7,5
18106993291612392,17841400074692954,paulistao,Paulistão,"É CAMPEÃO! 
QUE FESTA NO MOISÉS LUCARELLI! 
#FutebolPaulista #PontePreta",10,"10/25/2025 16:07",https://www.instagram.com/reel/DQQAOyvDYO8/,"Reel do Instagram",,Total,314185,184210,14314,797,89,269,134
17993820872839150,17841400074692954,paulistao,Paulistão,"É CAMPEÃO!!! 🏆
É CAMPEÃO!!! 🏆
É CAMPEÃO!!! 🏆
#PaulistasEmCampo 
📷 Alexandre Battibugli/Ag. Paulistão",0,"10/25/2025 15:24",https://www.instagram.com/p/DQP7aAHDycR/,"Carrossel do Instagram",,Total,37892,12884,1349,7,5,13,5
18045711287418572,17841400074692954,paulistao,Paulistão,"PONTE PRETA GIGANTE, RAÇA DE CAMPEÃO! 🏆
A MACACA É CAMPEÃ DA SÉRIE C DO BRASILEIRÃO!
#PaulistasEmCampo",0,"10/25/2025 15:05",https://www.instagram.com/p/DQP5Ji4j5Se/,"Imagem do Instagram",,Total,230887,102000,8633,364,17,141,78
18004933928654877,17841401535223680,pontepretaoficial,"🦍 Ponte Preta","2T | 55 min: Fim de jogo! A Macaca vence o Londrina por 2 a 0 e é campeã da Série do C do Campeonato Brasileiro 2025! 🔥🔥🔥🔥🔥🦍🦍🦍🦍

#PONxLON (2x0)
#VamosPonte",0,"10/25/2025 15:01",https://www.instagram.com/p/DQP4s8YkShx/,"Imagem do Instagram",,Total,2394864,848045,30583,10605,237,1891,0
18099619522658094,17841400074692954,paulistao,Paulistão,"FESTA LINDA!!!
Se liga na explosão do Majestoso com o segundo gol da Macaca! 
#SérieC #PontePreta",21,"10/25/2025 14:44",https://www.instagram.com/reel/DQP2sY6kge_/,"Reel do Instagram",,Total,191465,115020,9763,197,49,80,96
18083960062807397,17841400074692954,paulistao,Paulistão,"TEM QUE SER ELE! 
ELVIS MARCA O SEGUNDO DA PONTE PRETA! 
#FutebolPaulista #PontePreta",33,"10/25/2025 14:41",https://www.instagram.com/reel/DQP12dIEkvD/,"Reel do Instagram",,Total,94932,67353,3342,62,3,35,15
18389213722123839,17841400074692954,paulistao,Paulistão,"VAI, CORINTHIANS!
O Timão vence mais uma no Brasileirão!
#PaulistasEmCampo
📷Rodrigo Coca/Ag. Corinthians",0,"10/25/2025 14:30",https://www.instagram.com/p/DQP1J_XAGNT/,"Imagem do Instagram",,Total,74173,37660,3773,166,7,27,17
17903074110282345,17841400074692954,paulistao,Paulistão,"COMEMORA, TORÓ! 
A TORCIDA DA PONTE PRETA FEZ A FESTA COM O GOL DO CAMISA 17! 
#FutebolPaulista #PontePreta",27,"10/25/2025 14:23",https://www.instagram.com/reel/DQP0LC4kgaK/,"Reel do Instagram",,Total,65158,48764,1928,20,10,10,15
18045074558435236,17841400074692954,paulistao,Paulistão,"JONAS TORÓ ABRE O PLACAR NO MAJESTOSO! 
#FutebolPaulista #PontePreta",42,"10/25/2025 14:14",https://www.instagram.com/reel/DQPzKT6ksII/,"Reel do Instagram",,Total,95388,64537,2817,47,11,26,29
18074185045972429,17841400074692954,paulistao,Paulistão,"SENTE O CLIMA!
A torcida da Ponte Preta colou em peso! É dia de decisão no Moisés Lucarelli!
#PaulistasEmCampo
📷 Alexandre Battibugli/Ag. Paulistão",0,"10/25/2025 12:59",https://www.instagram.com/p/DQPqzmVEqwc/,"Carrossel do Instagram",,Total,53513,16621,1412,13,10,0,7
18533672347025354,17841400074692954,paulistao,Paulistão,"PRA CIMA, PONTE!
A Macaca vai em busca do título da Série C!
#PaulistasEmCampo
📷 Alexandre Battibugli/Ag. Paulistão",0,"10/25/2025 12:58",https://www.instagram.com/p/DQPqqVUj6Cp/,"Imagem do Instagram",,Total,67651,27978,1946,1,1,6,5
18090775495842290,17841401535223680,pontepretaoficial,"🦍 Ponte Preta","RECEPÇÃO ABSURDAAAAA!!!! 😍

Movido pela #MaiorDoInterior, o time do povo já está em casa para a grande final! 🔥🦍

#PONxLON #VamosPonte",167,"10/25/2025 12:13",https://www.instagram.com/reel/DQPlSQ-EbQk/,"Reel do Instagram",,Total,183548,115170,9804,514,40,194,0
18321584812244986,17841426196827383,copinha,Copinha,"SAN-SÃO NA DECISÃO!
São Paulo e Santos vão medir forças na busca do título do Paulista Sub-20 Série A!
#PaulistaSub20SérieA",0,"10/25/2025 09:14",https://www.instagram.com/p/DQPQ_uGkYdz/,"Imagem do Instagram",,Total,421607,187296,18599,656,240,196,134
18078890258325759,17841426196827383,copinha,Copinha,"TRICOLOR FINALISTA!
O São Paulo está na decisão do Paulista Sub-20 Série A!
#PaulistaSub20SérieA",0,"10/25/2025 07:54",https://www.instagram.com/p/DQPH1CVid9h/,"Imagem do Instagram",,Total,163168,41910,2680,90,7,18,13
17962431125847449,17841400074692954,paulistao,Paulistão,"SABADOU! 😮‍💨
Três confrontos pelo @brasileirao e a final da #SérieC vão encher o sábado do #FutebolPaulista!
#PaulistasEmCampo",0,"10/25/2025 06:00",https://www.instagram.com/p/DQO18WMjpc1/,"Imagem do Instagram",,Total,29686,12587,382,9,1,4,3
18012928403799616,17841400074692954,paulistao,Paulistão,"EM BUSCA DA TAÇA!
Jogando em casa, a Macaca vai com tudo para conquistar o título da #SérieC 🔥🏆
#PaulistasEmCampo",0,"10/24/2025 20:05",https://www.instagram.com/p/DQNxkSxEyJu/,"Imagem do Instagram",,Total,96048,34197,2419,32,4,42,11
18080404865039222,17841400074692954,paulistao,Paulistão,"EMPATE PAULISTA!
Tudo igual para Novorizontino e Botafogo.
#PaulistasEmCampo
📷Higor Basso/Novorizontino",0,"10/24/2025 17:02",https://www.instagram.com/p/DQNhzgslEi6/,"Imagem do Instagram",,Total,41888,20231,378,8,0,20,1
18073552378981804,17841426196827383,copinha,Copinha,"NA FINAAAAAL!
Teve Clássico da Saudade e na disputa de pênaltis, o Santos garantiu a primeira vaga na grande final do Paulista Sub-20 Série A!
#PaulistaSub20",0,"10/24/2025 14:19",https://www.instagram.com/p/DQNPIJWkWzD/,"Imagem do Instagram",,Total,233021,100136,4461,279,21,53,25
18368710324157759,17841400074692954,paulistao,Paulistão,"TIGRE vs PANTERA! ⚔️🔥
Hoje tem duelo paulista entre Novorizontino e Botafogo pelo @brasileiraob!
#PaulistasEmCampo",0,"10/24/2025 06:00",https://www.instagram.com/p/DQMRK0hE0KC/,"Imagem do Instagram",,Total,35718,14556,332,8,0,8,2
18060271772534439,17841400074692954,paulistao,Paulistão,"Palmeiras é superado no Equador e vai com tudo em busca da virada no Allianz Parque! 
#FutebolPaulista #PaulistasEmCampo 
📷CONMEBOL",0,"10/23/2025 19:29",https://www.instagram.com/p/DQLNyUKjf5X/,"Imagem do Instagram",,Total,70778,37201,2322,357,5,149,20
17994577082842115,17841400074692954,paulistao,Paulistão,"É DIA DE PALMEIRAS! 💚🐷
Bora relembrar alguns dos gols do Verdão na busca por mais uma @libertadoresbr!
#PaulistasEmCampo #Palmeiras",44,"10/23/2025 15:30",https://www.instagram.com/reel/DQKvUiCiGgU/,"Reel do Instagram",,Total,87711,60464,2908,36,6,31,37
17937652797093130,17841400074692954,paulistao,Paulistão,"E ESSE ELÁSTICO DO ROBINHO!? 
Faz isso não, jogador… 😮‍💨🫣
#PaulistãoSicredi2025
🎥 Nosso Futebol",7,"10/23/2025 14:35",https://www.instagram.com/reel/DQKsK-yEhWW/,"Reel do Instagram",,Total,7121,4775,169,20,1,1,2
17965850558986326,17841400074692954,paulistao,Paulistão,"VERDÃO INVICTO!
Hoje é dia do Palmeiras ir em busca da vantagem na @libertadoresbr. Vem conferir o retrospecto da equipe na competição 🔥🐷
#PaulistasEmCampo",0,"10/23/2025 13:07",https://www.instagram.com/p/DQKiALOE-X2/,"Imagem do Instagram",,Total,103109,50068,3167,69,2,45,39
17986339100896930,17841400074692954,paulistao,Paulistão,"O MAIOR DE TODOS OS TEMPOS! 👏
Pelé celebraria 85 anos nessa quinta-feira! Para sempre o maior jogador da história 🌟
#FPF #Aniversário",0,"10/23/2025 04:00",https://www.instagram.com/p/DQJeZsGj31e/,"Imagem do Instagram",,Total,75349,34187,3362,67,0,9,25
18121703524508127,17841400074692954,paulistao,Paulistão,"A LUTA PELA OBSESSÃO SEGUE NO EQUADOR! 🏆🐷
O Palmeiras enfrenta a LDU pelo primeiro confronto das semifinais da @libertadoresbr! 🔥
#PaulistasEmCampo #Palmeiras #Libertadores",0,"10/22/2025 20:05",https://www.instagram.com/p/DQIn-W4jY4H/,"Imagem do Instagram",,Total,183221,98343,9247,763,32,52,70
18122040301454625,17841400074692954,paulistao,Paulistão,"É O LEÃO! 🤯🦁
O Mirassol é o melhor estreante do @brasileirao na era dos pontos corridos!
#PaulistasEmCampo #Mirassol",0,"10/22/2025 15:00",https://www.instagram.com/p/DQIJGGxAKRV/,"Carrossel do Instagram",,Total,240281,108788,9255,75,49,33,105
18029624996729454,17841400074692954,paulistao,Paulistão,"A DECISÃO DA SEMIFINAL DA COPA DO BRASIL SERÁ NA NEO QUÍMICA ARENA! 
#FutebolPaulista #PaulistasEmCampo #Corinthians
*Data-base dos confrontos",0,"10/22/2025 13:43",https://www.instagram.com/p/DQIBd7Ej6cA/,"Imagem do Instagram",,Total,60744,31256,1760,130,3,46,22
18361294282091253,17841400074692954,paulistao,Paulistão,"🔥 GO-LA-ÇO do Lucas Moura! 🔥
Imparável. Veloz. Embaçado.",52,"10/22/2025 12:48",https://www.instagram.com/reel/DQH7BcjkYrP/,"Reel do Instagram",,Total,1202,1114,27,0,0,1,0
18028200992754631,17841400074692954,paulistao,Paulistão,"QUATRO BRASILEIROS NO RANKING! 🔝🌎
Segundo o Relatório do Observatório do Futebol, essas são as 20 melhores bases do MUNDO!
#CopinhaSicredi",0,"10/22/2025 12:20",https://www.instagram.com/p/DQH36aKAbc0/,"Imagem do Instagram",,Total,479120,217969,6289,1410,22,330,224
18297875104255694,17841429857362439,paulistaof,"Paulistão F Petrobras","ALÔ, TORCIDA DO VERDÃO!
A carreta de mamografia da campanha ""Marque Esse Gol"", uma iniciativa da FPF com a Fundação Laço Rosa e a Marque Esse Gol, chega no Allianz Parque. Acesse: www.marqueessegol.com.br e faça sua inscrição gratuitamente!
#FPF #MarqueEsseGol #OutubroRosa",0,"10/21/2025 14:00",https://www.instagram.com/p/DQFZ7o9jQ-W/,"Imagem do Instagram",,Total,31586,8286,162,21,1,3,3
18079752050046063,17841400074692954,paulistao,Paulistão,"BOLA NA REDE!
Se precisar de gol, é só chamar essa galera. Esses são os artilheiros do #FutebolPaulista no @brasileirao 🔥⚽
#PaulistasEmCampo",0,"10/21/2025 12:30",https://www.instagram.com/p/DQFPffeFD3l/,"Imagem do Instagram",,Total,152960,80689,4153,226,19,46,53
18058133096536743,17841400074692954,paulistao,Paulistão,"VERDÃO SEGUE NA LIDERANÇA!
Fim de mais uma rodada do @brasileirao, então bora conferir como está a classificação 👀
#PaulistasEmCampo",0,"10/21/2025 10:37",https://www.instagram.com/p/DQFHPfFEihj/,"Imagem do Instagram",,Total,353792,192305,8245,32,52,62,70
17966878769973897,17841400074692954,paulistao,Paulistão,"Essa foi a segunda-feira dos paulistas! #PaulistasEmCampo",0,"10/20/2025 19:44",https://www.instagram.com/p/DQDhGF-jYRR/,"Imagem do Instagram",,Total,35023,15546,327,6,0,4,4
17966820620984389,17841400074692954,paulistao,Paulistão,"O Santos é superado na Vila Belmiro! 😢 #PaulistasEmCampo
📷 Raul Baretta/Santos",0,"10/20/2025 19:39",https://www.instagram.com/p/DQDgek1DVXF/,"Imagem do Instagram",,Total,37852,16942,811,145,0,48,7
17864713212473790,17841400074692954,paulistao,Paulistão,"A Ferroviária somou mais um ponto pelo @brasileiraob! #PaulistasEmCampo
📷 Ferroviária",0,"10/20/2025 17:39",https://www.instagram.com/p/DQDS1YZDqcp/,"Imagem do Instagram",,Total,25104,10506,206,4,0,3,2
18537512047058604,17841400074692954,paulistao,Paulistão,"Não deu pro Massa Bruta no Jaconi! 😢 #PaulistasEmCampo
📷 Fernando Alves/Juventude",0,"10/20/2025 17:00",https://www.instagram.com/p/DQDOXTFk0xc/,"Imagem do Instagram",,Total,22547,9187,252,1,0,6,2
18148893922418841,17841400074692954,paulistao,Paulistão,"RABISCA Y RABISCA!
Elvis, da Ponte Preta, meteu esse chapéu no Paulistão Sicredi 2024 e não teve jeito: foi eleito o Drible mais Bonito do campeonato.
#PaulistãoSicredi",10,"10/20/2025 12:17",https://www.instagram.com/reel/DQCt_KwkUaW/,"Reel do Instagram",,Total,952381,546024,51597,16806,550,753,1020
18050234288336528,17841400074692954,paulistao,Paulistão,"DOSE TRIPLA! 3️⃣⚽
Noite de segunda-feira cheia de #PaulistasEmCampo para você assistir!",0,"10/20/2025 06:19",https://www.instagram.com/p/DQCE89RkxGm/,"Imagem do Instagram",,Total,18475,6914,181,5,0,0,1
18531631672021975,17841400074692954,paulistao,Paulistão,"Mais um domingo de futebol pra conta!
#PaulistasEmCampo",0,"10/19/2025 17:10",https://www.instagram.com/p/DQAqshkkqYO/,"Imagem do Instagram",,Total,76206,20965,632,16,2,12,8
18327885214209034,17841400074692954,paulistao,Paulistão,"DEU LEÃO!
Mirassol leva a melhor no duelo paulista e vence o São Paulo pelo Brasileirão!
#PaulistasEmCampo
📷JP Pinheiro/Ag. Mirassol",0,"10/19/2025 16:45",https://www.instagram.com/p/DQAn2hvFW5m/,"Imagem do Instagram",,Total,61571,30698,1509,423,0,35,7
18343991791166049,17841400074692954,paulistao,Paulistão,"PONTO IMPORTANTE!
Botafogo luta até o fim a busca o empate contra o Cuiabá.
#PaulistasEmCampo
📷João Victor Menezes de Souza/Ag. Botafogo",0,"10/19/2025 16:43",https://www.instagram.com/p/DQAnosQj8FR/,"Imagem do Instagram",,Total,19566,9595,169,4,0,8,1
17878228734420090,17841400074692954,paulistao,Paulistão,"VELOZ!
O Mirassol precisou de apenas 38 segundos para abrir o placar diante do São Paulo!
#PaulistasEmCampo
📷Premiere",17,"10/19/2025 15:16",https://www.instagram.com/reel/DQAdlmmgg5K/,"Reel do Instagram",,Total,146425,95392,3357,307,5,36,26
18005243573810567,17841400074692954,paulistao,Paulistão,"Verdão luta, mas é superado no Maracanã.
#PaulistasEmCampo
📷Cesar Greco/Palmeiras",0,"10/19/2025 14:02",https://www.instagram.com/p/DQAVQBqjNtc/,"Imagem do Instagram",,Total,57245,29304,1544,226,2,130,16
18044957744417699,17841400074692954,paulistao,Paulistão,"OIIII, MORUMBIS! 
A campanha ""Marque esse Gol"", uma iniciativa da FPF com a Fundação Laço Rosa e a Marque esse Gol, que leva carretas de mamografia para diversos pontos do Estado, estaciona no MorumBIS durante os dias 20 e 21 de outubro. Acesse: www.marqueessegol.com.br e faça sua inscrição gratuitamente!
#FPF #MarqueEsseGol #OutubroRosa",0,"10/19/2025 12:00",https://www.instagram.com/p/DQACZ-ZD6hl/,"Imagem do Instagram",,Total,38437,11985,195,33,1,10,7
17984006774748160,17841400074692954,paulistao,Paulistão,"LEÃO VS TRICOLOR! 🦁⚔️🇾🇪
Quem vence o duelo paulista entre Mirassol e São Paulo? Deixe nos comentários seu palpite para o jogo!
#PaulistasEmCampo",0,"10/19/2025 09:00",https://www.instagram.com/p/DP_tuUEjyiS/,"Imagem do Instagram",,Total,35698,16800,547,21,1,10,6
18346053085162667,17841400074692954,paulistao,Paulistão,"DUELOS IMPORTANTES!
O Palmeiras enfrenta o Flamengo em confronto direto pela liderança do @brasileirao, enquanto Mirassol e São Paulo protagonizam um duelo paulista e o Botafogo vai em busca da vitória para subir na tabela do @brasileiraob!
#PaulistasEmCampo",0,"10/19/2025 06:00",https://www.instagram.com/p/DP_ZHtSj83v/,"Imagem do Instagram",,Total,30867,14570,385,10,1,8,2
18051903278644102,17841400074692954,paulistao,Paulistão,"QUE HONREM A CAMISA E LUTEM SEM PARAR! 🔥
Só a vitória interessa para o Palmeiras no Maracanã... Avanti, Palestra! 🐷💚
#PaulistasEmCampo #Palmeiras",0,"10/18/2025 20:05",https://www.instagram.com/p/DP-Uy7XDNeA/,"Imagem do Instagram",,Total,248095,140467,12539,1057,32,64,119
18078911476873807,17841400074692954,paulistao,Paulistão,"Lá se foi o sabadão de #FutebolPaulista.
#PaulistasEmCampo",0,"10/18/2025 17:10",https://www.instagram.com/p/DP-F7DqDUjR/,"Imagem do Instagram",,Total,25116,10592,235,3,0,1,1
18076674929120784,17841400074692954,paulistao,Paulistão,"QUE GOLAÇO!
Maycon soltou a bomba de fora da área e garantiu mais uma vitória do Corinthians no Brasileirão!
#PaulistasEmCampo
🎥Corinthians/Divulgação",13,"10/18/2025 16:53",https://www.instagram.com/reel/DP-D6u1ATEm/,"Reel do Instagram",,Total,38972,26069,1328,23,3,13,10
18288759892259059,17841400074692954,paulistao,Paulistão,"VAI, CORINTHIANS!
Timão faz o dever de casa e soma mais três pontos no Brasileirão!
#PaulistasEmCampo
📷Rodrigo Coca/Ag. Corinthians",0,"10/18/2025 16:43",https://www.instagram.com/p/DP-C5g2D05c/,"Imagem do Instagram",,Total,48060,22806,1719,66,0,18,7
18016989176791600,17841400074692954,paulistao,Paulistão,"ZERADOS!
Nada de gols no primeiro jogo da final da Série C.
#PaulistasEmCampo
📷Alexandre Henrique/PontePress",0,"10/18/2025 15:04",https://www.instagram.com/p/DP93fOJlU8v/,"Imagem do Instagram",,Total,35660,15220,579,4,0,13,3
18080770502004413,17841429857362439,paulistaof,"Paulistão F Petrobras","SEIS VEZES CORINTHIANS! 6⃣🏆
O TIMÃO É HEXA DA @libertadoresfem 
#ElasEmCampo",0,"10/18/2025 14:48",https://www.instagram.com/p/DP91vTPDULp/,"Imagem do Instagram",,Total,89814,42967,4065,283,7,24,41
18044252012680214,17841400074692954,paulistao,Paulistão,"NA MINHA CASA, QUEM MANDA SOU EU! 🏟️🦁🔥
O @mirassolfc tem uma atuação impecável jogando no Maião! 
#PaulistasEmCampo #Mirassol #Maião",0,"10/18/2025 11:00",https://www.instagram.com/p/DP9W1rQj5b4/,"Carrossel do Instagram",,Total,84058,27472,1419,20,3,19,12
18491633893077753,17841400074692954,paulistao,Paulistão,"TERCEIRA SEMANA CHEGANDO COM MAIS CARRETAS! 👀
Alô, cidade de São Paulo! As carretas da campanha ""Marque Esse Gol"" chegaram! A iniciativa da FPF com a Fundação Laço Rosa e a Marque Esse Gol leva carretas de mamografia para diversos pontos do Estado. Acesse: www.marqueessegol.com.br e faça sua inscrição de forma gratuita para o dia que preferir!
#FPF #MarqueEsseGol #OutubroRosa",0,"10/18/2025 09:00",https://www.instagram.com/p/DP9I6WAE14V/,"Carrossel do Instagram",,Total,42284,9678,245,20,1,1,3
18285419731263994,17841400074692954,paulistao,Paulistão,"MACACA EM BUSCA DO TÍTULO! 🦍💪
A Ponte Preta quer a vantagem no primeiro jogo da final da #SérieC! Vamos, @pontepretaoficial! 
#PaulistasEmCampo",0,"10/18/2025 07:00",https://www.instagram.com/p/DP87TIBDXRE/,"Imagem do Instagram",,Total,53094,25131,1311,41,4,27,10
18057890399214156,17841400074692954,paulistao,Paulistão,"SÁBADO ALVINEGRO NO FUTEBOL PAULISTA! 🔥
A Ponte Preta joga a primeira final da #SérieC, enquanto o Corinthians vai em busca da vitória em casa!
#PaulistasEmCampo",0,"10/18/2025 06:00",https://www.instagram.com/p/DP80dV7ErDv/,"Imagem do Instagram",,Total,27081,12284,356,12,0,6,3
18077278087881108,17841400074692954,paulistao,Paulistão,"O Novorizontino somou mais um ponto fora de casa pelo @brasileiraob! #PaulistasEmCampo 
📷 Ozzair Jr./Novorizontino",0,"10/17/2025 17:59",https://www.instagram.com/p/DP7muUFk5Ri/,"Imagem do Instagram",,Total,33815,16285,287,3,0,3,7
18103333321559430,17841400074692954,paulistao,Paulistão,"NA ESTICA! 😎🌟
Muito estilo para o camisa 10 do Verdão durante o São Paulo Fashion Week! 
#Palmeiras #SPFW
📽️@paulinho10",20,"10/17/2025 14:00",https://www.instagram.com/reel/DP7G3-ylUnb/,"Reel do Instagram",,Total,82497,57063,2890,216,10,147,31
17852130609522873,17841426196827383,copinha,Copinha,"RIQUELME FILLIPI: A JOIA COBIÇADA DO PALMEIRAS! 💎🐷
A Cria da Academia é destaque nas categorias de base do Verdão e vem chamando a atenção do futebol europeu. O @_marco.pastore traz os detalhes dessa fera!
#FutebolPaulista",93,"10/17/2025 13:30",https://www.instagram.com/reel/DP7GPj0jcBN/,"Reel do Instagram",,Total,326231,222147,6584,257,24,37,120
18081718754478751,17841400074692954,paulistao,Paulistão,"SALVA DE PALMAS PARA AS GUERREIRAS! 👏🩷
Que atitude do goleiro do Verdão para exaltar as mulheres participantes da campanha do Outubro Rosa!
#PaulistasEmCampo #OutubroRosa",0,"10/17/2025 13:17",https://www.instagram.com/p/DP7GaIlk1Ko/,"Imagem do Instagram",,Total,94084,37278,2596,24,0,10,22
18040985924480739,17841400074692954,paulistao,Paulistão,"O VERDÃO SEGUE NO TOPO! 🐷⬆️
Mais uma rodada chegou ao fim no @brasileirao. Vem ver como os paulistas estão na tabela!
#PaulistasEmCampo",0,"10/17/2025 12:00",https://www.instagram.com/p/DP65BgOk4gI/,"Imagem do Instagram",,Total,88943,40931,1660,16,4,23,21
17910616128248704,17841400074692954,paulistao,Paulistão,"Que categoria, Memphis✨😮‍💨
#PaulistãoSicrediÉDoBrasil #MemphisDepay #Corinthians",9,"10/17/2025 10:18",https://www.instagram.com/reel/DP6yAMDkUn9/,"Reel do Instagram",,Total,5084,3776,189,0,7,1,1
18058518635627404,17841400074692954,paulistao,Paulistão,"Ai, ai, ai! Que isso, Robinho!
#PaulistãoSicrediÉDoBrasil",5,"10/17/2025 09:51",https://www.instagram.com/reel/DP6u1rPDbul/,"Reel do Instagram",,Total,1745729,846242,77906,20949,904,519,4520
18081313954997796,17841400074692954,paulistao,Paulistão,"PARA CIMA, TIGRE! 🔥
Em busca dos três pontos para se manter no G4 do @brasileiraob!
#PaulistasEmCampo",0,"10/17/2025 06:00",https://www.instagram.com/p/DP6P3sTDR52/,"Imagem do Instagram",,Total,30315,12868,327,4,0,3,0
17975368751938633,17841400074692954,paulistao,Paulistão,"E ESSE GOLAÇO DO FELIPE ANDERSON?! 7️⃣🐷
Por aqui, ainda não superamos o que fez o camisa 7 do Palmeiras na noite de ontem... 😮‍💨
#PaulistasEmCampo #Palmeiras #FelipeAnderson",14,"10/16/2025 17:47",https://www.instagram.com/reel/DP49laeDEyH/,"Reel do Instagram",,Total,97410,70498,3814,20,10,20,32
18017044472611709,17841400074692954,paulistao,Paulistão,"São Paulo é superado pelo Grêmio no @brasileirao!
#FutebolPaulista #PaulistasEmCampo
📷Rubens Chiri/São Paulo FC",0,"10/16/2025 17:18",https://www.instagram.com/p/DP49U6UjFNV/,"Imagem do Instagram",,Total,48781,20543,850,323,1,52,6
18016584761610344,17841400074692954,paulistao,Paulistão,"Do alto da Vila Belmiro, direto pro fundo da rede ⚽️🫶🏽
ZÉ RAFAEL, O TREM!
#FutebolPaulista #PaulistasEmCampo #Santos",17,"10/16/2025 13:00",https://www.instagram.com/reel/DP4bHvOjFWa/,"Reel do Instagram",,Total,186931,103328,5462,32,5,15,26
18222277630305660,17841400074692954,paulistao,Paulistão,"O RECADO ESTÁ DADO!
O caminhão da Campanha ""Marque Esse Gol"" estará na Vila Belmiro nos dias 7 e 8 de outubro, oferecendo exames de mamografia gratuitos. 
Acesse www.marqueessegol.com.br e agende seu exame.
#OutubroRosa #MarqueEsseGol #FPF",17,"10/06/2025 13:42",https://www.instagram.com/reel/DPe0j2jCuSs/,"Reel do Instagram",,Total,37189,26025,893,8,1,4,3
17998264964827733,17841400074692954,paulistao,Paulistão,"CHUVA DE GOLS NO ALLIANZ PARQUE! ⚽🏟️
Não está faltando bola na rede nos jogos do Palmeiras em casa! 
#PaulistasEmCampo",0,"10/16/2025 12:00",https://www.instagram.com/p/DP4XthVj_Ia/,"Imagem do Instagram",,Total,64640,30984,1520,45,2,52,23
18099837562594947,17841429857362439,paulistaof,"Paulistão F Petrobras","PRÓXIMO DESTINO!
A Avenida do Povo, em frente ao Estádio Joaquim de Morais Filho, vai receber a campanha ""Marque Esse Gol"", uma iniciativa da FPF com a Fundação Laço Rosa e a Marque Esse Gol que leva carretas de mamografia para diversos pontos do Estado. Acesse: www.marqueessegol.com.br e faça sua inscrição gratuitamente!
#FPF #MarqueEsseGol #OutubroRosa",0,"10/16/2025 11:00",https://www.instagram.com/p/DP4NILxDSX6/,"Imagem do Instagram",,Total,35135,6942,92,3,0,0,2
18325441087209211,17841404507430689,jp_drone,"João Paulo","Ontem fomos convidados para fazer a cobertura do clássico entre @santosfc X @corinthians pelo @brasileirao ….. Esse olhar de dentro do campo com nosso Drone, não é D+ ? 
-
Comentem….. 
-
-
@brasileirao 
-
-
@santosfc  X @corinthians 

@santosfc 

@santoscidade
-
@pele 
-

@atribunasantos 
@santoscidade 
@neymarjr 
@neysilva 
@viveremsantoseregiao 
@melhordesantos 
@eusoudesantos 
@revistamaissantos 
@santosdicass 
@visitesantos 
@praiagrandemilgrauoficial 
@litoral.br 
@diariodolitoral 
@partiuguaruja 
@litoraldesp 
@lugaresdesantos 
@santoseregiao 
@itutingapiloes_pesm 
-
-
-
-
@oslugaresincriveisdobrasil 
@oslugaresmaisincriveisdomundo 
-

-

#saopaulocity 
#saopauloofficial 
#jornaldaorla 
#vejasp 
#ig_saopaulo 
#atribuna 
#revistanove 
#sousampa 
#sp4you 
#missãovt 
#mtur 
#guiaamosantos 
#catracalivresp 
#guiasp24h 
#drone 
#atribunasantos 
#ilovesp 
#ig_beach_brasil 
#juicysantos 
#entardecerestadao 
#eusoudesantos 
#meucliqueestadao 
#meuclicknafolha 
#turismosantos 
#melhordesantos 
#archsp 
#saopauloofficial 
#oquefazeremsampa 
#diariodolitoral 
@djiglobal @lojadji @dji_brazil",85,"10/16/2025 09:12",https://www.instagram.com/reel/DP4FM0PgEru/,"Reel do Instagram",,Total,31928,20890,1719,20,7,22,0
18206143798310956,17841400074692954,paulistao,Paulistão,"BOLA DE UM LADO, GOLEIRO DO OUTRO 🎯⚽️
🇦🇷 ROLLHEISER CONCENTRADO E FOCADO PARA MARCAR O GOL DO PEIXÃO! 
#FutebolPaulista #PaulistasEmCampo #Santos",23,"10/16/2025 08:27",https://www.instagram.com/reel/DP4AQXTDcZj/,"Reel do Instagram",,Total,1040725,554515,76786,798,136,287,654
18078891647020167,17841475157462842,spydersbr,"SPYDERS BRAZIL","Explodiu a Vila! 💣🤍🖤

#santos #AlvaroBarreal #Brazil",32,"10/16/2025 06:01",https://www.instagram.com/reel/DP3uPOLCHrG/,"Reel do Instagram",,Total,105103,76080,7787,807,23,72,0
18095926750699915,17841400074692954,paulistao,Paulistão,"VAMOS, TRICOLOR! 🇾🇪❤️‍🔥
Hoje é pela vitória fora de casa! 
#PaulistasEmCampo",0,"10/16/2025 06:00",https://www.instagram.com/p/DP3q1MkEqh1/,"Imagem do Instagram",,Total,34690,12119,612,22,0,0,3
18296072968270104,17841400074692954,paulistao,Paulistão,"A COMEMORAÇÃO DO NEY NO TERCEIRO DO PEIXÃO! ⚪️⚫️🔥 #PaulistasEmCampo",17,"10/15/2025 20:40",https://www.instagram.com/reel/DP2veesjH0b/,"Reel do Instagram",,Total,997814,534442,27947,93,16,70,238
18041182919702789,17841400074692954,paulistao,Paulistão,"NOITE DOS MANDANTES!
Assim termina mais uma quarta-feira de #PaulistasEmCampo!",0,"10/15/2025 19:50",https://www.instagram.com/p/DP2oILIjmmi/,"Imagem do Instagram",,Total,177645,98277,6131,119,29,163,41
17910197967097392,17841400074692954,paulistao,Paulistão,"VITÓRIA DO PEIXÃO!
Quem levou a melhor no Clássico Alvinegro foi a equipe da Baixada Santista 🔥
#PaulistasEmCampo
📷Raul Baretta/Santos FC",0,"10/15/2025 19:30",https://www.instagram.com/p/DP2njuIjrYK/,"Imagem do Instagram",,Total,114967,61261,5085,630,19,96,37
18067514504346420,17841400074692954,paulistao,Paulistão,"GOOOOOOL! Raniele diminui pro Corinthians! #PaulistasEmCampo",13,"10/15/2025 18:51",https://www.instagram.com/reel/DP2izuSDMcf/,"Reel do Instagram",,Total,76221,50477,1941,22,10,9,12
17915804955067102,17841400074692954,paulistao,Paulistão,"Rolheiser amplia para o Peixe! 🐳

Santos 3x0 Corinthians 

#paulistasemcampo #santosfc",20,"10/15/2025 18:49",https://www.instagram.com/reel/DP2isB0DC0N/,"Reel do Instagram",,Total,73432,49290,4463,130,6,21,22
18035242619687807,17841400074692954,paulistao,Paulistão,"VOCÊ PISCOU E…
Teve mais um gol do Tigrinho 🐯
#PaulistasEmCampo",30,"10/15/2025 18:22",https://www.instagram.com/reel/DP2fxryjBKT/,"Reel do Instagram",,Total,375611,244127,28043,1119,628,208,269
18076361093325052,17841400074692954,paulistao,Paulistão,"BARREAL! ⚽️🔥

O argentino amplia para o Santos no Clássico!

Santos 2x0 Corinthians 

#paulistasemcampo #santosfc",36,"10/15/2025 18:16",https://www.instagram.com/reel/DP2fG4sDLTf/,"Reel do Instagram",,Total,172528,123918,7949,1614,20,148,130
17950815611898956,17841400074692954,paulistao,Paulistão,"MAIS TRÊS!
O Mirassol garante vence mais uma!
#PaulistasEmCampo
📷 JP Pinheiro/Agencia Mirassol",0,"10/15/2025 17:57",https://www.instagram.com/p/DP2c7ZjDOjT/,"Imagem do Instagram",,Total,43855,22426,647,37,0,9,2
18537596449006599,17841400074692954,paulistao,Paulistão,"NONA VITÓRIA SEGUIDA!
De virada, o Verdão garantiu mais três pontos no @brasileirao.
#PaulistasEmCampo
📷 Cesar Greco/Palmeiras",0,"10/15/2025 17:49",https://www.instagram.com/p/DP2b85VE3cZ/,"Imagem do Instagram",,Total,48442,23633,1794,111,0,10,12
17887103778378874,17841400074692954,paulistao,Paulistão,"QUE JOGADA!
O Felipe Anderson tem que dar metade do gol pro Allan, hein?? 
#PaulistasEmCampo
🎥 Premiere",20,"10/15/2025 17:45",https://www.instagram.com/reel/DP2bbz_DPuU/,"Reel do Instagram",,Total,298412,191568,21567,1086,165,173,137
17946531852051681,17841400074692954,paulistao,Paulistão,"Zé Rafael abre o placar para o Peixe! 🔥🐳

Santos 1x0 Corinthians 

#paulistasemcampo #santosfc",40,"10/15/2025 17:38",https://www.instagram.com/reel/DP2aj94DIXp/,"Reel do Instagram",,Total,186920,110409,7064,420,17,153,69
17882567079401552,17841400074692954,paulistao,Paulistão,"QUE EMOÇÃO 🥹🩷
As participantes da Campanha “Marque Esse Gol” não seguraram a emoção de estar em campo no Allianz Parque na noite desta quarta-feira. 
#OutubroRosa",22,"10/15/2025 17:26",https://www.instagram.com/reel/DP2ZWKvjEp7/,"Reel do Instagram",,Total,452691,342472,7009,974,38,220,109
18013897124619742,17841400074692954,paulistao,Paulistão,"Nenhum adm foi ferido na gravação desse vídeo! 🤣🤣🤣🤣 #PaulistasEmCampo",6,"10/15/2025 17:21",https://www.instagram.com/reel/DP2Yc9ZjNf9/,"Reel do Instagram",,Total,47131,26366,1526,33,3,6,12
18320583949215726,17841400074692954,paulistao,Paulistão,"@r.junior.07 pronto para o clássico! ⚽️🔥

#paulistasemcampo #clássicoalvinegro",16,"10/15/2025 17:01",https://www.instagram.com/reel/DP2WR6eDMB0/,"Reel do Instagram",,Total,3878933,2255738,197545,3456,5405,492,2606
17934362559095455,17841400074692954,paulistao,Paulistão,"FESTA EM SANTOS! ⚪️⚫️
A torcida do Peixão recebeu os jogadores assim antes do Clássico Alvinegro! 👏 #PaulistasEmCampo",59,"10/15/2025 16:56",https://www.instagram.com/reel/DP2VCzrDDMP/,"Reel do Instagram",,Total,42633,28920,2670,57,4,15,25
17987827472730574,17841400074692954,paulistao,Paulistão,"CAMPANHA NECESSÁRIA!
Para o clássico diante do Santos, o Corinthians entrará em campo com uma frase para reforçar a luta contra o feminicídio. Lembre-se, você não está sozinha!
☎ Central de atendimento à mulher: 180
#PaulistasEmCampo
📷 Reprodução/@corinthians",0,"10/15/2025 16:44",https://www.instagram.com/p/DP2Um0xDI6N/,"Carrossel do Instagram",,Total,62709,18649,3370,3,3,8,14
18332401585234578,17841400074692954,paulistao,Paulistão,"YURI ALBERTO, O CARA DO CLÁSSICO ALVINEGRO!
Na semifinal do Paulistão Sicredi, o camisa 9 do Timão brilhou. Será que hoje ele deixa a sua marca na Vila Belmiro?
#FutebolPaulista #PaulistãoSicredi #Corinthians",21,"10/15/2025 13:00",https://www.instagram.com/reel/DP12MzeFd9c/,"Reel do Instagram",,Total,169752,105259,12292,296,33,158,183
17928998370104700,17841400074692954,paulistao,Paulistão,"TUDO PRONTO PARA O PAULISTÃO A4!
16 equipes vão com tudo em busca do acesso em 2026. Saiba mais em futebolpaulista.com.br!
#PaulistãoA4",0,"10/15/2025 12:37",https://www.instagram.com/p/DP14PLOk5wq/,"Carrossel do Instagram",,Total,229513,83936,3326,270,51,109,92
18107556673595851,17841400074692954,paulistao,Paulistão,"TIQUINHO SOARES NÃO PERDOA!
Quem será que faz gol pelo Peixão no clássico? 
#FutebolPaulista #PaulistãoSicredi #Santos",30,"10/15/2025 12:00",https://www.instagram.com/reel/DP1wpP9jiS8/,"Reel do Instagram",,Total,118448,69572,6905,103,4,97,79
18067990634353820,17841400074692954,paulistao,Paulistão,"VAAAAAI, CORINTHIANS! 🦅
Nada importa além da vitória para o Timão no Clássico Alvinegro!
#PaulistasEmCampo #Corinthians",0,"10/15/2025 11:00",https://www.instagram.com/p/DP1oXdeD4PF/,"Imagem do Instagram",,Total,212246,98216,11871,573,5,79,87
18074092664185712,17841400074692954,paulistao,Paulistão,"PARA CIMA DELES, SANTOS! 🐳
É dia de clássico no Alçapão e a Vila Belmiro vai pegar fogo! Qual é seu o palpite, torcedor?
#PaulistasEmCampo #Santos",0,"10/15/2025 10:00",https://www.instagram.com/p/DP1hkmlEXEx/,"Imagem do Instagram",,Total,57523,27344,2283,81,1,23,10
17870523669374007,17841400074692954,paulistao,Paulistão,"Em dia de Clássico Alvinegro, que tal relembrar esse drible do @yurialberto? 😮‍💨
#PaulistasEmCampo #Corinthians",18,"10/15/2025 09:22",https://www.instagram.com/reel/DP1hu-zjTXf/,"Reel do Instagram",,Total,227050,147112,18219,887,874,189,205
18182504104346438,17841400074692954,paulistao,Paulistão,"ALÔ, SÃO JOSÉ!
No dia 16 de outubro, o estádio Martins Pereira vai receber a campanha ""Marque Esse Gol"", uma iniciativa da FPF com a Fundação Laço Rosa e a Marque Esse Gol. A campanha leva carretas de mamografia para diversos pontos do Estado. Acesse: www.marqueessegol.com.br e faça sua inscrição!
#FPF #MarqueEsseGol #OutubroRosa",0,"10/15/2025 09:00",https://www.instagram.com/p/DP1aoHQj-ry/,"Imagem do Instagram",,Total,59498,14050,132,12,1,0,1
17897342091315521,17841400074692954,paulistao,Paulistão,"FUTEBOL PAULISTA VOANDO! 🚀
São três acessos conquistados nesse ano, um para a #SérieC e dois para o @brasileiraob!
#PaulistasEmCampo",0,"10/15/2025 08:00",https://www.instagram.com/p/DP1T2yHj-M7/,"Imagem do Instagram",,Total,57894,28876,1120,39,3,33,20
18082296854293112,17841400074692954,paulistao,Paulistão,"TIQUINHO SOARES NÃO PERDOA!
Ele vai repetir a dose no Clássico Alvinegro de hoje?
#FutebolPaulista #PaulistãoSicredi #Santos",30,"10/15/2025 07:58",https://www.instagram.com/reel/DP1YZkGjdZp/,"Reel do Instagram",,Total,12014,10603,601,11,24,0,2
17969038028807053,17841400074692954,paulistao,Paulistão,"YURI ALBERTO, O CARA DO CLÁSSICO ALVINEGRO!
Na semifinal do Paulistão Sicredi, o camisa 9 do Timão brilhou. Será que hoje ele deixa a sua marca na Vila Belmiro?
#FutebolPaulista #PaulistãoSicredi #Corinthians",21,"10/15/2025 07:48",https://www.instagram.com/reel/DP1XJLCDXuj/,"Reel do Instagram",,Total,4672,4143,258,5,9,6,1
18099975196644142,17841400074692954,paulistao,Paulistão,"VERDÃO ⚔️ MASSA BRUTA!
Mais um dia de @brasileirao com Duelo de Paulistas. Quem vai levar a melhor?
#PaulistasEmCampo",0,"10/15/2025 07:00",https://www.instagram.com/p/DP1M-iKDQMY/,"Imagem do Instagram",,Total,44277,20177,1277,37,0,11,13
17859324084458887,17841400074692954,paulistao,Paulistão,"QUARTA-FEIRA DE @brasileirao FEAT. CLÁSSICO ALVINEGRO! ⚽🔥
Dois duelos paulistas + Mirassol no Maião em busca dos três pontos! 
#PaulistasEmCampo",0,"10/15/2025 06:00",https://www.instagram.com/p/DP1GC-yj2E-/,"Imagem do Instagram",,Total,30499,12766,515,12,0,3,6
18127642633469669,17841400074692954,paulistao,Paulistão,"AULA IMPORTANTE!
Neste Dia do Professor, nada como uma homenagem aos professores do #FutebolPaulista! 
#DiaDoProfessor",0,"10/15/2025 05:00",https://www.instagram.com/p/DP0_WBQEoBv/,"Imagem do Instagram",,Total,61695,27337,1277,20,0,4,8
17850951648533683,17841400074692954,paulistao,Paulistão,"QUEM VENCE O CLÁSSICO ALVINEGRO DE HOJE? ⚔️🔥
Santos e Corinthians vão medir forças para tentar alcançar a vitória no clássico no @brasileirao!
#PaulistasEmCampo #ClássicoAlvinegro",0,"10/14/2025 20:05",https://www.instagram.com/p/DP0BnhEkbUv/,"Imagem do Instagram",,Total,150772,85896,3780,134,2,78,30
18110671492568727,17841400074692954,paulistao,Paulistão,"ASSISTÊNCIA DO @flacolopez_10 NA SELEÇÃO!
A fase é boa até fora do Brasil! O argentino deu essa assistência para o terceiro gol da Argentina no amistoso contra Porto Rico. 
#PaulistasEmCampo #FlacoLopez 
🎥@cazetv",16,"10/14/2025 18:05",https://www.instagram.com/reel/DPz40YQDNpe/,"Reel do Instagram",,Total,469187,255568,14033,681,23,163,201
17944430298062220,17841400074692954,paulistao,Paulistão,"O Botafogo se manteve no empate com a Chapecoense fora de casa no @brasileiraob!
#PaulistasEmCampo
📷Liamara Polli/Polli Imagens/Agência Botafogo/Divulgação",0,"10/14/2025 17:30",https://www.instagram.com/p/DPz1CZXD-_V/,"Imagem do Instagram",,Total,21031,10730,218,7,0,4,2
18527961397050402,17841400074692954,paulistao,Paulistão,"QUEM TEM MAIS TEM TRÊS!
Com o título do @xvpiracicaba, Moisés Egert se tornou o treinador que mais vezes venceu a Copa Paulista Sicredi. Vem conferir os maiores campeões 🤩
#CopaPaulistaSicredi",0,"10/14/2025 15:30",https://www.instagram.com/p/DPzidNsD1La/,"Imagem do Instagram",,Total,55461,28242,508,23,0,3,4
17905270149125431,17841400074692954,paulistao,Paulistão,"A BOLA DA VEZ ⚽
Mais uma final, mais uma bola da @penaltybr que entrou para a história, dessa vez com o título do @xvpiracicaba na #CopaPaulistaSicredi 🔥",10,"10/14/2025 15:00",https://www.instagram.com/reel/DPzfPdDFOJ8/,"Reel do Instagram",,Total,42259,23709,1049,31,3,7,17
18135544945494726,17841400074692954,paulistao,Paulistão,"ESTAMOS CHEGANDO, BRAGANÇA PAULISTA!
Chegou a hora da carreta da campanha ""Marque Esse Gol"" passar pelo Posto de Monta. A iniciativa da FPF com a Fundação Laço Rosa e a Marque Esse Gol leva carretas de mamografia para diversos pontos do Estado. Acesse: www.marqueessegol.com.br e faça sua inscrição de forma gratuita!
#FPF #MarqueEsseGol #OutubroRosa",0,"10/14/2025 14:00",https://www.instagram.com/p/DPzYUz0Et5c/,"Imagem do Instagram",,Total,89210,12440,234,18,0,7,1
18119485798515257,17841406439444749,ecnoroeste,"E.C. Noroeste","Marque esse Gol pela Vida! 💗

Mesmo com a chuva, o resultado foi um sucesso: a carreta da @fpf_oficial realizou mamografias gratuitas em uma ação do Outubro Rosa. ⚽

Nosso agradecimento a todas as mulheres que estiveram presentes e à FPF, por essa iniciativa que leva cuidado, prevenção e esperança por onde passa. 💞

#MarqueEsseGol #outubrorosa #FPF #noroeste #saúdedamulher #vainorusca",20,"10/14/2025 10:45",https://www.instagram.com/reel/DPzGkDPCdW_/,"Reel do Instagram",,Total,28718,19330,183,7,0,6,0
18064675898376771,17841400074692954,paulistao,Paulistão,"VAMOS, PANTERA!
O Botafogo vai em busca dos três pontos para subir na tabela do @brasileiraob!
#PaulistasEmCampo",0,"10/14/2025 06:00",https://www.instagram.com/p/DPyhPDjkSuU/,"Imagem do Instagram",,Total,18062,7222,136,3,0,5,1
18095062969829150,17841400074692954,paulistao,Paulistão,"Hoje não deu para o Brasil.
#Brasil #SeleçãoBrasileira
📷Rafael Ribeiro/CBF",0,"10/14/2025 05:50",https://www.instagram.com/p/DPyk58oji0R/,"Imagem do Instagram",,Total,61054,27275,1268,22,1,109,6
18077876483026027,17841400074692954,paulistao,Paulistão,"HOJE TEM BRASIL!🇧🇷
Depois da goleada sobre a Coreia do Sul, a Seleção Brasileira enfrenta o Japão em busca de mais uma vitória!
#Brasil #SeleçãoBrasileira",0,"10/13/2025 20:05",https://www.instagram.com/p/DPxc0mIj7JD/,"Imagem do Instagram",,Total,92052,45902,4033,105,1,35,15
18071829977464022,17841400074692954,paulistao,Paulistão,"TUDO IGUAL!
A Locomotiva Grená volta de Maceió com mais um ponto na Série B.
#PaulistasEmCampo
📷Luis Miguel Ferreira/Ferroviária",0,"10/13/2025 19:36",https://www.instagram.com/p/DPxerT2EQ7K/,"Imagem do Instagram",,Total,41051,19462,442,6,0,7,2
18031887992512164,17841400074692954,paulistao,Paulistão,"PARA CIMA, LOCOMOTIVA! 🚂🔥
Vamos voltar a vencer esta noite, @afeoficial! 
#PaulistasEmCampo #Ferroviária",31,"10/13/2025 15:00",https://www.instagram.com/reel/DPw-NOtkXcj/,"Reel do Instagram",,Total,26704,19193,468,2,0,8,3
18050247719336053,17841400074692954,paulistao,Paulistão,"SEMANA CHEIA! 🩷
Esses são os estádios que vão receber a carreta campanha ""Marque Esse Gol"" nessa semana! O projeto é uma iniciativa da FPF com a Fundação Laço Rosa e a Marque Esse Gol que leva carretas de mamografia para diversos pontos do Estado. Acesse: www.marqueessegol.com.br e agende seu exame gratuito!
#FPF #MarqueEsseGol #OutubroRosa",0,"10/13/2025 14:13",https://www.instagram.com/p/DPw5qRVDz_u/,"Carrossel do Instagram",,Total,52026,24475,150,3,0,1,1
18197214148317607,17841400074692954,paulistao,Paulistão,"CHEGOU NO TOPO 3️⃣🏆
Com o título da Copa Paulista Sicredi 2025, o @xvpiracicaba divide o posto de maior campeão da competição junto com o Paulista. Confira a lista completa.
#CopaPaulistaSicredi",0,"10/13/2025 12:30",https://www.instagram.com/p/DPwpNWvk-yS/,"Imagem do Instagram",,Total,60806,29888,674,27,4,20,5
18079561811043727,17841400074692954,paulistao,Paulistão,"ESTAMOS CHEGANDO, PIRACICABA!
O Estádio Barão de Serra Negra vai receber  a campanha ""Marque Esse Gol"", uma iniciativa da FPF com a Fundação Laço Rosa e a Marque Esse Gol que leva carretas de mamografia para diversos pontos do Estado. Acesse: www.marqueessegol.com.br e faça sua inscrição gratuitamente!
#FPF #MarqueEsseGol #OutubroRosa",0,"10/13/2025 11:00",https://www.instagram.com/p/DPwezLFCVp7/,"Imagem do Instagram",,Total,60279,16340,344,77,0,0,4
18401998282141643,17841400074692954,paulistao,Paulistão,"VAMOS, LOCOMOTIVA!
A Ferroviária joga pelos três pontos fora de casa no @brasileiraob!
#PaulistasEmCampo",0,"10/13/2025 06:00",https://www.instagram.com/p/DPv8a70DKAu/,"Imagem do Instagram",,Total,30630,13505,244,3,0,3,2
18074374052177640,17841400074692954,paulistao,Paulistão,"TÍTULO HISTÓRICO!
Há 48 anos, Basílio garantia o título do Maior Estadual do Brasil para o Corinthians. Como esquecer desse dia, hein, Fiel?!
#BaúDoPaulistão",0,"10/13/2025 04:00",https://www.instagram.com/p/DPvu0pjE6rg/,"Imagem do Instagram",,Total,50119,25129,1843,33,1,70,31
17891212188359590,17841400074692954,paulistao,Paulistão,"O TRICAMPEONATO EM DETALHES! 🏆
O XV de Piracicaba é o grande campeão da Copa Paulista Sicredi 2025!
#CopaPaulistaSicredi",61,"10/12/2025 14:06",https://www.instagram.com/reel/DPuUD9OE-5_/,"Reel do Instagram",,Total,44052,26602,2384,145,6,19,31
18097749895600230,17841400074692954,paulistao,Paulistão,"PRA CIMA DELES, TIGRE!
Novorizontino vence em casa e assume a vice-liderança da Série B!
#PaulistasEmCampo
📷Higor Basso/Novorizontino",0,"10/12/2025 14:03",https://www.instagram.com/p/DPuTwGcEiF8/,"Imagem do Instagram",,Total,55115,27009,881,13,3,6,6
17923831386150901,17841401535223680,pontepretaoficial,"🦍 Ponte Preta","Meu nome é Ponte Preta!!! ❤️🦍 

🎥 Erik Parra/PonTV

#Dérbi212 #PontePreta",91,"10/12/2025 09:11",https://www.instagram.com/reel/DPtyCZtEQhO/,"Reel do Instagram",,Total,139740,66962,5061,347,15,118,0
18076043474325112,17841400074692954,paulistao,Paulistão,"FAÇA A SUA MAMOGRAFIA GRATUITA!
No dia 13 de outubro, Bauru vai receber a campanha ""Marque Esse Gol"", uma iniciativa da FPF com a Fundação Laço Rosa e a Marque Esse Gol. A campanha leva carretas de mamografia para diversos pontos do Estado. Acesse: www.marqueessegol.com.br e faça sua inscrição!
#FPF #MarqueEsseGol #OutubroRosa",0,"10/12/2025 07:00",https://www.instagram.com/p/DPteeQaAT4x/,"Imagem do Instagram",,Total,36451,9805,118,2,0,1,1
18025822442729347,17841400074692954,paulistao,Paulistão,"PARA CIMA DELES, TIGRE!
O Novorizontino precisa da vitória para subir na tabela do @brasileiraob!
#PaulistasEmCampo",0,"10/12/2025 06:00",https://www.instagram.com/p/DPtXg-YDZ31/,"Imagem do Instagram",,Total,35898,15673,344,7,0,4,3
18045192149396675,17841400074692954,paulistao,Paulistão,"O TEMPLO DO FUTEBOL!
109 ANOS DA INAUGURAÇÃO DA VILA BELMIRO!
#FutebolPaulista
📷Bob Paulino/Ag. Paulistão",0,"10/12/2025 05:00",https://www.instagram.com/p/DPtQu1Fj-KO/,"Carrossel do Instagram",,Total,133588,37668,4209,16,5,30,28
17854260219551299,17841400074692954,paulistao,Paulistão,"OS MINI CRAQUES DO PAULISTÃO SICREDI 2025! 🤏
No clima do Dia das Crianças, esses são os premiados do campeonato desse ano quando eram pequenos!
#PaulistãoSicredi #DiaDasCrianças",0,"10/12/2025 04:30",https://www.instagram.com/p/DPtNSA4D4Qm/,"Imagem do Instagram",,Total,203363,83330,7775,174,2,57,128
18044966201396923,17841400074692954,paulistao,Paulistão,"COMEMORA, PROFESSOR! 🏆
Moisés Egert se tornou o primeiro treinador tricampeão da Copa Paulista Sicredi!
#CopaPaulistaSicredi
📷Mariana Kasten/XV de Piracicaba",0,"10/12/2025 04:20",https://www.instagram.com/p/DPtRCHVD_qn/,"Imagem do Instagram",,Total,114119,60231,2223,12,18,17,21
17875705773329858,17841400074692954,paulistao,Paulistão,"PARABÉNS PARA O LEÃO DA SOROCABANA!
Campeão do Paulistão A2 Sicredi 2025, o @capivariano completa 107 anos!
#FPF #Aniversário",0,"10/12/2025 03:00",https://www.instagram.com/p/DPtC0ECiZmR/,"Imagem do Instagram",,Total,79389,27158,862,14,1,13,16
18003435407806041,17841400074692954,paulistao,Paulistão,"SOBRANDO CATEGORIA! 😮‍💨🔥
Que drible foi esse, @erikbessa?! 
#CopaPaulistaSicredi",15,"10/11/2025 19:24",https://www.instagram.com/reel/DPsTcZ6DIlo/,"Reel do Instagram",,Total,186369,105542,5261,160,28,67,50
18393157546192463,17841400074692954,paulistao,Paulistão,"FALA, CAMPEÃO!🎙️
O zagueiro Luiz Felipe falou sobre o sentimento de ser campeão da Copa Paulista Sicredi pelo @xvpiracicaba!
#CopaPaulistaSicredi",16,"10/11/2025 18:22",https://www.instagram.com/reel/DPsMKa4DMlC/,"Reel do Instagram",,Total,94356,57182,4616,61,25,82,28
18096131011667192,17841400074692954,paulistao,Paulistão,"O NOME DO TÍTULO 🏆
Almir Luan fez o gol no último lance do jogo e ajudou o XV de Piracicaba se sagrar campeão da Copa Paulista Sicredi.
#CopaPaulistaSicredi",9,"10/11/2025 18:07",https://www.instagram.com/reel/DPsKO48DPRA/,"Reel do Instagram",,Total,49644,27307,2014,27,2,19,16
18078113165022295,17841400074692954,paulistao,Paulistão,"NO ÚLTIMO MINUTO! ⚽️🔥
Porque o @xvpiracicaba é para quem acredita! Campeão da Copa Paulista Sicredi de virada com gol nos acréscimos: isso é XV! 🏆✨
#CopaPaulistaSicredi #XVdePiracicaba",20,"10/11/2025 17:54",https://www.instagram.com/reel/DPsJYmPDLT4/,"Reel do Instagram",,Total,217938,119022,11464,1052,119,171,126
18388557019134669,17841400074692954,paulistao,Paulistão,"É CAMPEÃO! 🥇
XV de Piracicaba é tricampeão da Copa Paulista
Sicredi!
#CopaPaulistaSicredi",35,"10/11/2025 17:49",https://www.instagram.com/reel/DPsIoUnDK-o/,"Reel do Instagram",,Total,76777,45545,4450,128,16,41,25
18071084693000888,17841400074692954,paulistao,Paulistão,"Ponto final em mais um sábado na história do #PaulistasEmCampo.
#FutebolPaulista",0,"10/11/2025 17:33",https://www.instagram.com/p/DPsG_teDs6G/,"Imagem do Instagram",,Total,68147,35485,727,7,4,15,10
18052078721303731,17841400074692954,paulistao,Paulistão,"Primavera vice-campeão da Copa Paulista Sicredi🥈Parabéns pelo desempenho na competição!
#CopaPaulistaSicredi",13,"10/11/2025 17:30",https://www.instagram.com/reel/DPsGX48jPVI/,"Reel do Instagram",,Total,85367,49785,2804,32,15,199,16
18082957639781477,17841400074692954,paulistao,Paulistão,"PIRACICABA VAI FICAR PEQUENA!
É sábado de festa com o título do XV! 
#CopaPaulistaSicredi
📷Diego Soares/Ag. Paulistão",0,"10/11/2025 17:16",https://www.instagram.com/p/DPsFFL9DskU/,"Carrossel do Instagram",,Total,158842,47327,4026,146,6,26,21
17859071775457677,17841400074692954,paulistao,Paulistão,"É O XV DE PIRACICABA!
Tricampeão da Copa Paulista Sicredi!
#CopaPaulistaSicredi
📷Rodrigo Corsi/Ag. Paulistão",0,"10/11/2025 17:02",https://www.instagram.com/p/DPsDeXjjGO1/,"Carrossel do Instagram",,Total,124210,38335,3173,94,4,21,14
17846631738581279,17841400074692954,paulistao,Paulistão,"GOOOOOOOOOL DO XV DE PIRACICABA NO ÚLTIMO LANCE DO JOGO!
#CopaPaulistaSicredi",27,"10/11/2025 16:57",https://www.instagram.com/reel/DPsBpZGDA6l/,"Reel do Instagram",,Total,175401,100101,7572,584,68,176,110
18060171797424718,17841400074692954,paulistao,Paulistão,"AVANTI, PALESTRA!
Palmeira vence o Juventude em jogo atrasado e abre vantagem na liderança do Brasileirão!
#PaulistasEmCampo
📷Cesar Greco/Palmeiras",0,"10/11/2025 16:55",https://www.instagram.com/p/DPsCnLeAJU7/,"Imagem do Instagram",,Total,43646,20563,1418,103,2,27,7
17864333229472947,17841400074692954,paulistao,Paulistão,"OLHA O GOL!
Após ficar longe dos gramados por quase dois anos, o atacante Bruno Rodrigues marcou seu primeiro gol com a camisa do Palmeiras! Teve até beijinho no joelho operado na hora da comemoração!
#PaulistasEmCampo
🎥Premiere",33,"10/11/2025 16:39",https://www.instagram.com/reel/DPsAxfECZ4i/,"Reel do Instagram",,Total,138244,80359,4058,64,4,37,22
18074239211132873,17841400074692954,paulistao,Paulistão,"TRÊS VEZES XV!
XV de Piracicaba reverte a desvantagem no agregado, vence o Primavera e fatura o tricampeonato da Copa Paulista Sicredi!
#CopaPaulistaSicredi
📷Diego Soares/Ag. Paulistão",0,"10/11/2025 16:15",https://www.instagram.com/p/DPr-HUvjEYD/,"Carrossel do Instagram",,Total,142684,64141,2965,119,5,33,11
17860012152513394,17841400074692954,paulistao,Paulistão,"FESTA EM PIRACICABA!
O Nhô Quim é campeão da Copa Paulista Sicredi 2025!
#CopaPaulistaSicredi",0,"10/11/2025 16:04",https://www.instagram.com/p/DPr80HxDFMZ/,"Imagem do Instagram",,Total,945292,340372,14237,4691,46,252,115
17971905104952904,17841400074692954,paulistao,Paulistão,"GOOOOOOOOL DO XV DE PIRACICABA
#CopaPaulistaSicredi",14,"10/11/2025 15:54",https://www.instagram.com/reel/DPr7IUBDRbl/,"Reel do Instagram",,Total,337818,214505,7100,325,83,53,81
17910549132232495,17841400074692954,paulistao,Paulistão,"RESULTADO HISTÓRICO!
São Bernardo fica no empate com o Londrina e conquista o acesso para a Série B pela primeira vez na história!
#PaulistasEmCampo
📷Reginaldo Júnior/Divulgação/São Bernardo",0,"10/11/2025 15:53",https://www.instagram.com/p/DPr7ltfiX3O/,"Imagem do Instagram",,Total,48973,21486,945,11,0,11,6
17890476156225324,17841400074692954,paulistao,Paulistão,"EM BUSCA DA TAÇA!
Ponte Preta vence o Dérbi Campineiro e garante a vaga na final da Série C!
#PaulistasEmCampo
📷Alexandre Battibugli/Ag. Paulistão",0,"10/11/2025 15:47",https://www.instagram.com/p/DPr63PegKUl/,"Imagem do Instagram",,Total,60133,27777,1241,15,2,35,4
18082818508972541,17841439531341720,brasileiraob,"Brasileirão Série B","🟡⚫ O TIGRE TÁ NA BZONA!

O São Bernardo conquistou o acesso! Da Série C pra Série B!

Mais um passo gigante na história do Bernô, que segue rugindo cada vez mais alto! 🐯💛🖤 #BrasileirãoSupertbet",0,"10/11/2025 15:05",https://www.instagram.com/p/DPr2G_1kR7c/,"Imagem do Instagram",,Total,218730,80750,3836,323,29,190,0
18534843373025760,17841400074692954,paulistao,Paulistão,"ARERÊÊÊÊÊÊÊÊ, O BERNÔ VAI JOGAR A SÉRIE B! 🐯⬆️
O SÃO BERNARDO CONQUISTA O ACESSO!
#PaulistasEmCampo",5,"10/11/2025 15:04",https://www.instagram.com/reel/DPr1-BPDqEY/,"Reel do Instagram",,Total,140134,78535,3573,442,15,72,44
18419888629128800,17841400074692954,paulistao,Paulistão,"VAI BUSCAR A TAÇA, MACACA! 🦍
A Ponte Preta está na decisão da Série C!
#PaulistasEmCampo",0,"10/11/2025 15:02",https://www.instagram.com/p/DPr1yVeEWro/,"Imagem do Instagram",,Total,108079,52291,3659,188,13,48,39
18343735054204096,17841401535223680,pontepretaoficial,"🦍 Ponte Preta","GOOOOOOOOOOOOOOOOOOOOOOOOOOOLLLLLLLLLL!!!! Bruno Lopes estufa as redes e abre o marcador! 🔥🔥🔥🦍🦍🦍 #PONxGUA (1x0) #Dérbi212 #PontePreta",47,"10/11/2025 13:54",https://www.instagram.com/reel/DPrpXL6EUSi/,"Reel do Instagram",,Total,350791,224129,14892,1062,945,277,0
18022497557758323,17841400074692954,paulistao,Paulistão,"⚽️🥇🥈
#CopaPaulistaSicredi 
📷Diego Soares/Ag. Paulistão",0,"10/11/2025 13:23",https://www.instagram.com/p/DPrqctTDpZ0/,"Carrossel do Instagram",,Total,50870,14092,792,3,1,4,5
18150894559365318,17841400074692954,paulistao,Paulistão,"É DIA DE DECISÃO!
Chegou a hora de conhecer o grande campeão da Copa Paulista Sicredi 2025!
#CopaPaulistaSicredi
📷Diego Soares/Ag. Paulistão",0,"10/11/2025 13:03",https://www.instagram.com/p/DProKSID4ge/,"Carrossel do Instagram",,Total,48399,13913,896,2,1,5,10
18131680363464982,17841400074692954,paulistao,Paulistão,"NAQUELE PIQUE!
Visitante no jogo de hoje, o Primavera chegou em grande estilo para a final da Copa Paulista Sicredi!
#FPF #Cometa #ClubeGiro
📷Diego Soares/Ag. Paulistão",0,"10/11/2025 12:46",https://www.instagram.com/p/DPrmDyJEzqZ/,"Carrossel do Instagram",,Total,61369,16957,470,3,0,1,5
18101848258712361,17841401535223680,pontepretaoficial,"🦍 Ponte Preta","É a #MaiorDoInterior recepcionando o elenco do time do povo. Vamoooos! 🔥

📸 Júlio César Costa/PontePress

#Dérbi212 #PontePreta",0,"10/11/2025 11:50",https://www.instagram.com/p/DPrftrtEWfx/,"Carrossel do Instagram",,Total,192747,51485,5584,350,15,57,0
18535063378046955,17841429857362439,paulistaof,"Paulistão F Petrobras","PARA GALERA DE MARÍLIA!
No dia 12 de outubro, o estádio Bento de Abreu Sampaio Vidal vai receber a campanha ""Marque Esse Gol"", uma iniciativa da FPF com a Fundação Laço Rosa e a Marque Esse Gol. Faça a sua inscrição em www.marqueessegol.com.br e agende sua mamografia.",0,"10/11/2025 10:00",https://www.instagram.com/p/DPrOV-DgH4Z/,"Imagem do Instagram",,Total,34876,8090,80,3,0,0,1
18083042881768234,17841400074692954,paulistao,Paulistão,"A SÉRIE B É LOGO ALI! VAI COM TUDO, TIGRE!🐯
O JOGO QUE VALE O ACESSO PARA O SÃO BERNARDO!
#FutebolPaulista #PaulistasEmCampo #SãoBernardo",0,"10/11/2025 07:00",https://www.instagram.com/p/DPq5sxFDqC5/,"Imagem do Instagram",,Total,55228,26087,556,26,3,17,7
17923197324158901,17841400074692954,paulistao,Paulistão,"VALE A TAÇA 🔥🏆
QUEM VAI LEVAR A MELHOR NA FINAL DA COPA PAULISTA SICREDI? 
#CopaPaulistaSicredi",0,"10/11/2025 06:00",https://www.instagram.com/p/DPqy8pcFIXC/,"Imagem do Instagram",,Total,64110,31986,893,38,8,25,4
17890395837221199,17841400074692954,paulistao,Paulistão,"A BAIXADA SANTISTA CONQUISTOU O MUNDO!
Há 63 anos, o Santos de Pelé, Coutinho e Pepe vencia o Benfica e conquistava o Mundial pela primeira vez.
#BaúDoPaulistão",0,"10/11/2025 04:00",https://www.instagram.com/p/DPqlDKojMv5/,"Imagem do Instagram",,Total,225638,103652,8229,240,16,93,96
18060100496528417,17841400074692954,paulistao,Paulistão,"QUEM VENCE O DÉRBI 212? ⚔️🔥
Campinas vai ser palco de mais um clássico pela #SérieC entre Ponte Preta e Guarani! A Macaca quer a vaga na final, enquanto o Bugre pode garantir o acesso e a vaga na decisão!
#PaulistasEmCampo #DerbiCampineiro",0,"10/10/2025 20:05",https://www.instagram.com/p/DPpuc2iif7v/,"Imagem do Instagram",,Total,43782,22640,904,19,0,69,6
17844164712590917,17841426196827383,copinha,Copinha,"ANDRÉ, O POGBA DA FIEL!
Mais um filho do Terrão está brilhando no profissional do Timão!
O meio-campista fez o primeiro gol entre os profissionais e vem ganhando espaço com o técnico Dorival Júnior. O @_marco.pastore traz os detalhes dessa fera!
#FutebolPaulista",110,"10/10/2025 13:52",https://www.instagram.com/reel/DPpI1iZkrb7/,"Reel do Instagram",,Total,374695,238358,17443,908,65,157,417
18103326817618098,17841400074692954,paulistao,Paulistão,"🔟 ⚽🔥
QUE TEMPORADA DO KINGNALDO, HEIN?!
#FutebolPaulista",0,"10/10/2025 12:49",https://www.instagram.com/p/DPpBrYJkcsB/,"Imagem do Instagram",,Total,263246,78818,1188,14,0,9,14
18071687149979215,17841400732605092,guaranifc_oficial,"Guarani Futebol Clube","Ainda dá tempo de fazer a sua mamografia no Brinco de Ouro! 🎀

A Carreta do Amor está disponibilizando exames grátis e você pode agendar pelo www.marqueessegol.com.br.

Ame-se, previna-se e inspire outras mulheres. 💖 

📸 @raphaelsilvestre27/GuaraniFC

#OutubroRosa",0,"10/10/2025 10:37",https://www.instagram.com/p/DPoykMrEVKH/,"Carrossel do Instagram",,Total,98074,17189,625,7,1,7,0
17975314472946006,17841400074692954,paulistao,Paulistão,"QUE CATEGORIA!
O Vini Jr deixou o zagueiro na saudade para fazer o quinto gol da Seleção Brasileira!
#SeleçãoBrasileira #Brasil
🎥TV Globo",27,"10/10/2025 10:35",https://www.instagram.com/reel/DPoyQlklCHS/,"Reel do Instagram",,Total,4819305,3463974,199169,2090,3194,787,1450
18375142387149185,17841400074692954,paulistao,Paulistão,"Acharam que o #FutebolPaulista não ia entrar na trend? 🤪💇‍♂
#PaulistasEmCampo #CabeloMaluco",0,"10/10/2025 08:00",https://www.instagram.com/p/DPob5UBjmt7/,"Imagem do Instagram",,Total,486251,266248,9412,441,35,66,137
18345714427166625,17841400074692954,paulistao,Paulistão,"RODRYGO GOES!⚡️⚡️
MENINO DA VILA, CAMISA 10 E DOIS GOLS MARCADOS!
#SeleçãoBrasileira #Brasil
🎥TV Globo",49,"10/10/2025 07:23",https://www.instagram.com/reel/DPocUV4kg4o/,"Reel do Instagram",,Total,235144,149204,16151,378,136,126,110
17882597742400992,17841400074692954,paulistao,Paulistão,"O ESTÊVÃO É FERA! ⚽⚽
A CRIA DA ACADEMIA GUARDOU DOIS COM A CAMISA DA SELEÇÃO BRASILEIRA!
#SeleçãoBrasileira #Brasil
🎥TV Globo",32,"10/10/2025 06:52",https://www.instagram.com/reel/DPoYu8cCKFl/,"Reel do Instagram",,Total,279933,163616,17321,448,86,104,181
17965636052971724,17841400074692954,paulistao,Paulistão,"GOLEADA BRASILEIRA NA COREIA DO SUL!
🇧🇷⚽⚽⚽⚽⚽
📷Rafael Ribeiro/CBF",0,"10/10/2025 06:16",https://www.instagram.com/p/DPoUt-GE6mj/,"Imagem do Instagram",,Total,78372,33552,1709,82,2,13,16
18068849324029422,17841400074692954,paulistao,Paulistão,"DIA DE AMISTOSO! 🇧🇷🌟
O Brasil enfrenta a Coreia do Sul nessa sexta-feira!
#PaulistasEmCampo #SeleçãoBrasileira",0,"10/10/2025 04:00",https://www.instagram.com/p/DPoAae2j-Eg/,"Imagem do Instagram",,Total,66349,31138,2210,122,2,9,18
17884542129385138,17841400074692954,paulistao,Paulistão,"A Ferroviária sofre revés em casa pelo @brasileiraob.
#PaulistasEmCampo 
📷 Luis Miguel Ferreira/Ferroviária SAF",0,"10/09/2025 17:20",https://www.instagram.com/p/DPm7fvVDA79/,"Imagem do Instagram",,Total,51358,24963,510,5,0,2,3
17913690351213957,17841401535223680,pontepretaoficial,"🦍 Ponte Preta","Nunca foi e nunca será só futebol! 🩷 

Hoje, pelo 8º ano, a Ponte Preta recebeu a carreta da campanha “Marque Esse Gol”, do Outubro Rosa, que concedeu a 50 mulheres a oportunidade de realizar, gratuitamente, exame de mamografia para o diagnóstico precoce do câncer de mama. E, nessa luta, jogamos todos juntos! Calendário completo, em: www.marqueessegol.com.br. ❤️🦍

📸 PontePress

 #OutubroRosa #MarqueEsseGol #PontePreta #FutebolPaulista",0,"10/09/2025 16:41",https://www.instagram.com/p/DPm3cHFkf24/,"Carrossel do Instagram",,Total,97484,19739,944,3,1,7,0
18075073817143267,17841400732605092,guaranifc_oficial,"Guarani Futebol Clube","Carreta do Amor no Brinco! 🩷

O Brinco de Ouro recebe a Carreta do Amor, nesta sexta-feira (10), numa importante ação do Outubro Rosa em parceria com a Federação Paulista de Futebol.

👉 Faça sua inscrição pelo www.marqueessegol.com.br e agende a sua mamografia! 

Lembre-se: cuidar de si é um ato de amor! 🎀

#OutubroRosa",0,"10/09/2025 15:55",https://www.instagram.com/p/DPmyLHZEXl7/,"Imagem do Instagram",,Total,77753,16949,309,22,0,2,0
17958768425989776,17841429857362439,paulistaof,"Paulistão F Petrobras","ALÔ, CAMPINAS!
No dia 10 de outubro, o Brinco de Ouro vai receber a campanha ""Marque Esse Gol"", uma iniciativa da FPF com a Fundação Laço Rosa e a Marque Esse Gol. Faça a sua inscrição em www.marqueessegol.com.br e agende sua mamografia.
#OutubroRosa #MarqueEsseGol #FPF",0,"10/09/2025 07:00",https://www.instagram.com/p/DPlwN3sje08/,"Imagem do Instagram",,Total,85735,22264,315,29,2,6,2
17848454895574981,17841400074692954,paulistao,Paulistão,"VAMOS, LOCOMOTIVA! 🚂
A Ferroviária precisa vencer para subir na tabela do @brasileiraob!
#PaulistasEmCampo",0,"10/09/2025 06:00",https://www.instagram.com/p/DPlpQBjkvOC/,"Imagem do Instagram",,Total,22841,10742,230,6,0,2,0
17847948321576889,17841400074692954,paulistao,Paulistão,"VIDA LONGA AO REI! 👑
O lateral Reinaldo, do Mirassol, alcançou a marca de 400 jogos na história do Brasileirão!
#PaulistasEmCampo",0,"10/08/2025 19:02",https://www.instagram.com/p/DPki0QTD9NG/,"Carrossel do Instagram",,Total,240587,63839,6063,25,2,59,29
18125577448492448,17841400074692954,paulistao,Paulistão,"100% PRA 017!
Noite de vitórias para Novorizontino e Mirassol!
#PaulistasEmCampo",0,"10/08/2025 19:00",https://www.instagram.com/p/DPkin7KCTkB/,"Imagem do Instagram",,Total,46278,27148,512,7,0,15,5
17998377101823690,17841400074692954,paulistao,Paulistão,"MAIS UMA, LEÃO!
Coloca os três pontos na conta do Mirassol!
#PaulistasEmCampo
📷JP Pinheiro/Agência Mirassol",0,"10/08/2025 18:58",https://www.instagram.com/p/DPkiX4PDFeN/,"Imagem do Instagram",,Total,47980,21897,1245,20,0,16,5
18083440547310592,17841400074692954,paulistao,Paulistão,"VAI, TIGRE!
Novorizontino vence fora de casa e retorna do G4 da Série B!
#PaulistasEmCampo
📷Ozzair Jr/Novorizontino",0,"10/08/2025 17:10",https://www.instagram.com/p/DPkWBTDD4e1/,"Imagem do Instagram",,Total,43457,21620,622,5,0,4,5
18072988559176819,17841400074692954,paulistao,Paulistão,"NA HISTÓRIA DO LEÃO!
Com 1⃣5⃣4⃣ partidas disputadas, o atacante Negueba se tornou o atleta que mais vestiu a camisa do Mirassol!
#PaulistasEmCampo
📷JP Pinheiro/Agência Mirassol",0,"10/08/2025 16:47",https://www.instagram.com/p/DPkTYykEW9D/,"Imagem do Instagram",,Total,126350,63224,2152,30,4,7,3
18107150587580450,17841426429471156,fpf_oficial,"Federação Paulista de Futebol","ESTAMOS CHEGANDO, CAMPINAS! 🗣️
A carreta da campanha ""Marque Esse Gol"", uma iniciativa da FPF com a Fundação Laço Rosa e a Marque Esse Gol, vai estar no Moisés Lucarelli na próxima quinta-feira (9)! Acesse www.marqueessegol.com.br e agende sua mamografia gratuitamente.
#OutubroRosa #MarqueEsseGol #FPF",0,"10/08/2025 13:50",https://www.instagram.com/p/DPj-_pzk1V_/,"Imagem do Instagram",,Total,25954,7329,101,4,1,2,1
17870042694443955,17841400074692954,paulistao,Paulistão,"VAMOS PARA MAIS UMA DATA FIFA! 🗓️🌟🗺️
Se liga nos jogadores do Futebol Paulista convocados para representar os seus respectivos países!
#PaulistasEmCampo",0,"10/08/2025 10:26",https://www.instagram.com/p/DPjnzfZkwfX/,"Carrossel do Instagram",,Total,81460,28160,2028,27,3,17,36
17903375469271025,17841400074692954,paulistao,Paulistão,"017 EM CAMPO!🐯🦁
Tigre e Leão vão com tudo nesta quarta-feira!
#FutebolPaulista #PaulistasEmCampo",0,"10/08/2025 07:40",https://www.instagram.com/p/DPjUwc0kw40/,"Imagem do Instagram",,Total,28330,13118,304,3,0,8,3
18141719788383743,17841400074692954,paulistao,Paulistão,"VIVA O NORDESTE!
No Dia Nacional do Nordestino, vamos celebrar o Clodoaldo, ídolo do Peixão, que é o nordestino com o maior número de títulos do Maior Estadual do Brasil.
#DiaNacionalDoNordestino",0,"10/08/2025 04:00",https://www.instagram.com/p/DPi26Y1D43j/,"Carrossel do Instagram",,Total,72673,30180,1718,119,6,29,44
18071826716241722,17841400074692954,paulistao,Paulistão,"VAI, PANTERA!
O Botafogo fica com a vitória em Ribeirão Preto!
#PaulistasEmCampo
📷João Victor Menezes de Souza/Ag; Botafogo",0,"10/07/2025 19:37",https://www.instagram.com/p/DPiCDiaDKjo/,"Imagem do Instagram",,Total,38741,17904,451,12,0,15,2
17906773986250670,17841400074692954,paulistao,Paulistão,"Nessa terça-feira (7), aconteceu o lançamento e o sorteio da Copinha Feminina Sicredi, que vai rolar entre os dias 3 e 20 de dezembro. Vem ver um pouco de como foi o evento! 
#CopinhaFemininaSicredi
📷 Jhony Inácio/Ag. Paulistão",0,"10/07/2025 18:18",https://www.instagram.com/p/DPh48fsDAbx/,"Carrossel do Instagram",,Total,196551,44927,1682,82,8,8,7
18089945846498232,17841400074692954,paulistao,Paulistão,"FALA, KIN! 🗣️
A Diretora Executiva de Futebol Feminino da FPF, Kin Saito, falou sobre a expectativa para a Copinha Feminina Sicredi de 2025 🤩
#CopinhaFemininaSicredi",44,"10/07/2025 17:47",https://www.instagram.com/reel/DPh1AUvDMSq/,"Reel do Instagram",,Total,74245,57003,630,30,6,28,9
18090260911835628,17841400074692954,paulistao,Paulistão,"GRUPOS DEFINIDOS! ✨
A Copinha Feminina Sicredi vem aí! Confira a divisão dos grupos definida por sorteio para a competição desse ano.
#CopinhaFemininaSicredi",0,"10/07/2025 17:16",https://www.instagram.com/p/DPhx7PFjKFT/,"Carrossel do Instagram",,Total,939669,169321,3854,883,61,61,107
18541860778032479,17841400074692954,paulistao,Paulistão,"QUAL TIME VAI PLANTAR MAIS ÁRVORES? ⚽️🟰🌳
Cada grupo da Copinha Feminina Sicredi será batizado com uma árvore da Mata Atlântica e a cada gol marcado, uma muda de árvore será plantada! Em uma parceria da FPF com a Prefeitura de São Paulo, essa edição da competição busca reforçar a consciência sobre o futuro do planeta. 
#CopinhaFemininaSicredi #Sorteio",0,"10/07/2025 16:53",https://www.instagram.com/p/DPhvTYrDASI/,"Imagem do Instagram",,Total,159684,48070,1255,78,3,26,21
17998409522827703,17841400074692954,paulistao,Paulistão,"OS ENDEREÇOS DA PRIMEIRA SEMANA!
Se você mora em Santos ou Campinas, fique ligada que a carreta do Marque Esse Gol vai passar pela sua cidade! Agende sua mamografia gratuita pelo site www.marqueessegol.com.br!
#FPF #MarqueEsseGol #OutubroRosa",0,"10/07/2025 14:00",https://www.instagram.com/p/DPhWuJXDcJ7/,"Carrossel do Instagram",,Total,41072,9921,294,9,0,0,3
18054697994259625,17841400074692954,paulistao,Paulistão,"AVISA QUE O BONDE CHEGOU!
Nossas atletas da Copinha Feminina Sicredi 2025, senhoras e senhores 🤩
#CopinhaFemininaSicredi
📷 Rodrigo Corsi/Ag. Paulistão",0,"10/07/2025 12:34",https://www.instagram.com/p/DPhRgfEj5tB/,"Carrossel do Instagram",,Total,336354,94678,4843,251,46,53,35
18108333562585571,17841400074692954,paulistao,Paulistão,"TIMÃO 🤝 LOIRINHA!
O Corinthians sabe jogar ao som de um álbum novo da Taylor Swift ⚽️🎶
#FutebolPaulista",0,"10/07/2025 10:59",https://www.instagram.com/p/DPhGvIYiUs7/,"Carrossel do Instagram",,Total,140129,53645,4951,566,7,48,206
18194370763321397,17841400074692954,paulistao,Paulistão,"SAIBA COMO PARTICIPAR!
Inscreva-se no site www.marqueessegol.com.br e participe da campanha ""Marque Esse Gol"", uma iniciativa da FPF com a Fundação Laço Rosa e a Marque Esse Gol, que leva carretas de mamografia para diversos pontos do Estado!
#FPF #MarqueEsseGol #OutubroRosa",0,"10/07/2025 08:00",https://www.instagram.com/p/DPgtcYDAIZE/,"Imagem do Instagram",,Total,77149,38336,172,111,7,33,7
17881828908393535,17841426196827383,copinha,Copinha,"HOJE É DIA DE LANÇAMENTO!
Com apresentação da @barbarapcoelho, vai rolar o Lançamento da Copinha Feminina Sicredi 2025. E você pode acompanhar tudo diretamente do YouTube do Paulistão, a partir das 19h. 
#CopinhaFemininaSicredi",0,"10/07/2025 07:35",https://www.instagram.com/p/DPgvWDYDVes/,"Imagem do Instagram",,Total,119766,33012,526,49,18,6,11
17850899190528236,17841400074692954,paulistao,Paulistão,"VAMOS, BOTAFOGO! 🇾🇪🫵
O Pantera tem um compromisso importante em busca da permanência no @brasileiraob!
#PaulistasEmCampo #SérieB",0,"10/07/2025 06:00",https://www.instagram.com/p/DPgfrDSDBWI/,"Imagem do Instagram",,Total,22095,10411,191,2,0,4,0
18074192504165584,17841400074692954,paulistao,Paulistão,"FELIZ ANIVERSÁRIO, DIDA! 👏
O pentacampeão com a Seleção completa 52 anos nessa terça-feira (7)!
#FPF #Aniversário",0,"10/07/2025 05:00",https://www.instagram.com/p/DPgZB2bj2m2/,"Imagem do Instagram",,Total,59625,33878,740,14,0,15,6
18057348017624679,17841400074692954,paulistao,Paulistão,"VAMOS PARA A ÚLTIMA RODADA! 🤝
A segunda fase está chegando ao fim, mas o Tigre e o Bugre ainda estão em busca do acesso para a #SérieB. Boraaaaaa!
#PaulistasEmCampo #SérieC",0,"10/06/2025 14:30",https://www.instagram.com/p/DPe2X6jk4rk/,"Imagem do Instagram",,Total,71739,39037,1060,15,7,29,18
17886508746362557,17841400074692954,paulistao,Paulistão,"O Abel Ferreira gosta muito de jogar a Libertadores! 🟢⚪ #PaulistasEmCampo",0,"09/24/2025 20:06",https://www.instagram.com/p/DPAm-rlEyr7/,"Imagem do Instagram",,Total,229519,95162,8545,702,5,139,114
17875348416330226,17841400074692954,paulistao,Paulistão,"Assim ficou a classificação do @brasileiraob depois da última rodada! Como está o seu time na tabela, torcedor?
#PaulistasEmCampo",0,"10/06/2025 12:30",https://www.instagram.com/p/DPeo_QHj7GR/,"Imagem do Instagram",,Total,110425,55032,2285,6,4,15,11
18079775402075726,17841400074692954,paulistao,Paulistão,"A LIDERANÇA É VERDE NOVAMENTE! 🐷💚🔝
Está nascendo um novo líder... na tabela do @brasileirao!
#PaulistasEmCampo",0,"10/06/2025 12:00",https://www.instagram.com/p/DPekIHME1U4/,"Imagem do Instagram",,Total,138379,71962,3071,28,23,45,19
18358616323092653,17841400074692954,paulistao,Paulistão,"PRIMEIRA PARADA: SANTOS
O pontapé inicial da campanha ""Marque Esse Gol"", uma iniciativa da FPF com a Fundação Laço Rosa e a Marque Esse Gol, será na Vila Belmiro, nos dias 7 e 8 de outubro. Acesse www.marqueessegol.com.br e agende sua mamografia.
#OutubroRosa #MarqueEsseGol #FPF",0,"10/06/2025 10:57",https://www.instagram.com/p/DPehqBBjxVz/,"Imagem do Instagram",,Total,32121,10507,197,31,1,7,4
18076788766880300,17841400074692954,paulistao,Paulistão,"E é dessa maneira que acaba mais um domingo de futebol.
#PaulistasEmCampo",0,"10/05/2025 18:32",https://www.instagram.com/p/DPcw-cYiQIc/,"Imagem do Instagram",,Total,57596,30616,777,9,3,19,3
18076061063168399,17841400074692954,paulistao,Paulistão,"O Santos levou a pior no duelo de Alvinegros do Castelão.
#PaulistasEmCampo
📷Raul Baretta/Santos",0,"10/05/2025 18:31",https://www.instagram.com/p/DPcw3sJAEKt/,"Imagem do Instagram",,Total,118775,57032,3041,492,0,91,30
18044881460398576,17841400074692954,paulistao,Paulistão,"VAI, SÃO BERNARDO! 🐯
Tigre vence a primeira na segunda fase e mantém vivo o sonho do acesso!
#PaulistasEmCampo
📷Janes Carvalho/Divulgação/São Bernardo",0,"10/05/2025 17:10",https://www.instagram.com/p/DPcnlqrCbk6/,"Imagem do Instagram",,Total,47788,18704,598,13,0,6,4
18114363805477660,17841426429471156,fpf_oficial,"Federação Paulista de Futebol","PAULISTÃO SICREDI FOR BRANDS 2025!
De olho no Paulistão Sicredi de 2026, a Federação Paulista de Futebol e a LiveMode organizaram um dia de muito futebol para marcas, detentores e parceiros neste domingo (5), na Mercado Livre Arena Pacaembu.
Os convidados e convidadas tiveram a honra de viver um dia como atletas do Maior Estadual do Brasil ao lado de grandes ídolos como Souza, Ricardo Oliveira, Jadson, Galeano, Nildinha e Milene Domingues.
#futebolpaulista 
📷Rodrigo Corsi e Diego Soares/Ag. Paulistão",0,"10/05/2025 15:16",https://www.instagram.com/p/DPcahUXico0/,"Carrossel do Instagram",,Total,123007,35407,1053,29,8,11,13
18361033414086203,17841400074692954,paulistao,Paulistão,"O TIME DA VIRADA! 🐷
Com um tempo para cada time, Palmeiras reverte a desvantagem e sai com os três pontos no Choque-Rei.
#PaulistasEmCampo
📷Cesar Greco/Palmeiras",0,"10/05/2025 14:08",https://www.instagram.com/p/DPcSvDWjUXo/,"Imagem do Instagram",,Total,131569,79373,3576,810,1,138,22
18204270757310168,17841400074692954,paulistao,Paulistão,"A VIRADA VEIO!
@ramon.sosa17 COLOCA O PALMEIRAS NA FRENTE DO PLACAR PELA PRIMEIRA VEZ NO CLÁSSICO! 
#PaulistasEmCampo",25,"10/05/2025 13:54",https://www.instagram.com/reel/DPcRBVojyNI/,"Reel do Instagram",,Total,244035,162191,10513,871,16,359,116
18088012642891779,17841400074692954,paulistao,Paulistão,"TA TUDO IGUAL POR AQUI! 
AGORA FOI A VEZ DE @flacolopez_10 DEIXAR O DELE 🔥
#PaulistasEmCampo",32,"10/05/2025 13:39",https://www.instagram.com/reel/DPcPaELj6UT/,"Reel do Instagram",,Total,169913,116408,6706,402,35,124,61
18111391168490678,17841400074692954,paulistao,Paulistão,"PRA DIMINUIR A DIFERENÇA!
De cabeça, @vitor_roque9 marca o primeiro gol do Verdão no clássico. 
#PaulistasEmCampo",17,"10/05/2025 13:34",https://www.instagram.com/reel/DPcOzRCD2A5/,"Reel do Instagram",,Total,82406,62497,1809,51,9,29,16
18312489049170967,17841400074692954,paulistao,Paulistão,"FANTASMA EM VANTAGEM! 👻
O Primavera sai na frente pelo título da Copa Paulista Sicredi!
#CopaPaulistaSicredi
📷Alexandre Battibugli/Ag. Paulistão",0,"10/05/2025 13:10",https://www.instagram.com/p/DPcMLm_CXIw/,"Carrossel do Instagram",,Total,99849,30895,992,44,1,32,4
18053682257639521,17841400074692954,paulistao,Paulistão,"TAPIA⚽️!
O chileno faz o segundo do Tricolor e amplia a vantagem no Choque-Rei!
#Brasileirao #ChoqueRei",29,"10/05/2025 12:40",https://www.instagram.com/reel/DPcIZEGj3VI/,"Reel do Instagram",,Total,158573,117867,6436,293,31,86,41
17990292221844793,17841400074692954,paulistao,Paulistão,"ÉÉ LUCIAANOOO!!!!
O camisa 10 do São Paulo recebeu ótimo passe de Marcos Antônio e abriu o placar no MorumBIS!
#ChoqueRei #Brasileirao",27,"10/05/2025 12:19",https://www.instagram.com/reel/DPcGKUeD_Ac/,"Reel do Instagram",,Total,412136,276447,21469,902,196,265,179
17883622467390461,17841400074692954,paulistao,Paulistão,"O REENCONTRO ACONTECEU!
#PaulistasEmCampo",9,"10/05/2025 12:00",https://www.instagram.com/reel/DPcECmhj_-A/,"Reel do Instagram",,Total,96997,64286,3836,58,36,33,26
18062586896376910,17841400074692954,paulistao,Paulistão,"PRIMEIRO CAPÍTULO!
Chegou a hora dos primeiros 90 minutos da Copa Paulista Sicredi!
#CopaPaulistaSicredi
📷Alexandre Battibugli/Ag. Paulistão",0,"10/05/2025 10:40",https://www.instagram.com/p/DPb68scjJkg/,"Carrossel do Instagram",,Total,56671,25870,781,11,5,3,5
18025690448730600,17841400074692954,paulistao,Paulistão,"DOMINGÃO DE CHOQUE-REI! 🌟👀
As minhas equipes entram em campo pelo @brasileirao em busca de mais três pontos! 
#PaulistasEmCampo #SãoPaulo #Palmeiras",0,"10/05/2025 09:00",https://www.instagram.com/p/DPbvkBtklFb/,"Carrossel do Instagram",,Total,155550,54576,2345,17,0,13,27
18078840605008253,17841400074692954,paulistao,Paulistão,"TEM QUE JOGAR COM A ALMA E O CORAÇÃO!
O Verdão segue de olho na ponta da tabela e precisa dos três pontos.
#PaulistasEmCampo #Palmeiras",0,"10/05/2025 08:30",https://www.instagram.com/p/DPbnI1zFRWf/,"Imagem do Instagram",,Total,41181,21249,1456,27,1,13,15
18101453620615577,17841408376344663,libertadoresbr,"CONMEBOL Libertadores","🎥⚽️ Em busca da #GloriaEterna por todos os ângulos possíveis 💚🤍 @Palmeiras 🔛",76,"10/05/2025 08:00",https://www.instagram.com/reel/DPboozMjgUu/,"Reel do Instagram",,Total,193246,151069,10233,71,19,31,0
18321028159209771,17841400074692954,paulistao,Paulistão,"PORQUE SÃO PAULO É SENTIMENTO!
Só os três pontos interessam para o Tricolor 🔥
#SãoPaulo #PaulistasEmCampo",0,"10/05/2025 07:00",https://www.instagram.com/p/DPbc5YbDzyl/,"Imagem do Instagram",,Total,27824,13359,562,37,0,0,8
17869652763376988,17841400074692954,paulistao,Paulistão,"O COMEÇO DA DECISÃO! 🔥
O Primavera recebe o XV de Piracicaba para o primeiro jogo da final da Copa Paulista Sicredi! Para quem vai sua torcida? 👀
#CopaPaulistaSicredi",0,"10/05/2025 05:13",https://www.instagram.com/p/DPbVk0HFCxh/,"Imagem do Instagram",,Total,100591,31242,905,43,2,28,6
17895997116325335,17841400074692954,paulistao,Paulistão,"FELIZ ANIVERSÁRIO, LEÃO!
A @interdelimeiraoficial completa 112 anos de história nesse domingo (5)!
#FPF #Aniversário",0,"10/05/2025 04:00",https://www.instagram.com/p/DPbIPj3E3XW/,"Imagem do Instagram",,Total,62762,17499,522,30,1,11,6
18378202123198356,17841400074692954,paulistao,Paulistão,"É DIA DE CLÁSSICO!
Nada como um Choque-Rei pelo @brasileirao para animar o domingão. Quem vai levar a melhor hoje?
#PaulistasEmCampo #SãoPaulo #Palmeiras",0,"10/04/2025 20:05",https://www.instagram.com/p/DPaRr_xj0_Z/,"Imagem do Instagram",,Total,61145,32184,2019,223,1,19,20
18093866662705603,17841400074692954,paulistao,Paulistão,"Se liga como foi o sábado dos #PaulistasEmCampo.
#FutebolPaulista",0,"10/04/2025 19:15",https://www.instagram.com/p/DPaRKnuDVkJ/,"Imagem do Instagram",,Total,55472,28773,719,5,0,4,5
18150910669365507,17841400074692954,paulistao,Paulistão,"VITÓRIA ALVINEGRA!
O Corinthians fica com os três pontos no duelo paulista do Brasileirão.
#PaulistasEmCampo
📷Rodrigo Coca/Ag. Corinthians",0,"10/04/2025 19:14",https://www.instagram.com/p/DPaQ_FhCX19/,"Imagem do Instagram",,Total,125962,69870,5323,484,1,28,35
18049974467640035,17841400074692954,paulistao,Paulistão,"A Ferroviária levou a virada na Arena da Fonte.
#PaulistasEmCampo
📷Luis Miguel Ferreira/Ferroviária",0,"10/04/2025 18:40",https://www.instagram.com/p/DPaNEQ0j2QJ/,"Imagem do Instagram",,Total,28727,13490,232,3,0,0,1
18074327858161267,17841400074692954,paulistao,Paulistão,"A Ponte Preta foi superada fora de casa pelo Brusque.
#PaulistasEmCampo
📷Lucas Gabriel Cardoso/Brusque",0,"10/04/2025 17:28",https://www.instagram.com/p/DPaE03mkZ_T/,"Imagem do Instagram",,Total,62857,28405,723,15,0,9,11
18115051459524716,17841400074692954,paulistao,Paulistão,"NO APAGAR DAS LUZES!
Jhon Jhon converter pênalti nos acréscimos e garante a vitória do Massa Bruta!
#PaulistasEmCampo
📷Ari Ferreira/Red Bull Bragantino",0,"10/04/2025 16:45",https://www.instagram.com/p/DPZ_8wClAR8/,"Imagem do Instagram",,Total,29088,14237,327,4,0,9,1
18022645010574177,17841400074692954,paulistao,Paulistão,"EMPATE EM CASA!
Guarani fica em igualdade com o Náutico e segue sonhando com o acesso na Série C.
#PaulistasEmCampo
📷Raphael Silvestre/Guarani",0,"10/04/2025 15:04",https://www.instagram.com/p/DPZ0a_AjA2N/,"Imagem do Instagram",,Total,38663,19048,549,15,0,62,2
18057478445445540,17841400074692954,paulistao,Paulistão,"O Tigre tropeçou na Arena Condá.
#PaulistasEmCampo
📷Ozzair Jr./Novorizontino",0,"10/04/2025 14:08",https://www.instagram.com/p/DPZuARykRJ8/,"Imagem do Instagram",,Total,30923,13926,256,3,0,3,1
17933090568096457,17841400074692954,paulistao,Paulistão,"RAFAEL ⚔️ WEVERTON! 🧤
Dois grandes goleiros duelam nesse domingo! Quem vai levar a melhor no Choque-Rei, torcedor?
#PaulistasEmCampo #SãoPaulo #Palmeiras",0,"10/04/2025 12:00",https://www.instagram.com/p/DPZfYWYknLm/,"Carrossel do Instagram",,Total,71597,25596,870,4,1,14,12
18069668324261305,17841400074692954,paulistao,Paulistão,"É DIA DE BUSCAR O ACESSO! 🏹💚
O Bugre vai contar com o apoio da sua torcida no compromisso desse sábado. Vamos, @guaranifc_oficial!
#PaulistasEmCampo",0,"10/04/2025 09:00",https://www.instagram.com/p/DPZFoZDE2B5/,"Imagem do Instagram",,Total,42966,21866,546,12,1,14,3
17941755785942526,17841400074692954,paulistao,Paulistão,"O CENSO DOS ANIMAIS! 🦁🐯🐓
São muitos animais entre os mascotes das equipes das quatro divisões do #FutebolPaulista e por aqui, o leão segue reinando! E aí, torcedor, qual o mascote do seu time?
#PaulistasEmCampo #DiaMundialDosAnimais",0,"10/04/2025 07:00",https://www.instagram.com/p/DPY35C3E22Y/,"Imagem do Instagram",,Total,239283,102736,6586,100,1,158,138
18109668490559902,17841400074692954,paulistao,Paulistão,"SABADÃO CHEIO! 💪
Dia de muito futebol paulista no @brasileirao, no @brasileiraob e na #SérieC!
#PaulistasEmCampo",0,"10/04/2025 06:00",https://www.instagram.com/p/DPYxHPnjRLq/,"Imagem do Instagram",,Total,25557,12413,316,8,0,9,2
17946694086045900,17841400074692954,paulistao,Paulistão,"TIMÃO ⚔️ LEÃO!
Mais um dia de #DueloPaulista no @brasileirao. Quem vai levar os três pontos? 
#PaulistasEmCampo #Mirassol #Corinthians",0,"10/03/2025 20:05",https://www.instagram.com/p/DPXs4fMj3uL/,"Imagem do Instagram",,Total,118101,58026,3441,199,6,13,31
17946503262048283,17841400074692954,paulistao,Paulistão,"O Botafogo não conseguiu pontuar fora de casa.
#PaulistasEmCampo
📷 Igor Barrankievicz/Agência Botafogo",0,"10/03/2025 19:36",https://www.instagram.com/p/DPXuxCMjNkg/,"Imagem do Instagram",,Total,52649,24524,536,6,0,6,2
18069285122255657,17841426196827383,copinha,Copinha,"A ÁGUA DA VILA ATACA DE NOVO?
Robinho Júnior vem chamando a atenção nos jogos do Santos no Paulista Sub-20 e já vem ganhando alguns minutos no profissional. Será que o raio vai cair na Vila Belmiro de novo? Vem conferir mais do craque com o @_marco.pastore 🐋⚡
#FutebolPaulista",68,"10/03/2025 15:30",https://www.instagram.com/reel/DPXPH66AdxP/,"Reel do Instagram",,Total,150105,79242,7660,128,12,39,128
17877865653409742,17841400074692954,paulistao,Paulistão,"VEM COM A GENTE!
Bora conferir todas as paradas da campanha ""Marque Esse Gol"", uma iniciativa da FPF com a Fundação Laço Rosa e a Marque Esse Gol, que leva carretas de mamografia para diversos pontos do Estado.
#FPF #OutubroRosa",0,"10/03/2025 15:00",https://www.instagram.com/p/DPXKaVHCZsd/,"Carrossel do Instagram",,Total,64832,18250,436,121,1,27,17
17861061084435318,17841400959704165,santosfc,"Santos Futebol Clube","O Santos FC e a Federação Paulista de Futebol se unem mais uma vez na campanha “Marque Esse Gol”, que em 2025 completa 10 anos de história na prevenção e conscientização sobre o câncer de mama!

Nos dias 7 e 8 de outubro, um caminhão de mamografias gratuitas estará estacionado em frente ao Portão 10 da Vila Belmiro, oferecendo exames para as torcedoras.

Para participar é necessário realizar inscrição prévia pelo site www.marqueessegol.com.br. As vagas são destinadas a mulheres acima de 40 anos, que não possuem convênio médico e que tenham autorizado o uso de imagens e dados no formulário de inscrição.

O projeto é formado por voluntárias que já vivenciaram o diagnóstico do câncer de mama, oferecendo um atendimento acolhedor e humanizado. Ao longo de uma década, a iniciativa já possibilitou a realização de mais de 15 mil exames gratuitos, contribuindo para salvar vidas por meio da detecção precoce. #MuitoAlémDoFutebol 🩷🐳",0,"10/03/2025 14:34",https://www.instagram.com/p/DPXMHbwjQHX/,"Imagem do Instagram",,Total,670711,235003,17686,160,1,58,0
18537416056016154,17841400074692954,paulistao,Paulistão,"100 GOLS ALVIVERDES NO ANO! ⚽🐷💚
Você sabe quais foram os marcadores do Verdão em 2025? Confira a lista completa!
#PaulistasEmCampo #Palmeiras",0,"10/03/2025 14:00",https://www.instagram.com/p/DPXDob7k09e/,"Imagem do Instagram",,Total,164499,86488,6568,114,23,59,107
18020927531765064,17841400074692954,paulistao,Paulistão,"DUPLA IMPARÁVEL 🇦🇷🐯
Flaco López e Vitor Roque formam a melhor dupla de ataque do futebol brasileiro atualmente? 
#PaulistasEmCampo #FlacoLópez #VitorRoque #Palmeiras",0,"10/03/2025 12:30",https://www.instagram.com/p/DPW5El7jDeM/,"Carrossel do Instagram",,Total,34771,12685,1275,28,0,8,10
18360785548083846,17841400074692954,paulistao,Paulistão,"PONTO FINAL EM MAIS UMA RODADA! 👀
As minhas equipes seguem a todo vapor na disputa do @brasileirao!
#PaulistasEmCampo",0,"10/03/2025 11:03",https://www.instagram.com/p/DPWz9r2k8CH/,"Imagem do Instagram",,Total,75058,40045,1395,18,3,14,18
18083753899937698,17841400074692954,paulistao,Paulistão,"PARA CIMA, PANTERA! 🔥
O Botafogo precisa da vitória para subir na tabela do @brasileiraob!
#PaulistasEmCampo",0,"10/03/2025 06:00",https://www.instagram.com/p/DPWMa1qjILD/,"Imagem do Instagram",,Total,20475,8949,231,1,0,4,1
18053502332639576,17841400074692954,paulistao,Paulistão,"SAI ZICA!
Tapia e Luciano garantiram os três pontos do São Paulo no Castelão!
#FutebolPaulista #PaulistasEmCampo
🎥 @cazetv",0,"10/02/2025 18:13",https://www.instagram.com/p/DPVAVR0jC16/,"Carrossel do Instagram",,Total,148029,53390,3225,22,1,31,25
18038213354700489,17841400074692954,paulistao,Paulistão,"VAMOS, TRICOLOR QUERIDO!
São Paulo volta ao caminho das vitórias no @brasileirao!
#FutebolPaulista #PaulistasEmCampo
📷Rubens Chiri / São Paulo FC",0,"10/02/2025 17:34",https://www.instagram.com/p/DPU75P-jl1i/,"Imagem do Instagram",,Total,32942,17370,1157,36,1,14,5
18428256979098628,17841429857362439,paulistaof,"Paulistão F Petrobras","TEM NOVIDADE NO G4!
CHEGOU A HORA DA CLASSIFICAÇÃO DO PAULISTÃO FEMININO SICREDI!
#PaulistãoFemininoSicredi",0,"10/02/2025 16:10",https://www.instagram.com/p/DPUuVIRj57b/,"Imagem do Instagram",,Total,103215,53810,1679,58,15,7,14
18058215437170973,17841400074692954,paulistao,Paulistão,"30 TÍTULOS DE @paulistao! 🏟️🌟
Qual foi a final do Paulistão Sicredi no MorumBIS que mais te marcou, torcedor? Conta para nós nos comentários 👇
#PaulistãoSicredi #MorumBIS",0,"10/02/2025 09:00",https://www.instagram.com/p/DPT8TWKjHsF/,"Imagem do Instagram",,Total,36158,16195,482,1,0,13,12
18106659856579116,17841400074692954,paulistao,Paulistão,"65 ANOS DO MORUMBIS! 🇾🇪🏟
Casa do São Paulo Futebol Clube e palco de grande decisões do Futebol Paulista, o MorumBIS completa 65 anos nesse dia 2 de outubro.
#FutebolPaulista
📷Rodrigo Corsi/Ag.Paulistão",0,"10/02/2025 07:00",https://www.instagram.com/p/DPTuhgSjlhH/,"Imagem do Instagram",,Total,70348,31998,1888,9,0,36,15
18079144118046995,17841400074692954,paulistao,Paulistão,"VAMOS, SÃO PAULO! 🇾🇪❤️‍🔥
O Tricolor vai em busca de três pontos importantes fora de casa no @brasileirao!
#PaulistasEmCampo",0,"10/02/2025 06:00",https://www.instagram.com/p/DPTnsntjsb6/,"Imagem do Instagram",,Total,23033,10440,325,8,0,5,1
18324502081210122,17841400074692954,paulistao,Paulistão,"51 ANOS DA ÚLTIMA PARTIDA DO REI NO SANTOS! 👑✨
Em outubro de 1974, Pelé jogou seu último jogo vestindo a camisa do Santos. O alvinegro praiano se despedia do maior da história 🌟
#BaúDoPaulistão #FutebolPaulista",0,"10/02/2025 05:00",https://www.instagram.com/p/DPTg438k98G/,"Imagem do Instagram",,Total,50857,24107,1631,34,0,12,17
18069739916006806,17841400074692954,paulistao,Paulistão,"Esses foram os resultados da noite das minhas equipes no @brasileirao!
#PaulistasEmCampo",0,"10/01/2025 19:40",https://www.instagram.com/p/DPSliScjcLr/,"Imagem do Instagram",,Total,65406,37461,863,27,2,32,10
17864786973469566,17841400074692954,paulistao,Paulistão,"SANTOS BUSCOU O EMPATE!
Mais um ponto somado na conta do Peixão no @brasileirao!
#PaulistasEmCampo
📷DIvulgação/Santos FC",0,"10/01/2025 19:36",https://www.instagram.com/p/DPSlEqJDQO1/,"Imagem do Instagram",,Total,29234,14618,752,26,0,11,0
18041901713686419,17841400074692954,paulistao,Paulistão,"TUDO IGUAL EM PORTO ALEGRE!
O Corinthians abre o placar, mas acaba sofrendo o empate contra o Internacional.
#PaulistasEmCampo
📷Ricardo Duarte/Internacional",0,"10/01/2025 17:44",https://www.instagram.com/p/DPSYSFtEqHN/,"Imagem do Instagram",,Total,58555,28683,1198,36,0,62,8
18083004655946469,17841400074692954,paulistao,Paulistão,"EMPATE NO DUELO PAULISTA!
O Red Bull Bragantino abre o placar, mas o Mirassol busca o empate no Maião!
#PaulistasEmCampo
📷Ari Ferreira/Red Bull Bragantino",0,"10/01/2025 17:04",https://www.instagram.com/p/DPSTqKDjmOC/,"Imagem do Instagram",,Total,31260,16311,409,7,0,6,2
18164492626372288,17841400074692954,paulistao,Paulistão,"TABU MANTIDO NA CONTA DA DUPLA!
O Palmeiras vence o Vasco com tranquilidade no Allianz Parque!
#PaulistasEmCampo
📷Divulgação/Palmeiras",0,"10/01/2025 16:55",https://www.instagram.com/p/DPSSr9cDKq1/,"Imagem do Instagram",,Total,43131,23027,1668,86,1,11,9
18078578516019126,17841400074692954,paulistao,Paulistão,"FAÇA SUA INSCRIÇÃO!
Outubro chegou e, com ele, a campanha ""Marque Esse Gol"", uma iniciativa da FPF com a Fundação Laço Rosa e Marque Esse Gol para levar carretas de mamografia em alguns pontos do Estado. Acesse www.marqueessegol.com.br e agende seu exame.
#OutubroRosa #MarqueEsseGol #FPF",0,"10/01/2025 13:22",https://www.instagram.com/p/DPR6SKWj2rz/,"Imagem do Instagram",,Total,38703,12603,361,24,2,4,6
18078511031081745,17841402377902291,redbullbragantino,"Red Bull Bragantino","𝗢 𝗖𝗟𝗔́𝗦𝗦𝗜𝗖𝗢 𝗗𝗢 𝗜𝗡𝗧𝗘𝗥𝗜𝗢𝗥 𝗗𝗘 𝗦𝗔̃𝗢 𝗣𝗔𝗨𝗟𝗢 𝗡𝗢 @brasileirao! 🔥

Quem leva a melhor hoje no Maião? 🏟️ 

#Mirassol #RedBullBragantino #Brasileirao",0,"10/01/2025 12:08",https://www.instagram.com/p/DPRx3KCD3DW/,"Imagem do Instagram",,Total,127856,28480,1567,12,3,43,0
18088980379881919,17841400074692954,paulistao,Paulistão,"MAIS UMA CONVOCAÇÃO PARA O PAREDÃO DO TIMÃO! 🧤🌟🇧🇷
O @hugosouza está entre os convocados da Seleção Brasileira para a próxima Data FIFA, em que o @brasil enfrenta Coréia do Sul e Japão. Bora, Hugooooo!
#PaulistasEmCampo #SeleçãoBrasileira",0,"10/01/2025 11:51",https://www.instagram.com/p/DPRv6PGCUOV/,"Imagem do Instagram",,Total,90076,41143,8009,40,7,48,27
18533528824017966,17841400074692954,paulistao,Paulistão,"NOITE CHEIA!
Quatro jogos, cinco #PaulistasEmCampo nesta quarta-feira pelo @brasileirao.",0,"10/01/2025 06:00",https://www.instagram.com/p/DPRC45gDIOY/,"Imagem do Instagram",,Total,37136,17098,691,12,1,13,6
18106353010579344,17841400074692954,paulistao,Paulistão,"EMBATE PAULISTA NO MAIÃO! 🔥😮‍💨
O Mirassol vai receber o Red Bull Bragantino pela 26ª rodada do @brasileirao! Para quem vai a sua torcida?
#PaulistasEmCampo",0,"10/01/2025 05:00",https://www.instagram.com/p/DPQ8IbckQDo/,"Imagem do Instagram",,Total,33303,15763,378,5,0,7,2
18119099101719739,17841400074692954,paulistao,Paulistão,"ANOTA NA AGENDA! 
Bora conferir o calendário das Carretas de Mamografia, uma iniciativa da Federação Paulista de Futebol com a Fundação Laço Rosa e a Marque Esse Gol.
#FPF #OutubroRosa",0,"09/30/2025 13:10",https://www.instagram.com/p/DPPUKaGDtJy/,"Imagem do Instagram",,Total,278692,76206,3420,107,6,57,35
18530156938003628,17841400074692954,paulistao,Paulistão,"MACACA GARANTIDA!
A Ponte Preta já garantiu o acesso. Agora, Guarani e São Bernardo seguem na busca pela vaga.
#PaulistasEmCampo #SérieC",0,"09/30/2025 11:00",https://www.instagram.com/p/DPPAfJIkxYO/,"Imagem do Instagram",,Total,96336,48467,1715,39,11,24,16
17926941330107970,17841400074692954,paulistao,Paulistão,"PALMEIRAS E MIRASSOL NO G4! 👀
Veja como ficou a tabela de classificação do @brasileirao depois da última rodada!
#PaulistasEmCampo",0,"09/30/2025 09:00",https://www.instagram.com/p/DPOy9qbk9yp/,"Imagem do Instagram",,Total,113198,58316,2393,25,6,26,20
17910523848215374,17841400074692954,paulistao,Paulistão,"O São Paulo não pontua no MorumBIS.
#PaulistasEmCampo
📷Rubens Chiri/São Paulo",0,"09/29/2025 18:10",https://www.instagram.com/p/DPNRsvllINC/,"Imagem do Instagram",,Total,54935,25952,919,300,0,67,10
18061155377418040,17841400074692954,paulistao,Paulistão,"CHEGOU A HORA DA DECISÃO! 👀🏆
Quem vai ser o grande campeão da Copa Paulista Sicredi? Se liga nas datas e onde assistir aos jogos da final! 
#CopaPaulistaSicredi",0,"09/29/2025 08:41",https://www.instagram.com/p/DPMQli-jTx4/,"Imagem do Instagram",,Total,89074,40349,1219,244,8,34,25
17877234093412080,17841400074692954,paulistao,Paulistão,"É O TRICOLOR DO MORUMBIS!
O São Paulo quer a vitória para subir na tabela do @brasileirao!
#FutebolPaulista #PaulistasEmCampo",0,"09/29/2025 07:00",https://www.instagram.com/p/DPMASLsj8YE/,"Imagem do Instagram",,Total,35965,14333,641,15,0,3,6
17968328690958784,17841400074692954,paulistao,Paulistão,"Fim de papo em mais um domingo de futebol.
#PaulistasEmCampo",0,"09/28/2025 18:47",https://www.instagram.com/p/DPKxKoPDKWc/,"Imagem do Instagram",,Total,48095,21640,498,8,0,8,3
18078620363064552,17841400074692954,paulistao,Paulistão,"Fim de jogo na Neo Química Arena. O Corinthians leva a virada diante do Flamengo.
#PaulistasEmCampo
📷Gilvan de Souza/Flamengo",0,"09/28/2025 18:46",https://www.instagram.com/p/DPKxDlDDGW4/,"Imagem do Instagram",,Total,56152,26815,773,151,3,57,8
18075525980102502,17841400074692954,paulistao,Paulistão,"SAI ZICA!!! ⚫️⚪️ YURI ALBERTO É O NOME DELE!!!! #PaulistasEmCampo",61,"09/28/2025 17:46",https://www.instagram.com/reel/DPKqDMXjONC/,"Reel do Instagram",,Total,1296324,1022985,6686,578,98,199,134
18016385279786409,17841400074692954,paulistao,Paulistão,"HOMENAGEM AO ÍDOLO! 🥰
Renato Augusto se emocionou muito na Neo Química Arena! #PaulistasEmCampo",72,"09/28/2025 17:42",https://www.instagram.com/reel/DPKpoeNjAwW/,"Reel do Instagram",,Total,444269,331753,52287,2149,199,612,991
17844148011581472,17841400074692954,paulistao,Paulistão,"VITÓRIA GRENÁ!
No embate paulista da Série B, a Ferroviária levou a melhor pra cima do Botafogo.
#PaulistasEmCampo
📷Luis Miguel Ferreira/Ferroviária",0,"09/28/2025 16:42",https://www.instagram.com/p/DPKi3tuDOe8/,"Imagem do Instagram",,Total,28440,11535,253,11,0,5,4
17917418304188990,17841400074692954,paulistao,Paulistão,"EMPATE PAULISTA!
Em um duelo movimentado, Red Bull Bragantino e Santos ficaram na igualdade.
#PaulistasEmCampo
📷Ari Ferreira/Red Bull Bragantino",0,"09/28/2025 16:41",https://www.instagram.com/p/DPKiuNZDPOw/,"Imagem do Instagram",,Total,33716,14955,594,3,1,3,3
18423181993106857,17841400074692954,paulistao,Paulistão,"Estilo é pra quem tem! 😎🔥 #PaulistasEmCampo",32,"09/28/2025 16:01",https://www.instagram.com/reel/DPKeEoWjbyc/,"Reel do Instagram",,Total,358535,264821,20386,1511,181,1234,221
18058065020395887,17841400074692954,paulistao,Paulistão,"FALA, PROFESSOR!
Fernando Marchiori segue fazendo história com o Primavera! Depois de colocar o Fantasma na elite do Paulistão Sicredi, o treinador foi o responsável por classifica a equipe de Indaiatuba para uma competição nacional pela primeira vez na história!
#CopaPaulistaSicredi",37,"09/28/2025 15:10",https://www.instagram.com/reel/DPKYQakAf8O/,"Reel do Instagram",,Total,64023,41406,2465,97,26,100,10
18054188579639707,17841400074692954,paulistao,Paulistão,"ESCREVENDO A HISTÓRIA!
Neste domingo, o goleiro @cleiton40 recebeu uma homenagem do Red Bull Bragantino pela marca de 300 jogos com a camisa do Massa Bruta! Com isso, ele passa a ser o atleta que mais disputou partidas pela equipe de Bragança Paulista.
#PaulistasEmCampo
📷Ari Ferreira/Red Bull Bragantino",0,"09/28/2025 14:58",https://www.instagram.com/p/DPKW6bJjMVi/,"Carrossel do Instagram",,Total,36195,13383,311,0,0,4,4
18043264061660936,17841400074692954,paulistao,Paulistão,"São Bernardo levou gol na reta final e perde a primeira no quadrangular do acesso na Série C.
#PaulistasEmCampo
📷Divulgação/São Bernardo",0,"09/28/2025 14:34",https://www.instagram.com/p/DPKUJw4DByM/,"Imagem do Instagram",,Total,54764,26833,481,9,1,13,13
17898429672296570,17841400074692954,paulistao,Paulistão,"COMEMORA, BRUNÃO!
Com a vaga na final garantida, chegou a hora de pagar as promessas feitas ao longo da jornada!
#CopaPaulistaSicredi",16,"09/28/2025 14:20",https://www.instagram.com/reel/DPKSlPTgkub/,"Reel do Instagram",,Total,304178,174295,8439,97,13,27,72
17905427061252205,17841400074692954,paulistao,Paulistão,"MAIS UM PONTO!
O Novorizontino fica no empate diante do Vila Nova.
#PaulistasEmCampo
📷Higor Basso/Novorizontino",0,"09/28/2025 14:14",https://www.instagram.com/p/DPKR6U7jLE0/,"Imagem do Instagram",,Total,25358,11035,158,4,0,2,1
18058391900169995,17841400074692954,paulistao,Paulistão,"De volta ao Brasileirão, o Palmeiras acabou superado pelo Bahia.
#PaulistasEmCampo
📷Rafael Rodrigues/Bahia",0,"09/28/2025 14:13",https://www.instagram.com/p/DPKRw3nDIz7/,"Imagem do Instagram",,Total,31170,14011,414,35,0,21,2
18003015218805041,17841400074692954,paulistao,Paulistão,"DO PÊNALTI À EMOÇÃO!
Os instantes finais da classificação do Primavera para a final da Copa Paulista Sicredi!
#CopaPaulistaSicredi",95,"09/28/2025 14:08",https://www.instagram.com/reel/DPKREzLjB68/,"Reel do Instagram",,Total,136871,87285,4784,106,21,65,28
17925192798136809,17841400074692954,paulistao,Paulistão,"ARIEL! ❌🥅
O paredão do Primavera defendeu duas penalidades e foi fundamental para a classificação do Primavera!
#CopaPaulistaSicredi",24,"09/28/2025 13:57",https://www.instagram.com/reel/DPKP3Xvj_9-/,"Reel do Instagram",,Total,133880,87516,3878,100,21,23,24
18164671666373683,17841400074692954,paulistao,Paulistão,"FOI COM EMOÇÃO!
Primavera vence o Grêmio Prudente nos pênaltis e se garante na final da Copa Paulista Sicredi!
#CopaPaulistaSicredi
📷Rodrigo Menezes/Primavera",0,"09/28/2025 13:53",https://www.instagram.com/p/DPKPhnOjL9A/,"Imagem do Instagram",,Total,40042,21228,425,23,1,14,3
18132274780458387,17841400074692954,paulistao,Paulistão,"NHÔ QUIM vs. FANTASMA!
XV de Piracicaba e Primavera estão na final da Copa Paulista Sicredi 2025!
#CopaPaulistaSicredi",0,"09/28/2025 13:41",https://www.instagram.com/p/DPKOFtLDJ2p/,"Imagem do Instagram",,Total,229707,95225,5347,529,27,132,34
17872342275429072,17841400074692954,paulistao,Paulistão,"FANTASMA FINALISTA! 👻
O Primavera está na grande decisão da Copa Paulista Sincredi!
#CopaPaulistaSicredi",0,"09/28/2025 13:36",https://www.instagram.com/p/DPKNho7jAc-/,"Imagem do Instagram",,Total,211212,91435,2334,598,5,102,17
17869049430375422,17841400074692954,paulistao,Paulistão,"GOOOOOOLLLL DO GRÊMIO PRUDENTE!
No finzinho, Mateus Muller converte penalidade e diminui para o visitante, deixando tudo igual no agregado! A vaga na final vai ser decidida nos pênaltis!
#CopaPaulistaSicredi",18,"09/28/2025 13:08",https://www.instagram.com/reel/DPKKUWhj-Sw/,"Reel do Instagram",,Total,36209,25085,476,10,2,4,3
18075234383116869,17841400074692954,paulistao,Paulistão,"GOOOOOOLLLL DO PRIMAVERA!
É dele de novo! Brunão converte o pênalti e aumenta a vantagem do Fantasma no placar!
#CopaPaulistaSicredi",25,"09/28/2025 11:53",https://www.instagram.com/reel/DPKBwErD9uw/,"Reel do Instagram",,Total,52436,34216,901,5,3,1,6
18107267665570148,17841400074692954,paulistao,Paulistão,"GOOOOOOLLLL DO PRIMAVERA!
Brunão faz de cabeça e abre o placar para o Fantasma!
#CopaPaulistaSicredi",20,"09/28/2025 11:45",https://www.instagram.com/reel/DPKA2VhgHA_/,"Reel do Instagram",,Total,50920,34463,747,10,2,8,7
18529893103031566,17841426429471156,fpf_oficial,"Federação Paulista de Futebol","É dia jogo decisivo na Copa Paulista Sicredi e o @ecprimaveraoficial chegou pro duelo em grande estilo com a @viacaocometa.oficial!
#CopaPaulistaSicredi #FPF #ClubeGiro",41,"09/28/2025 09:58",https://www.instagram.com/reel/DPJ0b-TiTOP/,"Reel do Instagram",,Total,66970,48527,1142,12,6,15,23
18061398107578480,17841400074692954,paulistao,Paulistão,"DUELO PAULISTA!
Pra agitar o domingo de Brasileirão, tem Red Bull Bragantino e Santos em campo!
#PaulistasEmCampo",0,"09/28/2025 08:00",https://www.instagram.com/p/DPJiYSIk9FY/,"Imagem do Instagram",,Total,56681,27817,1809,46,1,22,8
18098727247629430,17841400074692954,paulistao,Paulistão,"DIA CHEIO!
Nosso domingão vai tá repleto de #PaulistasEmCampo 🔥",0,"09/28/2025 06:00",https://www.instagram.com/p/DPJUi1zjfH1/,"Imagem do Instagram",,Total,38959,17673,577,10,0,3,4
17853807216492868,17841400074692954,paulistao,Paulistão,"Primavera ou Grêmio Prudente: quem jogará a decisão da Copa Paulista Sicredi?
#CopaPaulistaSicredi",0,"09/28/2025 05:00",https://www.instagram.com/p/DPJNsuGFHaA/,"Imagem do Instagram",,Total,119044,39166,785,20,2,30,7
18078329351045960,17841400074692954,paulistao,Paulistão,"Ponto final no sábado de #PaulistasEmCampo.
#FutebolPaulista",0,"09/27/2025 19:06",https://www.instagram.com/p/DPIOe7rDRkE/,"Imagem do Instagram",,Total,54987,26034,538,5,0,5,3
18084348604907794,17841400074692954,paulistao,Paulistão,"Mirassol luta até o último lance, mas acaba superado pelo Atlético-MG.
#PaulistasEmCampo
📷Pedro Zacchi/Ag. Mirassol",0,"09/27/2025 19:04",https://www.instagram.com/p/DPIOUIIjmGw/,"Imagem do Instagram",,Total,48497,24067,515,4,0,3,1
17850252126525349,17841400074692954,paulistao,Paulistão,"Fora de casa, o Bugre acabou sofrendo a virada e foi superado pelo Brusque.
#PaulistasEmCampo
📷Raphael Silvestre/Guarani",0,"09/27/2025 17:49",https://www.instagram.com/p/DPIFqu3EkAS/,"Imagem do Instagram",,Total,85344,39403,1383,16,2,51,14
18093454639742710,17841400074692954,paulistao,Paulistão,"ACESSO GARANTIDO! 🦍
Alô, @brasileiraob! A @pontepretaoficial TÁ DE VOLTA!
#PaulistasEmCampo",4,"09/27/2025 17:39",https://www.instagram.com/reel/DPIEC5gDFhQ/,"Reel do Instagram",,Total,631548,290258,23631,2624,78,310,292
18156821371389022,17841401535223680,pontepretaoficial,"🦍 Ponte Preta","A MACACADA VOLTOUUUU!!! Com a vitória do Brusque sobre o rival, a Ponte Preta está de volta à Série B, do Brasileiro, em 2026. VOLTAMOOOOOOS!!! 🔥🔥🔥🔥🔥🔥🔥🔥🔥🔥🔥🔥🔥🔥🔥🔥🦍🦍🦍🦍🦍🦍🦍🦍 #PontePreta",0,"09/27/2025 17:39",https://www.instagram.com/p/DPIEhsakWfY/,"Imagem do Instagram",,Total,1654998,667381,36770,6322,162,1491,0
17852405832551548,17841426429471156,fpf_oficial,"Federação Paulista de Futebol","XVZÃO, ÊOOOOOO!
XVZÃO, ÊOOOOOO!
#CopaPaulistaSicredi",29,"09/27/2025 16:28",https://www.instagram.com/reel/DPH8UOKiW2W/,"Reel do Instagram",,Total,349829,222691,12256,1214,251,259,123
18096848095647666,17841400074692954,paulistao,Paulistão,"É FINALISTA!
XV de Piracicaba faz o dever de casa, vence o Comercial e se garante na decisão da Copa Paulista Sicredi.
#CopaPaulistaSicredi
📷Mariana Kasten/XV de Piracicaba",0,"09/27/2025 16:23",https://www.instagram.com/p/DPH749dCTU0/,"Imagem do Instagram",,Total,68829,33324,1337,56,9,53,6
17980853792751307,17841400074692954,paulistao,Paulistão,"É O NHÔ QUIM!
O XV de Piracicaba está na final da Copa Paulista Sicredi!
#CopaPaulistaSicredi",0,"09/27/2025 16:05",https://www.instagram.com/p/DPH52SFDiS3/,"Imagem do Instagram",,Total,204498,81209,3671,444,12,64,30
18039721790688343,17841400074692954,paulistao,Paulistão,"PONTO FUNDAMENTAL!
Ponte Preta busca o empate nos acréscimos e segue sonhando com o acesso ainda neste sábado!
#PaulistasEmCampo
📷Marcos Ribolli/PontePress",0,"09/27/2025 15:14",https://www.instagram.com/p/DPHz-aYDO5F/,"Imagem do Instagram",,Total,47625,19583,743,5,2,8,1
18069522326268581,17841400074692954,paulistao,Paulistão,"É COM EMOÇÃO! 
MIGUEL DEIXA TUDO IGUAL JÁ NOS ACRÉSCIMOS 🔥
#PaulistasEmCampo #SérieC",20,"09/27/2025 15:01",https://www.instagram.com/reel/DPHydtSklRL/,"Reel do Instagram",,Total,142200,95188,4236,153,18,50,29
18345884800163993,17841408376344663,libertadoresbr,"CONMEBOL Libertadores","🇧🇷🏟️ Que festa, @Palmeiras! É o estádio que receberá o último jogo no Brasil da CONMEBOL #Libertadores 2025.

🔜 Semifinal ⭐️ #GloriaEterna",23,"09/27/2025 14:00",https://www.instagram.com/reel/DPHrdLOjgPL/,"Reel do Instagram",,Total,319445,245439,13807,334,9,89,0
18052709834263947,17841401535223680,pontepretaoficial,"🦍 Ponte Preta","Nosso time é a gente em campo. Pra cima, Pontee Pretaaa!!! 🔥🔥🔥🔥🦍🦍🦍 #JuntosPeloAcesso #PontePreta",64,"09/27/2025 13:01",https://www.instagram.com/reel/DPHkbY-Ea2G/,"Reel do Instagram",,Total,73956,44710,3078,73,12,52,0
18091994176761795,17841426429471156,fpf_oficial,"Federação Paulista de Futebol","SÁBADO DE DECISÃO!
A bola vai rolar pela Copa Paulista Sicredi e é claro que o @clubegiro.oficial está com a gente nessa!
#CopaPaulistaSicredi #ClubeGiro",58,"09/27/2025 12:51",https://www.instagram.com/reel/DPHjeQeiV0T/,"Reel do Instagram",,Total,26065,17717,284,9,5,11,5
18004503272803844,17841401535223680,pontepretaoficial,"🦍 Ponte Preta","E o #TimeDoPovo já está em casa e chegou nos braços da Maior Torcida do Interior!! 🔥🦍

🎥 Arthur Henrique

#JuntosPeloAcesso #PontePreta",142,"09/27/2025 11:34",https://www.instagram.com/reel/DPHa0c8kSla/,"Reel do Instagram",,Total,84767,51653,3631,187,8,37,0
17865144690399449,17841400074692954,paulistao,Paulistão,"É DIA DE JOGÃO PARA DEFINIR O PRIMEIRO FINALISTA DA COPA PAULISTA SICREDI!
#CopaPaulistaSicredi",0,"09/27/2025 08:00",https://www.instagram.com/p/DPG9guLk6c3/,"Imagem do Instagram",,Total,50089,17452,394,13,1,5,4
18286247245278452,17841400074692954,paulistao,Paulistão,"MACACA QUERIDA EM BUSCA DO ACESSO!
A Ponte Preta recebe o Náutico para garantir o seu lugar no @brasileiraob em 2026!
#FutebolPaulista #PaulistasEmCampo",0,"09/27/2025 07:00",https://www.instagram.com/p/DPG2tFMDwKH/,"Imagem do Instagram",,Total,84653,45522,1285,43,5,27,16
17846588667574473,17841400074692954,paulistao,Paulistão,"TRIO DO INTERIOR PAULISTA!
Ponte e Guarani vão com tudo na Série C, e o Mirassol busca os três pontos para se manter no G4 do @brasileirao!
#FutebolPaulista #PaulistasEmCampo",0,"09/27/2025 06:00",https://www.instagram.com/p/DPGvwLnlDWR/,"Imagem do Instagram",,Total,30633,11772,327,6,0,5,1
18063502874068349,17841426196827383,copinha,Copinha,"CONFRONTOS DEFINIDOS! ⚔️
Com direito a Dérbi Campineiro, foi asssim ficaram os duelos das quartas de final do Paulista Sub-20 Série A!
#PaulistaSub20SérieA",0,"09/26/2025 15:25",https://www.instagram.com/p/DPFQfH2kSQP/,"Imagem do Instagram",,Total,177572,56172,2153,267,6,63,23
17849619162560476,17841429857362439,paulistaof,"Paulistão F Petrobras","BORA MAIS UMA!
Mais uma rodada do Paulistão Feminino Sicredi tá chegando aí 😍
#PaulistãoFemininoSicredi",0,"09/26/2025 14:33",https://www.instagram.com/p/DPFKe5Ok4Y7/,"Imagem do Instagram",,Total,33699,12658,427,12,0,0,5
18078062135284994,17841400074692954,paulistao,Paulistão,"TÁ CHEGANDO A HORA!
Quem avança para a final da Copa Paulista Sicredi?
#CopaPaulistaSicredi #GiroDaRodada",0,"09/26/2025 11:38",https://www.instagram.com/p/DPE2bBSlWZS/,"Imagem do Instagram",,Total,57537,23254,350,25,1,1,4
17909256153090668,17841426196827383,copinha,Copinha,"RAFAEL COUTINHO: Será esse o novo Danilo da base do Palmeiras? 🧐🐷
O Cria da Academia é um dos destaques do meio-campo na base brasileira e vai disputar a Copa do Mundo Sub-20. Vem conferir com o @_marco.pastore os detalhes dessa fera!
#FutebolPaulista",90,"09/26/2025 10:27",https://www.instagram.com/reel/DPEuNlCEVKj/,"Reel do Instagram",,Total,289674,185560,9127,486,32,44,166
18100617991621371,17841400074692954,paulistao,Paulistão,"PAIS DE CASTIGO!
Foram mais de 40 ocorrências durante as categorias Sub-11 e Sub-12 do Campeonato Paulista. Por isso, com o objetivo de conscientizar os pais de jogadores das categorias de base, a FPF fechou os portões de 144 jogos das competições.
#FPF",42,"09/26/2025 09:33",https://www.instagram.com/reel/DPEoHoaDbuq/,"Reel do Instagram",,Total,284077,179837,4012,538,45,36,80
17879306949402800,17841400074692954,paulistao,Paulistão,"PARTIU EQUADOR!
O Verdão enfrenta a Liga de Quito na próxima fase da @libertadoresbr.
#PaulistasEmCampo",0,"09/25/2025 17:39",https://www.instagram.com/p/DPC65FtlbuL/,"Imagem do Instagram",,Total,67926,29431,4206,45,0,17,33
17916844920053776,17841400074692954,paulistao,Paulistão,"EM BUSCA DA TAÇA! ✈️🏆
O Verdão segue na disputa pela #GlóriaEterna em 2025.
#PaulistasEmCampo",0,"09/25/2025 17:28",https://www.instagram.com/p/DPC5rAYFdqT/,"Imagem do Instagram",,Total,163032,80875,16335,183,79,58,145
17894051655330261,17841400074692954,paulistao,Paulistão,"O São Paulo se despede da @LibertadoresBR.
#PaulistasEmCampo
📷 Divulgação/Conmebol",0,"09/25/2025 17:05",https://www.instagram.com/p/DPC3IErk9h-/,"Imagem do Instagram",,Total,71032,32070,1650,226,0,100,8
18383419087122602,17841408376344663,libertadoresbr,"CONMEBOL Libertadores","😍 Camisas e memórias!

🇾🇪 @SaoPauloFC ⭐️ #GloriaEterna",24,"09/25/2025 14:49",https://www.instagram.com/reel/DPCnXXUCVtA/,"Reel do Instagram",,Total,62372,41964,1702,25,3,12,0
17964046031976800,17841400074692954,paulistao,Paulistão,"O MORUMBIS TÁ PRONTO!
Logo mais tem Tricolor em casa e em busca da classificação 🔥
#PaulistasEmCampo #SãoPaulo 
📸 Divulgação/Conmebol",0,"09/25/2025 13:54",https://www.instagram.com/p/DPChLG2joKK/,"Imagem do Instagram",,Total,43889,19271,1138,3,0,7,6
17906366148275531,17841400074692954,paulistao,Paulistão,"POR MENOS ÓDIO E MAIS FUTEBOL, TAMBÉM NA BASE! 
O papel dos adultos nas arquibancadas das categorias de base é apoiar acima de tudo. Assista ao vídeo completo da campanha no YouTube do @paulistao.
#FPF",0,"09/25/2025 13:46",https://www.instagram.com/p/DPCgUDNklLD/,"Carrossel do Instagram",,Total,649043,259062,11693,1036,65,388,266
17895404151320463,17841404518850618,saojoseecoficial,"São José Esporte Clube","VEM AÍ!! 

Outubro está chegando e, com ele, o segundo ano da nossa parceira com a FPF, Marque esse Gol e a Fundação Laço Rosa, que vai trazer para São José dos Campos a carreta para que torcedores e torcedoras realizem exames de mamografia. 

#outubrorosa",0,"09/25/2025 13:11",https://www.instagram.com/p/DPCcTWlCYSz/,"Imagem do Instagram",,Total,48976,10666,185,3,0,4,0
18126167212485262,17841408376344663,libertadoresbr,"CONMEBOL Libertadores","🔥🇾🇪 Esquenta, @SaoPauloFC! Vem noite de decisão na CONMEBOL #Libertadores!",21,"09/25/2025 13:02",https://www.instagram.com/reel/DPCbPtviXsR/,"Reel do Instagram",,Total,1271620,802635,60341,2010,150,704,0
18080170165968967,17841400074692954,paulistao,Paulistão,"A HISTÓRIA VAI SE REPETIR? 👀🏆
O Palmeiras eliminou o River Plate três vezes na @libertadoresbr. Nas duas últimas, saiu com a taça do campeonato. Qual será o desfecho da competição deste ano? 
#PaulistasEmCampo #Palmeiras #Libertadores",0,"09/25/2025 13:00",https://www.instagram.com/p/DPCXmUKk8or/,"Imagem do Instagram",,Total,95784,51722,4107,42,12,36,82
18050765708305721,17841400074692954,paulistao,Paulistão,"🎞️ 5120 x 1080 DO PAULISTÃO SICREDI 2025!
#PaulistãoSicredi2025",134,"09/25/2025 12:00",https://www.instagram.com/reel/DPCUKjIidr8/,"Reel do Instagram",,Total,34394,22367,685,6,1,5,8
17927052225105767,17841400074692954,paulistao,Paulistão,"TRICOLOR EM BUSCA DA VIRADA NO MORUMBIS! 🇾🇪❤️‍🔥
O São Paulo tem um único objetivo nessa noite de @libertadoresbr: a classificação para a semifinal!
#PaulistasEmCampo #SãoPaulo",0,"09/25/2025 11:00",https://www.instagram.com/p/DPCIigvj1m_/,"Imagem do Instagram",,Total,71363,41366,1590,20,3,32,14
18329118019232843,17841400074692954,paulistao,Paulistão,"PARABÉNS, CLODOALDO! 🎉
Eterno ídolo do Santos, o pentacampeão paulista e campeão do mundo completa 76 anos nessa quinta-feira!
#FutebolPaulista #Aniversário",0,"09/25/2025 08:19",https://www.instagram.com/p/DPB664ijUrk/,"Imagem do Instagram",,Total,41484,12673,259,15,0,7,6
17897305248294321,17841400074692954,paulistao,Paulistão,"O mau comportamentos dos adultos na arquibancada reflete no desempenho das crianças em campo! A nova campanha do ""-Ódio +Futebol"" busca combater a intolerância e a violência dos pais que acompanham seus filhos nos estádios! Assista ao vídeo completo no YouTube do @paulistao. 
#FPF",41,"09/25/2025 07:00",https://www.instagram.com/reel/DPBuwhNgYWQ/,"Reel do Instagram",,Total,358463,267537,5141,1873,72,96,168
18055128884631759,17841400074692954,paulistao,Paulistão,"Essa foi a quarta-feira dos paulistas! #PaulistasEmCampo",0,"09/24/2025 20:16",https://www.instagram.com/p/DPAoGeWkx5j/,"Imagem do Instagram",,Total,32591,15379,453,3,0,2,4
18122002693499588,17841400074692954,paulistao,Paulistão,"PAULISTAS NO TOPO! 🚀
Na reta final da segunda fase da #SérieC, minhas equipes estão voando em busca da classificação para a final!
#PaulistasEmCampo",0,"09/15/2025 10:00",https://www.instagram.com/p/DOoVcKDEytn/,"Imagem do Instagram",,Total,81022,39518,1641,25,14,21,18
17979303047869114,17841400074692954,paulistao,Paulistão,"RESTAM QUATRO! 
As datas e horários das semifinais da Copa Paulista Sicredi foram definidas. Quem vai chegar à final? 
#CopaPaulistaSicredi",0,"09/15/2025 09:20",https://www.instagram.com/p/DOoR5B-jZ0n/,"Carrossel do Instagram",,Total,106901,55550,668,40,0,26,9
18061941548089195,17841400074692954,paulistao,Paulistão,"O TIME DA FÉ VAI EM BUSCA DA VIRADA NA LIBERTADORES!
#FutebolPaulista #PaulistasEmCampo #SãoPaulo",0,"09/24/2025 20:05",https://www.instagram.com/p/DPAhw9gjNa0/,"Imagem do Instagram",,Total,75212,40283,4437,105,3,29,27
18068980127266764,17841400074692954,paulistao,Paulistão,"MARCA IMPORTANTE!!! 🤩
Flaco López chegou a 5️⃣0️⃣ gols com a camisa do Palmeiras (e já virou 51 🤣)! #PaulistasEmCampo",0,"09/24/2025 19:54",https://www.instagram.com/p/DPAln3TE_3x/,"Imagem do Instagram",,Total,95020,44789,5942,48,7,20,48
18043043216397925,17841400074692954,paulistao,Paulistão,"1️⃣2️⃣ VEZES PALMEIRAS SEMIFINALISTA DA LIBERTADORES!!! 🟢⚪ #PaulistasEmCampo",6,"09/24/2025 19:38",https://www.instagram.com/reel/DPAju2qjIzz/,"Reel do Instagram",,Total,104051,72373,5576,384,8,83,48
18180561526337861,17841400074692954,paulistao,Paulistão,"VENCE O PALMEIRAS! 🔥
O Verdão somou 5 a 2 no agregado e tá na semifinal da Libertadores! #PaulistasEmCampo
📷 Conmebol Libertadores",0,"09/24/2025 19:31",https://www.instagram.com/p/DPAjDC-EwMg/,"Imagem do Instagram",,Total,80854,48693,3524,249,3,16,17
18095931277679545,17841400074692954,paulistao,Paulistão,"SEMIFINALISTA!!! O PALMEIRAS TÁ CLASSIFICADO NA LIBERTADORES!!! 🟢⚪ #PaulistasEmCampo",0,"09/24/2025 19:25",https://www.instagram.com/p/DPAiQiyE12Z/,"Imagem do Instagram",,Total,248410,168577,8673,2368,26,62,122
17969156657949450,17841404507430689,jp_drone,"João Paulo","@palmeiras  X @riverplate 
-
-
@libertadoresbr @libertadores 

-
@allianzparque 
-
-
@palmeiras 
-

#palmeiras 
#verdão 
#avantepalestra 
#alianzparque 
#palestra 
#palmeirasoficial 
#instaporco 
#sep 
#manchaverde 
#sociedadeesportivapalmeiras 
#palmeiras 
#palmeirasmilgrau 
#crefisa 
#palestraitalia 
#allianzparquetour 
#allianz 
#jogadores 
#leilapereira 
#vejasp 
#entardecerestadao 
#saopaulocity 
#ilovesp 
#sepalmeiras 
#palmeiras💚 
#palmeiraskids 
#ig_saopaulo 
#sousampa 
#spdagaroa 
#saopaulourbana 
#entardecerestadao 
#olharesdesampa
@doentesporfutebol 
leilapereiraO",59,"09/24/2025 19:15",https://www.instagram.com/reel/DPAgnMHDRhw/,"Reel do Instagram",,Total,794253,500743,61762,8557,607,439,0
18080068951988386,17841408376344663,libertadoresbr,"CONMEBOL Libertadores","💚 Que festa, @Palmeiras! Noite de CONMEBOL #Libertadores, em busca da #GloriaEterna.",17,"09/24/2025 17:37",https://www.instagram.com/reel/DPAVzZyicBs/,"Reel do Instagram",,Total,81725,56820,10215,178,59,50,0
17876484087409188,17841400074692954,paulistao,Paulistão,"O Botafogo diminuiu a diferença no finalzinho do jogo, mas não conseguiu somar pontos pelo @brasileiraob! 😢 #PaulistasEmCampo
📷 Allan Max/Agência Botafogo/Divulgação",0,"09/24/2025 17:07",https://www.instagram.com/p/DPASj4oj6J_/,"Imagem do Instagram",,Total,35086,15723,292,5,0,3,5
18058263269382862,17841408376344663,libertadoresbr,"CONMEBOL Libertadores","💚🤍 Esquenta em verde e branco! É o @Palmeiras de novo em busca da #GloriaEterna.",22,"09/24/2025 15:28",https://www.instagram.com/reel/DPAHJV5Cdr6/,"Reel do Instagram",,Total,272746,192651,14787,560,29,462,0
18085869163893497,17841400074692954,paulistao,Paulistão,"""ELES TEM QUE TORCER PARA O FILHO DELES E NÃO XINGAR OS OUTROS""
Esses são alguns depoimentos de crianças que querem apenas brincar e se divertir. Por menos ódio e mais futebol!
#FPF",73,"09/24/2025 14:45",https://www.instagram.com/reel/DO_9sOrishm/,"Reel do Instagram",,Total,1589223,1016515,57047,10018,1022,620,1634
18062318678079296,17841400074692954,paulistao,Paulistão,"POR TODOS OS ÂNGULOS! 📽️🏆
Entramos na trend: vem relembrar o Timão levantando a taça do Paulistão Sicredi em 5120x1080!
#PaulistãoSicredi",67,"09/24/2025 13:31",https://www.instagram.com/reel/DO_5wn9kkYF/,"Reel do Instagram",,Total,216489,113109,13142,430,13,77,293
18091251037830189,17841429857362439,paulistaof,"Paulistão F Petrobras","TÁ VINDO MAIS UM! 🤩
Dias 27 e 28 de setembro vai rolar mais um Festival Paulista Feminino @petrobras. Não dá pra perder, hein? 👀
#FestivalPaulistaFemininoPetrobras",0,"09/24/2025 12:30",https://www.instagram.com/p/DO_vXjqEs04/,"Imagem do Instagram",,Total,33238,12121,236,53,3,0,5
18063507371597833,17841400074692954,paulistao,Paulistão,"EM BUSCA DA OBSESSÃO!
O Verdão só consegue pensar em uma coisa nesta quarta 👀🔥
#PaulistasEmCampo #Palmeiras #GlóriaEterna",0,"09/24/2025 11:42",https://www.instagram.com/p/DO_tV6wEqFT/,"Imagem do Instagram",,Total,65467,34605,1516,15,3,10,14
18044555216661984,17841400074692954,paulistao,Paulistão,"BRAHIMI É DO PEIXÃO!🇩🇿
O atacante foi anunciado como novo reforço do Santos. Aprovado, torcedor?
#FutebolPaulista #Santos
📷Raul Baretta/Santos",0,"09/24/2025 10:32",https://www.instagram.com/p/DO_lSQcj7o4/,"Imagem do Instagram",,Total,154917,75808,4803,237,4,136,24
18388639069193976,17841400074692954,paulistao,Paulistão,"DOIS ANOS!🏆🎉
O apito final e a emoção de Calleri com o título do Tricolor na Copa do Brasil! 
#FutebolPaulista #SãoPaulo #CopaDoBrasil",22,"09/24/2025 09:52",https://www.instagram.com/reel/DO_grJ_E5Dy/,"Reel do Instagram",,Total,2197768,1480658,128053,9577,2800,887,2348
18130625107461276,17841400074692954,paulistao,Paulistão,"-Ódio +Futebol
Após fechar os portões de 144 jogos das categorias de base, por conta de mau comportamento de adultos nas arquibancadas, os pais “ficaram de castigo” em campanha contra intolerância nos estádios. A medida, em caráter educativo, foi uma decisão da FPF por recomendação do Tribunal de Justiça Desportiva (TJD-SP), em decorrência do crescente número de casos de mau comportamento dos torcedores.
“Fechar os portões não foi para punir, mas, sim, para educar. Esperamos que a medida tenha feito alguns pais refletirem sobre o comportamento que têm nos jogos. As atitudes deles são, acima de tudo, observadas pelos filhos, que não querem e não merecem passar por situações de agressividade e descontrole como as que temos observado”, diz o presidente da Federação Paulista de Futebol, Reinaldo Carneiro Bastos.
#FPF",179,"09/24/2025 06:00",https://www.instagram.com/reel/DO_GJ3Lksim/,"Reel do Instagram",,Total,3785221,2545915,56418,22498,1771,1366,1312
18073272605143790,17841400074692954,paulistao,Paulistão,"BORA PARA A QUARTA-FEIRA! 
Enquanto o Pantera entra em campo pelo @brasileiraob, o Verdão quer a classificação em casa na @libertadoresbr!
#PaulistasEmCampo",0,"09/24/2025 05:30",https://www.instagram.com/p/DO-9vCekuCG/,"Imagem do Instagram",,Total,24502,10094,276,6,0,0,3
17962398554830954,17841400074692954,paulistao,Paulistão,"A COPA DO BRASIL CHEGOU DE VEZ... 🇾🇪❤️‍🔥
Dois anos atrás, o São Paulo conquistava seu primeiro título de @copadobrasilcbf e se tornava o único campeão de tudo!
#PaulistasEmCampo #BaúDoPaulistão",0,"09/24/2025 05:00",https://www.instagram.com/p/DO-6qpJDgdl/,"Carrossel do Instagram",,Total,155266,73195,8560,311,36,120,109
18066270887198569,17841400074692954,paulistao,Paulistão,"AGORA É EM CASA! 🏟️🌟
Com a vantagem da vitória na Argentina, o Palmeiras recebe o River Plate no Allianz Parque em busca da classificação para as semifinais da @libertadoresbr!
#PaulistasEmCampo",0,"09/23/2025 20:05",https://www.instagram.com/p/DO98-TnDh9E/,"Imagem do Instagram",,Total,58845,34213,1336,29,0,20,12
17870183841440225,17841400074692954,paulistao,Paulistão,"A terça-feira dos paulistas terminou assim! #PaulistasEmCampo",0,"09/23/2025 19:38",https://www.instagram.com/p/DO9_CWsD3ql/,"Imagem do Instagram",,Total,24620,9885,183,3,0,5,2
18066250505259417,17841400074692954,paulistao,Paulistão,"TUDO IGUAL! 🤝
A Ferroviária buscou o empate no finalzinho pelo @brasileiraob! #PaulistasEmCampo 
📷 Luis Miguel Ferreira/Ferroviária",0,"09/23/2025 19:35",https://www.instagram.com/p/DO9-paGj9WK/,"Imagem do Instagram",,Total,33292,14868,292,5,0,2,1
17921832789156045,17841400074692954,paulistao,Paulistão,"+3 PRO TIGRE! 🟡⚫
O Novorizontino segue firme na parte de cima da tabela do @brasileiraob! #PaulistasEmCampo 
📷 Ozzair Júnior/Novorizontino",0,"09/23/2025 17:31",https://www.instagram.com/p/DO9wfv9Eloo/,"Imagem do Instagram",,Total,38453,18368,389,11,0,0,3
18075520984875513,17841400074692954,paulistao,Paulistão,"FIQUE DE OLHO!
Outubro está chegando e, com ele, mais um ano da parceria da FPF com a Marque esse Gol e a Fundação Laço Rosa, que leva carretas para que torcedores e torcedoras do #FutebolPaulista realizem exames de mamografia. 
#OutubroRosa",0,"09/23/2025 12:30",https://www.instagram.com/p/DO9JTqFE-Zd/,"Imagem do Instagram",,Total,102442,47189,1094,59,6,58,11
18039465461468030,17841400074692954,paulistao,Paulistão,"O KING E O TIGRE NO TOPO! 🦁🐯🔝
Reinaldo e Vitor Roque lideram o ranking de artilheiros paulistas no @brasileirao!
#PaulistasEmCampo",0,"09/23/2025 12:00",https://www.instagram.com/p/DO9Fu85j98B/,"Imagem do Instagram",,Total,166896,92656,2712,79,4,21,34
18071045612156834,17841400074692954,paulistao,Paulistão,"VERDÃO NÃO PERDE HÁ 11 JOGOS! 🐷🔥
O Palmeiras não encontrou nenhuma derrota no @brasileirao desde que pisou em solo brasileiro pós Copa do Mundo de Clubes! 😮‍💨
#PaulistasEmCampo #Palmeiras",0,"09/23/2025 10:00",https://www.instagram.com/p/DO84Awgjwmn/,"Carrossel do Instagram",,Total,199597,101062,6637,142,10,107,79
17857441902517376,17841400074692954,paulistao,Paulistão,"DRIBLA, COMANDA E DEFENDE! @y1oung_ 😮‍💨🔥
#SãoPaulo #PaulistasEmCampo",22,"09/23/2025 08:00",https://www.instagram.com/reel/DO8qVnWj3zU/,"Reel do Instagram",,Total,344362,224626,18254,719,11,333,205
18076216856102256,17841400074692954,paulistao,Paulistão,"TERÇA-FEIRA EM DOSE DUPLA! ✌️
Novorizontino e Ferroviária vão em busca dos três pontos no @brasileiraob!
#PaulistasEmCampo",0,"09/23/2025 06:00",https://www.instagram.com/p/DO8cwJWDwkF/,"Imagem do Instagram",,Total,23749,9397,160,4,0,0,4
18079129028293074,17841400074692954,paulistao,Paulistão,"Hoje é Dia Internacional das Línguas de Sinais! Por cada vez mais respeito e igualdade, porque comunicar-se é um direito universal! 
#FPF #DiaInternacionalDasLínguasDeSinais",0,"09/23/2025 05:00",https://www.instagram.com/p/DO8V0VfiUeG/,"Imagem do Instagram",,Total,60558,23956,735,80,4,7,16
18076943647850057,17841429857362439,paulistaof,"Paulistão F Petrobras","OLHA ELA AÍ!
Chegou a hora de conferir a classificação do Paulistão Feminino Sicredi!
#PaulistãoFemininoSicredi",0,"09/22/2025 18:33",https://www.instagram.com/p/DO7SuTYDWWG/,"Imagem do Instagram",,Total,159704,70588,2758,37,19,32,28
18104317990721121,17841429857362439,paulistaof,"Paulistão F Petrobras","A 9ª rodada do Paulistão Feminino Sicredi chegou ao fim. Confira os resultados!
#PaulistãoFemininoSicredi",0,"09/22/2025 18:25",https://www.instagram.com/p/DO7R00JjPgE/,"Imagem do Instagram",,Total,41144,17305,351,5,0,4,3
17855913138532181,17841408376344663,libertadoresbr,"CONMEBOL Libertadores","🏟️💚 A casa do @Palmeiras à espera de mais uma noite especial de CONMEBOL #Libertadores...",53,"09/22/2025 17:00",https://www.instagram.com/reel/DO7IJQGjoMC/,"Reel do Instagram",,Total,178647,134632,9292,548,18,193,0
17923307175116606,17841400074692954,paulistao,Paulistão,"TEM CLÁSSICO? CHAMA O AMADO! ⚽⚽⚽⚽⚽
#FutebolPaulista #Santos",0,"09/22/2025 16:00",https://www.instagram.com/p/DO68cV0E-XA/,"Imagem do Instagram",,Total,452791,239988,13382,870,24,506,179
18106731574513174,17841408376344663,libertadoresbr,"CONMEBOL Libertadores","🇾🇪🏟️ E quinta-feira tem noite de CONMEBOL #Libertadores na casa do @SaoPauloFC!",10,"09/22/2025 15:30",https://www.instagram.com/reel/DO693qlDpRB/,"Reel do Instagram",,Total,164939,131482,10617,390,9,93,0
18293544385269811,17841400074692954,paulistao,Paulistão,"Nada de novo na Vila Belmiro: a chuva cai e o @guilherme11 marca em um clássico 🤷‍♂️😮‍💨
#PaulistasEmCampo #Santos",24,"09/22/2025 14:34",https://www.instagram.com/reel/DO63WTXEuhV/,"Reel do Instagram",,Total,141718,104290,12556,475,144,107,162
18075789239318795,17841400074692954,paulistao,Paulistão,"É O LEÃO NO CAMPEONATO BRASILEIRO! 🦁🏠
Nenhuma derrota para o Mirassol em casa pelo @brasileirao!
#PaulistasEmCampo",0,"09/22/2025 14:02",https://www.instagram.com/p/DO6ztraEwIb/,"Carrossel do Instagram",,Total,65513,28508,877,14,0,6,10
18072514070117323,17841400074692954,paulistao,Paulistão,"A localização é na Baixada Santista, a camisa é alvinegra e a trilha é Charlie Brown Jr. Isso é um dia de San-São na Vila Belmiro! 🐳🏟️
#PaulistasEmCampo #Santos",62,"09/22/2025 13:20",https://www.instagram.com/reel/DO6t8iukkSk/,"Reel do Instagram",,Total,41875,30639,2190,244,3,18,66
18108256663498540,17841400074692954,paulistao,Paulistão,"É ELE ALI?! 👉🥶👈👀
A nova linha 16-Violeta do metrô de São Paulo vai ter uma estação chamada Abel Ferreira, mas não é o Abel que vocês estão pensando... O técnico do Palmeiras tem um homônimo - um engenheiro civil que contribuiu para o desenvolvimento da Zona Leste. Aprovaram o nome da estação, paulistanos? 😅
#FutebolPaulista",0,"09/22/2025 12:00",https://www.instagram.com/p/DO6hyIXkrRI/,"Imagem do Instagram",,Total,360862,156202,11477,1084,11,114,240
18090839164795455,17841400074692954,paulistao,Paulistão,"METADE DA SEGUNDA FASE JÁ FOI! 😮‍💨
O Futebol Paulista segue firme em busca do acesso na #SérieC!
#PaulistasEmCampo",0,"09/22/2025 11:00",https://www.instagram.com/p/DO6aJMikkT3/,"Imagem do Instagram",,Total,56485,25907,1061,17,5,21,13
17879540229285716,17841475157462842,spydersbr,"SPYDERS BRAZIL","O futuro… ✨🤹🏽‍♂️🇧🇷

#robsonjúnior #robinhojr #SpydersBrazil",19,"09/22/2025 10:30",https://www.instagram.com/reel/DO6bP6mCLpL/,"Reel do Instagram",,Total,288202,162210,20754,278,64,107,0
17864918781464038,17841400074692954,paulistao,Paulistão,"TIGRE NA ZONA DE CLASSIFICAÇÃO! 🐯
O Novorizontino segue buscando se manter no G4 do @brasileiraob!
#PaulistasEmCampo",0,"09/22/2025 10:00",https://www.instagram.com/p/DO6UnKckkUx/,"Imagem do Instagram",,Total,66411,32943,1002,3,2,11,8
17998984394667783,17841400074692954,paulistao,Paulistão,"PORCO E LEÃO NO G4! 🐷🦁🔥
Assim ficou a classificação do @brasileirao ao fim da 24ª rodada! Como está o seu time na tabela? 
#PaulistasEmCampo",0,"09/22/2025 08:00",https://www.instagram.com/p/DO6Fu9CE07i/,"Imagem do Instagram",,Total,109287,57775,2616,7,13,20,22
17871128853354196,17841400074692954,paulistao,Paulistão,"FELIZ ANIVERSÁRIO, FENÔMENO!
Campeão paulista e bicampeão do mundo com a Seleção Brasileira, @ronaldo completa 49 anos! Nascido dia 18/09 é registrado dia 22/09, o Fenômeno comemora duas datas e o @paulistao da parabéns ao craque! 
#FutebolPaulista #Aniversário",0,"09/22/2025 04:00",https://www.instagram.com/p/DO5puglD2wQ/,"Carrossel do Instagram",,Total,138106,57341,5671,3,0,19,45
17934170279965421,17841400074692954,paulistao,Paulistão,"É O AMADO!🌧️⚽️
QUE NOITE DO PEIXÃO NA VILA!
#FutebolPaulista #PaulistasEmCampo
📷Diego Soares/Ag. Paulistão",0,"09/21/2025 18:48",https://www.instagram.com/p/DO4vt_RjJHa/,"Imagem do Instagram",,Total,97091,51721,5328,85,18,13,27
17894948769306845,17841400074692954,paulistao,Paulistão,"O domingão do #FutebolPaulista terminou assim! Como foi o desempenho do seu time? 👀
#PaulistasEmCampo",0,"09/21/2025 18:40",https://www.instagram.com/p/DO4uwYckheP/,"Imagem do Instagram",,Total,55432,31120,985,2,0,13,10
18388224262123860,17841400074692954,paulistao,Paulistão,"Massa Bruta começa bem, mas sofre a virada no Mineirão!
#FutebolPaulista #PaulistasEmCampo
📷Ari Ferreira/Red Bull Bragantino",0,"09/21/2025 18:36",https://www.instagram.com/p/DO4uVQekyi5/,"Imagem do Instagram",,Total,24530,10697,214,0,0,2,5
18289632634281210,17841400074692954,paulistao,Paulistão,"SAN-SÃO ALVINEGRO!
PEIXÃO VENCE O CLÁSSICO NA VILA BELMIRO!
#FutebolPaulista #PaulistasEmCampo
📷Diego Soares/Ag. Paulistão",0,"09/21/2025 18:33",https://www.instagram.com/p/DO4t79DE5Sj/,"Imagem do Instagram",,Total,85009,49723,3454,8,2,64,19
18036311798490235,17841400074692954,paulistao,Paulistão,"É O AMADO DA VILA!⚽
#FutebolPaulista #PaulistasEmCampo
📷Diego Soares/Ag. Paulistão",0,"09/21/2025 18:03",https://www.instagram.com/p/DO4qkdKjBqm/,"Imagem do Instagram",,Total,66254,33750,3519,1,6,27,11
18401134390140458,17841400074692954,paulistao,Paulistão,"GUILHERME ABRE O PLACAR NA VILA! ⚽️🔥
@guilherme11 coloca o Peixão na vantagem no clássico! 
#PaulistasEmCampo #Santos #Guilherme",64,"09/21/2025 17:58",https://www.instagram.com/reel/DO4p2hNDESy/,"Reel do Instagram",,Total,133573,96099,8958,5,18,72,79
17911008057212170,17841400074692954,paulistao,Paulistão,"O GOL DA VITÓRIA DO BUGRE!🏹💚
Diego Torres caprichou na batida e garantiu os três pontos do Guarani na Série C!
#FutebolPaulista #PaulistasEmCampo
🎥Guarani",40,"09/21/2025 17:55",https://www.instagram.com/reel/DO4pkY_AZNf/,"Reel do Instagram",,Total,43662,31732,1572,0,0,18,15
18135357955445905,17841400074692954,paulistao,Paulistão,"PLACAR ZERADO NO PRIMEIRO TEMPO DO SAN-SÃO NA VILA BELMIRO!
#FutebolPaulista #PaulistasEmCampo
📷Diego Soares/Ag. Paulistão",0,"09/21/2025 17:36",https://www.instagram.com/p/DO4nfhljPZ1/,"Imagem do Instagram",,Total,47183,22430,1261,0,0,2,6
18165284494370168,17841400074692954,paulistao,Paulistão,"MADE IN COTIA!
No SAN-SÃO, o volante Luan iniciou uma partida como capitão do Tricolor pela primeira vez!
#FutebolPaulista #PaulistasEmCampo
📷Rubens Chiri/São Paulo FC",0,"09/21/2025 17:30",https://www.instagram.com/p/DO4mvldFaU9/,"Imagem do Instagram",,Total,118082,63615,4950,0,2,4,15
17957584490989724,17841400074692954,paulistao,Paulistão,"QUE GOLAÇO!
Jhon Jhon mandou na gaveta e abriu o placar para o Red Bull Bragantino no Mineirão!
#FutebolPaulista #PaulistasEmCampo
🎥Premiere",13,"09/21/2025 17:24",https://www.instagram.com/reel/DO4mCmcj4R_/,"Reel do Instagram",,Total,105004,65923,4290,7,4,9,25
18077037887093879,17841400074692954,paulistao,Paulistão,"VITÓRIA DO BUGRÃO!🏹💚
Guarani vence em casa e segue firme em busca do acesso na Série C!
#FutebolPaulista #PaulistasEmCampo
📷Raphael Silvestre/Guarani FC",0,"09/21/2025 17:18",https://www.instagram.com/p/DO4laVxFWiY/,"Imagem do Instagram",,Total,42865,22403,817,0,0,25,5
18035940932492893,17841400074692954,paulistao,Paulistão,"Corinthians é superado na Ilha do Retiro!
#FutebolPaulista #PaulistasEmCampo
📷Paulo Paiva/Sport Recife",0,"09/21/2025 15:41",https://www.instagram.com/p/DO4aTLjlE0H/,"Imagem do Instagram",,Total,42674,19968,808,0,0,60,5
18112439428552304,17841400074692954,paulistao,Paulistão,"São Bernardo soma mais um ponto em busca do acesso na Série C!
#FutebolPaulista #PaulistasEmCampo
📷Davi Rocha/Divulgação/São Bernardo",0,"09/21/2025 14:29",https://www.instagram.com/p/DO4SGcKj1t3/,"Imagem do Instagram",,Total,34110,16665,370,0,1,4,2
18001387376651553,17841400074692954,paulistao,Paulistão,"NINGUÉM SEGURA O MIRASSOL!
Coloca mais três pontos na conta do Leão!
#FutebolPaulista #PaulistasEmCampo
📷JP Pinheiro/Agência Mirassol",0,"09/21/2025 14:04",https://www.instagram.com/p/DO4PL9FDs1G/,"Imagem do Instagram",,Total,35216,17040,711,0,0,5,1
18092929342707236,17841400074692954,paulistao,Paulistão,"UM FOGUETE!
O Cristian tinha acabado de entrar no jogo e fez esse belo gol para o Mirassol!
#FutebolPaulista #PaulistasEmCampo #Mirassol
🎥Premiere",15,"09/21/2025 13:31",https://www.instagram.com/reel/DO4LWqUAArD/,"Reel do Instagram",,Total,117390,70209,4799,0,0,23,30
18042082280402243,17841400074692954,paulistao,Paulistão,"VAMOS, SÃO PAULO! 🇾🇪
O Tricolor vai em busca da vitória fora de casa no @brasileirao!
#PaulistasEmCampo",0,"09/21/2025 11:00",https://www.instagram.com/p/DO31Ro8D9rI/,"Imagem do Instagram",,Total,36004,17630,1024,0,2,8,5
18041777924416362,17841400074692954,paulistao,Paulistão,"PRA CIMA DELES, SANTOS!
Hoje é dia de Peixão na Vila Belmiro! Algum palpite, torcedor?
#PaulistasEmCampo",0,"09/21/2025 10:00",https://www.instagram.com/p/DO3uZEQDUH2/,"Imagem do Instagram",,Total,59620,28744,2330,31,0,22,20
18284360743273111,17841400074692954,paulistao,Paulistão,"⚽⚽⚽⚽QUE NOITE DO VERDÃO NO ALLIANZ PARQUE!🐷💚
#FutebolPaulista #PaulistasEmCampo #Palmeiras
🎥 @palmeiras",77,"09/21/2025 08:00",https://www.instagram.com/reel/DO3i3meFZ4N/,"Reel do Instagram",,Total,27831,19410,1436,3,1,7,3
18040334051444831,17841400074692954,paulistao,Paulistão,"VOCÊ NÃO ESTÁ SOZINHO! 💛
O Raphael Veiga entrou com a camisa 188, número do CVV (Centro de Valorização da Vida), por causa do Setembro Amarelo. Se precisar de ajuda, ligue.
#PaulistasEmCampo
📷 César Greco/Palmeiras",0,"09/21/2025 07:30",https://www.instagram.com/p/DO3iGJ6jH6H/,"Imagem do Instagram",,Total,82925,37472,3983,4,3,16,22
18156379684390009,17841400074692954,paulistao,Paulistão,"DIA HISTÓRICO!
Há um ano, Memphis Depay fazia sua estreia pelo Timão sobre o Atlético Goianiense, no @brasileirao. O craque foi muito bem recebido pela Fiel e levou uma vitória por 3 a 0 pra casa!
#FutebolPaulista #PaulistasEmCampo #MemphisDepay",88,"09/21/2025 07:02",https://www.instagram.com/reel/DO3e2mykexr/,"Reel do Instagram",,Total,353630,217222,25648,3,16,65,210
17856969318515683,17841400074692954,paulistao,Paulistão,"DOMINGO, QUERO TE ENCONTRAR!
E assistir todos os #PaulistasEmCampo! Não vai faltar emoção por aqui 🤩",0,"09/21/2025 05:00",https://www.instagram.com/p/DO3MNjwlebh/,"Imagem do Instagram",,Total,40183,20199,654,18,4,8,15
17914942899189936,17841400074692954,paulistao,Paulistão,"VEM CONFERIR OS RESULTADOS!
Olha só o bonde do sabadão passando na sua timeline.
#PaulistasEmCampo",0,"09/20/2025 20:28",https://www.instagram.com/p/DO2WUd4jfkV/,"Imagem do Instagram",,Total,51219,25874,604,0,0,3,4
18075031373035285,17841400074692954,paulistao,Paulistão,"DIA DE SAN-SÃO NA VILA BELMIRO! 🐳🇾🇪
O Santos vai receber o São Paulo no @brasileirao e ambas as equipes só querem os três pontos para subir na tabela!
#PaulistasEmCampo #SanSão",0,"09/20/2025 20:05",https://www.instagram.com/p/DO2OimlDy7W/,"Imagem do Instagram",,Total,125190,68406,4357,171,1,40,34
18058989158420659,17841400074692954,paulistao,Paulistão,"DEU VERDÃO!
Mais um jogo, mais uma vitória do Palmeiras no @brasileirao.
#PaulistasEmCampo 
📷 Cesar Greco/Palmeiras",0,"09/20/2025 20:02",https://www.instagram.com/p/DO2TUJLDdG8/,"Imagem do Instagram",,Total,64261,30883,3046,2,2,18,16
18055198004406252,17841400074692954,paulistao,Paulistão,"TUDO IGUAL!
Avaí e Ferroviária ficam no empate no @brasileiraob.
#PaulistasEmCampo
📷Luis Miguel Ferreira/Ferroviária SAF",0,"09/20/2025 16:34",https://www.instagram.com/p/DO17nm0kgse/,"Imagem do Instagram",,Total,30986,13314,213,0,0,0,1
18413257996129300,17841400074692954,paulistao,Paulistão,"FAZ TEU NOME, GUTIGOL!
No jogo de logo mais, diante do Fortaleza, a equipe masculina do Palmeiras entrará com uma homenagem à Amanda Gutierres, que está concorrendo à Bola de Ouro.
#PaulistasEmCampo
📷 Donnay Medeiros/Palmeiras",0,"09/20/2025 16:29",https://www.instagram.com/p/DO169s2ksMy/,"Carrossel do Instagram",,Total,52822,20816,2180,0,2,12,12
18093497446741080,17841401535223680,pontepretaoficial,"🦍 Ponte Preta","A comemoração do #TimeDoPovo e a nossa FOME é pelo acesso! Vamos com os pés no chão, de vitória em vitória, escrever mais este capítulo na nossa história. E sobe, Ponteee!!🔥❤️ 

🎥 Thiago Lemos/Especial PontePress

#JuntosPeloAcesso #PontePreta",25,"09/20/2025 15:57",https://www.instagram.com/reel/DO13T19ESlS/,"Reel do Instagram",,Total,198794,104227,7355,10,29,249,0
17941530887929049,17841400074692954,paulistao,Paulistão,"VITÓRIA DA MACACA!
A Ponte Preta volta para Campinas com três pontos na mala.
#PaulistasEmCampo
📷 Gabriel França/CNC",0,"09/20/2025 15:19",https://www.instagram.com/p/DO1zB2nE86i/,"Imagem do Instagram",,Total,46782,22627,1201,0,2,33,4
18081654748767120,17841400074692954,paulistao,Paulistão,"VANTAGEM DO MANDANTE!
O Grêmio Prudente saiu na frente na semifinal da Copa Paulista Sicredi.
#CopaPaulistaSicredi
📷 Murilo Aguilar/Grêmio Prudente",0,"09/20/2025 15:16",https://www.instagram.com/p/DO1yq53Ewg8/,"Imagem do Instagram",,Total,47401,20587,621,18,0,11,6
18286234510283124,17841400074692954,paulistao,Paulistão,"A Inter de Limeira se despede da Série D. 
#PaulistasEmCampo
📷 Diego Soares/Ag. Paulistão",0,"09/20/2025 14:03",https://www.instagram.com/p/DO1qR7ok6Fz/,"Imagem do Instagram",,Total,76160,37689,1548,11,0,31,10
17999230556819411,17841400074692954,paulistao,Paulistão,"VAMOS, LEÃO!
Hoje é dia de buscar a virada em casa.
#PaulistasEmCampo #SérieD",0,"09/20/2025 08:00",https://www.instagram.com/p/DO078pBD2cW/,"Imagem do Instagram",,Total,36396,12076,225,0,0,1,4
18106834528569043,17841429857362439,paulistaof,"Paulistão F Petrobras","CAMPANHA ESPECIAL! 🩷
11 voluntárias do Projeto Marque esse Gol entraram em campo no Superclássico Sicredi. Uma parceria da Fundação Laço Rosa com a Federação Paulista de Futebol e os clubes paulistas! #PaulistãoFemininoSicredi #OutubroRosa",40,"09/20/2025 07:00",https://www.instagram.com/reel/DO0533YDhjj/,"Reel do Instagram",,Total,61558,38651,2538,1,3,14,22
17860798788482755,17841400074692954,paulistao,Paulistão,"O Primavera visita o Grêmio Prudente para o primeiro jogo da semifinal. Quem garante a vaga na final, torcedor?
#CopaPaulistaSicredi",0,"09/20/2025 07:00",https://www.instagram.com/p/DO00_slDAtO/,"Imagem do Instagram",,Total,96617,29352,566,1,0,28,4
18071184581328646,17841408376344663,libertadoresbr,"CONMEBOL Libertadores","👀🐷 Juntos pela #GloriaEterna! O @Palmeiras ampliou o placar e o banco reagiu assim!",20,"09/20/2025 06:20",https://www.instagram.com/reel/DO01OIsiUda/,"Reel do Instagram",,Total,88992,65857,6834,4,10,18,0
18060314051608414,17841400074692954,paulistao,Paulistão,"Todo mundo espera alguma coisa de um sábado de #FutebolPaulista! Vem conferir tudo que vai rolar hoje.
#PaulistasEmCampo",0,"09/20/2025 06:00",https://www.instagram.com/p/DO0uMpWD10A/,"Imagem do Instagram",,Total,24355,10526,257,0,0,0,6
18023888807738321,17841400074692954,paulistao,Paulistão,"PARA EMPATAR!
Bora conferir o gol do Nhô Quim que deixou tudo igual na semifinal da #CopaPaulistaSicredi 👀",32,"09/19/2025 18:18",https://www.instagram.com/reel/DOzimp2DJkm/,"Reel do Instagram",,Total,167415,94142,5919,0,39,136,44
18067935968465875,17841400074692954,paulistao,Paulistão,"TUDO IGUAL!
Com dois gols de pênalti, Comercial e XV de Piracicaba ficam no empate na primeira semifinal da Copa Paulista Sicredi.
#CopaPaulistaSicredi
📷 Bárbara Pires/Comercial FC",0,"09/19/2025 18:12",https://www.instagram.com/p/DOziCEQDc0l/,"Imagem do Instagram",,Total,71060,32652,998,1,3,51,8
18077185502059699,17841400074692954,paulistao,Paulistão,"MANDANTE NA VANTAGEM!
De pênalti, o Comercial sai na frente na semifinal da Copa Paulista Sicredi.
#CopaPaulistaSicredi",37,"09/19/2025 17:33",https://www.instagram.com/reel/DOzdbeZCIFr/,"Reel do Instagram",,Total,116943,74115,3925,62,25,57,37
17895267906319478,17841400074692954,paulistao,Paulistão,"FOI NA EMOÇÃO!
Com gol nos acréscimos do segundo tempo, o Novorizontino garantiu mais três pontos no @brasileiraob.
#PaulistasEmCampo
📷 Higor Basso / Novorizontino",0,"09/19/2025 17:23",https://www.instagram.com/p/DOzcVvzEmkV/,"Imagem do Instagram",,Total,41382,19524,493,0,0,1,2
18026668736725401,17841400074692954,paulistao,Paulistão,"O PRIMEIRO DESAFIO!
O técnico Roberval Davino, do Comercial, pediu o desafio de vídeo para um lance de pênalti. E, após revisão, o árbitro Fabiano Monteiro dos Santos assinalou a penalidade. Vem conferir esse momento histórico do #FutebolPaulista.",133,"09/19/2025 16:57",https://www.instagram.com/reel/DOzZXqvjGPu/,"Reel do Instagram",,Total,140061,90703,5649,3,16,127,129
17864436303395730,17841429857362439,paulistaof,"Paulistão F Petrobras","VAMOS PARA A 9ª RODADA! ❤️‍🔥
Assista aos jogos do Paulistão Feminino Sicredi AO VIVO e torça para o seu time do coração!
#PaulistãoFemininoSicredi",0,"09/19/2025 15:00",https://www.instagram.com/p/DOzHN69EkoV/,"Imagem do Instagram",,Total,38489,16841,430,23,1,1,6
18042188912656620,17841400074692954,paulistao,Paulistão,"CHEGADA EM ESTILO!
O @xvpiracicaba chegou para o primeiro jogo da semifinal da Copa Paulista Sicredi daquele jeito com a @viacaocometa.oficial 🔥
#CopaPaulistaSicredi",37,"09/19/2025 14:55",https://www.instagram.com/reel/DOzLGNKEppi/,"Reel do Instagram",,Total,107748,73036,2291,0,10,14,20
18071700643898970,17841426196827383,copinha,Copinha,"GUI NEGÃO: o filho do Terrão está brilhando no profissional do Timão!
O atacante, que fez gol na final da Copinha Sicredi 2025 está voando com a camisa do Corinthians e ajudou com dois gols nas quartas de final da Copa do Brasil. O @_marco.pastore trouxe os detalhes dessa fera!
#FutebolPaulista",105,"09/19/2025 13:21",https://www.instagram.com/reel/DOzAk2CE-Rl/,"Reel do Instagram",,Total,311499,198694,9406,3,19,23,168
18094141165708273,17841408376344663,libertadoresbr,"CONMEBOL Libertadores","⚽️🐷 Que jogada, que dupla!

🟢⚪️ @Palmeiras em busca da #GloriaEterna!",25,"09/19/2025 10:49",https://www.instagram.com/reel/DOyvKsvCScm/,"Reel do Instagram",,Total,133401,110043,6108,4,3,32,0
18066304658213755,17841400074692954,paulistao,Paulistão,"JÁ PENSOU NESSES ENCONTROS?
Com a ajuda da Inteligência Artificial, juntamos jogadores que marcaram época nos seus clubes. Queriam ver alguma dupla jogando junta? 👀
#FutebolPaulista",0,"09/19/2025 10:00",https://www.instagram.com/p/DOypqUbidog/,"Carrossel do Instagram",,Total,560703,170314,18508,32,11,194,322
18040721546406347,17841400074692954,paulistao,Paulistão,"O Comercial recebe o XV de Piracicaba para o primeiro jogo da semifinal da Copa Paulista Sicredi. Quem consegue a vantagem, torcedor?
#CopaPaulistaSicredi",0,"09/19/2025 09:00",https://www.instagram.com/p/DOyd-r4D3Kh/,"Imagem do Instagram",,Total,39772,16373,550,0,1,12,8
18044654195357843,17841426196827383,copinha,Copinha,"OS REPRESENTANTES DO BRASIL!🇧🇷
O técnico Ramon Menezes convocou 21 atletas que irão em busca do título da Copa do Mundo Sub-20 no Chile!
#Brasil #SeleçãoBrasileira",0,"09/19/2025 07:48",https://www.instagram.com/p/DOyalGRDgv3/,"Imagem do Instagram",,Total,339910,125920,6853,8,11,88,61
18117519673504493,17841400074692954,paulistao,Paulistão,"VOCÊ SABE O QUE É O DESAFIO DE VÍDEO?
Vem entender um pouco mais sobre a nova tecnologia implementada pela Federação Paulista de Futebol, que vai ser utilizada nas semifinais da Copa Paulista Sicredi!
#FPF #CopaPaulistaSicredi",80,"09/19/2025 07:00",https://www.instagram.com/reel/DOySBuzFQ0d/,"Reel do Instagram",,Total,16991,12110,222,5,2,5,6
18094316743674126,17841400074692954,paulistao,Paulistão,"PARA CIMA, TIGRE! 🐯🔥
O @oficialnovorizontino quer embalar mais uma vitória no @brasileiraob e vai contar com o apoio da sua torcida!
#PaulistasEmCampo",0,"09/19/2025 06:00",https://www.instagram.com/p/DOyJXiXD-NN/,"Imagem do Instagram",,Total,24030,10335,200,0,0,1,3
18127158406475163,17841400074692954,paulistao,Paulistão,"A quinta-feira terminou assim para o Futebol Paulista!
#FutebolPaulista #PaulistasEmCampo",0,"09/18/2025 17:12",https://www.instagram.com/p/DOw2Vo9kjfS/,"Imagem do Instagram",,Total,30917,14452,256,0,1,5,5
18072123950136674,17841400074692954,paulistao,Paulistão,"Botafogo busca o empate e soma mais um ponto no @brasileiraob!
#FutebolPaulista #PaulistasEmCampo
📷João Victor Menezes de Souza/Agência Botafogo",0,"09/18/2025 17:08",https://www.instagram.com/p/DOw16oGkksz/,"Imagem do Instagram",,Total,27830,13078,227,0,0,3,5
18020482088760582,17841400074692954,paulistao,Paulistão,"São Paulo é superado no Equador e agora vai buscar a virada no MorumBIS para avançar na @libertadoresbr!
#FutebolPaulista #PaulistasEmCampo
📷CONMEBOL",0,"09/18/2025 16:56",https://www.instagram.com/p/DOw0eeIj3OS/,"Imagem do Instagram",,Total,58817,29398,1429,0,0,111,11
18522588178054703,17841400074692954,paulistao,Paulistão,"O MAIS VENCEDOR DA HISTÓRIA DA LIBERTADORES! 🌟🐷❤️‍🔥
Nenhum jogador venceu mais partidas na @libertadoresbr que o goleiro do Palmeiras... weverton010, você é gigantesco!
#PaulistasEmCampo #Palmeiras",0,"09/18/2025 15:00",https://www.instagram.com/p/DOwmoLVE-t7/,"Imagem do Instagram",,Total,58081,28307,1514,0,0,13,12
18126182833470278,17841400074692954,paulistao,Paulistão,"AS SEMIFINAIS VÃO COMEÇAR! 
Se liga nos horários e onde assistir aos jogos da #CopaPaulistaSicredi!",0,"09/18/2025 14:00",https://www.instagram.com/p/DOwbqfeE0rp/,"Imagem do Instagram",,Total,54747,31703,330,0,0,3,1
17872425036426274,17841425643342499,mariliaac1942,"Marília Atlético Clube","🐯 Encontro de gerações. Raça e tradição que seguem vivas. 

#Polaroid 
#GeminiTrend
#VamosMAC",0,"09/18/2025 13:36",https://www.instagram.com/p/DOwdqadD6RJ/,"Carrossel do Instagram",,Total,122189,35399,995,1,7,37,0
18237205090291360,17841400074692954,paulistao,Paulistão,"VISITANTE INDIGESTO! 🏠🤪
Será que já tem time colocando a vassoura atrás da porta do estádio antes de receber o Palmeiras? O Verdão é a equipe que mais venceu fora de casa nesse ano!
#PaulistasEmCampo #Palmeiras",0,"09/18/2025 13:30",https://www.instagram.com/p/DOwYWAvks8v/,"Imagem do Instagram",,Total,160268,79323,6218,148,9,134,102
18409736701114483,17841400074692954,paulistao,Paulistão,"TRICOLOR PRONTO PARA MAIS UMA NOITE DE LIBERTADORES! 🏟️🇾🇪
O elenco do São Paulo está preparado para o confronto de hoje rumo à Glória Eterna!
#PaulistasEmCampo #SãoPaulo",0,"09/18/2025 13:00",https://www.instagram.com/p/DOwUsomjUW0/,"Imagem do Instagram",,Total,152109,83548,7768,4,38,19,54
17963143253977950,17841400074692954,paulistao,Paulistão,"200 VITÓRIAS DE ABEL FERREIRA! 🌟🐷
Ao bater o River Plate na Argentina, Abel alcançou a marca de 200 vitórias pelo Palmeiras e é o 4º técnico mais vencedor da história do clube!
#PaulistasEmCampo #Palmeiras",0,"09/18/2025 12:00",https://www.instagram.com/p/DOwNz0dk6r8/,"Imagem do Instagram",,Total,69583,33872,2015,4,1,17,30
18075794567009053,17841400074692954,paulistao,Paulistão,"PRECISANDO GOLEAR? CHAMA O LEÃO! 🦁⚽💪
O Mirassol é dono do segundo melhor ataque do @brasileirao!
#PaulistasEmCampo #Mirassol",0,"09/18/2025 11:30",https://www.instagram.com/p/DOwMV0zj6AL/,"Imagem do Instagram",,Total,60547,32203,1438,21,1,7,10
18054400583630656,17841400074692954,paulistao,Paulistão,"VEJA O DESAFIO DE VÍDEO EM AÇÃO! 👀
A Federação Paulista de Futebol realizou o primeiro teste do desafio de vídeo em um amistoso na categoria Sub-20 entre São Paulo e Ska Brasil. Vem ver como a ferramenta foi utilizada durante o jogo!
#FPF #FutebolPaulista",67,"09/18/2025 10:40",https://www.instagram.com/reel/DOwJYoLEW8c/,"Reel do Instagram",,Total,156010,83790,4925,193,14,47,90
18078467596823163,17841408376344663,libertadoresbr,"CONMEBOL Libertadores","🇵🇾🐷 Com vocês, o maior zagueiro-artilheiro da história da CONMEBOL #Libertadores em ação 🟢⚪️ @Palmeiras ⭐️ #GloriaEterna",44,"09/18/2025 06:30",https://www.instagram.com/reel/DOvs2uyjiio/,"Reel do Instagram",,Total,262009,204760,31721,608,206,300,0
18087057367852249,17841400074692954,paulistao,Paulistão,"QUINTA TRICOLOR! 🇾🇪👀
O São Paulo vai até Quito em busca de uma vantagem na @libertadoresbr, enquanto o Pantera quer os três pontos no @brasileiraob!
#PaulistasEmCampo",0,"09/18/2025 06:00",https://www.instagram.com/p/DOvkmibkwKG/,"Imagem do Instagram",,Total,39037,18930,792,4,1,8,11
18065828483521290,17841400074692954,paulistao,Paulistão,"TRI-CO-LOOOOOOR! 🇾🇪🗣️
É dia de compromisso fora de casa na @libertadoresbr. Vamos, São Paulo!
#PaulistasEmCampo #SãoPaulo",0,"09/17/2025 20:05",https://www.instagram.com/p/DOugKSelT60/,"Imagem do Instagram",,Total,48530,24888,1995,76,0,17,12
18138601321428785,17841400074692954,paulistao,Paulistão,"OS GOLS DA VITÓRIA ALVIVERDE! ⚽️🔥🐷
Gómez e Vitor Roque garantiram a vantagem para o Palmeiras com esses dois gols logo no primeiro tempo! 
#PaulistasEmCampo #Palmeiras 
🎥@libertadoresbr",15,"09/17/2025 20:01",https://www.instagram.com/reel/DOukkIMDEGd/,"Reel do Instagram",,Total,48535,32650,1655,17,3,21,19
18419868157109166,17841400074692954,paulistao,Paulistão,"XERIFE, CAPITÃO E ARTILHEIRO! ⚽🔝
Com o gol marcado contra o River Plate, o @gustavogomez462 se isolou como o zagueiro que mais balançou as redes na @libertadoresbr!
#PaulistasEmCampo #Palmeiras #Gomez",0,"09/17/2025 19:54",https://www.instagram.com/p/DOukBO4DKqg/,"Imagem do Instagram",,Total,88769,57352,2501,154,0,26,30
18086432215702590,17841400074692954,paulistao,Paulistão,"INVICTO EM TERRAS ARGENTINAS! 🔥
O técnico Abel Ferreira não sabe o que é perder no território vizinho! 
#PaulistasEmCampo #Palmeiras #Abel",0,"09/17/2025 19:29",https://www.instagram.com/p/DOuhMk3Ez-d/,"Imagem do Instagram",,Total,136311,80079,4308,229,17,43,59
17864974527461621,17841400074692954,paulistao,Paulistão,"VITÓRIA MONUMENTAL!
O Palmeiras buscou a vantagem fora de casa e venceu o River Plate na Argentina pela @libertadoresbr!
#PaulistasEmCampo 
📷@libertadoresbr",0,"09/17/2025 19:26",https://www.instagram.com/p/DOug1LdjLmn/,"Imagem do Instagram",,Total,49871,26023,2336,116,0,39,17
17859678639434482,17841400074692954,paulistao,Paulistão,"QUE FASE DO TIGRINHO! 🐯💪
Com direito a hat-trick, gol em Derby e na @libertadoresbr, o momento do @vitor_roque9 no Palmeiras é absurdo!
#PaulistasEmCampo #Palmeiras #VitorRoque",0,"09/17/2025 18:43",https://www.instagram.com/p/DOub5nKDPFD/,"Imagem do Instagram",,Total,126876,74912,3493,253,1,31,32
17853725538485112,17841400074692954,paulistao,Paulistão,"QUE SEGUNDO TEMPO FOI ESSE?! 😱
O Mirassol buscou o empate e tirou TRÊS gols de diferença fora de casa contra o Botafogo!
#PaulistasEmCampo
📷Pedro Zacchi/Agência Mirassol",0,"09/17/2025 17:28",https://www.instagram.com/p/DOuTaAwjeYm/,"Imagem do Instagram",,Total,48304,21003,1016,49,0,13,9
18051038627252258,17841408376344663,libertadoresbr,"CONMEBOL Libertadores","💚🏟️ Canta e vibra, @Palmeiras!

🏆 CONMEBOL #Libertadores 🔛",14,"09/17/2025 16:57",https://www.instagram.com/reel/DOuPu3wif1J/,"Reel do Instagram",,Total,896438,602840,75959,4020,653,947,0
17943881964050717,17841408376344663,libertadoresbr,"CONMEBOL Libertadores","🎶🐷 Largam tudo para ver o @Palmeiras em busca da #GloriaEterna!",25,"09/17/2025 16:26",https://www.instagram.com/reel/DOuMLYeiVgt/,"Reel do Instagram",,Total,723495,511387,49273,5346,215,569,0
18048629150645296,17841408376344663,libertadoresbr,"CONMEBOL Libertadores","💚 Tudo pelo @Palmeiras!

🇦🇷🏟️ A torcida alviverde chega à casa do #River para uma noite especial de CONMEBOL #Libertadores.",27,"09/17/2025 15:03",https://www.instagram.com/reel/DOuCrhvCRBN/,"Reel do Instagram",,Total,121812,87987,4438,33,0,30,0
17938355658062254,17841400074692954,paulistao,Paulistão,"✈️🇦🇷 O VERDÃO JÁ ESTÁ EM TERRAS ARGENTINAS PARA A DECISÃO CONTRA O RIVER!
AVANTI, PALESTRA!🐷💚
#FutebolPaulista #PaulistasEmCampo #Palmeiras",0,"09/17/2025 12:24",https://www.instagram.com/p/DOtwmb0lLry/,"Imagem do Instagram",,Total,36602,16928,1603,7,1,12,13
18093688519668646,17841400074692954,paulistao,Paulistão,"SAIBA TUDO SOBRE O DESAFIO DE VÍDEO! 💡🤔
Já sabe como vai funcionar o desafio de vídeo na Copa Paulista Sicredi? Arrasta para o lado e entenda mais sobre a nova tecnologia a ser implementada pela FPF!
#CopaPaulistaSicredi #FutebolPaulista",0,"09/17/2025 07:29",https://www.instagram.com/p/DOtO17RDrbO/,"Carrossel do Instagram",,Total,138575,54294,2009,428,4,43,91
17984689847889592,17841400074692954,paulistao,Paulistão,"LEÃO E VERDÃO EM CAMPO! 🦁🐷
O Mirassol vai em busca da vitória fora de casa pelo @brasileirao, enquanto o Palmeiras quer a vantagem na @libertadoresbr!
#PaulistasEmCampo",0,"09/17/2025 06:00",https://www.instagram.com/p/DOs_yFckyT3/,"Imagem do Instagram",,Total,40739,18010,919,11,0,10,11
18040884533669311,17841400074692954,paulistao,Paulistão,"FELIZ ANIVERSÁRIO, @edilsonjogador! 🔥
56 anos do ídolo do Corinthians, Edílson Capetinha!
#FutebolPaulista #Aniversário",0,"09/17/2025 04:00",https://www.instagram.com/p/DOsxu18jLtQ/,"Imagem do Instagram",,Total,44253,18782,688,7,0,23,8
18021251360762401,17841400074692954,paulistao,Paulistão,"TEM QUE JOGAR COM A ALMA E O CORAÇÃO! ❤️‍🔥🐷
No último mata-mata contra o River Plate na @libertadoresbr, deu Palmeiras... Agora, o Verdão vai buscar a vantagem no Monumental de Núñez! 
#PaulistasEmCampo",0,"09/16/2025 20:05",https://www.instagram.com/p/DOr7aLFk0It/,"Imagem do Instagram",,Total,56910,27284,2880,58,0,30,27
18076176007863173,17841400074692954,paulistao,Paulistão,"O ARTILHEIRO É DO FANTASMA! 👻⚽
Se liga no ranking dos goleadores da Copa Paulista Sicredi até aqui!
#CopaPaulistaSicredi",0,"09/16/2025 14:00",https://www.instagram.com/p/DOrSIz6k9Wt/,"Imagem do Instagram",,Total,46433,21501,365,35,3,11,9
17851522479549905,17841467312227297,fpfacademia,"FPF Academia","QUIZ DO PAULISTÃO SICREDI ❓❔
Desafiamos a galera na @confutsudamericana 2025 a responder algumas perguntas sobre o @paulistao Sicredi 🏆 Quem será que se deu melhor? 🎙️

#ConfutSudamericana2025 #FPFAcademia #PaulistãoSicredi",114,"09/16/2025 12:56",https://www.instagram.com/reel/DOrPSkPkoyZ/,"Reel do Instagram",,Total,12883,9126,194,8,1,25,0
18139909681426084,17841400074692954,paulistao,Paulistão,"TEM DUPLA PAULISTA NO G4! 🐷🤝🦁
O @brasileirao tá a todo vapor. Se liga na classificação depois de mais uma rodada!
#PaulistasEmCampo",0,"09/16/2025 10:35",https://www.instagram.com/p/DOq_UKwk97N/,"Imagem do Instagram",,Total,520134,221180,11401,65,80,109,109
17946345249018918,17841400074692954,paulistao,Paulistão,"DE VIRADA! 🟡⚫
O Novorizontino venceu a Ferroviária e colou no G4 do @brasileiraob! #PaulistasEmCampo
📷 Ozzair Jr./Novorizontino",0,"09/15/2025 17:02",https://www.instagram.com/p/DOpGwaGExkV/,"Imagem do Instagram",,Total,39015,18428,464,6,0,2,3
18090470902805669,17841400074692954,paulistao,Paulistão,"Durante as semifinais da Copa Paulista Sicredi, a Federação Paulista de Futebol estreará o Vídeo Suporte ao Futebol. O treinador poderá solicitar até duas revisões em casos de gol, pênalti, cartão vermelho ou cartões aplicado ao jogador errado, e caso estiver certo na revisão, não perde o pedido utilizado. Assim como no VAR, caberá ao árbitro de campo manter ou alterar a decisão. 

O ""Desafio de Vídeo"" é um projeto piloto da FIFA com a CBF, que convidou a FPF a experimentar a ferramenta em uma competição profissional masculina -a novidade será utilizada também nas fases finais da Copa do Brasil Feminina.

""Faz parte do DNA do futebol paulista não apenas acompanhar as tendências globais, mas também ajudar a escrevê-las. Com o apoio da CBF e da Fifa, damos agora mais um passo com o Vídeo Suporte estreando no Brasil, uma ferramenta que coloca São Paulo mais uma vez na vanguarda da tecnologia e em sintonia com as melhores práticas do futebol mundial"", afirma o presidente da FPF, Reinaldo Carneiro Bastos.

Saiba mais em futebolpaulista.com.br!
#FutebolPaulista #CopaPaulistaSicredi",0,"09/15/2025 14:55",https://www.instagram.com/p/DOo4QmuDYwq/,"Carrossel do Instagram",,Total,85317,31080,924,253,0,39,25
18074538341042933,17841400074692954,paulistao,Paulistão,"MARCELO FERNANDES, O INVICTO! 🔥🚀
O novo técnico da Ponte Preta não sabe o que é perder com a Macaca!
#PaulistasEmCampo",0,"09/15/2025 14:16",https://www.instagram.com/p/DOozyS_E0sk/,"Imagem do Instagram",,Total,206154,107341,5582,350,8,79,71
17913188286195778,17841400074692954,paulistao,Paulistão,"NA MINHA CASA, QUEM MANDA SOU EU! 🏠✨
O @hernancrespo sabe muito bem como jogar no MorumBIS!
#PaulistasEmCampo #SãoPaulo #Crespo",0,"09/15/2025 11:00",https://www.instagram.com/p/DOoae-Dk232/,"Imagem do Instagram",,Total,160583,89247,5441,189,3,58,50
18096921508566004,17841400074692954,paulistao,Paulistão,"VAMOS SUBIR, LEÃO! 🦁🔝
Dia de jogo decisivo na #SérieD para a @interdelimeiraoficial e a meta é uma só: o acesso para a #SérieC!
#PaulistasEmCampo #InterDeLimeira",0,"09/06/2025 05:00",https://www.instagram.com/p/DOQkIuWEWm2/,"Imagem do Instagram",,Total,113883,47457,1187,88,4,24,10
18090553708771994,17841400074692954,paulistao,Paulistão,"DUELO PAULISTA 🚂🐯
Vamos começar a semana com dois #PaulistasEmCampo pelo @brasileiraob.",0,"09/15/2025 06:00",https://www.instagram.com/p/DOn2JjzDsOE/,"Imagem do Instagram",,Total,24492,10232,172,3,0,0,2
18069924011470279,17841400074692954,paulistao,Paulistão,"DIA DO ZAGUEIRO DO TETRA! 👏🇧🇷
Desejamos felicidades ao campeão paulista e campeão do mundo, Marcio Santos!
#FutebolPaulista #Aniversário",0,"09/15/2025 04:00",https://www.instagram.com/p/DOnoJsxk4eq/,"Imagem do Instagram",,Total,30826,12439,201,4,0,4,3
17930221646984428,17841400074692954,paulistao,Paulistão,"São Paulo e Ponte Preta vencem neste domingo de #PaulistasEmCampo!
#FutebolPaulista",0,"09/14/2025 17:18",https://www.instagram.com/p/DOmj1kxkyoh/,"Imagem do Instagram",,Total,51233,26223,753,7,0,8,10
18168136816362926,17841400074692954,paulistao,Paulistão,"MACACA 100%!
Élvis decide e Ponte Preta vence a segunda na fase decisiva da Série C!
#FutebolPaulista #PaulistasEmCampo #PontePreta
🎥 @pontepretaoficial",54,"09/14/2025 17:15",https://www.instagram.com/reel/DOmjbUtjPSG/,"Reel do Instagram",,Total,58263,40840,1955,36,2,40,11
18399090124185716,17841400074692954,paulistao,Paulistão,"Botafogo é superado fora de casa no @brasileiraob!
#FutebolPaulista #PaulistasEmCampo
📷Luiz Fernando Cosenzo/Agência Botafogo",0,"09/14/2025 16:28",https://www.instagram.com/p/DOmeGjfE_er/,"Imagem do Instagram",,Total,29707,13512,293,9,0,0,2
18310806106172424,17841400074692954,paulistao,Paulistão,"REESTREIA COM VITÓRIA!
O RAFAEL TOLÓI VOLTOU COM TUDO!
#FutebolPaulista #SãoPaulo
📷Erico Leonan / São Paulo FC",0,"09/14/2025 16:13",https://www.instagram.com/p/DOmcXtHE8gb/,"Imagem do Instagram",,Total,97406,48758,5784,22,0,17,19
18419810506106754,17841400074692954,paulistao,Paulistão,"VITÓRIA TRICOLOR NO MORUMBIS!
Dinenno marca e São Paulo soma mais três pontos no @brasileirao!
#FutebolPaulista #PaulistasEmCampo
📷Paulo Pinto / São Paulo FC",0,"09/14/2025 15:33",https://www.instagram.com/p/DOmXzoZE-jW/,"Imagem do Instagram",,Total,38911,17567,1415,22,0,12,7
17866747080449618,17841400074692954,paulistao,Paulistão,"O PRIMEIRO DE DINENNO COM A CAMISA TRICOLOR!
De pé em pé, o Tricolor abriu o placar contra o Botafogo no MorumBIS!
#FutebolPaulista #SãoPaulo
🎥TV Globo",29,"09/14/2025 14:29",https://www.instagram.com/reel/DOmQWaelc2K/,"Reel do Instagram",,Total,160994,101682,10382,74,7,49,102
18020714540757975,17841400074692954,paulistao,Paulistão,"UM PONTO NA BAGAGEM!
Com um a menos, Santos busca o empate em Belo Horizonte!
#FutebolPaulista #PaulistasEmCampo
📷Pedro Souza/Atlético",0,"09/14/2025 14:11",https://www.instagram.com/p/DOmOdMwk8vE/,"Imagem do Instagram",,Total,34080,15018,852,5,0,11,5
18311122834169028,17841400074692954,paulistao,Paulistão,"Antes do apito inicial, os filhos do Hulk foram tirar aquela foto especial com o Neymar!
#FutebolPaulista #Neymar
🎥 @santosfc",15,"09/14/2025 13:40",https://www.instagram.com/reel/DOmK1M2kqnZ/,"Reel do Instagram",,Total,58372,36361,2155,5,2,12,22
18105858052604910,17841429857362439,paulistaof,"Paulistão F Petrobras","7 VEZES CORINTHIANS! 🏆⚫️⚪️ #ElasEmCampo",45,"09/14/2025 09:05",https://www.instagram.com/reel/DOlrV99DkJD/,"Reel do Instagram",,Total,51811,37999,4582,336,21,51,45
18056598767432393,17841400074692954,paulistao,Paulistão,"TUDO IGUAL!
Massa Bruta sofre empate nos acréscimos e soma mais um ponto no @brasileirao!
#FutebolPaulista #PaulistasEmCampo 
📷Ari Ferreira/Red Bull Bragantino",0,"09/14/2025 09:00",https://www.instagram.com/p/DOlq0vekyOV/,"Imagem do Instagram",,Total,28154,12092,271,1,0,2,1
18079665319770392,17841429857362439,paulistaof,"Paulistão F Petrobras","🏆 AS BRABAS RESOLVEM NA NEO QUÍMICA ARENA!
#ElasEmCampo
📷Léo Sguaçabia/Ag. Paulistão",0,"09/14/2025 08:49",https://www.instagram.com/p/DOlpjqtjhUX/,"Carrossel do Instagram",,Total,40250,12036,1723,20,0,13,13
17965774346953703,17841429857362439,paulistaof,"Paulistão F Petrobras","🏆O CORINTHIANS É CAMPEÃO DO BRASILEIRÃO FEMININO!
#ElasEmCampo #Corinthians",0,"09/14/2025 08:36",https://www.instagram.com/p/DOloHSKkyNV/,"Imagem do Instagram",,Total,53971,25703,2831,101,8,19,19
18081045725498880,17841400074692954,paulistao,Paulistão,"AQUI DOMINGANDO COM VOCÊS!
Olha a rodada deste domingo passando na sua timeline 👀
#PaulistasEmCampo",0,"09/14/2025 05:00",https://www.instagram.com/p/DOlKXkPk4Jx/,"Imagem do Instagram",,Total,27188,12232,375,3,0,1,3
18131360452458431,17841429857362439,paulistaof,"Paulistão F Petrobras","VAAAAAAAAAAI, CORINTHIANS!
HOJE É DIA DE BUSCAR MAIS UM TÍTULO NO @BRFEMININO 🔥
#ElasEmCampo",0,"09/13/2025 20:05",https://www.instagram.com/p/DOkM-VYjfFF/,"Imagem do Instagram",,Total,28213,11604,1082,26,0,13,11
18090327748692729,17841400074692954,paulistao,Paulistão,"ACABOU O SÁBADO!
Então vem cá conferir como ficaram os jogos de hoje. Seu time venceu, torcedor?
#PaulistasEmCampo",0,"09/13/2025 19:30",https://www.instagram.com/p/DOkKr3vD5JR/,"Imagem do Instagram",,Total,70290,37121,1131,8,0,7,8
18402745810137367,17841400074692954,paulistao,Paulistão,"DEU TIMÃO!
Com gol de Matheuzinho, o Corinthians garante mais três pontos no @brasileirao.
#PaulistasEmCampo
📷 Rodrigo Coca/Ag. Corinthians",0,"09/13/2025 19:17",https://www.instagram.com/p/DOkMqmqEyH3/,"Imagem do Instagram",,Total,59755,28120,2414,93,0,32,15
18171033220359987,17841400074692954,paulistao,Paulistão,"DE VOLTA AOS GRAMADOS!
Mais de um ano depois, Bruno Rodrigues volta a jogar pelo Palmeiras 🐷
#PaulistasEmCampo
🎥 @palmeiras",15,"09/13/2025 19:00",https://www.instagram.com/reel/DOkKoSnDwEH/,"Reel do Instagram",,Total,86756,52774,4884,41,9,25,43
17870686758430261,17841400074692954,paulistao,Paulistão,"TUDO IGUAL!
O São Bernardo volta para o ABC Paulista com um ponto na mala.
#PaulistasEmCampo
📷 Luis Felipe Amorin/Divulgação/São Bernardo",0,"09/13/2025 18:03",https://www.instagram.com/p/DOkEM0yk8ck/,"Imagem do Instagram",,Total,31324,13173,220,2,0,2,2
18183374323333164,17841400074692954,paulistao,Paulistão,"HAT TIGRE! 🐯
QUE NOITE DO VITOR ROQUE, HEIN? 
#PaulistasEmCampo
🎥 Reprodução/ @cazetv",33,"09/13/2025 17:34",https://www.instagram.com/reel/DOkAh1WDCNu/,"Reel do Instagram",,Total,131476,83891,4830,96,11,56,34
18077030125833601,17841400074692954,paulistao,Paulistão,"QUE NOITE 🐯
Vitor Roque comandou a vitória do Verdão na volta do @brasileirao.
#PaulistasEmCampo
📷 César Greco/Palmeiras",0,"09/13/2025 16:45",https://www.instagram.com/p/DOj7Q3PE8_D/,"Imagem do Instagram",,Total,56472,26780,2199,90,0,17,14
17846021859548348,17841400074692954,paulistao,Paulistão,"FIM DAS QUARTAS!
Bora conferir como terminaram os jogos de mais uma fase da Copa Paulista Sicredi!
#CopaPaulistaSicredi",0,"09/13/2025 16:45",https://www.instagram.com/p/DOj5hM0D0qx/,"Imagem do Instagram",,Total,61032,28041,545,6,2,4,11
18525260782051361,17841400074692954,paulistao,Paulistão,"RESTAM QUATRO!
Assim ficaram os confrontos da semifinal da Copa Paulista Sicredi. Quem vai chegar na final? 👀
#CopaPaulistaSicredi",0,"09/13/2025 16:26",https://www.instagram.com/p/DOj5IwUE56u/,"Imagem do Instagram",,Total,59407,28413,839,72,6,45,5
18068248151223658,17841400074692954,paulistao,Paulistão,"GARANTIU A VAGA!
O @xvpiracicaba vence o Oeste pela segunda vez e fica com a classificação na #CopaPaulistaSicredi 🔥
📷 Bruno Cruz/XV de Piracicaba",0,"09/13/2025 16:24",https://www.instagram.com/p/DOj43SLE_Zk/,"Imagem do Instagram",,Total,50215,22234,529,11,1,4,3
18015871622784588,17841400074692954,paulistao,Paulistão,"ÚLTIMA VAGA!
O Nhô Quim garante a última vaga da semifinal da Copa Paulista Sicredi.
#CopaPaulistaSicredi",0,"09/13/2025 16:01",https://www.instagram.com/p/DOj2N6IDUHh/,"Imagem do Instagram",,Total,88547,31154,1087,52,3,13,8
18077865334956901,17841415359569078,gremioprudenteoficial,"Grêmio Prudente","Segundo a torcida, hoje era dia de ligação, hein @paulistao! 😂📞

🎥 @muriloaguilaar 

#umtimeparachamardenosso 
#gremioprudente
#copapaulista",38,"09/13/2025 15:26",https://www.instagram.com/reel/DOjyLNMjT6U/,"Reel do Instagram",,Total,167422,95732,5822,203,905,81,0
18090799438748422,17841400074692954,paulistao,Paulistão,"TRÊS PONTOS DO BUGRE!
O Guarani vence fora de casa e garante vitória importante na Série C.
#PaulistasEmCampo
📷 Genival Paparazzi/Guarani FC",0,"09/13/2025 15:25",https://www.instagram.com/p/DOjyJIQAcDF/,"Imagem do Instagram",,Total,33852,14518,779,6,1,20,4
18126190648474487,17841400074692954,paulistao,Paulistão,"Fora de casa, a Inter de Limeira sofre revés na Série D. 
#PaulistasEmCampo
📷 Diego Soares/Ag. Paulistão",0,"09/13/2025 15:21",https://www.instagram.com/p/DOjxnNNlekB/,"Imagem do Instagram",,Total,58861,28402,625,6,0,0,9
18094124491663584,17841400074692954,paulistao,Paulistão,"SEGUNDA VITÓRIA!
O Comercial volta a vencer e garante a vaga na semifinal da #CopaPaulistaSicredi.
📷 Bárbara Pires/Comercial FC",0,"09/13/2025 14:26",https://www.instagram.com/p/DOjrWAHDwAx/,"Imagem do Instagram",,Total,43008,17943,547,8,0,16,2
17878863444288272,17841400074692954,paulistao,Paulistão,"MAIS UMA PRO LEÃO!
Com gol de Alesson, o Mirassol volta para casa com três pontos na mala.
#PaulistasEmCampo
📷 Pedro Zacchi/Mirassol",0,"09/13/2025 14:23",https://www.instagram.com/p/DOjrBrVk0qv/,"Imagem do Instagram",,Total,37129,16381,741,27,0,15,4
17972957219925725,17841400074692954,paulistao,Paulistão,"JOGÃO EM CASA!
O @gremioprudenteoficial fez valer o fator casa e garantiu a vitória e a classificação.
#CopaPaulistaSicredi
📷 Murilo Aguilar/Grêmio Prudente",0,"09/13/2025 14:13",https://www.instagram.com/p/DOjp3CREwpL/,"Imagem do Instagram",,Total,50863,23255,615,19,0,4,6
18089748064765051,17841400074692954,paulistao,Paulistão,"PARTIU SEMI!
O Carcará garante a classificação na #CopaPaulistaSicredi 🔥",0,"09/13/2025 14:02",https://www.instagram.com/p/DOjon7Ikx-x/,"Imagem do Instagram",,Total,80424,31289,721,104,8,20,7
18096187465726089,17841400074692954,paulistao,Paulistão,"LEÃO NA SEMI!
O Comercial vence fora de casa e garante vaga na semifinal da Copa Paulista Sicredi.
#CopaPaulistaSicredi",0,"09/13/2025 14:00",https://www.instagram.com/p/DOjoWpHkxXi/,"Imagem do Instagram",,Total,144807,61921,2077,392,16,75,15
18053694659223784,17841400074692954,paulistao,Paulistão,"BORA PARA A SEMI!
A @interdelimeiraoficial tem um compromisso na #SérieD nesse sábado! Vamos, Leão!
#PaulistasEmCampo",0,"09/13/2025 08:00",https://www.instagram.com/p/DOi6ZlgCfkJ/,"Imagem do Instagram",,Total,50271,15741,448,4,1,4,5
18018443486780264,17841400074692954,paulistao,Paulistão,"DIA CHEIO PARA AS MINHAS EQUIPES! 😮‍💨🔥
Com o final do ano se aproximando, nesse sábado são três jogos no @brasileirao, dois na #SérieC e um na #SérieD!
#PaulistasEmCampo",0,"09/13/2025 06:00",https://www.instagram.com/p/DOisjpTDpIa/,"Imagem do Instagram",,Total,30777,12892,498,12,0,2,9
17960904611986686,17841400074692954,paulistao,Paulistão,"ASSISTA AO VIVO NO YOUTUBE DO @paulistao! 👀
Sábado decisivo na #CopaPaulistaSicredi! Algum palpite de que avança para a semifinal, torcedor?",0,"09/13/2025 05:00",https://www.instagram.com/p/DOilo2YE3ot/,"Imagem do Instagram",,Total,33789,14895,204,14,0,1,4
18293892808266923,17841400074692954,paulistao,Paulistão,"VITÓRIA DO FANTASMA! 👻💪
Mais um triunfo do Primavera para cravar a classificação na #CopaPaulistaSicredi!
📷Rodrigo Menezes/Primavera",0,"09/12/2025 17:24",https://www.instagram.com/p/DOha6rMgNPC/,"Imagem do Instagram",,Total,58946,26823,585,12,0,11,3
17990143220698733,17841400074692954,paulistao,Paulistão,"PRIMAVERA NA SEMI! 👻🔥
Depois de uma goleada em casa e uma vitória fora, o @ecprimaveraoficial está classificado para a semifinal da Copa Paulista Sicredi!
#CopaPaulistaSicredi",0,"09/12/2025 17:22",https://www.instagram.com/p/DOhaqm6FJps/,"Imagem do Instagram",,Total,113759,47729,1600,128,3,46,11
18220282738306774,17841400074692954,paulistao,Paulistão,"SAÚDE MENTAL IMPORTA! 💛
No Setembro Amarelo e em qualquer outro mês do ano, cuide da sua saúde mental e procure ajuda. Você não está sozinho! 🤝
#FPF #FutebolPaulista #SetembroAmarelo",0,"09/12/2025 14:48",https://www.instagram.com/p/DOhJIMgDJ91/,"Carrossel do Instagram",,Total,86366,27240,904,137,0,7,25
18059882570103619,17841426196827383,copinha,Copinha,"LUCCA ALENCAR: a próxima joia que está surgindo de Cotia!
O atacante, campeão da Copinha Sicredi 2025 vem chamando a atenção no São Paulo e já fez gol no profissional. O @_marco.pastore trouxe os detalhes sobre o jogador.
#FutebolPaulista",92,"09/12/2025 11:35",https://www.instagram.com/reel/DOgy4EfiK_o/,"Reel do Instagram",,Total,446556,272143,15793,646,20,175,289
18069542408235870,17841400074692954,paulistao,Paulistão,"ABRINDO AS DECISÕES! 💪
União São João vai em busca de reverter o placar, enquanto o Primavera vai tentar manter a vantagem jogando fora de casa!
#CopaPaulistaSicredi",0,"09/12/2025 05:00",https://www.instagram.com/p/DOgA7aKjeia/,"Imagem do Instagram",,Total,35009,14104,169,8,0,2,1
18049358393309006,17841400074692954,paulistao,Paulistão,"PRÓXIMA PARADA: BH! 
O Timão vai enfrentar o Cruzeiro na semifinal da @copadobrasilcbf 🔥
#PaulistasEmCampo",0,"09/11/2025 17:42",https://www.instagram.com/p/DOe4JgwjGLH/,"Imagem do Instagram",,Total,163894,78849,9461,467,6,55,85
17896043664164131,17841400074692954,paulistao,Paulistão,"O PAREDÃO ALVINEGRO!
TEM PÊNALTI? CHAMA O HUGO SOUZA!
#FutebolPaulista #Corinthians",0,"09/11/2025 15:43",https://www.instagram.com/p/DOeqm7RkwXc/,"Imagem do Instagram",,Total,111285,61420,5293,53,0,64,33
17865359502453176,17841400074692954,paulistao,Paulistão,"HORA DE DEFINIR OS SEMIFINALISTAS! 🤩
Nessa final de semana, a #CopaPaulistaSicredi vai conhecer as quatro equipes que vão disputar a semifinal da competição! AO VIVO no YouTube do @paulistao!",0,"09/11/2025 14:00",https://www.instagram.com/p/DOeZ8mhicSX/,"Imagem do Instagram",,Total,36891,14923,233,6,1,7,4
18111572053533067,17841400074692954,paulistao,Paulistão,"ILUMINADO! ✨
Deixa que o Gui Negão resolve!
#PaulistasEmCampo #Corinthians",0,"09/11/2025 11:34",https://www.instagram.com/p/DOeODBFkkKf/,"Imagem do Instagram",,Total,204602,91652,6977,43,1,15,43
17984223599728687,17841400177392922,turmadamonica,"Turma da Mônica","Ela é uma inspiração para as nossas futuras árbitras, conheça a Dona da Rua, Edina Alves! 🤩⚽",0,"09/11/2025 08:55",https://www.instagram.com/p/DOd744pFes_/,"Carrossel do Instagram",,Total,519966,114300,4035,327,35,655,0
18057091970394150,17841400074692954,paulistao,Paulistão,"QUE SAUDADE!🥰
Um #TBT especial para relembrar o Paulistão Sicredi 2025! 
#FutebolPaulista #PaulistãoSicredi",16,"09/11/2025 06:00",https://www.instagram.com/reel/DOdjFVbCifs/,"Reel do Instagram",,Total,12886,8099,506,2,2,4,2
18118132360507329,17841400074692954,paulistao,Paulistão,"62 ANOS DA SEGUNDA TAÇA DO PEIXÃO! 🏆🐳
No dia 11 de setembro de 1963, o Santos conquistava sua segunda @libertadoresbr!
#PaulistasEmCampo#BaúDoPaulistão #Santos",0,"09/11/2025 05:00",https://www.instagram.com/p/DOdcPRwE-ZA/,"Imagem do Instagram",,Total,59596,26283,2705,94,0,49,33
18117319780502411,17841400074692954,paulistao,Paulistão,"PARABÉNS, XERIFE! 🎉
Ricardo Rocha, bicampeão paulista e campeão do mundo com a Seleção, completa 63 anos!
#FutebolPaulista #Aniversário",0,"09/11/2025 04:00",https://www.instagram.com/p/DOdWabbE4GP/,"Imagem do Instagram",,Total,33715,12864,183,1,0,2,1
17865456222452463,17841400074692954,paulistao,Paulistão,"QUE CAMPANHA DO TIMÃO, QUE CHEGOU EM SUA QUARTA SEMIFINAL SEGUIDA NA COPA DO BRASIL!
#FutebolPaulista #Corinthians #CopaDoBrasil",0,"09/10/2025 20:30",https://www.instagram.com/p/DOcmmQ-Da4V/,"Imagem do Instagram",,Total,195104,73190,5624,326,1,72,72
18066600050248934,17841400074692954,paulistao,Paulistão,"FAZ GOL E VAI PARA OS BRAÇOS DA FIEL! 
É O GUI NEGÃO!
#FutebolPaulista #Corinthians
📷Diego Soares/Ag. Paulistão",0,"09/10/2025 20:00",https://www.instagram.com/p/DOcjPg2DKP9/,"Carrossel do Instagram",,Total,141536,58300,11637,192,4,17,82
18091462693701188,17841400074692954,paulistao,Paulistão,"NÃO PASSA NADA!❌🧤
#FutebolPaulista #Corinthians #CopaDoBrasil",0,"09/10/2025 19:54",https://www.instagram.com/p/DOcih8aDtqa/,"Imagem do Instagram",,Total,136893,67439,11167,411,1,62,90
18065621108354484,17841400074692954,paulistao,Paulistão,"VITÓRIA LÁ, VITÓRIA CÁ E VAGA GARANTIDA NA SEMI DA COPA DO BRASIL!
#FutebolPaulista #Corinthians
📷Diego Soares/Ag. Paulistão",0,"09/10/2025 19:31",https://www.instagram.com/p/DOcf6zlDE1e/,"Carrossel do Instagram",,Total,84659,30343,7671,135,2,25,44
17971033979930971,17841400074692954,paulistao,Paulistão,"CORINTHIANS CLASSIFICADO!
É O TIMÃO NA SEMI DA @copadobrasilcbf!
#FutebolPaulista #Corinthians #CopaDoBrasil",0,"09/10/2025 19:25",https://www.instagram.com/p/DOcfLUvDRi5/,"Imagem do Instagram",,Total,557687,355564,22061,3702,41,81,232
18070529798150175,17841400074692954,paulistao,Paulistão,"GUI NEGÃO DA FIEL!
#FutebolPaulista #Corinthians
📷Diego Soares/Ag. Paulistão",0,"09/10/2025 19:09",https://www.instagram.com/p/DOcdXQOjee-/,"Imagem do Instagram",,Total,232158,121196,15923,747,20,45,241
18112238749548247,17841400074692954,paulistao,Paulistão,"DEFENDEEEEEE, HUGO! 
Coloca mais uma defesa de pênalti na conta do paredão do Timão!
#PaulistasEmCampo #Corinthians",16,"09/10/2025 19:05",https://www.instagram.com/reel/DOccsHDjGQ0/,"Reel do Instagram",,Total,1789607,1501087,100130,3027,739,404,567
18022779269550009,17841400074692954,paulistao,Paulistão,"GUI NEGÃO NÃO PERDOA!⚽
#FutebolPaulista #Corinthians
📷Diego Soares/Ag. Paulistão",0,"09/10/2025 19:01",https://www.instagram.com/p/DOccdV6jckj/,"Imagem do Instagram",,Total,101438,48014,10789,165,13,15,69
17895945465161507,17841400074692954,paulistao,Paulistão,"UM LÁ E OUTRO CÁ! 
Gui Negão marcou no jogo de ida e agora aumenta a vantagem do Timão em casa!
#PaulistasEmCampo #Corinthians",17,"09/10/2025 18:54",https://www.instagram.com/reel/DOcbhWEjKZp/,"Reel do Instagram",,Total,193864,135174,12729,835,32,70,128
18072024281322996,17841400074692954,paulistao,Paulistão,"COMEMORA, FIEL! FESTA EM ITAQUERA!
#FutebolPaulista #Corinthians
📷Diego Soares/Ag. Paulistão",0,"09/10/2025 18:30",https://www.instagram.com/p/DOcY8p4DYbE/,"Imagem do Instagram",,Total,41396,17351,2880,20,0,9,35
17855301018523678,17841400074692954,paulistao,Paulistão,"É O TIMÃO NA FRENTE DO PLACAR!
#FutebolPaulista #Corinthians
📷Diego Soares/Ag. Paulistão",0,"09/10/2025 18:23",https://www.instagram.com/p/DOcYE-Yjw7n/,"Imagem do Instagram",,Total,54861,27657,6242,87,0,17,59
18071083805326004,17841400074692954,paulistao,Paulistão,"GOL DO GARRO E TIMÃO NA FRENTE! 🦅⚽️
O camisa oito do Corinthians coloca o alvinegro na vantagem!
#PaulistasEmCampo #Corinthians",14,"09/10/2025 18:15",https://www.instagram.com/reel/DOcXATxjAOu/,"Reel do Instagram",,Total,229245,154641,18662,1768,44,157,224
18054479114442191,17841400074692954,paulistao,Paulistão,"EQUIPES EM CAMPO! 👀🔥
A bola vai rolar na Neo Química Arena! 
#PaulistasEmCampo #Corinthians",24,"09/10/2025 17:32",https://www.instagram.com/reel/DOcRxHvjHcs/,"Reel do Instagram",,Total,52953,41496,3823,37,25,9,31
18051144068263935,17841400074692954,paulistao,Paulistão,"“NUNCA MAIS VOU LAVAR A MINHA MÃO” 🗣️😶‍🌫️
O @hugosouza fez a alegria das crianças antes do jogo! 
#PaulistasEmCampo #Corinthians",12,"09/10/2025 17:09",https://www.instagram.com/reel/DOcPZ5BDPWK/,"Reel do Instagram",,Total,153785,96862,12800,79,20,33,95
18099694141716528,17841400074692954,paulistao,Paulistão,"Alô, @hugosouza 👀🥰
#FutebolPaulista #Corinthians 
📷Diego Soares/Ag. Paulistão",0,"09/10/2025 17:07",https://www.instagram.com/p/DOcPazGjAmJ/,"Imagem do Instagram",,Total,1063411,627106,23946,110,76,216,128
18082570471913466,17841400074692954,paulistao,Paulistão,"O TIMÃO ESTÁ PRONTO PARA A DECISÃO NA @copadobrasilcbf! 
#FutebolPaulista #Corinthians 
📷Diego Soares/Ag. Paulistão",0,"09/10/2025 17:03",https://www.instagram.com/p/DOcO88LjETr/,"Carrossel do Instagram",,Total,76114,29887,9611,15,30,13,30
17845050057568418,17841400074692954,paulistao,Paulistão,"NO AQUECIMENTO! 💪
Timão se preparando para o jogo de volta das quartas da @copadobrasilcbf! 
#PaulistasEmCampo #Corinthians",22,"09/10/2025 16:57",https://www.instagram.com/reel/DOcOGI2jGlG/,"Reel do Instagram",,Total,36308,28579,2755,8,1,14,14
18092465473739964,17841400074692954,paulistao,Paulistão,"LEMBRANÇAS DA ÚLTIMA SEXTA-FEIRA! 🤝🏈
O gramado da Neo Química Arena ficou assim depois da partida entre Chargers e Chiefs pela NFL! 
#PaulistasEmCampo #Corinthians",6,"09/10/2025 16:24",https://www.instagram.com/reel/DOcKd8ejKWH/,"Reel do Instagram",,Total,62571,40897,4435,11,5,75,32
18353737687089750,17841400074692954,paulistao,Paulistão,"NA CASA! 🏠👀🏟️
O Timão chegou na Neo Química Arena para o duelo na @copadobrasilcbf! 
#PaulistasEmCampo #Corinthians",28,"09/10/2025 16:01",https://www.instagram.com/reel/DOcHuGSDX3a/,"Reel do Instagram",,Total,111893,78516,10585,134,12,250,64
17843306604568185,17841400074692954,paulistao,Paulistão,"INVASÃO PELAS BRABAS!💜
Hoje é dia de Timão na @copadobrasilcbf e o clube promove campanha visando a final do @brfeminino, que será no próximo domingo contra o Cruzeiro na Neo Química Arena!
#InvasãoPelasBrabas #FutebolPaulista
📷José Manoel Idalgo/Corinthians",0,"09/10/2025 13:00",https://www.instagram.com/p/DObuVoQicoG/,"Imagem do Instagram",,Total,58050,24181,1103,0,0,7,11
18065417645216884,17841400074692954,paulistao,Paulistão,"TIMÃO INVICTO NA COPA DO BRASIL! 💪🦅
A campanha até aqui foi impecável, e hoje o Corinthians tem mais um desafio rumo à semifinal da @copadobrasilcbf!
#PaulistasEmCampo #Corinthians",0,"09/10/2025 11:00",https://www.instagram.com/p/DObkzFAEpwU/,"Imagem do Instagram",,Total,72993,35937,4873,334,2,31,61
18527086912007492,17841400074692954,paulistao,Paulistão,"Fim de mais uma rodada de @brasileiraob. Vem ver como as minhas equipes estão na tabela!
#PaulistasEmCampo #SérieB",0,"09/10/2025 07:00",https://www.instagram.com/p/DObE0RLk_mZ/,"Imagem do Instagram",,Total,51487,23502,701,2,0,4,11
17957142804002580,17841400074692954,paulistao,Paulistão,"VOCÊ NÃO ESTÁ SOZINHO! 💛🤝
Dia 10 de setembro é Dia Mundial de Prevenção do Suicídio. Se precisar, peça ajuda, ligue 188 para o Centro de Valorização da Vida (CVV).
#FPF #DiaMundialDePrevençaooDoSuicídio",0,"09/10/2025 04:00",https://www.instagram.com/p/DOawjb5DmPB/,"Imagem do Instagram",,Total,95626,51479,1504,393,0,9,18
18317888335215333,17841400074692954,paulistao,Paulistão,"VAAAAAAAAI, CORINTHIANS! 🦅🔥
A Neo Química Arena vai receber a decisão quartas da @copadobrasilcbf e a Fiel tem uma só missão: apoiar o Timão até o fim!
#PaulistasEmCampo #Corinthians",0,"09/09/2025 20:05",https://www.instagram.com/p/DOZ5z4nE1km/,"Imagem do Instagram",,Total,71615,37612,2741,205,0,7,27
18111039772558867,17841400074692954,paulistao,Paulistão,"Na altitude, o Brasil foi superado pela Bolívia no último compromisso das Eliminatórias da Copa do Mundo! #PaulistasEmCampo
📷 Rafael Ribeiro/CBF",0,"09/09/2025 18:34",https://www.instagram.com/p/DOZ0ipSjaxE/,"Imagem do Instagram",,Total,68201,31615,1115,23,1,48,18
18066657254209795,17841400074692954,paulistao,Paulistão,"1️⃣ ANO DE @memphisdepay NO TIMÃO! 🥳🌟
#FutebolPaulista #Corinthians
📷 Mauro Horita/Ag. Paulistão",0,"09/09/2025 15:00",https://www.instagram.com/p/DOZcARTCbhv/,"Carrossel do Instagram",,Total,128652,39044,10387,88,7,24,84
17955471708002295,17841400074692954,paulistao,Paulistão,"O CAMISA 2️⃣9️⃣ DO CORINTHIANS! 🦅
O @vittinho veio para reforçar o elenco do Timão nessa janela!
#PaulistasEmCampo #Corinthians",0,"09/09/2025 14:00",https://www.instagram.com/p/DOZQVgxid7i/,"Imagem do Instagram",,Total,386303,177823,25303,90,38,132,132
18055579037178519,17841400074692954,paulistao,Paulistão,"OS NOVOS NOMES DO VERDÃO! 🐷🤝
Foram cinco jogadores contratados na última janela. O que achou, torcedor?
#PaulistasEmCampo #Palmeiras",0,"09/09/2025 13:00",https://www.instagram.com/p/DOZJOpkDa0Q/,"Imagem do Instagram",,Total,296731,139258,18660,109,54,83,183
18078590623980353,17841400074692954,paulistao,Paulistão,"NOVO QUARTETO NO TRICOLOR! 👀🇾🇪
São quatro novos nomes no São Paulo. Gostou das contratações, torcedor?
#PaulistasEmCampo #SãoPaulo",0,"09/09/2025 12:00",https://www.instagram.com/p/DOZClbME-aR/,"Imagem do Instagram",,Total,205876,96211,9509,72,36,98,102
17997000410817880,17841400074692954,paulistao,Paulistão,"OS REFORÇOS DO ALVINEGRO DA BAIXADA! 🐳🫵
A janela foi movimentada para o Peixão. Animado, torcedor?
#PaulistasEmCampo #Santos",0,"09/09/2025 11:00",https://www.instagram.com/p/DOY7uxniZGl/,"Imagem do Instagram",,Total,131459,55660,7130,60,10,89,86
18363351130157062,17841400074692954,paulistao,Paulistão,"TRIO DE REFORÇOS NO MASSA BRUTA! 🐂✍️
Alix Vinicius, Gustavo Marques e Vanderlan chegam para reforçar o Red Bull Bragantino!
#PaulistasEmCampo #RedBullBragantino",0,"09/09/2025 10:00",https://www.instagram.com/p/DOY10PFiWI-/,"Imagem do Instagram",,Total,38962,15670,459,2,0,2,8
17893300317181973,17841400074692954,paulistao,Paulistão,"TEM NOVIDADE NO LEÃO! 🦁🌟
Se liga nos reforços da equipe de Mirassol para o restante da temporada!
#PaulistasEmCampo #Mirassol",0,"09/09/2025 09:00",https://www.instagram.com/p/DOYuAPID-tf/,"Imagem do Instagram",,Total,83516,37924,1615,5,1,10,18
18039275729680561,17841400074692954,paulistao,Paulistão,"ACESSO LIBERADO NO FUTEBOL PAULISTA! 🔝⚽
Se liga quais foram os times que subiram para a Série C nos últimos 16 anos!
#PaulistasEmCampo #Acesso",0,"09/09/2025 08:00",https://www.instagram.com/p/DOYnKzJk6FM/,"Imagem do Instagram",,Total,127555,61548,3074,79,5,32,49
18089343121836258,17841400074692954,paulistao,Paulistão,"VAMOS, BRASIL! 💪🇧🇷
Dia do último compromisso do @brasil pelas eliminatórias da Copa do Mundo!
#PaulistasEmCampo",0,"09/09/2025 06:00",https://www.instagram.com/p/DOYZbjsiX5O/,"Imagem do Instagram",,Total,124492,59036,6723,274,6,19,42
18117101680503678,17841400074692954,paulistao,Paulistão,"Ficou tudo igual em Novo Horizonte! #PaulistasEmCampo
📷 Higor Basso/Novorizontino",0,"09/08/2025 17:34",https://www.instagram.com/p/DOXI4hkE9di/,"Imagem do Instagram",,Total,39619,17933,400,8,0,6,2
18065609069010001,17841400074692954,paulistao,Paulistão,"EXPECTATIVAS PÓS-ELIMINAÇÃO! 
Agora que o @brunoryancruz foi eliminado, qual será a expectativa dele com o Tricolor? 👀😂
#CriadoresPaulistãoSicredi",24,"09/08/2025 15:00",https://www.instagram.com/reel/DOW3TfSDYSL/,"Reel do Instagram",,Total,24282,16213,377,4,4,3,5
18149103847363039,17841400074692954,paulistao,Paulistão,"FIM DOS JOGOS DE IDA! ✅
Quais times avançam pras semifinais da #CopaPaulistaSicredi?",0,"09/08/2025 13:17",https://www.instagram.com/p/DOWrbswiTnL/,"Imagem do Instagram",,Total,49637,20761,709,27,2,25,9
17864266260460027,17841400074692954,paulistao,Paulistão,"GOLEADA! 👻
O Primavera fez 4 a 0 no jogo de ida das quartas de final da #CopaPaulistaSicredi! 
📷 Rodrigo Menezes/Bigas",0,"09/08/2025 13:13",https://www.instagram.com/p/DOWrC1RCQhV/,"Imagem do Instagram",,Total,49565,22695,573,27,1,15,3
18073889657026797,17841426429471156,fpf_oficial,"Federação Paulista de Futebol","PARCERIA APROVADA!
Semifinalistas da Bezinha, jogadores e treinadores foram só elogios para a parceria da Federação Paulista de Futebol com a @viacaocometa.oficial e @clubegiro.oficial, que ofereceu o transporte para as semifinais e finais da competição. Valeu demais 🤩☄️
#PaulistaSub23SegundaDivisãoSicredi",45,"09/08/2025 13:00",https://www.instagram.com/reel/DOWocy5iZne/,"Reel do Instagram",,Total,14333,9420,184,0,1,4,0
18068106233187404,17841426429471156,fpf_oficial,"Federação Paulista de Futebol","PARCERIA INÉDITA! 
FPF e UNICEF firmam parceria para proteger crianças e adolescentes por meio do futebol. O acordo, que terá duração até o final de 2028, une esporte e responsabilidade social em prol da proteção e garantia dos direitos de crianças e adolescentes e prevê ações conjuntas em temas cruciais como o enfrentamento à violência, o acesso à educação de qualidade e a promoção da primeira infância antirracista. Saiba mais em futebolpaulista.com.br! 
#FPF",0,"09/08/2025 11:45",https://www.instagram.com/p/DOWg_PvCVrT/,"Imagem do Instagram",,Total,41122,15883,462,31,4,17,4
17887422573225587,17841400074692954,paulistao,Paulistão,"O MAIS NOVO DESDE PELÉ! ⚽🌟 🇧🇷
Com o gol contra o Chile, Estêvão se tornou o mais novo a marcar pelo Brasil em jogos oficiais desde Pelé! 
#PaulistasEmCampo #Estevao #SeleçãoBrasileira",0,"09/08/2025 11:00",https://www.instagram.com/p/DOWXBBOk_zP/,"Imagem do Instagram",,Total,176874,76198,7284,143,0,40,91
18092600473665491,17841401842963402,botafogosp,"Botafogo Futebol SA","EMOCIONANTE ❤️🤍🖤

O atacante Pedro Severino emocionou a todos no último sábado (6), quando retornou ao Estádio Santa Cruz/Arena Nicnet e deu o pontapé inicial da partida entre Botafogo x Athletico Paranaense, pela Serie B do Campeonato Brasileiro.

O jovem e sua família foram homenageados pelo Botafogo Futebol SA e saudados pela nação botafoguense antes de a bola rolar.

Um momento emocionante!

Confira na TV Botafogo!",213,"09/08/2025 10:31",https://www.instagram.com/reel/DOWYA0jDu-q/,"Reel do Instagram",,Total,220315,139005,7288,472,27,236,0
18104460166587874,17841400074692954,paulistao,Paulistão,"ABRINDO A SEMANA!
O União São João vai até Campinas para enfrentar o Primavera na última partida da ida das quartas de final da Copa Paulista Sicredi! AO VIVO no YouTube do @paulistao!
#CopaPaulistaSicredi",0,"09/08/2025 08:00",https://www.instagram.com/p/DOWCWN7Dhsn/,"Imagem do Instagram",,Total,40560,19510,289,18,2,3,0
18052712987624195,17841400074692954,paulistao,Paulistão,"O TIGRE TÁ MIRANDO O G4! 🐯👀
Tem Novorizontino no @brasileiraob para abrir a semana e subir na tabela!
#PaulistasEmCampo",0,"09/08/2025 06:00",https://www.instagram.com/p/DOV0msmDk4r/,"Imagem do Instagram",,Total,21104,9131,211,2,0,0,1
17959463420987522,17841400074692954,paulistao,Paulistão,"VANTAGEM DA CASA!
O Comercial sai na frente pela vaga na #CopaPaulistaSicredi
📷 José Bazzo/Divulgação/Comercial",0,"09/07/2025 13:44",https://www.instagram.com/p/DOUJx13E32u/,"Imagem do Instagram",,Total,71296,34685,912,29,0,35,7
17965230185808166,17841400074692954,paulistao,Paulistão,"AVISA QUE É ELE 👉🦁👈
Memphis Depay marcou duas vezes diante da Lituânia e se tornou o maior artilheiro da história dos Países Baixos, com 52 gols marcados.
#PaulistasEmCampo
📷 Reprodução/onsoranje",0,"09/07/2025 10:59",https://www.instagram.com/p/DOT22yCk9Mu/,"Imagem do Instagram",,Total,60295,26467,4498,29,0,34,25
18021093110746402,17841400074692954,paulistao,Paulistão,"O torcedor da @interdelimeiraoficial acordou como depois do acesso?🦁⬆️🕺
#InternaCional",14,"09/07/2025 09:23",https://www.instagram.com/reel/DOTry_BjaDn/,"Reel do Instagram",,Total,69824,45697,2329,204,17,25,22
18064147700349935,17841400074692954,paulistao,Paulistão,"TUDO IGUAL!
Francana e Grêmio Prudente ficaram no empate na manhã deste domingo.
#CopaPaulistaSicredi
📷 Gustavo Borges/Francana",0,"09/07/2025 08:20",https://www.instagram.com/p/DOTkqEDkzOA/,"Imagem do Instagram",,Total,42829,18665,382,9,0,1,3
18042990953363676,17841401535223680,pontepretaoficial,"🦍 Ponte Preta","𝑽𝑰𝑻Ó𝑹𝑰𝑨 𝑫𝑶 𝑻𝑰𝑴𝑬 𝑫𝑶 𝑷𝑶𝑽𝑶! 🏴

Pelas lentes exclusivas da PonTV, veja e reveja o gol de Toró que deu a vitória a Macaca no Dérbi 211 e os primeiros três pontos na 2ª fase do Brasileiro C. 🔥🦍

🎥 Igor Henrique e Erik Parra/PonTV

#Dérbi211 #PontePreta",78,"09/07/2025 05:49",https://www.instagram.com/reel/DOTTUFRjqY3/,"Reel do Instagram",,Total,222279,131329,7614,703,30,231,0
18076194455071959,17841400074692954,paulistao,Paulistão,"Há 69 anos, o Rei Pelé estreava pelo @santosfc com uma vitória de 7 a 1 sobre o Corinthians de Santo André. O 👑 marcou o primeiro dos seus 1091 gols com a camisa do Peixe.
#FutebolPaulista #Pelé
📷Divulgação/Santos FC",0,"09/07/2025 05:00",https://www.instagram.com/p/DOTIwxqE_VQ/,"Imagem do Instagram",,Total,184767,73489,10234,192,1,143,100
17969172185941503,17841400074692954,paulistao,Paulistão,"EM DOSE DUPLA!
Francana, Grêmio Prudente, Comercial e São José vão entrar em campo para as quartas de final nesse domingão!
#CopaPaulistaSicredi",0,"09/07/2025 03:00",https://www.instagram.com/p/DOS7D9_Dtnm/,"Imagem do Instagram",,Total,32683,14115,219,7,0,4,2
17842969482568022,17841429857362439,paulistaof,"Paulistão F Petrobras","VAAAAAAAAI, CORINTHIANS!
A PRIMEIRA BATALHA PELO HEPTACAMPEONATO DO @BRFEMININO COMEÇA HOJE 🔥
#ElasEmCampo",0,"09/06/2025 20:05",https://www.instagram.com/p/DOSLeZjjq1s/,"Imagem do Instagram",,Total,29862,10738,966,17,0,7,7
17875469811306040,17841400074692954,paulistao,Paulistão,"Com o acesso da Inter de Limeira para a Série C e vitória da Ponte no Dérbi, o sábado terminou assim para o Futebol Paulista!
#FutebolPaulista #PaulistasEmCampo",0,"09/06/2025 17:40",https://www.instagram.com/p/DOR_vQpE96B/,"Imagem do Instagram",,Total,88542,45700,1293,10,5,29,9
18074314787023001,17841400074692954,paulistao,Paulistão,"O São Bernardo foi buscar o empate e somou um ponto na fase decisiva da Série C!
#FutebolPaulista #PaulistasEmCampo
📷Janes Carvalho/Divulgação/São Bernardo",0,"09/06/2025 17:32",https://www.instagram.com/p/DOR_EuyE4qU/,"Imagem do Instagram",,Total,49175,22612,619,5,0,3,5
18064730336030429,17841401535223680,pontepretaoficial,"🦍 Ponte Preta","🎶 Ponteee, Ponteee, Ponteee 🎶

#Dérbi211 #PontePreta",17,"09/06/2025 16:04",https://www.instagram.com/reel/DOR0_-JEUin/,"Reel do Instagram",,Total,275940,147568,9171,623,63,271,0
18095020228589248,17841400074692954,paulistao,Paulistão,"O DÉRBI 211 É DA PONTE PRETA!
#FutebolPaulista #Dérbi211
📷Marcos Ribolli/PontePress",0,"09/06/2025 16:00",https://www.instagram.com/p/DORv4UAk2OW/,"Carrossel do Instagram",,Total,73949,23805,1643,9,8,25,9
18103415044590199,17841400074692954,paulistao,Paulistão,"🥰🤰👶🏻
O papai Lucas Douglas é só alegria no acesso da Inter de Limeira! 
#FutebolPaulista
📷Diego Soares/Ag. Paulistão",0,"09/06/2025 15:32",https://www.instagram.com/p/DORxVQwjU9U/,"Carrossel do Instagram",,Total,246574,77457,4428,25,4,51,29
17895684450163648,17841400074692954,paulistao,Paulistão,"VITÓRIA DA MACACA NO DÉRBI 211!
A Ponte Preta começou a fase final da Série C com uma bela vitória no clássico!
#FutebolPaulista #Dérbi211
📷Marcos Ribolli/PontePress",0,"09/06/2025 15:05",https://www.instagram.com/p/DORuPnkDK9-/,"Imagem do Instagram",,Total,50500,22816,1399,42,2,66,8
18526487962049348,17841400074692954,paulistao,Paulistão,"A SÉRIE C É LOGO ALI! A FESTA NÃO TEM HORA PARA ACABAR EM LIMEIRA!
#FutebolPaulista
📷Diego Soares/Ag. Paulistão",0,"09/06/2025 14:57",https://www.instagram.com/p/DORtVkxkqZc/,"Carrossel do Instagram",,Total,156881,47629,2928,47,3,23,29
17946683549905611,17841400074692954,paulistao,Paulistão,"VAI COMEÇAR A FESTAA🎉🎉
A torcida da @interdelimeiraoficial deu show e empurrou o time para a Série C do Brasileiro!
#Leão #InternaCional",28,"09/06/2025 14:38",https://www.instagram.com/reel/DORq4GiEjOI/,"Reel do Instagram",,Total,127633,86275,5294,341,23,70,50
18083795917919948,17841400074692954,paulistao,Paulistão,"JONAS TORÓ É O NOME DO GOL!
O atacante coloca a Ponte Preta na frente do placar no Dérbi!
#FutebolPaulista #Dérbi211 #PontePreta
🎥Ponte Preta",27,"09/06/2025 14:31",https://www.instagram.com/reel/DORqN8_ERs7/,"Reel do Instagram",,Total,207597,137021,4879,188,38,82,69
17878197165288866,17841400074692954,paulistao,Paulistão,"Botafogo é superado em casa no @brasileiraob!
#FutebolPaulista #PaulistasEmCampo
📷João Victor Menezes de Souza/Agência Botafogo",0,"09/06/2025 14:21",https://www.instagram.com/p/DORpPB4ja5X/,"Imagem do Instagram",,Total,47445,21584,554,6,2,11,3
18073613164877994,17841400074692954,paulistao,Paulistão,"VITÓRIA E ACESSO DA INTER! É FESTA EM LIMEIRA!
#FutebolPaulista
📷Diego Soares/Ag. Paulistão",0,"09/06/2025 14:12",https://www.instagram.com/p/DORoIRBDMTl/,"Imagem do Instagram",,Total,49808,22978,1091,14,1,20,6
17846515974541757,17841400074692954,paulistao,Paulistão,"SUBIU🦁⬆️⬆️⬆️⬆️
A INTER DE LIMEIRA ESTÁ NA SÉRIE C DO BRASILEIRÃO!
#FutebolPaulista #InterDeLimeira",5,"09/06/2025 13:58",https://www.instagram.com/reel/DORmg9Tk_UW/,"Reel do Instagram",,Total,206838,122468,5661,458,20,83,69
18093249295671119,17841401438139740,interdelimeiraoficial,"A. A. Internacional","INTERNA©️IONAL 🦁🔥🏁

1x0 Associação Atlética Internacional

ESTAMOS NA SÉRIE C!!!! 🔥🔥🔥🔥",0,"09/06/2025 13:55",https://www.instagram.com/p/DORmNUej058/,"Imagem do Instagram",,Total,1061210,359986,17281,2288,178,408,0
17852036262492579,17841400074692954,paulistao,Paulistão,"COMEMORA, LEÃO!
Kaio Cristian coloca a Inter na frente do placar em busca do acesso!
#FutebolPaulista
📷Diego Soares/Ag. Paulistão",0,"09/06/2025 13:50",https://www.instagram.com/p/DORlqfRCezE/,"Carrossel do Instagram",,Total,99091,17511,873,22,1,6,4
17872823055332492,17841400074692954,paulistao,Paulistão,"GOOOOOOLLLL DA INTERRRR!!!!!!!
Kaio Cristian abre o placar para o Leão🦁🦁🦁
VAMOS SUBIR INTEEERRR!",28,"09/06/2025 13:40",https://www.instagram.com/reel/DORj8ANkm0s/,"Reel do Instagram",,Total,144811,96258,3344,100,3,42,36
18056416859385975,17841400074692954,paulistao,Paulistão,"VITÓRIA DO XVZÃO!
Xv de Piracicaba vence fora de casa e sai em vantagem no jogo de ida das quartas de final da Copa Paulista Sicredi.
#CopaPaulistaSicredi
📷Divulgação/XV de Piracicaba",0,"09/06/2025 13:24",https://www.instagram.com/p/DORipAAkqwy/,"Imagem do Instagram",,Total,34899,15432,423,14,0,3,1
18077976820968599,17841404518850618,saojoseecoficial,"São José Esporte Clube","A lenda @tiao_marino , ídolo do @saojoseecoficial e do @comercialfcoficial , aproveitou o confronto pelas quartas de final da Copa Paulista Sicredi 2025 e deixou um recado especial às duas torcidas. 🙌⚽

Com a ida marcada para este domingo (07), na Jóia em Ribeirão Preto, e a volta no próximo sábado (13), no Martins Pereira, o craque reforçou a importância de vivermos juntos a festa do futebol com respeito e paz nos estádios! 💙🤝🖤",36,"09/06/2025 13:20",https://www.instagram.com/reel/DORh2JLCVGh/,"Reel do Instagram",,Total,46279,26509,1015,44,2,62,0
18077204215975588,17841400074692954,paulistao,Paulistão,"EMOCIONANTE!🥰
Pedro Severino, ao lado do seu pai, Lucas Severino, deu o pontapé inicial no confronto entre Botafogo e Athletico Paranaense, pelo @brasileiraob.
#FutebolPaulista
🎥 @desimpedidos",99,"09/06/2025 13:18",https://www.instagram.com/reel/DORh9tHjEw-/,"Reel do Instagram",,Total,177251,113122,6995,329,7,99,100
17981126510884057,17841400074692954,paulistao,Paulistão,"INTERVALO EM LIMEIRA!
O placar não saiu do zero, mas no segundo tempo a Inter vai com tudo em busca do acesso!
#FutebolPaulista
📷Diego Soares/Ag. Paulistão",0,"09/06/2025 13:05",https://www.instagram.com/p/DORgf4CAZj4/,"Imagem do Instagram",,Total,33896,14461,619,0,0,0,0
18058161632115567,17841401842963402,botafogosp,"Botafogo Futebol SA","O Botafogo Futebol SA e o Athletico Paranaense homenagearam o atacante Pedro Severino e o seu Pai, Lucas Severino, com uma camisa oficial do clubes. 

Pedro Severino dará o pontapé inicial no confronto entre Botafogo x Athletico Paranaense, que será realizado neste sábado (6), às 16h, no Estádio Santa Cruz/Arena Nicnet. 

Revelado nas categorias de base do Botafogo, Lucas Severino é ídolo da torcida das duas equipes.",0,"09/06/2025 12:01",https://www.instagram.com/p/DORZMqnDquI/,"Imagem do Instagram",,Total,817657,238796,13000,211,15,142,0
18066288794211075,17841400074692954,paulistao,Paulistão,"A torcida do Leão marcando presença para apoiar a @interdelimeiraoficial neste jogo decisivo que vale o acesso para a Série C do Brasileiro.
📷Diego Soares/Ag. Paulistão",0,"09/06/2025 11:26",https://www.instagram.com/p/DORVL4piUzr/,"Carrossel do Instagram",,Total,132225,29426,1654,23,2,11,5
18068392162952239,17841424625237824,tanabiesporteclubesaf,"Tanabi Esporte Clube - SAF","Pena que não é meu caso 😏

@paulistao",12,"09/06/2025 11:04",https://www.instagram.com/reel/DORSmIfEQGK/,"Reel do Instagram",,Total,130838,67705,3221,52,26,13,0
18065388122259208,17841400074692954,paulistao,Paulistão,"SABADOU!
O Oeste recebe o XV de Piracicaba para abrir o fim de semana e as quartas de final da Copa Paulista Sicredi! AO VIVO no YouTube do @paulistao!
#CopaPaulistaSicredi",0,"09/06/2025 08:00",https://www.instagram.com/p/DOQ4xaRE0gU/,"Imagem do Instagram",,Total,22664,8093,186,10,1,0,1
18496035388064128,17841400074692954,paulistao,Paulistão,"DÉRBI CAMPINEIRO NA SÉRIE C! 🏹⚔️🦍
Abrindo o quadrangular, tem clássico paulista na #SérieC. Bugre e Macaca se enfrentam em busca dos três pontos nesse sábado! Quem vence, torcedor?
#PaulistasEmCampo",0,"09/06/2025 07:00",https://www.instagram.com/p/DOQx4arjwSb/,"Imagem do Instagram",,Total,47077,22268,1010,28,1,45,8
17903998488251411,17841400074692954,paulistao,Paulistão,"CHUVA DE DIVISÕES NO @brasileirao!
Minhas equipes têm compromissos em três divisões nesse sábado! E fica ligado que tem jogo do acesso para a @interdelimeiraoficial 👀
#PaulistasEmCampo",0,"09/06/2025 06:00",https://www.instagram.com/p/DOQq5H0E_EX/,"Imagem do Instagram",,Total,45113,24248,369,15,0,6,2
18527496967058126,17841400074692954,paulistao,Paulistão,"CHEGOU O DIA DA GRANDE DECISÃO! 🔥⚽
Com a vantagem do jogo de ida, o Tanabi recebe o ECUS para decidir quem leva a taça do Paulista Sub-23 Segunda Divisão Sicredi! Algum palpite?
#Bezinha",0,"08/29/2025 20:05",https://www.instagram.com/p/DN9lFmljmwK/,"Imagem do Instagram",,Total,120991,54709,1103,85,2,14,16
17985110537707459,17841400074692954,paulistao,Paulistão,"A PRIMEIRA LIBERTADORES DO SANTOS! 🏆✨
Há 63 anos, o Peixão conquistava a primeira taça da @libertadoresbr da sua história!
#PaulistasEmCampo #BaúDoPaulistão",0,"08/30/2025 05:00",https://www.instagram.com/p/DN-ibnKjPEO/,"Imagem do Instagram",,Total,48713,23652,2384,48,2,29,31
17917940814038854,17841400074692954,paulistao,Paulistão,"AO VIVO NO YOUTUBE DO @paulistao!
Quem vai ficar com a taça da #Bezinha: Tanabi ou ECUS?
#PaulistaSub23SegundaDivisãoSicredi",0,"08/30/2025 06:00",https://www.instagram.com/p/DN-pcmijd4-/,"Imagem do Instagram",,Total,41868,9613,179,1,1,0,1
18074965157317511,17841400074692954,paulistao,Paulistão,"SÁBADO CHEIO! 😮‍💨
Se liga em todos os jogos que vão rolar para as minhas equipes em todas as divisões!
#PaulistasEmCampo",0,"08/30/2025 06:30",https://www.instagram.com/p/DN-suf2AOhw/,"Imagem do Instagram",,Total,30880,14255,416,5,0,3,6
17922385170120889,17841400074692954,paulistao,Paulistão,"O QUARTETO DO SÁBADO!
Hoje a bola rola para quatro definições na Copa Paulista Sicredi. Quem passa para a próxima fase, torcedor?
#CopaPaulistaSicredi",0,"08/30/2025 07:00",https://www.instagram.com/p/DN-wUAiETAk/,"Imagem do Instagram",,Total,26385,10840,239,10,0,8,2
18052563827206767,17841400074692954,paulistao,Paulistão,"O PRIMEIRO DAS QUARTAS DE FINAL!
Vamos, Leão! A @interdelimeiraoficial está de olho na vaga para a semifinal da #SérieD 👀🦁
#PaulistasEmCampo",0,"08/30/2025 07:30",https://www.instagram.com/p/DN-znALDocV/,"Imagem do Instagram",,Total,53776,19962,507,14,0,6,2
17910033834201642,17841400074692954,paulistao,Paulistão,"O @hugosouza fez duas defesas de pênalti nos Derbys desse ano. E aí, será que rola mais uma nesse domingo? 🤯👀
#PaulistasEmCampo #Corinthians #Derby",14,"08/30/2025 08:00",https://www.instagram.com/reel/DN-3OzPjLEf/,"Reel do Instagram",,Total,189315,114325,13930,358,5,162,177
18058493909614162,17841400074692954,paulistao,Paulistão,"O primeiro gol do ano em Derbys foi do @mauriciomp7. E domingo, será que sai mais um gol do camisa 18 do Verdão? 👀😮‍💨
#PaulistasEmCampo #Palmeiras #Derby",11,"08/30/2025 09:00",https://www.instagram.com/reel/DN--GeOinmn/,"Reel do Instagram",,Total,274585,168376,12843,57,29,162,138
17971817705924369,17841400074692954,paulistao,Paulistão,"SÁBADO DE TAÇA!
Chegou o dia de conhecer o grande campeão do Paulista Sub-23 Segunda Divisão Sicredi!
#Bezinha
📷Pedro Zacchi/Ag. Paulistão",0,"08/30/2025 09:39",https://www.instagram.com/p/DN_HW3oj1rm/,"Carrossel do Instagram",,Total,49293,18224,475,16,1,2,4
18400292230141827,17841400074692954,paulistao,Paulistão,"ACELERA, MOTORISTA! 🚌💨
É dia de final!
#FPF #Cometa #ClubeGiro
📷Pedro Zacchi/Ag. Paulistão",0,"08/30/2025 09:55",https://www.instagram.com/p/DN_IpjDj26N/,"Carrossel do Instagram",,Total,33559,10141,187,3,0,0,2
18116236192509538,17841400074692954,paulistao,Paulistão,"A BOLA VAI ROLAR!
Já já tem Tanabi e ECUS em campo! Vale a taça do Paulista Sub-23 Segunda Divisão Sicredi!
#Bezinha
📷Pedro Zacchi/Ag. Paulistão",0,"08/30/2025 10:10",https://www.instagram.com/p/DN_IIJhD7n8/,"Carrossel do Instagram",,Total,34929,11282,333,2,0,0,3
17921364834017294,17841400074692954,paulistao,Paulistão,"TORCIDA PRESENTE!
Os torcedores do Tanabi já marcam presença no Alberto Víctolo para a final do Paulista Sub-23 Segunda Divisão Sicredi. No jogo de ida, os donos da casa levaram a melhor e venceram por 2 a 0.
#Bezinha
📷Pedro Zacchi/Ag. Paulistão",0,"08/30/2025 10:18",https://www.instagram.com/p/DN_L1AqE4Qe/,"Carrossel do Instagram",,Total,52190,13517,426,22,2,0,3
18190080676321297,17841400074692954,paulistao,Paulistão,"BATUCADA DO VERDÃO! 
A torcida do Tanabi já está no clima da decisão do Paulista Sub-23 Segunda Divisão Sicredi! 
#Bezinha",33,"08/30/2025 10:39",https://www.instagram.com/reel/DN_N3RDDar8/,"Reel do Instagram",,Total,109233,70673,1936,39,9,30,20
18071261279148635,17841400074692954,paulistao,Paulistão,"BORA POR JOGO?
Aquecimento finalizado! Tá chegando a hora da bola rolar no Paulista Sub-23 Segunda Divisão Sicredi!
#FPF #Cometa #ClubeGiro 
📷Pedro Zacchi/Ag. Paulistão",0,"08/30/2025 10:50",https://www.instagram.com/p/DN_PiJgEyvp/,"Carrossel do Instagram",,Total,43933,13840,452,5,0,0,3
17872115928333045,17841400074692954,paulistao,Paulistão,"O @davilusalopes está na área para a decisão da Bezinha entre @tanabiesporteclubesaf e @ecuniaosuzano e ainda cantou o hino dos finalistas!
#Bezinha",40,"08/30/2025 10:52",https://www.instagram.com/reel/DN_Pg7HjWTO/,"Reel do Instagram",,Total,131412,79115,3473,79,19,25,53
18048817232300471,17841400074692954,paulistao,Paulistão,"O TANABI ABRE O PLACAR E AMPLIA A VANTAGEM NA DECISÃO! 
#Bezinha",25,"08/30/2025 11:25",https://www.instagram.com/reel/DN_TWeticg5/,"Reel do Instagram",,Total,76507,47783,1098,14,7,13,11
17875627581403496,17841400074692954,paulistao,Paulistão,"MAIS PERTO DA TAÇA!
Fim do primeiro tempo no Alberto Víctolo e os donos da casa vão vencendo por 1 a 0. No agregado, o Tanabi tem três de vantagem pelo título do Paulista Sub-23 Segunda Divisão Sicredi!
#FPF #Cometa #ClubeGiro 
📷Pedro Zacchi/Ag. Paulistão",0,"08/30/2025 11:53",https://www.instagram.com/p/DN_Wruik3su/,"Carrossel do Instagram",,Total,31309,9205,304,1,0,0,0
18389857741193286,17841400074692954,paulistao,Paulistão,"O @ecuniaosuzano chegou bem demais com o ônibus da @viacaocometa.oficial para a decisão da Bezinha!",38,"08/30/2025 12:00",https://www.instagram.com/reel/DN_XP9GiVCT/,"Reel do Instagram",,Total,53131,33939,558,8,1,0,5
18075219587286730,17841426429471156,fpf_oficial,"Federação Paulista de Futebol","FPF 🤝 COMETA Na fase final do Paulista Sub-23 Segunda Divisão Sicredi, contamos com a parceria oficial da Cometa, que foi responsável pelo transporte dos clubes nas semifinais e finais da competição! #FPF #GOLDOGIRO20",43,"08/30/2025 12:09",https://www.instagram.com/reel/DN_YWJ3CX0m/,"Reel do Instagram",,Total,10554,7831,148,7,3,15,4
18076794691960774,17841400074692954,paulistao,Paulistão,"TEC CAMPEÃO! 🏆🏹
O Paulista Sub-23 Segunda Divisão Sicredi é do Tanabi!
#Bezinha",0,"08/30/2025 12:58",https://www.instagram.com/p/DN_eJjMjdzE/,"Imagem do Instagram",,Total,215821,87743,3837,204,9,31,29
17878523637390855,17841400074692954,paulistao,Paulistão,"RUBRÃO AVANÇA!
Oeste reverte a desvantagem da ida e avança para as quartas de final da Copa Paulista Sicredi!
#CopaPaulistaSicredi",0,"08/30/2025 13:02",https://www.instagram.com/p/DN_elfyjED9/,"Imagem do Instagram",,Total,51480,21432,432,11,1,8,2
17938807344063634,17841424625237824,tanabiesporteclubesaf,"Tanabi Esporte Clube - SAF","ALÔ @paulistao AVISA QUE O VERDÃO É CAMPEÃO DA BEZINHAA!!!💚🏹",80,"08/30/2025 13:06",https://www.instagram.com/reel/DN_ez_QEeKf/,"Reel do Instagram",,Total,34636,21901,838,15,14,13,0
17965038272807504,17841400074692954,paulistao,Paulistão,"É CAMPEÃO! É CAMPEÃO!
Vitória na ida, vitória na volta e título para o Tanabi!
#FPF #Cometa #ClubeGiro 
📷Pedro Zacchi/Ag. Paulistão",0,"08/30/2025 13:11",https://www.instagram.com/p/DN_fo_pDao3/,"Carrossel do Instagram",,Total,36627,11400,365,12,1,2,0
18095292499644056,17841400074692954,paulistao,Paulistão,"FAZ A FESTA, TANABI!
Campeão do Paulista Sub-23 Segunda Divisão Sicredi 2025!
#Bezinha",23,"08/30/2025 13:31",https://www.instagram.com/reel/DN_hys6CM6D/,"Reel do Instagram",,Total,61740,39890,1733,50,5,4,18
17945388114031188,17841400074692954,paulistao,Paulistão,"É CAMPEÃO! É CAMPEÃO! É CAMPEÃO! 🏆
O Tanabi é campeão da Bezinha!
#PaulistaSub23SegundaDivisãoSicredi
📷Rodrigo Corsi e Pedro Zacchi/Ag. Paulistão",0,"08/30/2025 13:46",https://www.instagram.com/p/DN_jmjlklff/,"Carrossel do Instagram",,Total,180097,41307,1880,60,3,11,13
18086610886659944,17841400074692954,paulistao,Paulistão,"SABADÃO DE FESTA EM TANABI! 🏆🏹
#PaulistaSub23SegundaDivisãoSicredi 
📷Pedro Zacchi/Ag. Paulistão",0,"08/30/2025 13:57",https://www.instagram.com/p/DN_k7hMkp9E/,"Carrossel do Instagram",,Total,102109,31772,1593,107,2,8,14
18076259723002667,17841400074692954,paulistao,Paulistão,"CONFRONTO ABERTO!
Os primeiros 90 minutos de Goiatuba e Inter de Limeira acabaram sem gols.
#PaulistasEmCampo
📷Eduardo Soares/Goiatuba",0,"08/30/2025 14:17",https://www.instagram.com/p/DN_nLRNEkvN/,"Imagem do Instagram",,Total,29400,12296,349,4,1,8,3
18016619933787837,17841400074692954,paulistao,Paulistão,"O APITO FINAL E A FESTA DO TANABI! 
#Bezinha",19,"08/30/2025 14:22",https://www.instagram.com/reel/DN_nm9dklID/,"Reel do Instagram",,Total,37965,28222,641,8,2,1,2
17917590357156600,17841400074692954,paulistao,Paulistão,"SÃO JOSÉ AVANÇA!
A Águia do Vale vence nos pênaltis e segue na Copa Paulista Sicredi!
#CopaPaulistaSicredi",0,"08/30/2025 14:32",https://www.instagram.com/p/DN_o5u2Dc_7/,"Imagem do Instagram",,Total,90641,36598,1712,119,6,36,9
17985175700710766,17841400074692954,paulistao,Paulistão,"ERGUE A TAÇA, @tanabiesporteclubesaf! 🏆
#Bezinha",33,"08/30/2025 14:36",https://www.instagram.com/reel/DN_pRgrkiUC/,"Reel do Instagram",,Total,41301,29733,584,33,4,4,4
18365832316152286,17841400074692954,paulistao,Paulistão,"DALE ÍNDIO, DALE ÍNDIO! 
Festa linda em Tanabi! 
#Bezinha",30,"08/30/2025 14:45",https://www.instagram.com/reel/DN_qSyTEh6y/,"Reel do Instagram",,Total,77758,50479,1635,88,9,12,20
18162358033373694,17841400074692954,paulistao,Paulistão,"GRÊMIO PRUDENTE CLASSIFICADO!
O Carcará é mais um time nas quartas de final da Copa Paulista Sicredi!
#CopaPaulistaSicredi",0,"08/30/2025 14:54",https://www.instagram.com/p/DN_rYHjD6WF/,"Imagem do Instagram",,Total,91446,36547,1260,98,6,15,7
18025962554727614,17841400074692954,paulistao,Paulistão,"Fim da linha para o Galo de Itu. O Ituano não consegue a classificação para a segunda fase da Série C.
#PaulistasEmCampo
📷Gabriel França/Náutico",0,"08/30/2025 15:02",https://www.instagram.com/p/DN_sUKOkvsV/,"Imagem do Instagram",,Total,36273,15859,611,6,0,3,6
18074055779051723,17841400074692954,paulistao,Paulistão,"BUGRE CLASSIFICADO!
Guarani empata fora e casa e garante a vaga na segunda fase da Série C!
#PaulistasEmCampo
📷Victor Souza/Tombense",0,"08/30/2025 15:08",https://www.instagram.com/p/DN_tEUVDwYo/,"Imagem do Instagram",,Total,34970,14309,519,4,0,9,2
18075831182065860,17841400074692954,paulistao,Paulistão,"GRUPOS DEFINIDOS!
Com direito a Dérbi Campineiro, é assim que ficou a segunda fase da Série C! Três Paulistas seguem sonhando com o acesso!
#PaulistasEmCampo",0,"08/30/2025 15:25",https://www.instagram.com/p/DN_u-v2ALOl/,"Imagem do Instagram",,Total,76740,37715,1764,115,1,54,19
17887854747346757,17841400074692954,paulistao,Paulistão,"DEU PONTE PRETA!
Macaca faz o dever de casa e termina a primeira fase da Série C com a segunda melhor campanha!
#PaulistasEmCampo
📷Marcos Ribolli/PontePress",0,"08/30/2025 15:48",https://www.instagram.com/p/DN_xmmBjdxC/,"Imagem do Instagram",,Total,36099,16445,662,3,0,3,2
17850141270504042,17841400074692954,paulistao,Paulistão,"Já garantido na próxima fase, São Bernardo tropeça fora de casa pela Série C.
#PaulistasEmCampo
📷Davi Rocha/Divulgação/São Bernardo",0,"08/30/2025 15:53",https://www.instagram.com/p/DN_yJbkjSc3/,"Imagem do Instagram",,Total,40540,18445,404,2,0,3,4
18161614591374581,17841400074692954,paulistao,Paulistão,"VAGA DO NHÔ QUIM!
O XV de Piracicaba garante a última vaga deste sábado de Copa Paulista Sicredi!
#CopaPaulistaSicredi",0,"08/30/2025 15:59",https://www.instagram.com/p/DN_y4QBj9xs/,"Imagem do Instagram",,Total,97726,39570,1455,97,3,13,5
17892087960183440,17841400074692954,paulistao,Paulistão,"MAIS QUATRO!
Oeste, São José, Grêmio Prudente e XV de Piracicaba levaram a melhor em seus respectivos confrontos e avançaram de fase na Copa Paulista Sicredi!
#CopaPaulistaSicredi",0,"08/30/2025 16:10",https://www.instagram.com/p/DN_0KYhjRgR/,"Carrossel do Instagram",,Total,67035,21449,827,41,1,6,4
18303207268223428,17841400074692954,paulistao,Paulistão,"Se liga nos resultados deste sábado pela Copa Paulista Sicredi.
#CopaPaulistaSicredi",0,"08/30/2025 16:16",https://www.instagram.com/p/DN_0zsADacP/,"Imagem do Instagram",,Total,68521,33079,996,26,5,22,8
18004467062796448,17841400074692954,paulistao,Paulistão,"O Massa Bruta não conseguiu pontuar no Nilton Santos.
#PaulistasEmCampo
📷Ari Ferreira/Red Bull Bragantino",0,"08/30/2025 16:30",https://www.instagram.com/p/DN_2cFQkacG/,"Imagem do Instagram",,Total,34685,14951,378,3,0,1,2
18364397266145366,17841400074692954,paulistao,Paulistão,"VIROU A CHAVINHA! 🔑🏅
@marceloo__02 falou sobre a mudança na sua carreira e como isso influenciou no título da Bezinha! 
#Bezinha",33,"08/30/2025 16:35",https://www.instagram.com/reel/DN_2n1hjXOf/,"Reel do Instagram",,Total,71864,46022,1476,30,5,13,20
18072140633170170,17841400074692954,paulistao,Paulistão,"MORDE, PANTERA!
O Botafogo embala a segunda vitória seguida na Série B!
#PaulistasEmCampo
📷Carlos Costa/Ag. Botafogo",0,"08/30/2025 16:44",https://www.instagram.com/p/DN_4EI8DCvn/,"Imagem do Instagram",,Total,39581,18226,495,13,1,22,2
18341518330161286,17841400074692954,paulistao,Paulistão,"PARCERIA ESPECIAL! ☄️
A @viacaocometa.oficial e o @clubegiro.oficial foram essenciais na reta final do Paulista Sub-23 Segunda Divisão Sicredi 2025! 
#Bezinha",36,"08/30/2025 18:20",https://www.instagram.com/reel/DOADBUjjFDB/,"Reel do Instagram",,Total,29924,23305,273,3,0,3,3
18477482797072389,17841400074692954,paulistao,Paulistão,"O Novorizontino foi superado fora de casa.
#PaulistasEmCampo
📷Ozzair Junior/Novorizontino",0,"08/30/2025 18:32",https://www.instagram.com/p/DOAEYnvDz2O/,"Imagem do Instagram",,Total,71292,36774,920,7,1,7,6
17923443135132931,17841400074692954,paulistao,Paulistão,"O São Paulo sofreu o revés no Mineirão.
#PaulistasEmCampo
📷Rubens Chir/São Paulo",0,"08/30/2025 19:02",https://www.instagram.com/p/DOAHxjpjISf/,"Imagem do Instagram",,Total,74029,39260,1196,123,0,39,7
18016019465589650,17841400074692954,paulistao,Paulistão,"Fim de mais um dia de futebol por aqui.
#PaulistasEmCampo",0,"08/30/2025 19:03",https://www.instagram.com/p/DOAH7exCYDW/,"Imagem do Instagram",,Total,45333,22140,551,3,1,8,2
18074712221047723,17841400074692954,paulistao,Paulistão,"DIA DE DUELO PAULISTA NO @brasileirao! 🦅🤝🐷
Corinthians e Palmeiras vão em busca dos três pontos no último Derby do ano!
#PaulistasEmCampo #Derby",0,"08/30/2025 20:05",https://www.instagram.com/p/DOAJ2BhDIkl/,"Imagem do Instagram",,Total,98229,62829,2914,200,3,38,33
18404813923116662,17841400074692954,paulistao,Paulistão,"EM BUSCA DAS QUARTAS!
Esses são os dois jogos que fecham o final de semana de #CopaPaulistaSicredi",0,"08/31/2025 04:00",https://www.instagram.com/p/DOBAZcjjss2/,"Imagem do Instagram",,Total,27454,10368,235,7,0,4,0
18068016983231083,17841400074692954,paulistao,Paulistão,"FELIZ ANIVERSÁRIO, ROQUE JÚNIOR!
49 anos e muita história no #FutebolPaulista!
#Aniversário",0,"08/31/2025 05:00",https://www.instagram.com/p/DOBHFcGjhcO/,"Imagem do Instagram",,Total,37432,15916,291,8,0,3,4
17923068888123967,17841400074692954,paulistao,Paulistão,"DOMINGO DE BRASILEIRÃO FEAT. DERBY!
Tem clássico na Neo Química Arena, Santos na Vila e Leão em Mirassol nessa rodada do @brasileirao!
#PaulistasEmCampo",0,"08/31/2025 06:00",https://www.instagram.com/p/DOBOOpOk7N8/,"Imagem do Instagram",,Total,61575,14956,672,32,3,1,6
17991060359691362,17841400074692954,paulistao,Paulistão,"VETERANA CLASSIFICADA!
A Francana é mais uma equipe com vaga garantida nas quartas de final da Copa Paulista Sicredi!
#CopaPaulistaSicredi",0,"08/31/2025 08:03",https://www.instagram.com/p/DOBhL7nkzot/,"Imagem do Instagram",,Total,87962,36220,916,210,2,50,8
17892693765182374,17841405393450249,ecsaobernardo,"Esporte Clube São Bernardo","Antes da bola rolar pelo Sub-11 e Sub-12, um recado importante a todos! ⚠️

Na entrada em campo, nos confrontos diante do Santos, pelo @Paulistao, nossos #CriasDoCachorrão carregaram uma faixa pedindo mais consciência e responsabilidade de todos que fazem parte do ecossistema do futebol.

Infelizmente, os jogos estão acontecendo com portões fechados, algo que reforça ainda mais a necessidade de união e respeito dentro e fora das quatro linhas.

O futebol é paixão, família e exemplo para as novas gerações. Que possamos juntos construir um ambiente mais saudável e acolhedor para todos! 🖤 🤍 

Esporte Clube São Bernardo | 🐶",0,"08/31/2025 08:21",https://www.instagram.com/p/DOBjPVdDvlj/,"Imagem do Instagram",,Total,238002,68564,2265,35,12,22,0
18066196013253661,17841400074692954,paulistao,Paulistão,"Sobra categoria para o camisa 8 do Timão 😮‍💨 Será que o Garro também vai brilhar no Derby de hoje? 👀
#PaulistasEmCampo #Derby #Corinthians",12,"08/31/2025 09:00",https://www.instagram.com/reel/DOBi2oMD_Rz/,"Reel do Instagram",,Total,388893,254405,29202,1391,196,142,314
17998235204664610,17841400074692954,paulistao,Paulistão,"DAS ARQUIBANCADAS AO TÍTULO! 🏆
Davi Zaqueo contou a sua história com o @tanabiesporteclubesaf, que passa pela sua história como torcedor, cursos de treinador com o apoio da FPF até chegar ao título do Paulista Sub-23 Segunda Divisão Sicredi! 
#Bezinha #Tanabi",67,"08/31/2025 09:26",https://www.instagram.com/reel/DOBpJCyDUCK/,"Reel do Instagram",,Total,37438,26849,568,3,1,7,4
17893714350315502,17841400074692954,paulistao,Paulistão,"SAUDADE DO EX, TORCIDA ALVIVERDE? 👀🫣
Fala aí, torcedor: traria o Richard Ríos de volta para jogar o Derby de hoje?
#PaulistasEmCampo #Palmeiras #Derby",8,"08/31/2025 10:00",https://www.instagram.com/reel/DOBp17XCipz/,"Reel do Instagram",,Total,1662685,919966,106647,16311,2382,777,2348
18057217490124434,17841400074692954,paulistao,Paulistão,"O MOLEQUE É FERA! 
@davilusalopes marcou presença na final da Bezinha e cantou o hino do campeão @tanabiesporteclubesaf! 
#Bezinha",12,"08/31/2025 10:34",https://www.instagram.com/reel/DOByTiLkbXj/,"Reel do Instagram",,Total,57196,36705,713,13,11,6,7
18042538799349380,17841400074692954,paulistao,Paulistão,"BORA PARA O DERBY! 👀
Que esse clássico tem história, nós sabemos. Se liga no retrospecto do confronto no @brasileirao!
#PaulistasEmCampo",0,"08/31/2025 11:00",https://www.instagram.com/p/DOBwkZ2j37A/,"Imagem do Instagram",,Total,162965,68239,4662,1183,14,120,118
18148636189403016,17841400074692954,paulistao,Paulistão,"FANTASMA AVANÇA!
O Primavera fica com a penúltima vaga para as quartas de final da Copa Paulista Sicredi!
#CopaPaulistaSicredi",0,"08/31/2025 12:58",https://www.instagram.com/p/DOCC_wtj31c/,"Imagem do Instagram",,Total,107190,48934,1253,95,5,18,6
18109690687542876,17841400074692954,paulistao,Paulistão,"MAIS DOIS!
O domingo foi de classificação para Primavera e Francana!
#CopaPaulistaSicredi
📷Rodrigo Menezes/Primavera e Fran Zanini/Monte Azul",0,"08/31/2025 13:03",https://www.instagram.com/p/DOCDdydkwm5/,"Carrossel do Instagram",,Total,45844,15273,580,11,0,7,2
18171281569357687,17841400074692954,paulistao,Paulistão,"PLACAR ZERADO!
Nada de gols na Vila Belmiro.
#PaulistasEmCampo
📷Marcelo Gonçalves/Fluminense",0,"08/31/2025 14:06",https://www.instagram.com/p/DOCKwG6ks1p/,"Imagem do Instagram",,Total,39240,16253,867,6,0,5,5
18073531481039209,17841400074692954,paulistao,Paulistão,"TEC CAMPEÃO! 🏆🏹
Confira em detalhes o título do Tanabi no Paulista Sub-23 Segunda Divisão Sicredi!
#Bezinha",57,"08/31/2025 14:46",https://www.instagram.com/reel/DOCPLRgiUNS/,"Reel do Instagram",,Total,21359,13270,355,12,3,1,8
18077133806057993,17841400074692954,paulistao,Paulistão,"GOOOOOOL DO PALMEIRAS! 🟢⚪️
Vitor Roque abre o placar no Derby! #PaulistasEmCampo #Derby",24,"08/31/2025 14:48",https://www.instagram.com/reel/DOCPdXsEsCS/,"Reel do Instagram",,Total,159296,106646,7952,315,67,196,94
18111432298534130,17841400074692954,paulistao,Paulistão,"TUDO IGUAL! ⚽️🦅
O Corinthians empata o Derby na Neo Química Arena! 
#PaulistasEmCampo",13,"08/31/2025 14:59",https://www.instagram.com/reel/DOCQsKtkqfg/,"Reel do Instagram",,Total,160211,104653,8801,443,27,64,88
18034911242686669,17841400074692954,paulistao,Paulistão,"COMEMORA, HUGO SOUZA! ⚫️⚪️ #PaulistasEmCampo",15,"08/31/2025 15:03",https://www.instagram.com/reel/DOCRKx2kpy-/,"Reel do Instagram",,Total,59620,42742,4290,38,11,42,37
18282680053272659,17841400074692954,paulistao,Paulistão,"MIRASHOW! 🦁
Uma aula de futebol no Maião!
#PaulistasEmCampo
📷JP Pinheiro/Agencia Mirassol",0,"08/31/2025 16:21",https://www.instagram.com/p/DOCaPRmD52l/,"Imagem do Instagram",,Total,48994,21727,1095,56,0,15,5
17900002647258740,17841400074692954,paulistao,Paulistão,"DEU EMPATE!
Ponto final no Derby. Terminou tudo igual.
#PaulistasEmCampo
📷Cesar Greco/Palmeiras",0,"08/31/2025 16:31",https://www.instagram.com/p/DOCbWBGj3hh/,"Imagem do Instagram",,Total,60500,27767,1991,106,0,60,15
18526952005049802,17841400074692954,paulistao,Paulistão,"Mais um dia de #FutebolPaulista chega ao fim. Vamos aos placares.
#PaulistasEmCampo",0,"08/31/2025 16:33",https://www.instagram.com/p/DOCbjY5FAIm/,"Imagem do Instagram",,Total,45874,20493,812,26,0,8,5
18164265841368234,17841400074692954,paulistao,Paulistão,"DE TRADIÇÕES E GLÓRIAS MIL! 🦅🥳🖤
Sob a luz de um lampião, nasceu o meu maior e último campeão. São 115 anos de muita história. Parabéns, @corinthians!
#FutebolPaulista #Corinthians #Aniversário",0,"08/31/2025 20:05",https://www.instagram.com/p/DOCuo4kjcQQ/,"Imagem do Instagram",,Total,110103,52949,7711,300,3,70,89
18053118824202062,17841400074692954,paulistao,Paulistão,"FELIZ ANIVERSÁRIO, NOROESTE! 🥳🚂
O Norusca completa 115 anos de muita história nessa segunda-feira (1). Parabéns, @ecnoroeste!
#FutebolPaulista #Noroeste",0,"09/01/2025 04:00",https://www.instagram.com/p/DODlIXVAF3M/,"Imagem do Instagram",,Total,100817,42347,2525,126,1,25,24
18077588263818147,17841400074692954,paulistao,Paulistão,"PARA COMEÇAR O MÊS! 
A Locomotiva enfrenta o Cuiabá pelo @brasileiraob em busca dos três pontos!
#PaulistasEmCampo",0,"09/01/2025 06:00",https://www.instagram.com/p/DODzBbKjmwV/,"Imagem do Instagram",,Total,21430,7254,176,0,0,4,0
18355827028083861,17841400074692954,paulistao,Paulistão,"E AÍ, TORCEDOR? CONTA PRA GENTE! 🦅🗣️
Em 115 anos de história, qual a sua escalação do Corinthians de todos os tempos? Deixa aqui nos comentários!
#Corinthians",0,"09/01/2025 08:00",https://www.instagram.com/p/DOEAyUUDv3f/,"Imagem do Instagram",,Total,142926,63948,4783,95,9,363,64
18286731472278132,17841400074692954,paulistao,Paulistão,"HUGO INVICTO CONTRA O PALMEIRAS! 🔥😮‍💨
São mais de 30 defesas na conta do @hugosouza e DOIS pênaltis defendidos 👀
#PaulistasEmCampo #Derby #Corinthians",0,"09/01/2025 11:00",https://www.instagram.com/p/DOEX_E-DJfG/,"Imagem do Instagram",,Total,203402,93058,10059,890,6,288,127
18055870331388109,17841400074692954,paulistao,Paulistão,"É dia de premiar os melhores do Paulista Sub-23 Segunda Divisão Sicredi. Vem acompanhar AO VIVO no YouTube do @paulistao!
#Bezinha",0,"09/01/2025 13:00",https://www.instagram.com/p/DOEjIfHE5HZ/,"Imagem do Instagram",,Total,38342,17340,178,3,0,1,4
18064819343018408,17841400074692954,paulistao,Paulistão,"BONDE COMPLETO!
Estes foram os campeões de todas as divisões do #FutebolPaulista em 2025 🏆",0,"09/01/2025 14:00",https://www.instagram.com/p/DOEqM57kt5m/,"Imagem do Instagram",,Total,218267,100382,7772,227,4,52,186
18519234673035024,17841400074692954,paulistao,Paulistão,"TUDO PRONTO PARA A PREMIAÇÃO DA BEZINHA! 🏆✨
Assista AO VIVO no YouTube do @paulistao! É daqui a pouco, não vai perder essa, né? 👀
#Bezinha #PaulistaSub23SegundaDivisãoSicredi #Premiação",21,"09/01/2025 14:56",https://www.instagram.com/reel/DOE09cfkole/,"Reel do Instagram",,Total,29149,22132,342,12,3,3,4
18126887326461207,17841400074692954,paulistao,Paulistão,"ABRINDO A SELEÇÃO DA BEZINHA! 
Essa é a defesa premiada do Paulista Sub-23 Segunda Divisão Sicredi! 
#Bezinha #Premiação",0,"09/01/2025 16:47",https://www.instagram.com/p/DOFB8RqjHdc/,"Carrossel do Instagram",,Total,62288,22824,378,37,0,3,6
18064530320023930,17841400074692954,paulistao,Paulistão,"CATEGORIA DE SOBRA! 
Chegamos na área da criação! Se liga nos premiados do meio-campo do Paulista Sub-23 Segunda Divisão Sicredi. 
#Bezinha #Premiação",0,"09/01/2025 16:51",https://www.instagram.com/p/DOFCX3EjNeN/,"Carrossel do Instagram",,Total,50250,15549,293,18,0,4,2
18109953856535226,17841400074692954,paulistao,Paulistão,"ARTILHARIA PESADA! 
O trio de ataque do Paulista Sub-23 Segunda Divisão Sicredi chegou com tudo! 
#Bezinha #Premiação",0,"09/01/2025 16:55",https://www.instagram.com/p/DOFC6VPDMLR/,"Carrossel do Instagram",,Total,49583,15764,256,12,0,1,7
18372832429179137,17841400074692954,paulistao,Paulistão,"CAMPEÃO E PREMIADO! 
Zaqueo foi eleito o melhor técnico do Paulista Sub-23 Segunda Divisão Sicredi! 
#Bezinha #Premiação",0,"09/01/2025 16:57",https://www.instagram.com/p/DOFDI9kjIoQ/,"Imagem do Instagram",,Total,51408,16615,292,7,1,6,1
18081539296905600,17841400074692954,paulistao,Paulistão,"Essa é a Seleção do Paulista Sub-23 Segunda Divisão Sicredi!
#Bezinha #Premiação",0,"09/01/2025 17:00",https://www.instagram.com/p/DOFDefWDDER/,"Imagem do Instagram",,Total,92893,44134,614,64,8,15,17
17901290571127874,17841400074692954,paulistao,Paulistão,"Esses foram o primeiro e o segundo melhor trio de arbitragem do Paulista Sub-23 Segunda Divisão Sicredi. 
#Bezinha #Premiação",0,"09/01/2025 17:03",https://www.instagram.com/p/DOFDyf6DCMZ/,"Carrossel do Instagram",,Total,54683,16719,418,43,0,8,6
18396917620186312,17841400074692954,paulistao,Paulistão,"O GOLEADOR DA BEZINHA! 
O @marceloo__02 fez 12 gols e foi o artilheiro do Paulista Sub-23 Segunda Divisão Sicredi! 
#Bezinha #Premiação",0,"09/01/2025 17:05",https://www.instagram.com/p/DOFD_GsDDIK/,"Imagem do Instagram",,Total,49947,15627,222,7,0,3,0
18094960300633486,17841400074692954,paulistao,Paulistão,"O @wand.06 brilhou e foi eleito a grande revelação do Paulista Sub-23 Segunda Divisão Sicredi!
#Bezinha #Premiação",0,"09/01/2025 17:05",https://www.instagram.com/p/DOFECqXjKgJ/,"Imagem do Instagram",,Total,63878,28201,376,32,2,11,6
17921239458120506,17841400074692954,paulistao,Paulistão,"SELEÇÃO, ARTILHEIRO E CRAQUE DO CAMPEONATO! 
Mais um troféu para o craque do Paulista Sub-23 Segunda Divisão Sicredi, @marceloo__02! 
#Bezinha #Premiação",0,"09/01/2025 17:06",https://www.instagram.com/p/DOFELA3DLfh/,"Imagem do Instagram",,Total,53317,18230,274,10,1,3,4
18065505008254738,17841400074692954,paulistao,Paulistão,"ZAQUEO IMAGINAVA CHEGAR ONDE CHEGOU?
Técnico do @tanabiesporteclubesaf, o @davizaqueo tem história de vencedor! 🏆 ✨
#Bezinha #Premiação",51,"09/01/2025 17:48",https://www.instagram.com/reel/DOFIur7jFcl/,"Reel do Instagram",,Total,28709,21766,417,13,7,2,5
17978150102884000,17841400074692954,paulistao,Paulistão,"O @marceloo__02 voltou com três troféus para casa e falou do diferencial do Tanabi na conquista do Paulista Sub-23 Segunda Divisão Sicredi! 
#Bezinha #Premiação",40,"09/01/2025 17:57",https://www.instagram.com/reel/DOFJsRgjFE7/,"Reel do Instagram",,Total,74414,45744,1507,75,9,29,20
17883662445362773,17841400074692954,paulistao,Paulistão,"A REVELAÇÃO DA BEZINHA! 🤩
O @wand.06 tem grandes expectativas para os próximos passos da carreira! 👀
#Bezinha #Premiação",26,"09/01/2025 18:26",https://www.instagram.com/reel/DOFM96PjEEm/,"Reel do Instagram",,Total,40138,28048,489,33,9,15,6
17883649464245667,17841400074692954,paulistao,Paulistão,"O @allanmarques01 conseguiu o acesso com o @ecuniaosuzano e dedicou o prêmio de melhor meio-campista do Paulista Sub-23 Segunda Divisão Sicredi para pessoas especiais! 
#Bezinha #Premiação",31,"09/01/2025 18:42",https://www.instagram.com/reel/DOFPAc9jC2U/,"Reel do Instagram",,Total,44418,29022,705,46,3,39,13
18021312209739889,17841400074692954,paulistao,Paulistão,"Ficou tudo igual em Araraquara, pelo @brasileiraob! #PaulistasEmCampo
📷 Ferroviária",0,"09/01/2025 19:33",https://www.instagram.com/p/DOFU52MiWwc/,"Imagem do Instagram",,Total,37531,16013,359,4,0,4,5
18102318535609967,17841400074692954,paulistao,Paulistão,"NINGUÉM PARA O LEÃO!
Que campanha do Mirassol na sua primeira temporada disputando o @brasileirao 🦁🔥
#PaulistasEmCampo #Mirassol",0,"09/02/2025 07:00",https://www.instagram.com/p/DOGevoUCYYu/,"Imagem do Instagram",,Total,85693,39601,2545,36,0,15,17
18124641055487316,17841426429471156,fpf_oficial,"Federação Paulista de Futebol","NOITE ESPECIAL🏆 A Federação Paulista de Futebol e o @sindicatodeatletas realizaram com apoio do Futebol Interior a premiação do Paulista Sub-23 2ª Divisão Sicredi, na última segunda-feira (1), em Campinas. O evento teve como intuito celebrar os melhores atletas, clubes e equipes de arbitragem da competição! 
#FPF
📷Alexandre Battibugli/Ag. Paulistão",0,"09/02/2025 07:35",https://www.instagram.com/p/DOGnm05jdTB/,"Carrossel do Instagram",,Total,53100,14220,398,15,3,1,5
17912994705190002,17841400074692954,paulistao,Paulistão,"DE OLHO NA TABELA! 👀
Se liga como ficou a classificação do @brasileirao antes da data FIFA!
#PaulistasEmCampo",0,"09/02/2025 10:00",https://www.instagram.com/p/DOG129Ajot2/,"Imagem do Instagram",,Total,197104,103647,5977,47,9,18,37
18053052368632176,17841400074692954,paulistao,Paulistão,"O ÚLTIMO DAS OITAVAS!
O Comercial quer buscar o resultado contra a Inter de Limeira, que conseguiu a vantagem na ida!
#CopaPaulistaSicredi",0,"09/02/2025 11:00",https://www.instagram.com/p/DOG57OTD90P/,"Imagem do Instagram",,Total,45568,20523,327,5,2,4,3
17912408028195569,17841400074692954,paulistao,Paulistão,"DAVID BRAZ É DO BUGRE!
Em busca do acesso na Série C, o Guarani anunciou o experiente zagueiro para a sequência da temporada!
#FutebolPaulista
📷Guarani",0,"09/02/2025 11:58",https://www.instagram.com/p/DOHFpNECRVn/,"Imagem do Instagram",,Total,125931,65807,2266,133,0,31,9
18052683113208792,17841400074692954,paulistao,Paulistão,"TEM NOVIDADE NO PEIXÃO!
Victor Hugo foi anunciado como novo reforço do Santos! Aprovado, torcedor?
#FutebolPaulista
📷Raul Baretta/Santos FC",0,"09/02/2025 12:33",https://www.instagram.com/p/DOHJsp4jfPG/,"Carrossel do Instagram",,Total,67597,21588,2281,7,1,0,8
17908532769209570,17841429857362439,paulistaof,"Paulistão F Petrobras","BORA PARA O RETURNO!
Vai começar a segunda volta do Paulistão Feminino Sicredi 2025. Bora ver quais os confrontos da oitava rodada 🤩
#PaulistãoFemininoSicredi",0,"09/02/2025 14:00",https://www.instagram.com/p/DOHO68iCQIt/,"Imagem do Instagram",,Total,45205,18979,436,23,0,3,9
17901333960127144,17841400074692954,paulistao,Paulistão,"MAIS UM REFORÇO NO PEIXÃO!
Lautaro Díaz chegou com tudo no Santos para a temporada 2025!
#FutebolPaulista
📷Raul Baretta/Santos FC",0,"09/02/2025 14:30",https://www.instagram.com/p/DOHUPUrkzCA/,"Imagem do Instagram",,Total,111393,55664,3294,49,2,24,15
18075944783300992,17841400074692954,paulistao,Paulistão,"ÚLTIMO CLASSIFICADO!
Nos pênaltis, o @comercialfcoficial garante vaga na próxima fase da Copa Paulista Sicredi 2025.
#CopaPaulistaSicredi",0,"09/02/2025 18:07",https://www.instagram.com/p/DOHv5ofDKZH/,"Imagem do Instagram",,Total,129070,64569,1273,294,7,68,14
18066964391182867,17841400074692954,paulistao,Paulistão,"RESTAM OITO!
Assim ficaram os confrontos das quartas de final da Copa Paulista Sicredi. Quem vai seguir na disputa, torcedor? 👀
#CopaPaulistaSicredi",0,"09/02/2025 18:13",https://www.instagram.com/p/DOHwmVVjN_a/,"Imagem do Instagram",,Total,114725,56960,1451,216,10,82,17
18150891748391924,17841400450142458,comercialfcoficial,"Comercial Futebol Clube","Confira os pênaltis que levaram o Leão do Norte às quartas de final da Copa Paulista ⚫🦁⚪

Duas defesas incríveis do goleiro João Lucas e pênaltis convertidos por Felipe Rodrigues, Cristopher, Arthur e Victor Moura ⚫⚪

Vamos, meu Leãoooo 🦁🦁🦁

#Comercial #LeaoDoNorte",141,"09/02/2025 19:02",https://www.instagram.com/reel/DOH17AAkZd_/,"Reel do Instagram",,Total,218801,139568,5889,244,111,85,0
18082013443820040,17841429857362439,paulistaof,"Paulistão F Petrobras","O BICHO VAI PEGAR!
Santos e São Paulo fazem o primeiro Superclássico Sicredi do returno do #PaulistãoFemininoSicredi 🔥",0,"09/02/2025 20:05",https://www.instagram.com/p/DOH4TX-CWii/,"Imagem do Instagram",,Total,44346,20069,768,45,2,5,7
18108791788555723,17841400074692954,paulistao,Paulistão,"ANOTA NA AGENDA!
As datas e horários dos confrontos das quartas de final da Copa Paulista Sicredi foram definidos. 
#CopaPaulistaSicredi",0,"09/03/2025 08:26",https://www.instagram.com/p/DOJSNIFjalS/,"Carrossel do Instagram",,Total,61536,18435,529,108,5,30,6
18038431043453933,17841426196827383,copinha,Copinha,"RECADO DAS CRIANÇAS!
Os atletas do @esporteclubemeianoite aproveitaram o jogo contra o @catanduvafcoficial para reforçar a campanha ‘-Ódio +Futebol’ com algumas mensagens para os pais e torcedores.
📷 @mchagasfotos",0,"09/03/2025 10:33",https://www.instagram.com/p/DOJgwpBkaK4/,"Carrossel do Instagram",,Total,1752116,673348,35479,3071,141,246,487
18014510537777317,17841400074692954,paulistao,Paulistão,"O BONDE CONVOCADO DO FUTEBOL PAULISTA! 🌟
Se liga nos jogadores que vão representar suas respectivas seleções na próxima Data FIFA!
#PaulistasEmCampo",0,"09/03/2025 12:00",https://www.instagram.com/p/DOJmEMGjCJ2/,"Imagem do Instagram",,Total,178754,77799,5622,44,0,40,84
18043551374652978,17841400074692954,paulistao,Paulistão,"OS MEUS CRAQUES! 🏆😎
Bora relembrar os melhores de cada campeonato do Futebol Paulista em 2025!
#FutebolPaulista",0,"09/03/2025 15:00",https://www.instagram.com/p/DOJ6nHJj5ej/,"Imagem do Instagram",,Total,288425,133127,9946,162,15,40,141
18077862205792522,17841400074692954,paulistao,Paulistão,"DIRETO DO MARACANÃ!
Já classificado, o Brasil entra em campo diante do Chile buscando mais uma vitória 💚💛
#SeleçãoBrasileira #PaulistasEmCampo",0,"09/04/2025 05:00",https://www.instagram.com/p/DOLajeOCVNm/,"Imagem do Instagram",,Total,99136,48011,4864,180,0,15,31
18069527552130334,17841400074692954,paulistao,Paulistão,"O TIGRE DE OLHO NO ACESSO! 🐯👀
O @brasileiraob tá a todo vapor. Vem conferir a classificação!
#PaulistasEmCampo #SérieB",0,"09/04/2025 10:00",https://www.instagram.com/p/DOL85EDk6cD/,"Imagem do Instagram",,Total,75133,35928,1184,24,2,10,9
18054684470610111,17841400074692954,paulistao,Paulistão,"O MELHOR ESTREANTE DA HISTÓRIA DO @brasileirao! 🦁🔥
Que campanha GIGANTE do @mirassolfc na sua primeira vez disputando o Campeonato Brasileiro!
#PaulistasEmCampo #Mirassol",0,"09/04/2025 12:00",https://www.instagram.com/p/DOMKi6gjPLR/,"Imagem do Instagram",,Total,96008,45588,3258,151,1,17,65
18310394254172401,17841400074692954,paulistao,Paulistão,"MAIS QUE ESPECIAL!
Estêvão marca seu primeiro gol com a camisa da Seleção Brasileira ⚽💚💛
#PaulistasEmCampo #SeleçãoBrasileira
🎥 TV Globo",22,"09/04/2025 18:47",https://www.instagram.com/reel/DOM-ASDkVQZ/,"Reel do Instagram",,Total,213868,141477,9258,286,57,58,68
17877885429284791,17841400074692954,paulistao,Paulistão,"MAIS TRÊS NA CONTA!
A Seleção Brasileira vence o Chile no penúltimo jogo das Eliminatórias.
#PaulistasEmCampo #SeleçãoBrasileira
📷 Rafael Ribeiro/CBF",0,"09/04/2025 19:29",https://www.instagram.com/p/DONC2Y4CWUV/,"Imagem do Instagram",,Total,96400,52018,3470,367,2,17,26
18093556219709760,17841400074692954,paulistao,Paulistão,"QUE JOGADA!
Olha só a categoria para marcar o terceiro gol da Seleção Brasileira.
#PaulistasEmCampo
🎥 TV Globo",25,"09/04/2025 19:32",https://www.instagram.com/reel/DONDJYbAf3S/,"Reel do Instagram",,Total,284593,170850,11124,156,26,113,85
18052913255215138,17841400074692954,paulistao,Paulistão,"FELIZ ANIVERSÁRIO, LEONARDO! 👏
São 56 anos do campeão mundial com o São Paulo e com a Seleção Brasileira, @leonardoonline!
#FutebolPaulista #Aniversário",0,"09/05/2025 04:00",https://www.instagram.com/p/DON4OvOkzwe/,"Imagem do Instagram",,Total,41372,19192,513,4,1,10,10
18052681943230559,17841400074692954,paulistao,Paulistão,"EM BUSCA DOS TRÊS PONTOS!
A Locomotiva viaja de olho em mais uma vitória no @brasileiraob.
#PaulistasEmCampo",0,"09/05/2025 06:00",https://www.instagram.com/p/DOOGMZFDj7v/,"Imagem do Instagram",,Total,21786,9408,270,2,0,4,0
17860194357473590,17841400074692954,paulistao,Paulistão,"ANDREAS PEREIRA É SELEÇÃO! 🇧🇷
O novo reforço do Palmeiras foi convocado para representar o Brasil na última rodada das Eliminatórias da Copa de 2026!
#FutebolPaulista #SeleçãoBrasileira",0,"09/05/2025 10:12",https://www.instagram.com/p/DOOn4NzkySR/,"Imagem do Instagram",,Total,198067,119467,6832,41,2,22,27
18165997192363814,17841401842963402,botafogosp,"Botafogo Futebol SA","HOMENAGENS 👏

O atacante Pedro Severino, de 19 anos, será homenageado pelo Botafogo Futebol SA no duelo contra o Athletico Paranaense neste sábado (6), às 16h, no Estádio Santa Cruz/Arena Nicnet, pela 25ª rodada da Série B do Campeonato Brasileiro. 

Revelado nas categorias de base do Tricolor, o jogador será o responsável por dar o pontapé inicial na partida. 

Ele estará acompanhado do seu pai, Lucas Severino, ídolo do Pantera e do Athletico Paranaense, da mãe, Lúcia, e dos irmãos João Victor e Maria. 

Pedro também receberá o novo uniforme número três do Botafogo, lançado no início de agosto e que será utilizado pela primeira vez neste sábado. 

Uma bandeira com a imagem do atacante comemorando um dos seus dois gols na goleada do Tricolor sobre o Comercial por 4 a 1, na Copa Paulista de 2024, também será estendida no gramado. A bandeira foi confeccionada por um grupo de torcedores (Família Botafogo). 

O telão do Estádio Santa Cruz/Arena Nicnet também exibirá gols do jogador com a camisa do Pantera.

Na sequência das homenagens, o elenco botafoguense entrará no gramado com uma camisa branca estampada com a imagem do atacante. 

Os jogadores das duas equipes estarão acompanhados pelos Mascotinhos, alunos das Escolinhas de Jardinópolis e Altinópolis do Projeto Celeiro de Campeões. 

Desenvolvido pela Botafogo Futebol SA, o projeto visa oferecer aulas de futebol gratuitas para meninos e meninas nas categorias Sub-7, Sub-9, Sub-11, Sub-13 e Sub-15.",0,"09/05/2025 10:50",https://www.instagram.com/p/DOOsRJGjmaM/,"Imagem do Instagram",,Total,484455,202567,11043,549,19,174,0
18479955997077637,17841400074692954,paulistao,Paulistão,"Rigoni está de volta e já teve aquele contato com o elenco! Saudades dele em campo, torcida Tricolor?
#FutebolPaulista
📷Rubens Chiri / São Paulo FC",0,"09/05/2025 13:14",https://www.instagram.com/p/DOO8w0ekw6m/,"Carrossel do Instagram",,Total,158997,58383,11616,41,35,23,45
17881902231259200,17841400074692954,paulistao,Paulistão,"VEM JOIA NOVA POR AÍ?
O lateral-direito Gilberto vem chamando a atenção nas categorias de base do Palmeiras e está pedindo passagem no profissional. O @_marco.pastore trouxe um pouco mais do jogador. Bora acompanhar? O vídeo está disponível também no YouTube do @paulistao.
#FutebolPaulista",146,"09/05/2025 13:30",https://www.instagram.com/reel/DOO83eJjJ9T/,"Reel do Instagram",,Total,183448,104009,6722,349,16,39,100
17934903276082529,17841400074692954,paulistao,Paulistão,"BORA PARA AS QUARTAS!
A bola vai rolar para a primeira volta das quartas de final da Copa Paulista Sicredi. Se liga nos confrontos!
#CopaPaulistaSicredi",0,"09/05/2025 15:00",https://www.instagram.com/p/DOPEB37DsxW/,"Imagem do Instagram",,Total,27610,10485,290,3,0,2,3
18286163617286192,17841400074692954,paulistao,Paulistão,"⚽🤝🏈
O bonde do #FutebolPaulista está mais que preparado para a #NFLNoBrasil 🔥",0,"09/05/2025 15:44",https://www.instagram.com/p/DOPN6XkEs1y/,"Imagem do Instagram",,Total,206796,118072,3486,30,1,34,40
17939052438060501,17841400074692954,paulistao,Paulistão,"O manto do Timão tá em alta na #NFLNoBrasil!🔥🔥
📷 @chiefs",0,"09/05/2025 16:02",https://www.instagram.com/p/DOPP-5yjat3/,"Carrossel do Instagram",,Total,546670,208934,49308,759,192,285,374
17907537282217953,17841400074692954,paulistao,Paulistão,"JuJu representando o craque do Paulistão Sicredi 2025!
#FutebolPaulista #NFLNoBrasil 
🎥 @nflbrasil",18,"09/05/2025 17:02",https://www.instagram.com/reel/DOPWwYwEgrG/,"Reel do Instagram",,Total,163770,112055,2193,40,3,10,14
17863300293397905,17841400074692954,paulistao,Paulistão,"O Neymar está na área para curtir a #NFLNoBrasil!🔥🔥
📷 @nflbrasil",0,"09/05/2025 17:20",https://www.instagram.com/p/DOPY5BXiF8b/,"Carrossel do Instagram",,Total,126550,51400,5723,73,2,31,50
18052245365243875,17841400074692954,paulistao,Paulistão,"AMULETO DA FIEL! 
O Timão está pronto para receber Taylor Swift!🥰
#NFLNoBrasil
📷José Manoel Idalgo / Corinthians",0,"09/05/2025 17:30",https://www.instagram.com/p/DOPaD27jKEz/,"Imagem do Instagram",,Total,84956,35812,3651,43,0,57,28
17927672385100259,17841400074692954,paulistao,Paulistão,"Ferroviária sofre revés fora de casa no @brasileiraob!🥲
#PaulistasEmCampo
📷Luis Miguel Ferreira/Ferroviária SAF",0,"09/05/2025 20:18",https://www.instagram.com/p/DOPtRkNjMWP/,"Imagem do Instagram",,Total,44847,20498,471,7,0,1,5
17921757429017851,17841400074692954,paulistao,Paulistão,"DIA DE HOMENAGENS!
O atacante Pedro Severino, de 19 anos, será homenageado pelo Botafogo no duelo pela Série B contra o Athletico Paranaense neste sábado (6), às 16h, no Estádio Santa Cruz/Arena Nicnet. A tarde promete para o garoto, revelado nas categorias de base do Tricolor. O jogador será o responsável por dar o pontapé inicial na partida, receberá o novo uniforme número três do Botafogo e irá ganhar uma bandeira confeccionada por um grupo de torcedores. Ele estará acompanhado do seu pai, Lucas Severino, ídolo do Pantera e do Athletico Paranaense, da mãe, Lúcia, e dos irmãos João Victor e Maria.
Pedro Severino sofreu um gravíssimo acidente automobilístico no dia 4 de março, foi internado, passou por uma cirurgia devido a um traumatismo craniano e ficou 96 dias internado até receber alta.",0,"09/06/2025 04:00",https://www.instagram.com/p/DOQdS-vk05N/,"Imagem do Instagram",,Total,216170,110033,3436,50,2,28,23
17898252255270750,17841400074692954,paulistao,Paulistão,"UNIÃO SÃO JOÃO NAS QUARTAS!
A equipe de Araras é o primeiro clube garantido na próxima fase da Copa Paulista Sicredi!
#CopaPaulistaSicredi",0,"08/29/2025 17:55",https://www.instagram.com/p/DN9baCkDqgx/,"Imagem do Instagram",,Total,137828,57052,2007,154,15,107,22
17970254051927097,17841400074692954,paulistao,Paulistão,"VERDÃO AVANÇA!
União São João reverte a desvantagem do jogo de ida e segue na luta pelo título da Copa Paulista Sicredi!
#CopaPaulistaSicredi
📷Carol Custanari/Arquivo/União São João",0,"08/29/2025 17:58",https://www.instagram.com/p/DN9buZtDkfs/,"Imagem do Instagram",,Total,71497,34873,980,28,1,34,8
17902841502247052,17841400074692954,paulistao,Paulistão,"LEÃO EM CAMPO! 🦁🤩
O Mirassol quer os três pontos em casa pelo @brasileirao!
#PaulistasEmCampo",0,"08/18/2025 06:00",https://www.instagram.com/p/DNfvrS8TszQ/,"Imagem do Instagram",,Total,31910,13586,502,5,0,3,0
17919024033115518,17841400074692954,paulistao,Paulistão,"E lá se foi mais um domingo de futebol.
#PaulistasEmCampo",0,"08/17/2025 18:38",https://www.instagram.com/p/DNemroxNHtI/,"Imagem do Instagram",,Total,66159,30699,1318,13,0,20,11
18045965366329242,17841400074692954,paulistao,Paulistão,"ANDREAS PEREIRA É DO PALMEIRAS! 😮‍💨🐷
O Verdão acabou de anunciar o meio-campista como novo reforço! Quais são as expectativas da contratação, torcedor? Deixa aqui nos comentários 👇
#PaulistasEmCampo #Palmeiras 
🎥Palmeiras",45,"08/29/2025 13:24",https://www.instagram.com/reel/DN88RmhDnSV/,"Reel do Instagram",,Total,42172,26800,2785,40,2,56,19
17870906802424888,17841400074692954,paulistao,Paulistão,"VOCÊ SABE O QUE O GUARANI PRECISA PARA AVANÇAR NA SÉRIE C? 👀
Pega o papel e a caneta e vem conferir a matemática para o Bugre se classificar!
#PaulistasEmCampo",0,"08/29/2025 13:00",https://www.instagram.com/p/DN80voYErpx/,"Carrossel do Instagram",,Total,59755,19160,673,27,0,17,7
18105912037497383,17841400074692954,paulistao,Paulistão,"O LEÃO TÁ COM TUDO NA SÉRIE D! 🦁👀
Vem ver a campanha da @interdelimeiraoficial até aqui!
#PaulistasEmCampo",0,"08/29/2025 12:00",https://www.instagram.com/p/DN8t6alACXP/,"Imagem do Instagram",,Total,38330,17720,412,13,0,10,2
17965150994958436,17841400074692954,paulistao,Paulistão,"CALCULADORA NA MÃO! 🔢🔍✍️
Hora de fazer as contas para a classificação do Ituano na #SérieC!
#PaulistasEmCampo",0,"08/29/2025 11:00",https://www.instagram.com/p/DN8nBeNkztJ/,"Carrossel do Instagram",,Total,67857,20924,610,3,0,5,11
18318528577213464,17841400074692954,paulistao,Paulistão,"BI-BI, TEM CUPOM VINDO AÍ! 🚌
O @clubegiro.oficial, parceiro oficial do Paulista Sub-23 Segunda Divisão Sicredi, quer que o fanático e a fanática por futebol também viaje com @viacaocometa.oficial. Coloque o cupom GOLDOGIRO20 para garantir seu desconto. Link nos stories.
#Bezinha #ClubeGiro",0,"08/29/2025 10:00",https://www.instagram.com/p/DN8gFh2jysO/,"Imagem do Instagram",,Total,67901,27649,86,20,0,3,12
17950135706882710,17841400074692954,paulistao,Paulistão,"ABRINDO AS OITAVAS!
O União São João saiu atrás no placar, mas agora recebe o Noroeste para tentar reverter em casa!
#CopaPaulistaSicredi",0,"08/29/2025 08:00",https://www.instagram.com/p/DN8Sbh7E2ba/,"Imagem do Instagram",,Total,30220,8784,164,9,0,44,3
18059303045585976,17841400074692954,paulistao,Paulistão,"PORTÕES FECHADOS!
O futebol de crianças deve ser sinônimo de aprendizado, convivência, diversão e alegria. Quando atitudes de torcedores ameaçam este ambiente, precisamos agir.
Por causa do mau comportamento dos adultos, as crianças do Paulista Sub-11 e Sub-12 jogarão com portões fechados por duas rodadas. A medida, em caráter educativo, é uma decisão da Federação Paulista de Futebol por recomendação do Tribunal de Justiça Desportiva do Futebol Paulista, em decorrência do crescente número de casos de violência, hostilidade e até ofensas racistas e homofóbicas contra as crianças.
#MenosÓdioMaisFutebol #FPF #CategoriasDeBase",0,"08/29/2025 05:43",https://www.instagram.com/p/DN8HoIMjS-B/,"Carrossel do Instagram",,Total,2969913,1160839,32629,15963,638,1385,1375
18105234922572230,17841400074692954,paulistao,Paulistão,"CHOOSE YOUR TEAM! 🎮⚽
Feliz Dia Internacional do Gamer para todos os amantes dos jogos - de futebol e de videogame!
#FutebolPaulista #DiaInternacionalDoGamer",0,"08/29/2025 05:00",https://www.instagram.com/p/DN79xpAABZe/,"Imagem do Instagram",,Total,33939,12845,690,7,0,18,8
17872055175328646,17841400074692954,paulistao,Paulistão,"71 ANOS DO WLADIMIR!
Feliz aniversário para o jogador que mais atuou com a camisa do Corinthians, o tetracampeão paulista @wladimir.oficial!
#FutebolPaulista #Aniversário",0,"08/29/2025 04:00",https://www.instagram.com/p/DN73A6sjlnq/,"Carrossel do Instagram",,Total,46523,10994,850,13,0,4,7
18075881999000028,17841400074692954,paulistao,Paulistão,"PARA DEFINIR QUEM AVANÇA!
Bora para os jogos de volta das oitavas de final da #CopaPaulistaSicredi!",0,"08/28/2025 16:00",https://www.instagram.com/p/DN6ki0Oj2aL/,"Imagem do Instagram",,Total,61589,28194,713,28,6,17,7
18089928889773643,17841400074692954,paulistao,Paulistão,"TIMÃO 100% NA @copadobrasilcbf! 😎🌟
Mais uma partida e mais uma vitória do Corinthians!
#PaulistasEmCampo",0,"08/28/2025 15:00",https://www.instagram.com/p/DN6dwmnji1z/,"Imagem do Instagram",,Total,103854,49049,5737,450,1,33,82
17942683356023913,17841400074692954,paulistao,Paulistão,"FLACO NA SELEÇÃO PELA PRIMEIRA VEZ! 🇦🇷⚽
O argentino do Palmeiras tá jogando MUITA bola e vai ter sua primeira chance na @afaseleccion!
#PaulistasEmCampo #FlacoLopez #Palmeiras",0,"08/28/2025 13:00",https://www.instagram.com/p/DN6P1zUkX1k/,"Imagem do Instagram",,Total,334037,149263,22285,433,32,97,121
18028540268710353,17841400074692954,paulistao,Paulistão,"ARRIBA, FLACO! ⚽🔥
Tem argentino subindo na lista dos maiores goleadores do Allianz Parque... 👀
#PaulistasEmCampo #Palmeiras",0,"08/28/2025 11:00",https://www.instagram.com/p/DN6CM0AEz4g/,"Imagem do Instagram",,Total,143083,77565,2532,18,0,19,21
17854773351513395,17841400074692954,paulistao,Paulistão,"FELIZ ANIVERSÁRIO, VELO! 🎉‼️
O @veloclubeoficial completa 115 anos nessa quinta-feira (28). Parabéns!
#Aniversário #FutebolPaulista #VeloClube",0,"08/28/2025 04:00",https://www.instagram.com/p/DN5R2VmjmsM/,"Imagem do Instagram",,Total,61557,28374,701,54,0,34,9
17908190094212963,17841400074692954,paulistao,Paulistão,"VITÓRIA DO TIMÃO!
Triunfo fora de casa e vantagem garantida na @copadobrasilcbf!
#PaulistasEmCampo
📷Rodrigo Coca/Ag.Corinthians",0,"08/27/2025 19:37",https://www.instagram.com/p/DN4ddUWjxzB/,"Imagem do Instagram",,Total,67845,32680,2802,198,0,35,19
18073282084876831,17841400074692954,paulistao,Paulistão,"PODE COLOCAR MAIS UM NA CONTA DELE!
Gui Negão faz o gol e garante a vitória do Corinthians em Curitiba!
#PaulistasEmCampo #CopaDoBrasil #Corinthians
🎥@copadobrasilcbf",20,"08/27/2025 19:32",https://www.instagram.com/reel/DN4ctn8CQtV/,"Reel do Instagram",,Total,73530,51841,5546,102,9,34,43
18284203204272560,17841400074692954,paulistao,Paulistão,"GUI NEGÃO É MUITO CORINTHIANS! 🦅🔥
São 3 gols nos últimos 3 jogos com a camisa do Timão!
#PaulistasEmCampo #Corinthians",0,"08/27/2025 19:18",https://www.instagram.com/p/DN4bM4TEUKh/,"Imagem do Instagram",,Total,513318,265512,17797,1707,5,56,179
17853422130519188,17841400074692954,paulistao,Paulistão,"A CAMPANHA DO TIMÃO! 🦅👀
Daqui a pouco tem @copadobrasilcbf e o retrospecto é positivo!
#PaulistasEmCampo #Corinthians",0,"08/27/2025 15:00",https://www.instagram.com/p/DN37_bWkrOz/,"Imagem do Instagram",,Total,123053,55048,7438,575,3,58,134
17886477918223020,17841400074692954,paulistao,Paulistão,"O MAIOR CAMPEÃO DO BRASIL! 🏆🔥🐷
Com o título do Brasileirão Sub-20, o Palmeiras se tornou o maior campeão EM TODAS as categorias do @brasileirao!
#PaulistasEmCampo #Palmeiras",0,"08/27/2025 13:00",https://www.instagram.com/p/DN3r-EFXhPm/,"Imagem do Instagram",,Total,170950,71396,6046,834,3,132,133
17905999326227623,17841400074692954,paulistao,Paulistão,"DE OLHO NA SÉRIE C! 
O Guarani e o Ituano vão com tudo na última rodada para garantir o quarteto paulista na próxima fase da #SérieC!
#PaulistasEmCampo",0,"08/27/2025 12:00",https://www.instagram.com/p/DN3kQry5tFV/,"Imagem do Instagram",,Total,246416,115659,4551,25,31,42,36
18113056234462557,17841400074692954,paulistao,Paulistão,"TABELA DA SÉRIE B PASSANDO NO SEU FEED!
O @oficialnovorizontino está de olho na zona de acesso 👀
#PaulistasEmCampo",0,"08/27/2025 09:00",https://www.instagram.com/p/DN3PoGRZguq/,"Imagem do Instagram",,Total,47210,21199,663,2,0,11,5
17979314528886855,17841426196827383,copinha,Copinha,"ROBSON É O NOME DELE! 
O GOL DO TÍTULO DO VERDÃO NO BRASILEIRÃO SUB-20! 
🎥 Sportv/GE",27,"08/26/2025 20:32",https://www.instagram.com/reel/DN1-xi7Wn_L/,"Reel do Instagram",,Total,781765,432535,27638,621,129,149,206
18015520742769601,17841400074692954,paulistao,Paulistão,"PRIMEIRA PARADA: CURITIBA!📍🏟️
O jogo de ida das quartas da @copadobrasilcbf do Timão é hoje! Qual é o seu palpite, torcedor?
#PaulistasEmCampo #Corinthians",0,"08/26/2025 20:05",https://www.instagram.com/p/DN12snJXARg/,"Imagem do Instagram",,Total,383404,210144,15947,957,6,69,109
17897457426142415,17841426196827383,copinha,Copinha,"É CAMPEÃO! 💚🐷🏆
FESTA ALVIVERDE NO ALLIANZ PARQUE! 
📷Rodrigo Corsi/Ag. Paulistão",0,"08/26/2025 20:02",https://www.instagram.com/p/DN17ejl2q4e/,"Carrossel do Instagram",,Total,172130,44820,5152,52,10,41,29
18024649895724477,17841426196827383,copinha,Copinha,"🐷💚🏆Os campeões do Brasileirão Sub-20!
📷Fabio Menotti/Palmeiras",0,"08/26/2025 19:41",https://www.instagram.com/p/DN15Ddh2KS1/,"Imagem do Instagram",,Total,149797,49672,2741,5,1,10,19
18098760436542363,17841426196827383,copinha,Copinha,"PRESENTE DE ANIVERSÁRIO!🏆
O PALMEIRAS É CAMPEÃO DO BRASILEIRÃO SUB-20!",0,"08/26/2025 19:19",https://www.instagram.com/p/DN12hTL2GUN/,"Imagem do Instagram",,Total,363858,204414,9225,525,15,62,67
17987723780814770,17841400074692954,paulistao,Paulistão,"ANIVERSARIANTE NA VICE-LIDERANÇA! 🎂🐷
Se liga como está a tabela do @brasileirao!
#PaulistasEmCampo",0,"08/26/2025 15:00",https://www.instagram.com/p/DN1UNgKZFBH/,"Imagem do Instagram",,Total,276392,142289,8276,21,17,42,51
17968870619931748,17841400074692954,paulistao,Paulistão,"A IDA ACABOU!
Alguns conseguiram a vantagem no primeiro jogo e outros vão em busca da classificação na volta!
#CopaPaulistaSicredi!",0,"08/26/2025 13:13",https://www.instagram.com/p/DN1Mq123l2V/,"Imagem do Instagram",,Total,46038,20157,518,103,1,13,4
18015909146590307,17841400074692954,paulistao,Paulistão,"VITÓRIA EM CASA!
Inter de Limeira marca no fim e vai para o jogo de volta com a vantagem!
#CopaPaulistaSicredi
📷 Bárbara Pires/Comercial FC",0,"08/26/2025 13:01",https://www.instagram.com/p/DN1LWYqXvR8/,"Imagem do Instagram",,Total,37001,15232,418,5,0,16,2
18093131215670328,17841400074692954,paulistao,Paulistão,"DIOGO SILVA, O GOLEIRO-ARTILHEIRO DA MACACA!
O camisa 12 marcou de pênalti e garantiu a vitória da Ponte Preta na Série C!
#FutebolPaulista
🎥@sportynetbrasil",45,"08/26/2025 12:18",https://www.instagram.com/reel/DN1GWea5Ek0/,"Reel do Instagram",,Total,101938,66307,3266,118,1,27,43
18070324853150871,17841400074692954,paulistao,Paulistão,"DEVIDAMENTE APRESENTADO!
Juan Pablo Vojvoda, o novo comandante do Peixão!
#FutebolPaulista
📷Raul Baretta/Santos FC",0,"08/26/2025 11:46",https://www.instagram.com/p/DN1CtRt0p9t/,"Imagem do Instagram",,Total,65884,30838,3384,28,0,14,17
17871828507328698,17841400074692954,paulistao,Paulistão,"SEQUÊNCIA DE INVENCIBILIDADE NO @brasileirao! 🇾🇪💪
O São Paulo de Hernán Crespo não sabe o que é perder há 8 jogos no Campeonato Brasileiro!
#PaulistasEmCampo #SãoPaulo",0,"08/26/2025 11:00",https://www.instagram.com/p/DN04sMg0gnE/,"Imagem do Instagram",,Total,142315,67782,9849,205,16,62,90
18064437788258112,17841400074692954,paulistao,Paulistão,"MONTE O MELHOR PALMEIRAS QUE VOCÊ JÁ VIU! 🐷⚽🔥
No dia do aniversário do Verdão, nós queremos saber: qual seria o seu Palmeiras de todos os tempos? Deixe aqui nos comentários!
#PaulistasEmCampo #Palmeiras",0,"08/26/2025 08:00",https://www.instagram.com/p/DN0j3-r2OWQ/,"Imagem do Instagram",,Total,41144,16499,1092,6,0,41,12
18037399652452386,17841400074692954,paulistao,Paulistão,"FECHANDO A IDA!
Inter de Limeira e Comercial começam a busca pela vaga na próxima fase nessa terça-feira!
#CopaPaulistaSicredi",0,"08/26/2025 07:00",https://www.instagram.com/p/DN0dCMH2LPp/,"Imagem do Instagram",,Total,29402,12029,251,6,0,5,0
18055808729156388,17841426196827383,copinha,Copinha,"CHEGOU A HORA DA DECISÃO! 🫵🏆
Ficou tudo igual no jogo de ida e o grande campeão do @brasileirao Sub-20 vai ser definido nos últimos 90 minutos do duelo paulista! Quem leva a taça, torcedor?
#BrasileirãoSub20",0,"08/26/2025 07:00",https://www.instagram.com/p/DN0dBkA2CnQ/,"Imagem do Instagram",,Total,87353,26881,1120,25,2,5,9
18075039937991183,17841400074692954,paulistao,Paulistão,"O PRIMEIRO DO MASSA BRUTA!
Nesse mesmo dia, em 1990, o Red Bull Bragantino conquistava seu primeiro título do @paulistao!
#FutebolPaulista #BaúDoPaulistão",0,"08/26/2025 06:39",https://www.instagram.com/p/DN0fm272ty_/,"Imagem do Instagram",,Total,38189,17374,558,5,0,17,6
18319377547237475,17841450824304981,esportenaband,"Esporte na Band","QUE MOMENTO! 😍❤️
@galvaobueno fez uma baita homenagem para @luxaoficial no final do #GalvãoEAmigos desta segunda-feira e trouxe uma das taças do Campeonato Paulista conquistadas pelo treinador para o estúdio! 🏆

#EsporteNaBand",25,"08/25/2025 20:23",https://www.instagram.com/reel/DNzY8VcWJ0p/,"Reel do Instagram",,Total,354281,226824,8095,194,15,123,0
17945545953035283,17841400074692954,paulistao,Paulistão,"111 ANOS DE HISTÓRIA, DE LUTAS E DE GLÓRIAS! 🐷💚👏
Feliz aniversário para o maior campeão do Brasil, que completa 111 anos do vício verde, branco e vermelho ao lado da torcida que canta e vibra. Parabéns, Palmeiras! 
#FutebolPaulista #Aniversário #Palmeiras",0,"08/25/2025 20:05",https://www.instagram.com/p/DNzR6Gy3Iyt/,"Imagem do Instagram",,Total,91730,55078,3808,159,1,96,42
18047421344641430,17841400074692954,paulistao,Paulistão,"Se liga como foi a segunda-feira de Copa Paulista Sicredi.
#CopaPaulistaSicredi",0,"08/25/2025 17:53",https://www.instagram.com/p/DNzH5sb4qDg/,"Imagem do Instagram",,Total,24334,9593,237,8,0,3,0
18012761708783360,17841400074692954,paulistao,Paulistão,"DERROTA? NUNCA NEM VI!
Uma segunda-feira com 100% de aproveitamento pro #FutebolPaulista!
#PaulistasEmCampo",0,"08/25/2025 17:37",https://www.instagram.com/p/DNzGFd2QGtf/,"Imagem do Instagram",,Total,43452,22004,613,1,1,5,3
18132649621448904,17841400074692954,paulistao,Paulistão,"É O BUGRE!
Na luta pela classificação, Guarani vence no Brinco de Ouro e retorna ao G8 da Série C!
#PaulistasEmCampo
📷Raphael Silvestre/Guarani",0,"08/25/2025 17:34",https://www.instagram.com/p/DNzFveJ0sNT/,"Imagem do Instagram",,Total,42332,18932,976,8,0,19,2
18053611421440453,17841400074692954,paulistao,Paulistão,"PRA CIMA, MACACA!
Com direito a gol do goleirão Diogo Silva, Ponte Preta embala mais uma vitória na Série C!
#PaulistasEmCampo
📷Joel Filho/PontePress",0,"08/25/2025 17:32",https://www.instagram.com/p/DNzFjBi2Ozd/,"Imagem do Instagram",,Total,46842,21744,898,25,0,12,3
18020647994726286,17841400074692954,paulistao,Paulistão,"AVANTI, PALESTRA! 🇧🇷
Com a skin de Brasil, Palmeiras conta com gols dos gringos para vencer o Sport em casa!
#PaulistasEmCampo
📷Cesar Greco/Palmeiras",0,"08/25/2025 17:09",https://www.instagram.com/p/DNzC3rlQPIX/,"Imagem do Instagram",,Total,46854,21563,1958,80,0,13,15
18092313316673246,17841400074692954,paulistao,Paulistão,"VITÓRIA TRICOLOR!
Dever de casa feito e mais três pontos na conta do Botafogo!
#PaulistasEmCampo
📷João Victor Menezes/Agência Botafogo",0,"08/25/2025 17:07",https://www.instagram.com/p/DNzCq5Z2PX3/,"Imagem do Instagram",,Total,26590,10794,272,9,0,6,2
18058290590104976,17841400074692954,paulistao,Paulistão,"HUGO SOUZA É SELEÇÃO!🇧🇷
Campeão e melhor goleiro do Paulistão Sicredi 2025, o goleiro do Corinthians vai representar o Futebol Paulista na Seleção Brasileira!
#FutebolPaulista #Brasil",0,"08/25/2025 12:04",https://www.instagram.com/p/DNyf8cDZlUc/,"Imagem do Instagram",,Total,263803,135528,22934,726,9,189,91
18495108901070243,17841400074692954,paulistao,Paulistão,"OLHA O FERRARESI! 🗣️👀✍️
Que categoria, hein @nahuelferraresi?!
#PaulistasEmCampo #SãoPaulo
🎥 Gutierre Filmes/São Paulo FC",14,"08/25/2025 11:42",https://www.instagram.com/reel/DNydVrhVBJA/,"Reel do Instagram",,Total,196934,125964,8917,218,23,65,84
18027621332709355,17841400074692954,paulistao,Paulistão,"EM DOSE DUPLA!
São dois jogos de #CopaPaulistaSicredi para abrir a semana!",0,"08/25/2025 11:00",https://www.instagram.com/p/DNyTyv70lbG/,"Imagem do Instagram",,Total,28087,8984,179,4,0,36,0
18082381468931154,17841400074692954,paulistao,Paulistão,"CURSO DE ÁRBITROS 2026! 🟨 🟥
As vagas estão ABERTAS na Escola de Árbitros Flávio Iazzetti (EAFI), da @fpf_oficial, principal formadora da arbitragem brasileira há mais de 75 anos! Inscreva-se já e garanta sua participação no Nível 1, totalmente on-line, a partir de janeiro de 2026 📅

🚨 Comente 𝗘𝗨 𝗤𝗨𝗘𝗥𝗢 e receba mais informações diretamente em sua DM 📩 O formulário de inscrição também tá no link da bio da @fpfacademia 🔗

.
.
.

#FPFAcademia #Curso #Arbitragem #Futebol #FutebolPaulista #EAFI #Árbitro #ÁrbitroDeFutebol #Paulistão #InscriçõesAbertas #FPF #CBF #FIFA",0,"08/25/2025 09:55",https://www.instagram.com/p/DNyRNUR2lll/,"Imagem do Instagram",,Total,114462,25508,589,201,22,372,75
18105325078562211,17841408376344663,libertadoresbr,"CONMEBOL Libertadores","💚🐷 Evair da Guia, um mascote mais do que especial que segue o @Palmeiras em busca da #GloriaEterna!",60,"08/25/2025 09:00",https://www.instagram.com/reel/DNyK8JgXEzg/,"Reel do Instagram",,Total,193989,151928,9003,729,5,75,0
18488786392070045,17841400074692954,paulistao,Paulistão,"ABRINDO A SEMANA!
São quatro paulistas em busca dos três pontos nessa segunda-feira!
#PaulistasEmCampo",0,"08/25/2025 06:00",https://www.instagram.com/p/DNxxiFO5j91/,"Imagem do Instagram",,Total,29514,11650,292,3,0,2,2
18061743161351449,17841400074692954,paulistao,Paulistão,"Assim termina o domingo repleto de #FutebolPaulista.
#PaulistasEmCampo",0,"08/24/2025 18:32",https://www.instagram.com/p/DNwnkvk2DYR/,"Imagem do Instagram",,Total,56832,26233,1020,6,0,16,6
18057016304529239,17841400074692954,paulistao,Paulistão,"TRI-CO-LOOOOOOR!
Um gol em cada tempo e mais uma vitória do São Paulo no MorumBIS!
#PaulistasEmCampo
📷Ruben Chiri/São Paulo",0,"08/24/2025 18:29",https://www.instagram.com/p/DNwnUtuWJ0n/,"Imagem do Instagram",,Total,45586,22781,2676,75,1,15,6
18126375934419311,17841400074692954,paulistao,Paulistão,"QUE GOLAÇO!
Luciano ajeitou, Cédric cruzou no capricho e Tapia apareceu de peixinho para marcar um belo gol pro Tricolor!
#PaulistasEmCampo 
🎥SporTV",27,"08/24/2025 18:23",https://www.instagram.com/reel/DNwmivtULvi/,"Reel do Instagram",,Total,296490,161235,19090,439,6,121,198
18049594481551755,17841400074692954,paulistao,Paulistão,"IGUALDADE NO MARCADOR!
São Bernardo e Náutico ficaram no empate.
#PaulistasEmCampo
📷Janes Carvalho/Divulgação/São Bernardo",0,"08/24/2025 16:57",https://www.instagram.com/p/DNwcusaWke_/,"Imagem do Instagram",,Total,29062,12005,295,5,0,0,3
18064831280254014,17841400074692954,paulistao,Paulistão,"WAAAAAAAAALTEEEEER!
O paredão do Mirassol defendeu um pênalti e foi fundamental na vitória do Mirassol pra cima do Fortaleza!
#PaulistasEmCampo 
🎥SporTV",24,"08/24/2025 16:45",https://www.instagram.com/reel/DNwbVgYwqHC/,"Reel do Instagram",,Total,521007,336794,21911,1816,52,244,290
17903163876246446,17841400074692954,paulistao,Paulistão,"O CASTELÃO É DO LEÃO! 🦁🟡🟢
Bota mais três pontos na conta do Mirassol!
#PaulistasEmCampo
📷Iago Ferreira/Divulgação/Mirassol",0,"08/24/2025 16:41",https://www.instagram.com/p/DNwa3XP3nB4/,"Imagem do Instagram",,Total,36881,17522,791,21,0,8,2
18047585681311886,17841400074692954,paulistao,Paulistão,"EMPATE EM ARARAQUARA!
Nada de gols para Ferroviária e Volta Redonda.
#PaulistasEmCampo
📷Luis Miguel Ferreira/Ferroviária",0,"08/24/2025 16:34",https://www.instagram.com/p/DNwaIm-XM2F/,"Imagem do Instagram",,Total,24937,10180,199,4,0,1,2
18069231994910207,17841400074692954,paulistao,Paulistão,"VAI, CORINTHIANS!
O Timão volta do Rio de Janeiro com os três pontos!
#PaulistasEmCampo
📷Rodrigo Coca/Corinthians",0,"08/24/2025 14:17",https://www.instagram.com/p/DNwKZJP5LrR/,"Imagem do Instagram",,Total,58451,28888,3328,105,1,23,21
18065875793191186,17841400074692954,paulistao,Paulistão,"O Peixe foi superado fora de casa.
#PaulistasEmCampo
📷Raul Baretta/Santos",0,"08/24/2025 14:01",https://www.instagram.com/p/DNwIoQ25GrV/,"Imagem do Instagram",,Total,50501,23329,992,60,1,28,5
18037097435444719,17841400074692954,paulistao,Paulistão,"No único jogo deste domingo de Copa Paulista Sicredi, Francana e Monte Azul ficaram no empate.
#CopaPaulistaSicredi
📷Erick Antunes/Divulgação/Francana",0,"08/24/2025 08:10",https://www.instagram.com/p/DNvgez52BbE/,"Imagem do Instagram",,Total,33654,14372,268,18,1,23,4
18120729178496235,17841400074692954,paulistao,Paulistão,"DOMINGAMOS!
Minhas equipes tem compromissos no @brasileirao, no @brasileiraob e na Série C para fechar o fim de semana!
#PaulistasEmCampo",0,"08/24/2025 06:00",https://www.instagram.com/p/DNvMrd_WEa6/,"Imagem do Instagram",,Total,36913,16623,679,6,0,7,11
18080087837484790,17841400074692954,paulistao,Paulistão,"48 ANOS DO DENÍLSON SHOW!
Parabéns para o bicampeão paulista e campeão do mundo!
#FutebolPaulista #Aniversário",0,"08/24/2025 05:00",https://www.instagram.com/p/DNvFhf5XMd7/,"Imagem do Instagram",,Total,114096,80502,663,3,0,40,7
17964217757809244,17841400074692954,paulistao,Paulistão,"DOMINGO ÚNICO!
A Francana recebe o Monte Azul para o jogo de ida das oitavas de final. AO VIVO no YouTube do @paulistao!
#CopaPaulistaSicredi",0,"08/24/2025 03:00",https://www.instagram.com/p/DNu3_XJWj_C/,"Imagem do Instagram",,Total,27875,10392,171,7,1,6,1
18038547485424871,17841400074692954,paulistao,Paulistão,"Quatro jogos movimentaram o primeiro dia de oitavas de final da Copa Paulista Sicredi. Se liga nos resultados.
#CopaPaulistaSicredi",0,"08/23/2025 17:01",https://www.instagram.com/p/DNt4XjT3I5p/,"Imagem do Instagram",,Total,55713,25303,797,46,0,31,8
17888675574339638,17841400074692954,paulistao,Paulistão,"Sabadão invicto com os #PaulistasEmCampo.
#FutebolPaulista",0,"08/23/2025 15:17",https://www.instagram.com/p/DNtsf3r3K5P/,"Imagem do Instagram",,Total,34878,16759,382,5,0,1,2
18353262856085291,17841400074692954,paulistao,Paulistão,"PRA SEGUIR NA LUTA!
Ituano vence no Novelli Junior e se mantém firme na disputa por um lugar na próxima fase da Série C.
#PaulistasEmCampo 
📷Matheus Weschenfelder/Ypiranga",0,"08/23/2025 15:16",https://www.instagram.com/p/DNtsZhP3qsI/,"Imagem do Instagram",,Total,35300,15158,402,5,0,0,6
18108459775546437,17841400074692954,paulistao,Paulistão,"GELAAAADO! 🥶
Pega só o nervosismo do Davi Gomes na frente do Fábio!
#PaulistasEmCampo
🎥Divulgação/Red Bull Bragantino",28,"08/23/2025 15:12",https://www.instagram.com/reel/DNtr6M2UP9a/,"Reel do Instagram",,Total,43420,29511,912,15,3,7,6
18152074477390256,17841400074692954,paulistao,Paulistão,"QUASE LÁ!
Inter de Limeira segura o empate, leva a melhor no agregado e avança para as quartas de final da Série D!
#PaulistasEmCampo
📷Divulgação/Inter de Limeira",0,"08/23/2025 14:23",https://www.instagram.com/p/DNtmRC53AJt/,"Imagem do Instagram",,Total,38980,17674,617,7,0,32,1
18353447113085371,17841400074692954,paulistao,Paulistão,"DEU MASSA BRUTA!
O Red Bull Bragantino encerrou a sequencia sem vitórias em grande estilo!
#PaulistasEmCampo
📷Ari Ferreira/Red Bull Bragantino",0,"08/23/2025 14:07",https://www.instagram.com/p/DNtkdJJUl0r/,"Imagem do Instagram",,Total,33055,14468,541,5,1,3,4
18069009004928127,17841400074692954,paulistao,Paulistão,"ÊÊÊÊÊÊ, VAMOS SUBIR, INTEEEEER! 🦁 
Vaga para as quartas carimbada! O Leão está a dois jogos de buscar o acesso para a Série C!
#PaulistasEmCampo",0,"08/23/2025 14:00",https://www.instagram.com/p/DNtjuON2Gog/,"Imagem do Instagram",,Total,248379,113356,5169,293,5,81,55
18076011934956872,17841400074692954,paulistao,Paulistão,"VANTAGEM ALVIVERDE!
Tanabi vence fora de casa e fica mais perto do título do Paulista Sub-23 Segunda Divisão Sicredi!
#Bezinha
📷Rodrigo Corsi e Diego Soares/Ag. Paulistão",0,"08/23/2025 13:15",https://www.instagram.com/p/DNteg-5UoLt/,"Carrossel do Instagram",,Total,60001,20848,580,48,0,3,1
17861461869406177,17841424625237824,tanabiesporteclubesaf,"Tanabi Esporte Clube - SAF","TAVA FALTANDO O DELEE!!!!🤩

Meu artilheiro mostrou o porque chegou até aqui, @marceloo__02 arranca, vence do zagueiro, tira o goleiro e anota UM GOL DE PLACA NA FINAL!!!🏹🤩

Ecus 0x2 Tanabi SAF

Vamos juntos!💚💚",44,"08/23/2025 12:52",https://www.instagram.com/reel/DNtblHM4m-I/,"Reel do Instagram",,Total,365427,220467,7747,297,122,77,0
17858057292480686,17841400074692954,paulistao,Paulistão,"VANTAGEM DO VISITANTE!
Fim do primeiro tempo em Suzano e é o Tanabi que tem o 1 a 0 de vantagem no placar.
#PaulistaSub23SegundaDivisãoSicredi
📷Rodrigo Corsi/Ag. Paulistão",0,"08/23/2025 11:55",https://www.instagram.com/p/DNtVZQtQBN-/,"Imagem do Instagram",,Total,41037,16783,319,12,0,4,5
18074007263046697,17841424625237824,tanabiesporteclubesaf,"Tanabi Esporte Clube - SAF","BRENO DE FALTAAA!!!!🤩

Em um lance de bola parada, @brenoo03 , bate uma bola venenosa, e abre o placar na final!🔥

Ecus 0x1 Tanaba SAF

#EmBuscaDoTitulo 💚",39,"08/23/2025 11:46",https://www.instagram.com/reel/DNtUDW4Ypzr/,"Reel do Instagram",,Total,40186,23700,761,29,5,18,0
18089440126785776,17841400074692954,paulistao,Paulistão,"O Tanabi chegou daquele jeito pra final do Paulista Sub-23 Segunda Divisão Sicredi!
#FPF #Cometa #ClubeGiro
📷Diego Soares/Ag. Paulistão",0,"08/23/2025 11:11",https://www.instagram.com/p/DNtQXHMWg4R/,"Carrossel do Instagram",,Total,57727,14539,431,4,0,2,6
17921492325137016,17841424625237824,tanabiesporteclubesaf,"Tanabi Esporte Clube - SAF","Bora aquecer!🔥

Nosso elenco ja subiu para iniciar o aquecimento para o grande jogo!!🏹💚",24,"08/23/2025 10:23",https://www.instagram.com/reel/DNtKsvq4hSH/,"Reel do Instagram",,Total,54462,35575,897,4,12,6,0
18068880788151013,17841424625237824,tanabiesporteclubesaf,"Tanabi Esporte Clube - SAF","De @clubegiro.oficial e @viacaocometa.oficial , nossa equipe chega no Estádio Suzanão, para a o grande jogo de ida do @paulistao e @fpf_oficial !🏹💚",84,"08/23/2025 10:05",https://www.instagram.com/reel/DNtIVeH4jjH/,"Reel do Instagram",,Total,29179,20043,344,21,2,2,0
17930124596973820,17841424625237824,tanabiesporteclubesaf,"Tanabi Esporte Clube - SAF","Partiu Suzano!🤩☄️🚌

De @clubegiro.oficial e @viacaocometa.oficial , nossa equipe ja embarca rumo a Suzano para a partida de Ida da final!🏹

Vamos juntos #EmBuscaDoTitulo 🏆",0,"08/23/2025 08:37",https://www.instagram.com/p/DNs-t194vQ-/,"Imagem do Instagram",,Total,79784,37983,560,12,3,8,0
18073851788050577,17841400074692954,paulistao,Paulistão,"SABADOU!
São quatro jogos AO VIVO no YouTube do @paulistao para abrir o final de semana!
#CopaPaulistaSicredi",0,"08/23/2025 08:00",https://www.instagram.com/p/DNs1qGcZuSp/,"Imagem do Instagram",,Total,28094,10666,279,6,1,2,2
17881220013365406,17841400074692954,paulistao,Paulistão,"QUEM LEVA A VANTAGEM?
Assista ao primeiro jogo da final da #Bezinha AO VIVO no YouTube do @paulistao!
#PaulistaSub23SegundaDivisãoSicredi",0,"08/23/2025 07:00",https://www.instagram.com/p/DNsuwSg2N5Z/,"Imagem do Instagram",,Total,24579,9416,149,12,0,0,0
18070172879137388,17841400074692954,paulistao,Paulistão,"DIA CHEIO!
Tem quatro equipes do #FutebolPaulista entrando em campo neste sabadão 🔥
#PaulistasEmCampo",0,"08/23/2025 06:00",https://www.instagram.com/p/DNsn36l2F_H/,"Imagem do Instagram",,Total,19979,8292,196,5,0,2,1
17962024949960511,17841400074692954,paulistao,Paulistão,"O PRIMEIRO CONFRONTO DA DECISÃO É HOJE!
União Suzano e Tanabi se enfrentam pelo jogo de ida da final do Paulista Sub-23 Segunda Divisão Sicredi!
#Bezinha",0,"08/22/2025 20:05",https://www.instagram.com/p/DNrjfBx2FIs/,"Imagem do Instagram",,Total,80381,40605,897,37,0,7,13
17897047860271918,17841400074692954,paulistao,Paulistão,"No duelo de Tigres pela Série B, o paulista acabou sendo superado pelo catarinense.
#PaulistasEmCampo
📷Ozzair Jr. Novorizontino",0,"08/22/2025 19:34",https://www.instagram.com/p/DNrlFl8ajRf/,"Imagem do Instagram",,Total,50909,24509,730,3,0,6,4
18057872285421651,17841400074692954,paulistao,Paulistão,"VAI COMEÇAR!
Bora para as oitavas de final da #CopaPaulistaSicredi!",0,"08/22/2025 16:00",https://www.instagram.com/p/DNrHyvI3gXf/,"Imagem do Instagram",,Total,36112,14510,464,20,2,13,5
17855090856507845,17841400074692954,paulistao,Paulistão,"O SORTEIO DA COPA DO MUNDO JÁ TEM DATA!
A definição dos grupos da Copa do Mundo da FIFA de 2026 vai rolar no dia 5 de dezembro!
#PaulistasEmCampo #SeleçãoBrasileira",0,"08/22/2025 15:00",https://www.instagram.com/p/DNrElp8XmwH/,"Imagem do Instagram",,Total,68137,28280,1529,171,1,13,79
17914679070048648,17841400074692954,paulistao,Paulistão,"PARADA FINAL: LIMA! 🇵🇪🤝🌟
Palmeiras e São Paulo estão vivos na disputa da @libertadoresbr e de olho na grande final!
#PaulistasEmCampo",0,"08/22/2025 14:28",https://www.instagram.com/p/DNrCCet3kIv/,"Imagem do Instagram",,Total,497107,257848,26433,371,194,247,285
17993167691823295,17841400074692954,paulistao,Paulistão,"QUEREMOS UM CHOQUE-REI NA SEMI DA LIBERTADORES!
#FutebolPaulista",0,"08/22/2025 13:48",https://www.instagram.com/p/DNq9eZh2GMR/,"Imagem do Instagram",,Total,224761,107219,9174,92,3,72,83
18523919152018516,17841400074692954,paulistao,Paulistão,"LABUBU DO FUTEBOL PAULISTA!
A adm aderiu a moda e lançou o bonde que tá disputando o @brasileirao. Qual é o seu preferido?
#FutebolPaulista",0,"08/22/2025 13:00",https://www.instagram.com/p/DNqzRAYz_pk/,"Carrossel do Instagram",,Total,525299,187698,22245,5491,37,392,451
18366372511145576,17841400074692954,paulistao,Paulistão,"VOJVODA É DO PEIXÃO!
O Santos anunciou a contratação do técnico argentino para a sequência temporada. Aprovado, torcida Santista?
#FutebolPaulista
📷Santos FC",0,"08/22/2025 07:55",https://www.instagram.com/p/DNqVHMWs86O/,"Imagem do Instagram",,Total,86640,39002,4916,66,3,28,18
18062711096351428,17841400074692954,paulistao,Paulistão,"RESERVE A DATA!
Dia 13 de setembro, diretamente do @sesisp.osasco, vai rolar o Brinca & Joga, iniciativa da FPF em parceria com a @petrobras. Fiquem ligados 👀
#BrincaEJoga #FutebolPaulista",0,"08/22/2025 07:30",https://www.instagram.com/p/DNqSTrPN4iY/,"Imagem do Instagram",,Total,32088,7362,105,45,1,1,4
17897030988271031,17841400074692954,paulistao,Paulistão,"O TIGRE QUER SE MANTER NO G4!
Sexta-feira para conquistar os três pontos fora da casa no @brasileiraob!
#PaulistasEmCampo",0,"08/22/2025 06:00",https://www.instagram.com/p/DNqDG-Yu8mb/,"Imagem do Instagram",,Total,20262,7859,188,3,0,0,1
18093963961635277,17841424625237824,tanabiesporteclubesaf,"Tanabi Esporte Clube - SAF","Partiu final com a @clubegiro.oficial e @viacaocometa.oficial ?!🤩

O ADM não vai negar, essa parceria da @fpf_oficial e @paulistao , ta boa demais!!!🫶🏽💚

Vamos juntos para a primeira partida #EmBuscaDaTaça !🏹",20,"08/22/2025 05:48",https://www.instagram.com/reel/DNqGSv6Rysy/,"Reel do Instagram",,Total,60990,35412,678,6,2,3,0
17921930709137268,17841400074692954,paulistao,Paulistão,"QUE VENHAM OS HERMANOS! 🇧🇷⚔️🇦🇷
O River Plate será o adversário do Palmeiras nas quartas de final da Libertadores!
#PaulistasEmCampo",0,"08/21/2025 19:38",https://www.instagram.com/p/DNpAwktt7MG/,"Imagem do Instagram",,Total,123977,69544,4642,110,0,43,24
18015249923774574,17841400074692954,paulistao,Paulistão,"EMPATE NO ALLIANZ!
Palmeiras e Universitario não tiraram o zero do placar.
#PaulistasEmCampo
📷Staff Images/Conmebol",0,"08/21/2025 19:30",https://www.instagram.com/p/DNo_4vTP2j9/,"Imagem do Instagram",,Total,41411,18103,779,5,0,12,2
18279565327276195,17841400074692954,paulistao,Paulistão,"VERDÃO NAS QUARTAS!
O Palmeiras segue na luta pelo tetra da Libertadores!
#PaulistasEmCampo",0,"08/21/2025 19:28",https://www.instagram.com/p/DNo_pmBt2Po/,"Imagem do Instagram",,Total,60474,33165,3731,261,1,31,30
18078243883781920,17841400074692954,paulistao,Paulistão,"ADVERSÁRIO DEFINIDO! 🇧🇷⚔️🇪🇨
O São Paulo vai encarar a LDU, do Equador, na próxima fase da @libertadoresbr! 
#FutebolPaulista",0,"08/21/2025 17:02",https://www.instagram.com/p/DNou6v-x25Z/,"Imagem do Instagram",,Total,90414,46750,4476,43,4,37,30
18083011042881638,17841408376344663,libertadoresbr,"CONMEBOL Libertadores","🏟️💚 Lugar de tricampeão... Vem aí mais uma noite de CONMEBOL #Libertadores, @Palmeiras!",53,"08/21/2025 16:02",https://www.instagram.com/reel/DNon60yJflp/,"Reel do Instagram",,Total,82999,58803,7044,430,17,137,0
18054559082612943,17841400074692954,paulistao,Paulistão,"🇯🇵 O @t.ryuta tá mandando bem no português, hein?!
Destaque no Guarani na Copa Paulista Sicredi, o atleta renovou contrato com o Bugre e ainda deixou aquele recado para a torcida!
#FutebolPaulista 
🎥@guaranifc_oficial",25,"08/21/2025 15:22",https://www.instagram.com/reel/DNojW9gJJUj/,"Reel do Instagram",,Total,278412,152337,14184,1413,230,217,267
17887228566340753,17841429857362439,paulistaof,"Paulistão F Petrobras","DE OLHO NA TABELA! 
Com as Brabas ainda na liderança, se liga como está a classificação do Paulistão Feminino Sicredi!
#PaulistãoFemininoSicredi",0,"08/21/2025 13:23",https://www.instagram.com/p/DNoV3prT91s/,"Imagem do Instagram",,Total,135302,72321,2612,60,11,35,18
18083283451716367,17841400074692954,paulistao,Paulistão,"VERDÃO 100%!
O Palmeiras tá com tudo na @libertadoresbr 🔥
#PaulistasEmCampo",0,"08/21/2025 12:00",https://www.instagram.com/p/DNoHd8UJQCX/,"Imagem do Instagram",,Total,52130,23721,1859,66,1,25,12
17852189661479538,17841408376344663,libertadoresbr,"CONMEBOL Libertadores","🙌💚 CONMEBOL #Libertadores, um combustível para a torcida do @Palmeiras!",28,"08/21/2025 10:00",https://www.instagram.com/reel/DNn-mN8Sj2D/,"Reel do Instagram",,Total,180990,131922,21778,829,94,189,0
17957674136988985,17841400074692954,paulistao,Paulistão,"O TIGRE NA ZONA DE CLASSIFICAÇÃO! 🐯⬆️
O @brasileiraob tá a todo vapor. Se liga na tabela!
#PaulistasEmCampo #SérieB",0,"08/21/2025 08:00",https://www.instagram.com/p/DNnsELHsvHn/,"Imagem do Instagram",,Total,75765,27997,990,29,6,3,10
17920322409018203,17841400074692954,paulistao,Paulistão,"RUMO ÀS QUARTAS DE FINAL! 🔥🐷
Vantagem ampla no primeiro jogo + apoio da torcida jogando em casa = ⏳👀
#PaulistasEmCampo #Palmeiras",0,"08/20/2025 20:05",https://www.instagram.com/p/DNmZ7mFtFMf/,"Imagem do Instagram",,Total,53238,28639,1987,138,0,12,14
18008364755792116,17841400074692954,paulistao,Paulistão,"TRICOLOR INVICTO NA @libertadoresbr! 🔥🇾🇪
Essa é a campanha do São Paulo até na aqui na busca pela Glória Eterna!
#PaulistasEmCampo #SãoPaulo",0,"08/20/2025 14:00",https://www.instagram.com/p/DNlwk9_xIQa/,"Imagem do Instagram",,Total,82465,38693,6056,44,3,17,41
18140383186423890,17841400074692954,paulistao,Paulistão,"MINHAS EQUIPES NO @brasileirao!
O Campeonato Brasileiro tá a todo vapor, se liga na tabela depois da 20ª rodada!
#PaulistasEmCampo",0,"08/20/2025 12:00",https://www.instagram.com/p/DNliqByzQue/,"Imagem do Instagram",,Total,118325,56220,3391,58,9,28,25
18090956623739081,17841400074692954,paulistao,Paulistão,"BI-BI, TEM CUPOM VINDO AÍ! 🚌
O @clubegiro.oficial, parceiro oficial do Paulista Sub-23 Segunda Divisão Sicredi, quer que o fanático e a fanática por futebol também viaje com @viacaocometa.oficial. Coloque o cupom GOLDOGIRO20 para garantir seu desconto. Link nos stories.
#Bezinha #ClubeGiro",0,"08/20/2025 11:43",https://www.instagram.com/p/DNlloHPNbu7/,"Imagem do Instagram",,Total,42473,11428,112,15,0,1,8
18114656995513514,17841400074692954,paulistao,Paulistão,"O GOLEADOR DA FERROVIÁRIA!
Carlão já está com 8 gols na conta no @brasileiraob!
#PaulistasEmCampo #Ferroviária",0,"08/20/2025 11:00",https://www.instagram.com/p/DNlb5Jjg2H4/,"Imagem do Instagram",,Total,50238,20351,580,30,0,13,3
18172393084354585,17841400074692954,paulistao,Paulistão,"DE OLHO NA TABELA!
Com Ponte Preta e São Bernardo já classificados, vem ver a classificação na #SérieC depois de mais uma rodada!
#PaulistasEmCampo",0,"08/20/2025 10:00",https://www.instagram.com/p/DNlU9qkuWBf/,"Imagem do Instagram",,Total,73950,34896,1498,75,0,22,10
18358778716155849,17841408376344663,libertadoresbr,"CONMEBOL Libertadores","👏🇾🇪 Corre pras Quartas, @SaoPauloFC! De novo em busca da #GloriaEterna!",28,"08/20/2025 04:00",https://www.instagram.com/reel/DNkwrlUMKFV/,"Reel do Instagram",,Total,2302406,1486921,207076,10162,1565,1529,0
18145505290405603,17841400074692954,paulistao,Paulistão,"É RAFAEEEEEEL!
O GOLEIRO TRICOLOR PEGOU MAIS UM PÊNALTI 🔥
#PaulistasEmCampo
🎥 @libertadoresbr",30,"08/19/2025 20:09",https://www.instagram.com/reel/DNj6nIwCnLv/,"Reel do Instagram",,Total,81649,49362,2590,37,3,44,11
18098960329623472,17841400074692954,paulistao,Paulistão,"CHAMOU A RESPONSA!
Cédric foi o responsável pela última cobrança de pênaltis no MorumBIS e garantiu a classificação.
#PaulistasEmCampo
🎥 @libertadoresbr",42,"08/19/2025 20:05",https://www.instagram.com/reel/DNj6KxEPsIe/,"Reel do Instagram",,Total,81273,51265,4408,43,2,18,20
17963953835962146,17841400074692954,paulistao,Paulistão,"COLOCA MAIS UM NA CONTA!
O Tricolor está há 17 jogos sem saber o que é perder na @libertadoresbr.
#PaulistasEmCampo",0,"08/19/2025 20:00",https://www.instagram.com/p/DNj5vqVNOn8/,"Imagem do Instagram",,Total,74816,38133,5987,261,8,36,56
18527679964013675,17841400074692954,paulistao,Paulistão,"PORQUE SÃO PAULO É SENTIMENTO!
Rafael pega um pênalti, Cédric converteu a última cobrança e o @saopaulofc classifica na @libertadoresbr.
#PaulistasEmCampo
📷 Divulgação/Conmebol",0,"08/19/2025 20:00",https://www.instagram.com/p/DNj5rVhMN_h/,"Imagem do Instagram",,Total,44996,22160,2756,70,0,28,8
18135813730435170,17841400074692954,paulistao,Paulistão,"FOI COM EMOÇÃO!
NOS PÊNALTIS, O TRICOLOR CONQUISTA A VAGA PARA AS QUARTA DE FINAL DA @LIBERTADORESBR.
#PaulistasEmCampo",0,"08/19/2025 19:46",https://www.instagram.com/p/DNj4E5Ptssy/,"Imagem do Instagram",,Total,91333,56251,4843,487,2,56,29
18108617776549894,17841408376344663,libertadoresbr,"CONMEBOL Libertadores","💪🇾🇪 Puro sentimento!

⭐️⭐️⭐️ @SaoPauloFC 🏆 #GloriaEterna",25,"08/19/2025 16:30",https://www.instagram.com/reel/DNjhqKRJS0K/,"Reel do Instagram",,Total,983173,615040,94743,1663,323,533,0
18517321231001449,17841400074692954,paulistao,Paulistão,"É NOITE DE LIBERTADORES!
Todos os caminhos levam ao MorumBIS
#PaulistasEmCampo
📷 @serjosoza",0,"08/19/2025 14:46",https://www.instagram.com/p/DNjVt1etlfl/,"Imagem do Instagram",,Total,58271,26864,2872,32,1,16,23
17984445515849289,17841400074692954,paulistao,Paulistão,"AS_FOTOS_FICARAM_LINDAS_jpg
Alguns registros marcantes de 2025 para comemorar o Dia Mundial da Fotografia!
#PaulistãoSicredi
📷 Ag. Paulistão",0,"08/19/2025 12:49",https://www.instagram.com/p/DNjIaK6SlTA/,"Carrossel do Instagram",,Total,221852,80330,15379,109,17,51,143
17981819156899580,17841400074692954,paulistao,Paulistão,"A LOCOMOTIVA ESTÁ A TODO VAPOR!
A @afeoficial está invicta a cinco jogos no @brasileiraob!
#PaulistasEmCampo #Ferroviária",0,"08/19/2025 12:00",https://www.instagram.com/p/DNi_Zg1zWXx/,"Imagem do Instagram",,Total,53561,22282,541,8,0,10,8
17924150583102569,17841400074692954,paulistao,Paulistão,"CARLOS MIGUEL É DO VERDÃO!
O goleiro chegou para reforçar o Palmeiras na temporada! Aprovado, torcida Alviverde?
#FutebolPaulista
📷Fabio Menotti/Palmeiras",0,"08/19/2025 09:22",https://www.instagram.com/p/DNiwsXrNme0/,"Carrossel do Instagram",,Total,296182,122875,10514,1263,5,1001,74
18069741818275501,17841400074692954,paulistao,Paulistão,"EM BUSCA DA VAGA NAS QUARTAS! 🇾🇪🔥
Com um empate no primeiro jogo, o São Paulo vai em busca da vitória na @libertadoresbr jogando no MorumBIS! 
#PaulistasEmCampo #SãoPaulo",0,"08/18/2025 20:05",https://www.instagram.com/p/DNhQVUiM7hk/,"Imagem do Instagram",,Total,58440,29067,2926,80,1,22,17
17859715521419470,17841400074692954,paulistao,Paulistão,"TUDO IGUAL! 
Mirassol busca o empate e soma mais um ponto no @brasileirao! 
#FutebolPaulista #PaulistasEmCampo 
📷JP Pinheiro/Agência Mirassol",0,"08/18/2025 18:07",https://www.instagram.com/p/DNhH9yUui5a/,"Imagem do Instagram",,Total,29323,12425,425,7,0,5,3
17939667207025104,17841400074692954,paulistao,Paulistão,"NA GAVETA! 
Que golaço do Negueba para empatar o jogo em Mirassol! 
#FutebolPaulista #PaulistasEmCampo 
🎥 @ge.globo/@sportv",26,"08/18/2025 17:43",https://www.instagram.com/reel/DNhFAvCMpDJ/,"Reel do Instagram",,Total,69618,45036,2411,178,3,15,16
17852628405520417,17841429857362439,paulistaof,"Paulistão F Petrobras","VEIO AÍ!
A sétima rodada do Paulistão Feminino Sicredi chegou. Bora conferir todos os confrontos para não perder nadinha 👀🔥
#PaulistãoFemininoSicredi",0,"08/18/2025 14:00",https://www.instagram.com/p/DNgnBr9yHgr/,"Imagem do Instagram",,Total,35807,14721,502,21,0,6,8
18093547687733160,17841400074692954,paulistao,Paulistão,"TABELA DEFINIDA!
Assim ficaram as datas e horários dos jogos de ida da Copa Paulista Sicredi. Confira a tabela completa em futebolpaulista.com.br
#CopaPaulistaSicredi",0,"08/18/2025 11:46",https://www.instagram.com/p/DNgcbRLSp4V/,"Imagem do Instagram",,Total,81984,38345,1099,130,9,66,13
18046343939305999,17841408376344663,libertadoresbr,"CONMEBOL Libertadores","🇧🇷😍 A maior cidade da América do Sul tem seus tricampeões em semana decisiva na CONMEBOL #Libertadores!",0,"08/18/2025 10:00",https://www.instagram.com/p/DNgQM0USXpT/,"Carrossel do Instagram",,Total,1067335,301955,43272,965,37,561,0
17978233133882911,17841400074692954,paulistao,Paulistão,"EM BUSCA DA TAÇA! 
As datas e horários da decisão do Paulista Sub-23 Segunda Divisão Sicredi foram definidos! Quem vai ficar com o título?
#Bezinha",0,"08/18/2025 08:38",https://www.instagram.com/p/DNgG4faxyZP/,"Imagem do Instagram",,Total,84202,31439,700,84,3,19,5
18108187837557953,17841400074692954,paulistao,Paulistão,"VERDÃO VENCE MAIS UMA!
Já são sete jogos de invencibilidade no Brasileirão!
#PaulistasEmCampo
📷Vítor Silva/Botafogo",0,"08/17/2025 18:36",https://www.instagram.com/p/DNemjBGskG3/,"Imagem do Instagram",,Total,47909,22699,1777,45,0,10,12
18081386200917708,17841400074692954,paulistao,Paulistão,"VITÓRIA GRENÁ!
Ferroviária não toma conhecimento dos donos da casa e volta de Goiás com os três pontos!
#PaulistasEmCampo
📷Luis Miguel Ferreira/Ferroviária",0,"08/17/2025 16:35",https://www.instagram.com/p/DNeYpAGtz3m/,"Imagem do Instagram",,Total,35023,14798,513,6,0,6,3
18053947499163062,17841400074692954,paulistao,Paulistão,"O São Bernardo tropeçou no 1º de Maio.
#PaulistasEmCampo
📷Janes Carvalho/Divulgação/São Bernardo",0,"08/17/2025 14:57",https://www.instagram.com/p/DNeNbI1yQ-N/,"Imagem do Instagram",,Total,69705,35845,860,15,0,4,12
17852093493476816,17841400074692954,paulistao,Paulistão,"Fim de jogo no MorumBIS.
#PaulistasEmCampo
📷Raul Baretta/Santos",0,"08/17/2025 14:06",https://www.instagram.com/p/DNeHlMxSRWO/,"Imagem do Instagram",,Total,152865,69405,6019,364,7,134,43
18333551149201547,17841400074692954,paulistao,Paulistão,"O ECUS TÁ LÁ!
A equipe de Suzano lutou e conseguiu o tão sonhado acesso!
#PaulistaSub23SegundaDivisãoSicredi",60,"08/17/2025 08:57",https://www.instagram.com/reel/DNdkI9fodQv/,"Reel do Instagram",,Total,36874,23238,609,34,5,5,4
18019249397726552,17841429857362439,paulistaof,"Paulistão F Petrobras","É MAJESTOSO!
Tem clássico paulista na semifinal do @brfeminino!
#ElasEmCampo",0,"08/17/2025 08:48",https://www.instagram.com/p/DNdjRK7JBQT/,"Imagem do Instagram",,Total,49378,21941,1221,17,7,27,12
17988729539699868,17841429857362439,paulistaof,"Paulistão F Petrobras","CONFRONTOS DEFINIDOS!
Com a presença do Trio de Ferro, é assim que ficaram as semifinais do @brfeminino!
#ElasEmCampo",0,"08/17/2025 08:41",https://www.instagram.com/p/DNdibW5x5Ae/,"Imagem do Instagram",,Total,43487,14464,763,19,0,22,7
18366911929146820,17841400074692954,paulistao,Paulistão,"QUE HISTÓRIA 🥹🤩
Em 2020, Davi Zaqueo era massagista e cuidava do gramado em Tanabi. Após realizar cursos de treinador, com o apoio da FPF, se tornou o técnico responsável pelo acesso da equipe em 2025!
#Bezinha",0,"08/17/2025 08:32",https://www.instagram.com/p/DNdhXzmRT41/,"Imagem do Instagram",,Total,468233,223602,14709,1605,34,245,256
18041341196370359,17841400074692954,paulistao,Paulistão,"O TEC SUBIU! 🏹
Confira imagens inéditas do acesso do Tanabi!
#PaulistaSub23SegundaDivisãoSicredi",65,"08/17/2025 08:24",https://www.instagram.com/reel/DNdgWqQoZFf/,"Reel do Instagram",,Total,37996,22496,705,28,1,4,10
18021689312725429,17841400074692954,paulistao,Paulistão,"O TRIO DO DOMINGO!
Peixe, Tigre e Verdão tem compromissos para fechar o fim de semana de Campeonato Brasileiro!
#PaulistasEmCampo",0,"08/17/2025 06:00",https://www.instagram.com/p/DNdK_tnMx6S/,"Imagem do Instagram",,Total,32268,11677,518,4,1,14,6
18381812602131548,17841400074692954,paulistao,Paulistão,"O sábado foi pra lá de agitado para o #FutebolPaulista.
#PaulistasEmCampo",0,"08/16/2025 19:18",https://www.instagram.com/p/DNcGfX8MDtc/,"Imagem do Instagram",,Total,65533,33156,965,14,2,26,5
18068733943913341,17841400074692954,paulistao,Paulistão,"Hoje não deu pro Timão.
#PaulistasEmCampo
📷Letícia Martins/Bahia",0,"08/16/2025 19:15",https://www.instagram.com/p/DNcGJfPOUKe/,"Imagem do Instagram",,Total,53494,23966,1122,229,0,41,4
18073475221841283,17841400074692954,paulistao,Paulistão,"PUSKAS, CORRE AQUI!
Se liga só nessa pintura que o Deivid, do São Bento, anotou pela Copa Paulista Sicredi!
#CopaPaulistaSicredi",15,"08/16/2025 18:08",https://www.instagram.com/reel/DNb-cu9oBDm/,"Reel do Instagram",,Total,223129,110679,6071,280,6,29,81
18076289368980611,17841400074692954,paulistao,Paulistão,"QUE JOGO FOI ESSE?!
Em um duelo de duas viradas, Guarani leva a melhor e vence mais uma na Série C!
#PaulistasEmCampo
📷Raphael Silvestre/Guarani/Arquivo",0,"08/16/2025 17:56",https://www.instagram.com/p/DNb9LLrtZpC/,"Imagem do Instagram",,Total,66736,31852,1578,17,3,28,16
18088084672813784,17841400074692954,paulistao,Paulistão,"DEU EMPATE EM ALAGOAS!
Tudo igual para CSA e Ituano.
#PaulistasEmCampo
📷Miguel Schincariol/Ituano/Arquivo",0,"08/16/2025 17:53",https://www.instagram.com/p/DNb8z_-tnS9/,"Imagem do Instagram",,Total,36957,15371,428,7,0,5,6
18040851143376961,17841400074692954,paulistao,Paulistão,"SEM DESISTIR!
São Paulo luta até o fim e consegue buscar o empate fora de casa!
#PaulistasEmCampo
📷Rubens Chiri/São Paulo",0,"08/16/2025 16:34",https://www.instagram.com/p/DNbzvGutkrm/,"Imagem do Instagram",,Total,39597,16397,1426,29,0,12,9
18143813260409372,17841400074692954,paulistao,Paulistão,"MACACA CLASSIFICADA!
Ponte Preta vence em casa e se garante na próxima fase da Série C!
#PaulistasEmCampo
📷Julio Cesar Costa/Arquivo/PontePress",0,"08/16/2025 15:16",https://www.instagram.com/p/DNbqygByOBy/,"Imagem do Instagram",,Total,39928,15776,801,7,0,10,2
18066002501221224,17841400074692954,paulistao,Paulistão,"VITÓRIA DO LEÃO!
Inter de Limeira supera o Rio Branco-ES fora de casa e consegue uma vantagem importante para o jogo da volta.
#PaulistasEmCampo
📷Arquivo/Reprodução",0,"08/16/2025 15:11",https://www.instagram.com/p/DNbqQzXyDAU/,"Imagem do Instagram",,Total,39730,16016,571,5,0,21,1
17900535855122680,17841400074692954,paulistao,Paulistão,"PONTO LÁ!
O Botafogo volta do Pará com o empate.
#PaulistasEmCampo
📷Talita Gouvea/Ag. Botafogo",0,"08/16/2025 14:35",https://www.instagram.com/p/DNbmIo6ymmI/,"Imagem do Instagram",,Total,25870,8965,193,2,0,0,1
18067441466273808,17841400074692954,paulistao,Paulistão,"O Massa Bruta tropeçou no Castelão.
#PaulistasEmCampo
📷Ari Ferreira/Red Bull Bragantino",0,"08/16/2025 14:30",https://www.instagram.com/p/DNblj2DyCg4/,"Imagem do Instagram",,Total,28645,10335,243,1,0,0,1
17879981991376464,17841400074692954,paulistao,Paulistão,"A EMOÇÃO DO ACESSO!
Solta a voz, Luiz Felipe. O acesso do Tanabi veio aí!
#FPF #Cometa #ClubeGiro",26,"08/16/2025 14:02",https://www.instagram.com/reel/DNbiT_wMey1/,"Reel do Instagram",,Total,76336,46659,1822,47,8,30,5
18072298619025171,17841400074692954,paulistao,Paulistão,"QUE VENHA O MATA-MATA!
As oitavas de final da Copa Paulista Sicredi estão definidas!
#CopaPaulistaSicredi",0,"08/16/2025 13:54",https://www.instagram.com/p/DNbhezcSPlH/,"Imagem do Instagram",,Total,118403,59800,1266,216,18,67,27
18068050937233820,17841400074692954,paulistao,Paulistão,"REI DO ACESSO 2025!
Fábio Henrique conquistou o acesso com o Sertãozinho e com o ECUS 🤩
#Bezinha",6,"08/16/2025 13:51",https://www.instagram.com/reel/DNbg_Y3SY9h/,"Reel do Instagram",,Total,68728,36772,1195,56,7,26,5
17999246276800242,17841400074692954,paulistao,Paulistão,"SUZANO VAI FICAR PEQUENA!
Acesso garantido✅
Vaga na final ✅
#PaulistaSub23SegundaDivisão
📷Ronaldo Barreto/Ag. Paulistão",0,"08/16/2025 13:38",https://www.instagram.com/p/DNbflBdSEWm/,"Carrossel do Instagram",,Total,178516,51735,2586,73,5,10,13
17890709478300953,17841400074692954,paulistao,Paulistão,"COMEMORA, TANABI! 🏹
Acesso garantido e vaga na final do Paulista Sub-23 Segunda Divisão Sicredi! 
#Bezinha 
📷Pedro Zacchi/Ag. Paulistão",0,"08/16/2025 13:34",https://www.instagram.com/p/DNbfHPESMih/,"Carrossel do Instagram",,Total,173953,50940,2899,161,7,23,14
18077940862753791,17841400074692954,paulistao,Paulistão,"Ponto final na fase de grupos da Copa Paulista Sicredi!
#CopaPaulistaSicredi",0,"08/16/2025 13:30",https://www.instagram.com/p/DNbeo7Pyb8h/,"Imagem do Instagram",,Total,50261,20065,605,8,9,2,6
17973312875767609,17841400074692954,paulistao,Paulistão,"FINAL DEFINIDA!
Tanabi e ECUS vão decidir o título do Paulista Sub-23 Segunda Divisão Sicredi!
#Bezinha",0,"08/16/2025 13:20",https://www.instagram.com/p/DNbdgOvgCs8/,"Imagem do Instagram",,Total,86464,27226,1020,71,7,5,6
18179336482331199,17841424625237824,tanabiesporteclubesaf,"Tanabi Esporte Clube - SAF","ALÔ @paulistao AVISA QUE O TANABI TA NA A4 2026!!!💚💚

#oSonhoVirouRealidade 

É SÓ O COMEÇO!🏹",56,"08/16/2025 13:15",https://www.instagram.com/reel/DNbcAHmROr9/,"Reel do Instagram",,Total,34022,21256,1041,27,9,22,0
18075540785069521,17841400074692954,paulistao,Paulistão,"TEC FINALISTA!
Tanabi vence o segundo jogo da semifinal e vai disputar o título do Paulista Sub-23 Segunda Divisão Sicredi!
#Bezinha 
📷Pedro Zacchi/Ag. Paulistão",0,"08/16/2025 13:12",https://www.instagram.com/p/DNbckthyIp5/,"Carrossel do Instagram",,Total,52525,15641,575,16,0,3,3
18097638541617856,17841400074692954,paulistao,Paulistão,"EMPATE E ACESSO!
ECUS faz a festa da torcida, segura a igualdade no placar e conquista a vaga para a final do Paulista Sub-23 Segunda Divisão Sicredi.
#Bezinha
📷Ronaldo Barreto/Ag. Paulistão",0,"08/16/2025 13:09",https://www.instagram.com/p/DNbcPn8ymN5/,"Carrossel do Instagram",,Total,70997,23539,918,21,1,14,12
18072252074321936,17841400074692954,paulistao,Paulistão,"SUBIU! ⬆️⬆️
O ECUS está no Paulista A4 Sicredi de 2026!
#PaulistaSub23SegundaDivisãoSicredi",0,"08/16/2025 13:02",https://www.instagram.com/p/DNbbbgmgv8h/,"Imagem do Instagram",,Total,187535,77174,3534,189,8,47,31
18078554131766864,17841400074692954,paulistao,Paulistão,"SUBIU! ⬆️⬆️
O Tanabi está no Paulista A4 Sicredi de 2026!
#PaulistaSub23SegundaDivisãoSicredi",0,"08/16/2025 13:00",https://www.instagram.com/p/DNbbRGpAbo7/,"Imagem do Instagram",,Total,172395,71447,2350,275,5,44,20
17879633472265409,17841400074692954,paulistao,Paulistão,"Aquela hidratada de lei. 🚰
#FPF #Cometa #ClubeGiro 
📷Pedro Zacchi/Ag. Paulistão",0,"08/16/2025 12:04",https://www.instagram.com/p/DNbU0Qxt8ov/,"Carrossel do Instagram",,Total,74251,23889,594,6,0,1,1
18057627491525730,17841400074692954,paulistao,Paulistão,"SEM GOLS!
Placar segue intacto no duelo entre Tanabi e Independente.
#FPF #Cometa #ClubeGiro 
📷Pedro Zacchi/Ag. Paulistão",0,"08/16/2025 11:56",https://www.instagram.com/p/DNbT80OxXmF/,"Carrossel do Instagram",,Total,30760,7415,173,0,0,3,0
18088214287749131,17841400074692954,paulistao,Paulistão,"ECUS NA FRENTE!
A equipe de Suzano vai para o intervalo com o 1 a 0 de vantagem sobre o Mauá.
#FPF #Cometa #ClubeGiro
📷Ronaldo Barreto/Ag. Paulistão",0,"08/16/2025 11:55",https://www.instagram.com/p/DNbTwfvv2P_/,"Carrossel do Instagram",,Total,39626,12517,300,10,0,5,2
18070171028154543,17841400074692954,paulistao,Paulistão,"LEÃO DO COLORADO NA FRENTE!
O @v__molina04 MARCA O PRIMEIRO GOL DA PARTIDA PRO @ecuniaosuzano 🔥
#PaulistaSub23SegundaDivisãoSicredi",27,"08/16/2025 11:36",https://www.instagram.com/reel/DNbRjrRJi9T/,"Reel do Instagram",,Total,70774,45793,1040,24,3,11,9
18135249265429195,17841400074692954,paulistao,Paulistão,"A BOLA VAI ROLAR!
Tudo pronto em Suzano!
#FPF #Cometa #ClubeGiro
📷Ronaldo Barreto/Ag. Paulistão",0,"08/16/2025 10:55",https://www.instagram.com/p/DNbM-CztCNo/,"Carrossel do Instagram",,Total,47280,10434,186,9,0,5,1
18074356661071104,17841426429471156,fpf_oficial,"Federação Paulista de Futebol","NAQUELE PIQUE!
O @independentedelimeiraoficial chegou pro jogo decisivo do Paulista Sub-23 Segunda Divisão daquele jeito!
#FPF #Cometa #ClubeGiro",55,"08/16/2025 10:53",https://www.instagram.com/reel/DNbMf-CJ4jP/,"Reel do Instagram",,Total,59571,40188,872,5,0,0,5
17889392832323607,17841400074692954,paulistao,Paulistão,"A TODO O VAPOR!
Trabalho finalizado. Bora pro jogo!
#FPF #Cometa #ClubeGiro
📷Pedro Zacchi/Ag. Paulistão",0,"08/16/2025 10:45",https://www.instagram.com/p/DNbLzzwNu2y/,"Carrossel do Instagram",,Total,32309,9168,254,2,0,0,3
18472959757072845,17841400074692954,paulistao,Paulistão,"VALEU, COMETA! 
Os jogadores Allan e Wanderson falaram sobre a importância de uma parceria como essa com a @viacaocometa.oficial 🚌
#Bezinha",28,"08/16/2025 10:34",https://www.instagram.com/reel/DNbKXu0Nqew/,"Reel do Instagram",,Total,25906,16884,276,2,4,3,2
18053714024170157,17841400074692954,paulistao,Paulistão,"CHEGADA EM ESTILO! 
O @mauafcoficial chegou daquele jeito pra decisão da Bezinha 🚌💫
#Bezinha",41,"08/16/2025 10:18",https://www.instagram.com/reel/DNbIMJbtG0A/,"Reel do Instagram",,Total,57407,37952,910,22,2,7,6
18098008438548469,17841400074692954,paulistao,Paulistão,"DECISÃO EM SUZANO!
O Francisco Marques Figueira vai ser o palco para ECUS e Mauá decidirem o acesso!
#FPF #Cometa #ClubeGiro
📷Ronaldo Barreto/Ag. Paulistão",0,"08/16/2025 10:14",https://www.instagram.com/p/DNbIPhipri9/,"Carrossel do Instagram",,Total,52280,13355,255,8,1,1,1
17983980128714842,17841400074692954,paulistao,Paulistão,"TÁ TUDO PRONTO!
Já já tem bola rolando no Alberto Victolo! É o jogo do acesso para Tanabi e Independente de Limeira!
#FPF #Cometa #ClubeGiro
📷Pedro Zacchi/Ag. Paulistão",0,"08/16/2025 09:56",https://www.instagram.com/p/DNbGPfLxIsu/,"Carrossel do Instagram",,Total,65412,23690,426,14,1,2,5
18058657529092956,17841407349742413,mauafcoficial,"Mauá Futebol Clube","Chegamos no Suzanão! 🙏🏽⚫️🟡

Iniciamos agora nossa preparação para partida decisiva em busca do nosso grande sonho!⚫️🟡",30,"08/16/2025 09:54",https://www.instagram.com/reel/DNbFnF3uJNz/,"Reel do Instagram",,Total,117625,77261,1904,20,21,5,0
17978697710887991,17841400074692954,paulistao,Paulistão,"SABADÃO DE DECISÃO!
Tanabi e Independente já estão na área para o jogo do acesso no Paulista Sub-23 Segunda Divisão Sicredi!
#FPF #Cometa #ClubeGiro
📷Pedro Zacchi/Ag. Paulistão",0,"08/16/2025 09:45",https://www.instagram.com/p/DNbE-4rxmtL/,"Carrossel do Instagram",,Total,53064,16326,396,31,3,2,3
18286954354268167,17841400074692954,paulistao,Paulistão,"O @brasileirao VIROU PAULISTÃO SICREDI! 😎
Os jogos entre as minhas equipes renderam... Já pensou como ficaria a tabela? Vem ver!
#PaulistasEmCampo
📊: GoalBR",0,"08/16/2025 09:00",https://www.instagram.com/p/DNa6-B1zN7r/,"Imagem do Instagram",,Total,332493,155264,9267,189,7,85,119
18054253745567608,17841400074692954,paulistao,Paulistão,"VAMOS PARA A ÚLTIMA RODADA!
Chegou a hora de decidir quem conquista as últimas vagas para a próxima fase da #CopaPaulistaSicredi!",0,"08/16/2025 06:30",https://www.instagram.com/p/DNapoVFuCRh/,"Imagem do Instagram",,Total,34077,15030,380,12,0,7,7
18051594665212697,17841400074692954,paulistao,Paulistão,"SÁBADO CHEIO!
Minhas equipes em campo em todas as divisões do Campeonato Brasileiro!
#PaulistasEmCampo",0,"08/16/2025 06:00",https://www.instagram.com/p/DNamNE_z5Zz/,"Imagem do Instagram",,Total,34604,15106,663,13,4,7,7
18068252686910209,17841400074692954,paulistao,Paulistão,"VAI PEGAR FOGO! 🔥
Tanabi e Independente duelam pelo acesso e pela vaga na final depois do jogo da ida terminar tudo igual. Quem leva a melhor?
#Bezinha",0,"08/16/2025 05:30",https://www.instagram.com/p/DNaioSeuTTF/,"Imagem do Instagram",,Total,47660,17769,401,25,0,10,4
18073224670853877,17841400074692954,paulistao,Paulistão,"QUEM SOBE PARA O PAULISTA A4 SICREDI? 🤩
ECUS e Mauá empataram na ida e decidem o acesso e a vaga para a grande final do Paulista Sub-23 Segunda Divisão Sicredi! 
#Bezinha",0,"08/16/2025 05:00",https://www.instagram.com/p/DNafTODzK0n/,"Imagem do Instagram",,Total,83222,30737,531,60,0,14,10
18138290785421208,17841400074692954,paulistao,Paulistão,"ELE ESTÁ DE VOLTA!
Campeão da @sudamericanabr de 2012, Rafael Toloi vai reforçar o São Paulo na temporada! Aprovado, torcedor Tricolor?
#FutebolPaulista 
📷 São Paulo Futebol Clube",0,"08/15/2025 15:54",https://www.instagram.com/p/DNZKVc7t_U3/,"Imagem do Instagram",,Total,80417,38616,5665,62,1,12,16
18020401613549464,17841400074692954,paulistao,Paulistão,"QUEM É QUE SOBE?
Os destaques dos semifinalistas da Bezinha vão com tudo pelo acesso! Saiba tudo sobre os confrontos em futebolpaulista.com.br!
#FutebolPaulista #Bezinha",0,"08/15/2025 15:25",https://www.instagram.com/p/DNZG_oBzd_g/,"Carrossel do Instagram",,Total,64924,20449,421,24,1,7,9
18053712554530274,17841400074692954,paulistao,Paulistão,"O NOVO ARTILHEIRO DA @libertadoresbr É DO VERDÃO! 🐷⚽
Flaco assumiu a ponta com os dois gols marcados ontem, contra o Universitario!
#PaulistasEmCampo #Palmeiras",0,"08/15/2025 15:00",https://www.instagram.com/p/DNY_horys_Z/,"Carrossel do Instagram",,Total,76364,23303,2847,26,0,10,33
18059489759366904,17841400074692954,paulistao,Paulistão,"CHEGOU O MOMENTO DA DECISÃO!
Neste sábado, vamos conhecer os finalistas do Paulista Sub-23 Segunda Divisão e, consequentemente, os dois times que vão conseguir o acesso para o Paulista A4 Sicredi!
#Bezinha #FPF #Cometa #ClubeGiro",0,"08/15/2025 14:00",https://www.instagram.com/p/DNY4do9xcdb/,"Imagem do Instagram",,Total,40511,16813,242,28,1,2,5
18076830805966982,17841400074692954,paulistao,Paulistão,"KING NA LIDERANÇA! 👑🔝
Se liga no ranking da artilharia paulista no @brasileirao!
#PaulistasEmCampo",0,"08/15/2025 11:00",https://www.instagram.com/p/DNYj4u1VNJz/,"Imagem do Instagram",,Total,157989,76068,5441,143,2,43,69
18153282451382802,17841400074692954,paulistao,Paulistão,"AINDA TEM CLASSIFICAÇÃO EM JOGO! 👀
Já são 12 times classificados e algumas equipes ainda buscam uma vaga na próxima fase da #CopaPaulistaSicredi!",0,"08/15/2025 08:00",https://www.instagram.com/p/DNYPUB2zc1F/,"Imagem do Instagram",,Total,150123,47010,1704,42,3,55,20
18057554768108299,17841400074692954,paulistao,Paulistão,"É assim que termina a quinta-feira de futebol para os #PaulistasEmCampo.
#FutebolPaulista",0,"08/14/2025 19:33",https://www.instagram.com/p/DNW-pcBAJhR/,"Imagem do Instagram",,Total,46580,20271,689,7,0,11,2
18395485990187585,17841400074692954,paulistao,Paulistão,"O Tigre não conseguiu pontuar em casa.
#PaulistasEmCampo
📷Higor Basso/Ag. Paulistão",0,"08/14/2025 19:32",https://www.instagram.com/p/DNW-gpIV00l/,"Imagem do Instagram",,Total,34402,13772,304,5,0,7,1
17870604252416738,17841400074692954,paulistao,Paulistão,"PÉ NAS QUARTAS!
Palmeiras goleia Universitario-PER e fica muito perto da vaga na próxima fase da Libertadores.
#PaulistasEmCampo
📷Staff Images/Conmebol",0,"08/14/2025 19:24",https://www.instagram.com/p/DNW9j0_NEid/,"Imagem do Instagram",,Total,72369,36689,2799,241,1,28,22
18181395502326900,17841400074692954,paulistao,Paulistão,"É O CAPITÃO! ©️🇵🇾
Mais uma marca histórica pra conta do Gustavo Gómez!
#PaulistasEmCampo",0,"08/14/2025 18:37",https://www.instagram.com/p/DNW4NzVt1Zy/,"Imagem do Instagram",,Total,259503,169971,8866,795,24,59,114
17944015047015440,17841400074692954,paulistao,Paulistão,"HORA DA DECISÃO! 👀☑️
Vamos pra última rodada da Copa Paulista Sicredi e tem time de olho na classificação para a próxima fase!
#CopaPaulistaSicredi",0,"08/14/2025 13:24",https://www.instagram.com/p/DNWUaQ-JKv9/,"Imagem do Instagram",,Total,106400,47538,1727,38,14,16,15
17999232008808192,17841400074692954,paulistao,Paulistão,"TIGRE DE OLHO NO TOPO DA TABELA!
Mais uma rodada finalizada no @brasileiraob! Se liga na classificação das minhas equipes!
#PaulistasEmCampo #SérieB",0,"08/14/2025 12:00",https://www.instagram.com/p/DNWFxVuzZmO/,"Imagem do Instagram",,Total,116378,56377,2099,30,1,10,16
17932731753087309,17841400074692954,paulistao,Paulistão,"O RETROSPECTO DO VERDÃO! 🐷✅
Vem ver a campanha do Palmeiras nessa edição da @libertadoresbr!
#PaulistasEmCampo #Palmeiras",0,"08/14/2025 10:00",https://www.instagram.com/p/DNV4MI4ujWI/,"Imagem do Instagram",,Total,84376,33696,3161,126,0,29,40
18219899863305670,17841400074692954,paulistao,Paulistão,"DIA DA LUSA! 🌟❤️💚
São 105 anos de @portuguesaoficial. Feliz aniversário!
#Aniversário #FutebolPaulista #Portuguesa",0,"08/14/2025 07:44",https://www.instagram.com/p/DNVti5Fu0n8/,"Imagem do Instagram",,Total,47574,15652,684,25,1,30,4
17860393497465625,17841400074692954,paulistao,Paulistão,"SE LIGA NOS COMPROMISSOS PAULISTAS DE HOJE! 👀☑️
Noite de quinta-feira com Palmeiras nas oitavas da @libertadoresbr e Novorizontino em duelo no topo da tabela do @brasileiraob!
#PaulistasEmCampo",0,"08/14/2025 07:38",https://www.instagram.com/p/DNVs13POMde/,"Imagem do Instagram",,Total,42950,14485,392,1,0,2,3
18069675791124708,17841400074692954,paulistao,Paulistão,"PRIMEIRO PASSO!
O Verdão vai até o Peru pela primeira partida das oitavas da @libertadoresbr ✈️🐷
#PaulistasEmCampo #Palmeiras",0,"08/13/2025 20:05",https://www.instagram.com/p/DNUYVLctMCX/,"Imagem do Instagram",,Total,97775,44278,4144,125,0,28,26
18068548522923726,17841400074692954,paulistao,Paulistão,"TUDO JUNTO E MISTURADO! ⁉️
Quais os três jogadores do Timão estão nessa imagem? Deixa aqui nos comentários! 
#Corinthians",0,"08/13/2025 14:30",https://www.instagram.com/p/DNTyTSQzZn-/,"Imagem do Instagram",,Total,1068023,530482,30637,835,72,1499,454
17983865123706352,17841400074692954,paulistao,Paulistão,"OS TRÊS DO VERDÃO! 👀
E aí, torcedor! Quem são os jogadores do Palmeiras na arte? Deixa aqui nos comentários! 
#Palmeiras",0,"08/13/2025 13:00",https://www.instagram.com/p/DNTn_0YzLPV/,"Imagem do Instagram",,Total,1197658,596904,26854,779,90,905,326
18057548846457228,17841400074692954,paulistao,Paulistão,"E AÍ, TORCEDOR! ⁉️🦶
Quem foi o melhor canhoto que você viu no seu time? Conta aí nos comentários!
#DiaDoCanhoto #FutebolPaulista",0,"08/13/2025 12:00",https://www.instagram.com/p/DNTjIH8Thl6/,"Imagem do Instagram",,Total,115614,46840,3823,420,4,110,54
17916737124152580,17841400074692954,paulistao,Paulistão,"MAIS UM! 😎
Você consegue reconhecer os três jogadores do Tricolor na imagem? 
#SãoPaulo",0,"08/13/2025 11:30",https://www.instagram.com/p/DNTdqHotkNp/,"Imagem do Instagram",,Total,701661,364711,13645,786,43,868,194
17877391704386521,17841400074692954,paulistao,Paulistão,"REFORÇO DO MASSA BRUTA!
Ex-lateral do Palmeiras, Vanderlan é o novo jogador do Red Bull Bragantino!
#FutebolPaulista
📷Ari Ferreira/Red Bull Bragantino",0,"08/13/2025 11:00",https://www.instagram.com/p/DNTaRWusOQd/,"Imagem do Instagram",,Total,121971,52311,4325,165,2,42,11
18080292079930466,17841400074692954,paulistao,Paulistão,"CARA DE UM.. FUCINHO DE OUTRO! 🤪
Quais jogadores do Santos você vê na na imagem? Comenta aí!
#Santos",0,"08/13/2025 10:00",https://www.instagram.com/p/DNTTZ5pT4M5/,"Imagem do Instagram",,Total,761788,390418,16352,143,29,413,242
17908282833207402,17841400074692954,paulistao,Paulistão,"TRÊS EM UM! 🤝
Bora de desafio nessa quarta-feira: quem são os jogadores do Red Bull Bragantino nessa imagem?
 #RedBullBragantino",0,"08/13/2025 08:30",https://www.instagram.com/p/DNTJHPwOIqX/,"Imagem do Instagram",,Total,192876,91687,3605,22,1,99,22
17977311740910103,17841400074692954,paulistao,Paulistão,"ÚNICO CAMPEÃO DO INTERIOR!
🏆O dia 13 de agosto é especial para o torcedor do Bugre! Há 47 anos, no Brinco de Ouro, o Guarani vencia o Palmeiras na grande decisão e conquistava o título do Brasileirão de 1978.
#FutebolPaulista #BaúDoPaulistão",0,"08/13/2025 08:05",https://www.instagram.com/p/DNTLFmzunKv/,"Carrossel do Instagram",,Total,226467,108058,6055,313,17,356,100
18037762907415861,17841400074692954,paulistao,Paulistão,"IMPARÁVEL, VELOZ, EMBAÇADO!
Parabéns, @lucasmoura7! O melhor meio-campista do Paulistão Sicredi 2025 comemora 33 anos nesta quarta-feira.🎉🥳
📷Alexandre Battibugli/Ag. Paulistão",0,"08/13/2025 07:15",https://www.instagram.com/p/DNTFcEnN4Ah/,"Imagem do Instagram",,Total,79831,31211,2849,19,1,13,10
18086270452832140,17841400074692954,paulistao,Paulistão,"DESAFIO DO @paulistao! 🫵
Tem um trio do Leão na imagem! Você consegue identificar quem é? Deixa aqui nos comentários! 
#Mirassol",0,"08/13/2025 07:00",https://www.instagram.com/p/DNS-0CEgET9/,"Imagem do Instagram",,Total,222545,112745,4351,35,0,101,35
18367396369144182,17841400074692954,paulistao,Paulistão,"PAREDÃO! 🔥
Rafael defendeu um pênalti e guardou a decisão pro MorumBIS! #PaulistasEmCampo
🎥 @libertadoresbr",22,"08/12/2025 19:50",https://www.instagram.com/reel/DNR27MUMK3I/,"Reel do Instagram",,Total,264564,185192,5954,154,15,46,30
17875046217399674,17841400074692954,paulistao,Paulistão,"16 JOGOS SEM SABER O QUE É DERROTA NA LIBERTADORES! 🇾🇪🇾🇪🇾🇪 #PaulistasEmCampo",0,"08/12/2025 19:27",https://www.instagram.com/p/DNR0UPYMiCy/,"Imagem do Instagram",,Total,92444,51290,3020,177,3,51,23
17878828866382332,17841400074692954,paulistao,Paulistão,"DECISÃO EM CASA! 🇾🇪
O São Paulo segurou o empate sem gol na Colômbia, pela Libertadores! #PaulistasEmCampo
📷 Conmebol",0,"08/12/2025 19:25",https://www.instagram.com/p/DNR0MUMMLFy/,"Imagem do Instagram",,Total,48469,20297,1936,41,0,25,1
18140547214420085,17841401431572960,uolesporte,"UOL Esporte","O duelo entre Corinthians e Ferroviária pelo Paulistão Feminino teve algo ainda inédito no futebol brasileiro: a câmera na arbitragem. 

A tecnologia já tinha sido implementada no Mundial de Clubes e foi usada no jogo de hoje no Pacaembu. Se liga no 1º gol das Brabas pelo olhar da árbitra!

🎥 @paulistaofeminino

#UOLEsporte #UOL #PaulistãoFemininoNoUOL #PaulistãoFemininoNoUOLPlay #Corinthians #Ferroviária",18,"08/12/2025 15:50",https://www.instagram.com/reel/DNRbf1jpkHZ/,"Reel do Instagram",,Total,117495,85479,2503,31,2,21,0
17855409951496920,17841426196827383,copinha,Copinha,"CONFRONTOS DEFINIDOS!
Assim ficou a segunda fase do Paulista Sub-20 Série A!
#PaulistaSub20",0,"08/12/2025 15:05",https://www.instagram.com/p/DNRWZiPy-yD/,"Imagem do Instagram",,Total,193198,92549,2174,381,10,22,41
18052918109181316,17841429857362439,paulistaof,"Paulistão F Petrobras","NOVIDADE NA ÁREA! 🤩
O Superclássico Sicredi entre Corinthians e Ferroviária é o PRIMEIRO JOGO DO BRASIL a contar com a câmera na árbitra! #PaulistãoFemininoSicredi",14,"08/12/2025 14:52",https://www.instagram.com/reel/DNRU16GyDsk/,"Reel do Instagram",,Total,163607,97709,2759,191,0,49,47
18048376433275858,17841400074692954,paulistao,Paulistão,"O TRICOLOR NA @libertadoresbr! 🇾🇪😎
Vem ver como está a campanha do São Paulo até aqui!
#PaulistasEmCampo #SãoPaulo",0,"08/12/2025 14:00",https://www.instagram.com/p/DNRKI5guhzS/,"Imagem do Instagram",,Total,51767,27577,2191,9,0,7,18
18290260504265108,17841400074692954,paulistao,Paulistão,"TEM HISTÓRIA! 👀⏰
Não é a primeira vez que o Corinthians enfrenta o Athletico na @copadobrasilcbf! Você lembra dos confrontos, torcedor?
#PaulistasEmCampo",0,"08/12/2025 13:00",https://www.instagram.com/p/DNRDO3_vSHP/,"Imagem do Instagram",,Total,446946,169489,16589,456,17,85,221
18074896840824501,17841400074692954,paulistao,Paulistão,"TIGRE E MACACA NA ZONA DE CLASSIFICAÇÃO!
Se liga como está a tabela da #SérieC!
#PaulistasEmCampo",0,"08/12/2025 12:30",https://www.instagram.com/p/DNQ_wf3P_hZ/,"Imagem do Instagram",,Total,68121,36859,1471,12,1,6,10
17887852428201152,17841400074692954,paulistao,Paulistão,"OS PAULISTAS NO @brasileirao! ‼️🤝
Minhas equipes estão com tudo no Campeonato Brasileiro. Se liga na tabela!
#PaulistasEmCampo",0,"08/12/2025 12:00",https://www.instagram.com/p/DNQ8YpDTCJw/,"Imagem do Instagram",,Total,175290,98278,7447,68,18,53,65
18179573791333967,17841400074692954,paulistao,Paulistão,"CAMINHO ATÉ A FINAL!
Esse é o chaveamento da @copadobrasilcbf 🔥
#PaulistasEmCampo",0,"08/12/2025 07:40",https://www.instagram.com/p/DNQiSHsPIY9/,"Imagem do Instagram",,Total,87705,47006,3252,204,0,38,45
18314744809208377,17841400074692954,paulistao,Paulistão,"VAAAAAI, CORINTHIANS! 
O Timão decide em casa a decisão das quartas de final da @copadobrasilcbf diante do Athletico. 
*As datas dos confrontos correspondem à data-base da competição, podendo sofrer alterações posteriormente
#PaulistasEmCampo",0,"08/12/2025 07:25",https://www.instagram.com/p/DNQhwUtxwLd/,"Imagem do Instagram",,Total,69700,38773,3059,206,0,45,35
18062881559022349,17841400074692954,paulistao,Paulistão,"TIMÃO X FURACÃO!
O próximo adversário do @corinthians na @copadobrasilcbf será o Athletico.
#PaulistasEmCampo",0,"08/12/2025 07:24",https://www.instagram.com/p/DNQhpKMxZ8_/,"Imagem do Instagram",,Total,121971,71122,9621,382,2,33,74
17952791420996165,17841400074692954,paulistao,Paulistão,"BATALHA FORA DE CASA! 🇾🇪🔥
O São Paulo encara o Atlético Nacional pelas oitavas da @libertadoresbr! 
#PaulistasEmCampo",0,"08/12/2025 06:00",https://www.instagram.com/p/DNQTEZtSkxG/,"Imagem do Instagram",,Total,49061,28141,3040,89,1,7,17
17930057082093106,17841400074692954,paulistao,Paulistão,"O Timão não conseguiu pontuar no Alfredo Jaconi.
#PaulistasEmCampo
📷Fernando Alves/Juventude",0,"08/11/2025 18:05",https://www.instagram.com/p/DNPGIzfSa59/,"Imagem do Instagram",,Total,40645,22197,1015,103,0,33,9
18367731451144953,17841400074692954,paulistao,Paulistão,"NONA RODADA! ✅
#CopaPaulistaSicredi",0,"08/11/2025 18:03",https://www.instagram.com/p/DNPF56ONpJ7/,"Imagem do Instagram",,Total,29404,17236,429,6,0,3,3
18064539136982496,17841400074692954,paulistao,Paulistão,"Três jogos fecharam a nona rodada da Copa Paulista Sicredi. Vamos aos resultados.
#CopaPaulistaSicredi
📷Divulgação/Clubes",0,"08/11/2025 18:02",https://www.instagram.com/p/DNPF0IHNRjx/,"Carrossel do Instagram",,Total,45602,18973,594,13,0,3,5
18035301890679461,17841429857362439,paulistaof,"Paulistão F Petrobras","BORA PARA MAIS UMA!
Chegou a hora de acompanhar a 6ª rodada do Paulistão Feminino Sicredi. Se liga nos confrontos!
#PaulistãoFemininoSicredi",0,"08/11/2025 16:00",https://www.instagram.com/p/DNOzEUUutUP/,"Imagem do Instagram",,Total,26549,14054,412,29,0,4,9
17936828496060179,17841400074692954,paulistao,Paulistão,"VITINHO É DO TIMÃO!
O atacante é o novo reforço do Corinthians para a temporada. Aprovado, torcedor?
#FutebolPaulista
📷Rodrigo Coca/Corinthians",0,"08/11/2025 12:21",https://www.instagram.com/p/DNOewyfS8Pn/,"Imagem do Instagram",,Total,79593,45644,4678,11,2,40,16
18148566004400025,17841400074692954,paulistao,Paulistão,"NOITE DE TIMÃO! 🦅‼️
O @corinthians vai buscar os três pontos fora de casa pelo @brasileirao!
#PaulistasEmCampo #Corinthians",0,"08/11/2025 06:00",https://www.instagram.com/p/DNNuIA6u3AP/,"Imagem do Instagram",,Total,30611,16790,1416,24,0,3,11
17912285790056153,17841400074692954,paulistao,Paulistão,"125 ANOS DA MACACA! 🥳🦍
A @pontepretaoficial celebra mais um ano de história nessa segunda-feira (11). Parabéns!
#Aniversário #FutebolPaulista #PontePreta",0,"08/11/2025 04:00",https://www.instagram.com/p/DNNgcevAX_2/,"Imagem do Instagram",,Total,43883,25350,1198,49,0,42,10
18067998457932477,17841400074692954,paulistao,Paulistão,"Hora de conferir como foi o domingo dos #PaulistasEmCampo!
#FutebolPaulista",0,"08/10/2025 17:00",https://www.instagram.com/p/DNMZ_QMMs5W/,"Imagem do Instagram",,Total,38535,24152,762,6,1,30,9
18075340865483118,17841400074692954,paulistao,Paulistão,"PRA CIMA DELES, TIGRE!
Vitória paulista na Arena de Pernambuco!
#PaulistasEmCampo
📷Paulo Matheus/Divulgação/São Bernardo",0,"08/10/2025 16:59",https://www.instagram.com/p/DNMZzZMM-MM/,"Imagem do Instagram",,Total,31542,18245,479,12,0,4,5
18043994633330339,17841400074692954,paulistao,Paulistão,"O Botafogo foi superado em duelo da Série B.
#PaulistasEmCampo
📷Carlos Costa/Ag. Botafogo",0,"08/10/2025 16:43",https://www.instagram.com/p/DNMYBAQMt6V/,"Imagem do Instagram",,Total,26965,14967,340,6,0,6,2
18176498233337421,17841400074692954,paulistao,Paulistão,"É O PEIXE!
Vitória de virada no Mineirão!
#PaulistasEmCampo
📷Raul Baretta/Santos",0,"08/10/2025 16:40",https://www.instagram.com/p/DNMXo7bMOHW/,"Imagem do Instagram",,Total,38480,23625,2543,73,1,41,14
17956792880985593,17841400074692954,paulistao,Paulistão,"VIRADA PALESTRINA!
O Palmeiras buscou o resultado e ficou com os três pontos!
#PaulistasEmCampo
📷Cesar Greco/Palmeiras",0,"08/10/2025 14:06",https://www.instagram.com/p/DNMGF8wRejq/,"Imagem do Instagram",,Total,41520,24789,1984,151,0,34,5
18326585185229252,17841400074692954,paulistao,Paulistão,"Domingo com vitórias de Portuguesa Santista e XV de Piracicaba na Copa Paulista Sicredi.
#CopaPaulistaSicredi
📷Divulgação/Clubes",0,"08/10/2025 09:19",https://www.instagram.com/p/DNLlMtcMobX/,"Carrossel do Instagram",,Total,34065,14505,623,14,0,4,6
18074750399487504,17841400074692954,paulistao,Paulistão,"EQUILIBRIO TOTAL!
Foi assim que terminaram os jogos de ida da semifinal do Paulista Sub-23 Segunda Divisão Sicredi!
#FPF #Cometa #ClubeGiro",0,"08/10/2025 09:00",https://www.instagram.com/p/DNLjDerugoh/,"Imagem do Instagram",,Total,26545,13064,246,22,1,2,3
17951774658006281,17841400074692954,paulistao,Paulistão,"EMPATE NA IDA!
No primeiro jogo da semifinal do Paulista Sub-23 Segunda Divisão, Independente e Tanabi ficaram em igualdade.
#Bezinha
📷Alexandre Battibugli/Ag. Paulistão",0,"08/10/2025 08:28",https://www.instagram.com/p/DNLfWnYMnpX/,"Carrossel do Instagram",,Total,48651,20138,599,33,1,10,1
18366852904148289,17841400074692954,paulistao,Paulistão,"🚌🚌🚌
#FPF #Cometa #ClubeGiro 
📷Alexandre Battibugli/Ag. Paulistão",0,"08/10/2025 07:49",https://www.instagram.com/p/DNLa7b6sP_4/,"Carrossel do Instagram",,Total,33982,12941,326,6,0,0,2
17908942161207370,17841400074692954,paulistao,Paulistão,"GALO NA FRENTE!
Fim do primeiro tempo em Limeira. O Independente vai para o intervalo com o 1 a 0 de vantagem pra cima do Tanabi.
#PaulistaSub23SegundaDivisãoSicredi
📷Alexandre Battibugli/Ag. Paulistão",0,"08/10/2025 07:05",https://www.instagram.com/p/DNLV4rCMGNL/,"Imagem do Instagram",,Total,53724,29300,730,1,0,0,4
17907497256214508,17841400074692954,paulistao,Paulistão,"PARA FECHAR O FINAL DE SEMANA!
Domingo cheio de Campeonato Brasileiro para as minhas equipes. Se liga nos confrontos!
#PaulistasEmCampo",0,"08/10/2025 06:00",https://www.instagram.com/p/DNLJbkYvxFQ/,"Imagem do Instagram",,Total,18669,10899,347,0,0,2,1
18147431311399607,17841400074692954,paulistao,Paulistão,"Os paizões do Futebol Paulista estão passando para desejar a todos os Fanáticos por Futebol um Feliz Dia dos Pais! 🥰🫂⚽
#FutebolPaulista #DiaDosPais",0,"08/10/2025 05:00",https://www.instagram.com/p/DNLClvkSVPN/,"Imagem do Instagram",,Total,38158,22056,1710,26,1,10,14
18319932904232365,17841400074692954,paulistao,Paulistão,"O sabadão foi repleto de #FutebolPaulista. Se liga só no que rolou.
#PaulistasEmCampo",0,"08/09/2025 18:40",https://www.instagram.com/p/DNKAkVTscJF/,"Imagem do Instagram",,Total,55642,36279,1016,6,1,15,9
18094370833635366,17841400074692954,paulistao,Paulistão,"3️⃣0️⃣0️⃣x LUCIANO!
O camisa 10 do Tricolor segue escrevendo sua história no São Paulo.
#PaulistasEmCampo
📷Rubens Chiri/São Paulo",0,"08/09/2025 18:34",https://www.instagram.com/p/DNJ_8yOMIbS/,"Carrossel do Instagram",,Total,64458,26702,4100,13,6,29,18
18053510405159962,17841400074692954,paulistao,Paulistão,"PONTUOU LÁ!
O Novorizontino volta do Rio de Janeiro com mais um ponto somado na Série B.
#PaulistasEmCampo
📷Ozzair Jr./Novorizontino",0,"08/09/2025 18:29",https://www.instagram.com/p/DNJ_V7CsZ8S/,"Imagem do Instagram",,Total,22266,12145,252,3,0,1,0
18086218429829159,17841400074692954,paulistao,Paulistão,"MOMENTO DE EMOÇÃO!
De volta aos gramados após lesão, Lucas Moura não conteve as lágrimas ao fim do jogo no MorumBIS.
#PaulistasEmCampo 
🎥Divulgação/São Paulo",38,"08/09/2025 18:26",https://www.instagram.com/reel/DNJ-6fCtixv/,"Reel do Instagram",,Total,99974,57435,5287,41,15,56,28
17890156383301387,17841400074692954,paulistao,Paulistão,"VIRADA BUGRINA!
Guarani se reencontra com a vitória na Série C.
#PaulistasEmCampo
📷Raphael Silvestre/Guarani",0,"08/09/2025 17:45",https://www.instagram.com/p/DNJ6TxGM3ot/,"Imagem do Instagram",,Total,34566,21100,837,7,0,9,5
18479159848075941,17841400074692954,paulistao,Paulistão,"O Ituano sofreu o revés no Novelli Junior.
#PaulistasEmCampo
📷Fernando Roberto/Ituano",0,"08/09/2025 17:42",https://www.instagram.com/p/DNJ5757MKpy/,"Imagem do Instagram",,Total,20852,11708,236,3,0,2,0
18283719343279006,17841400074692954,paulistao,Paulistão,"O TRICOLOR TÁ EMBALADO! 🇾🇪
#PaulistasEmCampo",0,"08/09/2025 16:58",https://www.instagram.com/p/DNJ08bFtJJy/,"Imagem do Instagram",,Total,27694,17480,1617,60,1,16,8
18023190941721319,17841400074692954,paulistao,Paulistão,"SEGURA O TRICOLOR!
O São Paulo segue embalado no Brasileirão!
#PaulistasEmCampo
📷Miguel Schincariol/São Paulo",0,"08/09/2025 16:31",https://www.instagram.com/p/DNJx0YAgZRj/,"Imagem do Instagram",,Total,25787,15414,1527,26,0,17,5
18069406916159039,17841400074692954,paulistao,Paulistão,"Não deu pro Massa Bruta.
#PaulistasEmCampo
📷Ari Ferreira/Red Bull Bragantino",0,"08/09/2025 16:29",https://www.instagram.com/p/DNJxnDKPEaS/,"Imagem do Instagram",,Total,17031,9463,235,4,0,3,1
17889226968312049,17841400074692954,paulistao,Paulistão,"O Mirassol tentou, mas não conseguiu pontuar no Maracanã.
#PaulistasEmCampo
📷Pedro Zacchi/Ag. Mirassol",0,"08/09/2025 16:27",https://www.instagram.com/p/DNJxbYiMyX5/,"Imagem do Instagram",,Total,26313,14739,640,12,0,11,9
18038489969669196,17841400074692954,paulistao,Paulistão,"Fim de mais um dia de Copa Paulista Sicredi. Vamos aos resultados deste sabadão.
#CopaPaulistaSicredi
📷Divulgação/Clubes",0,"08/09/2025 16:07",https://www.instagram.com/p/DNJvDFlBxRm/,"Carrossel do Instagram",,Total,34559,14802,476,13,1,5,4
17968134107938080,17841400074692954,paulistao,Paulistão,"A Ponte Preta tropeçou pela Série C.
#PaulistasEmCampo
📷Marcos Ribolli/Arquivo/PontePress",0,"08/09/2025 15:45",https://www.instagram.com/p/DNJsm4ps9OS/,"Imagem do Instagram",,Total,30795,17333,647,18,0,13,11
18418770988097506,17841400074692954,paulistao,Paulistão,"SABADÃO DE FESTA EM LIMEIRA!
A Inter segue viva na busca pelo acesso pra Série C do ano que vem!
#PaulistasEmCampo
📷Jose Augusto/Divulgação/Inter de Limeira",0,"08/09/2025 15:03",https://www.instagram.com/p/DNJnz4Cx4tE/,"Carrossel do Instagram",,Total,57951,26965,1572,15,1,7,9
17915921955037220,17841400074692954,paulistao,Paulistão,"Chega ao fim a participação do Água Santa na Série D.
#PaulistasEmCampo
📷Arquivo/Água Santa",0,"08/09/2025 15:00",https://www.instagram.com/p/DNJndwPtRWZ/,"Imagem do Instagram",,Total,27627,15942,454,2,0,7,7
18067371913944028,17841400074692954,paulistao,Paulistão,"AVANÇA, LEÃO!
Com gol no último lance, Inter de Limeira busca a classificação e se garante na próxima fase da Série D.
#PaulistasEmCampo
📷Divulgação/Inter de Limeira",0,"08/09/2025 14:59",https://www.instagram.com/p/DNJnQufMXld/,"Imagem do Instagram",,Total,50839,33394,907,10,1,9,5
18076192606791766,17841400074692954,paulistao,Paulistão,"Ponto final no Canindé. Portuguesa é superada nos pênaltis e se despede da Série D.
#PaulistasEmCampo
📷 Divulgação/Portuguesa",0,"08/09/2025 14:24",https://www.instagram.com/p/DNJjSa2MCHY/,"Imagem do Instagram",,Total,33835,20345,697,8,1,34,8
17975065046910906,17841400074692954,paulistao,Paulistão,"O GOLAÇO DA CLASSIFICAÇÃO!
No último lance da partida, Kadu soltou a bomba e garantiu a Inter de Limeira nas oitavas de final da Série D!
#PaulistasEmCampo
🎥Divulgação/Inter de Limeira",37,"08/09/2025 14:12",https://www.instagram.com/reel/DNJh2YSNj4A/,"Reel do Instagram",,Total,58938,33562,2099,68,4,27,12
18181080436328097,17841400074692954,paulistao,Paulistão,"RUGE, LEÃO!
A Inter de Limeira está nas oitavas de final da Série D!
#PaulistasEmCampo",0,"08/09/2025 13:58",https://www.instagram.com/p/DNJgYGUOZ4e/,"Imagem do Instagram",,Total,93966,53041,2264,119,1,22,15
18086159098647032,17841403734375167,sindicatodeatletas,"Sindicato de Atletas SP","Seleção dos Atletas 🏆
Paulista Segunda Divisão Sicredi – Rodada 16

Com as indicações dos capitães, a organização da premiação definiu a seleção dos onze melhores no esquema 3-5-2.

SELEÇÃO DA RODADA
⭐ GOL: Maranhão (Tanabi)
⭐ LD: Pedro (Tanabi)
⭐ ZAG: Hilário (Independente)
⭐ ZAG: Caio Mineiro (ECUS)
⭐ ZAG: Taylor (Mauá)
⭐ LE: Guilherme Formiga (ECUS)
⭐ VOL: Denílson (Mauá)
⭐ VOL: Gregório (Tanabi)
⭐ MC: Luan (Independente)
⭐ ATA: Mateus Goiano (ECUS)
⭐ ATA: Colômbia (Independente)

#SelecaodosAtletas #SindicatodeAtletas #FPF #Futebolinterior #PaulistaSegundaDivisaoSicredi #AtletavotaemAtleta #votacao #categoria #AtletaProfissional #AtletaPaulista

🎯 MKT Digital: @digitalsportspress",0,"08/09/2025 12:59",https://www.instagram.com/p/DNJZlBkzMZK/,"Imagem do Instagram",,Total,15650,8379,100,20,4,1,0
18357045241154682,17841457718099551,copadobrasilcbf,"Copa do Brasil","1 HORA! ⏳

Falta pouco para o 1° Derby na #CopaBetanoDoBrasil. 🤩

📹 @lautessi | @bsfpaulista 

#Corinthians #Palmeiras",14,"07/30/2025 16:31",https://www.instagram.com/reel/DMwBsKwOHiH/,"Reel do Instagram",,Total,30092,19383,1798,92,5,16,0
17895343587272021,17841400074692954,paulistao,Paulistão,"EMPATE NA IDA!
Fim de primeiro jogo da semifinal do Paulista Sub-23 Segunda Divisão Sicredi! Mauá e ECUS ficam no empate.
#Bezinha
📷Ronaldo Barreto/Ag. Paulistão",0,"08/09/2025 12:59",https://www.instagram.com/p/DNJZid4xtcs/,"Carrossel do Instagram",,Total,53617,21570,745,36,3,5,6
18338066875160656,17841400074692954,paulistao,Paulistão,"ECUS NA FRENTE!
Com um gol no finzinho da etapa inicial, a equipe de Suzano abriu 1 a 0 de vantagem sobre o Mauá.
#FPF #Cometa #ClubeGiro 
📷Ronaldo Barreto/Ag. Paulistão",0,"08/09/2025 12:01",https://www.instagram.com/p/DNJS9pVvH8O/,"Carrossel do Instagram",,Total,38725,14216,493,10,1,2,3
17862908379446100,17841400074692954,paulistao,Paulistão,"ECUS NA ÁREA!
A equipe de Suzano chegou para a semifinal do Paulista Sub-23 Segunda Divisão Sicredi!
#FPF #Cometa #ClubeGiro
📷Ronaldo Barreto/Ag. Paulistão",0,"08/09/2025 11:00",https://www.instagram.com/p/DNJL9uEzUHN/,"Carrossel do Instagram",,Total,42738,12748,352,5,1,2,2
18080380789932357,17841400074692954,paulistao,Paulistão,"DIA DE BEZINHA!
A semifinal do Paulista Sub-23 Segunda Divisão Sicredi tá na área com Mauá e ECUS!
 #FPF #Cometa #ClubeGiro
📷Ronaldo Barreto/Ag. Paulistão",0,"08/09/2025 10:23",https://www.instagram.com/p/DNJHxX9zAaF/,"Carrossel do Instagram",,Total,63990,27600,890,7,0,5,7
18143241826409660,17841445516636544,ecuniaosuzano,"Esporte Clube União Suzano-SAF","Os homis estão no local da partida 🚌🔥

O ECUS chegou de @viacaocometa.oficial com estilo, dando um @clubegiro.oficial pela cidade. Bora que é semifinal, @fpf_oficial. 

#ECUS #leaodocolorado #paulistasub23",162,"08/09/2025 10:19",https://www.instagram.com/reel/DNJG_BIxjXJ/,"Reel do Instagram",,Total,18192,11649,220,2,1,2,0
17973952346876586,17841426429471156,fpf_oficial,"Federação Paulista de Futebol","SABADOU NA BEZINHA!
O @mauafcoficial recebe o @ecuniaosuzano para o primeiro jogo da semifinal do Paulista Sub-23 Segunda Divisão Sicredi! AO VIVO no YouTube do @paulistao. E aí, quem leva a melhor?
#Bezinha",0,"08/09/2025 08:00",https://www.instagram.com/p/DNIyn_BAis-/,"Imagem do Instagram",,Total,58658,22455,343,52,1,9,5
18393199060184597,17841400074692954,paulistao,Paulistão,"SABADÃO RECHEADO!
São dez jogos para abrir o fim de semana de #PaulistasEmCampo!",0,"08/09/2025 04:56",https://www.instagram.com/p/DNIiT4LOcsG/,"Imagem do Instagram",,Total,24401,14098,408,10,0,1,11
18052979669399398,17841400074692954,paulistao,Paulistão,"VITÓRIA DO GALO!
Na abertura da nona rodada da Copa Paulista Sicredi, o Paulista levou a melhor pra cima do Rio Branco.
#CopaPaulistaSicredi
📷João Paulo/Paulista",0,"08/08/2025 18:09",https://www.instagram.com/p/DNHYPLFskUE/,"Imagem do Instagram",,Total,49552,27878,1278,30,5,16,6
17976095798872870,17841400074692954,paulistao,Paulistão,"NO EMBALO DA LOCOMOTIVA!
A Ferroviária vence a segunda seguida na Série B!
#PaulistasEmCampo
📷Luis Miguel Ferreira/Ferroviária",0,"08/08/2025 17:09",https://www.instagram.com/p/DNHRY2wMJEP/,"Imagem do Instagram",,Total,39761,24029,713,6,0,4,3
18071100674020206,17841400074692954,paulistao,Paulistão,"QUE VENHA O MATA-MATA!
Quatro equipes seguem sonhando com o acesso no Paulista Sub-23 Segunda Divisão Sicredi e os primeiros jogos da semifinal começam neste fim de semana! Quem será que vai levar a vantagem no jogo de ida?
#FPF #Cometa #ClubeGiro",0,"08/08/2025 16:00",https://www.instagram.com/p/DNHE5RPOm5F/,"Imagem do Instagram",,Total,32406,17226,272,22,2,5,1
18124862704462942,17841403734375167,sindicatodeatletas,"Sindicato de Atletas SP","Seleção dos Atletas 🏆
Paulista Segunda Divisão Sicredi – Rodada 15

Com as indicações dos capitães, a organização da premiação definiu a seleção dos onze melhores no esquema 3-5-2.

SELEÇÃO DA RODADA
⭐ GOL: Matheus Refundini (Mauá) 
⭐ ZAG: Alexander Araújo (Mauá)
⭐ ZAG: Thales (Tanabi)
⭐ ZAG: Murilo (Mauaense)
⭐ ALA/D: Matheus Domingues (Mauá)
⭐ VOL: Clenisson (Assisense)
⭐ VOL: Renato (Batatais)
⭐ VOL: Romário (Tanabi)
⭐ ALA/E: Vitor Magalhães (Mauá)
⭐ ATA: Gustavinho (AD Guarulhos)
⭐ ATA: Marcelo Maçola (Tanabi)

#SelecaodosAtletas #SindicatodeAtletas #FPF #Futebolinterior #PaulistaSegundaDivisaoSicredi #AtletavotaemAtleta #votacao #categoria #AtletaProfissional #AtletaPaulista

🎯 MKT Digital: @digitalsportspress",0,"08/08/2025 15:53",https://www.instagram.com/p/DNHIpSsTyO2/,"Imagem do Instagram",,Total,24975,15608,132,25,2,3,0
18026139074706598,17841400074692954,paulistao,Paulistão,"A Federação Paulista de Futebol, Viação Cometa e o clube giro, empresas pertencentes ao Grupo JCA, referência nacional em transporte, mobilidade e logística, anunciam uma nova e promissora parceria que conecta o futebol paulista ao interior paulista. 

A união das três marcas tem data de estreia: a fase decisiva do Paulista Sub-23 Segunda Divisão Sicredi. Os clubes semifinalistas — Tanabi, Independente, Mauá e ECUS — terão a Cometa, empresa com mais de setenta anos, como a transportadora oficial para os deslocamentos nos jogos fora de casa. O benefício contempla atletas, comissões técnicas e dirigentes dos clubes envolvidos.

#FPF #Cometa #ClubeGiro #EsporteECultura",0,"08/08/2025 11:34",https://www.instagram.com/p/DNGrBe6plNl/,"Imagem do Instagram",,Total,60411,31967,793,44,2,24,4
18100667848572979,17841400074692954,paulistao,Paulistão,"O Leão veste história 🦁💛💚
O Mirassol lançou a nova camisa em homenagem ao tricampeonato mundial da Seleção Brasileira!
#FutebolPaulista
📷Pedro Zacchi/Divulgação/Mirassol",0,"08/08/2025 11:28",https://www.instagram.com/p/DNGqaoZJG2Z/,"Carrossel do Instagram",,Total,79550,35265,2870,20,0,26,21
18068072540470213,17841400074692954,paulistao,Paulistão,"OLHA ELA AÍ!
Chegou a hora de conferir a classificação da Copa Paulista Sicredi!
#CopaPaulistaSicredi",0,"08/08/2025 08:00",https://www.instagram.com/p/DNGNxQNuYph/,"Imagem do Instagram",,Total,103212,60745,1957,43,25,20,17
18175326583338981,17841400074692954,paulistao,Paulistão,"VAMOS, FERROVIÁRIA! 🚂🔥
A Locomotiva joga em casa em busca de mais uma vitória na #SérieB!
#PaulistasEmCampo",0,"08/08/2025 06:00",https://www.instagram.com/p/DNF_9hyvYAZ/,"Imagem do Instagram",,Total,16851,8488,218,1,0,3,1
18085545667831872,17841400074692954,paulistao,Paulistão,"5 ANOS ATRÁS, O PALMEIRAS LEVANTAVA MAIS UMA! 🏆✨
Com duas defesas de Weverton na disputa de pênaltis, o Palmeiras se sagrava campeão do Paulistão Sicredi em 2020!
#FutebolPaulista #BaúDoPaulistão",0,"08/08/2025 04:00",https://www.instagram.com/p/DNFyV4Nx-l_/,"Carrossel do Instagram",,Total,509690,214381,19064,308,1,735,259
18069194927147353,17841400074692954,paulistao,Paulistão,"PENÚLTIMA VOLTA!
A #CopaPaulistaSicredi está a todo vapor. Bora conferir os jogos da nona rodada.",0,"08/07/2025 17:00",https://www.instagram.com/p/DNEmroFA7PR/,"Imagem do Instagram",,Total,29222,15972,557,3,2,4,6
18069796502327132,17841400074692954,paulistao,Paulistão,"5️⃣ VITÓRIAS! TIMÃO 100% NA SEMANA DE DERBY!
#PaulistasEmCampo #Derby",0,"08/07/2025 14:34",https://www.instagram.com/p/DNEa0f8ziRx/,"Imagem do Instagram",,Total,636818,404276,33669,5402,11,296,845
18077208299294281,17841400074692954,paulistao,Paulistão,"ESTAMOS NA DISPUTA!
Arthur Elias, Amanda Gutierres e Estêvão foram indicados na primeira lista para o Ballon D'Or 2025. 🏆🔥
#FutebolPaulista",0,"08/07/2025 11:12",https://www.instagram.com/p/DNEDwAEyg0W/,"Imagem do Instagram",,Total,196778,95271,6169,72,0,34,54
18107308162530839,17841400074692954,paulistao,Paulistão,"NA HISTÓRIA DO TIGRE! 🐯✍️
Ricardo Catalá se tornou o terceiro treinador com mais jogos pelo @saobernardo_fc!
#PaulistasEmCampo #SãoBernardo",0,"08/07/2025 08:00",https://www.instagram.com/p/DNDo8nUM2ZB/,"Carrossel do Instagram",,Total,73119,26841,1046,13,1,17,9
18064275731224908,17841400074692954,paulistao,Paulistão,"O torcedor do Timão que não acordou assim hoje, é maluco!
#Corinthians #FutebolPaulista
🎥Divulgação/Corinthians",16,"08/07/2025 06:00",https://www.instagram.com/reel/DNDbR2eAIFU/,"Reel do Instagram",,Total,151787,111623,7942,286,16,68,111
17972514896917543,17841400074692954,paulistao,Paulistão,"DOBRADINHA DE 93!
Há 32 anos, o Verdão, após vencer o primeiro jogo, ficava no empate e levava a taça do Torneio Rio-São Paulo em final diante do Corinthians.
#BaúDoPaulistão",0,"08/07/2025 04:00",https://www.instagram.com/p/DNDNs03g8ti/,"Imagem do Instagram",,Total,126815,75170,4963,35,0,157,44
18086640931838856,17841400074692954,paulistao,Paulistão,"👀🏆 O Dorival tá de olho na taça da Copa do Brasil. E ele conhece o caminho, hein?!
#Corinthians #FutebolPaulista #CopaDoBrasil",0,"08/06/2025 20:39",https://www.instagram.com/p/DNCf1vdN3JX/,"Imagem do Instagram",,Total,350453,206088,41614,979,112,175,494
17845669653529238,17841400074692954,paulistao,Paulistão,"HUGO SOUZA, O HOMEM QUE NUNCA PERDEU UM DERBY!
#Corinthians #FutebolPaulista",0,"08/06/2025 20:15",https://www.instagram.com/p/DNCcG_SsLsv/,"Imagem do Instagram",,Total,475406,305106,38553,5383,52,319,877
17930029275092077,17841400074692954,paulistao,Paulistão,"GARRO 🤝 GUSTAVO HENRIQUE
A dupla que fez o segundo gol do Timão acontecer! 
#PaulistasEmCampo",12,"08/06/2025 20:07",https://www.instagram.com/reel/DNCcB7WMwpQ/,"Reel do Instagram",,Total,114938,78410,13616,83,25,30,123
17890518756181235,17841400074692954,paulistao,Paulistão,"FESTA DO TIMÃO 🔥
#PaulistasEmCampo",10,"08/06/2025 20:04",https://www.instagram.com/reel/DNCbviVsqyd/,"Reel do Instagram",,Total,65817,49142,4817,77,8,24,46
18068369717127434,17841400074692954,paulistao,Paulistão,"A quarta-feira terminou assim para o Futebol Paulista na Copa do Brasil!
#PaulistasEmCampo #FutebolPaulista",0,"08/06/2025 20:04",https://www.instagram.com/p/DNCbzcExl3K/,"Imagem do Instagram",,Total,74284,52478,1545,26,4,39,23
18086746540756146,17841400074692954,paulistao,Paulistão,"O Timão comemorou muito no Allianz Parque!
#FutebolPaulista #PaulistasEmCampo #Derby
📷Diego Soares/Ag. Paulistão",0,"08/06/2025 19:57",https://www.instagram.com/p/DNCbBUdxyLg/,"Imagem do Instagram",,Total,48790,27820,2789,20,0,8,19
18071320367046182,17841400074692954,paulistao,Paulistão,"Os artilheiros da noite no Derby!
#FutebolPaulista #PaulistasEmCampo #Derby
📷Alexandre Battibugli e Diego Soares/Ag. Paulistão",0,"08/06/2025 19:54",https://www.instagram.com/p/DNCavBcxx0o/,"Carrossel do Instagram",,Total,45862,17945,2447,5,1,5,3
18058688219461081,17841400074692954,paulistao,Paulistão,"VITÓRIA E CLASSIFICAÇÃO DO TIMÃO!
#FutebolPaulista #PaulistasEmCampo #Derby
📷Alexandre Battibugli/Ag. Paulistão",0,"08/06/2025 19:42",https://www.instagram.com/p/DNCZW0NRk5-/,"Imagem do Instagram",,Total,49570,29913,3077,172,0,32,11
18381205867120905,17841400074692954,paulistao,Paulistão,"AVANÇA O TIMÃO!
Duas vitórias sobre o Palmeiras e vaga garantida nas quartas da Copa do Brasil!
#PaulistasEmCampo #FutebolPaulista #Corinthians",0,"08/06/2025 19:32",https://www.instagram.com/p/DNCYHJxxcqs/,"Imagem do Instagram",,Total,343129,255627,18010,3077,24,96,174
18097566253613795,17841400074692954,paulistao,Paulistão,"O Timão comemora a vantagem no Allianz Parque!
#FutebolPaulista #PaulistasEmCampo #Derby
📷Alexandre Battibugli/Ag. Paulistão",0,"08/06/2025 18:59",https://www.instagram.com/p/DNCUaw-yNYd/,"Imagem do Instagram",,Total,97531,62143,7863,156,7,25,86
18282760873281580,17841400074692954,paulistao,Paulistão,"O HUGO SABE MUITO BEM O QUE É SER TIMÃO 🔥
#PaulistasEmCampo",38,"08/06/2025 18:56",https://www.instagram.com/reel/DNCT97msaVv/,"Reel do Instagram",,Total,817471,679125,12485,163,110,92,137
18048293492258968,17841400074692954,paulistao,Paulistão,"MAIS UM GOOOOL DO TIMÃO! 
Gustavo Henrique marca o segundo no Allianz Parque!
#PaulistasEmCampo",26,"08/06/2025 18:55",https://www.instagram.com/reel/DNCT0OBsnDN/,"Reel do Instagram",,Total,744237,522973,59963,7311,521,666,1133
17926780997982728,17841400074692954,paulistao,Paulistão,"É O BIDU!
Timão na frente no Allianz Parque!
#FutebolPaulista #PaulistasEmCampo #Derby
📷Alexandre Battibugli/Ag. Paulistão",0,"08/06/2025 18:45",https://www.instagram.com/p/DNCSzGXSMl1/,"Imagem do Instagram",,Total,61658,35889,3424,4,0,21,16
17966000174793778,17841400074692954,paulistao,Paulistão,"TIMÃO ABRE O PLACAR! ⚽️
Matheus Bidu marcou pra ampliar a vantagem no Derby!
#PaulistasEmCampo #Corinthians",19,"08/06/2025 18:20",https://www.instagram.com/reel/DNCPzpqsWep/,"Reel do Instagram",,Total,578272,366986,57843,2666,788,299,534
18092717032636346,17841400074692954,paulistao,Paulistão,"São Paulo é derrotado nos pênaltis e se despede da Copa do Brasil!
#PaulistasEmCampo #FutebolPaulista
📷Rubens Chiri/São Paulo FC",0,"08/06/2025 17:50",https://www.instagram.com/p/DNCMe_8NXrY/,"Imagem do Instagram",,Total,69850,44428,1842,315,0,97,13
18016564922755542,17841400074692954,paulistao,Paulistão,"QUE SHOW! 
A fumaça do pré jogo chamou a atenção antes do #Derby 😶‍🌫️
#PaulistasEmCampo",18,"08/06/2025 17:30",https://www.instagram.com/reel/DNCKDjDMabA/,"Reel do Instagram",,Total,184561,107477,8553,52,7,171,89
17876681496385677,17841400074692954,paulistao,Paulistão,"A 8ª rodada da Copa Paulista Sicredi chegou ao fim. Confira os resultados!
#CopaPaulistaSicredi",0,"08/06/2025 17:27",https://www.instagram.com/p/DNCJz3ZMNuT/,"Imagem do Instagram",,Total,27346,14290,358,6,1,12,1
17942072667040731,17841400074692954,paulistao,Paulistão,"FALA, TORCEDOR! 🗣️👀
E aí, o que você tem que fazer antes do jogo para uma vitória do Verdão?
#PaulistasEmCampo",44,"08/06/2025 17:24",https://www.instagram.com/reel/DNCJNI6sU3-/,"Reel do Instagram",,Total,17031,11541,319,36,0,32,1
17951557667861356,17841400074692954,paulistao,Paulistão,"O BAGULHO É LOUCO… 
#PaulistasEmCampo",14,"08/06/2025 17:16",https://www.instagram.com/reel/DNCIfQ7M4ck/,"Reel do Instagram",,Total,128822,83450,3295,75,5,209,61
17904777273093046,17841400074692954,paulistao,Paulistão,"TRÊS PONTOS PARA O COMERCIAL NO CLÁSSICO!
No Come-Fogo na Copa Paulista Sicredi, a vitória foi dos visitantes!
#CopaPaulistaSicredi
📷João Victor Menezes de Souza/Agência Botafogo",0,"08/06/2025 17:15",https://www.instagram.com/p/DNCIbm2T6s1/,"Imagem do Instagram",,Total,27356,14976,353,20,1,44,2
17999383061802265,17841400074692954,paulistao,Paulistão,"PALPITES ALVIVERDES! 
E você, torcedor, acha que vai ser quanto o #Derby de logo mais? 
#PaulistasEmCampo",36,"08/06/2025 17:14",https://www.instagram.com/reel/DNCHkeNsEdO/,"Reel do Instagram",,Total,75259,43315,1868,136,3,390,33
18065376322966866,17841400074692954,paulistao,Paulistão,"O Red Bull Bragantino se despede da Copa do Brasil!
#PaulistasEmCampo #FutebolPaulista
📷Ari Ferreira/Red Bull Bragantino",0,"08/06/2025 17:09",https://www.instagram.com/p/DNCHxUWsx4i/,"Imagem do Instagram",,Total,18851,10579,330,1,0,1,2
18067862518911795,17841400074692954,paulistao,Paulistão,"NOITE DE DERBY! 🔥💪
Equipes em campo para o aquecimento! 
#PaulistasEmCampo",32,"08/06/2025 17:06",https://www.instagram.com/reel/DNCHNnbs3Eu/,"Reel do Instagram",,Total,36239,21261,1111,12,1,4,3
18008834780790840,17841400074692954,paulistao,Paulistão,"E no final, meu sonho é igual 🥹🎶
#PaulistasEmCampo",11,"08/06/2025 16:52",https://www.instagram.com/reel/DNCFo-ZM9qD/,"Reel do Instagram",,Total,39316,25585,2403,72,3,21,46
17890941531298355,17841400074692954,paulistao,Paulistão,"A paixão pelo Verdão vem de berço! 🐷💚
#FutebolPaulista #PaulistasEmCampo #Derby 
📷Diego Soares/Ag. Paulistão",0,"08/06/2025 16:30",https://www.instagram.com/p/DNCDZYnMn2K/,"Imagem do Instagram",,Total,23459,12723,918,9,0,3,7
18060708812051474,17841400074692954,paulistao,Paulistão,"MARCELO DRIBLOU O GOLEIRO E FEZ! 
Frieza na cara do gol para marcar o segundo do Comercial! 
#CopaPaulistaSicredi",9,"08/06/2025 16:25",https://www.instagram.com/reel/DNCCNg5ssKg/,"Reel do Instagram",,Total,588378,329643,10391,243,28,121,246
18352138294089519,17841400074692954,paulistao,Paulistão,"NA GAVETA!
Frank marcou um golaço de falta e abriu o placar no Come-Fogo na Copa Paulista Sicredi!
#CopaPaulistaSicredi",23,"08/06/2025 16:13",https://www.instagram.com/reel/DNCBPs8sz47/,"Reel do Instagram",,Total,148000,87995,4035,493,30,96,33
17977094444869357,17841426429471156,fpf_oficial,"Federação Paulista de Futebol","PRA FORA! 
Lucas Nathan desperdiçou o pênalti para o Botafogo no Come-Fogo! 
#CopaPaulistaSicredi",16,"08/06/2025 15:52",https://www.instagram.com/reel/DNB-cZuSnBl/,"Reel do Instagram",,Total,77845,46342,1489,34,5,16,8
18390077125186807,17841400074692954,paulistao,Paulistão,"CORRIDA PELA CLASSIFICAÇÃO!
Quem vai levar a melhor no duelo de professores no #Derby?
#PaulistasEmCampo",0,"08/06/2025 12:00",https://www.instagram.com/p/DNBfoDhMmJe/,"Imagem do Instagram",,Total,65295,40121,2765,34,0,21,20
18048745196259753,17841400074692954,paulistao,Paulistão,"MACACA NA COLA DO LÍDER! 
Assim está a classificação da #SérieC ao final de mais uma rodada!
#PaulistasEmCampo",0,"08/06/2025 11:00",https://www.instagram.com/p/DNBYyfmzXd_/,"Imagem do Instagram",,Total,55979,34341,1130,9,9,5,9
18069667997471336,17841400074692954,paulistao,Paulistão,"30 ANOS DA CONQUISTA DO 21º TÍTULO!
Em 1995, o Corinthians vencia o Palmeiras, em Ribeirão Preto, e conquistava mais uma taça do Paulistão Sicredi!
#BaúDoPaulistão#FutebolPaulista",0,"08/06/2025 10:31",https://www.instagram.com/p/DNBaTrIMqbs/,"Imagem do Instagram",,Total,56601,35634,4348,43,2,20,39
17942131428032189,17841400074692954,paulistao,Paulistão,"DIA DE CLÁSSICO EM RIBEIRÃO PRETO!
Qual é o seu palpite para esse jogão, torcedor? Assista AO VIVO no YouTube do @paulistao!
#CopaPaulistaSicredi #ComeFogo",0,"08/06/2025 07:00",https://www.instagram.com/p/DNA9OLEuDIs/,"Imagem do Instagram",,Total,21803,11731,310,23,0,23,3
18075185230960186,17841400074692954,paulistao,Paulistão,"QUARTA DECISIVA NA @copadobrasilcbf!
Saiba onde assistir a volta das oitavas de final da Copa do Brasil nessa noite!
#PaulistasEmCampo",0,"08/06/2025 06:00",https://www.instagram.com/p/DNA2F-MMTQY/,"Imagem do Instagram",,Total,25380,15429,744,34,0,7,4
18073283918071812,17841400074692954,paulistao,Paulistão,"PARABÉNS, EDU!
Ídolo do Peixão, o pentacampeão paulista e campeão do mundo completa 76 anos nessa quarta-feira.
#FutebolPaulista #Aniversário",0,"08/06/2025 05:00",https://www.instagram.com/p/DNAvgg8OWFm/,"Imagem do Instagram",,Total,15673,8725,161,3,0,4,1
18050589638197493,17841400074692954,paulistao,Paulistão,"O Massa Bruta vai em busca da virada na Copa do Brasil!
#PaulistasEmCampo #FutebolPaulista",0,"08/05/2025 20:30",https://www.instagram.com/p/DM_1CIivuHh/,"Imagem do Instagram",,Total,23650,14474,297,1,0,2,0
17951218985859202,17841400074692954,paulistao,Paulistão,"PORQUE SÃO PAULO É SENTIMENTO ❤️🇾🇪
O TRICOLOR VAI ATÉ CURITIBA BUSCAR A CLASSIFICAÇÃO NA COPA DO BRASIL 🔥
#PaulistasEmCampo #SãoPaulo",0,"08/05/2025 20:15",https://www.instagram.com/p/DM_zHiFudqI/,"Imagem do Instagram",,Total,47530,32036,2934,134,2,8,13
17957993879880144,17841400074692954,paulistao,Paulistão,"DIA DE DERBY DECISIVO! 🤝👀🔥
PALMEIRAS E CORINTHIANS VÃO COM TUDO EM BUSCA DA CLASSIFICAÇÃO NA @copadobrasilcbf!
#PaulistasEmCampo #Palmeiras #Corinthians",0,"08/05/2025 20:05",https://www.instagram.com/p/DM_x-MVtv8M/,"Imagem do Instagram",,Total,108021,75376,6325,562,9,55,55
18419126227102978,17841451224561717,geopaschh,"Geo Pasch","Esse foi o capítulo final do desafio que o @paulistao me enviou! Saberia encontrar rapidamente?

Vídeo completo lá no YouTube!",65,"08/05/2025 14:01",https://www.instagram.com/reel/DM_NjSBOrA_/,"Reel do Instagram",,Total,261037,160901,7568,135,69,49,0
17983254578719786,17841400074692954,paulistao,Paulistão,"NEYMAR JOGA TRANQUILO NO MORUMBIS! 🏟️🔥
#PaulistasEmCampo #Neymar",0,"08/05/2025 14:00",https://www.instagram.com/p/DM_IuYpSKUL/,"Imagem do Instagram",,Total,787666,396326,33393,825,19,118,477
17990497004685953,17841400074692954,paulistao,Paulistão,"VEM DE TABELA!
Se liga como está a tabela de classificação do @brasileiraob!
#PaulistasEmCampo",0,"08/05/2025 13:31",https://www.instagram.com/p/DM_KByoMNU2/,"Imagem do Instagram",,Total,73657,43957,1898,13,1,11,16
18049709285240508,17841400074692954,paulistao,Paulistão,"OLHA ELA AÍ!
👀Como está o seu time na tabela do @brasileirao?
#PaulistasEmCampo #FutebolPaulista",0,"08/05/2025 12:00",https://www.instagram.com/p/DM--eY4vloh/,"Imagem do Instagram",,Total,351808,226445,14316,62,61,79,118
18075482287802243,17841400074692954,paulistao,Paulistão,"O SÃO PAULO EMBALOU A QUINTA VITÓRIA SEGUIDA!
Quem segura o Tricolor de Hernán Crespo?
#PaulistasEmCampo #FutebolPaulista",0,"08/05/2025 10:46",https://www.instagram.com/p/DM-3KPxv_5D/,"Imagem do Instagram",,Total,87085,69837,2215,27,2,12,15
18090421102679555,17841400074692954,paulistao,Paulistão,"ELE DECIDE! ✋😜🤚

#paulistasemcampo #santosfc",15,"08/04/2025 19:41",https://www.instagram.com/reel/DM9Phuzs0ZZ/,"Reel do Instagram",,Total,1098900,616148,78597,902,120,236,823
18035836580432058,17841400074692954,paulistao,Paulistão,"DIA DOS PAULISTAS!
Com dois jogos e duas vitórias, assim acaba o #PaulistasEmCampo desta segunda.",0,"08/04/2025 18:20",https://www.instagram.com/p/DM9FK3qMQv3/,"Imagem do Instagram",,Total,20855,12115,578,5,0,7,5
17996392595655766,17841400074692954,paulistao,Paulistão,"MAIS TRÊS!
Com dois gols de Neymar e direto do MorumBIS, o @santosfc encerra a rodada com vitória.
#PaulistasEmCampo
📷 Raul Baretta/Santos FC",0,"08/04/2025 18:05",https://www.instagram.com/p/DM9El6PxIsb/,"Imagem do Instagram",,Total,35908,20881,2184,47,7,16,11
18194132626314686,17841400074692954,paulistao,Paulistão,"MAIS UM DELE! ✋😜🤚

Neymar marca o terceiro do Peixe no MorumBIS.
#paulistasemcampo #santosfc",39,"08/04/2025 17:55",https://www.instagram.com/reel/DM9C76AsF76/,"Reel do Instagram",,Total,1091897,616013,62553,2677,74,356,635
18358619836158892,17841400074692954,paulistao,Paulistão,"TRÊS PONTOS!
O @ituanofc começa a semana vencendo na #SérieC.
#PaulistasEmCampo
📷Miguel Schincariol/Ituano",0,"08/04/2025 17:29",https://www.instagram.com/p/DM9AghcyyaO/,"Imagem do Instagram",,Total,23221,13898,325,6,0,1,2
18013538129590686,17841400074692954,paulistao,Paulistão,"ELE CHEGOU!
O Palmeiras anunciou a chegada do lateral-direito Khellven, que estava no CSKA. Seja bem-vindo ao #FutebolPaulista.
#PaulistasEmCampo
📷 Fabio Menotti/Palmeiras",0,"08/04/2025 16:53",https://www.instagram.com/p/DM88YkkSgs-/,"Imagem do Instagram",,Total,154457,99278,4412,43,0,19,27
17849406951531234,17841400074692954,paulistao,Paulistão,"É BARREAL! 🐳

O argentino amplia para o Peixe!
#paulistasemcampo #santosfc",32,"08/04/2025 16:50",https://www.instagram.com/reel/DM87yNPsgob/,"Reel do Instagram",,Total,113850,78064,3646,83,4,26,21
17956829726985409,17841400074692954,paulistao,Paulistão,"NEYMAR NELES! 🐳

O camisa 10 do Peixe abre o placar no MorumBIS.
#paulistasemcampo #santosfc",24,"08/04/2025 16:46",https://www.instagram.com/reel/DM87ZV4suAD/,"Reel do Instagram",,Total,645202,363772,20683,433,16,91,184
17913845070176596,17841400074692954,paulistao,Paulistão,"VALE O ACESSO!
ECUS, Independente, Mauá e Tanabi estão em busca de duas vagas para o Paulista A4 Sicredi 2026!
#Bezinha",0,"08/04/2025 11:37",https://www.instagram.com/p/DM8YKLWvGij/,"Carrossel do Instagram",,Total,45903,21408,501,57,3,10,6
18069089477119362,17841400074692954,paulistao,Paulistão,"DOMÍNIO ALVINEGRO!
O Timão ganhou três dos cinco confrontos contra o Palmeiras que rolaram até agora na semana de Derby! Nos últimos dois, quem vai ser superior?
#PaulistasEmCampo #Derby",0,"08/04/2025 11:00",https://www.instagram.com/p/DM8POCHNUwc/,"Imagem do Instagram",,Total,351451,222927,19689,977,3,159,344
18050287841628899,17841400074692954,paulistao,Paulistão,"DOSE DUPLA!
O @ituanofc recebe o Londrina pela #SérieC e o Peixão recebe o Juventude para fechar a rodada no @brasileirao.
#PaulistasEmCampo",0,"08/04/2025 06:00",https://www.instagram.com/p/DM7sqZ0MLci/,"Imagem do Instagram",,Total,18732,10501,335,2,0,6,0
18121755094473240,17841400074692954,paulistao,Paulistão,"DIA DE SÃO MARCOS!
Um dos maiores ídolos do Verdão e tetracampeão do Paulistão, Marcos completa 52 anos nesta segunda-feira (4). Parabéns, craque!
#Aniversário",0,"08/04/2025 05:00",https://www.instagram.com/p/DM7l8h-JbuE/,"Imagem do Instagram",,Total,33667,20945,1034,22,0,17,11
17926584264067912,17841400074692954,paulistao,Paulistão,"A PRIMEIRA TAÇA!
Há 15 anos, o Santos conquistava a Copa do Brasil. Que dia, hein, torcedor?
#BaúDoPaulistão",0,"08/04/2025 03:00",https://www.instagram.com/p/DM7YRgIPW3t/,"Carrossel do Instagram",,Total,1052389,575137,37568,1817,186,564,638
17854301679447758,17841400074692954,paulistao,Paulistão,"O domingão de futebol foi recheado de #PaulistasEmCampo. Se liga no que rolou ao longo do dia.
#FutebolPaulista",0,"08/03/2025 18:33",https://www.instagram.com/p/DM6jAv0s5Vr/,"Imagem do Instagram",,Total,36471,23880,848,21,1,17,7
17869692810332379,17841400074692954,paulistao,Paulistão,"A QUARTA DO TRICOLOR!
O São Paulo vence mais uma no Brasileirão!
#PaulistasEmCampo
📷Divulgação/São Paulo",0,"08/03/2025 18:32",https://www.instagram.com/p/DM6i3tVMOYe/,"Imagem do Instagram",,Total,31515,19188,2092,54,0,19,6
18020789489532273,17841400074692954,paulistao,Paulistão,"CONSEGUIU O PONTO!
Palmeiras vê Vitória abrir dois, mas consegue buscar o empate no Barradão.
#PaulistasEmCampo
📷Cesar Greco/Palmeiras",0,"08/03/2025 17:29",https://www.instagram.com/p/DM6bwcxsdBr/,"Imagem do Instagram",,Total,39849,25644,1358,114,1,16,2
18050177414533039,17841400074692954,paulistao,Paulistão,"O Massa Bruta acabou sendo superado fora de casa.
#PaulistasEmCampo
📷 Pedro Souza/Atlético",0,"08/03/2025 16:58",https://www.instagram.com/p/DM6YNW5M6C-/,"Imagem do Instagram",,Total,25927,14747,487,1,0,2,4
17857757712469189,17841400074692954,paulistao,Paulistão,"EM ABERTO!
A Inter de Limeira empata o jogo de ida contra o Marcílio Dias pela Série D.
#PaulistasEmCampo 
📷Leo Piva/Divulgação/Inter de Limeira",0,"08/03/2025 16:58",https://www.instagram.com/p/DM6YJHssJdJ/,"Imagem do Instagram",,Total,18687,10279,311,7,0,5,0
17991554999817294,17841400074692954,paulistao,Paulistão,"DA-LHE, TIGRE!
Os três pontos ficam com o São Bernardo!
#PaulistasEmCampo
📷Janes Carvalho/Divulgação/São Bernardo",0,"08/03/2025 14:32",https://www.instagram.com/p/DM6HfIav_0J/,"Imagem do Instagram",,Total,26274,16288,417,18,0,8,3
17977097345859878,17841400074692954,paulistao,Paulistão,"Confira quais foram os jogos que movimentaram o domingo de Copa Paulista Sicredi.
#CopaPaulistaSicredi",0,"08/03/2025 14:15",https://www.instagram.com/p/DM6FdVFP2E6/,"Carrossel do Instagram",,Total,28747,11506,394,10,0,5,3
17922905655105698,17841400074692954,paulistao,Paulistão,"SEM DESISTIR!
Corinthians luta até o fim e consegue o empate contra o Fortaleza.
#PaulistasEmCampo
📷Mateus Lotif/Fortaleza",0,"08/03/2025 14:10",https://www.instagram.com/p/DM6E8C_SCRd/,"Imagem do Instagram",,Total,26798,15613,1135,19,0,15,4
18026793353709485,17841400074692954,paulistao,Paulistão,"EMPATE NO JORJÃO!
Um gol e um ponto para Novorizontino e Avaí.
#PaulistasEmCampo
📷Higor Basso/Novorizontino",0,"08/03/2025 14:08",https://www.instagram.com/p/DM6EvjwNxLx/,"Imagem do Instagram",,Total,14080,8053,172,3,0,0,1
17929495053065897,17841429857362439,paulistaof,"Paulistão F Petrobras","Vitória no Superclássico Sicredi e troféu de Craque do Jogo. Que dia para a @gabizanottid! 
#PaulistãoFemininoSicredi",0,"08/03/2025 09:07",https://www.instagram.com/p/DM5iPWustQa/,"Imagem do Instagram",,Total,51400,32608,2308,17,4,15,13
17974887104870069,17841429857362439,paulistaof,"Paulistão F Petrobras","TIMÃO NO TOPO!
Corinthians vence o #SuperclássicoSicredi e assume a liderança do #PaulistãoFemininoSicredi!
📷Rodrigo Corsi e Diego Soares/Ag. Paulistão",0,"08/03/2025 09:04",https://www.instagram.com/p/DM5h6dXNOua/,"Carrossel do Instagram",,Total,62674,28864,3040,84,3,24,12
18056424005375278,17841400074692954,paulistao,Paulistão,"DOMINGO DE BRASILEIRÃO PARA AS MINHAS EQUIPES! 🗓️❗
Vem ver os sete confrontos que fecham o fim de semana! 
#PaulistasEmCampo",0,"08/03/2025 06:00",https://www.instagram.com/p/DM5H2zguR9J/,"Imagem do Instagram",,Total,30003,18355,822,25,0,5,4
18060738884041127,17841429857362439,paulistaof,"Paulistão F Petrobras","DUELO DE GIGANTES! 😱🔥
O confronto entre os dois primeiros colocados da tabela promete MUITO! Qual é o seu palpite para o Derby, torcedor? 
#PaulistãoFemininoSicredi",0,"08/02/2025 20:05",https://www.instagram.com/p/DM4Dli6MbrG/,"Imagem do Instagram",,Total,60636,39740,2206,68,51,32,39
17993622653815582,17841429857362439,paulistaof,"Paulistão F Petrobras","COLOCA MAIS UM NA CONTA 9️⃣🏆
O BRASIL LEVOU A TAÇA DA COPA AMÉRICA FEMININA PELA NONA VEZ!
#CopaAméricaFeminina",0,"08/02/2025 17:04",https://www.instagram.com/p/DM3z_TiNsAj/,"Imagem do Instagram",,Total,167622,123393,6589,894,13,52,50
18413566168110212,17841400074692954,paulistao,Paulistão,"Bora com os resultados deste sábado? Então se liga aí!
#PaulistasEmCampo",0,"08/02/2025 17:01",https://www.instagram.com/p/DM3zvoiCpqb/,"Imagem do Instagram",,Total,32126,20730,488,4,0,6,4
17910112818189357,17841400074692954,paulistao,Paulistão,"CHEGOU CHEGANDO!
Léo Gamalho marca dois na estreia e garante a vitória do Botafogo!
#PaulistasEmCampo
📷João Victor Menezes/Ag. Botafogo",0,"08/02/2025 16:38",https://www.instagram.com/p/DM3xHfqsTyr/,"Imagem do Instagram",,Total,28682,17221,606,16,0,11,3
18121854538470830,17841400074692954,paulistao,Paulistão,"O LEÃO TÁ MUITO ON!
Mais uma vitória do Mirassol no Brasileirão!
#PaulistasEmCampo
📷JP Pinheiro/Ag. Mirassol",0,"08/02/2025 16:30",https://www.instagram.com/p/DM3wLpSPMPr/,"Imagem do Instagram",,Total,39877,24447,1155,59,1,11,7
18029433308705377,17841400074692954,paulistao,Paulistão,"Portuguesa é superada no jogo de ida e agora terá que reverter a desvantagem jogando no Canindé.
#PaulistasEmCampo
📷Rodrigo Moura/Portuguesa",0,"08/02/2025 16:28",https://www.instagram.com/p/DM3v75iRtdI/,"Imagem do Instagram",,Total,34203,20769,547,9,0,9,9
17903969994217492,17841400074692954,paulistao,Paulistão,"VITÓRIA DA VETERANA!
No único jogo deste sábado de Copa Paulista Sicredi, A francana levou a melhor pra cima da Itapirense.
#CopaPaulistaSicredi",0,"08/02/2025 15:49",https://www.instagram.com/p/DM3rcxvyYcV/,"Imagem do Instagram",,Total,13823,7272,129,3,0,2,2
18102073357512607,17841400074692954,paulistao,Paulistão,"CLÁSSICO DOS GOLAÇOS!
Se liga só como foi o empate entre Ponte Preta e Guarani pelo Dérbi Campineiro 210.
#PaulistasEmCampo 
🎥@sportynetbrasil",49,"08/02/2025 15:44",https://www.instagram.com/reel/DM3q2S_uKB2/,"Reel do Instagram",,Total,261172,160224,10320,403,3,90,122
18110990560517161,17841400074692954,paulistao,Paulistão,"EMPATE CAMPINEIRO!
Tudo igual no Dérbi 210!
#PaulistasEmCampo
📷Marcos Ribolli/PontePress",0,"08/02/2025 15:34",https://www.instagram.com/p/DM3pwOqJnwO/,"Imagem do Instagram",,Total,22894,13328,537,3,0,9,1
18473112238074597,17841400074692954,paulistao,Paulistão,"NETUNO FOI BUSCAR!
O Ceilândia saiu na frente, mas o Água Santa lutou e conseguiu o empate pela Série D.
#PaulistasEmCampo
📷Alan Araújo/Água Santa",0,"08/02/2025 14:11",https://www.instagram.com/p/DM3gPJPvJ7f/,"Imagem do Instagram",,Total,22636,12536,290,4,0,4,1
17845289322529660,17841400074692954,paulistao,Paulistão,"DOIS JOGOS PARA O ACESSO!
Tanabi e Independente de Limeira de um lado. ECUS e Mauá do outro. Que venha o mata-mata do Paulista Sub-23 Segunda Divisão Sicredi!
#Bezinha",0,"08/02/2025 13:06",https://www.instagram.com/p/DM3Y2YqtI5w/,"Imagem do Instagram",,Total,56491,33862,605,118,4,20,6
17974404044873106,17841400074692954,paulistao,Paulistão,"ÚLTIMA RODADA CONCLUÍDA!
Vamos aos resultados.
#PaulistaSub23SegundaDivisãoSicredi",0,"08/02/2025 13:03",https://www.instagram.com/p/DM3YgACyykI/,"Imagem do Instagram",,Total,21280,12312,163,10,0,0,3
18168087517356895,17841400074692954,paulistao,Paulistão,"QUEM VAI CLASSIFICAR?
A última rodada da segunda fase do Paulista Sub-23 Segunda Divisão Sicredi promete! Você consegue acompanhar tudo AO VIVO no YouTube do @paulistao.
#Bezinha",0,"08/02/2025 07:00",https://www.instagram.com/p/DM2qJzfOluj/,"Imagem do Instagram",,Total,22307,11448,177,12,0,2,2
18128510530453793,17841400074692954,paulistao,Paulistão,"SABADÃO RECHEADO! 🌟👀
Se liga nos confrontos que vão rolar nesse sábado para os #PaulistasEmCampo",0,"08/02/2025 06:00",https://www.instagram.com/p/DM2jAEgtyiI/,"Imagem do Instagram",,Total,20747,11961,390,8,0,3,3
18017931620752141,17841400074692954,paulistao,Paulistão,"MINEIRO BATEU, BATEU, BATEU!
Bicampeão do Paulistão Sicredi com as camisas de São Caetano e São Paulo, o homem do gol do título do Tricampeonato Mundial do Tricolor, Mineiro comemora 50 anos neste sábado (2). Parabéns!!🎉🎊
#FutebolPaulista #Aniversário
📷Arquivo Histórico do São Paulo Futebol Clube",0,"08/02/2025 05:00",https://www.instagram.com/p/DM2cR7IvSW5/,"Imagem do Instagram",,Total,68474,40626,2306,7,0,9,26
18039388475374076,17841400074692954,paulistao,Paulistão,"CAMPINAS VAI PARAR!
É dia de mais um Dérbi Campineiro, dessa vez pela #SérieC. Quem vai levar a melhor, torcedor?
#PaulistasEmCampo",0,"08/02/2025 03:00",https://www.instagram.com/p/DM2Oa8POk1l/,"Imagem do Instagram",,Total,43911,26941,1378,116,1,51,8
18074123113818821,17841429857362439,paulistaof,"Paulistão F Petrobras","EM BUSCA DA TAÇA 👀🏆
HOJE É DIA DE CONQUISTAR MAIS UM TÍTULO DA COPA AMÉRICA FEMININA!
#CopaAméricaFeminina",0,"08/01/2025 20:05",https://www.instagram.com/p/DM1e67lsWtn/,"Imagem do Instagram",,Total,39182,24954,1736,79,8,6,11
17885292540342332,17841400074692954,paulistao,Paulistão,"FIM DE PAPO!
Vem ver os resultados dessa sexta-feira de #CopaPaulistaSicredi!",0,"08/01/2025 18:25",https://www.instagram.com/p/DM1XWqwzOGf/,"Imagem do Instagram",,Total,27487,15053,337,5,0,2,3
17909246220190385,17841400074692954,paulistao,Paulistão,"VITÓRIA EM CASA!
Com gol no fim do jogo, o XV de Piracicaba venceu o Guarani para se garantir na liderança do grupo!
#CopaPaulistaSicredi
📷 Mariana Kasten/XV de Piracicaba",0,"08/01/2025 18:09",https://www.instagram.com/p/DM1WruxNrpX/,"Imagem do Instagram",,Total,42255,24528,756,23,1,6,6
18097478665541659,17841400074692954,paulistao,Paulistão,"DE VIRADA!
O Oeste vence o Taubaté e garante mais três pontos na #CopaPaulistaSicredi!
📷Victor Cônsoli/ECT",0,"08/01/2025 17:52",https://www.instagram.com/p/DM1UuWOzOWm/,"Imagem do Instagram",,Total,32817,18806,407,67,0,30,2
18107199181543570,17841400074692954,paulistao,Paulistão,"VOLTANDO COM TRÊS PONTOS NA MALA! 💼🚂
A Locomotiva garantiu a vitória fora de casa pelo @brasileiraob!
#PaulistasEmCampo
📷Marcelo Carvalho/Ferroviária",0,"08/01/2025 17:04",https://www.instagram.com/p/DM1PParNgzw/,"Imagem do Instagram",,Total,40116,25994,689,10,0,9,8
18092401444634253,17841429857362439,paulistaof,"Paulistão F Petrobras","VAMOS PARA MAIS UMA! 😍🔥
A 5ª rodada do Paulistão Feminino Sicredi tá na área e você acompanha todos os jogos AO VIVO! 
#PaulistãoFemininoSicredi",0,"08/01/2025 14:00",https://www.instagram.com/p/DM01bQBPxfi/,"Imagem do Instagram",,Total,20299,11424,450,35,0,4,7
18046052819302822,17841429857362439,paulistaof,"Paulistão F Petrobras","Um dos principais nomes do São Paulo na temporada, Giovanna Crivelari tem história para contar. A atacante de 32 anos já saiu do pais - Espanha, China e Coreia do Sul - e voltou para o Brasil para continuar sua trajetória. Confira toda história dela em mais um episódio do “Pelas Lentes do Paulistão”, no YouTube do @paulistao.",213,"08/01/2025 10:53",https://www.instagram.com/reel/DM0ksbGx_F8/,"Reel do Instagram",,Total,26785,15621,821,16,1,9,15
17876816634384554,17841400074692954,paulistao,Paulistão,"EMPATE EM BAURU!
Noroeste e Araçatuba fizeram um gol cada e o jogo no Alfredo de Castilho terminou tudo igual.
#CopaPaulistaSicredi 
📷Bruno Freitas/Noroeste SAF",0,"08/01/2025 07:59",https://www.instagram.com/p/DM0Q4JZsZWf/,"Imagem do Instagram",,Total,30385,16548,354,23,0,13,2
18010060772787712,17841400074692954,paulistao,Paulistão,"PRA CIMA, LOCOMOTIVA! 🔥
A @afeoficial vai em busca da vitória fora de casa no @brasileiraob!
#PaulistasEmCampo",0,"08/01/2025 06:00",https://www.instagram.com/p/DMz-W5fvOZF/,"Imagem do Instagram",,Total,14937,8029,233,3,0,1,3
18072138697844029,17841400074692954,paulistao,Paulistão,"TÁÁÁÁ CHEGANDO A HORA!
Alô, Neto, teve mais um gol do @ferreirinha, hein!
#FutebolPaulista",0,"07/31/2025 18:46",https://www.instagram.com/p/DMy2GNvsK0B/,"Imagem do Instagram",,Total,214579,130442,12223,389,20,93,110
18075142693944727,17841400074692954,paulistao,Paulistão,"PRIMEIRO PASSO!
São Paulo vence no MorumBIS e garante a vantagem por um lugar nas quartas de final da Copa do Brasil.
#PaulistasEmCampo
📷Miguel Schincariol/São Paulo FC",0,"07/31/2025 17:30",https://www.instagram.com/p/DMytbB8sZH-/,"Imagem do Instagram",,Total,33098,19945,1695,50,0,11,5
18050539148444176,17841451224561717,geopaschh,"Geo Pasch","O @paulistao me desafiou a encontrar alguns estádios do estado de São Paulo! Não foi uma tarefa fácil…

Vídeo completo lá no YouTube!",52,"07/31/2025 14:05",https://www.instagram.com/reel/DMyVeFEuxdO/,"Reel do Instagram",,Total,354835,224965,11268,2445,167,298,0
18074614699802366,17841400074692954,paulistao,Paulistão,"CHEGOU A VEZ DO TRICOLOR! 👀🇾🇪
E aí, torcedor, qual jogador marcou esse gol durante o Paulistão Sicredi desse ano? Deixa aqui nos comentários! 👇
#PaulistãoSicredi #SãoPaulo",9,"07/31/2025 13:35",https://www.instagram.com/reel/DMySlrGyXvp/,"Reel do Instagram",,Total,409187,194609,9531,77,9,319,119
18077009695756654,17841400074692954,paulistao,Paulistão,"A ARTE DE CROPPAR FOTOS 📷😮‍💨
Entramos para a trend com as fotos do primeiro Derby da história da @copadobrasilcbf 🔥
#PaulistasEmCampo #Crop #Derby 
📷Diego Soares/Ag.Paulistão",0,"07/31/2025 13:00",https://www.instagram.com/p/DMyOj8RSy3_/,"Carrossel do Instagram",,Total,622377,273259,35163,857,70,119,806
18011732771600118,17841400074692954,paulistao,Paulistão,"Dump do homem que decidiu o primeiro Derby na @copadobrasilcbf!
#PaulistasEmCampo #Memphis 
📷Diego Soares/Ag. Paulistão",0,"07/31/2025 12:26",https://www.instagram.com/p/DMyKn3wy9Lo/,"Carrossel do Instagram",,Total,96587,41414,11657,86,50,40,86
18036344627665022,17841400074692954,paulistao,Paulistão,"EM BUSCA DA SEGUNDA TAÇA! 🏆👀
O primeiro confronto do Tricolor nas oitavas da @copadobrasilcbf é hoje, no MorumBIS! 🔥
#PaulistasEmCampo",0,"07/30/2025 20:05",https://www.instagram.com/p/DMwVM9lNzx8/,"Imagem do Instagram",,Total,122615,79712,7860,532,4,26,71
18070227241896002,17841400074692954,paulistao,Paulistão,"GOL ESPECIAL!
Memphis Depay marca o primeiro gol dele em clássicos paulistas. E foi logo em um Derby decisivo, hein? ⚽🔥
#PaulistasEmCampo",0,"07/30/2025 19:56",https://www.instagram.com/p/DMwZYRxRE4o/,"Imagem do Instagram",,Total,55780,33948,5494,78,0,59,37
17977220060885631,17841400074692954,paulistao,Paulistão,"TIMÃO NA FRENTE!
No primeiro Derby da @copadobrasilcbf, o @corinthians levou a melhor.
#PaulistasEmCampo
📷 Diego Soares/Ag. Paulistão",0,"07/30/2025 19:42",https://www.instagram.com/p/DMwXvwx1fwH/,"Imagem do Instagram",,Total,80687,52035,4947,443,2,103,30
18099027034596713,17841400074692954,paulistao,Paulistão,"MEEEEEEMPHIS É O NOME DELE!!! ⚫️⚪️ O Corinthians abre o placar na Neo Química Arena! #PaulistasEmCampo #Derby",58,"07/30/2025 19:19",https://www.instagram.com/reel/DMwVDQ8M02c/,"Reel do Instagram",,Total,242432,173737,16074,1651,60,143,214
18396033175136431,17841400074692954,paulistao,Paulistão,"VIBRA, HUGO! 🔥
#PaulistasEmCampo #corinthians",12,"07/30/2025 19:19",https://www.instagram.com/reel/DMwU9jmsS4e/,"Reel do Instagram",,Total,720895,514679,46779,1768,233,530,531
17911269297183391,17841400074692954,paulistao,Paulistão,"SAAAAAAALVA, WEVERTON!!! 🧤❌ #PaulistasEmCampo #Derby",10,"07/30/2025 18:03",https://www.instagram.com/reel/DMwMUnNMn86/,"Reel do Instagram",,Total,139006,80887,5779,553,15,92,75
18064626407189070,17841400074692954,paulistao,Paulistão,"VAI COMEÇAR! 🔥
É hora do primeiro #Derby na @copadobrasilcbf! #PaulistasEmCampo",27,"07/30/2025 17:31",https://www.instagram.com/reel/DMwIb75Mp4d/,"Reel do Instagram",,Total,40823,30284,1392,16,8,5,13
18052302233454984,17841400074692954,paulistao,Paulistão,"A BOLA VAI ROLAR PARA MAIS UM #DueloPaulista! ‼️🐂🇾🇪
Vem saber mais sobre o embate entre Massa Bruta e Tricolor. Quem vence em Bragança, torcedor?
#PaulistasEmCampo",47,"07/16/2025 14:00",https://www.instagram.com/reel/DMLo-pqMrum/,"Reel do Instagram",,Total,20857,13507,311,1,4,2,2
18074249911960597,17841400074692954,paulistao,Paulistão,"EMPATE NO ALLIANZ!
Um gol para cada lado no duelo paulista.
#PaulistasEmCampo
📷Cesar Greco/Palmeiras",0,"07/16/2025 17:07",https://www.instagram.com/p/DMMC6DNMzTh/,"Imagem do Instagram",,Total,37798,18252,921,31,1,22,8
18008331236784678,17841400074692954,paulistao,Paulistão,"Ponto final na quinta rodada da Copa Paulista Sicredi!
#CopaPaulistaSicredi",0,"07/16/2025 17:33",https://www.instagram.com/p/DMMF0gCMX4H/,"Imagem do Instagram",,Total,35938,17328,370,4,0,3,3
17915129328119130,17841400074692954,paulistao,Paulistão,"VAI, CORINTHIANS!
Talles Magno marca e garante a vitória do Timão contra o Ceará!
#PaulistasEmCampo
📷Rodrigo Coca/Ag. Corinthians",0,"07/16/2025 17:44",https://www.instagram.com/p/DMMHK1vsKbv/,"Imagem do Instagram",,Total,54810,28570,2605,98,0,7,13
18085926124783841,17841400074692954,paulistao,Paulistão,"SANTOS, SEMPRE SANTOS!
Com gol do Príncipe da Vila, o Peixe garante os três pontos pra cima do Flamengo.
#PaulistasEmCampo
📷Raul Baretta/Santos",0,"07/16/2025 18:08",https://www.instagram.com/p/DMMJ0tfs2zf/,"Imagem do Instagram",,Total,76901,43995,5133,295,8,64,28
18081473185855282,17841400074692954,paulistao,Paulistão,"IGUALDADE EM BRAGANÇA PAULISTA!
Em duelo de quatro gols, Red Bull Bragantino e São Paulo ficaram no empate.
#PaulistasEmCampo
📷Ari Ferreira/Red Bull Bragantino",0,"07/16/2025 19:32",https://www.instagram.com/p/DMMTguqMHRr/,"Imagem do Instagram",,Total,43866,19601,835,20,0,2,5
18075333863500662,17841400074692954,paulistao,Paulistão,"Quarta-feira finalizada para os #PaulistasEmCampo!
#FutebolPaulista",0,"07/16/2025 19:34",https://www.instagram.com/p/DMMTp07MUWH/,"Imagem do Instagram",,Total,82241,47263,3249,155,2,62,20
18073104971508423,17841400074692954,paulistao,Paulistão,"DUELO NO TOPO DO @brasileiraob!
O Tigre vai atrás dos três pontos contra o Remo na #SérieB do Campeonato Brasileiro!
#PaulistasEmCampo",0,"07/17/2025 06:00",https://www.instagram.com/p/DMNWeaqgJ13/,"Imagem do Instagram",,Total,39952,16073,406,4,0,9,2
18067019726161181,17841400074692954,paulistao,Paulistão,"No Dia do Emoji, deixa aqui qual mais representa a temporada do seu time! 🤝⁉️
#FutebolPaulista #DiaDoEmoji",0,"07/17/2025 07:00",https://www.instagram.com/p/DMNdXB_OQur/,"Imagem do Instagram",,Total,55952,21734,1033,29,0,336,12
18071168120477273,17841400074692954,paulistao,Paulistão,"HORA DO DESAFIO! ☑️👀
Você sabe os emojis que representam cada um dos meus finalistas? Deixa aqui nos comentários! 👇
#FutebolPaulista #DiaDoEmoji",0,"07/17/2025 09:00",https://www.instagram.com/p/DMNrEzRtVEF/,"Imagem do Instagram",,Total,140404,70843,3671,26,9,98,51
18001135607799244,17841400074692954,paulistao,Paulistão,"ALÔ, TORCIDA DO VERDÃO! 👀🐷
Você lembra qual jogador marcou esse gol durante a última edição do Paulistão Sicredi?
#PaulistãoSicredi #Palmeiras",17,"07/17/2025 13:00",https://www.instagram.com/reel/DMOLdPwyDTr/,"Reel do Instagram",,Total,588547,357345,25770,218,90,1479,290
17894853594260680,17841429857362439,paulistaof,"Paulistão F Petrobras","VEIO AÍ!
Datas e horários das rodadas 5 até a 9 do Paulistão Feminino Sicredi foram definidos. Confira a tabela completa no site futebolpaulista.com.br
#PaulistãoFemininoSicredi",0,"07/17/2025 14:15",https://www.instagram.com/p/DMOT9PpyQQB/,"Imagem do Instagram",,Total,81015,27772,795,41,3,3,15
18323077030228727,17841404507430689,jp_drone,"João Paulo","Obrigado pela parceria @santosfc 
-
-
🚁✅
-
@diegoguapo 
-
-
@neymarjr 
-
-
-
-
-
@santosfc 

@santoscidade
-
@pele 
-

@atribunasantos 
@santoscidade 
@neymarjr 
@neysilva 
@viveremsantoseregiao 
@melhordesantos 
@eusoudesantos 
@revistamaissantos 
@santosdicass 
@visitesantos 
@praiagrandemilgrauoficial 
@litoral.br 
@diariodolitoral 
@partiuguaruja 
@litoraldesp 
@lugaresdesantos 
@santoseregiao 
@itutingapiloes_pesm 
-
-
-
-
@oslugaresincriveisdobrasil 
@oslugaresmaisincriveisdomundo 
-

-

#saopaulocity 
#saopauloofficial 
#jornaldaorla 
#vejasp 
#ig_saopaulo 
#atribuna 
#revistanove 
#sousampa 
#sp4you 
#missãovt 
#mtur 
#guiaamosantos 
#catracalivresp 
#guiasp24h 
#drone 
#atribunasantos 
#ilovesp 
#ig_beach_brasil 
#juicysantos 
#entardecerestadao 
#eusoudesantos 
#meucliqueestadao 
#meuclicknafolha 
#turismosantos 
#melhordesantos 
#archsp 
#saopauloofficial 
#oquefazeremsampa 
#diariodolitoral 
@djiglobal @lojadji @dji_brazil",72,"07/17/2025 18:38",https://www.instagram.com/reel/DMOx36eN2PA/,"Reel do Instagram",,Total,12980,8081,491,16,1,18,0
18365683204145718,17841400074692954,paulistao,Paulistão,"TIGRE COM UM PONTO NA MALA! 🐯
O @oficialnovorizontino fica com o empate fora de casa pelo @brasileiraob!
#PaulistasEmCampo
📷 Ozzair Jr./Novorizontino",0,"07/17/2025 19:33",https://www.instagram.com/p/DMO4bZRMXfl/,"Imagem do Instagram",,Total,64569,17197,368,3,0,1,5
17862680199376521,17841400074692954,paulistao,Paulistão,"SEXTOU COM A FERROVIÁRIA!
A Locomotiva recebe o Athletic nessa noite de @brasileiraob!
#PaulistasEmCampo",0,"07/18/2025 06:00",https://www.instagram.com/p/DMP7Rl8OYlU/,"Imagem do Instagram",,Total,34570,10457,194,0,0,3,0
18101098942574162,17841400074692954,paulistao,Paulistão,"VITÓRIA DO NHÔ QUIM!
O XV de Piracicaba levou a melhor pra cima do São Bento e ficou com os três pontos na Copa Paulista Sicredi.
#CopaPaulistaSicredi
📷Mariana Kasten/XV de Piracicaba",0,"07/18/2025 18:05",https://www.instagram.com/p/DMRTJiUMXS4/,"Imagem do Instagram",,Total,45603,24502,730,20,0,10,3
18034560125444722,17841400074692954,paulistao,Paulistão,"A Ferroviária levou a virada na Arena da Fonte.
#PaulistasEmCampo
📷Luis Miguel Ferreira/Ferroviária",0,"07/18/2025 19:38",https://www.instagram.com/p/DMRdzc2MOVl/,"Imagem do Instagram",,Total,40020,21432,521,3,2,1,6
18110456155513559,17841400074692954,paulistao,Paulistão,"DE 👀 NO MAJESTOSO! 🇾🇪⚔️🦅
Sabadão de clássico Paulista: Tricolor e Timão duelam pelos três pontos no MorumBIS. Quem leva a melhor, torcedor?
#PaulistasEmCampo",0,"07/18/2025 20:05",https://www.instagram.com/p/DMRbqY_MTWw/,"Imagem do Instagram",,Total,176650,115787,8774,867,6,79,84
17934646820942307,17841400074692954,paulistao,Paulistão,"DIA DE CELEBRAR!
No #DiaNacionalDoFutebol, é dia de celebrar o esporte que nós somos Fanáticos!",0,"07/19/2025 03:00",https://www.instagram.com/p/DMSLnU9Nya9/,"Imagem do Instagram",,Total,68465,37786,1991,180,2,7,30
18073549885986995,17841400074692954,paulistao,Paulistão,"BORA PARA A 14ª RODADA!
Sábado recheado de Paulista Sub-23 Segunda Divisão Sicredi com todos os jogos AO VIVO no YouTube do @paulistao!
#Bezinha",0,"07/19/2025 04:00",https://www.instagram.com/p/DMSSR61txHt/,"Imagem do Instagram",,Total,24641,12157,127,5,0,1,1
17893046244272277,17841400074692954,paulistao,Paulistão,"PARA ABRIR O FIM DE SEMANA!
Tem clássico e trio de Duelo Paulista nesse sabadão lotado de muito Campeonato Brasileiro!
#PaulistasEmCampo",0,"07/19/2025 06:00",https://www.instagram.com/p/DMSink0zpWy/,"Imagem do Instagram",,Total,35200,20738,726,12,1,17,4
17986736126838930,17841400074692954,paulistao,Paulistão,"LEÃO E PEIXÃO EM CENA!
Mirassol e Santos entram em campo em mais um #DueloPaulista pelo @brasileirao.
#PaulistasEmCampo",0,"07/19/2025 09:00",https://www.instagram.com/p/DMS0b-HNVns/,"Imagem do Instagram",,Total,37620,22262,1164,9,0,9,6
17892594666268627,17841400074692954,paulistao,Paulistão,"O HISTÓRICO DE MIRASSOL E SANTOS! ⚔️🌟
Leão e Peixe vão em busca da vitória em mais um #DueloPaulista! E aí, torcedor, qual o seu palpite para o jogo?
#PaulistasEmCampo",62,"07/19/2025 11:00",https://www.instagram.com/reel/DMTDwvRupu8/,"Reel do Instagram",,Total,40377,23140,1512,26,1,13,30
17939518095028692,17841400074692954,paulistao,Paulistão,"Monte Azul leva gol nos acréscimos e acaba superado pelo Operário-MS.
#PaulistasEmCampo
📷Fran Zanini/Monte Azul",0,"07/19/2025 13:10",https://www.instagram.com/p/DMTWI0SRw3l/,"Imagem do Instagram",,Total,35147,20781,454,5,0,6,2
18106001782548719,17841400074692954,paulistao,Paulistão,"LUSAAAAAA!
A Portuguesa vence mais uma na Série D!
#PaulistasEmCampo
📷Renan Areias/Portuguesa",0,"07/19/2025 13:59",https://www.instagram.com/p/DMTbulUue-C/,"Imagem do Instagram",,Total,25527,15560,647,18,3,17,1
17849678538512598,17841400074692954,paulistao,Paulistão,"É DIA DE MAJESTOSO NO @brasileirao! 🇾🇪⚔️🦅
Você conhece a história do clássico entre Tricolor e Timão? Vem descobrir um pouco mais e deixa o seu palpite para esse #DueloPaulista nos comentários!
#PaulistasEmCampo",91,"07/19/2025 14:00",https://www.instagram.com/reel/DMTY6dktems/,"Reel do Instagram",,Total,23756,13634,791,89,2,26,11
18157962541369789,17841400074692954,paulistao,Paulistão,"VAI, NETUNO!
Água Santa vence o Nova iguaçu e vai para a última rodada com chances de classificação na Série D!
#PaulistasEmCampo
🎥Divulgação/Água Santa",21,"07/19/2025 14:21",https://www.instagram.com/reel/DMTeK50vHGK/,"Reel do Instagram",,Total,40591,23630,491,3,0,1,3
18085570477777039,17841400074692954,paulistao,Paulistão,"O Galo de Itu tropeçou no Novelli Junior.
#PaulistasEmCampo
📷Miguel Schincariol/Ituano",0,"07/19/2025 15:03",https://www.instagram.com/p/DMTjGWbpIqc/,"Imagem do Instagram",,Total,26784,15598,367,5,0,5,4
18075608975498077,17841400074692954,paulistao,Paulistão,"LEÃO IMPARÁVEL!
Mais uma vitória na conta da Inter de Limeira!
#PaulistasEmCampo
📷Giovanni Mendes/Uberlândia",0,"07/19/2025 15:07",https://www.instagram.com/p/DMTjiGDyxOj/,"Imagem do Instagram",,Total,33125,18746,588,16,0,6,4
18150182461352493,17841400074692954,paulistao,Paulistão,"Mais uma rodada do Paulista Sub-23 Segunda Divisão Sicredi para a conta!
#Bezinha",0,"07/19/2025 15:58",https://www.instagram.com/p/DMTpX_lPo4j/,"Imagem do Instagram",,Total,25666,14767,233,10,1,4,1
17946534977881109,17841400074692954,paulistao,Paulistão,"Cinco partidas movimentaram o sabadão de Copa Paulista Sicredi. Se liga nos resultados.
#CopaPaulistaSicredi",0,"07/19/2025 16:00",https://www.instagram.com/p/DMTpoLJPDOt/,"Imagem do Instagram",,Total,25372,14561,293,8,0,6,4
17918624034012324,17841400074692954,paulistao,Paulistão,"VITÓRIA DO LEÃO!
O Mirassol fica com os três pontos no duelo paulista!
#PaulistasEmCampo
📷JP Pinheiro/Ag. Mirassol",0,"07/19/2025 16:35",https://www.instagram.com/p/DMTtoDEMhAV/,"Imagem do Instagram",,Total,47399,27660,1534,115,1,26,6
17911760661158354,17841400074692954,paulistao,Paulistão,"QUE GOLAAAAAÇO!
Cristian arriscou da entrada da área e mandou a bola na gaveta do Santos!
#PaulistasEmCampo
🎥CazéTV",27,"07/19/2025 16:55",https://www.instagram.com/reel/DMTv3ituy0D/,"Reel do Instagram",,Total,65904,41819,1939,89,4,38,12
18272772040263312,17841400074692954,paulistao,Paulistão,"Aquele cumprimento antes da bola rolar de lei, né? 🤝
#PaulistasEmCampo",11,"07/19/2025 16:57",https://www.instagram.com/reel/DMTv1scMaAz/,"Reel do Instagram",,Total,149538,94191,10289,27,23,40,98
18075040768778110,17841400074692954,paulistao,Paulistão,"É LUCIAAANOOOOO! 
O camisa 10 abre o placar no MorumBIS ⚽️
#PaulistasEmCampo #Majestoso",19,"07/19/2025 17:35",https://www.instagram.com/reel/DMT0RGAMubK/,"Reel do Instagram",,Total,144856,95838,6988,418,24,69,78
18091451593656242,17841400074692954,paulistao,Paulistão,"VIRA VIRA DA MACACA!
Ponte Preta reverte a desvantagem e sai com a vitória no Moisés Lucarelli!
#PaulistasEmCAmpo
📷Júlio César Costa/PontePress",0,"07/19/2025 17:54",https://www.instagram.com/p/DMT2qvJMrbW/,"Imagem do Instagram",,Total,35678,21923,787,17,3,10,9
17940021627040969,17841400074692954,paulistao,Paulistão,"MAIS UM DELE!
O Luciano não deu tempo nem da adm postar o primeiro que já marcou o segundo gol! ⚽️⚽️
#PaulistasEmCampo #Majestoso",20,"07/19/2025 17:54",https://www.instagram.com/reel/DMT0vIqMAUT/,"Reel do Instagram",,Total,123735,80572,5895,247,23,62,44
17871296760393534,17841400074692954,paulistao,Paulistão,"MAJESTOSO É TRICOLOR!
Em noite de Luciano, São Paulo vence o Corinthians no MorumBIS!
#PaulistasEmCampo
📷Paulo Pinto/São Paulo",0,"07/19/2025 19:01",https://www.instagram.com/p/DMT-SjIsFt3/,"Imagem do Instagram",,Total,86311,57360,4336,471,16,80,26
18051701960385980,17841400074692954,paulistao,Paulistão,"Sabadão pra lá de agitado para os #PaulistasEmCampo. Se liga no que rolou ao longo do dia.
#FutebolPaulista",0,"07/19/2025 19:04",https://www.instagram.com/p/DMT-rbfMon8/,"Imagem do Instagram",,Total,57468,38066,1191,14,1,11,8
18017461541734709,17841400074692954,paulistao,Paulistão,"RAAFAAEELL!!
Que defesa do @goleiro_rafael 🧤
#PaulistasEmCampo #Majestoso",8,"07/19/2025 19:14",https://www.instagram.com/reel/DMT_fdusOY_/,"Reel do Instagram",,Total,380229,233448,19149,664,18,160,160
18092228494643909,17841400074692954,paulistao,Paulistão,"É LUCIANO ⭐️
O camisa 10 gosta de jogar clássico, né? 
#PaulistasEmCampo",28,"07/19/2025 20:33",https://www.instagram.com/reel/DMUIxx7sL9z/,"Reel do Instagram",,Total,72088,47275,5309,61,9,91,47
18513536623062050,17841400074692954,paulistao,Paulistão,"A BOLA VAI ROLAR!
Vem ver os confrontos desse domingo de #PaulistasEmCampo!",0,"07/20/2025 06:00",https://www.instagram.com/p/DMVErWJTm-u/,"Imagem do Instagram",,Total,20591,11602,275,1,0,3,1
17880928185357611,17841400074692954,paulistao,Paulistão,"Três partidas agitaram a Copa Paulista Sicredi neste domingo de futebol.
#CopaPaulistaSicredi",0,"07/20/2025 13:14",https://www.instagram.com/p/DMV7XCsSd4O/,"Imagem do Instagram",,Total,20234,11043,268,9,0,12,1
18037619636662176,17841400074692954,paulistao,Paulistão,"Hoje não deu para o Massa Bruta.
#PaulistasEmCampo
📷Ari Ferreira/Red Bull Bragantino",0,"07/20/2025 14:01",https://www.instagram.com/p/DMWA0T_gYdB/,"Imagem do Instagram",,Total,28628,16434,357,1,0,0,5
18371705071177998,17841400074692954,paulistao,Paulistão,"O Pantera sofreu o revés jogando no Amazonas.
#PaulistasEmCampo
📷Laiza Balieiro/Amazonas",0,"07/20/2025 14:48",https://www.instagram.com/p/DMWGJ3EPLBP/,"Imagem do Instagram",,Total,30538,18711,432,6,0,8,5
18411338716099817,17841400074692954,paulistao,Paulistão,"AVANTI, PALESTRA!
O Verdão volta a vencer no Brasileirão!
#PaulistasEmCampo
📷Cesar Greco/Palmeiras",0,"07/20/2025 15:34",https://www.instagram.com/p/DMWLYM5vSoJ/,"Imagem do Instagram",,Total,49982,31628,2930,147,1,15,19
18073676422796859,17841400074692954,paulistao,Paulistão,"É O TIGRE!
Um gol em cada tempo e mais três pontos na conta! Segura o São Bernardo!
#PaulistasEmCampo
📷Ricardo Perini/Divulgação/São Bernardo",0,"07/20/2025 17:00",https://www.instagram.com/p/DMWVRnhy5aW/,"Imagem do Instagram",,Total,29218,17466,358,12,0,3,5
17853338520484903,17841400074692954,paulistao,Paulistão,"E lá se foi mais um fim de semana de futebol com os #PaulistasEmCampo.
#FutebolPaulista",0,"07/20/2025 17:25",https://www.instagram.com/p/DMWYFM-vFET/,"Imagem do Instagram",,Total,31510,19603,391,4,0,3,6
18278407894272449,17841400074692954,paulistao,Paulistão,"SEGUNDAMOS POR AQUI!
O Bugre vai em busca dos três pontos em um duelo fora de casa na #SérieC!
#PaulistasEmCampo",0,"07/21/2025 06:00",https://www.instagram.com/p/DMXpmqJt7MX/,"Imagem do Instagram",,Total,23977,13338,315,1,0,2,1
17890337136283098,17841403734375167,sindicatodeatletas,"Sindicato de Atletas SP","Seleção dos Atletas 🏆
Paulista Segunda Divisão Sicredi – Rodada 14

Com as indicações dos capitães, a organização da premiação definiu a seleção dos onze melhores no esquema 4-3-3.

SELEÇÃO DA RODADA
⭐ GOL: Diego (Mauaense) 
⭐ LD: Samuel Felipe (Mauá) 
⭐ ZAG: Rychard (Tanabi) 
⭐ ZAG: Gabriel Hilário (Independente) 
⭐ LE: Enzo (Mauaense) 
⭐ VOL: Eduardo (Independente) 
⭐ VOL: Romarinho (Tanabi) 
⭐ MC: Allan Marques (ECUS) 
⭐ ATA: Fábio Henrique (ECUS) 
⭐ ATA: Vinicius Molina (ECUS) 
⭐ ATA: Samuel Santos (Mauá) 

#SelecaodosAtletas #SindicatodeAtletas #FPF #Futebolinterior #PaulistaSegundaDivisaoSicredi #AtletavotaemAtleta #votacao #categoria #AtletaProfissional #AtletaPaulista

🎯 MKT Digital: @digitalsportspress",0,"07/21/2025 12:42",https://www.instagram.com/p/DMYchyMT-kT/,"Imagem do Instagram",,Total,16536,11566,136,29,2,3,0
17885955174202280,17841400074692954,paulistao,Paulistão,"NAQUELE PIQUE! 
O torcedor do Tricolor vai começar a semana igual o Santo Paulo.
#PaulistasEmCampo",21,"07/21/2025 14:52",https://www.instagram.com/reel/DMYpw4CxQe0/,"Reel do Instagram",,Total,26670,17859,2328,11,7,12,27
17964615110940977,17841400074692954,paulistao,Paulistão,"LUCIANO GOLEADOR! 
O camisa 10 do Tricolor marca gol y comemora sempre de um jeito diferente ⚽️🔥
#PaulistasEmCampo",18,"07/21/2025 16:57",https://www.instagram.com/reel/DMY5rWBvOVK/,"Reel do Instagram",,Total,150186,86814,9056,221,18,61,140
18094288702627089,17841400074692954,paulistao,Paulistão,"Fora de casa, o Guarani sofre revés pela Série C.
#PaulistasEmCampo
📷 Raphael Silvestre/Guarani",0,"07/21/2025 17:32",https://www.instagram.com/p/DMY9r_rt8BW/,"Imagem do Instagram",,Total,47740,27757,1086,8,0,14,7
17973886079911339,17841400074692954,paulistao,Paulistão,"NA HISTÓRIA!
Há 74 anos, diretamente do Maracanã, o Palmeiras empatava com a Juventus e conquistava o Mundial de 1951.
#BaúDoPaulistão",0,"07/22/2025 04:00",https://www.instagram.com/p/DMaAua4ueSN/,"Carrossel do Instagram",,Total,445207,211120,21092,2159,62,2399,333
17917312578135982,17841400074692954,paulistao,Paulistão,"LOCOMOTIVA EM CAMPO!
A @afeoficial vai em busca dos três pontos no @brasileiraob.
#PaulistasEmCampo",0,"07/22/2025 06:00",https://www.instagram.com/p/DMaTXWfRpFk/,"Imagem do Instagram",,Total,22276,12167,242,3,0,2,2
18067358540159063,17841400074692954,paulistao,Paulistão,"A MELHOR CAMPANHA É DO LEÃO! 🦁💪
A @interdelimeiraoficial está voando na #SérieD do Campeonato Brasileiro!
#PaulistasEmCampo",0,"07/22/2025 13:53",https://www.instagram.com/p/DMbJcEoyJst/,"Imagem do Instagram",,Total,60086,30906,831,41,0,14,8
18133188550439227,17841400074692954,paulistao,Paulistão,"7ª RODADA NA ÁREA!
Preparados para mais uma rodada da #CopaPaulistaSicredi? Assista AO VIVO no YouTube do @paulistao e na Ulisses TV!",0,"07/22/2025 15:00",https://www.instagram.com/p/DMbMVQ0TUVr/,"Imagem do Instagram",,Total,29929,16068,334,10,2,5,5
18043817837317283,17841400074692954,paulistao,Paulistão,"Jogando fora de casa, a Ferroviária conquistou um ponto importante pelo @brasileiraob! 🤝 #PaulistasEmCampo
📷 Ferroviária",0,"07/22/2025 18:08",https://www.instagram.com/p/DMbmnsrtQpR/,"Imagem do Instagram",,Total,30866,18336,531,5,0,6,4
18090607951661445,17841400074692954,paulistao,Paulistão,"DIA CHEIO!
Não vai faltar emoção nesta quarta-feira com #PaulistasEmCampo 🔥",0,"07/23/2025 06:00",https://www.instagram.com/p/DMczHwgtADp/,"Imagem do Instagram",,Total,32259,20348,1005,19,2,5,13
18039210401364436,17841400074692954,paulistao,Paulistão,"SERÁ QUE VAI TER GOL DO TIGRINHO?
Vitor Roque JOGOU MUITO no último domingo e a adm quer saber se hoje ele vai pras redes. Para acompanhar a partida do Verdão, se liga no YouTube do @paulistao, que vai rolar NARRAÇÃO AO VIVO!
#PaulistasEmCampo",26,"07/23/2025 10:58",https://www.instagram.com/reel/DMdaHpQyqVG/,"Reel do Instagram",,Total,122835,74487,4353,44,3,40,38
18038146736382715,17841400074692954,paulistao,Paulistão,"A sexta rodada da Copa Paulista Sicredi chegou ao fim. Vamos aos resultados.
#CopaPaulistaSicredi",0,"07/23/2025 13:07",https://www.instagram.com/p/DMdo_PjOJWN/,"Imagem do Instagram",,Total,28620,17953,388,6,2,10,0
18052203122166085,17841400074692954,paulistao,Paulistão,"ÍDOLO! ⚫️⚪️
Antes da bola rolar, Cássio cumprimentou todo o time do Corinthians! 🥹 #PaulistasEmCampo",64,"07/23/2025 15:33",https://www.instagram.com/reel/DMd5l0DMKFL/,"Reel do Instagram",,Total,722272,436432,62816,1141,437,493,859
18100820359577298,17841400074692954,paulistao,Paulistão,"MORDE, TIGRE!
No duelo do G4, Novorizontino faz o dever de casa e vence o líder da Série B!
#PaulistasEmCampo
📷Higor Basso/Novorizontino",0,"07/23/2025 17:07",https://www.instagram.com/p/DMeEcMyMehl/,"Imagem do Instagram",,Total,21166,12210,407,4,0,4,1
18132834706433345,17841400074692954,paulistao,Paulistão,"O MARACA É VERDE!
Palmeiras vira pra cima do Fluminense e embala a segunda vitória seguida no Brasileirão!
#PaulistasEmCampo
📷Cesar Greco/Palmeiras",0,"07/23/2025 17:09",https://www.instagram.com/p/DMeEq2zsQmp/,"Imagem do Instagram",,Total,39999,25991,2473,123,0,14,13
17871495966307176,17841400074692954,paulistao,Paulistão,"O LEÃO É GIGANTE!
Mirassol domina no Castelão e coloca mais três pontos na conta!
#PaulistasEmCampo
📷Iago Ferreira/Divulgação/Mirassol",0,"07/23/2025 17:11",https://www.instagram.com/p/DMeE5kHsS3F/,"Imagem do Instagram",,Total,24515,14181,811,26,0,17,1
17899782900244839,17841400074692954,paulistao,Paulistão,"PLACAR ZERADO!
Nada de gols na Neo Química Arena.
#PaulistasEmCampo
📷Marco Galvão/Cruzeiro",0,"07/23/2025 17:33",https://www.instagram.com/p/DMeHaF6M9KU/,"Imagem do Instagram",,Total,26890,15233,841,16,0,8,5
18081604150881891,17841400074692954,paulistao,Paulistão,"Na abertura da sétima rodada, o Monte Azul levou a melhor pra cima do Araçatuba.
#CopaPaulistaSicredi
📷Gabriel Rocha/Araçatuba",0,"07/23/2025 18:09",https://www.instagram.com/p/DMeLkSXMJR8/,"Imagem do Instagram",,Total,32256,19116,385,21,0,15,3
18088693276707999,17841400074692954,paulistao,Paulistão,"“OBRIGADO POR TUDO!” 👏👏👏
Cássio agradeceu o carinho da Fiel no reencontro dele com seu ex-clube! #PaulistasEmCampo",13,"07/23/2025 18:17",https://www.instagram.com/reel/DMeMS40sc7I/,"Reel do Instagram",,Total,234231,144726,13424,119,18,76,151
18518980321017118,17841400074692954,paulistao,Paulistão,"Red Bull Bragantino leva a virada e acaba superado pelo Flamengo.
#PaulistasEmCampo
📷Ari Ferreira/Red Bull Bragantino",0,"07/23/2025 19:28",https://www.instagram.com/p/DMeUiEpM_lI/,"Imagem do Instagram",,Total,25890,14798,416,6,0,3,3
18046368170560782,17841400074692954,paulistao,Paulistão,"Santos luta até o fim, mas não consegue buscar o resultado contra o Internacional.
#PaulistasEmCampo
📷Ricardo Duarte/Internacional",0,"07/23/2025 19:29",https://www.instagram.com/p/DMeUs41MJ6-/,"Imagem do Instagram",,Total,27074,15215,668,24,0,19,1
17915450958117866,17841400074692954,paulistao,Paulistão,"E é assim que termina mais uma quarta-feira de #PaulistasEmCampo. Se liga nos resultados.
#FutebolPaulista",0,"07/23/2025 19:31",https://www.instagram.com/p/DMeU7T3ssOj/,"Imagem do Instagram",,Total,43332,29193,747,15,3,9,7
18084978712695611,17841400074692954,paulistao,Paulistão,"DOSE DUPLA DE TRICOLORES!
Enquanto o @saopaulofc visita o Juventude pelo @brasileirao, o @botafogosp recebe o Criciúma no @brasileiraob.
#PaulistasEmCampo",0,"07/24/2025 06:00",https://www.instagram.com/p/DMfYIbsOsd-/,"Imagem do Instagram",,Total,24834,14576,870,6,0,3,7
18065255930187499,17841400074692954,paulistao,Paulistão,"TRI-CO-LOOOOOR!
Luciano marca e garante mais uma vitória do São Paulo no Brasileirão!
#PaulistasEmCampo
📷Rubens Chiri/São Paulo",0,"07/24/2025 17:03",https://www.instagram.com/p/DMgoxoSNqDU/,"Imagem do Instagram",,Total,27450,15833,1531,32,0,11,6
17914642062140992,17841400074692954,paulistao,Paulistão,"Hoje não deu para o Pantera.
#PaulistasEmCampo
📷João Victor Menezes de Souza/Ag. Botafogo",0,"07/24/2025 17:17",https://www.instagram.com/p/DMgqYSNt7vp/,"Imagem do Instagram",,Total,20878,11636,307,3,0,0,2
18073662712958727,17841400074692954,paulistao,Paulistão,"TÁ NA REDE! 🔥
Pega só o golaço que garantiu a vitória do Tricolor!
#PaulistasEmCampo
🎥Divulgação/São Paulo",13,"07/24/2025 17:19",https://www.instagram.com/reel/DMgqj8MhloV/,"Reel do Instagram",,Total,82636,50802,3940,51,8,23,19
18084130786878628,17841400074692954,paulistao,Paulistão,"Ponto final na quinta-feira.
#PaulistasEmCampo",0,"07/24/2025 17:41",https://www.instagram.com/p/DMgtFilvecv/,"Imagem do Instagram",,Total,22317,12952,359,2,0,5,7
18287882623266862,17841400074692954,paulistao,Paulistão,"PRA FICAR DE OLHO!
Vem cá, torcedor, conferir o que o Netuno precisa para se classificar para a próxima fase da Série D.
#PaulistasEmCampo",0,"07/25/2025 10:30",https://www.instagram.com/p/DMibef8T6B8/,"Imagem do Instagram",,Total,59249,33224,1338,8,1,9,13
18355239520153851,17841400074692954,paulistao,Paulistão,"CONHECE O PROFESSOR!
O Luciano tá jogando MUITO com o Crespo - e essa parceria dos dois já é de outras datas...
#PaulistasEmCampo #SãoPaulo",0,"07/25/2025 11:30",https://www.instagram.com/p/DMiirJPtcT2/,"Imagem do Instagram",,Total,146305,86525,12849,56,12,49,108
18137711044421457,17841400074692954,paulistao,Paulistão,"QUE ESTREIA DO @_franciscodacosta NO LEÃO! ⚽🔥
O novo atacante do Mirassol já mostrou para o que veio!
#PaulistasEmCampo #Mirassol",0,"07/25/2025 13:00",https://www.instagram.com/p/DMit_irUnB0/,"Imagem do Instagram",,Total,59073,34881,1559,24,1,9,12
17970138929920977,17841400074692954,paulistao,Paulistão,"VEIO A PARTE 2!
A gente sabe que não falta camisa histórica no #FutebolPaulista, então lançamos mais algumas aqui...👀🔥",0,"07/25/2025 14:30",https://www.instagram.com/p/DMi3WKgzBK_/,"Carrossel do Instagram",,Total,197507,102876,3660,176,25,55,79
17979890897728372,17841400074692954,paulistao,Paulistão,"AGENDA CHEIA! 🤝🤩
Os Paulistas estão lotados de compromissos nesse sabadão de Campeonato Brasileiro! 
#PaulistasEmCampo",0,"07/26/2025 06:00",https://www.instagram.com/p/DMkhpecsMqB/,"Imagem do Instagram",,Total,31734,18330,762,7,3,5,15
17969034581942546,17841426429471156,fpf_oficial,"Federação Paulista de Futebol","DOSE DUPLA NA BEZINHA!
A 15ª rodada do Paulista Sub-23 Segunda Divisão segue a todo vapor!
#Bezinha",0,"07/26/2025 06:00",https://www.instagram.com/p/DMkmi5Mx1Jc/,"Imagem do Instagram",,Total,17731,7662,121,3,0,2,0
17974070654904089,17841400074692954,paulistao,Paulistão,"VITÓRIA DO AMA!
Na despedida da Série D, o Monte Azul leva a melhor pra cima do Itabirito.
#PaulistasEmCampo
📷Leo Rodrigues/Itabirito",0,"07/26/2025 13:59",https://www.instagram.com/p/DMldSmRA_gx/,"Imagem do Instagram",,Total,30243,18583,384,18,0,0,0
17925292086069135,17841400074692954,paulistao,Paulistão,"É A LUSA, NÃO TEM JEITO!
Três gols e três pontos pra equipe do Canindé!
#PaulistasEmCampo
📷Divulgação/Portuguesa",0,"07/26/2025 14:00",https://www.instagram.com/p/DMldbFERiUE/,"Imagem do Instagram",,Total,26282,16688,801,6,2,12,0
17866331916351187,17841400074692954,paulistao,Paulistão,"Pela última rodada da Série D, a Inter de Limeira é superada em casa.
#PaulistasEmCampo
📷Welton Neves/Arquivo/Inter de Limeira",0,"07/26/2025 14:06",https://www.instagram.com/p/DMleGmkBYm_/,"Imagem do Instagram",,Total,41910,24721,678,5,0,6,6
17855262978475145,17841400074692954,paulistao,Paulistão,"VAI, NETUNO!
O Água Santa está na segunda fase da Série D!
#PaulistasEmCampo
🎥Divulgação/Água Santa",18,"07/26/2025 14:22",https://www.instagram.com/reel/DMlf4YcgjyH/,"Reel do Instagram",,Total,47683,30938,694,8,0,3,4
18233991925295807,17841400074692954,paulistao,Paulistão,"O Guarani tropeçou no Brinco de Ouro.
#PaulistasEmCampo
🎥Raphael Silvestre/Guarani",0,"07/26/2025 14:57",https://www.instagram.com/p/DMlj_C6uD9S/,"Imagem do Instagram",,Total,28389,16449,599,5,0,27,3
17934227382064654,17841400074692954,paulistao,Paulistão,"TÁ LÁ!
O Tanabi é o primeiro semifinalista do Paulista Sub-23 Segunda Divisão Sicredi!
#Bezinha",0,"07/26/2025 15:28",https://www.instagram.com/p/DMlngQWOwm-/,"Imagem do Instagram",,Total,77296,42102,1072,38,1,9,6
18072208226056190,17841400074692954,paulistao,Paulistão,"QUE VENHA A SEGUNDA FASE!
Portuguesa e Água Santa já conheceram os adversários na sequencia da Série D! A Lusa pega o Mixto-MT, enquanto o Netuno mede forças com o Ceilândia-DF.
#PaulistasEmCampo",0,"07/26/2025 15:37",https://www.instagram.com/p/DMloj_5TW9H/,"Imagem do Instagram",,Total,30254,17777,863,70,1,36,7
17849360337519195,17841400074692954,paulistao,Paulistão,"Se liga só no sabadão de Copa Paulista Sicredi.
#CopaPaulistaSicredi
📷Divulgação/Clubes",0,"07/26/2025 15:53",https://www.instagram.com/p/DMlqUniy73l/,"Carrossel do Instagram",,Total,65457,31795,1064,25,3,13,9
18091533898644642,17841415359569078,gremioprudenteoficial,"Grêmio Prudente","Alô, @paulistao?! 📞😆

Estamos classificados! O Grêmio Prudente garantido na próxima fase da Copa Paulista! 

Voa, Carcará! 🦅🇳🇱

🎥 @muriloaguilaar 

#umtimeprachamardenosso 
#gremioprudente
#copapaulista",39,"07/26/2025 16:30",https://www.instagram.com/reel/DMluaQOxJO8/,"Reel do Instagram",,Total,98510,56436,3153,82,35,41,0
17849601459516770,17841400074692954,paulistao,Paulistão,"TUDO IGUAL!
Empate de alvinegros no Nilton Santos.
#PaulistasEmCampo
📷Vítor Silva/Botafogo",0,"07/26/2025 16:34",https://www.instagram.com/p/DMlvBcHM3mW/,"Imagem do Instagram",,Total,33866,20019,1459,5,0,21,3
17860346901451707,17841400074692954,paulistao,Paulistão,"EMPATE EM CASA!
Igualdade no placar para Mirassol e Vitória.
#PaulistasEmCampo
📷Victor Ferreira/Vitória",0,"07/26/2025 16:36",https://www.instagram.com/p/DMlvPWAhfa5/,"Imagem do Instagram",,Total,21685,12403,388,9,0,3,0
18107785660531127,17841400074692954,paulistao,Paulistão,"Hoje não deu pro Massa Bruta.
#PaulistasEmCampo
📷Ari Ferreira/Red Bull Bragantino",0,"07/26/2025 16:37",https://www.instagram.com/p/DMlvYntNr7A/,"Imagem do Instagram",,Total,22842,12532,384,3,0,2,0
18052364333411746,17841400074692954,paulistao,Paulistão,"PEIXÃO BUSCOU!
Mesmo com um a menos, Santos luta até o fim e busca o empate na Ilha do Retiro.
#PaulistasEmCampo
📷Paulo Paiva/Sport",0,"07/26/2025 16:38",https://www.instagram.com/p/DMlvh-hOFnB/,"Imagem do Instagram",,Total,37262,21330,1246,18,0,26,7
18058083665524124,17841400074692954,paulistao,Paulistão,"ZERADO!
A rede não balançou em Araraquara.
#PaulistasEmCampo
📷Luis Miguel Ferreira/Ferroviária",0,"07/26/2025 16:42",https://www.instagram.com/p/DMlv-yGv8Dd/,"Imagem do Instagram",,Total,20256,11214,226,6,0,3,0
17924389665098661,17841400074692954,paulistao,Paulistão,"VENCE Y VENCE!
Palmeiras define o placar logo no começo e embala a terceira vitória seguida no Brasileirão!
#PaulistasEmCampo
📷Cesar Greco/Palmeiras",0,"07/26/2025 18:54",https://www.instagram.com/p/DMl_HZhsRF6/,"Imagem do Instagram",,Total,92263,65171,5600,409,3,38,46
17903805417216107,17841400074692954,paulistao,Paulistão,"Uma sabadão de MUITO futebol. Se liga no que rolou ao longo do dia.
#PaulistasEmCampo",0,"07/26/2025 18:56",https://www.instagram.com/p/DMl_TRGsWSr/,"Imagem do Instagram",,Total,63774,42229,1306,6,11,7,17
18515839969037742,17841400074692954,paulistao,Paulistão,"DOMINGÃO ABC! ⚽🔥
Cinco jogos de três divisões para você assistir nesse domingo!
#PaulistasEmCampo",0,"07/27/2025 06:00",https://www.instagram.com/p/DMnGRhUPvUa/,"Imagem do Instagram",,Total,23899,14072,429,1,0,3,3
18396630856140491,17841400074692954,paulistao,Paulistão,"PENULTIMA RODADA! ✅
Com o Tanabi garantindo a classificação antecipada para a semifinal, foi assim que terminou mais uma rodada do Paulista Sub-23 Segunda Divisão Sicredi!
#Bezinha",0,"07/27/2025 11:04",https://www.instagram.com/p/DMnuHFYz_y1/,"Imagem do Instagram",,Total,28615,15616,266,5,0,1,4
18084127318660840,17841400074692954,paulistao,Paulistão,"DEU AZULÃO!
No único jogo deste domingo de Copa Paulista Sicredi, o São Caetano ficou com a vitória pra cima do São José!
#CopaPaulistaSicredi
📷Carlos Henrique/São José",0,"07/27/2025 14:04",https://www.instagram.com/p/DMoCsWkuow0/,"Imagem do Instagram",,Total,27539,16473,405,15,1,46,2
17894834817143171,17841400074692954,paulistao,Paulistão,"SALVE O TRICOLOR PAULISTA!
O São Paulo faz o dever de casa e soma os três pontos contra o Fluminense.
#PaulistasEmCampo
📷Rubens Chiri/São Paulo",0,"07/27/2025 14:09",https://www.instagram.com/p/DMoDSvpvj4k/,"Imagem do Instagram",,Total,44043,27728,3161,73,1,29,15
17968744673927983,17841400074692954,paulistao,Paulistão,"SP ⚔️ SC!
Dona de uma das melhores campanhas da Série D, a Inter de Limeira terá o Marcílio Dias como adversário na próxima fase da competição!
#PaulistasEmCampo",0,"07/27/2025 14:14",https://www.instagram.com/p/DMoD1RjJu1D/,"Imagem do Instagram",,Total,22584,13479,323,6,0,17,2
18070725230026528,17841400074692954,paulistao,Paulistão,"Ponte Preta sofre gol no último lance e acaba superada pelo Caxias.
#PaulistasEmCampo
📷Luis Felipe Amorin/Divulgação/Ponte Preta",0,"07/27/2025 14:35",https://www.instagram.com/p/DMoGNBAN0D-/,"Imagem do Instagram",,Total,26230,15366,468,5,0,22,5
18378492994124878,17841400074692954,paulistao,Paulistão,"O Galo de Itu volta do Sergipe sem conseguir pontuar.
#PaulistasEmCampo
📷Miguel Schincariol/Arquivo/Ituano",0,"07/27/2025 14:47",https://www.instagram.com/p/DMoHpSbsOd0/,"Imagem do Instagram",,Total,29584,17688,654,5,0,2,7
18291177493265372,17841400074692954,paulistao,Paulistão,"BUSCOU!
São Bernardo sai atrás, mas consegue buscar o empate em casa.
#PaulistasEmCampo
📷 Janes Carvalho/Divulgação/São Bernardo",0,"07/27/2025 17:06",https://www.instagram.com/p/DMoXeKvM8UG/,"Imagem do Instagram",,Total,23597,13951,284,8,0,0,0
18149368174394699,17841400074692954,paulistao,Paulistão,"Em dia de vitória Tricolor, foi assim que terminou o domingo de #PaulistasEmCampo.
#FutebolPaulista",0,"07/27/2025 17:08",https://www.instagram.com/p/DMoXswbM8xG/,"Imagem do Instagram",,Total,34889,22860,744,9,0,4,5
18093019696562037,17841400074692954,paulistao,Paulistão,"PARA COMEÇAR A SEMANA!
O @botafogosp visita o Avaí pelo @brasileiraob.
#PaulistasEmCampo",0,"07/28/2025 07:24",https://www.instagram.com/p/DMp5vaVMJTY/,"Imagem do Instagram",,Total,18354,10941,200,2,0,0,1
18052288778175805,17841467312227297,fpfacademia,"FPF Academia","Uma nova fase começa hoje!
@fpfacademia. 𝗔 𝗲𝘀𝗰𝗼𝗹𝗮 𝗱𝗲 𝗾𝘂𝗲𝗺 𝗳𝗮𝘇 𝗳𝘂𝘁𝗲𝗯𝗼𝗹 ⚽ 📚

#FPFAcademia #Futebol #FutebolPaulista #FPF",57,"07/28/2025 11:34",https://www.instagram.com/reel/DMqV9zry7zi/,"Reel do Instagram",,Total,165906,109009,3328,62,849,66,0
18036128786427547,17841467312227297,fpfacademia,"FPF Academia","Desde 2016, a @fpfacademia tem compromisso firmado com a capacitação dos clubes e profissionais que fazem o futebol acontecer. Somos a escola de quem acredita na educação como agente transformador do esporte. E transformação na prática! 💪

FPF Academia. A escola de quem faz futebol ⚽ 📚

#FPFAcademia #Futebol #FutebolPaulista #FPF",0,"07/28/2025 12:18",https://www.instagram.com/p/DMqbWPRSK2h/,"Carrossel do Instagram",,Total,100512,51192,531,13,207,7,0
17845675566537545,17841400074692954,paulistao,Paulistão,"VITÓRIA DO OESTE!
O Rubrão venceu a Portuguesa Santista na 7ª rodada da #CopaPaulistaSicredi! 
📷 João Jardim/Ag. Briosa",0,"07/28/2025 17:03",https://www.instagram.com/p/DMq76e6z3VQ/,"Imagem do Instagram",,Total,32177,20055,428,10,0,3,1
18314749027213165,17841400074692954,paulistao,Paulistão,"VITÓRIA DO FANTASMA! 👻
O Primavera venceu o Guarani por 3 a 0 na #CopaPaulistaSicredi!
📷 Rodrigo Menezes/Primavera SAF",0,"07/28/2025 17:05",https://www.instagram.com/p/DMq8Md3z697/,"Imagem do Instagram",,Total,56036,34559,1057,42,3,28,5
18113323135504669,17841400074692954,paulistao,Paulistão,"Fim de mais um dia de #CopaPaulistaSicredi, com vitórias do Oeste e do Primavera! 👏👏",0,"07/28/2025 17:07",https://www.instagram.com/p/DMq8ZhPzHSK/,"Imagem do Instagram",,Total,26431,15754,373,9,0,3,1
18050198144208591,17841400074692954,paulistao,Paulistão,"Não deu pro Botafogo no @brasileiraob 🥺 #PaulistasEmCampo
📷 João Victor Menezes de Souza/Arquivo/Agência Botafogo",0,"07/28/2025 17:19",https://www.instagram.com/p/DMq9y6hu-KQ/,"Imagem do Instagram",,Total,45053,26817,1068,27,0,8,4
18106278196548438,17841400074692954,paulistao,Paulistão,"PRA CIMA, MASSA BRUTA! 🐂🔥
O @redbullbragantino visita o Botafogo-RJ para sair na frente na disputa da @copadobrasilcbf!
#PaulistasEmCampo",0,"07/28/2025 20:05",https://www.instagram.com/p/DMrLnLfNSlT/,"Imagem do Instagram",,Total,28613,17084,508,2,0,5,6
18097662946716301,17841400074692954,paulistao,Paulistão,"EM CASA É OUTRA HISTÓRIA 🏟️🐷
Com a vitória sobre o Grêmio, o @palmeiras chegou a 300 triunfos em seus domínios na história do @brasileirao. 
#PaulistasEmCampo",0,"07/29/2025 10:50",https://www.instagram.com/p/DMs2CrbvRv7/,"Imagem do Instagram",,Total,29944,17588,1184,17,0,9,17
18180579028330221,17841400074692954,paulistao,Paulistão,"VAI COMEÇAR MAIS UMA!
Vem conferir os confrontos da 8ª rodada da #CopaPaulistaSicredi!",0,"07/29/2025 15:00",https://www.instagram.com/p/DMtNrKa1BCX/,"Imagem do Instagram",,Total,26508,15592,371,9,2,6,1
18076979696495560,17841400074692954,paulistao,Paulistão,"O Red Bull Bragantino sofreu a derrota pelo primeiro jogo das oitavas da @copadobrasilcbf.
#PaulistasEmCampo
📷Ari Ferreira/Red Bull Bragantino",0,"07/29/2025 16:59",https://www.instagram.com/p/DMtgUzIR7ns/,"Imagem do Instagram",,Total,21696,12191,369,1,0,2,2
17961436724955800,17841400074692954,paulistao,Paulistão,"EMPATE NO MAJOR JOSÉ LEVY SOBRINHO!
Inter de Limeira e Francana fizeram um gol cada e empataram pela 7ª rodada da #CopaPaulistaSicredi!
📷Divulgação/Inter de Limeira",0,"07/29/2025 17:26",https://www.instagram.com/p/DMtjaXDxCY5/,"Imagem do Instagram",,Total,23330,13371,286,6,0,2,2
18514170781029869,17841400074692954,paulistao,Paulistão,"É DIA DE DERBY INÉDITO NA @copadobrasilcbf! 🤩 ‼️
A bola vai rolar para Corinthians e Palmeiras na Neo Química Arena na noite dessa quarta-feira!
#PaulistasEmCampo #Corinthians #Palmeiras",0,"07/29/2025 20:05",https://www.instagram.com/p/DMtwgRyRAFJ/,"Imagem do Instagram",,Total,156385,104157,8889,703,9,87,88
18058338935076297,17841400074692954,paulistao,Paulistão,"O ANO COM MAIS DERBYS NO SÉCULO! 😱🔥
Em 2025, serão disputados SETE confrontos entre Palmeiras e Corinthians. Vem ver quais já rolaram e quais ainda estão por vir! 👀
#PaulistasEmCampo #Derby",75,"07/30/2025 06:00",https://www.instagram.com/reel/DMu5u1dyLIF/,"Reel do Instagram",,Total,116929,67985,4777,52,9,69,65
17929383524964905,17841400074692954,paulistao,Paulistão,"É DERBY QUE NÃO ACABA MAIS! 🦅🤝🐷
Corinthians e Palmeiras tem uma semana recheada de encontros importantes! Tem @copadobrasilcbf, @paulistaofeminino e @brfeminino Sub-20! E aí, torcedor, quem leva a melhor nos clássicos?
#PaulistasEmCampo #PaulistãoFemininoSicredi #Corinthians #Palmeiras",0,"07/30/2025 09:00",https://www.instagram.com/p/DMvJKMgOGzv/,"Imagem do Instagram",,Total,203677,128639,11498,474,3,40,196
18052719431529912,17841400074692954,paulistao,Paulistão,"REFORÇO NO PANTERA! 🤩⚽
O segundo maior goleador do @brasileiraob, Léo Gamalho é o novo atacante do @botafogosp! 
#PaulistasEmCampo",0,"07/30/2025 10:26",https://www.instagram.com/p/DMvYJmas5lr/,"Imagem do Instagram",,Total,56424,36835,911,32,0,10,7
18410124847108332,17841400074692954,paulistao,Paulistão,"MAYKE É DO PEIXÃO!
Tetracampeão do Paulistão Sicredi, o lateral foi anunciado pelo Santos com contrato válido até o fim de 2027.
📷Raul Baretta/Santos FC",0,"07/30/2025 14:42",https://www.instagram.com/p/DMv1cRzu3FB/,"Carrossel do Instagram",,Total,85969,34391,4335,66,4,30,10
18311484607213485,17841400074692954,paulistao,Paulistão,"A RECEPÇÃO TÁ PRONTA! 🦅🔥
A Fiel já está mais que preparada para o Derby dessa noite!
#PaulistasEmCampo #Derby",34,"07/30/2025 15:22",https://www.instagram.com/reel/DMv5wbdyBxP/,"Reel do Instagram",,Total,308539,217203,22291,2659,31,283,489
18076898107756621,17841400074692954,paulistao,Paulistão,"O POROPOPÓ PRÉ-DERBY! 🦅🔥😮‍💨
#PaulistasEmCampo #Corinthians #Derby",32,"07/30/2025 15:51",https://www.instagram.com/reel/DMv9LfTMIHC/,"Reel do Instagram",,Total,163866,123245,12324,1234,42,81,241
17848024275531754,17841400074692954,paulistao,Paulistão,"O ônibus do Timão chegou com muita festa! É noite de decisão! ⚫️⚪️ #PaulistasEmCampo #Derby",40,"07/30/2025 15:52",https://www.instagram.com/reel/DMv864vsH6T/,"Reel do Instagram",,Total,233588,149279,16376,532,49,263,221
17904963585089582,17841400074692954,paulistao,Paulistão,"CLIMA DE DECISÃO! 🔥😱
O primeiro confronto entre Palmeiras e Corinthians na @copadobrasilcbf vai rolar e a Fiel já começou a festa! 
#PaulistasEmCampo #Derby",40,"07/30/2025 16:25",https://www.instagram.com/reel/DMwAsfxM1Jr/,"Reel do Instagram",,Total,123574,87187,8303,698,8,84,215
18238550683292636,17841400074692954,paulistao,Paulistão,"1️⃣5️⃣ ANOS DA @copadobrasilcbf DO TIMÃO! 🦅🏆
Chegou a hora de relembrar essa conquista do @corinthians! Saudades, torcedor?
#BaúDoPaulistão #PaulistasEmCampo #CopaDoBrasil",0,"07/01/2025 06:00",https://www.instagram.com/p/DLkJq8At0lR/,"Imagem do Instagram",,Total,104838,70764,6753,161,7,127,98
18283326904254088,17841400074692954,paulistao,Paulistão,"TUDO IGUAL!
Na abertura da sexta rodada da Copa Paulista Sicredi, Monte Azul e Grêmio Prudente ficaram no empate.
#CopaPaulistaSicredi
📷Fran Zanini/Monte Azul",0,"07/16/2025 13:33",https://www.instagram.com/p/DMLqX8VuGm4/,"Imagem do Instagram",,Total,37372,20180,324,12,0,0,1
17943679643895553,17841400074692954,paulistao,Paulistão,"DIRETO DE BRAGANÇA PAULISTA!
Vai rolar mais um #DueloPaulista nesta quarta-feira. Quem vai levar a melhor entre o Massa Bruta e o Tricolor?
#PaulistasEmCampo",0,"07/16/2025 13:00",https://www.instagram.com/p/DMLhvMlNBDG/,"Imagem do Instagram",,Total,38603,20268,777,9,0,4,3
18145329124392593,17841400074692954,paulistao,Paulistão,"VOCÊ CONHECE O HISTÓRICO DO CONFRONTO ENTRE PALMEIRAS E MIRASSOL? 👀🐷🦁
É dia de Verdão e Leão se enfrentarem em busca da vitória no @brasileirao. E aí, quem leva a melhor no #DueloPaulista de hoje?
#PaulistasEmCampo",49,"07/16/2025 12:00",https://www.instagram.com/reel/DMLbOxUSz50/,"Reel do Instagram",,Total,39471,20985,1148,8,3,6,20
18070673666076353,17841400074692954,paulistao,Paulistão,"VERDÃO DE VOLTA COM DUELO PAULISTA! 🐷⚔️🦁
O Palmeiras reencontra a torcida alviverde no Allianz Parque, em busca dos três pontos contra o Leão no @brasileirao!
#PaulistasEmCampo",0,"07/16/2025 11:00",https://www.instagram.com/p/DMLT_6WNLRc/,"Imagem do Instagram",,Total,62319,37413,3296,105,1,11,21
17924765777980283,17841408376344663,libertadoresbr,"CONMEBOL Libertadores","💪🐷 Um tricampeão, especialista da #GloriaEterna! É a Sociedade Esportiva @Palmeiras 💚🤍",5,"07/16/2025 07:00",https://www.instagram.com/reel/DMK9X8rSnXc/,"Reel do Instagram",,Total,684733,456963,11544,256,15,204,0
17933212734052055,17841400074692954,paulistao,Paulistão,"QUARTA DE JOGAÇOS! 
Com Duelo Paulista em dose dupla, a quarta-feira tá recheada de #PaulistasEmCampo!",0,"07/16/2025 06:00",https://www.instagram.com/p/DMKxkwFv6-i/,"Imagem do Instagram",,Total,41016,23565,1262,80,2,14,15
18055517654527411,17841400074692954,paulistao,Paulistão,"VAI COMEÇAR MAIS UMA!
A sexta rodada da Copa Paulista Siredi chegou! Vem ver os confrontos. 
#CopaPaulistaSicredi",0,"07/15/2025 16:00",https://www.instagram.com/p/DMJRkQZuFlB/,"Imagem do Instagram",,Total,33952,17927,363,11,0,1,4
18359938273148595,17841403734375167,sindicatodeatletas,"Sindicato de Atletas SP","Seleção dos Atletas 🏆
Paulista Segunda Divisão Sicredi – Rodada 13

Com as indicações dos capitães, a organização da premiação definiu a seleção dos onze melhores no esquema 4-4-2.

SELEÇÃO DA RODADA
⭐ GOL: Diego Santos (Mauaense)
⭐ LD: André (Mauaense)
⭐ ZAG: Rychard (Tanabi)
⭐ ZAG: Taylor (Mauá)
⭐ LE: Gabriel Willians (ECUS)
⭐ VOL: Gregório (Tanabi)
⭐ VOL: Clenisson (Assisense)
⭐ MC: Denilson (Mauá)
⭐ MC: Foguinho (Assisense)
⭐ ATA: Kauan Cordeiro (Ecus)
⭐ ATA: Kaynan (Mauá)

#SelecaodosAtletas #SindicatodeAtletas #FPF #Futebolinterior #PaulistaSegundaDivisaoSicredi #AtletavotaemAtleta #votacao #categoria #AtletaProfissional #AtletaPaulista

🎯 MKT Digital: @digitalsportspress",0,"07/15/2025 09:09",https://www.instagram.com/p/DMInU_-T4sL/,"Imagem do Instagram",,Total,22761,17648,179,29,7,2,0
17888389851179958,17841400074692954,paulistao,Paulistão,"Empate sem gols pra Botafogo x Volta Redonda, pelo @brasileiraob! #PaulistasEmCampo
📷 João Victor Menezes/Agência Botafogo",0,"07/14/2025 19:35",https://www.instagram.com/p/DMHKQs6NkWE/,"Imagem do Instagram",,Total,31826,17613,310,7,0,0,4
18073342621950116,17841400074692954,paulistao,Paulistão,"Fim de mais um dia de #CopaPaulistaSicredi! 🤝",0,"07/14/2025 17:08",https://www.instagram.com/p/DMG5cqlx-yc/,"Imagem do Instagram",,Total,23475,12335,203,4,0,1,0
18030182603488147,17841400074692954,paulistao,Paulistão,"MAIS 3 PONTOS PRO RAMALHÃO! 🔥
O Santo André levou a melhor pra cima do Oeste na #CopaPaulistaSicredi!
📷 Victor Bessa/Divulgação/Santo André",0,"07/14/2025 17:05",https://www.instagram.com/p/DMG5HLERJcS/,"Imagem do Instagram",,Total,45226,26824,609,23,0,5,3
18056936015524554,17841400074692954,paulistao,Paulistão,"VITÓRIA DO BUGRE! 🤩
O Guarani venceu o Rio Branco na 5ª rodada da #CopaPaulistaSicredi!
📷 Raphael Silvestre/GuaraniFC",0,"07/14/2025 17:00",https://www.instagram.com/p/DMG4irERAKn/,"Imagem do Instagram",,Total,40583,24739,836,7,2,2,7
18060192617248688,17841400074692954,paulistao,Paulistão,"""UM GRANDE PASSO!"" 🐷🆕
O novo reforço do Verdão, @ramon.sosa17 falou sobre sua chegada ao Palmeiras!
#PaulistasEmCampo #Palmeiras",0,"07/14/2025 16:00",https://www.instagram.com/p/DMGs2lnJP3T/,"Imagem do Instagram",,Total,74145,47130,3028,25,1,34,18
18096274057620157,17841400074692954,paulistao,Paulistão,"VOCÊ SABE, TORCEDOR? 🏃⁉️
E aí, quem marcou esse gol do Massa Bruta na última edição do Paulistão Sicredi? Deixa aqui nos comentários! 
#PaulistãoSicredi #RedBullBragantino",13,"07/14/2025 13:55",https://www.instagram.com/reel/DMGjSxmPuzz/,"Reel do Instagram",,Total,123730,80887,1223,5,4,37,17
17846941533521582,17841400074692954,paulistao,Paulistão,"CAMISAS DE PESO...
O que não falta no #FutebolPaulista são jogadores e camisas históricas, né? Faltou alguém nessa lista?",0,"07/14/2025 12:36",https://www.instagram.com/p/DMGaT-vR35a/,"Carrossel do Instagram",,Total,165478,77280,5121,194,19,58,110
18063376630958819,17841400074692954,paulistao,Paulistão,"PRA COMEÇAR A SEMANA!
Hoje tem Pantera em campo pelo @brasileiraob.
#PaulistasEmCampo",0,"07/14/2025 08:06",https://www.instagram.com/p/DMF7XZRv4Dk/,"Imagem do Instagram",,Total,17521,8747,140,4,0,5,2
18380423245120282,17841400074692954,paulistao,Paulistão,"TRICOLOR & TRICAMPEÃO! 🇾🇪🏆🏆🏆
Há 20 anos, o @saopaulofc derrotava o Athetico-PR na decisão e se tornava o primeiro brasileiro tricampeão da Libertadores!
#BaúDoPaulistao #SãoPaulo",0,"07/14/2025 04:30",https://www.instagram.com/p/DMFdqtINypX/,"Imagem do Instagram",,Total,55260,35992,3163,206,2,28,29
17981189384712793,17841400074692954,paulistao,Paulistão,"Ponto final no domingo de #PaulistasEmCampo.
#FutebolPaulista",0,"07/13/2025 17:16",https://www.instagram.com/p/DMEVhk2AJIL/,"Imagem do Instagram",,Total,32400,19952,418,16,0,3,7
18011234390756674,17841400074692954,paulistao,Paulistão,"É O MASSA BRUTA!
Red Bull Bragantino marca no último lance e fica com a vitória pra cima do Corinthians.
#PaulistasEmCampo
📷 Ari Ferreira/Red Bull Bragantino",0,"07/13/2025 17:06",https://www.instagram.com/p/DMEUZz7MUhb/,"Imagem do Instagram",,Total,54555,33456,1515,238,0,105,13
18359067748151048,17841400074692954,paulistao,Paulistão,"ZERADO!
Nada de gols para Guarani e Ituano.
#PaulistasEmCampo
📷Miguel Schincariol/Ituano",0,"07/13/2025 14:26",https://www.instagram.com/p/DMECFzDAFzU/,"Imagem do Instagram",,Total,26677,15277,386,6,0,10,1
18288006070265153,17841400074692954,paulistao,Paulistão,"A Locomotiva Grená não conseguiu pontuar fora de casa.
#PaulistasEmCampo
📷Luis Miguel Ferreira/Ferroviária",0,"07/13/2025 14:20",https://www.instagram.com/p/DMEBVPQsf1B/,"Imagem do Instagram",,Total,23477,12910,252,3,0,2,0
17860299015444129,17841400074692954,paulistao,Paulistão,"É DIA DE DUELO PAULISTA! 🦅⚔️🐂
Vem relembrar o histórico entre Timão e Massa Bruta! Quem leva a melhor no confronto desse domingo? 👀
#PaulistasEmCampo #DuelosPaulistas #Corinthians #RedBullBragantino",61,"07/13/2025 13:00",https://www.instagram.com/reel/DMD4OY6sRY4/,"Reel do Instagram",,Total,26988,15554,602,4,1,6,7
17966359010925400,17841400074692954,paulistao,Paulistão,"DIA DE PAULISTAS EM CAMPO! 🦅⚔️🐂
O @brasileirao tá de volta e com direito a Duelo Paulista: Timão e Massa Bruta vão com tudo em busca dos três pontos!
#PaulistasEmCampo",0,"07/13/2025 12:00",https://www.instagram.com/p/DMDsPvAvTGe/,"Imagem do Instagram",,Total,38386,22356,1253,18,2,5,7
17958883094957773,17841400074692954,paulistao,Paulistão,"No único jogo deste domingo de Copa Paulista Sicredi, Portuguesa Santista e São José ficaram no empate.
#CopaPaulistaSicredi
📷João Jardim/Portuguesa Santista",0,"07/13/2025 09:10",https://www.instagram.com/p/DMDd8VsynFx/,"Imagem do Instagram",,Total,33099,19378,431,16,2,4,2
18099268042586562,17841400074692954,paulistao,Paulistão,"Vem conferir os resultados de mais uma rodada no Paulista Sub-23 Segunda Divisão Sicredi!
#Bezinha",0,"07/13/2025 09:10",https://www.instagram.com/p/DMDd6p2iBMt/,"Imagem do Instagram",,Total,24655,13989,207,7,3,0,1
17913514410037301,17841400074692954,paulistao,Paulistão,"I WAS MADE FOR LOVING...
Nada como comemorar o #DiaMundialDoRock com dose dupla de Duelos Paulistas!
#PaulistasEmCampo",0,"07/13/2025 08:00",https://www.instagram.com/p/DMDQzgFPe91/,"Imagem do Instagram",,Total,143986,89258,5099,288,4,36,81
18177108655328378,17841400074692954,paulistao,Paulistão,"WE WILL ROCK YOU! 🤘😛
Dia Mundial do Rock e vamos comemorar do jeito que mais gostamos: com dois duelos paulistas!
#PaulistasEmCampo #DiaMundialDoRock",0,"07/13/2025 06:00",https://www.instagram.com/p/DMDDFxJuB1k/,"Imagem do Instagram",,Total,28196,16461,439,2,0,1,1
18177656029334300,17841400074692954,paulistao,Paulistão,"Sábado de Copa Paulista Sicredi! ✅
#CopaPaulistaSicredi",0,"07/12/2025 16:09",https://www.instagram.com/p/DMBpDavv64e/,"Imagem do Instagram",,Total,25685,14167,264,6,0,2,1
18055126226100365,17841400074692954,paulistao,Paulistão,"Assim foi o sabadão recheado de #PaulistasEmCampo!
#FutebolPaulista",0,"07/12/2025 15:31",https://www.instagram.com/p/DMBkrbmvd-d/,"Imagem do Instagram",,Total,46193,29310,673,5,0,0,12
17961997967946894,17841400074692954,paulistao,Paulistão,"CLASSIFICAÇÃO GARANTIDA!
Portuguesa faz o dever de casa contra o Água Santa e carimba a passagem para a segunda fase da Série D.
#PaulistasEmCampo
📷Divulgação/Portuguesa",0,"07/12/2025 15:08",https://www.instagram.com/p/DMBiHMrxlS3/,"Imagem do Instagram",,Total,38279,22043,726,23,0,17,4
18372671947181688,17841400074692954,paulistao,Paulistão,"É O TIGRE!
São Bernardo leva a melhor da cima da Ponte Preta e garante mais uma vitória na Série C.
#PaulistasEmCampo
📷Rafael Lopes/Divulgação/São Bernardo",0,"07/12/2025 15:07",https://www.instagram.com/p/DMBiACKAujS/,"Imagem do Instagram",,Total,38349,23207,452,17,0,5,4
18103368940489035,17841400074692954,paulistao,Paulistão,"Mauaense e Tanabi ficam no empate. ECUS vence o Guarulhos.
Este foi o sábado de PaulistaSub-23 Segunda Divisão Sicredi.
#Bezinha",0,"07/12/2025 15:02",https://www.instagram.com/p/DMBhbQrPYfh/,"Imagem do Instagram",,Total,20521,10164,147,12,0,1,0
18051317597433373,17841400074692954,paulistao,Paulistão,"Fim de jogo no Maracanã. São Paulo é superado pelo Flamengo na reestreia de Hernán Crespo.
#PaulistasEmCampo
📷Adriano Fontes/Flamengo",0,"07/12/2025 14:37",https://www.instagram.com/p/DMBekNmxrTK/,"Imagem do Instagram",,Total,43088,25496,1017,89,0,36,4
17864851134356239,17841400074692954,paulistao,Paulistão,"VIRADA DO TIGRE!
Novorizontino larga atrás no placar, mas reage e garante os três pontos pra cima do América-MG.
#PaulistasEmCampo
📷Higor Basso/Novorizontino",0,"07/12/2025 14:19",https://www.instagram.com/p/DMBceHNo3HU/,"Imagem do Instagram",,Total,42519,25831,814,6,0,5,3
18067089080109655,17841400074692954,paulistao,Paulistão,"VITÓRIA DO LEÃO!
A Inter de Limeira leva a melhor no duelo paulista.
#PaulistasEmCampo
📷Fran Zanini/Divulgação/Monte Azul",0,"07/12/2025 13:22",https://www.instagram.com/p/DMBV6oIJQBF/,"Imagem do Instagram",,Total,45411,27429,663,9,0,10,4
17955720959975197,17841400074692954,paulistao,Paulistão,"ESSA É SÓ PRA QUEM USA O MANTO DO TIMÃO!
Não tem como pensar nessas camisas do @corinthians e não pensar nesses jogadores, né, Fiel? Faltou alguém aqui? 👀
#PaulistasEmCampo #Corinthians",0,"07/12/2025 13:00",https://www.instagram.com/p/DMBOpfmsq8_/,"Carrossel do Instagram",,Total,190814,84208,13705,324,10,149,366
17983403732840397,17841400074692954,paulistao,Paulistão,"E ESSAS CAMISAS DO TRI-CO-LOOOORRR🤩
Seja na camisa tradicional ou listrada, o que não falta é identificação desses jogadores com o manto Tricolor! Faltou alguém na lista, torcedor?
#PaulistasEmCampo #SãoPaulo",0,"07/12/2025 08:00",https://www.instagram.com/p/DMAsZ29xRx5/,"Carrossel do Instagram",,Total,156035,70936,7580,136,8,92,142
18000034598797081,17841400074692954,paulistao,Paulistão,"DIA CHEIO! ‼️🤝
Tem volta do @brasileirao com jogaço, duelo paulista em dose tripla e o Tigre buscando o topo do @brasileiraob!
#PaulistasEmCampo",0,"07/12/2025 06:00",https://www.instagram.com/p/DMAeYU7PK8x/,"Imagem do Instagram",,Total,33264,18334,474,20,1,5,5
17960024903806793,17841400074692954,paulistao,Paulistão,"É UM ORGULHO QUE NEM TODOS PODEM TER!
Camisa do Rei, camisa do Príncipe... Faltou algum manto histórico da galeria do Peixão, torcedor? 
#PaulistasEmCampo #Santos",0,"07/11/2025 16:00",https://www.instagram.com/p/DL--ggRNDaF/,"Carrossel do Instagram",,Total,407229,258639,10657,303,14,227,275
18070639205486769,17841400074692954,paulistao,Paulistão,"QUE HONREM A CAMISA E LUTEM SEM PARAR!
Tem camisa que a gente bate o olho e já pensa em um jogador. E aí, torcedor alviverde, concorda com a lista?
#PaulistasEmCampo #Palmeiras",0,"07/11/2025 14:00",https://www.instagram.com/p/DL-1i22yF7s/,"Carrossel do Instagram",,Total,125967,50562,6668,238,3,63,168
17971024568760720,17841400074692954,paulistao,Paulistão,"76 ANOS DO LEÃO!
Hoje é dia do pentacampeão paulista e campeão do mundo, Emerson Leão!
#FutebolPaulista #Aniversário",0,"07/11/2025 05:00",https://www.instagram.com/p/DL9yl2rtNZ6/,"Imagem do Instagram",,Total,40785,21089,426,4,0,15,7
18081210691866605,17841400074692954,paulistao,Paulistão,"BICAMPEÃO!
Há 13 anos, o Verdão empatava com o Coritiba e conquistava a segunda taça da Copa do Brasil de sua história 🏆🏆
#BaúDoPaulistão",0,"07/11/2025 04:00",https://www.instagram.com/p/DL9r8ksxY5d/,"Imagem do Instagram",,Total,118634,71026,5380,67,0,98,38
18068560561878052,17841400074692954,paulistao,Paulistão,"BORA DE 13ª RODADA!
A bola vai rolar na segunda fase do Paulista Sub-23 Segunda Divisão Sicredi nesse final de semana e todos os jogos serão transmitidos AO VIVO no YouTube do @paulistao!
#Bezinha",0,"07/10/2025 15:00",https://www.instagram.com/p/DL8SmXkuOlp/,"Imagem do Instagram",,Total,28057,13674,169,7,0,3,1
18073402141970783,17841400074692954,paulistao,Paulistão,"E AÍ, TORCEDOR? 🔍⁉️
Você lembra quem marcou esse gol no Paulistão Sicredi desse ano? Deixa aqui nos comentários! 
#PaulistãoSicredi #Santos",13,"07/10/2025 12:11",https://www.instagram.com/reel/DL8EKMWO63A/,"Reel do Instagram",,Total,1368815,861467,22392,257,105,1088,279
18011932586750230,17841400074692954,paulistao,Paulistão,"NOVIDADE NA ÁREA!
O atacante Ramón Sosa é a nova contratação do Palmeiras para a temporada.
#PaulistasEmCampo
📷 Fabio Menotti/Palmeiras",0,"07/10/2025 10:15",https://www.instagram.com/p/DL72_GKNQs6/,"Imagem do Instagram",,Total,98715,55267,6364,9,7,29,26
18512259124016769,17841400074692954,paulistao,Paulistão,"PARABÉNS, EDMÍLSON!
Hoje o bicampeão paulista e campeão do mundo completa 49 anos!
#FutebolPaulista #Aniversário",0,"07/10/2025 05:00",https://www.instagram.com/p/DL7N0HtNtpK/,"Imagem do Instagram",,Total,38256,20950,349,3,0,9,5
18167850880348267,17841400074692954,paulistao,Paulistão,"Bora ver como ficaram os resultados da quarta rodada da Copa Paulista Sicredi 👀
#CopaPaulistaSicredi",0,"07/09/2025 14:41",https://www.instagram.com/p/DL5woLnymeR/,"Imagem do Instagram",,Total,42581,23092,582,2,1,8,4
17941640112041725,17841400074692954,paulistao,Paulistão,"TUDO IGUAL NO DUELO DOS LEÕES! 🦁☑️
Dois gols e um ponto para cada lado na #CopaPaulistaSicredi!
📷 Reprodução/Comercial FC",0,"07/08/2025 18:05",https://www.instagram.com/p/DL3jIeuTCID/,"Imagem do Instagram",,Total,52371,30444,655,4,0,6,7
18142561891408676,17841400074692954,paulistao,Paulistão,"VAI COMEÇAR MAIS UMA!
A quinta rodada da Copa Paulista Sicredi está vindo com TUDO! Já anota na agenda para não perder nenhum jogo.
#CopaPaulistaSicredi",0,"07/08/2025 17:30",https://www.instagram.com/p/DL3aERZt5Ib/,"Imagem do Instagram",,Total,38416,21754,498,8,0,11,4
18347017177089705,17841400074692954,paulistao,Paulistão,"MARCO HISTÓRICO 4️⃣0️⃣0️⃣⚽
O @xvpiracicaba completou 400 jogos na história da Copa Paulista Sicredi. 
#CopaPaulistaSicredi",0,"07/08/2025 11:00",https://www.instagram.com/p/DL2tpC7PI5M/,"Imagem do Instagram",,Total,76745,40122,1176,40,2,38,11
18009098630779687,17841403734375167,sindicatodeatletas,"Sindicato de Atletas SP","Seleção dos Atletas 🏆
Paulista Segunda Divisão Sicredi – Rodada 12

Com as indicações dos capitães, a organização da premiação definiu a seleção dos onze melhores no esquema 4-3-3.

SELEÇÃO DA RODADA
⭐ GOL: Felipe (Assisense)
⭐ LD: Tierri (Batatais)
⭐ ZAG: Lucas Araújo (ECUS)
⭐ ZAG: Rychard (Tanabi)
⭐ LE: Gabriel Willians (ECUS)
⭐ VOL: André (Tanabi)
⭐ MC: Cléber Lucas (Batatais)
⭐ MC: Allan (ECUS)
⭐ ATA: Biel (Batatais)
⭐ ATA: Wesley (Mauaense)
⭐ ATA: Marcelo Maçola (Tanabi)

#SelecaodosAtletas #SindicatodeAtletas #FPF #Futebolinterior #PaulistaSegundaDivisaoSicredi #AtletavotaemAtleta #votacao #categoria #AtletaProfissional #AtletaPaulista

🎯 MKT Digital: @digitalsportspress",0,"07/08/2025 05:00",https://www.instagram.com/p/DL2JXLMMRje/,"Imagem do Instagram",,Total,19433,12697,118,48,4,2,0
18156214546375540,17841400074692954,paulistao,Paulistão,"Segunda-feira de invencibilidade para o #FutebolPaulista na Série C!
#PaulistasEmCampo",0,"07/07/2025 17:33",https://www.instagram.com/p/DL06vdbMdWd/,"Imagem do Instagram",,Total,24999,13156,222,3,0,2,4
17938912803029224,17841400074692954,paulistao,Paulistão,"DA-LHE, PONTE!
Elvis faz de pênalti e garante a vitória da Macaca no Moisés Lucarelli.
#PaulistasEmCampo
📷Marcos Ribolli/PontePress",0,"07/07/2025 17:32",https://www.instagram.com/p/DL06nqvBql2/,"Imagem do Instagram",,Total,55307,32305,1079,8,2,7,3
18106104649527754,17841400074692954,paulistao,Paulistão,"EMPATE!
São Bernardo sai na frente, mas cede a igualdade para o Botafogo-PB.
#PaulistasEmCampo
📷Talison Gomes/Divulgação/São Bernardo",0,"07/07/2025 17:32",https://www.instagram.com/p/DL06kUBpJXc/,"Imagem do Instagram",,Total,32623,18267,342,4,0,1,0
18045194966277531,17841429857362439,paulistaof,"Paulistão F Petrobras","GOLAÇO DE GOLEIRA! 🌟🧤⚽
A Isadora, das @grenasguerreiras, marcou esse golaço de falta nas Quartas de Final do Paulista Feminino Sub-15 Petrobras. É muita estrela!
#PaulistaFemininoSub15Petrobras",50,"07/07/2025 12:34",https://www.instagram.com/reel/DL0YWFTIrMU/,"Reel do Instagram",,Total,85593,51942,5282,557,13,86,50
18327353470207776,17841400074692954,paulistao,Paulistão,"DUPLA PAULISTA!
São Bernardo e Ponte Preta entram em campo pela #SérieC nesta segunda-feira.
#PaulistasEmCampo",0,"07/07/2025 06:00",https://www.instagram.com/p/DLzmRFpNuhL/,"Imagem do Instagram",,Total,21914,11752,237,4,0,4,3
18046796330220005,17841400074692954,paulistao,Paulistão,"CONTA PRA GENTE, TORCEDOR!
Neste Dia Mundial do Chocolate, qual foi a maior goleada que seu time já aplicou? 👀🍫
#FutebolPaulista #DiaMundialDoChocolate",0,"07/07/2025 04:00",https://www.instagram.com/p/DLzYy0TtRtC/,"Imagem do Instagram",,Total,60026,32711,1360,8,0,201,27
18067887449104474,17841400074692954,paulistao,Paulistão,"Ponto final em mais um domingo de #FutebolPaulista.
#PaulistasEmCampo",0,"07/06/2025 16:33",https://www.instagram.com/p/DLyPCGvNWR4/,"Imagem do Instagram",,Total,29310,16804,320,3,0,0,1
18064798450935886,17841400074692954,paulistao,Paulistão,"ZERADO!
Nada de gols no duelo paulista da Série B.
#PaulistasEmCampo
📷Ozzair Jr./Novorizontino",0,"07/06/2025 16:32",https://www.instagram.com/p/DLyO7Z_ihw5/,"Imagem do Instagram",,Total,27266,15493,359,4,0,0,2
17845267245521579,17841400074692954,paulistao,Paulistão,"PONTUOU!
O Guarani volta de Londrina com o empate.
#PaulistasEmCampo
📷Rafael Martins/Londrina",0,"07/06/2025 14:24",https://www.instagram.com/p/DLyAU0wKPDC/,"Imagem do Instagram",,Total,35905,20486,619,5,0,3,3
17909066148054593,17841400074692954,paulistao,Paulistão,"A Ferroviária sofreu o revés jogando na Arena da Fonte.
#PaulistasEmCampo
📷Luis Miguel Ferreira/ Ferroviária",0,"07/06/2025 14:19",https://www.instagram.com/p/DLx_rdot0L4/,"Imagem do Instagram",,Total,38300,22249,535,8,0,5,2
18362986951151689,17841400074692954,paulistao,Paulistão,"ÁGUIA 100%! 🦅
O São José conquista a quarta vitória seguida na Copa Paulista Sicredi!
#CopaPaulistaSicredi
📷Carlos Henrique/São José",0,"07/06/2025 13:03",https://www.instagram.com/p/DLx2-ddo0Gr/,"Imagem do Instagram",,Total,53533,31942,1025,62,2,38,8
17963768171791544,17841400074692954,paulistao,Paulistão,"TARDE DE DESPEDIDA!
Vice-Presidente da Federação Paulista de Futebol e ídolo do Red Bull Bragantino, Mauro Silva participou neste domingo do último jogo do estádio Nabi Abi Chedid, que passará por um processo de modernização em breve.
#FutebolPaulista
📷Rebeca Reis/Ag. Paulistão",0,"07/06/2025 12:07",https://www.instagram.com/p/DLxwnLkz0DM/,"Carrossel do Instagram",,Total,183134,69791,3012,16,2,12,27
18014739155759909,17841400074692954,paulistao,Paulistão,"Chegou a hora de ver os resultados de mais uma rodada do Paulista Sub-23 Segunda Divisão Sicredi.
#bezinha",0,"07/06/2025 12:04",https://www.instagram.com/p/DLxwNg_ta3a/,"Imagem do Instagram",,Total,34280,18196,348,4,0,3,7
17893038714143326,17841400074692954,paulistao,Paulistão,"É DIA DE DUELO PAULISTA NA SÉRIE B! 🤝
Pantera e Tigre vão com tudo em busca de mais três pontos no @brasileiraob nesse domingo!
#PaulistasEmCampo",0,"07/06/2025 11:00",https://www.instagram.com/p/DLxkBzPtYz3/,"Imagem do Instagram",,Total,35130,22450,432,2,0,1,7
18070470833049455,17841400074692954,paulistao,Paulistão,"DOMINGOU! 🗓️
Com direito a duelo Paulista no @brasileiraob, tem Campeonato Brasileiro em dose tripla nesse domingo!
#PaulistasEmCampo",0,"07/06/2025 06:00",https://www.instagram.com/p/DLxBiFiso7N/,"Imagem do Instagram",,Total,21084,11909,232,4,0,1,5
18044479139284877,17841400074692954,paulistao,Paulistão,"A Copa Paulista Sicredi fechou o sábado de futebol.
#CopaPaulistaSicredi",0,"07/05/2025 17:00",https://www.instagram.com/p/DLvtS4stipF/,"Imagem do Instagram",,Total,28174,17154,278,7,0,1,3
17945314166878751,17841400074692954,paulistao,Paulistão,"LEÃO CLASSIFICADO! 🦁
Com gol de Vinícius Leite, a Inter de Limeira venceu o Cascavel e garantiu a vaga na segunda fase da Série D com três rodadas de antecedência!
#PaulistasEmCampo
🎥Divulgação/Inter de Limeira",15,"07/05/2025 15:26",https://www.instagram.com/reel/DLvifltq3A9/,"Reel do Instagram",,Total,58214,35399,1424,15,3,9,8
18214974661305935,17841400074692954,paulistao,Paulistão,"Bora conferir como foi o sábado dos #PaulistasEmCampo? Então se liga aí!
#FutebolPaulista",0,"07/05/2025 15:10",https://www.instagram.com/p/DLvgve-sXpa/,"Imagem do Instagram",,Total,24188,14424,249,3,0,0,5
17888874432290548,17841400074692954,paulistao,Paulistão,"CANTOU DE GALO!
Ituano encerra a sequencia sem vitórias e fica com os três pontos pra cima do Retrô-PE!
#PaulistasEmCampo
📷Miguel Schincariol/Ituano",0,"07/05/2025 15:08",https://www.instagram.com/p/DLvgiYCvNqa/,"Imagem do Instagram",,Total,27984,16334,292,6,0,0,1
17970279629872391,17841400074692954,paulistao,Paulistão,"FICOU NO ZERO!
Nada de gols para Rio Branco-ES e Portuguesa.
#PaulistasEmCampo
📷Vitor Almeida/Portuguesa",0,"07/05/2025 15:06",https://www.instagram.com/p/DLvgS4Zy5fD/,"Imagem do Instagram",,Total,22442,12377,287,1,0,3,2
17924645331093108,17841400074692954,paulistao,Paulistão,"QUE VITÓRIA!
Em um final de jogo eletrizante, Inter de Limeira marca nos acréscimos e segue embalada na Série D!
#PaulistasEmCampo
📷 José Augusto/Inter de Limeira",0,"07/05/2025 14:27",https://www.instagram.com/p/DLvb14aNJFw/,"Imagem do Instagram",,Total,25650,15174,423,4,0,1,1
18033580829675564,17841400074692954,paulistao,Paulistão,"TUDO NA IGUALDADE!
Nada de gols para Água Santa e Porto Vitória!
#PaulistasEmCampo
📷Alan Araújo/Água Santa",0,"07/05/2025 14:25",https://www.instagram.com/p/DLvbjLwKwHJ/,"Imagem do Instagram",,Total,21672,11921,196,1,0,0,0
17936053716049761,17841400074692954,paulistao,Paulistão,"Foi assim que terminou o sabadão de Paulista Sub-23 Segunda Divisão Sicredi.
#Bezinha",0,"07/05/2025 13:33",https://www.instagram.com/p/DLvVstKIvV_/,"Imagem do Instagram",,Total,20412,10971,164,5,0,3,0
18090226822632886,17841400074692954,paulistao,Paulistão,"Fora de casa, o Monte Azul não conseguiu pontuar diante do Cianorte.
#PaulistasEmCampo
📷Guilherme Sant Ana Parro/Cianorte",0,"07/05/2025 13:22",https://www.instagram.com/p/DLvUZnvM28U/,"Imagem do Instagram",,Total,44759,26964,559,5,1,4,6
17896931805246870,17841400074692954,paulistao,Paulistão,"¡FELIZ CUMPLEAÑOS, PROFE! 
Hernán Crespo, campeão do Paulistão Sicredi 2021 e treinador do @saopaulofc, completa 50 anos neste sábado (5) 🥳
#Aniversário
📷 Anderson Rodrigues/Ag. Paulistão",0,"07/05/2025 08:00",https://www.instagram.com/p/DLuqrkmA0Lr/,"Imagem do Instagram",,Total,88637,50341,3997,1,8,6,16
18064314187915695,17841426196827383,copinha,Copinha,"VAI TER DERBY! 🐷⚔️🦅
É dia de clássico no Paulista Sub-20! As Crias da Academia e os Filhos do Terrão se enfrentam AO VIVO no YouTube do @paulistao! Quem leva o duelo, torcedor?
#PaulistaSub20 #Derby",0,"07/05/2025 08:00",https://www.instagram.com/p/DLuqpoWP5PD/,"Imagem do Instagram",,Total,44106,27160,820,3,0,2,8
18071870093075900,17841415359569078,gremioprudenteoficial,"Grêmio Prudente","Oi @paulistao, entramos na trend! 😆🦅🇳🇱

#umtimeparachamardenosso 
#gremioprudente 
#criasdocarcará",0,"07/05/2025 07:12",https://www.instagram.com/p/DLuqEokuFOe/,"Carrossel do Instagram",,Total,362830,185154,12930,375,92,32,0
18070035173002666,17841400074692954,paulistao,Paulistão,"SABADÃO DE CAMPEONATO BRASILEIRO! ✔️
Dia cheio de #SérieC e #SérieD para os Paulistas!
#PaulistasEmCampo",0,"07/05/2025 06:00",https://www.instagram.com/p/DLucyO1P1ny/,"Imagem do Instagram",,Total,19415,10912,233,4,0,5,1
18015905375554357,17841400074692954,paulistao,Paulistão,"Com disputa até o final, o Palmeiras se despede da Copa do Mundo de Clubes.
#PaulistasEmCampo 
📷 Cesar Greco/Palmeiras",0,"07/04/2025 19:59",https://www.instagram.com/p/DLtdEuosOl_/,"Imagem do Instagram",,Total,147819,92097,6156,587,1,214,47
18285304429271154,17841400074692954,paulistao,Paulistão,"TÁ NA ÁREA!
O Verdão já marca presença no estádio Lincoln Financial Field, palco da decisão diante do Chelsea 🔥
#PaulistasEmCampo
📷 Reprodução/@Palmeiras",0,"07/04/2025 16:37",https://www.instagram.com/p/DLtF27nAqcQ/,"Imagem do Instagram",,Total,34066,18076,1515,1,0,25,5
18407630311129047,17841408376344663,libertadoresbr,"CONMEBOL Libertadores","💚🐷 Noite de decisão na casa do @Palmeiras é assim, esteja o time onde estiver!

⭐️ #GloriaEterna 🤝 #FIFACWC",0,"07/04/2025 16:14",https://www.instagram.com/p/DLtDVZ0IatM/,"Carrossel do Instagram",,Total,164629,73646,11090,111,7,116,0
18033806201436092,17841400074692954,paulistao,Paulistão,"BORA PARA A PRÓXIMA RODADA!
A bola está rolando na segunda fase do Paulista Sub-23 Segunda Divisão Sicredi! Se liga nos confrontos que vão rolar AO VIVO no YouTube do @paulistao!
#Bezinha",0,"07/04/2025 15:00",https://www.instagram.com/p/DLs11ILvr7S/,"Imagem do Instagram",,Total,23256,12882,149,11,1,5,1
17938798716032171,17841400074692954,paulistao,Paulistão,"PARA ENTRAR PARA A HISTÓRIA 🤩
O Verdão já está entre as oito melhores equipes do mundo e vai em busca de mais taça!
#PaulistasEmCampo #CopaDoMundoDeClubes",0,"07/04/2025 12:00",https://www.instagram.com/p/DLshVTYPY33/,"Imagem do Instagram",,Total,325021,199074,14626,155,14,357,160
18068033320871057,17841408376344663,libertadoresbr,"CONMEBOL Libertadores","🇧🇷💚 @Palmeiras 📸 

📍🇺🇸 Filadélfia, EUA 

🏆 #GloriaEterna 🤝 #FIFACWC",0,"07/04/2025 10:51",https://www.instagram.com/p/DLseSDxxHWd/,"Carrossel do Instagram",,Total,118354,52899,9849,84,1,55,0
18064924604164159,17841400074692954,paulistao,Paulistão,"OS GOLS DA INDEPENDÊNCIA! 🦅
Emerson Sheik foi o herói da final da @libertadoresbr de 2012 e garantiu o título inédito de campeão da América para o Corinthians. Saudades, Fiel?
#PaulistasEmCampo
🎥Globo",79,"07/04/2025 10:00",https://www.instagram.com/reel/DLsUFohN7iL/,"Reel do Instagram",,Total,295366,201791,12843,534,34,127,224
18060376211249175,17841429857362439,paulistaof,"Paulistão F Petrobras","BONDE DAS CONVOCADAS!
Seja pela @selecaofemininadefutebol ou pelas outras seleções, o #FutebolPaulista está bem representado na Copa América Feminina 2025.
#CopaAméricaFeminina",0,"07/04/2025 08:38",https://www.instagram.com/p/DLsPD0ENWg5/,"Imagem do Instagram",,Total,80196,48018,1530,14,1,11,26
18050707754401900,17841400074692954,paulistao,Paulistão,"🎶Palmeiras, largo tudo só para te ver🎶
HOJE O VERDÃO VAI COM TUDO PELA VAGA NAS SEMIFINAIS DA COPA DO MUNDO DE CLUBES!
#FutebolPaulista #PaulistasEmCampo
🎥@fifaclubworldcup",47,"07/04/2025 07:00",https://www.instagram.com/reel/DLr_5EKp3Qt/,"Reel do Instagram",,Total,117090,84666,9930,330,11,62,174
18278307994258468,17841400074692954,paulistao,Paulistão,"2⃣0⃣1⃣2⃣🏆🖤 AMÉRICA ALVINEGRA!
Há 13 anos, o Corinthians conquistava a @libertadoresbr pela primeira vez e de forma invicta! Que dia inesquecível para o torcedor do Timão, hein?!
#FutebolPaulista #BaúDoPaulistão 
📷Daniel Augusto Jr/Ag. Corinthians",0,"07/04/2025 05:00",https://www.instagram.com/p/DLrxXPZsybE/,"Carrossel do Instagram",,Total,135642,70823,7848,209,3,93,84
18093067123717794,17841400074692954,paulistao,Paulistão,"GO, PALESTRA, GO 🔥⚽
A FILADÉLFIA É PALMEIRAS! HOJE É DIA DE BUSCAR MAIS UMA CLASSIFICAÇÃO NA COPA DO MUNDO DE CLUBES 🐷
#Palmeiras #PaulistasEmCampo",0,"07/03/2025 20:05",https://www.instagram.com/p/DLqz3HFRBb0/,"Imagem do Instagram",,Total,103715,69763,3138,17,0,32,31
18047401190212677,17841404507430689,jp_drone,"João Paulo","Quinta de TBT na @neoquimicaarena + @memphisdepay 🚁✅ 🕹️ 
-
-
-
-
-
-
-

-

@neoquimicaarena 
-
-
-
-
-
-
-
@jp_drone 🚁

-

-
-
-
-

@neoquimicaarena 
-
@augustomelooficial 
@corinthians 
-
@corinthians 
@corinthianspoderoso 
@identidadecorinthiana 
@eternopoderosotimao 
@mosqueteirochave 
corinthians.ao__vivo_ 
@corinthiansmilgrauofc 
@tuesorgulho_ 
@meutimao 
@centraldotimao 
@crissevieri_timao 
timaomilgrau__ 
@timaaooo 
@_sccpnews 
sccpcavalinho 
@adenormilgrau 
rcassio12 
@frasescoringao 
@meucoringaoportugal 
@coringaodopovo 
@coringao1910_noticias 
@tvcoringao2 
@tvcorinthians1910 
_vaicorinthians_ 
@vaicorinthians.__ 
vaicorinthians_fiel 
@gavioesoficial
@rvessoni 
@instacoringram 
@timaomilgr4u 
@selecao_corintiana 
@shoppingmetroitaquera 
@ig_saopaulo 
itaquera_milgrau 
@itaquerasub 
@vivazonaleste 
10neto 
@zonalestespoficial 
@zlemfoco 
@vivazonaleste 
@rita.decassialarocca 
@vivazonaleste 
@corinthiano_na_gringa 
.
@ronaldo 
.
.
@mchariel 
.
.

.
#arenaemcasa #neoquimica   #corinthians110anos
#corinthians #vaicorinthians #arenacorinthians  #timão #coringão #nãoparadelutar #corinthiansgrande #corinthiansmeuamor #corinthiansoficial #corinthiansminhahistoria #corinthiansminhavida #bandodeloucos #meutimao #coringao #vaicorinthians #timao #brasileirão #neoquimicaarena #corinthiansminhavida #corinthiano #corinthiansgrande #loucoporticorinthians #aquitemumbandodelouco #loucoporti #bandodeloucos #noitenoinstagram #coringao #vamoscorinthians #vamostimao #gavioesdafiel #pavilhao9 #tvcorinthians
@yurialberto
@timedopovooficial
@rvessoni
@lucianohuck 
@thbarbosa
@igao
@fieltorcedor",56,"07/03/2025 15:20",https://www.instagram.com/reel/DLqX6o8ygWL/,"Reel do Instagram",,Total,28571,18183,1826,176,7,15,0
18072737290978885,17841408376344663,libertadoresbr,"CONMEBOL Libertadores","💚🐷 É aquela história de que todo amor pelo @Palmeiras você vai passar aos seus filhos ⭐️ #GloriaEterna 🤝 #FIFACWC",7,"07/03/2025 15:16",https://www.instagram.com/reel/DLqX1uBS4dZ/,"Reel do Instagram",,Total,69877,53340,3130,9,11,37,0
18065262305162394,17841400074692954,paulistao,Paulistão,"BORA PRA MAIS UMA!
A quarta rodada da Copa Paulista Sicredi chegou. Se liga nos jogos para não perder nenhum 👀
#CopaPaulistaSicredi",0,"07/03/2025 15:00",https://www.instagram.com/p/DLqRI5PPu2W/,"Imagem do Instagram",,Total,27277,14927,368,8,0,3,11
18148821061381445,17841400074692954,paulistao,Paulistão,"PARCERIA DE IRMÃOS!
Amanda, irmã de Bruno Fuchs, fez uma brincadeira com o zagueiro e acho que resumiu o sentimento de todo palmeirense 😅👀
#PaulistasEmCampo #CopaDoMundoDeClubes
🎥 Reprodução/TikTok",7,"07/03/2025 13:00",https://www.instagram.com/reel/DLqDgFnPX9A/,"Reel do Instagram",,Total,303490,148662,14962,1011,19,104,289
17936287634924411,17841400074692954,paulistao,Paulistão,"RETROSPECTO FAVORÁVEL!
As equipes do #FutebolPaulista têm vantagem sobre clubes ingleses. Será que vem mais uma vitória pra conta?
#PaulistasEmCampo #CopaDoMundoDeClubes",0,"07/03/2025 11:00",https://www.instagram.com/p/DLp1tRjT0_q/,"Imagem do Instagram",,Total,387901,233564,14965,1882,28,609,383
18117772531477844,17841400074692954,paulistao,Paulistão,"Lendas de Corinthians e Boca fazem reencontro para celebrar final da Libertadores de 2012!
A torcida do Timão terá a chance de rever ídolos da conquista inédita da América no Mercado Livre Arena Pacaembu. Os ingressos estão à venda para o confronto, inclusive com a promoção ‘Dobradinha’, onde na compra e um ingresso do Setor Leste, o torcedor ganha 50% de desconto no segundo ingresso. Link nos stories!",0,"07/03/2025 10:14",https://www.instagram.com/p/DLp1OJcOU2m/,"Imagem do Instagram",,Total,30860,16462,361,22,2,2,6
18284929042250852,17841400074692954,paulistao,Paulistão,"O CRAQUE DO INTERIOR DO PAULISTÃO SICREDI 2025 TÁ FAZENDO ANIVERSÁRIO!
Parabéns, Carlão. Muitas felicidades e muitos gols!🎉🥳
#FutebolPaulista #Aniversário 
📷Alexandre Battibugli/Ag. Paulistão",0,"07/03/2025 08:10",https://www.instagram.com/p/DLpnI7DPOMF/,"Imagem do Instagram",,Total,21539,11606,378,1,0,3,4
17866929222330285,17841404507430689,jp_drone,"João Paulo","FPV + Gol ✅🚁🕹️🎮
-
-
-
-
-
-
-
tiquinho_soares_29 
-
-
@santosfc 

@santoscidade
-
@pele 
-

@atribunasantos 
@santoscidade 
@neymarjr 
@neysilva 
@viveremsantoseregiao 
@melhordesantos 
@eusoudesantos 
@revistamaissantos 
@santosdicass 
@visitesantos 
@praiagrandemilgrauoficial 
@litoral.br 
@diariodolitoral 
@partiuguaruja 
@litoraldesp 
@lugaresdesantos 
@santoseregiao 
@itutingapiloes_pesm 
-
-
-
-
@oslugaresincriveisdobrasil 
@oslugaresmaisincriveisdomundo 
-

-

#saopaulocity 
#saopauloofficial 
#jornaldaorla 
#vejasp 
#ig_saopaulo 
#atribuna 
#revistanove 
#sousampa 
#sp4you 
#missãovt 
#mtur 
#guiaamosantos 
#catracalivresp 
#guiasp24h 
#drone 
#atribunasantos 
#ilovesp 
#ig_beach_brasil 
#juicysantos 
#entardecerestadao 
#eusoudesantos 
#meucliqueestadao 
#meuclicknafolha 
#turismosantos 
#melhordesantos 
#archsp 
#saopauloofficial 
#oquefazeremsampa 
#diariodolitoral 
@djiglobal @lojadji @dji_brazil",25,"07/02/2025 18:34",https://www.instagram.com/reel/DLoJj4WNaPS/,"Reel do Instagram",,Total,92033,52723,4563,46,17,22,0
17952309797989026,17841400074692954,paulistao,Paulistão,"E DEU LEÃO NO COME-FOGO! 🦁
#CopaPaulistaSicredi
📷Célio Messias/Ag. Paulistão",0,"07/02/2025 18:10",https://www.instagram.com/p/DLoHA2SN14v/,"Carrossel do Instagram",,Total,116327,44021,2780,52,6,108,20
18037722386345658,17841400074692954,paulistao,Paulistão,"Ponto final na terceira rodada. Se liga nos resultados!
#CopaPaulistaSicredi",0,"07/02/2025 17:17",https://www.instagram.com/p/DLoA6wGRq3J/,"Imagem do Instagram",,Total,50693,29334,724,10,1,14,8
17890222758279051,17841400074692954,paulistao,Paulistão,"O apito final e a comemoração de quem venceu o clássico e segue 100% na #CopaPaulistaSicredi! 🤩🦁",25,"07/02/2025 17:13",https://www.instagram.com/reel/DLoASPRsj-O/,"Reel do Instagram",,Total,86221,51273,2039,148,15,92,20
18064189187132573,17841400074692954,paulistao,Paulistão,"FIM DE PAPO NO CLÁSSICO! 🦁
No Come-Fogo dessa quarta-feira deu Leão!
#CopaPaulistaSicredi
📷Célio Messias/Ag. Paulistão",0,"07/02/2025 16:57",https://www.instagram.com/p/DLn-ncRv1pO/,"Imagem do Instagram",,Total,75481,45564,977,53,0,32,11
18052003877608628,17841400074692954,paulistao,Paulistão,"GOOOOOOOL DO COMERCIAL! 
Felipe Rodrigues abre o placar para os donos da casa no Come-Fogo!
#CopaPaulistaSicredi",22,"07/02/2025 15:19",https://www.instagram.com/reel/DLnzLAjSkNE/,"Reel do Instagram",,Total,61086,41128,1189,115,7,33,9
18079890508880934,17841400074692954,paulistao,Paulistão,"DIA DE CLÁSSICO! 🤩
A bola vai rolar para o Come-Fogo na #CopaPaulistaSicredi! 
📷Célio Messias/Ag. Paulistão",0,"07/02/2025 14:31",https://www.instagram.com/p/DLnt4bPu4nB/,"Carrossel do Instagram",,Total,43509,17803,581,9,0,10,2
17936303652043228,17841400074692954,paulistao,Paulistão,"TROCOU DE ESPORTE? 👀🏈
O zagueiro Gustavo Gómez vestiu a camisa do Philadelphia Eagles durante o treino da equipe alviverde nos Estados Unidos. Ele levaria jeito, torcedor? 
#PaulistasEmCampo
📷 Cesar Greco/Palmeiras",0,"07/02/2025 13:00",https://www.instagram.com/p/DLnewnZTC9A/,"Carrossel do Instagram",,Total,147924,58242,4397,151,0,13,21
18071483041819712,17841400074692954,paulistao,Paulistão,"OS NOVOS REFORÇOS DO PEIXÃO ESTÃO PRONTOS!
Willian Arão e Igor Vinícius estão na área e já treinaram com o elenco do Santos!
#FutebolPaulista
📷Raul Baretta/Santos FC",0,"07/02/2025 12:13",https://www.instagram.com/p/DLneJemOgoB/,"Imagem do Instagram",,Total,220962,140764,15091,407,10,122,88
17910547242171886,17841400074692954,paulistao,Paulistão,"SOCCER 🤝 FOOTBALL!
O Palmeiras está utilizando as instalações do Philadelphia Eagles, nos Estados Unidos, e o treinador Abel Ferreira trocou presentes com Jake Elliott, kicker da equipe.
#PaulistasEmCampo #CopaDoMundoDeClubes
📷 Cesar Greco/Palmeiras",0,"07/02/2025 11:31",https://www.instagram.com/p/DLnZSSHzG5n/,"Imagem do Instagram",,Total,99314,58474,2740,5,0,2,15
18067917407094883,17841400074692954,paulistao,Paulistão,"É DIA DE CLÁSSICO NA COPA PAULISTA SICREDI! 🤩🚨
O @comercialfcoficial e o @botafogosp vão com tudo em busca da vitória no Come-Fogo! Quem leva os três pontos, torcedor?
#CopaPaulistaSicredi",0,"07/02/2025 07:00",https://www.instagram.com/p/DLm1QhGxBnv/,"Imagem do Instagram",,Total,35839,20459,471,37,1,23,6
18083272753646052,17841400074692954,paulistao,Paulistão,"36 ANOS DESSE DIA HISTÓRICO!
No dia 2 de junho de 1989, o São Paulo se consagrava campeão paulista pela 16ª vez!
#BaúDoPaulistão #PaulistãoSicredi",0,"07/02/2025 05:00",https://www.instagram.com/p/DLmnr7fPo4N/,"Imagem do Instagram",,Total,109661,70502,4183,105,13,92,54
18067735862043566,17841400074692954,paulistao,Paulistão,"MACACA SEGUE NO ALTO!
Fim de mais uma rodada da #SérieC!
#PaulistasEmCampo",0,"07/01/2025 11:30",https://www.instagram.com/p/DLkvS-ySvM8/,"Imagem do Instagram",,Total,55346,32449,1402,8,0,12,14
18171456325344423,17841400074692954,paulistao,Paulistão,"FIM DE MAIS UMA RODADA!
Assim ficou a classificação do @brasileiraob ao final da 14ª rodada!
#PaulistasEmCampo",0,"07/01/2025 10:30",https://www.instagram.com/p/DLkqD-KNku_/,"Imagem do Instagram",,Total,68389,40210,1542,5,2,7,9
18184703431316297,17841426196827383,copinha,Copinha,"GOL DE CAMISA 🔟! 🌟🚨
Alerta de GOLAÇO no #PaulistaSub12. Se liga no gol que o Enzo Donizete marcou pelo @santosfc no último final de semana!",24,"07/01/2025 10:28",https://www.instagram.com/reel/DLktKTsvIRr/,"Reel do Instagram",,Total,1413930,703609,55915,5524,372,700,608
17955708599823055,17841400074692954,paulistao,Paulistão,"RELAXA, MINHAS CRIAS RESOLVEM! 😮‍💨🔥
Marcos Leonardo, Menino da Vila, e Malcom, Filho do Terrão, fizeram três dos quatro gols que garantiram a vitória do Al-Hilal e a presença do time árabe nas quartas de final da @fifaclubworldcup! Saudades deles no Futebol Paulista, torcedor?
#PaulistasEmCampo #FIFACWC
📷Instagram/@marcosleonardo09 e Rodrigo Coca/Ag.Corinthians",0,"07/01/2025 09:36",https://www.instagram.com/p/DLknXN5PRJu/,"Carrossel do Instagram",,Total,321867,139415,23515,202,8,114,167
18085221427686197,17841403734375167,sindicatodeatletas,"Sindicato de Atletas SP","Seleção dos Atletas 🏆
Paulista Segunda Divisão Sicredi – Rodada 11

Com as indicações dos capitães, a organização da premiação definiu a seleção dos onze melhores no esquema 3-4-3.

SELEÇÃO DA RODADA
⭐ GOL: Vitor Boin (AD Guarulhos)
⭐ ZAG: Ítalo (AD Guarulhos)
⭐ ZAG: Vitor Hugo (Tanabi)
⭐ ZAG: Gabriel Hilário (Independente)
⭐ MC: Paulo Negão (Batatais)
⭐ MC: João Pedro (Mauaense)
⭐ MC: Cleber (Batatais)
⭐ MC: Vinicius (Tanabi)
⭐ ATA: Maicon (Tanabi)
⭐ ATA: Gustavinho (AD Guarulhos)
⭐ ATA: Biel (Batatais)

#SelecaodosAtletas #SindicatodeAtletas #FPF #Futebolinterior #PaulistaSegundaDivisaoSicredi #AtletavotaemAtleta #votacao #categoria #AtletaProfissional #AtletaPaulista

🎯 MKT Digital: @digitalsportspress",0,"07/01/2025 09:00",https://www.instagram.com/p/DLkjQMvhzEU/,"Imagem do Instagram",,Total,34427,24851,261,35,1,2,0
17900024610231794,17841408376344663,libertadoresbr,"CONMEBOL Libertadores","🙌🐷 Um dono da #GloriaEterna em busca de um novo sonho na @fifaclubworldcup!

💚 @Palmeiras 🏆 #FIFACWC",60,"07/02/2025 08:00",https://www.instagram.com/reel/DLnBJ4uy85a/,"Reel do Instagram",,Total,483112,343954,26335,646,27,202,0
