"Identificação do post","Identificação da conta","Nome de usuário da conta","Nome da conta",Descrição,"Duração (s)","Horário de publicação","Link permanente","Tipo de post","Comentário de dados",Data,Visualizações,Alcance,Curtidas,Compartilhamentos,Seguimentos,Comentários,Salvamentos
18075085757184573,17841454473375442,ulissescostatv,"ULISSES TV","GOLEADA DA LOCOMOTIVA! 🚂 

Que arrancada absurda do @f_soares80. Na saída do goleiro, deu um belo tapa para o fundo do gol. 4 a 0 para a @afeoficial! ❤️

🚨 ESTAMOS AO VIVO COM FERROVIÁRIA E SÃO JOSÉ NA ULISSES TV! LINK NO STORY! 

#ferroviaria #locomotiva #paulistao #campeonatopaulista #ulissestv",61,"03/29/2026 16:22",https://www.instagram.com/reel/DWfJBrBlRjZ/,"Reel do Instagram","Ocorreu um erro ao computar métricas.",-,,,,,,,
18314764057258884,17841454473375442,ulissescostatv,"ULISSES TV","@vitorbarreto11 EMPATA PARA A LOCOMOTIVA! 🚂 

Bela trama ofensiva pelo lado direito de ataque. Cruzamento para trás buscando Vitor Barreto, que apenas bate para o fundo do gol. É o empate da @afeoficial! 

🚨 ESTAMOS AO VIVO COM FERROVIÁRIA E SÃO JOSÉ NA ULISSES TV! LINK NO STORY! 

#ferroviaria #locomotiva #paulistao #campeonatopaulista #ulissestv",59,"03/29/2026 14:37",https://www.instagram.com/reel/DWe8-gBjoGS/,"Reel do Instagram","Ocorreu um erro ao computar métricas.",-,,,,,,,
18115743298582293,17841461375852191,juventussaf,"Juventus SAF","Edinho 1️⃣0️⃣ decide! 

O segundo dele no jogo, o terceiro com a camisa do Juve, em mais uma vitória importante! 🇱🇻",48,"03/28/2026 19:46",https://www.instagram.com/reel/DWc7m7IDRHJ/,"Reel do Instagram","Ocorreu um erro ao computar métricas.",-,,,,,,,
18084578162363836,17841461375852191,juventussaf,"Juventus SAF","GAVETAA!!!

@ediin_lopes01 entrou e fez o primeiro gol do Juve na partida! 

Que tapa 👋",40,"03/28/2026 19:17",https://www.instagram.com/reel/DWc4DnejZzk/,"Reel do Instagram","Ocorreu um erro ao computar métricas.",-,,,,,,,
18074939849394392,17841400074692954,paulistao,Paulistão,"QUARTAS DE FINAL DEFINIDAS!
Os jogos de ida vão rolar nesse sábado, se liga onde assistir ao seu time do coração!
#PaulistãoA3Rivalo",0,"03/23/2026 11:38",https://www.instagram.com/p/DWPL_O7FT3g/,"Imagem do Instagram",,Total,47327,28244,785,81,4,20,8
18001367180940926,17841400074692954,paulistao,Paulistão,"VAI, BRASIL! 🇧🇷
Em fim de jogo para lá de movimentado, a Seleção fica com a vitória pra cima da Croácia!
#Brasil #SeleçãoBrasileira
📷Divulgação/CBF",0,"03/31/2026 19:02",https://www.instagram.com/p/DWklLXMl0XK/,"Imagem do Instagram",,Total,97228,58923,3335,375,5,50,24
17956413816092230,17841400074692954,paulistao,Paulistão,"PLACAR EM BRANCO!
Nada de gols no embate entre Juventude e Novorizontino.
#PaulistasEmCampo
📷Ozzair Jr/Novorizontino",0,"03/31/2026 16:29",https://www.instagram.com/p/DWkTno_kqWN/,"Imagem do Instagram",,Total,28752,17412,480,4,0,4,2
18094189031279452,17841400074692954,paulistao,Paulistão,"DO MEIO DA RUA! 🎯
O Pedrinho marcou um gol antológico pelo Taquaritinga no último fim de semana pelo #PaulistãoA4Rivalo.",18,"03/31/2026 14:00",https://www.instagram.com/reel/DWj9cfzAX0d/,"Reel do Instagram",,Total,117085,67798,2405,373,10,46,37
18085567589019946,17841400074692954,paulistao,Paulistão,"IBRAHIM MELHOR QUE OSIMHEN? 🇳🇬👀
O camisa 9 do Penapolense fez quatro dos seis gols da goleada do Pantera sobre o Araçatuba pelo #PaulistãoA4Rivalo.",43,"03/31/2026 13:30",https://www.instagram.com/reel/DWj6Oe5Cg0r/,"Reel do Instagram",,Total,69697,48792,1136,87,3,15,18
18102461099482380,17841400074692954,paulistao,Paulistão,"ALGUÉM ALCANÇA O KAUÃ? 👀 
Confira a lista dos goleadores do #PaulistãoA4Rivalo.",0,"03/31/2026 08:00",https://www.instagram.com/p/DWjUMgFjXAO/,"Imagem do Instagram",,Total,45815,26480,370,34,0,0,3
18095395259512691,17841403734375167,sindicatodeatletas,"Sindicato de Atletas SP","🏆 Seleção dos Atletas
Paulistão A4 Rivalo 2026

Confira as seleções da 13ª rodada do Paulistão A4 Rivalo 2026.

⭐ GOL - Italo (Jabaquara)
⭐ ZAG - Cristopher (Comercial)
⭐ ZAG - Gabriel Oliveira (Grêmio São-Carlense)
⭐ ZAG - Luiz Felipe (ECUS)
⭐ ALA/D - Brian (Nacional)
⭐ VOL - Kawan (ECUS)
⭐ MC - David (Barretos)
⭐ ALA/E - Samuel (Comercial)
⭐ ATA - Luan (Penapolense)
⭐ ATA - Gabriel Messias (Taquaritinga)
⭐ ATA - Vichtor Pará (Grêmio São-Carlense)

Aqui, atleta vota em atleta!

#SeleçãodosAtletas #PaulistaoA4 #AtletaVotaemAtleta #SindicatodeAtletasSP #FPF #FutebolInterior

🎯 MKT Digital: @digitalsportspress",0,"03/31/2026 07:02",https://www.instagram.com/p/DWjSsPpjeSS/,"Imagem do Instagram",,Total,27238,14357,225,37,4,1,0
17933792535203771,17841400074692954,paulistao,Paulistão,"É DIA DE BRASIL EM CAMPO!🇧🇷
No último amistoso antes da convocação final para a Copa do Mundo, a Seleção Brasileira enfrenta a Croácia!
#Brasil #SeleçãoBrasileira",0,"03/31/2026 07:00",https://www.instagram.com/p/DWjNUPGADTe/,"Imagem do Instagram",,Total,97056,51919,4610,85,3,28,23
17858448966585333,17841400074692954,paulistao,Paulistão,"PRA CIMA, TIGRE!🐯
O Novorizontino vai em busca da primeira vitória na Série B!
#PaulistasEmCampo #FutebolPaulista",0,"03/31/2026 05:00",https://www.instagram.com/p/DWi_lZ3DDBV/,"Imagem do Instagram",,Total,22191,12920,300,4,0,1,0
18152688388458505,17841400074692954,paulistao,Paulistão,"QUEM FOI O CRAQUE DA RODADA?🔥
Vote aqui no post e escolha quem foi o destaque da 4ª rodada da 2ª fase do Paulistão A2 Rivalo! A enquete se encerra nessa quinta (02/04), às 11h.
#PaulistãoA2Rivalo #CraqueDaRodada",0,"03/30/2026 14:38",https://www.instagram.com/p/DWhh5O_iWwp/,"Imagem do Instagram",,Total,44463,22924,384,301,26,217,1
18058136786460033,17841400074692954,paulistao,Paulistão,"GUARDE ESSE NOME: MARCOS PAPA! 🔥
O atacante cravou duas vezes contra o União Barbarense e colocou o Rio Preto muito perto da vaga nas semis do #PaulistãoA3Rivalo.",12,"03/30/2026 14:00",https://www.instagram.com/reel/DWhYvadkjX4/,"Reel do Instagram",,Total,58695,37990,774,45,1,18,3
18111259144813077,17841400074692954,paulistao,Paulistão,"LUCAS WINGERT GARANTINDO MAIS TRÊS PRONTOS PRO ITUANO! 🧤🔥 #PaulistãoA2Rivalo.",18,"03/30/2026 13:30",https://www.instagram.com/reel/DWhWVG7k1Fn/,"Reel do Instagram",,Total,24673,17029,420,12,0,17,4
18064569515339291,17841400074692954,paulistao,Paulistão,"O VOTUPORANGUENSE ESTÁ A DOIS PASSOS DO ACESSO! ⚫️⚪
Com a vitória contra o XV de Piracicaba, o CAV foi o primeiro time a garantir vaga nas semis do #PaulistãoA2Rivalo.",0,"03/30/2026 13:00",https://www.instagram.com/p/DWhRuGDjytA/,"Imagem do Instagram",,Total,61315,33731,1488,70,5,42,9
18073307021554477,17841400074692954,paulistao,Paulistão,"OFICIALMENTE APRESENTADO!
Artur é o novo reforço do ataque do São Paulo! Aprovado, torcida Tricolor?
#FutebolPaulista 
📷Rubens Chiri/São Paulo FC",0,"03/30/2026 11:30",https://www.instagram.com/p/DWhKS8rGrem/,"Imagem do Instagram",,Total,68289,36160,2996,68,0,22,14
18173708278393164,17841400074692954,paulistao,Paulistão,"QUEM LEMBRA...? 🏆 🔙
Aproveitamos a participação do @zettioficial no Curso Gestão de Categorias de Base da @fpfacademia para saber qual a principal memória do ex-goleiro em Paulistão ⚽

#FPFAcademia #PaulistãoCasasBahia #Zetti #SPFC #Futebol",48,"03/30/2026 10:36",https://www.instagram.com/reel/DWhGOKTkSTW/,"Reel do Instagram",,Total,27289,20436,897,85,4,17,22
18078046388574882,17841400074692954,paulistao,Paulistão,"EMOÇÃO DE PONTA A PONTA! 🔥
Com três vagas para quartas ainda em disputa, assim está a classificação após 14 rodadas do #PaulistãoA4Rivalo.",0,"03/30/2026 09:30",https://www.instagram.com/p/DWg7iv0E-Ye/,"Imagem do Instagram",,Total,166682,85903,3542,92,26,39,48
18107452789678104,17841400074692954,paulistao,Paulistão,"RESTAM TRÊS VAGAS! 🔥
Com o Votuporanguense garantido nas semis, confira como está a classificação do #PaulistãoA2Rivalo.",0,"03/30/2026 09:05",https://www.instagram.com/p/DWg61LKk6xd/,"Imagem do Instagram",,Total,101230,51771,2250,81,7,35,21
18082388276071720,17841400074692954,paulistao,Paulistão,"CLIMA DE FESTA EM BARRETOS! 🕺
O Touro do Vale tá garantido nas quartas do #PaulistãoA4Rivalo. 
🎥 Guilherme Ribeiro/Comunicação Barretos",23,"03/30/2026 08:15",https://www.instagram.com/reel/DWg0ulygQ3c/,"Reel do Instagram",,Total,91597,61271,1431,96,8,22,13
18116890453646230,17841403734375167,sindicatodeatletas,"Sindicato de Atletas SP","🏆 Seleção dos Atletas
Paulistão A2 Rivalo 2026

Confira a SELEÇÃO DOS ATLETAS da 3ª rodada da segunda fase do Paulistão A2 Rivalo 2026.

⭐️ GOL - Dênis Júnior (Ferroviária)
⭐️ ZAG/LD - Gabriel William (Ituano) 
⭐️ ZAG - Pedro Vitor (Votuporanguense)
⭐️ ZAG - Medina (Ferroviária)
⭐️ LE - Thiaguinho (Ituano)
⭐️ VOL - Kauan (Ituano)
⭐️ MC - Rodolfo (Votuporanguense)
⭐️ MC - Albano (Ferroviária)
⭐️ ATA - Paulinho (Juventus)
⭐️ ATA - Gabriel Razera (Ituano)
⭐️ ATA - Luiz Thiago (Votuporanguense)

Aqui, atleta vota em atleta!

#SeleçãodosAtletas #PaulistaoA2 #AtletaVotaemAtleta #SindicatodeAtletasSP #FPF #FutebolInterior

🎯 MKT Digital: @digitalsportspress",0,"03/30/2026 08:13",https://www.instagram.com/p/DWg2Ge6jz8O/,"Imagem do Instagram",,Total,17612,10000,172,10,2,1,0
18152060332458859,17841401651676045,afeoficial,"Ferroviária SAF","Os quatro gols da vitória sobre o São José pelo olhar exclusivo das lentes da TV AFE!

#Ferroviária | #Araraquara | #PaulistaA2

🎥 @leusrodrigues",131,"03/30/2026 08:00",https://www.instagram.com/reel/DWgz-K2jact/,"Reel do Instagram",,Total,16263,11621,474,11,2,18,0
18099009922982806,17841461375852191,juventussaf,"Juventus SAF","Edinho marcou os dois gols da vitória do Juve sobre o Sertãozinho e foi o destaque da partida! 🇱🇻

Agora, nosso camisa 10 soma três gols e duas assistências na competição.

Dados: Sofascore.

Vamos, @ediin_lopes01! 💪",0,"03/30/2026 06:30",https://www.instagram.com/p/DWgqGmNjpmT/,"Imagem do Instagram",,Total,44631,24229,657,8,1,15,0
18095533606863888,17841400074692954,paulistao,Paulistão,"No encerramento da segunda rodada da Copa Sul-Sudeste, o São Bernardo ficou no empate contra o Sampaio Corrêa-RJ.
#PaulistasEmCampo
📷Janes Carvalho/Divulgação/São Bernardo",0,"03/29/2026 18:28",https://www.instagram.com/p/DWfXtOcDqLb/,"Imagem do Instagram",,Total,57431,33498,803,25,1,1,11
18096353903102145,17841400074692954,paulistao,Paulistão,"EM SEMANA DE PÁSCOA, A FERROVIÁRIA DEU CHOCOLATE! 🍫 🔥
A Locomotiva goleou o São José por 4 a 1 e entrou na zona de classificação para as semifinais do #PaulistãoA2Rivalo",45,"03/29/2026 17:56",https://www.instagram.com/reel/DWfTidnjDCQ/,"Reel do Instagram",,Total,69835,54013,607,10,0,6,5
17958500591928927,17841400074692954,paulistao,Paulistão,"GOLEADA GRENÁ!
Ferroviária vira pra cima do São José e conquista três pontos importantes na disputa do Paulistão A2 Rivalo!
#PaulistãoA2Rivalo
📷Guilherme Moro/Ferroviária",0,"03/29/2026 16:00",https://www.instagram.com/p/DWfGxN1Estx/,"Imagem do Instagram",,Total,86797,49014,1549,95,1,40,7
18366599311203712,17841454473375442,ulissescostatv,"ULISSES TV","@douglasiskilo FAZ O TERCEIRO DA LOCOMOTIVA! 🚂 

Cruzamento na área, na cobrança de falta. Toque de cabeça para trás, para Douglas Skilo apenas empurrar para o fundo da rede.

🚨 ESTAMOS AO VIVO COM FERROVIÁRIA E SÃO JOSÉ NA ULISSES TV! LINK NO STORY! 

#ferroviaria #locomotiva #paulistao #campeonatopaulista #ulissestv",28,"03/29/2026 15:32",https://www.instagram.com/reel/DWfDVMooJ11/,"Reel do Instagram",,Total,48500,35337,818,31,23,8,0
17878002837541870,17841454473375442,ulissescostatv,"ULISSES TV","O MAQUINISTA TEM O MOLHO! 🚂🤣

Se liga nesse passinho que o maquinista da @afeoficial lançou no intervalo do jogo. Teve dancinha, correria e… Muito cansaço! Calma, maquinista. RESPIRA! 😅

🚨 ESTAMOS AO VIVO COM FERROVIÁRIA E SÃO JOSÉ NA ULISSES TV! LINK NO STORY! 

#ferroviaria #locomotiva #paulistao #campeonatopaulista #ulissestv",34,"03/29/2026 15:12",https://www.instagram.com/reel/DWfBA4jlVUv/,"Reel do Instagram",,Total,120107,79549,2236,234,29,28,0
17934786759210834,17841401651676045,afeoficial,"Ferroviária SAF","MEU CAMISA ONZE!

É o segundo dele na partida, a virada da Ferroviária na Fonte Luminosa!

AFE 2x1 SJO

#Ferroviária | #Araraquara | #PaulistaA2 

📽 Felipe Cardoso/Ferroviária SAF",42,"03/29/2026 14:50",https://www.instagram.com/reel/DWe-Y8kDgqF/,"Reel do Instagram",,Total,38705,23702,1337,36,3,34,0
18072999686541163,17841401651676045,afeoficial,"Ferroviária SAF","1️⃣1️⃣!

#Ferroviária | #Araraquara | #PaulistaA2 

📸 Guilherme Moro/Ferroviária SAF",0,"03/29/2026 14:35",https://www.instagram.com/p/DWe88f8jucg/,"Imagem do Instagram",,Total,16222,9166,311,2,1,6,0
18204155905336644,17841454473375442,ulissescostatv,"ULISSES TV","QUE GOLAÇO DO @michaelpaulista10, MEUS AMIGOS! 🦅💙

Falta para a Águia do Vale. Michael Paulista chamou a responsabilidade, soltou uma bomba e abriu o placar para o @saojoseecoficial, em Araraquara. 

🚨 ESTAMOS AO VIVO COM FERROVIÁRIA E SÃO JOSÉ NA ULISSES TV! LINK NO STORY! 

#saojose #aguiadovale #paulistao #campeonatopaulista #ulissestv",54,"03/29/2026 14:24",https://www.instagram.com/reel/DWe7essEW1M/,"Reel do Instagram",,Total,102872,69194,2053,65,36,31,0
18080907953082084,17841404518850618,saojoseecoficial,"São José Esporte Clube","GOOOOOL DA ÁGUIA! Gol do nosso camisa 10 artilheiro @michaelpaulista10 São José 1 a 0",37,"03/29/2026 14:12",https://www.instagram.com/reel/DWe6Hw1CaMh/,"Reel do Instagram",,Total,109271,64737,4443,194,40,192,0
17943439454998776,17841401651676045,afeoficial,"Ferroviária SAF","Nossa cidade, nossa casa!

#Ferroviária | #Araraquara | #PaulistaA2

📸 Leonardo Rodrigues/Ferroviária SAF",0,"03/29/2026 13:20",https://www.instagram.com/p/DWe0XR0EWmZ/,"Imagem do Instagram",,Total,62988,34863,1359,9,4,3,0
18331282288301773,17841400074692954,paulistao,Paulistão,"Toda categoria de Marcos Antônio passando por aqui!
#PaulistasEmCampo #SãoPaulo",6,"03/29/2026 08:05",https://www.instagram.com/reel/DWeKnQ2FYA7/,"Reel do Instagram",,Total,92458,56395,4936,28,0,67,46
18129834808484659,17841400074692954,paulistao,Paulistão,"TIGRE JOGA EM CASA! 🐯
O segundo compromisso do São Bernardo na Copa Sul-Sudeste é contra o Sampaio Corrêa!
#PaulistasEmCampo",0,"03/29/2026 06:00",https://www.instagram.com/p/DWd829wFQJB/,"Imagem do Instagram",,Total,44831,26810,637,9,0,2,5
18150151135465234,17841400074692954,paulistao,Paulistão,"EM FRENTE, TIGRE VALENTE!
O Novorizontino vence a primeira na Copa Sul-Sudeste!
#PaulistasEmCampo
📷Ozzair Jr/Novorizontino",0,"03/28/2026 19:44",https://www.instagram.com/p/DWc7gq5kTYB/,"Imagem do Instagram",,Total,195323,115924,5037,18,7,19,30
18101501218747083,17841400074692954,paulistao,Paulistão,"DE OLHO NOS RESULTADOS!
Ituano, Votuporanguense e Juventus fizeram a alegria de suas torcidas neste sábado, que foi ainda mais especial pro CAV, primeiro semifinalista do Paulistão A2 Rivalo!
#PaulistãoA2Rivalo",0,"03/28/2026 18:27",https://www.instagram.com/p/DWcyth8DVHh/,"Imagem do Instagram",,Total,47619,27527,678,19,1,17,4
18541399360067902,17841400074692954,paulistao,Paulistão,"VITÓRIA DO JUVENTUS!
Em noite de Edinho, autor de dois gols, O Moleque Travesso supera o Sertãozinho e segue firme na luta pela classificação para a semifinal!
#PaulistãoA2Rivalo
📷Divulgação/Juventus",0,"03/28/2026 18:10",https://www.instagram.com/p/DWcw0qtDo3v/,"Imagem do Instagram",,Total,70754,41503,1035,24,1,15,5
18083825468364608,17841400074692954,paulistao,Paulistão,"TÁ ACABANDO!
Ponto final na penúltima rodada da fase de grupos do Paulistão A4 Rivalo! Vamos ao resultados.
#PaulistãoA4Rivalo",0,"03/28/2026 17:58",https://www.instagram.com/p/DWcvd_mj9_m/,"Imagem do Instagram",,Total,55637,30967,959,53,4,24,9
17881840224490872,17841400074692954,paulistao,Paulistão,"IDA JÁ FOI! 
Se liga como ficaram os resultados dos primeiros jogos das quartas de final do Paulistão A3 Rivalo!
#PaulistãoA3Rivalo",0,"03/28/2026 17:45",https://www.instagram.com/p/DWct8kGD0Uw/,"Imagem do Instagram",,Total,62912,34753,1136,67,2,53,6
18577589305000591,17841400074692954,paulistao,Paulistão,"O VOTUPORANGUENSE ESTÁ A DOIS PASSOS DE FAZER HISTÓRIA!🔥
Em jogo de reviravoltas, o CAV derrotou o XV de Piracicaba por 2 a 1 e garantiu de forma antecipada sua vaga nas semifinais do #PaulistãoA2Rivalo.",61,"03/28/2026 17:21",https://www.instagram.com/reel/DWcrFtJjYIi/,"Reel do Instagram",,Total,115739,75163,2684,312,32,63,36
18096214493074081,17841400074692954,paulistao,Paulistão,"VITÓRIA EM CASA!
No primeiro confronto entre Paulista e Portuguesa Santista por um lugar na semifinal do Paulistão A3 Rivalo, o Galo da Japi levou a melhor!
#PaulistãoA3Rivalo
📷Divulgação/Paulista",0,"03/28/2026 17:17",https://www.instagram.com/p/DWcqsFyEfhl/,"Imagem do Instagram",,Total,59059,34134,1164,23,0,18,4
18097963667474437,17841400074692954,paulistao,Paulistão,"SEMIFINALISTA!
Votuporanguense vence o XV de Piracicaba e segue na luta pelo acesso à elite estadual!
#PaulistãoA2Rivalo
📷Rapha Marques/Divulgação/Votuporanguense",0,"03/28/2026 16:38",https://www.instagram.com/p/DWcmPqcEkf1/,"Imagem do Instagram",,Total,67335,39122,813,33,1,25,5
18041331623551947,17841400074692954,paulistao,Paulistão,"TÁ MALUCO! 🤯
O Pelé pode não ter feito, mas o Perea não perdeu a chance! Lindo gol do camisa 2 do Jabaquara pra cima do Comercial no Paulistão A4 Rivalo!
#PaulistãoA4Rivalo",68,"03/28/2026 14:41",https://www.instagram.com/reel/DWcYxexCUac/,"Reel do Instagram",,Total,154008,93435,3828,341,4,55,37
18075406181546468,17841400074692954,paulistao,Paulistão,"CANTOU DE GALO!
XV de Jaú vence o Rio Claro fora de casa e agora decide a vaga para a semifinal do Paulistão A3 Rivalo no Zezinho Magalhães!
#PaulistãoA3Rivalo
📷Aline Martins/XV de Jaú",0,"03/28/2026 14:01",https://www.instagram.com/p/DWcUWmCkiMM/,"Imagem do Instagram",,Total,58512,34126,1232,45,8,17,5
17932115145054994,17841400074692954,paulistao,Paulistão,"VANTAGEM DO CACHORRÃO!
EC São Bernardo faz o dever de casa e fica mais próximo de um lugar na semifinal do #PaulistãoA3Rivalo.
📷Leonardo Carrara",0,"03/28/2026 13:59",https://www.instagram.com/p/DWcUHqCEkHa/,"Imagem do Instagram",,Total,35171,20031,411,18,2,14,1
18084022259362351,17841400074692954,paulistao,Paulistão,"ITUANO O TIME DA VIRADA! 🐓🔥 
Belo pivô de Bruno Mezenga pro gol de Dal Pian na vitória dos visitantes sobre o Água Santa por 2 a 1. Com o resultado, o Galo de Itu fica mais perto de conquistar uma vaga nas semis do #PaulistãoA2Rivalo.",13,"03/28/2026 13:19",https://www.instagram.com/reel/DWcO4i8ifiK/,"Reel do Instagram",,Total,72137,46978,1116,12,6,14,5
18087268385245040,17841400074692954,paulistao,Paulistão,"DEU GALO!
Ituano leva a melhor fora de casa e dá passo importante para a semifinal do Paulistão A2 Rivalo!
#PaulistãoA2Rivalo
📷Henrique César/Divulgação/Ituano",0,"03/28/2026 13:08",https://www.instagram.com/p/DWcOQPpEhM_/,"Imagem do Instagram",,Total,65828,38509,865,24,1,10,2
18044895848758235,17841427986572591,barretosec,"Barretos Esporte Clube - Perfil Oficial","PASSE PERFEITO, DOMÍNIO COM CATEGORIA PARA MANDAR PRO FUNDO DO GOOOOOL!🌟📸

📸 @gui_clicks / Comunicação BEC

#TouroDoVale #BarretosEC #JuntosPeloTouro #Rivalo",13,"03/28/2026 12:25",https://www.instagram.com/reel/DWcJG6Gj-oV/,"Reel do Instagram",,Total,155318,88536,2184,135,27,38,0
18212970583320618,17841400074692954,paulistao,Paulistão,"O CRIA DO ITUANO RESOLVE! 🔥 
Lucas Stefanello empata pro Ituano contra o Água Santa.#PaulistãoA2Rivalo",8,"03/28/2026 11:45",https://www.instagram.com/reel/DWcD4vIER3C/,"Reel do Instagram",,Total,67053,40545,1041,39,4,28,9
18082928672346910,17841400074692954,paulistao,Paulistão,"QUE GOLAÇO! 🔥
Léo Pereira abre o placar pro Água Santa contra o Ituano. #PaulistaoA2Rivalo",14,"03/28/2026 11:17",https://www.instagram.com/reel/DWcBPX1kZu0/,"Reel do Instagram",,Total,78741,48811,1833,103,9,24,14
18365027881207249,17841400074692954,paulistao,Paulistão,"TORCIDA DO ÁGUA SANTA FAZENDO SUA PARTE NA CHEGADA DO TIME! 🔱💙 
#PaulistãoA2Rivalo",47,"03/28/2026 09:40",https://www.instagram.com/reel/DWb1u7aEZ6g/,"Reel do Instagram",,Total,151299,98415,3834,144,18,39,58
17882020425497471,17841400074692954,paulistao,Paulistão,"🇨🇴⚽JHON ARIAS FOI PRA REDE!
O GOL QUE GARANTIU A VITÓRIA DO VERDÃO NO CHOQUE-REI!
#PaulistasEmCampo #Palmeiras",13,"03/28/2026 08:00",https://www.instagram.com/reel/DWbl4wskS6t/,"Reel do Instagram",,Total,21069,17045,1071,18,0,3,9
18120211108621080,17841400074692954,paulistao,Paulistão,"PARA CIMA DELES, TIGRE!
Mais um duelo do Novorizontino na Copa Sul-Sudeste!
#PaulistasEmCampo",0,"03/28/2026 06:00",https://www.instagram.com/p/DWbYEV0Ccm-/,"Imagem do Instagram",,Total,29556,16797,442,7,0,1,4
18080795366377246,17841400074692954,paulistao,Paulistão,"MAIS UM PASSO RUMO ÀS SEMIFINAIS!
#PaulistãoA2Rivalo",0,"03/28/2026 05:30",https://www.instagram.com/p/DWbUoNYFFbt/,"Imagem do Instagram",,Total,34022,20952,372,20,1,6,6
18004029101904390,17841400074692954,paulistao,Paulistão,"A BUSCA PELO ACESSO COMEÇOU! 🔥
Confira onde assistir os jogos de ida das quartas de final do #PaulistãoA3Rivalo.",0,"03/28/2026 05:00",https://www.instagram.com/p/DWbRM2Xmtf6/,"Imagem do Instagram",,Total,46766,29406,536,20,2,8,6
18118529842626686,17841400074692954,paulistao,Paulistão,"JOGOS DECISIVOS! 🔥
Confira onde assistir seu time na 14ª rodada do #PaulistãoA4Rivalo.",0,"03/28/2026 04:30",https://www.instagram.com/p/DWbNwzomuS0/,"Imagem do Instagram",,Total,39027,21912,459,11,2,1,5
18004747370707419,17841400074692954,paulistao,Paulistão,"VITÓRIA NOS ACRÉSCIMOS! 🔥
Kauã Giancler garantiu os três pontos pro Taquaritinga contra o Tanabi no #PaulistãoA4Rivalo.",15,"03/27/2026 15:00",https://www.instagram.com/reel/DWZxSiKlQKI/,"Reel do Instagram",,Total,53577,38558,599,8,5,9,4
18138204388501725,17841400074692954,paulistao,Paulistão,"É DIFÍCIL FAZER GOL NO MARÍLIA! 🐅🔥
A defesa do MAC é a menos vazada do #PaulistãoA3Rivalo.",0,"03/27/2026 14:30",https://www.instagram.com/p/DWZtp7tDgQL/,"Imagem do Instagram",,Total,48273,26183,926,27,2,10,4
17906780856377759,17841400074692954,paulistao,Paulistão,"UM FOGUETE! 🚀 🔥 
Que golaço do Thassio pra fechar a vitória do Ituano sobre o Água Santa. #PaulistãoA2Rivalo",10,"03/27/2026 14:00",https://www.instagram.com/reel/DWZqVsQj8AW/,"Reel do Instagram",,Total,23294,17519,300,4,2,3,1
18073175714555088,17841400074692954,paulistao,Paulistão,"DECISIVO! 🔥
Vocês decidiram e Luiz Thiago foi eleito o Craque dessa rodada do #PaulistãoA2Rivalo.",0,"03/27/2026 13:03",https://www.instagram.com/p/DWZoxCkicej/,"Imagem do Instagram",,Total,21902,13654,148,24,0,12,0
17990149775946791,17841400074692954,paulistao,Paulistão,"PORTAS FECHADAS! ❌
A defesa do Jabaquara travou o ataque do Lemense no #PaulistãoA4Rivalo.",19,"03/27/2026 12:30",https://www.instagram.com/reel/DWZgDyck1Rc/,"Reel do Instagram",,Total,24555,18582,159,5,1,4,0
17924759025090760,17841400074692954,paulistao,Paulistão,"UM ANO DESTE MOMENTO!
🥇🥲 As lágrimas do autor do gol do título do Paulistão 2025!
#Paulistão #Corinthians",39,"03/27/2026 12:00",https://www.instagram.com/reel/DWZcp_UkyOh/,"Reel do Instagram",,Total,922992,619850,110339,2776,2738,1970,1814
18207004786329182,17841400074692954,paulistao,Paulistão,"🏆HUGO SOUZA, O HERÓI DO TÍTULO DO PAULISTÃO 2025!
HÁ UM ANO, O CAMISA 1 DO TIMÃO FICOU MARCADO NA HISTÓRIA!
#Paulistão2025",14,"03/27/2026 11:00",https://www.instagram.com/reel/DWZVp3LDrvf/,"Reel do Instagram",,Total,389533,268638,42051,1470,126,383,475
17947185167984031,17841400074692954,paulistao,Paulistão,"ELES SE REENCONTRARAM! 👀
Caiuby e Roger Bernardo jogavam juntos em 2012 pelo Ingolstadt da Alemanha, e se reencontraram como adversários nesse #PaulistãoA4Rivalo.",0,"03/27/2026 10:01",https://www.instagram.com/p/DWZT_PrkWCb/,"Imagem do Instagram",,Total,78554,40702,1591,94,1,16,19
18191648755362818,17841400074692954,paulistao,Paulistão,"ISSO É PAPO DE UNDAIÁ! 🤌
#PaulistãoA3Rivalo #Undaia",22,"03/27/2026 09:00",https://www.instagram.com/reel/DWZIFH3lHlh/,"Reel do Instagram",,Total,61095,39533,687,35,0,2,13
17847932334679359,17841400074692954,paulistao,Paulistão,"EM ESTADO DE LOUCURA!
Há um ano, o Corinthians conquistava o Paulistão 2025, o 31° título Paulista da história do Timão! 🏆
#Paulistão #Corinthians 
📷Rebeca Reis/Ag.Paulistão",0,"03/27/2026 07:13",https://www.instagram.com/p/DWZA0amjdcn/,"Carrossel do Instagram",,Total,356004,148219,32846,591,21,442,299
18124872514595067,17841400074692954,paulistao,Paulistão,"O GALO SEGUE VOANDO! 🐓 
Desde o título da Bezinha em 2024, o Paulista segue em ascensão e luta por mais um acesso no #PaulistãoA3Rivalo.",0,"03/27/2026 07:00",https://www.instagram.com/p/DWY6I3cEpT9/,"Imagem do Instagram",,Total,67376,33921,1991,71,4,51,13
17864976063528757,17841400888513239,emiliano34diaz,"Emiliano Diaz","Hoje faz 1 ano que comemoramos um título de grande importância para a nossa carreira.

Ganhar campeonatos é sempre o nosso objetivo, mas estar no topo junto com um clube gigante, onde a nossa família criou tanta identificação e carinho, tornou tudo ainda mais especial.

Através dessas imagens conseguimos reviver alguns momentos que passamos neste clube até levantar a taça em cima do rival.

Quem me pergunta o porquê de tanto carinho pelo Corinthians, talvez entenda assistindo a esse material. A história está escrita e o respeito é eterno. 🖤🤍",192,"03/27/2026 06:42",https://www.instagram.com/reel/DWY8qPpjeTM/,"Reel do Instagram",,Total,393040,240681,44423,1784,317,3005,0
18093540665111228,17841400074692954,paulistao,Paulistão,"RABISCA Y RABISCA!
Esse bonde entende muito bem do futebol arte 😎
#PaulistasEmCampo",0,"03/27/2026 06:30",https://www.instagram.com/p/DWY2tSYGvj0/,"Imagem do Instagram",,Total,62072,31460,1211,39,0,17,13
18078337286111369,17841400074692954,paulistao,Paulistão,"GOL HISTÓRICO! 💯
Há 15 anos, Rogério Ceni batia uma falta que entrava pra história do futebol. O centésimo gol do M1T0 saiu no clássico contra o Corinthians, pelo Paulistão 2011!
#Paulistão #FutebolPaulista 
🎥Globo",89,"03/27/2026 04:00",https://www.instagram.com/reel/DWYl4dwlSY2/,"Reel do Instagram",,Total,92442,69951,7865,1126,164,270,209
18085008806599951,17841400074692954,paulistao,Paulistão,"O PAREDÃO DA FERROVIÁRIA! 🚂 🧤
Denis Júnior pegou um pênalti nos acréscimos garantindo a primeira vitória da Locomotiva na 2ª fase do #PaulistãoA2Rivalo.",9,"03/26/2026 15:30",https://www.instagram.com/reel/DWXPx-wGC3G/,"Reel do Instagram",,Total,53913,38428,547,3,1,3,4
18087676178224836,17841400074692954,paulistao,Paulistão,"ACREDITAR ATÉ O FIM! 🔥
O Felipe Brian foi herói e SALVOU EM CIMA DA LINHA no empate do Nacional pelo #PaulistãoA4Rivalo.",11,"03/26/2026 15:00",https://www.instagram.com/reel/DWXMWsNjTKg/,"Reel do Instagram",,Total,35620,25497,387,31,2,12,3
17955943317093337,17841400074692954,paulistao,Paulistão,"QUEM FOI O CRAQUE DA RODADA?🔥
Vote aqui no post e escolha quem foi o destaque da 3ª rodada da 2ª fase do Paulistão A2 Rivalo! A enquete se encerra nessa sexta (20), às 11h.
#PaulistãoA2Rivalo #CraqueDaRodada",0,"03/26/2026 14:19",https://www.instagram.com/p/DWXMV8lCayT/,"Imagem do Instagram",,Total,26298,15382,315,310,11,96,1
18067880561313353,17841400074692954,paulistao,Paulistão,"PARA A TORCIDA DO JUVENTUS, NADA GANHA DA EMOÇÃO! 🔥 
Entrevistamos o torcedor do Moleque Travesso que revisitou o passado, falou sobre a atual campanha e ainda projetou o futuro do clube do coração. 

#Rivalo #NadaGanhadaEmoção #JoguecomResponsabilidade +18",65,"03/26/2026 14:00",https://www.instagram.com/reel/DWXGBEviI4e/,"Reel do Instagram",,Total,10470,8510,146,10,1,4,3
17962600407051492,17841429857362439,paulistaof,"Paulistão F","VAI CONFERIR NO VAR!
O Paulistão Feminino 2026 veio com uma novidade importante: a tecnologia do Árbitro de Vídeo estará presente em todos os jogos da competição, sendo a primeira competição feminina do Brasil a ter a ferramenta em 100% das partidas.
#PaulistãoFeminino2026",0,"03/26/2026 13:41",https://www.instagram.com/p/DWXIX0jj2Gw/,"Imagem do Instagram",,Total,59576,35316,809,100,5,42,9
18112297444684738,17841429857362439,paulistaof,"Paulistão F","OLHA QUEM ESTÁ CHEGANDO!
O Paulistão Feminino 2026 vai começar. Vem conferir as equipes participantes e o novo formato da competição 👀
#PaulistãoFeminino2026",0,"03/26/2026 13:15",https://www.instagram.com/p/DWXFdI9FLN2/,"Carrossel do Instagram",,Total,78203,34284,1603,148,27,44,45
18106481812879522,17841400074692954,paulistao,Paulistão,"BATIDA DE CAMISA 10! 🚂🔥
Albano marcou o gol da vitória da Ferroviária sobre o São José por 1 a 0 e manteve vivo o sonho da Locomotiva de conquistar uma vaga nas semifinais do #PaulistãoA2Rivalo.",9,"03/26/2026 13:00",https://www.instagram.com/reel/DWW-nfIjj5c/,"Reel do Instagram",,Total,23802,16861,247,6,0,6,2
18132254488542991,17841400074692954,paulistao,Paulistão,"CHAPOU NA GAVETA!🔥
Golaço do Vitinho na goleada do VOCEM sobre o Araçatuba por 4 a 0, pela 13ª rodada do #PaulistãoA4Rivalo.",13,"03/26/2026 12:30",https://www.instagram.com/reel/DWW7L_aClMu/,"Reel do Instagram",,Total,43663,30461,818,25,6,48,4
18071158970260643,17841400074692954,paulistao,Paulistão,"TOCA NO CALLERI QUE VOCÊS JÁ SABEM... ⚽🔥
O argentino do Tricolor lidera o ranking de artilheiros paulistas no @brasileirao!
#PaulistasEmCampo",0,"03/26/2026 12:00",https://www.instagram.com/p/DWW3rBcjw7t/,"Imagem do Instagram",,Total,313785,162113,20923,1336,30,130,242
18100341583945680,17841400074692954,paulistao,Paulistão,"MOMENTO ESPECIAL 😍
Árbitro da finalíssima do Paulistão Casas Bahia 2026, Flavio Souza nos conta mais sobre o sentimento de apitar uma decisão! Vem conferir 🎙️

#PaulistãoCasasBahia #FPF #Arbitragem #FPFAcademia #EAFI",57,"03/26/2026 11:02",https://www.instagram.com/reel/DWW2Ef8kcPi/,"Reel do Instagram",,Total,45153,31451,1279,49,3,56,24
18346967074241105,17841400074692954,paulistao,Paulistão,"JÁ FOI METADE!🔥
Confira como está a classificação dos grupos do #PaulistãoA2Rivalo.",0,"03/26/2026 10:30",https://www.instagram.com/p/DWWwPvhE8VR/,"Imagem do Instagram",,Total,52202,27164,1183,52,3,18,6
18174502516403442,17841401651676045,afeoficial,"Ferroviária SAF","A heróica defesa de pênalti do nosso paredão Denis Júnior!
Defesa que garantiu a vitória da AFE fora de casa, em São José dos Campos!

#Ferroviária | #Araraquara | #PaulistaA2

🎥 Guilherme Moro/Ferroviária SAF",13,"03/26/2026 09:05",https://www.instagram.com/reel/DWWom0jDsC3/,"Reel do Instagram",,Total,144701,76616,2984,49,5,34,0
18107422945856074,17841400074692954,paulistao,Paulistão,"ESTÃO SERVIDOS?
Quando se fala de garçom, esses são os melhores do #FutebolPaulista no @brasileirao.
#PaulistasEmCampo",0,"03/26/2026 09:00",https://www.instagram.com/p/DWWjEvSCTyU/,"Imagem do Instagram",,Total,73381,40613,2161,90,0,36,24
18085577486194399,17841400074692954,paulistao,Paulistão,"ESTÁ NASCENDO UM NOVO LÍDER…🎶👀
Com São Caetano, Inter de Bebedouro e Penapolense garantidos na próxima fase, assim ficou a classificação após 13 rodadas de #PaulistãoA4Rivalo.",0,"03/26/2026 08:30",https://www.instagram.com/p/DWWgOBilMPA/,"Imagem do Instagram",,Total,81575,44278,1739,84,10,34,19
18085684754014101,17841400074692954,paulistao,Paulistão,"PEGOU NA VEIA! 🎯🔥 
Luiz Thiago marcou um golaço pra dar a vitória ao Votuporanguense sobre o XV de Piracicaba por 2 a 1 e colocar a Pantera Alvinegra na liderança isolada do Grupo 2 do #PaulistãoA2Rivalo.",15,"03/26/2026 07:50",https://www.instagram.com/reel/DWWgFtajV58/,"Reel do Instagram",,Total,21357,16067,468,29,1,19,4
18081875696060954,17841400074692954,paulistao,Paulistão,"PRIMEIRO COMPROMISSO!
Hoje é dia de acompanhar o @brasil diante da França 💪🔥
#SeleçãoBrasileira",0,"03/26/2026 05:00",https://www.instagram.com/p/DWWHnDHFhLp/,"Imagem do Instagram",,Total,132390,67273,6424,130,5,49,39
18009967349691628,17841400074692954,paulistao,Paulistão,"A quarta-feira dos paulistas na Copa Sul-Sudeste terminou assim! #PaulistasEmCampo",0,"03/25/2026 19:50",https://www.instagram.com/p/DWVN4CsFZAN/,"Imagem do Instagram",,Total,29480,17330,364,3,0,9,1
18125378146602526,17841400074692954,paulistao,Paulistão,"O São Bernardo estreou na Copa Sul-Sudeste com derrota pra Chapecoense. #PaulistasEmCampo
📷 Rafael Bressan/ACF",0,"03/25/2026 19:46",https://www.instagram.com/p/DWVNVOHFTz2/,"Imagem do Instagram",,Total,44139,25502,500,3,0,3,7
18089923729919411,17841400074692954,paulistao,Paulistão,"EMPATE NA ESTREIA! 
O Novorizontino ficou no 1 a 1 com o América-MG na Copa Sul-Sudeste! #PaulistasEmCampo
📷 Juan Rodrigues/Novorizontino",0,"03/25/2026 19:34",https://www.instagram.com/p/DWVL7E7lVOW/,"Imagem do Instagram",,Total,33078,19689,389,4,0,2,2
18110483362794199,17841400074692954,paulistao,Paulistão,"13ª RODADA FINALIZADA! ✅
Esses foram os resultados da quarta-feira de #PaulistãoA4Rivalo!",0,"03/25/2026 18:42",https://www.instagram.com/p/DWVGDmZjsOV/,"Imagem do Instagram",,Total,39000,21415,650,14,0,13,5
18074141435179602,17841400074692954,paulistao,Paulistão,"FIM DA 3ª RODADA!
Esses foram os resultados do #PaulistãoA2Rivalo!",0,"03/25/2026 18:31",https://www.instagram.com/p/DWVEzkHEWHu/,"Imagem do Instagram",,Total,30587,17176,513,24,1,6,2
18101635021931977,17841400450142458,comercialfcoficial,"Comercial Futebol Clube","Fala meu zagueiro artilheiro 📢

@cristopher_t00",13,"03/25/2026 18:24",https://www.instagram.com/reel/DWVD8uNEXCG/,"Reel do Instagram",,Total,53202,27714,1787,56,10,57,0
18097123466062301,17841400074692954,paulistao,Paulistão,"PRA SEGUIR NA LIDERANÇA!
O Votuporanguense venceu o XV de Piracicaba fora de casa! #PaulistãoA2Rivalo 
📷 Tiago Dias/Divulgação/Votuporanguense",0,"03/25/2026 18:19",https://www.instagram.com/p/DWVDZBgmtVw/,"Imagem do Instagram",,Total,38899,22807,593,27,2,21,5
17914011675343352,17841400074692954,paulistao,Paulistão,"VITÓRIA IMPORTANTE! 
A Ferroviária venceu o São José fora de casa, pela 3ª rodada da 2ª fase do #PaulistãoA2Rivalo! 
📷 Guilherme Moro/Ferroviária SAF",0,"03/25/2026 18:09",https://www.instagram.com/p/DWVCOLvlS96/,"Imagem do Instagram",,Total,39149,23340,605,21,0,18,3
18153172780455557,17841400074692954,paulistao,Paulistão,"VITÓRIA DO GALO DE ITU! 
O Ituano venceu o Água Santa pela 3ª rodada da 2ª fase do #PaulistãoA2Rivalo! 
📷 Flávio Torres",0,"03/25/2026 16:00",https://www.instagram.com/p/DWUzkIVFTsa/,"Imagem do Instagram",,Total,45711,26649,610,22,2,5,2
18110571025746776,17841400074692954,paulistao,Paulistão,"NÃO DEU NEM TEMPO DE RESPIRAR! 😮‍💨
O Ituano fez dois seguidos e ampliou o placar no #PaulistãoA2Rivalo!",17,"03/25/2026 15:24",https://www.instagram.com/reel/DWUvUxKiSER/,"Reel do Instagram",,Total,43608,28784,705,17,4,9,13
17949784785129948,17841400074692954,paulistao,Paulistão,"GOLEADA E SETE VITÓRIAS SEGUIDAS! 🔥💙
O São Caetano venceu o Colorado Caieiras por 4 a 0 e segue embalado no #PaulistãoA4Rivalo.",47,"03/25/2026 14:30",https://www.instagram.com/reel/DWUn5k3AdMi/,"Reel do Instagram",,Total,231005,151730,5121,222,23,60,55
18098697950074547,17841400074692954,paulistao,Paulistão,"MENOS DE 2 MINUTOS!
Razera abre o placar pro Ituano bem no comecinho do jogo! #PaulistãoA2Rivalo",13,"03/25/2026 14:13",https://www.instagram.com/reel/DWUnJhxiQvy/,"Reel do Instagram",,Total,54213,35704,1064,23,7,19,5
18058958360433700,17841400074692954,paulistao,Paulistão,"É ITUANO! 🤩
O apoio das crianças antes do jogo pelo #PaulistãoA2Rivalo!",8,"03/25/2026 14:02",https://www.instagram.com/reel/DWUl6aRCYSB/,"Reel do Instagram",,Total,19950,13783,225,7,4,8,2
18038535479780868,17841400074692954,paulistao,Paulistão,"O GALO DE ITU TÁ PRONTO! 🤩
Já já a bola vai rolar pra mais um jogo decisivo: Ituano x Água Santa! #PaulistãoA2Rivalo",11,"03/25/2026 13:32",https://www.instagram.com/reel/DWUigODCQL3/,"Reel do Instagram",,Total,13692,10486,209,7,0,6,3
18399787372198911,17841403734375167,sindicatodeatletas,"Sindicato de Atletas SP","🏆 Seleção dos Atletas
Paulistão A4 Rivalo 2026

Confira as seleções da 12ª rodada do Paulistão A4 Rivalo 2026.

⭐ GOL - Estevão (Penapolense)
⭐ LD - Diogo (Penapolense) 
⭐ ZAG - Cristopher (Comercial)
⭐ ZAG - Dogão (Comercial)
⭐ LE - Devid Richard (Grêmio São-Carlense)
⭐ VOL - Daniel Foguinho (Tanabi)
⭐ MC - Mateusinho (ECUS)
⭐ MC - David Lazari (ECUS)
⭐ MC- Marllon (Nacional)
⭐ ATA - Davi Menino (Nacional)
⭐ ATA - Caio (Taquaritinga)

Aqui, atleta vota em atleta!

#SeleçãodosAtletas #PaulistaoA4 #AtletaVotaemAtleta #SindicatodeAtletasSP #FPF #FutebolInterior

🎯 MKT Digital: @digitalsportspress",0,"03/25/2026 09:50",https://www.instagram.com/p/DWUJNjsDck6/,"Imagem do Instagram",,Total,34105,18101,242,18,2,3,0
17882847090497127,17841400074692954,paulistao,Paulistão,"O MENINO É LISO! 🔥 
Lucas Andrey aprontando com a camisa do Grêmio São-Carlense no #PaulistãoA4Rivalo.",11,"03/25/2026 08:00",https://www.instagram.com/reel/DWT3dstCfOW/,"Reel do Instagram",,Total,81061,52942,1063,96,7,53,8
18062282984341060,17841400074692954,paulistao,Paulistão,"TODOS OS CONVOCADOS DO FUTEBOL PAULISTA!
Palmeiras, Corinthians, São Paulo e Santos tem representantes de seus elencos nas seleções da América do Sul para os últimos amistosos antes da Copa do Mundo! 👀
#FutebolPaulista #PaulistasEmCampo",0,"03/25/2026 07:00",https://www.instagram.com/p/DWTy2AQDvcM/,"Imagem do Instagram",,Total,426678,217904,12045,148,8,163,241
17906798949206081,17841400074692954,paulistao,Paulistão,"TIGRE EM DOSE DUPLA!
Hoje tem estreia do Novorizontino e do São Bernardo na Copa Sul-Sudeste!
#PaulistasEmCampo",0,"03/25/2026 06:00",https://www.instagram.com/p/DWTpsS0lHLq/,"Imagem do Instagram",,Total,30055,16454,586,5,0,3,3
17870540523477862,17841400074692954,paulistao,Paulistão,"RETA DECISIVA! 🔥
Confira os jogos da 13ª rodada do #PaulistãoA4Rivalo",0,"03/25/2026 05:30",https://www.instagram.com/p/DWTmQOFFCw1/,"Imagem do Instagram",,Total,28741,16891,386,16,2,2,5
18076030817148150,17841400074692954,paulistao,Paulistão,"PRA FECHAR A RODADA! 🔥
#PaulistãoA2Rivalo.",0,"03/25/2026 05:00",https://www.instagram.com/p/DWTi45gGgtl/,"Imagem do Instagram",,Total,22778,12931,376,18,0,8,2
18059331482432011,17841400074692954,paulistao,Paulistão,"PRECISANDO DE VITÓRIA EM CLÁSSICO? CHAMA O PALMEIRAS! 🐷🔥
São cinco jogos e cinco vitórias na conta do Verdão!
#PaulistasEmCampo #Palmeiras #ChoqueRei #Derby #ClássicoDaSaudade",0,"03/24/2026 15:00",https://www.instagram.com/p/DWSCroek8uK/,"Imagem do Instagram",,Total,48626,26124,2938,91,0,45,68
18098678482793020,17841400074692954,paulistao,Paulistão,"QUE DEFESA ESPETACULAR! 🧤🐊
Marcos Alessandro garantiu a vitória do Rio Preto com essa DEFESAÇA! 
#PaulistãoA3Rivalo.",9,"03/24/2026 13:30",https://www.instagram.com/reel/DWR4bJ5D_xn/,"Reel do Instagram",,Total,37452,24944,573,54,2,17,3
17992641605947939,17841400074692954,paulistao,Paulistão,"O SÃO PAULO ESTÁ NO CORAÇÃO DO GABRIEL SARA! 
Convocado pela Seleção Brasileira, o meia sonha em voltar ao Tricolor! 
#SãoPaulo 
🎥 CBF 
📷 Alexandre Battibugli/Ag. Paulistão",31,"03/24/2026 13:05",https://www.instagram.com/reel/DWR6mNaiSjU/,"Reel do Instagram",,Total,91012,63715,3831,71,0,47,55
18008490941849695,17841403734375167,sindicatodeatletas,"Sindicato de Atletas SP","🏆 Seleção dos Atletas
Paulistão A4 Rivalo 2026

Confira as seleções da 11ª rodada do Paulistão A4 Rivalo 2026.

⭐ GOL - Vinicius (Taquaritinga)
⭐ ZAG/LD - Silveira (Ecus)
⭐ ZAG - Caio Mineiro (Jacareí)
⭐ ZAG/LE - Anthony (Inter de Bebedouro)
⭐ VOL - Ryan (Penapolense)
⭐ VOL - Fofão (Comercial)
⭐ MC - Santiago (Nacional)
⭐ MC - Mikael (Comercial)
⭐ ATA - Pedrinho (Taquaritinga)
⭐ ATA - Daniel Bahia (Penapolense)
⭐ ATA - Kadu Barone (Inter de Bebedouro)

Aqui, atleta vota em atleta!

#SeleçãodosAtletas #PaulistaoA4 #AtletaVotaemAtleta #SindicatodeAtletasSP #FPF #FutebolInterior

🎯 MKT Digital: @digitalsportspress",0,"03/24/2026 12:30",https://www.instagram.com/p/DWR2qmJDQMN/,"Imagem do Instagram",,Total,33941,19753,222,55,2,2,0
17904608187385688,17841400074692954,paulistao,Paulistão,"Quer tomar um UNDAIÁ do Carlos Miguel?!
#PaulistãoCasasBahia",13,"03/24/2026 10:37",https://www.instagram.com/reel/DWRpwEdEUMH/,"Reel do Instagram",,Total,549804,343211,30321,2478,560,175,409
18127028554602683,17841403734375167,sindicatodeatletas,"Sindicato de Atletas SP","🏆 Seleção dos Atletas
Paulistão A3 Rivalo 2026

Confira a seleção da 15ª rodada do Paulistão A3 Rivalo 2026.

⭐ GOL - Marcão (Rio Preto) 
⭐ ZAG - Michael Douglas (EC São Bernardo)
⭐ ZAG - Felipe Codô (Rio Preto)
⭐ ZAG/LE - Udson (EC São Bernardo)
⭐ VOL - Dieguinho (Rio Claro)
⭐ VOL - Otávio (Portuguesa Santista)
⭐ MC - Rafael Costa (União São João)
⭐ MC - Masson (Rio Claro)
⭐ ATA - Matheus Arcanjo (Paulista)
⭐ ATA - Lucas Lima (Marília)
⭐ ATA - Túlio (Bandeirante)

Aqui, atleta vota em atleta!

#SeleçãodosAtletas #PaulistaoA3 #AtletaVotaemAtleta #SindicatodeAtletasSP #FPF #FutebolInterior

🎯 MKT Digital: @digitalsportspress",0,"03/24/2026 10:09",https://www.instagram.com/p/DWRmiZnE4BZ/,"Imagem do Instagram",,Total,31211,17324,286,37,1,1,0
18108098083834360,17841400074692954,paulistao,Paulistão,"O PROTAGONISTA DO TIMÃO!
Yuri Alberto voltou com tudo e deixou sua marca na Neo Química Arena!
#PaulistasEmCampo #Corinthians",23,"03/24/2026 10:00",https://www.instagram.com/reel/DWRgilXDg64/,"Reel do Instagram",,Total,53272,41123,3946,141,2,32,84
17870274345476579,17841400074692954,paulistao,Paulistão,"TAPA DE QUALIDADE! 😮‍💨🤌
Tavares marcou um golaço na vitória do XV de Jaú sobre o Desportivo Brasil por 2 a 1 e ajudou o Galo da Comarca à garantir a 4ª melhor campanha da primeira fase do #PaulistãoA3Rivalo.",10,"03/24/2026 09:00",https://www.instagram.com/reel/DWRZnqlghGc/,"Reel do Instagram",,Total,28415,20054,398,12,3,13,2
17851742667647774,17841400074692954,paulistao,Paulistão,"PRIMEIRO GOL COM MUITO ESTILO! 🔥
David Lazari marcou pela primeira vez com a camisa do EC União Suzano na vitória sobre o Araçatuba por 2 a 0 ajudando o Leão do Colorado a se manter na briga pelo acesso no #PaulistãoA4Rivalo.",11,"03/24/2026 08:03",https://www.instagram.com/reel/DWRX-9mDYYX/,"Reel do Instagram",,Total,23584,16331,287,5,1,3,6
18027398648642069,17841400074692954,paulistao,Paulistão,"QUE PANCADA! 🚀🎯
O Diego marcou esse golaço na vitória do Rio Claro sobre o União Suzano por 3 a 1 e confirmou o Galo Azul nas quartas do #PaulistãoA3Rivalo",11,"03/24/2026 07:30",https://www.instagram.com/reel/DWRPQIfDzUG/,"Reel do Instagram",,Total,38885,26523,651,34,5,16,5
18111113251772300,17841400074692954,paulistao,Paulistão,"TRIO PARAGUAIO DO VERDÃO! 🇵🇾🐷
Maurício, Gómez e Sosa estão prontos para a Data FIFA pela Seleção Paraguaia!
#PaulistasEmCampo #Paraguai
📷@albirroja e Rebeca Reis/Ag. Paulistão",0,"03/24/2026 06:41",https://www.instagram.com/p/DWROwW8DbTg/,"Carrossel do Instagram",,Total,208543,89043,13174,250,26,82,90
18200143108340285,17841411170007197,vogalizandoahistoria,"Vogalizando a História","Último vídeo da parceria entre o Vogalizando e o @paulistao saindo por aqui! 

Fica de olho no Paulistão!",97,"03/23/2026 15:08",https://www.instagram.com/reel/DWPjgtTDerj/,"Reel do Instagram",,Total,54740,40693,1951,196,15,20,0
18076194050149610,17841400074692954,paulistao,Paulistão,"O TOPO É ALVIVERDE!
Vitória no clássico e liderança mantida pelo Palmeiras no @brasileirao!
#PaulistasEmCampo",0,"03/23/2026 15:00",https://www.instagram.com/p/DWPd4v5jDcB/,"Imagem do Instagram",,Total,208035,117104,7193,39,9,42,64
18097634128818720,17841400074692954,paulistao,Paulistão,"O MAC JOGA POR MÚSICA! 🕺⚽️
O Marília venceu o Francana por 2 a 0 e o primeiro gol foi uma linda jogada coletiva que começou no pé do zagueiro Guilherme Café e terminou no gol do artilheiro Lucas Lima. O tigre vai com moral pras quartas do #PaulistãoA3Rivalo.",17,"03/23/2026 14:00",https://www.instagram.com/reel/DWPXFUIgpjR/,"Reel do Instagram",,Total,58043,38841,1128,21,7,8,9
18088981810944794,17841400074692954,paulistao,Paulistão,"O GOL DA CLASSIFICAÇÃO! 🔥
No finalzinho, Udson empatou o jogo para o EC São Bernardo contra o União São João de Araras, classificando o Cachorrão para as quartas do #PaulistãoA3Rivalo.",13,"03/23/2026 13:30",https://www.instagram.com/reel/DWPTrZPAv4t/,"Reel do Instagram",,Total,47615,33361,516,5,0,11,3
18204767794336259,17841400074692954,paulistao,Paulistão,"COMEMORA, VERDÃO!
Que festa no vestiário do Palmeiras após a vitória no Choque-Rei!
#PaulistasEmCampo #Palmeiras
🎥TV Palmeiras",21,"03/23/2026 13:00",https://www.instagram.com/reel/DWPQO-ZlBiO/,"Reel do Instagram",,Total,47365,33388,4444,103,9,66,48
17999400959873616,17841400074692954,paulistao,Paulistão,"CAMISA 10 E FAIXA! 🔥
Marllon marcou esse golaço pra abrir a goleada do Nacional sobre o Colorado Caieiras por 4 a 1, mantendo o Naça vivo na disputa pela permanência no #PaulistãoA4Rivalo.",22,"03/23/2026 12:30",https://www.instagram.com/reel/DWPM7hbDNv8/,"Reel do Instagram",,Total,34113,26494,623,54,1,15,7
17887010091462454,17841400074692954,paulistao,Paulistão,"LIDERANÇA ALVIVERDE!
Não importa se é no masculino ou no feminino, o Palmeiras é líder no campeonato nacional!
#Palmeiras #PaulistasEmCampo #ElasEmCampo",0,"03/23/2026 12:00",https://www.instagram.com/p/DWPJScIEuME/,"Imagem do Instagram",,Total,55577,33956,1844,98,1,145,27
18111418111838710,17841400074692954,paulistao,Paulistão,"KADU BARONE: O FUTEBOL VIRANDO ARTE! 🎨⚽️
Toda a tranquilidade do camisa 10 da Inter de Bebedouro pra colocar o Lobo na liderança do #PaulistãoA4Rivalo.",23,"03/31/2026 08:30",https://www.instagram.com/reel/DWjXylxjHe1/,"Reel do Instagram",,Total,216377,131096,4455,224,7,98,81
18201257809337483,17841404075983359,_marco.pastore,"Marco Pastore","ARTHUR GABRIEL: A JÓIA NA LATERAL DO PALMEIRAS! 🐷💎

#palmeiras #arthurgabriel #abelferreira #paulistão #futebolpaulista",125,"03/20/2026 14:05",https://www.instagram.com/reel/DWHuNqxj9iV/,"Reel do Instagram","Ocorreu um erro ao computar métricas.",-,,,,,,,
18105576637880933,17841401197598318,fcsertaozinho,"Sertãozinho Futebol Clube","🕷️⚽️É O LUKE, TÁ? O camisa 9 do Touro dos Canaviais @luketa99 já marcou 𝟗 𝐯𝐞𝐳𝐞𝐬 e segue isolado na artilharia deste Paulistão A2 Rivalo! 

@rivalobrasil #SouRivalo #JogueComResponsabilidade +18",0,"03/20/2026 08:33",https://www.instagram.com/p/DWHH1ozAViv/,"Imagem do Instagram","Ocorreu um erro ao computar métricas.",-,,,,,,,
18163478665414170,17841405688144679,rivalobrasil,"Rivalo Brasil","SE EM MANCHESTER NÃO CORTAM O CABELO...NA A3 E A4 CORTAM! ✂️

Alô, torcedores de São Caetano, Penapolense, Lemense ou Rio Preto, já podem cortar o cabelo, hein!? 😂

Só os quatro times acima conquistaram 5 vitórias seguidas no Paulistão A3 e A4 Rivalo 2026! 🏆

Promessa é dívida, né? Será que vamos ter mais times raspando o cabelo? E alguém do Paulistão A2 Rivalo vai chegar nessa marca? 💇‍♂️

#Rivalo #NadaGanhadaEmocao #JoguecomResponsabilidade +18",0,"03/19/2026 13:57",https://www.instagram.com/p/DWFIbL_kmDW/,"Imagem do Instagram","Ocorreu um erro ao computar métricas.",-,,,,,,,
18125290918577397,17841404518850618,saojoseecoficial,"São José Esporte Clube","GOOOOOOOOOOOOOOOOL! ⚽️

Após lindo passe do Alan, @clessione_santos9 abriu o placar para explodir a torcida no Martins Pereira! 1 a 0 São José! 🦅",27,"03/18/2026 16:09",https://www.instagram.com/reel/DWCynzYiYAl/,"Reel do Instagram","Ocorreu um erro ao computar métricas.",-,,,,,,,
17878655313405593,17841400074692954,paulistao,Paulistão,"😍❤️ Todo carinho da família com Neymar antes do Clássico Alvinegro!
#Santos #Neymar #PaulistasEmCampo",18,"03/17/2026 08:00",https://www.instagram.com/reel/DV_RKU2DDsF/,"Reel do Instagram",,Total,507660,362615,49623,825,276,199,1142
18087677696232209,17841461375852191,juventussaf,"Juventus SAF","Gire a tela e desfrute 🤌🇱🇻

A Rua Javari em um domingo de Juventus.

📽 Mateus Fontes | @SkywalkerDrone.BR",107,"03/17/2026 07:56",https://www.instagram.com/reel/DV_VgAzjgpH/,"Reel do Instagram",,Total,22991,16140,569,56,7,10,0
17892795159439946,17841400074692954,paulistao,Paulistão,"AVANTI PALESTRA!
Abel Ferreira deu o papo antes do Choque-Rei!
#PaulistasEmCampo #Palmeiras
🎥TV Palmeiras",20,"03/23/2026 11:21",https://www.instagram.com/reel/DWPJ5_LE45w/,"Reel do Instagram",,Total,27401,19771,2811,82,5,46,35
18042654764769142,17841400074692954,paulistao,Paulistão,"LOBO E AZULÃO CLASSIFICADOS!
Restam seis vagas para a próxima fase do #PaulistãoA4Rivalo!",0,"03/23/2026 11:00",https://www.instagram.com/p/DWPCbKZILHK/,"Imagem do Instagram",,Total,191568,106761,4191,158,53,49,52
18415503172120497,17841400074692954,paulistao,Paulistão,"Com duelo paulista, os jogos da quinta fase da Copa do Brasil foram definidos!
#PaulistasEmCampo #CopaDoBrasil",0,"03/23/2026 10:38",https://www.instagram.com/p/DWPFBIqFNqU/,"Imagem do Instagram",,Total,168475,99459,4183,181,11,89,77
17972407877861223,17841400074692954,paulistao,Paulistão,"SOBROU ATÉ PRO FOTÓGRAFO NA COMEMORAÇÃO! 😅 
Golaço do Kleverson pra sacramentar a vitória do São Caetano sobre o Barretos por 2 a 0, garantindo o Azulão nas quartas do #PaulistãoA4Rivalo.",16,"03/23/2026 09:30",https://www.instagram.com/reel/DWO80DgCTcm/,"Reel do Instagram",,Total,48993,31995,1034,85,6,88,11
18028002902799493,17841400074692954,paulistao,Paulistão,"Domingo puxado para o #FutebolPaulista.
#PaulistasEmCampo",0,"03/22/2026 18:52",https://www.instagram.com/p/DWNYzHrFjwo/,"Imagem do Instagram",,Total,44065,25808,635,29,0,5,6
18453821602109669,17841400074692954,paulistao,Paulistão,"MAIS UM PONTO!
O Corinthians buscou o empate contra o Flamengo na Neo Química Arena.
#PaulistasEmCampo
📷Adriano Fontes/Flamengo",0,"03/22/2026 18:39",https://www.instagram.com/p/DWNXWNAD43x/,"Imagem do Instagram",,Total,39324,23382,978,58,0,47,2
18094288409101849,17841400074692954,paulistao,Paulistão,"O Novorizontino sofreu o revés na estreia da Série B.
#PaulistasEmCampo
📷Juan Rodrigues/Novorizontino",0,"03/22/2026 18:14",https://www.instagram.com/p/DWNUeK1EYcv/,"Imagem do Instagram",,Total,68515,38714,1408,115,1,44,13
18090045361916073,17841400074692954,paulistao,Paulistão,"Não era o resultado que o Mirassol esperava conquistar neste domingo. 😕
#PaulistasEmCampo
📷Pedro Zacchi/Agência Mirassol",0,"03/22/2026 16:37",https://www.instagram.com/p/DWNJWcCDUsw/,"Imagem do Instagram",,Total,22256,12870,219,22,0,5,0
18384015973084442,17841400074692954,paulistao,Paulistão,"Fazendo sua reestreia na Série B, a Ponte Preta tropeçou diante do Athletic-MG.
#PaulistasEmCampo
📷Divulgação/Athletic",0,"03/22/2026 16:05",https://www.instagram.com/p/DWNFw3gklmn/,"Imagem do Instagram",,Total,33805,19468,593,29,0,58,5
18004996163891184,17841401722413284,briosaoficial,"Portuguesa Santista","Não, não é IA! É meu lateral #CriaDeUlrico num estilo meio old school!😎

📸: @jotajardim_ / Agência Briosa",0,"03/22/2026 14:59",https://www.instagram.com/p/DWM-IydEeSS/,"Carrossel do Instagram",,Total,71328,28123,1371,36,5,44,0
18314466844257228,17841403734375167,sindicatodeatletas,"Sindicato de Atletas SP","🏆 Seleção dos Atletas
Paulistão A2 Rivalo 2026

Confira a SELEÇÃO DOS ATLETAS da 2ª rodada da segunda fase do Paulistão A2 Rivalo 2026.

⭐️ GOL - Gabriel Félix (Votuporanguense) 
⭐️ LD - Matheus Rocha (São José)
⭐️ ZAG - Hiago (Água Santa)
⭐️ ZAG - Matheus Mancini (Ituano)
⭐️ LE - João Victor (XV de Piracicaba)
⭐️ VOL - Gustavo Hebling (XV de Piracicaba)
⭐️ VOL - Tenner (Sertãozinho)
⭐️ MC - Prado (Sertãozinho)
⭐️ MC - Alan Stence (São José) 
⭐️ ATA - Luketa (Sertãozinho)
⭐️ ATA - Clessione (São José)

Aqui, atleta vota em atleta!

#SeleçãodosAtletas #PaulistaoA2 #AtletaVotaemAtleta #SindicatodeAtletasSP #FPF #FutebolInterior

🎯 MKT Digital: @digitalsportspress",0,"03/22/2026 14:14",https://www.instagram.com/p/DWM5DExk3lZ/,"Imagem do Instagram",,Total,16573,9215,117,17,2,1,0
17883800868375911,17841400074692954,paulistao,Paulistão,"PLACAR ZERADO!
Santos tem gol anulado no fim e fica no empate com o Cruzeiro.
#PaulistasEmCampo
📷Gustavo Martins/ Cruzeiro",0,"03/22/2026 14:08",https://www.instagram.com/p/DWM4YmxEiJN/,"Imagem do Instagram",,Total,29797,17152,450,13,2,32,1
18064490993379758,17841461375852191,juventussaf,"Juventus SAF","Mais uma vez, Paulinho. 

O camisa 7 do Moleque Travesso decidiu de novo e garantiu mais três pontos para o Juve.

Assista à linda assistência de Ferreira e à categoria de Paulinho no domínio e na finalização.

Na comemoração, a reverência ao manto grená. 🇱🇻

🎥 Tudo registrado pelas lentes @cinelinfc",52,"03/22/2026 10:29",https://www.instagram.com/reel/DWMfFH8DagO/,"Reel do Instagram",,Total,42360,28001,1429,144,18,47,0
17895535839422870,17841461375852191,juventussaf,"Juventus SAF","Elking. O sexto dele 🇱🇻",38,"03/22/2026 09:36",https://www.instagram.com/reel/DWMZBRUDtYj/,"Reel do Instagram",,Total,63385,41771,2196,93,17,23,0
18097840507966359,17841400074692954,paulistao,Paulistão,"O ILUMINADO DECIDE PRO JUVENTUS!🌟🔥
Paulinho marcou um golaço pra vitória do Moleque Travesso sobre o Sertãozinho por 2 a 1, e colocou os donos da casa na zona de classificação das semifinais do #PaulistãoA2Rivalo.",14,"03/22/2026 08:02",https://www.instagram.com/reel/DWMOXSpjcl4/,"Reel do Instagram",,Total,172137,103128,4270,73,9,46,26
17921516628278845,17841400074692954,paulistao,Paulistão,"O TOURO EMPATA! 🐂🔥
Após rebote na falta, Jefinho igualo o placar para o Sertãozinho contra o Juventus. #PaulistãoA2Rivalo.",14,"03/22/2026 06:58",https://www.instagram.com/reel/DWMHBRzDfoX/,"Reel do Instagram",,Total,51720,35214,599,24,4,18,6
17924608173260364,17841400074692954,paulistao,Paulistão,"ELKIIIIINNNNNN!!! 🔥🔥🔥 
De pênalti, o Juventus abre o placar na Javari! #PaulistãoA2Rivalo",35,"03/22/2026 06:24",https://www.instagram.com/reel/DWMDFPbjcTu/,"Reel do Instagram",,Total,57481,40276,1087,29,3,11,8
18148563118466933,17841400074692954,paulistao,Paulistão,"PASSARELLI! 🧤🔥#PaulistãoA2Rivalo",9,"03/22/2026 06:16",https://www.instagram.com/reel/DWMCO3dDvLH/,"Reel do Instagram",,Total,122197,77160,1632,18,6,17,10
18058396079426204,17841400074692954,paulistao,Paulistão,"CLIMA DE DECISÃO! 😮‍💨 
A Javari tá em festa no #PaulistãoA2Rivalo! #Juventus",34,"03/22/2026 06:04",https://www.instagram.com/reel/DWMAzo9jonq/,"Reel do Instagram",,Total,66210,52119,2323,241,12,29,32
18008639507698674,17841400074692954,paulistao,Paulistão,"DOMINGOU! 🤩
Cinco jogos vão rolar nesse domingo de #PaulistasEmCampo no @brasileirao e no @brasileiraob!",0,"03/22/2026 06:00",https://www.instagram.com/p/DWL7ToQjXkY/,"Imagem do Instagram",,Total,44330,25049,1166,27,1,3,15
18120090649615672,17841400074692954,paulistao,Paulistão,"Esse é o clima do pré-jogo na Javari! 🤩 #PaulistãoA2Rivalo #Juventus",49,"03/22/2026 06:00",https://www.instagram.com/reel/DWMAS-njo9U/,"Reel do Instagram",,Total,32728,23904,880,59,5,19,17
18095910944474830,17841400074692954,paulistao,Paulistão,"QUE SEQUÊNCIA DO PALMEIRAS! 🔥
São seis vitórias seguidas e doze jogos de invencibilidade no Choque-Rei!
#PaulistasEmCampo
📷Cesar Greco/Palmeiras",0,"03/21/2026 19:27",https://www.instagram.com/p/DWK4BFzjQjT/,"Carrossel do Instagram",,Total,53471,24122,3276,16,0,24,16
18093623681117270,17841400074692954,paulistao,Paulistão,"SÁBADO DE LIDERANÇAS!
Com o Palmeiras líder da Série A e o Botafogo no topo da Série B, é assim que termina mais um dia de #FutebolPaulista.
#PaulistasEmCampo",0,"03/21/2026 19:14",https://www.instagram.com/p/DWK2jFmGncH/,"Imagem do Instagram",,Total,55380,33807,815,25,2,16,14
18091760675164951,17841400074692954,paulistao,Paulistão,"O elenco do Palmeiras comemorou muito a vitória no Choque-Rei! 
#PaulistasEmCampo #Palmeiras",17,"03/21/2026 19:11",https://www.instagram.com/reel/DWK17jEjAjp/,"Reel do Instagram",,Total,104273,78338,7777,56,11,57,59
18061220405670283,17841400074692954,paulistao,Paulistão,"É DO VERDÃO!
Jhon Arias marca no comecinho e Palmeiras fico com os três pontos no Choque-Rei!
#PaulistasEmCampo 
📷Cesar Greco/Palmeiras",0,"03/21/2026 19:08",https://www.instagram.com/p/DWK17FZDaHI/,"Imagem do Instagram",,Total,69999,44472,2710,313,0,68,21
17919067101289056,17841400074692954,paulistao,Paulistão,"Ponto final na 12ª rodada do Paulistão A4 Rivalo!
#PaulistãoA4Rivalo",0,"03/21/2026 18:10",https://www.instagram.com/p/DWKvMlIgJ4e/,"Imagem do Instagram",,Total,35650,20421,549,6,3,8,2
18098754802779059,17841400074692954,paulistao,Paulistão,"Allan dribla o goleiro e o Palmeiras quase faz o segundo no MorumBIS! 
#Palmeiras #PaulistasEmCampo",10,"03/21/2026 17:38",https://www.instagram.com/reel/DWKrHBSDdql/,"Reel do Instagram",,Total,300345,179097,8879,264,20,85,69
18098491573788262,17841400074692954,paulistao,Paulistão,"SEGURA O PANTERA!
Um senhor cartão de visita do Botafogo na primeira rodada da Série B!
#PaulistasEmCampo
📷João Victor Menezes de Souza/Ag. Botafogo",0,"03/21/2026 17:27",https://www.instagram.com/p/DWKqTj8jx_A/,"Imagem do Instagram",,Total,51601,29714,1177,26,2,30,8
18081144395074791,17841400074692954,paulistao,Paulistão,"QUE FESTA FOI ESSA?! 🤯🔥
O MorumBIS pegou fogo na entrada dos times para o CHOQUE-REI!
#PaulistasEmCampo",128,"03/21/2026 17:24",https://www.instagram.com/reel/DWKnlSNjYFn/,"Reel do Instagram",,Total,168518,129140,13549,570,120,1266,279
18074368889561551,17841400074692954,paulistao,Paulistão,"OLHA O GOOOOOOL DO VERDÃO! 
JHON ARIAS ABRE O PLACAR NO MORUMBIS!
#PaulistasEmCampo #Palmeiras",19,"03/21/2026 17:15",https://www.instagram.com/reel/DWKok7lDVgN/,"Reel do Instagram",,Total,212497,142745,10686,684,26,192,107
18167508514409906,17841400074692954,paulistao,Paulistão,"ESSE É O CLIMA PARA O CHOQUE-REI NO MORUMBIS! 
#ChoqueRei #PaulistasEmCampo",29,"03/21/2026 17:14",https://www.instagram.com/reel/DWKniPXjboS/,"Reel do Instagram",,Total,61234,48090,2535,83,5,114,56
18136195168509858,17841400074692954,paulistao,Paulistão,"GRANDE FESTA DA TORCIDA TRICOLOR! 
#SãoPaulo #PaulistasEmCampo",15,"03/21/2026 17:10",https://www.instagram.com/reel/DWKoC0mjSRY/,"Reel do Instagram",,Total,50633,39817,2609,37,0,42,33
18095647229288626,17841401722413284,briosaoficial,"Portuguesa Santista","A expedição continua!🇵🇹

Nas quartas de final, o adversário da Portuguesa Santista será o Paulista.

A partida de ida acontece no próximo final de semana, no estádio Jayme Cintra, em Jundiaí. A partida de volta, ocorre no final de semana de 4 e 5 de abril, no estádio Ulrico Mursa.",0,"03/21/2026 16:59",https://www.instagram.com/p/DWKm45AEfU5/,"Imagem do Instagram",,Total,233556,125873,6911,277,46,228,0
17902456107391101,17841400731577742,yasmingzrn,Yasmin,"Como o nome “Choque-Rei” surgiu? #futebol #brasileirao #choquerei #palmeiras #saopaulo",108,"03/21/2026 16:41",https://www.instagram.com/reel/DWKk2w4PR7X/,"Reel do Instagram",,Total,75868,54647,2292,232,43,114,0
18177140062381471,17841400074692954,paulistao,Paulistão,"O GALO DA JAPI TÁ NO PÁREO! 🐔🔥
Em confronto direto por vaga no G-8, o Paulista superou o Catanduva fora de casa por 3 a 1 e está classificado pras quartas de final do #PaulistaoA3Rivalo.",40,"03/21/2026 16:11",https://www.instagram.com/reel/DWKhVRuCbE5/,"Reel do Instagram",,Total,55736,36266,1670,74,5,48,13
17859614766618866,17841400074692954,paulistao,Paulistão,"BUSCOU A IGUALDADE!
Em seu primeiro jogo na Série B, o São Bernardo ficou no empate com o Ceará.
#PaulistasEmCampo
📷Andreison Castro/Divulgação/São Bernardo",0,"03/21/2026 16:06",https://www.instagram.com/p/DWKg_YckrQs/,"Imagem do Instagram",,Total,31181,18477,434,8,0,6,1
18158415709435129,17841400074692954,paulistao,Paulistão,"UM GOL HISTÓRICO!
@andersonpara95 foi o responsável por anotar o primeiro gol do @saobernardo_fc na história do @brasileiraob! 
#PaulistasEmCampo
🎥@CanalGOATBR",46,"03/21/2026 15:51",https://www.instagram.com/reel/DWKfPe8kUff/,"Reel do Instagram",,Total,135955,92024,3753,30,0,15,22
17956721295080441,17841403734375167,sindicatodeatletas,"Sindicato de Atletas SP","🏆 Seleção dos Atletas
Paulistão A2 Rivalo 2026

Confira a SELEÇÃO DOS ATLETAS da 1ª rodada da segunda fase do Paulistão A2 Rivalo 2026.

⭐️ Gol - Vitor Golas (XV de Piracicaba)
⭐️ ZAG - Hiago (Água Santa)
⭐️ ZAG - Amorim (Votuporanguense)
⭐️ ZAG - Léo Rigo (São José)
⭐️ VOL - Victor Feitosa (Votuporanguense)
⭐️ VOL - Jeferson (São José)
⭐️ MEI - Santiago (Juventus)
⭐️ MEI - Michael (São José)
⭐️ ATA - Orlando Jr. (Votuporanguense)
⭐️ ATA - Cleissione (São José)
⭐️ ATA - Elkinho (Juventus)

Aqui, atleta vota em atleta!

#SeleçãodosAtletas #PaulistaoA2 #AtletaVotaemAtleta #SindicatodeAtletasSP #FPF #FutebolInterior

🎯 MKT Digital: @digitalsportspress",0,"03/21/2026 15:45",https://www.instagram.com/p/DWKemFzk0rk/,"Imagem do Instagram",,Total,25821,13572,224,22,3,1,0
18119873371611187,17841401722413284,briosaoficial,"Portuguesa Santista","O terceiro gol da Briosa, o segundo de Otávio!🇵🇹",24,"03/21/2026 14:45",https://www.instagram.com/reel/DWKXoTukWP1/,"Reel do Instagram",,Total,24451,16426,786,11,3,13,0
18109407220832363,17841400074692954,paulistao,Paulistão,"THOMAS SHELBY É O CAR#%&!
HOJE TEM CHOQUE-REI!⚡️
#PaulistasEmCampo #PeakyBlinders",0,"03/21/2026 14:45",https://www.instagram.com/p/DWKXuaRk1Ci/,"Imagem do Instagram",,Total,117126,65601,5718,111,1,30,48
17878429344533157,17841400074692954,paulistao,Paulistão,"O Massa Bruta foi superado em casa pela oitava rodada do Brasileirão.
#PaulistasEmCampo
📷Vítor Silva/Botafogo",0,"03/21/2026 14:22",https://www.instagram.com/p/DWKVGLllOaa/,"Imagem do Instagram",,Total,24377,14779,226,3,0,2,0
17908720983364488,17841400074692954,paulistao,Paulistão,"PONTO FINAL!
Confira os resultados da última rodada da fase de grupos do Paulista A3 Rivalo!
#PaulistaA3Rivalo",0,"03/21/2026 14:00",https://www.instagram.com/p/DWKSosQDBzc/,"Imagem do Instagram",,Total,50485,28214,914,14,0,1,3
18088523041963120,17841401722413284,briosaoficial,"Portuguesa Santista","Meu 8️⃣ com faro de artilheiro!🇵🇹

🎥: @matheusmeza15",19,"03/21/2026 13:39",https://www.instagram.com/reel/DWKQGX7kVkt/,"Reel do Instagram",,Total,40068,25846,881,14,1,8,0
18037941866571681,17841400074692954,paulistao,Paulistão,"CONFRONTOS DEFINIDOS!
É assim que ficaram os duelos de quartas de final do Paulistão A3 Rivalo 2026!
#PaulistãoA3Rivalo",0,"03/21/2026 13:10",https://www.instagram.com/p/DWKM3SYCcb2/,"Imagem do Instagram",,Total,69648,38612,1223,185,3,42,13
18068577545290784,17841401722413284,briosaoficial,"Portuguesa Santista","Boa, meu 9️⃣!🇵🇹",27,"03/21/2026 12:08",https://www.instagram.com/reel/DWKFiRBkWQB/,"Reel do Instagram",,Total,69139,43522,1409,42,11,10,0
18351702718225065,17841400074692954,paulistao,Paulistão,"ALVIVERDE IMPONENTE!
O Palmeiras está reinando no Choque-Rei! 
Quem vai sair vitorioso no duelo desse sábado?
#PaulistasEmCampo #ChoqueRei #Palmeiras #SãoPaulo",0,"03/21/2026 08:00",https://www.instagram.com/p/DWJkXa4mYlG/,"Carrossel do Instagram",,Total,90707,37337,2716,190,0,166,24
18091950335109734,17841400074692954,paulistao,Paulistão,"DUELO PELO TOPO! 🔥
O Choque-Rei desse sábado vale a liderança do @brasileirao... quem vai sair com a vitória e garantir a liderança?
#PaulistasEmCampo #SãoPaulo #Palmeiras",0,"03/21/2026 07:00",https://www.instagram.com/p/DWJdXXLlOy5/,"Imagem do Instagram",,Total,153783,82291,5895,233,0,50,50
17851517250648730,17841400074692954,paulistao,Paulistão,"SÁBADO DE @brasileirao e @brasileiraob!
Com direito a Choque-Rei no fim do dia, vem ver onde assistir aos jogos de hoje das minhas equipes!
#PaulistasEmCampo",0,"03/21/2026 06:00",https://www.instagram.com/p/DWJWgFoGTBK/,"Imagem do Instagram",,Total,27779,15445,696,23,0,0,8
18116199376628770,17841400074692954,paulistao,Paulistão,"MAIS UMA RODADA DECISIVA!🔥
#PaulistãoA2Rivalo",0,"03/21/2026 05:00",https://www.instagram.com/p/DWJPomzFpOq/,"Imagem do Instagram",,Total,21127,12025,419,17,0,12,7
18122226208608857,17841400074692954,paulistao,Paulistão,"MUITA COISA EM JOGO! ⚽️
Veja os confrontos da 12ª rodada do #PaulistãoA4Rivalo.",0,"03/21/2026 04:30",https://www.instagram.com/p/DWJMM2TFXE6/,"Imagem do Instagram",,Total,25146,14642,316,11,0,1,3
18074316023188711,17841400074692954,paulistao,Paulistão,"É HORA DA DEFINIÇÃO!⏳👀
Confira os confrontos da última rodada da 1ª fase do #PaulistãoA3Rivalo.",0,"03/21/2026 04:00",https://www.instagram.com/p/DWJIxLiIF42/,"Imagem do Instagram",,Total,33795,20624,394,19,2,4,7
18108805651748367,17841400074692954,paulistao,Paulistão,"CLÁSSICO VALENDO A LIDERANÇA DO @brasileirao! 🔥
O Choque-Rei desse sábado é confronto direto entre líder e vice-líder do campeonato! Quem vai se sair melhor no duelo: São Paulo ou Palmeiras?
#PaulistasEmCampo #ChoqueRei",0,"03/20/2026 20:05",https://www.instagram.com/p/DWIXnIujU3g/,"Imagem do Instagram",,Total,333551,204831,16235,1267,18,155,167
18074818832166168,17841400074692954,paulistao,Paulistão,"AZULÃO EMBALADO! 🔥🔝
O São Caetano engatou cinco vitórias seguidas no #PaulistãoA4Rivalo.",0,"03/20/2026 15:00",https://www.instagram.com/p/DWHwqZQFF3T/,"Imagem do Instagram",,Total,66206,37281,1619,90,9,53,7
18003954203712985,17841400074692954,paulistao,Paulistão,"QUATRO EQUIPES PAULISTAS NO @brasileiraob!
São Paulo está muito bem representado na segunda divisão nacional! 
#PaulistasEmCampo",0,"03/20/2026 14:30",https://www.instagram.com/p/DWHsEb7Ew6C/,"Imagem do Instagram",,Total,39475,21689,847,8,1,27,10
18086064866244248,17841402427694422,geovannihenrique,"Geovanni Henrique","O artilheiro do @corinthians e do @paulistao pode fazer história no interior paulista! 🐂⚽️ #corinthians #finazzi #sertaozinho #PaulistaoA2Rivalo",66,"03/20/2026 14:00",https://www.instagram.com/reel/DWHtzLXBlnC/,"Reel do Instagram",,Total,46865,31244,1222,187,5,60,0
18045571511543100,17841400074692954,paulistao,Paulistão,"ARTILHEIRO E DECISIVO! 🔥
Vocês decidiram e Clessione foi eleito o Craque dessa rodada de #PaulistãoA2Rivalo.",0,"03/20/2026 13:30",https://www.instagram.com/p/DWHlNALk7WW/,"Imagem do Instagram",,Total,33522,17565,710,23,2,32,1
17889160422450051,17841400074692954,paulistao,Paulistão,"RESTAM TRÊS VAGAS! 😱
Ainda temos cinco equipes com chance de classificação para a próxima fase do #PaulistãoA3Rivalo, mas somente três delas poderão avançar... já tem seu palpite, torcedor?",0,"03/20/2026 13:00",https://www.instagram.com/p/DWHhxYAAU-h/,"Imagem do Instagram",,Total,57954,31361,931,21,2,8,11
17861611800543900,17841400074692954,paulistao,Paulistão,"PALMEIRAS NA LIDERANÇA! 🐷🔝
Com a vitória na rodada, o Verdão assumiu a primeira posição da tabela do @brasileirao!
#PaulistasEmCampo",0,"03/20/2026 11:00",https://www.instagram.com/p/DWHUCbHFWWy/,"Imagem do Instagram",,Total,155607,76632,6001,36,1,27,38
17876152740427393,17841400074692954,paulistao,Paulistão,"HUGO SOUZA É SELEÇÃO!
Com a lesão de Alisson, o goleiro do Timão irá representar o @brasil.
#Brasil",0,"03/20/2026 10:23",https://www.instagram.com/p/DWHU7PJlSRQ/,"Imagem do Instagram",,Total,355650,187136,36476,907,52,323,146
18119931268538706,17841400074692954,paulistao,Paulistão,"O GARÇOM DO @brasileirao VESTE VERDE! 
São 8 participações em gol na conta do Andreas Pereira!
#PaulistasEmCampo #Palmeiras",0,"03/20/2026 10:00",https://www.instagram.com/p/DWHNK3PlCHT/,"Imagem do Instagram",,Total,93555,52189,4397,228,0,27,51
17915917521323615,17841400074692954,paulistao,Paulistão,"O HERÓI NACIONAL! 🔥
Santiago marcou duas vezes pra garantir os primeiros três pontos do Naça no #PaulistãoA4Rivalo.",28,"03/20/2026 09:00",https://www.instagram.com/reel/DWHIGE5DaFU/,"Reel do Instagram",,Total,65244,43717,1080,99,11,45,12
17964781011047138,17841400074692954,paulistao,Paulistão,"CLÁSSICO NÃO SE JOGA, SE GANHA! 🔥
A defesa da Inter de Bebedouro foi fundamental pra garantir a vitória sobre o Barretos por 1 a 0 e manter o Lobo na liderança do #PaulistãoA4Rivalo.",16,"03/20/2026 08:30",https://www.instagram.com/reel/DWHG4S4CXCX/,"Reel do Instagram",,Total,35672,25318,434,27,1,12,5
17934905754191992,17841400074692954,paulistao,Paulistão,"O VERDÃO VENCEU O ÚLTIMO CLÁSSICO! 
Na semifinal do Paulistão Casas Bahia, o Palmeiras superou o São Paulo por 2 a 1... Amanhã é dia de Choque-Rei no @brasileirao: quem vai se sair melhor? 
#PaulistãoCasasBahia #PaulistasEmCampo",41,"03/20/2026 07:00",https://www.instagram.com/reel/DWG43GMDsOO/,"Reel do Instagram",,Total,121177,80913,4679,42,0,91,33
17906433621370234,17841400074692954,paulistao,Paulistão,"Chapecoense e Corinthians não saíram do zero na Arena Condá.
#PaulistasEmCampo
📷Rafael Bressan/Chapecoense",0,"03/19/2026 19:32",https://www.instagram.com/p/DWFvFAXl46s/,"Imagem do Instagram",,Total,34222,18880,699,39,0,34,4
18574707154027937,17841400074692954,paulistao,Paulistão,"EM BUSCA DA GLÓRIA ETERNA!
Corinthians, Palmeiras e Mirassol conhecerem os adversários da primeira fase da @libertadoresbr! Se liga nos grupos.
#PaulistasEmCampo",0,"03/19/2026 17:34",https://www.instagram.com/p/DWFhhEKj5pU/,"Imagem do Instagram",,Total,79753,39901,2315,72,1,103,19
17883323649376106,17841400074692954,paulistao,Paulistão,"GRUPOS DEFINIDOS!
Confira quais serão os adversários de São Paulo, Santos e Red Bull Bragantino na primeira fase da @sudamericanabr 
#PaulistasEmCampo",0,"03/19/2026 16:52",https://www.instagram.com/p/DWFctJ7Evn7/,"Imagem do Instagram",,Total,51966,27999,1239,40,0,20,15
18383771812084917,17841400074692954,paulistao,Paulistão,"QUE ACHADA FOI ESSA JOGADOR! 😮‍💨🤌
No final do jogo, Jeovan deu uma baita assistência pro Maurício fazer o gol da vitória do São Caetano sobre o Tanabi por 2 a 1, resultado que coloca o Azulão na vice-liderança do #PaulistãoA4Rivalo.",11,"03/19/2026 14:30",https://www.instagram.com/reel/DWFH4pvDTdC/,"Reel do Instagram",,Total,30815,20450,512,15,2,19,4
18107415439837183,17841400074692954,paulistao,Paulistão,"NÃO PASSOU NEM WI-FI! 🚫
Vinicius fechou o gol pra garantir a vitória do Taquaritinga sobre o Grêmio São-Carlense por 1 a 0, pela 11ª rodada do #PaulistãoA4Rivalo.",14,"03/19/2026 14:00",https://www.instagram.com/reel/DWFEDW6knyN/,"Reel do Instagram",,Total,29210,19842,504,34,8,28,3
18118284331643303,17841400074692954,paulistao,Paulistão,"GIROU, BATEU E GUARDOU!🎯🔥
Golaço do Ryan na vitória do Penapolense sobre o Jabaquara por 3 a 2, pela 11ª rodada do #PaulistãoA4Rivalo.",11,"03/19/2026 13:30",https://www.instagram.com/reel/DWFBK-nAaiu/,"Reel do Instagram",,Total,31456,23578,481,10,2,27,0
18089639174146015,17841400074692954,paulistao,Paulistão,"ENTRANDO NA RETA FINAL DA PRIMEIRA FASE!
Como está seu time na tabela do Paulistão A4 Rivalo?
#PaulistãoA4Rivalo",0,"03/19/2026 13:00",https://www.instagram.com/p/DWE8_EhCb7t/,"Imagem do Instagram",,Total,66690,35970,1422,41,7,31,24
17916262236338700,17841400074692954,paulistao,Paulistão,"QUEM FOI O CRAQUE DA RODADA?🔥
Vote aqui no post e escolha quem foi o destaque da 2ª rodada da 2ª fase do Paulistão A2 Rivalo! A enquete se encerra nessa sexta (20), às 11h.
#PaulistãoA2Rivalo #CraqueDaRodada",0,"03/19/2026 12:30",https://www.instagram.com/p/DWE-lSIiTh7/,"Imagem do Instagram",,Total,40339,21793,449,217,10,165,5
18053436542708040,17841400074692954,paulistao,Paulistão,"Ouvi dizer que 2016 é o novo 2026... Saudades dessa época, torcedor? 🔙
#BaúDoPaulistão #TBT 
📷Ag.Paulistão",0,"03/19/2026 11:30",https://www.instagram.com/p/DWEyw9NEhk9/,"Carrossel do Instagram",,Total,114182,41662,4500,109,6,62,63
18343825549209200,17841400074692954,paulistao,Paulistão,"Palmeiras, Corinthians e Mirassol vão em busca da Glória Eterna! Hoje é dia de sorteio dos grupos da @libertadoresbr! 
#PaulistasEmCampo #Libertadores",0,"03/19/2026 11:00",https://www.instagram.com/p/DWEvPgiEQzD/,"Imagem do Instagram",,Total,210836,95433,6774,383,2,68,107
18578970739030807,17841400074692954,paulistao,Paulistão,"ESSE É @marlonfreitas17: PREMIADO & VITORIOSO (no Paulistão Casas Bahia e no @brasileirao! 👀🤷)
#PaulistãoCasasBahia",15,"03/19/2026 10:30",https://www.instagram.com/reel/DWEr4-jE-h3/,"Reel do Instagram",,Total,35135,24994,3667,18,1,20,16
18099205037486207,17841400074692954,paulistao,Paulistão,"FUTEBOL PAULISTA EM BUSCA DA GRANDE CONQUISTA!
São Paulo, Santos e Red Bull Bragantino querem o título da @sudamericanabr. Confira os potes do sorteio da fase de grupos!
#PaulistasEmCampo #Sudamericana",0,"03/19/2026 10:00",https://www.instagram.com/p/DWEoYBpGuop/,"Imagem do Instagram",,Total,124690,59818,3157,110,1,37,44
17975796074843013,17841454473375442,ulissescostatv,"ULISSES TV","NÃO TEM JEITO, CLESSIONE É ARTILHEIRO! 🦅💙

Mais uma vez, @clessione_santos9 decidiu o jogo para a Águia do Vale marcando o gol da vitória. Mas, devemos falar desse tapa do @stence_10! Que dupla!

🎙️ @brunoscaciotti 

#saojose #aguiadovale #paulistao #campeonatopaulista #ulissestv",74,"03/19/2026 09:09",https://www.instagram.com/reel/DWEnhy3DgLn/,"Reel do Instagram",,Total,43587,27600,2175,99,46,29,0
18057602804444023,17841400074692954,paulistao,Paulistão,"É O CHEFE!
Memphis deixou sua marca no Clássico Alvinegro! 
#Corinthians #Memphis #PaulistasEmCampo",17,"03/19/2026 09:00",https://www.instagram.com/reel/DWEhtOeEhky/,"Reel do Instagram",,Total,18868,13714,1790,25,2,17,33
18085114097358452,17841403734375167,sindicatodeatletas,"Sindicato de Atletas SP","🏆 Seleção dos Atletas
Paulistão A3 Rivalo 2026

Confira a seleção da 14ª rodada do Paulistão A3 Rivalo 2026.

⭐ GOL - André (Portuguesa Santista)
⭐ ZAG/LD - D´Ávila (Suzano)
⭐ ZAG - Jhonatan (Rio Claro)
⭐ ZAG - Lázaro (Marília)
⭐ VOL - Elivelton (União Barbarense)
⭐ MC - Jeferson (Paulista)
⭐ MC - Vinicius Oliveira (Rio Preto)
⭐ MC - Dudu (Francana)
⭐ ATA - Marcos Papa (Rio Preto)
⭐ ATA - Daniel Cruz (União Barbarense)
⭐ ATA - Gabriel Vitor (Francana)

Aqui, atleta vota em atleta!

#SeleçãodosAtletas #PaulistaoA3 #AtletaVotaemAtleta #SindicatodeAtletasSP #FPF #FutebolInterior

🎯 MKT Digital: @digitalsportspress",0,"03/19/2026 08:33",https://www.instagram.com/p/DWEjo7MFMFj/,"Imagem do Instagram",,Total,32098,18012,326,45,6,1,0
17872718241561903,17841400074692954,paulistao,Paulistão,"O TRIO PARADA DURA! 🔥👀
O pódio da artilharia segue disputado no #PaulistãoA3Rivalo.",0,"03/19/2026 08:00",https://www.instagram.com/p/DWEap79iGkZ/,"Imagem do Instagram",,Total,118851,60604,2322,53,3,26,30
18112709962665108,17841400074692954,paulistao,Paulistão,"HOJE TEM TIMÃO NO @brasileirao!
O Corinthians vai em busca da vitória fora de casa contra a Chapecoense!
#PaulistasEmCampo",0,"03/19/2026 06:00",https://www.instagram.com/p/DWEM6VnjNLO/,"Imagem do Instagram",,Total,34351,19842,1214,56,0,11,13
18076654328614838,17841400074692954,paulistao,Paulistão,"Com o Palmeiras na liderança do @brasileirao, a quarta-feira termina assim para o Futebol Paulista!
#PaulistasEmCampo #FutebolPaulista",0,"03/18/2026 19:57",https://www.instagram.com/p/DWDM_c3ldMX/,"Imagem do Instagram",,Total,91823,52091,2304,41,5,43,29
18130302166535996,17841400074692954,paulistao,Paulistão,"Novorizontino perde nos pênaltis e se despede da Copa do Brasil!
#PaulistasEmCampo #FutebolPaulista
📷Ozzair Jr/Novorizontino",0,"03/18/2026 19:55",https://www.instagram.com/p/DWDMv1Hldjw/,"Imagem do Instagram",,Total,113394,59748,2092,144,1,76,37
18452951680096133,17841400074692954,paulistao,Paulistão,"Santos é derrotado pelo Inter no Brasileirão!
#PaulistasEmCampo #FutebolPaulista
📷Ricardo Duarte/Internacional",0,"03/18/2026 19:40",https://www.instagram.com/p/DWDLBSClcoR/,"Imagem do Instagram",,Total,25885,15734,365,40,0,24,3
18105935278862170,17841400074692954,paulistao,Paulistão,"O PRÍNCIPE RESOLVE! 
Neymar empata para o Santos no Brasileirão! 
#PaulistasEmCampo #Santos #Neymar 
🎥 GE",57,"03/18/2026 19:23",https://www.instagram.com/reel/DWDJHShjXtX/,"Reel do Instagram",,Total,148320,97325,4740,111,1,131,39
18110605597781761,17841400074692954,paulistao,Paulistão,"O VERDÃO É O NOVO LÍDER DO BRASILEIRÃO!🐷💚
#PaulistasEmCampo #FutebolPaulista #Palmeiras
📷Cesar Greco/Palmeiras",0,"03/18/2026 19:16",https://www.instagram.com/p/DWDIV1NDezV/,"Imagem do Instagram",,Total,29917,16975,1900,1,3,10,14
18102468695305107,17841400074692954,paulistao,Paulistão,"Com vitórias de São José e Sertãozinho, a segunda rodada da segunda fase do Paulistão A2 Rivalo chega ao fim! 
#PaulistãoA2Rivalo",0,"03/18/2026 19:13",https://www.instagram.com/p/DWDH4cgDbBr/,"Imagem do Instagram",,Total,27089,15131,632,27,5,39,3
18039788753558108,17841400074692954,paulistao,Paulistão,"Ponto final na 11ª rodada do #PaulistãoA4Rivalo!
Confira os resultados!",0,"03/18/2026 18:30",https://www.instagram.com/p/DWDDFlNjcrs/,"Imagem do Instagram",,Total,23920,13880,392,10,1,7,3
18069196574271070,17841400074692954,paulistao,Paulistão,"São Paulo perde a invencibilidade no @brasileirao!
#PaulistasEmCampo #FutebolPaulista
📷Rubens Chiri/São Paulo FC",0,"03/18/2026 18:24",https://www.instagram.com/p/DWDCdWhDuDU/,"Imagem do Instagram",,Total,44653,25633,970,255,0,51,6
17978300666995493,17841400074692954,paulistao,Paulistão,"Ponte Preta é superada e se despede da Copa do Brasil!
#PaulistasEmCampo #FutebolPaulista
📷Divulgação/ Atlético Goianiense",0,"03/18/2026 18:21",https://www.instagram.com/p/DWDCGSIjsLa/,"Imagem do Instagram",,Total,27381,16010,412,15,0,25,5
18100733159493271,17841400074692954,paulistao,Paulistão,"Mirassol sofre a primeira derrota em casa na história do @brasileirao!😔
#PaulistasEmCampo #FutebolPaulista
📷Pedro Zacchi/Ag.Paulistão",0,"03/18/2026 18:17",https://www.instagram.com/p/DWDBr4-DE-s/,"Imagem do Instagram",,Total,29167,17736,441,6,0,8,5
18114927652638470,17841425643342499,mariliaac1942,"Marília Atlético Clube","MEMÓRIAS! 🐯

#VamosMAC",20,"03/18/2026 17:34",https://www.instagram.com/reel/DWC8iBcCvNe/,"Reel do Instagram",,Total,24138,14282,602,30,0,14,0
17847211416679641,17841400074692954,paulistao,Paulistão,"O PRIMEIRO GOL DE JHON ARIAS COM A CAMISA DO PALMEIRAS! 
#PaulistasEmCampo #Palmeiras
🎥 Premiere",14,"03/18/2026 17:30",https://www.instagram.com/reel/DWC8EpHDR-f/,"Reel do Instagram",,Total,237617,147384,13252,214,3,82,109
18126726700499042,17841401197598318,fcsertaozinho,"Sertãozinho Futebol Clube","⚽️ É GOL DO NOVO ARTILHEIRO DO PAULISTÃO A2 RIVALO! LUKETA ABRE O PLACAR PARA O SERTÃOZINHO EM ARARAQUARA! 🇱🇻",44,"03/18/2026 17:28",https://www.instagram.com/reel/DWC6-F7CXx6/,"Reel do Instagram",,Total,63629,36414,1635,151,10,43,0
18515424400075070,17841400074692954,paulistao,Paulistão,"LIÇÃO DE CASA FEITA!🐷💚
Coloca mais três pontos na conta do Verdão no Allianz Parque!
#PaulistasEmCampo #FutebolPaulista
📷Cesar Greco/Palmeiras",0,"03/18/2026 17:20",https://www.instagram.com/p/DWC7FILFe2K/,"Imagem do Instagram",,Total,34635,21093,1673,105,1,13,14
18171200794400660,17841400074692954,paulistao,Paulistão,"Não deu para o Massa Bruta na Bahia!
#PaulistasEmCampo #FutebolPaulista
📷Ari Ferreira/Red Bull Bragantino",0,"03/18/2026 17:10",https://www.instagram.com/p/DWC55RnlPTK/,"Imagem do Instagram",,Total,25048,15292,385,5,0,2,3
18442232995119718,17841401651676045,afeoficial,"Ferroviária SAF","📍🫀

#Ferroviária | #Araraquara | #PaulistaA2

📸 Leonardo Rodrigues/Ferroviária SAF",0,"03/18/2026 16:35",https://www.instagram.com/p/DWC17ksjvfW/,"Imagem do Instagram",,Total,35919,20574,876,15,1,5,0
18066218054319848,17841400074692954,paulistao,Paulistão,"PRA COROAR A ESTREIA! 🔥
Vocês decidiram e o gol de Santiago foi escolhido como Golaço da 1ª rodada da segunda fase do #PaulistãoA2Rivalo.",21,"03/18/2026 13:30",https://www.instagram.com/reel/DWCbzPOE34Y/,"Reel do Instagram",,Total,38466,27749,671,25,1,20,6
17949635501966098,17841403734375167,sindicatodeatletas,"Sindicato de Atletas SP","🏆 Seleção dos Atletas
Paulistão A4 Rivalo 2026

Confira as seleções da10ª rodada do Paulistão A4 Rivalo 2026.

⭐ Gol - Estevão (Penapolense)
⭐ ZAG/LD - Gabriel Paez (Araçatuba)
⭐ ZAG - Kaio (Barretos)
⭐ ZAG/LE - Magal (Penapolense)
⭐ VOL - Fofão (Comercial)
⭐ VOL - Diogo Silva (Inter de Bebedouro)
⭐ MC - Felipinho (Colorado Caieiras)
⭐ MC - Gustavo Gutchalles (Tanabi)
⭐ ATA - Theo Lanza (Jacareí)
⭐ ATA - Fernando (Tanabi)
⭐ ATA – Kauã Giancler (Taquaritinga)

Aqui, atleta vota em atleta!

#SeleçãodosAtletas #PaulistaoA4 #AtletaVotaemAtleta #SindicatodeAtletasSP #FPF #FutebolInterior

🎯 MKT Digital: @digitalsportspress",0,"03/18/2026 12:30",https://www.instagram.com/p/DWCZ5F1DTE4/,"Imagem do Instagram",,Total,15695,8818,125,29,6,1,0
18072045569212608,17841400074692954,paulistao,Paulistão,"PARABÉNS, YURI ALBERTO!🎉🥳
Campeão e Craque do Paulistão 2025, o camisa 9 do Corinthians comemora mais um ano de vida nesta quarta-feira!
#Corinthians #YuriAlberto 
📷 Alexandre Battibugli e Rebeca Reis/Ag. Paulistão",0,"03/18/2026 10:38",https://www.instagram.com/p/DWCNI2LkShr/,"Carrossel do Instagram",,Total,820141,524607,29065,886,160,199,229
18074226953184627,17841400074692954,paulistao,Paulistão,"TRICOLOR + VERDÃO = LÍDERES DO @brasileirao!
São Paulo e Palmeiras estão voando no Campeonato Brasileiro! 🇾🇪🐷🔥
#PaulistasEmCampo",0,"03/18/2026 10:00",https://www.instagram.com/p/DWCDlOYFcvO/,"Imagem do Instagram",,Total,58844,30601,2797,50,2,22,31
18003872765713178,17841403734375167,sindicatodeatletas,"Sindicato de Atletas SP","🏆 Seleção dos Atletas
Paulistão A3 Rivalo 2026

Confira a seleção da 13ª rodada do Paulistão A3 Rivalo 2026.

⭐ GOL - Léo Lopes (Rio Preto)
⭐ ZAG/LD - Maninho (Portuguesa Santista)
⭐ ZAG - Nuno (União São João)
⭐ ZAG - João Cubas (União Barbarense)
⭐ VOL - Ruan (União São João)
⭐ MC - Carlos Alberto (Marília)
⭐ MC - Yohan (Portuguesa Santista)
⭐ MC - Alisson Motta (EC São Bernardo)
⭐ ATA - Lucas Lima (Marília)
⭐ ATA - Vinicius Caveira (Itapirense)
⭐ ATA - Túlio (Bandeirante)

Aqui, atleta vota em atleta!

#SeleçãodosAtletas #PaulistaoA3 #AtletaVotaemAtleta #SindicatodeAtletasSP #FPF #FutebolInterior

🎯 MKT Digital: @digitalsportspress",0,"03/18/2026 09:53",https://www.instagram.com/p/DWCIAQWkxvf/,"Imagem do Instagram",,Total,26033,14669,222,40,0,1,0
18452158798107992,17841400074692954,paulistao,Paulistão,"FALHA NA MATRIX PAULISTA! 🤯
No mesmo fim de semana, São José no Paulistão A2 Rivalo e São Paulo no Brasileirão fizeram gols idênticos. #PaulistaoA2Rivalo",27,"03/18/2026 09:30",https://www.instagram.com/reel/DWCAZ32kbKk/,"Reel do Instagram",,Total,56173,38165,1866,131,1,17,39
18041158052543502,17841429857362439,paulistaof,"Paulistão F","CLUBES DEFINIDOS!🤩
Essas são as oito equipes que estão classificadas para disputar o Paulistão Feminino 2026! 
#PaulistãoFeminino",0,"03/18/2026 09:05",https://www.instagram.com/p/DWCCbqYDKa9/,"Imagem do Instagram",,Total,93970,50140,2771,166,27,115,41
18111069067775128,17841400074692954,paulistao,Paulistão,"Toda elegância do Robson passando por aqui! Será que hoje tem gol do camisa 11 na Copa do Brasil?
#PaulistasEmCampo #Novorizontino",16,"03/18/2026 08:00",https://www.instagram.com/reel/DWB1850Fbp8/,"Reel do Instagram",,Total,31727,22199,724,6,1,22,11
17903684457221310,17841400074692954,paulistao,Paulistão,"A QUARTA-FEIRA PROMETE!
Opções não faltam na agenda do Futebol Paulista!
#FutebolPaulista #PaulistasEmCampo",0,"03/18/2026 06:00",https://www.instagram.com/p/DWBoHn4FBsR/,"Imagem do Instagram",,Total,55434,30382,1637,54,1,6,16
18146674810470978,17841400074692954,paulistao,Paulistão,"MAIS UMA RODADA DECISIVA! 🔥
#PaulistãoA2Rivalo",0,"03/18/2026 05:00",https://www.instagram.com/p/DWBhQCblIOE/,"Imagem do Instagram",,Total,18980,11199,405,17,0,12,5
18112979557665799,17841400074692954,paulistao,Paulistão,"MAIS UMA!
Confira os jogos da 11ª rodada do #PaulistãoA4Rivalo.",0,"03/18/2026 04:30",https://www.instagram.com/p/DWBd0LhEsbE/,"Imagem do Instagram",,Total,28787,17270,326,13,0,2,3
17956254864081397,17841400074692954,paulistao,Paulistão,"Fim dos jogos dessa terça-feira para as equipes paulistas. 😓
#PaulistasEmCampo",0,"03/17/2026 19:37",https://www.instagram.com/p/DWAl69zk449/,"Imagem do Instagram",,Total,42933,26099,773,4,0,25,6
18305252983302244,17841400074692954,paulistao,Paulistão,"A Portuguesa é superada no Canindé e se despede da @copadobrasilcbf.
#PaulistasEmCampo
📷Jorge Luís Totti/Paysandu",0,"03/17/2026 19:35",https://www.instagram.com/p/DWAlv-JFbbf/,"Imagem do Instagram",,Total,70549,40703,1507,25,1,162,15
17879445129507253,17841400074692954,paulistao,Paulistão,"O São Bernardo é eliminado nos pênaltis e encerra sua participação na @copadobrasilcbf.
#PaulistasEmCampo
📷Janes Carvalho/Divulgação/São Bernardo",0,"03/17/2026 17:46",https://www.instagram.com/p/DWAZLxOEss2/,"Imagem do Instagram",,Total,57396,35316,848,15,0,3,8
18111398953682364,17841400074692954,paulistao,Paulistão,"ELE FEZ DE NOVO!🔥
Vocês votaram e Michael Paulista foi escolhido como Craque da rodada 1 da segunda fase do #PaulistãoA2Rivalo.",0,"03/17/2026 15:30",https://www.instagram.com/p/DWAGQ8wkw4z/,"Imagem do Instagram",,Total,37148,19958,718,22,1,24,5
18098327716946794,17841400074692954,paulistao,Paulistão,"ARTILHARIA PESADA! ⚽💢
Calleri lidera a lista de artilheiros paulistas no @brasileirao até aqui! 
#PaulistasEmCampo #Calleri #FlacoLopez #VitorRoque #Gabigol",0,"03/17/2026 15:00",https://www.instagram.com/p/DWABHmdE3TC/,"Imagem do Instagram",,Total,58711,32648,2102,108,0,56,18
18244249405307076,17841400074692954,paulistao,Paulistão,"TRICOLOR SEGUE NA LIDERANÇA!
O São Paulo segue na primeira colocação da tabela do @brasileirao, com o Palmeiras logo atrás! Como está seu time, torcedor?
#PaulistasEmCampo",0,"03/17/2026 14:30",https://www.instagram.com/p/DV_9sXJlM0D/,"Imagem do Instagram",,Total,298472,153871,12719,198,16,126,108
18083401217027681,17841407234943243,gureeis_,"Gustavo Reis","VÍDEO COMPLETO NO CANAL! 🇱🇻⚽️

Link do vídeo na minha bio, acessa lá 🫵🏻🇱🇻",70,"03/17/2026 14:25",https://www.instagram.com/reel/DWACT8-hixu/,"Reel do Instagram",,Total,53242,34830,1527,92,23,19,0
17903526054220946,17841407234943243,gureeis_,"Gustavo Reis","VÍDEO COMPLETO NO CANAL! 🇱🇻⚽️

Link do vídeo na minha bio, acessa lá 🫵🏻🇱🇻",14,"03/17/2026 14:05",https://www.instagram.com/reel/DV___DbhTi8/,"Reel do Instagram",,Total,43546,28385,802,17,6,3,0
18523881367077473,17841400074692954,paulistao,Paulistão,"OS PEAKY BLINDERS DA BAIXADA!🔥
A Portuguesa Santista garantiu a liderança da primeira fase do #PaulistãoA3Rivalo.",0,"03/17/2026 14:00",https://www.instagram.com/p/DV_6QlQEvYm/,"Imagem do Instagram",,Total,67836,38967,1309,101,2,17,15
18142438528490980,17841400074692954,paulistao,Paulistão,"O GOLAÇO DA CLASSIFICAÇÃO!🔥
Já nos acréscimos, o artilheiro Daniel Cruz marcou essa pintura pra vitória do União Barbarense sobre a Itapirense por 1 a 0, resultado que garantiu o Leão nas quartas do #PaulistãoA3Rivalo.",11,"03/17/2026 13:30",https://www.instagram.com/reel/DV_26fpCjqu/,"Reel do Instagram",,Total,24983,18023,636,16,1,24,7
18145900033477962,17841400074692954,paulistao,Paulistão,"JOGADINHA DE FUTSAL! 🔥 
Corta-luz esperto do Lucas Xavier pro gol de Pedro Mota na vitória da Portuguesa Santista sobre o EC São Bernardo por 3 a 0, pela 14ª rodada do #PaulistãoA3Rivalo.",12,"03/17/2026 13:00",https://www.instagram.com/reel/DV_zkgTE3ut/,"Reel do Instagram",,Total,34903,25097,483,3,1,3,3
17944215780133704,17841425643342499,mariliaac1942,"Marília Atlético Clube","MAIS QUE UMA SIGLA, NOSSA IDENTIDADE!🐯 

No MAC, cada letra carrega o peso da nossa história e o combustível para o nosso futuro. Não são apenas palavras, é o que vivemos dentro e fora de campo:

Motivação: O impulso para agir e conquistar. 

Atitude: A ação que define o resultado. 

Coragem: Para enfrentar todos os desafios. 

Honrar o manto é transformar esses valores em vitória.

#VAMOSMAC",0,"03/17/2026 12:46",https://www.instagram.com/p/DV_2zLXCqev/,"Imagem do Instagram",,Total,17806,9713,231,13,2,1,0
18125065387574752,17841400074692954,paulistao,Paulistão,"PORTAS FECHADAS! ❌🔥
Estevão fechou o gol e Magal salvou duas seguidas em cima da linha na vitória do Penapolense sobre o Nacional por 2 a 0, pela 10ª rodada do #PaulistãoA4Rivalo.",14,"03/17/2026 12:30",https://www.instagram.com/reel/DV_wEZ7lHIm/,"Reel do Instagram",,Total,35896,23701,558,37,4,21,3
18148849741415700,17841400074692954,paulistao,Paulistão,"O MELHOR ATAQUE DO @brasileirao! 🐷⚽💢
São 14 gols na conta do Verdão até aqui, sendo que a dupla Flaco-Roque está empatada na artilharia da equipe!
#PaulistasEmCampo #Palmeiras",0,"03/17/2026 11:00",https://www.instagram.com/p/DV_lp0ekiUg/,"Imagem do Instagram",,Total,106877,57567,7926,180,2,63,70
18081832424365879,17841400074692954,paulistao,Paulistão,"GUARDOU NA GAVETA!🎯🔥
Theo Lanza encheu o pé e marcou um golaço pelo Jacareí no empate sobre o Barretos por 1 a 1, pela 10ª rodada do #PaulistãoA4Rivalo.",14,"03/17/2026 09:30",https://www.instagram.com/reel/DV_bWk-AKWc/,"Reel do Instagram",,Total,26333,19856,449,12,2,23,2
18261551320288956,17841403734375167,sindicatodeatletas,"Sindicato de Atletas SP","🏆 Seleção dos Atletas
Paulistão A4 Rivalo 2026

Confira as seleções da 9ª rodada do Paulistão A4 Rivalo 2026.

⭐ Gol - Leandro Vaso (Inter de Bebedouro)
⭐ ZAG – Dogão (Comercial)
⭐ ZAG - Vytor (Comercial)
⭐ ZAG - Sandoval (Inter de Bebedouro)
⭐ VOL – Ryan (Penapolense)
⭐ VOL - Daniel Baiano (Barretos)
⭐ MD – Gonzalo (Colorado Caieiras)
⭐ MC Central - João Araújo (Grêmio São-Carlense) 
⭐ ME - Iury (Barretos)
⭐ ATA – Natan (ECUS)
⭐ ATA – Lobato (Colorado Caieiras)

Aqui, atleta vota em atleta!

#SeleçãodosAtletas #PaulistaoA4 #AtletaVotaemAtleta #SindicatodeAtletasSP #FPF #FutebolInterior

🎯 MKT Digital: @digitalsportspress",0,"03/16/2026 14:00",https://www.instagram.com/p/DV9anG6jLHh/,"Imagem do Instagram","Ocorreu um erro ao computar métricas.",-,,,,,,,
18564027349030685,17841461375852191,juventussaf,"Juventus SAF","A categoria do @gabrielsantiago00. Três pontos para o Moleque Travesso. 🇱🇻",20,"03/15/2026 15:25",https://www.instagram.com/reel/DV6_Gu_Df0X/,"Reel do Instagram","Ocorreu um erro ao computar métricas.",-,,,,,,,
18095594326819220,17841404075983359,_marco.pastore,"Marco Pastore","AS REVELAÇÕES DE CADA TIME DE SÉRIE A NO @paulistao !! 💙⚽️

#paulistão #paulistão2026 #palmeiras #corinthians #sãopaulofc",145,"03/13/2026 12:52",https://www.instagram.com/reel/DV1kW9CDxHs/,"Reel do Instagram","Ocorreu um erro ao computar métricas.",-,,,,,,,
18026468957799181,17841402945687893,paulistafc,"Paulista Futebol Clube","⚽️GOOOOOOL DO GALO!

Camilo abre o placar (51’), VAMO GALOOOOOO🐔⚽️

#GolDoGalo #PaulistaFC #VamoQueVamo",27,"03/11/2026 16:45",https://www.instagram.com/reel/DVw1YVbjlrN/,"Reel do Instagram","Ocorreu um erro ao computar métricas.",-,,,,,,,
17914264755323085,17841400074692954,paulistao,Paulistão,"JOGÃO COM 4 GOLS! 😮‍💨
Sob olhares de Carlo Ancelotti, Mirassol e Santos empataram no Maião, com Gabigol buscando o empate nos minutos finais! #PaulistasEmCampo
📷 Raul Baretta/Santos",0,"03/10/2026 20:08",https://www.instagram.com/p/DVun2-Slm6L/,"Imagem do Instagram",,Total,45543,25906,1407,31,1,9,7
17875911717541705,17841400074692954,paulistao,Paulistão,"CLASSIFICAÇÃO GARANTIDA!
A Macaca venceu e avançou na Copa do Brasil! #PaulistasEmCampo
📷 Marcos Ribolli/PontePress",0,"03/10/2026 19:38",https://www.instagram.com/p/DVukgHllhxu/,"Imagem do Instagram",,Total,19465,12156,380,4,0,6,1
18096824428976931,17841400074692954,paulistao,Paulistão,"MANDOU NO ALVO! 🎯🔥
Diogo mirou e cravou na vitória da Inter de Bebedouro sobre o União Suzano por 1 a 0, pela 10ª rodada do #PaulistãoA4Rivalo.",13,"03/17/2026 07:30",https://www.instagram.com/reel/DV_Nqz2jVBU/,"Reel do Instagram",,Total,46984,32338,1015,38,6,18,11
18089960270173790,17841400074692954,paulistao,Paulistão,"@copadobrasilcbf EM DOSE DUPLA!
São Bernardo e Portuguesa entram em campo em busca da classificação na Copa do Brasil!
#PaulistasEmCampo",0,"03/17/2026 06:00",https://www.instagram.com/p/DV_DUlKCehp/,"Imagem do Instagram",,Total,23451,14324,487,11,0,15,3
18129882793478266,17841401722413284,briosaoficial,"Portuguesa Santista","Temporada de Oscar na Briosa aberta!🇵🇹

Confira os indicados e conta qual seu voto de melhor filme abaixo!🏆",0,"03/17/2026 05:16",https://www.instagram.com/p/DV_DcwqkYck/,"Carrossel do Instagram",,Total,63460,21908,984,77,4,30,0
18159104320427288,17841400074692954,paulistao,Paulistão,"FALTA UMA RODADA! 🔥
Após 14 jogos, confira como está a classificação do #PaulistãoA3Rivalo.",0,"03/16/2026 17:00",https://www.instagram.com/p/DV9qDhmEecd/,"Imagem do Instagram",,Total,106568,58082,2478,101,8,38,21
18094370528066099,17841400074692954,paulistao,Paulistão,"CHEGOU E JÁ FEZ A DIFERENÇA PARA O JUVENTUS! 🔥
Santiago contou pra gente sobre a sensação de marcar o gol da vitória logo na estreia contra a Ferroviária, pela 1ª rodada segunda fase do #PaulistãoA2Rivalo.",20,"03/16/2026 16:00",https://www.instagram.com/reel/DV9jaGTFJSG/,"Reel do Instagram",,Total,29993,22558,519,21,4,16,8
17944116111134781,17841411170007197,vogalizandoahistoria,"Vogalizando a História","Toda semana vai ter vídeo do Vogalizando e o @paulistao saindo por aqui! 

Fica de olho no Paulistão!",87,"03/16/2026 15:34",https://www.instagram.com/reel/DV9lQl9jVa7/,"Reel do Instagram",,Total,160406,108712,10655,1840,55,344,0
17913919275325082,17841400074692954,paulistao,Paulistão,"CANHOTINHA DE OURO!🔥
Otávio marcou um golaço pelo Colorado Caieiras no empate sobre o Taquaritinga por 1 a 1, pela 10ª rodada do #PaulistãoA4Rivalo.",10,"03/16/2026 15:30",https://www.instagram.com/reel/DV9f2WHgT_y/,"Reel do Instagram",,Total,32599,22327,793,79,2,51,13
18065897237321709,17841400074692954,paulistao,Paulistão,"JÁ MARCOU O CORTE DE CABELO, TORCIDA TRICOLOR? 💇‍♂️🤣
O São Paulo engatou QUATRO vitórias seguidas no @brasileirao! 
#PaulistasEmCampo",0,"03/16/2026 15:00",https://www.instagram.com/p/DV9cUrHlW3z/,"Imagem do Instagram",,Total,103550,56551,7345,70,1,142,81
18069265196262452,17841400074692954,paulistao,Paulistão,"QUAL FOI O GOLAÇO DA RODADA?🔥⚽️
Escolha o gol mais bonito da 16ª rodada do #PaulistãoA2Rivalo! 
Michael Paulista, Santiago ou Orlando Júnior?
Deixe seu voto aqui no post! 

*Enquete encerra quarta (18) às 11h.",0,"03/16/2026 14:34",https://www.instagram.com/p/DV9eltYCePk/,"Carrossel do Instagram",,Total,31427,15428,316,218,12,171,3
17860438797615298,17841400074692954,paulistao,Paulistão,"FIM DA 10ª RODADA!
Vem ver como ficou a tabela de classificação do #PaulistãoA4Rivalo depois dos jogos do fim de semana!",0,"03/16/2026 14:00",https://www.instagram.com/p/DV9Y5VrCcF-/,"Imagem do Instagram",,Total,59578,32870,1166,30,8,21,13
18057065285442952,17841461375852191,juventussaf,"Juventus SAF","De novo ele! 🇪🇨

Elkin marcou o 5º gol dele na A2 e se tornou o artilheiro do Juve na competição.

Além de balançar as redes, também deu a assistência para o gol da vitória sobre a Ferroviária, em linda jogada, driblando dois adversários.

📊 Sofascore",0,"03/16/2026 13:45",https://www.instagram.com/p/DV9YzCBjdxg/,"Imagem do Instagram",,Total,23623,13779,382,19,0,12,0
18572941180053060,17841400074692954,paulistao,Paulistão,"Lá vem a belezura 🤩🏆
#PaulistãoCasasBahia",14,"03/16/2026 13:40",https://www.instagram.com/reel/DV9YRgyCcVj/,"Reel do Instagram",,Total,49203,33931,4972,42,32,34,67
18095442494086311,17841400074692954,paulistao,Paulistão,"SÓ VALE GOLAÇO! ⚽️🔥
Orlando Junior e Hugo entraram no segundo tempo pra garantir a vitória do Votuporanguense sobre o Ituano por 3 a 0, pela 1ª rodada da segunda fase do #PaulistãoA2Rivalo.",12,"03/16/2026 12:30",https://www.instagram.com/reel/DV9LSKpD-C9/,"Reel do Instagram",,Total,30575,23164,420,12,2,6,6
18088935380220523,17841400074692954,paulistao,Paulistão,"QUEM FOI O CRAQUE DA 16ª RODADA?🔥
Vote aqui no post e escolha quem foi o destaque da 16ª rodada do Paulistão A2 Rivalo! A enquete se encerra nessa terça (17), às 16h.
#PaulistãoA2Rivalo #CraqueDaRodada",0,"03/16/2026 12:06",https://www.instagram.com/p/DV9NY0qkdOa/,"Imagem do Instagram",,Total,41108,25254,351,194,9,116,2
17878842507514698,17841403734375167,sindicatodeatletas,"Sindicato de Atletas SP","🏆 Seleção dos Atletas
Paulistão A3 Rivalo 2026

Confira a seleção da 12ª rodada do Paulistão A3 Rivalo 2026.

⭐ GOL - Igor (EC São Bernardo)
⭐ LD - Vinicius Chicota (Desportivo Brasil)
⭐ ZAG - Lázaro (Marília)
⭐ ZAG - Felipe Torres (Rio Preto)
⭐ LE - Pedro Mota (Portuguesa Santista)
⭐ VOL - Kayo (Desportivo Brasil)
⭐ MC- Rafael Costa (União São João)
⭐ MEI - Giovane (Bandeirante)
⭐ ATA - Matheus Lu (União Barbarense)
⭐ ATA - Vinícius Macedo (EC São Bernardo)
⭐ ATA - Lucas Lima (Marília)

Aqui, atleta vota em atleta!

#SeleçãodosAtletas #PaulistaoA3 #AtletaVotaemAtleta #SindicatodeAtletasSP #FPF #FutebolInterior

🎯 MKT Digital: @digitalsportspress",0,"03/16/2026 10:37",https://www.instagram.com/p/DV9DZJMk12N/,"Imagem do Instagram",,Total,35652,19640,298,34,5,1,0
17864248956529691,17841400074692954,paulistao,Paulistão,"MENINO DA VILA, SANTISTA E CRUEL!
O Gabigol gosta de marcar no Clássico Alvinegro!
#PaulistasEmCampo #Santos",17,"03/16/2026 10:00",https://www.instagram.com/reel/DV87gXQEiyV/,"Reel do Instagram",,Total,86724,66890,4038,161,6,55,102
17864618112522843,17841400074692954,paulistao,Paulistão,"TIKI TAKA NO INTERIOR! 🔥 
Grande jogada coletiva que terminou no gol do Diego na vitória do Rio Branco sobre o União Suzano por 2 a 1, pela 14ª rodada do #PaulistaoA3Rivalo.",20,"03/16/2026 09:40",https://www.instagram.com/reel/DV87TXfAVbB/,"Reel do Instagram",,Total,29659,20274,392,16,0,5,2
17928943308228139,17841400074692954,paulistao,Paulistão,"A SEGUNDA FASE ESTÁ ON! 🔥
Assim está a classificação do Paulistão A2 Rivalo depois dos jogos do fim de semana!
#PaulistãoA2Rivalo",0,"03/16/2026 09:00",https://www.instagram.com/p/DV82AlFEQxp/,"Imagem do Instagram",,Total,50166,29193,931,37,4,24,4
18075292241382678,17841400074692954,paulistao,Paulistão,"QUE TAPA! 😮‍💨🤌
Michael Paulista fez esse golaço na vitória do São José sobre o Sertãozinho por 2 a 1, pela 1ª rodada da segunda fase do #PaulistãoA2Rivalo.",12,"03/16/2026 08:00",https://www.instagram.com/reel/DV8uqSAjb_B/,"Reel do Instagram",,Total,25452,17405,596,16,2,12,3
18437870080118896,17841400074692954,paulistao,Paulistão,"Palmeiras e São Paulo vencem, enquanto o Clássico Alvinegro termina empatado. Esse foi o domingo dos #PaulistasEmCampo.",0,"03/15/2026 19:23",https://www.instagram.com/p/DV7a1SZDAh_/,"Imagem do Instagram",,Total,52984,30600,1696,37,0,47,12
17870139831579108,17841400074692954,paulistao,Paulistão,"DE VIRADA!
São Paulo reverte o placar contra o Red Bull Bragantino e se mantém firme na liderança do Brasileirão!
#PaulistasEmCampo
📷Rubens Chiri/Arquivo/São Paulo",0,"03/15/2026 18:51",https://www.instagram.com/p/DV7XKWTCe0u/,"Imagem do Instagram",,Total,41247,24609,2389,67,1,36,8
18113983294734058,17841400074692954,paulistao,Paulistão,"O AUGENTE SECRETO TÁ DIFERENTE!
O Fanaticão já está na torcida pelo filme brasileiro no #Oscars",0,"03/15/2026 17:39",https://www.instagram.com/p/DV7O1toDedH/,"Imagem do Instagram",,Total,18199,10880,287,4,0,1,2
18539811487071683,17841400074692954,paulistao,Paulistão,"FANATICÃO NA ÁREA 🐶
Acharam que o #FutebolPaulista não estaria com o melhor representante no tapete vermelho? 
#Oscars",0,"03/15/2026 16:54",https://www.instagram.com/p/DV7JwQNDd26/,"Imagem do Instagram",,Total,18057,10969,296,2,0,0,3
17914516329340890,17841400074692954,paulistao,Paulistão,"VITÓRIA ALVIVERDE!
Palmeiras leva a melhor no duelo paulista e fica com os três pontos contra o Mirassol.
#PaulistasEmCampo
📷Cesar Greco/Palmeiras",0,"03/15/2026 16:41",https://www.instagram.com/p/DV7IQhWjDca/,"Imagem do Instagram",,Total,48190,29180,2371,99,0,19,16
17900006967402567,17841400074692954,paulistao,Paulistão,"Está encerrada a 14ª rodada do Paulistão A3 Rivalo!
#PaulistãoA3Rivalo",0,"03/15/2026 16:14",https://www.instagram.com/p/DV7FJuLEpDR/,"Imagem do Instagram",,Total,53430,31624,859,19,2,12,9
18087939560333616,17841461375852191,juventussaf,"Juventus SAF","Mais um capítulo.",50,"03/15/2026 14:46",https://www.instagram.com/reel/DV669gaDQRA/,"Reel do Instagram",,Total,89874,57734,2525,59,18,19,0
18082128143049341,17841400074692954,paulistao,Paulistão,"TUDO IGUAL!
O Clássico Alvinegro terminou empatado.
#PaulistasEmCampo
📷Raul Baretta/Santos",0,"03/15/2026 14:22",https://www.instagram.com/p/DV64U3RkqRF/,"Imagem do Instagram",,Total,54811,32529,2277,18,0,17,15
18089723027162411,17841400074692954,paulistao,Paulistão,"GABIGOL EMPATA PARA O SANTOS! 💪
O camisa 9 faz o primeiro do Peixão no #ClássicoAlvinegro! 
#PaulistasEmCampo #Santos",37,"03/15/2026 13:27",https://www.instagram.com/reel/DV6rbeZCTTo/,"Reel do Instagram",,Total,115704,83907,5707,113,10,22,58
18102179432509204,17841400074692954,paulistao,Paulistão,"SÓ DEFESAÇA! 🧤
Se liga em algumas defesas do paredão do Peixe na primeira etapa do #ClássicoAlvinegro pelo @brasileirao! 
#PaulistasEmCampo",11,"03/15/2026 13:14",https://www.instagram.com/reel/DV6wavniSZ6/,"Reel do Instagram",,Total,60248,41009,802,21,0,35,15
18109492549748268,17841400074692954,paulistao,Paulistão,"AQUI NASCEM LENDAS! 🔥
Se liga no bandeirão da torcida do Santos antes do #ClássicoAlvinegro! 
#PaulistasEmCampo #Santos",18,"03/15/2026 12:39",https://www.instagram.com/reel/DV6obPykU4e/,"Reel do Instagram",,Total,254259,168610,17517,1089,74,546,309
17996298452920679,17841400074692954,paulistao,Paulistão,"EQUIPES EM CAMPO! 🤩
Daqui a pouco a bola rola no Clássico Alvinegro pelo @brasileirao! 
#PaulistasEmCampo #Santos #Corinthians",36,"03/15/2026 12:33",https://www.instagram.com/reel/DV6oAQ_kaKj/,"Reel do Instagram",,Total,19247,14469,738,3,2,2,8
18050473943505039,17841400074692954,paulistao,Paulistão,"O TIMÃO ABRE O PLACAR! 👉😤👈
Memphis volta a marcar e o Corinthians sai na frente na Vila Belmiro! 
#PaulistasEmCampo #Corinthians",24,"03/15/2026 12:32",https://www.instagram.com/reel/DV6qzsACVe6/,"Reel do Instagram",,Total,120193,79396,7420,211,5,40,76
18118624717620766,17841400074692954,paulistao,Paulistão,"EQUIPES NO AQUECIMENTO! 🔥
Daqui a pouco tem Clássico Alvinegro na Vila Belmiro pelo @brasileirao! Quem vence hoje?",18,"03/15/2026 11:40",https://www.instagram.com/reel/DV6lqSLkfJd/,"Reel do Instagram",,Total,60026,43111,1691,9,0,8,17
18001944539910771,17841400074692954,paulistao,Paulistão,"OLHO NO LANCE! ⚽🔍
O campeão do Paulistão Casas Bahia entra em campo pelo Brasileirão mais uma vez!
#PaulistasEmCampo",25,"03/15/2026 11:00",https://www.instagram.com/reel/DV6hNa5ERA_/,"Reel do Instagram",,Total,30803,22581,2162,81,0,28,26
17902056714398413,17841400074692954,paulistao,Paulistão,"Ponto final na primeira rodada da segunda fase do Paulistão A2 Rivalo!
#PaulistãoA2Rivalo",0,"03/15/2026 08:16",https://www.instagram.com/p/DV6OgYeEpqw/,"Imagem do Instagram",,Total,32391,17991,915,59,0,30,5
18129810646479553,17841400074692954,paulistao,Paulistão,"É DIA DE DUELO PAULISTÃO NO BRASILEIRÃO!
Na reedição das quartas de final do Paulistão Casas Bahia, o líder São Paulo visita o Red Bull Bragantino!
#PaulistasEmCampo #FutebolPaulista",0,"03/15/2026 08:00",https://www.instagram.com/p/DV6HdqwFCEW/,"Imagem do Instagram",,Total,39275,23401,1349,59,1,18,9
18115221100567475,17841400074692954,paulistao,Paulistão,"É DIA DE JOGÃO ENTRE PAULISTAS!
O campeão do Paulistão Casas Bahia vai entrar em campo para enfrentar o Mirassol no @brasileirao!
#PaulistasEmCampo #FutebolPaulista",0,"03/15/2026 07:00",https://www.instagram.com/p/DV6AmH7GlUG/,"Imagem do Instagram",,Total,37782,23172,962,23,0,6,12
18144952960478968,17841400074692954,paulistao,Paulistão,"Se liga só nos resultados da décima rodada do Paulistão A4 Rivalo!
#PaulistãoA4Rivalo",0,"03/15/2026 06:57",https://www.instagram.com/p/DV6Fe_ukm99/,"Imagem do Instagram",,Total,24572,14339,398,14,2,9,4
17897635761261337,17841400074692954,paulistao,Paulistão,"QUE ESTREIA NA FERROVIÁRIA! 👀⚽️
Skilo empata pra Locomotiva contra o Juventus. #PaulistaoA2Rivalo",14,"03/15/2026 06:38",https://www.instagram.com/reel/DV6CzZ-DVjw/,"Reel do Instagram",,Total,44273,34676,348,2,0,2,5
18114070537710591,17841401651676045,afeoficial,"Ferroviária SAF","SKILO! Estreia, estrela! 
Placar empatado na Mooca. 

#Ferroviária | #Araraquara | ##PaulistaA2 

📽 Felipe Cardoso/Ferroviária SAF",14,"03/15/2026 06:21",https://www.instagram.com/reel/DV6A2cGDrWB/,"Reel do Instagram",,Total,31524,19294,551,15,1,7,0
18119376013543420,17841400074692954,paulistao,Paulistão,"ELE GOSTA DE FAZER GOL NA JAVARI! 🇪🇨🔥
Elkin Muñoz abrindo o placar pro Juventus contra a Ferroviária. #PaulistaoA2Rivalo",13,"03/15/2026 06:20",https://www.instagram.com/reel/DV6BFCUDcRi/,"Reel do Instagram",,Total,93249,64625,1953,74,13,14,25
18095000387046083,17841400074692954,paulistao,Paulistão,"O DOMINGO É DOS PAULISTAS NO BRASILEIRÃO!
#PaulistasEmCampo #FutebolPaulista",0,"03/15/2026 06:00",https://www.instagram.com/p/DV55urQjHSp/,"Imagem do Instagram",,Total,80115,46312,3467,121,3,58,32
18122974201603365,17841400074692954,paulistao,Paulistão,"DOMINGÃO DE GRANDES JOGOS! 🔥
Confira os confrontos de hoje do #PaulistãoA3Rivalo.",0,"03/15/2026 04:00",https://www.instagram.com/p/DV5sAaVFtSs/,"Imagem do Instagram",,Total,23979,15781,268,6,0,4,0
18096907880069015,17841400074692954,paulistao,Paulistão,"FECHANDO COM CHAVE DE OURO! ⚽️
Juventus e Ferroviária se enfrentam pela 1ª rodada da segunda fase do #PaulistãoA2Rivalo.",0,"03/15/2026 02:00",https://www.instagram.com/p/DV5eQwFlV4c/,"Imagem do Instagram",,Total,17347,10589,199,5,2,1,1
18148819366457147,17841400074692954,paulistao,Paulistão,"DIA DE CLÁSSICO ALVINEGRO NO ALÇAPÃO! 🏟️🔥
O Santos recebe o Corinthians pelo @brasileirao nesse domingo, às 16h. Para quem vai sua torcida?
#PaulistasEmCampo",0,"03/14/2026 20:05",https://www.instagram.com/p/DV41peSjkny/,"Imagem do Instagram",,Total,427470,256721,19257,1614,19,162,208
18113622703725800,17841400074692954,paulistao,Paulistão,"O CAMISA 10 AINDA EXISTE! 🔟🔥
Yohan Marcellus é o grande destaque da Portuguesa Santista, lidera a artilharia do Paulistão A3 Rivalo e é o tipo de jogador que faz valer o ingresso da torcida da Briosa! Quem não conhece, tá sem internet…#DestaqueRivalo  #PaulistaoA3Rivalo",49,"03/14/2026 08:00",https://www.instagram.com/reel/DV3jEitkQNR/,"Reel do Instagram",,Total,43134,28835,1514,325,11,68,23
18104096503700629,17841400074692954,paulistao,Paulistão,"PRÓXIMA PARADA: QUARTAS DE FINAL! 🔥⏭️
Portuguesa Santista e Marília estão classificados para a próxima fase do #PaulistãoA3Rivalo.",0,"03/14/2026 06:00",https://www.instagram.com/p/DV3U76yFhaR/,"Imagem do Instagram",,Total,211890,106535,5839,191,29,105,49
17961348582050557,17841400074692954,paulistao,Paulistão,"SÁBADO DE DECISÕES! 🔥
Confira os jogos de hoje pela 1ª rodada da segunda fase do #PaulistãoA2Rivalo.",0,"03/14/2026 05:30",https://www.instagram.com/p/DV3Rf9hFqNU/,"Imagem do Instagram",,Total,19833,11703,307,12,0,5,5
18169581115401776,17841400074692954,paulistao,Paulistão,"DIA CHEIO!🔥
Veja os confrontos desse sábado (14) pelo #PaulistãoA4Rivalo.",0,"03/14/2026 04:00",https://www.instagram.com/p/DV3HM-hlDza/,"Imagem do Instagram",,Total,22407,13232,300,10,0,2,4
18094935503094366,17841400074692954,paulistao,Paulistão,"SABADÃO DE FUTEBOL! ⚽️ 
Confira os jogos de hoje do #PaulistãoA3Rivalo.",0,"03/14/2026 03:30",https://www.instagram.com/p/DV3DxBPFaag/,"Imagem do Instagram",,Total,15662,9845,151,1,0,0,0
18081941933581818,17841400074692954,paulistao,Paulistão,"HEGEMONIA ALVIVERDE! 🌟💚
Campeão do @paulistaofeminino no final do ano passado, o Palmeiras também conquistou a taça do Paulistão Casas Bahia 2026!
#PaulistãoCasasBahia #PaulistãoFeminino",0,"03/13/2026 15:00",https://www.instagram.com/p/DV1t8GjDpnT/,"Imagem do Instagram",,Total,99894,50977,7026,133,2,74,92
18108854461796113,17841425643342499,mariliaac1942,"Marília Atlético Clube","Saiba seus limites.✋
Não tem paixão igual ao Tigrão. 🐯💙

#VamosMAC",0,"03/13/2026 14:25",https://www.instagram.com/p/DV1vKENGmXi/,"Carrossel do Instagram",,Total,167595,55390,2120,69,11,7,0
18134032351536810,17841400074692954,paulistao,Paulistão,"4️⃣0️⃣0️⃣ VITÓRIAS DO TRICOLOR! 🇾🇪🌟
O São Paulo é o primeiro time a conquistar a 400ª vitória na era dos pontos corridos do @brasileirao!
#PaulistasEmCampo #SãoPaulo",0,"03/13/2026 14:15",https://www.instagram.com/p/DV1oyfkE-4x/,"Imagem do Instagram",,Total,135088,68666,15379,282,8,68,108
18104064397857855,17841400074692954,paulistao,Paulistão,"O CARA DO MOMENTO! ⚽️ 
Luketa já foi três vezes Craque da Rodada e segue se destacando pelo Sertãozinho no Paulistão A2 Rivalo. Candidato à craque da competição, torcedor? #DestaqueRivalo #PaulistãoA2Rivalo",33,"03/13/2026 14:00",https://www.instagram.com/reel/DV1nVpaifDT/,"Reel do Instagram",,Total,39521,27253,750,74,4,28,4
17963449142901954,17841400074692954,paulistao,Paulistão,"O HOMEM GOL DO XVZÃO! 🔥
Vocês votaram e Paulo Marcelo foi eleito o Craque da 15ª rodada do #PaulistãoA2Rivalo.",0,"03/13/2026 13:30",https://www.instagram.com/p/DV1jo-_CQ6j/,"Imagem do Instagram",,Total,30385,16713,489,6,0,30,5
18038361473758773,17841400074692954,paulistao,Paulistão,"DE PRIMEIRA SEM DEIXAR CAIR! 🔥
Vocês decidiram e o gol de Pedro Arthur foi eleito o Golaço da 15ª rodada do #PaulistãoA2Rivalo.",15,"03/13/2026 13:00",https://www.instagram.com/reel/DV1gS23kuCV/,"Reel do Instagram",,Total,38635,26791,589,11,3,11,6
17961185496025994,17841400074692954,paulistao,Paulistão,"DE IGUAL PRA IGUAL!🔥
XV de Piracicaba e Água Santa abrem a segunda fase do Paulistão A2 Rivalo e o histórico de confrontos na competição mostra equilíbrio absoluto entre as equipes. Vem aí mais um grande duelo! #PaulistãoA2Rivalo",0,"03/13/2026 12:30",https://www.instagram.com/p/DV1cxXjEko-/,"Imagem do Instagram",,Total,34106,16998,524,3,3,12,4
18572127481013017,17841461375852191,juventussaf,"Juventus SAF","Dentro de campo vocês já conhecem nossos Moleques Travessos. Agora chegou a hora de descobrir um pouco mais deles fora de campo. 🤣

#SouRivalo @rivalobrasil #JogueComResponsabilidade +18",89,"03/13/2026 12:11",https://www.instagram.com/reel/DV1fi0wDc42/,"Reel do Instagram",,Total,23754,17470,410,21,4,11,0
17946012281979768,17841400074692954,paulistao,Paulistão,"POR TRÁS DO PALCO! 🤩
Vem ver como foram as gravações com os premiados do Paulistão Casas Bahia 2026! 
#Premiação #PaulistãoCasasBahia #Sil",28,"03/13/2026 11:29",https://www.instagram.com/reel/DV1a3QcEa9d/,"Reel do Instagram",,Total,19149,13896,1058,8,3,10,18
18069238373269424,17841400074692954,paulistao,Paulistão,"SÓ VALE CAMISA HISTÓRICA!
Inspirados na rodada retrô da LaLiga, onde irão homenagear a história dos clubes e os símbolos que marcaram gerações de torcedores, relembramos uniformes históricos do Futebol Paulista!
#PaulistãoCasasBahia",0,"03/13/2026 08:00",https://www.instagram.com/p/DV098zCFDMM/,"Carrossel do Instagram",,Total,471233,195039,34202,286,92,139,297
18100038811822367,17841400074692954,paulistao,Paulistão,"POV: você é o Luís Pacheco recebendo a premiação do Paulistão Casas Bahia 2026 👀🏆
#PaulistãoCasasBahia",49,"03/13/2026 07:30",https://www.instagram.com/reel/DV0_ha4jYYb/,"Reel do Instagram",,Total,35290,26460,1947,25,22,23,27
18106248547862775,17841400074692954,paulistao,Paulistão,"QUEM É QUE PARA O TOURO DO VALE? 🐂🔥
O Barretos segue invicto e líder do #PaulistãoA4Rivalo.",0,"03/13/2026 07:00",https://www.instagram.com/p/DV03AkBEpBU/,"Imagem do Instagram",,Total,38475,22637,597,71,5,25,1
18096078748993142,17841400074692954,paulistao,Paulistão,"🎶O importante é que emoções eu vivi🎶
E quantas emoções o Abel Ferreira viveu, hein?!
#PaulistãoCasasBahia #AbelFerreira",31,"03/13/2026 06:05",https://www.instagram.com/reel/DV0wcjTgaVH/,"Reel do Instagram",,Total,150566,114767,22429,2115,1050,1020,583
18109484410685963,17841400074692954,paulistao,Paulistão,"COM VOCÊS: JOÃO VITOR, O MELHOR LATERAL-DIREITO DO PAULISTÃO CASAS BAHIA!
#Premiação #PaulistãoCasasBahia 
📷 Rebeca Reis/Ag. Paulistão",0,"03/13/2026 06:00",https://www.instagram.com/p/DV0wJJVFM0j/,"Imagem do Instagram",,Total,49203,27198,1371,20,0,19,9
18364744288167916,17841400074692954,paulistao,Paulistão,"RECOMEÇANDO OS TRABALHOS! 🔥 
Confira os jogos da 1ª rodada da segunda fase do #PaulistãoA2Rivalo.",0,"03/13/2026 05:30",https://www.instagram.com/p/DV0ss_7FUfH/,"Imagem do Instagram",,Total,16911,10021,302,12,0,3,2
17852002041650751,17841400074692954,paulistao,Paulistão,"TABELA ATUALIZADA! 🔥 
Confira a classificação do #PaulistãoA4Rivalo.",0,"03/13/2026 05:00",https://www.instagram.com/p/DV0pRtjFg5U/,"Imagem do Instagram",,Total,102063,55938,2071,78,29,32,16
18049987952710448,17841400074692954,paulistao,Paulistão,"A PENÚLTIMA DA PRIMEIRA FASE! 🔥
Confira os confrontos da 14ª rodada do #PaulistãoA3Rivalo",0,"03/13/2026 04:30",https://www.instagram.com/p/DV0l1n2FJZ-/,"Imagem do Instagram",,Total,26200,16111,373,11,2,3,7
17914738803325929,17841400074692954,paulistao,Paulistão,"MAIS UMA JORNADA! ⚽️
Confira os jogos da 10ª rodada do #PaulistãoA4Rivalo.",0,"03/13/2026 04:00",https://www.instagram.com/p/DV0iaBllrmq/,"Imagem do Instagram",,Total,23193,13863,246,13,2,2,3
18058697327401833,17841400074692954,paulistao,Paulistão,"PARABÉNS, VAMPETA!🎉🥳
Bicampeão do Paulistão e Campeão do Mundo com a Seleção Brasileira em 2002, o Velho Vamp comemora 52 anos nesta sexta-feira(13).
#FPF #Aniversário",0,"03/13/2026 03:00",https://www.instagram.com/p/DV0biv1GfL8/,"Imagem do Instagram",,Total,48984,29444,643,21,1,30,4
18115343851570027,17841400074692954,paulistao,Paulistão,"A quinta-feira de #FutebolPaulista terminou com o São Paulo na liderança do Brasileirão e o Novorizontino avançado de fase na Copa do Brasil! Se liga nos resultados.
#PaulistasEmCampo",0,"03/12/2026 19:44",https://www.instagram.com/p/DVzu0XKEtze/,"Imagem do Instagram",,Total,49246,29342,888,11,0,13,7
18348153619230862,17841400074692954,paulistao,Paulistão,"FOI BUSCAR!
Red Bull Bragantino sai atrás do placar, mas consegue o empate diante do Grêmio.
#PaulistasEmCampo
📷Ari Ferreira/Red Bull Bragantino",0,"03/12/2026 19:32",https://www.instagram.com/p/DVzteOXkgms/,"Imagem do Instagram",,Total,16225,9663,196,3,0,1,1
18091685054124787,17841400074692954,paulistao,Paulistão,"OS NOMES DA EMOÇÃO!
Robson, Dantas e Carlão foram os responsáveis pelos gols da classificação do Novorizontino para a quarta fase da Copa do Brasil!
#PaulistasEmCampo
📷Ozzair Jr/Novorizontino",0,"03/12/2026 19:07",https://www.instagram.com/p/DVzqn9aEkGS/,"Carrossel do Instagram",,Total,64072,29318,1558,24,0,4,4
18073130360560609,17841400074692954,paulistao,Paulistão,"O TIGRE TÁ VOANDO!
Novorizontino vence o Mixto no Mato Grosso e avança mais uma fase na Copa do Brasil!
#PaulistasEmCampo
📷Ozzair Jr/Novorizontino",0,"03/12/2026 18:35",https://www.instagram.com/p/DVzm8xHkkL2/,"Imagem do Instagram",,Total,75344,45765,1466,18,2,16,8
18122465143596864,17841400074692954,paulistao,Paulistão,"ALÔ, COPA DO BRASIL!
O Novorizontino está na quarta fase!
#CopaDoBrasil",0,"03/12/2026 18:28",https://www.instagram.com/p/DVzmLwNEsLT/,"Imagem do Instagram",,Total,130813,72712,4026,53,0,9,21
18437132359116259,17841400074692954,paulistao,Paulistão,"SEGUE O LÍDER!
São Paulo vence na estreia de Roger Machado e assume a ponta do Brasileirão!
#PaulistasEmCampo
📷Miguel Schincariol/São Paulo",0,"03/12/2026 18:11",https://www.instagram.com/p/DVzkKzUEmba/,"Imagem do Instagram",,Total,40185,23677,2055,54,0,21,12
18571773205004686,17841400074692954,paulistao,Paulistão,"Palmeiras leva a virada fora de casa e sofre a primeira derrota no Brasileirão.
#PaulistasEmCampo
📷Cesar Greco/Palmeiras",0,"03/12/2026 17:33",https://www.instagram.com/p/DVzf0qJkreO/,"Imagem do Instagram",,Total,80057,45131,2708,1064,1,178,18
18106875556864401,17841400074692954,paulistao,Paulistão,"O TIGRE CONTINUA IMBATÍVEL! 🐅Ⓜ️
Já classificado para a próxima fase, o Marília segue invicto no #PaulistãoA3Rivalo.",0,"03/12/2026 16:59",https://www.instagram.com/p/DVzb4wnjQmA/,"Imagem do Instagram",,Total,44077,23940,1055,91,9,40,11
17846766585677070,17841403697985575,alambradofutebolecultura,"Alambrado Futebol e Cultura","Fim do @paulistao 2026! 

16 clubes.
16 histórias.
16 camisas que representam o futebol paulista.

Se encerra mais uma edição do maior campeonato estadual do Brasil!",45,"03/12/2026 16:43",https://www.instagram.com/reel/DVzZiglDeRw/,"Reel do Instagram",,Total,8221,6094,127,2,2,5,0
18088183835469853,17841400074692954,paulistao,Paulistão,"A MELHOR ARBITRAGEM! 🏆
Eles foram destaque ao longo da competição e estão entre os melhores árbitros do Paulistão Casas Bahia 2026! #Premiação #PaulistãoCasasBahia 🥰
📷 Ag. Paulistão",0,"03/12/2026 16:00",https://www.instagram.com/p/DVzQAn8FknH/,"Imagem do Instagram",,Total,50639,28989,552,6,1,5,6
17866389177502898,17841400074692954,paulistao,Paulistão,"QUE ORGULHO, MATHEUS BIANQUI!
O Novorizontino fez história no Paulistão Casas Bahia!
#PaulistãoCasasBahia #Novorizontino",24,"03/12/2026 15:00",https://www.instagram.com/reel/DVzJXb-FatF/,"Reel do Instagram",,Total,64047,39874,3653,230,11,65,21
18087715814333792,17841400074692954,paulistao,Paulistão,"QUANDO O FUTEBOL VIRA ARTE! 🎨⚽️
Vinicius Caveira esbanjando habilidade pela Itapirense no #PaulistãoA3Rivalo.",16,"03/12/2026 14:30",https://www.instagram.com/reel/DVzHKFJDW3D/,"Reel do Instagram",,Total,62021,37991,906,51,2,37,10
18068620685261811,17841400074692954,paulistao,Paulistão,"MÃOS DE PEDRA! 🧱🧤
Capellari fechou o gol no empate do Desportivo Brasil sobre o Catanduva por 0 a 0, pela 13ª rodada do #PaulistãoA3Rivalo.",22,"03/12/2026 14:00",https://www.instagram.com/reel/DVzCcxmDBtV/,"Reel do Instagram",,Total,61917,47065,527,69,3,39,6
18014354027667113,17841403697985575,alambradofutebolecultura,"Alambrado Futebol e Cultura","A história do futebol paulista também se conta pelas camisas.

Na premiação do @paulistao 2026, o Alambrado Futebol e Cultura, em parceria com a @fpf_oficial , apresentou uma exposição com peças que representam os 16 clubes da competição!",0,"03/12/2026 14:00",https://www.instagram.com/p/DVzHe6DAdjn/,"Carrossel do Instagram",,Total,56714,20374,1154,34,10,15,0
18145641739484784,17841400074692954,paulistao,Paulistão,"DESENCANTOU EM DOSE DUPLA! 🏹 🔥
Túlio Eduardo cravou seus dois primeiros gols no Paulistão A3 Rivalo pelo Bandeirante no empate contra o EC São Bernardo por 2 a 2. #PaulistãoA3Rivalo.",20,"03/12/2026 13:30",https://www.instagram.com/reel/DVy_CG1CARg/,"Reel do Instagram",,Total,42422,27388,787,46,6,73,8
18114152470730587,17841400074692954,paulistao,Paulistão,"O CAMISA 🔟 DO TIGRE! 🗣️🐯
Rômulo contou um pouco sobre a sua participação no segundo jogo da final do #PaulistãoCasasBahia e da sua relação com o Novorizontino! 
#Premiação",28,"03/12/2026 13:08",https://www.instagram.com/reel/DVzBXXTEeIL/,"Reel do Instagram",,Total,10485,7871,253,1,1,3,4
18428100796136488,17841400074692954,paulistao,Paulistão,"O TREINADOR COM MAIS TÍTULOS NA HISTÓRIA DO PALMEIRAS!
#Premiação #PaulistãoCasasBahia #AbelFerreira
📷 Rebeca Reis/Ag. Paulistão",0,"03/12/2026 12:00",https://www.instagram.com/p/DVy0jkpDeIt/,"Imagem do Instagram",,Total,20984,12403,1518,22,2,13,12
17868425277584452,17841400074692954,paulistao,Paulistão,"MUITO ORGULHO! ❤️💚
João Vitor, lateral-direito da Portuguesa e da Seleção do #PaulistãoCasasBahia, falou sobre a sensação de defender a camisa da Lusa e dedicou o prêmio para pessoas especiais! 
#Premiação",33,"03/12/2026 11:31",https://www.instagram.com/reel/DVy2RO7kXmO/,"Reel do Instagram",,Total,18797,12755,650,36,3,35,4
17993260907760980,17841400074692954,paulistao,Paulistão,"O CAPITÃO GUSTAVO GÓMEZ VIVEU MUITAS EMOÇÕES NO PAULISTÃO CASAS BAHIA!
#PaulistãoCasasBahia #Palmeiras",16,"03/12/2026 10:59",https://www.instagram.com/reel/DVyylJKDYlh/,"Reel do Instagram",,Total,27347,20122,4750,84,5,63,116
18181534057335586,17841403734375167,sindicatodeatletas,"Sindicato de Atletas SP","🏆 Seleção dos Atletas
Paulistão A4 Rivalo 2026

Confira as seleções da 8ª rodada do Paulistão A4 Rivalo 2026.

⭐ GOL - Kayque (Tanabi)
⭐ ZAG - Bernardo (Tanabi)
⭐ ZAG - Caio Mineiro (Jacareí)
⭐ ZAG/LE - Severo (Lemense)
⭐ VOL - Balbino (Lemense)
⭐ VOL - Léo Alves (Barretos)
⭐ MC- André (Inter de Bebedouro)
⭐ MC - David (Comercial)
⭐ ATA - Eduardo (Jacareí)
⭐ ATA - Caio Vidal (Inter Bebedouro)
⭐ ATA - Thiaguinho - (Taquaritinga)

Aqui, atleta vota em atleta!

#SeleçãodosAtletas #PaulistaoA4 #AtletaVotaemAtleta #SindicatodeAtletasSP #FPF #FutebolInterior

🎯 MKT Digital: @digitalsportspress",0,"03/12/2026 10:00",https://www.instagram.com/p/DVysDY4DYMv/,"Imagem do Instagram",,Total,30507,16885,238,18,2,3,0
18106105123667606,17841400074692954,paulistao,Paulistão,"FALTAM DOIS JOGOS! 🔥
Com Portuguesa Santista e Marília garantidos nas quartas, assim está a tabela do #PaulistãoA3Rivalo.",0,"03/12/2026 09:30",https://www.instagram.com/p/DVyjYFmlW57/,"Imagem do Instagram",,Total,189834,100948,3946,120,41,52,30
18096338584980188,17841400074692954,paulistao,Paulistão,"O Paulistão Casas Bahia 2026 foi histórico para o Robson!
Melhor atacante✅
Artilheiro✅
Craque do Interior✅
#Premiação #PaulistãoCasasBahia 
📷 Rebeca Reis/Ag. Paulistão",0,"03/12/2026 09:00",https://www.instagram.com/p/DVyf8adEfHF/,"Imagem do Instagram",,Total,33754,19235,772,3,0,7,5
18056578478449944,17841400074692954,paulistao,Paulistão,"ELE É O ARCO E A FLECHA! 🏹
Yohan Marcellus foi autor de mais um gol da vitória da Portuguesa Santista, dessa vez sobre o Rio Preto por 1 a 0. A Briosa segue líder do #PaulistãoA3Rivalo.",30,"03/12/2026 08:40",https://www.instagram.com/reel/DVyh9K1EZpE/,"Reel do Instagram",,Total,76967,48051,1888,54,11,33,16
18111781969736557,17841400074692954,paulistao,Paulistão,"A QUINTA-FEIRA PROMETE COM BRASILEIRÃO E COPA DO BRASIL!
#PaulistasEmCampo #FutebolPaulista",0,"03/12/2026 08:12",https://www.instagram.com/p/DVyfmgBlLOp/,"Imagem do Instagram",,Total,37052,20600,1067,82,0,4,12
18345518671215473,17841400074692954,paulistao,Paulistão,"A Federação Paulista de Futebol alterou o modelo de revisão de lances que utilizará a partir do quadrangular final do Paulistão A2 Rivalo. A entidade tinha anunciado durante a semana o uso do Vídeo Suporte, mas optou nesta quarta-feira por implantar o VAR, uma ferramenta segura, mais precisa e já utilizada nas principais competições brasileiras.
#PaulistãoA2Rivalo",0,"03/12/2026 07:59",https://www.instagram.com/p/DVyeGq8lBz7/,"Imagem do Instagram",,Total,49529,26026,1185,54,0,4,12
18110031019775759,17841400074692954,paulistao,Paulistão,"QUEM FOI O CRAQUE DA 15ª RODADA?🔥
Vote aqui no post e escolha quem foi o destaque da 15ª rodada do Paulistão A2 Rivalo! A enquete se encerra sexta (13), às 11h.
#PaulistãoA2Rivalo #CraqueDaRodada",0,"03/12/2026 06:06",https://www.instagram.com/p/DVyRE0GjTft/,"Imagem do Instagram",,Total,41930,22590,406,151,7,129,1
18453504133108161,17841403734375167,sindicatodeatletas,"Sindicato de Atletas SP","🏆 Seleção dos Atletas
Paulistão A3 Rivalo 2026

Confira a seleção da 11ª rodada do Paulistão A3 Rivalo 2026.

⭐ GOL - Jonathan Braz (União Barbarense)
⭐ ZAG - Antoniel (Itapirense)
⭐ ZAG - Rafael (Bandeirante)
⭐ ZAG - Ricardinho (União Barbarense)
⭐ VOL - Matheus Teta (União São João)
⭐ VOL - Kevin (EC São Bernardo)
⭐ MD - Cirilo (Marília)
⭐ ME - Alef Leite (Rio Preto)
⭐ ATA - Luiz Henrique (Rio Preto)
⭐ ATA - Bruninho (União São João)
⭐ ATA - Vinicius Macedo (EC São Bernardo)

Aqui, atleta vota em atleta!

#SeleçãodosAtletas #PaulistaoA3 #AtletaVotaemAtleta #SindicatodeAtletasSP #FPF #FutebolInterior

🎯 MKT Digital: @digitalsportspress",0,"03/12/2026 05:45",https://www.instagram.com/p/DVyOzlsDD4Z/,"Imagem do Instagram",,Total,24016,13521,246,19,0,1,0
17869177269577759,17841400074692954,paulistao,Paulistão,"O Corinthians é superado em casa pelo Coritiba no @brasileirao.
#PaulistasEmCampo 
📷Divulgação/@corinthians",0,"03/11/2026 19:39",https://www.instagram.com/p/DVxJaSDFmiG/,"Imagem do Instagram",,Total,110403,59797,3726,859,0,268,29
18073586804553137,17841400074692954,paulistao,Paulistão,"FIM DA 13ª RODADA!
Vem ver os resultados do Paulistão A3 Rivalo dessa quarta-feira!
#PaulistãoA3Rivalo",0,"03/11/2026 18:32",https://www.instagram.com/p/DVxBuZlFBRZ/,"Imagem do Instagram",,Total,34336,19580,642,9,2,8,5
18086433830224260,17841425643342499,mariliaac1942,"Marília Atlético Clube","EM BUSCA DO OBJETIVO! 🐯

#VamosMAC",0,"03/11/2026 18:09",https://www.instagram.com/p/DVw_JwWCuEb/,"Imagem do Instagram",,Total,36050,19122,864,53,1,11,0
17992733006762572,17841400074692954,paulistao,Paulistão,"BRIOSA POR UMA GRANDE CAUSA! ✊🏿
A Portuguesa Santista lançou seu terceiro uniforme em campanha contra o racismo. 
📷João Jardim/Agência Briosa
#PaulistãoA3Rivalo.",0,"03/11/2026 17:10",https://www.instagram.com/p/DVw4aaejeXM/,"Carrossel do Instagram",,Total,50175,19435,1135,37,2,14,19
18155738086440406,17841400074692954,paulistao,Paulistão,"A REVELAÇÃO É DO TIMÃO! 🌟
André falou um pouco da importância desse reconhecimento individual na #Premiação do #PaulistãoCasasBahia!",21,"03/11/2026 16:30",https://www.instagram.com/reel/DVwz1v7FCY-/,"Reel do Instagram",,Total,15443,11418,611,8,0,6,3
18129733375548801,17841400074692954,paulistao,Paulistão,"O FLACO LÓPEZ DOMINOU A PREMIAÇÃO DO PAULISTÃO CASAS BAHIA!
#Premiação #PaulistãoCasasBahia 
📷 Rebeca Reis/Ag. Paulistão",0,"03/11/2026 16:00",https://www.instagram.com/p/DVwwasgCUJ7/,"Carrossel do Instagram",,Total,260896,123888,13882,255,9,218,105
18076065623614235,17841412982562552,caiorabiska,"Caio Rabiska","O primeiro título de muitos! 🏆 @mauriciomp7 

#Palmeiras #AvantiPalestra",0,"03/11/2026 15:30",https://www.instagram.com/p/DVws4cqCf9u/,"Imagem do Instagram",,Total,288345,159993,13468,116,38,63,0
18563953888039329,17841400074692954,paulistao,Paulistão,"EL CAPITÁN! 🫡🌟
Tirando todas as fotos enquanto te temos no Paulistão Casas Bahia, @gustavogomez462 📸
#PaulistãoCasasBahia #Palmeiras #GustavoGomez",17,"03/11/2026 15:30",https://www.instagram.com/reel/DVws_X9FHFf/,"Reel do Instagram",,Total,36204,26519,5471,140,44,86,65
18097017499791004,17841400074692954,paulistao,Paulistão,"O MAIS PREMIADO... LEVA MAIS UM PRÊMIO! 🏆🌟
Flaco López levou para casa o troféu RaBIScou por ter sido o atleta que mais ganhou troféus na Premiação do #PaulistãoCasasBahia!
#Bis #Palmeiras
📷Rebeca Reis/Ag.Paulistão",0,"03/11/2026 15:00",https://www.instagram.com/p/DVwkXpTlDt1/,"Carrossel do Instagram",,Total,23989,11679,1178,7,0,10,13
18105932005830667,17841400074692954,paulistao,Paulistão,"Ele vem para 𝒊𝒔𝒔𝒐. Vitor Hugo Roque Ferreira. 🐯❕
#PaulistãoCasasBahia #Palmeiras #VitorRoque",24,"03/11/2026 14:28",https://www.instagram.com/reel/DVwluprCXlg/,"Reel do Instagram",,Total,207096,151801,11632,250,11,145,111
17942395998149355,17841400074692954,paulistao,Paulistão,"ANDRÉ RAMALHO: O RESPONSÁVEL PELO GOL MAIS BONITO DO PAULISTÃO CASAS BAHIA 2026!
#Premiação #PaulistãoCasasBahia 
📷 Rebeca Reis/Ag. Paulistão",0,"03/11/2026 14:00",https://www.instagram.com/p/DVwdfakmjaY/,"Imagem do Instagram",,Total,170655,88636,11378,132,6,1796,56
18103300756921597,17841469685771020,suafotonojogo,"Sua Foto no Jogo","O Paulistão Casas Bahia 2026 terminou com o título do Palmeiras, e a nossa alegria foi ver a história de todas as torcidas registrada para sempre! 🏆📸

Estamos muito felizes com o sucesso da nossa primeira cobertura como plataforma oficial do @paulistao. Em parceria com a @fpf_oficial, levamos a experiência dos estádios para um novo nível, eternizamos a emoção de quem realmente faz o espetáculo: você, torcedor. 💜⚽

Missão cumprida em 2026.🫡
Saímos de campo com a alma roxa lavada e nossas câmeras cheias de histórias, já imaginando os novos capítulos que 2027 reserva pra nós.

#TimeRoxo

🎥 Imagens : @erikmaciel_ // @ocaiocortez // @wcfthdu
✍🏾 Edit : @wcfthdu
🎬 por @nodetalhecontent_",68,"03/11/2026 13:53",https://www.instagram.com/reel/DVwf5q7iIXS/,"Reel do Instagram",,Total,18980,13720,500,66,13,32,0
17985086690793990,17841400074692954,paulistao,Paulistão,"O CAPITÃO DA CONQUISTA! 🏆
O jogador com mais títulos na HISTÓRIA do Palmeiras foi o líder na conquista do #PaulistãoCasasBahia! Parabéns, @gustavogomez462 💪😮‍💨
📷Rebeca Reis/Ag.Paulistão",0,"03/11/2026 13:30",https://www.instagram.com/p/DVwfND-iTa1/,"Carrossel do Instagram",,Total,44143,21625,7792,75,15,22,69
17919756276279826,17841400074692954,paulistao,Paulistão,"@flacolopez_10 𝒕𝒓𝒚𝒊𝒏’ 𝒕𝒐 𝒃𝒆 𝒘𝒉𝒂𝒕 𝒉𝒆’𝒔 𝒅𝒆𝒔𝒕𝒊𝒏𝒆𝒅 𝒕𝒐 𝒃𝒆 🌟😮‍💨
Todo o estilo do craque do Paulistão Casas Bahia!
#PaulistãoCasasBahia #Palmeiras #FlacoLopez",24,"03/11/2026 13:05",https://www.instagram.com/reel/DVwcWIXFGTo/,"Reel do Instagram",,Total,467677,308990,63822,2600,160,1158,648
18149792509458123,17841400074692954,paulistao,Paulistão,"OS PARAGUAIOS DO VERDÃO! 🇵🇾🌟
Junta para a foto só quem é paraguaio e campeão do Paulistão Casas Bahia! (Você também, @mauriciomp7 🤣)
#PaulistãoCasasBahia #Palmeiras
📷Rebeca Reis/Ag.Paulistão",0,"03/11/2026 12:35",https://www.instagram.com/p/DVwY6CdiTOz/,"Carrossel do Instagram",,Total,410571,190516,32668,271,60,131,257
18058896707398581,17841400074692954,paulistao,Paulistão,"O TÍTULO VEM PARA COROAR O TRABALHO! 👑
E o @coachabelferreira tá cheio de coroas na estante! 
#PaulistãoCasasBahia #Palmeiras #AbelFerreira",84,"03/11/2026 12:05",https://www.instagram.com/reel/DVwVTL6ibxQ/,"Reel do Instagram",,Total,16098,12563,1711,33,4,26,51
17853078882634272,17841403734375167,sindicatodeatletas,"Sindicato de Atletas SP","🏆 Seleção dos Atletas
Paulistão A4 Rivalo 2026

Confira as seleções da 7ª rodada do Paulistão A4 Rivalo 2026.

⭐ GOL – Cesar (Jacareí)
⭐ ZAG – Leonardo (Colorado Caieiras)
⭐ ZAG - Roger Carvalho (Barretos)
⭐ ZAG – Kaio Ellyson (Taquaritinga)
⭐ VOL - Gonzalo (Colorado Caieiras)
⭐ VOL – Vinicius Neves (Jacareí)
⭐ VOL – Moyses – (ECUS)
⭐ MC – Daniel Foguinho (Tanabi) 
⭐ ATA – Vichtor Pará (Grêmio São–Carlense)
⭐ ATA – Caio (Inter de Bebedouro)
⭐ ATA – Thalyson (Tanabi)

Aqui, atleta vota em atleta!

#SeleçãodosAtletas #PaulistaoA4 #AtletaVotaemAtleta #SindicatodeAtletasSP #FPF #FutebolInterior

🎯 MKT Digital: @digitalsportspress",0,"03/11/2026 12:00",https://www.instagram.com/p/DVwU6kvDUrp/,"Imagem do Instagram",,Total,32737,17936,240,46,3,1,0
17879165628522676,17841400074692954,paulistao,Paulistão,"O melhor técnico do @paulistao tem cabeça fria e coração quente!
Senhoras e senhores, Abel Ferreira!💚🤍
#PaulistãoCasasBahia",37,"03/11/2026 09:30",https://www.instagram.com/reel/DVwDEPYDWZW/,"Reel do Instagram",,Total,576961,387645,81332,4413,409,1984,1074
17970185412000956,17841403734375167,sindicatodeatletas,"Sindicato de Atletas SP","🏆 Seleção dos Atletas
Paulistão A3 Rivalo 2026

Confira a seleção da 10ª rodada do Paulistão A3 Rivalo 2026.

⭐ GOL - Léo (Rio Claro)
⭐ LD – Fabrício (União Barbarense)
⭐ ZAG – Rossi (Francana)
⭐ ZAG – Brito (União São João)
⭐ LE – Tico (Francana)
⭐ VOL - Otávio (Portuguesa Santista)
⭐ VOL - Willian (Marília)
⭐ MC - Vinicius Oliveira (Rio Preto)
⭐ ATA – João Pedro (Portuguesa Santista)
⭐ ATA - Andrey (Rio Claro)
⭐ ATA – Daniel Cruz (Barbarense)

Aqui, atleta vota em atleta!

#SeleçãodosAtletas #PaulistaoA3 #AtletaVotaemAtleta #SindicatodeAtletasSP #FPF #FutebolInterior

🎯 MKT Digital: @digitalsportspress",0,"03/11/2026 09:24",https://www.instagram.com/p/DVwDIf5EwXY/,"Imagem do Instagram",,Total,41101,20888,408,47,3,2,0
17903090685221349,17841400074692954,paulistao,Paulistão,"O LOBATO NÃO SABE BRINCAR! 😮‍💨🤌
Olha a pintura que o 9 do Colorado Caieras fez na vitória sobre o Lemense por 2 a 1, pela 9ª rodada do #PaulistãoA4Rivalo.",12,"03/11/2026 08:30",https://www.instagram.com/reel/DVv3t5CDrc2/,"Reel do Instagram",,Total,85518,56198,1560,77,5,25,19
17930618010056319,17841400074692954,paulistao,Paulistão,"É DIFÍCIL FERIR O TIGRÃO! 🐅🔥
O Marília venceu mais uma vez sem sofrer gols e segue como a melhor defesa do #PaulistãoA3Rivalo.",20,"03/11/2026 08:00",https://www.instagram.com/reel/DVv0TyDgnPN/,"Reel do Instagram",,Total,59802,37357,977,35,8,20,4
17942709663133062,17841400074692954,paulistao,Paulistão,"FOI DALI MESMO! 🚀🎯
O Rafael Costa não pensou duas vezes e soltou a bomba na vitória do União São João sobre o Catanduva por 2 a 0, pela 12ª rodada do #PaulistãoA3Rivalo.",17,"03/11/2026 07:30",https://www.instagram.com/reel/DVvxAFLE52w/,"Reel do Instagram",,Total,26388,19060,437,5,0,4,6
18090169886277303,17841400074692954,paulistao,Paulistão,"QUAL FOI O GOLAÇO DA RODADA?🔥⚽️
Escolha o gol mais bonito da 15ª rodada do #PaulistãoA2Rivalo! 
Pedro Arthur, Paulo Marcelo, Luan Silva ou Edinho?
Deixe seu voto aqui no post! 

*Enquete encerra sexta (13) às 11h.",0,"03/11/2026 07:12",https://www.instagram.com/p/DVv0A1MDY1M/,"Carrossel do Instagram",,Total,34364,18317,232,106,6,46,1
18093820280032393,17841400074692954,paulistao,Paulistão,"DIA DE TIMÃO NA NEO QUÍMICA ARENA!
O Corinthians vai em busca dos três pontos em casa no @brasileirao!
#PaulistasEmCampo",0,"03/11/2026 06:00",https://www.instagram.com/p/DVvmjaslBLh/,"Imagem do Instagram",,Total,45897,26131,2637,75,0,33,19
18017386124816439,17841400074692954,paulistao,Paulistão,"RETA DECISIVA DE PRIMEIRA FASE!🔥 
Confira os jogos da 13ª rodada do #PaulistãoA3Rivalo.",0,"03/11/2026 03:00",https://www.instagram.com/p/DVvR8u5FQV-/,"Imagem do Instagram",,Total,24795,15568,362,15,0,7,6
18092398217043705,17841400074692954,paulistao,Paulistão,"A terça-feira dos paulistas foi de classificações na Copa do Brasil e empate no Maião! #PaulistasEmCampo",0,"03/10/2026 20:09",https://www.instagram.com/p/DVun_QKFvog/,"Imagem do Instagram",,Total,56242,33177,1112,15,0,15,11
18258091624295130,17841405688144679,rivalobrasil,"Rivalo Brasil","Seleção Rivalo + Melhores Desempenhos em parceria com o @sofascorebr_oficial pela 15ª rodada do Paulista A2 Rivalo 2026! 🏆

A primeira fase foi pura emoção, e agora um novo capítulo se inicia. Arrasta pro lado pra conferir os CRAQUES que entregaram tudo no fds ➡️

Obs: Seleção baseada nas Notas Sofascore 📊

#Rivalo #NadaGanhaDaEmoção #JoguecomResponsabilidade +18 #RivaloSofascore",0,"03/10/2026 14:14",https://www.instagram.com/p/DVt_gtCgYAH/,"Carrossel do Instagram","Ocorreu um erro ao computar métricas.",-,,,,,,,
18058115732446680,17841401683210430,portalr7,"Portal R7","Concorda com a saída de Crespo do São Paulo, torcedor?⁣
⁣
➡️ Veja a íntegra ao #JogaNas11 em R7.com, em RecordPlus.com e nas redes sociais. ⁣
#PortalR7 #R7 #DesimpedidosNoR7 #PubliPaulistão⁣
⁣
Oferecimento: @bet365brasil, @magalu, @perdigaonabrasaoficial e @picpay",52,"03/10/2026 09:01",https://www.instagram.com/reel/DVtbmsZE2J-/,"Reel do Instagram","Ocorreu um erro ao computar métricas.",-,,,,,,,
17855144613594692,17841402806868982,oboccapalmeiras,"Leandro Boccalini | Bocca","Trigrinho agradece a torcida pelo apoio, mesmo no momento que ainda não estava bem e fala do sonho realizado! 👏🏻🐷",37,"03/09/2026 16:37",https://www.instagram.com/reel/DVrqvdiACTq/,"Reel do Instagram","Ocorreu um erro ao computar métricas.",-,,,,,,,
18185190256368548,17841448134186864,aembaixada,EMBAIXADA,"Gustavo Gómez se tornou o maior vencedor da história do Palmeiras. São 13 títulos e incontáveis memórias para uma lenda que fica maior a cada dia que passa. Não tratemos isso como natural, banal ou coisa do tipo. Gómez é a definição de uma era. É a liderança em campo de um Palmeiras que sua, trabalha e vence. Crianças estão crescendo nesse momento, em vários lugares do Brasil, do Paraguai e do mundo, com o sonho de um dia ser como ele. Eram quase dois anos sem levantar uma taça, mas o sentimento nunca muda. Sempre parece a primeira vez. Em um futebol onde a idolatria se perde facilmente e o respeito não se encontra em qualquer lugar, é preciso valorizar a história que ele constrói neste clube. Um dia, quando a braçadeira de capitão do Palmeiras não for mais ostentada pela fibra de Gustavo Gómez, os palestrinos lembrarão dessa época com um sorriso de saudade. Se pudermos dar um conselho, é que sorriam agora também. Não esperem os bons e velhos tempos irem embora pra saber que estão vivendo neles.

📸 Cesar Greco e Fabio Menotti/Palmeiras, Pedro Zacchi e Johny Ignacio/Paulistão
🎥 @paulistao 

#GustavoGómez #Palmeiras #Paulistão #SEP",0,"03/09/2026 14:04",https://www.instagram.com/p/DVrZfplCfZU/,"Carrossel do Instagram","Ocorreu um erro ao computar métricas.",-,,,,,,,
17962673795903303,17841401988974661,r7esportes,"R7 Esportes","VERDÃO NA FRENTE! 🐷🟢⁣
⁣
Depois de uma dividida do goleiro Jordi e Jhon Arias, a bola sobrou para Vitor Roque finalizar e colocar o Palmeiras em vantagem por 2 a 1 contra o Novorizontino.⁣
⁣
➡️ Veja as principais notícias sobre o Campeonato Paulista 2026 em R7.com/esportes. O link está na bio.⁣
#PortalR7 #R7 #FinalPaulistãoNaRECORD",69,"03/08/2026 18:09",https://www.instagram.com/reel/DVpQwi4ki2E/,"Reel do Instagram","Ocorreu um erro ao computar métricas.",-,,,,,,,
17883291852470807,17841400074692954,paulistao,Paulistão,"TIGRINHO MARCA NA FINAL!
Vitor Roque coloca o Palmeiras na frente do placar mais uma vez!
#PaulistãoCasasBahia #Betano",32,"03/08/2026 18:12",https://www.instagram.com/reel/DVpQ_x4iFKN/,"Reel do Instagram",,Total,109015,80830,5950,272,29,107,54
18117618259628607,17841400074692954,paulistao,Paulistão,"FOI DO JEITO QUE DEU! 😮‍💨
Da trave para o Murilo, do Murilo para o fundo da rede!
#PaulistãoCasasBahia #Palmeiras",40,"03/08/2026 18:09",https://www.instagram.com/reel/DVpQqk1DuWj/,"Reel do Instagram",,Total,87937,66939,9572,270,57,88,93
18349570987227617,17841400074692954,paulistao,Paulistão,"MACACA CLASSIFICADA! 🤩
A Ponte Preta venceu o Guarany de Bagé e tá na quarta fase da Copa do Brasil! #PaulistasEmCampo",0,"03/10/2026 19:30",https://www.instagram.com/p/DVujjA5EvV7/,"Imagem do Instagram",,Total,55873,30452,1798,143,2,33,9
18302911834272346,17841400074692954,paulistao,Paulistão,"VISITA ESPECIAL! 🇧🇷
O técnico da Seleção Brasileira, Carlo Ancelotti, está em Mirassol acompanhando o jogo do Leão contra o Santos! #PaulistasEmCampo #SeleçãoBrasileira 
📷 Pedro Zacchi/Agência Mirassol",0,"03/10/2026 18:58",https://www.instagram.com/p/DVuf33ME68e/,"Carrossel do Instagram",,Total,46660,19584,2073,14,17,13,19
17989462196955279,17841400074692954,paulistao,Paulistão,"ELE FEZ DE NOVO! 🤣
Maceió garantiu a Portuguesa na quarta fase da Copa do Brasil com a cobrança de pênalti surpresa! 😱 Vai virar marca registrada, hein, @e.maceio19! #PaulistasEmCampo
🎥 @portuguesaoficial",14,"03/10/2026 18:14",https://www.instagram.com/reel/DVuaxhSDhv9/,"Reel do Instagram",,Total,66864,39276,2381,181,1,57,22
17899273335404417,17841400074692954,paulistao,Paulistão,"VITÓRIA DA CLASSIFICAÇÃO! 🔥
O São Bernardo avançou pra quarta fase da Copa do Brasil diante do Joinville! #PaulistasEmCampo
📷 Luiz Vieira/JEC",0,"03/10/2026 18:06",https://www.instagram.com/p/DVuZ64jE3pU/,"Imagem do Instagram",,Total,26459,16687,485,13,0,4,2
17891473647431636,17841400074692954,paulistao,Paulistão,"NA QUARTA FASE! 😮‍💨
Nos pênaltis, a Lusa se garantiu na próxima fase da Copa do Brasil! #PaulistasEmCampo
📷 Divulgação/Portuguesa SAF",0,"03/10/2026 18:00",https://www.instagram.com/p/DVuZThkluws/,"Imagem do Instagram",,Total,35333,20628,1008,14,0,23,4
18003768071890987,17841400074692954,paulistao,Paulistão,"FAZ O PIX! 🤑
O Bernô venceu o Joinville e tá na quarta fase da Copa do Brasil! #PaulistasEmCampo",0,"03/10/2026 17:34",https://www.instagram.com/p/DVuWRmAE69V/,"Imagem do Instagram",,Total,21912,12495,414,14,0,3,4
18144003718484375,17841400074692954,paulistao,Paulistão,"LUSA CLASSIFICADA!!! 🤩
A Portuguesa bateu o Avaí nos pênaltis e tá na próxima fase da Copa do Brasil! #PaulistasEmCampo",0,"03/10/2026 17:17",https://www.instagram.com/p/DVuUWF2DFmd/,"Imagem do Instagram",,Total,35644,21986,1115,54,0,36,10
17849547858691335,17841400074692954,paulistao,Paulistão,"DESTAQUES DO TIGRE!
Rômulo e Dantas mandaram bem e entraram para a Seleção do Paulistão Casas Bahia 2026 🤩
#Premiação
📷 Rebeca Reis/Ag. Paulistão",0,"03/10/2026 17:00",https://www.instagram.com/p/DVuNay-lsOj/,"Carrossel do Instagram",,Total,57601,33882,1061,3,2,2,4
18145931722470540,17841400074692954,paulistao,Paulistão,"O MAIS PREMIADO LEVA MAIS UM PRÊMIO! 🏆🌟
O troféu RaBIScou ficou com o Flaco, que falou um pouco sobre a conquista do título do #PaulistãoCasasBahia e dos seus troféus individuais! 
#Bis #Premiação",49,"03/10/2026 16:30",https://www.instagram.com/reel/DVuNRgyFCX-/,"Reel do Instagram",,Total,24807,18349,1282,18,4,18,24
18076266671116505,17841400074692954,paulistao,Paulistão,"BONDE DO VERDÃO!
Andreas Pereira, Gustavo Gómez, Vitor Roque, Marlon Freitas e Carlos Miguel foram os representantes do atual campeão do Paulistão Casas Bahia 2026 na Seleção.
#Premiação
📷 Rebeca Reis/Ag. Paulistão",0,"03/10/2026 16:00",https://www.instagram.com/p/DVuGegBFyFm/,"Carrossel do Instagram",,Total,131914,73118,6964,71,25,58,78
18024480920801370,17841400074692954,paulistao,Paulistão,"🐯 + ⚽ = 🏆🌟💪
Coloca um título de Paulistão Casas Bahia na conta do Tigrinho! @vitor_roque9
#PaulistãoCasasBahia #Palmeiras
📷Rebeca Reis/Ag.Paulistão",0,"03/10/2026 15:30",https://www.instagram.com/p/DVuBSXVER1y/,"Carrossel do Instagram",,Total,331803,132749,36090,605,28,241,214
17905528293205891,17841400343534508,palmeiras,"SE Palmeiras","A comissão hendecacampeã! 🏆💚

📸 Rebeca Reis / Ag. Paulistão",0,"03/10/2026 15:00",https://www.instagram.com/p/DVuEwX6DqSR/,"Carrossel do Instagram",,Total,1416863,525883,119568,1952,9,622,0
18139083025498910,17841400074692954,paulistao,Paulistão,"NOVIDADE NO PAULISTÃO A2 RIVALO!
A partir da segunda fase, os clubes poderão contar com a tecnologia do Vídeo Suporte (VS) em lances específicos durante os jogos.
#PaulistãoA2Rivalo",0,"03/10/2026 14:45",https://www.instagram.com/p/DVuCi8ajFK4/,"Carrossel do Instagram",,Total,89865,39830,925,51,0,10,19
18202944418334828,17841400074692954,paulistao,Paulistão,"A REVELAÇÃO DO TIMÃO!
André subiu para o profissional no final de 2025 e foi a Revelação do Paulistão Casas Bahia 2026 🔥
#PaulistãoCasasBahia #Premiação
📷 Rebeca Reis/Ag. Paulistão",0,"03/10/2026 14:30",https://www.instagram.com/p/DVt92LoEjKk/,"Imagem do Instagram",,Total,43958,24485,3038,20,1,29,16
18411700621124868,17841400074692954,paulistao,Paulistão,"E ESSA MARRA DO ARTILHEIRO DO VERDÃO?! 😎
As fotos do @flacolopez_10 com a taça do Paulistão Casas Bahia ficaram um nojo! 
#PaulistãoCasasBahia #Palmeiras 
📷Rebeca Reis/Ag.Paulistão",0,"03/10/2026 14:05",https://www.instagram.com/p/DVt-dH7kd_-/,"Carrossel do Instagram",,Total,81998,38677,9012,132,11,95,90
18129071842552313,17841426429471156,fpf_oficial,"Federação Paulista de Futebol","DE OLHO NO ACESSO!
Vem conferir as datas e horários da primeira rodada da segunda fase do #PaulistãoA2Rivalo. A tabela completa está no www.futebolpaulista.com.br",0,"03/10/2026 13:18",https://www.instagram.com/p/DVt462_k9Fx/,"Imagem do Instagram",,Total,66721,35853,1237,123,10,26,0
18125603929560764,17841400074692954,paulistao,Paulistão,"O ENSAIO DO 27º TÍTULO DO VERDÃO!🏆💚🤍
📷Rebeca Reis/Ag. Paulistão",0,"03/10/2026 13:02",https://www.instagram.com/p/DVt3MeeiRmI/,"Carrossel do Instagram",,Total,1866961,646334,137995,3862,110,682,1071
18068266907261665,17841400074692954,paulistao,Paulistão,"QUE VOLEIO FOI ESSE!? 🔥
Alef Leite marcou o gol da vitória do Rio Preto sobre o XV de Jaú por 1 a 0, pela 12ª rodada do #PaulistãoA3Rivalo.",14,"03/10/2026 12:30",https://www.instagram.com/reel/DVtvMNCjCIH/,"Reel do Instagram",,Total,33084,23188,550,19,0,13,3
18073004096191328,17841400074692954,paulistao,Paulistão,"O ZAGUEIRO DO TIGRE! 
O @jvdantas25 marcou presença da Seleção do #PaulistãoCasasBahia e falou um pouco da sua relação com o Novorizontino! 
#Premiação",27,"03/10/2026 11:36",https://www.instagram.com/reel/DVttLTHEZTG/,"Reel do Instagram",,Total,24283,16385,803,28,5,24,10
18082587542027117,17841400074692954,paulistao,Paulistão,"O PRIMEIRO TROFÉU DO MARLON NO PALMEIRAS!
E, de acordo com ele, o primeiro de muitos! 🤩
#PaulistãoCasasBahia #Premiação",24,"03/10/2026 10:59",https://www.instagram.com/reel/DVtpEkuEbUS/,"Reel do Instagram",,Total,25560,19524,2450,37,5,24,22
18156699364384961,17841400074692954,paulistao,Paulistão,"TERÇA DE @brasileirao E @copadobrasilcbf!
Vem ver os horários das minhas equipes nos jogos dessa terça-feira!
#PaulistasEmCampo",0,"03/10/2026 10:00",https://www.instagram.com/p/DVtdOEwFe-c/,"Imagem do Instagram",,Total,38258,21397,896,17,0,8,13
17861283126608856,17841400074692954,paulistao,Paulistão,"QUE RECURSO DO GOLEIRÃO! 🔥🧤
A bola desviou, mas o Lee não desistiu e salvou o Paulista na vitória sobre o União Suzano por 2 a 0, na 12ª rodada do #PaulistãoA3Rivalo.",14,"03/10/2026 09:00",https://www.instagram.com/reel/DVtWhrVAelR/,"Reel do Instagram",,Total,238037,140398,11523,2893,7,157,304
18078737858578437,17841400074692954,paulistao,Paulistão,"JOGADA ENSAIADA OU ORQUESTRADA? 😅
O Iury chamou e o Daniel Baiano atendeu pra pisar na área e cravar um dos gols da vitória do Barretos sobre o Araçatuba por 2 a 1, resultado que coloca o Touro do Vale na liderança do #PaulistãoA4Rivalo.",25,"03/10/2026 08:30",https://www.instagram.com/reel/DVtVAKuk6Md/,"Reel do Instagram",,Total,94676,58440,2289,39,2,43,29
18129190525541533,17841400074692954,paulistao,Paulistão,"O anel de Craque @7k.bet.br ficou um ABSURDO pô!!
LINDO DEMAIS 😍💎
#PaulistaoCasasBahia",87,"03/10/2026 08:03",https://www.instagram.com/reel/DVtUwd7DYAL/,"Reel do Instagram",,Total,40134,28694,1799,109,1,56,50
18096581875960007,17841400074692954,paulistao,Paulistão,"O PRIMEIRO TÍTULO DO TIGRINHO NO PALMEIRAS!
O @vitor_roque9 saiu desse Paulistão Casas Bahia campeão e premiado! 🏆🌟
#PaulistãoCasasBahia #Premiação",25,"03/10/2026 07:08",https://www.instagram.com/reel/DVtOKZ6jfQK/,"Reel do Instagram",,Total,113748,83829,8355,49,4,81,81
18034871432786406,17841400074692954,paulistao,Paulistão,"NA SELEÇÃO, ARTILHEIRO & CRAQUE DO INTERIOR! 🗣️🤩
O @_robsonsf falou sobre a campanha do Tigre no #PaulistãoCasasBahia e as expectativas para o restante da temporada!
#Premiação",30,"03/09/2026 20:17",https://www.instagram.com/reel/DVsDtcljEc0/,"Reel do Instagram",,Total,37832,31232,1322,20,2,24,18
18084364625195230,17841400074692954,paulistao,Paulistão,"SE CHOREI OU SE SORRI, O IMPORTANTE É QUE AS EMOÇÕES DO PAULISTÃO CASAS BAHIA EU VIVI! 🌟🥰
#PaulistãoCasasBahia #Premiação",150,"03/09/2026 20:15",https://www.instagram.com/reel/DVsDlVUjG2i/,"Reel do Instagram",,Total,62236,52845,5965,89,28,57,78
18448963126108563,17841400074692954,paulistao,Paulistão,"E o Fanaticão invadiu o show do Alexandre Pires 🐶🕺
#PaulistãoCasasBahia",40,"03/09/2026 20:13",https://www.instagram.com/reel/DVsDq9hDBk0/,"Reel do Instagram",,Total,56869,48485,1788,28,6,6,11
18086946017238410,17841400074692954,paulistao,Paulistão,"José López e o anel de Craque @7k.bet.br do Paulistão Casas Bahia!
#Flaco #Palmeiras #Hermano
📷Rebeca Reis/Ag. Paulistão",0,"03/09/2026 20:12",https://www.instagram.com/p/DVsDLyAjAmR/,"Imagem do Instagram",,Total,739565,379840,66079,2105,32,2513,419
18162609985418639,17841400074692954,paulistao,Paulistão,"REALIZAÇÃO DE UM SONHO! 🌟
O @_carlosmiguel98 conquistou seu primeiro título como profissional e levou para casa o troféu de melhor goleiro do #PaulistãoCasasBahia! 
#Premiação",26,"03/09/2026 19:51",https://www.instagram.com/reel/DVsBIfaDHSH/,"Reel do Instagram",,Total,136481,102307,8751,84,43,418,89
18096936223782813,17841400074692954,paulistao,Paulistão,"Fanaticão 🤝 Melhor técnico do Paulistão Casas Bahia 2026 🤩",16,"03/09/2026 19:20",https://www.instagram.com/reel/DVr9qhWDBz_/,"Reel do Instagram",,Total,121882,87428,8238,96,14,62,98
18083582870259164,17841400074692954,paulistao,Paulistão,"O CRAQUE DO PAULISTÃO CASAS BAHIA!
Flaco López foi vice-artilheiro, melhor atacante e craque do campeonato!
#PaulistãoCasasBahia #Premiação #7kbet",0,"03/09/2026 18:46",https://www.instagram.com/p/DVr5c5IjHlA/,"Imagem do Instagram",,Total,42515,26097,2869,167,0,71,15
18386322682154319,17841400074692954,paulistao,Paulistão,"O GOLEADOR DO TIGRE!
Com sete gols marcados, Robson foi o artilheiro do Paulistão Casas Bahia!
#PaulistãoCasasBahia #Premiação #Assaí",0,"03/09/2026 18:42",https://www.instagram.com/p/DVr5VZujG3M/,"Imagem do Instagram",,Total,58045,32767,1176,22,3,24,5
18107024488637768,17841400074692954,paulistao,Paulistão,"A JOIA DO TIMÃO!
O volante de 19 anos do Corinthians foi eleito a Revelação do Paulistão Casas Bahia! #PaulistãoCasasBahia #Premiação #Pedigree",0,"03/09/2026 18:40",https://www.instagram.com/p/DVr5ApvjCuK/,"Imagem do Instagram",,Total,178113,94834,14493,483,16,228,71
18095785363971828,17841400074692954,paulistao,Paulistão,"GOLEADOR E DECISIVO!
Além de artilheiro e melhor atacante, Robson também foi eleito como Craque do Interior do Paulistão Casas Bahia! #PaulistãoCasasBahia #7kbet",0,"03/09/2026 18:37",https://www.instagram.com/p/DVr4xH3jA3p/,"Imagem do Instagram",,Total,62211,38417,1227,14,1,20,1
18059731499381443,17841400074692954,paulistao,Paulistão,"MAIS UM TROFÉU PARA O HERMANO!
Flaco López foi eleito por votação popular como o Craque da Galera do Paulistão Casas Bahia! #PaulistãoCasasBahia #Premiação #7kbet",0,"03/09/2026 18:35",https://www.instagram.com/p/DVr4joSjEr2/,"Imagem do Instagram",,Total,31597,19407,2321,63,1,37,14
17918111742297638,17841400074692954,paulistao,Paulistão,"O GARÇOM DO VERDÃO!
Sosa foi o líder em assistências desse Paulistão Casas Bahia! #PaulistãoCasasBahia #Premiação #Sil",0,"03/09/2026 18:34",https://www.instagram.com/p/DVr4ZNhjMlT/,"Imagem do Instagram",,Total,47976,28125,2842,96,0,29,23
18067529300645877,17841400074692954,paulistao,Paulistão,"O GOLAÇO DO PAULISTÃO CASAS BAHIA!
Esse foguete do André Ramalho foi eleito por votação popular como o gol mais bonito do campeonato!
#PaulistãoCasasBahia #Premiação #Betano",51,"03/09/2026 18:33",https://www.instagram.com/reel/DVr4IqGjF1u/,"Reel do Instagram",,Total,168257,111324,12768,253,10,181,102
18381459277089724,17841400074692954,paulistao,Paulistão,"FRIO E CALCULISTA!
Essa caneta do Ligger ganhou a votação de drible mais bonito do Paulistão Casas Bahia!
#PaulistãoCasasBahia #Premiação #Dorflex",14,"03/09/2026 18:31",https://www.instagram.com/reel/DVr4BUQjNjb/,"Reel do Instagram",,Total,80670,55504,1577,151,2,58,10
18331741750216018,17841400074692954,paulistao,Paulistão,"FAIR PLAY!
O Novorizontino levou o troféu Djalma Santos do Paulistão Casas Bahia!
#PaulistãoCasasBahia #Premiação #Rayovac",0,"03/09/2026 18:27",https://www.instagram.com/p/DVr3nUGDMMN/,"Imagem do Instagram",,Total,85025,44682,1719,13,2,11,14
18079072097371779,17841400074692954,paulistao,Paulistão,"OS DONOS DO APITO!
Vem ver quem foram os vencedores de melhor, segundo melhor e terceiro melhor trio de arbitragem do Paulistão Casas Bahia!
#PaulistãoCasasBahia #Premiação #Quartzolit #Gatorade #Movida",0,"03/09/2026 18:25",https://www.instagram.com/p/DVr3b-ZjFnV/,"Carrossel do Instagram",,Total,153227,62850,2213,112,2,125,26
18090302615122502,17841400074692954,paulistao,Paulistão,"MELHOR VAR E AVAR DO CAMPEONATO!
Adriano de Assis Miranda e Fabio Rogério Baesteiro foram eleitos, respectivamente, melhor VAR e AVAR do Paulistão Casas Bahia!
#PaulistãoCasasBahia #Premiação #Bis",0,"03/09/2026 18:25",https://www.instagram.com/p/DVr3VFjDPKA/,"Imagem do Instagram",,Total,79142,42961,766,74,3,20,9
18132250003520646,17841400074692954,paulistao,Paulistão,"Murilo Tarrega Vitor é a revelação da arbitragem no Paulistão Casas Bahia 2026, e Bruno Silva de Jesus é o assistente revelação!
#PaulistãoCasasBahia #Premiação #Hipercap #Unisa",0,"03/09/2026 18:24",https://www.instagram.com/p/DVr3OsLDB-I/,"Imagem do Instagram",,Total,42617,25442,488,20,1,6,2
18068034584280308,17841400074692954,paulistao,Paulistão,"SELEÇÃO DO PAULISTÃO CASAS BAHIA 2026! 🤩 Só craque, tá? 😮‍💨 #PaulistãoCasasBahia",0,"03/09/2026 18:21",https://www.instagram.com/p/DVr2701jDF4/,"Imagem do Instagram",,Total,414548,222755,12911,1530,25,598,172
18088029589932707,17841400074692954,paulistao,Paulistão,"CABEÇA FRIA, CORAÇÃO QUENTE E TROFÉU NA MÃO!
O melhor técnico do Paulistão Casas Bahia foi Abel Ferreira!
#PaulistãoCasasBahia #Premiação #Bet365",0,"03/09/2026 18:16",https://www.instagram.com/p/DVr2TS3DC4Y/,"Imagem do Instagram",,Total,40509,25925,2804,98,1,105,22
17990061758957087,17841400074692954,paulistao,Paulistão,"HERMANO FECHANDO A SELEÇÃO!
Vice-artilheiro do campeonato, Flaco López chega para fechar o trio de ataque da seleção do Paulistão Casas Bahia!
#PaulistãoCasasBahia #Premiação #CasasBahia",0,"03/09/2026 18:14",https://www.instagram.com/p/DVr2KQzDFEo/,"Imagem do Instagram",,Total,38956,24126,2812,101,1,43,23
18311692516284268,17841400074692954,paulistao,Paulistão,"ARTILHEIRO E PREMIADO!
Robson representa o Novorizontino no setor ofensivo e foi eleito melhor atacante do Paulistão Casas Bahia!
#PaulistãoCasasBahia #Premiação #CasasBahia",0,"03/09/2026 18:13",https://www.instagram.com/p/DVr1_H8jN6g/,"Imagem do Instagram",,Total,66304,41979,1245,120,3,25,6
18080605268459451,17841400074692954,paulistao,Paulistão,"É O TIGRINHO, NÃO TEM JEITO!
Abrindo o ataque da seleção do Paulistão Casas Bahia, Vitor Roque chega como o primeiro destaque do Verdão na linha de frente!
#PaulistãoCasasBahia #Premiação #CasasBahia",0,"03/09/2026 18:11",https://www.instagram.com/p/DVr1i8KDG2Y/,"Imagem do Instagram",,Total,343330,227357,9037,270,21,151,65
17907467589361511,17841400074692954,paulistao,Paulistão,"O 10 DO TIGRE MARCANDO PRESENÇA!
Para fechar o meio campo da seleção do #PaulistãoCasasBahia, ninguém mais ninguém menos que o craque do Novorizontino: Rômulo!
#Premiação #Latam",0,"03/09/2026 18:07",https://www.instagram.com/p/DVr1TqgDLbq/,"Imagem do Instagram",,Total,82253,46393,2715,54,13,67,5
18137138821502840,17841400074692954,paulistao,Paulistão,"MAIS UM DO VERDÃO!
Seguindo na meiuca, Andreas Pereira foi destaque na posição e ganhou espaço na seleção do campeonato!
#PaulistãoCasasBahia #Premiação #Latam",0,"03/09/2026 18:06",https://www.instagram.com/p/DVr1Ke2DCwQ/,"Imagem do Instagram",,Total,50155,28974,4013,109,4,81,31
18045640724512164,17841400074692954,paulistao,Paulistão,"ABRINDO O MEIO CAMPO!
Recém chegado e já premiado, Marlon Freitas foi eleito como um dos melhores meio-campistas do Paulistão Casas Bahia!
#PaulistãoCasasBahia #Premiação #Latam",0,"03/09/2026 18:04",https://www.instagram.com/p/DVr0-RODJ_X/,"Imagem do Instagram",,Total,36927,22694,2605,86,0,40,19
18209121685323041,17841400074692954,paulistao,Paulistão,"MAIS UM DO TIGRE!
Dono do gol que classificou o Novorizontino para a final do #PaulistãoCasasBahia, Mayk vem para fechar a defesa da seleção do campeonato!
#Premiação #Itaipava",0,"03/09/2026 18:01",https://www.instagram.com/p/DVr0pv0DHOv/,"Imagem do Instagram",,Total,52152,30324,1280,61,4,44,5
18144338962483990,17841400074692954,paulistao,Paulistão,"O XERIFE!
Gustavo Gómez completa a dupla de zagueiros da Seleção do Paulistão Casas Bahia!
#PaulistãoCasasBahia #Premiação #Aurora",0,"03/09/2026 18:00",https://www.instagram.com/p/DVr0dDkDLjU/,"Imagem do Instagram",,Total,41323,23997,2755,84,0,34,21
17937858108161226,17841400074692954,paulistao,Paulistão,"UM DOS DESTAQUES DO TIGRE!
O primeiro atleta da dupla de zaga da seleção do #PaulistãoCasasBahia é ele: Dantas, do Novorizontino! #Premiação #Aurora",0,"03/09/2026 17:58",https://www.instagram.com/p/DVr0SJ_DI5h/,"Imagem do Instagram",,Total,178964,114367,1933,142,6,126,6
17940096894165788,17841400074692954,paulistao,Paulistão,"LUSA MARCANDO PRESENÇA!
João Vitor foi eleito o melhor lateral-direito do Paulistão Casas Bahia!
#PaulistãoCasasBahia #Premiação #Itaipava",0,"03/09/2026 17:57",https://www.instagram.com/p/DVr0CQQDExv/,"Imagem do Instagram",,Total,63945,37302,1506,66,2,36,3
17954042568082531,17841400074692954,paulistao,Paulistão,"O PAREDÃO DO VERDÃO!
Carlos Miguel foi eleito o melhor goleiro do Paulistão Casas Bahia!
#PaulistãoCasasBahia #Premiação #Clear",0,"03/09/2026 17:54",https://www.instagram.com/p/DVrzyMKjA53/,"Imagem do Instagram",,Total,113096,70179,3636,329,5,570,33
18078448880099801,17841400074692954,paulistao,Paulistão,"ABEL CANTANDO ROBERTO CARLOS? 🤩🎶
Será que o técnico do Verdão aprovou a aparição dele no vídeo da Premiação do #PaulistãoCasasBahia?
#Premiação",14,"03/09/2026 17:52",https://www.instagram.com/reel/DVrzhT7jA3w/,"Reel do Instagram",,Total,745912,451601,68552,658,988,527,832
18118484059620368,17841402806868982,oboccapalmeiras,"Leandro Boccalini | Bocca","Aí não tem como, tem que dar aquele tapa! 
.
#palmeiras #gustavogomez",14,"03/09/2026 17:18",https://www.instagram.com/reel/DVrvnVCADpm/,"Reel do Instagram",,Total,337353,206871,16473,460,11,192,0
18071197748648840,17841400074692954,paulistao,Paulistão,"A adm tentou mostrar o look do Carlos Miguel na câmera 1, mas só cabe na 0,5… 🤣🤣🤣 o goleirão do Palmeiras tá na estica! 🤩 #PaulistãoCasasBahia #Palmeiras",14,"03/09/2026 17:17",https://www.instagram.com/reel/DVrvcrKDbu1/,"Reel do Instagram",,Total,1707835,953585,48593,2651,786,1476,820
18091769474174917,17841400074692954,paulistao,Paulistão,"TA NA ESTICA!
Até o Tigrinho reparou que o Marlinho está na estica para a Premiação do Paulistão Casas Bahia 😎😂
#PaulistãoCasasBahia",11,"03/09/2026 16:44",https://www.instagram.com/reel/DVrrl-Cjdl7/,"Reel do Instagram",,Total,641066,355363,48255,795,231,407,415
18042983543726769,17841400074692954,paulistao,Paulistão,"SE LIGA QUE TEM PREMIAÇÃO DAQUI A POUCO! 👀
Vem com a @taynahespinoza e o @lf_freitas que vai começar a cerimônia de premiação dos melhores do Paulistão Casas Bahia! AO VIVO no YouTube do @paulistao 🤩
#PaulistãoCasasBahia #Premiação",44,"03/09/2026 16:40",https://www.instagram.com/reel/DVrrSsajc50/,"Reel do Instagram",,Total,105263,77460,2005,13,24,17,24
17876785233515068,17841400074692954,paulistao,Paulistão,"HAT-TRICK E ASSISTÊNCIA! ⚽️⚽️⚽️
O Paulo Marcelo chamou a responsa na goleada do XV de Piracicaba por 5 a 1 sobre o Votuporanguense, balançando a rede por três vezes e dando um passe pra gol. Resultado fundamental pra classificação do Nhô Quim rumo a segunda fase do #PaulistãoA2Rivalo.",19,"03/09/2026 14:30",https://www.instagram.com/reel/DVrXdZDAWzN/,"Reel do Instagram",,Total,54710,39795,999,21,0,16,7
17899142595403475,17841402806868982,oboccapalmeiras,"Leandro Boccalini | Bocca","O Hexa só vem com ele!
.
#palmeiras #campeão #vitorroque #seleçãobrasileira #copadomundo",27,"03/09/2026 14:16",https://www.instagram.com/reel/DVrau48CtMZ/,"Reel do Instagram",,Total,25456,16502,2171,10,0,17,0
17927361039071575,17841400074692954,paulistao,Paulistão,"PRIMEIRA FASE DE MUITAS EMOÇÕES! 🔥
Grandes histórias estão sendo escritas nesse #PaulistãoA2Rivalo.",164,"03/09/2026 14:00",https://www.instagram.com/reel/DVrUyPPAtpJ/,"Reel do Instagram",,Total,21636,19610,225,1,1,2,0
18029895203792283,17841400074692954,paulistao,Paulistão,"O PALMEIRAS CONQUISTOU O PAULISTÃO CASAS BAHIA E O @vellosogg ESTAVA LIGADO EM CADA DETALHE DO JOGO E DA FESTA DO TÍTULO! 
#PaulistãoCasasBahia #LeituraLabial",91,"03/09/2026 13:52",https://www.instagram.com/reel/DVrX36WkadE/,"Reel do Instagram",,Total,821325,535929,51439,962,188,232,1018
18334308430174734,17841400074692954,paulistao,Paulistão,"BORA PREMIAR OS MELHORES DO PAULISTÃO CASAS BAHIA? 🌟💪
Vem pro YouTube do @paulistao para assistir à cerimônia de premiação, AO VIVO às 20h30!
#PaulistãoCasasBahia #Premiação",0,"03/09/2026 13:02",https://www.instagram.com/p/DVrSdHODvUI/,"Imagem do Instagram",,Total,43606,25804,898,19,4,9,17
18096256987795425,17841400074692954,paulistao,Paulistão,"FAÇA COMO UMA GAROTA! 💪
Jogue, apite, produza, lidere, narre como uma garota, porque futebol é lugar de mulher! Se liga nas camisetas que foram usadas na final do Paulistão Casas Bahia da parceria com a @putapeita 😍🌟
#PaulistãoCasasBahia #DiaInternacionalDaMulher 
📷Rebeca Reis/Ag. Paulistão/Sua Foto no Jogo",0,"03/09/2026 12:30",https://www.instagram.com/p/DVrJsxKk_RK/,"Carrossel do Instagram",,Total,147058,66335,2773,67,2,277,15
17956207079935750,17841401683210430,portalr7,"Portal R7","Abel Ferreira é o maior técnico da história do Palmeiras? 🤔🐷🟢

➡️ Veja as principais notícias sobre o Campeonato Paulista 2026 em R7.com/esportes. O link está na bio.
#PortalR7 #R7 #FinalPaulistãoNaRECORD",22,"03/09/2026 12:26",https://www.instagram.com/reel/DVrOM3tCVLM/,"Reel do Instagram",,Total,107209,80241,5579,198,4,308,0
18111917485671448,17841400074692954,paulistao,Paulistão,"TOP 3 PARTICIPAÇÕES EM GOLS! ⚽💢
Além de artilheiro, Robson lidera o ranking de gols e assistências somados no Paulistão Casas Bahia!
#PaulistãoCasasBahia",0,"03/09/2026 12:00",https://www.instagram.com/p/DVrGKawFEfx/,"Imagem do Instagram",,Total,89085,51860,2147,9,2,16,28
18122053114606232,17841400074692954,paulistao,Paulistão,"DE FATO É CAMPEÃO! 🏆🟢⚪️ #PaulistãoCasasBahia #Palmeiras",29,"03/09/2026 11:40",https://www.instagram.com/reel/DVrEgmAijgS/,"Reel do Instagram",,Total,27005,23773,2534,22,12,75,22
18172482076391879,17841400074692954,paulistao,Paulistão,"Rogerião, preparador de goleiros do Palmeiras, atravessou o campo de joelhos depois do título do Verdão! 🏆🙏 #PaulistãoCasasBahia #Palmeiras",13,"03/09/2026 11:10",https://www.instagram.com/reel/DVrD6YDjpX7/,"Reel do Instagram",,Total,114904,71169,6617,147,17,190,68
17855375250674134,17841400074692954,paulistao,Paulistão,"A REAÇÃO DO BANCO DE RESERVAS NO APITO FINAL! 🤩🏆 #PaulistãoCasasBahia #Palmeiras #Bis",28,"03/09/2026 10:48",https://www.instagram.com/reel/DVrDBufDyWD/,"Reel do Instagram",,Total,127450,86001,17108,154,180,61,250
17850655695640765,17841400449104002,_gabimartins,"Gabriela Martins","Aquela experiência acolhedora no Ulrico Mursa! Meu dia das mulheres foi assim 😍 
Parabéns ao clube pela iniciativa: mulheres entram de graça no dia das mulheres @briosaoficial 

Portuguesa Santista 1 x 0 Francana
Paulistão A3 

#portuguesasantista #briosa #paulistao #futebol",55,"03/09/2026 10:23",https://www.instagram.com/reel/DVq_1_BjgOh/,"Reel do Instagram",,Total,160737,117921,7308,1274,259,181,0
18088223135186428,17841400074692954,paulistao,Paulistão,"A final do Paulistão Casas Bahia como você nunca viu antes 😍🤩!

🎥 @bh.cine",31,"03/09/2026 10:00",https://www.instagram.com/reel/DVq9jwnEXJP/,"Reel do Instagram",,Total,193808,141269,6354,385,4,82,185
18009865283832031,17841416165853162,crayonsaopaulo,Crayons,"A convite da Federação Paulista de Futebol, a Crayons desenvolveu o Anel do Craque do Paulistão Casas Bahia 2026, inspirado nos MVP Champion Rings. Concebido com mais de 100 gemas preciosas e estruturado em 43 gramas de ouro 18k, o design da peça parte de três perspectivas do Estado de São Paulo: capital, litoral e interior.

A premiação acontece na noite de hoje, quando o jogador escolhido será presenteado com a joia, marcando um momento inédito na história do campeonato.",0,"03/09/2026 09:33",https://www.instagram.com/p/DVq6fbTkdjY/,"Carrossel do Instagram",,Total,192060,90877,5684,918,56,206,0
18080939003366432,17841400210184068,gqbrasil,"GQ Brasil","💍O Craque dos Anéis!

Um atleta do Paulistão vai conhecer a mais novidade do torneio: um anel valioso, com ouro branco e amarelo 18 quilates para homenagear aquele que for considerado o craque de um dos estaduais mais disputados do Brasil. 

A escolha do premiado será feita com votos de capitães e técnicos dos dezesseis clubes e anunciada na noite desta segunda (9).

A competição foi vencida pelo Palmeiras em cima do Grêmio Novorizontino neste domingo (8). 

A inspiração veio da NBA e NFL norte-americanas, em que já é tradição de longa data premiar os destaques em campo com uma joia exclusiva. 

Assinado com design Crayons, criada em 2020 pelo diretor criativo Gilberto Bara. 

Segundo a FPF, além de celebrar a melhor performance em campo, o objetivo é criar uma identidade exclusiva para Paulistão e equipará-lo a torneios competitivos e grande prestígio pelo mundo. 

Quem você acha que vai levar um desses para casa?

(📸 @paulistao e Getty Images)",0,"03/09/2026 09:20",https://www.instagram.com/p/DVq43YzDv_C/,"Carrossel do Instagram",,Total,291585,136753,14034,1545,45,290,0
18016012691660102,17841400738755454,baamaia,"Bárbara Maia 🧿","ELE LEMBROU! 😱

Em 2024, o Palmeiras foi campeão com o @flacolopez_10 sendo o artilheiro do campeonato, marcando 10 gols. E agora, em 2026, o Flaquito chega novamente à marca, desta vez como artilheiro do Palmeiras com 6 gols, apenas um atrás de Robson, do Novorizontino. E claro, como uma boa flaquete, não podia deixar passar batido esse momento e reproduzi a foto de dois anos atrás.
OBRIGADA @paulistao e @flacolopez_10 🤘

#paulistao #flaco #final #campeao #palmeiras",31,"03/09/2026 08:51",https://www.instagram.com/reel/DVq1IfmER5l/,"Reel do Instagram",,Total,379834,241055,25637,220,282,159,0
18047950421723632,17841434243609007,samengo,SAMENGO,"Nem em final de libertadores vi algo perto disso kkkkk",49,"03/09/2026 08:11",https://www.instagram.com/reel/DVqxIgQjv6Z/,"Reel do Instagram",,Total,149102,78985,12725,2080,11,107,0
17867582859584631,17841400074692954,paulistao,Paulistão,"Nunca é só futebol 🥹🫂
#PaulistãoCasasBahia",15,"03/09/2026 07:06",https://www.instagram.com/reel/DVqpl7ZjSTU/,"Reel do Instagram",,Total,383815,231112,29431,275,71,275,188
17908878975350453,17841400074692954,paulistao,Paulistão,"FESTA COMPLETA 🤩
A taça do Paulistão Casas Bahia e o atual campeão no céu! 
#PaulistaoCasasBahia",35,"03/09/2026 06:47",https://www.instagram.com/reel/DVqngGnDSgL/,"Reel do Instagram",,Total,24613,19296,2265,59,12,20,38
18051632111709886,17841400074692954,paulistao,Paulistão,"OLÊ, OLÊ, OLÊ, OLÁ, ARIAS, ARIAS! 
O primeiro título do colombiano com a camisa do Palmeiras! 
#PaulistãoCasasBahia #Palmeiras",16,"03/09/2026 06:42",https://www.instagram.com/reel/DVqmnnYDQEe/,"Reel do Instagram",,Total,230955,147079,40749,835,274,265,387
17889277425442219,17841400074692954,paulistao,Paulistão,"PRESENTE ESPECIAL DE ABEL FERREIRA PARA A TORCEDORA NO DIA INTERNACIONAL DA MULHER! 
#PaulistãoCasasBahia #Palmeiras",28,"03/09/2026 06:10",https://www.instagram.com/reel/DVqi6n1jUdf/,"Reel do Instagram",,Total,112363,83114,13608,168,125,62,154
17978490215825879,17841400074692954,paulistao,Paulistão,"FALA, TIGRINHO! 
Gol e primeiro título com a camisa alviverde? Que momento, @vitor_roque9 🤩
#PaulistãoCasasBahia",22,"03/09/2026 05:04",https://www.instagram.com/reel/DVqbY4BDdbG/,"Reel do Instagram",,Total,121012,83013,12029,88,25,97,91
17879570418509237,17841402806868982,oboccapalmeiras,"Leandro Boccalini | Bocca","E que fome!! Jogou muito nesse @paulistao",9,"03/09/2026 04:52",https://www.instagram.com/reel/DVqaP9_AFa1/,"Reel do Instagram",,Total,200199,103568,6631,97,3,67,0
18094445090013307,17841400074692954,paulistao,Paulistão,"A comemoração dos campeões! 💚🏆
#LeilaPereira #AbelFerreira",4,"03/09/2026 04:46",https://www.instagram.com/reel/DVqZU_vjb9N/,"Reel do Instagram",,Total,49560,28427,3403,21,5,23,27
17858029500668315,17841400074692954,paulistao,Paulistão,"C de campeão, C de Carlos Miguel, C de @clear.br! 🔥
#PaulistãoCasasBahia",21,"03/09/2026 04:42",https://www.instagram.com/reel/DVqY_EvDfDu/,"Reel do Instagram",,Total,1035349,644989,37178,994,70,907,479
18109576570750069,17841400074692954,paulistao,Paulistão,"Um bom dia aos campeões do Paulistão Casas Bahia!🐷💚🏆
#PaulistãoCasasBahia 
📷 Rodrigo Corsi/Ag. Paulistão",0,"03/09/2026 04:23",https://www.instagram.com/p/DVqXAe0DcLI/,"Carrossel do Instagram",,Total,42311,21631,3519,80,0,35,55
17850405096647850,17841402806868982,oboccapalmeiras,"Leandro Boccalini | Bocca","Murilo fala sobre volta por cima e como se sente em casa.
#palmeiras #Murilo #campeão #paulista",60,"03/09/2026 03:00",https://www.instagram.com/reel/DVqNkRVkbnA/,"Reel do Instagram",,Total,180435,121044,26267,224,86,138,0
17882578680374960,17841400074692954,paulistao,Paulistão,"O PRIMEIRO!
Carlos Miguel não escondeu a empolgação com a primeira taça pelo Verdão! 
#PaulistãoCasasBahia",33,"03/08/2026 22:21",https://www.instagram.com/reel/DVptbSPjbpq/,"Reel do Instagram",,Total,42001,33200,4711,28,9,111,45
17905503516365829,17841400074692954,paulistao,Paulistão,"RESILIÊNCIA! 
Abel Ferreira revelou o que mais o deixa emocionado em um título! 
#PaulistãoCasasBahia",65,"03/08/2026 22:19",https://www.instagram.com/reel/DVpsIi2jSPB/,"Reel do Instagram",,Total,429796,355579,6653,331,82,158,208
18117093481715110,17841400738755454,baamaia,"Bárbara Maia 🧿","O COACH TÁ FELIZ!

Após o fim da partida, Abel agradece e e joga sua camisa aos torcedores. 

#palmeiras #futebol #paulistao #final #abel",71,"03/08/2026 22:09",https://www.instagram.com/reel/DVprqVEDf51/,"Reel do Instagram",,Total,320472,235841,36740,1619,316,1134,0
17951630460104645,17841400738755454,baamaia,"Bárbara Maia 🧿","CAMPEÃO QUE FALA? 🥇 

7 CONSECUTIVA E CONTANDO…

#paulistao #palmeiras #futebol #final",8,"03/08/2026 21:39",https://www.instagram.com/reel/DVphrskAOuH/,"Reel do Instagram",,Total,62747,39321,3182,31,87,38,0
18108969946687068,17841400074692954,paulistao,Paulistão,"Um presente especial do Abel Ferreira pra torcida! 
#PaulistãoCasasBahia",31,"03/08/2026 21:33",https://www.instagram.com/reel/DVpmn8cDX8O/,"Reel do Instagram",,Total,466507,311734,44875,1085,674,531,564
18220520386315253,17841400074692954,paulistao,Paulistão,"MICROFONE NELE! 🐯
Se liga na resenha do Vitor Roque no pódio do Verdão.
#PaulistãoCasasBahia",95,"03/08/2026 20:45",https://www.instagram.com/reel/DVpigwhjRfm/,"Reel do Instagram",,Total,1564975,1002037,180011,8656,3030,1525,2669
18155074582429327,17841400074692954,paulistao,Paulistão,"O PROFESSOR E O CAPITÃO! 
Aquele abraço entre Abel Ferreira e Gustavo Gómez! 
#PaulistãoCasasBahia",4,"03/08/2026 20:32",https://www.instagram.com/reel/DVpg4DqjNA5/,"Reel do Instagram",,Total,143754,102813,6766,143,19,42,100
18084228428243765,17841400074692954,paulistao,Paulistão,"O TIGRE MORDEU! 🐯⚽
Tinha que ter gol dele na final do Paulistão Casas Bahia! Vitor Roque é o nome da festa alviverde!
#PaulistãoCasasBahia",33,"03/08/2026 20:23",https://www.instagram.com/reel/DVpgFOtAelM/,"Reel do Instagram",,Total,697102,488970,29269,1423,145,410,309
18090451235143713,17841400738755454,baamaia,"Bárbara Maia 🧿","Se não tem Flaco tem Roque, faça a comemoração FLACOOO-ROQUE imediatamente! 

#palmeiras #tigrinho #flacoroque #paulistao",48,"03/08/2026 20:18",https://www.instagram.com/reel/DVpQUfskfxZ/,"Reel do Instagram",,Total,27090,20072,2871,40,2,14,0
17910829596344699,17841400738755454,baamaia,"Bárbara Maia 🧿","Entrar com um ídolo é sempre emocionante, mas ninguém tá preparado pros fogos 🥹

#palmeiras #vitorroque #futebol #paulistão",24,"03/08/2026 20:17",https://www.instagram.com/reel/DVpHxAtkWDB/,"Reel do Instagram",,Total,873555,575519,63727,1714,93,428,0
17952470757093829,17841400074692954,paulistao,Paulistão,"O CAMPEÃO DO PAULISTÃO CASAS BAHIA 2026! 🏆 #PaulistãoCasasBahia #Palmeiras",47,"03/08/2026 20:13",https://www.instagram.com/reel/DVperr4DCFf/,"Reel do Instagram",,Total,609918,496435,21413,2918,260,312,359
18163888483419335,17841400074692954,paulistao,Paulistão,"As_fotos_da_festa_ficaram_ótimas.jpeg 🏆
#PaulistãoCasasBahia
📷Jhony Inácio e Pedro Zacchi/Ag. Paulistão/Sua Foto No Jogo",0,"03/08/2026 20:12",https://www.instagram.com/p/DVpe0-3Emsp/,"Carrossel do Instagram",,Total,116623,59487,11816,300,6,62,162
17989837514934279,17841403706921794,leo_soares96,"LEO SOARES 🫶🏻❤️","Não era essa a festa que eu queria @paulistao @leo_soares96",11,"03/08/2026 20:06",https://www.instagram.com/reel/DVpeDUQjDJG/,"Reel do Instagram",,Total,82933,51507,2915,46,23,49,0
18157180855390343,17841400074692954,paulistao,Paulistão,"COMEMORA, CARLOS MIGUEL! 
O primeiro título do Paredão Alviverde! 
#PaulistãoCasasBahia",14,"03/08/2026 20:06",https://www.instagram.com/reel/DVpeB3ajOPA/,"Reel do Instagram",,Total,164340,117780,10019,32,64,81,81
17997222899868506,17841400074692954,paulistao,Paulistão,"COM DESLIZE DO ABEL!
Veja como começaram as comemorações do Palmeiras, campeão do #PaulistãoCasasBahia",49,"03/08/2026 20:02",https://www.instagram.com/reel/DVpUr6pDOcH/,"Reel do Instagram",,Total,46297,37858,4132,20,5,29,41
18057788564406344,17841400074692954,paulistao,Paulistão,"FALA, TIGRINHO!
O atacante Vitor Roque, do Palmeiras, foi o #CraqueDoJogo da grande final do Paulistão Casas Bahia!
#7KBet #PaulistãoCasasBahia",73,"03/08/2026 19:58",https://www.instagram.com/reel/DVpdPSVAobq/,"Reel do Instagram",,Total,479719,336188,17276,125,28,109,126
18054200138492451,17841400074692954,paulistao,Paulistão,"O HOMEM TÁ FELIZ!
Extravasa, Abel! Você é campeão do Paulistão Casas Bahia mais uma vez! 
#PaulistãoCasasBahia",30,"03/08/2026 19:50",https://www.instagram.com/reel/DVpcU-cklm8/,"Reel do Instagram",,Total,3439151,2431912,243757,33579,6648,6262,4430
18107024128831442,17841400074692954,paulistao,Paulistão,"SOLTA O GRITO DE CAMPEÃO, VERDÃO!
O Palmeiras está no lugar mais alto do pódio do Paulistão Casas Bahia mais uma vez!
#PaulistãoCasasBahia",51,"03/08/2026 19:46",https://www.instagram.com/reel/DVpb2Smgkkq/,"Reel do Instagram",,Total,231332,185388,31344,2294,304,361,538
18198914041341218,17841400864030342,casasbahia,"Casas Bahia 💙","Fim de jogo! O @palmeiras é campeão do Paulistão Casas Bahia 2026. Pode chorar, pode comemorar, a festa é toda de vocês! 🏆 #PaulistãoCasasBahia",43,"03/08/2026 19:42",https://www.instagram.com/reel/DVpa6gYDOge/,"Reel do Instagram",,Total,681836,935919,52314,3095,745,1154,0
18105861739863397,17841400074692954,paulistao,Paulistão,"COMEMORA, VERDÃO! 🏆
27 vezes campeão do Paulistão Casas Bahia!
#PaulistãoCasasBahia 
📷Jhony Inácio/Ag. Paulistão/Sua Foto No Jogo",0,"03/08/2026 19:40",https://www.instagram.com/p/DVpbPjZktxD/,"Carrossel do Instagram",,Total,263300,160835,19156,1814,41,174,367
18056723489467356,17841400074692954,paulistao,Paulistão,"É DO TIGRINHO!
Vitor Roque amplia a vantagem agregada do Palmeiras na final do #PaulistãoCasasBahia",24,"03/08/2026 19:30",https://www.instagram.com/reel/DVpR8sHjla5/,"Reel do Instagram",,Total,56326,47132,4596,77,3,18,38
17980755305986762,17841400074692954,paulistao,Paulistão,"LISTA DE CAMPEÕES 100% ATUALIZADA!
Com uma taça na conta, o Palmeiras chegou ao 27º título de Paulistão Casas Bahia!
#PaulsitãoCasasBahia",0,"03/08/2026 19:27",https://www.instagram.com/p/DVpZr0BEqSN/,"Imagem do Instagram",,Total,324312,174809,12798,1107,20,302,224
17844164502692610,17841400074692954,paulistao,Paulistão,"MAIS UM DEGRAU! 🇵🇹🏆⬆️
Com a conquista do Paulistão Casas Bahia 2026, Abel Ferreira se junta a Armando Del Debbio como o quarto maior vencedor da competição, com quatro títulos cada!
#PaulistãoCasasBahia",0,"03/08/2026 19:20",https://www.instagram.com/p/DVpY2jVEj8w/,"Imagem do Instagram",,Total,105227,52554,1700,36,4,31,33
17888241453333823,17841400074692954,paulistao,Paulistão,"UM ELENCO RECHEADO DE CAMPEÕES DO PAULISTÃO CASAS BAHIA!
Gustavo Gómez - 🏆5 títulos
Abel Ferreira - 🏆4 títulos
Murilo - 🏆4 títulos
Piquerez - 🏆4títulos
Marcelo Lomba - 🏆4 títulos
Flaco López - 🏆3 títulos
#PaulistãoCasasBahia",0,"03/08/2026 19:17",https://www.instagram.com/p/DVpYk0ZEs1A/,"Imagem do Instagram",,Total,41829,23765,2988,53,0,43,37
18094568402000763,17841400074692954,paulistao,Paulistão,"JOGADOR COM MAIS TÍTULOS 🇵🇾🤝🇵🇹 TREINADOR COM MAIS TÍTULOS
Gustavo Gómez e Abel Ferreira seguem fazendo história com a camisa do Alviverde!
#PaulistãoCasasBahia",0,"03/08/2026 19:04",https://www.instagram.com/p/DVpXByukrXf/,"Carrossel do Instagram",,Total,200734,101763,18483,641,21,140,193
18312233005284371,17841400074692954,paulistao,Paulistão,"QUATRO E CONTANDO!
Mais um Paulistão Casas Bahia na conta do Abel Ferreira!
#PaulistãoCasasBahia",0,"03/08/2026 19:01",https://www.instagram.com/p/DVpWu4TEv9A/,"Imagem do Instagram",,Total,62096,37783,6198,257,6,54,60
18315884272271956,17841400074692954,paulistao,Paulistão,"2⃣7⃣x PALMEIRAS!
Hora de atualizar as plaquinhas na taça do Paulistão Casas Bahia!
#PaulistãoCasasBahia",19,"03/08/2026 18:58",https://www.instagram.com/reel/DVpWSveFWZW/,"Reel do Instagram",,Total,1704550,1223747,77451,2959,1678,893,854
18107778484695406,17841400074692954,paulistao,Paulistão,"O MAPA DA MINA! 🗺️🏆
Tinha um título do Verdão no fim do caminho!
#PaulistãoCasasBahia",0,"03/08/2026 18:55",https://www.instagram.com/p/DVpV_o5ki9b/,"Imagem do Instagram",,Total,247168,123830,9869,53,19,136,109
18195220834350076,17841401988974661,r7esportes,"R7 Esportes","Jogadores e torcedores do Verdão celebram o título paulista! 🐷🟢⁣
⁣
➡️ Veja as principais notícias sobre o Campeonato Paulista 2026 em R7.com/esportes. O link está na bio.⁣
#PortalR7 #R7 #FinalPaulistãoNaRECORD",27,"03/08/2026 18:51",https://www.instagram.com/reel/DVpVilWjLq8/,"Reel do Instagram",,Total,96352,76435,4089,295,23,167,0
18077323619378795,17841400074692954,paulistao,Paulistão,"VEIO AÍ! 🏆🧤
Carlos Miguel levanta o Paulistão Casas Bahia e conquista seu primeiro título na carreira com o Verdão!
#PaulsitãoCasasBahia",0,"03/08/2026 18:50",https://www.instagram.com/p/DVpVhCnksC-/,"Imagem do Instagram",,Total,129250,80652,9299,274,13,168,74
17970596033862209,17841400074692954,paulistao,Paulistão,"27 VEZES PALMEIRAS! 🏆🐷
Vitória na ida, vitória na volta e mais um título de Paulistão Casas Bahia para o Palmeiras!
#PaulistãoCasasBahia 
📷Jhony Inácio e Pedro Zacchi/Ag. Paulistão/ @suafotonojogo",0,"03/08/2026 18:45",https://www.instagram.com/p/DVpU4gIErbb/,"Carrossel do Instagram",,Total,78631,43449,4425,272,4,62,35
18176444599385209,17841402806868982,oboccapalmeiras,"Leandro Boccalini | Bocca","DE JOELHOS NO CHÃO!",22,"03/08/2026 18:42",https://www.instagram.com/reel/DVpUZLvAEbx/,"Reel do Instagram",,Total,1283116,905647,130087,9829,157,1383,0
18115595338635839,17841400074692954,paulistao,Paulistão,"QUANDO SURGE O ALVIVERDE IMPONENTE! 🏆🐷
CAMPEÃO DO PAULISTÃO CASAS BAHIA 2026!
#PaulistãoCasasBahia",0,"03/08/2026 18:36",https://www.instagram.com/p/DVpT32wkq87/,"Imagem do Instagram",,Total,701612,451584,27898,7204,51,752,345
18074297753150791,17841400864030342,casasbahia,"Casas Bahia 💙","Bola rolando e já saíram dois gols! ⚽️⚽️ Você arrisca um palpite para o segundo tempo? #PaulistãoCasasBahia",17,"03/08/2026 17:39",https://www.instagram.com/reel/DVpM7CvifwN/,"Reel do Instagram","Ocorreu um erro ao computar métricas.",-,,,,,,,
17905050843368359,17841401988974661,r7esportes,"R7 Esportes","GOL DO TIGRE! 🐯⚽⁣
⁣
Após uma falha do goleiro Carlos Miguel, o atacante Matheus Bianqui mandou a bola para as redes. O Novorizontino empata contra o Palmeiras, 1 a 1.⁣
⁣
➡️ Veja as principais notícias sobre o Campeonato Paulista 2026 em R7.com/esportes. O link está na bio.⁣
#PortalR7 #R7 #PaulistãoNaRECORD",57,"03/08/2026 17:06",https://www.instagram.com/reel/DVpJi-LCgRx/,"Reel do Instagram","Ocorreu um erro ao computar métricas.",-,,,,,,,
18203998402334993,17841401988974661,r7esportes,"R7 Esportes","GOL DO VERDÃO! 🐷🟢⁣
⁣
Após a cobrança de falta de Andreas Pereira, Marlon Freitas acertou a trave, e Murilo balançou as redes no rebote. O zagueiro abre o placar para o Palmeiras, 1 a 0, contra o Novorizontino.⁣
⁣
➡️ Veja as principais notícias sobre o Campeonato Paulista 2026 em R7.com/esportes. O link está na bio.⁣
#PortalR7 #R7 #PaulistãoNaRECORD",66,"03/08/2026 16:49",https://www.instagram.com/reel/DVpHfoDCZ0x/,"Reel do Instagram","Ocorreu um erro ao computar métricas.",-,,,,,,,
17964761928031303,17841402806868982,oboccapalmeiras,"Leandro Boccalini | Bocca","Murilo abre o placar na final!",48,"03/08/2026 16:47",https://www.instagram.com/reel/DVpHSEzAM3J/,"Reel do Instagram","Ocorreu um erro ao computar métricas.",-,,,,,,,
18108009964814946,17841401722413284,briosaoficial,"Portuguesa Santista","CLASSIFICADOS!🇵🇹

Com três rodadas de antecedência, estamos nas quartas de final do Paulistão A3 Rivalo.bet.br.",0,"03/08/2026 08:15",https://www.instagram.com/p/DVoMpfcEbdI/,"Imagem do Instagram","Ocorreu um erro ao computar métricas.",-,,,,,,,
18099419470905947,17841405688144679,rivalobrasil,"Rivalo Brasil","ESSE É O FUTEBOL DE VERDADE! 🏆

Campo pesado, gol chorado, classificação embolada e drama até o último minuto. A rodada da A3 foi insana! 🔥

Vem dar uma conferida em tudo que rolou no Paulistão A3 Rivalo! 💥

#Rivalo #NadaGanhadaEmocao #JoguecomResponsabilidade +18",53,"03/06/2026 14:41",https://www.instagram.com/reel/DVj2IIrDkgl/,"Reel do Instagram","Ocorreu um erro ao computar métricas.",-,,,,,,,
17863005276604677,17841400074692954,paulistao,Paulistão,"QUAL É A SUA HISTÓRIA MAIS MARCANTE COM O PALMEIRAS?
A gente ouviu a torcida em Barueri e agora queremos saber de você! Deixe aqui nos comentários seu momento mais marcante torcendo para o Verdão 🐷💚
#PaulistãosCasasBahia #Palmeiras #Sil",119,"03/06/2026 10:30",https://www.instagram.com/reel/DVjZTjukZw6/,"Reel do Instagram",,Total,14151,10969,469,37,2,9,9
18045429770733469,17841400074692954,paulistao,Paulistão,"REFORÇO NA ÁREA! ⚫⚪
O Corinthians anunciou a contratação de Jesse Lingard! Curtiu, Fiel? 👀 #PaulistãoCasasBahia #Corinthians
📷 Rodrigo Coca/Ag. Corinthians",0,"03/06/2026 10:15",https://www.instagram.com/p/DVjXxangb3Z/,"Imagem do Instagram",,Total,59925,32883,5694,49,1,60,31
18341391859214863,17841402806868982,oboccapalmeiras,"Leandro Boccalini | Bocca","FLACO - ROQUE! Apenas!",11,"03/08/2026 18:06",https://www.instagram.com/reel/DVpQXjJgKg6/,"Reel do Instagram",,Total,265369,183367,28753,1730,19,177,0
18009919349687218,17841400074692954,paulistao,Paulistão,"A bola da finalíssima chegou em grande estilo no Jorjão! ✈️⚽
#PaulistãoCasasBahia #Latam",24,"03/08/2026 18:04",https://www.instagram.com/reel/DVpQFXqgGFd/,"Reel do Instagram",,Total,1858106,1315788,73062,17109,1247,734,3445
17872704615552887,17841400074692954,paulistao,Paulistão,"OLHA O TIGRE AÍ! 🐯⚽️
Vitor Roque marca e recoloca o Verdão na frente do placar!
#PaulistãoCasasBahia",0,"03/08/2026 18:04",https://www.instagram.com/p/DVpQL-XEiZ2/,"Imagem do Instagram",,Total,57829,34774,4252,169,1,51,24
18194116858346060,17841400074692954,paulistao,Paulistão,"VOANDO MAIS ALTO! ✈️⚽️
Olha como a bola chegou com estilo no Jorjão!
#PaulistãoCasasBahia #Latam",36,"03/08/2026 18:02",https://www.instagram.com/reel/DVpOTZljDJH/,"Reel do Instagram",,Total,445690,316789,22901,1973,231,209,482
18032342627790830,17841400861993763,matheusgonze1,"Matheus Gonze","OS CARAS TEM UMA SAUNA NO VESTIÁRIO QUE ISSO🤯🤯",30,"03/08/2026 17:59",https://www.instagram.com/reel/DVpOqN4Dnqb/,"Reel do Instagram",,Total,136058,81329,3620,79,17,19,0
17979662063984141,17841400074692954,paulistao,Paulistão,"Ídolo do Novorizontino, Luís Carlos Goiano entrou com a taça do Paulistão Casas Bahia!",35,"03/08/2026 17:38",https://www.instagram.com/reel/DVpMv-vDaWI/,"Reel do Instagram",,Total,139355,97328,5515,76,230,35,50
18107002114855107,17841400074692954,paulistao,Paulistão,"EQUIPES EM CAMPO! CHEGOU A HORA DA FINAL! 
#PaulistãoCasasBahia",30,"03/08/2026 17:36",https://www.instagram.com/reel/DVpFi0dDYpH/,"Reel do Instagram",,Total,32567,24953,1444,34,6,12,13
18347753671236099,17841400074692954,paulistao,Paulistão,"OLHA O EMPATE DO TIGRE! 
Matheus Bianqui deixa tudo igual!",11,"03/08/2026 17:35",https://www.instagram.com/reel/DVpKoUkjdCi/,"Reel do Instagram",,Total,965033,616508,16016,2405,518,654,280
18097010861058109,17841400074692954,paulistao,Paulistão,"GRANDE FESTA!",7,"03/08/2026 17:33",https://www.instagram.com/reel/DVpFapfDXM8/,"Reel do Instagram",,Total,67922,48068,4994,128,115,32,50
18106389097841980,17841400074692954,paulistao,Paulistão,"JOGO EMPATADO!
Fim do primeiro tempo em Novo Horizonte e a rede balançou uma vez para cada lado até aqui.
#PaulsitãoCasasBahia 
📷Jhony Inácio/Ag. Paulistão/ @suafotonojogo",0,"03/08/2026 17:29",https://www.instagram.com/p/DVpMK5KEsq0/,"Carrossel do Instagram",,Total,32824,16715,977,21,0,35,4
18109292059690586,17841400074692954,paulistao,Paulistão,"O PAREDÃO DO TIGRE!
Defesa difícil do Jordi para evitar o segundo gol do Palmeiras!
#PaulistãoCasasBahia #Bet365",27,"03/08/2026 17:26",https://www.instagram.com/reel/DVpLs5hFOLk/,"Reel do Instagram",,Total,40450,28688,1268,5,5,5,10
17850321510645965,17841400074692954,paulistao,Paulistão,"DEFESAAAAÇAAAA DO JORDI! 😮‍💨 #PaulistãoCasasBahia #Novorizontino",11,"03/08/2026 17:22",https://www.instagram.com/reel/DVpK6lCjVBU/,"Reel do Instagram",,Total,48078,36515,762,17,5,25,7
18248535337305903,17841400074692954,paulistao,Paulistão,"VOCÊ NÃO ESTÁ SOZINHA! 
Perto do minuto 18 da final do Paulistão Casas Bahia, foi exibida a mensagem no placar com o número da Central de Atendimento à Mulher. Denuncie a violência contra a mulher, ligue 180!
#PaulistãoCasasBahia #DiaInternacionalDaMulher",19,"03/08/2026 17:16",https://www.instagram.com/reel/DVpKnlLEWnJ/,"Reel do Instagram",,Total,74011,49611,2028,3,7,14,11
17888777844327190,17841400074692954,paulistao,Paulistão,"GOL DO TIGRE!
O Novorizontino empata o jogo e diminui a desvantagem no agregado!
#PaulistãoCasasBahia #Betano",23,"03/08/2026 17:13",https://www.instagram.com/reel/DVpKROZFFUT/,"Reel do Instagram",,Total,69048,46457,1081,21,5,53,5
18121413085594351,17841400864030342,casasbahia,"Casas Bahia 💙","3… 2… 1… bola rolando. O estádio solta o grito e cada lance pode mudar a história da final do Paulistão Casas Bahia. E aí, quem vai dominar o jogo? 🏆

Use o cupom FINAL10 e ganhe 10% de desconto em todo o site e app.",28,"03/08/2026 17:12",https://www.instagram.com/reel/DVpJ4aiD7JV/,"Reel do Instagram",,Total,39155,31632,293,7,1,18,0
18003717794891164,17841400864030342,casasbahia,"Casas Bahia 💙","Olha ela aí! 🏆A taça já está em campo e a grande final vai começar! Hoje o Paulistão Casas Bahia 2026 vai ganhar um novo campeão. Quem será que vai fazer
história?",20,"03/08/2026 17:07",https://www.instagram.com/reel/DVpJgT2j6U4/,"Reel do Instagram",,Total,232643,649668,503,37,3,24,0
18096449627067498,17841400074692954,paulistao,Paulistão,"QUE FESTA LINDA! 🌟😍
Se liga no show de drones que rolou antes da bola rolar! 
#PaulistãoCasasBahia",64,"03/08/2026 17:04",https://www.instagram.com/reel/DVpGkZEDU0q/,"Reel do Instagram",,Total,211383,172991,17605,833,115,216,224
18091858076041924,17841400074692954,paulistao,Paulistão,"O PALMEIRAS AUMENTA A VANTAGEM!
Murilo coloca o Palmeiras na frente do placar em Novo Horizonte!
#PaulistãoCasasBahia #Palmeiras #Betano",57,"03/08/2026 16:53",https://www.instagram.com/reel/DVpH7BIkZ2u/,"Reel do Instagram",,Total,48539,33265,1171,24,1,25,13
18112036636737976,17841400074692954,paulistao,Paulistão,"GOOOOOOL! É DO VERDÃO! 🟢⚪️
Murilo abre o placar na grande decisão! #PaulistãoCasasBahia #Palmeiras",21,"03/08/2026 16:52",https://www.instagram.com/reel/DVpHN0KjeBj/,"Reel do Instagram",,Total,91658,68869,6193,259,121,50,66
17935240146187154,17841400074692954,paulistao,Paulistão,"DEU TV! 📺
Rolou o último toss do #PaulistãoCasasBahia: na finalíssima, quem ganhou foi a televisão, corre para garantir seu desconto na loja!",45,"03/08/2026 16:40",https://www.instagram.com/reel/DVpGb8dApwZ/,"Reel do Instagram",,Total,73200,55669,1924,19,6,25,10
18360871171202665,17841400074692954,paulistao,Paulistão,"AÇÃO DO DIA INTERNACIONAL DA MULHER!
Somente meninas entraram em campo com atletas e arbitragem na final do #PaulistãoCasasBahia! Além disso, algumas utilizaram camisetas desenvolvidas em parceria com a marca Peita com frases que valorizam o protagonismo feminino no esporte!",35,"03/08/2026 16:37",https://www.instagram.com/reel/DVpGKYsiFGr/,"Reel do Instagram",,Total,43176,34102,772,51,6,10,15
18085604693241422,17841400074692954,paulistao,Paulistão,"O VERDÃO TAMBÉM ESTÁ EM PREPARAÇÃO PARA A GRANDE FINAL! 
#PaulistãoCasasBahia",9,"03/08/2026 16:13",https://www.instagram.com/reel/DVpDVzkDZre/,"Reel do Instagram",,Total,97060,73131,673,3,6,8,7
18170524663396061,17841400074692954,paulistao,Paulistão,"COM RÔMULO ENTRE OS TITULARES, O NOVORIZONTINO ESTÁ EM AQUECIMENTO PARA A DECISÃO! 
#PaulistãoCasasBahia",13,"03/08/2026 16:10",https://www.instagram.com/reel/DVpDEBEjfCk/,"Reel do Instagram",,Total,107560,81142,829,2,5,4,6
17865198780510828,17841400074692954,paulistao,Paulistão,"TRABALHO ROLANDO!
Novorizontino e Palmeiras aquecem para a final do Paulistão Casas Bahia!
#PaulistãoCasasBahia 
📷Pedro Zacchi e Jhony Inácio/Ag. Paulistão/Sua Foto no Jogo",0,"03/08/2026 16:09",https://www.instagram.com/p/DVpDBsQEr9o/,"Carrossel do Instagram",,Total,40564,23028,642,3,1,3,3
18073927565631856,17841400864030342,casasbahia,"Casas Bahia 💙","A chuva chegou junto com o aquecimento! 🔥 No gramado, cada passo marca o início da decisão do Paulistão Casas Bahia 2026. 

Por aqui, a emoção começa antes mesmo da bola rolar. ⚽️ @paulistao",31,"03/08/2026 16:07",https://www.instagram.com/reel/DVpCjHqD9N8/,"Reel do Instagram",,Total,35175,28257,310,3,0,12,0
17863474731529585,17841400864030342,casasbahia,"Casas Bahia 💙","Torcidas frenéticas pra final do Paulistão Casas Bahia. O coração tá acelerado que hoje o jogo vale taça! 🏆 @casasbahia",21,"03/08/2026 16:04",https://www.instagram.com/reel/DVpCByfj5TG/,"Reel do Instagram",,Total,38853,32709,200,3,0,14,0
18074668556410428,17841400074692954,paulistao,Paulistão,"Vem dar uma olhada no vestiário do Verdão antes da grande final! 🐷✅
📷 Rebeca Reis/Ag.Paulistão/ @suafotonojogo
#PaulistãoCasasBahia #Palmeiras",13,"03/08/2026 16:02",https://www.instagram.com/reel/DVpCHhnDSIF/,"Reel do Instagram",,Total,11621,9129,432,2,2,3,3
17874264921547864,17841400074692954,paulistao,Paulistão,"Os bastidores do vestiário do Tigre para a grande final! 🤩
📷 Jhony Inácio/Ag. Paulistão/ @suafotonojogo
#PaulistãoCasasBahia #Novorizontino",14,"03/08/2026 15:48",https://www.instagram.com/reel/DVo4EC0kdzx/,"Reel do Instagram",,Total,25886,20047,418,9,2,4,6
17885142501457145,17841400074692954,paulistao,Paulistão,"A CHEGADA DO VERDÃO! 🟢⚪️
O Palmeiras já está no Jorjão pra grande decisão do #PaulistãoCasasBahia!",61,"03/08/2026 15:40",https://www.instagram.com/reel/DVo_IeTEb12/,"Reel do Instagram",,Total,23854,18587,2181,26,4,13,21
18572084110063962,17841400074692954,paulistao,Paulistão,"É POR TI, GRÊMIO! 🐯🔥
Que recepção da torcida do Novorizontino no Jorjão para a final do #PaulistãoCasasBahia!",24,"03/08/2026 15:24",https://www.instagram.com/reel/DVo91tVjOlW/,"Reel do Instagram",,Total,28908,28658,1071,56,6,18,7
18563247346049513,17841400738755454,baamaia,"Bárbara Maia 🧿","DELEGAÇÃO EM PESO!

O Palmeiras chega para o segundo confronto da final do @paulistao . 

#palmeiras #final #paulistao",80,"03/08/2026 15:18",https://www.instagram.com/reel/DVo7Su9kUo2/,"Reel do Instagram",,Total,326757,222946,20114,380,76,132,0
18198987484341688,17841400074692954,paulistao,Paulistão,"A EMOÇÃO DE ESTAR NA FINAL DO PAULISTÃO CASAS BAHIA! 🥺🥰 #Novorizontino #PaulistãoCasasBahia",17,"03/08/2026 15:18",https://www.instagram.com/reel/DVo8DoaEfPo/,"Reel do Instagram",,Total,14150,10493,405,7,2,4,2
18454947610101960,17841400074692954,paulistao,Paulistão,"O NOVORIZONTINO JÁ ESTÁ EM CASA! 🐯
#PaulistãoCasasBahia",35,"03/08/2026 15:15",https://www.instagram.com/reel/DVo8tagkR3S/,"Reel do Instagram",,Total,34697,26491,468,12,2,9,3
18080567900366701,17841400074692954,paulistao,Paulistão,"DESEMBARQUE ALVIVERDE!
O Verdão já está no Jorjão para a final do Paulistão Casas Bahia 2026!
#PaulistãoCasasBahia 
📷Pedro Zacchi/Ag. Paulistão/ @suafotonojogo",0,"03/08/2026 15:11",https://www.instagram.com/p/DVo8cQVkqxf/,"Carrossel do Instagram",,Total,20801,9803,1012,19,0,6,18
17892037329425526,17841400074692954,paulistao,Paulistão,"VESTIÁRIO DO NOVORIZONTINO! 
ESSE É O CLIMA NA CHEGADA DO TIGRE! 
#PaulistãoCasasBahia",77,"03/08/2026 15:02",https://www.instagram.com/reel/DVo7IUJkfIZ/,"Reel do Instagram",,Total,154056,115632,2539,34,12,34,36
17862040374606888,17841400074692954,paulistao,Paulistão,"Festa linda da torcida do Novorizontino! 
#PaulistãoCasasBahia",15,"03/08/2026 14:52",https://www.instagram.com/reel/DVo57fKETHv/,"Reel do Instagram",,Total,28681,19271,1120,41,9,39,19
18041575484751335,17841400074692954,paulistao,Paulistão,"NOVO HORIZONTE ESTÁ EM FESTA!
É DIA DE DECISÃO DO PAULISTÃO CASAS BAHIA! 
#PaulistãoCasasBahia",25,"03/08/2026 14:50",https://www.instagram.com/reel/DVozaKIkbMt/,"Reel do Instagram",,Total,30172,22491,939,28,0,12,9
17874580746544969,17841400074692954,paulistao,Paulistão,"NOS BRAÇOS DO POVO!
O Novorizontino já tá na área para a final do Paulistão Casas Bahia 2026!
#PaulistãoCasasBahia
📷Pedro Zacchi/Ag. Paulistão/ @suafotonojogo",0,"03/08/2026 14:48",https://www.instagram.com/p/DVo5x0_ktAN/,"Carrossel do Instagram",,Total,27167,12727,545,9,0,6,2
18072505571179943,17841400074692954,paulistao,Paulistão,"BORA DAR AQUELA ESPIADINHA?
Confira algumas fotos do vestiário de Novorizontino e Palmeiras! Logo mais tem bola rolando na final do Paulistão Casas Bahia!
#PaulistãoCasasBahia
📷Jhony Inácio e Rebeca Reis/Ag. Paulistão/ @suafotonojogo",0,"03/08/2026 14:44",https://www.instagram.com/p/DVo5WLfkrpP/,"Carrossel do Instagram",,Total,14017,6224,526,8,0,2,8
18566541667049273,17841400074692954,paulistao,Paulistão,"OLHA ELA AÍ!
Uma final de Paulistão Casas Bahia merece uma bola a altura!
#PaulistãoCasasBahia 
📷Jhony Inácio/Ag. Paulistão/ @suafotonojogo",0,"03/08/2026 14:42",https://www.instagram.com/p/DVo5JFQEraW/,"Carrossel do Instagram",,Total,26864,13352,1332,12,0,3,14
17860891788610300,17841400074692954,paulistao,Paulistão,"🥇🥈
No detalhe, as medalhas de campeão e vice do Paulistão Casas Bahia 2026!
#PaulistãoCasasBahia 
📷Jhony Inácio/Ag. Paulistão/ @suafotonojogo",0,"03/08/2026 14:37",https://www.instagram.com/p/DVo4fVYkuGB/,"Carrossel do Instagram",,Total,78103,33167,3233,44,0,43,34
18088706402330859,17841400074692954,paulistao,Paulistão,"A MAIS DESEJADA! 
Tá chegando a hora da taça do Paulistão Casas Bahia 2026 conhecer seu novo campeão. Será que ela fica em Novo Horizonte ou vai voltar pra São Paulo?
#PaulistãoCasasBahia 
📷Rebeca Reis/Ag. Paulistão/ @suafotonojogo",0,"03/08/2026 14:29",https://www.instagram.com/p/DVo3j63ki0s/,"Carrossel do Instagram",,Total,40105,18250,1162,27,3,20,27
17953193096949155,17841400074692954,paulistao,Paulistão,"ELE É MUITO BAGUNCEIRO! 🤪
O Fanaticão já está em Novo Horizonte para a grande decisão do #PaulistãoCasasBahia 🥰",24,"03/08/2026 14:08",https://www.instagram.com/reel/DVo0wDOEYJa/,"Reel do Instagram",,Total,14582,11035,407,13,6,7,4
18095485313065788,17841400074692954,paulistao,Paulistão,"O Tigre e a torcida do Novorizontino estão prontos para a decisão de logo mais! 🐯🥁
#PaulistãoCasasBahia #Novorizontino",17,"03/08/2026 14:07",https://www.instagram.com/reel/DVozD3wEVCC/,"Reel do Instagram",,Total,23127,16098,725,11,5,14,5
18075294311566694,17841400074692954,paulistao,Paulistão,"MANTO AURINEGRO✅
MANTO ALVIVERDE ✅
BOLA DA DECISÃO ✅
#PaulistãoCasasBahia 
📷Rebeca Reis/Ag. Paulistão/ @suafotonojogo",0,"03/08/2026 14:07",https://www.instagram.com/p/DVo1GzMEkJ5/,"Carrossel do Instagram",,Total,14306,6741,845,31,0,5,19
18101883925723786,17841400864030342,casasbahia,"Casas Bahia 💙","É HOJE! A torcida chegou cedo, a expectativa tá lá no alto e a pergunta é uma só: quem será o grande campeão do Paulistão Casas Bahia? 🏆 #PaulistãoCasasBahia",52,"03/08/2026 14:07",https://www.instagram.com/reel/DVo06LFDxJC/,"Reel do Instagram",,Total,230567,255675,509,17,7,28,0
17935097142192418,17841400074692954,paulistao,Paulistão,"O FUTEBOL TAMBÉM É DELAS! 💜
#PaulistãoCasasBahia 
📷Rebeca Reis/Ag. Paulistão/Sua Foto no Jogo",0,"03/08/2026 14:02",https://www.instagram.com/p/DVo0iMREhUB/,"Carrossel do Instagram",,Total,31869,15865,1068,22,0,9,10
18084147362256052,17841400074692954,paulistao,Paulistão,"DOMINGO DE DECISÃO!
Chegou o dia de conhecer o grande campeão do Paulistão Casas Bahia 2026!
#PaulistãoCasasBahia 
📷Pedro Zacchi/Ag. Paulistão/ @suafotonojogo",0,"03/08/2026 13:57",https://www.instagram.com/p/DVoz80uEjtk/,"Carrossel do Instagram",,Total,23444,10639,704,17,2,8,7
18096837388984387,17841400864030342,casasbahia,"Casas Bahia 💙","Chegamos em Novo Horizonte! 🐯🐷 E aí, quem leva o título pra casa? #PaulistãoCasasBahia 🏆",9,"03/08/2026 13:57",https://www.instagram.com/reel/DVozvy1j1_H/,"Reel do Instagram",,Total,45026,37417,258,9,0,23,0
18111748720664304,17841400074692954,paulistao,Paulistão,"Você não sabia que precisava ver o cachorro robô do Novorizontino até ver o cachorro robô do Novorizontino! 🤣🤣🤣 #PaulistãoCasasBahia #Novorizontino",27,"03/08/2026 13:35",https://www.instagram.com/reel/DVowwcJkZHx/,"Reel do Instagram",,Total,45616,32644,1362,85,2,20,18
17879440902498902,17841426429471156,fpf_oficial,"Federação Paulista de Futebol","OH MY GOD! 
Hoje tem final do Paulistão Casas Bahia 2026! #PaulistãoCasasBahia",11,"03/08/2026 13:20",https://www.instagram.com/reel/DVovVcxpxPJ/,"Reel do Instagram",,Total,130113,87672,1170,11,9,34,0
18114808588569994,17841400738755454,baamaia,"Bárbara Maia 🧿","CHEGAMOS PRA GRANDE FINAL! ⚽️

#palmeiras #novorizontino #final #paulistao",33,"03/08/2026 13:14",https://www.instagram.com/reel/DVoubCYkZzi/,"Reel do Instagram",,Total,54178,39243,2820,20,67,43,0
18192397870354649,17841400074692954,paulistao,Paulistão,"Ponto final na nona rodada do Paulistão A4 Rivalo!
#PaulistãoA4Rivalo",0,"03/08/2026 13:10",https://www.instagram.com/p/DVoul6kEsKb/,"Imagem do Instagram",,Total,30629,18367,542,9,0,6,3
18003544754896753,17841400074692954,paulistao,Paulistão,"A base vem forte! 🟡⚫️ #PaulistãoCasasBahia #Novorizontino",8,"03/08/2026 12:50",https://www.instagram.com/reel/DVosKf1kXDl/,"Reel do Instagram",,Total,45658,26507,1373,22,6,44,6
18070994726198754,17841407110511984,lipemarinho,"Felipe Marinho de Oliveira","O Robçu apareceu na Semi, será que a final vai dar verdão???!!?",27,"03/08/2026 12:28",https://www.instagram.com/reel/DVoptz5iZFT/,"Reel do Instagram",,Total,72422,50459,3228,24,29,39,0
18156344659437101,17841400074692954,paulistao,Paulistão,"ESQUENTA!
A torcida do Novorizontino já está no clima da decisão! 
#PaulistãoCasasBahia #Novorizontino",21,"03/08/2026 12:04",https://www.instagram.com/reel/DVom5WhEdDW/,"Reel do Instagram",,Total,74582,47509,2376,105,18,71,16
17957825595071212,17841401683210430,portalr7,"Portal R7","DIA DE DECISÃO! 🤩🏆⁣
⁣
Neste domingo (8), você acompanha as emoções de Novorizontino e Palmeiras pelo segundo jogo da final do Paulistão 2026, e o R7 quer saber: qual será o placar da partida? Siga o passo a passo abaixo para participar da brincadeira: ⁣
⁣
1️⃣ Abra o vídeo; ⁣
2️⃣ Toque na tela; ⁣
3️⃣ E segure!⁣
⁣
Em seguida, conte nos comentários se a vitória foi do Tigrão do Vale, do Verdão ou empate!⁣
⁣
➡️ É de graça! Acompanhe a transmissão digital da #FinalPaulistãoNaRECORD, a partir das 18h30, em R7.com.⁣
#PortalR7 #R7",4,"03/08/2026 12:00",https://www.instagram.com/reel/DVomguVFezh/,"Reel do Instagram",,Total,241927,101623,2804,143,15,206,0
18003205748889484,17841400074692954,paulistao,Paulistão,"AVANTI PALESTRA!🐷💚
O Palmeiras quer o 27º título da história do Paulistão Casas Bahia!
#PaulistãoCasasBahia #Palmeiras",0,"03/08/2026 12:00",https://www.instagram.com/p/DVohXPelRPp/,"Imagem do Instagram",,Total,76576,46179,4973,151,4,23,35
18564696286021124,17841400074692954,paulistao,Paulistão,"EM FRENTE, TIGRE VALENTE!🐯
O Novorizontino vai em busca da virada para conquistar o título do Paulistão Casas Bahia!
#PaulistãoCasasBahia #Novorizontino",0,"03/08/2026 11:00",https://www.instagram.com/p/DVoaf1qmSdV/,"Imagem do Instagram",,Total,64929,40345,1032,67,0,31,12
17912323845339927,17841400074692954,paulistao,Paulistão,"É DIA DE DECISÃO E O ROBSON DEIXOU O SEU RECADO PARA A TORCIDA DO NOVORIZONTINO!
🚨 Assista à final do Paulistão Casas Bahia às 20h30 AO VIVO Na Record, Cazé TV, TNT e HBO Max!
#PaulistãoCasasBahia",33,"03/08/2026 10:00",https://www.instagram.com/reel/DVoT5Tgka8F/,"Reel do Instagram",,Total,21389,17454,466,8,1,16,8
18108314737775168,17841400074692954,paulistao,Paulistão,"Arbitragem escalada para o jogo de volta da final do Paulistão Casas Bahia 2026, entre Novorizontino e Palmeiras!
#PaulistãoCasasBahia",0,"03/08/2026 09:35",https://www.instagram.com/p/DVoV9CHkrZM/,"Imagem do Instagram",,Total,53147,31777,884,51,1,47,15
18075738944127650,17841400074692954,paulistao,Paulistão,"FINAL DISPUTADA!
Não faltou elogios do Abel Ferreira ao Novorizontino.
#PaulistãoCasasBahia",100,"03/08/2026 09:32",https://www.instagram.com/reel/DVoVgD3DFjK/,"Reel do Instagram",,Total,31170,22994,2664,30,13,20,50
18057290111414186,17841400074692954,paulistao,Paulistão,"Rodada cheia no Paulistão A3 Rivalo!
#PaulistãoA3Rivalo",0,"03/08/2026 09:19",https://www.instagram.com/p/DVoUGUVknuf/,"Imagem do Instagram",,Total,41402,24116,709,16,2,16,5
18282499111303267,17841400074692954,paulistao,Paulistão,"ASSISTA À DECISÃO DO PAULISTÃO CASAS BAHIA DE QUALQUER LUGAR DO MUNDO! 🌎🤩
É só ligar no YouTube do @paulistao para descobrir quem vai ser o grande campeão! (Exceto Brasil e Uruguai)
#PaulistãoCasasBahia #PaulistãoNaGringa",0,"03/08/2026 08:30",https://www.instagram.com/p/DVoJVKJEtmS/,"Imagem do Instagram",,Total,19506,12060,286,4,0,14,7
18095330840002878,17841401002519160,penaltybr,"Penalty Brasil","Hoje, Novorizontino e Palmeiras decidem a final do Paulistão Casas Bahia 2026.

O jogo determina o campeão e o fim do campeonato,
mas é apenas um capítulo da linda história do futebol paulista.

São Paulo respira futebol.⚽️ 
Nos campos de várzea marcados pela disputa intensa.
Nas ligas amadoras que movem bairros inteiros.
Nas competições juvenis onde nascem os próximos sonhos.
E nas arquibancadas, onde a paixão nunca fica em silêncio.

Porque aqui, o futebol não cabe em noventa minutos. Ele é um amor para a vida inteira.  #Futebol #campeonatopaulista #paulistao",198,"03/08/2026 08:28",https://www.instagram.com/reel/DVoN8gYDqCn/,"Reel do Instagram",,Total,25879,19310,558,86,16,57,0
18140778112493277,17841401683210430,portalr7,"Portal R7","FINAL NA RECORD! 🐷🐅⁣⁣
⁣⁣⁣
Neste domingo (8), Novorizontino e Palmeiras entram em campo pelo segundo jogo da grande final do Campeonato Paulista 2026.⁣ Os últimos 90 minutos prometem muita tensão e emoção na briga pelo título! O Alviverde chega em vantagem após vencer por 1 a 0 o primeiro jogo.⁣⁣⁣
⁣⁣⁣
Você acompanha a transmissão ao vivo na tela da @sigarecord, a partir das 20h, e no @portalr7 e @recordplus, a partir das 18h30.⁣
⁣
➡️ Veja as principais notícias sobre o Campeonato Paulista 2026 em R7.com/esportes. O link está na bio.⁣
#PortalR7 #R7 #FinalPaulistãoNaRECORD",0,"03/08/2026 08:20",https://www.instagram.com/p/DVoNU3hlFxU/,"Imagem do Instagram",,Total,107032,73388,943,268,2,38,0
17977508402830962,17841400074692954,paulistao,Paulistão,"QUEM MANDA NA MINHA CASA SOU EU! 🏠🐯
O Novorizontino não sabe o que é perder jogando no Jorjão! Será que vem mais uma vitória por aí?
#PaulistãoCasasBahia #Novorizontino",0,"03/08/2026 08:00",https://www.instagram.com/p/DVoF5neoHc6/,"Imagem do Instagram",,Total,38672,22510,826,29,0,21,2
18072658556402564,17841400074692954,paulistao,Paulistão,"ELES CONHECEM O CAMINHO DO GOL!
VEM VER OS GOLS DA DUPLA FLACO ROQUE NO PAULISTÃO CASAS BAHIA!
#PaulistãoCasasBahia",91,"03/08/2026 07:00",https://www.instagram.com/reel/DVn_vTigaAW/,"Reel do Instagram",,Total,119517,86796,10468,110,29,38,135
18076553627113210,17841400074692954,paulistao,Paulistão,"VOVÔ BABÃO! 🤣🥰
A conquista do título inédito pro Novorizontino seria especial, principalmente, pra Enderson Moreira! Momento de muita fofura por aqui, ok? 😍 #PaulistãoCasasBahia #Novorizontino

🚨 A DECISÃO É HOJE (8), ÀS 20H30, AO VIVO NA RECORD, CAZÉTV, TNT SPORTS E HBO MAX!",83,"03/08/2026 06:00",https://www.instagram.com/reel/DVn4es1DruL/,"Reel do Instagram",,Total,26642,18401,895,26,3,44,15
18069849602242480,17841400074692954,paulistao,Paulistão,"JÁ IMAGINOU COMO É DENTRO DO VESTIÁRIO DOS JOGADORES? 👀
É aqui que os atletas do Novorizontino vão estar antes da grande decisão do Paulistão Casas Bahia! 
🚨 HOJE É A GRANDE FINAL! Assista ao vivo às 20h30 na Record, Cazé TV, TNT e HBO Max!
#PaulistãoCasasBahia #POV #RayBanMeta",59,"03/08/2026 05:30",https://www.instagram.com/reel/DVn59ZYFB3S/,"Reel do Instagram",,Total,193522,110047,6636,221,23,56,104
18147027025467264,17841400074692954,paulistao,Paulistão,"A primeira fase do Paulistão A2 Rivalo chegou ao fim! Se liga nos resultados.
#PaulistãoA2Rivalo",0,"03/08/2026 04:39",https://www.instagram.com/p/DVn0IohFhgA/,"Imagem do Instagram",,Total,23738,13507,482,5,1,4,3
18070979831237916,17841400074692954,paulistao,Paulistão,"PRA FECHAR A RODADA! 🔥
Confira os jogos deste domingo (8) do #PaulistãoA3Rivalo.",0,"03/08/2026 04:00",https://www.instagram.com/p/DVnqcnsFsB4/,"Imagem do Instagram",,Total,16512,10184,245,5,1,1,2
18094933678821822,17841400074692954,paulistao,Paulistão,"NOVORIZONTINO E PALMEIRAS COM UM ÚNICO OBJETIVO: A TAÇA DO MAIOR ESTADUAL DO PAÍS! 🏆😮‍💨🔥 #PaulistãoCasasBahia #Novorizontino #Palmeiras

🚨 TÁ CHEGANDO A HORA!!! A DECISÃO É ÀS 20H30, AO VIVO NA TELA DA CAZÉTV, RECORD, TNT E HBO MAX!",0,"03/08/2026 03:30",https://www.instagram.com/p/DVnnAjZlN8K/,"Imagem do Instagram",,Total,139996,85748,7519,474,15,101,65
18114838312647405,17841400074692954,paulistao,Paulistão,"PRA ENCERRAR OS TRABALHOS! 🔥
União Suzano e Jabaquara se enfrentam neste domingo em jogo isolado pelo #PaulistãoA4Rivalo.",0,"03/08/2026 03:00",https://www.instagram.com/p/DVnjk2wFIt7/,"Imagem do Instagram",,Total,17645,10315,116,5,0,0,0
18093784268076778,17841400074692954,paulistao,Paulistão,"FELIZ DIA INTERNACIONAL DA MULHER! 💪
Feliz dia da jogadora, da árbitra, da jornalista, de todas as mulheres que fazem parte do Futebol Paulista. Que a celebração e o respeito não se limitem ao dia 8 de março!
#DiaInternacionalDaMulher #FutebolPaulista",0,"03/08/2026 01:00",https://www.instagram.com/p/DVncsq1GlRj/,"Imagem do Instagram",,Total,49440,29664,1612,248,1,6,15
18071074202555026,17841400074692954,paulistao,Paulistão,"🏆 🐯🐷 CHEGOU O DIA DA DECISÃO DO PAULISTÃO CASAS BAHIA ENTRE NOVORIZONTINO E PALMEIRAS!
#PaulistãoCasasBahia",0,"03/07/2026 19:05",https://www.instagram.com/p/DVm0TF4mQYj/,"Imagem do Instagram",,Total,257839,161110,8587,1105,4,164,90
18088499426135036,17841461375852191,juventussaf,"Juventus SAF","O lançamento milimétrico do @paulinhoc53, pro @ediin_lopes01 dominar e finalizar com categoria 🤌

O gol da virada! Juve na segunda fase do Paulistão A2!

🎥 @cinelinfc 
📸 Sérgio H./ Juventus SAF",97,"03/07/2026 16:48",https://www.instagram.com/reel/DVmpKj4jVfp/,"Reel do Instagram",,Total,117616,71888,3748,150,11,80,0
18096239041810519,17841400861993763,matheusgonze1,"Matheus Gonze","OS CARA NÃO SE AGUENTARAM😂😂😂😂😂 @vinicius_paiva @_robsonsf",20,"03/07/2026 16:01",https://www.instagram.com/reel/DVmj-5JDtv1/,"Reel do Instagram",,Total,153783,89863,4720,83,26,41,0
18113203333735033,17841400074692954,paulistao,Paulistão,"“É A OPORTUNIDADE DA MINHA VIDA”
O ápice da carreira aos 34 anos. Na trajetória da bola, o sonho de Robson e do @oficialnovorizontino com o título do Paulistão Casas Bahia.
Assista ao vídeo completo no YouTube do @paulistao!
#PaulistãoCasasBahia #PelasLentesDoPaulistão",133,"03/07/2026 15:07",https://www.instagram.com/reel/DVmdg7EjQCU/,"Reel do Instagram",,Total,26851,21486,486,4,2,7,10
18123584488582749,17841400074692954,paulistao,Paulistão,"DOMINGO SERÁ UM DIA HISTÓRICO PARA NOVO HORIZONTE!
🚨 Assista à final do Paulistão Casas Bahia às 20h30 AO VIVO Na Record, Cazé TV, TNT e HBO Max!
#PaulistãoCasasBahia",72,"03/07/2026 15:01",https://www.instagram.com/reel/DVmdTmSjdzX/,"Reel do Instagram",,Total,9285,7723,151,1,1,0,1
17868965316478008,17841400074692954,paulistao,Paulistão,"1% DE CHANCE, 99% DE FÉ! 💙
Após sair perdendo por 3 a 0, o Monte Azul foi buscar o empate fora de casa contra o Ituano e garantiu de forma heróica a permanência no #PaulistãoA2Rivalo.",44,"03/07/2026 14:30",https://www.instagram.com/reel/DVmZjy4kfY_/,"Reel do Instagram",,Total,143388,89657,2454,188,4,78,31
18383778514087423,17841400074692954,paulistao,Paulistão,"TÁ CHEGANDO A HORA DA FINAL DO PAULISTÃO CASAS BAHIA!
QUEM VENCE: NOVORIZONTINO OU PALMEIRAS?
#PaulistãoCasasBahia",0,"03/07/2026 13:30",https://www.instagram.com/p/DVmQl6YoE6G/,"Imagem do Instagram",,Total,118629,65852,3376,230,2,53,47
18077760212422267,17841400074692954,paulistao,Paulistão,"O MOLEQUE TRAVESSO PASSOU NA EMOÇÃO! 🔥🇱🇻
De virada, o Juventus superou a Inter de Limeira fora de casa por 2 a 1 e se classificou para a segunda fase do #PaulistãoA2Rivalo.",42,"03/07/2026 13:12",https://www.instagram.com/reel/DVmQlhjEbRT/,"Reel do Instagram",,Total,165105,107523,3180,64,13,33,53
18071200427204487,17841400074692954,paulistao,Paulistão,"""É O ESTADUAL MAIS FORTE DO BRASIL"" 🤩😮‍💨
O Gómez está mais que acostumado a chegar na final do Paulistão Casas Bahia!
🚨 Você assiste à decisão entre Novorizontino e Palmeiras AO VIVO na Record, Cazé TV, TNT e HBO Max no domingo (8), às 20h30!
#PaulistãoCasasBahia",44,"03/07/2026 13:02",https://www.instagram.com/reel/DVmPme3D-pd/,"Reel do Instagram",,Total,12156,9769,814,3,0,31,8
18110162146704128,17841400074692954,paulistao,Paulistão,"TÁ DEFINIDO!
Se liga como ficaram os grupos da segunda fase do Paulistão A2 Rivalo! Oito equipes seguem sonhando com o acesso pra elite estadual!
#PaulistãoA2Rivalo",0,"03/07/2026 12:24",https://www.instagram.com/p/DVmLUiUkYsq/,"Imagem do Instagram",,Total,172642,84980,3499,409,18,158,47
17993993984930583,17841400777371682,xvpiracicaba,"XV de Piracicaba","ISSO É XV DE PIRACICABA! CLASSIFICADOS ⚫️⚪️",38,"03/07/2026 12:19",https://www.instagram.com/reel/DVmKSmeEShC/,"Reel do Instagram",,Total,176896,111260,7415,300,78,174,0
18097039139291082,17841401560857921,kaikenagai,"Kaike Nagai🌴","VALENDO PRÊMIO! Será que a galera conhece de @paulistao ? Diretamente da exposição da TAÇA OFICIAL🏆

#AuroraAlimentos #Publi @auroraalimentos",99,"03/07/2026 12:01",https://www.instagram.com/reel/DVmIbknjXVp/,"Reel do Instagram",,Total,21986,15376,442,45,3,49,0
18029497070609228,17841401651676045,afeoficial,"Ferroviária SAF","Uma tarde de @paulistao na Morada do Sol! ☀️⚽

#Ferroviária | #Araraquara | #PaulistaA2

📸 Felipe Cardoso/Ferroviária SAF",0,"03/07/2026 11:12",https://www.instagram.com/p/DVmDKUzDqib/,"Carrossel do Instagram",,Total,37854,13932,546,1,0,3,0
17998076387874191,17841400074692954,paulistao,Paulistão,"GOLAÇO DE FALTA! 🎯
Em 1973, Ademir da Guia fez um golaço no Clássico da Saudade! Pintura do ídolo do Verdão! 👏 #PaulistãoCasasBahia #Palmeiras #Clear",0,"03/07/2026 11:00",https://www.instagram.com/p/DVl8tJYkz59/,"Carrossel do Instagram",,Total,104923,49411,7208,285,12,106,151
18069752951243112,17841400074692954,paulistao,Paulistão,"A batalha final entre as melhores equipes do Paulistão Casas Bahia!
#PaulistãoCasasBahia #Opta",0,"03/07/2026 10:00",https://www.instagram.com/p/DVl1s22FFaB/,"Imagem do Instagram",,Total,38836,21927,913,0,0,4,4
17976804212999037,17841477455693472,gudraws,"Marcelo Palmeira e Familia","Desenhando um jogador de futebol levantando a taça do campeonato @paulistao de 2026! #desenhista #draw #desenhando #desenhos #desenho",156,"03/07/2026 09:27",https://www.instagram.com/reel/DVl3BdsDc0E/,"Reel do Instagram",,Total,163955,105587,3768,145,44,125,0
18082513841461198,17841400861993763,matheusgonze1,"Matheus Gonze","Carlos Miguel teve MUITA personalidade pra ficar no meio! @_robsonsf muito cabeça e super focado pra final!",43,"03/07/2026 09:25",https://www.instagram.com/reel/DVl2W6GjqLL/,"Reel do Instagram",,Total,1100637,746884,32835,389,117,334,0
17988888926939938,17841410651612228,atleticomonteazul,"Atlético Monte Azul","NOSSO MANTO JÁ ESTÁ POSTO NO ESTÁDIO!
Tudo pronto para a última jogo nosso do @paulistao @rivalobrasil Série A-2.
A bola rola às 15h, no Estádio Novelli Júnior, em Itu, diante do Ituano.
Vamos até o fim.
Vamos juntos, AMA. 💙⚽

#AMA #VamoSubirAzulão #Azulão #MonteAzul #PaulistãoA2Rivalo",0,"03/07/2026 09:21",https://www.instagram.com/p/DVl2asPgAH_/,"Carrossel do Instagram",,Total,20908,8353,204,4,3,11,0
18189480730359914,17841400074692954,paulistao,Paulistão,"LIDERANÇA NO ELENCO!
Robson é um dos líderes do Novorizontino e passa sua experiência aos mais jovens do grupo! 
#PaulistãoCasasBahia",78,"03/07/2026 09:02",https://www.instagram.com/reel/DVl0MVziJkZ/,"Reel do Instagram",,Total,14126,11292,227,3,1,3,2
18095239607513459,17841400074692954,paulistao,Paulistão,"GAMEPLAY DE CARRINHO DE GRAMA? 🛺🤣
Vem ver o ponto de vista do Thiaguinho na hora de cortar a grama do Jorjão! 
👀 Domingo é dia de FINAL do Paulistão Casas Bahia! AO VIVO às 20h30 na Record, Cazé TV, TNT E HBO Max!
#PaulistãoCasasBahia #POV #RayBanMeta #Aurora",43,"03/07/2026 08:00",https://www.instagram.com/reel/DVloRD8CXl4/,"Reel do Instagram",,Total,119664,76017,2898,60,6,55,31
18081890909596019,17841400074692954,paulistao,Paulistão,"O FUTEBOL MEXE COM SENTIMENTO!
Abel Ferreira vira outro quando está na beira do campo.
#PaulistãoCasasBahia #AbelFerreira",146,"03/07/2026 07:05",https://www.instagram.com/reel/DVlmuDQD-Ck/,"Reel do Instagram",,Total,44112,34424,5255,245,190,166,132
17940983259151551,17841400074692954,paulistao,Paulistão,"""Todos os dias que eu coloco a camisa para treinar é um sonho realizado"" 🐯💚
Decisivo, goleador, e além disso, nas suas próprias palavras, um cara tranquilo. Assista ao vídeo completo no YouTube do @paulistao e entenda mais sobre quem é Vitor Roque!
#PaulistãoCasasBahia #PelasLentesDoPaulistão",109,"03/07/2026 07:00",https://www.instagram.com/reel/DVlh5_rjj84/,"Reel do Instagram",,Total,314723,213654,17169,141,33,139,169
18111578215671213,17841402945687893,paulistafc,"Paulista Futebol Clube","GOOOOOL DO GALO!! VENCE O PAULISTA!! 

Vitinho amplia o placar e o Galo vence!! VAMOSSSS

#Paulista #Galo #PaulistaDeJundiaí",14,"03/07/2026 06:58",https://www.instagram.com/reel/DVll2yUDv-V/,"Reel do Instagram",,Total,100998,61259,3245,147,23,96,0
18085811474336149,17841400074692954,paulistao,Paulistão,"11 ANOS DEPOIS... 😮‍💨
Enderson Moreira tá vivendo novamente um #PaulistãoCasasBahia, agora com a melhor campanha e chance de título! 🤩 Será que vem aí? 👀 #Novorizontino

🚨 A DECISÃO É AMANHÃ (8), ÀS 20H30, AO VIVO NA RECORD, CAZÉTV, TNT SPORTS E HBO MAX!",106,"03/07/2026 06:00",https://www.instagram.com/reel/DVlauasgNDI/,"Reel do Instagram",,Total,14966,11130,326,4,1,7,3
17970417071860206,17841400074692954,paulistao,Paulistão,"FAZ O M! ⚽️🔥
Um dos artilheiros do campeonato, Macário deixou sua marca no Paulistão A2 Rivalo. #DestaqueRivalo #PaulistãoA2Rivalo",23,"03/07/2026 05:00",https://www.instagram.com/reel/DVlTb8Zj9Cz/,"Reel do Instagram",,Total,42859,32840,554,44,6,22,5
18225578068309292,17841400074692954,paulistao,Paulistão,"ELE É O CARA! 🔥
Vocês decidiram e o Bryam foi eleito Craque da 14ª rodada do #PaulistãoA2Rivalo.",0,"03/07/2026 04:00",https://www.instagram.com/p/DVlMgVslpwU/,"Imagem do Instagram",,Total,29378,17380,238,23,3,14,1
17918056674122139,17841400074692954,paulistao,Paulistão,"HOJE TEM! ⚽️ 
Confira os jogos deste sábado do #PaulistãoA3Rivalo.",0,"03/07/2026 03:00",https://www.instagram.com/p/DVlFo2jFhXu/,"Imagem do Instagram",,Total,32930,20462,280,7,0,1,4
17956665491929153,17841400074692954,paulistao,Paulistão,"DIA CHEIO! ⚽️
Veja os jogos deste sábado (7) pelo #PaulistãoA4Rivalo.",0,"03/07/2026 02:30",https://www.instagram.com/p/DVlCM4_FSvg/,"Imagem do Instagram",,Total,29345,17436,335,14,1,3,4
17893355124423944,17841400074692954,paulistao,Paulistão,"A PRIMEIRA DO TRICOLOR!
Há 25 anos, o @saopaulofc vencia o Botafogo de virada e levava o inédito troféu do Torneio Rio-São Paulo.
#BaúDoPaulistão",0,"03/07/2026 02:00",https://www.instagram.com/p/DVk-xNdFtvE/,"Imagem do Instagram",,Total,197480,106651,12087,147,8,106,113
17929558488220114,17841400074692954,paulistao,Paulistão,"""SÃO VÁRIAS EMOÇÕES""
O Robson está vivendo um momento especial no Paulistão Casas Bahia!
#PaulistãoCasasBahia #Novorizontino",75,"03/06/2026 16:02",https://www.instagram.com/reel/DVj_eF3Dlj9/,"Reel do Instagram",,Total,11859,9511,217,1,1,3,2
17882324181468500,17841400074692954,paulistao,Paulistão,"QUAL FOI O DRIBLE MAIS BONITO DO PAULISTÃO CASAS BAHIA?
Vem ver os escolhidos e vote na enquete dos comentários!
#Dorflex #DribleDoCampeonato #PaulistãoCasasBahia
*Enquete encerra no domingo (8), às 10h*",0,"03/06/2026 15:30",https://www.instagram.com/p/DVj70xOjbbF/,"Carrossel do Instagram",,Total,138580,66779,1594,469,12,173,17
18258332338291990,17841400074692954,paulistao,Paulistão,"Momentos da primeira final do #PaulistãoCasasBahia na visão do árbitro! 😎 #Bis",25,"03/06/2026 15:30",https://www.instagram.com/reel/DVj76pylNNQ/,"Reel do Instagram",,Total,43040,30147,1125,5,1,1,14
18112915270661556,17841400074692954,paulistao,Paulistão,"COMO É DISPUTAR UMA FINAL DE CAMPEONATO? 🧐🔥
Já imaginou ser Gustavo Gómez por um dia? O capitão do Verdão tentou explicar a sensação de lutar por títulos no Palmeiras!
#PaulistãoCasasBahia #Palmeiras",37,"03/06/2026 15:00",https://www.instagram.com/reel/DVjzpvTgUSA/,"Reel do Instagram",,Total,71016,49423,4985,54,35,53,65
17944789527119402,17841427986572591,barretosec,"Barretos Esporte Clube - Perfil Oficial","Quando o assunto é ter A MELHOR DEFESA DA COMPETIÇÃO! 🛡️💪🏼

Na última vitória, o Tricolor mostrou mais uma vez que a força do time joga no coletivo. Do ataque à zaga, um grupo que joga junto do primeiro ao último minuto, todo mundo corre, marca e luta por cada bola.

Não é à toa que o Touro do Vale tem a melhor defesa do Paulista A4 e é o único invicto da competição. 💪⚽

📸 @gui_clicks / Comunicação BEC

#TouroDoVale #BarretosEC #JuntosPeloTouro #Rivalo",70,"03/06/2026 14:44",https://www.instagram.com/reel/DVj1uZID6lR/,"Reel do Instagram",,Total,30893,20395,640,16,5,11,0
18130992988530355,17841400074692954,paulistao,Paulistão,"GRANDE AÇÃO DA BRIOSA! 👏
No Dia Internacional das Mulheres (8), o ingresso pro jogo da Portuguesa Santista será gratuito para elas. #PaulistãoA3Rivalo.",0,"03/06/2026 14:30",https://www.instagram.com/p/DVjv1B7ke1n/,"Carrossel do Instagram",,Total,39019,15724,402,61,0,8,6
18060029435354207,17841400074692954,paulistao,Paulistão,"Já pensou como é a visão de uma repórter na final do Maior Estadual do Brasil?! Vem cá conferir 👀
#Aurora #PaulistãoCasasBahia",84,"03/06/2026 14:30",https://www.instagram.com/reel/DVj1DFvlEU9/,"Reel do Instagram",,Total,16730,14094,159,2,1,4,2
18108054508696358,17841400074692954,paulistao,Paulistão,"QUEM VAI TERMINAR COMO ARTILHEIRO DO CAMPEONATO?
Resta um jogo para definir que vai ficar no topo do ranking de artilharia do #PaulistãoCasasBahia... deixem seus palpites nos comentários!
#Artilharia #FlacoLópez #Robson",0,"03/06/2026 14:00",https://www.instagram.com/p/DVjsX07CZ_n/,"Imagem do Instagram",,Total,59368,34005,3156,53,2,32,28
18124752529562889,17841400074692954,paulistao,Paulistão,"O PIT STOP OBRIGATÓRIO ANTES DO JOGO NO JORJÃO! 🐯
Vem ver como é por dentro da lojinha do Novorizontino na porta do estádio! 
#PaulistãoCasasBahia #POV #RayBanMeta",71,"03/06/2026 13:30",https://www.instagram.com/reel/DVjpwq4kZNe/,"Reel do Instagram",,Total,36377,24087,905,45,1,27,14
18066650780292538,17841400074692954,paulistao,Paulistão,"A DUPLA RORÔ TEM ENTROSAMENTO DENTRO E FORA DE CAMPO!
DOMINGO É DIA DE DECISÃO, ÀS 20H30, AO VIVO NA RECORD, CAZÉTV, TNT SPORTS E HBO MAX!
#PaulistãoCasasBahia #Novorizontino",58,"03/06/2026 13:02",https://www.instagram.com/reel/DVjq2MSjJJZ/,"Reel do Instagram",,Total,69508,44049,1856,14,0,4,22
18036309815759442,17841401651676045,afeoficial,"Ferroviária SAF","⚠️ Entrada feminina gratuita na partida de amanhã, sábado! ⚠️

É isso mesmo, entrada gratuita.
Chama a amiga. Chama a irmã. Chama a mãe. Chama a vizinha!

Não precisa passar pelas bilheterias, não precisa retirar ingresso. Só ir direto para as catracas.
Todas entram de graça na Fonte Luminosa neste sábado.

Venham apoiar a Locomotiva Grená de Araraquara, juntas!

#Ferroviária | #Araraquara | #PaulistaA2",0,"03/06/2026 13:00",https://www.instagram.com/p/DVjqp1SDvDb/,"Imagem do Instagram",,Total,21216,12627,156,4,0,0,0
18059152664377472,17841400074692954,paulistao,Paulistão,"TEM QUE RESPEITAR O TIGRE! 🐯
Em 2024, o Novorizontino conseguiu uma épica classificação para as semifinais do #PaulistãoCasasBahia contra o São Paulo. E como vai ser na grande final contra o Palmeiras?

#Clear",0,"03/06/2026 12:30",https://www.instagram.com/p/DVjlpOYgfqT/,"Carrossel do Instagram",,Total,118829,45358,1761,50,1,29,25
18134747389517905,17841400074692954,paulistao,Paulistão,"QUAL FOI O GOLAÇO DO PAULISTÃO CASAS BAHIA?
Após votação nos stories, André Ramalho e Gabriel Menino concorrem! Vem escolher na enquete dos comentários qual o gol mais bonito do campeonato. 
#Betano #GolaçoDoCampeonato #PaulistãoCasasBahia 
*Enquete encerra no domingo (8), às 10h*",0,"03/06/2026 12:29",https://www.instagram.com/p/DVjnLmWkTMP/,"Carrossel do Instagram",,Total,267779,154429,4070,271,14,269,50
18319308172302088,17841400074692954,paulistao,Paulistão,"OS ARTILHEIROS! ⚽️🔥 
Confira a briga pela artilharia do #PaulistãoA2Rivalo.",0,"03/06/2026 12:00",https://www.instagram.com/p/DVjepDjl_Ar/,"Imagem do Instagram",,Total,30459,16287,338,15,1,4,3
18117654943625815,17841400074692954,paulistao,Paulistão,"AQUELE CORTE QUE VALE 3 PONTOS! 💪🔥
Iranildo deixou tudo em campo pra garantir a 6ª vitória seguida do Lemense no #PaulistãoA4Rivalo.",12,"03/06/2026 11:30",https://www.instagram.com/reel/DVjbSynAnvm/,"Reel do Instagram",,Total,35522,23047,347,11,1,11,6
18078653708624321,17841400074692954,paulistao,Paulistão,"DISPUTA PELA PONTA!
Além do título, Robson e Flaco López também estão disputando a artilharia do #PaulistãoCasasBahia!
#Artilharia #Assaí",0,"03/06/2026 11:00",https://www.instagram.com/p/DVjXxiemjQr/,"Imagem do Instagram",,Total,57751,30819,1618,19,0,11,13
18096453988784267,17841401002519160,penaltybr,"Penalty Brasil","Ontem teve Mag11a em campo no primeiro jogo das finais do Paulistão Casas Bahia 2026.
E teve Mag11a fora de campo também, com o @santucci_rafa procurando os torcedores mais apaixonados. 

E falando em paixão, está acabando o campeonato e nós estamos como? 💔 #futebol #paulistão",151,"03/05/2026 11:06",https://www.instagram.com/reel/DVg4T85jh6u/,"Reel do Instagram","Ocorreu um erro ao computar métricas.",-,,,,,,,
18574009903006483,17841400584162748,careca360,"F.CARECA 🎙️⚽️","BASTIDORES DO PRIMEIRO JOGO DA FINAL DO @paulistao . QUEM VOCÊS ACHAM QUE VAI LEVAR? #cafu #djalminha @aranhagk_05 #lomba #futebol #palmeiras",48,"03/05/2026 07:15",https://www.instagram.com/reel/DVgdH1GgLh2/,"Reel do Instagram","Ocorreu um erro ao computar métricas.",-,,,,,,,
18044405039527051,17841400861993763,matheusgonze1,"Matheus Gonze","QUE TRANQUILIDADEEEE @_carlosmiguel98 🥶",6,"03/04/2026 18:28",https://www.instagram.com/reel/DVfGe7QDhVl/,"Reel do Instagram","Ocorreu um erro ao computar métricas.",-,,,,,,,
18030709739603933,17841400864030342,casasbahia,"Casas Bahia 💙","Se é final, tem que ser inesquecível. E a Casas Bahia te leva pra dentro do campo, transformando qualquer jogo em experiência de craque. 🏆 @cafu2 

Marca aqui quem viveria esse dia com você. 🗣️ #CasasBahia #PaulistãoCasasBahia",43,"03/04/2026 18:11",https://www.instagram.com/reel/DVfEjrgjEWD/,"Reel do Instagram","Ocorreu um erro ao computar métricas.",-,,,,,,,
17866960581492307,17841400864030342,casasbahia,"Casas Bahia 💙","Ele já levantou taça. Já decidiu final. Já fez história. Agora é hora de dar o veredito fora de campo também. ⚽ @cafu2 

Se o craque falou tá falado: tem que seguir a @casasbahia pra não perde nenhum lance. 💙
 
#CasasBahia #PaulistãoCasasBahia",82,"03/04/2026 16:51",https://www.instagram.com/reel/DVe7VXCCeww/,"Reel do Instagram","Ocorreu um erro ao computar métricas.",-,,,,,,,
18174060349349154,17841400861993763,matheusgonze1,"Matheus Gonze","TEM QUE TER MUITA PERSONALIDADE PRA FICAR PARADO NO MEIO NUM PÊNALTI NA FINAL😳😳😳😳",16,"03/04/2026 16:07",https://www.instagram.com/reel/DVe2dRZjqE_/,"Reel do Instagram","Ocorreu um erro ao computar métricas.",-,,,,,,,
17870138409563791,17841401988974661,r7esportes,"R7 Esportes","PEGOU O PÊNALTI! 🐷🧤⁣
⁣
Após a batida de Robson no meio do gol, Carlos Miguel espalmou e manteve o Palmeiras na frente do placar, 1 a 0, contra o Novorizontino.⁣
⁣
➡️ Veja as principais notícias sobre o Campeonato Paulista 2026 em R7.com/esportes. O link está na bio.⁣
#PortalR7 #R7 #PaulistãoNaRECORD",35,"03/04/2026 16:06",https://www.instagram.com/reel/DVe2TOXEl18/,"Reel do Instagram","Ocorreu um erro ao computar métricas.",-,,,,,,,
18064957079315847,17841401988974661,r7esportes,"R7 Esportes","GOL DO VERDÃO! 🐷🟢⁣
⁣
Flaco López arrisca de fora da área e abre o placar para o Palmeiras na final do Paulistão, 1 a 0, contra o Novorizontino.⁣
⁣
➡️ Veja as principais notícias sobre o Campeonato Paulista 2026 em R7.com/esportes. O link está na bio.⁣
#PortalR7 #R7 #PaulistãoNaRECORD",70,"03/04/2026 15:52",https://www.instagram.com/reel/DVe0rYKCXbo/,"Reel do Instagram","Ocorreu um erro ao computar métricas.",-,,,,,,,
18085859903227818,17841400861993763,matheusgonze1,"Matheus Gonze","VITOR ROQUE COMEÇA A FINAL NO BANCO E CONVERSOU COM O MÉDICO ANTES DO JOGO!",12,"03/04/2026 15:24",https://www.instagram.com/reel/DVexYuAj2yK/,"Reel do Instagram","Ocorreu um erro ao computar métricas.",-,,,,,,,
17949435551962481,17841404075983359,_marco.pastore,"Marco Pastore","DANTAS: O JOVEM ZAGUEIRO DESTAQUE DO NOVORIZONTINO NO PAULISTÃO! 💛🖤

#futebolpaulista #paulistão2026 #gremionovorizontino #mercadodabola #dantas",96,"03/04/2026 12:25",https://www.instagram.com/reel/DVedCzojyFI/,"Reel do Instagram","Ocorreu um erro ao computar métricas.",-,,,,,,,
17986239896958127,17841401683210430,portalr7,"Portal R7","FINAL NA RECORD! 🐷🐅⁣⁣
⁣
Nesta quarta (4), às 19h45, Palmeiras e Novorizontino entram em campo pelo primeiro jogo da grande final do Campeonato Paulista 2026.⁣ A decisão começa com promessa de casa cheia e muita emoção na briga pelo título! 🏆🔥⁣⁣⁣
⁣
Você acompanha a transmissão ao vivo na tela da @sigarecord, no @portalr7 e no @recordplus.⁣⁣⁣
⁣
➡️ Veja as principais notícias sobre o Paulistão 2026 em R7.com/esportes. O link está na bio.⁣⁣⁣
#PortalR7 #R7 #FinalPaulistãoNaRECORD⁣⁣",0,"03/04/2026 11:58",https://www.instagram.com/p/DVeZ5qooDtv/,"Imagem do Instagram","Ocorreu um erro ao computar métricas.",-,,,,,,,
18068824148246758,17841401002519160,penaltybr,"Penalty Brasil","Milhares de números.
Mas todos sobre o mesmo assunto: a bola.⚽️. #futebol #penalty #Paulistão",47,"03/04/2026 06:46",https://www.instagram.com/reel/DVd2HCijn4S/,"Reel do Instagram",,Total,18387,15264,314,57,1,70,0
18121256641580429,17841400074692954,paulistao,Paulistão,"""UMA SENSAÇÃO INEXPLICÁVEL""
O Flaco López quer voltar a ser campeão do Paulistão Casas Bahia pelo Verdão!🐷💚
#PaulistãoCasasBahia #Palmeiras",73,"03/04/2026 06:30",https://www.instagram.com/reel/DVdv0UUlRVn/,"Reel do Instagram",,Total,12061,9321,937,12,0,12,16
18059935187340771,17841400074692954,paulistao,Paulistão,"BORBOLETAS NA BARRIGA!
Chegando em mais uma final, o professor Abel Ferreira revelou que ainda parece a primeira.
#PaulistãoCasasBahia #AbelFerreira",110,"03/06/2026 10:04",https://www.instagram.com/reel/DVjWcJ_AaGz/,"Reel do Instagram",,Total,43813,28540,1695,54,5,27,34
17937859758168808,17841400074692954,paulistao,Paulistão,"ESSA COMEMORAÇÃO FOI HISTÓRICA! 💚
Foi num Palmeiras x Novorizontino que o Endrick chamou a responsabilidade na semifinal para fazer o único gol da partida. E como vai ser no domingo? O Verdão vai sair com o título?

#PaulistãoCasasBahia #Clear",0,"03/06/2026 09:00",https://www.instagram.com/p/DVjKhhlE0b4/,"Carrossel do Instagram",,Total,553716,273774,25869,118,57,78,191
18070669988197539,17841400074692954,paulistao,Paulistão,"MOMENTOS ESPECIAIS! 💭
Enderson Moreira, técnico do Novorizontino, relembrou jogos importantes do Tigre no #PaulistãoCasasBahia! E um deles foi uma goleada pra cima do Palmeiras, adversário da final! 🤩🔥 #Novorizontino

🚨 A DECISÃO É DOMINGO (8), ÀS 20H30, AO VIVO NA RECORD, CAZÉTV, TNT SPORTS E HBO MAX!",112,"03/06/2026 08:00",https://www.instagram.com/reel/DVjEHyjjUcC/,"Reel do Instagram",,Total,8871,7400,193,2,0,4,1
18112978927730750,17841400074692954,paulistao,Paulistão,"OS GOLS DA DUPLA RORÔ NO PAULISTÃO CASAS BAHIA!
São 12 gols dessas feras. Sete para Robson e cinco para Rômulo. Que entrosamento, hein?!
#PaulistãoCasasBahia #Novorizontino",99,"03/06/2026 07:00",https://www.instagram.com/reel/DVi88bFE0zS/,"Reel do Instagram",,Total,44106,29408,747,8,0,43,9
17877432810525523,17841477455693472,gudraws,"Marcelo Palmeira e Familia","Desenhando algo especial e diferente por causa da final do @paulistao ! Vocês gostaram do resultado? Comentem! 
#desenho #desenhos #draw #drawing #desenhando",91,"03/06/2026 06:58",https://www.instagram.com/reel/DVi_igpjebx/,"Reel do Instagram",,Total,103880,72935,2004,143,27,118,0
17850388170686791,17841400074692954,paulistao,Paulistão,"FOI DALI MESMO! 🎯🔥
Vocês votaram e o gol de Romarinho foi eleito o Golaço da 14ª rodada do #PaulistãoA2Rivalo.",15,"03/06/2026 06:30",https://www.instagram.com/reel/DVi4_dvlW3z/,"Reel do Instagram",,Total,54347,33044,1019,48,1,10,12
18409456462127295,17841400074692954,paulistao,Paulistão,"TAPINHA NOJENTO! 😮‍💨🤌
Baita assistência do Markson pro Daniel na vitória do União Barbarense sobre o Suzano por 3 a 0, pela 11ª rodada do #PaulistãoA3Rivalo.",13,"03/06/2026 06:00",https://www.instagram.com/reel/DVi1kEYiUUP/,"Reel do Instagram",,Total,40482,26441,569,49,4,29,4
18114519418570085,17841425643342499,mariliaac1942,"Marília Atlético Clube","Receba o undaiá do Foquinha! 🐯

#VamosMAC

@felgfut",8,"03/06/2026 05:23",https://www.instagram.com/reel/DVi2VTPjfKe/,"Reel do Instagram",,Total,175738,89197,4529,586,7,15,0
17876727246524418,17841400074692954,paulistao,Paulistão,"PRESENÇA CONFIRMADA!⏭️ 🔥
Água Santa, Ferroviária, São José, Ituano e Votuporanguense asseguraram seu lugar na próxima fase. Agora, restam apenas três vagas no G8 do #PaulistãoA2Rivalo.",0,"03/06/2026 05:00",https://www.instagram.com/p/DViuk-vlIuW/,"Imagem do Instagram",,Total,99686,52516,2073,191,1,53,22
18144009409470966,17841400074692954,paulistao,Paulistão,"CLIMA DE DECISÃO! 🔥
Confira os jogos da 15ª rodada do #PaulistãoA2Rivalo.",0,"03/06/2026 04:00",https://www.instagram.com/p/DVinthWlqfI/,"Imagem do Instagram",,Total,21176,11591,504,19,1,4,7
18423797248143985,17841400074692954,paulistao,Paulistão,"DE VOLTA AOS TRABALHOS! 🔥
Confira os jogos da 9ª rodada do #PaulistãoA4Rivalo.",0,"03/06/2026 03:30",https://www.instagram.com/p/DVikRocFhw4/,"Imagem do Instagram",,Total,21016,12365,323,19,0,5,5
17889482394439186,17841400074692954,paulistao,Paulistão,"FIM DE SEMANA DE MUITO FUTEBOL! ⚽️ 
Veja os confrontos da 12ª rodada do #PaulistãoA3Rivalo.",0,"03/06/2026 03:00",https://www.instagram.com/p/DViha8QlleV/,"Imagem do Instagram",,Total,20661,12607,330,15,3,4,4
18092167918866140,17841400074692954,paulistao,Paulistão,"""A OPORTUNIDADE DA MINHA VIDA""
O Robson vai fazer tudo pelo título do Paulistão Casas Bahia!
#PaulistãoCasasBahia #Novorizontino",30,"03/05/2026 16:00",https://www.instagram.com/reel/DVhVpauD9jT/,"Reel do Instagram",,Total,54299,34318,1801,20,3,89,24
18119816749611519,17841400074692954,paulistao,Paulistão,"CARLOS MIGUEL NÃO SABE O QUE É PERDER NO PAULISTÃO CASAS BAHIA! 🧤🔥
Que campanha do goleiro do Verdão!
#PaulistãoCasasBahia #CarlosMiguel #Palmeiras",0,"03/05/2026 15:00",https://www.instagram.com/p/DVhOciXE3H_/,"Imagem do Instagram",,Total,90065,51933,4820,237,0,106,66
18091509542122672,17841400074692954,paulistao,Paulistão,"VIVENDO UM SONHO! 🤩
O Novorizontino foi um passo de cada vez durante o #PaulistãoCasasBahia até chegar à grande final! 👏 Agora só a taça importa! 🏆 #Novorizontino 

🚨 A DECISÃO É DOMINGO (8), ÀS 20H30, AO VIVO NA RECORD, CAZÉTV, TNT SPORTS E HBO MAX!",105,"03/05/2026 14:30",https://www.instagram.com/reel/DVhOe5yDwQb/,"Reel do Instagram",,Total,21896,15227,707,12,5,33,7
18030669962789397,17841400074692954,paulistao,Paulistão,"OPORTUNIDADE PARA QUEM ARRISCA!
O professor Abel Ferreira contou o que falaria para a sua versão que chegou ao Brasil em 2020 👀
#PaulistãoCasasBahia",29,"03/05/2026 13:51",https://www.instagram.com/reel/DVhLsjpD0gZ/,"Reel do Instagram",,Total,96208,69610,14657,411,178,222,306
17947615677115291,17841401560857921,kaikenagai,"Kaike Nagai🌴","NO JOGO DE IDA DEU PALMEIRAS NA FINAL DO @paulistao.

E o pré-jogo foi do jeito que a gente gosta, churrasquinho na porta do estádio e com muito FUTEBOL! 
#AuroraAlimentos #Publi",98,"03/05/2026 13:01",https://www.instagram.com/reel/DVhF0SJDthO/,"Reel do Instagram",,Total,10150,7526,325,79,4,11,0
18069330290554415,17841400074692954,paulistao,Paulistão,"CHAMOU PRA DANÇAR! 🕺⚽️
Grande jogada do Luiz pro gol do Alef na vitória do Rio Preto sobre o Francana por 3 a 1, pela 11ª rodada do #PaulistãoA3Rivalo",13,"03/05/2026 13:00",https://www.instagram.com/reel/DVhAwLHAH8I/,"Reel do Instagram",,Total,75419,47778,1035,94,6,26,6
17859450129656707,17841400074692954,paulistao,Paulistão,"DE CAVADINHA! 🔥
Que golaço do Gênesis na goleada da Inter Bebedouro sobre o Araçatuba por 4 a 0. O Lobo segue na liderança do #PaulistãoA4Rivalo.",13,"03/05/2026 12:00",https://www.instagram.com/reel/DVg59Hejrqc/,"Reel do Instagram",,Total,29159,19336,696,80,6,26,3
18096961384780248,17841400074692954,paulistao,Paulistão,"VOTE NO CRAQUE DA GALERA DO PAULISTÃO CASAS BAHIA! 🤩
Entre Flaco López, Robson, Rômulo e Vitor Roque, quem você escolhe para ser eleito Craque da Galera? Vote na enquete aqui no post até domingo (8), às 14h!
#PaulistãoCasasBahia #CraqueDaGalera #7kbet",0,"03/05/2026 11:30",https://www.instagram.com/p/DVg7hS4kZjI/,"Imagem do Instagram",,Total,79113,41584,1973,38,1,87,22
17970292484859470,17841400074692954,paulistao,Paulistão,"COMEMORA, FLAQUITO! 🎸🫂
Se liga na comemoração do Flaco López no gol que colocou o Verdão em vantagem na decisão do #PaulistãoCasasBahia! 
#Bis #Palmeiras",26,"03/05/2026 11:30",https://www.instagram.com/reel/DVg7jZHlI9w/,"Reel do Instagram",,Total,20867,15233,1798,19,0,9,15
17979447629988177,17841400074692954,paulistao,Paulistão,"TEM DECISÃO DO PAULISTÃO CASAS BAHIA? TEM O @vellosogg COM LEITURA LABIAL DE PALMEIRAS E NOVORIZONTINO COM IMAGENS EXCLUSIVAS!
#PaulistãoCasasBahia #leituralabial",76,"03/05/2026 11:00",https://www.instagram.com/reel/DVg3kXFiVU_/,"Reel do Instagram",,Total,332764,243773,10301,261,51,51,228
18092401435865568,17841400074692954,paulistao,Paulistão,"GABRIEL JESUS DE VOLTA? FIM DO EMPRÉSTIMO DO RÔMULO? 👀
Vem ver quem a torcida do Verdão gostaria de ver vestindo (de novo ou pela primeira vez) a camisa do Palmeiras!
#PaulistãoCasasBahia #Palmeiras #Sil",66,"03/05/2026 10:39",https://www.instagram.com/reel/DVg1qkkEQGy/,"Reel do Instagram",,Total,55487,35080,1623,41,1,31,24
17932550502194540,17841400074692954,paulistao,Paulistão,"O CAPITÃO NÃO SENTE A PRESSÃO! 😮‍💨
Gustavo Gómez pode se isolar como o atleta com mais títulos conquistados com a camisa do Palmeiras, mas o zagueiro do Verdão prefere viver um dia após o outro!
#PaulistãoCasasBahia #Palmeiras",64,"03/05/2026 09:36",https://www.instagram.com/reel/DVguGneEbWM/,"Reel do Instagram",,Total,51436,38805,2594,39,11,60,41
17985158393949950,17841400074692954,paulistao,Paulistão,"O FLACO LÓPEZ RESOLVE! ⚽🎸
O gol que garantiu a vitória do Verdão no jogo de ida das finais do Paulistão Casas Bahia!
#PaulistãoCasasBahia #Palmeiras",38,"03/05/2026 09:00",https://www.instagram.com/reel/DVglc0wk6Ib/,"Reel do Instagram",,Total,623618,442243,47794,2378,641,411,552
18092356700117633,17841400074692954,paulistao,Paulistão,"OLHO NA TABELA! 👀
Confira a classificação atualizada do #PaulistãoA4Rivalo.",0,"03/05/2026 08:30",https://www.instagram.com/p/DVgh0NPlgU6/,"Imagem do Instagram",,Total,80821,44814,1495,134,4,45,12
18006409595698395,17841400074692954,paulistao,Paulistão,"RETA FINAL DE PRIMEIRA FASE!🔥 
Veja como está a tabela de classificação do #PaulistãoA3Rivalo.",0,"03/05/2026 08:00",https://www.instagram.com/p/DVge-sPFEwn/,"Imagem do Instagram",,Total,90346,47343,1735,54,4,25,21
18303080239275976,17841400074692954,paulistao,Paulistão,"100% ATUALIZADA! 🔥 
Confira como está a tabela do #PaulistãoA2Rivalo.",0,"03/05/2026 07:30",https://www.instagram.com/p/DVge9rBlGEb/,"Imagem do Instagram",,Total,116151,59768,2534,94,6,42,27
18075113417398842,17841400074692954,paulistao,Paulistão,"FRIO E CALCULISTA! 🥶
Luketa cravou duas vezes na vitória do Sertãozinho sobre o Monte Azul por 2 a 0 e um deles foi com requintes de crueldade. Com a vitória no jogo atrasado, o Touro só depende de si pra garantir vaga na próxima fase do #PaulistãoA2Rivalo.",13,"03/05/2026 06:30",https://www.instagram.com/reel/DVgYSc-j_s7/,"Reel do Instagram",,Total,40454,25668,690,10,4,11,2
18096168134484445,17841400074692954,paulistao,Paulistão,"UM GIGANTE HABILIDOSO! 
Os 2.04 de altura não impediu o Carlos Miguel de mostrar habilidade com a bola no #PaulistãoCasasBahia.",13,"03/04/2026 19:16",https://www.instagram.com/reel/DVfMCIJmQIH/,"Reel do Instagram",,Total,199387,118022,10487,803,20,165,193
18107948287762628,17841400074692954,paulistao,Paulistão,"O GIGANTE CARLOS MIGUEL! 🧤
O paredão alviverde foi decisivo ao pegar um pênalti e garantir a vantagem do Palmeiras no primeiro jogo da final do #PaulistãoCasasBahia.",16,"03/04/2026 19:14",https://www.instagram.com/reel/DVfLxl5FN6W/,"Reel do Instagram",,Total,83500,56810,5980,315,16,98,96
18095695915955127,17841402806868982,oboccapalmeiras,"Leandro Boccalini | Bocca","Joga muito meu argentino! 🐷👏🏻",18,"03/04/2026 19:14",https://www.instagram.com/reel/DVfLzMlgOnY/,"Reel do Instagram",,Total,195873,124396,14605,682,23,192,0
18042065084534708,17841400074692954,paulistao,Paulistão,"FAZ O JL! 🇦🇷
É mais um gol do Flaco López passando na sua tela.

#PaulistãoCasasBahia #Palmeiras",22,"03/04/2026 18:58",https://www.instagram.com/reel/DVfJ_p5ikYb/,"Reel do Instagram",,Total,29388,22626,2261,106,2,15,23
18022304606805033,17841400074692954,paulistao,Paulistão,"E lá se foi a oitava rodada do Paulistão A4 Rivalo!
#PaulistãoA4Rivalo",0,"03/04/2026 18:45",https://www.instagram.com/p/DVfDZfwlu_z/,"Imagem do Instagram",,Total,42651,24287,807,23,0,31,10
18195555790353103,17841400074692954,paulistao,Paulistão,"Ponto final na 11ª rodada do Paulistão A3 Rivalo!
#PaulistãoA3Rivalo",0,"03/04/2026 18:40",https://www.instagram.com/p/DVfC01pFri-/,"Imagem do Instagram",,Total,54815,32370,897,24,1,16,9
17860194384543161,17841400864030342,casasbahia,"Casas Bahia 💙","Detalhes de uma noite histórica! ⚽️🏆 A primeira parte da final do Paulistão Casas Bahia teve de tudo: gol decisivo, a presença ilustre do capitão @cafu2 e uma festa absurda nas arquibancadas.

O primeiro capítulo está escrito, mas a história só termina no próximo domingo. O clima de decisão já tomou conta!

E aí, pra quem vai o seu palpite? Quem levanta essa taça? 🏟️🔥 #PaulistãoCasasBahia #CasasBahia",32,"03/04/2026 18:23",https://www.instagram.com/reel/DVfF49_DHlb/,"Reel do Instagram",,Total,47347,39311,1093,13,6,27,0
17981482217800705,17841400074692954,paulistao,Paulistão,"FALA, CARLOS MIGUEL!
O herói palestrino da noite fala sobre a vantagem palmeirense no jogo de ida da final do #PaulistãoCasasBahia

#7kbetbr",105,"03/04/2026 17:38",https://www.instagram.com/reel/DVfAwyHlddu/,"Reel do Instagram",,Total,78542,54380,5967,31,1,163,50
18076075823113174,17841400074692954,paulistao,Paulistão,"CARLOS MIGUEL!
O goleiro foi decisivo para a vitória do Palmeiras com a defesa do pênalti e levou para casa o prêmio de #CraqueDoJogo!
#7KBet #PaulistaoCasasBahia 
📷Jhony Inácio/Ag. Paulistão/Sua Foto no Jogo",0,"03/04/2026 17:18",https://www.instagram.com/p/DVe-rbRkt_P/,"Imagem do Instagram",,Total,24627,15393,907,67,0,23,13
18073035011171066,17841400074692954,paulistao,Paulistão,"😴💭🏆
Tá liberado o palmeirense sonhar com o título depois da vitória de hoje?
#PaulistãoCasasBahia",0,"03/04/2026 17:14",https://www.instagram.com/p/DVe-JrYkut9/,"Imagem do Instagram",,Total,68596,42034,4754,249,1,64,46
18095685967819508,17841400074692954,paulistao,Paulistão,"PRIMEIRO PASSO!
Palmeiras larga na frente pelo título do Paulistão Casas Bahia 2026!
#PaulistaoCasasBahia 
📷Jhony Inácio e Rebeca Reis/Ag. Paulistão/ @suafotonojogo",0,"03/04/2026 17:08",https://www.instagram.com/p/DVe9i9EEjp2/,"Carrossel do Instagram",,Total,151420,91719,6084,771,4,58,35
18200178691338959,17841400074692954,paulistao,Paulistão,"RESPEITA O CAMERAMAN DO PAULISTÃO! 
Todos os ângulos do gol que dá a vantagem para o Palmeiras na final do #PaulistãoCasasBahia",24,"03/04/2026 17:05",https://www.instagram.com/reel/DVe8_-2jn6t/,"Reel do Instagram",,Total,154274,96599,3920,79,14,59,53
18107526733816624,17841400074692954,paulistao,Paulistão,"PASSOU PERTO! 
Quase o empate do Novorizontino em Barueri! 
#PaulistãoCasasBahia",7,"03/04/2026 16:51",https://www.instagram.com/reel/DVe7YYmjNBa/,"Reel do Instagram",,Total,46082,29269,1007,7,12,20,6
18104130250848066,17841400074692954,paulistao,Paulistão,"DEFENDEEEE, JORDI! 🧤🐯
Bela defesa do goleiro do Tigre!
#PaulistãoCasasBahia #Novorizontino",5,"03/04/2026 16:40",https://www.instagram.com/reel/DVe6JDaDF-b/,"Reel do Instagram",,Total,61443,38880,1061,6,7,9,8
18364210390160544,17841400074692954,paulistao,Paulistão,"O Velo Clube tentou até o fim, mas acabou superado nas penalidades e se despede da Copa do Brasil.
#PaulsitasEmCampo
📷Igor do Vale/Ag. Paulistão/Sua Foto no Jogo",0,"03/04/2026 16:23",https://www.instagram.com/p/DVe4TW0EjRs/,"Imagem do Instagram",,Total,136622,78353,1988,24,1,65,30
18097911397963562,17841400074692954,paulistao,Paulistão,"QUE ISSO, CARLOS MIGUEL! 😮
Tem que ter muito sangue frio pra dar essa finta numa final de #PaulistãoCasasBahia.",24,"03/04/2026 16:13",https://www.instagram.com/reel/DVe3DhyESJ6/,"Reel do Instagram",,Total,349948,210811,11630,1430,19,163,202
18090928829033633,17841400074692954,paulistao,Paulistão,"PA-RE-DÃO!
Carlos Miguel é o nome da fera!
#PaulistaoCasasBahia 
📷Rebeca Reis/Ag. Paulistão/ @suafotonojogo",0,"03/04/2026 16:09",https://www.instagram.com/p/DVe2yCqEtnd/,"Carrossel do Instagram",,Total,34684,16102,1804,11,2,85,18
17936973600178057,17841400074692954,paulistao,Paulistão,"ELE É ARTILHEIRO! 🎸🎶⚽️
Flaco López chegou ao sexto gol no Paulistão Casas Bahia e se isolou como o vice-artilheiro de 2026! Será que a artilharia vem aí?
#PaulistaoCasasBahia 
📷Jhony Inácio/Ag. Paulistão/ @suafotonojogo",0,"03/04/2026 16:08",https://www.instagram.com/p/DVe2kfkkkf3/,"Carrossel do Instagram",,Total,57785,31987,3986,100,4,18,52
18072512249440802,17841400074692954,paulistao,Paulistão,"TODA CONCENTRAÇÃO DE CARLOS MIGUEL ANTES DO PÊNALTI DEFENDIDO! 
#PaulistãoCasasBahia",18,"03/04/2026 16:06",https://www.instagram.com/reel/DVe2Tk_jebS/,"Reel do Instagram",,Total,179506,112398,10366,19,67,46,76
18123052534581326,17841400074692954,paulistao,Paulistão,"SENSACIONAL, CARLOS MIGUEL!
O goleirão teve muito sangue frio pra ficar imóvel e defender o pênalti. ISSO É FINAL DE #PAULISTÃOCASASBAHIA.

#Bet365",45,"03/04/2026 16:05",https://www.instagram.com/reel/DVe2MUqiFwp/,"Reel do Instagram",,Total,54476,36853,1166,51,0,56,12
18562405720011443,17841400074692954,paulistao,Paulistão,"Carlos Miguel comemorou muito o pênalti defendido! 
#PaulistãoCasasBahia",5,"03/04/2026 16:02",https://www.instagram.com/reel/DVe1qswDXbL/,"Reel do Instagram",,Total,57659,42194,1619,23,1,11,24
17862732357604400,17841400074692954,paulistao,Paulistão,"SOSA 🤝🏻 FLACO! 💚
Que lindo domínio do paraguaio, e que bela finalização do argentino, para abrir o placar e colocar o Palmeiras na frente.

#PaulistãoCasasBahia #Betano",66,"03/04/2026 15:59",https://www.instagram.com/reel/DVe1fAimkEY/,"Reel do Instagram",,Total,156469,101920,6159,309,7,93,55
18038347088551609,17841400074692954,paulistao,Paulistão,"VANTAGEM ALVIVERDE!
Flaco López marcou, Carlos Miguel defendeu pênalti e o Palmeiras tá na frente do marcador!
#PaulistãoCasasBahia 
📷Jhony Inácio e Diego Soares/Ag. Paulistão/ @suafotonojogo",0,"03/04/2026 15:57",https://www.instagram.com/p/DVe1VtZknzI/,"Carrossel do Instagram",,Total,33782,15890,1659,44,0,20,11
18139214338439991,17841400074692954,paulistao,Paulistão,"CARLOS MIGUEL, O PAREDÃO ALVIVERDE! 
O goleiro do Verdão defende a cobrança de pênalti de Robson! 
#PaulistãoCasasBahia",23,"03/04/2026 15:55",https://www.instagram.com/reel/DVe07aWjdpd/,"Reel do Instagram",,Total,252895,163926,21969,585,364,159,178
18098050186941703,17841402806868982,oboccapalmeiras,"Leandro Boccalini | Bocca","Carlos Miguel defende primeiro pênalti pelo Palmeiras e torcida explode!",46,"03/04/2026 15:54",https://www.instagram.com/reel/DVe09TAAONM/,"Reel do Instagram",,Total,301719,212136,27512,1836,33,408,0
18160112947425652,17841400074692954,paulistao,Paulistão,"A DEFESA DE DENTRO DO CAMPO! 🧤🔥
Pênalti? Deixa que o @_carlosmiguel98 resolve!
#PaulistãoCasasBahia #Palmeiras",23,"03/04/2026 15:54",https://www.instagram.com/reel/DVe09eeDdQn/,"Reel do Instagram",,Total,98861,72380,8147,577,40,91,173
18115207591651139,17841400074692954,paulistao,Paulistão,"CARLOS MIGUEL!
O paredão do Alviverde ficou no meio do gol e defendeu o pênalti cobrado por Robson!
#PaulistãoCasasBahia",0,"03/04/2026 15:51",https://www.instagram.com/p/DVe0s5uEhxb/,"Imagem do Instagram",,Total,265346,140336,12476,1324,9,776,124
18044758190523285,17841400074692954,paulistao,Paulistão,"NA TRAAAAAAVE! 🥅😮
Que chance perdeu o Allan para ampliar o placar! 
#PaulistãoCasasBahia",11,"03/04/2026 15:50",https://www.instagram.com/reel/DVez68XjTIt/,"Reel do Instagram",,Total,53317,35537,2362,10,7,9,15
17905085514365095,17841400074692954,paulistao,Paulistão,"O CARLOS MIGUEL FEZ A FESTA COM A TORCIDA DO PALMEIRAS APÓS O GOL DE FLACO LÓPEZ! 
#PaulistãoCasasBahia",7,"03/04/2026 15:45",https://www.instagram.com/reel/DVezxy3jcVU/,"Reel do Instagram",,Total,219106,136955,34527,477,286,222,293
17921847768254759,17841402806868982,oboccapalmeiras,"Leandro Boccalini | Bocca","REDE! Flaco Lopez é decisivo!",38,"03/04/2026 15:43",https://www.instagram.com/reel/DVeznoSAHPe/,"Reel do Instagram",,Total,94796,70421,6266,195,4,36,0
17870977536455988,17841400074692954,paulistao,Paulistão,"FLACO LÓPEZ DECISIVO! 🐷💢😮‍💨
O argentino abre o placar de fora da área na Arena Barueri!
#PaulistãoCasasBahia #Palmeiras",33,"03/04/2026 15:43",https://www.instagram.com/reel/DVezowbjRzw/,"Reel do Instagram",,Total,22715,18050,1283,143,1,25,18
18078871130366316,17841455066317821,cazetv,CazéTV,"O MENINO ENCANTOU A QUEBRADA! 🤣🤣 

🚨A mlkada de barueri gosta muito de soltar pipa, todo jogo tem uma caindo na arena... Dito isso a CazéTV está ao vivo para a final do Paulistão, vem com nós!

#Original #PaulistãoNaCazéTV #PaulistãoNoYouTube #Palmeiras #Novorizontino #TempoRealCazéTV",16,"03/04/2026 15:42",https://www.instagram.com/reel/DVeznsVif7o/,"Reel do Instagram",,Total,6851733,3665810,144215,5082,340,610,0
17896539984260375,17841400074692954,paulistao,Paulistão,"PINTOU GOL DO VERDÃO!
Flaco López é o artista da vez! Mais um gol do argentino no Paulistão Casas Bahia!
#PaulistãoCasasBahia",0,"03/04/2026 15:41",https://www.instagram.com/p/DVeziV3kluZ/,"Imagem do Instagram",,Total,32714,18505,2605,62,0,37,27
18065373710309369,17841400738755454,baamaia,"Bárbara Maia 🧿","Faz gol, é artilheiro e tira pipa do gramado 🤣

#palmeiras #arenabarueri #paulistao #flaco",11,"03/04/2026 15:34",https://www.instagram.com/reel/DVeynVpETd2/,"Reel do Instagram",,Total,405800,231402,12384,434,17,61,0
18379320298088978,17841400074692954,paulistao,Paulistão,"Que isso, hein, Paiva! 😮‍💨 #PaulistãoCasasBahia #Novorizontino",6,"03/04/2026 15:31",https://www.instagram.com/reel/DVeySLRDRLg/,"Reel do Instagram",,Total,26775,16149,539,11,8,4,7
17850083508645958,17841400738755454,baamaia,"Bárbara Maia 🧿","OLHA ELA AÍ!

A taça mais desejada sendo trazida pelo @sergiolgoleiro .

#palmeiras #paulistao #final",56,"03/04/2026 15:28",https://www.instagram.com/reel/DVeuwGDEesh/,"Reel do Instagram",,Total,52376,38763,2216,44,5,37,0
17892721677422410,17841400074692954,paulistao,Paulistão,"QUE SONINHO BOM! 
O Fanaticão aproveitou para tirar uma soneca antes de final.
#PaulistãoCasasBahia",15,"03/04/2026 15:28",https://www.instagram.com/reel/DVew7H4DTRB/,"Reel do Instagram",,Total,123509,100577,812,4,3,23,12
17853109920601776,17841400074692954,paulistao,Paulistão,"NÃO VEM DE GARFO PRA CIMA DO VINICIUS PAIVA! 😮
O meia do Novorizontino aproveitou o espaço e deu um belo drible na final do #PaulistãoCasasBahia.

#Dorflex",11,"03/04/2026 15:26",https://www.instagram.com/reel/DVexk-HjX8D/,"Reel do Instagram",,Total,179614,98948,2718,132,7,180,42
18076931921108054,17841401683210430,portalr7,"Portal R7","Vai com calma, meu amigo! 🖋️ A final do Paulistão começou com tudo. 🔥⁣
⁣
⁣
➡️ Veja as principais notícias sobre o Campeonato Paulista 2026 em R7.com/esportes. O link está na bio.⁣
#PortalR7 #R7 #PaulistãoNaRECORD",12,"03/04/2026 15:25",https://www.instagram.com/reel/DVexmjyDOCS/,"Reel do Instagram",,Total,188138,115882,1775,96,3,38,0
18013027166671987,17841400738755454,baamaia,"Bárbara Maia 🧿","E essa mini palestrina roubando a cena no Hino Nacional? 🥰🐷
.
.

#palmeiras #paulistao #final #torcedor",12,"03/04/2026 15:19",https://www.instagram.com/reel/DVewywfDiF9/,"Reel do Instagram",,Total,1849348,1198309,178279,22218,565,1786,0
18080422232058680,17841400074692954,paulistao,Paulistão,"FALA, CAFU! 
Será que a gente tá com moral, @casasbahia? 🤩
#PaulistãoCasasBahia #Final",27,"03/04/2026 15:13",https://www.instagram.com/reel/DVeusAODaYX/,"Reel do Instagram",,Total,25386,20493,299,4,2,34,4
17913825582146245,17841448070906493,podporco,"Pod Porco","Que festa da torcida do Palmeiras em Barueri!

#Paulistao #Palmeiras #Novorizontino",52,"03/04/2026 15:11",https://www.instagram.com/reel/DVeuTL7Dsk4/,"Reel do Instagram",,Total,30064,21549,1052,7,2,8,0
18053387357480444,17841400074692954,paulistao,Paulistão,"ÍDOLO DO VERDÃO, SÉRGIO ENTROU COM A TAÇA DO PAULISTÃO CASAS BAHIA! 
#PaulistãoCasasBahia #Palmeiras",25,"03/04/2026 15:11",https://www.instagram.com/reel/DVevr3ujegN/,"Reel do Instagram",,Total,192659,118543,8158,138,48,98,111
18089380049028742,17841400074692954,paulistao,Paulistão,"E DEU TV! 📺
Se liga em como foi o sorteio do #PaulistãoCasasBahia. Quer uma TV novinha? Corre nas @casasbahia que lá tem, e no precinho!",32,"03/04/2026 15:10",https://www.instagram.com/reel/DVev4qPlW6G/,"Reel do Instagram",,Total,66085,50210,733,5,3,32,10
17877675969405170,17841402806868982,oboccapalmeiras,"Leandro Boccalini | Bocca","VAI COMEÇAR!!! Avanti Palestra!!!!",53,"03/04/2026 15:04",https://www.instagram.com/reel/DVevFZegNtt/,"Reel do Instagram",,Total,96449,72193,13679,204,14,62,0
18084710432221819,17841400074692954,paulistao,Paulistão,"Toda concentração de Abel Ferreira antes da decisão! 
#PaulistãoCasasBahia",11,"03/04/2026 15:03",https://www.instagram.com/reel/DVeurQSDVvr/,"Reel do Instagram",,Total,39568,35488,996,1,1,3,15
18090035479886636,17841400074692954,paulistao,Paulistão,"CHEGOU A HORA! A PRIMEIRA PARTE DA GRANDE FINAL VAI COMEÇAR! 😮‍💨🤩 #PaulistãoCasasBahia #Palmeiras #Novorizontino",43,"03/04/2026 14:59",https://www.instagram.com/reel/DVeuk6DjRoA/,"Reel do Instagram",,Total,67688,56862,1786,83,4,33,51
18072841388177873,17841400074692954,paulistao,Paulistão,"FESTA DA TORCIDA DO VERDÃO!🐷💚
#PaulistãoCasasBahia",12,"03/04/2026 14:55",https://www.instagram.com/reel/DVeuJ0ADQnT/,"Reel do Instagram",,Total,54539,45984,1516,39,3,34,20
17902192653390403,17841400074692954,paulistao,Paulistão,"ÚLTIMOS DETALHES!
Aquecimento finalizado na Arena Crefisa Barueri! Vamos para o primeiro jogo da final do Paulistão Casas Bahia 2026!
#PaulistãoCasasBahia 
📷Rebeca Reis/Ag. Paulistão/Sua Foto no Jogo",0,"03/04/2026 14:45",https://www.instagram.com/p/DVetFrpEl2J/,"Carrossel do Instagram",,Total,17082,7423,510,3,0,3,4
18326659222217686,17841400634995829,auroraalimentos,"Aurora Alimentos","Antes de conhecer o novo campeão, você pode ver de perto o maior símbolo do campeonato. 🏆

Somente amanhã (05/03), a taça oficial do @paulistao estará no @shoppingcidadesp, na Av. Paulista, para visitação das 12h às 20h. Uma chance única de garantir sua foto com o troféu que vai coroar o próximo campeão. 📸

Chame a galera e marque aqui quem vai com você 👇

#Paulistão #LinguiçaÉAurora",0,"03/04/2026 14:45",https://www.instagram.com/p/DVetE0PgBXQ/,"Carrossel do Instagram",,Total,108717,62594,219,14,1,6,0
18103912264886026,17841455066317821,cazetv,CazéTV,"ADMITA: O MASCOTE DO VERDÃO TERIA UMA VAGUINHA NO SEU TIME... 😳🔥⚽🟢🐷

🔗🐷🆚🐯 JOGO DE IDA DA FINAL DO PAULISTÃO É AGORA, NA CAZÉTV! CLICA NO LINK DO STORY OU NO CANAL DO WHATSAPP! 

#TempoRealCazéTV #PaulistãoNaCazéTV #PaulistãoNoYouTube #Palmeiras #Novorizontino #Original",17,"03/04/2026 14:44",https://www.instagram.com/reel/DVes_VRganQ/,"Reel do Instagram",,Total,996941,611405,34628,2814,17,365,0
18072145547179928,17841400074692954,paulistao,Paulistão,"A MAIS BRABA!
Uma final de Paulistão Casas Bahia merece uma bola a altura!
#PaulistãoCasasBahia 
📷Rebeca Reis/Ag. Paulistão/Sua Foto no Jogo",0,"03/04/2026 14:32",https://www.instagram.com/p/DVerlcbkgau/,"Carrossel do Instagram",,Total,42092,18108,1094,12,1,24,14
18163628674410134,17841400074692954,paulistao,Paulistão,"ELE TÁ NA ÁREA!
O Fanaticão tá na Arena Crefisa Barueri para sua primeira final de Paulistão Casas Bahia!
#PaulistãoCasasBahia 
📷Diego Soares/Ag. Paulistão/ @suafotonojogo",0,"03/04/2026 14:14",https://www.instagram.com/p/DVepj8dEu-u/,"Carrossel do Instagram",,Total,18157,8545,373,1,0,9,6
18195317791342454,17841400074692954,paulistao,Paulistão,"O DONO DO PEDAÇO! 🐶
O Fanaticão tá feliz demais na final do #PaulistãoCasasBahia 🤣🤩",29,"03/04/2026 14:07",https://www.instagram.com/reel/DVeoqEQkcir/,"Reel do Instagram",,Total,9062,7452,280,17,1,7,7
17982433535963890,17841400074692954,paulistao,Paulistão,"NA CASA DO VERDÃO!
A Torcida que Canta e Vibra vai colar em peso torcer pelo Palmeiras, que chega a sua sétima final de Paulistão Casas Bahia SEGUIDA!
#PaulistãoCasasBahia 
📷Diego Soares e Jhony Inácio/Ag. Paulistão/Sua Foto no Jogo",0,"03/04/2026 14:04",https://www.instagram.com/p/DVeoYv7jSGc/,"Carrossel do Instagram",,Total,21686,9352,594,7,0,9,5
18074835776531978,17841400074692954,paulistao,Paulistão,"PROMESSA DE CASA CHEIA!
As torcidas de Palmeiras e Novorizontino já vão chegando para acompanhar de pertinho ida da decisão do Paulistão Casas Bahia!
#PaulistãoCasasBahia 
📷Diego Soares e Jhony Inácio/Ag. Paulistão/ @suafotonojogo",0,"03/04/2026 13:58",https://www.instagram.com/p/DVentIpDMhu/,"Carrossel do Instagram",,Total,31623,12897,487,12,0,10,4
18053809583470778,17841400861993763,matheusgonze1,"Matheus Gonze","ELA SABE QUE VOCÊ VAI CHEGAR 🏆😂",21,"03/04/2026 13:52",https://www.instagram.com/reel/DVemi1Hj8ub/,"Reel do Instagram",,Total,270782,186175,7205,109,39,93,0
18039736490540003,17841400074692954,paulistao,Paulistão,"TIMES NA ÁREA!
Palmeiras e Novorizontino já desembarcaram na Arena Crefisa Barueri para a final do Paulistão Casas Bahia 2026!
#PaulistãoCasasBahia
📷Jhony Inácio/Ag. Paulistão/ @suafotonojogo",0,"03/04/2026 13:50",https://www.instagram.com/p/DVemxjbEksZ/,"Carrossel do Instagram",,Total,18094,8397,770,14,0,6,9
17861260920607463,17841400074692954,paulistao,Paulistão,"VERDÃO EM CASA! 🟢⚪️
O elenco palmeirense chegou pra primeira parte da grande decisão! 🤩 #PaulistãoCasasBahia #Palmeiras",49,"03/04/2026 13:42",https://www.instagram.com/reel/DVelzxdEevy/,"Reel do Instagram",,Total,103170,81296,7798,103,20,95,61
17986455377959139,17841400074692954,paulistao,Paulistão,"🐯 O NOVORIZONTINO ESTÁ NA ÁREA PARA A DECISÃO! 
#PaulistãoCasasBahia #Novorizontino",58,"03/04/2026 13:42",https://www.instagram.com/reel/DVelv1REVbs/,"Reel do Instagram",,Total,43657,31738,921,14,2,37,10
18080367449369113,17841400074692954,paulistao,Paulistão,"OS PRIMEIROS 90 MINUTOS!
É quarta-feira de decisão, meu povo! Palmeiras e Novorizontino medem forças no primeiro de dois capítulos da grande final do Paulistão Casas Bahia 2026!
#PaulistãoCasasBahia 
📷Rebeca Reis/Ag. Paulistão/ @suafotonojogo",0,"03/04/2026 13:37",https://www.instagram.com/p/DVelTY2kWHu/,"Carrossel do Instagram",,Total,32255,14866,1609,35,0,9,15
17954291931083796,17841400074692954,paulistao,Paulistão,"O FANATICÃO ESTÁ NO PALCO DA FINAL DO PAULISTÃO CASAS BAHIA!",21,"03/04/2026 13:31",https://www.instagram.com/reel/DVekeLTEeHO/,"Reel do Instagram",,Total,19204,14354,709,21,2,7,7
17969190675010015,17841407234943243,gureeis_,"Gustavo Reis","SERÁ QUE HOJE ELE VAI CRAVAR? 🤔😂

Vídeo completo no meu canal, link na bio!",26,"03/04/2026 13:30",https://www.instagram.com/reel/DVekgz3luYJ/,"Reel do Instagram",,Total,87502,53767,2701,79,1,33,0
18104637355671757,17841400074692954,paulistao,Paulistão,"JUNTOS SOMOS FORTES!
O técnico Abel Ferreira mandou um recado especial para a torcida alviverde 🐷
#PaulistãoCasasBahia #AbelFerreira #Palmeiras",51,"03/04/2026 13:26",https://www.instagram.com/reel/DVej_CDEWtt/,"Reel do Instagram",,Total,32926,25227,4056,82,27,95,73
18114314032638583,17841400074692954,paulistao,Paulistão,"ROBSON: O IMPARÁVEL! 🤠⚽️💢
O artilheiro do #PaulistãoCasasBahia tem dez participações em gols no campeonato até aqui! Será que hoje vem mais um gol dele?
#Novorizontino",0,"03/04/2026 13:00",https://www.instagram.com/p/DVeb7LqE0be/,"Imagem do Instagram",,Total,37651,22501,538,14,0,7,3
17988657635779655,17841407234943243,gureeis_,"Gustavo Reis","TODO ESFORÇO ESTÁ SENDO RECOMPENSADO! 🐯

Vídeo completo no canal, link na bio!",33,"03/04/2026 13:00",https://www.instagram.com/reel/DVehKKzljR3/,"Reel do Instagram",,Total,23670,16887,499,4,1,1,0
18128725465552583,17841400074692954,paulistao,Paulistão,"CABEÇA FRIA, CORAÇÃO QUENTE E TAÇA NA MÃO! 👉🥶👈
Já são DEZ títulos na conta do Abel, será que vem mais uma por aí? 
#PaulistãoCasasBahia #Palmeiras #AbelFerreira",0,"03/04/2026 12:30",https://www.instagram.com/p/DVeYe7XiGde/,"Imagem do Instagram",,Total,44932,26158,2852,85,0,29,30
17981890133972597,17841407234943243,gureeis_,"Gustavo Reis","OS CARAS SÃO COMPETITIVOS DEMAIS! 😂🐯

Vídeo completo no canal, link na bio!",27,"03/04/2026 12:30",https://www.instagram.com/reel/DVedryElsR_/,"Reel do Instagram",,Total,137287,85423,2832,19,2,2,0
17944885746135611,17841407234943243,gureeis_,"Gustavo Reis","ESTRUTURA ABSURDA DO NOVORIZONTINO! 🐯

Vídeo completo no canal, link na bio! 🫵🏻",33,"03/04/2026 12:05",https://www.instagram.com/reel/DVea3AxFqnv/,"Reel do Instagram",,Total,70067,48109,2020,25,25,13,0
17878015632504186,17841400074692954,paulistao,Paulistão,"PAREDÃO! 🧤🔥
Carlos Miguel não sabe o que é derrota no #PaulistãoCasasBahia! Será que continua assim depois das duas finais? 👀 #Palmeiras",0,"03/04/2026 12:00",https://www.instagram.com/p/DVeVDVdEsfU/,"Imagem do Instagram",,Total,76457,47364,3003,167,1,72,34
18080111363358485,17841400074692954,paulistao,Paulistão,"RECADO DO GÓMEZ PARA A TORCIDA PALMEIRENSE! 🗣️
O capitão do Palmeiras espera uma grande festa em Barueri no primeiro jogo da final do #PaulistãoCasasBahia!
🚨Hoje tem Palmeiras e Novorizontino AO VIVO às 20h na Record, Cazé TV, TNT e HBO Max!",17,"03/04/2026 11:45",https://www.instagram.com/reel/DVeUd0-jh_p/,"Reel do Instagram",,Total,13449,9637,1406,12,0,35,23
18094705640314528,17841400738755454,baamaia,"Bárbara Maia 🧿","PRIMEIRA CAPITULO DA DECISÃO EM BARUERI 🫡

Palmeiras e Novorizontino se enfrentam às 20h, pelo jogo de ida da final do Paulistão. O Verdão chega à sétima final consecutiva e busca voltar a levantar a taça. Do outro lado, o Tigre vive momento histórico, faz sua primeira final e tem a melhor campanha da competição.

Clima de decisão e 90 minutos que podem encaminhar o título.

Errata legenda: sob o comando*
.
.
#palmeiras #novorizontino #paulistao #futebol #final",126,"03/04/2026 11:43",https://www.instagram.com/reel/DVeX-b3EWYo/,"Reel do Instagram",,Total,7312,6066,437,1,5,18,0
18117208048717224,17841400074692954,paulistao,Paulistão,"FANATICÃO GUARDANDO A MAIS DESEJADA! 🏆🌟
Hoje tem o primeiro jogo da final do Paulistão Casas Bahia e o Fanaticão tá curioso para saber quem vai sair na vantagem na busca pela taça! Seu palpite vai para quem, torcedor? 👀
#PaulistãoCasasBahia #Novorizontino #Palmeiras",10,"03/04/2026 11:30",https://www.instagram.com/reel/DVeRsIDkQaP/,"Reel do Instagram",,Total,20651,14876,598,19,12,9,12
18026057813799680,17841400074692954,paulistao,Paulistão,"O FANATICÃO CHEGOU NO BONDE DA FINAL 🏆🐶
Os mascotes da final do Paulistão Casas Bahia agora estão acompanhados do caramelo mais carismático do Futebol Paulista!
#PaulistãoCasasBahia #Fanaticão",29,"03/04/2026 11:17",https://www.instagram.com/reel/DVeUSVBkb-g/,"Reel do Instagram",,Total,106566,77347,5943,126,309,116,105
17849149449689411,17841400074692954,paulistao,Paulistão,"PARECE TUDO IGUAL, MAS NÃO É! 👀🧐
A cidade é a mesma, o estádio é o mesmo, mas o time está estreando na final do #PaulistãoCasasBahia! Arrasta pro lado pra entender! 😮‍💨 #Novorizontino",0,"03/04/2026 11:00",https://www.instagram.com/p/DVeOOaVGmZr/,"Carrossel do Instagram",,Total,266065,104068,6165,122,5,118,163
18059339951680867,17841400074692954,paulistao,Paulistão,"QUER ASSISTIR À FINAL DO PAULISTÃO FORA DO BRASIL? VOCÊ PODE! 🤩
O primeiro jogo da decisão do #PaulistãoCasasBahia vai ser transmitido no YouTube do @paulistao! 
*Exceto para Brasil e Uruguai",0,"03/04/2026 10:45",https://www.instagram.com/p/DVeMfMQFLpG/,"Imagem do Instagram",,Total,15623,9059,256,2,0,3,2
18127474111550868,17841400074692954,paulistao,Paulistão,"Em nove jogos, o Robson marcou oito gols no Palmeiras em sua carreira, será que hoje tem gol do artilheiro do Paulistão Casas Bahia?
#PaulistãoCasasBahia #Novorizontino",51,"03/04/2026 10:41",https://www.instagram.com/reel/DVeREjfEZiy/,"Reel do Instagram",,Total,43929,32450,1445,43,2,43,16
18068293409638178,17841400074692954,paulistao,Paulistão,"CRAQUE DA SEMI! 🤩
Com 54% dos votos, vocês escolheram Maurício como o nome da semifinal do #PaulistãoCasasBahia! #CraqueDaRodada #7kbet",0,"03/04/2026 10:30",https://www.instagram.com/p/DVeKv8DFVGW/,"Imagem do Instagram",,Total,13548,8273,339,0,0,8,4
18106232398648415,17841400074692954,paulistao,Paulistão,"CAMINHO ATÉ O GOL!
Veja como foi a construção do gol que levou o Novorizontino até a final do #PaulistãoCasasBahia ⚽",0,"03/04/2026 10:00",https://www.instagram.com/p/DVeHsG-iXPS/,"Carrossel do Instagram",,Total,15559,6780,202,10,0,1,1
17879569425493395,17841400074692954,paulistao,Paulistão,"Vocês votaram e escolheram o Mayk como dono do golaço da semifinal! 🤩⚽ Será que ele brilha de novo na grande decisão? 🔥 #PaulistãoCasasBahia #GolaçoDaRodada #Betano",68,"03/04/2026 09:30",https://www.instagram.com/reel/DVeERytEf7P/,"Reel do Instagram",,Total,19542,16198,293,3,0,5,1
18073840859432162,17841400074692954,paulistao,Paulistão,"GOL DO GREENGO!
Andreas Pereira começou a jogada até que Flaco López finalizou e marcou o gol do Verdão.
#PaulistãoCasasBahia",0,"03/04/2026 09:00",https://www.instagram.com/p/DVeAv8zGsLg/,"Carrossel do Instagram",,Total,46662,17171,1251,10,2,5,10
18083463332001376,17841400074692954,paulistao,Paulistão,"Arbitragem escalada para o jogo de ida das finais entre Palmeiras e Novorizontino!
#EscalaDeArbitragem #PaulistãoCasasBahia",0,"03/04/2026 08:48",https://www.instagram.com/p/DVeESvPGmip/,"Imagem do Instagram",,Total,24525,13827,599,44,0,43,6
18010548026836106,17841400074692954,paulistao,Paulistão,"O TIGRE QUER O TÍTULO INÉDITO! 🐯
O Novorizontino vai em busca de um bom resultado no primeiro jogo pra tentar garantir a taça em casa! 🟡⚫ Qual será o resultado, hein? #PaulistãoCasasBahia #Novorizontino",0,"03/04/2026 08:00",https://www.instagram.com/p/DVd5lUiFt1H/,"Imagem do Instagram",,Total,50470,28503,1220,30,0,42,11
18574228873013021,17841400074692954,paulistao,Paulistão,"FANATICÃO E OS FINALISTAS! 🐶🐯🐷
Quem será que vai levar a taça para casa: o Tigre do Vale ou o Gobato e o Periquito? Por enquanto, a taça está sob os cuidados do mascote da FPF... 🏆🌟
#PaulistãoCasasBahia #Novorizontino #Palmeiras 
📷Ronaldo Barreto/Ag.Paulistão",0,"03/04/2026 07:30",https://www.instagram.com/p/DVd4lk_ls9C/,"Carrossel do Instagram",,Total,177310,68566,9213,163,12,87,96
18112416601660146,17841400074692954,paulistao,Paulistão,"É O TIGRE FAZENDO HISTÓRIA!
O momento da classificação do Novorizontino para a grande final do Paulistão Casas Bahia foi emocionante 🥺🌟

👀 Hoje o Tigre entra em campo para o primeiro jogo da final contra o Palmeiras! Assista AO VIVO às 20h na Record, Cazé TV, TNT e HBO Max.
#PaulistãoCasasBahia",24,"03/04/2026 07:00",https://www.instagram.com/reel/DVdzDY1jRmi/,"Reel do Instagram",,Total,19028,14477,796,24,2,42,9
18076051640627685,17841400584162748,careca360,"F.CARECA 🎙️⚽️","AQUECIMENTO DO PALMEIRAS NO CHOQUE REI! Hoje é dia de final do @paulistao #palmeiras #paulistão #carlosmiguel #novohorizontino #final",85,"03/04/2026 06:57",https://www.instagram.com/reel/DVd3bTcgAJz/,"Reel do Instagram",,Total,26702,16276,614,9,2,4,0
18571202614002127,17841405688144679,rivalobrasil,"Rivalo Brasil","Seleção Rivalo em parceria com o @sofascorebr_oficial pela 14º rodada do Paulista A2 Rivalo 2026! 🏆

Estamos chegando no final da primeira fase e eles estão com fogo nos olhos! Quer saber quem são os craques da vez? Arrasta pro lado ➡️

#Rivalo #NadaGanhaDaEmoção #JoguecomResponsabilidade +18 #RivaloSofascore",0,"03/03/2026 12:43",https://www.instagram.com/p/DVb6ZadgTmX/,"Carrossel do Instagram","Ocorreu um erro ao computar métricas.",-,,,,,,,
18088999790171339,17841400584162748,careca360,"F.CARECA 🎙️⚽️","TEM COISA QUE A TV NÃO MOSTRA
Mas quem tá perto… SENTE DIFERENTE 🙌🏼❤️‍🔥 @paulistao",57,"03/02/2026 09:17",https://www.instagram.com/reel/DVY99gCgLJg/,"Reel do Instagram","Ocorreu um erro ao computar métricas.",-,,,,,,,
18103380319687298,17841401683210430,portalr7,"Portal R7","Palmeiras ganha Choque-Rei eliminando o São Paulo e conquista vaga na final do Paulistão 2026, que será disputada contra o Novorizontino! ⚽⁣
⁣
➡️ Assista à íntegra da transmissão do #PaulistãoNaRECORD em R7.com. O link está na bio.⁣
#PortalR7 #R7 #DesimpedidosNoR7 #PubliPaulistão⁣
⁣
Oferecimento: @365betbrasil @magalu @perdigaonabrasaoficial @picpay",89,"03/01/2026 18:05",https://www.instagram.com/reel/DVXVhmojmDs/,"Reel do Instagram","Ocorreu um erro ao computar métricas.",-,,,,,,,
18120699421581836,17841401988974661,r7esportes,"R7 Esportes","VERDÃO AMPLIA! 🐷🟢⁣
⁣
Depois do cruzamento de Piquerez, a bola sobrou para Flaco López chutar forte e ampliar a vantagem do Palmeiras e fazer 2 a 0 contra o São Paulo.⁣
⁣
➡️ Veja as principais notícias sobre o Campeonato Paulista 2026 em R7.com/esportes. O link está na bio.⁣
#PortalR7 #R7 #PaulistãoNaRECORD",63,"03/01/2026 17:00",https://www.instagram.com/reel/DVXOD2VEZmA/,"Reel do Instagram","Ocorreu um erro ao computar métricas.",-,,,,,,,
18084230027219408,17841401683210430,portalr7,"Portal R7","O gol de Mauricio que abriu o placar do Choque-Rei por outro ângulo! 👀⚽

➡️ Veja as principais notícias sobre o Campeonato Paulista 2026 em R7.com/esportes. O link está na bio.
#PortalR7 #R7 #PaulistãoNaRECORD",10,"03/01/2026 16:09",https://www.instagram.com/reel/DVXIT5iAaUf/,"Reel do Instagram","Ocorreu um erro ao computar métricas.",-,,,,,,,
18075887237576224,17841400738755454,baamaia,"Bárbara Maia 🧿","O GOL VISTO PELO MEUS OLHOS! 👓 

Mauricio abre o placar e deixa o Palmeiras em vantagem na semifinal do @paulistao .

#palmeiras #semifinal #choquerei",18,"03/01/2026 15:51",https://www.instagram.com/reel/DVXFwaekYMf/,"Reel do Instagram","Ocorreu um erro ao computar métricas.",-,,,,,,,
17956438830080949,17841401988974661,r7esportes,"R7 Esportes","GOL DO VERDÃO! 🐷🟢⁣
⁣
Com assistência de Vitor Roque, o meia Mauricio dominou e finalizou para abrir o placar para o Palmeiras, 1 a 0, contra o São Paulo.⁣
⁣
➡️ Veja as principais notícias sobre o Campeonato Paulista 2026 em R7.com/esportes. O link está na bio.⁣
#PortalR7 #R7 #PaulistãoNaRECORD",60,"03/01/2026 15:48",https://www.instagram.com/reel/DVXF59GiCLR/,"Reel do Instagram","Ocorreu um erro ao computar métricas.",-,,,,,,,
18123341200505421,17841402806868982,oboccapalmeiras,"Leandro Boccalini | Bocca","EXPLODIU! É o Palmeiras entrando em campo na semifinal do @paulistao",59,"03/01/2026 15:30",https://www.instagram.com/reel/DVXDx4mgGaG/,"Reel do Instagram","Ocorreu um erro ao computar métricas.",-,,,,,,,
18147171640464617,17841455066317821,cazetv,CazéTV,"🇾🇪ELA SE ENROLOU NO MERCADINHO DOS RIVAIS🤣! 🐷

Jajá a bola vai rolar para mais um Choque-Rei extraordinário e colocamos, junto com a bet365, duas torcedoras para bater aquela resenha pré clássico: qual troca faria sentido para as duas torcidas? E aparentemente não negociaram tão bem pelo lado verde!🐷👀

Logo mais a bola rola pela semi do Paulistão em mais um clássico de elite! Fica de olho e não perde essa! 

#publibc #choquerei #palmeiras #spfc #Paulistao2026 #joguecomresponsabilidade",68,"03/01/2026 15:01",https://www.instagram.com/reel/DVXAfZ3jT_J/,"Reel do Instagram","Ocorreu um erro ao computar métricas.",-,,,,,,,
18095764738966931,17841455066317821,cazetv,CazéTV,"🇾🇪ESCADINHA DOS RIVAIS! 🐷

Jajá a bola vai rolar para mais um Choque-Rei extraordinário e colocamos, junto com a bet365, duas torcedoras para bater aquela resenha pré clássico: quem tem o melhor nome do choque-rei? E nessa... deu São Paulo! 

Logo mais a bola rola pela semi do Paulistão em mais um clássico de elite! Fica de olho e não perde essa! 👀🔥

#publibc #choquerei #palmeiras #spfc #Paulistao2026 #joguecomresponsabilidade",56,"03/01/2026 14:31",https://www.instagram.com/reel/DVW9F_QCuAD/,"Reel do Instagram","Ocorreu um erro ao computar métricas.",-,,,,,,,
18195231535347605,17841400074692954,paulistao,Paulistão,"AQUECENDO PRÉ SEMI!
O Periquito e o @porcaopalestrino bateram uma bolinha pré semifinal do #PaulistãoCasasBahia 🔥⚽️",21,"03/01/2026 14:35",https://www.instagram.com/reel/DVW9XX4kdXz/,"Reel do Instagram",,Total,78703,50092,1782,15,0,18,21
17946257940109811,17841400074692954,paulistao,Paulistão,"O VERDÃO TÁ EM CASA! 🟢⚪️
Daqui a pouco tem Choque-Rei pra definir o finalista do #PaulistãoCasasBahia! 😮‍💨 #ChoqueRei #Palmeiras",37,"03/01/2026 14:30",https://www.instagram.com/reel/DVW88DFEfPe/,"Reel do Instagram",,Total,92277,74476,2479,21,8,29,27
18077614733456053,17841400074692954,paulistao,Paulistão,"VERDÃO EM BUSCA DE MAIS UM TÍTULO! 🏆🔥
O Palmeiras quer buscar a vantagem em casa pra ficar mais próximo da taça! 🟢⚪ Qual é o seu palpite, torcedor? #PaulistãoCasasBahia #Palmeiras",0,"03/04/2026 06:00",https://www.instagram.com/p/DVdr3EIDv3k/,"Imagem do Instagram",,Total,98072,60115,7420,236,4,37,53
18054828233686834,17841400074692954,paulistao,Paulistão,"AMANSOU E GUARDOU! 🎯🔥
Foguinho precisou de pouco tempo em campo pra marcar esse golaço na vitória do Tanabi sobre o Nacional por 2 a 0, pela 7ª rodada do #PaulistãoA4Rivalo.",11,"03/04/2026 05:30",https://www.instagram.com/reel/DVdogrSEfmw/,"Reel do Instagram",,Total,46034,30626,1019,106,6,34,4
17982411248970007,17841400074692954,paulistao,Paulistão,"DIA DE VELO CLUBE NA @copadobrasilcbf!
Já fica esperto que tem transmissão AO VIVO no YouTube do @paulistao!
#PaulistasEmCampo",0,"03/04/2026 05:00",https://www.instagram.com/p/DVdk_NmIKpN/,"Imagem do Instagram",,Total,20115,12806,323,5,0,3,0
18567698947007371,17841401009444456,tntsportsbr,"TNT Sports Brasil","HOJE TEM FINAL DO PAULISTÃO! 🟡⚫ O Novorizontino visita o Palmeiras para o primeiro jogo da grande decisão do Paulistão, que você assiste AO VIVO na TNT e na HBO Max! Assine com o link da BIO! #FutebolBrasileiro #PaulistãoNaTNT #PaulistãoNaHBOMax",0,"03/04/2026 04:34",https://www.instagram.com/p/DVdnKbFka0V/,"Imagem do Instagram",,Total,1216835,614722,39660,1631,5,480,0
18175241122346984,17841400074692954,paulistao,Paulistão,"HOJE TEM VELÃO NA COPA DO BRASIL!
E fica ligado que tem transmissão AO VIVO no YouTube do @paulistao!
#PaulistasEmCampo",0,"03/04/2026 04:15",https://www.instagram.com/p/DVdf12mFru8/,"Imagem do Instagram",,Total,59286,34672,446,31,3,17,3
18097590065304870,17841400074692954,paulistao,Paulistão,"OS FINALISTAS ESTÃO PRONTOS!
Se liga no desempenho de Palmeiras e Novorizontino no Paulistão Casas Bahia!
#PaulistãoCasasBahia #Opta",0,"03/04/2026 04:00",https://www.instagram.com/p/DVdeIctFKje/,"Imagem do Instagram",,Total,44274,22830,1329,7,0,12,15
18076698935578102,17841400074692954,paulistao,Paulistão,"QUARTA FEIRA DE MUITO FUTEBOL! 🔥
Confira os jogos da 8ª rodada do #PaulistãoA4Rivalo.",0,"03/04/2026 03:30",https://www.instagram.com/p/DVdar-SFq1R/,"Imagem do Instagram",,Total,28487,17759,355,14,1,5,4
18085372070519054,17841400074692954,paulistao,Paulistão,"MAURIZIZOU!
No melhor estilo Zidedine Zidane, olha só a jogada do camisa 18 do Verdão!
#PaulistãoCasasBahia",18,"03/04/2026 03:00",https://www.instagram.com/reel/DVdXV4nDwyz/,"Reel do Instagram",,Total,120379,83681,12128,780,82,111,203
18114874819627051,17841400074692954,paulistao,Paulistão,"RETA FINAL DA PRIMEIRA FASE!🔥
Confira os jogos da 11ª rodada do #PaulistãoA3Rivalo.",0,"03/04/2026 02:30",https://www.instagram.com/p/DVdT0MUFPGB/,"Imagem do Instagram",,Total,25603,14518,519,11,1,5,4
18086971658164415,17841400074692954,paulistao,Paulistão,"JOGO ISOLADO QUE VALE MUITO! 🔥
Monte Azul e Sertãozinho se enfrentam em jogo adiado pela 8ª rodada do #PaulistãoA2Rivalo.",0,"03/04/2026 02:00",https://www.instagram.com/p/DVdQYnilY3B/,"Imagem do Instagram",,Total,20837,13027,183,8,0,8,0
17970574823860950,17841400074692954,paulistao,Paulistão,"CHEGOU O DIA! HOJE TEM FINAL! 🤩
O primeiro jogo da grande decisão do #PaulistãoCasasBahia acontece hoje, às 20h! Quem sai na frente? 👀🔥 #Palmeiras #Novorizontino",0,"03/03/2026 19:05",https://www.instagram.com/p/DVcg48JjWcz/,"Imagem do Instagram",,Total,223796,137739,12515,791,13,71,153
18066873983298554,17841400074692954,paulistao,Paulistão,"O MAIOR FINALISTA DA HISTÓRIA! 🫡
Com a final do #PaulistãoCasasBahia, Gustavo Gómez se junta a Raphael Veiga como os jogadores com mais finais pelo Palmeiras na história! 🟢⚪ #Palmeiras",0,"03/03/2026 17:00",https://www.instagram.com/p/DVcSln9lERX/,"Imagem do Instagram",,Total,141910,75338,6890,95,2,85,77
17881154988469874,17841400074692954,paulistao,Paulistão,"JOGADA ENSAIADA FATAL DO VERDÃO!
O Flaco López foi pra rede mais uma vez em clássicos em 2026!
#PaulistãoCasasBahia",25,"03/03/2026 16:00",https://www.instagram.com/reel/DVcL4ufFUTl/,"Reel do Instagram",,Total,1188004,873503,109702,7993,3524,1196,1402
18055825268443886,17841400074692954,paulistao,Paulistão,"SOLTA A CARTA, @oficialnovorizontino! 🤪🃏🐯
#PaulistãoCasasBahia #Novorizontino",17,"03/03/2026 15:20",https://www.instagram.com/reel/DVcHJZSD4jw/,"Reel do Instagram",,Total,193703,107910,6696,843,12,72,65
18083979242523122,17841400074692954,paulistao,Paulistão,"SE ESSE INGLÊS FOSSE DO NOSSO INTERIOR, JÁ TINHA CORTADO O CABELO…😅💇‍♂️
Lemense e Penapolense alcançaram a marca de cinco vitórias seguidas no #PaulistãoA4Rivalo e se enfrentam buscando mais três pontos na competição!",0,"03/03/2026 15:00",https://www.instagram.com/p/DVcE24pGf5X/,"Imagem do Instagram",,Total,113122,64833,1492,72,4,16,24
18111215968735566,17841400074692954,paulistao,Paulistão,"CONHEÇAM O FANATICÃO! 🐶🌟
O novo mascote da Federação Paulista de Futebol é um cachorro caramelo que transborda carisma! 🥰
#PaulistãoCasasBahia #FPF #Fanaticão 
📷Ronaldo Barreto/Ag. Paulistão",0,"03/03/2026 14:30",https://www.instagram.com/p/DVcDw0zDoFU/,"Carrossel do Instagram",,Total,47529,21455,764,89,3,38,11
18446335564104681,17841400074692954,paulistao,Paulistão,"BOA NOITE, POVO! O FANATICÃO CHEGOU 🐶😍🧡
Conheçam o novo mascote da Federação Paulista de Futebol.
#Fanaticão #FPF",40,"03/03/2026 14:01",https://www.instagram.com/reel/DVcDLmzEcF-/,"Reel do Instagram",,Total,21848,15506,473,41,2,34,10
18094585505092890,17841400074692954,paulistao,Paulistão,"Com hat-trick de Robson, o Novorizontino venceu o Palmeiras por 4 a 0 na primeira fase do Paulistão Casas Bahia! Palpites para o primeiro jogo da decisão?
🚨 Amanhã tem jogão AO VIVO às 20h, na Record, Cazé TV, TNT E HBO Max.
#PaulistãoCasasBahia",0,"03/03/2026 12:39",https://www.instagram.com/p/DVb52JQEgcf/,"Carrossel do Instagram",,Total,23099,9932,619,1,0,5,2
18385565644155592,17841400074692954,paulistao,Paulistão,"QUEM FOI O CRAQUE DA 14ª RODADA?
Vote aqui no post e escolha quem foi o destaque da 14ª rodada do Paulistão A2 Rivalo! A enquete se encerra quinta (05), às 16h.
#PaulistãoA2Rivalo #CraqueDaRodada",0,"03/03/2026 12:35",https://www.instagram.com/p/DVb5a9rEuOX/,"Imagem do Instagram",,Total,38347,22741,380,207,17,88,1
17877013170510301,17841400074692954,paulistao,Paulistão,"QUE TAL ESSE REFORÇO? 🥹🐶
A Isadora tem 2 anos e é um pouco medrosa, mas adora um carinho! Ela pode ser sua nova jogadora favorita, que constrói as jogadas com calma e segurança mas, quando ganha confiança, é só alegria! Vai ser o reforço ideal para a sua equipe!
Adote a Isadora no @fucinfelizoficial!
#PaulistãoCasasBahia #Pedigree",0,"03/03/2026 12:00",https://www.instagram.com/p/DVbwQZaEqsF/,"Imagem do Instagram",,Total,53919,27135,1460,143,0,8,21
17878233198395059,17841400074692954,paulistao,Paulistão,"Coletiva de imprensa com os finalistas do Paulistão Casas Bahia 2026! 
#PaulistãoCasasBahia
📷 Diego Soares/Ag. Paulistão",0,"03/03/2026 11:58",https://www.instagram.com/p/DVb1Q_AEgRC/,"Carrossel do Instagram",,Total,12256,5452,462,15,0,13,7
18143157604472633,17841400074692954,paulistao,Paulistão,"QUAL FOI O GOLAÇO DA RODADA?🔥⚽️
Escolha o gol mais bonito da 14ª rodada do #PaulistãoA2Rivalo! 
Elkin Muñoz, Romarinho ou Breno? 
Deixe seu voto aqui no post! 

*Enquete encera amanhã (04) às 17h.",0,"03/03/2026 11:49",https://www.instagram.com/p/DVb0NrJEeEt/,"Carrossel do Instagram",,Total,14412,7389,163,39,0,33,2
18087564808903103,17841400074692954,paulistao,Paulistão,"Os comandantes e os capitães finalistas do Paulistão Casas Bahia! 
#PaulistãoCasasBahia
📷 Diego Soares/Ag. Paulistão",0,"03/03/2026 11:44",https://www.instagram.com/p/DVbzpTskazB/,"Carrossel do Instagram",,Total,51842,21991,2121,10,7,11,14
18092336273015549,17841400074692954,paulistao,Paulistão,"LUTEM SEM PARAR! 🐷💚
#PaulistãoCasasBahia #Palmeiras 
📷 Diego Soares/Ag. Paulistão",0,"03/03/2026 11:26",https://www.instagram.com/p/DVbw6sqkXzJ/,"Imagem do Instagram",,Total,114751,61456,12604,114,24,97,74
17855681478654165,17841400074692954,paulistao,Paulistão,"EM FRENTE, TIGRE VALENTE!🐯
#PaulistãoCasasBahia #Novorizontino 
📷 Diego Soares/Ag. Paulistão",0,"03/03/2026 11:12",https://www.instagram.com/p/DVbvv3nkZvO/,"Imagem do Instagram",,Total,43441,22645,1254,13,0,77,8
18086804876470081,17841400074692954,paulistao,Paulistão,"A BOLA DA FINAL DO PAULISTÃO CASAS BAHIA! ⚽🔥
A bola Mag11a da @penaltybr como você nunca viu antes... Os jogos da final do #PaulistãoCasasBahia vão ser disputadas com uma bola feita especialmente para a decisão! Coisa fina, tá? 🌟😮‍💨
#Penalty
📷Rodrigo Corsi/Ag.Paulistão",0,"03/03/2026 11:05",https://www.instagram.com/p/DVbvGuPkahZ/,"Carrossel do Instagram",,Total,46846,19262,1219,26,2,17,16
18083074757592626,17841400074692954,paulistao,Paulistão,"Os finalistas estão prontos para a decisão do Paulistão Casas Bahia! 
#PaulistãoCasasBahia
📷 Diego Soares/Ag. Paulistão",0,"03/03/2026 11:04",https://www.instagram.com/p/DVbutMlEbkm/,"Imagem do Instagram",,Total,141315,75359,12191,112,28,101,71
18105516334886715,17841400074692954,paulistao,Paulistão,"RoRô ✖️ Flaco Roque
As duplas de Novorizontino e Palmeiras estão afiadas nesse #PaulistãoCasasBahia! Quem será que se dá melhor na grande decisão? 👀🔥 #Novorizontino #Palmeiras",0,"03/03/2026 11:00",https://www.instagram.com/p/DVbpY42jz6X/,"Imagem do Instagram",,Total,71629,34238,2115,20,0,27,20
17850842760639191,17841400074692954,paulistao,Paulistão,"ARBITRAGEM DEFINIDA!
Matheus Candançan apita o primeiro jogo e Flávio Rodrigues apita a segunda partida da decisão do Paulistão Casas Bahia!
#PaulistãoCasasBahia #FPF #Arbitragem",0,"03/03/2026 10:52",https://www.instagram.com/p/DVbtltCE84o/,"Imagem do Instagram",,Total,217608,112884,5715,1460,5,767,101
17852106312633528,17841404518850618,saojoseecoficial,"São José Esporte Clube","Elas entram em campo com a gente! 💙🌷

Neste sábado (7), às 15h, no jogo São José x Sertãozinho, teremos INGRESSOS SOLIDÁRIOS para as mulheres!

Uma ação especial dos patrocinadores do São José para celebrar o Dia da Mulher e ajudar os Vicentinos (Sociedade de São Vicente de Paulo), responsáveis pelo tradicional Arraiá do Frederico. 🤝✨

Para garantir a entrada gratuita, basta trocar UM dos itens abaixo por um ingresso diretamente nas catracas:
🥛 Leite longa vida
🛢️ Óleo de cozinha
☕ Café

⚠️ Importante: chegue com antecedência e evite filas!

Vamos lotar o estádio, apoiar a Águia e ainda fazer o bem! 🦅💙",0,"03/03/2026 10:14",https://www.instagram.com/p/DVbpTg4FPIh/,"Imagem do Instagram",,Total,46756,22678,820,403,6,27,0
18101284949504629,17841400074692954,paulistao,Paulistão,"TUDO PRONTO PRA COLETIVA DOS FINALISTAS! 🤩🏆
Técnicos e capitães de Novorizontino e Palmeiras vão participar da coletiva de imprensa da grande final do Paulistão Casas Bahia! Vem assistir ao vivo no YouTube do @paulistao! 👀 #PaulistãoCasasBahia #Coletiva
📷 Diego Soares/Ag. Paulistão",0,"03/03/2026 09:06",https://www.instagram.com/p/DVbhalKEvkn/,"Carrossel do Instagram",,Total,95491,45532,7703,119,44,74,52
18149281876458399,17841400074692954,paulistao,Paulistão,"O INTERIOR DE SÃO PAULO É GIGANTE! 😮‍💨💪
O Novorizontino coloca o interior de novo na final do Paulistão Casas Bahia depois de nove anos!

🚨Amanhã tem Novorizontino em campo no primeiro jogo da final! Assista AO VIVO às 20h, na Record, Cazé TV, TNT E HBO Max.
#PaulistãoCasasBahia #Novorizontino",29,"03/03/2026 09:00",https://www.instagram.com/reel/DVbb9DRjfik/,"Reel do Instagram",,Total,57157,38931,1439,61,0,121,13
17963213043021325,17841467312227297,fpfacademia,"FPF Academia","ÁLBUM DOS ALUNOS! 📸
Nossa turma da 1ª edição do Workshop de Fotografia da @fpfacademia registrou a vitória do @juventussaf pelo #PaulistãoRivaloA2. Bora conferir o resultado? ➡️

.
.
.

#FPFAcademia #Workshop #Fotografia #FPF",0,"03/03/2026 07:57",https://www.instagram.com/p/DVbZomqEdsF/,"Carrossel do Instagram",,Total,35051,13293,567,41,5,21,0
18041859182528149,17841400074692954,paulistao,Paulistão,"FIESTA NA JAVARI! 🇪🇨🔥 
Elkin Muñoz fez a torcida do Moleque Travesso explodir na vitória do Juventus sobre o XV de Piracicaba por 3 a 0, que coloca a equipe no G8 do #PaulistãoA2Rivalo.",24,"03/03/2026 07:30",https://www.instagram.com/reel/DVbRsVJCk14/,"Reel do Instagram",,Total,90590,63447,2630,47,10,28,26
17881541640470091,17841400074692954,paulistao,Paulistão,"DE DENTRO DO CAMPO! 🐽👀
Vem ver os gols de Maurício e Flaco López, que colocaram o Verdão em mais uma final de #PaulistãoCasasBahia, por outro ângulo!
#Bis",9,"03/03/2026 06:00",https://www.instagram.com/reel/DVbMSzwFLQg/,"Reel do Instagram",,Total,41715,28059,1886,30,6,41,18
18076248548567112,17841400074692954,paulistao,Paulistão,"PAREDÃO RAIZ!🧤🧱 
Denis Júnior mostrou tranquilidade pra fechar o gol na vitória da Ferroviária sobre o Grêmio Prudente por 2 a 0, pela 14ª rodada do #PaulistãoA2Rivalo.",13,"03/03/2026 05:30",https://www.instagram.com/reel/DVbDqWwE-w_/,"Reel do Instagram",,Total,42556,29213,528,5,2,20,3
18085546120954349,17841400074692954,paulistao,Paulistão,"De Vitor Roque para Maurício e assim o Verdão começou o Choque-Rei com tudo!
#PaulistãoCasasBahia",33,"03/03/2026 05:00",https://www.instagram.com/reel/DVbAYNNES7Y/,"Reel do Instagram",,Total,125939,87030,10660,561,54,187,126
18055010348702934,17841400074692954,paulistao,Paulistão,"HOJE TEM COLETIVA DA FINAL DO PAULISTÃO CASAS BAHIA! 👀
Os técnicos e capitães dos times finalistas vão participar da coletiva de imprensa e você assiste AO VIVO no YouTube do @paulistao!
#PaulistãoCasasBahia #Coletiva",0,"03/03/2026 04:00",https://www.instagram.com/p/DVa55CXlXH0/,"Imagem do Instagram",,Total,33714,19847,894,13,0,20,17
18128078665541962,17841412982562552,caiorabiska,"Caio Rabiska","“Explodiu Barueri!” 💥 @mauriciomp7 

#Palmeiras #AvantiPalestra #futebol",0,"03/02/2026 16:05",https://www.instagram.com/p/DVZsjS3jCJZ/,"Imagem do Instagram",,Total,43312,23633,3393,78,4,22,0
17849960022643194,17841461375852191,juventussaf,"Juventus SAF","Nossa torcida deu mais uma demonstração de força na Javari e registrou o maior público do Paulistão A2 nesta temporada!

Obrigado, família juventina! Seguimos juntos, em busca do objetivo! 🇱🇻🇱🇻🇱🇻

📸 @littleverywhere",0,"03/02/2026 16:02",https://www.instagram.com/p/DVZsZZNFNKp/,"Carrossel do Instagram",,Total,74131,31817,2839,306,46,54,0
18217725730314706,17841400074692954,paulistao,Paulistão,"Fim de mais uma rodada no #PaulistãoA4Rivalo e assim ficou a tabela de classificação!",0,"03/02/2026 15:00",https://www.instagram.com/p/DVZgD7YFhY8/,"Imagem do Instagram",,Total,116123,60565,2154,115,15,63,21
18425458186189993,17841400074692954,paulistao,Paulistão,"IMAGENS EXCLUSIVAS DO CHOQUE-REI!
O @vellosogg estava ligado em todos os momentos de Palmeiras e São Paulo na Arena Crefisa Barueri!
#PaulistãoCasasBahia #SãoPaulo #Palmeiras",79,"03/02/2026 14:25",https://www.instagram.com/reel/DVZhGkHDkrD/,"Reel do Instagram",,Total,898434,576176,34098,2009,101,1012,1016
18036604205783810,17841411170007197,vogalizandoahistoria,"Vogalizando a História","Toda semana vai ter vídeo do Vogalizando e o @paulistao saindo por aqui! 

Fica de olho no Paulistão Casa Bahia!",88,"03/02/2026 14:19",https://www.instagram.com/reel/DVZgZvADYiN/,"Reel do Instagram",,Total,141629,97421,5581,521,36,77,0
17884042815456328,17841400074692954,paulistao,Paulistão,"FALTAM CINCO RODADAS!
Vem ver como está a tabela de classificação do Paulistão A3 Rivalo!
#PaulistãoA3Rivalo",0,"03/02/2026 14:15",https://www.instagram.com/p/DVZa6UpFxjh/,"Imagem do Instagram",,Total,126333,65859,3039,74,14,42,30
18089258399129057,17841400074692954,paulistao,Paulistão,"O GRINGO RESOLVE!🇦🇷
O Flaco López deixou o seu no Choque-Rei e garantiu o Verdão na decisão do Paulistão Casas Bahia!
#PaulistãoCasasBahia #Palmeiras",51,"03/02/2026 14:00",https://www.instagram.com/reel/DVZZp_DAtxn/,"Reel do Instagram",,Total,46910,38332,4625,158,36,65,69
18017201111653282,17841400074692954,paulistao,Paulistão,"Seja com o Porco ou com o Tigre, o Punch está muito bem acompanhado dos meus finalistas 🥹
#Punch #PaulistãoCasasBahia",0,"03/02/2026 13:30",https://www.instagram.com/p/DVZVx8kDSvV/,"Carrossel do Instagram",,Total,191664,90618,13754,715,36,90,143
18112673392592029,17841400074692954,paulistao,Paulistão,"Enquanto isso, no gramado do Jorjão... A semifinal do #PaulistãoCasasBahia rolando e o quero-quero nem aí 🤣",15,"03/02/2026 13:00",https://www.instagram.com/reel/DVZScrXlaAl/,"Reel do Instagram",,Total,333912,205162,20318,1884,162,106,377
18079957961590034,17841400074692954,paulistao,Paulistão,"A LEGENDA É COM VOCÊS…😅
O Yohan abriu a chapelaria na vitória da Portuguesa Santista sobre o Catanduva por 3 a 1, pela 10ª rodada do #PaulistãoA3Rivalo",7,"03/02/2026 12:45",https://www.instagram.com/reel/DVZRMafijUr/,"Reel do Instagram",,Total,78363,46423,1449,192,11,35,11
18157856770440462,17841400074692954,paulistao,Paulistão,"RESTAM TRÊS VAGAS!
Vem ver como está a tabela do #PaulistãoA2Rivalo nessa reta final da primeira fase!",0,"03/02/2026 12:30",https://www.instagram.com/p/DVZO7ukkwc9/,"Imagem do Instagram",,Total,192654,97176,4410,165,8,61,40
17876942211511048,17841400074692954,paulistao,Paulistão,"NA GAVETA! 🎯🔥
No finalzinho do jogo, Andrey meteu o golaço da vitória do Rio Claro sobre o São Bernardo por 1 a 0, pela 10ª rodada do #PaulistãoA3Rivalo.",12,"03/02/2026 12:30",https://www.instagram.com/reel/DVZRL6MCcOj/,"Reel do Instagram",,Total,38836,27335,957,45,4,46,8
18063259439331193,17841400074692954,paulistao,Paulistão,"HORA DE ESCOLHER O CRAQUE DAS SEMIFINAIS! 👀🤝
Mayk ou Maurício: quem jogou mais na semifinal do #PaulistãoCasasBahia? Deixe o seu voto na enquete dos comentários! 
#7KBet #CraqueDaRodada

*Enquete encerra na terça-feira (3), às 16h",0,"03/02/2026 12:19",https://www.instagram.com/p/DVZSxIiku1p/,"Imagem do Instagram",,Total,90612,54239,1378,60,3,176,13
17958285900061030,17841400074692954,paulistao,Paulistão,"""A CHEGADA A ESTA FINAL É ALGO ÚNICO"" 🤩
Genilson Rocha, presidente do @oficialnovorizontino, marcou presença no Conselho Técnico da final do Paulistão Casas Bahia 2026, nesta segunda-feira (2), e contou um pouco sobre a classificação do Tigre na final. #PaulistãoCasasBahia #FPF #FutebolPaulista",64,"03/02/2026 12:15",https://www.instagram.com/reel/DVZRMDgiGjf/,"Reel do Instagram",,Total,26554,20007,627,30,4,43,4
18383719942084680,17841400074692954,paulistao,Paulistão,"PEGA A VISÃO! 😎
Todos os gandulas que trabalharam no Choque-Rei pela semifinal do #PaulistãoCasasBahia são alunos da EAFI. Vem conferir um pouquinho do trampo 🤙 ⚽ 

#FPF #FPFAcademia #Aurora",32,"03/02/2026 12:06",https://www.instagram.com/reel/DVZRNMwknbk/,"Reel do Instagram",,Total,67963,51266,696,14,0,15,14
17849058666687351,17841400074692954,paulistao,Paulistão,"O GOL DA CLASSIFICAÇÃO DO TIGRE! 🐯👓
Se liga na visão do árbitro no gol do Mayk, que colocou o Novorizontino na final do #PaulistãoCasasBahia!
#Bis",10,"03/02/2026 11:30",https://www.instagram.com/reel/DVZNOI9FE6A/,"Reel do Instagram",,Total,18038,13262,427,23,2,6,6
17999732588911546,17841400074692954,paulistao,Paulistão,"A comemoração do gol do Flaco López na semifinal do #PaulistãoCasasBahia por um ângulo especial! 🤩😮‍💨 #Bis #Palmeiras",44,"03/02/2026 11:00",https://www.instagram.com/reel/DVZGvt0Dl8R/,"Reel do Instagram",,Total,15370,11952,1136,28,3,13,9
18057793532391704,17841400074692954,paulistao,Paulistão,"QUER CLASSIFICAR? O TIGRÃO VAI TE ENSINAR! 🐯🔥
O @oficialnovorizontino mostrou que é Tigrão e está na finalíssima do Paulistão Casas Bahia! 
#PaulistãoCasasBahia",33,"03/02/2026 10:00",https://www.instagram.com/reel/DVZBeKEDgXW/,"Reel do Instagram",,Total,34500,27003,1490,273,24,78,27
18038415806751337,17841400074692954,paulistao,Paulistão,"Leila Pereira, presidente do Palmeiras, marcou presença no Conselho Técnico da final do Paulistão Casas Bahia 2026 nesta segunda-feira (2), e falou um pouco sobre a trajetória do Verdão na competição. 
#PaulistãoCasasBahia #FPF",57,"03/02/2026 09:59",https://www.instagram.com/reel/DVZCsK3kYp0/,"Reel do Instagram",,Total,53553,38911,2157,85,13,376,41
17877548346514008,17841412731525361,tiago.herani,"TIAGO HERANI","O que você faria diferente do Crespo? 🤔

#saopaulofc #palmeiras #analisetatica #paulistão #embaixadorespaulistao",92,"03/02/2026 08:38",https://www.instagram.com/reel/DVY5d3ZEXIG/,"Reel do Instagram",,Total,35141,24201,786,28,3,11,0
17964424149024710,17841400074692954,paulistao,Paulistão,"VAI DAQUI MESMO! 🚀🔥
Olha o que o Romarinho aprontou na vitória da Inter de Limeira sobre o Sertãozinho por 2 a 1, pela 14ª rodada do #PaulistãoA2Rivalo",11,"03/02/2026 08:30",https://www.instagram.com/reel/DVY0qZzCCvw/,"Reel do Instagram",,Total,37715,26014,887,39,4,23,9
17890618584429791,17841400074692954,paulistao,Paulistão,"TUDO PRONTO!
CONFIRA DATAS E HORÁRIOS DAS FINAIS DO PAULISTÃO CASAS BAHIA!
#PaulistãoCasasBahia",0,"03/02/2026 07:54",https://www.instagram.com/p/DVY0Yv5jfts/,"Imagem do Instagram",,Total,387911,197809,11798,1373,18,488,204
18023467517803119,17841401722413284,briosaoficial,"Portuguesa Santista","Começando a semana com esse lance maravilhoso do meu 🔟!🤩

🎥: @lucasleite99/Agência Briosa",7,"03/02/2026 07:49",https://www.instagram.com/reel/DVYzwr7kcoC/,"Reel do Instagram",,Total,325810,151212,5493,348,81,63,0
17875944897417741,17841400584162748,careca360,"F.CARECA 🎙️⚽️","Eu só queria dar um oi…
O cara já veio valendo 3 pontos 😂⚽
Tu faria isso também?
@paulistao",9,"03/02/2026 07:13",https://www.instagram.com/reel/DVYvaiGAPeL/,"Reel do Instagram",,Total,73617,42738,1895,10,17,24,0
18122552242517675,17841455066317821,cazetv,CazéTV,"O PREPARADOR DO PALMEIRAS DEIXOU O FLACO COM FRIO! 🤣🤣

#Original #CoberturaCazéTV #Palmeiras #PaulistãoNaCazéTV #PaulistãoNoYouTube CoberturaCazéTV",32,"03/02/2026 05:39",https://www.instagram.com/reel/DVYk_H8DXMy/,"Reel do Instagram",,Total,870463,601939,15539,133,1,111,0
17911750245338718,17841400074692954,paulistao,Paulistão,"RODADA 8! ✅
Se liga nos resultados do fim de semana no Paulistão A3 Rivalo.
#PaulistãoA3Rivalo",0,"03/02/2026 05:35",https://www.instagram.com/p/DVYki8IFvEp/,"Imagem do Instagram",,Total,48099,27274,888,11,4,11,4
18144856858484026,17841400074692954,paulistao,Paulistão,"FALTA UMA!
A penúltima rodada do Paulistão A2 Rivalo foi concluída com sucesso! Agora só falta mais uma e tem muita emoção por vir!
#PaulistãoA2Rivalo",0,"03/02/2026 05:35",https://www.instagram.com/p/DVYkfxSljDj/,"Imagem do Instagram",,Total,27755,15905,496,11,1,9,2
18084253616239597,17841400074692954,paulistao,Paulistão,"Mais uma rodada pra conta!
#PaulistãoA4Rivalo",0,"03/02/2026 05:32",https://www.instagram.com/p/DVYkLMRln9t/,"Imagem do Instagram",,Total,23057,12709,306,4,0,8,2
18172956148387240,17841403734375167,sindicatodeatletas,"Sindicato de Atletas SP","🏆 Seleção dos Atletas
Paulistão A3 Rivalo 2026

Confira a seleção da 9ª rodada do Paulistão A3 Rivalo 2026.

⭐ GOL - Pedro (Bandeirante)
⭐ ZAG - Wellerson Uberaba (Rio Claro)
⭐ ZAG - Luiz Matheus (Suzano) 
⭐ ZAG/LE - Tallys (União São João)
⭐ VOL - D´Ávila (Suzano)
⭐ VOL - Ótavio (Portuguesa Santista) 
⭐ VOL - Daniel Silva (União Barbarense)
⭐ MC - Yohan (Portuguesa Santista)
⭐ MC - Danilo Silva (União Barbarense)
⭐ ATA - Cirilo (Marília)
⭐ ATA - Andrey (Rio Claro)

Aqui, atleta vota em atleta!

#SeleçãodosAtletas #PaulistaoA3 #AtletaVotaemAtleta #SindicatodeAtletasSP #FPF #FutebolInterior

🎯 MKT Digital: @digitalsportspress",0,"03/02/2026 05:26",https://www.instagram.com/p/DVYjk2Tjs5d/,"Imagem do Instagram",,Total,17154,9410,130,45,3,0,0
18132524632518857,17841403734375167,sindicatodeatletas,"Sindicato de Atletas SP","🏆 Seleção dos Atletas
Paulistão A4 Rivalo 2026

Confira as seleções da 6ª rodada do Paulistão A4 Rivalo 2026.

⭐ GOL - Lucas Bergantin (Nacional)
⭐ ZAG - Kaio Ellyson (Taquaritinga)
⭐ ZAG - Lucão (Lemense)
⭐ ZAG - Antenor (ECUS)
⭐ VOL - Moyses (ECUS)
⭐ VOL - Wagner Chorão (Inter de Bebedouro)
⭐ MC - David (Comercial)
⭐ MC - Romarinho (Tanabi)
⭐ ATA - Theo Lanza (Jacareí)
⭐ ATA - Wendel Alex (Barretos)
⭐ ATA - Kauan Giancler (Taquaritinga)

Aqui, atleta vota em atleta!

#SeleçãodosAtletas #PaulistaoA4 #AtletaVotaemAtleta #SindicatodeAtletasSP #FPF #FutebolInterior

🎯 MKT Digital: @digitalsportspress",0,"03/02/2026 02:15",https://www.instagram.com/p/DVYNsQZlJWI/,"Imagem do Instagram",,Total,18797,10474,127,32,4,1,0
17869280859569691,17841400861993763,matheusgonze1,"Matheus Gonze","ESSA RAPAZIADA AÍ TÁ NA FINAL DO PAULISTÃO!!",15,"03/01/2026 18:49",https://www.instagram.com/reel/DVXaRlpjhHE/,"Reel do Instagram",,Total,217607,132974,17718,265,117,205,0
18099673363927951,17841400074692954,paulistao,Paulistão,"MAIS UMA DECISÃO, VERDÃO! 👏
São sete seguidas e contando!
#PaulistãoCasasBahia",22,"03/01/2026 18:30",https://www.instagram.com/reel/DVXYZfFAsDu/,"Reel do Instagram",,Total,206118,165148,25486,1548,591,314,325
18038577473550703,17841400074692954,paulistao,Paulistão,"ELE CRAVA Y CRAVA!
Maurício é o nome do primeiro gol do Palmeiras na semifinal do Paulistão Casas Bahia!
#PaulistãoCasasBahia",26,"03/01/2026 18:25",https://www.instagram.com/reel/DVXX5RYEsOR/,"Reel do Instagram",,Total,377488,283799,30057,1882,348,289,306
18059482955364776,17841400074692954,paulistao,Paulistão,"A FINAL É NO INTERIOR!
O Jorjão, em Novo Horizonte, será o palco da grande decisão do #PaulistãoCasasBahia2026!",0,"03/01/2026 18:19",https://www.instagram.com/p/DVXXLpcjFtl/,"Imagem do Instagram",,Total,133809,70479,5116,225,16,327,41
18363218944165371,17841401097276960,nodetalhetricolor_,"No Detalhe 🇾🇪🎞©","𝙉𝙊 𝘿𝙀𝙏𝘼𝙇𝙃𝙀 🔬
Calleri marcou nosso último gol no @paulistao 😓

•
•

Reprodução proibida 🚫

🎞️⚽️: siga a @nodetalhetricolor_ e fique por dentro de todos os detalhes 🇾🇪",29,"03/01/2026 18:18",https://www.instagram.com/reel/DVXWxcYjeph/,"Reel do Instagram",,Total,100535,64317,6012,82,21,48,0
18057801353394595,17841400074692954,paulistao,Paulistão,"A comemoração dos finalistas! 🤩🥳 #PaulistãoCasasBahia #Palmeiras",61,"03/01/2026 18:16",https://www.instagram.com/reel/DVXWx9_jL7E/,"Reel do Instagram",,Total,81458,65293,6035,87,29,63,70
18056714594415831,17841400074692954,paulistao,Paulistão,"FALA, MAURÍCIO!
Confira como foi a entrevista do #CraqueDoJogo do Choque-Rei!
#7kBet #PaulistãoCasasBahia",161,"03/01/2026 18:13",https://www.instagram.com/reel/DVXWapdDpzw/,"Reel do Instagram",,Total,51418,36542,4645,30,4,53,33
18071115743554863,17841400074692954,paulistao,Paulistão,"A selfie do craque da semifinal! 🤩 #PaulistãoCasasBahia #Palmeiras",0,"03/01/2026 18:10",https://www.instagram.com/p/DVXWKIpjNVu/,"Imagem do Instagram",,Total,212595,125786,18933,340,32,76,79
18085521982959304,17841400074692954,paulistao,Paulistão,"CAMINHO TRAÇADO! 
Novorizontino e Palmeiras sobreviveram ao mata-mata e agora vão atrás da grande conquista: o título do Paulistão Casas Bahia 2026!
#PaulistãoCasasBahia",0,"03/01/2026 18:06",https://www.instagram.com/p/DVXVtWREk_d/,"Imagem do Instagram",,Total,139513,73276,6244,233,8,128,58
18047928419715050,17841400074692954,paulistao,Paulistão,"EMPILHANDO DECISÕES!
O Palmeiras é finalista do Paulistão Casas Bahia mais uma vez!
#PaulistãoCasasBahia",0,"03/01/2026 17:58",https://www.instagram.com/p/DVXU2B1kqeh/,"Imagem do Instagram",,Total,200523,112826,10652,1046,5,363,159
18054356453651058,17841400074692954,paulistao,Paulistão,"O NOME DO JOGO!
Maurício abriu o placar na semifinal e foi eleito o Craque do Jogo no Choque-Rei decisivo!
📷 Rebeca Reis/Ag.Paulistão/Sua Foto no Jogo
#CraqueDoJogo #7KBet #PaulistãoCasasBahia",0,"03/01/2026 17:50",https://www.instagram.com/p/DVXTyiFjuub/,"Imagem do Instagram",,Total,20746,13231,699,9,0,20,8
18070471949199172,17841455066317821,cazetv,CazéTV,"🚨⚠️ DENÚNCIA ⚠️🚨 ALÔ, FLACO LÓPEZ!! NÃO FOI A TORCIDA QUE TE MOLHOU NÃO 👀 KKKKKKKKKKKKKK 🤣

#PaulistãoNaCazéTV #PaulistãoNoYouTube #TempoRealCazéTV #Palmeiras #SãoPaulo #Original",30,"03/01/2026 17:44",https://www.instagram.com/reel/DVXTJJSEpk4/,"Reel do Instagram",,Total,7067613,3890551,120806,1229,42,520,0
18109014244781187,17841400074692954,paulistao,Paulistão,"DEU VERDÃO NO CHOQUE-REI!
Na segunda semifinal do #PaulistãoCasasBahia, o Palmeiras levou a melhor em Barueri e garantiu a vaga em mais uma final!
📷 Diego Soares e Rebeca Reis/Ag.Paulistão/Sua Foto no Jogo",0,"03/01/2026 17:35",https://www.instagram.com/p/DVXSIoXCQPT/,"Carrossel do Instagram",,Total,165262,110885,4772,1031,1,294,49
17943166959133710,17841400074692954,paulistao,Paulistão,"TIGRE ⚔️ PORCO!
A final do Paulistão Casas Bahia 2026 está definida! Novorizontino e Palmeiras vão medir forças pelo título!
#PaulistãoCasasBahia",0,"03/01/2026 17:31",https://www.instagram.com/p/DVXRytvktQR/,"Imagem do Instagram",,Total,379150,231807,13684,1997,16,446,162
17878252461491999,17841400074692954,paulistao,Paulistão,"VERDÃO FINALISTA!
O Palmeiras vai em busca de mais um título do Paulistão Casas Bahia!
#PaulistãoCasasBahia",0,"03/01/2026 17:30",https://www.instagram.com/p/DVXRpA1ElH9/,"Imagem do Instagram",,Total,488936,354231,12743,4649,34,434,139
18065744333650013,17841455066317821,cazetv,CazéTV,"ESFRIOU AÍ, FLACO?! 🥶❄️☃️

🚨🏆 ESTAMOS AO VIVO COM O CHOQUE-REI!  VEM DESCOBRIR QUEM GARANTE A VAGA NA FINAL DO PAULISTÃO! 👀
LINK NO STORY E NO CANAL DO WHATSAPP! 🔗

#PaulistãoNaCazéTV #PaulistãoNoYouTube #TempoRealCazéTV #Palmeiras #SãoPaulo #Original",16,"03/01/2026 17:21",https://www.instagram.com/reel/DVXQhM8iLVC/,"Reel do Instagram",,Total,590419,390557,33167,1863,31,415,0
18151837693443969,17841400074692954,paulistao,Paulistão,"O CAMISA 9️⃣ TRICOLOR! 🇾🇪
Calleri diminuiu a vantagem e marcou o primeiro do Tricolor no jogo!
📷 Rebeca Reis/Ag.Paulistão/Sua Foto no Jogo
#PaulistãoCasasBahia #ChoqueRei",0,"03/01/2026 17:20",https://www.instagram.com/p/DVXQVpjCVbL/,"Carrossel do Instagram",,Total,75214,37132,6004,19,8,95,35
17949246795104372,17841400074692954,paulistao,Paulistão,"FLAC⚽️ LÓPEZ!
O artilheiro do Verdão marcou mais um e tá em busca da Artilharia do #PaulistãoCasasBahia!
📷 Diego Soares/Ag.Paulistão/Sua Foto no Jogo
#ChoqueRei",0,"03/01/2026 17:17",https://www.instagram.com/p/DVXQDMGiRbd/,"Carrossel do Instagram",,Total,57218,32338,3050,185,0,41,30
18014898887659964,17841400074692954,paulistao,Paulistão,"O SÃO PAULO ESTÁ NO JOGO!
CALLERI DIMINUI PARA O TRICOLOR!
#PaulistãoCasasBahia",15,"03/01/2026 17:10",https://www.instagram.com/reel/DVXPUMqDCps/,"Reel do Instagram",,Total,31994,25256,898,5,4,44,6
18096414643955446,17841400074692954,paulistao,Paulistão,"DA MARCA DA CAL!
Calleri bate no meio e não dá chances para Carlos Miguel! É gol do Tricolor!
#PaulistãoCasasBahia #Betano",30,"03/01/2026 17:09",https://www.instagram.com/reel/DVXPJmmE451/,"Reel do Instagram",,Total,51112,38349,1065,19,2,56,7
18070640300542493,17841400074692954,paulistao,Paulistão,"O SÃO PAULO ESTÁ NO JOGO! 
CALLERI DIMINUI PARA O TRICOLOR! 
#PaulistãoCasasBahia",15,"03/01/2026 17:05",https://www.instagram.com/reel/DVXOSjnDLR9/,"Reel do Instagram",,Total,92420,68190,1488,18,7,37,15
18037120754773937,17841400074692954,paulistao,Paulistão,"ELE CONHECE O CAMINHO DA REDE!
Calleri faz de pênalti e recoloca o Tricolor no jogo!
#PaulistãoCasasBahia",0,"03/01/2026 17:03",https://www.instagram.com/p/DVXOkqJkj4w/,"Imagem do Instagram",,Total,355974,194538,17952,102,17,150,146
18056127923437920,17841400738755454,baamaia,"Bárbara Maia 🧿","ELE SEMPRE DEIXA O DELE!

@flacolopez_10 marca e o Palmeiras amplia o placar em 2 a 0 na Arena Barueri. 
.
.
#palmeiras #paulistao #flaquito",70,"03/01/2026 17:01",https://www.instagram.com/reel/DVXN5Q5kRHe/,"Reel do Instagram",,Total,154427,119436,14620,426,95,138,0
18102971401850392,17841400074692954,paulistao,Paulistão,"GOL DO GRINGO!
Flaco López vai pra rede e aumenta a vantagem do Palmeiras!
#PaulistãoCasasBahia #Betano",65,"03/01/2026 17:00",https://www.instagram.com/reel/DVXOLbuj_Li/,"Reel do Instagram",,Total,123037,76746,3524,104,1,63,27
18056928617410939,17841402806868982,oboccapalmeiras,"Leandro Boccalini | Bocca","Flaquito é muito Palmeiras!!! Comemora, monstro!",34,"03/01/2026 16:57",https://www.instagram.com/reel/DVXNpTVgOXm/,"Reel do Instagram",,Total,72226,55928,8256,131,3,65,0
18122018917584832,17841400074692954,paulistao,Paulistão,"FLACO LÓPEZ É O NOME DELE!!! O VERDÃO AMPLIA NO CHOQUE-REI! 🟢⚪️ #PaulistãoCasasBahia #ChoqueRei #Palmeiras",60,"03/01/2026 16:53",https://www.instagram.com/reel/DVXNSj6DOcv/,"Reel do Instagram",,Total,95381,75853,2845,235,2,120,40
17961333588051863,17841400074692954,paulistao,Paulistão,"QUAAAAASE!
No finzinho do primeiro tempo, o Palmeiras quase chegou ao segundo gol depois que um senhor contra-ataque, mas a bola acabou indo pra fora.
#PaulistãoCasasBahia",15,"03/01/2026 16:41",https://www.instagram.com/reel/DVXMAAOgb7f/,"Reel do Instagram",,Total,136097,84301,3612,57,8,143,33
17873277936438514,17841401009444456,tntsportsbr,"TNT Sports Brasil","A REAÇÃO DO PIQUEREZ DEPOIS DO PERDER O GOL! 😳🐷JOGADAÇA do Palmeiras e o lateral bateu pra fora...

Palmeiras x São Paulo é AO VIVO AGORA na @tntbr e na @hbomaxbr! Assine pelo link na BIO! #PaulistãoNaTNT #PaulistãoNaHBOMax #FutebolBrasileiro",19,"03/01/2026 16:35",https://www.instagram.com/reel/DVXLVhlgF3I/,"Reel do Instagram",,Total,910708,552363,24166,126,8,85,0
18066194312649899,17841400074692954,paulistao,Paulistão,"PALMEIRAS NA VANTAGEM!
Maurício colocou o Verdão na frente na semifinal do #PaulistãoCasasBahia!
📷 Rodrigo Corsi e Rebeca Reis/Ag.Paulistão/ @suafotonojogo
#PaulistãoCasasBahia #ChoqueRei",0,"03/01/2026 16:28",https://www.instagram.com/p/DVXKZBMjkQw/,"Carrossel do Instagram",,Total,78887,37484,3645,113,0,72,16
18081853688339879,17841400861993763,matheusgonze1,"Matheus Gonze","BAITA atitude da Federação Paulista principalmente colocando a Daiane pra apitar a semifinal👏🏼",10,"03/01/2026 16:08",https://www.instagram.com/reel/DVXIAIOj4of/,"Reel do Instagram",,Total,2471853,1253569,83463,9193,145,13483,0
17845873056678217,17841400074692954,paulistao,Paulistão,"O CAMISA 1️⃣8️⃣ DO VERDÃO! 🐷
Maurício abriu o placar no Choque-Rei da semifinal!
📷 Rodrigo Corsi/Ag.Paulistão/ @suafotonojogo
#PaulistãoCasasBahia #ChoqueRei",0,"03/01/2026 16:03",https://www.instagram.com/p/DVXHpNfjjav/,"Carrossel do Instagram",,Total,47320,23122,4784,135,9,33,38
17910523563161686,17841400584162748,careca360,"F.CARECA 🎙️⚽️","QUE TRANQUILIDADE, MEU GOLEIRO! @paulistao",10,"03/01/2026 16:00",https://www.instagram.com/reel/DVXHH4ggG-A/,"Reel do Instagram",,Total,529692,291473,26410,1248,125,174,0
18332574238171184,17841401009444456,tntsportsbr,"TNT Sports Brasil","PALMEIRAS TÁ INDO PRA FINAL! ✅🐷 Se liga na visão de dentro do campo do gol do Maurício, pra abrir o placar contra o São Paulo. 

Palmeiras x São Paulo é AO VIVO AGORA na @tntbr e na @hbomaxbr! Assine pelo link na BIO! #PaulistãoNaTNT #PaulistãoNaHBOMax #FutebolBrasileiro",24,"03/01/2026 15:59",https://www.instagram.com/reel/DVXHNgOjUio/,"Reel do Instagram",,Total,722854,433012,16092,1087,11,216,0
18092169566023759,17841400074692954,paulistao,Paulistão,"TÁ NA REDE!
O Palmeiras inaugura o placar do Choque-Rei! @mauriciomp7 aproveitou a chance e mandou pro fundo do gol!
#PaulistãoCasasBahia #Betano",51,"03/01/2026 15:49",https://www.instagram.com/reel/DVXF9-FDapb/,"Reel do Instagram",,Total,87232,63161,1541,93,16,42,17
18186996046318214,17841400074692954,paulistao,Paulistão,"MAURICIOOOOO! O VERDÃO ABRE O PLACAR NA SEMIFINAL! 🟢⚪️ #PaulistãoCasasBahia #ChoqueRei #Palmeiras",16,"03/01/2026 15:43",https://www.instagram.com/reel/DVXFRMEjboa/,"Reel do Instagram",,Total,124491,96133,3581,199,9,33,33
18082068524257361,17841400074692954,paulistao,Paulistão,"OLHA A CHANCE DA TV NOVA!
O toss do Choque-Rei decidiu, @casasbahia! Vai ter promoção de TV pra galera assistir o Paulistão Casas Bahia daquele jeito!
#PaulistãoCasasBahia",30,"03/01/2026 15:41",https://www.instagram.com/reel/DVXEywGjRav/,"Reel do Instagram",,Total,148893,106741,2455,90,14,139,53
18083130301998481,17841401683210430,portalr7,"Portal R7","As mulheres que serão responsáveis por apitar a semifinal do Paulistão! 👏⚽⁣
⁣
➡️ Veja as principais notícias sobre o Campeonato Paulista 2026 em R7.com/esportes. ⁣
#PortalR7 #R7 #PaulistãoNaRECORD",51,"03/01/2026 15:41",https://www.instagram.com/reel/DVXFAgPgiFi/,"Reel do Instagram",,Total,544552,419872,38447,2136,40,4593,0
18041409551746594,17841427660247984,porcaopalestrino,Porcão,"Essa é a atmosfera no Choque-Rei !

#paulistao #choquerei",8,"03/01/2026 15:38",https://www.instagram.com/reel/DVXErvBDYxm/,"Reel do Instagram",,Total,65679,50757,7502,428,55,26,0
17883007158463439,17841400074692954,paulistao,Paulistão,"ESSE É O CLIMA NA ARENA CREFISA BARUERI! 
#PaulistãoCasasBahia",21,"03/01/2026 15:32",https://www.instagram.com/reel/DVXD7_6jV7L/,"Reel do Instagram",,Total,16410,12353,623,9,1,10,5
18083368724600847,17841400074692954,paulistao,Paulistão,"EQUIPES EM CAMPO! VAI COMEÇAR A DECISÃO! 
#PaulistãoCasasBahia",25,"03/01/2026 15:30",https://www.instagram.com/reel/DVXDlxHjSi7/,"Reel do Instagram",,Total,63879,51799,639,15,3,22,8
18054954170439309,17841400074692954,paulistao,Paulistão,"TUDO PRONTO!
Aquecimento finalizado e daqui a pouco a bola rola para o Choque-Rei!
📷 Diego Soares e Rebeca Reis /Ag.Paulistão/Sua Foto no Jogo
#PaulistãoCasasBahia #ChoqueRei",0,"03/01/2026 15:27",https://www.instagram.com/p/DVXDfepkwn3/,"Carrossel do Instagram",,Total,24418,11003,602,4,0,5,10
17862770259602834,17841400074692954,paulistao,Paulistão,"Festa linda da torcida do Verdão em Barueri! 
#PaulistãoCasasBahia",24,"03/01/2026 15:24",https://www.instagram.com/reel/DVXDLHFjYmA/,"Reel do Instagram",,Total,101122,85392,5854,431,79,50,69
17855626533623503,17841400738755454,baamaia,"Bárbara Maia 🧿","DIA DE CHOQUE-REI É DIFERENTE!

Já já a bola rola para Palmeiras e São Paulo e por aqui já estamos acompanhando tudo de perto. 

#palmeiras #spfc #choquerei #paulistao #futebol",34,"03/01/2026 15:06",https://www.instagram.com/reel/DVXA7lKkb4j/,"Reel do Instagram",,Total,63525,41901,3912,38,5,14,0
17917366452282177,17841401683210430,portalr7,"Portal R7","Flaco López entrega bola da semifinal para pequeno torcedor! ⚽️🥰

@palmeiras

➡️ Assista à íntegra da transmissão do #PaulistãoNaRECORD em R7.com. O link está na bio.
#PortalR7 #R7 #DesimpedidosNoR7",29,"03/01/2026 15:03",https://www.instagram.com/reel/DVXAi2hGOJM/,"Reel do Instagram",,Total,52380,42254,1232,12,1,5,0
17923283247088793,17841400074692954,paulistao,Paulistão,"O TRICOLOR TÁ NA ÁREA PARA O CHOQUE-REI! 
#PaulistãoCasas #SãoPaulo",48,"03/01/2026 14:55",https://www.instagram.com/reel/DVW-dCpDf5E/,"Reel do Instagram",,Total,68994,58215,1111,7,2,13,8
18089855726172044,17841400074692954,paulistao,Paulistão,"A CHEGADA DO TRICOLOR!
A equipe do São Paulo já está em Barueri para o Choque-Rei da semifinal do Paulistão Casas Bahia!
📷 Rebeca Reis/Ag.Paulistão/ @suafotonojogo
#PaulistãoCasasBahia #ChoqueRei",0,"03/01/2026 14:50",https://www.instagram.com/p/DVW_RMbmIGm/,"Carrossel do Instagram",,Total,145609,83070,4299,36,9,34,25
17910659592167396,17841400074692954,paulistao,Paulistão,"O VERDÃO JÁ ESTÁ EM BARUERI!
O Palmeiras chegou para o clássico na semifinal do Paulistão Casas Bahia!
📷 Rebeca Reis/Ag.Paulistão/ @suafotonojogo
#PaulistãoCasasBahia #ChoqueRei",0,"03/01/2026 14:45",https://www.instagram.com/p/DVW-odwjmCH/,"Carrossel do Instagram",,Total,23776,10579,1089,24,2,9,15
17858594868614441,17841400074692954,paulistao,Paulistão,"QUAL FOI O GOLAÇO DA SEMI? 🤩‼️
Vem escolher na enquete dos comentários qual o gol mais bonito das minhas semifinais. Deixe o seu voto aqui embaixo!
#Betano #GolaçoDaRodada

*Enquete encerra na terça-feira (3), às 17h",0,"03/02/2026 13:16",https://www.instagram.com/p/DVZZUYiEoAs/,"Carrossel do Instagram",,Total,59887,33953,717,9,0,32,6
18088855547135681,17841461375852191,juventussaf,"Juventus SAF","Mais um golaço de @elkinjuniorr no Paulistão A2! 🎨🇱🇻

O quarto dele na competição e o segundo do Juve na vitória por 3 a 0 sobre o XV de Piracicaba! ⚽️🔥

🎥 @cinelinfc",43,"03/01/2026 09:53",https://www.instagram.com/reel/DVWc1UpDYAK/,"Reel do Instagram","Ocorreu um erro ao computar métricas.",-,,,,,,,
18382192894155187,17841400738755454,baamaia,"Bárbara Maia 🧿","CHOQUE-REI VALE FINAL! 

É jogo único e decisão na Arena Barueri. Palmeiras e São Paulo se enfrentam às 20h30 por vaga na final do Paulistão, com transmissão na Record, CazéTV, TNT e HBO Max.

No histórico são 363 jogos: 123 vitórias do Verdão, 120 empates e 120 do Tricolor. O Palmeiras chega com quatro vitórias seguidas no clássico e invicto contra o rival na Arena Barueri.

Em campo, os duelos chamam atenção: Flaco López x Luciano e Vitor Roque x Calleri. Quem decide? Deixa aqui nos comentários e não esquece de me seguir.
.
.

#EmbaixadoresPaulistao2026 #palmeiras #choquerei #torcedor #paulistão",133,"03/01/2026 04:40",https://www.instagram.com/reel/DVV4vxpkVSm/,"Reel do Instagram","Ocorreu um erro ao computar métricas.",-,,,,,,,
17884686849351000,17841400861993763,matheusgonze1,"Matheus Gonze","@gpaulista5 💪🏼🤯",12,"03/01/2026 04:04",https://www.instagram.com/reel/DVV1PnGjqJY/,"Reel do Instagram","Ocorreu um erro ao computar métricas.",-,,,,,,,
17949629352100556,17841455066317821,cazetv,CazéTV,"As lágrimas do Rômulo... 🥹 Apenas 24 anos, mas muita expectativa na sua carreira. 

Deixou o Novorizontino em 2024 para jogar no Palmeiras, não conseguiu ter espaço... retornou emprestado para o Tigre, e hoje se emociona ao fazer história no clube mais marcante da sua carreira. 

Final inédita pro Novorizontino e possível reencontro de Rômulo contra o Palmeiras na final. Que reviravolta, que história! 

Futebol, senhoras e senhores 😮‍💨

🎥 @matheusgonze1 / @oficialnovorizontino 

#CoberturaCazéTV #Novorizontino #PaulistãoNaCazéTV",11,"02/28/2026 20:18",https://www.instagram.com/reel/DVVAAoqEnIs/,"Reel do Instagram","Ocorreu um erro ao computar métricas.",-,,,,,,,
17977490876825318,17841400861993763,matheusgonze1,"Matheus Gonze","O MLK FALOU O MAYK FOI LÁ E FEZ⚽️🔥",16,"02/28/2026 19:13",https://www.instagram.com/reel/DVU4LdYDspz/,"Reel do Instagram","Ocorreu um erro ao computar métricas.",-,,,,,,,
18062047574338947,17841400584162748,careca360,"F.CARECA 🎙️⚽️","A DEFESA DO JOGO!!!! Jordi @paulistao",16,"02/28/2026 18:15",https://www.instagram.com/reel/DVUxzGkANmK/,"Reel do Instagram","Ocorreu um erro ao computar métricas.",-,,,,,,,
18043665743733929,17841401988974661,r7esportes,"R7 Esportes","GOL DO TIGRE! 🐯⚽⁣
⁣
Após o cruzamento de Robson, o lateral Mayk bateu de primeira e abriu o placar para o Novorizontino na semifinal contra o Corinthians, 1 a 0.⁣
⁣
➡️ Veja as principais notícias sobre o Campeonato Paulista 2026 em R7.com/esportes. O link está na bio.⁣
#PortalR7 #R7 #PaulistãoNaRECORD",61,"02/28/2026 17:19",https://www.instagram.com/reel/DVUrciGjD_5/,"Reel do Instagram","Ocorreu um erro ao computar métricas.",-,,,,,,,
18092003969107158,17841404075983359,_marco.pastore,"Marco Pastore","NOVORIZONTINO NÃO É SURPRESA PARA QUEM ACOMPANHA O @paulistao ! 

#gremionovorizontino #novorizontino #paulistão #futebolpaulista #paulistão2026",83,"02/28/2026 10:14",https://www.instagram.com/reel/DVT60RqDyEN/,"Reel do Instagram","Ocorreu um erro ao computar métricas.",-,,,,,,,
18043960097513101,17841400074692954,paulistao,Paulistão,"DIA CHEIO 🥰
Vem conferir todos os jogos do #PaulistãoA3Rivalo nesse sabadão!",0,"02/28/2026 03:00",https://www.instagram.com/p/DVTEE5PluZu/,"Imagem do Instagram",,Total,21192,13324,267,4,0,6,3
18030002249617037,17841400074692954,paulistao,Paulistão,"A TORCIDA ALVIVERDE TÁ NA CASA! 🐽
Todo mundo se chegando e se preparando para o Choque-Rei decisivo de logo mais!
📷 Diego Soares/Ag.Paulistão/ @suafotonojogo 
#PaulistãoCasasBahia #ChoqueRei",0,"03/01/2026 14:26",https://www.instagram.com/p/DVW8cEClEEV/,"Carrossel do Instagram",,Total,20368,9675,563,1,0,6,4
18085184786335875,17841401582114304,falalukinhas_,"Lucas Cesare","Eu nem ia postar esse vídeo, mas estava refletindo e precisava vir aqui dizer o quanto sou grato por ter vivido o Paulistão 2026!

Hoje estou indo para a Arena Barueri para cobrir o meu 16° jogo nesta edição, o último, porque infelizmente ficarei de fora das finais. Logo menos vocês saberão o motivo…

O que eu vivi ontem no estádio do Novorizontino foi algo muito especial: poder presenciar um feito histórico de um clube que está mostrando que ainda tem muito a crescer! E com uma estrutura de time grande, tá?

O @paulistao é, de longe, o melhor estadual que existe!

Um agradecimento especial ao meu irmão @matheusgonze1 e à @tntsportsbr por confiarem no meu trabalho durante toda essa competição!

Bora, que o ano só está começando! ❤️🙏

#paulistao #estadio #novorizontino #futebol #falalukinhas",39,"03/01/2026 13:03",https://www.instagram.com/reel/DVWzAIkEeci/,"Reel do Instagram",,Total,35557,26100,2012,140,103,37,0
18153781213444522,17841400074692954,paulistao,Paulistão,"NA SEMIFINAL Y NA ESTICA!
A @gabi_rmonico trouxe aquele look especial pra torcer pro Tricolor na semifinal do Paulistão Casas Bahia 🔥
#CriadoresPaulistãoCasasBahia",20,"03/01/2026 11:36",https://www.instagram.com/reel/DVWpCzuEbr7/,"Reel do Instagram",,Total,102145,61150,4873,146,6,60,154
18193936192349319,17841400074692954,paulistao,Paulistão,"SE TEM CLÁSSICO…
Tem a @amandahonel trazendo aquele look de respeito com toque de história!
#CriadoresPaulistãoCasasBahia",86,"03/01/2026 10:24",https://www.instagram.com/reel/DVWgvvAkbGG/,"Reel do Instagram",,Total,17077,13295,374,41,0,35,15
18055350374438358,17841400074692954,paulistao,Paulistão,"SERÁ QUE O PROFESSOR VAI VOLTAR PARA A FINAL? 👀
A primeira decisão de Crespo no campeonato foi contra o Palmeiras, quando o Tricolor se sagrou campeão em 2021. Vem mais uma final para o São Paulo por aí?
#PaulistãoCasasBahia #SãoPaulo",0,"03/01/2026 10:00",https://www.instagram.com/p/DVWZEGvEj_k/,"Carrossel do Instagram",,Total,147938,69762,6729,79,11,45,40
17901018324385343,17841400074692954,paulistao,Paulistão,"BARUERI VAI TREMER NO CHOQUE-REI!
Domingo é dia de clássico valendo vaga na final. Se liga nos números de Palmeiras e São Paulo neste Paulistão Casas Bahia 2026!
#PaulistãoCasasBahia #Opta",0,"03/01/2026 08:00",https://www.instagram.com/p/DVWLMoTlAwW/,"Imagem do Instagram",,Total,87361,44757,2591,19,1,31,18
18108495034780979,17841448134186864,aembaixada,EMBAIXADA,"O Estadual ainda é o maior celeiro de sonhos do futebol brasileiro. O calendário muda, as datas se transformam, mas isso não deixa de ser verdade. 

No dia 1º de março de 2010, o Grêmio Novorizontino foi fundado. Exatamente 16 anos depois, o clube vive a manhã de uma noite que parece não ter sido real.

Dono da melhor campanha no Paulistão, eliminou o atual campeão dentro de casa, logo depois de ter despachado o Santos de Neymar. Na primeira fase, goleou o Palmeiras de Abel Ferreira. A final, contra o vencedor do Choque-Rei, tem grandes chances de ser disputada em casa, onde foram todas essas vitórias.

As revoluções caipiras não são novidade no Campeonato Paulista, mas é a primeira vez que esse conto de fadas chega a Novo Horizonte.

É hora de ir além dele. 

📹 @paulistao 
📷 @pedrozacchi / @paulistao e @juan_rodrigs04 / @oficialnovorizontino 

#Paulistão #Novorizontino #NovoHorizonte #Futebol",0,"03/01/2026 07:27",https://www.instagram.com/p/DVWMl4qDbsF/,"Carrossel do Instagram",,Total,75976,35787,3134,292,48,59,0
18191642776348459,17841401683210430,portalr7,"Portal R7","CLÁSSICO NA RECORD! 🟢🇾🇪⁣
⁣
Neste domingo (1º), Palmeiras e São Paulo lutam por uma vaga na grande final do Paulistão de 2026, na Arena Barueri.⁣
⁣
Você acompanha a transmissão ao vivo do Choque-Rei na tela da @sigarecord, no @portalr7 e no @recordplus a partir das 20h.⁣
⁣
➡️ Veja as principais notícias sobre o Campeonato Paulista 2026 em R7.com/esportes. O link está na bio.⁣
#PortalR7 #R7 #PaulistãoNaRECORD",0,"03/01/2026 07:00",https://www.instagram.com/p/DVWJeoEAfma/,"Imagem do Instagram",,Total,139039,95185,2543,213,0,45,0
17929169526206329,17841400074692954,paulistao,Paulistão,"CARTAS NA MESA PARA O DUELO DOS PROFESSORES! 🃏👀
Crespo e Abel se encontram mais uma vez no #PaulistãoCasasBahia, dessa vez na semifinal... quem vai sair com a vitória?
#Palmeiras #SãoPaulo",0,"03/01/2026 07:00",https://www.instagram.com/p/DVWEVVVjhGV/,"Imagem do Instagram",,Total,33292,19286,747,27,0,18,9
18087347293932473,17841401009444456,tntsportsbr,"TNT Sports Brasil","HOJE TEM SÃO PAULO NA SEMIFINAL DO PAULISTÃO! 🇾🇪🇾🇪 O Tricolor enfrenta o Palmeiras em busca de uma vaga na grande final, em jogo que você assiste AO VIVO na TNT e na HBO Max! #FutebolBrasileiro #PaulistãoNaTNT #PaulistãoNaHBOMax",0,"03/01/2026 07:00",https://www.instagram.com/p/DVWJhiDkd9C/,"Imagem do Instagram",,Total,2857202,1500275,63919,6256,59,648,0
18339519286209134,17841401651676045,afeoficial,"Ferroviária SAF","𝐀 𝐋𝐎𝐂𝐎𝐌𝐎𝐓𝐈𝐕𝐀 𝐀𝐂𝐄𝐋𝐄𝐑𝐎𝐔 𝐄𝐌 𝐏𝐑𝐄𝐒𝐈𝐃𝐄𝐍𝐓𝐄 𝐏𝐑𝐔𝐃𝐄𝐍𝐓𝐄!

#Ferroviária | #Araraquara | #PaulistaA2",0,"03/01/2026 07:00",https://www.instagram.com/p/DVWJenhDvIb/,"Carrossel do Instagram",,Total,25264,10261,382,2,0,6,0
17885755095353140,17841400074692954,paulistao,Paulistão,"AQUELA ESPIADINHA 👀🐶
A Adm tá ansiosa pra contar uma novidade pra vocês!
#FPF",32,"03/01/2026 06:32",https://www.instagram.com/reel/DVWGO1JDVGH/,"Reel do Instagram",,Total,19905,13235,376,0,1,4,7
17999204051860198,17841401002519160,penaltybr,"Penalty Brasil","O Novo Horizontino já está garantindo na grande final do Paulistão Casas Bahia 2026. 
E a melhor forma de definir o adversário é num clássico Choque-Rei.⚡👑

Já soltamos @santucci_rafa pelas ruas e avenidas para descobrir qual torcida está melhor preparada para a decisão.

Quem ganha?
🤔
#paulistão #penalty #futebol #palmeiras #sãopaulo",162,"03/01/2026 06:12",https://www.instagram.com/reel/DVWD1KZDpAN/,"Reel do Instagram",,Total,14015,11060,223,23,2,23,0
18112827598641488,17841400074692954,paulistao,Paulistão,"VANTAGEM TRICOLOR! 👀
Nos jogos do #PaulistãoCasasBahia, o São Paulo leva a melhor no retrospecto!
#ChoqueRei #Semifinal",0,"03/01/2026 06:00",https://www.instagram.com/p/DVV9d1XFNrz/,"Imagem do Instagram",,Total,260575,134923,12038,3167,27,544,447
18116711317622851,17841412731525361,tiago.herani,"TIAGO HERANI","Quais foram as suas impressões da partida? 🤔

#novorizontino #corinthians #analisetatica #paulistão2026 #embaixadorespaulistao",0,"03/01/2026 05:04",https://www.instagram.com/p/DVV8SrQkUUc/,"Carrossel do Instagram",,Total,54263,20598,995,78,6,24,0
18063458981328006,17841400074692954,paulistao,Paulistão,"O elenco do São Paulo quer muito o título do Paulistão Casas Bahia!
Hoje é dia de Choque-Rei ao vivo na Record, CazéTV, TNT e HBO Max, às 20h30!
#PaulistãoCasasBahia #Itaipava #SãoPaulo",90,"03/01/2026 05:00",https://www.instagram.com/reel/DVV3NwwmsgN/,"Reel do Instagram",,Total,37573,26060,3831,43,1,108,41
17960082852056640,17841400074692954,paulistao,Paulistão,"PARABÉNS, TIGRE DO VALE!
Finalista do Paulistão Casas Bahia 2026, o @oficialnovorizontino completa 16 anos neste domingo!
#FPF #Aniversário",0,"03/01/2026 03:48",https://www.instagram.com/p/DVVzhAnli0h/,"Imagem do Instagram",,Total,139947,74227,4888,157,3,78,27
18144581431483570,17841400777371682,xvpiracicaba,"XV de Piracicaba","📍Mooca, São Paulo.",0,"03/01/2026 03:31",https://www.instagram.com/p/DVVxnfvEdlm/,"Carrossel do Instagram",,Total,40276,16691,1033,11,5,12,0
17887681959442552,17841400074692954,paulistao,Paulistão,"DOMINGOU! 
Pra fechar a rodada, vem ver os jogos de hoje do #PaulistãoA2Rivalo 😉",0,"03/01/2026 02:00",https://www.instagram.com/p/DVVh_7coP6y/,"Imagem do Instagram",,Total,25478,15539,295,20,0,3,4
18346770949233283,17841412731525361,tiago.herani,"TIAGO HERANI","Que arco inacreditável do Robson! 🎯🔥

#novorizontino #corinthians #analisetatica #paulistão2026 #embaixadorespaulistao",108,"02/28/2026 20:18",https://www.instagram.com/reel/DVU_v-BAFaE/,"Reel do Instagram",,Total,94350,66504,4154,415,22,88,0
18328749367247185,17841400074692954,paulistao,Paulistão,"A HISTÓRIA ACONTECENDO! 🥹🐯#PaulistãoCasasBahia",20,"02/28/2026 19:29",https://www.instagram.com/reel/DVU6UvIjAp0/,"Reel do Instagram",,Total,293665,180582,9895,1825,149,300,156
18076598915099830,17841400074692954,paulistao,Paulistão,"É O TIGRE 🐯 
Vem ver a classificação do @oficialnovorizontino pelo ponto de vista da ADM! 🤪 #PaulistãoCasasBahia #Aurora",85,"02/28/2026 19:14",https://www.instagram.com/reel/DVU4jsojFyx/,"Reel do Instagram",,Total,24424,19312,748,25,2,5,9
18105104863851007,17841400074692954,paulistao,Paulistão,"CHEGOU O DIA DO CHOQUE-REI VALENDO VAGA NA FINAL DO PAULISTÃO CASAS BAHIA!
Palmeiras ou São Paulo: quem avança?
#PaulistãoCasasBahia #ChoqueRei",0,"02/28/2026 19:05",https://www.instagram.com/p/DVUykIdlmhW/,"Imagem do Instagram",,Total,288678,183896,10963,705,16,168,101
18365005159167315,17841400074692954,paulistao,Paulistão,"O ARTILHEIRO AGORA É FINALISTA DO PAULISTÃO CASAS BAHIA! 🌟😮‍💨
O @_robsonsf espera muita festa da torcida em Novo Horizonte na final do #PaulistãoCasasBahia! 
#Novorizontino",70,"02/28/2026 18:57",https://www.instagram.com/reel/DVU0ktjjBlY/,"Reel do Instagram",,Total,48867,40884,1319,34,7,20,14
18094918793067330,17841400074692954,paulistao,Paulistão,"DE VOLTA!
Depois de 9 anos longe, o interior do estado volta a ter um representante na final do Paulistão Casas Bahia!
#PaulistãoCasasBahia",0,"02/28/2026 18:50",https://www.instagram.com/p/DVU181pkgTk/,"Imagem do Instagram",,Total,167660,82194,5366,146,2,139,106
18402134461181327,17841400074692954,paulistao,Paulistão,"SONHAR E REALIZAR! 🐯
A festa do Novorizontino após a classificação inédita para a final do #PaulistãoCasasBahia.",20,"02/28/2026 18:25",https://www.instagram.com/reel/DVUzDXbgoi_/,"Reel do Instagram",,Total,88739,64178,5062,608,45,98,38
18511462183078586,17841400074692954,paulistao,Paulistão,"O ZAGUEIRÃO DO TIGRE! 🔥
@patricksousa_99 sabe que decidir o #PaulistãoCasasBahia no Jorjão vai impulsionar ainda mais o Novorizontino rumo ao título! 
#Novorizontino",19,"02/28/2026 18:14",https://www.instagram.com/reel/DVUxjvNjDJt/,"Reel do Instagram",,Total,40198,31805,996,69,6,15,6
18055228844439177,17841400074692954,paulistao,Paulistão,"SINTONIA ENTRE ELENCO E TORCIDA! 🐯🤩
Novo Horizonte está em festa com a classificação do Tigre para a decisão do #PaulistãoCasasBahia!",71,"02/28/2026 18:07",https://www.instagram.com/reel/DVUwjRpjKug/,"Reel do Instagram",,Total,25040,21045,1026,54,5,19,9
18257036143290283,17841401009444456,tntsportsbr,"TNT Sports Brasil","A MAIOR HISTÓRIA DO FUTEBOL BRASILEIRO EM 2026 ATÉ AGORA! 🟡⚫ O Novorizontino tá derrubando GIGANTES e vai em busca do título do Paulistão! #PaulistãoNaTNT #PaulistãoNaHBOMax #FutebolBrasileiro",35,"02/28/2026 18:07",https://www.instagram.com/reel/DVUxCTfkXWF/,"Reel do Instagram",,Total,1903437,1188097,71353,5732,34,1756,0
18573941344014116,17841400074692954,paulistao,Paulistão,"A EMOÇÃO DO APITO FINAL! 🥹🌟
O @oficialnovorizontino é FINALISTA do Paulistão Casas Bahia! 
#PaulistãoCasasBahia #Novorizontino",39,"02/28/2026 18:06",https://www.instagram.com/reel/DVUwWcQDEBv/,"Reel do Instagram",,Total,70700,53378,3693,153,15,35,22
18083290274247330,17841400074692954,paulistao,Paulistão,"TEM QUE RESPEITAR! 
Autor do único chute e gol da partida, Mayk foi eleito o Craque do Jogo e responsável por colocar o Novorizontino na final do #PaulistãoCasasBahia

#7kbetbr",148,"02/28/2026 18:06",https://www.instagram.com/reel/DVUwvt0Eoq8/,"Reel do Instagram",,Total,87054,56959,3759,115,5,97,38
17981050451809467,17841400074692954,paulistao,Paulistão,"QUEM VEM LÁ?
O Novorizontino já está garantido na grande decisão do Paulistão Casas Bahia e agora aguarda para saber quem será o adversário. Se liga nas possibilidades.
#PaulistãoCasasBahia",0,"02/28/2026 18:03",https://www.instagram.com/p/DVUwpSrkjwD/,"Imagem do Instagram",,Total,289724,146470,7970,429,4,187,145
18095154053052744,17841400074692954,paulistao,Paulistão,"QUE EMOÇÃO! 🥹
@romulo.simao01 pode chorar, você tá na final do #PaulistãoCasasBahia!",20,"02/28/2026 18:02",https://www.instagram.com/reel/DVUwGUhjPVj/,"Reel do Instagram",,Total,199034,154745,5072,186,18,116,47
18058785416378569,17841400074692954,paulistao,Paulistão,"NOITE DE FESTA! 🐯🥳
O sábado não tem hora para acabar em Novo Horizonte! O Tigre é finalista do Paulistão Casas Bahia!
#PaulistãoCasasBahia 
📷Pedro Zacchi/Ag. Paulistão/Sua Foto no Jogo",0,"02/28/2026 18:01",https://www.instagram.com/p/DVUwYonkrL8/,"Carrossel do Instagram",,Total,57940,29897,1542,188,1,34,7
18083800565350129,17841400074692954,paulistao,Paulistão,"HERÓI DA CASA!
Mayk fez o gol da classificação do Novorizontino e garantiu o troféu de #CraqueDoJogo!
#7kBet #PaulistãoCasasBahia
📷Douglas Moreti/Ag. Paulistão/Sua Foto no Jogo",0,"02/28/2026 17:53",https://www.instagram.com/p/DVUveZxkilI/,"Imagem do Instagram",,Total,16987,10685,343,15,0,5,4
18362451787160977,17841400074692954,paulistao,Paulistão,"O TIGRE DO VALE VAI BUSCAR A TAÇA!
#PaulistãoCasasBahia 
📷Pedro Zacchi e Douglas Moreti/Ag. Paulistão/Sua Foto no Jogo",0,"02/28/2026 17:51",https://www.instagram.com/p/DVUvLYmEhVd/,"Carrossel do Instagram",,Total,57764,29125,1970,59,1,28,6
18107079004771893,17841400074692954,paulistao,Paulistão,"O HEROI JORDI! 🧤
No último minuto, o goleiro apareceu para salvar o Novorizontino a assegurar a vaga da equipe na grande final do #PaulistãoCasasBahia.

#Bet365",54,"02/28/2026 17:48",https://www.instagram.com/reel/DVUuvBGEl_F/,"Reel do Instagram",,Total,135785,88302,2280,74,1,69,24
18112747756710804,17841400074692954,paulistao,Paulistão,"HISTÓRICO! 🐯🔥
Veja o apito final que selou a classificação do Novorizontino para a final do #PaulistãoCasasBahia!",31,"02/28/2026 17:45",https://www.instagram.com/reel/DVUuaS1jVCx/,"Reel do Instagram",,Total,157433,118827,8412,589,21,205,52
18106153957640037,17841401683210430,portalr7,"Portal R7","O Novorizontino elimina o Corinthians na semifinal e está na decisão do Paulistão! 🔥⚽⁣
⁣
➡️ Veja as principais notícias sobre o Campeonato Paulista 2026 em R7.com/esportes. O link está na bio.⁣
#PortalR7 #R7 #PaulistãoNaRECORD",28,"02/28/2026 17:45",https://www.instagram.com/reel/DVUuY_sAkZv/,"Reel do Instagram",,Total,448903,327835,18753,2669,40,740,0
18111363214599996,17841400074692954,paulistao,Paulistão,"COMEMORA, TIGRE! 🐯
O Novorizontino vai lutar pelo título do Paulistão Casas Bahia 2026!
#PaulistãoCasasBahia 
📷Pedro Zacchi e Douglas Moreti/Ag. Paulistão/Sua Foto no Jogo",0,"02/28/2026 17:43",https://www.instagram.com/p/DVUuXVXEq6l/,"Carrossel do Instagram",,Total,115159,70949,2519,832,4,118,23
17923427547089612,17841400074692954,paulistao,Paulistão,"O TIGRE É FINALISTA!
O Novorizontino vai em busca do título do Paulistão Casas Bahia 2026!
#PaulistãoCasasBahia",0,"02/28/2026 17:35",https://www.instagram.com/p/DVUta-1Enep/,"Imagem do Instagram",,Total,361678,218360,6944,1744,10,355,56
18121261783607718,17841400074692954,paulistao,Paulistão,"É GOL DO TIGRE! 🐯
Após um belo cruzamento, Mayk aparece livre para abrir o placar para o Novorizontino.

#PaulistãoCasasBahia #Betano",68,"02/28/2026 17:22",https://www.instagram.com/reel/DVUru1MFiYD/,"Reel do Instagram",,Total,88571,66995,3142,607,9,120,34
17918638797269259,17841400074692954,paulistao,Paulistão,"MAYK ABRE O PLACAR PARA O TIGRE! 🐯⚽️🔥
O Novorizontino se coloca na vantagem na semifinal do Paulistão Casas Bahia!
#PaulistãoCasasBahia",55,"02/28/2026 17:17",https://www.instagram.com/reel/DVUq5Uhjemn/,"Reel do Instagram",,Total,90955,70115,4933,361,6,68,46
18115147921722959,17841400861993763,matheusgonze1,"Matheus Gonze","Até as crianças do Novorizontino foram abraçar o Memphis❤️",12,"02/28/2026 17:12",https://www.instagram.com/reel/DVUp-72DsTc/,"Reel do Instagram",,Total,273332,175234,20871,995,64,211,0
18145265035417870,17841401009444456,tntsportsbr,"TNT Sports Brasil","André representando toda a torcida do Corinthians nesse desarme do Gabriel Paulista 👏🔥

Novorizontino x Corinthians é AO VIVO AGORA na @tntbr e na @hbomaxbr! Assine pelo link na BIO! #PaulistãoNaTNT #PaulistãoNaHBOMax #FutebolBrasileiro",14,"02/28/2026 16:30",https://www.instagram.com/reel/DVUl87HgXmZ/,"Reel do Instagram",,Total,3130793,1664735,99790,3256,44,460,0
17946360171102997,17841400074692954,paulistao,Paulistão,"INTERVALO EM NOVO HORIZONTE!
A rede ainda não balançou para Novorizontino e Corinthians.
#PaulistãoCasasBahia 
📷Pedro Zacchi e Douglas Moreti/Ag. Paulistão/ @suafotonojogo",0,"02/28/2026 16:24",https://www.instagram.com/p/DVUlQNtkjbE/,"Carrossel do Instagram",,Total,40824,19157,1008,17,0,30,4
17995359008872092,17841400074692954,paulistao,Paulistão,"🔟🇳🇱
#PaulistãoCasasBahia 
📷Douglas Moreti/Ag. Paulistão/ @suafotonojogo",0,"02/28/2026 16:12",https://www.instagram.com/p/DVUj4xKEj1w/,"Carrossel do Instagram",,Total,120815,58391,14023,95,17,88,60
18055563881439555,17841400074692954,paulistao,Paulistão,"NO LIMITE! ✋🛑
O Novorizontino ficou perto de abrir o placar, mas o Gabriel Paulista fez um corte perfeito em cima da hora para salvar o Corinthians.

#PaulistãoCasasBahia",16,"02/28/2026 15:57",https://www.instagram.com/reel/DVUiFBTgWFP/,"Reel do Instagram",,Total,102405,61867,2805,58,29,89,22
18108757705755683,17841401683210430,portalr7,"Portal R7","Tantos os pequenos torcedores do Corinthians quanto os do Novorizontino foram pedir um abraço do Memphis! 😅🦅⁣
⁣
➡️ Veja as principais notícias sobre o Campeonato Paulista 2026 em R7.com/esportes. O link está na bio.⁣
#PortalR7 #R7 #PaulistãoNaRECORD",22,"02/28/2026 15:51",https://www.instagram.com/reel/DVUhf3cAOFD/,"Reel do Instagram",,Total,634304,422286,51880,2742,73,299,0
18093757088073254,17841400074692954,paulistao,Paulistão,"DEU TABLET!📱
No cara ou coroa, o tablet do Corinthians foi o escolhido! Corre agora no site das @casasbahia pra garantir aquele descontão! #PaulistãoCasasBahia",48,"02/28/2026 15:42",https://www.instagram.com/reel/DVUgYgqkyF9/,"Reel do Instagram",,Total,152843,106787,5752,68,43,149,85
18085972277519395,17841400074692954,paulistao,Paulistão,"TÁÁÁÁÁ CHEGANDO A HORA!
Aquecimento rolando no Jorjão! Às 20h30 tem Novorizontino e Corinthians em campo para definir o primeiro finalista do Paulistão Casas Bahia!
#PaulistãoCasasBahia 
📷Pedro Zacchi e Douglas Moreti/Ag. Paulistão/ @suafotonojogo",0,"02/28/2026 15:10",https://www.instagram.com/p/DVUcxczEg4a/,"Carrossel do Instagram",,Total,26906,11893,866,3,0,10,5
18082559708601467,17841400074692954,paulistao,Paulistão,"AQUECIMENTO ROLANDO! 🔥
É clima de jogo decisivo no Jorjão! 
#PaulistãoCasasBahia #Semifinal #Novorizontino #Corinthians",25,"02/28/2026 15:07",https://www.instagram.com/reel/DVUcWoVkS7E/,"Reel do Instagram",,Total,88891,72368,1514,28,6,9,14
17851732542682330,17841401381444467,frasescoringao,FrasesCoringão,"FIEL EM PESO NO JORJÃO!",9,"02/28/2026 15:06",https://www.instagram.com/reel/DVUcGv0AHfI/,"Reel do Instagram",,Total,36925,23656,1946,13,2,14,0
17877522471405220,17841400074692954,paulistao,Paulistão,"VOCÊ FARIA IGUAL? 👀🐯
A gente foi até a torcida do @oficialnovorizontino e lançou o desafio: qual jogador do Paulistão você traria e com quem renovaria contrato? 
#PaulistãoCasasBahia #Sil #Novorizontino",30,"02/28/2026 15:02",https://www.instagram.com/reel/DVUblmNkfST/,"Reel do Instagram",,Total,99818,75819,685,99,10,15,20
17896059402409537,17841400074692954,paulistao,Paulistão,"QUE RECEPÇÃO DA TORCIDA DO TIGRE! 🐯🔥
Daqui a pouco a bola vai rolar entre Novorizontino e Corinthians pela semifinal do #PaulistãoCasasBahia!",63,"02/28/2026 14:34",https://www.instagram.com/reel/DVUXbQhEgYc/,"Reel do Instagram",,Total,123241,95286,2052,104,11,102,25
17875820958420967,17841454473375442,ulissescostatv,"ULISSES TV","O GOL DA VIRADA DO TAUBATÉ! 🫏💙

@brenobora, zagueirão do Burro da Central, deu uma de centroavante e apareceu lá na frente para fazer o gol da virada contra o São Bento.

🎙️ @narraito 

#taubate #burrodacentral #paulistao #campeonatopaulista #ulissestv",70,"02/28/2026 14:25",https://www.instagram.com/reel/DVUXZ4FGlGW/,"Reel do Instagram",,Total,33709,22343,624,10,3,14,0
18155208613442334,17841400074692954,paulistao,Paulistão,"TÁ TUDO PRONTO!
A torcida vai chegando e o estádio vai enchendo. Tá quase na hora da bola rolar para a semifinal do Paulistão Casas Bahia 2026!
#PaulistãoCasasBahia 
📷Pedro Zacchi/Ag. Paulistão/ @suafotonojogo",0,"02/28/2026 14:19",https://www.instagram.com/p/DVUW-FSkjl6/,"Carrossel do Instagram",,Total,19084,8515,495,2,0,2,5
18049292339759218,17841400074692954,paulistao,Paulistão,"TIMÃO NA 017!
O Corinthians também tá na área para a semifinal do Paulistão Casas Bahia!
#PaulistãoCasasBahia 
📷Pedro Zacchi/Ag. Paulistão/ @suafotonojogo",0,"02/28/2026 14:05",https://www.instagram.com/p/DVUVZ5cEmcE/,"Carrossel do Instagram",,Total,60538,28324,3095,2,9,22,23
18156371761437143,17841400074692954,paulistao,Paulistão,"QUAL VAI SER A BOA?!
Hoje tem, hein! Fica de olho no toss de Novorizontino e Corinthians para descobrir se é o celular ou o tablet que vai entrar na promoção da @casasbahia 
#PaulistãoCasasBahia 
📷Douglas Moreti/Ag. Paulistão/ @suafotonojogo",0,"02/28/2026 14:00",https://www.instagram.com/p/DVUU1zOErFc/,"Carrossel do Instagram",,Total,88942,38224,1558,12,1,22,13
17892537111423498,17841400074692954,paulistao,Paulistão,"🐯🤏🥰😍
#PaulistãoCasasBahia 
📷Pedro Zacchi/Ag. Paulistão/ @suafotonojogo",0,"02/28/2026 13:35",https://www.instagram.com/p/DVUR8cyEkL0/,"Imagem do Instagram",,Total,27075,15834,469,19,0,2,3
18070402682194481,17841400074692954,paulistao,Paulistão,"NOS BRAÇOS DO POVO!
O Novorizontino chegou ao Jorjão embalado pela torcida! O Tigre quer a vaga na final do Paulistão Casas Bahia 2026!
#PaulistãoCasasBahia
📷Pedro Zacchi/Ag. Paulistão/ @suafotonojogo",0,"02/28/2026 13:32",https://www.instagram.com/p/DVURl3gkvD0/,"Carrossel do Instagram",,Total,46044,19991,1140,29,4,15,6
17927968584219146,17841400074692954,paulistao,Paulistão,"DECISÃO NO INTERIOR!
Chegou o grande dia, meus amigos! É dia de conhecer o primeiro finalista do Paulistão Casas Bahia 2026!
#PaulistãoCasasBahia
📷Pedro Zacchi/Ag. Paulistão/ @suafotonojogo",0,"02/28/2026 13:12",https://www.instagram.com/p/DVUPUf_Ejvq/,"Carrossel do Instagram",,Total,34060,13795,919,24,2,4,5
18083114408210502,17841400074692954,paulistao,Paulistão,"QUEM É MELHOR GRINGO DO PAULISTÃO CASAS BAHIA PARA O ELENCO DO SÃO PAULO?
Dois jogadores foram votados e você vai ver a dupla em ação no domingo contra o Palmeiras pela semifinal do Paulistão Casas Bahia!
A bola vai rolar AO VIVO na Record, CazéTV, TNT e HBO Max, às 20h30!
#PaulistãoCasasBahia #CasasBahia #SãoPaulo",19,"02/28/2026 12:00",https://www.instagram.com/reel/DVUCAysAItu/,"Reel do Instagram",,Total,131466,71796,11135,162,13,166,161
17991870350760686,17841400731577742,yasmingzrn,Yasmin,"E o de vocês?
#futebol #futebolbrasileiro #paulistão #semifinal #palpitesdefutebol",15,"02/28/2026 12:00",https://www.instagram.com/reel/DVUHGlsCSRN/,"Reel do Instagram",,Total,334467,174668,7203,124,32,381,0
18570270088029232,17841400793745861,luscaxx,"Lusca ✨","CORINTHIANS X NOVORIZONTINO, e mais uma vez, Lusca e @paulistao 

Comenta aí o que você achou! 

#moda #futebol #paulistao",93,"02/28/2026 11:24",https://www.instagram.com/reel/DVUCnpGEcES/,"Reel do Instagram",,Total,147904,90784,3111,2347,34,736,0
17866487985492216,17841400074692954,paulistao,Paulistão,"A CRIA QUER A TAÇA!
Um dos destaques do Palmeiras no Paulistão Casas Bahia, o meia Allan falou sobre a possibilidade de começar a temporada já levantando o caneco!
#PaulistãoCasasBahia",33,"02/28/2026 10:54",https://www.instagram.com/reel/DVT_hEMFbb7/,"Reel do Instagram",,Total,31222,20237,3172,36,5,25,27
18194750197353175,17841400074692954,paulistao,Paulistão,"FORA DO PAÍS E QUER ACOMPANHAR A SEMIFINAL?
O YouTube do Paulistão Casas Bahia tem a solução perfeita! Corre lá para assistir Novorizontino e Corinthians ao vivo, com imagens e de graça!
Exceto para Brasil e Uruguai
#PaulistãoCasasBahia #PaulistãoNaGringa",0,"02/28/2026 10:51",https://www.instagram.com/p/DVT_Lv2kmdP/,"Imagem do Instagram",,Total,47997,28770,621,22,0,24,8
18110315434667495,17841400074692954,paulistao,Paulistão,"VANTAGEM ALVIVERDE! 👀
Nos últimos dez confrontos entre Palmeiras e São Paulo, o Verdão acumulou seis vitórias, contra uma do Tricolor nos pênaltis, além de três empates. Quem vai se sair melhor na semifinal do #PaulistãoCasasBahia?",0,"02/28/2026 10:00",https://www.instagram.com/p/DVT0IyGldo7/,"Imagem do Instagram",,Total,324615,153998,8553,668,7,350,184
17927544054224065,17841401002519160,penaltybr,"Penalty Brasil","Hoje descobriremos o primeiro finalista do Paulistão Casas Bahia 2026.😱⚽️🏆

E será que a cidade de Novo Horizonte está no clima de decisão? Mandamos o nosso especialista, @santucci_rafa conferir qual torcida está mais animada para o jogo.

#paulistao #futebol #penalty",158,"02/28/2026 09:15",https://www.instagram.com/reel/DVTz96ijjJB/,"Reel do Instagram",,Total,13324,10664,203,22,3,14,0
18057256157692344,17841400074692954,paulistao,Paulistão,"ENTREGA ESPECIAL!
Foi aqui que pediram @pedigreebr? 👀🤔
#FPF",22,"02/28/2026 09:00",https://www.instagram.com/reel/DVTtbOUjpu7/,"Reel do Instagram",,Total,19164,14671,366,12,2,6,2
18101002765934329,17841400731577742,yasmingzrn,Yasmin,"Eai, comenta aqui em baixo qual final você quer ver nesse Paulistão! 
#futebol #paulistão #futebolbrasileiro #curiosidades #cabelo",98,"02/28/2026 09:00",https://www.instagram.com/reel/DVTyg4wCVN8/,"Reel do Instagram",,Total,15613,11710,305,7,7,16,0
18043914734735350,17841453675164290,sportresenhaoficial,"Sport Resenha 🟣🟡","Jogadores que estavam na final do Paulistão de 22!💜💛
.
#futebol #desafio #futebolbrasileiro #sportresenha #futebolinternacional",95,"02/28/2026 08:54",https://www.instagram.com/reel/DVTxmYkgH7r/,"Reel do Instagram",,Total,54585,33257,2049,49,6,9,0
17904808299200653,17841400074692954,paulistao,Paulistão,"O melhor ataque contra a melhor defesa entre os semifinalistas! Novorizontino e Corinthians promete ser um jogão!
#PaulistãoCasasBahia #Opta",0,"02/28/2026 08:00",https://www.instagram.com/p/DVTmZ3tFvHO/,"Imagem do Instagram",,Total,103515,50689,4126,106,0,37,36
18079349210598947,17841402806868982,oboccapalmeiras,"Leandro Boccalini | Bocca","É CHOQUE-REI na semifinal do @paulistao ! Esse é o jogo que sempre vem na mente! Não tem jeito! 
.
Que a história se repita e que a Arena Barueri vire aquele Palestra Itália pulsante!!! A torcida vai chegar! 
.
AVANTI!",78,"02/28/2026 07:23",https://www.instagram.com/reel/DVTnHZMgA1C/,"Reel do Instagram",,Total,81666,55330,3867,74,1,186,0
18316140679254848,17841400074692954,paulistao,Paulistão,"DUELO PESADO NO ATAQUE! ⚽💢
De um lado, a dupla Flaco-Roque. Do outro, Luciano e Calleri. Quem vai se sair melhor no Choque-Rei valendo vaga na final do #PaulistãoCasasBahia?",0,"02/28/2026 07:00",https://www.instagram.com/p/DVTfikhDnAn/,"Imagem do Instagram",,Total,125324,72360,6362,611,0,95,78
18091869329320764,17841401683210430,portalr7,"Portal R7","DIA DE CORINTHIANS! 🦅⚽⁣⁣
⁣⁣
Neste sábado (28), o Timão visita o Novorizontino pela semifinal do Paulistão de 2026, no Estádio Doutor Jorge Ismael de Biasi, em Novo Horizonte.⁣⁣
⁣⁣
Você acompanha a transmissão ao vivo da partida na tela da @sigarecord, no @portalr7 e no @recordplus a partir das 20h.⁣⁣
⁣⁣
➡️ Veja as principais notícias sobre o Campeonato Paulista 2026 em R7.com/esportes. O link está na bio.⁣⁣
#PortalR7 #R7 #PaulistãoNaRECORD",0,"02/28/2026 06:30",https://www.instagram.com/p/DVThPtTFHn5/,"Imagem do Instagram",,Total,2720166,1263076,59806,666,51,199,0
18081155405254101,17841400074692954,paulistao,Paulistão,"CHAPADA DE QUEM SABE! 🤌
Vocês escolheram e o gol do João Victor foi escolhido como Golaço da 13ª rodada do #PaulistãoA2Rivalo.",8,"02/28/2026 06:30",https://www.instagram.com/reel/DVTcIOhD-rf/,"Reel do Instagram",,Total,72952,45718,1315,22,1,46,6
17878087896394777,17841400074692954,paulistao,Paulistão,"PA-RE-DÃO DO TIMÃO! 🦅
Será que o Hugo Souza vai fechar o gol e classificar o Corinthians para a grande final do Paulistão Casas Bahia?
#PaulistãoCasasBahia #Corinthians",0,"02/28/2026 06:00",https://www.instagram.com/p/DVTYzfBFM4k/,"Carrossel do Instagram",,Total,96324,44045,7654,107,4,61,35
17878433700483781,17841400074692954,paulistao,Paulistão,"QUEM É O DJ NO VESTIÁRIO DO TRICOLOR?🎶🎵
O elenco está alinhado sobre quem comanda a caixinha de som!
#PaulistãoCasasBahia #CasasBahia #SãoPaulo",39,"02/28/2026 05:00",https://www.instagram.com/reel/DVTSHVHiZEv/,"Reel do Instagram",,Total,49234,30687,3978,28,1,53,45
18331530073174303,17841401009444456,tntsportsbr,"TNT Sports Brasil","O NOVORIZONTINO TÁ EM BUSCA DA GRANDE FINAL! 🐯 Melhor campanha do Paulistão, o Tigre recebe o Corinthians em jogo único valendo vaga na final, que você assiste AO VIVO na TNT e na HBO Max! #FutebolBrasileiro #PaulistãoNaTNT #PaulistãoNaHBOMax",0,"02/28/2026 05:00",https://www.instagram.com/p/DVTXAygEXwh/,"Imagem do Instagram",,Total,743979,373595,15592,329,1,343,0
17948240759965767,17841400074692954,paulistao,Paulistão,"SABADÃO DE RODADA CHEIA! 🔥
Confira onde irão passar os jogos da 7ª rodada do #PaulistãoA4Rivalo",0,"02/28/2026 04:30",https://www.instagram.com/p/DVTOXwDGq2v/,"Imagem do Instagram",,Total,25292,14167,336,19,1,3,4
18072575447398786,17841401009444456,tntsportsbr,"TNT Sports Brasil","HOJE TEM TIMÃO EM BUSCA DE UMA VAGA NA FINAL DO PAULISTÃO! 🦅🦅 O Corinthians enfrenta o Novorizontino em jogo que você assiste AO VIVO na TNT e na HBO Max! Assine com o link da BIO! #FutebolBrasileiro #PaulistãoNaTNT #PaulistãoNaHBOMax",0,"02/28/2026 04:00",https://www.instagram.com/p/DVTQF9tEaws/,"Imagem do Instagram",,Total,5622939,2983769,173025,15209,100,664,0
17853001935629947,17841400074692954,paulistao,Paulistão,"A BOLA VAI ROLAR! 
Vem acompanhar os confrontos do dia da 14ª rodada do #PaulistãoA2Rivalo 🤩",0,"02/28/2026 03:30",https://www.instagram.com/p/DVTHgT1mpl9/,"Imagem do Instagram",,Total,20996,12512,253,4,0,5,3
