"Identificação do post","Identificação da conta","Nome de usuário da conta","Nome da conta",Descrição,"Duração (s)","Horário de publicação","Link permanente","Tipo de post","Comentário de dados",Data,Visualizações,Alcance,Curtidas,Compartilhamentos,Seguimentos,Comentários,Salvamentos
18051960929759297,17841405688144679,rivalobrasil,"Rivalo Brasil","QUANTOS VOCÊ MARCOU, TORCEDOR PAULISTA? 🤣

Já avisamos: quanto mais checks, maior o nível de sofrimento. Quem marcar todos, pode pedir música na arquibancada. 🔥

#Rivalo #NadaGanhadaEmocao #JoguecomResponsabilidade +18",0,"05/31/2026 13:54",https://www.instagram.com/p/DZBGTGxyTtG/,"Imagem do Instagram","Ocorreu um erro ao computar métricas.",-,,,,,,,
18093817327966086,17841405688144679,rivalobrasil,"Rivalo Brasil","[ENCERRADO]

A CAMISA E A BOLA DO CAMPEÃO @penapolenseoficial PODE SER SUA! 🏆

A Rivalo viveu cada jogo do Paulistão com vocês. Agora é hora de retribuir. Você e um amigo podem levar a CAMISA E A BOLA OFICIAL DA VITÓRIA DO PANTERA! 🔥

Pra conseguir é super fácil:
1️⃣ Comente “Eu Quero”
2️⃣ No mesmo comentário, marque um amigo até às 16h do dia 29/05
3️⃣ Pronto! O resultado do sorteio sai no dia 29/05 às 18h ⏰

Zero complicação e pras regras não tem mistério:
⚠️ Seguir a @rivalobrasil e o @penapolenseoficial no Instagram no momento do sorteio;
⚠️ Não pode marcar perfis de marca, somente de pessoas reais;
⚠️ Comentar exatamente a frase mencionada;
⚠️ Não nos responsabilizamos pela logística;
⚠️ Edição de comentários não é permitida;
🔞 Proibido para menores de 18 anos.

NÃO VAI PERDER ESSA, NÉ?! ⚽

#Rivalo #NadaGanhadaEmocao #JoguecomResponsabilidade 18+",0,"05/28/2026 13:29",https://www.instagram.com/p/DY5U-F3SiHS/,"Imagem do Instagram","Ocorreu um erro ao computar métricas.",-,,,,,,,
17890422978477799,17841405688144679,rivalobrasil,"Rivalo Brasil","ESSES CRAQUES RIVALO MERECEM UM LUGAR NA COPA? 🤔

A gente viu de tudo nos campeonatos esse ano: gols, viradas e craques brilhando em cada divisão. Alguns nomes que rodaram o Paulistão A2, A3 e A4 Rivalo estavam num nível absurdo. 🔥

Se você fosse o Mister, quem levaria pra Copa do Mundo? Manda o nome aqui embaixo ⬇️

#Rivalo #NadaGanhadaEmocao #JoguecomResponsabilidade +18",0,"05/26/2026 08:00",https://www.instagram.com/p/DYzl7ZHlmK5/,"Carrossel do Instagram","Ocorreu um erro ao computar métricas.",-,,,,,,,
18059497838492080,17841448142257491,cirilodafiel,"Pedro Ivo","Matheus Bidu comenta sobre a partida.",19,"05/24/2026 17:48",https://www.instagram.com/reel/DYvfgIPNrWt/,"Reel do Instagram","Ocorreu um erro ao computar métricas.",-,,,,,,,
17880615207439753,17841400074692954,paulistao,Paulistão,"Com direito a vitória do Palmeiras no Maracanã, Guarani líder da Série C e Portuguesa classificada para a próxima fase da Série D, tivemos um sabadão repleto de emoção com os #PaulistasEmCampo!
#FutebolPaulista",0,"05/23/2026 19:11",https://www.instagram.com/p/DYtEVGcDLQZ/,"Imagem do Instagram",,Total,63730,39428,1108,11,2,18,13
18093382082589532,17841400074692954,paulistao,Paulistão,"MAIS LÍD3R DO QU3 NUNCA!
Palmeiras vence Flamengo no Maracanã e abre sete pontos de vantagem pra equipe carioca!
#PaulistasEmCampo
📷Cesar Greco/Palmeiras",0,"05/23/2026 19:04",https://www.instagram.com/p/DYtDckADzpY/,"Imagem do Instagram",,Total,174906,111550,8233,1397,10,128,76
18081731156438531,17841400074692954,paulistao,Paulistão,"Mais um domingo de muito #FutebolPaulista finalizado!
#PaulistasEmCampo",0,"05/31/2026 18:52",https://www.instagram.com/p/DZBobEVCdUY/,"Imagem do Instagram",,Total,44780,26074,996,9,0,14,14
18132690457569144,17841400074692954,paulistao,Paulistão,"São Paulo sofre gol no fim e acaba sendo superado pelo Remo.
#PaulistasEmCampo
📷Rubens Chiri/Arquivo/São Paulo",0,"05/31/2026 18:47",https://www.instagram.com/p/DZBn5eZFEv3/,"Imagem do Instagram",,Total,50705,28405,1630,907,0,100,16
17856665679661535,17841400074692954,paulistao,Paulistão,"BRASIL-SIL-SIL! 🇧🇷
No primeiro amistoso pré-Copa do Mundo, a Seleção goleou o Panamá no Maracanã!
#SeleçãoBrasileira
📷Divulgação/CBF",0,"05/31/2026 16:33",https://www.instagram.com/p/DZBYjzDDnV9/,"Imagem do Instagram",,Total,79928,46316,2356,246,1,32,19
18010675595910128,17841400074692954,paulistao,Paulistão,"RODADA 7! ✅
Foi assim que terminou mais um fim de semana de Paulista Sub-23 Segunda Divisão!
#FutebolPaulista",0,"05/31/2026 14:56",https://www.instagram.com/p/DZBNa1KEq_m/,"Imagem do Instagram",,Total,26166,14883,332,20,8,3,7
18042455228889861,17841400074692954,paulistao,Paulistão,"AVANTI, PALESTRA!
O líder do Brasileirão vence mais uma!
#PaulistasEmCampo
📷Cesar greco/Palmeiras",0,"05/31/2026 14:23",https://www.instagram.com/p/DZBJrDGH1Ta/,"Imagem do Instagram",,Total,58230,34398,2308,150,2,68,18
18086612225628672,17841400074692954,paulistao,Paulistão,"GOLEADA BUGRINA! 🖐️
O Guarani fez a festa da torcida neste domingo!
#PaulistasEmCampo
📷Raphael Silvestre/Guarani",0,"05/31/2026 14:19",https://www.instagram.com/p/DZBJQDTH-Dh/,"Imagem do Instagram",,Total,30914,18696,989,23,3,37,9
18076794836260146,17841400074692954,paulistao,Paulistão,"PONTO LÁ!
A Ferroviária fica no empate contra o Santa Cruz.
#PaulistasEmCampo
📷Guilherme Moro/Ferroviária",0,"05/31/2026 14:17",https://www.instagram.com/p/DZBI-T_n6g3/,"Imagem do Instagram",,Total,13222,8068,122,3,0,0,1
18010979054899776,17841400074692954,paulistao,Paulistão,"VAI, LEÃO!
A Inter de Limeira garante mais uma vitória na Série C!
#PaulistasEmCampo
📷Rogério Rueda/Divulgação/Inter de Limeira",0,"05/31/2026 14:13",https://www.instagram.com/p/DZBIjY0n-af/,"Imagem do Instagram",,Total,16313,9536,210,1,0,3,1
18103294171832703,17841400074692954,paulistao,Paulistão,"MASSA BRUTA VENCE!
Red Bull Bragantino não dá chances para o Internacional e consegue os três pontos no Brasileirão!
#PaulistasEmCampo
📷Ari Ferreira/Red Bull Bragantino",0,"05/31/2026 09:05",https://www.instagram.com/p/DZAlTTclua4/,"Imagem do Instagram",,Total,22083,13143,316,3,0,2,6
18171781732420672,17841400074692954,paulistao,Paulistão,"TIGRES EMPATAM NA SÉRIE B!
Ficou tudo igual entre São Bernardo e Novorizontino.
#PaulistasEmCampo
📷Ozzair Jr/Novorizontino",0,"05/31/2026 09:02",https://www.instagram.com/p/DZAk71HFnDo/,"Imagem do Instagram",,Total,14489,8912,161,3,0,4,1
18065778083702523,17841400074692954,paulistao,Paulistão,"CONVOCAÇÃO DUPLA! 🇺🇾
Joaquín Piquerez e Emiliano Martínez, do Palmeiras, vão defender o Uruguai na Copa do Mundo!
#FutebolPaulista",0,"05/31/2026 07:00",https://www.instagram.com/p/DZAXBDxli3L/,"Imagem do Instagram",,Total,137118,76488,11460,288,17,28,93
18583342234019403,17841400074692954,paulistao,Paulistão,"A ÚLTIMA RODADA ANTES DA COPA DO MUNDO!
Vem conferir os sete confrontos das minhas equipes que vão rolar hoje nas competições nacionais!
#PaulistasEmCampo",0,"05/31/2026 06:00",https://www.instagram.com/p/DZAK8FUlHwN/,"Imagem do Instagram",,Total,80643,40309,2189,252,4,88,41
18165117295440453,17841400074692954,paulistao,Paulistão,"CINCO JOGOS!
Veio ai o encerramento da rodada no domingão.
#PaulistaSub23SegundaDivisão",0,"05/31/2026 02:00",https://www.instagram.com/p/DY_veCelJUO/,"Imagem do Instagram",,Total,13509,7943,125,6,0,2,0
18086659268227476,17841400074692954,paulistao,Paulistão,"PARTIU COPA DO MUNDO!
Na despedida com a torcida, o Brasil entra em campo no Maracanã! 
#Brasil #CopaDoMundo",0,"05/30/2026 20:05",https://www.instagram.com/p/DY_G1-vnbfB/,"Imagem do Instagram",,Total,82162,42851,3766,28,1,5,19
18426622963131011,17841400074692954,paulistao,Paulistão,"Sábado de muitos jogos por aqui! Se liga só no que rolou ao longo do dia.
#PaulistasEmCampo",0,"05/30/2026 18:30",https://www.instagram.com/p/DY_BH_LCD05/,"Imagem do Instagram",,Total,71465,43458,1251,5,4,7,22
18165483826430512,17841400074692954,paulistao,Paulistão,"SANTOS, SEMPRE SANTOS!
Vitória Alvinegra na Vila Belmiro!
#PaulistasEmCampo
📷Raul Baretta/Santos",0,"05/30/2026 18:05",https://www.instagram.com/p/DY--VfIn2kR/,"Imagem do Instagram",,Total,45472,25394,1780,48,0,13,10
18052645538742749,17841400074692954,paulistao,Paulistão,"O Ituano levou a virada em Caxias do Sul e acabou superado pela Série C.
#PaulistasEmCampo
📷Flavio Torres/Arquivo/Ituano",0,"05/30/2026 17:35",https://www.instagram.com/p/DY-61O1mBxk/,"Imagem do Instagram",,Total,15094,8710,149,2,1,1,2
18324921493265105,17841400074692954,paulistao,Paulistão,"Não era esse o resultado que o Velo Clube esperava conseguir.
#PaulistasEmCampo
📷Divulgação/Velo Clube",0,"05/30/2026 17:18",https://www.instagram.com/p/DY-43nZDPZj/,"Imagem do Instagram",,Total,33938,20044,329,8,0,2,5
18163538503443449,17841400074692954,paulistao,Paulistão,"DE VIRADA!
O Corinthians buscou o resultado e saiu com os três pontos contra o Grêmio!
#PaulistasEmCampo
📷Rodrigo Coca/Agência Corinthians",0,"05/30/2026 15:54",https://www.instagram.com/p/DY-vXSlli6P/,"Imagem do Instagram",,Total,57697,33331,2465,181,0,12,19
17928777153300384,17841400777371682,xvpiracicaba,"XV de Piracicaba","UNIÃO SINISTRA ⚫️⚪️",59,"05/30/2026 15:27",https://www.instagram.com/reel/DY-r2p-sM_I/,"Reel do Instagram",,Total,84190,53551,3353,133,91,76,0
18106590182067249,17841400074692954,paulistao,Paulistão,"EMPATE PAULISTA!
Ficou tudo igual no confronto entre XV de Piracicaba e Noroeste pela Série D.
#PaulistasEmCampo
📷Mariana Kasten/XV de Piracicaba",0,"05/30/2026 15:17",https://www.instagram.com/p/DY-rEDnn6EE/,"Imagem do Instagram",,Total,14185,8436,213,2,0,3,4
18011110367886266,17841400074692954,paulistao,Paulistão,"A 🔟 É DELE! 
Neymar vai vestir a camisa 10 do Brasil na Copa do Mundo!
#FutebolPaulista
📷Vitor Silva/CBF",0,"05/30/2026 15:14",https://www.instagram.com/p/DY-qx-UnzTx/,"Imagem do Instagram",,Total,78328,39074,6207,81,0,46,33
17899393044449861,17841400074692954,paulistao,Paulistão,"GOLEADA DO NETUNO!
Põe mais três pontos na conta do Água Santa!
#PaulistasEmCampo
📷Alan Silva/Divulgação/Água Santa",0,"05/30/2026 14:16",https://www.instagram.com/p/DY-kFC5n_pO/,"Imagem do Instagram",,Total,14264,8503,174,5,1,2,1
18084456527304961,17841400074692954,paulistao,Paulistão,"VAI, LUSA!
A Portuguesa vence mais uma pela Série D!
#PaulistasEmCampo
📷André Lucas/Portuguesa",0,"05/30/2026 14:11",https://www.instagram.com/p/DY-jhWtHwyQ/,"Imagem do Instagram",,Total,31987,19693,1083,14,14,15,5
18104281976474509,17841400074692954,paulistao,Paulistão,"O Mirassol sofreu o revés contra o Athletico.
#PaulistasEmCampo
📷Pedro Zacchi/Ag. Mirassol",0,"05/30/2026 14:08",https://www.instagram.com/p/DY-jKYHH5mp/,"Imagem do Instagram",,Total,28811,17464,329,3,0,4,4
18090610547460151,17841400074692954,paulistao,Paulistão,"Sabadão agitado no Paulista Sub-23 Segunda Divisão!
#FutebolPaulista",0,"05/30/2026 14:02",https://www.instagram.com/p/DY-ien3n6IH/,"Imagem do Instagram",,Total,22016,12053,345,11,3,10,3
18075049151463561,17841408376344663,libertadoresbr,"CONMEBOL Libertadores","🇦🇷💚 Que jogada, Flaquito! Aí foi só correr pra cambalhota, Allan 🐷 @Palmeiras",35,"05/30/2026 13:01",https://www.instagram.com/reel/DY-ba67ghW8/,"Reel do Instagram",,Total,221147,172510,12779,416,41,72,0
18116855149755262,17841401659538306,ecaguasanta,"Esporte Clube Água Santa","SEMPRE ELE! 🫡💙

Levi marca o primeiro do Netuno após belo passe de Vitinho!

🎥 Gustavo Braz",44,"05/30/2026 12:17",https://www.instagram.com/reel/DY-V8mhBXrd/,"Reel do Instagram",,Total,58809,38819,1209,27,8,28,0
17957755020124156,17841426196827383,copinha,Copinha,"SABADÃO DE ESTREIA!
Tem jogão ao vivo no YouTube da @energia97fm! É dia de Sertãozinho e Santos pelo Paulista Sub-20 Série A!
#PaulistasEmCampo",0,"05/30/2026 10:01",https://www.instagram.com/p/DY-G5T_yf84/,"Imagem do Instagram",,Total,56580,28690,490,22,3,3,7
18122589214654721,17841400074692954,paulistao,Paulistão,"A PRIMEIRA COPA DO BRASIL DO VERDÃO!🏆
No MorumBIS lotado, aos 44 minutos do segundo tempo, Oséas fez o gol do título do Verdão na
@copadobrasilcbf.
#FutebolPaulista #PaulistasEmCampo
#BaúDoPaulistão",0,"05/30/2026 08:00",https://www.instagram.com/p/DY9z4Jrn-ht/,"Imagem do Instagram",,Total,47913,27393,3310,38,4,16,31
18106879690751773,17841400074692954,paulistao,Paulistão,"SÁBADÃO CHEIO!
Só tem jogão para animar o sábado do torcedor do #FutebolPaulista 🤩
#PaulistasEmCampo",0,"05/30/2026 07:27",https://www.instagram.com/p/DY91TvblpHQ/,"Imagem do Instagram",,Total,25774,15002,494,6,0,10,7
18110171752923421,17841427660247984,porcaopalestrino,Porcão,"Bia Zaneratto recebe homanagem pelos 100 jogos vestindo a camisa do Palmeiras",15,"05/30/2026 07:02",https://www.instagram.com/reel/DY9yS6_xBkH/,"Reel do Instagram",,Total,10485,7216,1299,9,2,18,0
18116913049696586,17841400074692954,paulistao,Paulistão,"🏆Há 24 anos, o São Paulo vencia o Ituano no MorumBIS por 4 a 1 e conquistava o Supercampeonato Paulista 2002.
#FutebolPaulista #BaúDoPaulistão",0,"05/30/2026 07:00",https://www.instagram.com/p/DY9tAnvlp8n/,"Imagem do Instagram",,Total,53557,29351,2070,11,5,38,27
18093289154351484,17841400074692954,paulistao,Paulistão,"TARDE CHEIA!
Seis jogos agitam o sábado à tarde por aqui na Paulista Sub-23 Segunda Divisão.
#PaulistaSub23SegundaDivisão",0,"05/30/2026 04:00",https://www.instagram.com/p/DY9Ybe9lhJM/,"Imagem do Instagram",,Total,19726,12077,158,14,0,1,2
18051655205523334,17841400074692954,paulistao,Paulistão,"História, paixão e compromisso com o futebol. ⚽🇪🇨
Parabéns à Federación Ecuatoriana de Fútbol pelo seus 101 anos de história! #Aniversário",0,"05/30/2026 04:00",https://www.instagram.com/p/DY9YaUNFqOO/,"Imagem do Instagram",,Total,24116,13348,493,0,0,2,6
17888545188541474,17841400074692954,paulistao,Paulistão,"FANATICÃO EM ROLAND GARROS! 🎾
Nosso mascote virou o João Fonseca com essa disputa histórica de hoje 🤩
#Fanaticão #RolandGarros",0,"05/29/2026 13:30",https://www.instagram.com/p/DY74SMcoOVf/,"Imagem do Instagram",,Total,19508,11438,363,8,1,1,4
17997491441957370,17841400074692954,paulistao,Paulistão,"IMAGINA O SEU EU PEQUENO OUVINDO ISSO… 👀
E se alguns convocados da Seleção Brasileira que já jogaram o Paulistão Casas Bahia se encontrassem com a mini versão deles? 🥹🇧🇷
#PaulistasEmCampo",0,"05/29/2026 12:43",https://www.instagram.com/p/DY70qtCCZl4/,"Carrossel do Instagram",,Total,1257752,642233,43137,931,84,98,1049
18094270726963700,17841400074692954,paulistao,Paulistão,"CHAVEAMENTO DA SUDAMERICANA!
São Paulo, Red Bull Bragantino e Santos estão em busca da grande conquista!
#PaulistasEmCampo",0,"05/29/2026 09:45",https://www.instagram.com/p/DY7fHRlEnNs/,"Imagem do Instagram",,Total,184201,96393,4742,82,5,22,59
18065511401413900,17841400074692954,paulistao,Paulistão,"A TRAJETÓRIA ATÉ A TAÇA!
Olha só como ficou o chaveamento da @libertadoresbr.
#PaulistasEmCampo",0,"05/29/2026 09:23",https://www.instagram.com/p/DY7dyrrRg1K/,"Imagem do Instagram",,Total,303298,152973,12531,236,13,130,148
17994994016968630,17841400074692954,paulistao,Paulistão,"EM BUSCA DA GLÓRIA ETERNA!
O Timão, o Verdão e o Leão conheceram os confrontos das oitavas de final da @libertadoresbr.
#PaulistasEmCampo",0,"05/29/2026 08:41",https://www.instagram.com/p/DY7Y-xix0nX/,"Imagem do Instagram",,Total,65856,37921,2170,36,1,42,19
18059508686711220,17841400074692954,paulistao,Paulistão,"O CAMINHO DOS PAULISTAS!
Vem conferir como ficaram os playoffs e o caminhos do #FutebolPaulista na @sudamericanabr.
#PaulistasEmCampo",0,"05/29/2026 08:35",https://www.instagram.com/p/DY7YFQfRHJ2/,"Imagem do Instagram",,Total,37382,21874,770,13,0,7,14
17906113242423918,17841400074692954,paulistao,Paulistão,"MAIS UMA!
A sétima rodada do #PaulistãoSub23SegundaDivisão chegou com tudo por aqui 🔥",0,"05/29/2026 07:00",https://www.instagram.com/p/DY7IN4DFgQe/,"Imagem do Instagram",,Total,20549,12365,232,16,2,4,3
18322852105284017,17841400074692954,paulistao,Paulistão,"CONFRONTOS DEFINIDOS!
Confira os duelos dos paulistas nos playoffs da @sudamericanabr!
#FutebolPaulista #PaulistasEmCampo",0,"05/28/2026 20:21",https://www.instagram.com/p/DY6ER9EFjpM/,"Imagem do Instagram",,Total,34824,19075,980,21,1,19,12
17886506838561265,17841408376344663,libertadoresbr,"CONMEBOL Libertadores","⚽🇳🇬 @palmeiras em noite artilheira para avançar às Oitavas de Final!",28,"05/28/2026 17:30",https://www.instagram.com/reel/DY5wnvwjT19/,"Reel do Instagram",,Total,420725,297470,12546,1385,86,121,0
18200940451359401,17841408376344663,libertadoresbr,"CONMEBOL Libertadores","🎯🐷 ANDREEEEEAS 💚 @Palmeiras",13,"05/28/2026 17:11",https://www.instagram.com/reel/DY5uX1VJmx2/,"Reel do Instagram",,Total,1013837,662543,50263,1078,68,437,0
18094457257964045,17841408376344663,libertadoresbr,"CONMEBOL Libertadores","🇦🇷🤝🇨🇴 Eles voaram antes da @fifaworldcup! De novo Flaco-Arias para o gol do @Palmeiras na CONMEBOL #Libertadores.",27,"05/28/2026 17:08",https://www.instagram.com/reel/DY5uGshJSek/,"Reel do Instagram",,Total,787834,515248,45566,590,56,152,0
17956445081963710,17841408376344663,libertadoresbr,"CONMEBOL Libertadores","💎🐷 Allan 💚 @Palmeiras 🔥",27,"05/28/2026 17:06",https://www.instagram.com/reel/DY5t2Dcpsg6/,"Reel do Instagram",,Total,1571621,1008234,95179,4714,384,1045,0
18084877154530943,17841408376344663,libertadoresbr,"CONMEBOL Libertadores","🇦🇷💚🇨🇴 Pique @fifaworldcup! De Flaco para Arias, gol do @Palmeiras com brilho dos convocados!",13,"05/28/2026 17:02",https://www.instagram.com/reel/DY5tdkeJ43j/,"Reel do Instagram",,Total,105533,73837,7112,99,7,26,0
18005859722867817,17841400074692954,paulistao,Paulistão,"GOLEADA E CLASSIFICAÇÃO!⚽⚽⚽⚽
O Palmeiras deu show na Libertadores!
#PaulistasEmCampo #FutebolPaulista 
📷Staff Images/Conmebol",0,"05/28/2026 17:01",https://www.instagram.com/p/DY5tbx2EguS/,"Imagem do Instagram",,Total,39519,24159,1293,117,0,14,16
18118945339667329,17841400074692954,paulistao,Paulistão,"PALMEIRAS NAS OITAVAS!🐷💚
Verdão goleia e garante classificação na Libertadores!
#FutebolPaulista #PaulistasEmCampo",0,"05/28/2026 16:55",https://www.instagram.com/p/DY5svbUFkpN/,"Imagem do Instagram",,Total,51935,31739,1557,35,1,17,11
18069483764676326,17841408376344663,libertadoresbr,"CONMEBOL Libertadores","🐷💚 Figurinha conhecida! Por 🔟 anos seguidos, tem @Palmeiras nas Oitavas da CONMEBOL #Libertadores.",15,"05/28/2026 16:53",https://www.instagram.com/reel/DY5scW5pdAL/,"Reel do Instagram",,Total,582884,457373,21767,3227,95,386,0
17929973178316182,17841408376344663,libertadoresbr,"CONMEBOL Libertadores","🙌💚 É pra festejar, Carlos Miguel!",19,"05/28/2026 16:46",https://www.instagram.com/reel/DY5rhEtpzcR/,"Reel do Instagram",,Total,170626,127309,8687,51,17,104,0
18109402198913842,17841400074692954,paulistao,Paulistão,"FLAQUITO CONVOCADO! 🇦🇷🐷💚
#PaulistasEmCampo #Convocação #CopaDoMundo #FlacoLópez",0,"05/28/2026 15:33",https://www.instagram.com/p/DY5jUGJkvKA/,"Imagem do Instagram",,Total,151948,82728,14491,180,29,31,76
18592646140049997,17841400074692954,paulistao,Paulistão,"O CRAQUE DO PAULISTÃO CASAS BAHIA ESTÁ NA COPA DO MUNDO!
Flaco López foi convocado por Lionel Scaloni e vai representar a Argentina no Mundial!
#PaulistãoCasasBahia #PelasLentes",81,"05/28/2026 15:26",https://www.instagram.com/reel/DY5iYyjjRKd/,"Reel do Instagram",,Total,26779,22133,1802,21,0,20,31
18099831964869328,17841408376344663,libertadoresbr,"CONMEBOL Libertadores","💚📲 Zoom na casa do @Palmeiras! É mais uma noite de CONMEBOL #Libertadores.",17,"05/28/2026 13:59",https://www.instagram.com/reel/DY5YiOmpkOz/,"Reel do Instagram",,Total,156803,123082,2094,24,2,11,0
18062519105476622,17841400074692954,paulistao,Paulistão,"EMOCIONANTE!😍🥰
Imagina você achar que é só mais uma gravação e dar de cara com o seu ídolo?
Foi isso que aconteceu com o Eduardo Conceição, atleta do Palmeiras, que conheceu o seu ídolo, Neymar Jr.!
🎥 @pumabrasil",39,"05/28/2026 12:24",https://www.instagram.com/reel/DY5NiEikxBi/,"Reel do Instagram",,Total,366939,211420,18682,512,189,112,626
17889483210545109,17841400074692954,paulistao,Paulistão,"A TAÇA LIBERTADORES, OBSESSÃO! 
O Verdão vai em busca da classificação em casa na @libertadoresbr.
#PaulistasEmCampo",0,"05/28/2026 10:08",https://www.instagram.com/p/DY4-K5wkmXM/,"Imagem do Instagram",,Total,13233,7522,259,3,0,0,3
17947439382187251,17841400074692954,paulistao,Paulistão,"Esses foram os resultados dos confrontos das equipes paulistas dessa quarta-feira!
#PaulistasEmCampo",0,"05/27/2026 19:41",https://www.instagram.com/p/DY3a3Z7DeQN/,"Imagem do Instagram",,Total,25424,16186,302,16,0,8,3
18444064903136620,17841400074692954,paulistao,Paulistão,"O Corinthians sofre a derrota na Neo Química Arena na @libertadoresbr.
#PaulistasEmCampo
📷Divulgação/@caplatense",0,"05/27/2026 19:37",https://www.instagram.com/p/DY3aanFmeZo/,"Imagem do Instagram",,Total,47700,26348,937,234,0,55,11
18594418363055838,17841400074692954,paulistao,Paulistão,"VITÓRIA + CLASSIFICAÇÃO!
O Massa Bruta venceu em casa e continua na disputa pela taça da @sudamericanabr!
#PaulistasEmCampo
📷Ari Ferreira/Red Bull Bragantino",0,"05/27/2026 19:31",https://www.instagram.com/p/DY3ZvXRDTjP/,"Imagem do Instagram",,Total,25275,15140,258,4,0,1,0
18328672585266456,17841400074692954,paulistao,Paulistão,"MASSA BRUTA CLASSIFICADO!
O Red Bull Bragantino está garantido na próxima fase da @sudamericanabr!
#PaulistasEmCampo",0,"05/27/2026 19:28",https://www.instagram.com/p/DY3ZdUKjeTn/,"Imagem do Instagram",,Total,19058,11661,262,6,3,6,2
18065634959402921,17841408376344663,libertadoresbr,"CONMEBOL Libertadores","🎶🖤 Faz barulho, Fiel! Medimos os decibéis do POROPÓPÓ dentro do campo do @Corinthians!",51,"05/27/2026 18:02",https://www.instagram.com/reel/DY3Pflnp4gc/,"Reel do Instagram",,Total,247028,165225,15250,596,186,193,0
17965255875118324,17841400074692954,paulistao,Paulistão,"O empate não foi suficiente e o Novorizontino se despede da Copa Sul-Sudeste.
#PaulistasEmCampo
📷Juan Rodrigues/Novorizontino",0,"05/27/2026 17:00",https://www.instagram.com/p/DY3Idj2GBwP/,"Imagem do Instagram",,Total,17566,10232,219,2,0,1,7
18077765579218767,17841408376344663,libertadoresbr,"CONMEBOL Libertadores","🔝5⃣ artilheiros do @Corinthians na CONMEBOL #Libertadores: VALENDO!",33,"05/27/2026 15:56",https://www.instagram.com/reel/DY3BBH0pIVf/,"Reel do Instagram",,Total,30838,22881,757,2,2,6,0
17904053511264701,17841400074692954,paulistao,Paulistão,"DENTRE OS GRANDES, ÉS O PRIMEIRO! 🎵🇾🇪
O @saopaulofc atingiu a marca de 11 mil gols na história do Tricolor Paulista! #FutebolPaulista",0,"05/27/2026 13:50",https://www.instagram.com/p/DY2yw1rlFPA/,"Imagem do Instagram",,Total,44707,23610,2069,43,0,18,17
17988286713004487,17841400074692954,paulistao,Paulistão,"DE VOLTA AO MUNDIAL!
Em 2014, Memphis marcou esse gol na Copa do Mundo na Neo Química Arena. O homem tá on demais 🔙⚽
#CopaDoMundo #Memphis
🎥 @fifaworldcup",35,"05/27/2026 12:38",https://www.instagram.com/reel/DY2qaKsDeul/,"Reel do Instagram",,Total,96117,66257,4237,60,2,34,59
18138672823531719,17841408259134524,sudamericanabr,"CONMEBOL Sudamericana","🇧🇴🤍 MIGUELITO 😍 @SantosFC",22,"05/27/2026 11:55",https://www.instagram.com/reel/DY2ldqJBxqX/,"Reel do Instagram",,Total,88139,62170,3729,11,12,15,0
18003788984928008,17841400074692954,paulistao,Paulistão,"CAMISA 10 DO TIMÃO CONVOCADO! 🇳🇱
Memphis Depay vai representar a Holanda na Copa do Mundo! 
#PaulistasEmCampo #Corinthians #CopaDoMundo",0,"05/27/2026 11:31",https://www.instagram.com/p/DY2ihEJJoY9/,"Imagem do Instagram",,Total,265448,196642,36714,1253,645,121,400
17995134596785809,17841400074692954,paulistao,Paulistão,"ELE TÁ VOANDO!
São 20 participações em gols na temporada para o Gabigol no Peixão.
#PaulistasEmCampo #Santos",0,"05/27/2026 09:24",https://www.instagram.com/p/DY2UUgflmGU/,"Imagem do Instagram",,Total,38104,21512,1502,90,0,3,15
17964993438095385,17841400074692954,paulistao,Paulistão,"UM EM CADA COMPETIÇÃO!
Novorizontino quer a vaga na Copa Sul-Sudeste, Red Bull Bragantino quer avançar na @sudamericanabr e o Timão quer mais uma vitória na @libertadoresbr!
#PaulistasEmCampo",0,"05/27/2026 06:00",https://www.instagram.com/p/DY13xtwGZIS/,"Imagem do Instagram",,Total,15499,9140,278,10,0,2,2
17858186229637262,17841408259134524,sudamericanabr,"CONMEBOL Sudamericana","💪 PAREDÃO BRAZÃO 🤍

🐋 @SantosFC ⭐️ #GrandeConquista",18,"05/27/2026 04:01",https://www.instagram.com/reel/DY1vNWIhmjO/,"Reel do Instagram",,Total,851102,561848,35670,1261,68,456,0
17869582344617978,17841408259134524,sudamericanabr,"CONMEBOL Sudamericana","👑⚡ O Príncipe e o Rayo!

🎉 @neymarjr 🤝🏽 @rodrygogoes 💎 @santosfc",15,"05/26/2026 20:44",https://www.instagram.com/reel/DY09UIEk1RC/,"Reel do Instagram",,Total,1096512,592011,100085,2122,325,386,0
18139050787527735,17841408259134524,sudamericanabr,"CONMEBOL Sudamericana","🕷️👀 Ah, o Gabriel foi decisivo hoje na CONMEBOL #Sudamericana! 

🙂‍↕️🤪 Pois me diga... QUAL? @santosfc",0,"05/26/2026 20:16",https://www.instagram.com/p/DY06J8mjune/,"Carrossel do Instagram",,Total,1759131,687680,78521,4000,57,434,0
18086616167529081,17841400074692954,paulistao,Paulistão,"POR TODOS OS ÂNGULOS!
A frieza de Gabriel Bontempo na frente do goleiro do Deportivo Cuenca para sacramentar a vitória do Santos!
#PaulistasEmCampo
🎥 @SudamericanaBR",50,"05/26/2026 19:56",https://www.instagram.com/reel/DY03z5eEzvT/,"Reel do Instagram",,Total,80410,56853,4301,166,9,47,32
18083423900414670,17841400074692954,paulistao,Paulistão,"A terça-feira foi de vitórias para São Paulo e Santos pela @SudamericanaBR!
#PaulistasEmCampo",0,"05/26/2026 19:42",https://www.instagram.com/p/DY02NNWgC7M/,"Imagem do Instagram",,Total,34666,21483,795,14,3,12,14
18594407881013632,17841400074692954,paulistao,Paulistão,"VITÓRIA E CLASSIFICAÇÃO!
O Santos segue na luta pelo título da Sudamericana!
#PaulistasEmCampo
📷Raul Baretta/Santos",0,"05/26/2026 19:34",https://www.instagram.com/p/DY01UP6DyXO/,"Imagem do Instagram",,Total,24682,14868,985,39,0,8,3
18165396853440684,17841408259134524,sudamericanabr,"CONMEBOL Sudamericana","💪⚽️ @gabigol sempre deixando o dele! 

#GrandeConquista @santosfc",44,"05/26/2026 19:33",https://www.instagram.com/reel/DY01GzKBVq4/,"Reel do Instagram",,Total,565383,389589,21088,163,25,99,0
18202803202354338,17841400074692954,paulistao,Paulistão,"PEIXÃO AVANÇA!
O Santos está classificado para os playoffs da @SudamericanaBR!
#PaulistasEmCampo",0,"05/26/2026 19:30",https://www.instagram.com/p/DY00zk4jVpd/,"Imagem do Instagram",,Total,56688,36616,2845,316,1,22,24
18324759241248841,17841400074692954,paulistao,Paulistão,"GOLAAAAAAÇOOOOOO!
O GE-LA-DO Gabriel Bontempo anota uma pintura por cobertura contra o Deportivo Cuenca!
#PaulistasEmCampo
📷Paramount+",12,"05/26/2026 19:07",https://www.instagram.com/reel/DY0yHaAgiM_/,"Reel do Instagram",,Total,378738,186297,8155,178,9,117,70
17889871461375882,17841400074692954,paulistao,Paulistão,"MENINOS DA VILA! 🖤
Audiência pra lá que qualificada no jogo do Santos pela @sudamericanabr.
#PaulistasEmCampo
📷Divulgação/Santos",0,"05/26/2026 18:38",https://www.instagram.com/p/DY0u5k0Dnyy/,"Carrossel do Instagram",,Total,127576,54989,8276,62,22,21,38
18205545979342606,17841400074692954,paulistao,Paulistão,"VITÓRIA TRICOLOR!
São Paulo garante os três pontos e avança para as oitavas de final da @sudamericanabr como líder do Grupo C!
#PaulistasEmCampo
📷Staff Images/Conmebol",0,"05/26/2026 17:12",https://www.instagram.com/p/DY0lHW9jLPX/,"Imagem do Instagram",,Total,34521,19985,1009,26,1,2,6
18120526663707096,17841400074692954,paulistao,Paulistão,"Fim de papo na Argentina. Mirassol foi superado pelo Lanús na última rodada da fase de grupos da Libertadores.
#PaulistasEmCampo
📷Pedro Zacchi/Agência Mirassol",0,"05/26/2026 17:07",https://www.instagram.com/p/DY0kiXPFDYs/,"Imagem do Instagram",,Total,40221,25065,589,2,0,2,13
18047874833604648,17841400074692954,paulistao,Paulistão,"Pérolas do nosso #PaulistaSub23SegundaDivisão. 😅",24,"05/26/2026 14:20",https://www.instagram.com/reel/DY0RNTappOQ/,"Reel do Instagram",,Total,177611,112070,5193,297,67,39,89
18082723232428585,17841400074692954,paulistao,Paulistão,"MONTE SUA “SELEÇÃO PAULISTA”! 🇧🇷➡️
Escolhemos os campeões do mundo e os jogadores do time atual que já disputaram o nosso Paulistão. Agora, é você quem decide! Deixe sua escalação ideal nos comentários. #FutebolPaulista #CopaDoMundo #SeleçãoBrasileira",0,"05/26/2026 08:00",https://www.instagram.com/p/DYzgxO4k5_I/,"Carrossel do Instagram",,Total,56722,17855,1027,14,0,45,13
18121695940658041,17841400074692954,paulistao,Paulistão,"DOSE TRIPLA!
Hoje tem Mirassol, São Paulo e Santos na última rodada das competições continentais antes do mata-mata!
#PaulistasEmCampo",0,"05/26/2026 07:59",https://www.instagram.com/p/DYzl0EVFq2S/,"Imagem do Instagram",,Total,19673,11403,371,18,0,2,8
17900626086446214,17841400074692954,paulistao,Paulistão,"CONFRONTOS DEFINIDOS!
Quatro equipes paulistas disputam as oitavas de final da Copa do Brasil!
#PaulistasEmCampo #FutebolPaulista",0,"05/26/2026 07:30",https://www.instagram.com/p/DYziLfrFjuP/,"Imagem do Instagram",,Total,134009,71509,6258,267,15,152,72
18104887729964365,17841400074692954,paulistao,Paulistão,"A segunda-feira dos #PaulistasEmCampo terminou assim!",0,"05/25/2026 18:16",https://www.instagram.com/p/DYyHi4oGeLn/,"Imagem do Instagram",,Total,12940,7999,122,1,0,0,3
17882720964578576,17841400074692954,paulistao,Paulistão,"VITÓRIA DO GALO DE ITU!
O Ituano venceu e agora ocupa a 3ª posição na Série C! 👏 #PaulistasEmCampo
📷 Divulgação/Athletic",0,"05/25/2026 18:11",https://www.instagram.com/p/DYyG-LwjAzE/,"Imagem do Instagram",,Total,14420,8683,166,7,0,1,1
17971278534050269,17841400074692954,paulistao,Paulistão,"O Botafogo foi superado pelo Athletic no @brasileiraob! 🥲 #PaulistasEmCampo
📷 Divulgação/Athletic",0,"05/25/2026 17:11",https://www.instagram.com/p/DYyAKg8krYj/,"Imagem do Instagram",,Total,15351,8839,153,7,0,3,2
18102079889085177,17841400074692954,paulistao,Paulistão,"PSG INFLUENCIANDO O FUTEBOL PAULISTA? 🤔 
Inspirados no finalista da Champions, Paulinense, Itaquaquecetuba e Santacruzense cobraram o famoso pontapé inicial dos franceses na última rodada do
#PaulistaSub23SegundaDivisão #PSG",20,"05/25/2026 13:59",https://www.instagram.com/reel/DYxqCYAJ6CP/,"Reel do Instagram",,Total,581312,344413,14418,1039,3,141,225
18100814936118026,17841400074692954,paulistao,Paulistão,"PRA SALVAR O TIME NOS ACRÉSCIMOS! 🔥🧤
Lucas Ferreira foi decisivo pro Audax na 6ª rodada do #PaulistaSub23SegundaDivisão",18,"05/25/2026 13:00",https://www.instagram.com/reel/DYxeWOFCXv3/,"Reel do Instagram",,Total,184112,122208,1564,44,13,13,13
17890039830521710,17841400074692954,paulistao,Paulistão,"𝑮𝑹𝑬𝑬𝑵𝑮𝑶 CONVOCADO! 🐷🇨🇴🌟
Arias, do Palmeiras, vai defender a Colômbia na Copa do Mundo!
#PaulistasEmCampo #Convocação #CopaDoMundo",0,"05/25/2026 11:05",https://www.instagram.com/p/DYxWHKKpcEx/,"Imagem do Instagram",,Total,80039,40097,6072,28,6,9,40
18097082378147523,17841467312227297,fpfacademia,"FPF Academia","VAR POR 1 DIA! 🖥️ 🤩
No VAR Experience, você vai vivenciar na prática a atuação de um árbitro de vídeo! Inscrições e mais informações pelo link da bio da @fpfacademia ✍️ 🚨

📅 15 de agosto (sábado)
⏱️ 9h00 às 12h00
📍 Edifício Pelé (FPF)
🚫 VAGAS LIMITADAS

#FPFAcademia #VAR #VARExperience #Curso #FPF",32,"05/25/2026 10:57",https://www.instagram.com/reel/DYxUzXmqjYM/,"Reel do Instagram",,Total,77964,67574,1000,89,83,32,0
18452809819119654,17841400074692954,paulistao,Paulistão,"COMEÇOU COM O PÉ DIREITO! 
Bruno bateu bonito pra fazer seu primeiro gol como profissional na vitória do Manthiqueira sobre o Mauá. 
#PaulistaSub23SegundaDivisão",18,"05/25/2026 09:40",https://www.instagram.com/reel/DYxMd8yxUjk/,"Reel do Instagram",,Total,69737,46213,1022,90,8,22,15
18066290090384717,17841400074692954,paulistao,Paulistão,"FELIZ DIA DO ORGULHO NERD!
QUE A FORÇA ESTEJA COM VOCÊS!💫
#DiadoOrgulhoNerd",0,"05/25/2026 08:00",https://www.instagram.com/p/DYw755vH7BP/,"Imagem do Instagram",,Total,26678,14868,668,50,1,3,19
17863040403628017,17841400074692954,paulistao,Paulistão,"VOCÊ NO COMANDO DO VAR 🖥️ ⚽
As inscrições estão abertas para a 1ª edição do 𝗩𝗔𝗥 𝗘𝘅𝗽𝗲𝗿𝗶𝗲𝗻𝗰𝗲, uma oportunidade única para quem deseja conhecer de perto a ferramenta e VIVENCIAR por um dia o trabalho do árbitro de vídeo. Tudo isso diretamente do edifício Pelé, sede da Federação Paulista de Futebol 📍

🔗 Vamos nessa? Inscreva-se AGORA pelo link na bio ou nos stories da @fpfacademia

📅 15 de agosto (sábado)
⏱️ 9h00 às 12h00
📍 Edifício Pelé (FPF)
🎯 ABERTO AO PÚBLICO (mais de 18 anos)
💰 R$ 500 (6x no cartão ou 2x no boleto)

.
.
.

#FPFAcademia #VARExperience #VAR #Arbitragem #FPF",0,"05/25/2026 06:39",https://www.instagram.com/p/DYw32aDEe1y/,"Carrossel do Instagram",,Total,42253,18393,601,110,3,13,36
18056528603721319,17841400074692954,paulistao,Paulistão,"PANTERA E GALO DE ITU JOGANDO EM CASA!
Botafogo e Ituano vão em busca dos três pontos no @brasileiraob e na @cbfseriec!
#PaulistasEmCampo",0,"05/25/2026 06:00",https://www.instagram.com/p/DYwuLIrllD7/,"Imagem do Instagram",,Total,10321,6232,89,1,0,0,2
17895205944329489,17841400632555218,kaue_corinthiano,Kauêdotimao,"É o @z.labyad respeita! OH DIDI!",34,"05/25/2026 04:51",https://www.instagram.com/reel/DYwq9Nhx0KR/,"Reel do Instagram",,Total,626983,478766,61014,9705,282,853,0
17861376765633527,17841400074692954,paulistao,Paulistão,"Mais um domingo finalizado para os #PaulistasEmCampo.
#FutebolPaulista",0,"05/24/2026 18:39",https://www.instagram.com/p/DYvleD8DPqf/,"Imagem do Instagram",,Total,46752,29935,763,11,2,5,9
17926533657299818,17841400074692954,paulistao,Paulistão,"TRÊS GOLS = TRÊS PONTOS!
O Red Bull Bragantino fez a festa no Rio de Janeiro!
#PaulistasEmCampo
📷Ari Ferreira/Red Bull Bragantino",0,"05/24/2026 18:36",https://www.instagram.com/p/DYvlFh3HFZB/,"Imagem do Instagram",,Total,20460,12032,299,22,1,6,3
17888888625516348,17841400074692954,paulistao,Paulistão,"O MARROQUINO RESOLVE! 🇲🇦
Zakaria Labyad faz golaço e Corinthians vence Atlético-MG na Neo Química Arena!
#PaulistasEmCampo
📷Rodrigo Coca/Ag. Corinthians",0,"05/24/2026 16:56",https://www.instagram.com/p/DYvZrxKHxTa/,"Imagem do Instagram",,Total,63739,36433,4087,91,4,11,17
18588375994005245,17841400074692954,paulistao,Paulistão,"QUE GOLAÇO, MEU AMIGO!🔥
O Corinthians vence em grande estilo!
#PaulistasEmCampo
📷Premiere",17,"05/24/2026 16:46",https://www.instagram.com/reel/DYvYbqdilkk/,"Reel do Instagram",,Total,181441,113331,11485,403,48,83,98
18075950459401286,17841448142257491,cirilodafiel,"Pedro Ivo","FINAL DE JOGO, VITÓRIA DO CORINTHIANS!",18,"05/24/2026 16:34",https://www.instagram.com/reel/DYvXA_sN2jK/,"Reel do Instagram",,Total,15297,11820,715,0,29,9,0
17996921084950161,17841448142257491,cirilodafiel,"Pedro Ivo","GOLAÇO DO CORINTHIANS! @z.labyad abre o placar!",9,"05/24/2026 16:23",https://www.instagram.com/reel/DYvVvIdtyVw/,"Reel do Instagram",,Total,75693,47300,4259,283,14,19,0
17948597918998394,17841448142257491,cirilodafiel,"Pedro Ivo","MEMPHIS DE VOLTA! 🔥🔥

O holandês faz o seu primeiro jogo com Fernando Diniz.",13,"05/24/2026 15:54",https://www.instagram.com/reel/DYvScLHRtrv/,"Reel do Instagram",,Total,30081,22667,1410,4,7,7,0
18152960962425574,17841400074692954,paulistao,Paulistão,"FOGO NA FORNALHA, LOCOMOTIVA!
Segunda vitória seguida da Ferroviária na Série C!
#PaulistasEmCampo
📷Guilherme Moro/Ferroviária",0,"05/24/2026 15:12",https://www.instagram.com/p/DYvNszJn0ZW/,"Imagem do Instagram",,Total,41592,26251,567,7,0,6,3
18104620597959063,17841400074692954,paulistao,Paulistão,"ZERADOS!
A rede não balançou para Inter de Limeira e Itabaiana.
#PaulistasEmCampo
📷Jose Augusto/Divulgação/Itabaiana",0,"05/24/2026 15:10",https://www.instagram.com/p/DYvNgUDn2Dw/,"Imagem do Instagram",,Total,13019,8131,113,0,0,0,1
17967074646064944,17841400074692954,paulistao,Paulistão,"O domingo foi de revés para a Ponte Preta.
#PaulistasEmCampo
📷Francisco Cedrim/CRB",0,"05/24/2026 15:07",https://www.instagram.com/p/DYvNKnuH9J1/,"Imagem do Instagram",,Total,21631,12490,473,21,0,43,2
18111020803892860,17841448142257491,cirilodafiel,"Pedro Ivo","FIEL EXPLODE COM O BOM INÍCIO DE JOGO DO CORINTHIANS!",11,"05/24/2026 14:41",https://www.instagram.com/reel/DYvJmDPR0nD/,"Reel do Instagram",,Total,27119,17859,1338,11,3,4,0
17909676777223544,17841400074692954,paulistao,Paulistão,"SEGUE O TIGRE!
O líder da Série B vence mais uma!
#PaulsitasEmCampo
📷Raphael Teixeira/Atlético Goianiense",0,"05/24/2026 14:20",https://www.instagram.com/p/DYvHv6HH2HT/,"Imagem do Instagram",,Total,14484,9216,195,10,0,3,2
18124921354564538,17841400074692954,paulistao,Paulistão,"JOGA A LUVA, GOLEIRÃO!
É gol de camisa 10! É golaço do Élvis pra Ponte Preta!
#PaulistasEmCampo
🎥SportyNet",55,"05/24/2026 14:13",https://www.instagram.com/reel/DYvG9RCgGX0/,"Reel do Instagram",,Total,46362,34097,577,30,0,20,4
18131707777605130,17841400074692954,paulistao,Paulistão,"MAIS UMA!
Fim de papo na sexta rodada do Paulista Sub-23 Segunda Divisão.
#FutebolPaulista",0,"05/24/2026 13:15",https://www.instagram.com/p/DYvAWPQnxJj/,"Imagem do Instagram",,Total,25397,14362,382,8,4,5,3
18584787121030997,17841408376344663,libertadoresbr,"CONMEBOL Libertadores","💛💚 Vovô da Fúria: o símbolo do @mirassolfc, com um sonho já realizado na CONMEBOL #Libertadores!

#CocaColaxLibertadores @cocacola_br",76,"05/24/2026 12:51",https://www.instagram.com/reel/DYu9bJWptSG/,"Reel do Instagram",,Total,129120,105546,1221,56,3,21,0
18123829972733114,17841448142257491,cirilodafiel,"Pedro Ivo","ELE VEIO PRO JOGO! 🔥 
Memphis Depay está relacionado após longo período fora dos gramados.

Corinthians chega na Neo Química Arena, ás 18h30 enfrenta o Atlético- MG pelo Brasileirão!",36,"05/24/2026 12:48",https://www.instagram.com/reel/DYu9HzbvJ6U/,"Reel do Instagram",,Total,77518,52786,6373,98,22,56,0
18100537969860275,17841400074692954,paulistao,Paulistão,"REAL MADRID? UNIÃO MOGI!
Em um golaço nível La Liga, o Beckham bateu da entrada da área e marcou um dos gols da vitória de 3 a 2 do União pra cima do Barcelona.
#FutebolPaulista",51,"05/24/2026 11:32",https://www.instagram.com/reel/DYu0hw2ipRj/,"Reel do Instagram",,Total,84464,51723,1407,108,8,21,25
17886358008556548,17841400074692954,paulistao,Paulistão,"DE LOOOOONGE!
Hiago, do Independente de Limeira, cobrou a falta com rara felicidade e anotou o segundo gol da vitória de 2 a 0 do galo pra cima da Matonense.
#FutebolPaulista",45,"05/24/2026 08:42",https://www.instagram.com/reel/DYuhA1aCgIo/,"Reel do Instagram",,Total,184493,105354,4526,505,14,52,71
18586692862011077,17841401659538306,ecaguasanta,"Esporte Clube Água Santa","AUMENTE O SOM E ESCUTE O @araujolevi11 🧙‍♂️👀

Falou e fez! Levi chega ao seu quarto gol na @cbfseried e se consolida como o artilheiro do Netuno na competição 🫡💙

🎥 Gustavo Braz",51,"05/24/2026 08:05",https://www.instagram.com/reel/DYuc5A9xduE/,"Reel do Instagram",,Total,52796,34341,1205,16,5,36,0
18108994885910374,17841400074692954,paulistao,Paulistão,"É RARO, MAS ACONTECE! 😅
""Acidente"" raiz é assim mesmo.
#FutebolPaulista",44,"05/24/2026 08:02",https://www.instagram.com/reel/DYucdz4jb8A/,"Reel do Instagram",,Total,413048,277764,15730,6320,120,303,390
18053002292749890,17841400074692954,paulistao,Paulistão,"DOMINGOU!
São seis confrontos das minhas equipes nas séries A, B e C do @brasileirao!
#PaulistasEmCampo",0,"05/24/2026 06:00",https://www.instagram.com/p/DYuJYBAmUhQ/,"Imagem do Instagram",,Total,23913,13893,377,16,0,3,6
18166573243426084,17841400074692954,paulistao,Paulistão,"PARA ENCERRAR A 6ª RODADA!
Esses são os confrontos que fecham o domingo no Paulista Sub-23 Segunda Divisão!
#PaulistaSub23SegundaDivisão",0,"05/24/2026 05:00",https://www.instagram.com/p/DYuCgd9FjXt/,"Imagem do Instagram",,Total,22270,13530,211,5,0,3,2
18102928976510868,17841400074692954,paulistao,Paulistão,"FELIZ ANIVERSÁRIO, ITUANO!
Bicampeão do Paulistão, o Galo completa 79 anos de história!
#FutebolPaulista #Aniversário",0,"05/24/2026 03:00",https://www.instagram.com/p/DYt0xi3Ge4d/,"Imagem do Instagram",,Total,11491,6899,104,1,0,3,3
18453585841117182,17841400074692954,paulistao,Paulistão,"HERMANO FAZENDO HISTÓRIA!
Flaco López balançou a rede mais um e se isolou como terceiro maior artilheiro do Verdão no século!
#PaulistasEmCampo",0,"05/23/2026 19:50",https://www.instagram.com/p/DYtIxfaiVSw/,"Imagem do Instagram",,Total,407385,297742,2866,261,10,35,60
18096311456469853,17841405688144679,rivalobrasil,"Rivalo Brasil","O MOLEQUE TRAVESSO FEZ HISTÓRIA! 🏆

Depois de uma jornada que foi pura adrenalina, o Juventus chegou junto e conquistou o Paulistão A2 Rivalo 2026! 🚀

Quer sentir essa emoção de novo, ver os bastidores e a festa da torcida que fez a diferença? Dia 23/05 no Youtube.

#Rivalo #NadaGanhadaEmocao #JoguecomResponsabilidade +18",49,"05/22/2026 17:01",https://www.instagram.com/reel/DYqQla4iY1K/,"Reel do Instagram","Ocorreu um erro ao computar métricas.",-,,,,,,,
18112136026886676,17841405688144679,rivalobrasil,"Rivalo Brasil","JUVENTUS ESTÁ DE VOLTA E PRA CELEBRAR TEM AÇÃO DE ELITE! 🏆

A terceira taça foi ganha com muita garra, e o Torcedor Juventino também fez parte disso! Esse é o momento perfeito de você ganhar uma CAMISA COMEMORATIVA AUTOGRAFADA! 💥

Pra conseguir é super fácil:
1️⃣ Comente “Eu Quero”
2️⃣ No mesmo comentário, marque um amigo até às 16h do dia 22/05
3️⃣ Pronto! O resultado do sorteio sai no dia 22/05 às 18h ⏰

Zero complicação e pras regras não tem mistério:
⚠️ Seguir a @rivalobrasil e o @juventussaf no Instagram no momento do sorteio;
⚠️ Não pode marcar perfis de marca, somente de pessoas reais;
⚠️ Comentar exatamente a frase mencionada;
⚠️ Edição de comentários não é permitida;
🔞 Proibido para menores de 18 anos.

PARTICIPE DESSA VITÓRIA INÉDITA! ⚽

#Rivalo #NadaGanhadaEmocao #JoguecomResponsabilidade 18+",0,"05/20/2026 08:59",https://www.instagram.com/p/DYkPz5fyN6x/,"Imagem do Instagram","Ocorreu um erro ao computar métricas.",-,,,,,,,
17937908724049145,17841405688144679,rivalobrasil,"Rivalo Brasil","GOL NOS ACRÉSCIMOS? 🤯

A final entre Ferroviária e Juventus foi um ABSURDO de emoção! 

A Rivalo tava lá, sentindo cada lance, cada grito da torcida, e viu o Moleque Travesso levantar a taça com um gol que fez a Arena Fonte Luminosa explodir! 🚀 

Teve brindes, torcedor arriscando chute do meio de campo e a adrenalina lá no talo! Se você perdeu, relaxa, a gente te mostra como foi essa vibe insana! 🏆

#Rivalo #NadaGanhadaEmocao #JoguecomResponsabilidade +18",131,"05/15/2026 17:01",https://www.instagram.com/reel/DYYO81SS5bo/,"Reel do Instagram","Ocorreu um erro ao computar métricas.",-,,,,,,,
18119014270679713,17841400074692954,paulistao,Paulistão,"TIME DE ARBITRAGEM!
Confira os melhores do time de arbitragem do #PaulistãoA2Rivalo",0,"05/14/2026 17:38",https://www.instagram.com/p/DYVujC7DKsg/,"Carrossel do Instagram",,Total,17750,7887,222,15,3,10,1
18101530526108917,17841400074692954,paulistao,Paulistão,"SEM PULO!
Pega só esse golaço que o Denilson, do Mirassol, anotou pra cima do Fluminense!
#PaulistasEmCampo
🎥Premiere",59,"05/23/2026 17:52",https://www.instagram.com/reel/DYs7J6bgD8W/,"Reel do Instagram",,Total,86383,58392,1779,32,3,8,7
17921008590145528,17841400074692954,paulistao,Paulistão,"FATOR CASA!
Mirassol conta com a força da torcida e vence mais uma no Brasileirão!
#PaulistasEmCampo
📷JP Pinheiro/Ag. Mirassol",0,"05/23/2026 17:12",https://www.instagram.com/p/DYs2tKMjzb6/,"Imagem do Instagram",,Total,22596,14054,433,8,0,1,4
18091117553017983,17841400074692954,paulistao,Paulistão,"EMPATE PAULISTA!
Terminou tudo igual no confronto entre Velo Clube e XV de Piracicaba.
#PaulistasEmCampo
📷Mariana Kasten/XV de Piracicaba",0,"05/23/2026 17:11",https://www.instagram.com/p/DYs2h7Bj9XN/,"Imagem do Instagram",,Total,15585,9251,211,5,0,7,2
18583406455007335,17841400074692954,paulistao,Paulistão,"O Santos levou a virada e acabou superado pelo Grêmio em jogo do Brasileirão.
#PaulistasEmCampo
📷Lucas Uebel/Grêmio",0,"05/23/2026 17:09",https://www.instagram.com/p/DYs2WggmtkI/,"Imagem do Instagram",,Total,47892,32361,569,79,1,25,4
18058871546713973,17841400074692954,paulistao,Paulistão,"Não foi o resultado que o Noroeste esperava pra este sabadão.
#PaulistasEmCampo
📷Vinicius Gentil/Noroeste",0,"05/23/2026 15:23",https://www.instagram.com/p/DYsqMqBHxrA/,"Imagem do Instagram",,Total,16444,9770,150,5,1,1,5
17926462233339384,17841400074692954,paulistao,Paulistão,"BUGRE FLECHOU! 🏹
O Guarani volta de Santa Catarina com os três pontos!
#PaulistasEmCampo
📷Tiago Winter/Barra FC",0,"05/23/2026 15:21",https://www.instagram.com/p/DYsp_QrnxYh/,"Imagem do Instagram",,Total,25220,15245,459,15,1,18,3
17995294388953319,17841400074692954,paulistao,Paulistão,"São Paulo leva gol no fim e fica no empate contra o Botafogo.
#PaulistasEmCampo
📷Vitor Silva/Botafogo",0,"05/23/2026 15:19",https://www.instagram.com/p/DYspx6jn8vU/,"Imagem do Instagram",,Total,21026,12398,352,9,0,12,3
17935071600067864,17841400074692954,paulistao,Paulistão,"NETUNO! 🔱
O Água Santa garante mais uma vitória na Série D!
#PaulistasEmCampo
📷Divulgação/Água Santa",0,"05/23/2026 14:23",https://www.instagram.com/p/DYsjS9qH8bF/,"Imagem do Instagram",,Total,25367,14790,307,19,0,6,6
18389974915089481,17841400074692954,paulistao,Paulistão,"GOLEADA LUSITANA!
A Portuguesa não deu a menor chance pro América-RJ!
#PaulistasEmCampo
📷Victor Bessa/Portuguesa",0,"05/23/2026 14:18",https://www.instagram.com/p/DYsix6nH-9V/,"Imagem do Instagram",,Total,28330,16542,823,19,2,13,4
17938803636218447,17841400074692954,paulistao,Paulistão,"OLHA O TIGRE AÍ!
Novorizontino aproveita a vantagem numérica e garante os três pontos contra o Ceará!
#PaulistasEmCampo
📷Juan Rodrigues/Novorizontino",0,"05/23/2026 14:15",https://www.instagram.com/p/DYsicHzH-jd/,"Imagem do Instagram",,Total,14926,8694,180,4,0,3,2
17863494648630027,17841400074692954,paulistao,Paulistão,"Não teve placar zerado no sábado de Paulista SUb-23 Seguda Divisão!
#FutebolPaulista",0,"05/23/2026 13:47",https://www.instagram.com/p/DYsfPSlH_--/,"Imagem do Instagram",,Total,15910,8957,215,7,1,5,3
18376049362200535,17841400731577742,yasmingzrn,Yasmin,"Tricolor abre o placar do jogo aqui no Morumbi!
#futebol #brasileirao #saopaulo #botafogo #luciano",20,"05/23/2026 13:12",https://www.instagram.com/reel/DYsbASRvAyl/,"Reel do Instagram",,Total,93687,58654,2977,59,4,24,0
17889403917508689,17841405393450249,ecsaobernardo,"Esporte Clube São Bernardo","O Pelé não fez, mas na terra dele, Santos, nosso #CriadoCachorrão Kevyn Ryan, conseguiu o que o Rei do futebol não conseguiu! Um GOLAÇO do meio da rua para garantir a vitória e os 3 pontos para o Bernô Sub-17 na baixada santista!

➡️ Confira mais uma vez a pintura do nosso camisa 10 do Sub-17 do Cachorrão! 🤯🥶

📺 Reprodução: TV Briosa | Leonardo Rocha/ECSB

#ECSBSAF #PaulistaSub17",44,"05/23/2026 10:18",https://www.instagram.com/reel/DYsGBWdOHie/,"Reel do Instagram",,Total,116663,63463,2613,129,3,11,0
17857798578640209,17841405393450249,ecsaobernardo,"Esporte Clube São Bernardo","GOOOOOOOOOOOOOOOOOOOOOOOOOOOLLLLLLLLLAAAAAAAAAAAÇOOOOOOOO!!!!!!!!!!!!!!!!!!!! KEVYN RYAN DE MUITO LONGE AMPLIA O PLACAR PARA OS #CRIASDOCACHORRÃO NA BAIXADA SANTISTAAAAA!!!!!!!!! VAAAAAAAMOOOOOOOSSSSSSSSS!!!!!!!!!! 

📸 @a5_fotografia 

#ECSBSAF",28,"05/23/2026 08:11",https://www.instagram.com/reel/DYr4dnVu78M/,"Reel do Instagram",,Total,356962,219822,6861,265,73,49,0
18122568574631614,17841400074692954,paulistao,Paulistão,"UM SENHOR JOGAÇO! 🔥
É dia de Flamengo e Palmeiras pelo Brasileirão!
#PaulistasEmCampo",0,"05/23/2026 08:00",https://www.instagram.com/p/DYr3gKmjWT1/,"Imagem do Instagram",,Total,32927,19955,1019,30,0,5,7
18129295393587245,17841400074692954,paulistao,Paulistão,"FOI AQUI QUE PEDIRAM PAULISTAS EM CAMPO?
Porque esse sábado tá lotado de jogos das minhas equipes nas competições nacionais!
#PaulistasEmCampo",0,"05/23/2026 06:00",https://www.instagram.com/p/DYrklFllrj_/,"Imagem do Instagram",,Total,41136,22390,944,49,0,17,18
17942986734209773,17841400074692954,paulistao,Paulistão,"SÁBADO CHEIO!
Cinco jogos às 15h dão continuidade aos confrontos da sexta rodada do #PaulistaSub23SegundaDivisão!",0,"05/23/2026 05:00",https://www.instagram.com/p/DYrdtw-mSs0/,"Imagem do Instagram",,Total,13898,8267,141,6,1,4,2
18194696551365763,17841400074692954,paulistao,Paulistão,"PARABÉNS, RICARDINHO!🎉🥳
Bicampeão do Paulistão e campeão do mundo em 2002, Ricardinho comemora 50 anos neste sábado (23).
#FutebolPaulista #Aniversário",0,"05/23/2026 04:00",https://www.instagram.com/p/DYrW2LwFor2/,"Imagem do Instagram",,Total,30978,18489,385,4,1,37,2
18084190853390901,17841400074692954,paulistao,Paulistão,"Na abertura da sexta rodada do Paulista Sub-23 Segunda Divisão, Assisense e América ficaram no empate.
#FutebolPaulista",0,"05/22/2026 18:44",https://www.instagram.com/p/DYqcZr9F2Au/,"Imagem do Instagram",,Total,17399,9884,155,14,0,1,2
17869309935619575,17841400074692954,paulistao,Paulistão,"O DINIZISMO TÁ COMO?! 🔝
O técnico do Timão não sabe o que é perder na Libertadores desde 2023!
#FutebolPaulista",0,"05/22/2026 16:41",https://www.instagram.com/p/DYqOVAeGKO2/,"Imagem do Instagram",,Total,240772,119554,11399,243,8,104,99
18110962798847321,17841461375852191,juventussaf,"Juventus SAF","𝑴𝒐𝒍𝒆𝒒𝒖𝒆 𝑻𝒓𝒂𝒗𝒆𝒔𝒔𝒐 🤪

As campanhas do acesso e do título foram marcadas por momentos importantes do Juve fora de casa. 

Das 12 vitórias grenás na competição, 6 foram como visitante.

É 𝑜 𝐽𝑢𝑣𝑒! 🇱🇻",0,"05/22/2026 13:47",https://www.instagram.com/p/DYp6dBnlJ1e/,"Carrossel do Instagram",,Total,50104,19723,1041,23,1,7,0
17892366882496617,17841426196827383,copinha,Copinha,"🏆 Esses são os convocados pelo Brasil para a Copa do Mundo que já conquistaram o título da Copinha!
#FutebolPaulista #CopaDoMundo",0,"05/22/2026 12:47",https://www.instagram.com/p/DYpzjfsH5DK/,"Imagem do Instagram",,Total,340897,163380,18520,150,37,61,209
18043425797579197,17841408259134524,sudamericanabr,"CONMEBOL Sudamericana","🐳⚽️ @SantosFC 🔛

🏆 CONMEBOL #Sudamericana",28,"05/22/2026 07:00",https://www.instagram.com/reel/DYpL2KuJ-em/,"Reel do Instagram",,Total,88124,64560,2787,14,3,12,0
18095253194232096,17841400074692954,paulistao,Paulistão,"SEXTA RODADA NA ÁREA!
Vem conferir as datas e horários dos confrontos do Paulista Sub-23 Segunda Divisão que encerram essa semana!
#PaulistaSub23SegundaDivisão",0,"05/22/2026 05:00",https://www.instagram.com/p/DYo466rljl5/,"Imagem do Instagram",,Total,20625,12071,261,14,3,2,1
18137429230545010,17841408376344663,libertadoresbr,"CONMEBOL Libertadores","🎶🖤 Sobe o som e ouça a torcida do @Corinthians, líder garantido na CONMEBOL #Libertadores!",23,"05/22/2026 04:02",https://www.instagram.com/reel/DYo3bepDQyI/,"Reel do Instagram",,Total,88920,67537,6419,94,15,28,0
18102494870046772,17841408376344663,libertadoresbr,"CONMEBOL Libertadores","✔️⚫️⚪️ Liderança garantida! É o @Corinthians classificado no Grupo E da CONMEBOL #Libertadores.",0,"05/21/2026 19:36",https://www.instagram.com/p/DYn9jQ3DkLS/,"Carrossel do Instagram",,Total,437988,209768,26052,920,22,157,0
18351230281245193,17841400074692954,paulistao,Paulistão,"SEGUE INVICTO! ⚫⚪
O Corinthians empatou com o Peñarol fora de casa e continua sem derrotas na @libertadoresbr! #PaulistasEmCampo
📷 Conmebol",0,"05/21/2026 19:35",https://www.instagram.com/p/DYn9eGGINmv/,"Imagem do Instagram",,Total,37814,22649,1133,24,3,14,14
17999718446763165,17841429857362439,paulistaof,"Paulistão F","FERROVIÁRIA SEGUE LÍDER E INVICTA!
Assim ficou a tabela de classificação do #PaulistãoF depois dos jogos dessa quinta-feira, válidos pela terceira rodada!",0,"05/21/2026 19:29",https://www.instagram.com/p/DYn8rgrjRMP/,"Imagem do Instagram",,Total,165759,92946,3363,40,16,18,41
18099125834030994,17841408376344663,libertadoresbr,"CONMEBOL Libertadores","🇲🇦🔥 @z.labyad, o primeiro marroquino a marcar um gol na história da CONMEBOL #Libertadores! 

@corinthians",30,"05/21/2026 19:27",https://www.instagram.com/reel/DYn8bxepUnV/,"Reel do Instagram",,Total,3098032,1737086,131206,3121,208,2150,0
18587136343017205,17841400074692954,paulistao,Paulistão,"HOJE É DIA DE CORINGÃO NA LIBERTADORES!
#FutebolPaulista #PaulistasEmCampo",0,"05/21/2026 08:11",https://www.instagram.com/p/DYmvEYlE-zV/,"Imagem do Instagram",,Total,21716,12369,781,16,0,1,7
17988971120796827,17841400074692954,paulistao,Paulistão,"O #TBT de hoje é do herói do Juventus! 🧤🔥 
Há uma semana, o Passarelli fechou o gol pra garantir o título do Moleque Travesso no #PaulistãoA2Rivalo.",18,"05/21/2026 08:00",https://www.instagram.com/reel/DYmoz8qiFwe/,"Reel do Instagram",,Total,28721,19741,522,9,0,8,6
18058754798495291,17841408376344663,libertadoresbr,"CONMEBOL Libertadores","🏓🤣 Disputa séria entre @yurialberto e @rodrigarroo! O pingue-pongue da #GloriaEterna no @Corinthians.",105,"05/21/2026 07:00",https://www.instagram.com/reel/DYmnBMhhM_z/,"Reel do Instagram",,Total,544338,333223,21497,2090,51,174,0
18075813743254298,17841455066317821,cazetv,CazéTV,"CLÁSSICO, JOGAÇO, COM AS MAIORES CAMPEÃS DO PAULISTÃO F! 🔥😱 É HOJE, NA CAZÉTV! A PARTIR DE 18H! ⏰

#PlanejamentoCazéTV #PaulistãoFNaCazéTV #cztv06 #FutebolFeminino",0,"05/21/2026 04:49",https://www.instagram.com/p/DYmX8aHRT7C/,"Imagem do Instagram",,Total,276731,168861,9692,90,2,54,0
18164034634429461,17841408259134524,sudamericanabr,"CONMEBOL Sudamericana","🪽⚽ Deu asas para Alix Vinicius!

⚽ @redbullbragantino",29,"05/21/2026 04:31",https://www.instagram.com/reel/DYmV7H9FVP6/,"Reel do Instagram",,Total,57255,42884,780,2,1,4,0
18105985943292608,17841400074692954,paulistao,Paulistão,"A noite não foi boa para os paulistas!
#PaulistasEmCampo #FutebolPaulista",0,"05/20/2026 20:07",https://www.instagram.com/p/DYlcTsHMhFj/,"Imagem do Instagram",,Total,38234,23221,501,3,0,11,8
17921551581359675,17841400074692954,paulistao,Paulistão,"Palmeiras é derrotado em casa e vai com tudo pela classificação na última rodada!
#PaulistasEmCampo #FutebolPaulista
📷Cesar Greco/Palmeiras",0,"05/20/2026 19:57",https://www.instagram.com/p/DYlbLMJlm07/,"Imagem do Instagram",,Total,42477,25186,922,249,0,68,9
18078447203649161,17841400074692954,paulistao,Paulistão,"Massa Bruta sofre empate nos acréscimos, volta da Argentina com um ponto na bagagem e decide vaga em casa na última rodada!
#PaulistasEmCampo #FutebolPaulista
📷Ari Ferreira/Red Bull Bragantino",0,"05/20/2026 19:51",https://www.instagram.com/p/DYlah1EFnky/,"Imagem do Instagram",,Total,17718,10783,229,3,0,0,2
18109058419757601,17841408376344663,libertadoresbr,"CONMEBOL Libertadores","🫶 Abel 💚 @Palmeiras",11,"05/20/2026 17:35",https://www.instagram.com/reel/DYlK4LwJCn4/,"Reel do Instagram",,Total,546548,343390,31795,688,58,338,0
17957158239229860,17841400074692954,paulistao,Paulistão,"TRICOLOR CLASSIFICADO!
São Paulo garante classificação e na última rodada disputa vaga direta nas oitavas ou no playoff da @sudamericanabr!
#PaulistasEmCampo #FutebolPaulista",0,"05/20/2026 17:17",https://www.instagram.com/p/DYlI0gVmddc/,"Imagem do Instagram",,Total,138248,76219,7246,391,12,716,73
18153239533474429,17841400074692954,paulistao,Paulistão,"Santos sofre empate, mas ainda segue vivo em busca da classificação na @sudamericanabr!
#PaulistasEmCampo #FutebolPaulista
📷Raul Baretta/Santos",0,"05/20/2026 17:11",https://www.instagram.com/p/DYlIOCrlln5/,"Imagem do Instagram",,Total,26059,15373,447,45,0,17,8
18366748678230962,17841400074692954,paulistao,Paulistão,"Novorizontino é superado em casa no jogo de ida da semifinal da Copa Sul-Sudeste!
#PaulistasEmCampo #FutebolPaulista
📷Juan Rodrigues/Novorizontino",0,"05/20/2026 17:05",https://www.instagram.com/p/DYlHe9qGTYe/,"Imagem do Instagram",,Total,20775,12724,224,5,0,2,1
18077255672233962,17841408259134524,sudamericanabr,"CONMEBOL Sudamericana","💪 Como festeja, Brazão? 🤍🖤

⚽️ @santosfc 🏆 #GrandeConquista",18,"05/20/2026 16:05",https://www.instagram.com/reel/DYlAg58uiHW/,"Reel do Instagram",,Total,413572,271224,18345,91,32,532,0
18083171213430301,17841408376344663,libertadoresbr,"CONMEBOL Libertadores","3⃣🏆 @Palmeiras ⭐️ #GloriaEterna",0,"05/20/2026 15:50",https://www.instagram.com/p/DYk-64NloI3/,"Carrossel do Instagram",,Total,167680,71673,12233,121,10,368,0
18104318882076953,17841408376344663,libertadoresbr,"CONMEBOL Libertadores","🤔💚 Tricampeão, 3⃣ escolhas! É o esquenta do @Palmeiras na CONMEBOL #Libertadores...",37,"05/20/2026 15:43",https://www.instagram.com/reel/DYk97jeJ2qZ/,"Reel do Instagram",,Total,139157,91095,4032,61,4,99,0
17926478127318073,17841429857362439,paulistaof,"Paulistão F","A TERCEIRA RODADA VEM AÍ! 👀
Vem conferir as datas e horários dos confrontos da 3ª rodada do Paulistão!
#PaulistãoF",0,"05/20/2026 14:00",https://www.instagram.com/p/DYktIQmjyuQ/,"Imagem do Instagram",,Total,28957,16878,566,15,12,1,9
18087703961374319,17841400074692954,paulistao,Paulistão,"OS CONVOCADOS NO PAULISTÃO! 🔥
Esses são os jogadores que vão representar o Brasil na Copa do Mundo que já jogaram o Maior Estadual do País!
#Paulistão #SeleçãoBrasileira #Convocação",0,"05/20/2026 13:00",https://www.instagram.com/p/DYkmQpgm_w5/,"Imagem do Instagram",,Total,85290,41374,3916,43,0,9,64
18103289380802471,17841400074692954,paulistao,Paulistão,"PAULISTAS NA SELEÇÃO BRASILEIRA! 🇧🇷
O São Paulo foi a equipe paulista que mais cedeu jogadores à Seleção em Copas do Mundo! 
#PaulistasEmCampo #SeleçãoBrasileira
🗞️GE",0,"05/20/2026 11:00",https://www.instagram.com/p/DYkYhzhHORE/,"Imagem do Instagram",,Total,126617,60221,3335,244,0,63,129
17911668864399808,17841400074692954,paulistao,Paulistão,"FIM DA 5ª RODADA!
Vem ver como está a classificação dos grupos do Paulista Sub-23 Segunda Divisão!
#PaulistaSub23SegundaDivisão",0,"05/20/2026 09:40",https://www.instagram.com/p/DYkUbINIH1r/,"Carrossel do Instagram",,Total,71072,31030,1167,72,19,27,13
18366405727229078,17841400074692954,paulistao,Paulistão,"NOITE CHEIA! 🌃🌟
São quatro confrontos das minhas equipes em três competições diferentes!
#PaulistasEmCampo",0,"05/20/2026 06:00",https://www.instagram.com/p/DYj2Mk_j-YN/,"Imagem do Instagram",,Total,22567,13295,423,17,0,3,4
17944984656014298,17841408259134524,sudamericanabr,"CONMEBOL Sudamericana","⚽🇾🇪 Que presentão, Luciano!

🎉 @saopaulofc",14,"05/19/2026 20:48",https://www.instagram.com/reel/DYi8OKdjUVN/,"Reel do Instagram",,Total,101163,78806,4558,172,10,52,0
18126100552622523,17841408376344663,libertadoresbr,"CONMEBOL Libertadores","🦁📸 Registros históricos! O @mirassolfc está nas Oitavas de Final da CONMEBOL #Libertadores.",0,"05/19/2026 20:11",https://www.instagram.com/p/DYi3_pzjtLy/,"Carrossel do Instagram",,Total,122585,58450,3748,33,3,42,0
18098211446160080,17841408259134524,sudamericanabr,"CONMEBOL Sudamericana","👏🎉 Bolo, refri e muita festa no gol do aniversariante da semana: Luciano pelo @saopaulofc! 🇾🇪",21,"05/19/2026 19:30",https://www.instagram.com/reel/DYizNNYBTdG/,"Reel do Instagram",,Total,117553,81654,2373,93,15,34,0
17988183125993376,17841400074692954,paulistao,Paulistão,"TUDO IGUAL NO MORUMBIS!
O São Paulo sofreu o empate no final do jogo na Sul-Americana.
#PaulistasEmCampo
📷Divulgação/@sudamericanabr",0,"05/19/2026 19:30",https://www.instagram.com/p/DYiyx4oljRk/,"Imagem do Instagram",,Total,18175,10620,281,48,0,13,4
18098942818875260,17841400074692954,paulistao,Paulistão,"OS RESULTADOS DE HOJE!
Vitória e classificação do Mirassol na @libertadoresbr e empate do São Paulo na @sudamericanabr!
#PaulistasEmCampo",0,"05/19/2026 19:29",https://www.instagram.com/p/DYizNV_lpwT/,"Imagem do Instagram",,Total,16240,9919,187,5,0,2,6
17850401109695734,17841408376344663,libertadoresbr,"CONMEBOL Libertadores","🙌🦁 Sorria, @mirassolfc! Nas Oitavas de Final em sua primeira CONMEBOL #Libertadores!",35,"05/19/2026 19:23",https://www.instagram.com/reel/DYiyYA1Jjqa/,"Reel do Instagram",,Total,99018,77425,3088,54,8,41,0
18122089318726237,17841408376344663,libertadoresbr,"CONMEBOL Libertadores","⚽️🦁 Nathan Fogaça e seu gol histórico! A primeira vitória no exterior do @mirassolfc veio com a vaga nas OItavas da CONMEBOL #Libertadores.",33,"05/19/2026 19:07",https://www.instagram.com/reel/DYiwfZ9pP6d/,"Reel do Instagram",,Total,239830,175198,7024,24,10,44,0
18120741007657504,17841400074692954,paulistao,Paulistão,"O MIRASSOL É GIGANTE! 🌟
Mais uma vitória e mais uma classificação inédita na Libertadores!
#PaulistasEmCampo
📷Divulgação/@libertadoresbr",0,"05/19/2026 19:05",https://www.instagram.com/p/DYiv5PiFl7K/,"Imagem do Instagram",,Total,21999,13283,513,11,2,2,4
18185444188377088,17841408376344663,libertadoresbr,"CONMEBOL Libertadores","💛🦁💚 HISTÓRICO! Tem figurinha do @mirassolfc no álbum das Oitavas da CONMEBOL #Libertadores.",15,"05/19/2026 19:01",https://www.instagram.com/reel/DYiv1i4ppzf/,"Reel do Instagram",,Total,493487,307321,30372,2245,119,574,0
18005806661734122,17841400074692954,paulistao,Paulistão,"O LEÃO SEGUE FAZENDO HISTÓRIA! 🦁
O Mirassol está nas oitavas da @libertadoresbr!
#PaulistasEmCampo #Mirassol",0,"05/19/2026 19:00",https://www.instagram.com/p/DYivzjiFjFL/,"Imagem do Instagram",,Total,88738,51660,3053,322,1,64,23
18096441245332836,17841408259134524,sudamericanabr,"CONMEBOL Sudamericana","👋🇾🇪 Dorival Júnior, o retorno!",14,"05/19/2026 18:05",https://www.instagram.com/reel/DYipiMVhn1c/,"Reel do Instagram",,Total,902797,537012,50135,235,95,2191,0
18002669648922181,17841408259134524,sudamericanabr,"CONMEBOL Sudamericana","🇾🇪 Luciano comemora com o @SaoPauloFC! 😄",22,"05/19/2026 17:43",https://www.instagram.com/reel/DYim-kiBg_x/,"Reel do Instagram",,Total,919006,516524,51613,478,167,657,0
17917873743162649,17841400074692954,paulistao,Paulistão,"TUDO PRONTO PARA A COPA PAULISTA RIVALO!
Confira a primeira rodada e acesse a tabela completa em futebolpaulista.com.br!
#CopaPaulistaRivalo",0,"05/19/2026 16:00",https://www.instagram.com/p/DYiWEGnFvtf/,"Imagem do Instagram",,Total,51090,28107,1272,213,9,40,19
18097652657275007,17841400074692954,paulistao,Paulistão,"O ARSENAL VOLTOU A VENCER A PREMIER LEAGUE, MAS VOCÊ LEMBRA DO QUE ROLOU EM 2004? O FUTEBOL PAULISTA DOMINOU AS CONQUISTAS!
#Arsenal #PremierLeague",0,"05/19/2026 14:43",https://www.instagram.com/p/DYiSbXMFWPK/,"Carrossel do Instagram",,Total,327014,137854,9809,170,4,52,184
18103897411952071,17841405688144679,rivalobrasil,"Rivalo Brasil","O LOBO VERMELHO NO PAULISTÃO A3! 🏆

14 anos esperando por esse momento. A Inter de Bebedouro quebrou o jejum e carimbou o passaporte para o Paulistão A3 de 2027!

Desde a garra do João Gregório, que meteu dois gols no jogo de ida, até o gol decisivo do Caio Vidal, que entrou no segundo tempo e garantiu o acesso. A Rivalo registrou TUDO. 💥

Juntamos a tensão da semifinal, a explosão da torcida e a alegria de um acesso que demorou, mas chegou com tudo! O vídeo completo já tá no nosso canal do YouTube. Corre lá pra sentir todo esse sentimento! 📺

Produção: Gutierre Filmes

#Rivalo #NadaGanhadaEmocao #JoguecomResponsabilidade +18",35,"05/19/2026 14:05",https://www.instagram.com/reel/DYiOIJ2y1OT/,"Reel do Instagram",,Total,6573,4425,140,11,2,6,0
18090774320262363,17841400074692954,paulistao,Paulistão,"O REPRESENTANTE DO FUTEBOL PAULISTA NA SELEÇÃO BRASILEIRA!
O príncipe da Vila voltou para o Peixão, jogou o Paulistão e garantiu sua vaga na Copa do Mundo!
#Neymar #Paulistão",22,"05/19/2026 13:52",https://www.instagram.com/reel/DYiMf73oNaD/,"Reel do Instagram",,Total,14477,10151,1246,11,0,13,29
18113464108642075,17841400074692954,paulistao,Paulistão,"O 27º TÍTULO DO TIMÃO!
Há 13 anos, o Corinthians era campeão paulista em cima do Santos na Vila Belmiro!
#BaúDoPaulistão",0,"05/19/2026 13:01",https://www.instagram.com/p/DYiGyLfEh6W/,"Imagem do Instagram",,Total,33929,18840,1140,15,0,8,12
18086073662375396,17841426196827383,copinha,Copinha,"A MAIOR COMPETIÇÃO DE BASE DO MUNDO! 🥰
23 dos 26 convocados por Carlo Ancelotti para a Copa do Mundo 2026 jogaram a Copinha!
#FutebolPaulista #CopaDoMundo",0,"05/19/2026 12:55",https://www.instagram.com/p/DYiGEDKjxzg/,"Carrossel do Instagram",,Total,901199,336971,34687,873,43,74,678
18091934576266168,17841400074692954,paulistao,Paulistão,"ELES SUBIRAM DE NOVO! 🔥⬆️
Esses são os jogadores do Penapolense e da Inter de Bebedouro que conseguiram acessos consecutivos no #PaulistãoA4Rivalo.",0,"05/19/2026 08:30",https://www.instagram.com/p/DYhk7K6DxlX/,"Imagem do Instagram",,Total,39555,20631,584,35,1,10,8
18077056049237658,17841400074692954,paulistao,Paulistão,"LEÃO E TRICOLOR PELA VITÓRIA!
Mirassol e São Paulo entram em campo nessa terça-feira na @libertadoresbr e @sudamericanabr!
#PaulistasEmCampo",0,"05/19/2026 06:00",https://www.instagram.com/p/DYhRZxMmUcp/,"Imagem do Instagram",,Total,22944,13661,577,9,0,5,7
18354179269210863,17841400074692954,paulistao,Paulistão,"Vitória da Inter de Limeira fora de casa e tropeço da Ponte Preta em Campinas. Essa foi a segunda-feira dos #PaulistasEmCampo.
#FutebolPaulista",0,"05/18/2026 18:34",https://www.instagram.com/p/DYgIE_DjLPU/,"Imagem do Instagram",,Total,15731,9677,174,5,0,3,2
17991757898971457,17841400074692954,paulistao,Paulistão,"VAI, LEÃO!
A Inter de Limeira volta da Paraíba com os três pontos na Série C!
#PaulistasEmCampo
📷João Neto/Botafogo-PB",0,"05/18/2026 18:23",https://www.instagram.com/p/DYgGym1DXSS/,"Imagem do Instagram",,Total,20531,12616,298,7,0,4,2
17880328089595483,17841400074692954,paulistao,Paulistão,"A segunda-feira foi de revés para a Ponte Preta.
#PaulistasEmCampo
📷Marcos Ribolli/Ponte Preta",0,"05/18/2026 17:20",https://www.instagram.com/p/DYf_pMpjMyL/,"Imagem do Instagram",,Total,23740,14185,456,37,0,36,9
17872214703503804,17841400074692954,paulistao,Paulistão,"ALÔ, PANINI, FALTOU UMA FIGURINHA NO ÁLBUM! 👀
O único convocado do Futebol Paulista é do Peixão! 🇧🇷
#FutebolPaulista #Neymar #Santos #CopaDoMundo",0,"05/18/2026 14:26",https://www.instagram.com/p/DYfrrm2lD1g/,"Imagem do Instagram",,Total,1440211,981656,48597,1721,183,252,633
17863186389582374,17841400074692954,paulistao,Paulistão,"NEYMAR NA COPA DO MUNDO! 🇧🇷🌟
O camisa 10 do @santosfc está confirmado para a sua 4ª Copa do Mundo da FIFA!
#PaulistasEmCampo #Neymar #CopaDoMundo",0,"05/18/2026 14:12",https://www.instagram.com/p/DYfqE5BkasD/,"Carrossel do Instagram",,Total,328556,158947,25079,960,53,125,283
17948304378165070,17841400074692954,paulistao,Paulistão,"VERDÃO SEGUE LÍDER! 👀🔝
Como está seu time na tabela do @brasileirao, torcedor? Deixa aqui nos comentários! 
#PaulistasEmCampo",0,"05/18/2026 09:00",https://www.instagram.com/p/DYfC7ATkpfi/,"Imagem do Instagram",,Total,72444,38791,2072,50,0,26,20
17876271606599972,17841400074692954,paulistao,Paulistão,"MACACA E LEÃO EM CAMPO! 🔥
A Ponte Preta quer a vitória jogando em casa no @brasileiraob, enquanto a Inter de Limeira viaja para buscar os três pontos na #SérieC!
#PaulistasEmCampo",0,"05/18/2026 06:00",https://www.instagram.com/p/DYesmz4oC4U/,"Imagem do Instagram",,Total,15880,9954,185,2,0,2,3
17857020771645166,17841400074692954,paulistao,Paulistão,"Nesse 18 de maio, celebramos o Dia Nacional de Combate ao Abuso e à Exploração Sexual de Crianças e Adolescentes. Que nossas crianças e adolescentes tenham sempre o direito ao seu desenvolvimento de forma segura, protegida e livre do abuso e da exploração sexual. Acesse facabonito.org para mais informações!
#FPF #FaçaBonito #18deMaio",0,"05/18/2026 05:00",https://www.instagram.com/p/DYelvgMjI0Y/,"Imagem do Instagram",,Total,33691,19016,412,47,0,3,11
18089682485008566,17841400074692954,paulistao,Paulistão,"O SUPER ZÉ!
Feliz aniversário para o tetracampeão do Paulistão e campeão do mundo em 70, Zé Maria!
#FutebolPaulista #Aniversário",0,"05/18/2026 04:00",https://www.instagram.com/p/DYee5cWjudl/,"Carrossel do Instagram",,Total,59786,23084,2598,27,1,9,38
18122408263578698,17841400074692954,paulistao,Paulistão,"QUE GOL FOI ESSE?! 🥵🔥
O @allison_.07 tirou onda contra o Brusque, marcou um golaço bicicleta e garantiu a vitória na Série C!
#PaulistasEmCampo 
🎥SportyNet",51,"05/17/2026 18:55",https://www.instagram.com/reel/DYdln_zFFFX/,"Reel do Instagram",,Total,114099,78692,2714,179,6,41,26
18375678466205669,17841400074692954,paulistao,Paulistão,"Cinco jogos movimentaram o domingão de #PaulistasEmCampo!
Se liga nos placares.
#FutebolPaulista",0,"05/17/2026 17:43",https://www.instagram.com/p/DYddZyaADaU/,"Imagem do Instagram",,Total,33669,20516,414,28,0,0,3
17991532526794727,17841400074692954,paulistao,Paulistão,"TRÊS PONTOS PRO MASSA BRUTA! 🫡
Com direito a gol do goleiro Tiago Volpi, Red Bull Bragantino leva a melhor pra cima do Vitória.
#PaulistasEmCampo
📷Ari Ferreira/Red Bull Bragantino",0,"05/17/2026 16:42",https://www.instagram.com/p/DYdWgznFsxN/,"Imagem do Instagram",,Total,26923,16037,330,6,0,4,4
18014029235698728,17841400074692954,paulistao,Paulistão,"DEU GALO!
Vitória do Ituano no duelo paulista da Série C!
#PaulistasEmCampo
📷Flavio Torres/Ituano",0,"05/17/2026 16:38",https://www.instagram.com/p/DYdWAxFFtQl/,"Imagem do Instagram",,Total,32022,19496,379,16,1,8,5
17951903966984529,17841400074692954,paulistao,Paulistão,"VAI, VOLPI! 
O 18 do Red Bull Bragantino inaugura o placar para o Massa Bruta contra o Vitória!
#PaulistasEmCampo 
🎥Premiere",20,"05/17/2026 16:19",https://www.instagram.com/reel/DYdTxx2CWxQ/,"Reel do Instagram",,Total,250348,149261,8161,241,2,37,57
18092402339583852,17841400074692954,paulistao,Paulistão,"VITÓRIA EM CASA!
Ferroviária leva a melhor pra cima do Brusque e chega ao quinto jogo de invencibilidade na Série C!
#PaulistasEmCampo
📷Guilherme Moro/Ferroviária",0,"05/17/2026 14:11",https://www.instagram.com/p/DYdFK6MH8yw/,"Imagem do Instagram",,Total,15512,9713,196,6,0,2,1
18079372046551191,17841400074692954,paulistao,Paulistão,"O Timão foi superado no jogo do Nilton Santos.
#PaulistasEmCampo
📷Vitor Silva/Botafogo",0,"05/17/2026 14:07",https://www.instagram.com/p/DYdEvoMn1uS/,"Imagem do Instagram",,Total,41043,23589,726,348,2,48,2
18120853783632551,17841400074692954,paulistao,Paulistão,"Uma rodada repleta de grandes jogos chega do fim no Paulista Sub-23 Segunda Divisão!
#FutebolPaulista",0,"05/17/2026 13:42",https://www.instagram.com/p/DYdB2n0H4N-/,"Imagem do Instagram",,Total,23654,13712,339,18,7,4,1
18094041496945832,17841400074692954,paulistao,Paulistão,"Domingo complicado pro Peixão.
#PaulsitasEmCampo
📷Diego Soares/Ag. Paulistão",0,"05/17/2026 09:21",https://www.instagram.com/p/DYcj92Tkjqa/,"Imagem do Instagram",,Total,27801,15928,513,72,0,43,5
18124236922616586,17841400074692954,paulistao,Paulistão,"Momento fofura com o ídolo da criançada!☺️⚽️

#paulistasemcampo #santosfc",77,"05/17/2026 07:09",https://www.instagram.com/reel/DYcUomWuK40/,"Reel do Instagram",,Total,70500,47954,3481,253,13,83,78
18164881057436517,17841400074692954,paulistao,Paulistão,"VAI COMEÇAR!
É dia de Santos na Neo Química Arena!
#PaulistasEmCampo
📷Diego Soares/Ag. Paulistão",0,"05/17/2026 06:59",https://www.instagram.com/p/DYcTy_9FuKc/,"Carrossel do Instagram",,Total,42194,20048,2513,12,8,11,21
18068010581492862,17841400074692954,paulistao,Paulistão,"Ney no aquecimento! 🔥⚽️

#paulistasemcampo #santosfc",20,"05/17/2026 06:44",https://www.instagram.com/reel/DYcRltXueag/,"Reel do Instagram",,Total,417582,268718,13159,133,37,115,153
17866844439653655,17841400074692954,paulistao,Paulistão,"NEYMAR ESTÁ NA CASA! ⚽️🐳

#paulistasemcampo #santosfc",34,"05/17/2026 06:35",https://www.instagram.com/reel/DYcQqW0OynG/,"Reel do Instagram",,Total,119698,84283,6678,165,5,90,85
17909107722220977,17841400074692954,paulistao,Paulistão,"5️⃣❕
Não sabe onde assistir aos jogos dos #PaulistasEmCampo desse domingo? O @paulistao te mostra!",0,"05/17/2026 06:00",https://www.instagram.com/p/DYcHz2um00o/,"Imagem do Instagram",,Total,23447,13591,426,17,0,0,11
17936637093054254,17841400074692954,paulistao,Paulistão,"Hoje é o Dia Internacional de Combate à Homofobia, Transfobia e Bifobia. Hoje e sempre, a Federação Paulista de Futebol, através do Comitê de Diversidade e Inclusão, reforça seu compromisso contra qualquer tipo de intolerância e preconceito. Por mais amor e mais respeito dentro e fora do futebol! 
#FutebolPaulista",0,"05/17/2026 04:30",https://www.instagram.com/p/DYb9geFlrRG/,"Imagem do Instagram",,Total,50875,28296,635,60,0,200,12
18000275747931289,17841400074692954,paulistao,Paulistão,"ENCERRANDO A RODADA!
Manhã e tarde cheias de #PaulistaSub23SegundaDivisão 🙌",0,"05/17/2026 04:00",https://www.instagram.com/p/DYb6E3aFV93/,"Imagem do Instagram",,Total,23214,13882,200,8,1,4,1
18107841136906843,17841400074692954,paulistao,Paulistão,"E lá se foi mais um dia de #PaulistasEmCampo. 
Vamos aos resultados.
#FutebolPaulista",0,"05/16/2026 19:12",https://www.instagram.com/p/DYbCzDpjjCg/,"Imagem do Instagram",,Total,69804,41281,999,16,1,5,12
18026418992827496,17841400074692954,paulistao,Paulistão,"TUDO IGUAL!
Com o placar definido ainda no primeiro tempo, Palmeiras e Cruzeiro ficaram no empate.
#PaulistasEmCampo
📷Marco Galvão/Cruzeiro",0,"05/16/2026 19:07",https://www.instagram.com/p/DYbCQ_ODv09/,"Imagem do Instagram",,Total,25494,15661,366,17,0,12,2
17914067166385905,17841400074692954,paulistao,Paulistão,"SABADÃO MOVIMENTADO!
Não teve placar em branco no Paulista Sub-23 Segunda Divisão!
#FutebolPaulista",0,"05/16/2026 18:56",https://www.instagram.com/p/DYbBCNXlToR/,"Imagem do Instagram",,Total,13644,7684,149,2,1,0,0
17897226435451907,17841400074692954,paulistao,Paulistão,"O Tigre não saiu do zero na Arena Pantanal.
#PaulistasEmCampo
📷Ozzair Jr/Novorizontino",0,"05/16/2026 18:49",https://www.instagram.com/p/DYbAJ2loLRp/,"Imagem do Instagram",,Total,19537,11584,171,5,0,1,2
17973519161882280,17841400074692954,paulistao,Paulistão,"Jogando no Maracanã, o São Paulo não conseguiu pontuar no duelo de Tricolores.
#PaulistasEmCampo
📷Marcelo Gonçalves/Fluminense",0,"05/16/2026 17:01",https://www.instagram.com/p/DYaz5kRDEHE/,"Imagem do Instagram",,Total,35744,20193,569,336,0,28,3
18054742784551562,17841400074692954,paulistao,Paulistão,"O Mirassol foi superado longe de seus domínios.
#PaulistasEmCampo
📷Felipe Deslandes/Ag. Mirassol",0,"05/16/2026 16:56",https://www.instagram.com/p/DYazTpWCcLR/,"Imagem do Instagram",,Total,26890,16356,281,4,0,1,0
17938163973213788,17841400074692954,paulistao,Paulistão,"Não era o resultado que o Pantera esperava pra este sábado.
#PaulistasEmCampo
📷Carlos Costa/Ag. Botafogo",0,"05/16/2026 16:54",https://www.instagram.com/p/DYazGX4De3c/,"Imagem do Instagram",,Total,19773,12568,165,4,0,0,0
18052732376729810,17841400074692954,paulistao,Paulistão,"ACELERA, LOCOMOTIVA!
Noroeste vence o Velo Clube no duelo paulista e embala a terceira vitória seguida na Série D!
#PaulistasEmCampo
📷Douglas Moreti/Divulgação/Noroeste",0,"05/16/2026 15:43",https://www.instagram.com/p/DYaq6-qDlki/,"Imagem do Instagram",,Total,30103,17172,751,16,2,41,3
17944206369017545,17841400074692954,paulistao,Paulistão,"SEGUE O NHÔ QUIM!
XV de Piracicaba vence fora de casa e se isola na liderança do Grupo 14 da Série D!
#PaulistasEmCampo
📷Bruno Maia/Divulgação/XV de Piracicaba",0,"05/16/2026 15:42",https://www.instagram.com/p/DYaqxj2Dggv/,"Imagem do Instagram",,Total,17050,10040,374,7,1,6,0
18117635539780476,17841400074692954,paulistao,Paulistão,"BUSCOU O EMPATE!
São Bernardo marca no fim e garante mais um ponto na Série B.
#PaulistasEmCampo
📷Ariston Tavares/Divulgação/São Bernardo",0,"05/16/2026 14:31",https://www.instagram.com/p/DYaisZNn2IA/,"Imagem do Instagram",,Total,14993,9271,131,3,0,0,0
18206765512337423,17841400074692954,paulistao,Paulistão,"EMPATE SEM GOLS!
A rede não balançou no Canindé para Portuguesa e Água Santa.
#PaulistasEmCampo
📷Victor Bessa/Divulgação/Portuguesa",0,"05/16/2026 14:29",https://www.instagram.com/p/DYaifyjH0vH/,"Imagem do Instagram",,Total,16516,9505,197,2,0,3,0
18363500122224862,17841400074692954,paulistao,Paulistão,"AGENDA CHEIA! 🗓️
Vem ver as transmissões dos jogos desse sábado das minhas equipes!
#PaulistasEmCampo",0,"05/16/2026 06:00",https://www.instagram.com/p/DYZjBAOjMJD/,"Imagem do Instagram",,Total,28330,16133,631,23,5,18,16
18105671941766851,17841400074692954,paulistao,Paulistão,"SABADOU! 🤩
Vem pro YouTube do Paulistão assistir aos jogos de hoje do Paulista Sub-23 Segunda Divisão!
#PaulistaSub23SegundaDivisão",0,"05/16/2026 04:00",https://www.instagram.com/p/DYZVSGXE1FL/,"Imagem do Instagram",,Total,13704,7586,141,3,0,1,2
18228635809311596,17841400074692954,paulistao,Paulistão,"Votoraty e Tupã garantiram os três pontos na sexta-feira de Paulista Sub-23 Segunda Divisão.
#FutebolPaulista",0,"05/15/2026 17:21",https://www.instagram.com/p/DYYRVaQH2ZV/,"Imagem do Instagram",,Total,20837,11010,272,13,0,5,2
17874002874485319,17841400074692954,paulistao,Paulistão,"VISITANTES INDIGESTOS! 🤪🏆
Em três divisões do Paulistão, os campeões levantaram a taça fora de suas casas!
#PaulistãoCasasBahia #PaulistãoA2Rivalo #PaulistãoA4Rivalo",0,"05/15/2026 14:20",https://www.instagram.com/p/DYX8o1LjvFP/,"Imagem do Instagram",,Total,34262,17952,874,13,0,7,23
18077114225218750,17841400074692954,paulistao,Paulistão,"DAVID BRAZ, O TIO ORGULHOSO DO CAIO VIDAL! 💪
Presença ilustre na festa de premiação, o zagueiro contou pra gente o sentimento de ver o sobrinho receber o prêmio de Revelação do #PaulistãoA4Rivalo.",76,"05/15/2026 14:00",https://www.instagram.com/reel/DYX1jVbiAyO/,"Reel do Instagram",,Total,61570,40165,2361,250,14,58,46
18107824516925075,17841400074692954,paulistao,Paulistão,"É SOBRE VENCER PELA EQUIPE E PELA FAMÍLIA!
Eleito o melhor técnico do #PaulistãoA2Rivalo, Thiago Carvalho abriu o coração pra agradecer o suporte do grupo do Juventus, da esposa e do filho na sua trajetória.",35,"05/15/2026 13:00",https://www.instagram.com/reel/DYXuaFLD61J/,"Reel do Instagram",,Total,15821,12239,345,8,1,13,2
18124130995544992,17841400074692954,paulistao,Paulistão,"NINGUÉM SEGURA O PALMEIRAS! 🐷🔥
São 16 jogos sem derrotas na conta do Verdão!
#PaulistasEmCampo",0,"05/15/2026 09:00",https://www.instagram.com/p/DYXS0c4AJXQ/,"Imagem do Instagram",,Total,42361,24951,1730,99,1,27,19
17896886037446362,17841400074692954,paulistao,Paulistão,"DORIVAL ESTÁ DE VOLTA AO TRICOLOR! 🇾🇪
Campeão da Copa do Brasil de 2023 com o São Paulo, o técnico volta a vestir a camisa tricolor pela terceira vez! Expectativas altas, torcedor? 👀
#PaulistasEmCampo #DorivalJr #SãoPaulo
🎥@saopaulofc",49,"05/15/2026 08:44",https://www.instagram.com/reel/DYXWA63ge7e/,"Reel do Instagram",,Total,48599,33927,3197,142,3,63,32
17979879746847024,17841400074692954,paulistao,Paulistão,"DOSE DUPLA! 🔥
Sextou com abertura de rodada no Paulista Sub-23 Segunda Divisão!
#PaulistaSub23SegundaDivisão",0,"05/15/2026 07:00",https://www.instagram.com/p/DYXJOAQILPj/,"Imagem do Instagram",,Total,9741,5457,105,3,0,0,0
18073270430411483,17841400074692954,paulistao,Paulistão,"A SEGUNDA COPA DO BRASIL DO TIMÃO!
Há 24 anos, o Corinthians vencia o Brasiliense no agregado e levava sua segunda taça da @copadobrasilcbf!
#BaúDoPaulistão",0,"05/15/2026 05:30",https://www.instagram.com/p/DYW6yR0mefE/,"Imagem do Instagram",,Total,78362,42757,2682,10,1,32,41
18009062330712170,17841400074692954,paulistao,Paulistão,"15 ANOS ATRÁS...
O Peixão conquistava mais uma taça do Paulistão na vitória contra o Corinthians com gols de Arouca e Neymar!
#BaúDoPaulistão",0,"05/15/2026 05:00",https://www.instagram.com/p/DYW3W-wCf--/,"Imagem do Instagram",,Total,83281,45585,3934,154,2,176,59
17906053401242697,17841400074692954,paulistao,Paulistão,"O TERROR DO MORUMBIS!
Hoje é dia de comemorar o aniversário de um dos maiores ídolos da história do São Paulo, pentacampeão do Paulistão e multicampeão pelo Tricolor! Feliz aniversário, Raí!
#FutebolPaulista #Aniversário",0,"05/15/2026 04:00",https://www.instagram.com/p/DYWwgQEloqy/,"Carrossel do Instagram",,Total,98214,46860,7624,251,29,175,109
18100330730043726,17841426429471156,fpf_oficial,"Federação Paulista de Futebol","UMA NOITE PARA RECORDAR! ✨
Vem conferir os bastidores e toda a dinâmica das premiações do Paulistão A2 Rivalo e Paulistão A4 Rivalo 🤩🏆 #FPF #FutebolPaulista",59,"05/14/2026 20:48",https://www.instagram.com/reel/DYWDvRPt1zA/,"Reel do Instagram",,Total,9757,7226,143,6,0,10,0
18439322575188469,17841400074692954,paulistao,Paulistão,"ISSO AJUDA A FAZER UM BOM CAMPEONATO! 🏆
Melhor zagueiro do #PaulistãoA4Rivalo, Sandoval contou pra gente a importância do reconhecimento da Federação e do Sindicato para os atletas.",27,"05/14/2026 19:30",https://www.instagram.com/reel/DYV64ebs4oX/,"Reel do Instagram",,Total,10473,7589,282,12,1,29,2
18031712477809938,17841400074692954,paulistao,Paulistão,"VAI, CORINTHIANS!
Yuri Alberto marca no fim, Timão vence o Barra-SC e segue na luta pelo título da Copa do Brasil!
#PaulistasEmCampo
📷Divulgação/Corinthians",0,"05/14/2026 17:58",https://www.instagram.com/p/DYVw0kCD1dE/,"Imagem do Instagram",,Total,61474,34901,3407,113,0,17,17
18046480196549173,17841400074692954,paulistao,Paulistão,"AVANÇOU!
O Corinthians carimbou a vaga nas oitavas da Copa do Brasil!
#PaulistasEmCampo",0,"05/14/2026 17:56",https://www.instagram.com/p/DYVwiH9lLUs/,"Imagem do Instagram",,Total,60851,32276,5295,95,1,3,43
18074447057282430,17841400074692954,paulistao,Paulistão,"A ESTRELA DA NOITE!
Albano foi eleito o Melhor Jogador Rivalo do #PaulistãoA2Rivalo.",0,"05/14/2026 17:43",https://www.instagram.com/p/DYVu8l1MVV1/,"Imagem do Instagram",,Total,27596,13615,866,84,2,276,3
18103205509789542,17841400074692954,paulistao,Paulistão,"O GRINGO QUE CHOCOU O FUTEBOL PAULISTA!
Elkin Muñoz foi eleito a Revelação Sil do #PaulistãoA2Rivalo.",0,"05/14/2026 17:41",https://www.instagram.com/p/DYVu0WmsVdQ/,"Imagem do Instagram",,Total,30800,16257,570,30,2,30,4
18051533834518188,17841400074692954,paulistao,Paulistão,"O HOMEM-GOL!
Luketa foi o artilheiro do #PaulistãoA2Rivalo.",0,"05/14/2026 17:40",https://www.instagram.com/p/DYVunR-slFd/,"Imagem do Instagram",,Total,37540,20765,409,40,1,13,3
17938484658211426,17841407234943243,gureeis_,"Gustavo Reis","QUAIS SÃO OS ESTÁDIOS MAIS DIFÍCEIS DE JOGAR SEGUNDOS OS CAMPEÕES DA SÉRIE A2? 🤔",31,"05/14/2026 13:00",https://www.instagram.com/reel/DYVOtuZB-_Y/,"Reel do Instagram","Ocorreu um erro ao computar métricas.",-,,,,,,,
18213593164330651,17841405688144679,rivalobrasil,"Rivalo Brasil","ISSO É FUTEBOL! 🏆

A emoção da final estampada em cada detalhe. O @juventussaf sentiu isso.

Qual foi o melhor momento do jogo pra você? 🔥

#Rivalo #NadaGanhadaEmocao",115,"05/14/2026 05:49",https://www.instagram.com/reel/DYUcm2uyjKo/,"Reel do Instagram","Ocorreu um erro ao computar métricas.",-,,,,,,,
18099739529472183,17841461375852191,juventussaf,"Juventus SAF","TRICAMPEÃO! 🏆🏆🏆

O Juventus é campeão da A2!

Uma campanha construída com trabalho, entrega e união. Dentro de campo, um elenco que competiu do começo ao fim. Fora dele, uma torcida presente em cada passo, que nunca deixou de carregar o Juventus consigo.

Depois do acesso à elite, o título coroa um novo capítulo na história do Moleque Travesso: o resgate da tradição e da identidade.

O Juve voltou. E voltou campeão!!! 🇱🇻",0,"05/13/2026 18:16",https://www.instagram.com/p/DYTN-quNnUG/,"Imagem do Instagram","Ocorreu um erro ao computar métricas.",-,,,,,,,
17889066285481674,17841405688144679,rivalobrasil,"Rivalo Brasil","O QUE O JUVENTINO FAZ DEPOIS DE UM JOGAÇO? 🏆

Vocês mandaram nos comentários…e a gente colocou em prática na Javari. Teve Tostão, Cannoli e até Esfiha! 💥

Confere aí se representamos bem a torcida Juventina. 🚀

#Rivalo #NadaGanhadaEmocao #JoguecomResponsabilidade +18",89,"05/13/2026 10:00",https://www.instagram.com/reel/DYSVVIgBDGi/,"Reel do Instagram","Ocorreu um erro ao computar métricas.",-,,,,,,,
17873336607667091,17841445698023418,cbfseriec,"Brasileirão Série C","UN BAILE INOLVIDABLE 💃🕺
O @guaranifc_oficial marcou 5️⃣ gols e deu um show na nossa #SérieC.",57,"05/12/2026 06:01",https://www.instagram.com/reel/DYPQoZEkvcQ/,"Reel do Instagram","Ocorreu um erro ao computar métricas.",-,,,,,,,
18320427112284060,17841400074692954,paulistao,Paulistão,"Fecha a conta e passa a régua no sábado de futebol! 
#PaulistasEmCampo",0,"05/09/2026 17:19",https://www.instagram.com/p/DYI0Zdvlry6/,"Imagem do Instagram",,Total,31564,18302,392,7,0,8,4
18086755058525064,17841400074692954,paulistao,Paulistão,"EMPATE EM CASA!
Ficou tudo igual em Rio Claro para Velo Clube e Nova Iguaçu.
#PaulistasEmCampo
📷Divulgação/Nova Iguaçu",0,"05/09/2026 17:07",https://www.instagram.com/p/DYIzAHtDk5n/,"Imagem do Instagram",,Total,20730,12335,255,4,0,1,1
18103979611998119,17841400731577742,yasmingzrn,Yasmin,"O protagonista do time do povo farmou aura?

que golaço do Yuri Alberto!

#futebol #copadobrasil #corinthians #barra #yurialberto",41,"05/14/2026 17:33",https://www.instagram.com/reel/DYVsydEB-4_/,"Reel do Instagram",,Total,241263,160345,14925,407,25,90,0
18100955246009256,17841400074692954,paulistao,Paulistão,"O SUPER ONZE!
Confira a seleção completa do #PaulistãoA2Rivalo.",0,"05/14/2026 17:32",https://www.instagram.com/p/DYVttJ7sESm/,"Imagem do Instagram",,Total,53808,29933,837,92,0,45,8
18050463989588272,17841400074692954,paulistao,Paulistão,"O PROFESSOR!
Thiago Carvalho foi eleito o melhor treinador do #PaulistãoA2Rivalo.",0,"05/14/2026 17:30",https://www.instagram.com/p/DYVtiGhMP2s/,"Imagem do Instagram",,Total,37260,20830,834,27,3,41,2
18082207259248405,17841400074692954,paulistao,Paulistão,"OS GOLEADORES!
Vitor Barreto, Luketa e Elkin Muñoz no comando de ataque da seleção do #PaulistãoA2Rivalo.",0,"05/14/2026 17:29",https://www.instagram.com/p/DYVtdvmDMJj/,"Carrossel do Instagram",,Total,29972,15608,309,10,0,6,2
18097494938154505,17841400074692954,paulistao,Paulistão,"TRIO PARADA DURA! 
Ferreira, Netinho e Albano no meio-campo da seleção do #PaulistãoA2Rivalo.",0,"05/14/2026 17:26",https://www.instagram.com/p/DYVtI2fDHfG/,"Carrossel do Instagram",,Total,36094,18691,216,50,1,3,2
18022113386844796,17841400074692954,paulistao,Paulistão,"TODO GRANDE TIME COMEÇA COM UMA GRANDE DEFESA!
Dênis Jr, Thassio, Medina, Fernando e Eduardo abrem a seleção do #PaulistãoA2Rivalo.",0,"05/14/2026 17:23",https://www.instagram.com/p/DYVs0D1DPHE/,"Carrossel do Instagram",,Total,36108,17215,348,86,2,17,4
18435176077188307,17841401651676045,afeoficial,"Ferroviária SAF","Tá rolando a premiação dos melhores do @paulistao A2! Nossos jogadores estão trajados no melhor estilo pra essa grande noite.",0,"05/14/2026 17:22",https://www.instagram.com/p/DYVssBYjDEx/,"Carrossel do Instagram",,Total,46707,16941,805,27,2,3,0
18152614246482318,17841400074692954,paulistao,Paulistão,"O NOSSO CRAQUE!
Kadu Barone foi eleito o Melhor Jogador Rivalo do #PaulistãoA4Rivalo.",0,"05/14/2026 17:15",https://www.instagram.com/p/DYVruVRsHSW/,"Imagem do Instagram",,Total,21259,12360,256,44,0,21,0
18143927494508493,17841400074692954,paulistao,Paulistão,"O TALISMÃ DO LOBO!
Caio Vidal foi eleito a Revelação Sil do #PaulistãoA4Rivalo.",0,"05/14/2026 17:14",https://www.instagram.com/p/DYVrnlmMKN5/,"Imagem do Instagram",,Total,27087,15311,453,49,1,39,2
17871664650506166,17841400074692954,paulistao,Paulistão,"OS GOLEADORES!
Com oito gols, Kadu Barone e Luan Carioca foram os artilheiros do #PaulistãoA4Rivalo.",0,"05/14/2026 17:12",https://www.instagram.com/p/DYVrjn_DFjm/,"Carrossel do Instagram",,Total,22292,11241,252,13,0,1,2
18076059137256511,17841400074692954,paulistao,Paulistão,"TIME DE ARBITRAGEM!
Confira os melhores do time de arbitragem do #PaulistãoA4Rivalo",0,"05/14/2026 17:11",https://www.instagram.com/p/DYVrXuXjP3m/,"Carrossel do Instagram",,Total,31447,14491,323,55,2,22,1
18023965235827547,17841400074692954,paulistao,Paulistão,"O ONZE IDEAL! 
Confira a seleção completa do #PaulistãoA4Rivalo.",0,"05/14/2026 17:03",https://www.instagram.com/p/DYVqck7s_Nf/,"Imagem do Instagram",,Total,53974,29680,577,78,0,8,6
18070122794336042,17841400074692954,paulistao,Paulistão,"O COMANDANTE!
Márcio Griggio foi eleito o melhor treinador do #PaulistãoA4Rivalo.",0,"05/14/2026 17:01",https://www.instagram.com/p/DYVqMXNMjL0/,"Imagem do Instagram",,Total,24801,14749,316,13,1,26,3
18124529206626196,17841400074692954,paulistao,Paulistão,"GRANDE DUPLA!
Caiuby e Luan Carioca no comando de ataque da seleção do #PaulistãoA4Rivalo.",0,"05/14/2026 16:59",https://www.instagram.com/p/DYVqFHqDIpC/,"Carrossel do Instagram",,Total,24824,11147,175,21,0,4,0
17955165143964387,17841400074692954,paulistao,Paulistão,"O QUADRADO MÁGICO!
Diogo Silva, Ryan, Brendon e Kadu Barone no meio-campo da seleção do #PaulistãoA4Rivalo.",0,"05/14/2026 16:58",https://www.instagram.com/p/DYVp4QmjJdG/,"Carrossel do Instagram",,Total,51894,22668,458,45,0,3,3
18089105945617898,17841400074692954,paulistao,Paulistão,"É DIFÍCIL PASSAR DELES!
Estevão, Diogo, Sandoval, Cleberson e Magal formam a defesa da seleção do #PaulistãoA4Rivalo.",0,"05/14/2026 16:55",https://www.instagram.com/p/DYVph42DOvX/,"Carrossel do Instagram",,Total,41632,16820,287,32,1,5,3
18106778678482027,17841400074692954,paulistao,Paulistão,"NOVO APRESENTADOR NA ÁREA? 🎙️🐶
Já já tem nossa premiação do #PaulistãoA2Rivalo e #PaulistãoA4Rivalo e nosso Fanaticão tá na casa!",15,"05/14/2026 15:55",https://www.instagram.com/reel/DYVigO_tx1C/,"Reel do Instagram",,Total,14131,12117,109,4,0,3,2
18177099430392238,17841400074692954,paulistao,Paulistão,"FINAL DA SEMANA CHEGOU...
E com ele o Paulista Sub-23 Segunda Divisão! Vem ver os horários dos confrontos que vão rolar sexta, sábado e domingo.
#PaulistaSub23SegundaDivisão",0,"05/14/2026 14:34",https://www.instagram.com/p/DYVZe3tGdNW/,"Imagem do Instagram",,Total,16036,9365,242,12,0,2,2
18096215384178112,17841407234943243,gureeis_,"Gustavo Reis","A ESTRUTURA DO CAMPEÃO PAULISTA A2!",26,"05/14/2026 13:45",https://www.instagram.com/reel/DYVTzXMBL8B/,"Reel do Instagram",,Total,9179,7561,110,3,0,0,0
18130985656585632,17841407234943243,gureeis_,"Gustavo Reis","COMO É A PREPARAÇÃO DO CAMPEÃO PAULISTA SÉRIE A2? 🤔",30,"05/14/2026 13:20",https://www.instagram.com/reel/DYVQ-lrB7ED/,"Reel do Instagram",,Total,27341,19908,398,11,0,1,0
17889092985483128,17841400074692954,paulistao,Paulistão,"ESTÁ NASCENDO UM NOVO LÍDER... 🐯🔝
O São Bernardo veio para ficar no topo da tabela do @brasileiraob!
#PaulistasEmCampo",0,"05/14/2026 13:00",https://www.instagram.com/p/DYVKofqk1hA/,"Imagem do Instagram",,Total,55086,31511,802,10,0,4,6
17949353367149218,17841400074692954,paulistao,Paulistão,"OS CAMPEÕES DO PAULISTÃO! 🏆🌟
As taças do @paulistao foram entregues! Vem ver quais foram os campeões das quatro divisões do campeonato 👀
#Paulistão #FutebolPaulista",0,"05/14/2026 12:22",https://www.instagram.com/p/DYVKTJOkqhk/,"Imagem do Instagram",,Total,76414,43163,2480,151,2,50,71
17970218022028435,17841401651676045,afeoficial,"Ferroviária SAF","Ontem, hoje e amanhã. Obrigado pela linda festa ontem, Araraquara! Vamos buscar mais, com vocês e para vocês.",0,"05/14/2026 11:00",https://www.instagram.com/p/DYVA9Y9kSFN/,"Carrossel do Instagram",,Total,79365,28322,1806,91,6,16,0
18118000498737292,17841400074692954,paulistao,Paulistão,"OS TAKES DO TÍTULO! 🏆
A festa do Juventus, campeão do Paulistão A2 Rivalo 2026!
#PaulistãoA2Rivalo",52,"05/14/2026 10:28",https://www.instagram.com/reel/DYU9Q9qCXmc/,"Reel do Instagram",,Total,36396,25976,1800,92,17,34,25
18010398986900220,17841400074692954,paulistao,Paulistão,"HORA DE PREMIAR OS MELHORES DO A2 E A4! 🏆🌟
Assista à premiação do Paulistão A2 Rivalo e do Paulistão A4 Rivalo AO VIVO às 20h, no YouTube do Paulistão!
#Premiação #PaulistãoA2Rivalo #PaulistãoA4Rivalo",0,"05/14/2026 09:16",https://www.instagram.com/p/DYU0-IVxFHN/,"Imagem do Instagram",,Total,19741,11389,222,37,3,5,1
18084704873379862,17841400074692954,paulistao,Paulistão,"TIMÃO, TIMÃO, TIMÃO!
A Neo Química Arena vai pegar fogo nessa quinta-feira de @copadobrasilcbf!
#PaulistasEmCampo",0,"05/14/2026 06:00",https://www.instagram.com/p/DYUZcBsoJJi/,"Imagem do Instagram",,Total,33004,18678,1219,42,2,11,8
18121154077731780,17841400074692954,paulistao,Paulistão,"A noite de #CopaDoBrasil foi de classificação para Santos, Mirassol e Palmeiras!
#PaulistasEmCampo",0,"05/13/2026 19:55",https://www.instagram.com/p/DYTZYMVIOWu/,"Imagem do Instagram",,Total,237205,166794,3452,60,29,56,62
17894009856333526,17841400074692954,paulistao,Paulistão,"RUMO ÀS OITAVAS!
Goleada na ida, goleada na volta e o Palmeiras avança na Copa do Brasil!
#PaulistasEmCampo
📷Cesar Greco/Palmeiras",0,"05/13/2026 19:40",https://www.instagram.com/p/DYTXpg9CdcE/,"Imagem do Instagram",,Total,54841,32439,2186,163,0,23,17
18114490438759376,17841400074692954,paulistao,Paulistão,"VERDÃO CLASSIFICADO!
O Palmeiras é mais um clube paulista garantido nas oitavas de final da Copa do Brasil!
#PaulistasEmCampo",0,"05/13/2026 19:36",https://www.instagram.com/p/DYTXKHvjcnt/,"Imagem do Instagram",,Total,24344,14338,1019,16,0,14,12
18066292634380841,17841400074692954,paulistao,Paulistão,"NO DETALHE! 
Thiago Carvalho minutos antes do título do Juventus!
#PaulistãoA2Rivalo",11,"05/13/2026 19:20",https://www.instagram.com/reel/DYTU-inM33-/,"Reel do Instagram",,Total,39386,26957,1154,3,2,16,7
18101606141009474,17841400074692954,paulistao,Paulistão,"O AUTOR DO GOL DO TÍTULO! 🏆
Thomás Kayck foi o #CraqueRivaloDoJogo, agradeceu o apoio e disse que o Juventus vai conquistar coisas ainda maiores! #PaulistãoA2Rivalo",28,"05/13/2026 18:59",https://www.instagram.com/reel/DYTSIe5MEKC/,"Reel do Instagram",,Total,21634,16166,1066,32,5,86,6
18046820543536694,17841400074692954,paulistao,Paulistão,"A FESTA DO CAMPEÃO! 🏆
#PaulistãoA2Rivalo",20,"05/13/2026 18:46",https://www.instagram.com/reel/DYTRPm1sSfT/,"Reel do Instagram",,Total,36793,27769,1516,48,6,14,7
18083852768574843,17841400074692954,paulistao,Paulistão,"O GOL DO TÍTULO!
Thomas Kayck apareceu por trás da marcação e assegurou a conquista do Paulistão A2 Rivalo 2026 para o Juventus!
#PaulistãoA2Rivalo",23,"05/13/2026 18:38",https://www.instagram.com/reel/DYTQlBjkr2s/,"Reel do Instagram",,Total,33310,25201,1081,171,12,21,11
18084474029101037,17841400074692954,paulistao,Paulistão,"A DEFESA QUE VALEU O TÍTULO! 🧤🏆
Passarelli foi o herói do Juventus na final do #PaulistãoA2Rivalo",5,"05/13/2026 18:38",https://www.instagram.com/reel/DYTP3KPMYMY/,"Reel do Instagram",,Total,43011,25883,899,13,5,13,13
17914675137179763,17841400074692954,paulistao,Paulistão,"FAZ O PIX, CBF!
O Mirassol está nas oitavas da Copa do Brasil!
#PaulistasEmCampo
📷JP Pinheiro/Ag Mirassol",0,"05/13/2026 18:33",https://www.instagram.com/p/DYTQDHRDmMm/,"Imagem do Instagram",,Total,24367,14495,621,8,0,5,1
18390622402091778,17841461375852191,juventussaf,"Juventus SAF","Hora do banho, míster! 😂😂😂",19,"05/13/2026 18:32",https://www.instagram.com/reel/DYTPk1ut_j9/,"Reel do Instagram",,Total,56559,35376,2883,66,23,32,0
18092640320269917,17841400074692954,paulistao,Paulistão,"RUGE, LEÃO!
O Mirassol mantém vivo o sonho do título da Copa do Brasil!
#PaulistasEmCampo",0,"05/13/2026 18:30",https://www.instagram.com/p/DYTPnRmEfuH/,"Imagem do Instagram",,Total,9400,5606,230,6,0,2,1
17878192455596193,17841400074692954,paulistao,Paulistão,"UH PASSARELLI! 
Que noite do goleiro do Juventus! 
#PaulistãoA2Rivalo",43,"05/13/2026 18:29",https://www.instagram.com/reel/DYTOLFqMjiH/,"Reel do Instagram",,Total,135235,94689,4718,127,14,117,50
18589699192009158,17841400074692954,paulistao,Paulistão,"O SUPER JUVE PASSOU POR ARARAQUARA! 🔥
#PaulistãoA2Rivalo",9,"05/13/2026 18:23",https://www.instagram.com/reel/DYTOez7MZxJ/,"Reel do Instagram",,Total,34969,25728,963,41,0,26,7
18262700599295205,17841400074692954,paulistao,Paulistão,"🏆🏆🏆
#PaulistãoA2Rivalo 
📷Douglas Moretti/Ag. Paulistão",0,"05/13/2026 18:18",https://www.instagram.com/p/DYTOPX1jh7M/,"Carrossel do Instagram",,Total,48859,25437,978,51,0,6,4
18091816106243760,17841400074692954,paulistao,Paulistão,"FESTA JUVENTINA! 🏆
Solta o grito, Moleque Travesso! O Juventus é o grande campeão do Paulistão A2 Rivalo 2026!
#PaulistãoA2Rivalo 
📷Douglas Moretti/Ag. Paulistão",0,"05/13/2026 18:14",https://www.instagram.com/p/DYTNzpjjhKk/,"Carrossel do Instagram",,Total,21457,10410,685,47,1,8,5
18083513144616206,17841400074692954,paulistao,Paulistão,"COMEMORA TORCIDA JUVENTINA! 🏆🇮🇹
O Juventus levanta a taça do #PaulistãoA2Rivalo",20,"05/13/2026 18:11",https://www.instagram.com/reel/DYTNGyNsdAj/,"Reel do Instagram",,Total,40065,30419,1785,140,3,26,22
18096223337590000,17841400074692954,paulistao,Paulistão,"COMEMORA, @thomas_kayck! 
#PaulistãoA2Rivalo",8,"05/13/2026 18:11",https://www.instagram.com/reel/DYTNTzWshBb/,"Reel do Instagram",,Total,73133,46131,1598,24,4,17,13
18075917456358030,17841400074692954,paulistao,Paulistão,"O HOMEM DO TÍTULO!
Thomas Kayck decidiu o #PaulistãoA2Rivalo pro Juventus e ainda levou o troféu de #CraqueDoJogo pra casa!
📷Douglas Moretti/Ag. Paulistão",0,"05/13/2026 18:02",https://www.instagram.com/p/DYTMftzG5Jj/,"Imagem do Instagram",,Total,7981,4806,145,2,0,1,1
18097442839896453,17841405688144679,rivalobrasil,"Rivalo Brasil","É CAMPEÃO! 🏆

Depois de 18 anos longe da A1, o Juventus é o campeão do Paulistão A2 Rivalo! 👏

A Rivalo Brasil deseja parabéns pela conquista do Moleque Travesso! Nada ganhou da emoção de vocês! 🔥",0,"05/13/2026 17:50",https://www.instagram.com/p/DYTLB89Sb8R/,"Imagem do Instagram",,Total,43642,24406,1047,47,6,9,0
18094516046182828,17841400074692954,paulistao,Paulistão,"FESTA NA MOOCA!
Juventus vence fora de casa e conquista o título do Paulistão A2 Rivalo 2026!
#PaulistãoA2Rivalo 
📷Douglas Moretti/Ag. Paulistão",0,"05/13/2026 17:49",https://www.instagram.com/p/DYTK7ejDoaz/,"Carrossel do Instagram",,Total,29740,15638,861,50,0,9,5
18052790753737480,17841456850205009,capeinfos,"𝗖𝗔𝗣𝗘 𝗜𝗡𝗙𝗢𝗦 📰","É CAMPEÃO! O JUVE É O DONO DO PAULISTÃO A2 DE 2026 🏆

#RivaloFutebol #FutebolRivalo #juventus",86,"05/13/2026 17:40",https://www.instagram.com/reel/DYTJQz7S_uj/,"Reel do Instagram",,Total,58390,38497,1576,39,2,31,0
18116424826688435,17841400074692954,paulistao,Paulistão,"A EXPLOSÃO DO GOL DO TÍTULO DO JUVENTUS! 
@thomas_kayck nos acréscimos garantiu o troféu para o Moleque Travesso! 
#PaulistãoA2Rivalo",31,"05/13/2026 17:39",https://www.instagram.com/reel/DYTJgpMMnIr/,"Reel do Instagram",,Total,124093,83693,4979,237,9,82,62
17856559122647906,17841400074692954,paulistao,Paulistão,"PEIXÃO NAS OITAVAS!
O Santos avança de fase na Copa do Brasil!
#PaulistasEmCampo",0,"05/13/2026 17:34",https://www.instagram.com/p/DYTJSowiXq-/,"Imagem do Instagram",,Total,84534,43383,5748,150,2,35,44
18136291603527846,17841400074692954,paulistao,Paulistão,"JUVENTUS, JUVENTUS! 🏆🇱🇻
Campeão do Paulistão A2 Rivalo 2026!
#PaulistãoA2Rivalo",0,"05/13/2026 17:27",https://www.instagram.com/p/DYTIYvpn4AX/,"Imagem do Instagram",,Total,63586,39589,2851,372,6,59,16
18032993990619369,17841400074692954,paulistao,Paulistão,"São Paulo é superado no Alfredo Jaconi e se despede da Copa do Brasil.
#PaulistasEmCampo
📷 Fernando Alves/Juventude",0,"05/13/2026 17:13",https://www.instagram.com/p/DYTG2DiDnoH/,"Imagem do Instagram",,Total,50621,29561,1539,510,0,140,15
17995441064953230,17841400074692954,paulistao,Paulistão,"FERROVIÁRIA COM A TAÇA NA MÃO!🔥
Albano cobrou curto e Vitor Barreto anotou o gol que vai dando o título do #PaulistãoA2Rivalo pra Locomotiva!",23,"05/13/2026 17:11",https://www.instagram.com/reel/DYTGTQcs0Iu/,"Reel do Instagram",,Total,47486,33000,1141,23,3,74,12
18421406095135303,17841400074692954,paulistao,Paulistão,"É O TAL DO “PASSANADA”! 🧤🚫
Passarelli para o Albano e vai mantendo o título do #PaulistãoA2Rivalo nas mãos do Juventus.",6,"05/13/2026 16:54",https://www.instagram.com/reel/DYTEc10Mqmh/,"Reel do Instagram",,Total,40052,23495,821,24,2,15,10
18066709214356874,17841400074692954,paulistao,Paulistão,"PASSOU PERTO! 🔥
Albano cruzou na cabeça de Skilo que quase empatou o placar para a Ferroviária na final do #PaulistãoA2Rivalo",6,"05/13/2026 16:29",https://www.instagram.com/reel/DYTBf1ntUDj/,"Reel do Instagram",,Total,29864,19300,290,2,2,1,2
18138198961530274,17841400074692954,paulistao,Paulistão,"VANTAGEM DO MOLEQUE TRAVESSO!
Com um golaço de Elkin Junior, Juventus vai para o intervalo com a vantagem no marcador!
#PaulistãoA2Rivalo 
📷Douglas Moretti/Ag. Paulistão",0,"05/13/2026 16:16",https://www.instagram.com/p/DYTAR6Uj76d/,"Carrossel do Instagram",,Total,14797,7343,245,4,0,0,4
18100036315919760,17841421574315741,historiasantista,"Rafael Falino","ZAGUEIRO ARTILHEIRO 🇦🇷

Santos amplia na Copa do Brasil

#historiasantista #santosfc #paulistao #copadobrasil",43,"05/13/2026 16:12",https://www.instagram.com/reel/DYS_TVlOseK/,"Reel do Instagram",,Total,75593,49900,6064,98,2,34,0
18336945562221079,17841421574315741,historiasantista,"Rafael Falino","GABRIEL BONTEMPO ABRE O PLACAR 🧙‍♂️ 

#historiasantista #santosfc #paulistao #copadobrasil obrasil",46,"05/13/2026 16:09",https://www.instagram.com/reel/DYS-CQNu-PX/,"Reel do Instagram",,Total,130002,90384,11624,466,22,71,0
18121749538565014,17841400074692954,paulistao,Paulistão,"QUE GOLAAAAÇOOOO! 
@elkinjuniorr abre o placar para o Juventus em Araraquara! 
#PaulistãoA2Rivalo",26,"05/13/2026 15:36",https://www.instagram.com/reel/DYS6k6-ppok/,"Reel do Instagram",,Total,133581,90447,4201,297,33,57,36
18117213943776020,17841400074692954,paulistao,Paulistão,"A MAIS DESEJADA! 🏆
#PaulistãoA2Rivalo 
📷Douglas Moretti/Ag. Paulistão",0,"05/13/2026 15:27",https://www.instagram.com/p/DYS6q05lPbA/,"Imagem do Instagram",,Total,8321,4785,83,0,0,0,2
17973246753045116,17841400074692954,paulistao,Paulistão,"OLHA ELA AÍ! 🥰🏆
Quem vai levantar a taça do Paulistão A2 Rivalo? 
#PaulistãoA2Rivalo",13,"05/13/2026 15:11",https://www.instagram.com/reel/DYS4qjtp5Rc/,"Reel do Instagram",,Total,18695,15595,236,15,0,4,5
17874534723662902,17841400074692954,paulistao,Paulistão,"MAQUINISTA, FANATICÃO E A TAÇA PRESENTES! 🏆
Já já começa a grande final do #PaulistãoA2Rivalo.",15,"05/13/2026 15:09",https://www.instagram.com/reel/DYS4enGJSmx/,"Reel do Instagram",,Total,20241,16599,226,2,0,2,5
18228189754313472,17841400074692954,paulistao,Paulistão,"AQUECIMENTO ROLANDO!
Tá chegando a hora da final do Paulistão A2 Rivalo!
#PaulistãoA2Rivalo 
📷Douglas Moretti/Ag. Paulistão",0,"05/13/2026 14:54",https://www.instagram.com/p/DYS27i2H1fS/,"Carrossel do Instagram",,Total,12597,5826,113,2,0,1,2
18101597504002390,17841400074692954,paulistao,Paulistão,"PALMEIRAS E SÃO BERNARDO NO TOPO! 🐷🔝🐯
A liderança do @brasileirao é verde, enquanto a do @brasileiraob é amarela e preta!
#PaulistasEmCampo",0,"05/13/2026 14:38",https://www.instagram.com/p/DYS1EhpFxkR/,"Imagem do Instagram",,Total,34531,20875,924,45,2,13,10
17908922817220851,17841400074692954,paulistao,Paulistão,"VALE A TAÇA!
Chegou o dia de conhecer o grande campeão do Paulistão A2 Rivalo 2026! Já já tem Ferroviária e Juventus em campo na disputa pelo título!
#PaulistãoA2Rivalo
📷Douglas Moretti/Ag. Paulistão",0,"05/13/2026 14:19",https://www.instagram.com/p/DYSy591nztb/,"Carrossel do Instagram",,Total,10720,4775,204,2,0,0,1
18585864175017285,17841400074692954,paulistao,Paulistão,"FIM DA SEXTA RODADA NA SÉRIE C! ✅
Como está seu time na tabela de classificação, torcedor?
#PaulistasEmCampo",0,"05/13/2026 12:00",https://www.instagram.com/p/DYSd1VQCJVL/,"Imagem do Instagram",,Total,39135,22520,689,4,0,6,10
18080815238439456,17841400074692954,paulistao,Paulistão,"DUELO PAULISTA NA COPA DO BRASIL!
Um empate no jogo de ida deixou a decisão para o Maião! Quem vai ficar com a vaga: Leão ou Massa Bruta? 👀
#PaulistasEmCampo #Mirassol #RedBullBragantino",0,"05/13/2026 10:00",https://www.instagram.com/p/DYSQGCDDzru/,"Imagem do Instagram",,Total,21057,12487,248,4,0,2,6
17933821128069859,17841429857362439,paulistaof,"Paulistão F","ANOTA AÍ!
A SEGUNDA RODADA DO PAULISTÃO CHEGOU!
#PaulistãoF",0,"05/13/2026 09:00",https://www.instagram.com/p/DYSJOrqj8lx/,"Imagem do Instagram",,Total,31790,17722,721,53,4,4,16
18074622893282488,17841400074692954,paulistao,Paulistão,"TIGRE NA LIDERANÇA! 🐯🔝
O São Bernardo está voando no @brasileiraob e assumiu a primeira posição da tabela!
#PaulistasEmCampo",0,"05/13/2026 08:33",https://www.instagram.com/p/DYSLQxsD80Q/,"Imagem do Instagram",,Total,54893,29023,1369,47,0,19,11
17990969768966541,17841400074692954,paulistao,Paulistão,"14 ANOS DO TRI DO PEIXÃO! 🏆🌟
No dia 13 de maio de 2012, o Santos vencia o Guarani e conquistava o 20º título paulista de sua história!
#BaúDoPaulistão",0,"05/13/2026 07:27",https://www.instagram.com/p/DYSDwP4FVAG/,"Imagem do Instagram",,Total,107039,54360,5058,172,2,80,58
18044936168783805,17841400777371682,xvpiracicaba,"XV de Piracicaba","O XV de Piracicaba vive uma sequência de oito jogos de invencibilidade e atravessa bom momento no Brasileiro Série D 2026, sendo uma das poucas equipes que ainda não perdeu nas seis partidas disputadas pela competição.

O caminho, porém, ainda é longo, em busca dos objetivos traçados, e seguimos contando com o apoio da Nação.

O próximo desafio será neste sábado, dia 16, às 17h, diante do Maricá, no Estádio Municipal João Saldanha, em Maricá.",0,"05/13/2026 06:39",https://www.instagram.com/p/DYR-Iv0Rg6J/,"Imagem do Instagram",,Total,153551,74905,5322,273,16,61,0
17977525395007868,17841461375852191,juventussaf,"Juventus SAF","🇱🇻 Final Grená - Paulista A2

⚽️ Ferroviária 🆚 Juventus
🗓️ HOJE
⏰ 19h15
🏟️ Arena Fonte Luminosa

📺 YouTube Ulisses TV, XSports, YouTube Metrópoles Esportes",0,"05/13/2026 06:35",https://www.instagram.com/p/DYR91gZjtvo/,"Carrossel do Instagram",,Total,41740,21971,803,9,1,11,0
18054367757740250,17841400074692954,paulistao,Paulistão,"NOITE DE COPA DO BRASIL!
Com direito a duelo paulista, vem ver quais são as equipes paulistas que vão disputar a vaga na próxima fase da @copadobrasilcbf!
#PaulistasEmCampo",0,"05/13/2026 06:00",https://www.instagram.com/p/DYR0oj8kz-s/,"Imagem do Instagram",,Total,32901,18888,800,31,0,5,11
18123815143722563,17841400074692954,paulistao,Paulistão,"A GRANDE FINAL! 🏆 
Ferroviária e Juventus decidem o título do #PaulistãoA2Rivalo.",0,"05/13/2026 05:00",https://www.instagram.com/p/DYRtxGoHxyS/,"Imagem do Instagram",,Total,87432,48865,2717,251,2,53,30
18103562941950125,17841400074692954,paulistao,Paulistão,"QUE GOLAAAAÇOOOOOO!
o Dudu Miraíma estava inspirado nesta noite, hein?!
#FutebolPaulista #PaulistasEmCampo
🎥ESPN",45,"05/12/2026 17:39",https://www.instagram.com/reel/DYQk6gzjioh/,"Reel do Instagram",,Total,96714,66457,3672,304,4,20,27
18006854108888390,17841400074692954,paulistao,Paulistão,"🎶ESTÁ NASCENDO UM NOVO LÍDER🎶
São Bernardo faz três, vence fora de casa e assume o topo do @brasileiraob!
#FutebolPaulista #PaulistasEmCampo
📷João Erick/Divulgação/São Bernardo FC",0,"05/12/2026 17:30",https://www.instagram.com/p/DYQj0biFfTs/,"Imagem do Instagram",,Total,23211,13635,590,28,0,17,6
18108990938504244,17841400074692954,paulistao,Paulistão,"VAI DAÍ, DUDU MIRAÍMA?!
O camisa 26 do São Bernardo acertou um belo chute para marcar para o Tigre do ABC!
#FutebolPaulista #PaulistasEmCampo
🎥ESPN",50,"05/12/2026 17:26",https://www.instagram.com/reel/DYQjd9hEbWB/,"Reel do Instagram",,Total,64135,45029,1557,106,3,17,13
18068889392677598,17841400074692954,paulistao,Paulistão,"O GRANDE REENCONTRO NA FINAL! 🏆
Ricardinho e Passarelli já venceram juntos em 2018, mas agora só um deles vai ser bicampeão do #PaulistãoA2Rivalo.",0,"05/12/2026 15:10",https://www.instagram.com/p/DYQSyDvDz7h/,"Imagem do Instagram",,Total,23677,12804,315,4,1,9,5
18102150785102292,17841400074692954,paulistao,Paulistão,"UMA VEZ TRICOLOR, DUAS VEZES TIMÃO!
O São Paulo levou a melhor no Majestoso no @paulistaof, mas o Corinthians venceu no @brasileirao e no @brfeminino!
#PaulistasEmCampo #ElasEmCampo",0,"05/12/2026 14:40",https://www.instagram.com/p/DYQQfiBE-jg/,"Imagem do Instagram",,Total,275756,145511,12668,238,6,94,139
18119065078707060,17841400074692954,paulistao,Paulistão,"NA RAÇA E NA EMOÇÃO, O CAP É CAMPEÃO! 🏆🇳🇱
O Penapolense fez uma campanha histórica nesse #PaulistãoA4Rivalo.",71,"05/12/2026 14:00",https://www.instagram.com/reel/DYQHl8VChHK/,"Reel do Instagram",,Total,66683,43723,1361,62,7,25,25
18099909827119393,17841400074692954,paulistao,Paulistão,"24 ANOS!🏆
2002 foi marcante para o Ituano, que conquistou o Paulistão pela primeira vez na história.
#FutebolPaulista #BaúDoPaulistão
📷Alexandre Battibugli",0,"05/12/2026 13:15",https://www.instagram.com/p/DYQGxDhE3qk/,"Imagem do Instagram",,Total,80807,41525,2053,90,2,47,52
17879573184585647,17841400074692954,paulistao,Paulistão,"TIMÃO CAMPEÃO DO TORNEIO RIO-SÃO PAULO!
12 de maio de 2002 foi o dia que o Corinthians venceu o São Paulo no agregado e levou a taça do Rio-São Paulo!
#BaúDoPaulistão",0,"05/12/2026 11:30",https://www.instagram.com/p/DYP1mdRjMHB/,"Imagem do Instagram",,Total,40360,23311,1216,60,1,40,17
18092695156949566,17841400074692954,paulistao,Paulistão,"32 ANOS DO BI DE 94! 🏆🌟
No dia 12 de maio de 1994, o Palmeiras superava o Santo André e se consagrava campeão paulista mais uma vez!
#BaúDoPaulistão",0,"05/12/2026 10:41",https://www.instagram.com/p/DYP1Hnhjkys/,"Imagem do Instagram",,Total,63104,39455,3037,115,12,57,47
18317543065287592,17841400074692954,paulistao,Paulistão,"VAMOS, BERNÔ!
O São Bernardo quer a vitória contra o Londrina fora de casa pelo @brasileiraob!
#PaulistasEmCampo",0,"05/12/2026 06:00",https://www.instagram.com/p/DYPP1rfifs1/,"Imagem do Instagram",,Total,11987,6844,191,10,0,4,2
18072311282309372,17841400074692954,paulistao,Paulistão,"RESULTADOS NA TELA!
A Inter de Limeira sofre a derrota na #SérieC, enquanto o Guarani goleia o Maringá e segue de olho no topo da tabela!
#PaulistasEmCampo",0,"05/11/2026 18:20",https://www.instagram.com/p/DYOEkkNDKd-/,"Imagem do Instagram",,Total,22793,13185,522,8,0,20,2
18089439809346441,17841400074692954,paulistao,Paulistão,"Não deu para a Inter de Limeira na #SérieC.
#PaulistasEmCampo
📷Rogério Rueda/Inter de Limeira",0,"05/11/2026 18:16",https://www.instagram.com/p/DYOEaR7FQ0L/,"Imagem do Instagram",,Total,34387,19443,1034,14,8,23,6
18091333061522604,17841400074692954,paulistao,Paulistão,"GOLEADA DO BUGRE! 🏹🔥
Vitória maiúscula do Guarani na Série C!
#PaulistasEmCampo
📷Luiz Viana/Divulgação/Guarani",0,"05/11/2026 17:56",https://www.instagram.com/p/DYOCNXxlf__/,"Imagem do Instagram",,Total,53810,31688,1675,52,5,60,16
17964422690917309,17841400074692954,paulistao,Paulistão,"AS TORRES DA JAVARI! 💪🔥
Fernando e Thomas Kayck deixando tudo em campo pelo Juventus na ida da final do #PaulistãoA2Rivalo.",13,"05/11/2026 14:00",https://www.instagram.com/reel/DYNiF-UAZWq/,"Reel do Instagram",,Total,93254,60922,1164,20,2,6,14
18079450769429216,17841400074692954,paulistao,Paulistão,"VERDÃO SEGUE NA LIDERANÇA!
Com o Palmeiras no topo e o São Paulo no G4, vem ver como está a tabela de classificação do @brasileirao!
#PaulistasEmCampo",0,"05/11/2026 12:40",https://www.instagram.com/p/DYNeCq2CTiB/,"Imagem do Instagram",,Total,258940,136625,8476,86,36,83,65
17865744729620635,17841448142257491,cirilodafiel,"Pedro Ivo","MOMENTO FOFURA! 🥹🖤🤍

A emoção de uma pequena corinthiana entrando na Neo Química Arena com os jogadores… coisa que não tem preço. 🥲🏟️",19,"05/11/2026 08:23",https://www.instagram.com/reel/DYNAeLmx_xT/,"Reel do Instagram",,Total,72284,45339,5846,103,20,40,0
17896594614302491,17841400074692954,paulistao,Paulistão,"DOSE DUPLA!
Inter de Limeira e Guarani entram em campo nessa segunda-feira pela #SérieC!
#PaulistasEmCampo",0,"05/11/2026 06:00",https://www.instagram.com/p/DYMrCq6H7T4/,"Imagem do Instagram",,Total,17778,10611,260,3,0,4,3
18373529935161298,17841400074692954,paulistao,Paulistão,"Assim terminou o domingão dos #PaulistasEmCampo!
#FutebolPaulista",0,"05/10/2026 17:44",https://www.instagram.com/p/DYLcAd1jxH1/,"Imagem do Instagram",,Total,49751,29378,936,7,0,13,15
18334935130221771,17841400074692954,paulistao,Paulistão,"TRÊS PONTOS PRO TIGRE DO VALE!
Robson balança as redes do Botafogo e garante a vitória do Novorizontino.
#PaulistasEmCampo
📷Juan Rodrigues/Novorizontino",0,"05/10/2026 17:41",https://www.instagram.com/p/DYLbpbLDrYD/,"Imagem do Instagram",,Total,14177,8721,201,6,0,4,3
18069965804466243,17841400074692954,paulistao,Paulistão,"VAI, GALO!
O Ituano soma mais três pontos na Série C e entra no G8!
#PaulistasEmCampo
📷Henrique César/Divulgação/Ituano",0,"05/10/2026 17:35",https://www.instagram.com/p/DYLa8o8lE1Z/,"Imagem do Instagram",,Total,14688,9420,151,3,0,2,1
18090391451209310,17841400074692954,paulistao,Paulistão,"MAJESTOSO DO TIMÃO!
Corinthians fica com a vitória no clássico!
#PaulistasEmCampo
📷Alexandre Battibugli/Ag. Paulistão",0,"05/10/2026 16:53",https://www.instagram.com/p/DYLWL53DnWK/,"Imagem do Instagram",,Total,46947,28585,2412,235,0,114,20
18177636490393459,17841400074692954,paulistao,Paulistão,"TRIUNFO ALVINEGRO!
Com gol de Neymar e Adonis Frías, Santos leva a melhor sobre o Red Bull Bragantino no duelo paulista do Brasileirão.
#PaulistasEmCampo
📷Raul Baretta/Santos",0,"05/10/2026 16:50",https://www.instagram.com/p/DYLVyKqmFMG/,"Imagem do Instagram",,Total,41809,24477,1951,63,2,17,14
18097486586116703,17841400074692954,paulistao,Paulistão,"IGUALDADE NO MAIÃO!
Mirassol e Chapecoense empataram pelo Brasileirão.
#PaulistasEmCampo
📷JP Pinheiro/Ag. Mirassol",0,"05/10/2026 16:47",https://www.instagram.com/p/DYLVee8js8j/,"Imagem do Instagram",,Total,14107,8703,160,7,1,0,1
18090544376588192,17841400074692954,paulistao,Paulistão,"GOL DO TRICOLOR!
Matheuzinho faz contra e São Paulo diminui.
#Majestoso",8,"05/10/2026 16:41",https://www.instagram.com/reel/DYLUpYgt0s8/,"Reel do Instagram",,Total,604357,322118,18354,4309,177,462,235
17922448392344094,17841400074692954,paulistao,Paulistão,"BRENO BIDON É O NOME DELE! 🥵
Que golaço do camisa 7 pra ampliar pro Timão! #PaulistasEmCampo #Majestoso",23,"05/10/2026 16:11",https://www.instagram.com/reel/DYLRRm1NxY2/,"Reel do Instagram",,Total,218463,155039,15755,927,64,104,154
18046201064543722,17841400074692954,paulistao,Paulistão,"QUE GOLAÇO, MATHEUZINHO! 😮‍💨
O Corinthians faz o segundo no Majestoso! #PaulistasEmCampo #Majestoso",46,"05/10/2026 16:05",https://www.instagram.com/reel/DYLQj-BN1pj/,"Reel do Instagram",,Total,339153,263600,30057,2270,299,183,304
17888842155500830,17841400074692954,paulistao,Paulistão,"ZERADOS!
A rede não balançou em Volta Redonda e Ferroviária.
#PaulistasEmCampo
📷Guilherme Moro/Ferroviária",0,"05/10/2026 15:20",https://www.instagram.com/p/DYLLd4-GNmm/,"Imagem do Instagram",,Total,11720,7495,106,3,0,0,0
18120099142731568,17841400074692954,paulistao,Paulistão,"É LUCIANOO!!
Camisa 10 do São Paulo aproveita e empata o Majestoso!
#PaulistasEmCampo #Majestoso",19,"05/10/2026 15:15",https://www.instagram.com/reel/DYLKvtvp2kV/,"Reel do Instagram",,Total,178872,116213,6853,414,10,236,93
18096463541183327,17841448142257491,cirilodafiel,"Pedro Ivo","GOOOOL DO CORINTHIANS! Raniele abre o placar! 

Corinthians 1x0 São Paulo",33,"05/10/2026 14:52",https://www.instagram.com/reel/DYLIGlQR8Jv/,"Reel do Instagram",,Total,39527,26467,2080,56,2,9,0
18104894831489835,17841400074692954,paulistao,Paulistão,"RANIELEEEEEE! ⚫️⚪️
O Corinthians abre o placar no Majestoso! #PaulistasEmCampo #Majestoso",44,"05/10/2026 14:52",https://www.instagram.com/reel/DYLIJFdJua7/,"Reel do Instagram",,Total,235580,171177,17553,549,46,76,150
18084014165106705,17841448142257491,cirilodafiel,"Pedro Ivo","Primeira chegada do Corinthians! 
Quase Lingard abre o placar.",13,"05/10/2026 14:37",https://www.instagram.com/reel/DYLGcqQxQ0i/,"Reel do Instagram",,Total,59557,37649,1624,6,10,3,0
18451399153118406,17841400074692954,paulistao,Paulistão,"Dinizismo 🤝 Machadismo
#Majestoso",10,"05/10/2026 14:34",https://www.instagram.com/reel/DYLGFhcJuU5/,"Reel do Instagram",,Total,300986,188053,9623,124,73,67,94
17884322169398153,17841400074692954,paulistao,Paulistão,"EMPATE!
Ficou tudo igual para Portuguesa-RJ e Água Santa na Série D.
#PaulistasEmCampo
📷Matheus Sanches/Divulgação/Portuguesa",0,"05/10/2026 14:29",https://www.instagram.com/p/DYLFoWDH8fU/,"Imagem do Instagram",,Total,11553,7180,115,2,0,0,1
17890534248472262,17841400074692954,paulistao,Paulistão,"TIMES EM CAMPO!
É hora de Majestoso! Quem vence? #PaulistasEmCampo #Majestoso",28,"05/10/2026 14:28",https://www.instagram.com/reel/DYLFbksJxx4/,"Reel do Instagram",,Total,40838,32393,1210,38,7,14,17
18111248200873230,17841400074692954,paulistao,Paulistão,"O HOMEM TÁ NA CASA! ⚫️⚪️
Memphis está acompanhando o aquecimento do Timão antes do Majestoso! #PaulistasEmCampo #Majestoso #Memphis",18,"05/10/2026 14:12",https://www.instagram.com/reel/DYLDR1GJCLq/,"Reel do Instagram",,Total,177687,124057,21661,299,32,191,231
18049036412716337,17841448142257491,cirilodafiel,"Pedro Ivo","Hugo Souza vem pro aquecimento, e tá no clima do clássico já!",30,"05/10/2026 13:48",https://www.instagram.com/reel/DYLAxEBxHed/,"Reel do Instagram",,Total,17508,12710,1105,9,10,10,0
18112377313660850,17841448142257491,cirilodafiel,"Pedro Ivo","As camisas históricas da Invasão Corinthiana de 1976, que inspiraram a nova camisa do Timão, estão expostas nos corredores da Neo Química Arena. 🏴🏳️

Uma homenagem eterna à Fiel que marcou a história.

Essa obra de arte é do @gabrieldiogo.ilustra",13,"05/10/2026 13:26",https://www.instagram.com/reel/DYK-ULjxw66/,"Reel do Instagram",,Total,17237,12486,897,9,2,3,0
17951302259978849,17841400074692954,paulistao,Paulistão,"TRICOLOR CHEGOU! 🇾🇪
O São Paulo já está na Neo Química Arena pro clássico de logo mais! #PaulistasEmCampo #Majestoso",19,"05/10/2026 13:10",https://www.instagram.com/reel/DYK8fQqJSEt/,"Reel do Instagram",,Total,66197,48563,3197,30,9,53,39
18143341849502896,17841400074692954,paulistao,Paulistão,"CORINGÃO EM CASA! 🦅
O Corinthians já chegou em Itaquera pro Majestoso de logo mais! #PaulistasEmCampo #Majestoso",23,"05/10/2026 13:08",https://www.instagram.com/reel/DYK8O-qppqv/,"Reel do Instagram",,Total,54611,40578,4189,53,9,34,41
17895713499451521,17841400074692954,paulistao,Paulistão,"Mais uma rodada encerrada no Paulista Sub-23 Segunda Divisão!
#FutebolPaulista",0,"05/10/2026 13:00",https://www.instagram.com/p/DYK7hjqH9j4/,"Imagem do Instagram",,Total,20922,12323,295,8,3,11,4
18099303194109671,17841448142257491,cirilodafiel,"Pedro Ivo","Corinthians chega a Neo Química Arena, as 18h30 rola a bola! 

#corinthians #vaicorinthians #brasileirão",26,"05/10/2026 12:44",https://www.instagram.com/reel/DYK5g8txmth/,"Reel do Instagram",,Total,84194,53463,7927,102,39,64,0
18103050304987571,17841401659538306,ecaguasanta,"Esporte Clube Água Santa","SEMPRE ELE! LEVIIIIIIII 💙🫡

Levi abre o placar no Luso Brasileiro após bela jogada de Jonatha Carlos!

🎥 Gustavo Braz",30,"05/10/2026 12:23",https://www.instagram.com/reel/DYK3OFEhtkq/,"Reel do Instagram",,Total,150311,100374,3790,61,17,39,0
17912706369386128,17841400074692954,paulistao,Paulistão,"DOMINGO CHEIO! 😮‍💨
Vem ver os horários das transmissões dos #PaulistasEmCampo de hoje!",0,"05/10/2026 06:00",https://www.instagram.com/p/DYKGQ5XH_vK/,"Imagem do Instagram",,Total,51891,30143,1218,26,1,5,16
18072036566682728,17841400074692954,paulistao,Paulistão,"PARABÉNS, PROFESSOR! 🎉🥳
Técnico maior campeão da história do Paulistão, Luxemburgo comemora 74 anos!
#FutebolPaulista #Aniversário",0,"05/10/2026 05:00",https://www.instagram.com/p/DYJ_YmfjkvV/,"Imagem do Instagram",,Total,340183,198691,15734,124,67,503,172
18340376713222765,17841400074692954,paulistao,Paulistão,"PARA ENCERRAR A RODADA!
Manhã e tarde de domingo cheias de Paulista Sub-23 Segunda Divisão!
#PaulistaSub23SegundaDivisão",0,"05/10/2026 04:00",https://www.instagram.com/p/DYJ4hKioIkj/,"Imagem do Instagram",,Total,15325,8935,179,7,0,1,1
18039892103788957,17841400074692954,paulistao,Paulistão,"É DIA DE MAJESTOSO!
Corinthians e São Paulo se enfrentam no @brasileirao! Quem vence o clássico?
#FutebolPaulista #Majestoso",0,"05/09/2026 20:05",https://www.instagram.com/p/DYJCcZOkxy5/,"Imagem do Instagram",,Total,101271,56286,4371,371,2,96,51
17948428179173002,17841400074692954,paulistao,Paulistão,"Isso é CAPiiiiiiiii…😅
Desabafo de campeão que fala né, Ryan? #PaulistãoA4Rivalo",3,"05/09/2026 17:24",https://www.instagram.com/reel/DYI0ne-tixG/,"Reel do Instagram",,Total,75283,37443,1013,21,10,6,11
18132196465499913,17841400074692954,paulistao,Paulistão,"PONTO LÁ!
Remo sai na frente, mas Palmeiras busca o empate fora de casa.
#PaulistasEmCampo
📷Cesar Greco/Palmeiras",0,"05/10/2026 15:45",https://www.instagram.com/p/DYLOYssDaWj/,"Imagem do Instagram",,Total,22909,14032,509,21,0,13,3
18083157818631430,17841408376344663,libertadoresbr,"CONMEBOL Libertadores","👀🏆 @Palmeiras líder! A classificação atualizada do Grupo F da CONMEBOL #Libertadores.",0,"05/07/2026 21:05",https://www.instagram.com/p/DYEEpQgAIh1/,"Carrossel do Instagram","Ocorreu um erro ao computar métricas.",-,,,,,,,
17955416796070478,17841408376344663,libertadoresbr,"CONMEBOL Libertadores","✔️🏆 Assim ficou o Grupo E: @Corinthians classificado às Oitavas da CONMEBOL #Libertadores!",0,"05/07/2026 17:10",https://www.instagram.com/p/DYDpxKyiI_g/,"Carrossel do Instagram","Ocorreu um erro ao computar métricas.",-,,,,,,,
18085213988178376,17841408376344663,libertadoresbr,"CONMEBOL Libertadores","🥹💛 Reinaldo deixou o dele com uma bela homenagem à mãe, que faleceu na última semana. 🦁 @mirassolfc",38,"05/07/2026 17:01",https://www.instagram.com/reel/DYDokmQpLs7/,"Reel do Instagram","Ocorreu um erro ao computar métricas.",-,,,,,,,
18092631800466137,17841405688144679,rivalobrasil,"Rivalo Brasil","VAI PEGAR FOGO! 💥

Amanhã é o dia da grande final do Paulistão A2 Rivalo! 👀

Juventus e Ferroviária já estão garantidos na Série A1 do ano que vem, mas agora só um deles vai ficar com a taça! 🏆

Dá uma olhada na campanha e destaques de cada equipe e já cola no site! 🔥

#Rivalo #NadaGanhadaEmocao #JoguecomResponsabilidade +18",0,"05/06/2026 11:50",https://www.instagram.com/p/DYAgRheFlml/,"Carrossel do Instagram","Ocorreu um erro ao computar métricas.",-,,,,,,,
18085330349184359,17841405688144679,rivalobrasil,"Rivalo Brasil","A EMOÇÃO DO ACESSO! 🥲

Confira, direto do gramado, como foi a festa pós-acesso à Série A3 Rivalo! 🚀

O Lobo Vermelho voltou a uivar 🐺

#Rivalo #NadaGanhadaEmocao #JoguecomResponsabilidade +18",29,"05/06/2026 07:00",https://www.instagram.com/reel/DX__GXiB3fD/,"Reel do Instagram","Ocorreu um erro ao computar métricas.",-,,,,,,,
18133569796483237,17841405688144679,rivalobrasil,"Rivalo Brasil","VAI PEGAR FOGO! 💥

Amanhã é o dia da grande final do Paulistão A4 Rivalo! 👀

Penapolense e Inter de Bebedouro já estão garantidos na Série A3 do ano que vem, mas agora só um deles vai ficar com a taça! 🏆

Dá uma olhada na campanha e destaques de cada equipe e já cola no site! 🔥

#Rivalo #NadaGanhadaEmocao #JoguecomResponsabilidade +18",0,"05/05/2026 17:00",https://www.instagram.com/p/DX-e_O4lkAb/,"Carrossel do Instagram","Ocorreu um erro ao computar métricas.",-,,,,,,,
18114977731771806,17841405688144679,rivalobrasil,"Rivalo Brasil","FALA, PAREDÃO! 🧤

Lucas Passarelli, de 29 anos, natural de Campinas-SP, chegou no @juventussaf em 2026. 

Inicialmente reserva, ele entrou na 8ª rodada no decorrer do jogo contra o Água Santa e não saiu mais. 

De lá para cá, apenas 12 gols sofridos em 16 jogos, sendo fundamental para o acesso do Moleque Travesso à elite do futebol paulista! 👏

Confere aí as palavras do goleirão! 🗣️

#Rivalo #NadaGanhadaEmocao #JoguecomResponsabilidade +18",69,"05/05/2026 15:00",https://www.instagram.com/reel/DX-RSzkB_PB/,"Reel do Instagram","Ocorreu um erro ao computar métricas.",-,,,,,,,
17902130235265200,17841405688144679,rivalobrasil,"Rivalo Brasil","NADA GANHA DA EMOÇÃO DE MARCAR UM GOL! ⚽

E se esses gols levassem seu time ao acesso? Foi o que Luan Carioca e Ryan tiveram o orgulho de sentir marcando para o Penapolense nas semifinais do Paulistão A4 Rivalo! 🔥

Confira nas lentes da Rivalo 🎥

#Rivalo #NadaGanhadaEmocao #JoguecomResponsabilidade +18",0,"05/05/2026 12:07",https://www.instagram.com/p/DX99aIJlnBy/,"Carrossel do Instagram","Ocorreu um erro ao computar métricas.",-,,,,,,,
18398687197156443,17841405688144679,rivalobrasil,"Rivalo Brasil","RIVALO EM CAMPO NO PAULISTÃO A2 RIVALO! ⚽

Marcamos presença na semifinal entre Inter de Bebedouro x São Carlense em um jogo para lá de emocionante!🔥

Teve muita celebração, brindes personalizados, torcedor tentando acertar chute do meio de campo e muito mais! 👏

Confere aí como foi!

#Rivalo #NadaGanhadaEmocao #JoguecomResponsabilidade +18",179,"05/04/2026 17:00",https://www.instagram.com/reel/DX76JGny9FC/,"Reel do Instagram","Ocorreu um erro ao computar métricas.",-,,,,,,,
18111353602891230,17841400074692954,paulistao,Paulistão,"EM BUSCA DA TAÇA!🏆
Inter de Bebedouro e Penapolense vão em busca do título do Paulistão A4 Rivalo!
#PaulistãoA4Rivalo",0,"05/04/2026 09:04",https://www.instagram.com/p/DX7Drz1jpEC/,"Imagem do Instagram",,Total,57760,28275,976,234,5,29,19
18062587643425193,17841400074692954,paulistao,Paulistão,"FESTA LINDA DO PENAPOLENSE! 🔥
Elenco e torcida do CAP em uma só voz pra comemorar o título do #PaulistãoA4Rivalo.",20,"05/09/2026 17:06",https://www.instagram.com/reel/DYIydgMNHjn/,"Reel do Instagram",,Total,29149,20325,809,14,2,11,10
18018294296851082,17841400074692954,paulistao,Paulistão,"SEM MOTIVO PARA LAMENTAR!
O título não veio, mas fica a emoção por um acesso histórico conquistado pela Inter de Bebedouro.
#PaulistãoA4Rivalo",22,"05/09/2026 16:51",https://www.instagram.com/reel/DYIxFWBEkfc/,"Reel do Instagram",,Total,34836,22799,1526,44,6,59,7
17891385504490521,17841405688144679,rivalobrasil,"Rivalo Brasil","PARABÉNS, @penapolenseoficial ! 🏆

O apito da vitória é sempre mais emocionante. 💥

#Rivalo #NadaGanhadaEmocao",23,"05/09/2026 16:50",https://www.instagram.com/reel/DYIwT0ySN8_/,"Reel do Instagram",,Total,8476,6371,178,9,1,8,0
18091558016239427,17841400074692954,paulistao,Paulistão,"A Ponte Preta levou a virada e acabou sendo superada no Moisés Lucarelli.
#PaulistasEmCampo
📷Marcos Ribolli/PontePress",0,"05/09/2026 16:41",https://www.instagram.com/p/DYIwBMeILuZ/,"Imagem do Instagram",,Total,32022,17903,556,21,0,29,0
18105468721937214,17841400074692954,paulistao,Paulistão,"COMEMORA, PENAPOLENSE! 🏆
#PaulistãoA4Rivalo 
📷Célio Messias/Ag. Paulistão",0,"05/09/2026 16:35",https://www.instagram.com/p/DYIvTUSHXp2/,"Carrossel do Instagram",,Total,41504,18494,582,35,1,12,5
18102803449799459,17841400074692954,paulistao,Paulistão,"O BRABO TEM NOME!
Autor do gol do título do Penapolense no Paulistão A4 Rivalo, Cadu foi eleito o #CraqueDoJogo!
#PaulistãoA4Rivalo 
📷Célio Messias/Ag. Paulistão",0,"05/09/2026 16:28",https://www.instagram.com/p/DYIujYRHwbB/,"Imagem do Instagram",,Total,21034,10743,253,12,2,12,0
18111894568869946,17841400074692954,paulistao,Paulistão,"XVZÃO EÔ!
Mais três pontos na conta da equipe de Piracicaba!
#PaulistasEmCampo
📷Mariana Kasten/XV de Piracicaba",0,"05/09/2026 16:19",https://www.instagram.com/p/DYItghdn242/,"Imagem do Instagram",,Total,18499,10226,337,8,0,5,3
17924794104312724,17841400074692954,paulistao,Paulistão,"ERGUE A TAÇA E SOLTA O GRITO! 🏆
Penapolense é campeão!
#PaulistãoA4Rivalo",26,"05/09/2026 16:06",https://www.instagram.com/reel/DYIr-Ewkglf/,"Reel do Instagram",,Total,42766,28117,1367,106,14,23,22
18110572696849458,17841400074692954,paulistao,Paulistão,"COMEMORA TORCIDA DO CAP! 🏆
O Penapolense é campeão do #PaulistãoA4Rivalo.",25,"05/09/2026 15:57",https://www.instagram.com/reel/DYIqpzFpRC6/,"Reel do Instagram",,Total,76965,51572,2251,220,13,47,19
18078595406181318,17841400074692954,paulistao,Paulistão,"COMEMORA, CADU!
O nome do gol que garantiu o título do Paulistão A4 Rivalo para o Penapolense!
#PaulistãoA4Rivalo",26,"05/09/2026 15:24",https://www.instagram.com/reel/DYInMlMAGrc/,"Reel do Instagram",,Total,33289,21019,1070,85,13,14,12
18136479010546527,17841400074692954,paulistao,Paulistão,"EMPATE E TÍTULO!
O Penapolense busca a igualdade e fica com a taça do Paulistão A4 Rivalo 2026!
#PaulistãoA4Rivalo 
📷Célio Messias/Ag. Paulistão",0,"05/09/2026 15:17",https://www.instagram.com/p/DYImXwxH1qq/,"Imagem do Instagram",,Total,27667,15642,438,29,4,9,4
17965969200102153,17841400074692954,paulistao,Paulistão,"VAI, NORUSCA!
Três gols e três pontos pro Noroeste contra o Maricá!
#PaulistasEmCampo
📷Jonathan Rocha/Divulgação/Noroeste",0,"05/09/2026 15:09",https://www.instagram.com/p/DYIlfj0HxDk/,"Imagem do Instagram",,Total,20380,11479,383,9,1,6,4
18112145452856889,17841400074692954,paulistao,Paulistão,"TU ÉS FORTE, TU ÉS GIGANTE! 🏆
Clube Atlético Penapolense, campeão do Paulistão A4 Rivalo 2026!
#PaulistãoA4Rivalo",0,"05/09/2026 15:03",https://www.instagram.com/p/DYIkyHbnzxE/,"Imagem do Instagram",,Total,252742,90713,3371,1189,26,64,46
18086143082613322,17841400074692954,paulistao,Paulistão,"A PENAPOLENSE EMPATA O JOGO! 🔥
Cadu marca e deixa a taça do #PaulistãoA4Rivalo mais perto do CAP.",22,"05/09/2026 14:47",https://www.instagram.com/reel/DYIiA-kJQGD/,"Reel do Instagram",,Total,61793,38434,1042,74,5,28,14
17996446274938908,17841400074692954,paulistao,Paulistão,"A Portuguesa não conseguiu pontuar no Rio de Janeiro.
#PaulistasEmCampo
📷Vinicius Gentil/Portuguesa",0,"05/09/2026 14:09",https://www.instagram.com/p/DYIelcBn6eX/,"Imagem do Instagram",,Total,17167,9680,164,5,0,3,2
17928808629274295,17841400074692954,paulistao,Paulistão,"LORAM!
Cabeçada de manual para abrir o placar para a Inter de Bebedouro!
#PaulistãoA4Rivalo",18,"05/09/2026 14:05",https://www.instagram.com/reel/DYIeFw6kjxh/,"Reel do Instagram",,Total,31571,21691,563,16,6,5,3
18425409424125740,17841400074692954,paulistao,Paulistão,"Assim terminaram as partidas deste sábado no Paulista Sub-23 Segunda Divisão!
#FutebolPaulista",0,"05/09/2026 14:03",https://www.instagram.com/p/DYId4d-H1vg/,"Imagem do Instagram",,Total,14207,7742,182,3,0,4,2
18170586967412097,17841400074692954,paulistao,Paulistão,"SOBE O SOM PRA OUVIR A TORCIDA NO GOL DA INTER DE BEBEDOURO! 🐺🔥
Intervalo de jogo e por enquanto Lobo vai levando o #PaulistãoA4Rivalo.",19,"05/09/2026 14:00",https://www.instagram.com/reel/DYIdQsEJDnT/,"Reel do Instagram",,Total,35122,24145,952,34,1,14,19
18081878846283828,17841400074692954,paulistao,Paulistão,"LOBO NA FRENTE!
A Inter de Bebedouro vai para o intervalo com o 1 a 0 de vantagem pra cima do Penapolense!
#PaulistãoA4Rivalo 
📷Célio Messias/Ag. Paulistão",0,"05/09/2026 13:58",https://www.instagram.com/p/DYIdX3rn_dv/,"Carrossel do Instagram",,Total,15356,7088,200,1,0,0,1
18102949390984914,17841400074692954,paulistao,Paulistão,"GOOOOOOOOLLLL DA INTER DE BEBEDOURO!
Loram abre o placar para a equipe da casa!
#PaulistãoA4Rivalo",26,"05/09/2026 13:42",https://www.instagram.com/reel/DYIbdyxlCYf/,"Reel do Instagram",,Total,57524,37709,1377,30,12,17,15
18103591639781330,17841400074692954,paulistao,Paulistão,"A TAÇA ESTÁ NA CASA! 🏆
Inter de Bebedouro e Penapolense em campo pela final do #PaulistãoA4Rivalo.",17,"05/09/2026 13:26",https://www.instagram.com/reel/DYIW_kspom5/,"Reel do Instagram",,Total,16053,12290,232,9,2,3,3
18102085997317951,17841400074692954,paulistao,Paulistão,"A MAIS COBIÇADA!
O sonho de Inter de Bebedouro e Penapolense está na área! Pra onde será que a taça do Paulistão A4 Rivalo vai?
#PaulistãoA4Rivalo 
📷Célio Messias/Ag. Paulistão",0,"05/09/2026 12:51",https://www.instagram.com/p/DYIVtNtHxc8/,"Carrossel do Instagram",,Total,17207,8138,366,0,0,3,4
17916734922163573,17841400074692954,paulistao,Paulistão,"VALE A TAÇA!
É dia de conhecer o grande campeão do Paulistão A4 Rivalo 2026! Já já a bola rola para Inter de Bebedouro e Penapolense! 
#PaulistãoA4Rivalo
📷Célio Messias/Ag. Paulistão",0,"05/09/2026 12:26",https://www.instagram.com/p/DYIS327n9sZ/,"Carrossel do Instagram",,Total,24260,11078,315,13,1,3,0
17887293927537186,17841400074692954,paulistao,Paulistão,"DE CARONA COM O FANÁTICÃO! 🐶🚗
Se liga na recepção do torcedor da Inter de Bebedouro pro nosso mascote no aquecimento da final do #PaulistãoA4Rivalo.",22,"05/09/2026 12:01",https://www.instagram.com/reel/DYIPJr3p4Ha/,"Reel do Instagram",,Total,29591,20013,888,26,11,13,8
18219929143317340,17841408376344663,libertadoresbr,"CONMEBOL Libertadores","🖤⚽️ OLÉ, @Corinthians! Toca y toca rumo às Oitavas da CONMEBOL #Libertadores!",24,"05/09/2026 11:01",https://www.instagram.com/reel/DYIJDEiDfyf/,"Reel do Instagram",,Total,301524,215424,7046,23,8,31,0
18102358819962442,17841408376344663,libertadoresbr,"CONMEBOL Libertadores","🇦🇷🖤 Garro e o @Corinthians, com garra em busca da #GloriaEterna!",0,"05/09/2026 07:00",https://www.instagram.com/p/DYHtjmaCTOj/,"Carrossel do Instagram",,Total,732467,273489,60718,1065,66,340,0
18229307680312524,17841400074692954,paulistao,Paulistão,"DIA CHEIO!
O sabadão vai estar recheado de #PaulistasEmCampo 🔥",0,"05/09/2026 06:00",https://www.instagram.com/p/DYHhd8XE76i/,"Imagem do Instagram",,Total,23943,13886,403,11,0,2,9
18043590908783882,17841400074692954,paulistao,Paulistão,"A GRANDE FINAL! 🔥
Inter de Bebedouro e Penapolense decidem o #PaulistãoA4Rivalo.",0,"05/09/2026 05:00",https://www.instagram.com/p/DYHalZFjvEQ/,"Imagem do Instagram",,Total,40372,20367,822,71,2,15,10
18226330984314443,17841400074692954,paulistao,Paulistão,"OS JOGOS NÃO PARAM!
Cinco partidas dão continuidade à quarta rodada do #PaulistaSub23SegundaDivisão!",0,"05/09/2026 04:00",https://www.instagram.com/p/DYHTt9fjpdx/,"Imagem do Instagram",,Total,15805,8948,165,9,0,3,2
18095371424149753,17841400074692954,paulistao,Paulistão,"Dois jogos marcaram a abertura da quarta rodada do Paulista Sub-23 Segunda Divisão. Confira os resultados.
#FutebolPaulista",0,"05/08/2026 18:43",https://www.instagram.com/p/DYGZOCymL_E/,"Imagem do Instagram",,Total,29928,16770,249,26,4,3,0
18070298258464245,17841400074692954,paulistao,Paulistão,"A INTER DE BEBEDOURO É IMBATÍVEL NO STAMATÃO! 🔥
A torcida do Lobo foi fundamental durante toda a campanha e não deve ser diferente na grande final do #PaulistãoA4Rivalo.",0,"05/08/2026 14:00",https://www.instagram.com/p/DYFzl9HmQBW/,"Imagem do Instagram",,Total,23447,12089,417,11,1,19,2
17966983650064137,17841400074692954,paulistao,Paulistão,"NA RAÇA PELO LOBO! 🐺 🔥
Cauã Ferreira entregando tudo pela Inter de Bebedouro na ida da final do #PaulistãoA4Rivalo.",13,"05/08/2026 13:30",https://www.instagram.com/reel/DYFwSEmlEJe/,"Reel do Instagram",,Total,45568,29751,534,8,1,17,4
18119202436737608,17841400074692954,paulistao,Paulistão,"QUARTA RODADA NA ÁREA!
Bora para mais uma rodada do Paulista Sub-23 Segunda Divisão!
#PaulistaSub23SegundaDivisão",0,"05/08/2026 10:00",https://www.instagram.com/p/DYFYH0gjXrC/,"Imagem do Instagram",,Total,24285,14123,276,29,0,5,4
17967215493062289,17841461375852191,juventussaf,"Juventus SAF","Passarelli 2️⃣5️⃣ 🧤🇱🇻

Ele foi decisivo e fechou o gol na primeira partida da final grená!

📸 Bruno Costa | @_brunocostaphoto",21,"05/08/2026 09:16",https://www.instagram.com/reel/DYFYE92OsAG/,"Reel do Instagram",,Total,82465,55963,1310,49,0,26,0
18160304491449697,17841400074692954,paulistao,Paulistão,"FIM DA QUINTA RODADA! 
A Série C está disputadíssima! Como está seu time na tabela de classificação, torcedor?
#PaulistasEmCampo",0,"05/08/2026 09:00",https://www.instagram.com/p/DYFRQT_IKvN/,"Imagem do Instagram",,Total,59003,32226,1398,8,2,8,7
17940899061209552,17841400074692954,paulistao,Paulistão,"SERÁ QUE TÁ RUIM DE CAPITÃO A INTER DE BEBEDOURO? 😅 
O Xerifão Sandoval conseguiu mais um acesso na carreira nesse #PaulistãoA4Rivalo.",0,"05/08/2026 07:30",https://www.instagram.com/p/DYFKZlQDIWx/,"Imagem do Instagram",,Total,42349,21733,809,33,1,27,5
17991320300791660,17841400074692954,paulistao,Paulistão,"22ª TAÇA DO PEIXÃO!
Há 10 anos, o Santos vencia o Audax e levava a taça do Paulistão para a Vila Belmiro.
#BaúDoPaulistão",0,"05/08/2026 06:58",https://www.instagram.com/p/DYFIehmDSAT/,"Imagem do Instagram",,Total,54942,31468,2034,73,4,52,35
18081754715532571,17841408376344663,libertadoresbr,"CONMEBOL Libertadores","💛🦁💚 LEÓN da América! É o @mirassolfc líder na CONMEBOL #Libertadores.",0,"05/08/2026 05:21",https://www.instagram.com/p/DYE9Vhvk4m9/,"Carrossel do Instagram",,Total,185972,72204,2071,9,2,31,0
18102441278006947,17841400074692954,paulistao,Paulistão,"Mirassol e Red Bull Bragantino garantiram as vitórias do #FutebolPaulista na quinta-feira!
#PaulistasEmCampo",0,"05/07/2026 20:11",https://www.instagram.com/p/DYD-ctIjWvg/,"Imagem do Instagram",,Total,34213,21350,517,3,0,3,8
18138475321535006,17841400074692954,paulistao,Paulistão,"TRÊS VIRA, SEIS ACABA!
Teve goleada do Massa Bruta na @sudamericanabr!
#PaulistasEmCampo
📷Ari Ferreira/Red Bull Bragantino",0,"05/07/2026 20:02",https://www.instagram.com/p/DYD9Y_gjvu-/,"Imagem do Instagram",,Total,39248,23540,719,17,0,6,3
18398448403145376,17841408376344663,libertadoresbr,"CONMEBOL Libertadores","🌞🏆 @mirassolfc na liderança! Assim está o Grupo G da CONMEBOL #Libertadores.",0,"05/07/2026 17:16",https://www.instagram.com/p/DYDqWcUiCkI/,"Carrossel do Instagram",,Total,704687,310422,31301,950,34,221,0
18062817395702830,17841400074692954,paulistao,Paulistão,"AVANÇA, TIMÃO!
O Corinthians carimbou a passagem para as oitavas de final da Libertadores!
#PaulistasEmCampo",0,"05/07/2026 17:13",https://www.instagram.com/p/DYDqHsPjlHi/,"Imagem do Instagram",,Total,54842,30109,4750,107,5,47,55
18095963360323676,17841400074692954,paulistao,Paulistão,"EMPATE NO CHILE!
O'Higgins e São Paulo não saíram do zero pela @sudamericanabr.
#PaulistasEmCampo
📷Staff Images/Conmebol",0,"05/07/2026 17:11",https://www.instagram.com/p/DYDp1L1jdNF/,"Imagem do Instagram",,Total,19300,11417,276,7,0,14,4
18587873026042891,17841400074692954,paulistao,Paulistão,"SEGUE O LÍDER!
Mirassol vence a LDU-EQU no Maião e assume a liderança do Grupo G na Libertadores!
#PaulistasEmCampo
📷Pedro Zacchi/Agência Mirassol",0,"05/07/2026 17:05",https://www.instagram.com/p/DYDpLmFlNjG/,"Imagem do Instagram",,Total,29369,16822,966,12,1,11,2
17859938271651544,17841408376344663,libertadoresbr,"CONMEBOL Libertadores","🇧🇷🖤 @Corinthians, o primeiro brasileiro confirmado nas Oitavas da CONMEBOL #Libertadores 2026!",0,"05/07/2026 17:03",https://www.instagram.com/p/DYDo3wDDgyn/,"Carrossel do Instagram",,Total,1631293,962804,125124,9763,326,1051,0
18102424438968297,17841408376344663,libertadoresbr,"CONMEBOL Libertadores","✔️🖤 Sport Club @Corinthians Paulista: figurinha confirmada no álbum das Oitavas de Final!

🏆 CONMEBOL #Libertadores ⭐️ #GloriaEterna",15,"05/07/2026 17:01",https://www.instagram.com/reel/DYDojyMp_0O/,"Reel do Instagram",,Total,4534501,2574029,288638,34900,1395,3437,0
18122931274726666,17841408376344663,libertadoresbr,"CONMEBOL Libertadores","🥹💛 Reinaldo faz a festa para o @mirassolfc, com uma homenagem muito especial para a própria mãe!",24,"05/07/2026 16:25",https://www.instagram.com/reel/DYDkdwypZDd/,"Reel do Instagram",,Total,155754,108164,6980,95,30,66,0
18176174899398632,17841400074692954,paulistao,Paulistão,"UM DOS ESTÁDIOS MAIS TEMIDOS DO INTERIOR! 🏟️🔥 
O Penapolense venceu a ida da final e terminou o #PaulistãoA4Rivalo invicto em casa.",0,"05/07/2026 14:30",https://www.instagram.com/p/DYDWPWWn92l/,"Imagem do Instagram",,Total,20498,11139,271,19,0,7,6
18582016279030684,17841408376344663,libertadoresbr,"CONMEBOL Libertadores","🇨🇴🖤 A Fiel representa, né Gustavo? Com o @Corinthians pela América na CONMEBOL #Libertadores...",16,"05/07/2026 13:01",https://www.instagram.com/reel/DYDNLMaoNHY/,"Reel do Instagram",,Total,75960,55697,8558,57,13,33,0
18072926648654027,17841400074692954,paulistao,Paulistão,"100% ATUALIZADA!
Com o Bernô em segundo, vem conferir a classificação do @brasileiraob.
#PaulistasEmCampo",0,"05/07/2026 10:51",https://www.instagram.com/p/DYC-SJNE0HB/,"Imagem do Instagram",,Total,171783,96852,4383,83,38,23,41
18392706133092267,17841408376344663,libertadoresbr,"CONMEBOL Libertadores","🇨🇴😍🏴󠁧󠁢󠁥󠁮󠁧󠁿 E assim eles tiraram uma foto com @jesselingard antes do jogo do @Corinthians na CONMEBOL #Libertadores…",40,"05/07/2026 10:38",https://www.instagram.com/reel/DYC8k4YpASE/,"Reel do Instagram",,Total,248427,161260,15446,750,39,237,0
17939987616038411,17841400074692954,paulistao,Paulistão,"MAIS UM TÍTULO DO TIMÃO!
Há 9 anos, o @corinthians empatava com a Ponte Preta e conquistava o 28º título do Estadual da sua história.
#BaúDoPaulistão",0,"05/07/2026 10:00",https://www.instagram.com/p/DYC4dilmTB3/,"Imagem do Instagram",,Total,36299,19064,1484,45,0,20,13
18134897653551265,17841400074692954,paulistao,Paulistão,"É DELE!
Albano, da Ferroviária, foi o #CraqueDoJogo da partida de ida na grande final do Paulistão A2 Rivalo!
#PaulistãoA2Rivalo",0,"05/07/2026 08:24",https://www.instagram.com/p/DYCtg7kHx3C/,"Imagem do Instagram",,Total,15015,8675,231,15,2,19,3
18124755007617191,17841400074692954,paulistao,Paulistão,"SEM GOLS!
A rede não balançou nos primeiros 90 minutos da final do Paulistão A2 Rivalo.
#PaulistãoA2Rivalo 
📷Diego Soares/Ag. Paulistão",0,"05/07/2026 08:04",https://www.instagram.com/p/DYCrO5JnxSp/,"Imagem do Instagram",,Total,15611,8925,324,11,0,7,5
18340622212171856,17841429857362439,paulistaof,"Paulistão F","DOSE TRIPLA!
Não vai faltar Majestoso nos próximos dias, hein? Seja no Paulistão F, no @brasileirao ou no @brfeminino, a emoção está garantida 🤩
#Majestoso #Corinthians #SãoPaulo",0,"05/07/2026 08:00",https://www.instagram.com/p/DYClmInFkFL/,"Imagem do Instagram",,Total,148960,80429,7153,632,32,148,153
18098980606918806,17841400074692954,paulistao,Paulistão,"OS CAPITÃES DA DECISÃO! ©️
#PaulistãoA2Rivalo 
📷Diego Soares/Ag. Paulistão",0,"05/07/2026 07:17",https://www.instagram.com/p/DYCl0sQH4tm/,"Carrossel do Instagram",,Total,29325,13569,439,3,1,0,1
18085759700360727,17841400074692954,paulistao,Paulistão,"PLACAR EM BRANCO!
Nada de gols no primeiro tempo de Juventus e Ferroviária.
#PaulistãoA2Rivalo 
📷Diego Soares/Ag. Paulistão",0,"05/07/2026 06:54",https://www.instagram.com/p/DYCjM01n2wy/,"Imagem do Instagram",,Total,9165,5501,150,1,0,1,1
17948121063168545,17841400074692954,paulistao,Paulistão,"PORQUE JUVENTUS É SENTIMENTO! 🔥
#Juventus #PaulistãoA2Rivalo #MolequeTravesso",31,"05/07/2026 06:38",https://www.instagram.com/reel/DYChOKautg5/,"Reel do Instagram",,Total,16223,11936,612,34,0,15,9
18089476820360118,17841400353586968,pedroalamino,"Pedro Marin Alamino","Quinta-feira, 10h, solzão: vivendo a final do Paulistão A2 🤩

Baita honra cobrir do gramado da Javari esse Juventus x Ferroviária!

#futebol #juventusdamooca #ferroviaria",54,"05/07/2026 06:23",https://www.instagram.com/reel/DYCfYwJuwzA/,"Reel do Instagram",,Total,47127,34805,2499,143,70,50,0
18053423234736550,17841461375852191,juventussaf,"Juventus SAF","𝙼𝚘𝚘𝚌𝚊 𝚎́ 𝙼𝚘𝚘𝚌𝚊 🇱🇻

#FinalA2 #ForzaJuve",31,"05/07/2026 06:06",https://www.instagram.com/reel/DYCdRLTuCda/,"Reel do Instagram",,Total,30592,20910,1531,106,18,24,0
18086489237372806,17841401651676045,afeoficial,"Ferroviária SAF","Hora de batalhar! Vamos, AFE!",19,"05/07/2026 06:05",https://www.instagram.com/reel/DYCdg9bugUm/,"Reel do Instagram",,Total,23007,15727,642,2,2,11,0
18589843738049256,17841403734375167,sindicatodeatletas,"Sindicato de Atletas SP","🏆 Seleção dos Atletas
Paulistão A4 Rivalo 2026

Confira a seleção do jogo de VOLTA da SEMIFINAL do Paulistão A4 Rivalo 2026.

⭐ GOL - Leandro Vaso (Inter de Bebedouro)
⭐ ZAG/LD - Diogo (Penapolense) 
⭐ ZAG - Renan Carvalho (Inter de Bebedouro)
⭐ ZAG - Cleberson (Penapolense)
⭐ VOL - Ryan (Penapolense)
⭐ VOL - Lacerda (Grêmio-São Carlense)
⭐ MC - Mauricinho (São Caetano)
⭐ MC - Kadu Barone (Inter de Bebedouro)
⭐ MC - Rikelmi (São Caetano)
⭐ ATA - Caio Vidal (Inter de Bebedouro)
⭐ ATA - Luan (Penapolense)

🔥 Chegamos ao fim de mais uma votação oficial dos atletas.

Agora vem a decisão final: a escolha dos 11 melhores do campeonato e o tão esperado CRAQUE da A4.

🎉 E o grande encontro já tem data marcada:
📅 14 de maio | 19h
📍 Hotel Vitória – Campinas

A cerimônia será ainda mais especial, com a premiação acontecendo em conjunto com a Série A2, reunindo os destaques do Futebol Paulista em uma única noite.

👉 Diga “EU” se você tem chances de estar entre os 11 melhores.
👉 Marque aquele parceiro que merece levar esse prêmio.

É hora de mobilizar, engajar e fazer barulho!

#SeleçãodosAtletas #PaulistaoA4 #AtletaVotaemAtleta #SindicatodeAtletasSP #FPF #FutebolInterior

🚀 MKT Digital: @digitalsportspress",0,"05/07/2026 06:00",https://www.instagram.com/p/DYCdDlEjxoo/,"Imagem do Instagram",,Total,21743,12714,159,37,3,2,0
18008257583908276,17841400074692954,paulistao,Paulistão,"LIBERTADORES E SUDAMERICANA!
O Mirassol busca mais três pontos em casa, já o Tricolor e o Massa Bruta jogam fora de casa!
#FutebolPaulista #PaulistasEmCampo",0,"05/07/2026 06:00",https://www.instagram.com/p/DYCX331DvPY/,"Imagem do Instagram",,Total,15205,9033,295,18,0,1,5
18163681990435701,17841400074692954,paulistao,Paulistão,"EQUIPES EM CAMPO! ⚽️🌟
Vai começar o primeiro duelo entre @juventussaf e @afeoficial! 
#PaulistãoA2Rivalo",22,"05/07/2026 05:59",https://www.instagram.com/reel/DYCcwArOZjt/,"Reel do Instagram",,Total,43883,28185,1535,86,12,32,15
18432907489188659,17841400074692954,paulistao,Paulistão,"AQUECIMENTO FINALIZADO! 🔥
Tudo pronto para a primeira parte da decisão do Paulistão A2 Rivalo! Quem vai sair na vantagem?
#PaulistãoA2Rivalo #Juventus #Ferroviária",26,"05/07/2026 05:49",https://www.instagram.com/reel/DYCbueUuZwD/,"Reel do Instagram",,Total,8320,6392,126,0,0,1,0
18051869078736964,17841400074692954,paulistao,Paulistão,"ACELERA!
O Fanaticão está na área para curtir a final do Paulistão A2 Rivalo na Javari! 
#PaulistãoA2Rivalo",21,"05/07/2026 05:49",https://www.instagram.com/reel/DYCbaqJu2tZ/,"Reel do Instagram",,Total,68620,49473,912,27,2,7,13
17873988981478538,17841400074692954,paulistao,Paulistão,"DECISÃO NA JAVARI!
Chegou o grande dia! Juventus e Ferroviária disputam nesta quinta-feira o primeiro capitulo da grande decisão do Paulistão A2 Rivalo 2026!
#PaulistãoA2Rivalo
📷Diego Soares/Ag. Paulistão",0,"05/07/2026 05:45",https://www.instagram.com/p/DYCbXFDH8NN/,"Carrossel do Instagram",,Total,11482,5379,252,5,0,3,1
18086459042525067,17841400074692954,paulistao,Paulistão,"A TAÇA TÁ NA RUA JAVARI! 🏆🌟
A torcida do Moleque Travesso tá de olho no troféu do #PaulistãoA2Rivalo 👀 
#Juventus #Mooca",24,"05/07/2026 05:34",https://www.instagram.com/reel/DYCZTz0ujKn/,"Reel do Instagram",,Total,8854,6785,212,1,0,3,0
18112298881648082,17841461375852191,juventussaf,"Juventus SAF","Detalhes da 𝓕𝓲𝓷𝓪𝓵 𝓙𝓾𝓿𝓮𝓷𝓽𝓲𝓷𝓪 🇱🇻",38,"05/07/2026 05:22",https://www.instagram.com/reel/DYCYRd0uiDY/,"Reel do Instagram",,Total,12179,9098,528,6,2,12,0
18459895210103310,17841401651676045,afeoficial,"Ferroviária SAF","Bom dia, torcedor afeano! ☀️

A camisa da Locomotiva já está presente no Estádio Conde Rodolfo Crespi, na Rua Javari, em São Paulo. Manhã especial por aqui. 🚂💨

#Ferroviária | #Araraquara | #PaulistaA2

📸 Guilherme Moro/Ferroviária SAF",0,"05/07/2026 03:54",https://www.instagram.com/p/DYCOmTWjnel/,"Carrossel do Instagram",,Total,13517,5323,283,1,0,4,0
17942650380197328,17841400074692954,paulistao,Paulistão,"PRIMEIRA PARTE!
Juventus e Ferroviária vão à campo para os primeiros 90 minutos da decisão do #PaulistãoA2Rivalo!",0,"05/07/2026 02:00",https://www.instagram.com/p/DYB8ZG3jlo6/,"Imagem do Instagram",,Total,50426,28653,1623,100,3,55,14
18096515620887050,17841400074692954,paulistao,Paulistão,"APITO FINAL!
Não faltou emoção nos jogos desta quarta-feira. Bora conferir os resultados.
#PaulistasEmCampo",0,"05/06/2026 20:10",https://www.instagram.com/p/DYBXxXIlT8m/,"Imagem do Instagram",,Total,20128,11457,281,0,0,0,4
17939424351209658,17841400074692954,paulistao,Paulistão,"TUDO IGUAL!
São Bernardo e Caxias ficam no empate pela Copa Sul-Sudeste.
#PaulistasEmCampo
📷 Janes Carvalho/São Bernardo",0,"05/06/2026 19:52",https://www.instagram.com/p/DYBXZI0IGil/,"Imagem do Instagram",,Total,12984,7819,139,5,0,0,1
17952485166135982,17841400074692954,paulistao,Paulistão,"TIGRE NA PRÓXIMA FASE!
Fora de casa, o @oficialnovorizontino vence e garante vaga para a semifinal da Copa Sul-Sudeste!
#PaulistasEmCampo
📷 Ozzair Jr/Novorizontino",0,"05/06/2026 19:47",https://www.instagram.com/p/DYBW0pZIAzP/,"Imagem do Instagram",,Total,30103,18397,411,6,0,1,3
17924931207339149,17841400074692954,paulistao,Paulistão,"NO FINALZINHO...
GUSTAVO HENRIQUE EMPATA NO ÚLTIMO LANCE E MANTÉM INVENCIBILIDADE DO TIMÃO NA @LIBERTADORESBR!
#PaulistasEmCampo
📷 Staff Images/Conmebol",0,"05/06/2026 19:45",https://www.instagram.com/p/DYBWhfIIFYM/,"Imagem do Instagram",,Total,20172,12241,581,3,1,14,6
17886132159536067,17841400074692954,paulistao,Paulistão,"“O que eu fiz de diferente foi trabalhar mais.” 💪
Mais uma vez #CraqueDoJogoRivalo, Luan Carioca falou do momento que vive na sua volta ao Penapolense. #PaulistãoA4Rivalo",35,"05/06/2026 19:02",https://www.instagram.com/reel/DYBQ_prs0iu/,"Reel do Instagram",,Total,24494,16687,766,9,5,13,9
17870250195611097,17841429857362439,paulistaof,"Paulistão F","QUE DIA FOI ESSE?
Goleada das Palestrinas, vitória das Guerreiras Grenás… Vem conferir os resultados da quarta-feira! 
#PaulistãoF2026",0,"05/06/2026 18:43",https://www.instagram.com/p/DYBPZZUjDw8/,"Imagem do Instagram",,Total,35474,20860,410,8,3,0,1
17935859292239313,17841400074692954,paulistao,Paulistão,"ARTILHEIRO DA NOITE!
Luan deixou dois na partida e não teve como, levou o troféu de #CraqueDoJogoRivalo para casa.
#PaulistãoA4Rivalo
📷 José Luis Silva/Ag. Paulistão",0,"05/06/2026 18:26",https://www.instagram.com/p/DYBNlvElrwH/,"Imagem do Instagram",,Total,18871,11395,217,11,1,9,2
18556898464068243,17841400074692954,paulistao,Paulistão,"PANTERA COM A VANTAGEM!
Na primeira parte da decisão, quem saiu na frente foi o @penapolenseoficial 🔥
#PaulistãoA4Rivalo 
📷 José Luís Silva/Ag. Paulistão",0,"05/06/2026 18:17",https://www.instagram.com/p/DYBMlqNjBVn/,"Carrossel do Instagram",,Total,44716,21129,777,48,2,36,7
17974623651034727,17841400074692954,paulistao,Paulistão,"O GELADO KADU BARONE! 😮‍💨🔟
A Inter de Bebedouro diminui o placar na ida da final do #PaulistãoA4Rivalo.",28,"05/06/2026 17:50",https://www.instagram.com/reel/DYBJR-nsKLm/,"Reel do Instagram",,Total,53335,32961,1540,83,7,32,13
18137149474527796,17841400074692954,paulistao,Paulistão,"É MAIS UM DO PENAPOLENSE! 🔥
O Pantera aumenta a vantagem na ida da final do #PaulistãoA4Rivalo.",30,"05/06/2026 17:29",https://www.instagram.com/reel/DYBGYfLs1iv/,"Reel do Instagram",,Total,108219,69085,2066,99,12,32,30
18117144451709129,17841400074692954,paulistao,Paulistão,"FESTA LINDA DA TORCIDA DO CAP! 🔥🇳🇱
Assim foi a recepção da arquibancada pra apoiar o Penapolense na ida da final do #PaulistãoA4Rivalo.",29,"05/06/2026 17:06",https://www.instagram.com/reel/DYBD-UWsF_A/,"Reel do Instagram",,Total,71866,45388,2249,261,48,50,44
18137427544521627,17841400074692954,paulistao,Paulistão,"PANTERA NA FRENTE!
Luan Carioca marcou e deixou a equipe mandante na frente. Será que vem mais gol na decisão do Paulistão A4 Rivalo?
#PaulistãoA4Rivalo
📷 José Luis Silva/Ag. Paulistão",0,"05/06/2026 16:55",https://www.instagram.com/p/DYBDGGDExQT/,"Imagem do Instagram",,Total,15096,8913,198,2,0,1,4
18101072111077691,17841400074692954,paulistao,Paulistão,"DEIXA OS GAROTO DO CAP BRINCAR! 🕺🇳🇱
#PaulistãoA4Rivalo",3,"05/06/2026 16:42",https://www.instagram.com/reel/DYBBiLztF06/,"Reel do Instagram",,Total,54645,29937,904,58,17,12,15
18373940971165485,17841408376344663,libertadoresbr,"CONMEBOL Libertadores","👏🤳 Vá até o fim do vídeo e veja a alegria de quem tirou uma selfie com Jesse Lingard 🏴󠁧󠁢󠁥󠁮󠁧󠁿

🏆 CONMEBOL #Libertadores 😍 @Corinthians 🖤",51,"05/06/2026 16:39",https://www.instagram.com/reel/DYBBU1WEcJH/,"Reel do Instagram",,Total,2381293,1416382,150196,3719,219,1063,0
18338575765220008,17841400074692954,paulistao,Paulistão,"O ARTILHEIRO DO PENAPOLENSE! 🔥
Luan Carioca abre o placar na primeira final do #PaulistãoA4Rivalo.",15,"05/06/2026 16:26",https://www.instagram.com/reel/DYA_x2HNdof/,"Reel do Instagram",,Total,60999,42264,1360,74,8,17,20
18101476523060100,17841400074692954,paulistao,Paulistão,"É DIA DE DECISÃO!
Penapolense ou Inter de Bebeouro: quem vai sair na frente na primeira partida da final do #PaulistãoA4Rivalo?
📷 José Luis Silva/Ag. Paulistão",0,"05/06/2026 16:08",https://www.instagram.com/p/DYA9tlFjsjr/,"Imagem do Instagram",,Total,10019,6004,142,2,1,0,2
18102043982095084,17841400074692954,paulistao,Paulistão,"A MAIS DESEJADA DA NOITE! 🏆
A taça do #PaulistãoA4Rivalo tá no Tenentão.",5,"05/06/2026 15:50",https://www.instagram.com/reel/DYA7j-wtEMW/,"Reel do Instagram",,Total,12400,8353,249,9,0,2,7
18082755608421399,17841400074692954,paulistao,Paulistão,"“VAMO GANHAR CAP!”🎶
A torcida do Penapolense presente pra primeira decisão do #PaulistãoA4Rivalo.",15,"05/06/2026 15:36",https://www.instagram.com/reel/DYA5mTWt7WH/,"Reel do Instagram",,Total,21218,15007,391,14,9,4,5
17874318621606291,17841401651676045,afeoficial,"Ferroviária SAF","🔎.

#Ferroviária | #Araraquara | #PaulistaA2",0,"05/06/2026 14:00",https://www.instagram.com/p/DYAvJHeEX9j/,"Carrossel do Instagram",,Total,18600,7006,357,2,0,2,0
17909064858406847,17841461375852191,juventussaf,"Juventus SAF","TÁ CHEGANDO A HORA! 

Amanhã, a Javari recebe o primeiro jogo da final da A2!

O Moleque Travesso entra em campo em busca do primeiro passo rumo ao título, e mais de 80% dos ingressos já foram vendidos.

🎟️ Garanta seu lugar em:
ingressos.juventussaf.com

🎫 Abertura da bilheteria: amanhã, às 7h

⚽️ Juventus 🆚 Ferroviária
⏰ 10h
🏟️ Estádio Conde Rodolfo Crespi

VAMOS! 🇱🇻",0,"05/06/2026 13:26",https://www.instagram.com/p/DYArDFTDenb/,"Imagem do Instagram",,Total,27427,14059,639,80,1,42,0
18123013252621962,17841429857362439,paulistaof,"Paulistão F","O PAULISTÃO É F…!
Vai rolar a bola no campeonato mais tradicional do país!
#PaulistãoF",42,"05/06/2026 11:51",https://www.instagram.com/reel/DYAgCfjP6qa/,"Reel do Instagram",,Total,15213,10694,307,19,3,3,7
18089604713594700,17841455066317821,cazetv,CazéTV,"PAULISTÃO F É NA TELA DA CAZÉTV 🟣⚽

Hoje tem estreia de Santos e Ferroviária, a partir de 19h! COLA COM A GENTE!! 

#PaulistãoFNaCazéTV #FutebolFeminino #Original #Santos #Caztv19 #Caztv06",49,"05/06/2026 11:36",https://www.instagram.com/reel/DYAemRXk7DY/,"Reel do Instagram",,Total,343508,271213,9170,39,3,23,0
17935793754240286,17841461375852191,juventussaf,"Juventus SAF","𝙁𝙤𝙘𝙤 𝙣𝙖 𝙛𝙞𝙣𝙖𝙡 🇱🇻

📸 Bruno Costa | @_brunocostaphoto",0,"05/06/2026 09:13",https://www.instagram.com/p/DYAOV3IDgoZ/,"Carrossel do Instagram",,Total,27057,13100,346,8,0,2,0
18120465991710667,17841400074692954,paulistao,Paulistão,"Elkin Muñoz e Javari: Una historia de amor. 🇪🇨🤝🇮🇹
Essa semana tem decisão em casa e a torcida do Juventus já tá ansiosa pra ver o equatoriano aprontar mais uma vez! #PaulistãoA2Rivalo",44,"05/06/2026 08:30",https://www.instagram.com/reel/DYAEvg_FuPq/,"Reel do Instagram",,Total,88047,56723,2180,66,6,27,27
17988003881798623,17841400074692954,paulistao,Paulistão,"PARABÉNS, GUSTAVO GÓMEZ!🐷💚🎉🥳
Pentacampeão do Paulistão Casas Bahia, o Capitão do Palmeiras completa 33 anos nesta quarta-feira!
#FutebolPaulista #Palmeiras
📷Rebeca Reis/Ag.Paulistão",0,"05/06/2026 07:30",https://www.instagram.com/p/DYACkoBDUOQ/,"Carrossel do Instagram",,Total,122235,80218,5759,41,10,42,56
18435278605140441,17841400074692954,paulistao,Paulistão,"A DISPUTA MAIS ACIRRADA DO FUTEBOL PAULISTA! 🔥
Com Caio Vidal, Kadu Barone e Luan Carioca ainda no páreo assim está a #ArtilhariaRivalo do #PaulistãoA4Rivalo.",0,"05/06/2026 07:30",https://www.instagram.com/p/DYABX-YDvlj/,"Imagem do Instagram",,Total,23501,11155,380,12,1,8,6
18097986182016691,17841400074692954,paulistao,Paulistão,"DOSE TRIPLA DE PAULISTAS EM CAMPO!
Tem Corinthians na @libertadoresbr e a dupla de Tigres pela Copa Sul-Sudeste!
#FutebolPaulista #PaulistasEmCampo",0,"05/06/2026 06:00",https://www.instagram.com/p/DX_zEw5DWRd/,"Imagem do Instagram",,Total,16651,9286,406,3,0,1,4
18092458178190010,17841400074692954,paulistao,Paulistão,"A PRIMEIRA DECISÃO É NO TENENTÃO! 🔥
Penapolense e Inter de Bebedouro duelam pela ida da final do #PaulistãoA4Rivalo.",0,"05/06/2026 05:00",https://www.instagram.com/p/DX_sM5WoCpw/,"Imagem do Instagram",,Total,25947,15015,327,31,1,7,2
18465014344105974,17841429857362439,paulistaof,"Paulistão F","CHEGOU O GRANDE DIA, MEU POVO!😍
A BOLA VAI ROLAR NO PAULISTÃO F 2026!
#PaulistãoF2026",0,"05/05/2026 20:05",https://www.instagram.com/p/DX-vBhuFnn9/,"Imagem do Instagram",,Total,43642,23869,1114,21,14,4,8
17925487962291376,17841408376344663,libertadoresbr,"CONMEBOL Libertadores","💚⚽️ POV: você festejando junto com o Flaco López na vitória do @Palmeiras em Lima",39,"05/05/2026 19:28",https://www.instagram.com/reel/DX-v0vWpF82/,"Reel do Instagram",,Total,49699,37837,5456,91,4,69,0
18109061125713378,17841400074692954,paulistao,Paulistão,"VITÓRIA ALVIVERDE E EMPATE DO PEIXÃO!
Assim terminou a noite de @libertadoresbr e @sudamericanabr para Palmeiras e Santos!
#PaulistasEmCampo",0,"05/05/2026 19:28",https://www.instagram.com/p/DX-v73lDMMk/,"Imagem do Instagram",,Total,18433,11301,336,16,0,19,1
17918683698347224,17841400074692954,paulistao,Paulistão,"O Santos sofre o empate fora de casa na @sudamericanabr!
#PaulistasEmCampo
📷Divulgação/@sudamericanabr",0,"05/05/2026 19:27",https://www.instagram.com/p/DX-vK-3jPKB/,"Imagem do Instagram",,Total,53806,31468,1569,81,2,81,16
17870349471511168,17841408376344663,libertadoresbr,"CONMEBOL Libertadores","🔝🐷 MASCOTINHO DO LÍDER!

💚 E lá vai o @Palmeiras de novo em busca da #GloriaEterna!",0,"05/05/2026 18:29",https://www.instagram.com/p/DX-pJ_KDq2F/,"Carrossel do Instagram",,Total,165734,68547,3959,32,2,132,0
17891379057466930,17841400074692954,paulistao,Paulistão,"VENCE O PALMEIRAS EM LIMA!
Com gols de Flaco e Sosa, Verdão conquista a vitória jogando fora de casa contra o Sporting Cristal!
#PaulistasEmCampo
📷Divulgação/@libertadoresbr",0,"05/05/2026 16:56",https://www.instagram.com/p/DX-ekSkjCHM/,"Imagem do Instagram",,Total,36862,21893,1622,89,0,21,11
18002732828915244,17841429857362439,paulistaof,"Paulistão F","O campeonato mais tradicional do país chegou com tudo em 2026, tá?!
VAR em 100% das partidas no Paulistão ✅
Primeira competição feminina do Brasil a utilizar o VAR de forma integral ✅
#PaulistãoF2026",0,"05/05/2026 16:00",https://www.instagram.com/p/DX-S73JFpO1/,"Imagem do Instagram",,Total,15916,9930,325,23,1,6,3
18101503124005061,17841405688144679,rivalobrasil,"Rivalo Brasil","RIVALO EM CAMPO NO PAULISTÃO A4 RIVALO! ⚽

Marcamos presença na semifinal entre São Caetano x Penapolense em um jogo para lá de emocionante!🔥

Teve muita celebração, brindes personalizados, torcedor tentando acertar chute do meio de campo e muito mais! 👏

Confere aí como foi!

#Rivalo #NadaGanhadaEmocao #JoguecomResponsabilidade +18",157,"05/05/2026 16:00",https://www.instagram.com/reel/DX-YGuBS_Ut/,"Reel do Instagram",,Total,10802,7482,308,15,2,5,0
18093342917180016,17841400074692954,paulistao,Paulistão,"Isso que é “visão de sogo” hein, Kadu Barone!? 😅
Pra completar o lançamento de craque, um golaço do Caio Vidal no acesso da Inter de Bebedouro. #PaulistãoA4Rivalo",7,"05/05/2026 13:30",https://www.instagram.com/reel/DX-B11HCGG9/,"Reel do Instagram",,Total,93161,53594,1223,45,2,9,21
18175173379394661,17841429857362439,paulistaof,"Paulistão F","OLHA QUEM CHEGOU 🤩
Prepare-se, a competição mais tradicional do país vai começar nesta quarta-feira!
#PaulistãoF",20,"05/05/2026 13:00",https://www.instagram.com/reel/DX9-jpngaHh/,"Reel do Instagram",,Total,17831,12256,526,28,6,6,8
18096245678470507,17841400074692954,paulistao,Paulistão,"OITO PARTICIPAÇÕES EM GOLS!
Não tem jeito, o Flaco López é o rei dos clássicos em 2026!
#FutebolPaulista #Palmeiras",0,"05/05/2026 12:30",https://www.instagram.com/p/DX9-64_Eqtz/,"Imagem do Instagram",,Total,95893,50430,7060,244,35,93,78
17916124119361619,17841429857362439,paulistaof,"Paulistão F","TÁ CHEGANDO A HORA!
OLHA A PRIMEIRA RODADA DO PAULISTÃO 2026 NA ÁREA 🤩
#PaulistãoF2026",0,"05/05/2026 11:54",https://www.instagram.com/p/DX97_XqIE4z/,"Imagem do Instagram",,Total,57381,29851,1104,57,16,8,22
18103029262956844,17841400074692954,paulistao,Paulistão,"ERRAR FAZ PARTE, MAS ABAIXAR A CABEÇA JAMAIS! 🧠
Estevão desabafou sobre a falha e destacou a força do elenco do Penapolense para superar o erro e conquistar o acesso. #PaulistãoA4Rivalo.",35,"05/05/2026 08:30",https://www.instagram.com/reel/DX9jNUyktNz/,"Reel do Instagram",,Total,12168,8764,265,5,0,8,5
18045555461534140,17841400074692954,paulistao,Paulistão,"MAIS CONFRONTOS CONTINENTAIS PELA FRENTE!
Palmeiras e Santos vão em busca de vitórias importantes na @libertadoresbr e na @sudamericanabr!
#PaulistasEmCampo",0,"05/05/2026 06:00",https://www.instagram.com/p/DX9ORY3G8sB/,"Imagem do Instagram",,Total,25159,14471,631,8,0,6,7
17887178511528963,17841400074692954,paulistao,Paulistão,"VAI CORRER A SÃO SILVESTRE PELO CLUBE DO CORAÇÃO! 🏃‍♂️🇳🇱
O torcedor do Penapolense prometeu correr a prova mais tradicional do estado pelo acesso do clube rumo ao Paulistão A3 Rivalo. Será que vale uma vaguinha pro nosso corredor aí, @sao_silvestre ? #PaulistãoA4Rivalo",15,"05/04/2026 14:30",https://www.instagram.com/reel/DX7j-dGkinV/,"Reel do Instagram",,Total,50749,33450,957,112,5,34,12
18455032789104827,17841400074692954,paulistao,Paulistão,"PALMEIRAS NÃO SABE O QUE É PERDER EM CLÁSSICOS! 💪🏻🐷
O Verdão não tem nenhuma derrota na conta nos clássicos disputados em 2026! 😮‍💨
#PaulistasEmCampo #Palmeiras #Derby #ClássicoDaSaudade #ChoqueRei",0,"05/04/2026 14:00",https://www.instagram.com/p/DX7gaJTEpQb/,"Imagem do Instagram",,Total,80173,40970,5139,451,3,129,102
18592486153017921,17841400074692954,paulistao,Paulistão,"SÉRIE D DISPUTADÍSSIMA! 😮‍💨
Portuguesa e XV de Piracicaba lideram seu grupos na competição até aqui!
#PaulistasEmCampo",0,"05/04/2026 13:00",https://www.instagram.com/p/DX7ZirGk6eQ/,"Imagem do Instagram",,Total,72664,41239,1740,32,10,26,10
17859777591688726,17841400074692954,paulistao,Paulistão,"VERDÃO LÍDER E TRICOLOR NO G4!
Vem ver como está a classificação do @brasileirao depois dos jogos do final de semana!
#PaulistasEmCampo",0,"05/04/2026 11:30",https://www.instagram.com/p/DX7UShKEtTt/,"Imagem do Instagram",,Total,290188,155047,11463,209,24,181,92
17937147954242938,17841403734375167,sindicatodeatletas,"Sindicato de Atletas SP","🏆 Seleção dos Atletas
Paulistão A2 Rivalo 2026

Confira a SELEÇÃO DOS ATLETAS do jogo de volta da semifinal do Paulistão A2 Rivalo 2026:

⭐️ GOL - Denis Júnior (Ferroviária)
⭐️ ZAG – Mancini (Ituano)
⭐️ ZAG – Zé Vitor (Ferroviária)
⭐️ ZAG – Thomás Kayck (Juventus)
⭐️ VOL - Ricardo (Ferroviária)
⭐️ VOL - Ferreira (Juventus)
⭐️ MD – Marcos Nunes (Votuporanguense)
⭐️ MC – Rodolfo (Votuporanguense)
⭐️ ME - Elkin Muñoz (Juventus)
⭐️ ATA – Romário (Juventus)
⭐️ ATA – Denilson (Ferroviária)

🔥 Chegamos ao fim de mais uma votação oficial do atleta.

Agora vem a decisão final: a escolha dos 11 melhores do campeonato e o tão esperado CRAQUE da A2.

🎉 E o grande encontro já tem data marcada:
📅 14 de maio
📍 Hotel Vitória – Campinas

A cerimônia será ainda mais especial, com a premiação acontecendo em conjunto com a Série A4, reunindo os destaques do Futebol Paulista em uma única noite.

👉 Diga “EU” se você tem chances de estar entre os 11 melhores.
👉 Marque aquele parceiro que merece levar esse prêmio.

É hora de mobilizar, engajar e fazer barulho!

#SeleçãodosAtletas #PaulistaoA2 #AtletaVotaemAtleta #SindicatodeAtletasSP #FPF #FutebolInterior 

🚀 MKT Digital: @digitalsportspress",0,"05/05/2026 03:22",https://www.instagram.com/p/DX9BZVSjmzs/,"Imagem do Instagram",,Total,22962,12467,259,27,0,1,0
18050371892511951,17841400738755454,baamaia,"Bárbara Maia 🧿","FLAQUIIIIITOOOOOOOOOOOOOO! 

Palmeiras empata no Clássico da Saudade com gol de @flacolopez_10 .

#palmeiras #paulistao #brasileirao2026",45,"05/02/2026 16:00",https://www.instagram.com/reel/DX2ppbZRx0h/,"Reel do Instagram","Ocorreu um erro ao computar métricas.",-,,,,,,,
17927413350293604,17841400738755454,baamaia,"Bárbara Maia 🧿","ORGULHO ALVIVERDE! 

Primeiro medalhista do Brasil na competição e campeão mundial no esqui cross-country sitting nos Jogos Paralímpicos de Inverno, o atleta paralímpico rondoniense e palmeirense esteve no Allianz Parque, a convite do clube, para assistir ao clássico. Um exemplo dentro e fora das pistas, com mentalidade de ouro.

#paulistao #brasileirao #classicodasaudade",14,"05/02/2026 14:00",https://www.instagram.com/reel/DX2bg2gRc6j/,"Reel do Instagram","Ocorreu um erro ao computar métricas.",-,,,,,,,
18467465926097728,17841405688144679,rivalobrasil,"Rivalo Brasil","O LOBO UIVOU! 🐺

O grito tava preso. Faziam 14 anos que a Inter de Bebedouro tentava dar a glória do acesso para sua apaixonada torcida, mas o Lobo Vermelhou teve que segurar em seu peito o grito de alívio. 😥

Eis que hoje, em um dia de sol no Dia do Trabalho, Caio Vidal pôs fim à essa espera. E recompensou todos os trabalhadores incansáveis que esperaram 14 anos para uivar rumo à glória! 🔥 

Parabéns pelo retorno ao Paulistão Série A3 Rivalo, Inter de Bebedouro! 👊

#Rivalo #NadaGanhaDaEmocao #JogueComResponsabilidade +18",29,"05/01/2026 17:01",https://www.instagram.com/reel/DX0L6_UjCrO/,"Reel do Instagram","Ocorreu um erro ao computar métricas.",-,,,,,,,
18096495967919716,17841405688144679,rivalobrasil,"Rivalo Brasil","RIVALO EM CAMPO NO PAULISTÃO A2 RIVALO! ⚽

Marcamos presença na semifinal entre Votuporanguense x Juventus em um jogo para lá de emocionante!🔥

Teve muita celebração, brindes personalizados, torcedor tentando acertar chute do meio de campo e muito mais! 👏

Confere aí como foi!

#Rivalo #NadaGanhadaEmocao #JoguecomResponsabilidade +18",156,"05/01/2026 17:00",https://www.instagram.com/reel/DX0LwojhJUN/,"Reel do Instagram","Ocorreu um erro ao computar métricas.",-,,,,,,,
17960456865116997,17841401722413284,briosaoficial,"Portuguesa Santista","✅ Título do Paulistão A3 Rivalo.bet.br
✅ Acesso ao Paulistão A2 Rivalo.bet.br
✅ Artilheiro da Briosa na competição 
✅ Vice-artilheiro do estadual
✅ Melhor meio-campista do Paulistão A3 Rivalo.bet.br
✅ Craque do Campeonato

Agora sim, devidamente coroado: Yohan Marcellus, o Príncipe de Marapé!🇵🇹🏆👑",0,"05/01/2026 08:52",https://www.instagram.com/p/DXzTSmdEdFx/,"Imagem do Instagram","Ocorreu um erro ao computar métricas.",-,,,,,,,
18582514051056293,17841454473375442,ulissescostatv,"ULISSES TV","A ESPERA ACABOU! A @afeoficial ESTÁ DE VOLTA À ELITE DO FUTEBOL PAULISTA! 🚂♥️

Depois de muita luta e muito futebol bem jogado, a Locomotiva conquista o acesso ao Paulistão A1 de 2027! 

🎙️ @brunoscaciotti 

#ferroviaria #afe #paulistao #campeonatopaulista #ulissestv",65,"05/01/2026 06:12",https://www.instagram.com/reel/DXzBdCaRUjo/,"Reel do Instagram","Ocorreu um erro ao computar métricas.",-,,,,,,,
18111665407836271,17841454473375442,ulissescostatv,"ULISSES TV","PAREDÃO GRENÁ! 🚂♥️

Bruno Mezenga, nos últimos minutos da partida, foi para a bola, bateu e @d_junior1 caiu para fazer o milagre de Araraquara! A @afeoficial está no Paulistão A1!

🎙️ @brunoscaciotti 

#ferroviaria #afe #paulistao #campeonatopaulista #ulissestv",43,"05/01/2026 06:08",https://www.instagram.com/reel/DXzA_n8xd6B/,"Reel do Instagram","Ocorreu um erro ao computar métricas.",-,,,,,,,
17914496934366916,17841400074692954,paulistao,Paulistão,"HORA DE DEFINIR QUEM VAI SUBIR! #PaulistãoA4Rivalo",0,"05/01/2026 04:00",https://www.instagram.com/p/DXyt9rpEhZ6/,"Imagem do Instagram",,Total,18203,10022,394,17,0,5,7
18579743638017445,17841400074692954,paulistao,Paulistão,"A INTER DE BEBEDOURO TÁ EMBALADA E QUER O ACESSO! 🔥 
Que sequência de vitórias do Lobo no #PaulistãoA4Rivalo.",0,"05/01/2026 06:00",https://www.instagram.com/p/DXy7GGLlWi7/,"Imagem do Instagram",,Total,17113,9667,464,20,3,2,2
18067474109480288,17841454473375442,ulissescostatv,"ULISSES TV","O GOL QUE ABRIU O PLACAR EM ARARAQUARA! 🚂♥️

Belíssimo cruzamento na área, @zevitor subiu mais alto do que todo mundo e testou firme para o fundo do gol, dando números iniciais na partida. É gol da Locomotiva! 

🎙️ @brunoscaciotti 

#ferroviaria #afe #paulistao #campeonatopaulista #ulissestv",78,"05/01/2026 06:05",https://www.instagram.com/reel/DXzAkggRngh/,"Reel do Instagram",,Total,11405,8489,216,3,0,4,0
18170905408405304,17841408376344663,libertadoresbr,"CONMEBOL Libertadores","✌️ Vitória, euforia e sorrisos ✌️

📸🖤 @Corinthians ⭐️ #GloriaEterna",0,"05/01/2026 06:55",https://www.instagram.com/p/DXzGhZUlc-O/,"Carrossel do Instagram",,Total,56782,23919,2459,11,0,9,0
18069170126326109,17841400074692954,paulistao,Paulistão,"PAPO DE SAIR DO ESTÁDIO E PAGAR O INGRESSO DE NOVO! 🤌 
Toda a categoria de Romário com a camisa do Juventus. #PaulistãoA2Rivalo.",15,"05/01/2026 08:00",https://www.instagram.com/reel/DXzI8CKEm7J/,"Reel do Instagram",,Total,97651,56048,1822,101,1,39,20
18098735051094459,17841454473375442,ulissescostatv,"ULISSES TV","DIA DE DECISÃO EM BEBEDOURO! 🔥

A bola vai rolar para o jogo de volta da semifinal do Paulistão A4! ⚽

No primeiro confronto, a Inter de Bebedouro abriu vantagem e venceu por 3 a 1 💪🔴

Agora, diante da sua torcida e com promessa de casa cheia 🏟️, está a um passo do acesso!

Mas do outro lado tem um São-Carlense que nunca desiste 🐺🔵🔴 e vem com tudo em busca da virada histórica.

⏰ HOJE, ÀS 16H
📍 Estádio Sócrates Stamato
🎯 Vale vaga no Paulistão A3 2027!

📺 Transmissão ao vivo pela Ulisses TV
🎙️ Narração: @narraito 
🧠 Comentários: @luizademarjr 
🎤 Reportagens: @brunopuzzovio 

Vem com a gente para acompanhar cada emoção desse duelo decisivo! 🔥

#PaulistaoA4 #InterDeBebedouro #SaoCarlense #paulistao #ulissestv",0,"05/01/2026 08:22",https://www.instagram.com/p/DXzQZVKEVny/,"Imagem do Instagram",,Total,28807,17584,379,9,5,3,0
18317819932285047,17841408376344663,libertadoresbr,"CONMEBOL Libertadores","👏🎩 Feriadou com o Bidu!",11,"05/01/2026 09:09",https://www.instagram.com/reel/DXzV5uDp8fL/,"Reel do Instagram",,Total,2987225,1661929,141304,5235,255,1102,0
18088687877205154,17841400074692954,paulistao,Paulistão,"SÓ UM VAI CHEGAR NO TOPO! 🔥
Inter de Bebedouro e Grêmio São-Carlense decidem o acesso e a vaga na final do #PaulistãoA4Rivalo!",0,"05/01/2026 09:33",https://www.instagram.com/p/DXzYonvEnsH/,"Imagem do Instagram",,Total,28468,15592,426,10,1,2,3
17986728824986570,17841401651676045,afeoficial,"Ferroviária SAF","O GOL DE ZÉ VITOR NA SUA TELA!

#Ferroviária | #Araraquara | #PaulistaA2

🎥 Felipe Cardoso/Ferroviária SAF",15,"05/01/2026 10:33",https://www.instagram.com/reel/DXzfW3MvTgw/,"Reel do Instagram",,Total,22799,15388,757,8,4,12,0
18083473820102369,17841400074692954,paulistao,Paulistão,"SEXTA DE DECISÃO NO SÓCRATES STAMATO!
Tá chegando a hora! É dia de Inter de Bebedouro e Grêmio São-Carlense definirem o acesso e a vaga na final do Paulistão A4 Rivalo 2026!
#PaulistãoA4Rivalo
📷Célio Messias/Ag. Paulistão",0,"05/01/2026 11:26",https://www.instagram.com/p/DXzln5_j_FB/,"Carrossel do Instagram",,Total,23183,9963,339,8,0,1,1
18543078784068740,17841401651676045,afeoficial,"Ferroviária SAF","UMA PALAVRA SOBRE O SENTIMENTO DE VOLTAR PRA A1! 

#Ferroviária | #Araraquara | #PaulistaA2

🎥 Rafaela Almeida",30,"05/01/2026 11:31",https://www.instagram.com/reel/DXzl7YCuaFu/,"Reel do Instagram",,Total,22483,14438,719,7,2,8,0
17845039221697142,17841400074692954,paulistao,Paulistão,"VISITANTE NA FRENTE!
Com gol de Erick Lacerda, o Grêmio São-Carlense vai para o intervalo com o 1 a 0 de vantagem no marcador pra cima da Inter de Bebedouro.
#PaulistãoA4Rivalo
📷Célio Messias/Ag. Paulistão",0,"05/01/2026 12:57",https://www.instagram.com/p/DXzwB4jD9jC/,"Carrossel do Instagram",,Total,19298,8518,255,2,0,1,1
18078639527412508,17841400074692954,paulistao,Paulistão,"ESTEVÃO MÃOS DE PEDRA! 🚫🪨 
O goleiro do Penapolense garantiu a vantagem no primeiro duelo do acesso. #PaulistãoA4Rivalo",15,"05/01/2026 13:00",https://www.instagram.com/reel/DXzrT6LDLiy/,"Reel do Instagram",,Total,35469,24836,551,12,1,16,6
18090347413998012,17841400074692954,paulistao,Paulistão,"VAI COM RAÇA, LOBO!
Inter! Inter! Inter! A Inter de Bebedouro conquista o acesso e é finalista do Paulistão A4 Rivalo 2026!
#PaulistãoA4Rivalo",0,"05/01/2026 13:58",https://www.instagram.com/p/DXz3BYFgGZn/,"Imagem do Instagram",,Total,132492,59332,2410,509,31,31,13
18150039157426576,17841400074692954,paulistao,Paulistão,"UM EMPATE PARA A HISTÓRIA!
Com um golaço de Caio Vidal, Inter de Bebedouro busca a igualdade contra o Grêmio São-Carlense e carimba o acesso!
#PaulistãoA4Rivalo 
📷Célio Messias/Ag. Paulistão",0,"05/01/2026 14:16",https://www.instagram.com/p/DXz4_tVDV0S/,"Carrossel do Instagram",,Total,70275,32169,1788,40,3,16,11
18111104521853445,17841400074692954,paulistao,Paulistão,"O NOME DO GOL!
Caio Vidal empatou o jogo para a Inter de Bebedouro, selou a classificação do Lobo Vermelho e, de quebra, foi escolhido pela galera como o #CraqueDoJogo!
#PaulistãoA4Rivalo 
📷Célio Messias/Ag. Paulistão",0,"05/01/2026 14:33",https://www.instagram.com/p/DXz68PYFLLI/,"Imagem do Instagram",,Total,22338,12428,412,11,3,11,1
18103163608957779,17841400074692954,paulistao,Paulistão,"SEXTOU COM ACESSO!
Bebedouro vai ficar pequena pra comemoração da vaga da Inter!
#PaulistãoA4Rivalo 
📷Célio Messias/Ag. Paulistão",0,"05/01/2026 14:43",https://www.instagram.com/p/DXz8JFijFEl/,"Carrossel do Instagram",,Total,175305,78488,3777,112,9,28,19
18150926584479512,17841400074692954,paulistao,Paulistão,"O NOME DO JOGO!
Caio Vidal, destaque da Inter de Bebedouro na semifinal, falou um poquuinho sobre o acesso e a classificação do Lobo Vermelho para a grande decisão.
#PaulistãoA4Rivalo",28,"05/01/2026 15:42",https://www.instagram.com/reel/DX0C1r3GDQu/,"Reel do Instagram",,Total,20990,14419,723,15,3,42,4
18124238617531251,17841400074692954,paulistao,Paulistão,"FESTA EM VERMELHO E BRANCO!
O Lobo subiu!
#PaulistãoA4Rivalo",26,"05/01/2026 16:13",https://www.instagram.com/reel/DX0Gaz3CvQV/,"Reel do Instagram",,Total,54770,32958,1657,245,40,32,15
18077124428559611,17841400074692954,paulistao,Paulistão,"ABSOLUTE CINEMA! ✋🤚
A PIN-TU-RA do Caio Vidal no jogo do acesso da Inter de Bebedouro!
#PaulistãoA4Rivalo",19,"05/01/2026 16:58",https://www.instagram.com/reel/DX0LgPpgKdC/,"Reel do Instagram",,Total,83218,50923,2790,108,32,47,33
17868335589615177,17841400074692954,paulistao,Paulistão,"Na abertura da terceira rodada do Paulista Sub-23 Segunda Divisão, o Assisense levou a melhor pra cima do Santa Fé e ficou com a vitória fora de casa.
#FutebolPaulista",0,"05/01/2026 17:09",https://www.instagram.com/p/DX0M3EajPlQ/,"Imagem do Instagram",,Total,37604,21657,312,39,2,3,2
17910502155200297,17841400074692954,paulistao,Paulistão,"É DIA DE CLÁSSICO DA SAUDADE!
PALMEIRAS E SANTOS SE ENFRENTAM NO ALLIANZ PARQUE. QUEM VENCE?
#FutebolPaulista #PaulistasEmCampo",0,"05/01/2026 20:05",https://www.instagram.com/p/DX0b2Nqkn-h/,"Imagem do Instagram",,Total,183030,108632,7575,678,14,86,69
18100311406833982,17841400074692954,paulistao,Paulistão,"JÁ LIGA NO YOUTUBE DO PAULISTÃO AÍ!
Hoje a tarde é cheia de jogos do Paulista Sub-23 Segunda Divisão!
#PaulistaSub23SegundaDivisão",0,"05/02/2026 04:00",https://www.instagram.com/p/DX1SLtkDhNv/,"Imagem do Instagram",,Total,21202,11770,223,9,2,1,0
17907691041224368,17841400074692954,paulistao,Paulistão,"ÚLTIMO PASSO!
Chegou o dia de conhecer o segundo finalista do Paulistão A4 Rivalo! São Caetano e Penapolense medem forças pelo acesso e um lugar na decisão!
#PaulistãoA4Rivalo",0,"05/02/2026 05:16",https://www.instagram.com/p/DX1gFXvDSM3/,"Imagem do Instagram",,Total,54774,30213,853,55,5,37,7
17964615309098247,17841400074692954,paulistao,Paulistão,"Com direito a Clássico da Saudade no @brasileirao, o sábado vem com tudo para os paulistas!
#FutebolPaulista #PaulistasEmCampo",0,"05/02/2026 06:00",https://www.instagram.com/p/DX1f4uUjvkO/,"Imagem do Instagram",,Total,29457,16751,636,47,0,9,13
18103558081985384,17841400074692954,paulistao,Paulistão,"QUE TIME DO PEIXÃO!🏆
Há 16 anos, sob o comando de Neymar e Paulo
Henrique Ganso, o @santosfc enfrentava o Santo André e conquistava o título do Paulistão pela 18ª vez.
#FutebolPaulista #BaúDoPaulistão",0,"05/02/2026 07:00",https://www.instagram.com/p/DX1mwMUmcdJ/,"Imagem do Instagram",,Total,291464,145258,12879,169,5,185,193
18399994177196776,17841401651676045,afeoficial,"Ferroviária SAF","O @ogabrielsurian narrou a defesa de pênalti do @d_junior1 com essa emoção!

#Ferroviária | #Araraquara | #PaulistaA2",33,"05/02/2026 10:30",https://www.instagram.com/reel/DX2D2R7BPlf/,"Reel do Instagram",,Total,46363,30444,1604,30,0,49,0
17954918738961016,17841400074692954,paulistao,Paulistão,"CHEGOU A HORA!
É dia de conhecer o segundo finalista do Paulistão A4 Rivalo 2026! Já já a bola rola para São Caetano e Penapolense!
#PaulistãoA4Rivalo
📷Rafael Assunçã/Ag. Paulistão",0,"05/02/2026 10:32",https://www.instagram.com/p/DX2EKRBnxLc/,"Carrossel do Instagram",,Total,26341,11773,527,10,2,13,5
18324508693250468,17841400074692954,paulistao,Paulistão,"NAQUELE PIQUE!
São Caetano e Penapolense já trabalham gramado do Anacleto Campanella!
#PaulistãoA4Rivalo 
📷Rafael Assunção/Ag. Paulistão",0,"05/02/2026 10:47",https://www.instagram.com/p/DX2F-aRnxOv/,"Carrossel do Instagram",,Total,16777,7500,204,5,1,3,1
18134740768555961,17841400074692954,paulistao,Paulistão,"SÃO CAETANO ABRE O PLACAR NO JOGO DO ACESSO! 🔥#PaulistãoA4Rivalo",12,"05/02/2026 11:30",https://www.instagram.com/reel/DX2Jna6xUoA/,"Reel do Instagram",,Total,266908,171927,3851,566,47,92,51
17892332355463131,17841400074692954,paulistao,Paulistão,"AZULÃO NA FRENTE!
Com gol de Mauricinho, São Caetano vai para o intervalo com o 1 a 0 de vantagem pra cima do Penapolense!
#PaulistãoA4Rivalo 
📷Rafael Assunção/Ag. Paulistão",0,"05/02/2026 11:58",https://www.instagram.com/p/DX2ODAmH8hk/,"Carrossel do Instagram",,Total,25056,12146,334,8,1,10,4
18018830912834636,17841400074692954,paulistao,Paulistão,"O PENAPOLENSE EMPATA E POR ENQUANTO GARANTE ACESSO! 👀🔥
Cobrança fria e calculista de Luan Carioca pra alegria da torcida do CAP. #PaulistãoA4Rivalo",40,"05/02/2026 12:33",https://www.instagram.com/reel/DX2RuDjJmnG/,"Reel do Instagram",,Total,41494,29580,808,15,6,25,6
18044607641547830,17841401659538306,ecaguasanta,"Esporte Clube Água Santa","É GOOOOLLL!!! ⚽️

Levi acerta um chute de fora da área e abre o placar para o Netuno na Série D! 

🎥 Gustavo Braz",24,"05/02/2026 12:39",https://www.instagram.com/reel/DX2Sl8DBk5u/,"Reel do Instagram",,Total,77495,52528,2597,81,11,48,0
17855509089647362,17841400074692954,paulistao,Paulistão,"SÃO CAETANO VOLTA À FRENTE NO JOGO DO ACESSO! 🔥#PaulistãoA4Rivalo",12,"05/02/2026 12:43",https://www.instagram.com/reel/DX2S9x5pgaF/,"Reel do Instagram",,Total,91693,62902,1012,37,12,18,14
18097994510042882,17841400074692954,paulistao,Paulistão,"É A PAIXÃO DO TORCEDOR!
É do CAP! O Penapolense conquista o acesso no Paulistão A4 Rivalo!
#PaulistãoA4Rivalo",0,"05/02/2026 12:59",https://www.instagram.com/p/DX2VFMYH3bW/,"Imagem do Instagram",,Total,113085,53546,1674,286,15,38,10
18106577812925299,17841400074692954,paulistao,Paulistão,"EMPATE E ACESSO!
Penapolense busca o empate contra o São Caetano e carimba a vaga para a decisão do Paulistão A4 Rivalo!
#PaulistãoA4Rivalo 
📷Rafael Assunção/Ag. Paulistão",0,"05/02/2026 13:19",https://www.instagram.com/p/DX2XSuQnzoU/,"Carrossel do Instagram",,Total,48142,25447,810,61,4,33,6
18410702329199278,17841400074692954,paulistao,Paulistão,"A FESTA DO CAP! 🔥
Na raça e fora de casa, o Penapolense conseguiu o acesso na semifinal do #PaulistãoA4Rivalo.",19,"05/02/2026 13:39",https://www.instagram.com/reel/DX2ZatkJioM/,"Reel do Instagram",,Total,73771,48587,1895,92,18,33,32
17886952872523951,17841400074692954,paulistao,Paulistão,"Seis jogos agitaram o sábado de Paulista Sub-23 Segunda Divisão!
#FutebolPaulista",0,"05/02/2026 13:48",https://www.instagram.com/p/DX2amQ2nyOY/,"Imagem do Instagram",,Total,36724,21231,524,25,10,3,6
17951856621130206,17841400074692954,paulistao,Paulistão,"PAULINHO ESTÁ DE VOLTA! 
Mais de 300 dias depois, o camisa 10 do Verdão vai disputar o Clássico da Saudade! 
#FutebolPaulista #Palmeiras",18,"05/02/2026 13:58",https://www.instagram.com/reel/DX2bIxjJiGu/,"Reel do Instagram",,Total,102262,73871,8777,151,1,61,58
18021808175658123,17841400074692954,paulistao,Paulistão,"UM GOL PARA A HISTÓRIA!
Ryan subiu mais que a marcação para garantir o acesso para o Penapolense!
#PaulistãoA4Rivalo",19,"05/02/2026 14:08",https://www.instagram.com/reel/DX2c3VLij-q/,"Reel do Instagram",,Total,48641,31018,1163,96,11,28,13
17869534077615219,17841400074692954,paulistao,Paulistão,"AVISA LÁ QUE É DELE!
Senhoras e senhores: Ryan! Autor do gol do acesso do Penapolense e #CraqueDoJogoRivalo!
#PaulistãoA4Rivalo 
📷Rafael Assunção/Ag. Paulistão",0,"05/02/2026 14:16",https://www.instagram.com/p/DX2dzLvH_qg/,"Imagem do Instagram",,Total,22319,11858,459,11,2,22,3
18124531147619634,17841400074692954,paulistao,Paulistão,"MAIS UM PONTO!
Botafogo fica na igualdade contra o Náutico.
#PaulistasEmCampo
📷João Victor Menezes de Souza/Ag. Botafogo",0,"05/02/2026 14:24",https://www.instagram.com/p/DX2eyHWH5u4/,"Imagem do Instagram",,Total,14798,8428,151,4,0,4,0
18578931511034311,17841400074692954,paulistao,Paulistão,"PRA CIMA, NETUNO! 🔱
O Água Santa leva a melhor pra cima da Portuguesa-RJ!
#PaulistasEmCampo
📷Alan Silva/Divulgação/Água Santa",0,"05/02/2026 14:26",https://www.instagram.com/p/DX2e8WPn3VA/,"Imagem do Instagram",,Total,16037,9715,154,6,0,3,1
18155925433456973,17841400074692954,paulistao,Paulistão,"“Não tem como ganhar de um time unido.”🔥
Craque do Jogo Rivalo e autor do gol do acesso, Ryan falou sobre a sensação de estar fazendo história com o elenco do Penapolense. #PaulistãoA4Rivalo",15,"05/02/2026 14:32",https://www.instagram.com/reel/DX2fMagJNWz/,"Reel do Instagram",,Total,41420,26247,1234,70,5,52,17
18124245523549825,17841400074692954,paulistao,Paulistão,"FINAL DEFINIDA!
Com o acesso garantido, Inter de Bebedouro e Penapolense vão em busca do próximo passo: o título do Paulistão A4 Rivalo 2026!
#PaulistãoA4Rivalo",0,"05/02/2026 14:39",https://www.instagram.com/p/DX2gcIiHxye/,"Imagem do Instagram",,Total,50907,25372,1496,99,5,37,14
17996140148771411,17841400738755454,baamaia,"Bárbara Maia 🧿","CASA CHEIA!",46,"05/02/2026 14:59",https://www.instagram.com/reel/DX2iit2x6hu/,"Reel do Instagram",,Total,81065,56475,5038,206,10,302,0
18088513004602165,17841400074692954,paulistao,Paulistão,"É GOL DO PEIXÃO NO ALLIANZ PARQUE! 
Rollheiser abre o placar no Clássico da Saudade! 
#FutebolPaulista #Santos",44,"05/02/2026 15:03",https://www.instagram.com/reel/DX2jApVJ0Fu/,"Reel do Instagram",,Total,220504,140695,10104,613,71,356,105
17915042043369049,17841400074692954,paulistao,Paulistão,"DA-LHE, BUGRE!
Guarani marca nos acréscimos do segundo tempo e fica com a vitória pra cima do Santa Cruz!
#PaulistasEmCampo
📷Raphael Silvestre/Guarani",0,"05/02/2026 15:08",https://www.instagram.com/p/DX2jwn3CZbj/,"Imagem do Instagram",,Total,25976,15230,568,33,2,11,2
18097695331841211,17841401651676045,afeoficial,"Ferroviária SAF","A comemoração de um acesso que tem, por grande mérito, parte de crias da base. Esses sabem o que é ser e viver a Ferroviária!

📸 Vinicius Silva e Guilherme Moro/Ferroviária SAF",0,"05/02/2026 15:10",https://www.instagram.com/p/DX2j_WvjoYJ/,"Carrossel do Instagram",,Total,105776,37848,2157,7,2,3,0
18089212415601130,17841400074692954,paulistao,Paulistão,"DEFENDEEEEEEEEU BRAZÃO!
OLHA A DEFESA DO GOLEIRO DO PEIXÃO PARA EVITAR O EMPATE 😱
#PaulistasEmCampo",8,"05/02/2026 15:15",https://www.instagram.com/reel/DX2kjFaJ9_F/,"Reel do Instagram",,Total,108941,62406,2045,115,4,11,17
17947663959157244,17841400074692954,paulistao,Paulistão,"GABIGOL E ROLLHEISER! 
A dupla do Peixão fez a festa após o gol! 
#FutebolPaulista #Santos",9,"05/02/2026 15:27",https://www.instagram.com/reel/DX2k_V6p5mE/,"Reel do Instagram",,Total,135201,91852,7423,53,17,55,63
18101707249976616,17841400074692954,paulistao,Paulistão,"SÓ TAPA! 
O Santos quase marca o segundo no Allianz Parque! 
#FutebolPaulista #Santos",13,"05/02/2026 15:48",https://www.instagram.com/reel/DX2oJUStDnk/,"Reel do Instagram",,Total,272394,157094,6546,60,5,38,46
18103106965771375,17841400074692954,paulistao,Paulistão,"NAQUELE CLIMA!
APÓS O EMPATE, O @flacolopez_10 JÁ PUXOU A TORCIDA 🔥
#PaulistasEmCampo",6,"05/02/2026 16:01",https://www.instagram.com/reel/DX2pqmMtqkA/,"Reel do Instagram",,Total,74263,44938,3403,25,1,27,16
18170029327418885,17841400074692954,paulistao,Paulistão,"VEIO AÍ!
O Noroeste vence a primeira na Série D!
#PaulistasEmCampo
📷Douglas Moreti/Noroeste",0,"05/02/2026 16:10",https://www.instagram.com/p/DX2q197DvrO/,"Imagem do Instagram",,Total,51834,29289,1988,41,8,26,11
18071263529309873,17841400738755454,baamaia,"Bárbara Maia 🧿","FIM DA ESPERA!

Depois de 10 meses afastado, Paulinho entra em campo novamente.

#palmeiras #paulinho #paulistao #brasileirao",51,"05/02/2026 16:10",https://www.instagram.com/reel/DX2qwzQRgpr/,"Reel do Instagram",,Total,96218,71095,6376,46,6,57,0
18129243670604650,17841400074692954,paulistao,Paulistão,"CLÁSSICO EM IGUALDADE!
Palmeiras e Santos ficaram empatados no Allianz Parque.
#PaulistasEmCampo
📷Cesar Greco/Palmeiras",0,"05/02/2026 16:31",https://www.instagram.com/p/DX2tSZIDSBF/,"Imagem do Instagram",,Total,41901,25104,1117,94,1,73,6
18097751398924945,17841400074692954,paulistao,Paulistão,"É O LEÃO!
A Inter de Limeira consegue os três pontos na Série C!
#PaulistasEmCampo
📷Sérgio Luís/Confiança",0,"05/02/2026 16:59",https://www.instagram.com/p/DX2whKBFH56/,"Imagem do Instagram",,Total,21400,13198,295,7,3,12,3
17961899181080964,17841400074692954,paulistao,Paulistão,"PONTINHO LÁ!
O XV de Piracicaba volta do Rio de Janeiro com o empate.
#PaulistasEmCampo
📷Jhonathan Jeferson/Sampaio Corrêa",0,"05/02/2026 17:01",https://www.instagram.com/p/DX2wsN5HwX5/,"Imagem do Instagram",,Total,17423,10374,291,3,1,5,1
18072950642659433,17841400074692954,paulistao,Paulistão,"LUSA NO TOPO!
Portuguesa vence o Madureira e assume a liderança do Grupo 13 na Série D!
#PaulistasEmCampo
📷Victor Bessa/Portuguesa",0,"05/02/2026 17:08",https://www.instagram.com/p/DX2xk75D9b7/,"Imagem do Instagram",,Total,23087,13149,672,5,1,20,5
18072771851294010,17841454473375442,ulissescostatv,"ULISSES TV","HISTÓRIA EMOCIONANTE! 🥹⚽️

@ryanhenrique_01, herói da classificação do @penapolenseoficial para a grande final do Paulistão A4, conversou com a @ulissescostatv e contou sobre a sua história e a grande vontade de ser jogador de futebol.

🎙️ Narração: @brunoscaciotti 
🎤 Reportagem: @brunopuzzovio 

#penapolense #futebol #paulistao #campeonatopaulista #ulissestv",145,"05/02/2026 17:13",https://www.instagram.com/reel/DX2xzSBu4e6/,"Reel do Instagram",,Total,33298,23376,1595,109,21,68,0
18107595985728982,17841400074692954,paulistao,Paulistão,"Sábado invicto para o #FutebolPaulista.
#PaulistasEmCampo",0,"05/02/2026 17:22",https://www.instagram.com/p/DX2zIqCABt9/,"Imagem do Instagram",,Total,66873,42161,1177,40,7,13,17
18130823575500059,17841400074692954,paulistao,Paulistão,"PEIXÃO NAS PENALIDADES!
No dia 3 de maio de 2015, o Santos superava o Palmeiras e conquistava mais um título do Paulistão!
#BaúDoPaulistão",0,"05/03/2026 04:00",https://www.instagram.com/p/DX32-DyDi_r/,"Imagem do Instagram",,Total,115890,62293,3926,87,21,104,63
17963626863079951,17841400074692954,paulistao,Paulistão,"PARA ENCERRAR A RODADA!
Cinco jogos fecham a terceira rodada do Paulista Sub-23 Segunda Divisão nesse domingo!
#PaulistaSub23SegundaDivisão",0,"05/03/2026 04:00",https://www.instagram.com/p/DX32-nwjqFr/,"Imagem do Instagram",,Total,18231,10899,212,5,0,4,2
18099703460100961,17841400074692954,paulistao,Paulistão,"TIMÃO CAMPEÃO INVICTO!
Com uma vitória por 3 a 1, o Corinthians se consagrou campeão paulista em cima do Santos com um empate no jogo da volta!
#BaúDoPaulistão",0,"05/03/2026 04:30",https://www.instagram.com/p/DX36YNTjEv3/,"Imagem do Instagram",,Total,71168,38190,3746,48,3,37,48
18066272663370724,17841400074692954,paulistao,Paulistão,"A EMOÇÃO DO APITO FINAL!
O Penapolense conquistou o acesso no Paulistão A4 Rivalo!
#PaulistãoA4Rivalo",28,"05/03/2026 04:38",https://www.instagram.com/reel/DX4AbB6kyit/,"Reel do Instagram",,Total,21830,16036,533,43,11,9,4
18097107646896212,17841400074692954,paulistao,Paulistão,"DOMINGÃO DAQUELE JEITO!
Tem duelo paulista no @brasileirao e na Série C! 
#FutebolPaulista #PaulistasEmCampo",0,"05/03/2026 06:00",https://www.instagram.com/p/DX4EsZWE0yM/,"Imagem do Instagram",,Total,38083,22208,844,16,2,5,11
18344071012245403,17841454473375442,ulissescostatv,"ULISSES TV","O GOL DO ACESSO DO @penapolenseoficial! 🏆

@ryanhenrique_01 acreditou na jogada, subiu mais alto do que a defesa do São Caetano e testou firme para o fundo do gol.

🎙️ @brunoscaciotti 

#penapolense #paulistao #campeonatopaulista #ulissestv",102,"05/03/2026 06:35",https://www.instagram.com/reel/DX4Nk3xxzbo/,"Reel do Instagram",,Total,54986,40534,824,16,8,23,0
17873357424603331,17841401009444456,tntsportsbr,"TNT Sports Brasil","ALLAN ➡️ ANDREAS PEREIRA ➡️ FLACO LÓPEZ! ⚽️🐷 #FutebolBrasileiro #Brasileirão

📹: @spydersbr",15,"05/03/2026 10:10",https://www.instagram.com/reel/DX4mdinxXUs/,"Reel do Instagram",,Total,388216,263839,9212,120,0,107,0
18078980705562248,17841400074692954,paulistao,Paulistão,"HORA DOS RESULTADOS!
Se liga só como terminaram as partidas da terceira rodada do Paulista Sub-23 Segunda Divisão.
#FutebolPaulista",0,"05/03/2026 13:35",https://www.instagram.com/p/DX499obHzZJ/,"Imagem do Instagram",,Total,26672,14857,422,12,3,9,2
18063080969416950,17841400074692954,paulistao,Paulistão,"Nada de gols para Nova Iguaçu e Velo Clube pela Série D.
#PaulistasEmCampo
📷Vinicius Gentil/Divulgação/Velo Clube",0,"05/03/2026 14:20",https://www.instagram.com/p/DX5DHxCHyTg/,"Imagem do Instagram",,Total,13517,8027,153,4,0,2,0
17979353801990699,17841400074692954,paulistao,Paulistão,"São Paulo sofre gol nos acréscimos e fica no empate contra o Bahia.
#PaulistrasEmCampo
📷Rafael Rodrigues/Bahia",0,"05/03/2026 14:21",https://www.instagram.com/p/DX5DOGHn1rn/,"Imagem do Instagram",,Total,17284,10685,310,19,0,12,4
18077383709545269,17841400074692954,paulistao,Paulistão,"OLHA O TIGRE AÍ!
São Bernardo freia a sequencia positiva da Ponte Preta e segue na disputa pelo topo da Série B!
#PaulistasEmCampo
📷Janes Carvalho/Divulgação/São Bernardo",0,"05/03/2026 14:23",https://www.instagram.com/p/DX5DbwPn_YD/,"Imagem do Instagram",,Total,23271,14355,469,21,0,14,6
18113010250837298,17841400074692954,paulistao,Paulistão,"ACELERA, LOCOMOTIVA!
A Ferroviária vence a primeira na Série C!
#PaulistasEmCampo
📷Guilherme Moro/Ferroviária",0,"05/03/2026 15:07",https://www.instagram.com/p/DX5IhWyGjxv/,"Imagem do Instagram",,Total,20838,12713,413,7,0,11,1
17986083755816012,17841400074692954,paulistao,Paulistão,"DE VIRADA!
Red Bull Bragantino busca o resultado na Arena Condá e soma mais três pontos no Brasileirão!
#PaulistasEmCampo
📷Ari Ferreira/Red Bull Bragantino",0,"05/03/2026 16:51",https://www.instagram.com/p/DX5UbVKmBUr/,"Imagem do Instagram",,Total,30228,18634,924,5,7,8,3
17947834602168260,17841400074692954,paulistao,Paulistão,"DEVER DE CASA!
No duelo paulista do domingo, o Mirassol leva a melhor e vence o Corinthians no Maião!
#PaulistasEmCampo
📷JP Pinheiro/Ag. Mirassol",0,"05/03/2026 18:37",https://www.instagram.com/p/DX5gjBNDVnP/,"Imagem do Instagram",,Total,32059,18357,823,100,0,55,9
18142357285508086,17841400074692954,paulistao,Paulistão,"FIM DE JOGO ELETRIZANTE!
Em um confronto de seis gols, Novorizontino vê Avaí marcar no último lance e fica no empate com a equipe catarinense.
#PaulistasEmCampo
📷Ozzair Junior/Novorizontino",0,"05/03/2026 18:53",https://www.instagram.com/p/DX5iSi6CYrQ/,"Imagem do Instagram",,Total,17463,10242,196,3,0,2,2
18101377538511738,17841400074692954,paulistao,Paulistão,"Domingo agitado para as equipes do #FutebolPaulista!
#PaulistasEmCampo",0,"05/03/2026 18:55",https://www.instagram.com/p/DX5ilElkS38/,"Imagem do Instagram",,Total,79054,52555,1071,11,5,4,12
18083036810573349,17841400074692954,paulistao,Paulistão,"FESTA NO PALESTRA!🐷🏆
Há 18 anos, a torcida Palmeirense lotou o Palestra
Itália para ver a goleada de 5 a 0 do @palmeiras sobre a Ponte Preta, que garantiu o 22º título Paulista do Verdão.
#FutebolPaulista #BaúDoPaulistão",0,"05/04/2026 05:00",https://www.instagram.com/p/DX6inH1jkZp/,"Imagem do Instagram",,Total,133509,73463,8715,211,20,99,117
18063535010398018,17841400074692954,paulistao,Paulistão,"GALO DE ITU EM CAMPO!
O Ituano vai em busca dos três pontos para chegar nas primeiras posições da Série C!
#FutebolPaulista #PaulistasEmCampo",0,"05/04/2026 06:00",https://www.instagram.com/p/DX6pelFliFB/,"Imagem do Instagram",,Total,10759,6377,90,1,0,0,2
18336078856221491,17841400074692954,paulistao,Paulistão,"Ele voltou três anos depois pra cumprir a promessa do acesso do CAP! 
Luan Carioca agradeceu a todos os familiares e staff do Penapolense e contou sobre a sensação de conseguir o tão sonhado objetivo. #PaulistãoA4Rivalo",33,"05/04/2026 08:00",https://www.instagram.com/reel/DX64gw9lTDY/,"Reel do Instagram",,Total,19043,12478,526,25,4,18,8
17969122926022123,17841400074692954,paulistao,Paulistão,"DEFINIDO!
Confira datas e horários das finais do Paulistão A2 Rivalo!
#PaulistãoA2Rivalo #Juventus #Ferroviária",0,"05/04/2026 08:03",https://www.instagram.com/p/DX68Wd1DXhM/,"Imagem do Instagram",,Total,98793,48429,2863,534,8,302,54
17868097443529155,17841400074692954,paulistao,Paulistão,"TERCEIRA RODADA NA ÁREA!
Se liga nos horários e transmissões da terceira rodada do Paulista Sub-23 Segunda Divisão!
#PaulistaSub23SegundaDivisão",0,"05/01/2026 03:00",https://www.instagram.com/p/DXymf4wFvez/,"Imagem do Instagram",,Total,30050,17620,345,34,2,4,5
