"Identificação do post","Identificação da conta","Nome de usuário da conta","Nome da conta",Descrição,"Duração (s)","Horário de publicação","Link permanente","Tipo de post","Comentário de dados",Data,Visualizações,Alcance,Curtidas,Compartilhamentos,Seguimentos,Comentários,Salvamentos
18104656978770093,17841455066317821,cazetv,CazéTV,"🤩😍🥳🔥 DIA DE SAN-SÃO NA CAZÉTV! CLÁSSICO COM 5 MUNDIAIS, 6 LIBERTADORES E OPEN BAR DE BRASILEIRÃO! A HISTÓRIA VIVA ESTARÁ AO VIVO HOJE COM A GENTE! VEEEEEEEEEEEEEEEEEEEEEEEM! 🫶🫶🫶

#PlanejamentoCazéTV #PaulistãoNaCazéTV #PaulistãoNoYouTube #SãoPaulo #Santos",0,"01/30/2026 19:00",https://www.instagram.com/p/DUKMCT4Dapv/,"Imagem do Instagram","Ocorreu um erro ao computar métricas.",-,,,,,,,
17899865493221977,17841405688144679,rivalobrasil,"Rivalo Brasil","Seleção Rivalo + Melhores Desempenhos em parceria com o @sofascorebr_oficial pela 6ª rodada do Paulista A2 Rivalo 2026! 🏆

A rodada pegou fogo, hein? Arrasta pro lado e vem descobrir! 💥

Obs: Seleção baseada nas Notas Sofascore 📊

#Rivalo #NadaGanhaDaEmoção #JoguecomResponsabilidade +18 #RivaloSofascore",0,"01/30/2026 12:22",https://www.instagram.com/p/DUJehn0gasa/,"Carrossel do Instagram","Ocorreu um erro ao computar métricas.",-,,,,,,,
18000884204890258,17841402951081289,ecsantoandre,"Esporte Clube Santo André","Desafio @rivalobrasil! 😂

No Desafio Rivalo, os jogadores do Santo André encaram uma ação especial que aproxima ainda mais o torcedor andreense do clube.

Cada aposta realizada pelos torcedores dentro da plataforma da Rivalo destina uma quantia para fortalecer ainda mais o Santo André na busca pelo acesso, transformando apoio em investimento direto no futuro do Ramalhão.

📲 Escaneie o QR Code ou acesse:
https://www.rivalo.bet.br/pt/sportsbook?utm_medium=affiliate&referer_redirect=1768919411146

🔞 Aposte com responsabilidade. Proibido para menores de 18 anos.",87,"01/28/2026 04:25",https://www.instagram.com/reel/DUDeS_OkeVQ/,"Reel do Instagram","Ocorreu um erro ao computar métricas.",-,,,,,,,
18121650373566677,17841405688144679,rivalobrasil,"Rivalo Brasil","Seleção Rivalo + Melhores Desempenhos em parceria com o @sofascorebr_oficial pela 5ª rodada do Paulista A2 Rivalo 2026! 🏆

A última rodada foi emocionante! Arrasta pro lado e vem descobrir 💥

Obs: Seleção baseada nas Notas Sofascore 📊

#Rivalo #NadaGanhaDaEmoção #JoguecomResponsabilidade +18 #RivaloSofascore",0,"01/27/2026 11:18",https://www.instagram.com/p/DUBoz88AQ33/,"Carrossel do Instagram","Ocorreu um erro ao computar métricas.",-,,,,,,,
18092379638050261,17841405688144679,rivalobrasil,"Rivalo Brasil","VOCÊ SABIA DESSA CURIOSIDADE? 🤔

Vamos acompanhar todos os comentários, hein? ⬇️

#Rivalo #NadaGanhadaEmocao #JoguecomResponsabilidade +18",0,"01/26/2026 11:39",https://www.instagram.com/p/DT_GdddAW6m/,"Carrossel do Instagram","Ocorreu um erro ao computar métricas.",-,,,,,,,
17999939606853379,17841402338526050,oficialnovorizontino,"Grêmio Novorizontino SAF","🟨⬛️ Segundou! E a Mag11a tá como com nosso artilheiro. 😍🫶🏻

🎥 @ozzair_junior / Novorizontino 

#PaixãoPeloNovorizontino #PraCimaNovorizontino #PaulistãoCasasBahia2026",30,"01/26/2026 04:58",https://www.instagram.com/reel/DT-YLihDXQy/,"Reel do Instagram","Ocorreu um erro ao computar métricas.",-,,,,,,,
18102335674667922,17841400074692954,paulistao,Paulistão,"FECHANDO A RODADA E ABRINDO A SEMANA! 🗣️‼️
Jogo único entre Portuguesa e Guarani nesta segunda de #PaulistãoCasasBahia!",0,"01/26/2026 08:00",https://www.instagram.com/p/DT-oOGZjO3X/,"Imagem do Instagram",,Total,65928,37787,1658,84,3,63,17
18107291716668299,17841401009444456,tntsportsbr,"TNT Sports Brasil","HOJE TEM MAIS PAULISTÃO EXCLUSIVO COM A TNT SPORTS! 🏆🔥 Portuguesa e Guarani duelam pela 5ª rodada do maior estadual do Brasil e você só assiste na TNT e na HBO Max! Assine com o link da BIO! #FutebolBrasileiro #PaulistãoNaTNT #PaulistãoNaHBOMax",0,"01/26/2026 04:00",https://www.instagram.com/p/DT-R4hYkeSD/,"Imagem do Instagram",,Total,368605,202868,4221,40,2,59,0
18111907861655241,17841400074692954,paulistao,Paulistão,"SÁBADO DOS CLÁSSICOS! ⭐☑️
A bola vai rolar para o Dérbi Campineiro 213! Quem leva a melhor no Brinco de Ouro?
#PaulistãoCasasBahia #DérbiCampineiro",0,"01/30/2026 19:30",https://www.instagram.com/p/DUKKjCqEl4X/,"Imagem do Instagram",,Total,64088,38075,1063,17,0,31,6
17880431010457177,17841400074692954,paulistao,Paulistão,"DIA DE SUPERCLÁSSICO CASAS BAHIA! ⚔️
São Paulo e Santos querem somar mais três pontos no Paulistão Casas Bahia. Quem leva a melhor no duelo de hoje, torcedor?
#PaulistãoCasasBahia",0,"01/30/2026 19:05",https://www.instagram.com/p/DUKHkPzEn7p/,"Imagem do Instagram",,Total,98800,57301,5230,254,6,52,34
17959949543901150,17841400074692954,paulistao,Paulistão,"CHEGOU O FINAL DE SEMANA...
Então vem mais uma rodada do Paulistão A3 Rivalo 2026 🤩
#PaulistãoA3Rivalo",0,"01/30/2026 16:00",https://www.instagram.com/p/DUJyTGUlspA/,"Imagem do Instagram",,Total,36076,21719,489,23,0,2,3
18552821227058025,17841400074692954,paulistao,Paulistão,"BORA PARA MAIS UMA!
A 7ª rodada do Paulistão A2 Rivalo tá na área!
#PaulistãoA2Rivalo",0,"01/30/2026 15:30",https://www.instagram.com/p/DUJu3LsEhgD/,"Imagem do Instagram",,Total,39686,24495,544,13,0,2,7
18105972841744473,17841400074692954,paulistao,Paulistão,"SERÁ QUE ALGUÉM ACERTOU?
O @senaitalo garantiu a resenha com os torcedores do Verdão no pré-jogo! Você assiste o vídeo completo direto no YouTube do @paulistao.
#RolêAleatório",77,"01/30/2026 15:00",https://www.instagram.com/reel/DUJsENSEmXU/,"Reel do Instagram",,Total,325340,237880,5229,1716,5,171,108
18089525921016410,17841400074692954,paulistao,Paulistão,"QUE HONRA, NÉ, ARÃO?!
O jogador do Santos falou sobre o sentimento de vestir a camisa que tantos ídolos já vestiram. E tem mais um JOGÃO do Peixe vindo aí para ele representar, hein?
#PaulistãoCasasBahia",13,"01/30/2026 14:30",https://www.instagram.com/reel/DUJtK0TlIFm/,"Reel do Instagram",,Total,68245,45600,8168,57,107,111,75
18096215185939205,17841400074692954,paulistao,Paulistão,"A LEI QUE NUNCA FALHA... 👀
O Dérbi Campineiro desse sábado (31) está cheio de ex dos dois lados. Será que alguém vai fazer valer a famosa lei? Você só descobre às 16h na TNT e na HBO Max!
#PaulistãoCasasBahia #DérbiCampineiro",0,"01/30/2026 13:30",https://www.instagram.com/p/DUJhLwZiFMk/,"Imagem do Instagram",,Total,73393,42125,1279,58,3,25,12
18097626356496709,17841400074692954,paulistao,Paulistão,"VEM VOTAR NO CRAQUE DA RODADA!
Quem foi o destaque da 6ª rodada do Paulistão A2 Rivalo? Escolha seu jogador na votação aqui no post!

*A enquete se encerra no sábado (31), às 10h.

#PaulistãoA2Rivalo #CraqueDaRodada",0,"01/30/2026 13:16",https://www.instagram.com/p/DUJjMUKkm3g/,"Imagem do Instagram",,Total,57296,32093,646,323,10,120,5
17938048119000126,17841426196827383,copinha,Copinha,"A COPINHA SIL 2026 FOI DEMAIS!
A maior competição de base do mundo ultrapassou 230 milhões de visualizações nas transmissões e teve crescimento de 40% em 2026!
#CopinhaSil2026",0,"01/30/2026 13:13",https://www.instagram.com/p/DUJkTqHkx7w/,"Imagem do Instagram",,Total,68927,33007,1772,17,0,11,21
18079268057034587,17841400074692954,paulistao,Paulistão,"O ATLETA FAVORITO DOS ÁRBITROS DA FPF!
Fora do futebol, os árbitros do quadro da FPF também encontram esportistas nos quais se inspiram. Vem ver quem são eles!
#FPF #Arbitragem",32,"01/30/2026 13:00",https://www.instagram.com/reel/DUJi6z4lFYS/,"Reel do Instagram",,Total,136022,79983,3394,103,8,116,84
17916033447289122,17841400074692954,paulistao,Paulistão,"TIMÃO DOMINANDO A POSSE DE BOLA! 🔥
Seguido de Santos e São Paulo, o Corinthians é o time com mais posse de bola no Paulistão Casas Bahia!
#PaulistãoCasasBahia",0,"01/30/2026 12:45",https://www.instagram.com/p/DUJb9-jD-CP/,"Imagem do Instagram",,Total,44989,25400,1323,61,0,25,11
18311665684271519,17841400074692954,paulistao,Paulistão,"OS CAMISAS 9️⃣ DO SAN-SÃO! 🤝👀
Calleri e Gabriel Barbosa querem marcar no próximo Superclássico Casas Bahia. Quem leva a melhor nesse duelo de peso que vai rolar no San-São? 
#PaulistãoCasasBahia #SanSão",0,"01/30/2026 12:30",https://www.instagram.com/p/DUJaUgSmLJz/,"Carrossel do Instagram",,Total,130364,64150,7015,128,42,78,46
17851721541623323,17841400074692954,paulistao,Paulistão,"FIM DA SEXTA RODADA!
Vem ver como ficou a classificação do Paulistão A2 Rivalo depois de mais uma rodada!
#PaulistãoA2Rivalo",0,"01/30/2026 12:15",https://www.instagram.com/p/DUJYjCuErBK/,"Imagem do Instagram",,Total,92378,50510,1965,36,11,30,20
18069980090179607,17841400074692954,paulistao,Paulistão,"SÓ TEM UM PROGRAMA POSSÍVEL PARA O SABADÃO... 🗓️👀
Quem não vai assistir ao Dérbi Campineiro é MALUCO! Guarani e Ponte Preta se enfrentam às 16h do sábado (31), AO VIVO na TNT e na HBO Max!
#PaulistãoCasasBahia #DérbiCampineiro",0,"01/30/2026 12:00",https://www.instagram.com/p/DUJW0fijD_K/,"Imagem do Instagram",,Total,35432,19305,776,36,0,37,12
17924302665213298,17841400074692954,paulistao,Paulistão,"O QUE FALTA PARA O BUGRE! 👀
A primeira fase do #PaulistãoCasasBahia está chegando ao fim e o Guarani só tem mais três confrontos nessa etapa!",0,"01/30/2026 11:45",https://www.instagram.com/p/DUJXc5glLUG/,"Imagem do Instagram",,Total,25800,14783,641,18,2,15,3
18078434879521409,17841400074692954,paulistao,Paulistão,"COM DIREITO A SAN-SÃO...
O Santos tá de olho na classificação e tem esses três confrontos na primeira fase.
#PaulistãoCasasBahia",0,"01/30/2026 11:15",https://www.instagram.com/p/DUJSQq-kZGd/,"Imagem do Instagram",,Total,88638,47591,6450,57,5,32,37
18091706839993050,17841400074692954,paulistao,Paulistão,"COMPROMISSOS DO BERNÔ!
Vem conferir quais são os últimos jogos do @saobernardo_fc nesta primeira fase do #PaulistãoCasasBahia 👀",0,"01/30/2026 11:00",https://www.instagram.com/p/DUJP_P0Dti7/,"Imagem do Instagram",,Total,24082,13995,289,11,0,5,3
18143542609466224,17841400074692954,paulistao,Paulistão,"OI, MASSA BRUTA! 
Esses são os últimos três compromissos do Red Bull Bragantino na primeira fase do #PaulistãoCasasBahia!",0,"01/30/2026 10:30",https://www.instagram.com/p/DUJMh7xgHcx/,"Imagem do Instagram",,Total,11950,6865,214,3,0,1,0
17852347746664891,17841400074692954,paulistao,Paulistão,"COM DIREITO A DÉRBI CAMPINEIRO!
A Macaca tem três desafios pela frente no #PaulistãoCasasBahia.",0,"01/30/2026 10:15",https://www.instagram.com/p/DUJKz1hkUNs/,"Imagem do Instagram",,Total,41426,22972,746,12,2,39,8
17925017829213176,17841400074692954,paulistao,Paulistão,"BORA, NORUSCA!
Se liga na caminhada restante para o Noroeste na primeira fase do #PaulistãoCasasBahia",0,"01/30/2026 10:00",https://www.instagram.com/p/DUJJH6tkj9C/,"Imagem do Instagram",,Total,18867,10410,608,17,2,14,0
17978185865972883,17841400074692954,paulistao,Paulistão,"A CAMINHADA DO FANTASMA! 👻
Esses são os confrontos que o Primavera vai enfrentar em busca da classificação no #PaulistãoCasasBahia!",0,"01/30/2026 09:45",https://www.instagram.com/p/DUJHaJXluUp/,"Imagem do Instagram",,Total,43654,23051,966,19,2,30,2
17971737141004564,17841400074692954,paulistao,Paulistão,"A LUSA QUER A PRÓXIMA FASE! 🤩
Se liga na caminhada da Portuguesa em busca da classificação no #PaulistãoCasasBahia!",0,"01/30/2026 09:30",https://www.instagram.com/p/DUJFqxrkjrj/,"Imagem do Instagram",,Total,28413,16260,808,11,1,37,4
18556164412065438,17841400074692954,paulistao,Paulistão,"CAMINHADA DO TRICOLOR! 🇾🇪
Esses são os jogos que São Paulo tem pela frente em busca da classificação no #PaulistãoCasasBahia!",0,"01/30/2026 09:15",https://www.instagram.com/p/DUJD_rGDOao/,"Imagem do Instagram",,Total,101620,53762,8226,87,26,61,49
17958101457049946,17841400074692954,paulistao,Paulistão,"VERDÃO DE OLHO NA CLASSIFICAÇÃO! 🟢⚪
Esses são os confrontos restantes pro Palmeiras na primeira fase do #PaulistãoCasasBahia!",0,"01/30/2026 09:00",https://www.instagram.com/p/DUJCRaQDCzu/,"Imagem do Instagram",,Total,84412,44963,6116,84,2,21,61
18020942117801285,17841400074692954,paulistao,Paulistão,"A RETA FINAL DO LEÃO! 🦁
Faltam três compromissos para o Leão cravar a classificação na próxima fase do #PaulistãoCasasBahia!",0,"01/30/2026 08:45",https://www.instagram.com/p/DUJAhBdDOM1/,"Imagem do Instagram",,Total,15336,9093,243,3,0,1,1
17958448281058369,17841400074692954,paulistao,Paulistão,"FALTAM TRÊS! 🐯
O Novorizontino está voando no Paulistão Casas Bahia e tem mais três duelos pela frente nessa primeira fase!
#PaulistãoCasasBahia",0,"01/30/2026 08:15",https://www.instagram.com/p/DUI9o8kFIyp/,"Imagem do Instagram",,Total,18242,10159,287,6,0,4,0
18081709544192435,17841400074692954,paulistao,Paulistão,"A RETA FINAL DO TIMÃO PROMETE!
E tem Derby decisivo na penúltima rodada da primeira fase!
#PaulistãoCasasBahia",0,"01/30/2026 08:00",https://www.instagram.com/p/DUI-N8njJJn/,"Imagem do Instagram",,Total,60538,31402,5312,20,2,14,50
18131133271458662,17841400074692954,paulistao,Paulistão,"De olho no G8, se liga nos últimos três jogos do Capivariano na primeira fase do Paulistão Casas Bahia!
#PaulistãoCasasBahia",0,"01/30/2026 07:45",https://www.instagram.com/p/DUI9KIOjDsH/,"Imagem do Instagram",,Total,27561,15276,543,41,0,21,10
18393806107194218,17841400074692954,paulistao,Paulistão,"OS ÚLTIMOS TRÊS JOGOS DO PANTERA!
Com dois jogos em casa, o Botafogo vai com tudo na reta final do Paulistão Casas Bahia!
#PaulistãoCasasBahia",0,"01/30/2026 07:33",https://www.instagram.com/p/DUI9Z-HkriO/,"Imagem do Instagram",,Total,34305,18002,810,5,1,26,11
18111154537635054,17841447221036396,spbikedude,"Renan - SP Bike Dude","Histórias dos estádios de SP:

1️⃣ em algumas das fontes relatam que os arquitetos Antonov & Zolnerkevic teriam ascendência russa;
2️⃣ o Club Athlético Paulistano, do Velódromo Paulistano, ainda existe no bairros dos Jardins, mas não como time de futebol;
3️⃣ os jogos anteriores ao da Rua do Gasômetro não seguiram todas as regras do esporte;
4️⃣ o Monumento de Fundação do Corinthians fica na Rua Cônego Martins, 211, Bom Retiro, São Paulo/SP;
5️⃣ a grama da Neo Química Arena é de alta qualidade e precisa de dutos de refrigeração maneiros enterrados sob o gramado para ele se manter em perfeito estado;
6️⃣ muitos especialistas atribuem o sucesso do Allianz Parque como palco para shows ao posicionamento estratégico dentro de São Paulo, sendo de fácil acesso a qualquer modal. Além da estrutura da Arena, claro;
7️⃣ o vídeo do gol mais bonito do Pelé é uma reconstrução feita digitalmente para um documentário;
8️⃣ para nadar na Mercado Livre Arena Pacaembu é preciso agendar horário no app.

#futebol #bike #paulistãocasasbahia #paulistao",89,"01/30/2026 07:24",https://www.instagram.com/reel/DUI7-OZkfCs/,"Reel do Instagram",,Total,1173760,827141,99881,17974,2554,616,0
18111223081634342,17841400074692954,paulistao,Paulistão,"A DUPLA DO TIGRE TÁ QUE TÁ! ⚽🎯
Robson e Rômulo, além de Flaco López, do Palmeiras, são os jogadores que mais participaram de gols no #PaulistãoCasasBahia!",0,"01/30/2026 07:00",https://www.instagram.com/p/DUI0jVRFjAE/,"Imagem do Instagram",,Total,42516,24795,573,24,0,24,6
17911408047295932,17841400074692954,paulistao,Paulistão,"Com Dérbi Campineiro e San-São, chegou a hora da 6ª rodada do Paulistão Casas Bahia!
#PaulistãoCasasBahia",0,"01/30/2026 05:59",https://www.instagram.com/p/DUIylfCkqgr/,"Imagem do Instagram",,Total,213757,119648,4555,225,31,87,91
18073781489376838,17841400074692954,paulistao,Paulistão,"YURI: GOSTO DE FILME DE GUERRA! 🥷
YURI TAMBÉM: VOU FALAR ZOOTOPIA! 🦊

⚠️ Detectamos uma incoerência aqui, ok, @yurialberto? Mas a gente passa pano já que é pela Ysis! 🤣 #PaulistãoCasasBahia #Corinthians #YuriAlberto",37,"01/30/2026 05:00",https://www.instagram.com/reel/DUInUQegRC7/,"Reel do Instagram",,Total,976301,677464,136505,6826,3486,481,3064
18093506764949055,17841400074692954,paulistao,Paulistão,"VAI COMEÇAR O PAULISTÃO A4 RIVALO!
A primeira rodada do #PaulistãoA4Rivalo tá na área! Vem ver os horários e onde assistir aos confrontos 🤩",0,"01/30/2026 03:00",https://www.instagram.com/p/DUIZEyOkvTo/,"Imagem do Instagram",,Total,40222,22096,642,59,3,20,12
18340885006230879,17841400074692954,paulistao,Paulistão,"A vitória da Portuguesa Santista pra cima do União Suzano colocou um ponto final na segunda rodada do Paulistão A Rivalo!
#PaulistãoA3Rivalo",0,"01/29/2026 17:07",https://www.instagram.com/p/DUHaZGNDNV7/,"Imagem do Instagram",,Total,43636,25116,772,12,8,8,10
17987328467944033,17841400074692954,paulistao,Paulistão,"ADIVINHA?
Tem vitória do Mirassol no Brasileirão! De virada, o Leão leva a melhor pra cima do Vasco e soma os primeiros pontos em 2026!
#PaulistasEmCampo
📷JP Pinheiro/Agência Mirassol",0,"01/29/2026 17:04",https://www.instagram.com/p/DUHZ-8Iicb1/,"Imagem do Instagram",,Total,26339,16029,590,24,0,15,2
18087273845167002,17841400074692954,paulistao,Paulistão,"UMA PINTURA DO KEVIN MALTHUS!
UM GOLAÇO DO EC SÃO BERNARDO NO PAULISTÃO A3 RIVALO!
#PaulistãoA3Rivalo",33,"01/29/2026 16:00",https://www.instagram.com/reel/DUHNxJqE1UO/,"Reel do Instagram",,Total,45111,29955,850,14,2,24,7
18113626069622613,17841400074692954,paulistao,Paulistão,"OS TIMES COMO MANDANTES E VISITANTES! 👀🔝
Se a classificação do Paulistão Casas Bahia fosse de acordo com o desempenho das equipes dentro ou fora de casa, como seu time estaria em cada uma das situações?
#PaulistãoCasasBahia",0,"01/29/2026 15:00",https://www.instagram.com/p/DUHGrRkj88S/,"Carrossel do Instagram",,Total,954156,449809,24116,270,385,84,222
18077909093051227,17841400074692954,paulistao,Paulistão,"PONTARIA AFIADA DO CANTARELLI!
O camisa 7 soltou essa bomba para garantir a vitória da Ferroviária no Paulistão A2 Rivalo!
#PaulistãoA2Rivalo",20,"01/29/2026 14:40",https://www.instagram.com/reel/DUHEhBxjUdp/,"Reel do Instagram",,Total,37893,26142,416,13,5,4,9
18102387766883456,17841400149300979,eogarcialucas,"Lucas Garcia","Quantos jogadores do @paulistao você acertou? #futebol #campeonatopaulista",130,"01/29/2026 14:14",https://www.instagram.com/reel/DUHGInRAdmN/,"Reel do Instagram",,Total,64456,48330,3119,73,81,22,0
17961972762040975,17841400074692954,paulistao,Paulistão,"O GOLAÇO DA VITÓRIA DO SÃO JOSÉ!
Rikelmi caprichou na jogada e fez um lindo gol para a Águia do Vale no Paulistão A2 Rivalo!
#PaulistãoA2Rivalo",37,"01/29/2026 13:30",https://www.instagram.com/reel/DUG_VTOjd-0/,"Reel do Instagram",,Total,58280,36801,1475,57,5,29,13
17963266994886299,17841400074692954,paulistao,Paulistão,"Pelas Lentes do Paulistão com Breno Bidon, o filho do Terrão que está jogando muito e caiu nas graças da Fiel. O episódio completo está disponível no YouTube do @paulistao.
#PaulistãoCasasBahia",49,"01/29/2026 13:00",https://www.instagram.com/reel/DUG5eC7iAd0/,"Reel do Instagram",,Total,52218,38196,8105,70,9,23,99
18103545478828577,17841400074692954,paulistao,Paulistão,"QUAL É O CLÁSSICO QUE O FERREIRINHA MAIS GOSTA DE JOGAR ?
São Paulo e Santos se enfrentam às 20h30 do sábado (31), AO VIVO na Cazé TV, Record e HBO Max!
#PaulistãoCasasBahia",6,"01/29/2026 12:15",https://www.instagram.com/reel/DUG40kSlQEn/,"Reel do Instagram",,Total,434346,224753,25085,954,293,280,253
18057299126359691,17841400074692954,paulistao,Paulistão,"E SE JÁ ESTIVÉSSEMOS NO MATA-MATA? 😱🧐
Ainda faltam três rodadas para o fim da primeira fase, mas e se ela acabasse agora, como estaria seu time? 👀
#PaulistãoCasasBahia",0,"01/29/2026 12:00",https://www.instagram.com/p/DUGyHAgjX_p/,"Carrossel do Instagram",,Total,32776,11448,503,60,0,9,12
18078616394039286,17841400074692954,paulistao,Paulistão,"JÁ QUE HOJE É #TBT... 💭
O Yuri Alberto relembrou a festa corinthiana no título do ano passado! Será que o bicampeonato vem aí? 🤩🏆 #PaulistãoCasasBahia #Corinthians #Itaipava",28,"01/29/2026 11:24",https://www.instagram.com/reel/DUGy7L1EVFn/,"Reel do Instagram",,Total,31430,23332,2532,19,1,22,67
18107684926753927,17841424625237824,tanabiesporteclubesaf,"Tanabi Esporte Clube - SAF","Até um tamanduá apareceu no estádio… sinal de que a ansiedade pela estreia já tomou conta de todo mundo! 🐜⚽

Dia 31/01, às 15h, é dia de apoiar o Tanabi na retirada do animal com total segurança.  #TanabiSAF #PauilistãoA4Rivalo. 📸 @jonatascs1624",27,"01/29/2026 10:09",https://www.instagram.com/reel/DUGqW5_kZvs/,"Reel do Instagram",,Total,34076,23007,818,141,3,18,0
18056869325372430,17841400074692954,paulistao,Paulistão,"AGUARDE LO PROCESITO!
O @senaitalo estava impossível no Choque-Rei😅😅
#PaulistãoCasasBahia #ChoqueRei",34,"01/29/2026 10:04",https://www.instagram.com/reel/DUGp0cQDBU3/,"Reel do Instagram",,Total,1038270,709585,98232,4218,1403,309,1746
18205509511320346,17841400074692954,paulistao,Paulistão,"NO ALVO! 🎯⚽
Renê, da Portuguesa, lidera o ranking dos jogadores que mais finalizaram no campeonato até aqui!
#PaulistãoCasasBahia",0,"01/29/2026 09:00",https://www.instagram.com/p/DUGddO2DLw5/,"Imagem do Instagram",,Total,38627,20803,918,58,0,14,5
17846337735674599,17841464610506627,edsonjuca30,"Edson Jucá","Campeonato Paulista 2026 #corridadetampinha",98,"01/29/2026 07:32",https://www.instagram.com/reel/DUGYe3gjcHy/,"Reel do Instagram",,Total,800715,630996,47478,26265,541,3911,0
18116802823610037,17841400074692954,paulistao,Paulistão,"OS GARÇONS DO PAULISTÃO CASAS BAHIA!
Flaco López e Rômulo lideram o ranking de assistências! 
#PaulistãoCasasBahia",0,"01/29/2026 07:30",https://www.instagram.com/p/DUGTxCRFt8q/,"Imagem do Instagram",,Total,110017,64291,5195,69,3,16,33
17853819258617553,17841400074692954,paulistao,Paulistão,"PARA FECHAR!
Portuguesa Santista e União Suzano fazem o único jogo da quinta-feira pelo #PaulistãoA3Rivalo.",0,"01/29/2026 07:00",https://www.instagram.com/p/DUGPuzkDDE3/,"Imagem do Instagram",,Total,12856,7747,125,2,2,1,2
18092926282952944,17841400074692954,paulistao,Paulistão,"DIA DE LEÃO NO @brasileirao!
O Mirassol estreia em casa contra o Vasco na primeira rodada!
#PaulistasEmCampo",0,"01/29/2026 05:00",https://www.instagram.com/p/DUGB_9gEm2P/,"Imagem do Instagram",,Total,17181,10098,287,3,0,1,0
18079556273256809,17841403050623978,ademir_divino,"Ademir Da Guia - Oficial","⚽🏆 Neste sábado, dia 31, estarei presente no Assaí Ribeirão Preto para um momento especial com o futebol paulista.

Durante a exposição da taça oficial do Campeonato Paulista, estarei como convidado especial, das 14h às 15h30, para fotos, conversas e boas histórias do futebol.

📍 Av. Pres. Castelo Branco, 50 – Ribeirão Preto",16,"01/29/2026 03:55",https://www.instagram.com/reel/DUF_gUqjmhM/,"Reel do Instagram",,Total,24111,16941,1019,99,8,37,0
17953365600063543,17841400074692954,paulistao,Paulistão,"Se liga que os resultados estão na área! Hora de ver como os paulistas foram no primeiro dia de Brasileirão 2026.
#PaulistasEmCampo",0,"01/28/2026 18:40",https://www.instagram.com/p/DUFAMCaCbOn/,"Imagem do Instagram",,Total,101099,54276,3806,270,0,84,33
18011054342821071,17841400074692954,paulistao,Paulistão,"DE VIRADA!
São Paulo busca o resultado diante do Flamengo e garante os três pontos no MorumBIS!
#PaulistasEmCampo
📷Paulo Pinto/São Paulo",0,"01/28/2026 18:38",https://www.instagram.com/p/DUE_8v0DgVr/,"Imagem do Instagram",,Total,43912,26231,2687,260,6,53,9
18053304302428381,17841400074692954,paulistao,Paulistão,"Ponto final na sexta rodada do Paulistão A2 Rivalo! Vamos aos resultados desta quarta-feira.
#PaulistãoA2Rivalo",0,"01/28/2026 17:11",https://www.instagram.com/p/DUE1-bYjog5/,"Imagem do Instagram",,Total,28116,16683,481,15,2,19,1
18122679349492841,17841400074692954,paulistao,Paulistão,"Jogando na Vila Belmiro, o Corinthians não conseguiu pontuar no primeiro jogo do Brasileirão 2026.
#PaulistasEmCampo 
📷Rafael Rodrigues/Bahia",0,"01/28/2026 17:09",https://www.instagram.com/p/DUE1yE2lned/,"Imagem do Instagram",,Total,48336,27660,1447,239,1,83,8
18093024601982677,17841400074692954,paulistao,Paulistão,"Fim de jogo na Arena Condá. O Santos foi superado na estreia do Brasileirão.
#PaulistasEmCampo
📷Raul Baretta/Santos",0,"01/28/2026 17:02",https://www.instagram.com/p/DUE0_gwjfHS/,"Imagem do Instagram",,Total,39409,22053,1130,257,1,69,4
18145905787457808,17841400074692954,paulistao,Paulistão,"Sete jogos movimentaram a segunda rodada do Paulistão A3 Rivalo! Se liga nos resultados de hoje.
#PaulistãoA3Rivalo",0,"01/28/2026 16:50",https://www.instagram.com/p/DUEzljpD9-M/,"Imagem do Instagram",,Total,31336,17822,528,28,1,16,3
18077607497344251,17841401651676045,afeoficial,"Ferroviária SAF","QUE GOLAÇOOOO!!! Cantarelli acerta um lindo chute e abre o placar para a Ferroviária! 1 a 0 fora de casa!

#Ferroviária | #Araraquara | #PaulistaA2 

📽 Felipe Cardoso/Ferroviária SAF",9,"01/28/2026 16:29",https://www.instagram.com/reel/DUEw8gjjOnD/,"Reel do Instagram",,Total,35151,18833,769,45,1,18,0
17899619049224982,17841400074692954,paulistao,Paulistão,"MENINOOOOOO!
O camisa 25 não tá pra brincadeira! Pega só o golaço pra cima da Chape.
#PaulistasEmCampo 
🎥Premiere",7,"01/28/2026 16:16",https://www.instagram.com/reel/DUEvqgalYuV/,"Reel do Instagram",,Total,235840,120031,6716,552,11,69,52
18054697088415003,17841400074692954,paulistao,Paulistão,"É O MASSA BRUTA!
Com um gol no apagar das luzes, Red Bull Bragantino garante a primeira vitória no Brasileirão 2026!
#PaulistasEmCampo
📷Ari Ferreira/Red Bull Bragantino",0,"01/28/2026 16:05",https://www.instagram.com/p/DUEubsFki3W/,"Imagem do Instagram",,Total,23839,14593,490,5,0,9,0
17978606087798809,17841400074692954,paulistao,Paulistão,"IGUALDADE NO MARCADOR!
Em um confronto de quatro gols, Atlético-MG e Palmeiras acabaram empatados.
#PaulistasEmCampo
📷Pedro Souza/Atlético",0,"01/28/2026 16:03",https://www.instagram.com/p/DUEuP2KElHy/,"Imagem do Instagram",,Total,21669,12626,399,8,0,3,5
18053583203430193,17841400074692954,paulistao,Paulistão,"É DELE DE NOVO! 👨🏻‍🦲⭐
Carlão foi escolhido por vocês como o Craque da 5ª Rodada do #PaulistãoCasasBahia!
#CraqueDaRodada #7kBet",22,"01/28/2026 14:30",https://www.instagram.com/reel/DUEetsjCPeX/,"Reel do Instagram",,Total,25607,20004,358,4,0,4,1
17914551180276856,17841405287009377,assaiatacadistaoficial,"Assaí Atacadista","A Taça Oficial do Campeonato Paulista vai estar no Assaí Ribeirão Preto! ⚽🏆
Teremos ativações, brindes e uma tarde especial de autógrafos e fotos com o Divino,
Ademir da Guia. Então anota aí:

📅 31/01 (sábado)
🕙 Das 10h às 18h
📍 Assaí Ribeirão Preto – Castelo Branco | Av. Pres. Castelo Branco, 50 – Jardim Castelo Branco, 14091-285

Venha viver uma experiência de campeão!
Pensou futebol, pensou Assaí!",0,"01/28/2026 14:12",https://www.instagram.com/p/DUEhk70Fi_H/,"Imagem do Instagram",,Total,123189,81358,479,103,6,11,0
18075000089079019,17841400074692954,paulistao,Paulistão,"CONFRONTOS DEFINIDOS!
A primeira e a segunda fases da @copadobrasilcbf foram definidas, então bora conferir os confrontos e já preparar a torcida pelo #FutebolPaulista!
#PaulistasEmCampo",0,"01/28/2026 14:04",https://www.instagram.com/p/DUEgeLjkvug/,"Carrossel do Instagram",,Total,122742,57981,2190,108,7,31,39
18089203766018882,17841461375852191,juventussaf,"Juventus SAF","O gol de empate do Juve, no fim da partida 🇱🇻

Com o ponto conquistado, o Moleque Travesso chega a 11 pontos na competição e segue entre os primeiros colocados.",8,"01/28/2026 14:00",https://www.instagram.com/reel/DUEgGIIDahd/,"Reel do Instagram",,Total,12724,7323,484,11,1,5,0
18354145699204150,17841400074692954,paulistao,Paulistão,"O ARTILHEIRO DOS GOLAÇOS! 🤩‼️
Vocês votaram e escolheram esse gol do Robson como o Golaço da 5ª Rodada do #PaulistãoCasasBahia. É o Robgol!
#GolaçoDaRodada #Betano",43,"01/28/2026 14:00",https://www.instagram.com/reel/DUEbVkgj7Oo/,"Reel do Instagram",,Total,57283,40543,900,25,1,12,4
18390365455196996,17841400074692954,paulistao,Paulistão,"Aiiiii Paulistãozinhooooooo
Corre lá no YouTube do @paulistao para conferir o Rolê Aleatório com Ítalo Sena! Link nos stories!
#PaulistãoCasasBahia",11,"01/28/2026 13:39",https://www.instagram.com/reel/DUEdpFWki3X/,"Reel do Instagram",,Total,353487,222284,3656,165,17,42,70
18381955762152085,17841400074692954,paulistao,Paulistão,"CARLÃO É O CRAQUE DA 5ª RODADA!
O 9 do Norusca foi eleito por vocês como o destaque da 5ª rodada do Paulistão Casas Bahia!
#PaulistãoCasasBahia #CraqueDaRodada #7kBet",0,"01/28/2026 13:30",https://www.instagram.com/p/DUEXk3pE7VT/,"Imagem do Instagram",,Total,25924,14764,620,39,1,32,0
18072899168389684,17841400074692954,paulistao,Paulistão,"E se o Paulistão Casas Bahia fosse de Lego? 😅
#PaulistãoCasasBahia #LegoDay #DiaInternacionalDoLego",0,"01/28/2026 13:00",https://www.instagram.com/p/DUEUMnnDiXp/,"Imagem do Instagram",,Total,88727,44110,7526,174,57,37,204
18057507677665462,17841400074692954,paulistao,Paulistão,"TEM NOVIDADE NA ÁREA! 👀🚀
Rodriguinho e Volpi aterrissam no #PaulistãoCasasBahia para reforçar o Massa Bruta!
#Latam",0,"01/28/2026 12:30",https://www.instagram.com/p/DUERVatkmEv/,"Imagem do Instagram",,Total,27191,15005,445,4,2,3,2
18091339622284030,17841400074692954,paulistao,Paulistão,"O CHOQUE-REI VISTO DE TODAS AS FORMAS! 🏟️👀
Atrás dos gols, na lateral do campo, nas arquibancadas… Vem viver um dia de Palmeiras e São Paulo na Arena Barueri! 
#PaulistãoCasasBahia #Aurora #POV",78,"01/28/2026 12:18",https://www.instagram.com/reel/DUEKjaFESUT/,"Reel do Instagram",,Total,19273,13974,412,1,1,6,7
18005136302843739,17841429857362439,paulistaof,"Paulistão F","AGUENTA, CORAÇÃO!
A DECISÃO DA COPA DAS CAMPEÃS DA FIFA SERÁ ENTRE CORINTHIANS E ARSENAL 🔥😱
#ElasEmCampo",0,"01/28/2026 12:04",https://www.instagram.com/p/DUESypYEy7s/,"Imagem do Instagram",,Total,60150,33594,4214,151,7,46,51
18095209057757574,17841400074692954,paulistao,Paulistão,"QUE TAL ESSA CONTRAUTAÇÃO? 😍🐶
Com 3 anos de pura fofura, o Victor procura um lar para chamar de seu! Ele tem porte médio a grande e já está castrado e vacinado! Além disso, ele é super brincalhão e adora os passeios: pura alegria e energia para jogar bola com você! Ah, e se você tem outros pets não se preocupe, o Victor convive super bem com outros animais e pode completar o seu elenco!
Adote o Victor no @bichosdogueto!
#PaulistãoCasasBahia #Pedigree",0,"01/28/2026 12:00",https://www.instagram.com/p/DUENSALkhRM/,"Imagem do Instagram",,Total,51346,25247,1507,101,1,18,18
17876729847471702,17841405393450249,ecsaobernardo,"Esporte Clube São Bernardo","GOOOOOOOOOOOOOOOOLAAAAAAAAAAAAAAAAAAAAAAAAAAAAAÇOOOOOOOOOOOOOOOOOO!!!!!!!!!!! KEVIN MALTHUS, EM UM VOLEIO INCRÍVELLLLLLLLLLLLLLLLLLLLLL, MARCA O SEGUNDO DO ESPORTE CLUBE SÃO BERNARDOOO!!!!!!!!!!!!!!!!!!!!!! VAAAAAAAMOOOOOOOOOSSSSSSSSSSSSSSSSSSSS!!!!!!!!!!!!!!!!!!!!!

#ECSãoBernardo #PaulistãoA3Rivalo #Cachorrão

📷 @eudefotografo",28,"01/28/2026 11:31",https://www.instagram.com/reel/DUEPBkJDgxQ/,"Reel do Instagram",,Total,801630,607869,81141,6022,283,139,0
17851169613624704,17841400074692954,paulistao,Paulistão,"YURI ALBERTO NO MODO DESENHISTA! ✍️🎨
Será que Matheuzinho e Hugo Souza acertaram o jogador? 🤣🤣🤣 #PaulistãoCasasBahia #Corinthians",69,"01/28/2026 10:48",https://www.instagram.com/reel/DUEKCpPEbsl/,"Reel do Instagram",,Total,1174197,685100,82012,1841,275,592,1376
17978774657797702,17841400074692954,paulistao,Paulistão,"Então esse é o motivo...🐧🏆
#PaulistãoCasasBahia",0,"01/28/2026 09:54",https://www.instagram.com/p/DUED9JRD4li/,"Imagem do Instagram",,Total,83056,42043,8450,186,12,44,79
17988768587766552,17841400074692954,paulistao,Paulistão,"QUE FAAAASE DO MASSA BRUTA! 🔥
O Red Bull Bragantino é o time que está há mais jogos sem sofrer gols NO MUNDO! 
🗞️@sofascorebr_oficial
#PaulistãoCasasBahia #FutebolPaulista",0,"01/28/2026 07:00",https://www.instagram.com/p/DUDq9qOkqfX/,"Imagem do Instagram",,Total,55243,30761,1217,54,0,18,12
18158750887421920,17841429857362439,paulistaof,"Paulistão F","PRÓXIMA PARADA: FINAL!
AS BRABAS DOMINARAM LONDRES E CHEGARAM NA DECISÃO DO MUNDIAL!
#ElasEmCampo",0,"01/28/2026 06:38",https://www.instagram.com/p/DUDtdtbEqQ3/,"Imagem do Instagram",,Total,51615,32038,3094,100,8,40,21
18039805301733662,17841400074692954,paulistao,Paulistão,"TODOS OS SENTIMENTOS EM DOIS MINUTOS!
Yuri Alberto foi da tristeza do pênalti perdido ao delírio do gol marcado em poucos instantes!
#PaulistãoCasasBahia",39,"01/28/2026 06:07",https://www.instagram.com/reel/DUDqBL-DfiT/,"Reel do Instagram",,Total,90570,81286,8279,206,259,25,123
17928367056051331,17841400074692954,paulistao,Paulistão,"A PLAYLIST DA ARBITRAGEM PAULISTA! 🎶
Quais músicas os árbitros da FPF escutam antes dos jogos? 👀 Vem ver quais foram as respostas!
#FPF #Arbitragem",43,"01/28/2026 06:01",https://www.instagram.com/reel/DUDpUdIjXFk/,"Reel do Instagram",,Total,44670,27077,1497,252,6,77,41
17993481305865620,17841400074692954,paulistao,Paulistão,"O @brasileirao VAI COMEÇAR! 🔥😮‍💨
Cinco jogos abrem os trabalhos no Campeonato Brasileiro para as minhas equipes!
#PaulistasEmCampo",0,"01/28/2026 05:00",https://www.instagram.com/p/DUDdOj4knBh/,"Imagem do Instagram",,Total,57684,30819,2714,106,2,28,33
18080382680007687,17841400074692954,paulistao,Paulistão,"MAIS UMA!
Um dia cheio de #PaulistãoA2Rivalo para curtir 🤩",0,"01/28/2026 04:00",https://www.instagram.com/p/DUDWWEKEgwp/,"Imagem do Instagram",,Total,19219,11972,270,14,0,6,2
18038021840732969,17841400074692954,paulistao,Paulistão,"DIA CHEIO!
Não vai faltar emoção no Paulistão A3 Rivalo nesta quarta-feira.
#PaulistãoA3Rivalo",0,"01/28/2026 03:00",https://www.instagram.com/p/DUDPfyXkkqS/,"Imagem do Instagram",,Total,35549,22563,385,12,6,5,3
18065011976261125,17841400074692954,paulistao,Paulistão,"Para equipes que querem ter a bola, é muito importante o jogo com os pés do goleiro. O @lendoojogo analisou o @walterartune27, do @mirassolfc , que é um grande exemplo de goleiro com essa característica. 

● Com ele participando, o time tem “mais um” no momento de trocar passes, sempre tendo uma opção de segurança para recomeçar; 

● Mais do que apenas a qualidade técnica, o goleiro precisa ter leitura e confiança para cumprir essa função. É ele que pode ajudar a desbloquear uma pressão e fazer com que a bola chegue melhor aos jogadores de frente;

● Walter se tornou uma referência nesse sentido, sendo pilar do estilo do Mirassol. A bola passa bastante por ele, e sua participação é inegociável;

● Se destaca pelo repertório nos passes, pelo domínio com os dois pés e a calma para jogar sob pressão; 

● É fundamental para que o Mirassol tenha uma construção de jogo limpa e pelo chão.

#PaulistãoCasasBahia",0,"01/27/2026 16:24",https://www.instagram.com/p/DUCL1U6DE8l/,"Carrossel do Instagram",,Total,433277,162183,9308,1118,8,87,333
18305772319284041,17841400074692954,paulistao,Paulistão,"A SEGUNDA VOLTA!
Vem aí mais uma rodada do #PaulistãoA3Rivalo. Palpites, torcedor? 👀",0,"01/27/2026 14:00",https://www.instagram.com/p/DUB2MTMko1J/,"Imagem do Instagram",,Total,41974,25734,567,34,7,13,7
18157431100423034,17841400074692954,paulistao,Paulistão,"GOSTAM DE UM TROFÉU! 🏆🌟
Carlão, do Noroeste, e Robson, do Novorizontino, foram os jogadores que mais ganharam o prêmio de Craque do Jogo até aqui no #PaulistãoCasasBahia!
#CraqueDoJogo #7kBet",0,"01/27/2026 13:41",https://www.instagram.com/p/DUB5Hkskn3c/,"Imagem do Instagram",,Total,43956,25181,803,31,0,15,5
18557825812028027,17841426196827383,copinha,Copinha,"CRUZEIRO🏆🏆
Os campeões com a taça do Maior Campeonato de Base do Mundo!
#CopinhaSil #Cruzeiro
📷Rebeca Reis/Ag. Paulistão",0,"01/27/2026 13:00",https://www.instagram.com/p/DUB0ebqEXfL/,"Carrossel do Instagram",,Total,322482,116149,20871,264,32,83,96
17985392144946386,17841401936575450,obolhaa,"Allan Bernardo / Obolhaa","Não vai no balanço 😂😂😂

#futsal #fy",10,"01/27/2026 12:50",https://www.instagram.com/reel/DUBzX-8jh32/,"Reel do Instagram",,Total,2052835,1081545,100429,4672,1385,414,0
18032371244769717,17841400074692954,paulistao,Paulistão,"DANIEL DAVI CRAQUE DA 5ª RODADA! ✨
Vocês escolheram o atacante do Ramalhão como Craque da 5ª rodada do Paulistão A2 Rivalo!
#PaulistãoA2Rivalo #CraqueDaRodada",0,"01/27/2026 11:26",https://www.instagram.com/p/DUBpsTHkzS3/,"Imagem do Instagram",,Total,28762,16116,297,33,1,20,2
18147908476446884,17841400074692954,paulistao,Paulistão,"OS ARTILHEIROS DO PAULISTÃO CASAS BAHIA! ⚽⭐
Coloca mais um gol na conta do Robgol!
#PaulistãoCasasBahia #Artilharia #Assaí",0,"01/27/2026 11:00",https://www.instagram.com/p/DUBhl5hkrRr/,"Imagem do Instagram",,Total,84585,52222,939,22,1,12,8
17932058835168879,17841400074692954,paulistao,Paulistão,"VOCÊ ACEITARIA ALGUMA DESSAS PROPOSTAS? 👀🤔
Vem ver o que a torcida do Palmeiras escolheu e se você concorda com alguma das decisões! 
#PaulistãoCasasBahia #Sil",124,"01/27/2026 10:11",https://www.instagram.com/reel/DUBg9l_EV9F/,"Reel do Instagram",,Total,42932,30300,1395,6,0,18,25
18096502496477883,17841400074692954,paulistao,Paulistão,"SÓ VALE GOL BONITO! 🗣️🤩
Chegou a hora de escolher qual foi o Golaço da 5ª Rodada do #PaulistãoCasasBahia! Deixe seu voto na enquete dos comentários! 👇
#GolaçoDaRodada #Betano
*Enquete encerra no dia 28/01, às 15h",0,"01/27/2026 09:58",https://www.instagram.com/p/DUBfqZykUmt/,"Carrossel do Instagram",,Total,31254,14949,346,1,0,15,4
18119525365586196,17841400074692954,paulistao,Paulistão,"NEYMAR COM NOVA TREINADORA! 🤣😍 Alerta de muita fofura em um vídeo só! 🥹 #PaulistãoCasasBahia #Neymar

🎥 @santosfc",87,"01/27/2026 09:24",https://www.instagram.com/reel/DUBbsk1kxSV/,"Reel do Instagram",,Total,80226,46262,4846,114,4,46,75
17896418655246145,17841400074692954,paulistao,Paulistão,"CINCO JOGOS, NENHUM GOL SOFRIDO! 🧤⚽
O @cleiton40 está fechando o gol do Red Bull Bragantino neste #PaulistãoCasasBahia!",0,"01/27/2026 09:00",https://www.instagram.com/p/DUBT3iojNjo/,"Imagem do Instagram",,Total,134632,75406,3259,74,2,59,26
18322828114247992,17841400074692954,paulistao,Paulistão,"25 ANOS DA CONQUISTA DA SUPERCOPA DE 91! 🦅🔥
Com gol de Neto, o Corinthians vencia o Flamengo no dia 27 de janeiro e se consagrava campeão da Supercopa do Brasil!
#BaúDoPaulistão",0,"01/27/2026 08:18",https://www.instagram.com/p/DUBUHHLDMeM/,"Imagem do Instagram",,Total,246544,140138,15991,2251,27,305,320
18139889254469866,17841400074692954,paulistao,Paulistão,"CHEGOU A HORA DE ESCOLHER O CRAQUE! ☑️👀
Flaco López, Igor Formiga, Rômulo e Carlão são os nomes! E aí, quem brilhou mais na 5ª Rodada do Paulistão Casas Bahia? Deixe o seu voto na enquete nos comentários! 👇
#PaulistãoCasasBahia #CraqueDaRodada #Betano

*Enquete encerra no dia 28/01, às 14h",0,"01/27/2026 07:25",https://www.instagram.com/p/DUBN8sUDR4Y/,"Imagem do Instagram",,Total,40793,25332,320,85,6,108,1
17997751319906658,17841400074692954,paulistao,Paulistão,"A FALHA 🤝 A VOLTA POR CIMA!
Depois do gol tomado no Choque-Rei, Carlos Miguel FECHOU O GOL e pegou tudo no Superclássico Casas Bahia! 🔥🧤 #PaulistãoCasasBahia #ChoqueRei #CarlosMiguel",29,"01/27/2026 07:00",https://www.instagram.com/reel/DUBLNDlDXlO/,"Reel do Instagram",,Total,1790,1518,47,5,2,3,0
18068595026397526,17841400074692954,paulistao,Paulistão,"99 ANOS DO FANTASMA! 👻
O estreante do Paulistão Casas Bahia de 2026 comemora 99 anos de história no futebol paulista! 
Parabéns, @ecprimaveraoficial! #Aniversário",0,"01/27/2026 02:00",https://www.instagram.com/p/DUAjzU4ktrm/,"Imagem do Instagram",,Total,49090,27538,1190,12,0,16,7
18092515678809188,17841400074692954,paulistao,Paulistão,"O Jonathan Costa deu 79 toques na bola e um apenas na área adversária, mas ele foi fatal e garantiu a vitória do Guarani!
#PaulistãoCasasBahia #Opta
📷Mauro Horita/Ag. Paulistão/Sua Foto no Jogo",0,"01/26/2026 18:07",https://www.instagram.com/p/DT_yzelDGKb/,"Carrossel do Instagram",,Total,55972,24463,871,12,0,8,4
18081873037973045,17841400074692954,paulistao,Paulistão,"E aí, como está o seu time na classificação do Paulistão Casas Bahia? 👀
#PaulistãoCasasBahia",0,"01/26/2026 17:23",https://www.instagram.com/p/DT_t0GqkhwR/,"Imagem do Instagram",,Total,439943,223476,13008,478,42,260,138
18062504033307814,17841400074692954,paulistao,Paulistão,"PONTO FINAL NA 5ª RODADA DO PAULISTÃO CASAS BAHIA!
#PaulistãoCasasBahia",0,"01/26/2026 17:18",https://www.instagram.com/p/DT_tRkTksOW/,"Imagem do Instagram",,Total,114887,65437,2647,55,5,31,29
18086826461122008,17841400074692954,paulistao,Paulistão,"CRAQUE DO JOGO! 
CAÍQUE FRANÇA BRILHOU NO CANINDÉ COM GRANDES DEFESAS!
#PaulistãoCasasBahia #CraqueDoJogo #7KBet",63,"01/26/2026 17:17",https://www.instagram.com/reel/DT_tFEYlEVE/,"Reel do Instagram",,Total,238223,151182,10047,196,19,98,66
18072087098129526,17841400074692954,paulistao,Paulistão,"PAREDÃO BUGRINO!
Caíque França fechou o gol e foi eleito o Craque do Jogo no Canindé!
#PaulistãoCasasBahia #CraqueDoJogo #7KBet
📷Mauro Horita/Ag. Paulistão/Sua Foto no Jogo",0,"01/26/2026 17:11",https://www.instagram.com/p/DT_sdaLkqp9/,"Imagem do Instagram",,Total,44313,23986,1235,47,2,63,5
18310117516255887,17841400074692954,paulistao,Paulistão,"BUGRÃO FLECHOU!🏹⚽️
Guarani vence e entra no G8 do Paulistão Casas Bahia!
 #PaulistãoCasasBahia
 📷Mauro Horita/Ag. Paulistão/Sua Foto no Jogo",0,"01/26/2026 16:58",https://www.instagram.com/p/DT_q7FmEmKo/,"Carrossel do Instagram",,Total,49055,23172,1134,41,3,91,2
17853934395615089,17841400074692954,paulistao,Paulistão,"⚽🥰👶
#PaulistãoCasasBahia
📷Mauro Horita/Ag. Paulistão/Sua Foto no Jogo",0,"01/26/2026 16:31",https://www.instagram.com/p/DT_n5LyErVj/,"Imagem do Instagram",,Total,22351,13240,488,3,1,19,1
18092728676293524,17841400074692954,paulistao,Paulistão,"JONATHAN COSTA FOI PRA REDE NO CANINDÉ!
O Guarani abre o placar contra a Portuguesa!
#PaulistãoCasasBahia #Betano",24,"01/26/2026 16:23",https://www.instagram.com/reel/DT_m0pOFQ6X/,"Reel do Instagram",,Total,122559,77208,2913,68,12,60,25
18031140617586959,17841400074692954,paulistao,Paulistão,"O primeiro tempo foi movimentado no Canindé! Será que vão balançar a rede na segunda etapa?
#PaulistãoCasasBahia
📷Mauro Horita/Ag. Paulistão/Sua Foto no Jogo",0,"01/26/2026 15:54",https://www.instagram.com/p/DT_jjfHEuh2/,"Imagem do Instagram",,Total,23868,14291,388,2,0,2,2
18114549619531569,17841400074692954,paulistao,Paulistão,"OLHA A OPORTUNIDADE QUE O GUARANI DESPERDIÇOU NO CANINDÉ!
#PaulistãoCasasBahia",19,"01/26/2026 15:31",https://www.instagram.com/reel/DT_g-w7Dfwh/,"Reel do Instagram",,Total,145956,87920,2000,69,2,31,25
17899333272225338,17841400074692954,paulistao,Paulistão,"Ralf, Diego Torres e Gabriel Pires já estão prontos!
Daqui a pouco tem jogão no Canindé!
#PaulistãoCasasBahia
📷Mauro Horita/Ag. Paulistão/Sua Foto no Jogo",0,"01/26/2026 14:33",https://www.instagram.com/p/DT_aUmBkp7_/,"Carrossel do Instagram",,Total,55530,26477,817,6,0,4,5
17850675579626161,17841411170007197,vogalizandoahistoria,"Vogalizando a História","Toda semana vai ter vídeo do Vogalizando e o @paulistao saindo por aqui!

Fica de olho no Paulistão Casas Bahia!",86,"01/26/2026 14:16",https://www.instagram.com/reel/DT_YFY7DW8Q/,"Reel do Instagram",,Total,168629,121688,9471,828,122,173,0
18196241929328091,17841400074692954,paulistao,Paulistão,"UM BOM FILHO A CASA TORNA! 🏠🇾🇪
Rafinha foi convocado pelo São Paulo para ser o gerente esportivo do Tricolor e não teve dúvidas da resposta!
#PaulistãoCasasBahia #SãoPaulo",0,"01/26/2026 14:00",https://www.instagram.com/p/DT_RcE2Da0K/,"Imagem do Instagram",,Total,104261,57767,2796,41,1,31,13
18073701980104907,17841400074692954,paulistao,Paulistão,"A BASE VEM FORTE! 
Torcida da Lusa presente para mais um jogão no Canindé!
#PaulistãoCasasBahia
📷Mauro Horita/Ag. Paulistão/Sua Foto no Jogo",0,"01/26/2026 14:00",https://www.instagram.com/p/DT_Whp_ErPX/,"Carrossel do Instagram",,Total,18879,7962,321,11,1,1,1
18068760515447363,17841400074692954,paulistao,Paulistão,"FIM DA PRIMEIRA RODADA!
Os trabalhos começaram a todo vapor no #PaulistãoA3Rivalo! Vem ver como ficou a tabela de classificação 👀",0,"01/26/2026 13:00",https://www.instagram.com/p/DT_Kj7Rk4Yo/,"Imagem do Instagram",,Total,325036,161187,7841,199,69,54,76
17904288603351350,17841400074692954,paulistao,Paulistão,"VEM VOTAR! 🫵👀
Quem vai ser eleito o Craque da 5ª rodada do Paulistão A2 Rivalo são vocês que decidem! É só votar na enquete desse post até às 14h da terça-feira (27) 😉
#PaulistãoA2Rivalo #CraqueDaRodada",0,"01/26/2026 12:38",https://www.instagram.com/p/DT_NCQxkgy_/,"Imagem do Instagram",,Total,28557,16611,251,65,4,53,4
18070714202437147,17841400074692954,paulistao,Paulistão,"O PROTAGONISTA DO TIME DO POVO! ⭐👀
Depois do gol contra o Velo Clube, Yuri Alberto alcançou a marca de 100 participações em gols pelo Timão. Ele resolve!
#PaulistãoCasasBahia #Corinthians",0,"01/26/2026 12:30",https://www.instagram.com/p/DT_INyqD_Ck/,"Imagem do Instagram",,Total,797279,613945,10545,374,25,47,110
18069419129172475,17841400074692954,paulistao,Paulistão,"Arbitragem escalada para a partida entre Portuguesa e Guarani!
#EscalaDeArbitragem #PaulistãoCasasBahia",0,"01/26/2026 12:12",https://www.instagram.com/p/DT_KG4cD3c3/,"Imagem do Instagram",,Total,21158,12655,237,7,0,7,3
18191969314341897,17841400074692954,paulistao,Paulistão,"LOCOMOTIVA NA LIDERANÇA!
Com a Ferroviária no topo e o Ituano logo na cola, assim ficou a classificação do Paulistão A2 Rivalo ao final da 5ª rodada!
#PaulistãoA2Rivalo",0,"01/26/2026 12:00",https://www.instagram.com/p/DT_Do8rk6Rp/,"Imagem do Instagram",,Total,174505,93448,4928,166,20,88,44
17884963665439679,17841400074692954,paulistao,Paulistão,"É O ROBGOL! 🐯⚽🌟
Artilheiro do Paulistão Casas Bahia, o @_robsonsf tem sete gols na conta!
#PaulistãoCasasBahia",0,"01/26/2026 11:50",https://www.instagram.com/p/DT_HsB1k50Q/,"Imagem do Instagram",,Total,59907,37021,903,14,1,15,6
18076735481591419,17841438509595014,gandula,"Jefferson Souza","Cada um se hidrata da forma que pode… ☕️✌🏼😂",16,"01/25/2026 13:42",https://www.instagram.com/reel/DT8vnXdkc5x/,"Reel do Instagram","Ocorreu um erro ao computar métricas.",-,,,,,,,
18091578523826434,17841421574315741,historiasantista,"Rafael Falino","A CHANCE DO JOGO ATÉ AGORA🏳️🏴

#historiasantista #futebol #santosfc #paulistao",18,"01/25/2026 12:33",https://www.instagram.com/reel/DT8nvJCjqUe/,"Reel do Instagram","Ocorreu um erro ao computar métricas.",-,,,,,,,
18084528979914528,17841401683210430,portalr7,"Portal R7","HOJE É DIA DE PAULISTÃO! ⚽️

Neste domingo (25), a partir das 19h30, você acompanha ao vivo o confronto entre Velo Clube e Corinthians pela quinta rodada do Paulistão 2026. 🔥

A resenha fica sob o comando de @zeluiz, com os comentários da turma do @desimpedidos e, diretamente de Rio Claro, as reportagens de @danilofsoto. Não perca! 🎙️⚽

 ➡️ É de graça! Acompanhe a transmissão digital do #PaulistãoNaRECORD, a partir das 19h30, em R7.com.
#PortalR7 #R7 #DesimpedidosNoR7 #PubliPaulistão

Oferecimento: @365betbrasil @magalu @perdigaonabrasaoficial @picpay",0,"01/25/2026 11:56",https://www.instagram.com/p/DT8jhcVFd6F/,"Carrossel do Instagram","Ocorreu um erro ao computar métricas.",-,,,,,,,
18100205257886279,17841400074692954,paulistao,Paulistão,"ELE CONHECE O CAMINHO!
Se tem Carlão em campo, tem gol do Norusca! E que golaço de cabeça do camisa 9!
#PaulistãoCasasBahia #Betano",21,"01/24/2026 12:54",https://www.instagram.com/reel/DT6FZWvjdnt/,"Reel do Instagram",,Total,38659,24911,819,49,2,22,3
17867591475551387,17841405287009377,assaiatacadistaoficial,"Assaí Atacadista","@_josylocutora foi pras lojas novamente pra saber do pessoal... Será que vai dar Robson de novo nessa rodada do @paulistao? 

Deixa aqui nos comentários quem vocês acham que pode ser o próximo Artilheiro da rodada!!! 

#Assaí #Paulistão #ArtilheiroDaRodada #FutebolPaulista #Torcida",77,"01/26/2026 02:01",https://www.instagram.com/reel/DT-EMP1iKJC/,"Reel do Instagram",,Total,70601,59531,546,64,9,110,0
18077124485582469,17841400074692954,paulistao,Paulistão,"😘 😀 Um beijo e um sorriso de quem garantiu mais uma vitória para o Corinthians!
#PaulistãoCasasBahia
📷Igor do Vale/Ag. Paulistão/Sua Foto no Jogo",0,"01/25/2026 18:40",https://www.instagram.com/p/DT9Rwx6DEg3/,"Carrossel do Instagram",,Total,585403,467166,9237,255,51,65,89
17938964364132613,17841400074692954,paulistao,Paulistão,"O Timão demorou, mas consegui marcar nos acréscimos!
#PaulistãoCasasBahia #Corinthians #Opta",0,"01/25/2026 18:35",https://www.instagram.com/p/DT9RRThkhq8/,"Imagem do Instagram",,Total,42356,23724,1297,1,0,7,8
18111883834651931,17841400074692954,paulistao,Paulistão,"ENTROU EM CAMPO PARA MUDAR O JOGO!
O Yuri Alberto é diferenciado!
#PaulistãoCasasBahia #Bet365",50,"01/25/2026 18:32",https://www.instagram.com/reel/DT9Qx8tkxEa/,"Reel do Instagram",,Total,42761,31634,3551,45,6,60,27
17935313325168453,17841400074692954,paulistao,Paulistão,"ELA CHEGOU: A CLASSIFICAÇÃO DO PAULISTÃO CASAS BAHIA!
#PaulistãoCasasBahia",0,"01/25/2026 18:12",https://www.instagram.com/p/DT9Oj8hkkQ3/,"Imagem do Instagram",,Total,547890,302843,19743,1283,287,308,228
18037128638725120,17841400074692954,paulistao,Paulistão,"Ponto final neste domingão de Paulistão Casas Bahia!
#PaulistãoCasasBahia",0,"01/25/2026 18:10",https://www.instagram.com/p/DT9OY6okmph/,"Imagem do Instagram",,Total,58450,35304,1219,36,1,9,13
18190544056345954,17841400074692954,paulistao,Paulistão,"O CRAQUE DO JOGO É SÓ ALEGRIA!
Com a palavra: Yuri Alberto!
#PaulistãoCasasBahia #CraqueDoJogo #7KBet",141,"01/25/2026 18:00",https://www.instagram.com/reel/DT9NLD3lmZ4/,"Reel do Instagram",,Total,83501,58889,8281,58,8,48,86
17873852259499163,17841400074692954,paulistao,Paulistão,"ENTROU NO JOGO E RESOLVEU!
YURI ALBERTO, O CRAQUE DO JOGO!
#PaulistãoCasasBahia #CraqueDoJogo #7KBet
📷Igor do Vale/Ag. Paulistão/Sua Foto no Jogo",0,"01/25/2026 17:56",https://www.instagram.com/p/DT9MunmEnOr/,"Imagem do Instagram",,Total,533770,416116,4382,432,79,128,82
18047888063495256,17841400074692954,paulistao,Paulistão,"O GOL DA VITÓRIA DO TIMÃO!
YURI ALBERTO É O NOME DELE!
#PaulistãoCasasBahia",75,"01/25/2026 17:45",https://www.instagram.com/reel/DT9LWX-AcEM/,"Reel do Instagram",,Total,59261,43637,2631,121,4,41,28
17996336492909234,17841400074692954,paulistao,Paulistão,"O PELADÃO DA FIEL! 🔞
QUE ISSO YURI ALBERTO?! 
#PaulistãoCasasBahia",18,"01/25/2026 17:44",https://www.instagram.com/reel/DT9K_3tjEeL/,"Reel do Instagram",,Total,404202,232910,24614,4518,248,1072,757
18544186336042882,17841401683210430,portalr7,"Portal R7","Acho que os jogadores do Corinthians se empolgaram com o gol da vitória do Yuri! 🤣

➡️ Veja as principais notícias sobre o Campeonato Paulista 2026 em R7.com/esportes. O link está na bio.
#PortalR7 #R7 #PaulistãoNaRECORD",17,"01/25/2026 17:39",https://www.instagram.com/reel/DT9KwGQjeUk/,"Reel do Instagram",,Total,524011,307694,10614,2717,19,379,0
18102971002836084,17841400074692954,paulistao,Paulistão,"YURI ALBERTO RESOLVE NOS ACRÉSCIMOS!
#PaulistãoCasasBahia
📷Igor do Vale/Ag. Paulistão/Sua Foto no Jogo",0,"01/25/2026 17:37",https://www.instagram.com/p/DT9KjEmEiHJ/,"Carrossel do Instagram",,Total,96528,52103,5441,308,4,63,41
18372656794095421,17841401683210430,portalr7,"Portal R7","Guto Ferreira merece voltar a dirigir algum clube, não é, torcedor? ⚽

➡️ Assista à íntegra da transmissão do #PaulistãoNaRECORD em R7.com. O link está na bio.
#PortalR7 #R7 #DesimpedidosNoR7 #PubliPaulistão

Oferecimento: @365betbrasil, @magalu, @perdigaonabrasaoficial e @picpay.",84,"01/25/2026 17:06",https://www.instagram.com/reel/DT9G9xDl66y/,"Reel do Instagram",,Total,131938,103015,2226,110,5,32,0
17894943546253693,17841400074692954,paulistao,Paulistão,"Se liga só no que rolou pela quinta rodada do Paulistão A2 Rivalo!
#PaulistãoA2Rivalo",0,"01/25/2026 16:46",https://www.instagram.com/p/DT9E0LHAIq6/,"Imagem do Instagram",,Total,43504,25502,645,15,2,4,9
18096405316927162,17841401683210430,portalr7,"Portal R7","Essa jogada do Zé Mario é inovadora, hein! 😂

➡️ Assista à íntegra da transmissão do #PaulistãoNaRECORD em R7.com. O link está na bio.
#PortalR7 #R7 #DesimpedidosNoR7",17,"01/25/2026 16:41",https://www.instagram.com/reel/DT9EDISlaLB/,"Reel do Instagram",,Total,118735,81202,903,122,3,24,0
17897500092381186,17841400074692954,paulistao,Paulistão,"QUER SABER O QUE ROLOU NO CHOQUE-REI? 
🗣️VEM VER A LEITURA LABIAL DE PALMEIRAS E SÃO PAULO NO PAULISTÃO CASAS BAHIA!
#PaulistãoCasasBahia #leituralabial",114,"01/25/2026 16:40",https://www.instagram.com/reel/DT9D4yHDGvs/,"Reel do Instagram",,Total,844933,623291,26586,571,87,119,786
18086554271125248,17841400074692954,paulistao,Paulistão,"NA HISTÓRIA DO TIGRE! 💯
O goleiro @jordimartins alcançou a marca de 100 jogos com a camisa do @oficialnovorizontino!
#PaulistãoCasasBahia",0,"01/25/2026 16:37",https://www.instagram.com/p/DT9Du-4iZLm/,"Imagem do Instagram",,Total,55515,33673,1062,26,0,28,8
18109367572728126,17841400074692954,paulistao,Paulistão,"PLACAR ZERADO!
Ninguém balançou a rede no primeiro tempo entre Velo Clube e Corinthians!
#PaulistãoCasasBahia
📷Igor do Vale/Ag. Paulistão/Sua Foto no Jogo",0,"01/25/2026 16:23",https://www.instagram.com/p/DT9CGXmkhMJ/,"Imagem do Instagram",,Total,28463,16399,707,5,0,55,2
18036959228731787,17841400074692954,paulistao,Paulistão,"❌🧤NÃO PASSA NADA NO GOL DO MARCELO CARNÉ! 
#PaulistãoCasasBahia",65,"01/25/2026 16:09",https://www.instagram.com/reel/DT9AH4VjKXW/,"Reel do Instagram",,Total,57721,42193,1453,27,9,46,16
18091665232971666,17841400074692954,paulistao,Paulistão,"A CORUJA NÃO VIU A COR DA BOLA! 🦉⚽️
Mais um golaço do artilheiro do Paulistão Casas Bahia! São 7 e contando!
#PaulistãoCasasBahia 
📷Pedro Zacchi/Ag. Paulistão/Sua Foto no Jogo",0,"01/25/2026 15:56",https://www.instagram.com/p/DT8_DzLEj6P/,"Carrossel do Instagram",,Total,22284,9944,436,0,0,5,2
17860616031522741,17841400074692954,paulistao,Paulistão,"O TIGRE TÁ COM TUDO!
#CraqueDoJogo, Rômulo analisou o momento do Novorizontino no Paulistão Casas Bahia
#7KBet #PaulistãoCasasBahia",62,"01/25/2026 15:53",https://www.instagram.com/reel/DT8-mn2lO5k/,"Reel do Instagram",,Total,131201,95526,6050,37,9,44,37
18106887355708603,17841400074692954,paulistao,Paulistão,"CAMISA 10!
Rômulo fez o gol que abriu a vitória do Novorizontino e foi escolhido pela galera de casa como o #CraqueDoJogo!
#7KBet #PaulistãoCasasBahia 
📷Pedro Zacchi/Ag. Paulistão/Sua Foto no Jogo",0,"01/25/2026 15:49",https://www.instagram.com/p/DT8-RD_Emqc/,"Imagem do Instagram",,Total,18234,12289,260,13,0,5,2
17860706664583532,17841400074692954,paulistao,Paulistão,"TIGRE LÍDER!
Novorizontino vence em casa e assume a liderança do Paulistão Casas Bahia!
#PaulistãoCasasBahia 
📷Pedro Zacchi/Ag. Paulistão/Sua Foto no Jogo",0,"01/25/2026 15:45",https://www.instagram.com/p/DT891DoEtOO/,"Carrossel do Instagram",,Total,28140,14179,642,20,1,4,2
17975377826817404,17841401381444467,frasescoringao,FrasesCoringão,"FIEL EM PESO PARA ACOMPANHAR O CORINGÃO!",13,"01/25/2026 15:30",https://www.instagram.com/reel/DT8791lAHzB/,"Reel do Instagram",,Total,34275,23041,2481,42,6,13,0
17988950777921524,17841400074692954,paulistao,Paulistão,"O ROBSON É UM ABSURDO!
Olha só o que ele aprontou pra cima do Botafogo. Espia!
#PaulistãoCasasBahia #Betano",41,"01/25/2026 15:24",https://www.instagram.com/reel/DT87VQYiALs/,"Reel do Instagram",,Total,190696,119987,4882,267,5,43,46
17872098270513820,17841412731525361,tiago.herani,"TIAGO HERANI","Esse é o caminho para o São Paulo? 🤔

#saopaulofc #hernancrespo #analisetatica #paulistão2026 #embaixadorespaulistão2026",105,"01/25/2026 15:19",https://www.instagram.com/reel/DT86pvtD67j/,"Reel do Instagram",,Total,101438,66733,3621,116,12,132,0
18063635150277759,17841400074692954,paulistao,Paulistão,"É DIA DE JOGÃO E A TORCIDA DO VELÃO ESTÁ NA ÁREA!
#PaulistãoCasasBahia
📷Igor do Vale/Ag. Paulistão/Sua Foto no Jogo",0,"01/25/2026 15:05",https://www.instagram.com/p/DT85O-iEiwy/,"Carrossel do Instagram",,Total,56112,21938,951,39,6,15,6
18054580841396058,17841400074692954,paulistao,Paulistão,"FIEL MARCANDO PRESENÇA EM RIO CLARO!
#PaulistãoCasasBahia
📷Igor do Vale/Ag. Paulistão/Sua Foto no Jogo",0,"01/25/2026 14:57",https://www.instagram.com/p/DT84O-ZEi6U/,"Carrossel do Instagram",,Total,45910,21447,1113,18,1,6,10
18344428969235910,17841400074692954,paulistao,Paulistão,"VANTAGEM DO TIGRE!
O time da casa vai para o intervalo com a superioridade no marcador!
#PaulistãoCasasBahia 
📷Pedro Zacchi/Ag. Paulistão/Sua Foto no Jogo",0,"01/25/2026 14:24",https://www.instagram.com/p/DT80hXmklHc/,"Imagem do Instagram",,Total,18651,11162,294,0,0,4,2
18053805548676864,17841400074692954,paulistao,Paulistão,"Fala, craque! wellitonmatheus_ 🏆✨
#PaulistãoCasasBahia #CraqueDoJogo #Bet7k",44,"01/25/2026 14:22",https://www.instagram.com/reel/DT80LyVjSUG/,"Reel do Instagram",,Total,34548,27013,1711,33,22,28,8
18148869994443634,17841400074692954,paulistao,Paulistão,"O DONO DO PRIMEIRO GOL DO JOGO!
Welliton abriu o placar para o Fantasma na vitória por 2 a 1 e foi eleito o Craque do Jogo!
#PaulistãoCasasBahia #CraqueDoJogo #Bet7k 
📷Alexandre Battibugli/Ag.Paulistão/Sua Foto no Jogo",0,"01/25/2026 14:15",https://www.instagram.com/p/DT8zXvAEw4r/,"Imagem do Instagram",,Total,10202,6877,122,11,0,4,2
17871630702516993,17841400074692954,paulistao,Paulistão,"O 🔟 VAI PRA REDE!
Rômulo converte o pênalti e abre o placar para o Novorizontino!
#PaulistãoCasasBahia #Betano",25,"01/25/2026 14:07",https://www.instagram.com/reel/DT8yh-2D5Na/,"Reel do Instagram",,Total,52444,37467,685,8,7,2,7
18116957965594116,17841400074692954,paulistao,Paulistão,"DEU FANTASMA! 👻
O Primavera consegue somar três pontos jogando fora de casa na reedição da final do Paulistão A2 Rivalo do ano passado!
#PaulistãoCasasBahia
📷Alexandre Battibugli/Ag.Paulistão/Sua Foto no Jogo",0,"01/25/2026 13:59",https://www.instagram.com/p/DT8xlyfEosj/,"Carrossel do Instagram",,Total,41850,22118,728,46,1,17,0
18358981705164742,17841400074692954,paulistao,Paulistão,"O LEÃO DIMINUI!
Rodolfo faz o primeiro do Capivariano!
#PaulistãoCasasBahia #Betano",22,"01/25/2026 13:43",https://www.instagram.com/reel/DT8vuKQj_7B/,"Reel do Instagram",,Total,34466,23991,453,7,2,3,2
18093381436983815,17841402375918026,capivariano,"Capivariano F.C. SAF","GOOOOOOOOOOOLLLL DO LEÃO!! 🦁⚽️

Rodolfo aparece no segundo poste e diminui para o Leão da Sorocabana. 

ATÉ O FIM! VAMOS! 

#capivariano",19,"01/25/2026 13:31",https://www.instagram.com/reel/DT8uRF5j57P/,"Reel do Instagram",,Total,53672,48530,1016,23,13,17,0
17871989445529516,17841400074692954,paulistao,Paulistão,"FALA, MENINO!
#CraqueDoJogo, o camisa 25 do Santos analisou o atual momento do Peixe e falou sobre sua atuação diante do Red Bull Bragantino.
#7KBet #PaulistãoCasasBahia",78,"01/25/2026 13:26",https://www.instagram.com/reel/DT8txIZDzHc/,"Reel do Instagram",,Total,23155,17913,1582,8,3,17,5
18092800390979948,17841400074692954,paulistao,Paulistão,"É DELE!
A galera votou e escolheu Gabriel Menino, do Santos, como o #CraqueDoJogo!
#7KBet #PaulistãoCasasBahia 
📷Ronaldo Barreto/Ag. Paulistão/Sua Foto no Jogo",0,"01/25/2026 13:22",https://www.instagram.com/p/DT8tbGJEtnK/,"Imagem do Instagram",,Total,10467,6525,289,4,0,3,0
18358759231203148,17841400074692954,paulistao,Paulistão,"ESSE DUELO PROMETE!
Quem vai levar a melhor no confronto do interior?
#PaulistãoCasasBahia 
📷Pedro Zacchi/Ag. Paulistão/Sua Foto no Jogo",0,"01/25/2026 13:19",https://www.instagram.com/p/DT8tElxEptA/,"Carrossel do Instagram",,Total,13448,6128,179,0,0,1,2
18554631022014194,17841400074692954,paulistao,Paulistão,"CRAQUE DO JOGO PASSANDO NA SUA TELA! 📱
@gabrielmenino00 🏆

#PaulistãoCasasBahia",0,"01/25/2026 13:05",https://www.instagram.com/p/DT8rgadki0J/,"Imagem do Instagram",,Total,632248,331555,32354,1470,50,634,137
18343023199232184,17841400074692954,paulistao,Paulistão,"VANTAGEM DO PRIMAVERA!
O Fantasma se colocou dois gols na frente no duelo contra o Capivariano!
#PaulistãoCasasBahia 
📷Alexandre Battibugli/Ag.Paulistão/Sua Foto no Jogo",0,"01/25/2026 13:05",https://www.instagram.com/p/DT8rbiekkeH/,"Imagem do Instagram",,Total,17982,11187,340,2,0,2,1
18150632110443910,17841400074692954,paulistao,Paulistão,"COMEÇOU ZERADO, TERMINOU ZERADO!
Ficou tudo igual para Santos e Red Bull Bragantino.
#PaulistãoCasasBahia 
📷Ronaldo Barreto/Ag. Paulistão/Sua Foto no Jogo",0,"01/25/2026 13:02",https://www.instagram.com/p/DT8rK-4koHB/,"Carrossel do Instagram",,Total,51630,21090,1666,52,0,37,9
17873371200507678,17841400074692954,paulistao,Paulistão,"ZAGUEIRÃO DEIXOU O DELE!
Afonso amplia a vantagem do Primavera no final do primeiro tempo!
#PaulistãoCasasBahia #Betano",66,"01/25/2026 12:56",https://www.instagram.com/reel/DT8qVbVjg1f/,"Reel do Instagram",,Total,82872,60259,2118,64,6,51,15
18052254857460357,17841400074692954,paulistao,Paulistão,"WELLITON NÃO DESPEDIÇOU A CHANCE!
O Primavera sai na vantagem no duelo contra o Capivariano!
#PaulistãoCasasBahia #Betano",55,"01/25/2026 12:55",https://www.instagram.com/reel/DT8qNUTCHJK/,"Reel do Instagram",,Total,71720,46726,1281,33,8,10,11
18095258147506620,17841405691679778,ecprimaveraoficial,"Primavera SAF","GOOOOLLLL DO FANTASMA 👻

O zagueiro-artilheiro @ozagueiroafonso amplia o marcador em Capivari

#ECPrimavera #PrimaveraSAF #Paulistão",17,"01/25/2026 12:50",https://www.instagram.com/reel/DT8pd-ij__f/,"Reel do Instagram",,Total,54448,32576,1751,24,23,40,0
18200466304334020,17841400074692954,paulistao,Paulistão,"IA SER UM GOLAÇO!
Mas o Eduardo Sasha parou no travessão do Santos...
#PaulistãoCasasBahia",21,"01/25/2026 12:28",https://www.instagram.com/reel/DT8nLE2gJOP/,"Reel do Instagram",,Total,75399,49781,971,5,15,10,10
18071129378129124,17841400074692954,paulistao,Paulistão,"VAMOS? ENTÃO BORA!
Tá chegando a hora de Novorizontino e Botafogo!
#PaulistãoCasasBahia
📷Pedro Zacchi/Ag. Paulistão/Sua Foto no Jogo",0,"01/25/2026 12:26",https://www.instagram.com/p/DT8nCnrkiT_/,"Carrossel do Instagram",,Total,15429,6538,268,2,0,5,3
18393405277182317,17841405691679778,ecprimaveraoficial,"Primavera SAF","GOOOOOLLLLLLLLL DO FANTASMA 👻👻

@wellitonmatheus_ abre o placar em Capivari

#PrimaveraSAF #ECPrimavera #Paulistão",20,"01/25/2026 12:21",https://www.instagram.com/reel/DT8mUKZj57S/,"Reel do Instagram",,Total,42402,25723,1552,21,8,31,0
18190913674349199,17841400074692954,paulistao,Paulistão,"VELÃO E TIMÃO! 🤩⚔️
O Corinthians visita o Velo Clube em Rio Claro em mais uma partida da 5ª rodada do #PaulistãoCasasBahia!",0,"01/25/2026 12:00",https://www.instagram.com/p/DT8e4WQjyLi/,"Imagem do Instagram",,Total,67536,38166,1596,45,2,30,18
17977804436974787,17841400074692954,paulistao,Paulistão,"FALTOU O GOL!
A rede ainda não balançou na Neo Química Arena.
#PaulistãoCasasBahia 
📷Ronaldo Barreto/Ag. Paulistão/Sua Foto no Jogo",0,"01/25/2026 11:52",https://www.instagram.com/p/DT8jEBlkmdE/,"Imagem do Instagram",,Total,20987,12344,432,1,0,10,2
18065778896242986,17841400074692954,paulistao,Paulistão,"O Choque-Rei foi quente em Barueri e o @vellosogg estava atento nas imagens exclusivas! 
#PaulistaoCasasBahia #leituralabial",45,"01/25/2026 11:41",https://www.instagram.com/reel/DT8hNUGkaQX/,"Reel do Instagram",,Total,941861,656347,34123,2488,127,570,884
18096446552504587,17841400074692954,paulistao,Paulistão,"Arbitragem escalada para a partida entre Velo Clube e Corinthians!
#EscalaDeArbitragem #PaulistãoCasasBahia",0,"01/25/2026 11:30",https://www.instagram.com/p/DT8bc0ZEmbD/,"Imagem do Instagram",,Total,25552,15244,403,19,0,74,7
18427864648113843,17841400074692954,paulistao,Paulistão,"CALMA, MENINO!
Quase que deu ruim pro Vojvoda 😅
#PaulistãoCasasBahia",11,"01/25/2026 11:24",https://www.instagram.com/reel/DT8f2KuiT8M/,"Reel do Instagram",,Total,60417,39319,969,4,20,11,8
18088676897084349,17841400074692954,paulistao,Paulistão,"DUELO DE ELITE!
Finalistas do Paulistão A2 Rivalo no ano passado, Capivariano e Primavera voltam a se enfrentar, agora, pelo Paulistão Casas Bahia!
#PaulistãoCasasBahia
📷Alexandre Battibugli/Ag. Paulistão/Sua Foto no Jogo",0,"01/25/2026 11:23",https://www.instagram.com/p/DT8fwkxkpbL/,"Carrossel do Instagram",,Total,23263,11250,257,6,1,5,6
18085621352147163,17841400074692954,paulistao,Paulistão,"Arbitragem escalada para a partida entre Portuguesa e Guarani!
#EscalaDeArbitragem #PaulistãoCasasBahia",0,"01/25/2026 11:00",https://www.instagram.com/p/DT8YAQUj8hx/,"Imagem do Instagram",,Total,25256,15690,257,15,1,6,2
18042608678682836,17841400074692954,paulistao,Paulistão,"Arbitragem escalada para a partida entre Novorizontino e Botafogo!
#EscalaDeArbitragem #PaulistãoCasasBahia",0,"01/25/2026 10:40",https://www.instagram.com/p/DT8Vr6lkr2M/,"Imagem do Instagram",,Total,16133,9812,111,5,0,3,0
18431447407115437,17841400312002255,natypotira,"Naty Potira","Chegamos heim @paulistao , cafezinho antes do jogo @gandula ?? Ahn? Bora? ☕️ 😂",13,"01/25/2026 10:22",https://www.instagram.com/reel/DT8YsE6j6Mg/,"Reel do Instagram",,Total,40585,28845,743,10,4,11,0
18081992041976837,17841400074692954,paulistao,Paulistão,"NA ÁREA!
Santos e Red Bull Bragantino já desembarcaram na Neo Química Arena para o jogão de daqui a pouco!
#PaulistãoCasasBahia 
📷Ronaldo Barreto/Ag. Paulistão/Sua Foto no Jogo",0,"01/25/2026 10:21",https://www.instagram.com/p/DT8Yr3Gkuwm/,"Carrossel do Instagram",,Total,27767,12279,653,0,0,6,4
18312029890266209,17841400074692954,paulistao,Paulistão,"Arbitragem escalada para a partida entre Capivariano e Primavera!
#EscalaDeArbitragem #PaulistãoCasasBahia",0,"01/25/2026 10:00",https://www.instagram.com/p/DT8RIB_jpUi/,"Imagem do Instagram",,Total,18596,10727,166,14,2,2,1
17910828825296645,17841400074692954,paulistao,Paulistão,"CHEGADA DAS EQUIPES 🤩
Se liga na chegada dos atletas de Santos e Red Bull Bragantino para o duelo de hoje na Neo Química Arena ⚽️

#PaulistãoCasasBahia #Santos #RedBullBragantino",31,"01/25/2026 09:56",https://www.instagram.com/reel/DT8U_BVEbTN/,"Reel do Instagram",,Total,82267,57905,1241,10,8,24,13
18158854921424716,17841400074692954,paulistao,Paulistão,"PALCO DIFERENTE!
A Neo Química Arena está pronta para receber o duelo entre Santos e Red Bull Bragantino!
#PaulistãoCasasBahia
📷Ronaldo Barreto/Ag. Paulistão/Sua Foto no Jogo",0,"01/25/2026 09:47",https://www.instagram.com/p/DT8U1TJkkZC/,"Carrossel do Instagram",,Total,59389,23853,1559,34,3,32,11
18071512640142874,17841400074692954,paulistao,Paulistão,"Ponto final na primeira rodada do Paulistão A3 Rivalo!
#PaulistãoA3Rivalo",0,"01/25/2026 09:39",https://www.instagram.com/p/DT8T8sdEsMe/,"Imagem do Instagram",,Total,34587,20126,707,15,1,8,3
17966930330862205,17841400074692954,paulistao,Paulistão,"DUELO DE TIGRE E PANTERA! 🤝👀
As duas equipes venceram na última rodada e querem somar mais três pontos no #PaulistãoCasasBahia!",0,"01/25/2026 09:30",https://www.instagram.com/p/DT8NsEgj-wU/,"Imagem do Instagram",,Total,29447,17196,337,8,1,6,1
18004424117839783,17841405393450249,ecsaobernardo,"Esporte Clube São Bernardo","K9 marcou, cumpriu promessa e atravessou o Nogueirão de joelhos 🙏

Grandes coisas estão por vir, craque! 🤍🖤

#ECSãoBernardo #PaulistãoA3Rivalo #Cachorrão

📸 @eudefotografo",11,"01/25/2026 08:46",https://www.instagram.com/reel/DT8NwGFDk5E/,"Reel do Instagram",,Total,42056,25780,1136,17,5,14,0
18562095898005550,17841426196827383,copinha,Copinha,"CRUZEIRO, CRUZEIRO QUERIDO! 🏆
BICAMPEÃO DA COPINHA SIL!
#CopinhaSil2026",0,"01/25/2026 08:04",https://www.instagram.com/p/DT8JDi1kn1q/,"Imagem do Instagram",,Total,1184508,679869,24899,6772,94,702,195
18056281832680309,17841400074692954,paulistao,Paulistão,"SUPERCLÁSSICO CASAS BAHIA!
O meia Maurício recebeu o troféu do Choque-Rei e analisou a vitória do Palmeiras pra cima do São Paulo.
#PaulistãoCasasBahia",37,"01/25/2026 07:35",https://www.instagram.com/reel/DT8FmfiCj3-/,"Reel do Instagram",,Total,752501,604855,28548,659,537,309,300
18070118660159689,17841401683210430,portalr7,"Portal R7","HOJE TEM CORINTHIANS! 🦅

Neste domingo (25), o Corinthians visita o Velo Clube pela quinta rodada do Campeonato Paulista de 2026, no estádio Benito Agnello Castellano. 🔥

Você acompanha a transmissão ao vivo desse jogão na tela da @sigarecord, no @portalr7 e no @recordplus às 20h30.

➡️ Veja as principais notícias sobre o Campeonato Paulista 2026 em R7.com/esportes. O link está na bio.
#PortalR7 #R7 #PaulistãoNaRECORD",0,"01/25/2026 07:12",https://www.instagram.com/p/DT8DEdXlR48/,"Imagem do Instagram",,Total,1222719,603993,23187,982,6,197,0
17896505226388026,17841400074692954,paulistao,Paulistão,"PARA QUEM SUBIU! 🤝⬆️
No ano passado, protagonizaram a final do Paulistão A2 Rivalo, e agora se enfrentam no 
#PaulistãoCasasBahia!",0,"01/25/2026 07:00",https://www.instagram.com/p/DT78i0dEpBM/,"Imagem do Instagram",,Total,31204,16770,535,14,1,11,9
18075855707370870,17841426196827383,copinha,Copinha,"Isac fez a festa com a torcida Tricolor após o empate! 
#CopinhaSil2026",21,"01/25/2026 06:59",https://www.instagram.com/reel/DT8BKgAkbB8/,"Reel do Instagram",,Total,193960,145838,4004,35,11,37,38
18072050486629723,17841400074692954,paulistao,Paulistão,"VOANDO! 🔥
O Paulistão A3 Rivalo começou com tudo! E é claro que o maior patrocínio coletivo da história do futebol paulista tá com a gente nessa! Vamos juntos, @rivalobrasil!
#PaulistãoA3Rivalo 
📷Agência Paulistão",0,"01/25/2026 06:50",https://www.instagram.com/p/DT8AgNQjXQm/,"Carrossel do Instagram",,Total,111442,53299,1287,64,10,17,17
18070891826138230,17841400074692954,paulistao,Paulistão,"Arbitragem escalada para a partida entre Santos e Red Bull Bragantino!
#EscalaDeArbitragem #PaulistãoCasasBahia",0,"01/25/2026 06:30",https://www.instagram.com/p/DT75GxAD6VG/,"Imagem do Instagram",,Total,27022,15442,485,36,0,19,6
18098601010916541,17841401009444456,tntsportsbr,"TNT Sports Brasil","HOJE TEM DUELO DE SÉRIE A PRO BRAGA! 🔥🔴⚪ O Red Bull Bragantino enfrenta o Santos pela 5ª rodada do Paulistão e você assiste COM EXCLUSIVIDADE na TNT e na HBO Max! Assine com o link da BIO! #FutebolBrasileiro #PaulistãoNaTNT #PaulistãoNaHBOMax",0,"01/25/2026 06:00",https://www.instagram.com/p/DT76yVRkfLK/,"Imagem do Instagram",,Total,382891,206854,4224,27,1,63,0
17857208343601300,17841400074692954,paulistao,Paulistão,"ALERTA DE JOGÃO! 🚨😉
Peixão e Massa Bruta se enfrentam na Neo Química Arena e querem vencer!
#PaulistãoCasasBahia",0,"01/25/2026 06:00",https://www.instagram.com/p/DT71rk3EgEi/,"Imagem do Instagram",,Total,49902,27572,2218,9,2,8,17
18124218883548759,17841400074692954,paulistao,Paulistão,"DOMINGO CHEIO! 👀
Não vai faltar jogaço para acompanhar hoje!
#PaulistãoCasasBahia",0,"01/25/2026 05:00",https://www.instagram.com/p/DT7u0fTkniF/,"Imagem do Instagram",,Total,72792,40560,2324,58,1,16,23
17846758152643953,17841401009444456,tntsportsbr,"TNT Sports Brasil","HOJE TEM SANTOS EXCLUSIVO NA TELA DA TNT E DA HBO MAX! ⚪⚫ Às 16h o Peixão vai a campo na Vila Belmiro e você assiste AO VIVO só na TNT e na HBO Max! Assine com o link da BIO! #FutebolBrasileiro #PaulistãoNaHBOMax #PaulistãoNaTNT",0,"01/25/2026 04:57",https://www.instagram.com/p/DT7zkmykaZ1/,"Imagem do Instagram",,Total,918348,488673,19529,1627,9,198,0
18056722070359446,17841400074692954,paulistao,Paulistão,"JOGO ÚNICO!
Ituano e São Bento encerram a rodada neste domingo.
#PaulistãoA2Rivalo",0,"01/25/2026 04:40",https://www.instagram.com/p/DT7sgAOksct/,"Imagem do Instagram",,Total,12113,7627,124,1,0,1,2
17959546436898901,17841400074692954,paulistao,Paulistão,"O gol que abriu o placar do #ChoqueRei! 🔥 #PaulistãoCasasBahia #Palmeiras",15,"01/25/2026 04:00",https://www.instagram.com/reel/DT7oCpgDQC4/,"Reel do Instagram",,Total,112365,73769,5717,116,47,74,36
18596012836028616,17841401009444456,tntsportsbr,"TNT Sports Brasil","HOJE TEM CORINTHIANS NA TELA DA HBO MAX! 🦅🦅 O Timão recebe o Velo Clube na Neo Química Arena e você assiste AO VIVO com a HBO Max a partir das 20h30! Assine com o link da BIO! #FutebolBrasileiro #PaulistãoNaHBOMax",0,"01/25/2026 03:00",https://www.instagram.com/p/DT7tJxCEYwQ/,"Imagem do Instagram",,Total,2768857,1377703,86287,4835,42,292,0
18062485541289573,17841400074692954,paulistao,Paulistão,"PARA ENCERRAR A RODADA!
Francana e Catanduva se enfrentam nesse domingo pela 1ª rodada do Paulistão A3 Rivalo!
#PaulistãoA3Rivalo",0,"01/25/2026 01:30",https://www.instagram.com/p/DT7WvfSEunB/,"Imagem do Instagram",,Total,10994,6583,114,2,0,1,1
18088611131286250,17841400074692954,paulistao,Paulistão,"PARABÉNS, SÃO PAULO! 👏✨
472 anos da cidade mais Fanática Por Futebol!
#Aniversário #FPF",0,"01/25/2026 01:00",https://www.instagram.com/p/DT7TWl5kqxf/,"Imagem do Instagram",,Total,61670,40669,2380,102,0,24,24
18090193214054428,17841400074692954,paulistao,Paulistão,"TU ÉS FORTE, TU ÉS GRANDE!
O @saopaulofc completa 96 anos de muita história e tradição. Parabéns, Tricolor!
#Aniversário #SãoPaulo",0,"01/24/2026 19:30",https://www.instagram.com/p/DT6twb-DnFW/,"Imagem do Instagram",,Total,93407,52589,5111,247,0,171,53
17865508680477691,17841426196827383,copinha,Copinha,"É DIA DE DECISÃO! 🔥 DIA DE FINAL NA COPINHA SIL 2026! 😮‍💨🏆
Quem será que fica com a taça: Cruzeiro ou São Paulo? 👀 #CopinhaSil",0,"01/24/2026 19:05",https://www.instagram.com/p/DT6qrsrFoue/,"Imagem do Instagram",,Total,229013,125031,8023,437,8,90,50
17938322808134366,17841400074692954,paulistao,Paulistão,"A FALHA 🤝 A VOLTA POR CIMA!
Depois do gol tomado no Choque-Rei, Carlos Miguel FECHOU O GOL e pegou tudo no Superclássico Casas Bahia! 🔥🧤 #PaulistãoCasasBahia #ChoqueRei #CarlosMiguel",29,"01/24/2026 17:32",https://www.instagram.com/reel/DT6lHBEDLJ8/,"Reel do Instagram",,Total,443898,258891,15753,1134,25,624,203
18080791988248597,17841461375852191,juventussaf,"Juventus SAF","Depois de ficar 1min22 com a bola, o Juve chegou ao gol da vitória, sobre o Grêmio Prudente, com assistência de @johnegito para @madisonaraujo98 finalizar.

Golaço! 🇱🇻

📸 Sérgio H./Juventus SAF",82,"01/24/2026 17:06",https://www.instagram.com/reel/DT6h3fijS4q/,"Reel do Instagram",,Total,76073,45051,1392,73,8,22,0
17873369037501484,17841400074692954,paulistao,Paulistão,"O PRIMEIRO É INESQUECÍVEL! 🤩
Flaco López deu um passe perfeito de cabeça para Khellven fazer o seu primeiro gol com a camisa alviverde.

#PaulistãoCasasBahia #Palmeiras #ChoqueRei",29,"01/24/2026 17:00",https://www.instagram.com/reel/DT6gnCLEYtD/,"Reel do Instagram",,Total,129186,93847,12688,370,177,79,112
18217222654310607,17841400074692954,paulistao,Paulistão,"4️⃣ ATOS DE UM GOLAÇO!
Todos os detalhes do chute de Flaco López balançando as redes do #ChoqueRei

#PaulistãoCasasBahia",36,"01/24/2026 16:49",https://www.instagram.com/reel/DT6gJ2_EyZs/,"Reel do Instagram",,Total,665212,495657,48845,4819,1027,544,555
18427025596117838,17841400074692954,paulistao,Paulistão,"LENTAMENTE NO FUNDO DO GOL! ⏱️
O Rafael se esforçou, mas o chute do Maurício foi certeiro para abrir o placar no #ChoqueRei

#PaulistãoCasasBahia",19,"01/24/2026 16:38",https://www.instagram.com/reel/DT6e703guLk/,"Reel do Instagram",,Total,147383,105047,9331,322,160,54,79
18045314681651925,17841400074692954,paulistao,Paulistão,"🐷 3 CHUTES, 3 GOLS
🇾🇪 6 CHUTES, 1 GOL

#PaulistãoCasasBahia #ChoqueRei",0,"01/24/2026 16:25",https://www.instagram.com/p/DT6dfNFjatP/,"Carrossel do Instagram",,Total,309918,130186,9167,639,13,89,105
17961616308034119,17841400074692954,paulistao,Paulistão,"CRAQUE DO JOGO! 🔥
Se liga nos números do Flaco López no Choque-Rei! 🤩 #PaulistãoCasasBahia!",0,"01/24/2026 16:13",https://www.instagram.com/p/DT6cGV_DSnb/,"Imagem do Instagram",,Total,31272,18076,959,12,1,5,8
18017715413636325,17841400074692954,paulistao,Paulistão,"1️⃣ GOL ➕ 2️⃣ ASSISTÊNCIAS
O Flaco López brilhou muito no #ChoqueRei e foi eleito o Craque do Jogo.

#PaulistãoCasasBahia #Palmeiras #7Kbetbr",107,"01/24/2026 16:09",https://www.instagram.com/reel/DT6bmdggoQH/,"Reel do Instagram",,Total,34229,24844,2670,26,0,18,17
18079947409995615,17841400074692954,paulistao,Paulistão,"ATUALIZADA! ✅
A tabela de classificação ficou assim no início da 5ª rodada do #PaulistãoCasasBahia!",0,"01/24/2026 16:07",https://www.instagram.com/p/DT6bXd7DbKz/,"Imagem do Instagram",,Total,664725,376485,20762,1223,301,325,179
17862569976574938,17841400074692954,paulistao,Paulistão,"FIM DO PRIMEIRO DIA DE 5ª RODADA! 😮‍💨 #PaulistãoCasasBahia",0,"01/24/2026 16:03",https://www.instagram.com/p/DT6a9G_jQmH/,"Imagem do Instagram",,Total,65122,41495,1251,57,2,14,12
18080282066642561,17841400074692954,paulistao,Paulistão,"FALA, CRAQUE! 
#PaulistãoCasasBahia #CraqueDoJogo #Bet7k",31,"01/24/2026 15:52",https://www.instagram.com/reel/DT6Zyf6De8O/,"Reel do Instagram",,Total,30702,23066,515,1,3,4,4
18097541674909008,17841400074692954,paulistao,Paulistão,"Um gol, duas assistências e o troféu de #CraqueDoJogo pro Flaco López! 🏆 #PaulistãoCasasBahia #ChoqueRei #7kBet
📷 Renato Pizzutto/Ag. Paulistão/Sua Foto no Jogo",0,"01/24/2026 15:48",https://www.instagram.com/p/DT6ZObJDcW0/,"Imagem do Instagram",,Total,9647,6454,306,11,0,3,4
17939976732129302,17841400074692954,paulistao,Paulistão,"O CRAQUE DO CHOQUE-REI!
@flacolopez_10 🤳🏆🐷
#PaulistãoCasasBahia #Palmeiras",0,"01/24/2026 15:42",https://www.instagram.com/p/DT6Ym9ejXRj/,"Imagem do Instagram",,Total,77507,47235,10874,163,23,51,44
18076349840369534,17841400074692954,paulistao,Paulistão,"GOLAÇO POR TODOS OS ÂNGULOS! 😮‍💨🤌 #PaulistãoCasasBahia #Palmeiras #ChoqueRei",17,"01/24/2026 15:41",https://www.instagram.com/reel/DT6YYlQjMab/,"Reel do Instagram",,Total,276893,217112,14859,2876,133,121,225
18115757680610726,17841400074692954,paulistao,Paulistão,"FIM DE PAPO NO CHOQUE-REI! 🟢⚪
O Palmeiras venceu o São Paulo em Barueri! JOGÃO! 🔥 #PaulistãoCasasBahia #ChoqueRei #Palmeiras
📷 Victor Froes e Renato Pizzutto/Ag. Paulistão/Sua Foto no Jogo",0,"01/24/2026 15:32",https://www.instagram.com/p/DT6XW1zEm7O/,"Carrossel do Instagram",,Total,155910,95555,6346,1130,8,64,45
18171706240388459,17841400074692954,paulistao,Paulistão,"Todo o caminho do Palmeiras até o golaço do Flaco López! 🔥 #PaulistãoCasasBahia #ChoqueRei #Palmeiras #Sil",0,"01/24/2026 14:59",https://www.instagram.com/p/DT6Tln8iTER/,"Carrossel do Instagram",,Total,46404,20714,1153,63,0,20,9
18107305267678718,17841400074692954,paulistao,Paulistão,"TÁ FEITO MÚSICA! 🎼
Mais uma jogada coletiva do Verdão que termina num belo gol. Dessa vez, Khellven ampliou o marcador.

#PaulistãoCasasBahia #Palmeiras #Betano",34,"01/24/2026 14:57",https://www.instagram.com/reel/DT6TYXQj_yl/,"Reel do Instagram",,Total,93156,60413,3793,104,17,55,27
18110457364654296,17841400074692954,paulistao,Paulistão,"COM A CABEÇA! 😅😅😅
Vem ver como o Carlos Miguei afastou o perigo! 
#PaulistãoCasasBahia",4,"01/24/2026 14:55",https://www.instagram.com/reel/DT6TSN6kZie/,"Reel do Instagram",,Total,115883,58283,1670,14,9,13,17
18080898191242109,17841400074692954,paulistao,Paulistão,"QUE JOGADA DO PALMEIRAS! 🔥😮‍💨
Khellven amplia a vantagem do Verdão no clássico! 
#PaulistãoCasasBahia #Palmeiras",50,"01/24/2026 14:47",https://www.instagram.com/reel/DT6SNH9Eie4/,"Reel do Instagram",,Total,101492,73554,3260,265,15,29,43
17917233912255086,17841400074692954,paulistao,Paulistão,"✅ 2 CHUTES
✅ 2 GOLS

Esse é o resumo do 1º tempo do Palmeiras no Choque-Rei! #PaulistãoCasasBahia #ChoqueRei #Palmeiras",0,"01/24/2026 14:41",https://www.instagram.com/p/DT6RhpXDEXh/,"Imagem do Instagram",,Total,71409,37305,2020,3,0,9,11
18056796962345862,17841400861993763,matheusgonze1,"Matheus Gonze","FLACO LÓPEZ🥶🥶🥶",9,"01/24/2026 14:37",https://www.instagram.com/reel/DT6Q-y0jy8m/,"Reel do Instagram",,Total,292553,186841,19034,1835,52,92,0
18523568218069192,17841400074692954,paulistao,Paulistão,"OS NÚMEROS DO CHOQUE-REI! 😮‍💨
Mesmo com a vitória parcial, o Palmeiras atuou pouco na sua área de ataque! 🔥 #PaulistãoCasasBahia",0,"01/24/2026 14:33",https://www.instagram.com/p/DT6QrdHE7Ec/,"Imagem do Instagram",,Total,33669,20431,625,7,0,7,3
18106444033764585,17841400074692954,paulistao,Paulistão,"QUE GOLAÇO DO PALMEIRAS! 🐷
Sosa deu uma linda assistência para achar Flaco López livre.

#PaulistãoCasasBahia #Palmeiras #Betano",37,"01/24/2026 14:31",https://www.instagram.com/reel/DT6QXB8AFA4/,"Reel do Instagram",,Total,219733,142197,10375,536,33,142,98
17988071483768402,17841400074692954,paulistao,Paulistão,"A MOEDA DECIDIU! 🪙
Quer garantir o seu microondas? A hora é agora. Corre pro site da @casasbahia que ela tá em promoção! A decisão foi no cara e coroa do #ChoqueRei

#PaulistãoCasasBahia",31,"01/24/2026 14:29",https://www.instagram.com/reel/DT6QOF9EmTg/,"Reel do Instagram",,Total,106146,82649,1152,34,2,42,13
18101302282853224,17841400074692954,paulistao,Paulistão,"FALA, CARLÃO!
#CraqueDoJogo, o camisa 9 analisou o empate e disse o que falta pro Noroeste alcançar a primeira vitória no Paulistão Casas Bahia.
#7KBet #PaulistãoCasasBahia",33,"01/24/2026 14:27",https://www.instagram.com/reel/DT6P_TfgFus/,"Reel do Instagram",,Total,31797,22336,845,19,3,29,9
17926856805056481,17841400074692954,paulistao,Paulistão,"INTERVALO NO CHOQUE-REI! 
Por enquanto, o Verdão vai vencendo em Barueri! Será que o placar muda no 2º tempo? 👀 #PaulistãoCasasBahia #ChoqueRei
📷 Victor Froes/Ag. Paulistão/Sua Foto no Jogo",0,"01/24/2026 14:24",https://www.instagram.com/p/DT6PpxqE9zO/,"Imagem do Instagram",,Total,31816,18476,1288,56,0,39,7
18013891376811568,17841400074692954,paulistao,Paulistão,"FLACO LÓPEZ COLOCOU O PALMEIRAS NA FRENTE DE NOVO! 🟢⚪ #PaulistãoCasasBahia #ChoqueRei #Palmeiras
📷 Victor Froes/Ag. Paulistão/Sua Foto no Jogo",0,"01/24/2026 14:22",https://www.instagram.com/p/DT6PWbcjEri/,"Carrossel do Instagram",,Total,27821,13774,2565,26,3,13,18
17875580025475094,17841400074692954,paulistao,Paulistão,"O SÃO PAULO TENTA RESSURGIR! 🇾🇪
Bobadilla iguala o marcador rapidamente. Pega fogo o #ChoqueRei!

#PaulistãoCasasBahia #SãoPauloFC #Betano",33,"01/24/2026 14:22",https://www.instagram.com/reel/DT6PWxACVv2/,"Reel do Instagram",,Total,142856,87772,2836,95,7,63,28
18391987255183239,17841400074692954,paulistao,Paulistão,"COLECIONANDO PRÊMIOS!
Pela terceira vez no Paulistão Casas Bahia, Carlão, do Noroeste, é o #CraqueDoJogo!
#7KBet #PaulistãoCasasBahia
📷 Rebeca Reis/Ag. Paulistão/Sua Foto no Jogo",0,"01/24/2026 14:21",https://www.instagram.com/p/DT6PUhMkqT-/,"Imagem do Instagram",,Total,10137,6563,249,7,0,7,0
18077885324586113,17841400074692954,paulistao,Paulistão,"TUDO IGUAL!
O duelo do Moisés Lucarelli acabou em empate.
#PaulistãoCasasBahia 
📷 Rebeca Reis/Ag. Paulistão/Sua Foto no Jogo",0,"01/24/2026 14:18",https://www.instagram.com/p/DT6PApLkudq/,"Carrossel do Instagram",,Total,24683,11872,553,15,0,15,0
18061345805318072,17841400074692954,paulistao,Paulistão,"FOI DO PALMEIRAS! 💚
Maurício abriu o placar para o Verdão contra o São Paulo no #ChoqueRei

#PaulistãoCasasBahia #Palmeiras #Betano",22,"01/24/2026 14:09",https://www.instagram.com/reel/DT6N5Zej-oI/,"Reel do Instagram",,Total,70755,47416,1372,56,16,37,16
18118057093585848,17841400074692954,paulistao,Paulistão,"FLACO LÓPEZ MATADOR! 🔥⚽️
O argentino coloca o Palmeira na vantagem mais uma vez!
#PaulistãoCasaBahia #Palmeiras",52,"01/24/2026 14:04",https://www.instagram.com/reel/DT6NVt7Ek6M/,"Reel do Instagram",,Total,128258,85479,6890,513,27,62,65
17905204080340954,17841400074692954,paulistao,Paulistão,"TUDO IGUAL NO CHOQUE-REI! 🤝
Maurício abriu o placar pro Verdão, mas Bobadilla não demorou pra empatar pro Tricolor! 🔥 #PaulistãoCasasBahia #ChoqueRei
📷 Victor Froes e Renato Pizzutto/Ag. Paulistão/Sua Foto no Jogo",0,"01/24/2026 14:01",https://www.instagram.com/p/DT6M8lxDJrp/,"Carrossel do Instagram",,Total,65202,33518,7005,20,62,9,23
18090998420485306,17841400074692954,paulistao,Paulistão,"TUDO IGUAAAAAL! 
Bobadilla empata o Choque-Rei! 
#PaulistãoCasasBahia",23,"01/24/2026 13:46",https://www.instagram.com/reel/DT6LQWhkoid/,"Reel do Instagram",,Total,119898,80671,2574,147,23,57,13
18306433933284980,17841400074692954,paulistao,Paulistão,"MAURÍCIO ABRE O PLACAR! 🐷🔥
O Palmeiras sai na frente no Choque-Rei em Barueri!
#PaulistãoCasasBahia #Palmeiras",34,"01/24/2026 13:42",https://www.instagram.com/reel/DT6KxLyEt4W/,"Reel do Instagram",,Total,81660,57004,1907,115,8,37,23
18249745861293033,17841400074692954,paulistao,Paulistão,"EQUIPES EM CAMPO! ⚔️👑
Vai começar o Choque-Rei! 
#PaulistãoCasasBahia",30,"01/24/2026 13:29",https://www.instagram.com/reel/DT6JUr4Et7L/,"Reel do Instagram",,Total,26641,18886,1161,13,28,9,9
17865886833475489,17841400074692954,paulistao,Paulistão,"FOI POR POUCO!
O Cristiano fez o mais difícil, mas na hora de tirar o dez, carimbou a trave da equipe de Bauru. Por pouco não saiu o terceiro da Ponte Preta!
#PaulistãoCasasBahia",26,"01/24/2026 13:28",https://www.instagram.com/reel/DT6JTb6AJ9Z/,"Reel do Instagram",,Total,86030,54774,937,122,3,22,10
18097222166481736,17841400074692954,paulistao,Paulistão,"FOCADOS NA VITÓRIA! 🇾🇪
Para Enzo Diaz, tudo o que interessa ao São Paulo neste #ChoqueRei é a vitória fora de casa.

#PaulistãoCasasBahia #Bet365",93,"01/24/2026 13:27",https://www.instagram.com/reel/DT6IqEFkjTY/,"Reel do Instagram",,Total,18959,14560,1507,7,8,6,11
18075312929525538,17841400074692954,paulistao,Paulistão,"RECOMEÇAR! 💚
Segundo o Allan, a postura do Palmeiras será outra contra o São Paulo a após a dolorida derrota para o Novorizontino.

#PaulistãoCasasBahia #ChoqueRei #Bet365",65,"01/24/2026 13:22",https://www.instagram.com/reel/DT6HehDkv8K/,"Reel do Instagram",,Total,13427,11127,718,4,0,2,3
18077615963037245,17841400074692954,paulistao,Paulistão,"AQUECIMENTO ROLANDO! 🔥
Já já a bola vai rolar pra mais um Superclássico Casas Bahia! 😮‍💨 #PaulistãoCasasBahia #ChoqueRei
📷 Renato Pizzutto e Victor Froes/Ag. Paulistão/Sua Foto no Jogo",0,"01/24/2026 13:22",https://www.instagram.com/p/DT6Ifx9k9f2/,"Carrossel do Instagram",,Total,33543,14816,973,13,0,6,7
18087808787101927,17841400074692954,paulistao,Paulistão,"POV: Você é o @senaitalo na chegada dos jogadores do Palmeiras e do São Paulo para o Choque-Rei! 👀
#PaulistãoCasasBahia #ChoqueRei",47,"01/24/2026 13:15",https://www.instagram.com/reel/DT6Gp0-EixU/,"Reel do Instagram",,Total,732063,418549,20264,801,41,201,362
18010414988667205,17841400074692954,paulistao,Paulistão,"TRANSIÇÃO PRECISA!
O terceiro gol do Leão começou na defesa. 
#PaulistãoCasasBahia",0,"01/24/2026 13:00",https://www.instagram.com/p/DT6DNU4DTzr/,"Imagem do Instagram",,Total,18403,10477,225,0,0,2,1
17896104045389543,17841400074692954,paulistao,Paulistão,"QUE JOGAÇO!
45 minutos de muita emoção no Moisés Lucarelli! Tá tudo igual entre Ponte Preta e Noroeste!
#PaulistãoCasasBahia 
📷 Rebeca Reis/Ag. Paulistão/Sua Foto no Jogo",0,"01/24/2026 12:56",https://www.instagram.com/p/DT6FqbkksIq/,"Imagem do Instagram",,Total,21184,12810,503,12,0,11,0
17849142960667538,17841418458448463,canalestagiarios,"Canal Estagiários","DIA DE CLÁSSICO CHOQUE-REI ⚽️🔥

Hoje tem a nossa transmissão AO VIVO em parceria com o @paulistao com Palmeiras x São Paulo. Duas equipes pressionadas, clima tenso e promessa de jogo quente do começo ao fim. 

Cola com a gente pra acompanhar tudo!

O Pré-jogo COM IMAGENS mais resenha do Youtube e com muita informação começa as 16:30

#paulistao #choquerei #futebol #estagiários #spfc #palmeiras",0,"01/24/2026 07:00",https://www.instagram.com/p/DT5X8yYDkME/,"Imagem do Instagram","Ocorreu um erro ao computar métricas.",-,,,,,,,
17848898595632029,17841405688144679,rivalobrasil,"Rivalo Brasil","Seleção Rivalo + Melhores Desempenhos em parceria com o @sofascorebr_oficial pela 3ª rodada do Paulista A2 Rivalo 2026! 🏆

A rodada pegou fogo, hein? Arrasta pro lado e vem descobrir! 💥

Obs: Seleção baseada nas Notas Sofascore 📊

#Rivalo #NadaGanhaDaEmoção #JoguecomResponsabilidade +18 #RivaloSofascore",0,"01/23/2026 12:35",https://www.instagram.com/p/DT3efFcgVyB/,"Carrossel do Instagram","Ocorreu um erro ao computar métricas.",-,,,,,,,
17876880195387161,17841401683210430,portalr7,"Portal R7","Yuri Alberto fez o primeiro gol da partida, aos 18 minutos, e Gabriel Barbosa empatou, aos 94 minutos! ⚽

➡️ Assista à íntegra da transmissão do #PaulistãoNaRECORD em R7.com. O link está na bio.
#PortalR7 #R7 #DesimpedidosNoR7 #PubliPaulistão

Oferecimento: @365betbrasil, @estacio_brasil, @magalu, @perdigaonabrasaoficial e @picpay.",101,"01/22/2026 17:29",https://www.instagram.com/reel/DT1bP40DkoL/,"Reel do Instagram","Ocorreu um erro ao computar métricas.",-,,,,,,,
17926746450194958,17841401988974661,r7esportes,"R7 Esportes","EMPATE DO PEIXE! 🐳⚽

Em cobrança de falta perto da área, Gabigol chutou forte no canto do goleiro, e Hugo não conseguiu defender. O camisa 9 do Santos empata a partida nos acréscimos contra o Corinthians, 1 a 1.

➡️ Veja as principais notícias sobre o Campeonato Paulista 2026 em R7.com/esportes. O link está na bio.
#PortalR7 #R7 #PaulistãoNaRECORD",61,"01/22/2026 16:32",https://www.instagram.com/reel/DT1UtYNgKz9/,"Reel do Instagram","Ocorreu um erro ao computar métricas.",-,,,,,,,
17871284298524459,17841421574315741,historiasantista,"Rafael Falino","TINHA QUE SER ELE💪

#historiasantista #santosfc #futebol #paulistao #gabigol",18,"01/22/2026 16:28",https://www.instagram.com/reel/DT1UB1JjquV/,"Reel do Instagram","Ocorreu um erro ao computar métricas.",-,,,,,,,
18003202499698918,17841471196696715,ohdejay,"Dj | Inteligencia Artificial","Não é IA ele está presente ✋🏽😛🤚🏽 

@paulistao @casasbahia

#neymar #explorar #paulistao",53,"01/22/2026 15:03",https://www.instagram.com/reel/DT1I_z9ATsb/,"Reel do Instagram","Ocorreu um erro ao computar métricas.",-,,,,,,,
18202960942322924,17841401683210430,portalr7,"Portal R7","ERROU O PÊNALTI! 😱🦅

Após sofrer o falta de Zé Ivaldo na área, o próprio Yuri Alberto foi para a cobrança e perdeu o pênalti. O placar segue zerado no primeiro tempo do Clássico Alvinegro, na Vila Belmiro

➡️ Veja as principais notícias sobre o Campeonato Paulista 2026 em R7.com/esportes. O link está na bio.
#PortalR7 #R7 #PaulistãoNaRECORD",42,"01/22/2026 14:55",https://www.instagram.com/reel/DT1JceFDRP5/,"Reel do Instagram","Ocorreu um erro ao computar métricas.",-,,,,,,,
18551525149009435,17841455066317821,cazetv,CazéTV,"YURI ALBERTO SABE DE ALGO NA VILA BELMIRO? 👀🦅

O camisa 9 do Timão já jogou no Santos e reecontra o ex-time na Vila... e o ADM ficou pensando: o que será que ele estava falando para o Bidon e para o Bidu? 🤔

🔗 ESTAMOS AO VIVO COM PAULISTÃO NA CAZÉTV! É CLÁSSICO, É SANTOS X CORINTHIANS! LINK NO STORY!

🎥 @ellendafiel

#Santos #Corinthians #CoberturaCazéTV #SetoristasCazéTV #Original",21,"01/22/2026 13:11",https://www.instagram.com/reel/DT09ukEAtoH/,"Reel do Instagram","Ocorreu um erro ao computar métricas.",-,,,,,,,
18134153773496504,17841400074692954,paulistao,Paulistão,"MAIS UM DUELO NESSA QUINTA-FEIRA! 👀
Comenta aqui para quem vai sua torcida nesse confronto:
🔥 - Botafogo
👻 - Primavera
#PaulistãoCasasBahia",0,"01/22/2026 10:00",https://www.instagram.com/p/DT0iwrkjlb_/,"Imagem do Instagram",,Total,26084,14769,372,1,1,14,1
18034224095558455,17841400074692954,paulistao,Paulistão,"TÁ MALUCO!
O Pacheco bateu com estilo e marcou um golaço pra Ponte Preta! É a virada da Macaca!
#PaulistãoCasasBahia #Betano",22,"01/24/2026 12:48",https://www.instagram.com/reel/DT6ErTrDGcK/,"Reel do Instagram",,Total,98810,59920,2258,67,9,37,11
18053553395411408,17841455066317821,cazetv,CazéTV,"ISSO AQUI É INACREDITÁVEL KKKKKKKK 😂

O PERIQUITO DEIXOU O TORCEDOR NA SAUDADE, FILHO! O CARA TA PROCURANDO A BOLA ATÉ AGORA! 😅

#CoberturaCazéTV #PaulistãoNaCazéTV #PaulistãoNoYouTube #Palmeiras #Original",7,"01/24/2026 12:37",https://www.instagram.com/reel/DT6DcPelCdz/,"Reel do Instagram",,Total,3654813,1784554,63222,5368,14,565,0
18080575004254995,17841400074692954,paulistao,Paulistão,"O TRICOLOR CHEGOU! 🇾🇪
O São Paulo também já está em Barueri pro Superclássico Casas Bahia que começa daqui a pouco! #PaulistãoCasasBahia #ChoqueRei
📷 Renato Pizzutto/Ag. Paulistão/Sua Foto no Jogo",0,"01/24/2026 12:36",https://www.instagram.com/p/DT6DVdyk7vh/,"Carrossel do Instagram",,Total,38580,17498,1932,36,1,30,14
18053359532695001,17841400074692954,paulistao,Paulistão,"COM FOME DE GOL!
O ataque do Leão estava afiado na goleada de hoje, hein?
#PaulistãoCasasBahia",0,"01/24/2026 12:31",https://www.instagram.com/p/DT6Cv5uk0Cr/,"Imagem do Instagram",,Total,26740,14892,399,1,0,0,2
17961240765036011,17841400074692954,paulistao,Paulistão,"VERDÃO E TRICOLOR NA ÁREA! 🤩👋🏼
Vem ver a chegada dos times para o Superclássico Casas Bahia de logo mais! 
#PaulistãoCasasBahia",47,"01/24/2026 12:29",https://www.instagram.com/reel/DT6CSqWkkXg/,"Reel do Instagram",,Total,17133,12682,719,26,2,11,6
18045107240707881,17841400074692954,paulistao,Paulistão,"EMPATE LIGEIRO!
A vantagem do Noroeste durou pouco! Cristiano bateu de dentro da área para deixar tudo igual para a Ponte Preta! É o primeiro da Macaca no Paulistão Casas Bahia 2026!
#PaulistãoCasasBahia #Betano",30,"01/24/2026 12:28",https://www.instagram.com/reel/DT6CW8nikoh/,"Reel do Instagram",,Total,74918,48140,1249,42,4,18,12
17999212274707531,17841400074692954,paulistao,Paulistão,"O VERDÃO TÁ EM CASA! 🟢⚪
O Palmeiras já chegou na Arena Barueri pro Choque-Rei de logo mais! #PaulistãoCasasBahia #ChoqueRei
📷 Renato Pizzutto/Ag. Paulistão/Sua Foto no Jogo",0,"01/24/2026 12:27",https://www.instagram.com/p/DT6COqBE7xy/,"Carrossel do Instagram",,Total,80170,45833,2505,31,3,9,27
18191821843354194,17841400074692954,paulistao,Paulistão,"TÁ NA REDE!
Danner bate com categoria da entrada da área e anota o primeiro da partida para o Noroeste!
#PaulistãoCasasBahia #Betano",23,"01/24/2026 12:26",https://www.instagram.com/reel/DT6CH3Nk4eQ/,"Reel do Instagram",,Total,85670,53667,1288,40,3,42,6
18180511033367388,17841400074692954,paulistao,Paulistão,"O PRIMEIRO FOI DELE!
Igor Formiga iniciou a contagem da goleada e levou o troféu de Craque do Jogo!
#PaulistãoCasasBahia #CraqueDoJogo #Bet7K 
📷 Rafael Assunção/Ag. Paulistão/Sua Foto no Jogo",0,"01/24/2026 12:25",https://www.instagram.com/p/DT6B9FWk0lz/,"Imagem do Instagram",,Total,9857,6617,85,8,0,2,3
17904239736447386,17841400074692954,paulistao,Paulistão,"DE PRIMERA!
O Everton Galdino soltou esse chutaço para fechar a conta para o Leão!
#PaulistãoCasasBahia #Betano",26,"01/24/2026 12:07",https://www.instagram.com/reel/DT5_00FEjPH/,"Reel do Instagram",,Total,25908,18267,359,25,2,4,2
17998113368893064,17841404188980750,rafitiia,"Rafaela Silva","será que hoje a moeda vai cair em pé? 
Em 1943 quando essa frase ganhou força o São Paulo empatava com o Palmeiras e se consagrava campeão paulista! 

hoje é dia de Choque-Rei, os três pontos é importante para o tricolor paulista. 

 #CriadoresPaulistãoCasasBahia
#EmbaixadoresPaulistão2026 #paulistao #choquerei #saopaulo",66,"01/24/2026 12:02",https://www.instagram.com/reel/DT5_T6NERXW/,"Reel do Instagram",,Total,25081,17673,1644,36,20,35,0
17921946270237070,17841400074692954,paulistao,Paulistão,"GOLEADA DO LEÃO!
A rodada começou com o @mirassolfc conquistando três pontos e goleando no #PaulistãoCasasBahia!
📷 Rafael Assunção/Ag. Paulistão/Sua Foto no Jogo",0,"01/24/2026 11:59",https://www.instagram.com/p/DT5_K49knAE/,"Carrossel do Instagram",,Total,45225,23476,1192,33,0,14,11
18007900088835699,17841400074692954,paulistao,Paulistão,"O MIRASSOL TÁ COM TUDO!
Logo no comecinho do segundo tempo, Eduardo também deixou o dele para ampliar a vantagem do Leão! 
#PaulistãoCasasBahia #Betano",31,"01/24/2026 11:22",https://www.instagram.com/reel/DT56nxBEaOx/,"Reel do Instagram",,Total,129137,76897,1767,24,2,12,13
18001056611851289,17841400074692954,paulistao,Paulistão,"TRICOLOR NO TRAJE! 
Se tem Superclássico Casas Bahia, tem look por aqui! E a @gabi_rmonico trouxe uma opção na estica pra torcer pelo Tricolor!
#CriadoresPaulistãoCasasBahia",36,"01/24/2026 11:05",https://www.instagram.com/reel/DT545pHGMWM/,"Reel do Instagram",,Total,34749,21474,1690,54,3,34,68
18139994218470872,17841400074692954,paulistao,Paulistão,"TRADIÇÃO EM CAMPO!
O Moisés Lucarelli tá pronto para receber o duelo entre Ponte Preta e Noroeste! Quem será que leva os três pontos nesse jogão?
#PaulistãoCasasBahia 
📷 Rebeca Reis/Ag. Paulistão/Sua Foto no Jogo",0,"01/24/2026 11:04",https://www.instagram.com/p/DT5419Gkk8t/,"Carrossel do Instagram",,Total,41718,18309,775,31,3,44,7
18026476202787808,17841400074692954,paulistao,Paulistão,"QUE COMEÇO DO LEÃO!
Com dois gols no começo, o Mirassol abre vantagem fora de casa.
#PaulistãoCasasBahia
📷 Rafael Assunção/Ag. Paulistão/Sua Foto no Jogo",0,"01/24/2026 10:52",https://www.instagram.com/p/DT53Watk-nc/,"Imagem do Instagram",,Total,25575,15467,612,4,0,6,2
18107703985738088,17841400074692954,paulistao,Paulistão,"JOGO DO VERDÃO NA ESTICA!
Já que é dia de Choque-Rei, a @amandahonel veio trazer algumas opções de look pra torcer pelo Palmeiras! 
#CriadoresPaulistãoCasasBahia",79,"01/24/2026 10:40",https://www.instagram.com/reel/DT51_v1EeM6/,"Reel do Instagram",,Total,13119,10018,408,36,0,23,9
18146179645460066,17841400074692954,paulistao,Paulistão,"MAIS UM!
O goleiro até defendeu, mas o Renato Marques aproveitou a sobra pra marcar o segundo. 
#PaulistãoCasasBahia #Betano",24,"01/24/2026 10:30",https://www.instagram.com/reel/DT50wJ-kYVZ/,"Reel do Instagram",,Total,109738,72464,1700,18,0,54,10
17912850693294568,17841400074692954,paulistao,Paulistão,"NO COMECINHO…
Igor Formiga avançou sozinho, saiu da marcação e abriu o placar aos dois minutos! 
#PaulistãoCasasBahia #Betano",21,"01/24/2026 10:24",https://www.instagram.com/reel/DT50Jl3kYjN/,"Reel do Instagram",,Total,87012,55108,1555,29,2,15,8
18531070045070591,17841402951081289,ecsantoandre,"Esporte Clube Santo André","Dia de decisão no @paulistao! ⚽️

Inter de Limeira e Santo André se enfrentam pela 5ª rodada da série A2 do Campeonato Paulista.

A partida acontece logo mais, às 16h, no Estádio do Limeirão.

📷 @tavares_fire 

#PraCimaRamalhão
#VamosLeão",0,"01/24/2026 10:16",https://www.instagram.com/p/DT5zXByFC0u/,"Carrossel do Instagram",,Total,25680,10690,546,1,5,9,0
18104020165789590,17841400074692954,paulistao,Paulistão,"ELE FECHOU O GOL! 🧤🌟
Com direito a defesa de pênalti, Caíque França foi o Craque da 4ª Rodada do #PaulistãoCasasBahia! 
#CraqueDaRodada #Bet7K",32,"01/24/2026 10:16",https://www.instagram.com/reel/DT5ytFiEcgy/,"Reel do Instagram",,Total,30825,21680,441,4,0,10,5
18067385672561414,17841400074692954,paulistao,Paulistão,"VOCÊS VOTARAM E ESCOLHERAM… 🫵
O gol do Yuri Alberto no Clássico Alvinegro é o Golaço da 4ª Rodada do #PaulistãoCasasBahia! 
#GolaçoDaRodada #Betano",21,"01/24/2026 10:05",https://www.instagram.com/reel/DT5x3W1kYxA/,"Reel do Instagram",,Total,592232,500792,3280,128,18,129,41
18088830983043787,17841426196827383,copinha,Copinha,"O RAFAEL CONHECE BEM A FINAL QUE VAI ROLAR AMANHÃ! 👀🧤
Hoje, o goleiro defende a meta do São Paulo mas, em 2007, Rafael foi fundamental para o único título do Cruzeiro na Copinha Sil (contra o Tricolor Paulista!), defendendo uma cobrança nas penalidades. Agora, a final se repete nesse domingo! E aí, torcedor, qual seu palpite para o jogo?
#CopinhaSil",0,"01/24/2026 10:00",https://www.instagram.com/p/DT5xd2CkUzk/,"Carrossel do Instagram",,Total,546518,226391,15245,323,16,91,188
18105902239776888,17841400074692954,paulistao,Paulistão,"DUELO DE PAREDÕES!
Alex Alves de um lado e Walter do outro! Qual dos goleiros será decisivo no confronte entre São Bernardo e Mirassol?
#PaulistãoCasasBahia 
📷Rafael Assunção/Ag. Paulistão/Sua Foto no Jogo",0,"01/24/2026 09:47",https://www.instagram.com/p/DT5wB95kuIC/,"Carrossel do Instagram",,Total,26899,12738,415,1,0,8,2
18184621693362094,17841400738755454,baamaia,"Bárbara Maia 🧿","DIA DE CHOQUE-REI 👊🏻⚽️

Palmeiras e São Paulo se enfrentam neste sábado, às 18h30, na Arena Barueri, pressionados por momentos distintos no Paulistão.

O Verdão tenta se recuperar da pior derrota da era Abel Ferreira, o 4 a 0 para o Novorizontino. Mesmo com o revés, o Palmeiras é o terceiro colocado, com nove pontos, e deve ir a campo com força máxima.

O São Paulo vive fase delicada. Tem apenas uma vitória, quatro pontos, está a um ponto da zona de rebaixamento e vem de derrota por 3 a 2 para a Portuguesa. Para o clássico, Lucas Moura não foi relacionado. Calleri está à disposição.

E aí quem leva no Choque-Rei? 🔥
.
.
#palmeiras #saopaulofc #embaixadorespaulistão2026 #paulistao",118,"01/24/2026 09:46",https://www.instagram.com/reel/DT5vjPjEeg6/,"Reel do Instagram",,Total,7974,6415,537,12,1,24,0
18251370928294268,17841400074692954,paulistao,Paulistão,"TIGRE vs. LEÃO!
A quinta rodada do Paulistão Casas Bahia tá na área e já de cara tem o jogão entre São Bernardo e Mirassol vindo aí!
#PaulistãoCasasBahia
📷Rafael Assunção/Ag. Paulistão/Sua Foto no Jogo",0,"01/24/2026 09:15",https://www.instagram.com/p/DT5sZMrEj7z/,"Carrossel do Instagram",,Total,13551,5976,241,0,0,4,0
17990759231756180,17841400074692954,paulistao,Paulistão,"VAMOS, SÃO PAULO! 🇾🇪🔥
Só a vitória interessa para o Tricolor no clássico em Barueri!
#PaulistãoCasasBahia #SãoPaulo #ChoqueRei",0,"01/24/2026 09:00",https://www.instagram.com/p/DT5led5EujD/,"Imagem do Instagram",,Total,43960,26143,1928,97,0,16,15
18081404840220284,17841400074692954,paulistao,Paulistão,"Arbitragem escalada para a partida entre Palmeiras e São Paulo!
#EscalaDeArbitragem #PaulistãoCasasBahia",0,"01/24/2026 08:30",https://www.instagram.com/p/DT5iCp6jzKT/,"Imagem do Instagram",,Total,61923,36460,1427,155,2,203,20
17925498441217215,17841400074692954,paulistao,Paulistão,"AVANTI, PALESTRA! 🐷🔥
O Palmeiras joga em casa por uma vitória importante em mais um Superclássico Casas Bahia! Bora que hoje é dia de Choque-Rei, torcida alviverde!
#PaulistãoCasasBahia #Palmeiras #ChoqueRei",0,"01/24/2026 08:00",https://www.instagram.com/p/DT5emk8Emkd/,"Imagem do Instagram",,Total,49004,30953,2137,140,2,27,19
17871915729510996,17841400074692954,paulistao,Paulistão,"PAREDÃO BUGRINO!
Caíque França fechou o gol contra Velo Clube, defendeu pênalti e foi escolhido como o #CraqueDaRodada 7KBet! O goleirão do Guarani recebeu 39% dos votos aqui no meu Instagram.
#7KBet #PaulistãoCasasBahia",0,"01/24/2026 07:52",https://www.instagram.com/p/DT5i1Xzkrid/,"Imagem do Instagram",,Total,50963,24651,1506,63,4,68,5
17933757096168496,17841400074692954,paulistao,Paulistão,"AVISA QUE É ELE!
A galera votou aqui no meu Instagram e escolheu o Thiago, na Ferroviária, como o Craque da 4ª Rodada do Paulistão A2 Rivalo! O atleta da Locomotiva Grená recebeu 43% dos votos.
#PaulistãoA2Rivalo",0,"01/24/2026 07:49",https://www.instagram.com/p/DT5iisIEpn0/,"Imagem do Instagram",,Total,21427,12453,328,15,1,17,1
17862807600568874,17841400074692954,paulistao,Paulistão,"Arbitragem escalada para a partida entre Ponte Preta e Noroeste!
#EscalaDeArbitragem #PaulistãoCasasBahia",0,"01/24/2026 07:30",https://www.instagram.com/p/DT5bJfmErmt/,"Imagem do Instagram",,Total,29097,16471,234,10,0,5,0
18035278721551636,17841401009444456,tntsportsbr,"TNT Sports Brasil","HOJE TEM TRICOLOR EM CAMPO NO CLÁSSICO! 🇾🇪🇾🇪 O Choque-Rei é EXCLUSIVO da TNT e da HBO Max! Assine com o link da BIO e vem com a gente pra esse JOGAÇO! #FutebolBrasileiro #PaulistãoNaTNT #PaulistãoNaHBOMax",0,"01/24/2026 07:00",https://www.instagram.com/p/DT5c3SIkTOH/,"Imagem do Instagram",,Total,1423635,746021,19450,509,19,228,0
18012150125659530,17841400074692954,paulistao,Paulistão,"EM BUSCA DOS TRÊS PONTOS! 👀🗣️
Ponte Preta e Noroeste querem vencer pela primeira vez no #PaulistãoCasasBahia para subir na tabela!",0,"01/24/2026 07:00",https://www.instagram.com/p/DT5XvUuksSe/,"Imagem do Instagram",,Total,36836,21891,647,19,0,20,8
18030604727586697,17841400074692954,paulistao,Paulistão,"Arbitragem escalada para a partida entre São Bernardo e Mirassol!
#EscalaDeArbitragem #PaulistãoCasasBahia",0,"01/24/2026 06:30",https://www.instagram.com/p/DT5UUcDjMDn/,"Imagem do Instagram",,Total,18351,10840,160,4,0,1,3
18103506409763459,17841400074692954,paulistao,Paulistão,"ABRINDO A RODADA! 🐯⚔️🦁
Tigre e Leão duelam em busca da vitória nesse sábado!
#PaulistãoCasasBahia",0,"01/24/2026 06:00",https://www.instagram.com/p/DT5Q5dpjt8L/,"Imagem do Instagram",,Total,25101,15226,414,4,0,6,5
18109388596650306,17841400074692954,paulistao,Paulistão,"COM DIREITO A CHOQUE-REI! ⚔️
Vem conferir os confrontos e onde assistir ao Paulistão Casas Bahia nesse sabadão!
#PaulistãoCasasBahia",0,"01/24/2026 05:00",https://www.instagram.com/p/DT5KB9WjMR3/,"Imagem do Instagram",,Total,60943,34024,1791,59,0,11,30
18105931057742950,17841400074692954,paulistao,Paulistão,"JOGO ÚNICO!
Ituano e São Bento encerram a rodada neste domingo.
#PaulistãoA2Rivalo",0,"01/24/2026 04:00",https://www.instagram.com/p/DT5DKVFEqZ5/,"Imagem do Instagram",,Total,19994,11521,362,9,0,5,3
18099993157851612,17841400074692954,paulistao,Paulistão,"SÁBADOOOOOU! 
E com o sábado vieram mais jogos do #PaulistãoA3Rivalo! Vem assistir AO VIVO no YouTube do @paulistao 🤩",0,"01/24/2026 03:00",https://www.instagram.com/p/DT48TXZEtFN/,"Imagem do Instagram",,Total,27491,16619,351,9,0,8,3
17861972994577037,17841400074692954,paulistao,Paulistão,"VEM QUE VAI COMEÇAR!
O Paulistão A3 Rivalo 2026 tá na área! E para começar com tudo, é dia de XV de Jaú e União São João no Zezinho Magalhães!
#PaulistãoA3Rivalo
📷Douglas Moreti/Ag. Paulistão",0,"01/23/2026 14:26",https://www.instagram.com/p/DT3rMuZEvlF/,"Carrossel do Instagram",,Total,37010,15166,684,8,1,16,4
17984805464778626,17841400074692954,paulistao,Paulistão,"O @vellosogg tava ligado no encontro entre Yuri Alberto e Marcelinho Carioca no Clássico Alvinegro!
#PaulistãoCasasBahia #LeituraLabial",17,"01/23/2026 14:15",https://www.instagram.com/reel/DT3oOU1gTa8/,"Reel do Instagram",,Total,696207,437356,19060,194,31,97,273
18009604628825748,17841400074692954,paulistao,Paulistão,"BORA PARA A PRÓXIMA! 🤝
Se liga nos jogos de mais uma rodada de #PaulistãoCasasBahia!",0,"01/23/2026 14:00",https://www.instagram.com/p/DT3jA3zD6-a/,"Imagem do Instagram",,Total,212710,110477,4762,204,20,64,74
18102352420830341,17841401582114304,falalukinhas_,"Lucas Cesare","ELES VIBRARAM MUITO COM O GOL DO GABIGOL NO @paulistao 😱🔥

Quer ser o próximo a ganhar ingressos para o jogo do seu time? Então fica ligado no insta da @auroraalimentos e comeram um lanchão no @bombeefburgers! 

#santos #corinthians #publi #auroraalimentos #falalukinhas",137,"01/23/2026 13:00",https://www.instagram.com/reel/DT3hJ6tkuGQ/,"Reel do Instagram",,Total,15267,14504,365,16,8,14,0
18315441718268134,17841400074692954,paulistao,Paulistão,"FIM DE RODADA, VOCÊS JÁ SABEM!
Vem escolher o craque da 4ª rodada do Paulistão A2 Rivalo! É só votar aqui no post, lembrando que a enquete se encerra amanhã (24), às 12h.
#PaulistãoA2Rivalo",0,"01/23/2026 12:54",https://www.instagram.com/p/DT3glMgCSGZ/,"Imagem do Instagram",,Total,32455,19064,295,148,6,56,2
17929514934181181,17841400074692954,paulistao,Paulistão,"A Portuguesa conquistou uma vitória histórica contra o São Paulo, no Paulistão Casas Bahia. Para além do resultado, o desempenho chamou atenção e o @lendoojogo analisou a @portuguesaoficial no MorumBIS!

● Um dos pontos de maior destaque foi a pressão alta, que buscava forçar o erro na saída de bola e impedir que o São Paulo dominasse a posse; 

● Com uma pressão desenhada em um 4-1-3-2, o comportamento defensivo dos jogadores foi fundamental para esse resultado; 

● Portuga, como primeiro volante, cuidava do espaço à frente da linha defensiva; os pontas fechavam mais por dentro para tirar linhas de passe; Gabriel Pires encaixava em um dos volantes; Zé Vitor subia em um zagueiro, enquanto Renê apertava o outro;

● Direcionavam a saída para fora e, quando a bola estava no corredor lateral, enjaulavam o adversário;

● Com uma postura corajosa e organizada, a Portuguesa comandada por @fabiomatiastecnicofutebol fez uma grande atuação no #PaulistãoCasasBahia!",0,"01/23/2026 12:44",https://www.instagram.com/p/DT3ff8Viaqo/,"Carrossel do Instagram",,Total,337961,119819,5547,535,15,63,458
17866696344554119,17841400074692954,paulistao,Paulistão,"CHEGOU MAIS UMA!
A quinta volta do Paulistão A2 Rivalo tá na área!
#PaulistãoA2Rivalo",0,"01/23/2026 12:27",https://www.instagram.com/p/DT3db2uk_cg/,"Imagem do Instagram",,Total,19439,11574,446,16,2,2,5
18436972723129317,17841400074692954,paulistao,Paulistão,"VAI COMEÇAR O PAULISTÃO A3 RIVALO!
Vem ver as datas e horários dos jogos dessa primeira rodada!
#PaulistãoA3Rivalo",0,"01/23/2026 12:09",https://www.instagram.com/p/DT3be0WgdT5/,"Imagem do Instagram",,Total,46784,26782,880,36,6,14,15
18095252513301076,17841400074692954,paulistao,Paulistão,"O Clássico Alvinegro movimentou a Vila Belmiro e o @vellosogg estava ligado na leitura labial com imagens exclusivas!
#PaulistãoCasasBahia",110,"01/23/2026 11:43",https://www.instagram.com/reel/DT3YJPkiYC5/,"Reel do Instagram",,Total,893411,593107,36669,1114,117,163,929
17972485412834956,17841400074692954,paulistao,Paulistão,"ALÔ, TORCEDOR! 🗣️🫵
Robson, Renê, Caíque França e Romisson representaram na última rodada do #PaulistãoCasasBahia! Agora é a sua vez: quem foi o Craque da 4ª Rodada? Deixe o seu voto na enquete dos comentários!
#CraqueDaRodada #Bet7K

*A enquete encerra no dia 24/01, às 10h",0,"01/23/2026 11:01",https://www.instagram.com/p/DT3Tpr5CSzK/,"Imagem do Instagram",,Total,86698,50272,1280,557,33,341,13
17867953446542485,17841400074692954,paulistao,Paulistão,"ROBG⚽⚽⚽L!
Depois de anotar um hat-trick contra o Palmeiras na última rodada, o homem disparou na liderança da Artilharia do #PaulistãoCasasBahia!
#Artilharia #Assaí",0,"01/23/2026 10:10",https://www.instagram.com/p/DT3LiZNku9V/,"Imagem do Instagram",,Total,85830,52372,632,9,4,16,8
17896644729384897,17841412731525361,tiago.herani,"TIAGO HERANI","Qual é a SUA visão sobre ele? 🫵

#corinthians #matheuspereira #dorivaljunior #paulistão2026 #embaixadorespaulistão2026",59,"01/23/2026 10:02",https://www.instagram.com/reel/DT3MwXzkeXy/,"Reel do Instagram",,Total,30291,23050,1955,7,8,8,0
17871174381531171,17841412731525361,tiago.herani,"TIAGO HERANI","O que VOCÊ achou da nova formação do Dorival? 🤔

#corinthians #paulistão2026 #dorivaljunior #analisetatica #embaixadorespaulistão2026",87,"01/23/2026 09:55",https://www.instagram.com/reel/DT3L6bLEZNc/,"Reel do Instagram",,Total,65607,40607,2829,80,5,42,0
18057101840671850,17841400074692954,paulistao,Paulistão,"VEM ESCOLHER! ☄️🤩
A 4ª rodada do #PaulistãoCasasBahia chegou ao fim e chegou a hora de decidir o Golaço da Rodada! E aí, qual foi o mais bonito? Deixe o seu voto na enquete dos comentários!
#GolaçoDaRodada #Betano

*A enquete encerra no dia 24/01, às 10h",0,"01/23/2026 09:32",https://www.instagram.com/p/DT3JfaSCRuB/,"Carrossel do Instagram",,Total,52634,27109,682,16,2,64,8
17984815577939590,17841402806868982,oboccapalmeiras,"Leandro Boccalini | Bocca","Foi assim na última vez! 🐷🫵🏻!
.
Todo mundo ainda irritado com o último jogo. Eu também e não é pra menos, mas agora o papo é o CHOQUE-REI. 
.
A arquibancada faz a diferença! 👊🏻",86,"01/23/2026 08:00",https://www.instagram.com/reel/DT2-cUaAJHO/,"Reel do Instagram",,Total,342822,218917,18101,227,24,470,0
18068290118195310,17841400074692954,paulistao,Paulistão,"TODOS OS DETALHES DO YURI ALBERTO MARCANDO PELO TIMÃO! 😮‍💨⚫⚪ #PaulistãoCasasBahia",23,"01/23/2026 07:59",https://www.instagram.com/reel/DT2-s5xDZSE/,"Reel do Instagram",,Total,437392,305045,18275,301,125,118,222
18373869439092451,17841400074692954,paulistao,Paulistão,"VEIO AI!
Com o fim da rodada, vem conferir como ficou a classificação do Paulistão Casas Bahia.
#PaulistãoCasasBahia",0,"01/22/2026 19:10",https://www.instagram.com/p/DT1m6DoDInV/,"Imagem do Instagram",,Total,597933,336092,17903,2411,203,403,181
18051774710444610,17841426196827383,copinha,Copinha,"CONFRONTO DEFINIDO!
Cruzeiro e São Paulo medirão forças pelo título da Copinha Sil 2026!
#CopinhaSil2026",0,"01/22/2026 19:00",https://www.instagram.com/p/DT1lwwnDdYd/,"Imagem do Instagram",,Total,625859,344629,27929,3091,142,1030,346
17980735691955014,17841400074692954,paulistao,Paulistão,"SALDO DO DIA!
Um empate e duas vitórias: assim termina mais um dia de #PaulistãoCasasBahia!",0,"01/22/2026 18:43",https://www.instagram.com/p/DT1jwxjDDZQ/,"Imagem do Instagram",,Total,48862,29061,951,34,1,59,4
18382922749147520,17841400074692954,paulistao,Paulistão,"FALA, CRAQUE!
@caiquefranca_ falou depois do jogo.
#Bet7k #CraqueDoJogo #PaulistãoCasasBahia",23,"01/22/2026 18:41",https://www.instagram.com/reel/DT1jczBjLXU/,"Reel do Instagram",,Total,107959,73961,2563,77,9,55,18
17901369255358470,17841400074692954,paulistao,Paulistão,"PEGOU TUDO!
Caíque França salvou o Guarani e levou o troféu de Craque do Jogo para casa!
#PaulistãoCasasBahia #Bet7k #CraqueDoJogo
📷 Rebeca Reis/Ag. Paulistão/Sua Foto no Jogo",0,"01/22/2026 18:39",https://www.instagram.com/p/DT1jUnXDC2w/,"Imagem do Instagram",,Total,22662,14316,500,21,0,19,2
17876986386387265,17841400074692954,paulistao,Paulistão,"A PRIMEIRA DO BUGRE!
O Guarani vence a primeira partida no #PaulistãoCasasBahia2026 🔥
📷 Rebeca Reis/Ag. Paulistão/Sua Foto no Jogo",0,"01/22/2026 18:32",https://www.instagram.com/p/DT1id53DBOe/,"Carrossel do Instagram",,Total,29547,14558,721,33,1,32,3
17920174293244441,17841426196827383,copinha,Copinha,"TRICOLOR FINALISTA!
A segunda vaga na decisão da #CopinhaSil2026 é do São Paulo!",0,"01/22/2026 18:26",https://www.instagram.com/p/DT1hzYVgJPE/,"Imagem do Instagram",,Total,367378,235320,13418,2099,39,286,79
18067322072560766,17841400074692954,paulistao,Paulistão,"TODOS OS SENTIMENTOS EM DOIS MINUTOS!
Yuri Alberto foi da tristeza do pênalti perdido ao delírio do gol marcado em poucos instantes!
#PaulistãoCasasBahia",39,"01/22/2026 18:25",https://www.instagram.com/reel/DT1hmCljIEB/,"Reel do Instagram",,Total,210818,147238,15519,653,151,278,204
18107938660662977,17841400074692954,paulistao,Paulistão,"PEGADOR DE PÊNALTI QUE FALA, NÉ?
Caíque França tá pegando até pensamento no jogo!
#PaulistãoCasasBahia",38,"01/22/2026 18:20",https://www.instagram.com/reel/DT1g9V-DHt6/,"Reel do Instagram",,Total,116812,71323,3951,328,12,154,27
18092474224806521,17841400074692954,paulistao,Paulistão,"NO DETALHE…
A cobrança do Gabigol de pertinho por aqui.
#PaulistãoCasasBahia",24,"01/22/2026 17:43",https://www.instagram.com/reel/DT1comejMkm/,"Reel do Instagram",,Total,6855092,4167733,392501,45888,1838,10411,4284
18085343789471928,17841400074692954,paulistao,Paulistão,"CONHECEM O CAMINHO!
Se tem clássico, tem gol da dupla!
#PaulistãoCasasBahia",0,"01/22/2026 17:41",https://www.instagram.com/p/DT1cpqXGBt0/,"Imagem do Instagram",,Total,284342,163474,17376,114,17,179,117
18084078073934740,17841400074692954,paulistao,Paulistão,"PEDIU MÚSICA!
Essa foi a trilha sonora que o @gabigol escolheu para o seu gol no Paulistão Casas Bahia!
#PaulistãoCasasBahia",29,"01/22/2026 17:33",https://www.instagram.com/reel/DT1bohljIH7/,"Reel do Instagram",,Total,2469522,1515881,125748,9339,482,1344,1566
17871261897525902,17841400074692954,paulistao,Paulistão,"GUILHERME PAREDE É O NOME DELE!
O camisa 7 do Bugre colocou onde quis a cobrança de pênalti. 
#PaulistãoCasasBahia",49,"01/22/2026 17:28",https://www.instagram.com/reel/DT1a-3sjA0m/,"Reel do Instagram",,Total,62778,41954,1364,29,4,28,9
18042072464715773,17841400074692954,paulistao,Paulistão,"BUGRE NA FRENTE!
Com gol no finalzinho do primeiro tempo, o Guarani sai na frente.
#PaulistãoCasasBahia
📷 Rebeca Reis/Ag. Paulistão/Sua Foto no Jogo",0,"01/22/2026 17:25",https://www.instagram.com/p/DT1azHVDxCL/,"Imagem do Instagram",,Total,26044,15744,588,7,1,14,2
18052817966700394,17841400074692954,paulistao,Paulistão,"PARA A FILHA! 🥰⚽
Patrick Brey voltou ao Pantera, marca seu primeiro gol no #PaulistãoCasasBahia e dedicou para sua filha que vai nascer. Especial demais! 
#CraqueDoJogo #Bet7k",57,"01/22/2026 17:22",https://www.instagram.com/reel/DT1aXaBFM6r/,"Reel do Instagram",,Total,18354,14642,503,22,5,13,2
17938612770129221,17841400074692954,paulistao,Paulistão,"INOVAÇÃO ATRÁS DE INOVAÇÃO!
É drone, é câmera no árbitro e o Paulistão Casas Bahia segue sendo referência 😎
#PaulistãoCasasBahia",32,"01/22/2026 17:16",https://www.instagram.com/reel/DT1ZyskjIYl/,"Reel do Instagram",,Total,39347,28947,1087,30,1,38,6
18379184680153727,17841400074692954,paulistao,Paulistão,"O DONO DO GOL DO JOGO!
O Craque do Jogo é Patrick Brey, que garantiu a primeira vitória do Pantera no #PaulistãoCasasBahia!
#CraqueDoJogo #Bet7k
📷 Celio Messias/Ag. Paulistão/Sua Foto no Jogo",0,"01/22/2026 17:13",https://www.instagram.com/p/DT1Zb3QDKYe/,"Imagem do Instagram",,Total,10323,6636,160,0,0,3,0
18032329187769856,17841471196696715,ohdejay,"Dj | Inteligencia Artificial","Quando a derrota em casa parecia certa, Gabigol apareceu: falta aos 45 do segundo tempo e empate. Santos respirou

@casasbahia @paulistao 

#gabigol #santos #paulistao #futebol",0,"01/22/2026 17:09",https://www.instagram.com/p/DT1ZDHZCbcO/,"Carrossel do Instagram",,Total,180382,77469,11300,111,10,188,0
17951958278933551,17841400074692954,paulistao,Paulistão,"PASSOU NADA!
@caiquefranca_ TÁ COM O REFLEXO EM DIA!
#PaulistãoCasasBahia",13,"01/22/2026 17:09",https://www.instagram.com/reel/DT1YzpkjLxd/,"Reel do Instagram",,Total,30919,21974,382,2,0,1,3
17985664439937483,17841400074692954,paulistao,Paulistão,"A PRIMEIRA VITÓRIA VEIO AÍ!
Pode somar mais três pontos para o Pantera no #PaulistãoCasasBahia!
📷 Celio Messias/Ag. Paulistão/Sua Foto no Jogo",0,"01/22/2026 17:05",https://www.instagram.com/p/DT1Ygpwj4rW/,"Imagem do Instagram",,Total,23860,15333,427,31,0,25,0
18308510101284641,17841400074692954,paulistao,Paulistão,"TODO TORCEDOR DO SANTOS ESTÁ FAZENDO O MUQUE AGORA 💪
#PaulistãoCasasBahia",0,"01/22/2026 17:03",https://www.instagram.com/p/DT1YU8vjNw4/,"Carrossel do Instagram",,Total,152769,78090,12876,360,68,168,95
17859876876592771,17841400074692954,paulistao,Paulistão,"ASSINA, GABI! ✍️
O camisa 9 do Peixe deixou sua marca no #SuperclássicoCasasBahia!
#7KBet #CraqueDoJogo #PaulistãoCasasBahia 
📷Guilherme Veiga/Ag. Paulistão/Sua Foto no Jogo",0,"01/22/2026 16:57",https://www.instagram.com/p/DT1XojMABL2/,"Carrossel do Instagram",,Total,755700,594287,3421,167,19,144,44
18053292905419616,17841400074692954,paulistao,Paulistão,"CRAQUE DO JOGO NA ÁREA! É O GABIGOL! 
#PaulistãoCasasBahia #7kbetbr",0,"01/22/2026 16:52",https://www.instagram.com/p/DT1XBzBDKvL/,"Imagem do Instagram",,Total,273200,153321,20985,1774,26,1853,157
18096636344507513,17841400074692954,paulistao,Paulistão,"DIRETAÇO!
Depois de muitas chances do Pantera, Patrick Brey consegue marcar para abrir o placar em Riberão Preto!
#PaulistãoCasasBahia #Betano",22,"01/22/2026 16:49",https://www.instagram.com/reel/DT1Wn8CAnKJ/,"Reel do Instagram",,Total,45044,33678,678,39,3,39,8
18051656792439673,17841400074692954,paulistao,Paulistão,"HOJE TEVE! 💪💪
Teve gol e teve Craque do Jogo pro Gabigol!
#CraqueDoJogo #7KBet #PaulistãoCasasBahia 
📷Fernanda Luz/Ag. Paulistão/Sua Foto no Jogo",0,"01/22/2026 16:46",https://www.instagram.com/p/DT1Wa_IjF-H/,"Imagem do Instagram",,Total,27017,16156,970,67,1,352,7
17988818594798479,17841400074692954,paulistao,Paulistão,"EMPATOU COM GOLAÇO! 
GOL DE FALTA PARA DEIXAR TUDO IGUAL NO SUPERCLÁSSICO CASAS BAHIA.
#PaulistãoCasasBahia",57,"01/22/2026 16:37",https://www.instagram.com/reel/DT1VNigjKhk/,"Reel do Instagram",,Total,182652,126545,11631,693,161,651,100
18109361965646481,17841400074692954,paulistao,Paulistão,"FICOU TUDO IGUAL!
O Clássico Alvinegro ficou empatado!
#SuperclássicoCasasBahia #PaulistãoCasasBahia 
📷Fernanda Luz/Ag. Paulistão/Sua Foto no Jogo",0,"01/22/2026 16:36",https://www.instagram.com/p/DT1VPcLgIBb/,"Carrossel do Instagram",,Total,78774,41622,2942,233,4,400,25
17973445859993554,17841400074692954,paulistao,Paulistão,"É GOL DE MENINO DA VILA! GABIGOL EMPATA O CLÁSSICO NA VILA BELMIRO! 🐳🔥😮‍💨
#PaulistãoCasasBahia #Santos",49,"01/22/2026 16:29",https://www.instagram.com/reel/DT1UMe2jY2t/,"Reel do Instagram",,Total,61263,49419,3704,244,54,364,39
18041908055720131,17841400074692954,paulistao,Paulistão,"ELE JÁ TINHA AVISADO…
No Media Day do Paulistão Casas Bahia, @yurialberto falou qual era o clássico que ele mais gosta de jogar. E ele mostrou o porquê 👀
#PaulistãoCasasBahia",31,"01/22/2026 16:18",https://www.instagram.com/reel/DT1TDMAjKav/,"Reel do Instagram",,Total,110203,68204,9105,154,11,145,146
18357146266202936,17841400074692954,paulistao,Paulistão,"O BONDE TÁ FORMADO!
A criançada e o mascote pediram para avisar que já já tem mais Paulistão Casas Bahia.
#PaulistãoCasasBahia
📷 Rebeca Reis/Ag. Paulistão/Sua Foto no Jogo",0,"01/22/2026 16:01",https://www.instagram.com/p/DT1RQy0DdLL/,"Imagem do Instagram",,Total,24533,15521,207,20,1,14,0
17964957438009466,17841400074692954,paulistao,Paulistão,"TUDO IGUAL!
Sem gols para Botafogo ou Primavera por enquanto!
#PaulistãoCasasBahia
📷 Celio Messias/Ag. Paulistão/Sua Foto no Jogo",0,"01/22/2026 16:01",https://www.instagram.com/p/DT1RKJ0k2ns/,"Imagem do Instagram",,Total,14527,9345,211,2,1,5,0
18306127537280732,17841400074692954,paulistao,Paulistão,"NÃO PASSOU NADA!
O Victor Hugo fez essa defesaça para impedir que o Botafogo abrisse o placar!
#PaulistãoCasasBahia",13,"01/22/2026 15:57",https://www.instagram.com/reel/DT1QqXeDK70/,"Reel do Instagram",,Total,144678,84568,1368,17,7,16,9
18095999525300037,17841400074692954,paulistao,Paulistão,"O YURI ALBERTO FOI DE 0 A 100 MUITO RÁPIDO! 👀
#PaulistãoCasasBahia2026",42,"01/22/2026 15:44",https://www.instagram.com/reel/DT1PKGSDYDR/,"Reel do Instagram",,Total,76544,49578,2444,76,8,39,37
18153361498426780,17841400074692954,paulistao,Paulistão,"NO DETALHE! 
O Brazao bem que tentou, mas o Yuri Alberto abriu o placar na Vila Belmiro! 
#PaulistãoCasasBahia",18,"01/22/2026 15:33",https://www.instagram.com/reel/DT1MxfaDV_Z/,"Reel do Instagram",,Total,51944,36123,1550,41,32,19,13
18100367440879947,17841400074692954,paulistao,Paulistão,"VANTAGEM DO TIMÃO!
Yuri Alberto marca e o Corinthians vai para o intervalo na frente do marcador.
#SuperclássicoCasasBahia #PaulistãoCasasBahia 
📷Fernanda Luz/Ag. Paulistão/Sua Foto no Jogo",0,"01/22/2026 15:23",https://www.instagram.com/p/DT1M6bvDP-o/,"Imagem do Instagram",,Total,47202,26700,2655,115,0,34,12
18080942834214409,17841400074692954,paulistao,Paulistão,"O HOMEM GOSTA DE JOGO GRANDE!
@yurialberto abre o placar no Superclássico Casas Bahia. 
#PaulistãoCasasBahia #Betano",64,"01/22/2026 15:06",https://www.instagram.com/reel/DT1KyDeDdG7/,"Reel do Instagram",,Total,566123,490539,4555,298,20,57,62
17907465882163990,17841400074692954,paulistao,Paulistão,"YURI ALBERTO 🤝 MARCELINHO CARIOCA
A comemoração do camisa 9 foi com o ídolo do Timão! 
#PaulistãoCasasBahia",18,"01/22/2026 15:00",https://www.instagram.com/reel/DT1J8oQjU3_/,"Reel do Instagram",,Total,570514,361700,50373,569,415,284,535
18065014226262068,17841400074692954,paulistao,Paulistão,"O YURI ALBERTO GOSTA DE MARCAR NO CLÁSSICO ALVINEGRO! 
Depois de um bombardeio de chutes, o camisa 9 abre o placar na Vila Belmiro! 
#PaulistãoCasasBahia",59,"01/22/2026 14:53",https://www.instagram.com/reel/DT1JDPMjUi5/,"Reel do Instagram",,Total,691891,566235,16687,417,197,89,166
18061604996309171,17841400074692954,paulistao,Paulistão,"PRA FORA! 
YURI ALBERTO PERDE PÊNALTI NA VILA BELMIRO! 
#PaulistãoCasasBahia",22,"01/22/2026 14:45",https://www.instagram.com/reel/DT1IcxPDWdy/,"Reel do Instagram",,Total,176782,108152,4096,557,74,240,30
18034576727780424,17841401936575450,obolhaa,"Allan Bernardo / Obolhaa","POV: Você vai assistir pela primeira vez um jogo na Vila Belmiro e o Ney te comprimenta 🤩🙌🏻",14,"01/22/2026 14:40",https://www.instagram.com/reel/DT1HnUfj3BO/,"Reel do Instagram",,Total,1497046,801938,95007,1287,809,447,0
17994314813860525,17841400074692954,paulistao,Paulistão,"ELE ESTÁ NO ALÇAPÃO! 👑
O Neymar veio para a beira do campo e levantou a torcida do Santos antes do #ClássicoAlvinegro.

#paulistãocasasbahia",19,"01/22/2026 14:38",https://www.instagram.com/reel/DT1Gx2jERZ9/,"Reel do Instagram",,Total,15224,10601,1033,8,1,14,12
18105299692683935,17841400074692954,paulistao,Paulistão,"PARA ASSISTIR O PAULISTÃO CASAS BAHIA!
No cara ou coroa do Superclássico Casas Bahia de hoje saiu televisão. Sabe o que isso significa? Que é só correr no site das @casasbahia que você compra uma TV nova com aquele desconto especial! Não dá pra perder, hein?! 
#PaulistãoCasasBahia",16,"01/22/2026 14:36",https://www.instagram.com/reel/DT1HN-6EXZ2/,"Reel do Instagram",,Total,80656,51210,1825,36,36,44,17
18087936316872806,17841400074692954,paulistao,Paulistão,"O ENCONTRO ENTRE GABIGOL E DORIVAL JÚNIOR! 
#PaulistaoCasasBahia",12,"01/22/2026 14:31",https://www.instagram.com/reel/DT1G49vkRED/,"Reel do Instagram",,Total,634411,372131,33568,207,467,76,258
18359811331163945,17841400074692954,paulistao,Paulistão,"DAQUI A POUCO A BOLA ROLA!
Botafogo e Primavera vão em busca dos três pontos em Riberão Preto!
#PaulistãoCasasBahia
📷 Celio Messias/Ag. Paulistão/Sua Foto no Jogo",0,"01/22/2026 14:29",https://www.instagram.com/p/DT1GlTHk2ho/,"Carrossel do Instagram",,Total,10628,5146,249,2,0,10,2
18103447237744647,17841400074692954,paulistao,Paulistão,"O Robinho Jr é ídolo da molecada! 
#PaulistaoCasasBahia",10,"01/22/2026 14:26",https://www.instagram.com/reel/DT1GUh4kVFu/,"Reel do Instagram",,Total,31476,20046,1267,3,1,19,7
18105741661689857,17841400074692954,paulistao,Paulistão,"DE OLHO NA VITÓRIA! 
O Matheus Pereira falou sobre o foco do Timão neste jogo! 
#PaulistãoCasasBahia2026 #Bet365",26,"01/22/2026 14:23",https://www.instagram.com/reel/DT1F5K-kvIv/,"Reel do Instagram",,Total,31398,23524,3284,19,0,6,28
18066343046235837,17841400074692954,paulistao,Paulistão,"JOGO DIFÍCIL! 
O @willianarao falou sobre o que é jogar um Superclássico Casas Bahia!
#PaulistãoCasasBahia #Bet365",49,"01/22/2026 14:20",https://www.instagram.com/reel/DT1FjhNkgI1/,"Reel do Instagram",,Total,17172,12932,908,11,3,3,4
18218984428309380,17841400074692954,paulistao,Paulistão,"VEM AÍ?! 🇧🇷👀
O desejo da torcida brasileira em um cartaz!
#SuperclássicoCasasBahia #PaulistãoCasasBahia 
📷Fernanda Luz/Ag. Paulistão/Sua Foto no Jogo",0,"01/22/2026 14:08",https://www.instagram.com/p/DT1EQz7EvO1/,"Imagem do Instagram",,Total,631422,394919,8430,90,6,247,44
17977997291809490,17841400074692954,paulistao,Paulistão,"A torcida do Peixão tá confiante na vitória!
#SuperclássicoCasasBahia #PaulistãoCasasBahia
📷Fernanda Luz/Ag. Paulistão/Sua Foto no Jogo",0,"01/22/2026 14:01",https://www.instagram.com/p/DT1DidKkqVh/,"Carrossel do Instagram",,Total,19381,8608,414,2,0,15,0
18070113395162053,17841400074692954,paulistao,Paulistão,"OLHA QUEM ESTÁ DE VOLTA, FIEL! 
Rodrigo Garro está pronto para o Clássico Alvinegro! 
#PaulistãoCasasBahia",24,"01/22/2026 13:58",https://www.instagram.com/reel/DT1C-eHktAW/,"Reel do Instagram",,Total,193764,110503,10242,96,14,45,84
17924406054218275,17841400074692954,paulistao,Paulistão,"TEM OFERTA VINDO AÍ!
A moeda do Clássico Alvinegro vai decidir o desconto da vez! Fica ligado pra saber se é a TV ou a caixa de som que vai ficar no precinho!
#SuperclássicoCasasBahia #PaulistãoCasasBahia
📷Guilherme Veiga/Ag. Paulistão/Sua Foto no Jogo",0,"01/22/2026 13:41",https://www.instagram.com/p/DT1BNl5kpPG/,"Carrossel do Instagram",,Total,79266,36205,1013,26,1,63,8
18093581947948157,17841400074692954,paulistao,Paulistão,"TAÇA EM JOGO!
Se tem Superclássico em campo, tem troféu em jogo! Quem vai levar o do Clássico Alvinegro?
#SuperclássicoCasasBahia #PaulistãoCasasBahia
📷Guilherme Veiga/Ag. Paulistão/Sua Foto no Jogo",0,"01/22/2026 13:37",https://www.instagram.com/p/DT1Awg1ktXX/,"Carrossel do Instagram",,Total,31854,15214,1374,70,5,14,12
18171617164378442,17841400074692954,paulistao,Paulistão,"NA VILA MAIS FAMOSA DO MUNDO!
É dia de Clássico Alvinegro no Paulistão Casas Bahia!
#SuperclássicoCasasBahia
📷Fernanda Luz/Ag. Paulistão/Sua Foto no Jogo",0,"01/22/2026 13:32",https://www.instagram.com/p/DT1AIKOkinL/,"Carrossel do Instagram",,Total,22294,10692,957,5,2,8,2
17999166884714993,17841400074692954,paulistao,Paulistão,"Arbitragem escalada para a partida entre Velo Clube e Guarani!
#EscalaDeArbitragem #PaulistãoCasasBahia",0,"01/22/2026 13:30",https://www.instagram.com/p/DT07H2zki0F/,"Imagem do Instagram",,Total,21674,13012,220,32,2,36,3
18077768585344656,17841400793745861,luscaxx,"Lusca ✨","Cercadinho dos influencers? Não, lounge do @paulistao !

Lusca te leva ep. 003! 

#moda #futebol #paulistao",82,"01/22/2026 13:22",https://www.instagram.com/reel/DT0-k7vEaVn/,"Reel do Instagram",,Total,16214,11345,459,10,5,23,0
18066904049207560,17841445393678421,veloclube1910,"Velo Clube","⁉️ Quem reconhece essa ex-promessa da base do Velão? 

😁🤔",0,"01/22/2026 13:04",https://www.instagram.com/p/DT08x_5CcvP/,"Imagem do Instagram",,Total,2707725,1401627,58897,4820,445,668,0
17881840035356843,17841400074692954,paulistao,Paulistão,"Arbitragem escalada para a partida entre Botafogo e Primavera!
#EscalaDeArbitragem #PaulistãoCasasBahia",0,"01/22/2026 13:00",https://www.instagram.com/p/DT03XR3ExLA/,"Imagem do Instagram",,Total,18384,11106,139,4,0,4,0
18071912726617283,17841400074692954,paulistao,Paulistão,"100% ATUALIZADA!
Com a Locomotiva na liderança, vem conferir como está a classificação do #PaulistãoA2Rivalo 👀",0,"01/22/2026 12:55",https://www.instagram.com/p/DT075tSjQLQ/,"Imagem do Instagram",,Total,188098,108657,3715,146,28,59,30
18124953067539219,17841400074692954,paulistao,Paulistão,"Arbitragem escalada para a partida entre Santos e Corinthians!
#EscalaDeArbitragem #PaulistãoCasasBahia",0,"01/22/2026 12:30",https://www.instagram.com/p/DT0z7H1E4kd/,"Imagem do Instagram",,Total,48893,27573,629,34,1,479,16
18102010744834580,17841400074692954,paulistao,Paulistão,"FECHANDO A RODADA! 😮‍💨
Velo Clube e Guarani vão em busca da vitória em Rio Claro! 
#PaulistãoCasasBahia",0,"01/22/2026 12:00",https://www.instagram.com/p/DT0wgrDks4q/,"Imagem do Instagram",,Total,38743,23660,257,21,0,13,2
18341665516234310,17841400011463416,tamiirisfernandes,"Tamiris Fernandes | Corinthians","Você sabia? 

Hoje tem Santos e Corinthians, ou seja, clássico alvinegro e você sabe o motivo desse nome? 
A Juju explica pra vocês 🥰

#paulistãocasasbahia #criadorespaulistãocasasbahia #paulistao #clássicoalvinegro",25,"01/22/2026 12:00",https://www.instagram.com/reel/DT01mEJAaqo/,"Reel do Instagram",,Total,31712,19546,797,20,3,18,0
18103643638768352,17841400074692954,paulistao,Paulistão,"MAIS UM! 🫵🦅
Dia de Clássico Alvinegro e para o Timão só a vitória interessa. Vai, Corinthians!
#PaulistãoCasasBahia #Corinthians",0,"01/22/2026 11:30",https://www.instagram.com/p/DT0tC-OFAjO/,"Imagem do Instagram",,Total,116703,58697,7221,49,0,28,54
17997991262724052,17841401683210430,portalr7,"Portal R7","🔥 Nesta quinta (22), você acompanha as emoções de Santos e Corinthians pelo Paulistão, e o R7 quer saber: qual será o placar do Clássico Alvinegro? Siga o passo a passo abaixo para participar da brincadeira: 

1️⃣ Abra o vídeo; 
2️⃣ Toque na tela; 
3️⃣ E segure!

Em seguida, conte nos comentários se a vitória foi do Peixe, do Timão ou empate!

➡️ É de graça! Acompanhe a transmissão digital do #PaulistãoNaRECORD, a partir das 18h30, em R7.com.
#PortalR7 #R7",9,"01/22/2026 11:13",https://www.instagram.com/reel/DT0wFMuidzQ/,"Reel do Instagram",,Total,141020,67168,1391,111,5,105,0
17861527638511169,17841400074692954,paulistao,Paulistão,"BATALHA NO ALÇAPÃO! ⚔️🐳
O Santos vai em busca dos três pontos no Superclássico Casas Bahia de hoje. Vamos, Peixão!
#PaulistãoCasasBahia #Santos",0,"01/22/2026 11:00",https://www.instagram.com/p/DT0poaUDYpZ/,"Imagem do Instagram",,Total,126631,70095,7597,68,42,38,50
18064348163267765,17841412731525361,tiago.herani,"TIAGO HERANI","A LUSA QUERIA DEMAIS! 🫵🔥

#paulistão2026 #portuguesa #sãopaulofc #embaixadorespaulistao",38,"01/21/2026 18:29",https://www.instagram.com/reel/DTy9LrmEePj/,"Reel do Instagram","Ocorreu um erro ao computar métricas.",-,,,,,,,
17978316308976567,17841401683210430,portalr7,"Portal R7","Calleri foi o responsável pelos dois gols do São Paulo na partida, mas não foi o suficiente pra bater a Lusa, que teve três gols, de Renê e Maceió! ⚽

➡️ Assista à íntegra da transmissão do #PaulistãoNaRECORD em R7.com. O link está na bio.
#PortalR7 #R7 #DesimpedidosNoR7 #PubliPaulistão

Oferecimento: @365betbrasil, @magalu, @perdigaonabrasaoficial e @picpay.",96,"01/21/2026 17:37",https://www.instagram.com/reel/DTy3GYNj2It/,"Reel do Instagram","Ocorreu um erro ao computar métricas.",-,,,,,,,
17947267086039913,17841401683210430,portalr7,"Portal R7","Apesar dos dois gols marcados, Calleri assumiu a culpa pela derrota do São Paulo no Morumbis! 🤔🇾🇪

➡️ Veja as principais notícias sobre o Campeonato Paulista 2026 em R7.com/esportes. O link está na bio.
#PortalR7 #R7 #PaulistãoNaRECORD",47,"01/21/2026 17:17",https://www.instagram.com/reel/DTy09GVjlTd/,"Reel do Instagram","Ocorreu um erro ao computar métricas.",-,,,,,,,
18550395034021584,17841401988974661,r7esportes,"R7 Esportes","GOL DA LUSA! 🇵🇹⚽

Após cruzamento de João Vitor, o atacante Renê se antecipou ao zagueiro do São Paulo e empurrou a bola para o fundo do gol. A Portuguesa abre o placar no Morumbis, 1 a 0, na volta do segundo tempo.

➡️ Veja as principais notícias sobre o Campeonato Paulista 2026 em R7.com/esportes. O link está na bio.
#PortalR7 #R7 #PaulistãoNaRECORD",74,"01/21/2026 16:02",https://www.instagram.com/reel/DTysggcADI2/,"Reel do Instagram","Ocorreu um erro ao computar métricas.",-,,,,,,,
17994213590882535,17841455066317821,cazetv,CazéTV,"O PRIMEIRO GOL QUE O PALMEIRAS SOFRE EM 2026 😨 

OLHA O NOVORIZONTINO COMETENDO O CRIME CONTRA O VERDÃO... 😎

#PaulistãoNaCazéTV #TempoRealCazéTV #VideoPatrocinado #Itaipava",13,"01/20/2026 15:35",https://www.instagram.com/reel/DTwEp0aDbV5/,"Reel do Instagram","Ocorreu um erro ao computar métricas.",-,,,,,,,
18078895730586790,17841400074692954,paulistao,Paulistão,"A DUPLA 100%! 🤩
Red Bull Bragantino e Palmeiras só sabem o que é vencer no #PaulistãoCasasBahia até agora!",0,"01/19/2026 14:00",https://www.instagram.com/p/DTtP232D_ww/,"Imagem do Instagram",,Total,47084,27945,687,19,0,26,11
18060095429322104,17841400074692954,paulistao,Paulistão,"DIA DE CLÁSSICO! 🔥
A 4ª rodada fecha com mais três jogos, sendo um Superclássico Casas Bahia! 🤩 
#PaulistãoCasasBahia",0,"01/22/2026 06:52",https://www.instagram.com/p/DT0Sb75DZV5/,"Imagem do Instagram",,Total,83618,51691,1758,136,3,12,25
17850281703664233,17841400312002255,natypotira,"Naty Potira","HOJE TODOS OS CAMINHOS LEVAM A VILA BELMIRO 👀🔥🤍🖤 hoje tem CLÁSSICO ALVINEGRO e a Potirão tá na missão @paulistao heim! Hahahahah gostaram?! 
JÁ DEIXA SEU PALPITE AQUI NOS COMENTÁRIOS 👀🔥

@guilhermekastner já prepara a próxima missão 👀🔥",35,"01/22/2026 05:59",https://www.instagram.com/reel/DT0MFztjaVM/,"Reel do Instagram",,Total,53656,32506,1954,45,10,124,0
18107452582734586,17841401009444456,tntsportsbr,"TNT Sports Brasil","HOJE TEM CLÁSSICO ALVINEGRO NA VILA BELMIRO! 🔥🐋 O Peixão vai a campo pro clássico e você assiste tudo na HBO Max! Assine com o link da BIO e não perca nada do Paulistão! #FutebolBrasileiro #PaulistãoNaHBOMax",0,"01/22/2026 05:15",https://www.instagram.com/p/DT0HQkSEahm/,"Imagem do Instagram",,Total,802751,429145,17011,1090,6,204,0
17898412083367224,17841401009444456,tntsportsbr,"TNT Sports Brasil","HOJE TEM TIMÃO EM CAMPO NO CLÁSSICO ALVINEGRO! 🦅🦅 A bola rola às 19h30 e você assiste tudo com a HBO Max! Assine com o link da BIO e não perca nenhum detalhe do clássico! #FutebolBrasileiro #PaulistãoNaHBOMax",0,"01/22/2026 04:00",https://www.instagram.com/p/DTz-vP8kZU4/,"Imagem do Instagram",,Total,1904164,959824,41079,1500,28,205,0
18198791980336275,17841400074692954,paulistao,Paulistão,"TODOS TEM GOLEIRO, SÓ NÓS TEMOS ROGÉRIO! 
53 anos do ídolo Tricolor! Parabéns, @rogerioceni 👏
#FPF #Aniversário",0,"01/22/2026 03:00",https://www.instagram.com/p/DTzyteLllSS/,"Imagem do Instagram",,Total,221233,161619,5595,559,16,95,83
18035323721761989,17841400074692954,paulistao,Paulistão,"DUELO ALVINEGRO! 🐳🦅🔥
Santos e Corinthians se encontram na Vila Belmiro para mais um Superclássico Casas Bahia. E aí, quem vai sair vitorioso?
#PaulistãoCasasBahia #ClássicoAlvinegro",0,"01/21/2026 19:05",https://www.instagram.com/p/DTy8j9rD-mV/,"Imagem do Instagram",,Total,67438,45418,2121,194,1,63,18
18089717024045870,17841426196827383,copinha,Copinha,"PRIMEIRO FINALISTA! ✅
Nos vemos na final, Cruzeiro!
#CopinhaSil2026",0,"01/21/2026 19:04",https://www.instagram.com/p/DTzBbSHCZO2/,"Imagem do Instagram",,Total,951071,446003,50810,1532,150,471,303
18054645860676079,17841412731525361,tiago.herani,"TIAGO HERANI","OS LUSITANOS AINDA NÃO PARARAM DE CANTAR! 👍

#paulistão2026 #portuguesasp #saopaulofc #embaixadorespaulistao",27,"01/21/2026 19:03",https://www.instagram.com/reel/DTzBB9ljMJY/,"Reel do Instagram",,Total,62794,44333,2580,408,16,78,0
17992245764868756,17841400074692954,paulistao,Paulistão,"CLASSIFICAÇÃO ATUALIZADA! ✅
Se liga como ficou a tabela do #PaulistãoCasasBahia com mais jogos da 4ª rodada finalizados!",0,"01/21/2026 19:02",https://www.instagram.com/p/DTzBD_nDdgg/,"Imagem do Instagram",,Total,546234,315121,13882,471,211,250,104
17874491790405096,17841400074692954,paulistao,Paulistão,"FIM DA QUARTA-FEIRA! 🤝
Esses foram os resultados de mais um dia de 4ª rodada do #PaulistãoCasasBahia!",0,"01/21/2026 18:56",https://www.instagram.com/p/DTzAXHHDepH/,"Imagem do Instagram",,Total,62115,41400,991,35,3,13,9
17851211490620208,17841400074692954,paulistao,Paulistão,"Fala, craque! 🗣️ #PaulistãoCasasBahia #CraqueDoJogo #7kBet",33,"01/21/2026 18:53",https://www.instagram.com/reel/DTy_8ZqDsXN/,"Reel do Instagram",,Total,30715,23646,790,16,7,18,5
18012299132659160,17841400074692954,paulistao,Paulistão,"ROMISSON É O NOME DELE!
O jogador do Bernô foi o responsável pela vitória e levou o troféu de #CraqueDoJogo pra casa! 🏆 #PaulistãoCasasBahia #7kBet
📷 Alexandre Battibugli/Ag. Paulistão/Sua Foto no Jogo",0,"01/21/2026 18:49",https://www.instagram.com/p/DTy_hq9jmu1/,"Imagem do Instagram",,Total,15487,9282,263,38,0,28,1
17885946285428790,17841400074692954,paulistao,Paulistão,"Quarta rodada do Paulistão A2 Rivalo concluída com sucesso! ✅
#PaulistãoA2Rivalo",0,"01/21/2026 18:48",https://www.instagram.com/p/DTy_lN3DOPJ/,"Imagem do Instagram",,Total,41634,24150,747,16,3,49,12
18071195966134425,17841400074692954,paulistao,Paulistão,"VITÓRIA DO BERNÔ! 🤩
O São Bernardo venceu a Ponte Preta fora de casa e somou mais 3 pontos no #PaulistãoCasasBahia!
📷 Alexandre Battibugli/Ag. Paulistão/Sua Foto no Jogo",0,"01/21/2026 18:35",https://www.instagram.com/p/DTy9xTyD6gK/,"Carrossel do Instagram",,Total,29798,15139,862,54,1,27,5
18021601907625880,17841426196827383,copinha,Copinha,"FINALISTA CABULOSO! 🦊
A primeira vaga na decisão da #CopinhaSil2026 é do Cruzeiro!",0,"01/21/2026 18:31",https://www.instagram.com/p/DTy9mJmjWFZ/,"Imagem do Instagram",,Total,313929,178722,11628,1247,31,422,56
18031050038780636,17841400074692954,paulistao,Paulistão,"É MUITA RESENHA! 🤣🤣🤣
O que será que o trio do Timão estava aprontando? 👀 Só vale resposta errada! 🤪 #PaulistãoCasasBahia",0,"01/21/2026 18:22",https://www.instagram.com/p/DTy8eVhDr8v/,"Imagem do Instagram",,Total,1431949,630534,66755,227,45,294,348
18360265363162757,17841400074692954,paulistao,Paulistão,"UMA NOITE HISTÓRICA DA LUSA NO MORUMBIS!
#PaulistãoCasasBahia
📷Mauro Horita/Ag.Paulistão/Sua Foto no Jogo",0,"01/21/2026 18:05",https://www.instagram.com/p/DTy6n7BEshi/,"Carrossel do Instagram",,Total,21489,11499,976,14,1,12,4
18006545267834381,17841400074692954,paulistao,Paulistão,"✒️✒️HABILIDADE PURA! O CAIO ROQUE DISTRIBUIU CANETAS NO MORUMBIS!
#PaulistãoCasasBahia",22,"01/21/2026 17:26",https://www.instagram.com/reel/DTy1_mpDCgQ/,"Reel do Instagram",,Total,95635,61626,2431,356,11,77,36
18051957245454464,17841400074692954,paulistao,Paulistão,"FALA, CLEITON!
#CraqueDoJogo, o paredão do Massa Bruta falou sobre as dificuldades do duelo contra o Mirassol.
#7KBet #PaulistãoCasasBahia",38,"01/21/2026 17:25",https://www.instagram.com/reel/DTy19KDFCH2/,"Reel do Instagram",,Total,53055,36534,1397,7,0,20,12
18310216813249784,17841400074692954,paulistao,Paulistão,"A LUSA QUEBROU O TABU NO MORUMBIS! 
16 anos depois, a Portuguesa vence o São Paulo fora de casa! 
#PaulistãoCasasBahia",0,"01/21/2026 17:23",https://www.instagram.com/p/DTy11xtjFKY/,"Imagem do Instagram",,Total,53896,31630,1815,113,3,54,18
18125007550545993,17841400074692954,paulistao,Paulistão,"O TIGRE TÁ NA FRENTE! 🐯
O São Bernardo vai levando vantagem nos primeiros 45 minutos! Será que o placar muda no 2º tempo? #PaulistãoCasasBahia
📷 Alexandre Battibugli/Ag. Paulistão/Sua Foto no Jogo",0,"01/21/2026 17:22",https://www.instagram.com/p/DTy1nVPlkxQ/,"Imagem do Instagram",,Total,21975,14190,390,3,0,9,3
17981085377794118,17841400074692954,paulistao,Paulistão,"CRAQUE DO JOGO! 🏆
O goleiro do Massa Bruta foi seguro demais contra o Mirassol e levou o troféu pra casa! #PaulistãoCasasBahia #7kBet #CraqueDoJogo
📷 Pedro Zacchi/Ag. Paulistão/Sua Foto no Jogo",0,"01/21/2026 17:20",https://www.instagram.com/p/DTy1dNkjq9v/,"Imagem do Instagram",,Total,15183,9877,197,4,0,8,0
18142741972413090,17841400074692954,paulistao,Paulistão,"MAIS UM DO CALLERI NO MORUMBIS!
#PaulistãoCasasBahia #Betano",38,"01/21/2026 17:06",https://www.instagram.com/reel/DTyzxjeiEil/,"Reel do Instagram",,Total,34575,24296,1309,36,1,19,6
18137695459431803,17841400074692954,paulistao,Paulistão,"PLACAR EM BRANCO!
Não teve um golzinho para contar história em Mirassol e Red Bull Bragantino.
#PaulistãoCasasBahia 
📷Pedro Zacchi/Ag. Paulistão/Sua Foto no Jogo",0,"01/21/2026 17:04",https://www.instagram.com/p/DTyzpddjFo7/,"Carrossel do Instagram",,Total,15233,7464,324,12,0,8,1
17901584502205249,17841400074692954,paulistao,Paulistão,"MACEIÓ É REDE!
#PaulistãoCasasBahia #Betano",45,"01/21/2026 17:03",https://www.instagram.com/reel/DTyze26DP4V/,"Reel do Instagram",,Total,53717,36497,1559,163,4,57,6
17912804751279309,17841400074692954,paulistao,Paulistão,"RENÊ ESTAVA DEMAIS E FEZ O SEGUNDO DA LUSA NO MORUMBIS!
#PaulistãoCasasBahia #Betano",24,"01/21/2026 17:00",https://www.instagram.com/reel/DTyzL8kEc4c/,"Reel do Instagram",,Total,22782,16148,546,18,0,8,5
17952479753932513,17841400074692954,paulistao,Paulistão,"Pedro Ferreira fez a jogada e foi assim que o Calleri empatou o jogo no MorumBIS!
#PaulistãoCasasBahia #Betano",41,"01/21/2026 16:59",https://www.instagram.com/reel/DTyy-RmlckN/,"Reel do Instagram",,Total,108783,67157,6777,175,4,94,66
18177935515372370,17841400074692954,paulistao,Paulistão,"FALA, CRAQUE DO JOGO!
Renê fez dois gols, jogou muito e levou o troféu de Craque do jogo!
#PaulistãoCasasBahia #CraqueDoJogo #Bet7K",82,"01/21/2026 16:50",https://www.instagram.com/reel/DTyyAn7CPK0/,"Reel do Instagram",,Total,15816,12693,739,71,9,28,9
18561686857004503,17841400074692954,paulistao,Paulistão,"LÊ LÊ Ô, LUSA! 🦁 A alegria de quem venceu em pleno MorumBIS! 🎉

#PaulistãoCasasBahia #Portuguesa",28,"01/21/2026 16:50",https://www.instagram.com/reel/DTyxuINjHvC/,"Reel do Instagram",,Total,123188,95101,4684,253,34,164,36
17870307786532001,17841400074692954,paulistao,Paulistão,"QUE NOITE DO RENÊ!
O Craque do Jogo no MorumBIS!
#PaulistãoCasasBahia #CraqueDoJogo #Bet7K
📷Mauro Horita/Ag.Paulistão/Sua Foto no Jogo",0,"01/21/2026 16:50",https://www.instagram.com/p/DTyx_4TDuHg/,"Imagem do Instagram",,Total,7624,5197,194,2,1,8,2
18092638723786513,17841400074692954,paulistao,Paulistão,"O BERNÔ FAZ GOL!!! 😮‍💨
Romisson precisou de apenas 4 minutos pra abrir o placar em Campinas! 🔥 #PaulistãoCasasBahia #Betano",19,"01/21/2026 16:48",https://www.instagram.com/reel/DTyxu9EDIgS/,"Reel do Instagram",,Total,107404,72036,2650,64,4,34,22
18170202865385472,17841400074692954,paulistao,Paulistão,"SORRISO DO CRAQUE! 🏆 Renê levou o troféu da @7k.bet.br na vitória da Portuguesa por 3 a 2 sobre o São Paulo no MorumBIS! 👏

#PaulistãoCasasBahia #Portuguesa @rene_sousa03",0,"01/21/2026 16:42",https://www.instagram.com/p/DTyxFQJjFdj/,"Imagem do Instagram",,Total,92779,53041,2289,97,5,161,14
18114352966541489,17841400074692954,paulistao,Paulistão,"VITÓRIA PORTUGUESA COM CERTEZA! FESTA DA LUSA NO MORUMBIS!
#PaulistãoCasasBahia
📷Mauro Horita/Ag.Paulistão/Sua Foto no Jogo",0,"01/21/2026 16:37",https://www.instagram.com/p/DTywm8FEoqt/,"Carrossel do Instagram",,Total,94258,53879,3084,888,14,136,25
17847389934668703,17841400074692954,paulistao,Paulistão,"QUE ISSO! CATEGORIA DO ZÉ VITOR!
#PaulistãoCasasBahia",15,"01/21/2026 16:29",https://www.instagram.com/reel/DTyvnXBAjcg/,"Reel do Instagram",,Total,115146,72807,2947,1303,23,52,39
18071788706110888,17841400074692954,paulistao,Paulistão,"SONHO REALIZADO! ☑️
Thiaguinho, o #CraqueDoJogo, falou sobre a importância do gol e do prêmio! 🏆 #PaulistãoCasasBahia #7kBet",42,"01/21/2026 16:29",https://www.instagram.com/reel/DTyvjzFkRl0/,"Reel do Instagram",,Total,97133,67677,2603,37,8,24,21
17859447501590543,17841400759034777,portuguesaoficial,Portuguesa,"ELE É GELAAAAAAAADO! 🥶

Renê recoloca a Lusa em vantagem na cobrança de pênalti. 

PRA CIMA LUSAAAAAAA! ❤️💚

#Portuguesa #Paulistão #SAOxPOR",30,"01/21/2026 16:28",https://www.instagram.com/reel/DTyvWTtkXmr/,"Reel do Instagram",,Total,176541,125530,6401,431,57,239,0
18199392574335863,17841400074692954,paulistao,Paulistão,"Marcou o gol e levou o troféu de #CraqueDoJogo pra casa! 🏆 #PaulistãoCasasBahia #7kBet
📷 José Luis Silva/Ag. Paulistão/Sua Foto no Jogo",0,"01/21/2026 16:25",https://www.instagram.com/p/DTyvI3XDsVT/,"Imagem do Instagram",,Total,17064,11784,143,17,0,5,0
18117370831587045,17841406439444749,ecnoroeste,"E.C. Noroeste","🎥 REPLAY DO JOGO 

O gol de Marlyson, camisa 11, no empate do Norusca. ❤️⚪️

📸: @starbrotheers",28,"01/21/2026 16:23",https://www.instagram.com/reel/DTyu54eCTWT/,"Reel do Instagram",,Total,119042,73017,4439,45,36,48,0
17992584089744952,17841400074692954,paulistao,Paulistão,"TUDO PRONTO NO MOISÉS LUCARELLI! 🤩
Já já a bola rola pra Ponte Preta e São Bernardo! #PaulistãoCasasBahia
📷 Alexandre Battibugli/Ag. Paulistão/Sua Foto no Jogo",0,"01/21/2026 16:19",https://www.instagram.com/p/DTyueObGDsO/,"Carrossel do Instagram",,Total,27454,14356,386,4,0,3,2
17984339732930660,17841400074692954,paulistao,Paulistão,"AGORA, SIM, ARTILHEIRO! ⚽️ Calleri iguala o marcador no MorumBIS! 1 a 1!

#paulistãocasasbahia #saopaulo #portuguesa",15,"01/21/2026 16:14",https://www.instagram.com/reel/DTytsQbDP8y/,"Reel do Instagram",,Total,103451,72657,3032,69,18,32,17
18112537219721904,17841400074692954,paulistao,Paulistão,"Um gol e um ponto pra cada lado em Bauru! 🤝 #PaulistãoCasasBahia
📷 José Luis Silva/Ag. Paulistão/Sua Foto no Jogo",0,"01/21/2026 16:07",https://www.instagram.com/p/DTytDVmjkd3/,"Carrossel do Instagram",,Total,14706,7507,390,16,0,31,3
17961553380031946,17841400074692954,paulistao,Paulistão,"O São Paulo tenta o empate, mas Calleri desperdiça a chance!
#PaulistãoCasasBahia",29,"01/21/2026 16:03",https://www.instagram.com/reel/DTysm5VChOd/,"Reel do Instagram",,Total,79621,56456,2202,3178,10,193,44
18124853563545973,17841400074692954,paulistao,Paulistão,"PERDEEEU! Calleri em baixo da trave… mas não saiu o gol de empate do Tricolor no MorumBIS 😱

#paulistãocasasbahia #sãopaulo #portuguesa",11,"01/21/2026 16:02",https://www.instagram.com/reel/DTysKfgjAYo/,"Reel do Instagram",,Total,81225,53678,1522,297,15,29,11
18059012354336278,17841400074692954,paulistao,Paulistão,"DOIS MILAGRES DE RAFAEL NO MORUMBIS!
#PaulistãoCasasBahia #Dorflex",28,"01/21/2026 16:01",https://www.instagram.com/reel/DTysY86AQiS/,"Reel do Instagram",,Total,13826,10123,262,17,2,5,1
18037337363725571,17841400074692954,paulistao,Paulistão,"EITA, LUCAS MOURA!
#PaulistãoCasasBahia #Dorflex",11,"01/21/2026 16:00",https://www.instagram.com/reel/DTysQjnCMm_/,"Reel do Instagram",,Total,30747,18667,280,5,0,10,5
18087571964472197,17841400074692954,paulistao,Paulistão,"TEM GOL DA LUSA NO MORUMBIS! RENÊ ABRE O PLACAR!
#PaulistãoCasasBahia",29,"01/21/2026 15:59",https://www.instagram.com/reel/DTysIIiipLg/,"Reel do Instagram",,Total,23039,16148,687,101,2,29,6
18088444801863627,17841400074692954,paulistao,Paulistão,"A BOLA ROLOU E O CAIO ROQUE JÁ MANDOU UMA CANETA!
#PaulistãoCasasBahia #Dorflex",11,"01/21/2026 15:58",https://www.instagram.com/reel/DTysARZjhhX/,"Reel do Instagram",,Total,55567,35872,853,191,2,17,11
18019835033631977,17841400074692954,paulistao,Paulistão,"BELA BATIDA DE SEGURANÇA = GOL DO NORUSCA! 🔥 #PaulistãoCasasBahia #Betano",21,"01/21/2026 15:52",https://www.instagram.com/reel/DTyrPskDgbc/,"Reel do Instagram",,Total,81160,54041,1757,54,10,56,5
17913562299126433,17841400074692954,paulistao,Paulistão,"CADÊ O GOL?
A rede ainda não balançou para Mirassol e Red Bull Bragantino.
#PaulistãoCasasBahia 
📷Pedro Zacchi/Ag. Paulistão/Sua Foto no Jogo",0,"01/21/2026 15:51",https://www.instagram.com/p/DTyrUbsmGrf/,"Imagem do Instagram",,Total,13519,8247,250,2,0,3,1
18378138601154167,17841412731525361,tiago.herani,"TIAGO HERANI","Pô, só eu que sempre quis saber como era aqui dentro? 😅

#paulistao2026 #morumbis #saopaulofc #embaixadorespaulistao",32,"01/21/2026 15:49",https://www.instagram.com/reel/DTyqgEukfvO/,"Reel do Instagram",,Total,10464,7245,414,4,1,6,0
17907456336162629,17841400074692954,paulistao,Paulistão,"THIAGUINHO FOI DE PEIXINHO PRO CHÃO DEPOIS DE MARCAR PRO CAPIVARIANO! 🤣 E a comemoração foi por lá mesmo... 😅 #PaulistãoCasasBahia #Betano",25,"01/21/2026 15:32",https://www.instagram.com/reel/DTypC2ejQ5o/,"Reel do Instagram",,Total,125215,78553,1345,34,1,27,29
18053975486411416,17841412731525361,tiago.herani,"TIAGO HERANI","@paulistao também é família! 🫵❤️

#paulistão2026 #lucasmoura #sãopaulofc #embaixadorespaulistao",13,"01/21/2026 15:30",https://www.instagram.com/reel/DTyovdNjyRk/,"Reel do Instagram",,Total,62767,38418,2816,11,5,15,0
18088697501091623,17841401009444456,tntsportsbr,"TNT Sports Brasil","AMANHÃ TEM CLÁSSICO ALVINEGRO PELO PAULISTÃO! ⚫⚪ E se tem Timão no Paulistão, tem transmissão da HBO Max! A bola rola 19h30, mas o pré-jogo está no ar a partir das 18h30 pra esquentar esse jogaço! Assine com o link da BIO e não perca! #FutebolBrasileiro #PaulistãoNaHBOMax",0,"01/21/2026 15:30",https://www.instagram.com/p/DTyo3gykXYi/,"Imagem do Instagram",,Total,2177207,1049609,57440,1361,44,339,0
17996369849896833,17841400074692954,paulistao,Paulistão,"QUE CATEGORIA, MEU ZAGUEIRO!
A marcação do Massa Bruta veio com tudo para recuperar a bola, mas ele só não contava com a finta do João Victor!
#PaulistãoCasasBahia #Dorflex",17,"01/21/2026 15:26",https://www.instagram.com/reel/DTyoY3Kjpoo/,"Reel do Instagram",,Total,258813,148301,5416,130,4,26,62
18066833033542722,17841400074692954,paulistao,Paulistão,"Intervalo de jogo no MorumBIS e o placar segue zerado!
Será que teremos gol no segundo tempo?
#PaulistãoCasasBahia
📷Mauro Horita/Ag.Paulistão/Sua Foto no Jogo",0,"01/21/2026 15:22",https://www.instagram.com/p/DTyn9knEje1/,"Imagem do Instagram",,Total,19114,10670,449,5,1,23,0
18092609791988556,17841402375918026,capivariano,"Capivariano F.C. SAF","É GOOOOOOOOOOLLLLLLLL DO LEÃO! 🦁 

Thiaguinho recebe passe de Felipe Azevedo dentro da área e dá toque sútil por cima do goleiro. 

Da A3 para a A1, @thiagomoraesth_ 🔴⚪️🙏🏻

VAMOS! 

#capivariano",25,"01/21/2026 15:20",https://www.instagram.com/reel/DTynj-ZDwWv/,"Reel do Instagram",,Total,64461,41928,1602,63,18,48,0
17859752082529387,17841400074692954,paulistao,Paulistão,"NÃO SAIU DO ZERO! 🤝
Até agora, nada de gols pra Noroeste e Capivariano! Será que o placar muda no 2º tempo? #PaulistãoCasasBahia
📷 José Luis Silva/Ag. Paulistão/Sua Foto no Jogo",0,"01/21/2026 14:55",https://www.instagram.com/p/DTyk1q5D2Kg/,"Imagem do Instagram",,Total,15423,9264,256,2,0,5,1
18054057293397154,17841400074692954,paulistao,Paulistão,"LEÃO ⚔️ MASSA BRUTA!
A dupla da Série A vai a campo no Paulistão Casas Bahia! Quem levará a melhor nessa?
#PaulistãoCasasBahia 
📷Pedro Zacchi/Ag. Paulistão/Sua Foto no Jogo",0,"01/21/2026 14:38",https://www.instagram.com/p/DTyi9sGEsHm/,"Carrossel do Instagram",,Total,32161,16175,601,0,0,4,2
17945914796960825,17841400074692954,paulistao,Paulistão,"- Hoje sonhei com você, sabia?
- Ah, é? E como foi o sonho?
- Pior que eu não lembro...
O sonho:
#PaulistãoCasasBahia
📷Pedro Zacchi/Ag. Paulistão/Sua Foto no Jogo",0,"01/21/2026 14:17",https://www.instagram.com/p/DTygkEQElY0/,"Imagem do Instagram",,Total,28536,17349,323,5,0,2,3
18001213556852175,17841401009444456,tntsportsbr,"TNT Sports Brasil","AMANHÃ TEM PEIXÃO NO ALÇAPÃO DA VILA BELMIRO! ⚪⚫ O Peixão vai pro Clássico Alvinegro e você assiste tudo na HBO Max! Assine com o link da BIO e não perca nada do Paulistão! #FutebolBrasileiro #PaulistãoNaHBOMax",0,"01/21/2026 14:15",https://www.instagram.com/p/DTygUrIEW0d/,"Imagem do Instagram",,Total,1068665,547546,37699,1886,27,396,0
18104658001704023,17841400074692954,paulistao,Paulistão,"LUCAS TITULAR!
O camisa 7 vai começar o jogo entre São Paulo e Portuguesa!
#PaulistãoCasasBahia
📷Mauro Horita/Ag.Paulistão/Sua Foto no Jogo",0,"01/21/2026 14:14",https://www.instagram.com/p/DTygKMKkpK3/,"Imagem do Instagram",,Total,9471,5794,198,1,0,1,1
18171946498383530,17841400074692954,paulistao,Paulistão,"TODOS OS CAMINHOS LEVAM AO MAIÃO! 💛
É dia de mais um jogaço na 017! Vem que tá chegando a hora de Mirassol e Red Bull Bragantino!
#PaulistãoCasasBahia
📷Pedro Zacchi/Ag. Paulistão/Sua Foto no Jogo",0,"01/21/2026 14:10",https://www.instagram.com/p/DTyfwvckrpi/,"Carrossel do Instagram",,Total,26932,12647,469,22,1,5,5
18026612726603875,17841400074692954,paulistao,Paulistão,"O Ferreirinha está feliz com a presença de Lucas e Calleri entre os titulares no jogão contra a Portuguesa!
#PaulistãoCasasBahia #Bet365",85,"01/21/2026 14:10",https://www.instagram.com/reel/DTyfoBrGIcC/,"Reel do Instagram",,Total,30371,21411,2609,12,3,12,23
18098623249807621,17841400074692954,paulistao,Paulistão,"TUDO PRONTO!
A bola já vai rolar pra Noroeste e Capivariano, pela 4ª rodada do #PaulistãoCasasBahia
📷 José Luis Silva/Ag. Paulistão/Sua Foto no Jogo",0,"01/21/2026 13:59",https://www.instagram.com/p/DTyea0gjUFV/,"Carrossel do Instagram",,Total,27756,13864,455,18,2,0,3
18111283075725243,17841412731525361,tiago.herani,"TIAGO HERANI","Hoje a escala é presencial! 🤣

#paulistão2026 #sãopaulofc #portugesasp #embaixadorespaulistao",28,"01/21/2026 13:54",https://www.instagram.com/reel/DTydw-ej0aH/,"Reel do Instagram",,Total,12347,8800,413,4,5,11,0
18040654559721392,17841400074692954,paulistao,Paulistão,"Arbitragem escalada para a partida entre Ponte Preta e São Bernardo!
#EscalaDeArbitragem #PaulistãoCasasBahia",0,"01/21/2026 13:30",https://www.instagram.com/p/DTyWAnHjw0V/,"Imagem do Instagram",,Total,20000,12189,133,8,0,7,4
18136719508488521,17841400074692954,paulistao,Paulistão,"O palco do jogão de logo mais está pronto e a torcida Tricolor já marca presença no MorumBIS!
#PaulistãoCasasBahia 
📷Mauro Horita/Ag.Paulistão/Sua Foto no Jogo",0,"01/21/2026 13:22",https://www.instagram.com/p/DTyaSytEtZ4/,"Carrossel do Instagram",,Total,20317,10201,797,10,2,6,1
18212880895314395,17841400074692954,paulistao,Paulistão,"TÁ CHEGANDO A HORA! ⏱️
Tricolor e Lusa chegando juntos aqui no MorumBIS para o duelo de logo mais pelo @paulistao Casas Bahia ⚽️

#PaulistãoCasasBahia #SãoPaulo #Portuguesa",28,"01/21/2026 13:19",https://www.instagram.com/reel/DTyZqkCEhXQ/,"Reel do Instagram",,Total,59562,49964,1300,14,5,10,10
17909575287299952,17841400074692954,paulistao,Paulistão,"Arbitragem escalada para a partida entre Mirassol e Red Bull Bragantino!
#EscalaDeArbitragem #PaulistãoCasasBahia",0,"01/21/2026 12:30",https://www.instagram.com/p/DTyPcSDE9Z3/,"Imagem do Instagram",,Total,26131,14947,248,4,2,0,1
18075375053362956,17841400074692954,paulistao,Paulistão,"QUEM LEVA: MACACA OU BERNÔ? 🦍🐯
A Ponte Preta recebe o São Bernardo no último jogo dessa quarta-feira no Paulistão Casas Bahia!
#PaulistãoCasasBahia",0,"01/21/2026 12:00",https://www.instagram.com/p/DTyLtcEk3-u/,"Imagem do Instagram",,Total,25695,14730,377,27,1,9,5
18085810142275263,17841400074692954,paulistao,Paulistão,"Arbitragem escalada para a partida entre São Paulo e Portuguesa!
#EscalaDeArbitragem #PaulistãoCasasBahia",0,"01/21/2026 11:30",https://www.instagram.com/p/DTyIkwtjJ2-/,"Imagem do Instagram",,Total,40377,23800,629,61,1,24,6
17996624606885283,17841400074692954,paulistao,Paulistão,"O CRAQUE DO MOLEQUE TRAVESSO!
Com 45% dos votos, Elkin Muñoz, do @juventussaf, foi eleito o Craque da 3ª rodada do Paulistão A2 Rivalo!
#PaulistãoA2Rivalo #CraqueDaRodada",0,"01/21/2026 11:10",https://www.instagram.com/p/DTyK_mzk_Gh/,"Imagem do Instagram",,Total,22201,13537,297,10,0,7,2
18092610488493198,17841400074692954,paulistao,Paulistão,"Arbitragem escalada para a partida entre Noroeste e Capivariano!
#EscalaDeArbitragem #PaulistãoCasasBahia",0,"01/21/2026 11:00",https://www.instagram.com/p/DTyFXmFkmsR/,"Imagem do Instagram",,Total,22345,13165,274,7,0,26,1
18091622752980399,17841400074692954,paulistao,Paulistão,"INTERIOR PAULISTA BEM REPRESENTADO! 🔥💪
Mirassol e Red Bull Bragantino vão medir forças nessa noite de #PaulistãoCasasBahia no Maião. Quem será que leva a melhor? 👀",0,"01/21/2026 10:30",https://www.instagram.com/p/DTyBZP3Esft/,"Imagem do Instagram",,Total,21619,12781,328,3,0,5,3
18088894082028996,17841401683210430,portalr7,"Portal R7","Nesta quarta (21), você acompanha as emoções de São Paulo e Portuguesa pelo Paulistão, e o R7 quer saber: qual será o placar do jogo? Siga o passo a passo abaixo para participar da brincadeira: 

1️⃣ Abra o vídeo; 
2️⃣ Toque na tela; 
3️⃣ E segure!

Em seguida, conte nos comentários se a vitória foi do Tricolor, da Lusa ou empate!

➡️ É de graça! Acompanhe a transmissão digital do #PaulistãoNaRECORD, a partir das 18h30, em R7.com.
#PortalR7 #R7",9,"01/21/2026 10:01",https://www.instagram.com/reel/DTyDJa8klju/,"Reel do Instagram",,Total,150699,76249,1494,50,10,159,0
18052918394434463,17841400074692954,paulistao,Paulistão,"TRICOLOR E LUSA SE ENFRENTAM!
Só a vitória interessa para São Paulo e Portuguesa nessa rodada do Paulistão Casas Bahia. Deixa aqui nos comentários para quem vai sua torcida! 🇾🇪⚔️🦁
#PaulistãoCasasBahia",0,"01/21/2026 10:00",https://www.instagram.com/p/DTx99M-koYM/,"Imagem do Instagram",,Total,30434,18080,791,16,0,17,14
18098408485909095,17841400074692954,paulistao,Paulistão,"ENTROU E MUDOU O JOGO! ⚽⭐
Eduardo Sasha entrou no segundo tempo e marcou o segundo gol do Massa Bruta na goleada contra o Botafogo. Tem estrela! 
#PaulistãoCasasBahia #Bet365",28,"01/21/2026 09:30",https://www.instagram.com/reel/DTx7_GpiQB6/,"Reel do Instagram",,Total,18966,12756,377,1,0,2,5
18080896795986066,17841400074692954,paulistao,Paulistão,"DUELO NA CASA DO NORUSCA!
O Noroeste recebe o Capivariano para o primeiro jogo do #PaulistãoCasasBahia dessa quarta-feira. Quem sai com os três pontos?",0,"01/21/2026 09:00",https://www.instagram.com/p/DTx3GcXksew/,"Imagem do Instagram",,Total,27225,14925,495,15,0,12,4
18056206244345594,17841401009444456,tntsportsbr,"TNT Sports Brasil","HOJE TEM TRICOLOR NA TELA DA HBO MAX! 🇾🇪 A bola vai rolar às 19h30 para São Paulo e Portuguesa no Paulistão e você assiste AO VIVO na HBO Max! Assine com o link da BIO para assistir! #FutebolBrasileiro #PaulistãoNaHBOMax",0,"01/21/2026 08:00",https://www.instagram.com/p/DTx1V6GESP5/,"Imagem do Instagram",,Total,1358974,683867,36948,1056,35,181,0
18150390682429611,17841401683210430,portalr7,"Portal R7","HOJE TEM LUSA! ❤️💚🦁

Nesta quarta-feira (21), a Portuguesa visita o São Paulo pela quarta rodada do Paulistão 2026, no Morumbis.

Você acompanha a transmissão ao vivo do confronto na tela da @sigarecord, no @portalr7 e no @recordplus às 19h30. 🤩🔥

➡️ Veja as principais notícias sobre o Campeonato Paulista 2026 em R7.com/esportes. O link está na bio.
#PortaIR7 #R7 #PaulistãoNaRECORD",0,"01/21/2026 07:51",https://www.instagram.com/p/DTx0Yp8FUIa/,"Imagem do Instagram",,Total,27024,19226,147,6,0,4,0
17882293938442197,17841400074692954,paulistao,Paulistão,"ELES ESTÃO ACOSTUMADOS A MARCAR EM CLÁSSICOS! 9️⃣🤝👀
Gabriel Barbosa e Yuri Alberto são os camisas 9 do Clássico Alvinegro. E aí, quem leva a melhor nesse duelo? 
#PaulistãoCasasBahia",0,"01/21/2026 07:00",https://www.instagram.com/p/DTxpZ2ejfr1/,"Carrossel do Instagram",,Total,225532,118785,17404,829,139,226,166
17926434696057833,17841400074692954,paulistao,Paulistão,"YURI ALBERTO 🤝 MEMPHIS
Os caras estavam abusados no último Corinthians x Santos pela fase de grupos do #PaulistãoCasasBahia! 😮‍💨🔥

🗓️ O PRÓXIMO CLÁSSICO ALVINEGRO É AMANHÃ (22), ÀS 19H30!

#ClássicoAlvinegro #Corinthians #Santos",32,"01/21/2026 07:00",https://www.instagram.com/reel/DTxukY6FKKp/,"Reel do Instagram",,Total,130598,83695,11543,597,29,289,166
17842665579677658,17841401009444456,tntsportsbr,"TNT Sports Brasil","HOJE TEM DUELO DE PESO NO PAULISTÃO! 🔥 Mirassol e Red Bull Bragantino medem forças em um duelo que promete demais! É AO VIVO E EXCLUSIVO NA TNT E NA HBO MAX! Assine com o link da BIO e assista! #FutebolBrasileiro #PaulistãoNaTNT #PaulistãoNaHBOMax",0,"01/21/2026 05:30",https://www.instagram.com/p/DTxkLruEUpA/,"Imagem do Instagram",,Total,226328,127587,2762,16,0,38,0
18101135749845817,17841400074692954,paulistao,Paulistão,"BORA MAIS UMA!
Você piscou e chegou mais uma rodada do Paulistão A2 Rivalo!
#PaulistãoA2Rivalo",0,"01/21/2026 05:00",https://www.instagram.com/p/DTxbqTqjYzk/,"Imagem do Instagram",,Total,26961,15822,470,9,2,9,8
18559760056050354,17841400074692954,paulistao,Paulistão,"QUARTOU! 😮‍💨
Dia recheado de mais #PaulistãoCasasBahia! Anota pra não perder nada! ✍️",0,"01/21/2026 04:00",https://www.instagram.com/p/DTxUyWnlqbO/,"Imagem do Instagram",,Total,114740,63937,3245,104,14,31,32
18118448434602758,17841412731525361,tiago.herani,"TIAGO HERANI","Quais foram as suas impressões desse jogo? 👀

#novorizontino #sepalmeiras #paulistão2026 #embaixadorespaulistão2026 #analisetatica",0,"01/20/2026 19:57",https://www.instagram.com/p/DTwimEdAGZH/,"Carrossel do Instagram",,Total,99639,43809,3450,836,39,63,0
18120653773599089,17841400074692954,paulistao,Paulistão,"O HAT-TRICK DO @_robsonsf! 3️⃣⚽🔥
QUE PARTIDA DO ARTILHEIRO DO TIGRE! 
#PaulistãoCasasBahia #Betano",104,"01/20/2026 18:24",https://www.instagram.com/reel/DTwX3cyAGKx/,"Reel do Instagram",,Total,24978,18423,623,25,5,21,11
17951940317935908,17841400074692954,paulistao,Paulistão,"ARTILHEIRO ABSOLUTO! 🔥
Cuidado para não cutucar o Tigre com vara curta, sujeito a gol do @_robsonsf! 🐯⚽
#PaulistãoCasasBahia",0,"01/20/2026 18:23",https://www.instagram.com/p/DTwX2NojS2L/,"Imagem do Instagram",,Total,155826,85579,2105,85,2,50,24
18110941708651272,17841400074692954,paulistao,Paulistão,"O QUE É AQUILO ALI?! 😱👀 AH, É MAIS UM GOL DO ROBSON! ⚽🔥🐯
#PaulistãoCasasBahia #Novorizontino",0,"01/20/2026 18:00",https://www.instagram.com/p/DTwVOlcDTJn/,"Carrossel do Instagram",,Total,79438,42811,1254,52,0,33,10
17846767254637271,17841400074692954,paulistao,Paulistão,"CRAQUE ABSOLUTO DO JOGO!
Vem ver a entrevista pós jogo do dono de três gols do Novorizontino na partida de hoje!
#PaulistãoCasasBahia #CraqueDoJogo #Bet7k",103,"01/20/2026 17:26",https://www.instagram.com/reel/DTwRM0oDPv-/,"Reel do Instagram",,Total,52806,36424,2796,46,6,52,22
18065791940224382,17841400074692954,paulistao,Paulistão,"TRÊS GOLS E UM TROFÉU DE CRAQUE! 🏆✨
A vitória do Novorizontino tem nome e sobrenome: Robson Fernandes!
#PaulistãoCasasBahia #CraqueDoJogo #Bet7k 
📷Pedro Zacchi/Ag.Paulistão/Sua Foto no Jogo",0,"01/20/2026 17:20",https://www.instagram.com/p/DTwQoubjRir/,"Imagem do Instagram",,Total,52045,31950,598,46,0,23,3
18403948990134517,17841400074692954,paulistao,Paulistão,"É O TIGRE ALI NA VICE-LIDERANÇA?! 🐯🔥
Fim do primeiro dia da quarta rodada do #PaulistãoCasasBahia e assim ficou a tabela de classificação!",0,"01/20/2026 17:19",https://www.instagram.com/p/DTwQhIOjUsl/,"Imagem do Instagram",,Total,566049,311730,16406,505,183,143,144
18072120725621573,17841400074692954,paulistao,Paulistão,"ROBSON FERNANDES: O ARTILHEIRO DO TIGRE! 3️⃣⚽🔥 
📷Pedro Zacchi/Ag.Paulistão/Sua Foto no Jogo",0,"01/20/2026 17:04",https://www.instagram.com/p/DTwOuESDeJg/,"Imagem do Instagram",,Total,65943,40688,906,45,1,11,13
18091187503961343,17841400074692954,paulistao,Paulistão,"VITÓRIA GI-GAN-TES-CA DO TIGRE! ⚽🔥🐯
Goleada para cima do Palmeiras com direto à hat trick do Robson! 
#PaulistãoCasasBahia
📷Pedro Zacchi/Ag.Paulistão/Sua Foto no Jogo",0,"01/20/2026 16:55",https://www.instagram.com/p/DTwNz8Hkqmt/,"Carrossel do Instagram",,Total,217232,133356,5667,2242,6,321,59
18058439903337092,17841400074692954,paulistao,Paulistão,"GOLEADA DO TIGRE! ⚽🔥
Hélio Borges aumenta ainda mais o placar para o Novorizontino!
#PaulistãoCasasBahia",41,"01/20/2026 16:46",https://www.instagram.com/reel/DTwMofGiZEL/,"Reel do Instagram",,Total,92753,67927,2647,216,13,66,18
17843383056681645,17841400074692954,paulistao,Paulistão,"HAT TRICK DO ROBSON! É MAIS UM GOL DO NOVORIZONTINO CONTRA O PALMEIRAS! 🐯🔥
#PaulistãoCasasBahia",38,"01/20/2026 16:39",https://www.instagram.com/reel/DTwL4WzkRl9/,"Reel do Instagram",,Total,139836,91406,2829,359,7,160,37
17863480131564315,17841455066317821,cazetv,CazéTV,"O ROBSON ESTÁ CASTIGANDO O PALMEIRAS 😈😈😈 

O SEGUNDO DELE CONTRA O VERDÃO E O NOVORIZONTINO VAI VENCENDO POR 2 A 0! 

#PaulistãoNaCazéTV #TempoRealCazéTV #VideoPatrocinado #Pagbank",15,"01/20/2026 16:08",https://www.instagram.com/reel/DTwIaH5DaGs/,"Reel do Instagram",,Total,572811,343864,10158,549,5,154,0
18343270915225123,17841400074692954,paulistao,Paulistão,"TIGRE NA VANTAGEM!
No primeiro tempo só deu Novorizontino!
#PaulistãoCasasBahia
📷Pedro Zacchi/Ag.Paulistão/Sua Foto no Jogo",0,"01/20/2026 15:51",https://www.instagram.com/p/DTwGaxGjQ71/,"Imagem do Instagram",,Total,45447,26007,1219,133,1,42,10
17989074410763310,17841400074692954,paulistao,Paulistão,"O ARTILHEIRO DO TIGRE ABRE O PLACAR! 
Robson coloca o Novorizontino na vantagem!
#PaulistãoCasasBahia",28,"01/20/2026 15:35",https://www.instagram.com/reel/DTwEjEgDz5U/,"Reel do Instagram",,Total,50032,34775,965,35,13,21,9
18103141765698018,17841426196827383,copinha,Copinha,"INGRESSOS LIBERADOS! 
Os ingressos para acompanhar a semifinal da Copinha Sil 2026 entre São Paulo e Ibrachina nesta quinta-feira (22), às 21h30, no estádio do Morumbis, estão à venda a partir das 10h desta quarta-feira (21). As entradas deverão ser adquiridas no spfcticket.net/.
#CopinhaSil2026",0,"01/20/2026 14:33",https://www.instagram.com/p/DTv9bxKEw-P/,"Imagem do Instagram",,Total,423398,222291,7087,731,29,155,85
18081304726972450,17841400074692954,paulistao,Paulistão,"Tudo pronto em Novo Horizonte para o duelo entre Tigre e Verdão! Já ligou na TNT ou na HBO Max? 👀
#PaulistãoCasasBahia
📷Pedro Zacchi/Ag.Paulistão/Sua Foto no Jogo",0,"01/20/2026 14:03",https://www.instagram.com/p/DTv6A4dEzOI/,"Carrossel do Instagram",,Total,25407,12630,551,5,3,8,8
18094954736499963,17841400074692954,paulistao,Paulistão,"QUEM FOI O CRAQUE DA 3ª RODADA?
Quer eleger o destaque da terceira rodada do Paulistão A2 Rivalo? É só abrir a enquete aqui nos comentários e votar no jogador da sua escolha! 

*A enquete se encerra quarta-feira (21), ao meio dia.

#PaulistãoA2Rivalo #CraqueDaRodada",0,"01/20/2026 13:48",https://www.instagram.com/p/DTv4ZThkuuC/,"Imagem do Instagram",,Total,37045,21542,334,77,3,58,3
18279456997304493,17841400074692954,paulistao,Paulistão,"NOVO HORIZONTE EM CLIMA DE PAULISTÃO CASAS BAHIA! 🤩
Criança no colo, camisa no corpo e espeto na mão! Daqui a pouco tem Palmeiras e Novorizontino no Estádio Jorge Ismael de Biasi 🔥
#PaulistãoCasasBahia
📷Pedro Zacchi/Ag.Paulistão/Sua Foto no Jogo",0,"01/20/2026 13:22",https://www.instagram.com/p/DTv1dEQDWBY/,"Carrossel do Instagram",,Total,60365,26394,1481,36,7,18,11
18188516548346812,17841400861993763,matheusgonze1,"Matheus Gonze","Primeira vez na Arena, pai e filho lado a lado, coração batendo no ritmo do Timão 🖤🤍

Teve frio na barriga, grito de alívio… Um momento simples, verdadeiro e inesquecível.

Muito grato por fazer parte dessa memória! Valeuu @auroraalimentos e @paulistao.

#Publi #AuroraAlimentos #Paulistao",151,"01/20/2026 13:08",https://www.instagram.com/reel/DTvzzr9D7Uj/,"Reel do Instagram",,Total,355043,492521,10249,93,76,65,0
17854503534610440,17841405688144679,rivalobrasil,"Rivalo Brasil","Seleção Rivalo + Melhores Desempenhos em parceria com o @sofascorebr_oficial pela 3ª rodada do Paulista A2 Rivalo 2026! 🏆

Será que o jogador e o time do seu coração apareceram por aqui? Arrasta pro lado e vem descobrir! 💥

Obs: Seleção baseada nas Notas Sofascore 📊

#PaulistaA2Rivalo #NadaGanhaDaEmoção #Amor #Raizes #Cultura #RivaloSofascore",0,"01/20/2026 13:08",https://www.instagram.com/p/DTvz0uiATtK/,"Carrossel do Instagram",,Total,42024,16980,208,12,8,3,0
18092605930983681,17841400074692954,paulistao,Paulistão,"SERÁ QUE ELES ESTÃO ENTROSADOS? 
Se liga no Desafio das Palmas com Eric Ramires e Juninho Capixaba, do Red Bull Bragantino! 
#PaulistãoCasasBahia",33,"01/20/2026 11:33",https://www.instagram.com/reel/DTvomZCEl9j/,"Reel do Instagram",,Total,124248,77451,2191,14,0,88,23
18081832958222846,17841400074692954,paulistao,Paulistão,"Arbitragem escalada para a partida entre Novorizontino e Palmeiras!
#EscalaDeArbitragem #PaulistãoCasasBahia",0,"01/20/2026 11:19",https://www.instagram.com/p/DTvnUCiEi4I/,"Imagem do Instagram",,Total,24478,15058,358,11,1,11,5
18107206408677764,17841400074692954,paulistao,Paulistão,"Sofreu o pênalti, marcou o gol e foi eleito o #CraqueDaRodada, com 40% dos votos no Instagram do @paulistao! 👏 #7KBet #PaulistãoCasasBahia",38,"01/20/2026 11:02",https://www.instagram.com/reel/DTvlQ8Kjunl/,"Reel do Instagram",,Total,83238,53040,992,4,3,20,25
18139204078474379,17841418458448463,canalestagiarios,"Canal Estagiários","HOJE O VERDÃO ENTRA EM CAMPO JUNTO COM O CANAL ESTAGIÁRIOS ⚽️

A parir de 18:30 você acompanha o pré-jogo com imagens direto de Novorizontino, no Estádio Jorge Ismael de Biasi.

Vem com os estagiários e saiba tudo desse jogão entre Gremio Novorizontino x Palmeiras valido pelo @paulistao 

Aqui tem resenha e muita informação.

SIGAM:

🎙 @tmarotho 
🎙 @leovallejo 

#futebol #palmeiras #novorizontino #paulistao #estagiariospodcast",0,"01/20/2026 10:41",https://www.instagram.com/p/DTvjAWEFSHg/,"Imagem do Instagram",,Total,20324,11819,354,8,5,3,0
17929806783188638,17841400074692954,paulistao,Paulistão,"VOCÊS VOTARAM E ESCOLHERAM... ☑️👨🏻‍🦲
Teve gol dele no final de semana e, com 40% dos votos, o Carlão é o nosso Craque da 3ª Rodada do Paulistão Casas Bahia!
#CraqueDaRodada #7KBet #PaulistãoCasasBahia",0,"01/20/2026 10:30",https://www.instagram.com/p/DTve3c9DBvk/,"Imagem do Instagram",,Total,33385,18131,886,90,2,44,3
18083375560932064,17841400074692954,paulistao,Paulistão,"GOLAÇO DA 3ª RODADA! 🔥
Breno Bidon foi eleito o dono do #GolaçoDaRodada, com 48% dos votos no Instagram do @paulistao! #Betano #PaulistãoCasasBahia",27,"01/20/2026 10:00",https://www.instagram.com/reel/DTvd2j1kQEA/,"Reel do Instagram",,Total,132233,91523,4030,50,3,79,39
18101474491840244,17841400074692954,paulistao,Paulistão,"AQUI TEM GOLEIRO! 🧤⚽
Carlos Miguel e Cleiton foram os únicos goleiros que não tomaram gol até aqui no #PaulistãoCasasBahia!",0,"01/20/2026 09:00",https://www.instagram.com/p/DTvTckPEXBr/,"Imagem do Instagram",,Total,86559,46678,2220,124,1,82,23
18302586937261937,17841409994484701,thiaguin_.04,"Thiago Augusto","Clássico no banho também conta?🤣🕺🏼 Santos x Corinthians no Paulistão vai ser um jogão🔥 @paulistao",32,"01/20/2026 07:00",https://www.instagram.com/reel/DTvJrhlETMl/,"Reel do Instagram",,Total,272105,174643,13845,1184,108,177,0
17960507787043557,17841400074692954,paulistao,Paulistão,"PRIMEIRO DA RODADA!
Novorizontino e Palmeiras abrem a quarta rodada do Paulistão Casas Bahia. 
#PaulistãoCasasBahia",0,"01/20/2026 07:00",https://www.instagram.com/p/DTvFGx5jYHV/,"Imagem do Instagram",,Total,28078,16249,654,17,0,12,8
18109253983657956,17841400074692954,paulistao,Paulistão,"O ÚLTIMO CLÁSSICO ALVINEGRO NA FASE DE GRUPOS! 😮‍💨
Em 2025, o Corinthians venceu o Santos na primeira fase! Bora relembrar os gols? 🤩🔥

🗓️ O PRÓXIMO CLÁSSICO ALVINEGRO É QUINTA-FEIRA (22), ÀS 19H30!

#PaulistãoCasasBahia #ClássicoAlvinegro #Corinthians",29,"01/20/2026 07:00",https://www.instagram.com/reel/DTvJrkIlO6o/,"Reel do Instagram",,Total,40528,28117,3372,110,2,97,48
17957689659029877,17841400074692954,paulistao,Paulistão,"OS GARÇONS DO PAULISTÃO CASAS BAHIA! 🤩
Esse é o Top 3 dos jogadores que mais deram assistências até agora! 👏 #PaulistãoCasasBahia",0,"01/20/2026 05:00",https://www.instagram.com/p/DTu22YaDTfv/,"Imagem do Instagram",,Total,43408,27340,545,29,1,9,2
18108880945671132,17841426196827383,copinha,Copinha,"EM BUSCA DE UMA VAGA NA FINAL!
São Paulo e Ibrachina protagonizam a minha segunda semifinal nessa quinta-feira. Vai ser jogão!
#CopinhaSil",0,"01/19/2026 19:13",https://www.instagram.com/p/DTt4s8tDR47/,"Imagem do Instagram",,Total,409802,205970,16126,679,59,299,149
18082608566231922,17841426196827383,copinha,Copinha,"BORA PARA A SEMI!
Se liga no chaveamento atualizado com o fim de mais uma fase de #CopinhaSil",0,"01/19/2026 18:11",https://www.instagram.com/p/DTtxqUHDZgh/,"Imagem do Instagram",,Total,992105,434410,45357,2964,167,1035,371
18080097185196323,17841400731577742,yasmingzrn,Yasmin,"Vlog do primeiro Majestoso de 2026!

#futebol #corinthians #saopaulo #paulistao #embaixadorespaulistão2026",92,"01/19/2026 15:26",https://www.instagram.com/reel/DTtenkijxM8/,"Reel do Instagram",,Total,22349,16478,579,6,6,17,0
17943317970102673,17841400074692954,paulistao,Paulistão,"RECEBA, PAI!
O @luvadepedreiro visitou o Edifício Pelé e conheceu cada detalhe da FPF!
E vem novidade por aí, hein?!👀
#PaulistãoCasasBahia #LuvaDePedreiro",60,"01/19/2026 14:34",https://www.instagram.com/reel/DTtYvFDgc7C/,"Reel do Instagram",,Total,93134,83302,828,69,5,25,5
17871504069525504,17841400074692954,paulistao,Paulistão,"VAMOS PRA MAIS UMA! 🤩
Se liga nos jogos e onde assistir à 4ª rodada do #PaulistãoCasasBahia! 👀",0,"01/19/2026 14:30",https://www.instagram.com/p/DTtYYufj8t8/,"Imagem do Instagram",,Total,175328,100266,4729,274,24,62,72
18189255553354153,17841411170007197,vogalizandoahistoria,"Vogalizando a História","O Vogalizando a História e o @paulistao vão aparecer aqui toda semana pra te contar uma curiosidade histórica maneira sobre o mundo do futebol. 

Fica ligado que logo vai ter mais!",115,"01/19/2026 14:20",https://www.instagram.com/reel/DTtWeG6DZU3/,"Reel do Instagram",,Total,248132,175067,19968,3456,389,332,0
17861766321575379,17841401683210430,portalr7,"Portal R7","A torcida falou, e o Kewen fez o gol do empate do Guarani! Fortes emoções! 🔥

➡️ Assista à íntegra da transmissão do #PaulistãoNaRECORD em R7.com. O link está na bio.
#PortalR7 #R7 #DesimpedidosNoR7",41,"01/18/2026 18:17",https://www.instagram.com/reel/DTrNenRkorg/,"Reel do Instagram","Ocorreu um erro ao computar métricas.",-,,,,,,,
17904203754185812,17841471196696715,ohdejay,"Dj | Inteligencia Artificial","FIM DE JOGO! O Corinthians buscou o empate aos 90 minutos com um gol de Bidon. Um grande confronto que agitou o 
@paulistao @casasbahia

#paulistao #casasbahia #corinthians #saopaulofc",0,"01/18/2026 13:28",https://www.instagram.com/p/DTqsi2igcqJ/,"Carrossel do Instagram","Ocorreu um erro ao computar métricas.",-,,,,,,,
18079693180999018,17841401683210430,portalr7,"Portal R7","🟢⚽ Palmeiras conquista vitória magra de 1 a 0 contra o Mirassol, na Arena Barueri, e soma mais três pontos no Paulistão!

➡️ Assista à íntegra da transmissão do #PaulistãoNaRECORD em R7.com. O link está na bio.
#PortalR7 #R7 #DesimpedidosNoR7

Oferecimento: @bet365brasil, @magalu e @perdigaonabrasaoficial",68,"01/17/2026 17:59",https://www.instagram.com/reel/DTomrg0DRb-/,"Reel do Instagram","Ocorreu um erro ao computar métricas.",-,,,,,,,
18391496095178949,17841401683210430,portalr7,"Portal R7","É GOOOL DO PALMEIRAS! ⚽🟢

Veja o gol do Flaco López de pertinho!

➡️ Assista à íntegra da transmissão do #PaulistãoNaRECORD em R7.com. O link está na bio.
#PortalR7 #R7 #DesimpedidosNoR7",45,"01/17/2026 17:15",https://www.instagram.com/reel/DTohrRCEd8M/,"Reel do Instagram","Ocorreu um erro ao computar métricas.",-,,,,,,,
18084142579901012,17841400074692954,paulistao,Paulistão,"SEIS JÁ FORAM!
A bola rolou para seis partidas neste sábado pelo Paulistão A2 Rivalo. Vem conferir os resultados.
#PaulistãoA2Rivalo2026",0,"01/17/2026 17:20",https://www.instagram.com/p/DToiQGjDTe-/,"Imagem do Instagram",,Total,50209,28951,761,15,4,12,4
18083336809914973,17841400074692954,paulistao,Paulistão,"Com a palavra, Rodolfo, o #CraqueDoJogo!
#7KBet #PaulistãoCasasBahia",64,"01/17/2026 16:58",https://www.instagram.com/reel/DTofvZmgtGf/,"Reel do Instagram",,Total,21693,16084,513,20,2,17,4
17873381205498463,17841400074692954,paulistao,Paulistão,"A MAIOR GOLEADA! 😮‍💨🔥
O Massa Bruta é o dono da maior goleada do Paulistão Casas Bahia 2026 até agora, com 5 a 0 pra cima do Botafogo! 5️⃣⚽ #PaulistãoCasasBahia",0,"01/19/2026 13:00",https://www.instagram.com/p/DTtI_FcFaza/,"Imagem do Instagram",,Total,39763,22425,801,12,0,13,7
18074054588380037,17841400074692954,paulistao,Paulistão,"RETROSPECTO ATUALIZADO! ✅
Nos últimos SEIS ANOS de #PaulistãoCasasBahia, o São Paulo sofreu apenas uma derrota para o Corinthians!
#Majestoso",0,"01/19/2026 12:30",https://www.instagram.com/p/DTtFhWIkjgq/,"Imagem do Instagram",,Total,300553,147188,9698,1507,8,420,201
18096009631933914,17841400074692954,paulistao,Paulistão,"Os mantos do Majestoso! 🌟
📷Jhonny Inácio/Ag. Paulistão/Sua Foto no Jogo",11,"01/19/2026 12:01",https://www.instagram.com/reel/DTtHU-5DwH_/,"Reel do Instagram",,Total,278678,133617,8056,53,2,56,107
17955653808058912,17841400074692954,paulistao,Paulistão,"NETUNO NO TOPO!
Mais uma rodada se encerrou no Paulistão A2 Rivalo e assim ficou a tabela de classificação!
#PaulistãoA2Rivalo",0,"01/19/2026 12:00",https://www.instagram.com/p/DTtEXLvkjxD/,"Imagem do Instagram",,Total,293366,154711,7390,225,47,74,80
18080725328244888,17841400074692954,paulistao,Paulistão,"OS ARTILHEIROS! ⚽🔥
O ranking de artilharia do #PaulistãoCasasBahia ficou assim depois da 3ª rodada! 👏 #Artilharia #Assaí",0,"01/19/2026 11:30",https://www.instagram.com/p/DTs-rrZDLOu/,"Imagem do Instagram",,Total,40340,23686,631,18,0,8,7
18037711595740569,17841400074692954,paulistao,Paulistão,"OS BASTIDORES DA TRANSMISSÃO! 👀📺
Já imaginou como é o clima do caminhão de transmissão dos jogos do #PaulistãoCasasBahia? Vem ver como foi a coordenação do diretor de TV no Majestoso! 
#Majestoso #SãoPaulo #Corinthians",143,"01/19/2026 10:00",https://www.instagram.com/reel/DTs4o9ykWdR/,"Reel do Instagram",,Total,176230,118707,8922,762,140,184,306
17990711456913443,17841400074692954,paulistao,Paulistão,"O @vellosogg está na área com a leitura labial com imagens exclusivas do Majestoso!
#PaulistãoCasasBahia",102,"01/19/2026 09:46",https://www.instagram.com/reel/DTs2uhtkeEi/,"Reel do Instagram",,Total,695850,471777,21155,523,61,392,664
18004860398839112,17841400074692954,paulistao,Paulistão,"HORA DE ESCOLHER O GOLAÇO DA RODADA! 😮‍💨
E aí, qual o foi o gol mais bonito da 3ª rodada do #PaulistãoCasasBahia? Deixa o seu voto na enquete dos comentários! 👇 #GolaçoDaRodada #Betano

*Enquete encerra no dia 20/01, às 11h",0,"01/19/2026 09:34",https://www.instagram.com/p/DTs2hP7EWK6/,"Carrossel do Instagram",,Total,62682,33241,1096,114,3,81,6
18150597640442132,17841402338526050,oficialnovorizontino,"Grêmio Novorizontino SAF","🟨⬛️ Já é segunda e o ADM não consegue esquecer esse momento 🤩

#PaixãoPeloNovorizontino #PraCimaNovorizontino #PaulistãoCasasBahia2026",53,"01/19/2026 09:17",https://www.instagram.com/reel/DTs0WTLDdEg/,"Reel do Instagram",,Total,28549,20120,724,16,2,25,0
18032902145775428,17841400074692954,paulistao,Paulistão,"BORA VOTAR! 👀
Robson, Rodolfo, Sasha e Carlão se destacaram na 3ª rodada do #PaulistãoCasasBahia e agora você decide quem foi o mais craque! Deixe seu voto na enquete dos comentários! 👇 #CraqueDaRodada #7kbet

*Enquete encerra no dia 20/01, às 10h",0,"01/19/2026 08:17",https://www.instagram.com/p/DTstxUxDdD6/,"Imagem do Instagram",,Total,85666,51562,801,200,16,180,7
18008465297677499,17841400074692954,paulistao,Paulistão,"O BRENO BIDON É DIFERENTE!
O camisa 7 do Timão brilhou no Majestoso!
#PaulistãoCasasBahia",36,"01/19/2026 07:30",https://www.instagram.com/reel/DTsjUjaE0ir/,"Reel do Instagram",,Total,63429,49804,9195,97,34,35,91
18102257536841115,17841401381444467,frasescoringao,FrasesCoringão,"MOMENTO FOFURA 🥹🥹

Neto de Dorival Jr, cumprimentando todos os reservas do Corinthians. Que fofo!",60,"01/19/2026 07:30",https://www.instagram.com/reel/DTsoW1gAA2M/,"Reel do Instagram",,Total,124127,82332,10625,167,18,68,0
17940469203110266,17841400074692954,paulistao,Paulistão,"O Marlon Freitas chegou e já se destacou em seus primeiros jogos com a camisa do Palmeiras. O @lendoojogo fez uma análise do meio-campista do Verdão no #PaulistãoCasasBahia!

● O jogo de futebol dá cada vez menos tempo e espaço para o meio campista pensar o jogo;

● Com isso, ele precisa arranjar atalhos para poder ditar o ritmo da equipe;

●Dominar cada bola de forma correta, se posicionar bem e saber mapear o espaço;

●Todo tempo economizado nesses pequenos detalhes são transformados em segundos importantes com a bola no pé;

●Auxiliam na preparação de um grande passe, de uma fuga da pressão ou da manutenção da posse de bola;

● Marlon Freitas domina bem esses conceitos. Com sua leitura, antecede a jogada e se torna importante na construção e criação.",72,"01/19/2026 06:19",https://www.instagram.com/reel/DTsgEZpmBBb/,"Reel do Instagram",,Total,218281,133918,9039,1269,13,217,249
18178219387375649,17841400074692954,paulistao,Paulistão,"MASSA BRUTA NO TOPO!
O Paulistão Casas Bahia tem um novo líder!
#PaulistãoCasasBahia",0,"01/18/2026 18:09",https://www.instagram.com/p/DTrMsO-DHfJ/,"Imagem do Instagram",,Total,82964,45809,2548,178,6,72,37
18067286981195968,17841400074692954,paulistao,Paulistão,"OLHA A CLASSIFICAÇÃO AÍ! 
100% atualizada e com um novo líder no #PaulistãoCasasBahia!",0,"01/18/2026 18:07",https://www.instagram.com/p/DTrMgdzjjOY/,"Imagem do Instagram",,Total,504195,274589,15687,506,207,201,146
17938249446113135,17841400074692954,paulistao,Paulistão,"FALA, KEWEN!
O #CraqueDoJogo garantiu o empate e levou o troféu pra casa!
#7KBet #PaulistãoCasasBahia",57,"01/18/2026 18:07",https://www.instagram.com/reel/DTrMapdE-cM/,"Reel do Instagram",,Total,24168,20412,662,6,4,24,4
18551185474054488,17841400074692954,paulistao,Paulistão,"MAIS UMA!
A terceira rodada do Paulistão Casas Bahia está encerrada!
#PaulistãoCasasBahia",0,"01/18/2026 18:01",https://www.instagram.com/p/DTrL1MziQb9/,"Imagem do Instagram",,Total,128575,76810,2674,75,12,18,24
18548847127053390,17841400074692954,paulistao,Paulistão,"É DELE!
Kewen entrou, foi decisivo e garantiu o prêmio de #CraqueDoJogo!
#7KBet #PaulistãoCasasBahia",0,"01/18/2026 17:53",https://www.instagram.com/p/DTrK4ILDpBY/,"Imagem do Instagram",,Total,30067,17285,640,41,3,72,1
18092792066303350,17841400074692954,paulistao,Paulistão,"HERÓI BUGRINO!
Ele entrou no jogo aos 44 e deixou tudo igual aos 51 do segundo tempo! Kewen garantiu o empate pro Guarani!
#PaulistãoCasasBahia #Betano",17,"01/18/2026 17:44",https://www.instagram.com/reel/DTrJxNjDQ7w/,"Reel do Instagram",,Total,210112,126892,2717,51,2,48,22
18558038743001318,17841426196827383,copinha,Copinha,"A MINHA PRIMEIRA SEMIFINAL!
Grêmio e Cruzeiro disputam uma vaga na grande final da #CopinhaSil nessa quarta-feira. E aí, quem avança?",0,"01/18/2026 17:39",https://www.instagram.com/p/DTrJKbxDQ0C/,"Imagem do Instagram",,Total,224314,109913,6443,490,18,227,76
17861545689572496,17841400074692954,paulistao,Paulistão,"EMPATE NO FIM!
Guarani marca no última lance e busca a igualdade contra o Santos!
#PaulistãoCasasBahia2026 
📷Alexandre Battibugli/Ag. Paulistão/Sua Foto no Jogo",0,"01/18/2026 17:34",https://www.instagram.com/p/DTrIvq3j7Bz/,"Carrossel do Instagram",,Total,38451,18786,1150,46,0,39,6
18189419194358285,17841400074692954,paulistao,Paulistão,"TEM GOL DO PEIXE NO BRINCO DE OURO!
Barreal completa o cruzamento e inaugura o marcador para o Santos!
#PaulistãoCasasBahia #Betano",24,"01/18/2026 17:05",https://www.instagram.com/reel/DTrFRO2E4GP/,"Reel do Instagram",,Total,29653,22833,500,9,4,9,3
18090018077003786,17841400074692954,paulistao,Paulistão,"O HOMEM DO EMPATE!
Breno Bidon, senhoras e senhores! 
#PaulistãoCasasBahia",13,"01/18/2026 17:03",https://www.instagram.com/reel/DTrFFwuDKGp/,"Reel do Instagram",,Total,99925,69609,10402,194,47,107,75
18062251979642560,17841400074692954,paulistao,Paulistão,"BRAZÃO SALVA O PEIXE!
O goleiro do Santos defenda a penalidade e impede o gol do Guarani!
#PaulistãoCasasBahia",19,"01/18/2026 16:57",https://www.instagram.com/reel/DTrEcgtCUMC/,"Reel do Instagram",,Total,158111,95423,3456,154,6,74,35
18084585680154220,17841400074692954,paulistao,Paulistão,"VICIADO EM MARCAR NO MAJESTOSO! 
Nas duas últimas visitas do Tricolor na Neo Química Arena, teve gol do Tapia! 
#PaulistãoCasasBahia",36,"01/18/2026 16:21",https://www.instagram.com/reel/DTrAUpvDFWp/,"Reel do Instagram",,Total,183018,114561,7808,217,6,108,87
18105387427686587,17841400074692954,paulistao,Paulistão,"PLACAR ZERADO!
A rede ainda não balançou para Guarani e Santos!
#PaulistãoCasasBahia2026 
📷Alexandre Battibugli/Ag. Paulistão/Sua Foto no Jogo",0,"01/18/2026 16:21",https://www.instagram.com/p/DTrAXu-CQyv/,"Imagem do Instagram",,Total,24846,15862,386,3,0,6,1
17851818126586561,17841400074692954,paulistao,Paulistão,"A comemoração do gol do Corinthians no lounge do #PaulistãoCasasBahia! 😎 #CriadoresPaulistãoCasasBahia",40,"01/18/2026 16:08",https://www.instagram.com/reel/DTq-lXejQza/,"Reel do Instagram",,Total,1042125,594935,73499,2341,99,1119,892
18037349534751849,17841400074692954,paulistao,Paulistão,"FALA, CRAQUE!
#PaulistãoCasasBahia #CraqueDoJogo #Bet7k",39,"01/18/2026 16:08",https://www.instagram.com/reel/DTq-zRyDVdy/,"Reel do Instagram",,Total,14961,11935,388,4,2,8,3
17984702138778910,17841400074692954,paulistao,Paulistão,"ESTRELADO!
Sasha entrou no segundo tempo, marcou um gol e jogou demais! 
#CraqueDoJogo #Bet7k #PaulistãoCasasBahia
📷 Diogo Reis/Ag. Paulistão/Sua Foto no Jogo",0,"01/18/2026 15:37",https://www.instagram.com/p/DTq7TiTDVoB/,"Imagem do Instagram",,Total,16719,11613,155,2,0,8,1
18092766856946894,17841426196827383,copinha,Copinha,"100% ATUALIZADO!
Vem ver como está o meu chaveamento até aqui!
#CopinhaSil",0,"01/18/2026 15:34",https://www.instagram.com/p/DTq661cDQ-Z/,"Imagem do Instagram",,Total,1310837,532667,45932,1489,253,634,362
17905444959344070,17841400074692954,paulistao,Paulistão,"PARA FECHAR A CONTA!
O @m.silvaa_04 passou a régua no placar com esse chutaço no ângulo!
#PaulistãoCasasBahia #Betano",22,"01/18/2026 15:33",https://www.instagram.com/reel/DTq6mxmjbcr/,"Reel do Instagram",,Total,22349,17469,408,10,1,14,5
18394015570177915,17841400074692954,paulistao,Paulistão,"VIROU GOLEADA!
@nachososa5 marcou o quarto gol do Massa Bruta! Virou goleada do líder 🔥
#PaulistãoCasasBahia #Betano",16,"01/18/2026 15:26",https://www.instagram.com/reel/DTq526MDRmD/,"Reel do Instagram",,Total,68992,41981,753,3,1,3,7
18069211052403806,17841400074692954,paulistao,Paulistão,"GOLEADA DO LÍDER!
O Massa Bruta venceu mais uma e voltou pra ponta da tabela! 
#PaulistãoCasasBahia 
📷 Diogo Reis/Ag. Paulistão/Sua Foto no Jogo",0,"01/18/2026 15:21",https://www.instagram.com/p/DTq5f_LjQI4/,"Carrossel do Instagram",,Total,36588,17881,1076,50,0,21,4
18131991940503203,17841400861993763,matheusgonze1,"Matheus Gonze","Leitura labial do Clássico Majestoso: Corinthians x São Paulo.",20,"01/18/2026 15:18",https://www.instagram.com/reel/DTq5BxtD0AH/,"Reel do Instagram",,Total,1864949,1026545,47461,1192,231,330,0
17922222153217986,17841400074692954,paulistao,Paulistão,"ESSA ELE SALVOU EM CIMA DA LINHA! 😱
Que defesaça do Rafael!
#PaulistãoCasasBahia #SãoPaulo",28,"01/18/2026 15:11",https://www.instagram.com/reel/DTq4PP4DTmQ/,"Reel do Instagram",,Total,154787,104283,11749,277,16,197,103
18053700494690607,17841400074692954,paulistao,Paulistão,"TUDO PRONTO!
Bora pro jogo!
#PaulistãoCasasBahia2026 
📷Alexandre Battibugli/Ag. Paulistão/Sua Foto no Jogo",0,"01/18/2026 15:11",https://www.instagram.com/p/DTq4SoXEunR/,"Carrossel do Instagram",,Total,16368,8394,226,1,0,1,3
18446556184101330,17841400074692954,paulistao,Paulistão,"ESPERTO NA SOBRA!
Matheus Fernandes tava ligado na jogada e também deixou o dele! 
#PaulistãoCasasBahia2026 #Betano",37,"01/18/2026 15:08",https://www.instagram.com/reel/DTq3rCgDax_/,"Reel do Instagram",,Total,19189,14326,215,2,1,4,1
17937551160135803,17841400074692954,paulistao,Paulistão,"TÁ QUASE NA HORA!
Guarani e Santos aquecem no gramado do Brinco de Ouro! Já já a bola rola!
#PaulistãoCasasBahia2026 
📷Alexandre Battibugli/Ag. Paulistão/Sua Foto no Jogo",0,"01/18/2026 15:07",https://www.instagram.com/p/DTq3045EsUj/,"Carrossel do Instagram",,Total,34688,16716,1033,1,0,5,3
18060336065646933,17841400074692954,paulistao,Paulistão,"QUE CATEGORIA! 🎩
Pega esse chapéu do @lucasmoura7!
#PaulistãoCasasBahia #SãoPaulo",20,"01/18/2026 15:01",https://www.instagram.com/reel/DTq3FOdjcRs/,"Reel do Instagram",,Total,831400,560615,50321,9138,613,576,732
18074947262521800,17841400074692954,paulistao,Paulistão,"AVISA QUE É ELE!
@eduardosasha precisou apenas de três minutos em campo para marcar o segundo gol!
#PaulistãoCasasBahia2026 #Betano",15,"01/18/2026 14:59",https://www.instagram.com/reel/DTq22tejSKs/,"Reel do Instagram",,Total,15035,11624,175,2,0,1,2
17992551716876043,17841400074692954,paulistao,Paulistão,"TODOS OS ÂNGULOS! 👀☄️
POV: você é o árbitro do Majestoso e vê o golaço do Bidon de dentro do campo! 
#PaulistãoCasasBahia #Bis",17,"01/18/2026 14:25",https://www.instagram.com/reel/DTqy45mlDDi/,"Reel do Instagram",,Total,937335,583639,62855,6879,859,1006,1015
18053356469405960,17841400074692954,paulistao,Paulistão,"DOMINGOU EM CAMPINAS!
O Brinco de Ouro da Princesa está pronto para receber o jogão entre Guarani e Santos!
#PaulistãoCasasBahia2026 
📷Alexandre Battibugli/Ag. Paulistão/Sua Foto no Jogo",0,"01/18/2026 14:23",https://www.instagram.com/p/DTqy4KwEs0S/,"Carrossel do Instagram",,Total,36434,16806,827,7,0,10,6
17901417996203436,17841400074692954,paulistao,Paulistão,"LÁ EM CIMA…
O @pedroh subiu mais que a defesa e marcou o gol do @redbullbragantino! 
#PaulistãoCasasBahia2026 #Betano",28,"01/18/2026 14:17",https://www.instagram.com/reel/DTqx4LQEpHV/,"Reel do Instagram",,Total,30535,23418,444,10,1,11,1
18068313848533649,17841400074692954,paulistao,Paulistão,"MASSA BRUTA NA FRENTE!
Pedro Henrique marca e deixa o @redbullbragantino com a vantagem. 
#PaulistãoCasasBahia2026 
📷 Diogo Reis/Ag. Paulistão/Sua Foto no Jogo",0,"01/18/2026 14:13",https://www.instagram.com/p/DTqxp6UEkCm/,"Imagem do Instagram",,Total,15177,9652,281,0,0,3,1
17979567017951904,17841400074692954,paulistao,Paulistão,"O HOMEM DO EMPATE!
Breno Bidon, senhoras e senhores. 
#PaulistãoCasasBahia2026",13,"01/18/2026 14:09",https://www.instagram.com/reel/DTqxFckEsGa/,"Reel do Instagram",,Total,20116,15393,1757,57,42,7,11
18547988233045161,17841400074692954,paulistao,Paulistão,"COMEMORA, HUGO!
O paredão alvinegro foi a loucura com o gol de empate!
#PaulistãoCasasBahia2026
📷 Jhonny Inácio/Ag. Paulistão/Sua Foto no Jogo",0,"01/18/2026 13:51",https://www.instagram.com/p/DTqvHwXkvgv/,"Carrossel do Instagram",,Total,49006,22278,3576,11,2,104,9
18075056084457938,17841400074692954,paulistao,Paulistão,"O CRAQUE COM A PALAVRA!
Breno Bidon marcou um gol importante no Majestoso e foi eleito o Craque do Jogo!
#PaulistãoCasasBahia #CraqueDoJogo #Bet7k",38,"01/18/2026 13:42",https://www.instagram.com/reel/DTqt__EDG4O/,"Reel do Instagram",,Total,99661,63011,11857,131,33,62,108
18089237993287987,17841400074692954,paulistao,Paulistão,"O HOMEM DO TIMÃO!
@brenobidon empatou o Superclássico Casas Bahia e ainda foi eleito o Craque do Jogo!
#PaulistãoCasasBahia2026 #CraqueDoJogo #Bet7k
📷Rodrigo Corsi/Ag. Paulistão/Sua Foto no Jogo",0,"01/18/2026 13:41",https://www.instagram.com/p/DTqt-PBEjcK/,"Imagem do Instagram",,Total,17499,11216,868,26,0,42,11
18124300660527651,17841400074692954,paulistao,Paulistão,"EM CIMA DA LINHA! 😮‍💨 @goleiro_rafael 
#PaulistãoCasasBahia #SãoPaulo #Majestoso",11,"01/18/2026 13:36",https://www.instagram.com/reel/DTqtYQEEoCM/,"Reel do Instagram",,Total,172913,132890,3275,143,60,43,39
18109534744630472,17841400074692954,paulistao,Paulistão,"DEFESA ATRÁS DE DEFESA!
O @goleiro_rafael defendeu muito no Superclássico Casas Bahia de hoje!
#PaulistãoCasasBahia",38,"01/18/2026 13:33",https://www.instagram.com/reel/DTqs-5tEvQ7/,"Reel do Instagram",,Total,344783,224549,22353,1008,33,341,196
18050645564478014,17841400074692954,paulistao,Paulistão,"A COMEMORAÇÃO DO PAREDÃO! ⚫️⚪️ #PaulistãoCasasBahia #Corinthians #Majestoso",13,"01/18/2026 13:31",https://www.instagram.com/reel/DTqsjG7EhmR/,"Reel do Instagram",,Total,87679,61160,8945,124,103,371,63
18084048985914494,17841400074692954,paulistao,Paulistão,"BRENO BIDON: O CRAQUE DO MAJESTOSO! 
#PaulistaoCasasBahia",0,"01/18/2026 13:15",https://www.instagram.com/p/DTqrC6yEtAR/,"Imagem do Instagram",,Total,102153,58413,11143,412,7,276,58
17898278166367154,17841401381444467,frasescoringao,FrasesCoringão,"BRENO BIDOOOOOOON EMPATA PRO CORINTHIANS!

#criadorespaulistãocasasbahia",21,"01/18/2026 13:15",https://www.instagram.com/reel/DTqp7wyjdQe/,"Reel do Instagram",,Total,78849,54855,5367,117,3,45,0
18081868511520357,17841400731577742,yasmingzrn,Yasmin,"⚽️ Breno Bidon!

#futebol #corinthians #saopaulo #majestoso #embaixadorespaulistão2026",50,"01/18/2026 13:13",https://www.instagram.com/reel/DTqqpUnEitz/,"Reel do Instagram",,Total,59207,42097,2234,26,3,13,0
17908347438314286,17841400074692954,paulistao,Paulistão,"UM PRA CADA LADO!
Corinthians marca no final e o Superclássico Casas Bahia termina tudo igual. 
#PaulistãoCasasBahia
📷 Jhonny Inácio e Victor Monteiro/Ag. Paulistão/Sua Foto no Jogo",0,"01/18/2026 13:11",https://www.instagram.com/p/DTqqoYRkkbQ/,"Carrossel do Instagram",,Total,79726,44813,3025,253,3,128,23
17966425016864903,17841400861993763,matheusgonze1,"Matheus Gonze","EMPATE DO CORINTHIANS NA CHAPADA DO BIDON!",9,"01/18/2026 13:11",https://www.instagram.com/reel/DTqqbg7Dx21/,"Reel do Instagram",,Total,337340,210086,24413,854,47,298,0
18373652005090675,17841400074692954,paulistao,Paulistão,"O PRIMEIRO COM A CAMISA 7️⃣ DO TIMÃO!
Bidon marcou esse golaço no fim do jogo para empatar o Superclássico Casas Bahia!
#PaulistãoCasasBahia #Betano",18,"01/18/2026 13:08",https://www.instagram.com/reel/DTqqGsljhSt/,"Reel do Instagram",,Total,90609,57984,3941,119,7,73,34
18066152273217733,17841400074692954,paulistao,Paulistão,"DEIXA QUE O FILHO DO TERRÃO RESOLVE! 🔥
@brenobidon empata o clássico na Neo Química Arena!
#PaulistãoCasasBahia #Corinthians",36,"01/18/2026 13:05",https://www.instagram.com/reel/DTqpf47knAD/,"Reel do Instagram",,Total,146661,106975,8660,352,39,97,85
18050170838474131,17841400074692954,paulistao,Paulistão,"OOOOPA!
Teve chapéu do @lucasmoura7 no Majestoso. Ele é embaçado!
#PaulistãoCasasBahia #DorflexMax",24,"01/18/2026 13:01",https://www.instagram.com/reel/DTqpZN-Eimj/,"Reel do Instagram",,Total,243614,177081,14543,2841,267,292,184
18069546491409220,17841400074692954,paulistao,Paulistão,"TRABALHANDO!
Aquecimento rolando! Já tá chegando a hora de Red Bull Bragantino e Botafogo.
#PaulistãoCasasBahia 
📷Diogo Reis/Ag. Paulistão/Sua Foto no Jogo",0,"01/18/2026 13:01",https://www.instagram.com/p/DTqpbOdklaL/,"Carrossel do Instagram",,Total,25751,11361,455,0,0,5,1
17886001296426226,17841400074692954,paulistao,Paulistão,"🏃🔟
#PaulistãoCasasBahia
📷 Jhonny Inácio/Ag. Paulistão/Sua Foto no Jogo",0,"01/18/2026 13:00",https://www.instagram.com/p/DTqpOnaE_qf/,"Imagem do Instagram",,Total,34137,19248,2302,11,2,24,17
17867591751452979,17841400074692954,paulistao,Paulistão,"NO ALTOOOOOOO!
No detalhe, toda a jogada do gol do Tapia, que abriu o placar para o São Paulo.
#PaulistãoCasasBahia2026",29,"01/18/2026 12:40",https://www.instagram.com/reel/DTqm7fCAVp_/,"Reel do Instagram",,Total,285925,217309,24797,1116,479,157,260
18092779417970838,17841400074692954,paulistao,Paulistão,"Domingão chegando ao fim... Nada melhor do que curtir um jogão do Paulistão Casas Bahia!
#PaulistãoCasasBahia 
📷Diogo Reis/Ag. Paulistão/Sua Foto no Jogo",0,"01/18/2026 12:36",https://www.instagram.com/p/DTqmm-bEvKk/,"Carrossel do Instagram",,Total,19098,9539,162,0,0,1,1
17845265631661531,17841400074692954,paulistao,Paulistão,"VAMOS POR MAIS!
Tá chegando a hora da bola rolar para Red Bull Bragantino e Botafogo!
#PaulistãoCasasBahia
📷Diogo Reis/Ag. Paulistão/Sua Foto no Jogo",0,"01/18/2026 12:34",https://www.instagram.com/p/DTqmVQSkr7w/,"Carrossel do Instagram",,Total,16993,8335,288,0,0,1,1
18440076415101837,17841400074692954,paulistao,Paulistão,"FALA, CARLÃO!
Se liga no que disse o atacante após receber mais um prêmio de #CraqueDoJogo!
#7KBet #PaulistãoCasasBahia",38,"01/18/2026 12:24",https://www.instagram.com/reel/DTqlMRTlEq3/,"Reel do Instagram",,Total,104411,76106,2230,40,14,25,15
18091788301786121,17841421574315741,historiasantista,"Rafael Falino","VAMO VOLTAR PARA 2016?👀🏳️🏴

Ooo saudade viu? VAI QUE esse ano acontece alguma coisa né….TOMARA

#historiasantista #futebol #santosfc #paulistao #2016",76,"01/18/2026 12:17",https://www.instagram.com/reel/DTqj5Ihjj12/,"Reel do Instagram",,Total,49364,30861,3704,21,5,23,0
18066824732531511,17841400074692954,paulistao,Paulistão,"COLECIONANDO PRÊMIOS!
Segundo troféu de #CraqueDoJogo pro Carlão em três rodadas do Paulistão Casas Bahia!
#7KBet #PaulistãoCasasBahia
📷Rafael Assunção/Ag. Paulistão/Sua Foto no Jogo",0,"01/18/2026 12:12",https://www.instagram.com/p/DTqj3UUkl-T/,"Imagem do Instagram",,Total,15919,10063,271,15,0,6,0
18083862280907171,17841400074692954,paulistao,Paulistão,"TRICOLOR COM A VANTAGEM!
Com gol do Tapia, o São Paulo está levando a melhor no Superclássico Casas Bahia 2026.
#PaulistãoCasasBahia2026
📷 Jhonny Inácio/Ag. Paulistão/Sua Foto no Jogo",0,"01/18/2026 12:05",https://www.instagram.com/p/DTqi_2Mky_Z/,"Imagem do Instagram",,Total,39506,22574,2193,58,5,43,13
18010492853819484,17841400861993763,matheusgonze1,"Matheus Gonze","CALLERI 🤝🏼 DORIVAL",12,"01/18/2026 12:04",https://www.instagram.com/reel/DTqi33uD1er/,"Reel do Instagram",,Total,574289,301485,17480,238,28,101,0
18087481454283590,17841400074692954,paulistao,Paulistão,"PLACAR ABERTO NO SUPERCLÁSSICO CASAS BAHIA! 🤯
Tapia cabeceia com destino certo e coloca o Tricolor na vantagem no Majestoso!
#PaulistãoCasasBahia #Betano",17,"01/18/2026 12:02",https://www.instagram.com/reel/DTqij4oClC3/,"Reel do Instagram",,Total,44706,30583,1733,91,29,53,15
18113312161620252,17841400074692954,paulistao,Paulistão,"UM PRA LÁ, UM PRA CÁ!
Ficou tudo igual no 1º de Maio!
#PaulistãoCasasBahia 
📷Rafael Assunção/Ag. Paulistão/Sua Foto no Jogo",0,"01/18/2026 11:59",https://www.instagram.com/p/DTqiTsYko8A/,"Carrossel do Instagram",,Total,21038,11659,354,14,0,4,1
18068681372165734,17841400074692954,paulistao,Paulistão,"A MOEDA DO SUPERCLÁSSICO 🤩
O cara ou coroa do árbitro decidiu, então corre no site das @casasbahia para garantir seu celular na promoção!
#PaulistãoCasasBahia
📷 Victor Monteiro/Ag. Paulistão/Sua Foto no Jogo",0,"01/18/2026 11:51",https://www.instagram.com/p/DTqhcMDjz6D/,"Carrossel do Instagram",,Total,46489,20099,922,12,1,8,6
17977672130808439,17841400074692954,paulistao,Paulistão,"QUE DEFESA DO HUGO SOUZA! 
#PaulistaoCasasBahia",6,"01/18/2026 11:51",https://www.instagram.com/reel/DTqhTj-EjTK/,"Reel do Instagram",,Total,54878,33773,1117,3,11,11,8
17983381154785449,17841400074692954,paulistao,Paulistão,"É GOL DO TRICOLOR! 
TAPIA ABRE O PLACAR NO MAJESTOSO! 
#PaulistaoCasasBahia",39,"01/18/2026 11:47",https://www.instagram.com/reel/DTqg1KgEtvs/,"Reel do Instagram",,Total,155751,104712,7119,253,78,97,61
18052826864694619,17841400074692954,paulistao,Paulistão,"NÃO VEM DE GARFO, FABRÍCIO! 🍴🚫
Sanchez viu o espaço e lançou a caneta!
#PaulistãoCasasBahia #DorflexMax",10,"01/18/2026 11:38",https://www.instagram.com/reel/DTqf3PsFfR6/,"Reel do Instagram",,Total,49638,30674,924,93,7,17,6
18069223619410671,17841400074692954,paulistao,Paulistão,"GELADEIRA OU CELULAR? 
Quer garantir um celular novo? Chegou o momento. Corre pro site das @casasbahia porque vai entrar em promoção. A moeda do cara ou coroa do Superclássico Casas Bahia que decidiu. 
#SuperclássicoCasasBahia #PaulistãoCasasBahia",24,"01/18/2026 11:31",https://www.instagram.com/reel/DTqex99ERj-/,"Reel do Instagram",,Total,117469,79989,3450,171,13,112,36
18320047996218836,17841400074692954,paulistao,Paulistão,"SE TEM CARLÃO, TEM GOL!
O camisa 9 converte a penalidade e empata o jogo para o Noroeste!
#PaulistãoCasasBahia #Betano",27,"01/18/2026 11:30",https://www.instagram.com/reel/DTqfBcVCVMl/,"Reel do Instagram",,Total,88310,56567,2076,97,14,36,9
17879460498459392,17841400074692954,paulistao,Paulistão,"PARA FECHAR A RODADA!
Diretamente de Campinas, Guarani e Santos entram em campo no último jogo da terceira rodada do Paulistão Casas Bahia 2026.
#PaulistãoCasasBahia",0,"01/18/2026 11:30",https://www.instagram.com/p/DTqZ2DSj6Vf/,"Imagem do Instagram",,Total,33493,21705,784,9,0,13,5
18071504579381941,17841400074692954,paulistao,Paulistão,"CARLÃO!
O camisa 9 do Noroeste conhece o caminho do gol!
#PaulistãoCasasBahia 
📷Rafael Assunção/Ag. Paulistão/Sua Foto no Jogo",0,"01/18/2026 11:28",https://www.instagram.com/p/DTqe1Wbkr29/,"Imagem do Instagram",,Total,19135,11537,390,2,0,6,2
18064094633635616,17841400074692954,paulistao,Paulistão,"QUE DEFESA DO RAFAEL! 😮‍💨🔥 @goleiro_rafael 
#PaulistãoCasasBahia #SãoPaulo",8,"01/18/2026 11:23",https://www.instagram.com/reel/DTqeBzCEe4r/,"Reel do Instagram",,Total,94424,64680,1620,71,19,20,10
17859575358591355,17841400074692954,paulistao,Paulistão,"Calleri também foi dar aquele abraço em Dorival Júnior! 
#PaulistaoCasasBahia",18,"01/18/2026 11:23",https://www.instagram.com/reel/DTqd7-9ke9D/,"Reel do Instagram",,Total,329533,192932,17405,200,189,107,224
18093191330299213,17841400074692954,paulistao,Paulistão,"RESPEITO! 
Todo carinho do elenco Tricolor com Dorival! 
#PaulistaoCasasBahia",39,"01/18/2026 11:12",https://www.instagram.com/reel/DTqc3IIkf4d/,"Reel do Instagram",,Total,214552,146270,15813,371,341,206,184
18096666224309306,17841400074692954,paulistao,Paulistão,"O netinho do Dorival é demais! 🥰🥰 
#PaulistãoCasasBahia",24,"01/18/2026 11:08",https://www.instagram.com/reel/DTqcSzgETZv/,"Reel do Instagram",,Total,107275,74933,6899,181,64,80,68
18088692599092023,17841400074692954,paulistao,Paulistão,"O TRADICIONAL PORÓPÓPÓ DA FIEL!
#Majestoso #PaulistaoCasasBahia",18,"01/18/2026 11:07",https://www.instagram.com/reel/DTqcUtmkVMd/,"Reel do Instagram",,Total,13660,10028,689,1,7,6,4
18565127785052387,17841400074692954,paulistao,Paulistão,"BERNÔ NA FRENTE!
São Bernardo vai pro intervalo com a vantagem no placar.
#PaulistãoCasasBahia 
📷Rafael Assunção/Ag. Paulistão/Sua Foto no Jogo",0,"01/18/2026 10:52",https://www.instagram.com/p/DTqattYkn4-/,"Imagem do Instagram",,Total,17805,10746,290,0,0,3,2
18078784220337479,17841400074692954,paulistao,Paulistão,"O TIGRE ABRE O PLACAR!
João Paulo arrisca e o goleiro do Noroeste aceita. Tá na rede!
#PaulistãoCasasBahia #Betano",41,"01/18/2026 10:35",https://www.instagram.com/reel/DTqYucFDUpY/,"Reel do Instagram",,Total,131157,84833,2122,23,4,23,15
18380096455159418,17841400074692954,paulistao,Paulistão,"Quem vai levar o troféu do Superclássico Casas Bahia? 👀
#PaulistãoCasasBahia2026 
📷 Jhony Inácio/Ag. Paulistão/Sua Foto no Jogo",0,"01/18/2026 10:26",https://www.instagram.com/p/DTqXs3tEYK2/,"Imagem do Instagram",,Total,54451,32294,1510,24,1,63,15
17904119562183454,17841400074692954,paulistao,Paulistão,"FIM DE PAPO!
Ponto final na terceira rodada do Paulistão A2 Rivalo!
#PaulistãoA2Rivalo",0,"01/18/2026 10:13",https://www.instagram.com/p/DTqWQv9Enjo/,"Imagem do Instagram",,Total,33963,19903,570,9,0,6,7
18138201844470896,17841400074692954,paulistao,Paulistão,"TODO MUNDO NA ÁREA!
As equipes já estão por aqui para o Superclássico Casas Bahia.
#PaulistãoCasasBahia2026
📷Rodrigo Corsi/Ag. Paulistão/Sua Foto no Jogo",0,"01/18/2026 10:04",https://www.instagram.com/p/DTqVICGk4kx/,"Carrossel do Instagram",,Total,22947,10960,748,12,0,10,4
17908749504322290,17841404188980750,rafitiia,"Rafaela Silva","quem lembra do jogo em que quebramos o tabu? saudades em!!!! 

 #CriadoresPaulistãoCasasBahia
#EmbaixadoresPaulistão2026 #paulistao #majestoso #saopaulo",58,"01/18/2026 10:02",https://www.instagram.com/reel/DTqU20eDkEU/,"Reel do Instagram",,Total,17466,12599,1161,15,6,53,0
17891141154405042,17841401683210430,portalr7,"Portal R7","É noite de decisão no Brinco de Ouro! 🏟️⚽

O @guaranifc_oficial recebe o Santos e vai em busca da sua primeira vitória no Paulistão!

Você acompanha a transmissão ao vivo do confronto na tela da @sigarecord, no @portalr7 e no @recordplus às 20h30. 🤩⚽

➡️ Veja as principais notícias sobre o Campeonato Paulista 2026 em R7.com/esportes. O link está na bio.
#PortalR7 #R7 #PaulistãoNaRECORD",0,"01/18/2026 09:58",https://www.instagram.com/p/DTqUhIBgUvb/,"Imagem do Instagram",,Total,41023,28392,153,5,0,3,0
17920956252227264,17841400074692954,paulistao,Paulistão,"FIEL NA ÁREA!
 A torcida do Timão já está na Neo Química Arena para acompanhar o Superclássico Casas Bahia.
#PaulistãoCasasBahia2026
📷 Jhony Inácio/Ag. Paulistão/Sua Foto no Jogo",0,"01/18/2026 09:53",https://www.instagram.com/p/DTqT_F7iZEr/,"Carrossel do Instagram",,Total,28615,11841,958,25,0,8,9
18083459867519364,17841400793745861,luscaxx,"Lusca ✨","DIA DE MAJESTOSO! E obviamente eu tinha que representar no look pro @paulistao né, comenta aí embaixo se você acha que o coringao tá bem representado!",74,"01/18/2026 09:53",https://www.instagram.com/reel/DTqTnVzEYRT/,"Reel do Instagram",,Total,12812,9185,425,21,5,43,0
18354947860201937,17841400074692954,paulistao,Paulistão,"AQUECIMENTO FINALIZADO!
Bora pro jogo!
#PaulistãoCasasBahia 
📷Rafael Assunção/Ag. Paulistão/Sua Foto no Jogo",0,"01/18/2026 09:48",https://www.instagram.com/p/DTqTZVAEnSq/,"Carrossel do Instagram",,Total,25457,12043,398,4,0,1,1
18041074340722709,17841400074692954,paulistao,Paulistão,"TRICOLOR NA ÁREA! 🇾🇪🔥
O São Paulo já está na Neo Química Arena para o Superclássico Casas Bahia contra o Corinthians!
#PaulistãoCasasBahia",37,"01/18/2026 09:39",https://www.instagram.com/reel/DTqSDfGkci9/,"Reel do Instagram",,Total,116101,80893,3149,191,5,70,26
18104315452691460,17841400074692954,paulistao,Paulistão,"O TIMÃO CHEGOU PARA O SUPERCLÁSSICO CASAS BAHIA! 
#PaulistãoCasasBahia #Corinthians",49,"01/18/2026 09:37",https://www.instagram.com/reel/DTqSDuYkWmV/,"Reel do Instagram",,Total,96404,70673,3356,215,5,35,27
17909895078145415,17841400074692954,paulistao,Paulistão,"A paixão pelo Tigre tá marcada na pele do torcedor do São Bernardo!
#PaulistãoCasasBahia 
📷Rafael Assunção/Ag. Paulistão/Sua Foto no Jogo",0,"01/18/2026 09:34",https://www.instagram.com/p/DTqRur3EoTc/,"Imagem do Instagram",,Total,94546,52585,1953,158,3,57,43
18080385895986712,17841400074692954,paulistao,Paulistão,"TOURO ⚔️ PANTERA!
Red Bull Bragantino ou Botafogo, quem vai levar a melhor neste domingo?
#PaulistãoCasasBahia2026",0,"01/18/2026 09:30",https://www.instagram.com/p/DTqMH3-Fqac/,"Imagem do Instagram",,Total,11833,7345,187,1,0,0,1
17899318383365596,17841400074692954,paulistao,Paulistão,"GALERA CHEGANDO!
As torcidas de São Bernardo e Noroeste estão na área para o jogão de log mais!
#PaulistãoCasasBahia 
📷Rafael Assunção/Ag. Paulistão/Sua Foto no Jogo",0,"01/18/2026 09:28",https://www.instagram.com/p/DTqRFaPEp4-/,"Carrossel do Instagram",,Total,36965,15980,484,16,1,10,8
18390750658199951,17841400074692954,paulistao,Paulistão,"VAMOS AOS TRABALHOS?
Então bora começar o domingão com São Bernardo e Noroeste!
#PaulistãoCasasBahia
📷Rafael Assunção/Ag. Paulistão/Sua Foto no Jogo",0,"01/18/2026 09:10",https://www.instagram.com/p/DTqO_-VkhGn/,"Carrossel do Instagram",,Total,11101,5339,252,6,0,0,2
17953046763063948,17841400074692954,paulistao,Paulistão,"Arbitragem escalada para a partida entre Guarani e Santos!
#EscalaDeArbitragem #PaulistãoCasasBahia",0,"01/18/2026 09:00",https://www.instagram.com/p/DTqIs-Ujc2J/,"Imagem do Instagram",,Total,27789,17187,346,26,0,7,5
17843271255680893,17841400074692954,paulistao,Paulistão,"Arbitragem escalada para a partida entre Red Bull Bragantino e Botafogo!
#EscalaDeArbitragem #PaulistãoCasasBahia",0,"01/18/2026 08:30",https://www.instagram.com/p/DTqFQeED1oQ/,"Imagem do Instagram",,Total,22821,14060,186,2,0,0,3
17920580277240387,17841400074692954,paulistao,Paulistão,"AVANTE, MEU TRICOLOR!
Fora de casa, o São Paulo vai em busca de mais três pontos no Superclássico Casas Bahia.
#PaulistãoCasasBahia2026",0,"01/18/2026 08:00",https://www.instagram.com/p/DTqB1XpDSj3/,"Imagem do Instagram",,Total,38428,22578,1660,27,0,23,13
17880696528449988,17841400074692954,paulistao,Paulistão,"Arbitragem escalada para a partida entre Corinthians e São Paulo!
#EscalaDeArbitragem #PaulistãoCasasBahia",0,"01/18/2026 07:30",https://www.instagram.com/p/DTp-agoEtKM/,"Imagem do Instagram",,Total,43809,25391,890,39,1,33,10
18550219729034919,17841400731577742,yasmingzrn,Yasmin,"Por que o clássico entre Corinthians e São Paulo é chamado de Majestoso? 

#futebol #corinthians #saopaulo #majestoso #embaixadorespaulistão2026",87,"01/18/2026 07:23",https://www.instagram.com/reel/DTqCY8aDmsu/,"Reel do Instagram",,Total,34770,25235,1594,115,44,25,0
17851474257619588,17841400074692954,paulistao,Paulistão,"Arbitragem escalada para a partida entre São Bernardo e Noroeste!
#EscalaDeArbitragem #PaulistãoCasasBahia",0,"01/18/2026 07:00",https://www.instagram.com/p/DTp693DjalM/,"Imagem do Instagram",,Total,18359,11151,191,3,0,1,0
18083622415898965,17841400074692954,paulistao,Paulistão,"AQUI DOMINGANDO COM VOCÊS...
São Bernardo e Noroeste vão agitar o começo da tarde no domingo 🤩
#PaulistãoCasasBahia2026",0,"01/18/2026 06:30",https://www.instagram.com/p/DTp3h1WDdDl/,"Imagem do Instagram",,Total,16994,10466,254,6,1,0,1
18096148270919228,17841401009444456,tntsportsbr,"TNT Sports Brasil","HOJE TEM TRICOLOR NO MAJESTOSO! 🇾🇪🇾🇪 O São Paulo enfrenta o Corinthians pelo Paulistão e você assiste COM EXCLUSIVIDADE na TNT e na HBO Max! Assine com o link da BIO e não perca nenhum detalhe do clássico! #FutebolBrasileiro #PaulistãoNaTNT #PaulistãoNaHBOMax",0,"01/18/2026 06:15",https://www.instagram.com/p/DTp68ZWkaw7/,"Imagem do Instagram",,Total,1482611,806861,22410,1281,22,359,0
18109688941728442,17841400074692954,paulistao,Paulistão,"VAI PRA CIMA, CORINTHIANS! ⚫⚪
O Timão recebe o São Paulo pro primeiro Majestoso do ano! Vai ser jogão! 🔥 #PaulistãoCasasBahia #Majestoso",0,"01/18/2026 06:00",https://www.instagram.com/p/DTp0IebEtsG/,"Imagem do Instagram",,Total,69464,38783,3727,66,1,21,19
18307824577284454,17841401009444456,tntsportsbr,"TNT Sports Brasil","HOJE TEM MUITO PAULISTÃO! 🏆🔥 Red Bull Bragantino e Botafogo medem forças e você assiste COM EXCLUSIVIDADE na TNT e na HBO Max! Assine com o link da BIO e não perca! #FutebolBrasileiro #PaulistãoNaTNT #PaulistãoNaHBOMax",0,"01/18/2026 05:55",https://www.instagram.com/p/DTp4uSkkYFr/,"Imagem do Instagram",,Total,382926,210874,3941,32,1,62,0
18088768688104569,17841401009444456,tntsportsbr,"TNT Sports Brasil","HOJE TEM CLÁSSICO NA NEO QUÍMICA ARENA! 🦅🔥 E se você não vai apoiar o Timão no Majestoso, você assiste ao jogo COM EXCLUSIVIDADE na TNT e na HBO Max! Assine com o link da BIO e não perca! #FutebolBrasileiro #PaulistãoNaTNT #PaulistãoNaHBOMax",0,"01/18/2026 05:53",https://www.instagram.com/p/DTp4bvNkX8t/,"Imagem do Instagram",,Total,3307202,1675470,84442,5615,64,592,0
18548881456026549,17841401009444456,tntsportsbr,"TNT Sports Brasil","HOJE TEM SANTOS NO PAULISTÃO! ⚪⚫ O Peixão visita o Guarani em busca de mais uma vitória e você assiste AO VIVO na TNT e na HBO Max! É hoje, às 20h30! Assine com o link da BIO e veja TODOS OS JOGOS do Santos no Paulistão ao vivo! #FutebolBrasileiro #PaulistãoNaTNT #PaulistãoNaHBOMax",0,"01/18/2026 05:30",https://www.instagram.com/p/DTp11W8kXZZ/,"Imagem do Instagram",,Total,1118861,595636,24572,1379,11,166,0
17896750953380643,17841400074692954,paulistao,Paulistão,"DOMINGO, QUERO TE ENCONTRAR…
Para acompanhar mais um dia de jogão no Paulistão Casas Bahia 🤩
#PaulistãoCasasBahia2026",0,"01/18/2026 05:00",https://www.instagram.com/p/DTptP5TFjxP/,"Imagem do Instagram",,Total,128126,73618,4107,108,6,45,42
18057278588659968,17841400074692954,paulistao,Paulistão,"PARA ENCERRAR OS TRABALHOS!
Fechando a terceira rodada, dois confrontos do #PaulistãoA2Rivalo vão rolar na manhã desse domingo!",0,"01/18/2026 03:00",https://www.instagram.com/p/DTpfhM6Ermh/,"Imagem do Instagram",,Total,14196,8545,184,4,0,1,0
18094529687503640,17841400074692954,paulistao,Paulistão,"BONDE DOS RESULTADOS!
Vem cá conferir como terminaram os jogos deste sábado 👀
#PaulistãoCasasBahia2026",0,"01/17/2026 20:07",https://www.instagram.com/p/DTo1ccxDPcC/,"Imagem do Instagram",,Total,89213,55731,1699,37,9,12,20
17867410266454774,17841400074692954,paulistao,Paulistão,"É MAIS UM SUPERCLÁSSICO CASAS BAHIA NA ÁREA!
Chegou a vez de Corinthians e São Paulo entrarem em campo no Majestoso do Paulistão Casas Bahia. Quem vai levar a melhor?
#PaulistãoCasasBahia2026",0,"01/17/2026 19:05",https://www.instagram.com/p/DTopSRpAKDp/,"Imagem do Instagram",,Total,67944,43074,2535,386,1,61,27
17881041771353537,17841400074692954,paulistao,Paulistão,"SOLTA O VERBO, FLACO! 🗣️
#CraqueDoJogo #Bet7k #PaulistãoCasasBahia",52,"01/17/2026 18:21",https://www.instagram.com/reel/DTopNCnDMoe/,"Reel do Instagram",,Total,37069,25467,2904,24,13,25,29
18051169160453484,17841426196827383,copinha,Copinha,"CHEGOU A HORA DAS QUARTAS!
Se liga nas datas e horários dos próximos jogos da #CopinhaSil2026 😍",0,"01/17/2026 18:16",https://www.instagram.com/p/DToosYWje2i/,"Imagem do Instagram",,Total,369888,166270,13392,727,41,293,173
17938255305108939,17841400074692954,paulistao,Paulistão,"DE CABEÇA!
Flaco López foi no alto e garantiu os três pontos para o Verdão.
#PaulistãoCasasBahia2026",45,"01/17/2026 17:51",https://www.instagram.com/reel/DTolxuCgKwx/,"Reel do Instagram",,Total,31978,21765,1270,44,1,18,8
17869808142437817,17841400074692954,paulistao,Paulistão,"JOGOU MUITO!
Flaco López foi o responsável pelo gol da vitória e ainda levou o troféu de Craque do Jogo.
#PaulistãoCasasBahia2026 #CraqueDoJogo #Bet7k 
📷Guilherme Veiga/Ag. Paulistão/Sua Foto no Jogo",0,"01/17/2026 17:43",https://www.instagram.com/p/DTok76fDIvb/,"Imagem do Instagram",,Total,11384,7474,230,8,0,5,5
18113042827713287,17841400074692954,paulistao,Paulistão,"100% ATUALIZADA! 
Com os jogos deste sábado, saca só como ficou a classificação do #PaulistãoCasasBahia2026 👀",0,"01/17/2026 17:40",https://www.instagram.com/p/DTokiueDIAm/,"Imagem do Instagram",,Total,577487,318450,18400,813,468,191,174
17927564589196701,17841400074692954,paulistao,Paulistão,"MAIS UMA DO VERDÃO! 
Três jogos e três vitórias na conta da equipe de Abel Ferreira 🐷
#PaulistãoCasasBahia2026
📷Guilherme Veiga/Ag. Paulistão/Sua Foto no Jogo",0,"01/17/2026 17:30",https://www.instagram.com/p/DTojZD-DJcn/,"Carrossel do Instagram",,Total,102729,59785,4878,507,9,46,34
17938995321109090,17841461375852191,juventussaf,"Juventus SAF","GOLAÇO!

O primeiro gol de @elkinjuniorr com a camisa grená, garantindo a vitória do Juve sobre o São José!

Avante, Juve!

🎥 YouTube Metrópoles Esportes",46,"01/17/2026 16:51",https://www.instagram.com/reel/DToehdCDQNG/,"Reel do Instagram","Ocorreu um erro ao computar métricas.",-,,,,,,,
18064024151272514,17841401683210430,portalr7,"Portal R7","Vitor Roque perde gol e Abel não fica nada feliz, hein... 😡

➡️ É de graça! Acompanhe a transmissão digital do #PaulistãoNaRECORD em R7.com.
#PortalR7 #R7 #DesimpedidosNoR7 #PubliPaulistão

Oferecimento: @bet365brasil, @estacio_brasil @magalu, @perdigaonabrasaoficial e @picpay",22,"01/17/2026 16:37",https://www.instagram.com/reel/DTodPhND8q0/,"Reel do Instagram","Ocorreu um erro ao computar métricas.",-,,,,,,,
17892075588401314,17841402375918026,capivariano,"Capivariano F.C. SAF","É GOOOOLL DO LEÃO! ⚽️🔴⚪️

Rodolfo aproveita sobra dentro da área e marca o primeiro do jogo. 

Vamos Leão da Sorocabana! 🦁 

#capivariano",27,"01/17/2026 13:57",https://www.instagram.com/reel/DToK1HCD9Ql/,"Reel do Instagram","Ocorreu um erro ao computar métricas.",-,,,,,,,
18074057237616937,17841405691679778,ecprimaveraoficial,"Primavera SAF","RENATINHO AMPLIA PARA O FANTASMA 👻 

Primavera 2-0 Novorizontino",25,"01/17/2026 11:31",https://www.instagram.com/reel/DTn5wY9DtJS/,"Reel do Instagram","Ocorreu um erro ao computar métricas.",-,,,,,,,
18105443587687928,17841405688144679,rivalobrasil,"Rivalo Brasil","Melhores desempenhos individuais e coletivos Rivalo em parceria com o @sofascorebr_oficial pela 2ª rodada do Paulista A2 Rivalo 2026! ⚽

O jogador e o seu time do coração brilharam nessa rodada? 🤔

Passe para o lado para conferir tudo! 📊

#PaulistaA2Rivalo #NadaGanhaDaEmoção #Amor #Raizes #Cultura #RivaloSofascore",0,"01/16/2026 14:45",https://www.instagram.com/p/DTlrvOoDlhw/,"Carrossel do Instagram","Ocorreu um erro ao computar métricas.",-,,,,,,,
17904504495180003,17841474217245283,clear.br,"Clear Men","Janeiro você já sabe como é: cabeça fresca e Paulistão Casas Bahia 2026 rolando. 🧊⚽

Pra quem vai sua torcida?",14,"01/16/2026 14:21",https://www.instagram.com/reel/DTloXPJkuUg/,"Reel do Instagram","Ocorreu um erro ao computar métricas.",-,,,,,,,
17872569942501259,17841404075983359,_marco.pastore,"Marco Pastore","SORRISO: O DESTAQUE DO PALMEIRAS NA COPINHA QUE JÁ JÁ PODE SE VER NO PAULISTÃO 👀💚

👤: @sorriso.09 

#sorriso #palmeiras #copinha #copinha2026 #paulistão",91,"01/16/2026 14:02",https://www.instagram.com/reel/DTlmvq2j9t8/,"Reel do Instagram","Ocorreu um erro ao computar métricas.",-,,,,,,,
18379152169157016,17841400959704165,santosfc,"Santos Futebol Clube","Tarde de Media Day do @Paulistao no CT Rei Pelé! ⚪️⚫️",83,"01/16/2026 13:50",https://www.instagram.com/reel/DTllcJ8EfKm/,"Reel do Instagram","Ocorreu um erro ao computar métricas.",-,,,,,,,
18126645793523595,17841400074692954,paulistao,Paulistão,"PANTERA COM A VANTAGEM!
O Botafogo sai na frente do placar no primeiro tempo contra o Noroeste!
#PaulistãoCasasBahia
📷Douglas Moreti/Ag.Paulistão",0,"01/15/2026 15:44",https://www.instagram.com/p/DTjNqAvF1tR/,"Imagem do Instagram",,Total,21447,13458,384,8,0,3,1
18088364039007777,17841400074692954,paulistao,Paulistão,"QUE DEFESAÇA DO VICTOR SOUZA!
O goleiro do Botafogo impediu o empate do Noroeste que vinha de foguete!
#PaulistãoCasasBahia",20,"01/15/2026 15:55",https://www.instagram.com/reel/DTjOzqvDayb/,"Reel do Instagram",,Total,45993,29372,550,13,4,9,1
18066783407536635,17841400074692954,paulistao,Paulistão,"SANTO DUELO! 
O confronto entre São Paulo e São Bernardo encerra a segunda rodada do Paulistão Casas Bahia 2026! Já já tem bola rolando no MorumBIS!
#PaulsitãoCasasBahia
📷Renato Pizzutto/Ag. Paulistão",0,"01/15/2026 15:55",https://www.instagram.com/p/DTjPALQjTgv/,"Carrossel do Instagram",,Total,24739,12059,765,10,2,13,10
17976263360969921,17841400074692954,paulistao,Paulistão,"DA COPINHA SIL PARA O PAULISTÃO CASAS BAHIA! 
Igor Felisberto e Paulinho foram relacionados para o jogo de daqui a pouco, contra o São Bernardo.
#PaulistãoCasasBahia",7,"01/15/2026 16:02",https://www.instagram.com/reel/DTjPvBvDFr-/,"Reel do Instagram",,Total,152180,92105,7178,16,6,16,50
18140126506480742,17841400074692954,paulistao,Paulistão,"É GOL DE ARTILHEIRO! 🔥
Jhon Jhon marca mais um e aumenta a vantagem do Massa Bruta! 🤩 #PaulistãoCasasBahia #Betano",31,"01/15/2026 16:07",https://www.instagram.com/reel/DTjQOx6Cogo/,"Reel do Instagram",,Total,26426,18595,771,48,1,28,4
18060497804315075,17841400074692954,paulistao,Paulistão,"QUE ISSO, MOSQUERA! 😮‍💨
O jogador do Massa Bruta passou por todo mundo pra aumentar a vantagem no placar! #PaulistãoCasasBahia #Betano",38,"01/15/2026 16:25",https://www.instagram.com/reel/DTjSQbwE0xk/,"Reel do Instagram",,Total,31523,21284,640,69,1,29,7
18009267005668214,17841400074692954,paulistao,Paulistão,"PRIMEIRO LANCE DO YURI ALBERTO E DEFESAÇA DO CLEITON!!! 🧤🥵 #PaulistãoCasasBahia",17,"01/15/2026 16:27",https://www.instagram.com/reel/DTjSek0Dp9Q/,"Reel do Instagram",,Total,41853,27510,478,7,2,8,7
18101012695845936,17841400074692954,paulistao,Paulistão,"FIM DE PAPO EM BRAGANÇA! 👏
Vitória importantíssima do Red Bull Bragantino no primeiro jogo em casa! #PaulistãoCasasBahia 
📷 Diogo Reis/Ag. Paulistão",0,"01/15/2026 16:33",https://www.instagram.com/p/DTjTQiHExqv/,"Carrossel do Instagram",,Total,34540,17186,1195,336,4,52,7
17880818235353811,17841400074692954,paulistao,Paulistão,"CARLÃO EMPATA PARA O NORUSCA!
O camisa 9 no Noroeste é decisivo, não tem jeito!
#PaulistãoCasasBahia #Betano",30,"01/15/2026 16:42",https://www.instagram.com/reel/DTjUPmIjohv/,"Reel do Instagram",,Total,81775,52129,1806,129,11,34,20
18161711527367102,17841400074692954,paulistao,Paulistão,"DITO E FEITO, NÉ, JHON JHON? 😮‍💨🔥 #PaulistãoCasasBahia",51,"01/15/2026 16:47",https://www.instagram.com/reel/DTjUyFRj4rV/,"Reel do Instagram",,Total,124403,75795,5842,1348,11,279,45
18406434043192614,17841400074692954,paulistao,Paulistão,"TUDO IGUAL EM RIBEIRÃO PRETO!
O Botafogo saiu na frente, mas o Noroeste buscou o empate no segundo tempo!
#PaulistãoCasasBahia
📷Douglas Moreti/Ag.Paulistão",0,"01/15/2026 16:50",https://www.instagram.com/p/DTjVRjTDb7Y/,"Carrossel do Instagram",,Total,19408,10035,500,23,1,13,3
18119153944573762,17841400074692954,paulistao,Paulistão,"DOIS GOLS E TROFÉU DE CRAQUE DO JOGO! ⚽🏆 #PaulistãoCasasBahia #CraqueDoJogo #7kbet 
📷 Diogo Reis/Ag. Paulistão",0,"01/15/2026 16:59",https://www.instagram.com/p/DTjWTySkXf_/,"Imagem do Instagram",,Total,8312,5530,153,5,0,3,2
18072095375386244,17841400074692954,paulistao,Paulistão,"É O 9 DO NORUSCA!
Carlão garantiu o empate para o Noroeste fora de casa e foi eleito o Craque do Jogo!
#PaulistãoCasasBahia #CraqueDoJogo #Bet7k
📷Douglas Moreti/Ag.Paulistão",0,"01/15/2026 17:02",https://www.instagram.com/p/DTjWmgBk_DC/,"Imagem do Instagram",,Total,9914,6541,248,12,0,14,2
18091909211289638,17841400074692954,paulistao,Paulistão,"CARLÃO COM A PALAVRA!
Se liga na entrevista do atacante do Noroeste, Craque do Jogo de hoje!
#PaulistãoCasasBahia #CraqueDoJogo #Bet7k",30,"01/15/2026 17:05",https://www.instagram.com/reel/DTjW4PHlYck/,"Reel do Instagram",,Total,80960,50068,2727,61,10,32,17
18137078887486725,17841406439444749,ecnoroeste,"E.C. Noroeste","Selfie com o nosso craque do jogo! 🚀",0,"01/15/2026 17:08",https://www.instagram.com/p/DTjXWxMjM19/,"Imagem do Instagram",,Total,38876,21685,1844,62,0,60,0
18089330849010939,17841400074692954,paulistao,Paulistão,"O HOMEM DO JOGO! 😁⚽ #PaulistãoCasasBahia 
📷 Ag. Paulistão",0,"01/15/2026 17:16",https://www.instagram.com/p/DTjYJwEjSMC/,"Carrossel do Instagram",,Total,49216,24313,2054,20,26,22,5
18345801760228483,17841400074692954,paulistao,Paulistão,"CALMA AÍ, ALIX! 😮‍💨🤌 #PaulistãoCasasBahia",10,"01/15/2026 17:18",https://www.instagram.com/reel/DTjYdrkjCfA/,"Reel do Instagram",,Total,1262346,810076,23241,12357,490,246,259
18088309511038156,17841400074692954,paulistao,Paulistão,"JHON JHON EM: GIGANTES DE AÇO! 😅🤩 #PaulistãoCasasBahia",15,"01/15/2026 17:26",https://www.instagram.com/reel/DTjZTtiDp89/,"Reel do Instagram",,Total,15147,10431,460,14,3,9,6
18091569125315412,17841400074692954,paulistao,Paulistão,"ARTILHEIRO DO PAULISTÃO CASAS BAHIA! 🔥⚽⚽⚽ #PaulistãoCasasBahia",0,"01/15/2026 17:30",https://www.instagram.com/p/DTjZzj2DQkt/,"Imagem do Instagram",,Total,45819,28584,1441,28,9,16,8
18299156263273797,17841400074692954,paulistao,Paulistão,"NADA DE GOLS NO MORUMBIS!
O duelo entre São Paulo e São Bernardo não saiu do 0 a 0 no primeiro tempo.
#PaulistãoCasasBahia
📷Renato Pizzutto/Ag.Paulistão",0,"01/15/2026 17:38",https://www.instagram.com/p/DTjaunsDcwU/,"Imagem do Instagram",,Total,30697,17395,711,6,0,40,7
18079147757351508,17841400074692954,paulistao,Paulistão,"JOGADA COMPLETA! ✍️
Se liga no lance que fez o Red Bull Bragantino abrir o placar contra o Corinthians! #PaulistãoCasasBahia #Sil",0,"01/15/2026 17:52",https://www.instagram.com/p/DTjcO-AlFIi/,"Carrossel do Instagram",,Total,39841,16463,579,42,0,2,6
18071663222110281,17841400074692954,paulistao,Paulistão,"PRECISANDO DE GOL? CHAMA O CARLÃO! ⚽🔥
Artilheiro do Noroeste em 2025 no @paulistao com 5 gols, o camisa 9 balançou as redes pela primeira vez nesse ano!
#PaulistãoCasasBahia",0,"01/15/2026 17:53",https://www.instagram.com/p/DTjccX8jUpA/,"Imagem do Instagram",,Total,42808,24501,1367,46,3,20,7
17935879470140590,17841400074692954,paulistao,Paulistão,"Fala, craque! 🗣️ #PaulistãoCasasBahia #CraqueDoJogo #7kbet",69,"01/15/2026 18:03",https://www.instagram.com/reel/DTjdfFADuZU/,"Reel do Instagram",,Total,14149,10665,467,35,2,1,1
17878303971376130,17841400074692954,paulistao,Paulistão,"Os números do craque @jhonjhon contra o Corinthians! 👏👏👏 #PaulistãoCasasBahia",0,"01/15/2026 18:14",https://www.instagram.com/p/DTjevt9jTXI/,"Imagem do Instagram",,Total,111875,67313,1712,29,3,77,11
18035494544540461,17841426196827383,copinha,Copinha,"SÓ TEM JOGÃO! 🔥
Os confrontos estão definidos! Que venham as oitavas de final da Copinha Sil 2026!
#CopinhaSil2026",0,"01/15/2026 18:31",https://www.instagram.com/p/DTjgypqjmLb/,"Imagem do Instagram",,Total,1439094,607882,53711,2488,368,707,621
18077595023205306,17841401009444456,tntsportsbr,"TNT Sports Brasil","TEVE PROVOCAÇÃO? OU DESABAFO? 🇾🇪👀 Luciano comemorou muito depois do gol contra o São Bernardo. #FutebolBrasileiro

📹: @kaikenagai

São Paulo x São Bernardo AO VIVO E EXCLUSIVO AGORA na @tntbr e na @hbomaxbr! Assine pelo link na BIO! #PaulistãoNaTNT #PaulistãoNaHBOMax",48,"01/15/2026 18:38",https://www.instagram.com/reel/DTjhk4vD5TH/,"Reel do Instagram",,Total,1596871,946210,57424,780,40,1319,0
17942179974101628,17841400074692954,paulistao,Paulistão,"O PRIMEIRO GOL DO SÃO PAULO EM 2026!
E tinha que ser dele: o camisa 10 do Tricolor, Luciano!
#PaulistãoCasasBahia",36,"01/15/2026 18:40",https://www.instagram.com/reel/DTjhx3dilVI/,"Reel do Instagram",,Total,224294,133232,13042,647,28,215,134
18193473259341126,17841400074692954,paulistao,Paulistão,"🫶🇾🇪⚽✨
#PaulistãoCasasBahia #SãoPaulo #Luciano
📷Victor Monteiro/Ag.Paulistão",0,"01/15/2026 18:44",https://www.instagram.com/p/DTjiSBqjWI2/,"Imagem do Instagram",,Total,41877,26367,3050,156,6,30,16
17934433365149831,17841400074692954,paulistao,Paulistão,"FIM DE PAPO NESSA QUINTA-FEIRA DE #PaulistãoCasasBahia!",0,"01/15/2026 18:50",https://www.instagram.com/p/DTji98ijRgv/,"Imagem do Instagram",,Total,23357,14169,560,37,0,9,7
18083933831329110,17841400074692954,paulistao,Paulistão,"FIM DA SEGUNDA RODADA! 😮‍💨
Deixa aqui nos comentários como foi o desempenho do seu time do coração!
#PaulistãoCasasBahia",0,"01/15/2026 18:55",https://www.instagram.com/p/DTjjiHqjcHA/,"Imagem do Instagram",,Total,190634,125093,4629,134,69,56,44
18099494431846261,17841400074692954,paulistao,Paulistão,"O DONO DO GOL DA VITÓRIA TRICOLOR!
Luciano fez o primeiro gol do São Paulo em 2026 e foi eleito o Craque do Jogo!
#PaulistãoCasasBahia
📷Renato Pizzutto/Ag.Paulistão",0,"01/15/2026 18:55",https://www.instagram.com/p/DTjjifsjWj7/,"Imagem do Instagram",,Total,17393,10900,899,54,0,21,6
17958994710044170,17841400074692954,paulistao,Paulistão,"MASSA BRUTA VAI DORMIR NA LIDERANÇA!
Fim da segunda rodada e a tabela de classificação do #PaulistãoCasasBahia ficou desse jeito!",0,"01/15/2026 19:01",https://www.instagram.com/p/DTjkIooDTMU/,"Imagem do Instagram",,Total,422150,235193,11004,380,174,105,114
18063454664642352,17841426196827383,copinha,Copinha,"PLAY NAS OITAVAS DE FINAL DA COPINHA SIL!
#CopinhaSil2026",0,"01/15/2026 19:05",https://www.instagram.com/p/DTjfiZ6jI6W/,"Imagem do Instagram",,Total,243644,98118,4547,238,9,74,67
18001509500851205,17841400074692954,paulistao,Paulistão,"VITÓRIA TRICOLOR! 🇾🇪
Os primeiros três pontos do São Paulo no #PaulistãoCasasBahia!
📷Victor Monteiro e Renato Pizzutto/Ag.Paulistão",0,"01/15/2026 19:12",https://www.instagram.com/p/DTjlYmHjQb9/,"Carrossel do Instagram",,Total,40602,21201,2718,74,13,25,11
17898454059220768,17841400074692954,paulistao,Paulistão,"A vitória do São Paulo de hoje tem nome: Luciano! Vem conferir a entrevista do #CraqueDoJogo 👀
#PaulistãoCasasBahia #Bet7k",89,"01/15/2026 19:16",https://www.instagram.com/reel/DTjlyhriDrV/,"Reel do Instagram",,Total,80008,52662,6684,76,18,75,52
18325975108168263,17841400074692954,paulistao,Paulistão,"Cuidado com a água, @allanelias04! 🤣🤪 #PaulistãoCasasBahia #ClássicoDaSaudade #Palmeiras",6,"01/16/2026 05:00",https://www.instagram.com/reel/DTkj0sLgQTi/,"Reel do Instagram",,Total,48380,25753,2835,77,3,30,43
17857512138596577,17841400074692954,paulistao,Paulistão,"Isso é Paulistão Casas Bahia, senhoras e senhores!
As animações de gols no placar mais F#$@ do Brasil! 😍🤩⚽️
Qual sua preferida? 👀
#Futebol #Paulistao #Placar #PacoteGráfico",65,"01/16/2026 05:37",https://www.instagram.com/reel/DTks9hCjbq6/,"Reel do Instagram",,Total,190451,110723,12118,1368,28,195,383
18379355155157059,17841400074692954,paulistao,Paulistão,"QUEM FOI O CRAQUE DA 2ª RODADA?
A votação está aberta aqui no post para você escolher quem foi o destaque da 2ª rodada do Paulistão A2 Rivalo! A enquete se encerra amanhã (16), às 10h!
#PaulistãoA2Rivalo",0,"01/16/2026 06:06",https://www.instagram.com/p/DTkwWFjjYmC/,"Imagem do Instagram",,Total,39884,22137,380,102,5,90,1
18103635796756428,17841406439444749,ecnoroeste,"E.C. Noroeste","Momentos do confronto de ontem diante do Botafogo-SP, pela segunda rodada do Paulistão Casas Bahia 2026. 🔴⚪️

📸: @moretifoto / @vinifotografiavf",0,"01/16/2026 06:14",https://www.instagram.com/p/DTkxRoIjm08/,"Carrossel do Instagram",,Total,36906,15454,1257,18,0,14,0
17869789932531754,17841400074692954,paulistao,Paulistão,"BORA ESCOLHER O GOLAÇO DA RODADA! 😉
E aí, qual o foi o gol mais bonito da 2ª rodada do #PaulistãoCasasBahia? Deixa o seu voto na enquete dos comentários! 👇
#GolaçoDaRodada #Betano

*Enquete encerra no dia 17/01 às 10h",0,"01/16/2026 08:08",https://www.instagram.com/p/DTk-RiIje2c/,"Carrossel do Instagram",,Total,51808,24541,987,65,0,52,7
18069422687438533,17841400074692954,paulistao,Paulistão,"HORA DE ESCOLHER! 🫵
Jhon Jhon, Allan, Paulo Baya e Robson jogaram muito na 2ª rodada do #PaulistãoCasasBahia. Agora é com você: quem foi o Craque da Rodada? Deixe o seu voto na enquete dos comentários! 👇
#CraqueDaRodada #7kbet 

*Enquete encerra no dia 17/01 às 10h",0,"01/16/2026 09:23",https://www.instagram.com/p/DTlG8A-kWJY/,"Imagem do Instagram",,Total,91304,50271,1958,175,16,136,10
17941079612981651,17841400074692954,paulistao,Paulistão,"Um toque de letra e uma... escorregada? 😅 Que categoria do @luis_ofc08 🔥
#PaulistãoCasasBahia #Palmeiras",15,"01/16/2026 10:00",https://www.instagram.com/reel/DTlGHDCAQM3/,"Reel do Instagram",,Total,192329,112876,11548,359,104,56,127
18168803059354168,17841400074692954,paulistao,Paulistão,"O QUE FOI ISSO, @felipegarcia1oficial?! 🎩✨⚽
Que categoria nesse chapéu!
#PaulistãoCasasBahia #SãoBernardo",15,"01/16/2026 10:30",https://www.instagram.com/reel/DTlL3CvD6Ku/,"Reel do Instagram",,Total,271358,147748,7998,3603,4,229,138
18113907679541477,17841400074692954,paulistao,Paulistão,"JHON JHON ARTILHEIRO! 3️⃣⚽
Assim ficou o ranking de artilharia do Paulistão Casas Bahia depois da 2ª rodada! 🤩 #PaulistãoCasasBahia #Artilharia #Assaí",0,"01/16/2026 11:00",https://www.instagram.com/p/DTlM3-Sj3x9/,"Imagem do Instagram",,Total,19050,11808,305,1,0,7,4
18069175604156396,17841400074692954,paulistao,Paulistão,"A EVOLUÇÃO DE JHON JHON!
O @lendoojogo trouxe uma análise do camisa 10 do @redbullbragantino! 

● Jhon Jhon é um grande exemplo da importância de ter paciência no desenvolvimento de jovens jogadores;

● Jogadores criativos precisam ainda mais dessa margem para errar, equilibrando com o tempo suas tomadas de decisão e precisão;

● No Red Bull Bragantino, Jhon Jhon encontrou o ambiente que precisava para finalizar esse amadurecimento. Hoje, é um dos melhores em sua posição no futebol brasileiro;

● Cumprindo uma função cada vez mais rara no jogo, Jhon Jhon é um “10 clássico”. Tem liberdade para se movimentar pelo campo, recebe a bola em diferentes zonas e tem alta participação na definição das jogadas;

● Confiante para arriscar, se tornou peça chave para sua equipe no #PaulistãoCasasBahia!",0,"01/16/2026 11:11",https://www.instagram.com/p/DTlTR4fkUmX/,"Carrossel do Instagram",,Total,563617,277055,24595,753,6,202,290
18055802876347771,17841400074692954,paulistao,Paulistão,"DOIS GOLAÇOS!
Lucas Rodrigues e Albano estavam com a pontaria afiada e marcaram dois lindos gols para a Ferroviária no Paulistão A2 Rivalo!
#PaulistãoA2Rivalo",33,"01/16/2026 12:00",https://www.instagram.com/reel/DTlUAuNDq2R/,"Reel do Instagram",,Total,23884,16554,293,0,0,4,3
18137497501488127,17841400793745861,luscaxx,"Lusca ✨","No words, just soccer. 

#soccer #futebol #asmr",97,"01/16/2026 12:46",https://www.instagram.com/reel/DTldpdYEkEk/,"Reel do Instagram",,Total,19167,13123,597,3,1,19,0
18118139623519244,17841400149300979,eogarcialucas,"Lucas Garcia","Desafio aceito @paulistao Quantos vocês acertaram? Comenta aqui!! Segue meu parceiro @eugianpa ⬅ #paulistão",123,"01/16/2026 12:52",https://www.instagram.com/reel/DTleYdAitR6/,"Reel do Instagram",,Total,91258,70816,4158,95,181,41,0
18117208213520539,17841400074692954,paulistao,Paulistão,"LUCAS MOURA E BRENO BIDON!
No duelo de camisas 7, Cria de Cotia e Filho do Terrão se enfrentam no Superclássico Casas Bahia deste domingo!
#PaulistãoCasasBahia",0,"01/16/2026 14:30",https://www.instagram.com/p/DTlk4X8FbXm/,"Carrossel do Instagram",,Total,77193,36752,1913,24,2,82,15
18358623340205199,17841400959704165,santosfc,"Santos Futebol Clube","Neymar Jr no Media Day! ✋🏼😜🤚🏼",36,"01/16/2026 14:42",https://www.instagram.com/reel/DTlrYKQkcX_/,"Reel do Instagram",,Total,3297215,1860572,323749,5513,695,1979,0
18145219582454991,17841400074692954,paulistao,Paulistão,"A TERCEIRA RODADA DO PAULISTÃO CASAS BAHIA VEM AÍ!
#PaulistãoCasasBahia",0,"01/16/2026 14:48",https://www.instagram.com/p/DTlsF7RDeXN/,"Imagem do Instagram",,Total,125898,72058,3397,175,15,45,70
18378753889158621,17841400074692954,paulistao,Paulistão,"A 3ª RODADA TÁ NA ÁREA!
Vem conferir os horários e as transmissões dessa etapa do Paulistão A2 Rivalo!
#PaulistãoA2Rivalo",0,"01/16/2026 15:05",https://www.instagram.com/p/DTluAekDTdR/,"Imagem do Instagram",,Total,26681,15851,520,13,3,6,8
17935668024144694,17841400959704165,santosfc,"Santos Futebol Clube","As respostas do Gabigol você verá daqui a alguns dias, nas redes do @Paulistao! 💪🏽",41,"01/16/2026 15:13",https://www.instagram.com/reel/DTlu3okke_8/,"Reel do Instagram",,Total,448767,258043,32113,161,10,109,0
18545535157036129,17841400959704165,santosfc,"Santos Futebol Clube","Algumas imagens do Media Day do nosso goleiro Brazão! As respostas completas do bate-papo estarão disponíveis nas redes do @Paulistao, daqui a alguns dias! 🎥🧤",46,"01/16/2026 15:23",https://www.instagram.com/reel/DTlwDbVkcKM/,"Reel do Instagram",,Total,339976,203379,22073,52,2,85,0
18162326980405310,17841426196827383,copinha,Copinha,"QUATRO AVANÇARAM! 
Dois confrontos das quartas de final foram definidos. Quem será que avança do outro lado da chave? 👀
#CopinhaSil2026",0,"01/16/2026 18:42",https://www.instagram.com/p/DTmG2M_jQTZ/,"Imagem do Instagram",,Total,1591926,647821,48967,1869,335,645,472
18516896509068826,17841426196827383,copinha,Copinha,"Para fechar as oitavas de final da Copinha Sil 2026!
#CopinhaSil2026",0,"01/16/2026 19:05",https://www.instagram.com/p/DTmEbmIlL_s/,"Imagem do Instagram",,Total,340063,131197,5400,162,10,78,59
18002455976702487,17841400074692954,paulistao,Paulistão,"SABADOU NO PAULISTÃO A2 RIVALO!
Seis jogos abrem a terceira rodada!
#PaulistãoA2Rivalo",0,"01/17/2026 04:00",https://www.instagram.com/p/DTnBlzwjZt7/,"Imagem do Instagram",,Total,26589,15986,493,9,0,3,8
17872002126508553,17841426196827383,copinha,Copinha,"TABELA DEFINIDA!
Os primeiros confrontos das quartas de final da Copinha Sil 2026 tiveram data e horários definidos! Vem conferir 👀
#CopinhaSil2026",0,"01/17/2026 04:52",https://www.instagram.com/p/DTnMtPPEpGv/,"Imagem do Instagram",,Total,286532,140353,8438,589,42,157,121
18090169222827401,17841400074692954,paulistao,Paulistão,"TODO MUNDO ESPERA ALGUMA COISA...
Em um sábado de Paulistão Casas Bahia! Vem conferir os confrontos do começo do final de semana 🔥
#PaulistãoCasasBahia2026",0,"01/17/2026 05:00",https://www.instagram.com/p/DTnIdO5kmxY/,"Imagem do Instagram",,Total,64494,38895,1611,55,2,10,16
18110937229714680,17841400074692954,paulistao,Paulistão,"AVISA QUE É ELE!
Com 44% dos votos, @luketa99, do @fcsertaozinho, foi escolhido pela galera em votação feita no nosso perfil, como o Craque da 2ª do Paulistão A2 Rivalo!
#CraqueDaRodada #PaulistãoA2Rivalo",0,"01/17/2026 05:10",https://www.instagram.com/p/DTnMa05kq5d/,"Imagem do Instagram",,Total,33269,18127,545,22,3,26,4
17859916011583146,17841426196827383,copinha,Copinha,"QUE GOLAÇO!
Luis Saboia encheu o pé da entrada da área e abriu o placar pro Verdão contra o Ituano!
#CopinhaSil2026",28,"01/17/2026 05:21",https://www.instagram.com/reel/DTnQAFQEnGY/,"Reel do Instagram",,Total,395355,215800,22275,314,211,107,110
17936727534117337,17841400074692954,paulistao,Paulistão,"DESTAQUE DO FANTASMA! 
A galera votou no nosso Instagram e elegeu Paulo Baya, do Primavera, como o Craque da 2ª Rodada do Paulistão Casas Bahia 2026, com 43% dos votos!
#CraqueDaRodada #7KBet #PaulistãoCasasBahia",0,"01/17/2026 05:53",https://www.instagram.com/p/DTnTup5ElcF/,"Imagem do Instagram",,Total,53260,30293,790,95,2,15,2
18053661989689624,17841400074692954,paulistao,Paulistão,"NOITE DE PAULISTÃO CASAS BAHIA EM CAPIVARI! 🔥
Capivariano e Ponte Preta vão em busca da vitória nessa 3ª rodada do #PaulistãoCasasBahia! Qual é o seu palpite?",0,"01/17/2026 06:30",https://www.instagram.com/p/DTnSwB9jXwF/,"Imagem do Instagram",,Total,22333,13430,384,15,1,2,1
18105733897683709,17841400074692954,paulistao,Paulistão,"TUDO PRONTO!
Primavera e Novorizontino abrem mais uma rodada do Paulistão Casas Bahia 2026. Quem vai levar a melhor?
#PaulistãoCasasBahia2026",0,"01/17/2026 07:00",https://www.instagram.com/p/DTnWLY3ElIW/,"Imagem do Instagram",,Total,21305,11932,440,13,0,13,5
18200131003322361,17841400074692954,paulistao,Paulistão,"Arbitragem escalada para a partida entre Primavera e Novorizontino!
#EscalaDeArbitragem #PaulistãoCasasBahia",0,"01/17/2026 07:30",https://www.instagram.com/p/DTnZmgdjBNq/,"Imagem do Instagram",,Total,16025,9566,178,11,0,0,1
18091879066791618,17841400074692954,paulistao,Paulistão,"MAIS UM!
Portuguesa e Velo Clube se preparam para mais um dia de JOGÃO no Paulistão Casas Bahia 2026. Para quem vai a sua torcida?
#PaulistãoCasasBahia2026",0,"01/17/2026 08:00",https://www.instagram.com/p/DTndClqDSui/,"Imagem do Instagram",,Total,53067,32188,713,14,1,10,8
17981702744951520,17841400074692954,paulistao,Paulistão,"LÁ NA GAVETA! 🔥
A galera votou no Instagram e Luciano, do São Paulo, foi eleito o dono do golaço da 2ª rodada do Paulsitão Casas Bahia! 
#GolaçoDaRodada #Betano #PaulistãoCasasBahia",22,"01/17/2026 08:26",https://www.instagram.com/reel/DTnlKdWjJjL/,"Reel do Instagram",,Total,40577,26236,1587,43,1,17,11
18102925303839667,17841400074692954,paulistao,Paulistão,"CRAQUE DA RODADA! 👻
Paulo Baya, do Primavera, foi escolhido como o segundo #CraqueDaRodada do Paulistão Casas Bahia 2026! 
#7KBet #PaulistãoCasasBahia",22,"01/17/2026 08:28",https://www.instagram.com/reel/DTnlZxWCbY-/,"Reel do Instagram",,Total,31533,22687,555,15,1,6,7
18094949729477015,17841400074692954,paulistao,Paulistão,"Arbitragem escalada para a partida entre Portuguesa e Velo Clube!
#EscalaDeArbitragem #PaulistãoCasasBahia",0,"01/17/2026 08:30",https://www.instagram.com/p/DTngdtbkvUV/,"Imagem do Instagram",,Total,24863,14905,235,6,0,0,2
18103879237761197,17841400074692954,paulistao,Paulistão,"VANTAGEM DO TIMÃO!
No retrospecto do Majestoso no Paulistão Casas Bahia, o Corinthians venceu mais, mas o Tricolor marcou mais gols. O que será que vai rolar amanhã? 👀

Você assiste ao Majestoso AO VIVO às 16h desse domingo (18), na TNT e HBO Max! 🤩
#PaulistãoCasasBahia #Majestoso",0,"01/17/2026 09:00",https://www.instagram.com/p/DTnj5f_kopw/,"Imagem do Instagram",,Total,188300,95459,8654,468,5,427,163
18064583690545473,17841401683210430,portalr7,"Portal R7","É DIA DE MIRASSOL! 🟡🟢

Sabadão a bola rola em mais um rodada do Paulistão! ⚽📺 O @mirassolfc visita o Palmeiras em busca dos três pontos em um encontro de futebol de elite. Chame os amigos e venha torcer!

Você acompanha a transmissão ao vivo do confronto na tela da @sigarecord, no @portalr7 e no @recordplus às 20h30. 🤩⚽

➡️ Veja as principais notícias sobre o Campeonato Paulista 2026 em R7.com/esportes. O link está na bio.
#PortalR7 #R7 #PaulistãoNaRECORD",0,"01/17/2026 09:06",https://www.instagram.com/p/DTnpxZFgczx/,"Imagem do Instagram",,Total,35003,25441,71,9,0,2,0
18008368616673108,17841400074692954,paulistao,Paulistão,"Arbitragem escalada para a partida entre Capivariano e Ponte Preta!
#EscalaDeArbitragem #PaulistãoCasasBahia",0,"01/17/2026 09:30",https://www.instagram.com/p/DTnnXdVjG9T/,"Imagem do Instagram",,Total,21638,12518,208,8,0,2,2
17909926551142729,17841400074692954,paulistao,Paulistão,"TODOS PRONTOS?!
A terceira rodada do Paulistão Casas Bahia tá na área, meus amigos! E pra começar os trabalhos, é dia de Primavera e Novorizontino!
#PaulistãoCasasBahia
📷Rebeca Reis/Ag. Paulistão/Sua Foto no Jogo",0,"01/17/2026 09:55",https://www.instagram.com/p/DTnvYVEEoB0/,"Carrossel do Instagram",,Total,14460,6757,312,1,0,1,4
18091216163100008,17841400074692954,paulistao,Paulistão,"ALÔ, INDAIATUBA!
É dia do Fantasma entrar em campo!
#PaulistãoCasasBahia 
📷Rebeca Reis/Ag. Paulistão/Sua Foto no Jogo",0,"01/17/2026 10:13",https://www.instagram.com/p/DTnxYI0kj2D/,"Carrossel do Instagram",,Total,18762,8777,421,17,1,3,3
17901145215205073,17841400074692954,paulistao,Paulistão,"TIGRE PRESENTE!
A torcida do Novorizontino também está na área para apoiar o time contra o Primavera!
#PaulistãoCasasBahia 
📷Rebeca Reis/Ag. Paulistão/Sua Foto no Jogo",0,"01/17/2026 10:15",https://www.instagram.com/p/DTnxrmREpS-/,"Imagem do Instagram",,Total,21999,13332,334,3,2,7,1
18080469401224201,17841400074692954,paulistao,Paulistão,"CANINDÉ EM CLIMA DE PAULISTÃO CASAS BAHIA!
Daqui a pouco a bola vai rolar entre Portuguesa e Velo Clube e a torcida da Lusa já está em peso no palco do duelo!
#PaulistãoCasasBahia
📷Mauro Horita/Ag. Paulistão/Sua Foto no Jogo",0,"01/17/2026 10:41",https://www.instagram.com/p/DTn0geTj64H/,"Carrossel do Instagram",,Total,26232,10568,516,18,2,15,2
18098596858843224,17841400074692954,paulistao,Paulistão,"Aquecimento rolando no gramado do estádio Ítalo Mário Limongi!
#PaulistãoCasasBahia 
📷Rebeca Reis/Ag. Paulistão/Sua Foto no Jogo",0,"01/17/2026 10:43",https://www.instagram.com/p/DTn065fEuAZ/,"Carrossel do Instagram",,Total,13743,6567,199,0,0,1,2
17846957901651150,17841400074692954,paulistao,Paulistão,"Detalhes! ✨🙏
#PaulistãoCasasBahia
📷Rebeca Reis/Ag. Paulistão/Sua Foto no Jogo",0,"01/17/2026 10:45",https://www.instagram.com/p/DTn1ECNEilQ/,"Carrossel do Instagram",,Total,26031,10513,361,3,0,0,2
18122059765483447,17841405691679778,ecprimaveraoficial,"Primavera SAF","GOOOOOLLLL DO FANTASMAAA 👻 

POVEDOWSKI NELES!!",25,"01/17/2026 11:19",https://www.instagram.com/reel/DTn4vP5DgKX/,"Reel do Instagram",,Total,141269,90408,5159,180,116,79,0
17886739881303776,17841400074692954,paulistao,Paulistão,"FALTOU ESPAÇO? SEM PROBLEMA!
O Thales desenrolou a jogada para o Primavera e saiu jogando com categoria!
#PaulistãoCasasBahia",19,"01/17/2026 11:19",https://www.instagram.com/reel/DTn4_jwAbLY/,"Reel do Instagram",,Total,68664,39820,1325,35,5,16,17
17850179982657458,17841400074692954,paulistao,Paulistão,"VEM PARA A HBO MAX!
É dia de Portuguesa e Velo Clube no Paulistão Casas Bahia!
#PaulistãoCasasBahia
📷Mauro Horita/Ag. Paulistão/Sua Foto no Jogo",0,"01/17/2026 11:22",https://www.instagram.com/p/DTn5SsOgONl/,"Carrossel do Instagram",,Total,11604,5670,279,2,0,3,1
17994276908907261,17841400074692954,paulistao,Paulistão,"PARA FECHAR O SÁBADO! 🤝
Verdão e Leão querem somar mais três pontos. E aí, torcedor, quem sai da Arena Barueri com a vitória?
#PaulistãoCasasBahia",0,"01/17/2026 11:30",https://www.instagram.com/p/DTn1GEzj-KA/,"Imagem do Instagram",,Total,25482,15260,1020,19,0,7,7
17984814929778317,17841400074692954,paulistao,Paulistão,"O FANTASMA TÁ ASSOMBRANDO GERAL! 👻
Já trem gol na terceira rodada do Paulistão Casas Bahia! Gabriel Poveda abre o placar par ao Primavera!
#PaulistãoCasasBahia #Betano",31,"01/17/2026 11:31",https://www.instagram.com/reel/DTn6QPHgfSu/,"Reel do Instagram",,Total,45137,33773,782,33,0,80,4
18070733402529898,17841400074692954,paulistao,Paulistão,"AQUECIMENTO ROLANDO!
Preparativos à todo vapor para o confronto da terceira rodada do #PaulistãoCasasBahia!
📷Mauro Horita/Ag. Paulistão/Sua Foto no Jogo",0,"01/17/2026 11:34",https://www.instagram.com/p/DTn6j0vj1sS/,"Carrossel do Instagram",,Total,7901,3893,109,3,0,0,0
18093318847752160,17841400074692954,paulistao,Paulistão,"DE CARRINHO PRA REDE!
Primavera encaixa o contra-ataque e só vai parar no fundo da redes! Paulo Baya serve Renatinho, que aumenta a vantagem do Fantasma!
#PaulistãoCasasBahia #Betano",46,"01/17/2026 11:34",https://www.instagram.com/reel/DTn6sV0jG6W/,"Reel do Instagram",,Total,45177,31774,1124,36,1,15,9
17907019227163552,17841400074692954,paulistao,Paulistão,"QUEM QUE PEGA?
O Rômulo soltou o pé na cobrança de pênalti e descontou para o Novorizontino!
#PaulistãoCasasBahia #Betano",37,"01/17/2026 11:54",https://www.instagram.com/reel/DTn8874kyGM/,"Reel do Instagram",,Total,92930,65862,1357,16,2,11,11
18004529336688320,17841400074692954,paulistao,Paulistão,"FANTASMA NA FRENTE!
Intervalo de jogo em Indaiatuba e o Primavera tem a vantagem no placar!
#PaulistãoCasasBahia 
📷Rebeca Reis/Ag. Paulistão/Sua Foto no Jogo",0,"01/17/2026 11:58",https://www.instagram.com/p/DTn9aifEqvU/,"Imagem do Instagram",,Total,21674,12682,577,59,0,15,3
18086624915119198,17841401009444456,tntsportsbr,"TNT Sports Brasil","AMANHÃ TEM TRICOLOR NO PRIMEIRO CLÁSSICO DA TEMPORADA! 🇾🇪 O São Paulo enfrenta o Corinthians pelo Paulistão. É amanhã, a partir das 16h, AO VIVO E EXCLUSIVO na TNT e na HBO Max! Assine com o link da BIO e não perca nenhum detalhe do Majestoso! #FutebolBrasileiro #PaulistãoNaTNT #PaulistãoNaHBOMax",0,"01/17/2026 12:00",https://www.instagram.com/p/DTn9p2WkXK6/,"Imagem do Instagram",,Total,1592950,801017,29437,1629,22,489,0
18090029366000708,17841400074692954,paulistao,Paulistão,"TEM MAIS JOGO VINDO AÍ!
A bola vai rolar no estádio Carlos Colnaghi! É sábado de Capivariano e Ponte Preta!
#PaulistãoCasasBahia 
📷Alexandre Battibugli/Ag. Paulistão/Sua Foto no Jogo",0,"01/17/2026 12:11",https://www.instagram.com/p/DTn-5ijko07/,"Carrossel do Instagram",,Total,42219,19865,852,6,3,4,8
18090843512057139,17841400074692954,paulistao,Paulistão,"É PRO OUTRO LADO...
Novorizontino recua a bola, a defesa não conversa entre si e é o Primavera que comemora. 
É o terceiro do Fantasma.
#PaulistãoCasasBahia #Betano",29,"01/17/2026 12:25",https://www.instagram.com/reel/DToAct5Dbz6/,"Reel do Instagram",,Total,176972,113615,3677,644,2,91,62
18107438599734836,17841400074692954,paulistao,Paulistão,"Arbitragem escalada para a partida entre Palmeiras e Mirassol!
#EscalaDeArbitragem #PaulistãoCasasBahia",0,"01/17/2026 12:30",https://www.instagram.com/p/DTn779TAAHH/,"Imagem do Instagram",,Total,30272,17950,384,18,5,48,7
18102559861651696,17841400074692954,paulistao,Paulistão,"LUSA NA VANTAGEM!
O primeiro gol do jogo saiu e a Portuguesa faz de pênalti para se colocar na frente do placar!
#PaulistãoCasasBahia #Betano",36,"01/17/2026 12:34",https://www.instagram.com/reel/DToBe1BgCpr/,"Reel do Instagram",,Total,222821,131185,2848,19,2,38,25
18079795055227692,17841400074692954,paulistao,Paulistão,"MOMENTO FOFURA NO PRÉ-JOGO! 🐶🥰
Os jogadores da Portuguesa entraram em campo com cachorros para adoção no @instituto.animale!
#PaulistãoCasasBahia
📷Mauro Horita/Ag. Paulistão/Sua Foto no Jogo",0,"01/17/2026 12:37",https://www.instagram.com/p/DToBxScE8m6/,"Carrossel do Instagram",,Total,404045,201089,25322,1650,25,237,219
18062887436642526,17841400074692954,paulistao,Paulistão,"NÃO VAI FALTAR APOIO!
As torcidas de Capivariano e Ponte Preta vão chegando pro jogo de logo mais!
#PaulistãoCasasBahia 
📷Alexandre Battibugli/Ag. Paulistão/Sua Foto no Jogo",0,"01/17/2026 12:43",https://www.instagram.com/p/DToCmPkEmFX/,"Carrossel do Instagram",,Total,26100,11634,414,19,1,4,3
18094683712938735,17841400074692954,paulistao,Paulistão,"ROBG⚽️L!
Robson usa a cabeça para balançar a rede para o Novorizontino!
#PaulistãoCasasBahia #Betano",21,"01/17/2026 12:49",https://www.instagram.com/reel/DToDSplDc3m/,"Reel do Instagram",,Total,37992,28817,595,24,5,9,2
17845203267659517,17841400074692954,paulistao,Paulistão,"TIGRE BUSCA O EMPATE! 🐯
Maycon Jesus recebeu a bola no campo de defesa e só foi para lá no fundo do gol! É o empate do Novorizontino!
#PaulistãoCasasBahia #Betano",45,"01/17/2026 12:52",https://www.instagram.com/reel/DToDlUujqwt/,"Reel do Instagram",,Total,78471,52103,1547,189,8,38,12
17947564512095829,17841400074692954,paulistao,Paulistão,"TÁ CHEGANDOA HORA!
Os times dão aquele gás final na preparação para mais um jogaço!
#PaulistãoCasasBahia 
📷Alexandre Battibugli/Ag. Paulistão/Sua Foto no Jogo",0,"01/17/2026 13:08",https://www.instagram.com/p/DToFa-TEi3x/,"Carrossel do Instagram",,Total,12657,6449,185,4,0,0,2
18037563722740778,17841400074692954,paulistao,Paulistão,"VITÓRIA GIGANTESTCA DO TIGRE!
Novorizontino luta até o última lance e consegue a virada fora de casa!
#PaulistãoCasasBahia 
📷Rebeca Reis/Ag. Paulistão/Sua Foto no Jogo",0,"01/17/2026 13:11",https://www.instagram.com/p/DToFwaIEnSF/,"Carrossel do Instagram",,Total,72390,37410,2578,108,4,54,23
17930370237176805,17841400074692954,paulistao,Paulistão,"O GOLAÇO DA VITÓRIA!
No apagar das luzes, o Novorizontino buscou a virada! Pega só esse golaço do Robson para garantir os três pontos do Leão!
#PaulistãoCasasBahia #Betano",39,"01/17/2026 13:21",https://www.instagram.com/reel/DToG28HCcQ8/,"Reel do Instagram",,Total,43816,33180,1065,84,7,95,9
18093553624754465,17841400074692954,paulistao,Paulistão,"BRILHOU DEMAIS!
Com duas bolas na rede, sendo uma o golaço da vitória do Novorizontino, Robson foi escolhido como o Craque do Jogo!
#7KLBet #PaulistãoCasasBahia #CraqueDoJogo
📷Rebeca Reis/Ag. Paulistão/Sua Foto no Jogo",0,"01/17/2026 13:37",https://www.instagram.com/p/DToIxZMEirx/,"Imagem do Instagram",,Total,18481,12171,225,8,1,5,1
18344427232224050,17841400074692954,paulistao,Paulistão,"Com a palavra, Robson, o #CraqueDoJogo!
#7KBet #PaulistãoCasasBahia",33,"01/17/2026 13:40",https://www.instagram.com/reel/DToJEdAD6vR/,"Reel do Instagram",,Total,37147,26284,983,24,1,6,13
18002552537702483,17841400074692954,paulistao,Paulistão,"VENCE A PORTUGUESA!
A Lusa conquista a primeira vitória no #PaulistãoCasasBahia para cima do Velo Clube no Canindé!
📷Mauro Horita/Ag. Paulistão/Sua Foto no Jogo",0,"01/17/2026 13:59",https://www.instagram.com/p/DToLTv-D895/,"Carrossel do Instagram",,Total,25288,14031,950,43,0,17,8
18059062616650581,17841400074692954,paulistao,Paulistão,"NÃO DEU PRO FANTASMA! 👻🚫
O Novorizontino colocou um ponto final na invencibilidade do Primavera!
#PaulistãoCasasBahia",0,"01/17/2026 14:00",https://www.instagram.com/p/DToLYzIko4-/,"Imagem do Instagram",,Total,250123,142705,4871,143,10,40,54
17862068412569142,17841401009444456,tntsportsbr,"TNT Sports Brasil","AMANHÃ TEM O PRIMEIRO CLÁSSICO DE 2026 PRO TIMÃO! 🦅🔥 O Corinthians recebe o São Paulo na Neo Química Arena em jogo EXCLUSIVO na TNT e na HBO Max! Assine com o link da BIO e não perca! #FutebolBrasileiro #PaulistãoNaTNT #PaulistãoNaHBOMax",0,"01/17/2026 14:00",https://www.instagram.com/p/DToLdX5EaTr/,"Imagem do Instagram",,Total,3113502,1496419,101440,2438,49,593,0
18091880086952916,17841400074692954,paulistao,Paulistão,"TÁ NA REDE!
O Capivariano abre o placar contra a Ponte Preta! Robson é o nome da emoção!
#PaulistãoCasasBahia #Betano",36,"01/17/2026 14:04",https://www.instagram.com/reel/DToLw5agUAe/,"Reel do Instagram",,Total,79382,52397,1044,156,3,149,14
18120309274570823,17841400074692954,paulistao,Paulistão,"QUE FRIEEEEZA!
Maceió aproveitou a oportunidade e fez o segundo da Lusa no finalzinho do jogo!
#PaulistãoCasasBahia #Betano",42,"01/17/2026 14:10",https://www.instagram.com/reel/DToMcldgRvm/,"Reel do Instagram",,Total,100638,68460,3155,145,23,68,24
18089319173074501,17841400074692954,paulistao,Paulistão,"O DONO DO PRIMEIRO GOL DA LUSA!
Renê abriu o placar no Canindé e foi eleito o Craque do Jogo!
#PaulistãoCasasBahia #CraqueDoJogo #Bet7k
📷Mauro Horita/Ag. Paulistão/Sua Foto no Jogo",0,"01/17/2026 14:20",https://www.instagram.com/p/DToNsgsD1s8/,"Imagem do Instagram",,Total,8082,5334,126,4,0,3,0
17870872797510021,17841400074692954,paulistao,Paulistão,"LEÃO NA FRENTE!
Rodolfo marcou e o Capivariano vai para o intervalo com a vantagem no marcador!
#PaulistãoCasasBahia 
📷Alexandre Battibugli/Ag. Paulistão/Sua Foto no Jogo",0,"01/17/2026 14:21",https://www.instagram.com/p/DToN0Z5Egv_/,"Imagem do Instagram",,Total,21195,12923,371,9,0,6,4
18375077326086011,17841400074692954,paulistao,Paulistão,"E VAI TOMANDO! ✍️
A marcação veio pra cima e o Rodolfo deu a canetada!
#PaulistãoCasasBahia #Dorflex",14,"01/17/2026 14:28",https://www.instagram.com/reel/DToOmOsiiKA/,"Reel do Instagram",,Total,34066,27975,446,20,7,5,6
17991513824747112,17841400074692954,paulistao,Paulistão,"VOCÊ SABIA? 
Domingo tem Majestoso, então a @tamiirisfernandes e a filha vieram aqui contar um pouco mais sobre o nome do confronto. Momento fofura e aprendizado 🥰🤩
#PaulistãoCasasBahia2026 #CriadoresPaulistãoCasasBahia",33,"01/17/2026 14:30",https://www.instagram.com/reel/DToOy4WFOXN/,"Reel do Instagram",,Total,25346,17093,912,42,0,42,18
18117146941579974,17841400074692954,paulistao,Paulistão,"FALA, RENÊ!
O nome do primeiro gol da Lusa no #PaulistãoCasasBahia!
#CraqueDoJogo #Bet7k",26,"01/17/2026 14:38",https://www.instagram.com/reel/DToPq49AOWe/,"Reel do Instagram",,Total,71657,48959,1404,67,10,45,10
17867176542457975,17841400074692954,paulistao,Paulistão,"CHAMA TODO MUNDO!
Pai, mãe, tio, amigo porque vai ter mais um jogo do Paulistão Casas Bahia! Quem vai levar a melhor hoje?
#PaulistãoCasasBahia2026
📷Guilherme Veiga/Ag. Paulistão/Sua Foto no Jogo",0,"01/17/2026 14:43",https://www.instagram.com/p/DToQMJ7jUYX/,"Carrossel do Instagram",,Total,15357,7463,306,1,0,0,2
18097627141807723,17841400074692954,paulistao,Paulistão,"AQUECIMENTO ROLANDO!
Palmeiras e Mirassol já estão em campo. Já já tem mais bola rolando no Paulistão Casas Bahia.
#PaulistãoCasasBahia2026
📷Guilherme Veiga/Ag. Paulistão/Sua Foto no Jogo",0,"01/17/2026 15:26",https://www.instagram.com/p/DToVHCiDfrF/,"Carrossel do Instagram",,Total,15945,7495,451,1,0,2,2
17906769081335697,17841400074692954,paulistao,Paulistão,"DEU CAPIVARIANO!
Um gol em cada tempo e mais três pontos na conta do Leão!
#PaulistãoCasasBahia 
📷Alexandre Battibugli/Ag. Paulistão/Sua Foto no Jogo",0,"01/17/2026 15:30",https://www.instagram.com/p/DToVwoekvQU/,"Carrossel do Instagram",,Total,38418,21033,807,194,1,14,2
17932063032172734,17841400074692954,paulistao,Paulistão,"DECISIVO!
Autor do primeiro gol da vitória do Capivariano, Rodolfo foi o Craque do Jogo!
#PaulistãoCasasBahia #7KBet #CraqueDoJogo
📷Alexandre Battibugli/Ag. Paulistão/Sua Foto no Jogo",0,"01/17/2026 15:45",https://www.instagram.com/p/DToXbkckpfO/,"Imagem do Instagram",,Total,32227,21541,345,19,2,10,1
18103933171696997,17841400074692954,paulistao,Paulistão,"FECHA A CONTA E PASSA A RÉGUA!
Daniel Baianinho bateu com categoria e deu números finais à vitória do Capivariano!
#PaulistãoCasasBahia #Betano",33,"01/17/2026 15:52",https://www.instagram.com/reel/DToYMVCAZYe/,"Reel do Instagram",,Total,44622,31473,859,15,3,22,12
17973675956823013,17841426196827383,copinha,Copinha,"CAMINHO ATUALIZADO! 🏆🤩
Os confrontos das quartas de final estão definidos. 
#CopinhaSil2026",0,"01/17/2026 16:14",https://www.instagram.com/p/DToaqDljUfg/,"Imagem do Instagram",,Total,1381116,582697,54958,3105,257,876,556
18003436271844092,17841400074692954,paulistao,Paulistão,"TUDO IGUAL!
Palmeiras e Mirassol não saíram do zero nesse primeiro tempo. 
#PaulistãoCasasBahia2026
📷Guilherme Veiga/Ag. Paulistão/Sua Foto no Jogo",0,"01/17/2026 16:23",https://www.instagram.com/p/DTobxIJDYR5/,"Imagem do Instagram",,Total,33635,19623,1107,14,1,11,3
18083010580940952,17841400074692954,paulistao,Paulistão,"☑️ Jhon Jhon cruzou
☑️ Eduardo Sasha se movimentou
☑️ Hugo Souza se confundiu
☑️ GOL DO MASSA BRUTA 🔥

 #PaulistãoCasasBahia #Betano",28,"01/15/2026 15:23",https://www.instagram.com/reel/DTjLLghDGpV/,"Reel do Instagram",,Total,87402,53685,1415,65,3,57,10
18083646421907395,17841400074692954,paulistao,Paulistão,"VITÓRIA PARCIAL DO MASSA BRUTA! 👏
O Red Bull Bragantino vai vencendo o Corinthians nos primeiros 45 minutos! Será que o placar muda no 2º tempo? #PaulistãoCasasBahia 
📷 Diogo Reis/Ag. Paulistão",0,"01/15/2026 15:25",https://www.instagram.com/p/DTjLfh6Dimr/,"Imagem do Instagram",,Total,24036,13977,471,14,0,13,4
17880972675354290,17841401683210430,portalr7,"Portal R7","HOJE TEM BRAGA! 🔥

Nesta quinta-feira (15), o Red Bull Bragantino recebe o Corinthians pela segunda rodada do Paulistão 2026, no Estádio Municipal Cicero De Souza Marques.

Você acompanha a transmissão ao vivo do confronto na tela da @sigarecord, no @portalr7 e no @recordplus às 19h30. 🤩⚽

➡️ Veja as principais notícias sobre o Campeonato Paulista 2026 em R7.com/esportes. O link está na bio.
#PortaIR7 #R7 #PaulistãoNaRECORD",0,"01/15/2026 10:26",https://www.instagram.com/p/DTipS2zFe4a/,"Imagem do Instagram","Ocorreu um erro ao computar métricas.",-,,,,,,,
18037739315529698,17841401009444456,tntsportsbr,"TNT Sports Brasil","HOJE TEM TRICOLOR EXCLUSIVO NA TNT E NA HBO MAX! 🇾🇪 O São Paulo faz sua estreia no Morumbis em 2026 diante do São Bernardo, em jogo que você assiste COM EXCLUSIVIDADE na @tntbr e na @hbomaxbr a partir das 21h45! Assine com o link da BIO e não perca! #FutebolBrasileiro #PaulistãoNaTNT #PaulistãoNaHBOMax",0,"01/15/2026 07:00",https://www.instagram.com/p/DTiRt8akaj5/,"Imagem do Instagram","Ocorreu um erro ao computar métricas.",-,,,,,,,
18370681792089597,17841401683210430,portalr7,"Portal R7","Grandes defesas perto do fim do jogo cheio de emoção! 🔥

➡️ Assista ao #PaulistãoNaRECORD em R7.com, e em RecordPlus.com
#PortalR7 #R7 #DesimpedidosNoR7 #PubliPaulistão

Oferecimento: @estacio_brasil",19,"01/14/2026 16:57",https://www.instagram.com/reel/DTgxFUGksnD/,"Reel do Instagram","Ocorreu um erro ao computar métricas.",-,,,,,,,
18151669894428709,17841400861993763,matheusgonze1,"Matheus Gonze","CHOQUE MUITO FEIO DO JOGADOR DO PALMEIRAS!!",11,"01/14/2026 16:24",https://www.instagram.com/reel/DTgnDP3j2LG/,"Reel do Instagram","Ocorreu um erro ao computar métricas.",-,,,,,,,
18104878306762748,17841401988974661,r7esportes,"R7 Esportes","GOL DO VERDÃO! 🟢🐷

Após recuperar a bola no meio-campo, o Palmeiras puxou contra-ataque, e Flaco Lopez saiu cara a cara com o goleiro. O argentino deu um toque para trás, e Allan finalizou forte no gol para abrir o placar no clássico contra o Santos, 1 a 0, na Arena Barueri.

➡️ Veja as principais notícias sobre o Campeonato Paulista 2026 em R7.com/esportes. O link está na bio.
#PortalR7 #R7 #PaulistãoNaRECORD

Oferecimento: @estacio_brasil",70,"01/14/2026 15:23",https://www.instagram.com/reel/DTgma2rgGHE/,"Reel do Instagram","Ocorreu um erro ao computar métricas.",-,,,,,,,
17997811178720372,17841405688144679,rivalobrasil,"Rivalo Brasil","Seleção Rivalo em parceria com o @sofascorebr_oficial pela 1ª rodada do Paulista A2 Rivalo 2026! ⚽️

Maior Nota: Claudinho, do @interdelimeiraoficial . ⭐️

Obs: Time ideal com base nas Notas Sofascore. 📊

#PaulistaA2Rivalo #NadaGanhaDaEmoção #Amor #Raizes #Cultura #RivaloSofascore",0,"01/14/2026 12:27",https://www.instagram.com/p/DTgSWgQAS3O/,"Imagem do Instagram","Ocorreu um erro ao computar métricas.",-,,,,,,,
17998244639710777,17841400738755454,baamaia,"Bárbara Maia 🧿","O REENCONTRO! 👀

Dia de clássico e também de falar de dois atacantes que sempre aparecem quando seus times precisam: Vitor Roque e Gabigol. Nosso tigrinho leva a melhor? Comenta aqui! 👇

#paulistao #gabigol #vitoroque #palmeiras #santos",92,"01/14/2026 12:17",https://www.instagram.com/reel/DTgQnj1kZbf/,"Reel do Instagram","Ocorreu um erro ao computar métricas.",-,,,,,,,
18068295638542508,17841400777371682,xvpiracicaba,"XV de Piracicaba","Barão ✅
Manto ✅
Agora só falta você torcedor! ⚫️⚪️

📷 @makasten",0,"01/14/2026 10:27",https://www.instagram.com/p/DTgEqlTEfLs/,"Imagem do Instagram",,Total,28942,15238,874,25,2,11,0
18124744711531108,17841400074692954,paulistao,Paulistão,"🇦🇷🔟 O MESSI JÁ BRILHOU EM INDAIATUBA!
O Primavera vai jogar em casa pela primeira vez na história do Paulistão Casas Bahia, mas você sabia que o camisa 10 argentino já jogou no estádio Ítalo Mário Limongi? Se liga na história!
#PaulistãoCasasBahia #Primavera #Messi",0,"01/14/2026 10:21",https://www.instagram.com/p/DTgD600kqYN/,"Carrossel do Instagram",,Total,1089028,406116,21150,2192,14,83,483
17865955911550572,17841400074692954,paulistao,Paulistão,"CLEITON + GUSTAVO MARQUES = DEFESAÇA DO MASSA BRUTA! 🥵 #PaulistãoCasasBahia",20,"01/15/2026 15:12",https://www.instagram.com/reel/DTjJ8tTibFn/,"Reel do Instagram",,Total,35388,22831,480,4,2,8,4
18148363180447787,17841400074692954,paulistao,Paulistão,"DEU TEMPO DE LIGAR NA HBO MAX AÍ?
Não passou nem um minuto de jogo e o Botafogo já ficou na frente do placar com esse FOGUETE do Leandro Maciel!
#PaulistãoCasasBahia #Betano",25,"01/15/2026 15:08",https://www.instagram.com/reel/DTjJdTME6Lx/,"Reel do Instagram",,Total,279285,165304,8608,474,20,55,94
17886656973309505,17841400074692954,paulistao,Paulistão,"AQUECIMENTO FINALIZADO!
Daqui a pouco a bola vai rolar entre Botafogo e Noroeste no #PaulistãoCasasBahia!
📷Douglas Moreti/Ag.Paulistão",0,"01/15/2026 14:47",https://www.instagram.com/p/DTjHI6PkyK4/,"Carrossel do Instagram",,Total,19208,8808,324,2,0,2,0
18109493350641543,17841400074692954,paulistao,Paulistão,"OPORTUNIDADE PRA TODOS! ⚫⚪
O Vitinho falou sobre o revezamento na equipe titular do Corinthians e a chance de mostrar trabalho! 👏 #PaulistãoCasasBahia #Bet365",48,"01/15/2026 14:24",https://www.instagram.com/reel/DTjEeGKjLuq/,"Reel do Instagram",,Total,18689,14093,773,1,3,19,8
18095305522736410,17841400074692954,paulistao,Paulistão,"AQUECIMENTO ROLANDO! 🥵
Todos os preparativos pro jogão entre Red Bull Bragantino e Corinthians! #PaulistãoCasasBahia 
📷 Diogo Reis/Ag. Paulistão",0,"01/15/2026 14:20",https://www.instagram.com/p/DTjEFGoD1EO/,"Carrossel do Instagram",,Total,33959,17536,741,1,1,4,3
17870415081523569,17841400074692954,paulistao,Paulistão,"ATAQUE GARANTIDO! 🔥
Vagner Mancini falou que o objetivo do Massa Bruta é manter o ritmo lá em cima contra o Corinthians! 👏 #PaulistãoCasasBahia #Bet365",28,"01/15/2026 14:15",https://www.instagram.com/reel/DTjDdsiDU3B/,"Reel do Instagram",,Total,24879,19234,848,2,1,7,9
18090364058079687,17841400074692954,paulistao,Paulistão,"DIA DE SÃO PAULO NO MORUMBIS! 🏟️🇾🇪
O Tricolor faz a sua estreia em casa no Paulistão Casas Bahia nessa quinta-feira, às 21h45, AO VIVO na HBO Max!
#PaulistãoCasasBahia",0,"01/15/2026 14:00",https://www.instagram.com/p/DTi8q50AIDZ/,"Imagem do Instagram",,Total,19678,12239,558,7,0,7,3
17990335382920290,17841400074692954,paulistao,Paulistão,"TEM MAIS CHUVA! ☔
A galera já tá pronta pra Red Bull Bragantino e Corinthians! A bola vai rolar daqui a pouquinho! #PaulistãoCasasBahia 
📷 Diogo Reis/Ag. Paulistão",0,"01/15/2026 13:56",https://www.instagram.com/p/DTjBZ1eDLpn/,"Carrossel do Instagram",,Total,16429,7695,386,0,0,1,3
17997894248856057,17841400074692954,paulistao,Paulistão,"Arbitragem escalada para a partida entre São Paulo e São Bernardo!
#EscalaDeArbitragem #PaulistãoCasasBahia",0,"01/15/2026 13:30",https://www.instagram.com/p/DTi5O_zkqyB/,"Imagem do Instagram",,Total,31707,18688,414,10,2,5,6
18082916159132423,17841400074692954,paulistao,Paulistão,"DAQUI A POUCO VEM O PRIMEIRO DA NOITE!
O Botafogo recebe o Noroeste pela segunda rodada do #PaulistãoCasasBahia e Ribeirão Preto já está preparada para o duelo!
📷Douglas Moreti/Ag.Paulistão",0,"01/15/2026 13:02",https://www.instagram.com/p/DTi7J5Pj9-I/,"Carrossel do Instagram",,Total,10152,4816,206,9,0,9,3
17913766950258783,17841400074692954,paulistao,Paulistão,"SALVOU DEMAIS! 🧤
O Santos tentou o empate no finalzinho do Clássico da Saudade, mas encontrou pela frente o paredão @_carlosmiguel98! 🔥 #PaulistãoCasasBahia #ClássicoDaSaudade #Palmeiras",10,"01/15/2026 13:00",https://www.instagram.com/reel/DTi2bzwD7Xi/,"Reel do Instagram",,Total,308202,171862,11031,417,41,115,65
17909042685314915,17841401842579108,diadorabrasil,"Diadora Brasil","A @diadorabrasil acompanhou de perto o treino e o media day de pré-temporada dos árbitros da @fpf_oficial, uma etapa fundamental na preparação para o Campeonato Paulista.

Conversamos com os árbitros para entender, na prática, como eles percebem os treinamentos, os desafios físicos e descobrir algumas curiosidades sobre essa função que é peça-chave dentro de campo.",89,"01/15/2026 13:00",https://www.instagram.com/reel/DTi67WMjRaq/,"Reel do Instagram",,Total,17640,13060,351,29,8,5,0
18170877739379236,17841400074692954,paulistao,Paulistão,"BRENO BIDON 🤝🏼 RODRIGO SOUZA
Que qualidade para dominar a bola! Eles estão com almofada nos pés?!
#PaulistãoCasasBahia",17,"01/15/2026 12:30",https://www.instagram.com/reel/DTiygUlDPO4/,"Reel do Instagram",,Total,89462,61825,4324,28,0,12,33
18078767351249105,17841400074692954,paulistao,Paulistão,"NÃO VEM DE GARFO QUE É DIA DE SOPA! 🔥😎
#CopinhaSil2026",12,"01/15/2026 12:29",https://www.instagram.com/reel/DTi3NtXkizb/,"Reel do Instagram",,Total,157034,96240,2470,38,8,25,19
18404403151125549,17841400074692954,paulistao,Paulistão,"@gabrielbrazao1 GI-GAN-TES-CO! 🔥😮‍💨
#PaulistãoCasasBahia #Santos #ClássicoDaSaudade",11,"01/15/2026 12:00",https://www.instagram.com/reel/DTivBzpkWmp/,"Reel do Instagram",,Total,50024,32233,2681,66,2,36,17
17892281631400794,17841400074692954,paulistao,Paulistão,"FIM DA SEGUNDA RODADA! ✅
O Paulistão A2 Rivalo acabou de começar e já está cheio de emoções... Como seu time está na tabela, torcedor?
#PaulistãoA2Rivalo",0,"01/15/2026 11:40",https://www.instagram.com/p/DTisvcwjDGB/,"Imagem do Instagram",,Total,238131,127781,6304,311,62,67,57
17930315703186753,17841400074692954,paulistao,Paulistão,"POV: Você é a adm do @paulistao no primeiro Superclássico Casas Bahia! 🤩 #PaulistãoCasasBahia #ClássicoDaSaudade",54,"01/15/2026 11:28",https://www.instagram.com/reel/DTiwb2bkWPt/,"Reel do Instagram",,Total,49608,39021,359,0,1,1,9
17851463808618551,17841418458448463,canalestagiarios,"Canal Estagiários","🎥⚽ É DIA DE ESTAGIÁRIOS EM CAMPO NO PAULISTÃO!

O Canal Estagiários entra em campo com uma transmissão especial em colaboração com o @paulistao, trazendo imagens do pré-jogo, clima de arquibancada, análise e resenha ao vivo.

⚔ São Paulo x São Bernardo
📍Morumbis
🏆 @paulistao
🕓 A partir das 20h
🎥 YouTube.com/Paulistao

#paulistao #futebol #resenha",0,"01/15/2026 11:28",https://www.instagram.com/p/DTiwZxTDHEv/,"Imagem do Instagram",,Total,12201,7297,209,6,1,2,0
17922826884226889,17841401683210430,portalr7,"Portal R7","Nesta quinta (15), você acompanha as emoções de RB Bragantino e Corinthians pelo Paulistão, e o R7 quer saber: qual será o placar do jogo? Siga o passo a passo abaixo para participar da brincadeira: 

1️⃣ Abra o vídeo; 
2️⃣ Toque na tela; 
3️⃣ E segure!

Em seguida, conte nos comentários se a vitória foi do Massa Bruta, do Timão ou empate!

➡️ É de graça! Acompanhe a transmissão digital do #PaulistãoNaRECORD, a partir das 18h30, em R7.com.
#PortalR7 #R7",9,"01/15/2026 11:26",https://www.instagram.com/reel/DTiwHMSkh1W/,"Reel do Instagram",,Total,268170,116284,4222,109,15,305,0
18093504182298884,17841401683210430,portalr7,"Portal R7","HOJE TEM TIMÃO! 🦅

Nesta quinta-feira (15), o Corinthians visita o RB Bragantino pela segunda rodada do Paulistão 2026, no Estádio Municipal Cicero De Souza Marques.

Você acompanha a transmissão ao vivo do confronto na tela da @sigarecord, no @portalr7 e no @recordplus às 19h30. 🤩🔥

➡️ Veja as principais notícias sobre o Campeonato Paulista 2026 em R7.com/esportes. O link está na bio.
#PortaIR7 #R7 #PaulistãoNaRECORD",0,"01/15/2026 11:21",https://www.instagram.com/p/DTivnotlcEz/,"Imagem do Instagram",,Total,1463860,678364,23467,774,19,118,0
18087606812035635,17841400074692954,paulistao,Paulistão,"Arbitragem escalada para a partida entre Red Bull Bragantino e Corinthians!
#EscalaDeArbitragem #PaulistãoCasasBahia",0,"01/15/2026 11:15",https://www.instagram.com/p/DTipy4dk4HO/,"Imagem do Instagram",,Total,21752,13035,342,12,0,9,7
18032579972569063,17841400074692954,paulistao,Paulistão,"O TRICOLOR JOGA EM CASA! 🇾🇪
O São Paulo vai receber o São Bernardo no primeiro jogo do ano no MorumBIS! #PaulistãoCasasBahia",0,"01/15/2026 11:00",https://www.instagram.com/p/DTioERBkkdA/,"Imagem do Instagram",,Total,46612,28184,1547,44,2,15,8
18215973658315164,17841404188980750,rafitiia,"Rafaela Silva","pelo que parece Lucas Moura será titular no jogo de hoje contra o São Bernardo! Acredito que o Lucas e outros jogadores como Calleri, Marcos Antônio e Luciano podem ser protagonistas e tirarem o São Paulo dessa situação! 

Apoio da torcida não faltará! vamo meu tricolor querido ♥️

 #CriadoresPaulistãoCasasBahia
#EmbaixadoresPaulistão2026 #paulistao #lucasmoura #saopaulo",64,"01/15/2026 10:31",https://www.instagram.com/reel/DTipnmmjqH4/,"Reel do Instagram",,Total,19253,12876,1484,12,5,45,0
17906331789336333,17841400074692954,paulistao,Paulistão,"Arbitragem escalada para a partida entre Botafogo e Noroeste!
#EscalaDeArbitragem #PaulistãoCasasBahia",0,"01/15/2026 10:30",https://www.instagram.com/p/DTikmxXkrxv/,"Imagem do Instagram",,Total,23839,13916,224,7,1,7,0
18092281217059695,17841400074692954,paulistao,Paulistão,"O CONTRA-ATAQUE PERFEITO DO PRIMAVERA!
#PaulistãoCasasBahia",0,"01/15/2026 10:20",https://www.instagram.com/p/DTiop1Tkakq/,"Carrossel do Instagram",,Total,40145,16663,1102,54,2,13,10
18084131609123808,17841400074692954,paulistao,Paulistão,"O @vellosogg estava ligado em cada movimento do primeiro Superclássico Casas Bahia entre Palmeiras e Santos!
#PaulistãoCasasBahia",70,"01/15/2026 10:03",https://www.instagram.com/reel/DTimhTvDlCE/,"Reel do Instagram",,Total,508928,385543,18551,264,191,187,296
18090041897003073,17841400074692954,paulistao,Paulistão,"O HOMEM TÁ NA ÁREA!
O Carlão voltou para comandar o ataque do Norusca! Será que hoje tem gol do camisa 9? 👀
#Noroeste #PaulistãoCasasBahia2026",0,"01/15/2026 09:55",https://www.instagram.com/p/DTilvECEsfT/,"Imagem do Instagram",,Total,44724,26490,406,9,0,8,5
18087321004870914,17841400074692954,paulistao,Paulistão,"Que beleza, @flacolopez_10 😮‍💨🌟
#PaulistãoCasasBahia #Palmeiras #ClássicoDaSaudade",12,"01/15/2026 09:33",https://www.instagram.com/reel/DTijFutgD2W/,"Reel do Instagram",,Total,252908,141339,7567,104,10,70,72
18069946649576464,17841400074692954,paulistao,Paulistão,"TEM JOGÃO! 🤩
O Red Bull Bragantino recebe o Corinthians no primeiro jogo em casa pelo #PaulistãoCasasBahia!",0,"01/15/2026 09:00",https://www.instagram.com/p/DTiaVpdEnC1/,"Imagem do Instagram",,Total,37597,22226,1190,37,0,11,10
18065389817224375,17841427660247984,porcaopalestrino,Porcão,"Dia de convite especial do Paulistão Casas Bahia e da FPF 👀⚽️
Fui viver de perto o Clássico da Saudade… e adivinha?
Deu Verdão! 💚🐷
Arquibancada em festa e vitória no campo:
Palmeiras 1 x 0 Santos

#paulistãocasasbahia #paulistao2026 #fpf #casasbahia",84,"01/15/2026 08:20",https://www.instagram.com/reel/DTia3TqjYxx/,"Reel do Instagram",,Total,17131,14758,843,14,10,46,0
18091780753794835,17841400074692954,paulistao,Paulistão,"PANTERA E NORUSCA SE ENFRENTAM! 🔥👀
Ribeirão Preto vai receber o primeiro confronto do dia e Botafogo e Noroeste vão em busca da sua primeira vitória no campeonato!
#PaulistãoCasasBahia",0,"01/15/2026 08:00",https://www.instagram.com/p/DTiTdGlEpnd/,"Imagem do Instagram",,Total,25955,15651,531,24,2,19,4
18087815138011375,17841400074692954,paulistao,Paulistão,"PARA PASSAR A RÉGUA!
Três jogos vão rolar nesta quinta-feira para o encerramento da segunda rodada do Paulistão Casas Bahia.
#PaulistãoCasasBahia2026",0,"01/15/2026 07:00",https://www.instagram.com/p/DTiRu94DEjb/,"Imagem do Instagram",,Total,35878,20476,894,46,3,12,10
18087493346103549,17841401936575450,obolhaa,"Allan Bernardo / Obolhaa","Ela me encontrou kkk

#futsal #fy",13,"01/15/2026 06:52",https://www.instagram.com/reel/DTiQnTGDtA2/,"Reel do Instagram",,Total,2690638,1357090,139007,8530,2044,742,0
18101204569657848,17841426196827383,copinha,Copinha,"PRÓXIMA FASE ON! 
Bora conferir o chaveamento da #CopinhaSIl atualizado 😍",0,"01/14/2026 19:13",https://www.instagram.com/p/DThAtg-DbJU/,"Imagem do Instagram",,Total,1496667,573701,46568,2300,494,407,496
18044316230503572,17841426196827383,copinha,Copinha,"VEM AÍ MAIS UMA!
Prepare-se para acompanhar os times que entram em campo hoje!
#CopinhaSil2026",0,"01/14/2026 19:05",https://www.instagram.com/p/DTg8Az4jSNb/,"Carrossel do Instagram",,Total,304865,106755,4570,186,18,71,70
18375109807080028,17841445393678421,veloclube1910,"Velo Clube","Se for um sonho por favor não me acorde 🤩",0,"01/14/2026 18:45",https://www.instagram.com/p/DTg9oqbjNXQ/,"Carrossel do Instagram",,Total,477955,173127,20110,356,63,181,0
18016985834802794,17841400074692954,paulistao,Paulistão,"Se a bola rolou no Paulistão Casas Bahia, tem tabela de classificação!
#PaulistãoCasasBahia",0,"01/14/2026 18:25",https://www.instagram.com/p/DTg7WJrkq5X/,"Imagem do Instagram",,Total,470290,273283,13732,1037,612,200,158
18105015544681866,17841400074692954,paulistao,Paulistão,"FALA, CRAQUE DO JOGO!
Marcelo, capitão do Velo marcou o gol da vitória e foi eleito o Craque do Jogo!
#PaulistãoCasasBahia #CraqueDoJogo #7KBet",49,"01/14/2026 18:23",https://www.instagram.com/reel/DTg7AcRisRs/,"Reel do Instagram",,Total,75620,53116,2367,26,4,18,22
18072512402379834,17841400074692954,paulistao,Paulistão,"ZAGUEIRO, ARTILHEIRO E CRAQUE DO JOGO!
QUE NOITE DO MARCELO!
#PaulistãoCasasBahia #CraqueDoJogo #7KBet
📷Alexandre Battibugli/Ag. Paulistão",0,"01/14/2026 18:18",https://www.instagram.com/p/DTg6j-2EkXG/,"Imagem do Instagram",,Total,25230,15938,412,18,3,16,1
18167840275378314,17841400074692954,paulistao,Paulistão,"Ponto final nesta quarta-feira de Paulistão Casas Bahia!
 #PaulistãoCasasBahia",0,"01/14/2026 18:12",https://www.instagram.com/p/DTg56qxEhxn/,"Imagem do Instagram",,Total,59831,39640,960,41,3,47,16
18131797273450892,17841400074692954,paulistao,Paulistão,"É O VELÃO VALENTE!
Velo Clube vence a primeira no Paulistão Casas Bahia 2026!
#PaulistãoCasasBahia
📷Alexandre Battibugli/Ag. Paulistão",0,"01/14/2026 18:10",https://www.instagram.com/p/DTg5nepEiy6/,"Carrossel do Instagram",,Total,56295,32763,853,89,3,27,4
18318330307216441,17841400074692954,paulistao,Paulistão,"FUNDAMENTAL!
Carlos Miguel salvou o Palmeiras no finzinho do jogo e ajudou o Verdão a garantir a vitória no Superclássico Casas Bahia!
#PaulistãoCasasBahia",12,"01/14/2026 17:55",https://www.instagram.com/reel/DTg30pTjUAC/,"Reel do Instagram",,Total,314756,198568,14982,420,197,145,98
18071349290614827,17841400074692954,paulistao,Paulistão,"QUE CATEGORIA, PAPAI! QUE INTIMIDADE DO RODRIGO SOUZA!
#PaulistãoCasasBahia",5,"01/14/2026 17:54",https://www.instagram.com/reel/DTg3wFfjKxU/,"Reel do Instagram",,Total,266368,134482,2932,96,3,53,34
18027195764787721,17841400074692954,paulistao,Paulistão,"💯x VERDÃO!
Com o 1 a 0 pra cima do Santos nesta quarta-feira, o Palmeiras chegou à 100ª vitória no Clássico da Saudade! Se liga nos números do duelo ao longo da história.
#PaulistãoCasasBahia",0,"01/14/2026 17:53",https://www.instagram.com/p/DTg3pwWD7Zr/,"Imagem do Instagram",,Total,97301,52512,4111,681,8,173,85
18120971341493672,17841400074692954,paulistao,Paulistão,"APITA O ÁRBITRO!
É ponto final na segunda rodada do Paulistão A2 Rivalo! Vamos aos resultados!
#PaulistãoA2Rivalo",0,"01/14/2026 17:44",https://www.instagram.com/p/DTg2mt0D6SR/,"Imagem do Instagram",,Total,77970,42714,1920,89,34,40,17
17911905240294871,17841400074692954,paulistao,Paulistão,"Fala, capitão! 🗣️ #PaulistãoCasasBahia #Palmeiras",18,"01/14/2026 17:40",https://www.instagram.com/reel/DTg2BDQDDvT/,"Reel do Instagram",,Total,58764,40986,8463,91,33,49,67
18034854899769529,17841400074692954,paulistao,Paulistão,"PRECISANDO DE GOLS?
É só chamar que as Crias da Academia garantem pro Verdão!
#PaulistãoCasasBahia",0,"01/14/2026 17:38",https://www.instagram.com/p/DTg19K6jtRf/,"Imagem do Instagram",,Total,16514,10154,316,1,0,0,5
17985120593776380,17841400074692954,paulistao,Paulistão,"QUE É ISSO, SERTÃOZINHO?! 🐂🔥
O Touro dos Canaviais tirou a noite pra fazer golaço! Se liga nesse do Dyego, que garantiu a vitória dos visitantes em Piracicaba!
#PaulistãoA2Rivalo
🎥Metropoles
📷Tiago Dias",27,"01/14/2026 17:24",https://www.instagram.com/reel/DTg0UiOk9fE/,"Reel do Instagram",,Total,87716,51668,1858,266,24,48,8
18008237294826737,17841400074692954,paulistao,Paulistão,"É DO VERDÃO!
O Palmeiras fica com o primeiro Superclássico Casas Bahia de 2026!
#PaulistãoCasasBahia",0,"01/14/2026 17:17",https://www.instagram.com/p/DTgzg4WjrP2/,"Imagem do Instagram",,Total,41279,25364,2685,106,3,19,31
18088104332040397,17841400074692954,paulistao,Paulistão,"A SELFIE DO CRAQUE! 🤳🏽🌟
No primeiro Superclássico Casas Bahia, @allanelias04 marcou e foi eleito o Craque do Jogo!
#PaulistãoCasasBahia #7KBet",0,"01/14/2026 17:15",https://www.instagram.com/p/DTgzTcRjDS5/,"Imagem do Instagram",,Total,40751,23376,6458,17,16,10,19
18099635773803989,17841400074692954,paulistao,Paulistão,"O PAULO BAYA É DIFERENCIADO! 
#PaulistãoCasasBahia",27,"01/14/2026 17:14",https://www.instagram.com/reel/DTgzFMcjJAm/,"Reel do Instagram",,Total,143057,99284,3331,423,19,78,34
17847599763666179,17841400074692954,paulistao,Paulistão,"CRIA DECISIVA!
Allan fez o gol que deu a vitória ao Palmeiras no clássico e foi eleito Craque do Jogo!
#PaulistãoCasasBahia #CraqueDoJogo #Bet7k",56,"01/14/2026 17:12",https://www.instagram.com/reel/DTgy3fRiVBN/,"Reel do Instagram",,Total,42959,28368,3192,17,9,14,25
18099210172855889,17841400074692954,paulistao,Paulistão,"ASSINA, CRIA! ✍️
#PaulistãoCasasBahia
📷Victor Monteiro e Diego Soares/Ag. Paulistão",0,"01/14/2026 17:12",https://www.instagram.com/p/DTgy-SSDIMc/,"Carrossel do Instagram",,Total,25940,12964,1179,14,0,3,7
18077278322598371,17841400074692954,paulistao,Paulistão,"É DA CRIA!
Autor do gol que garantiu a vitória do Verdão no Superclássico Casas Bahia, Allan foi escolhido pela galera como o #CraqueDoJogo!
#7KBet #PaulistãoCasasBahia 
📷Victor Monteiro/Ag. Paulistão",0,"01/14/2026 17:02",https://www.instagram.com/p/DTgx0ZklR9O/,"Imagem do Instagram",,Total,9233,6226,228,7,0,4,2
18001404758815675,17841400074692954,paulistao,Paulistão,"A PONTARIA DO PRIMAVERA ESTAVA AFIADA!
#PaulistãoCasasBahia #Opta",0,"01/14/2026 17:00",https://www.instagram.com/p/DTgxlALDdHL/,"Imagem do Instagram",,Total,43610,24282,872,1,1,4,7
18097682485716378,17841400074692954,paulistao,Paulistão,"VELO CLUBE NA FRENTE DO PLACAR!
#PaulistãoCasasBahia
📷Alexandre Battibugli/Ag. Paulistão",0,"01/14/2026 16:56",https://www.instagram.com/p/DTgxHELEud7/,"Imagem do Instagram",,Total,23094,14282,582,22,0,12,3
17906734452338206,17841400074692954,paulistao,Paulistão,"BRAZÃO CRESCEU E IMPEDIU O SEGUNDO DO PALMEIRAS!
Que defesa do goleiro do Santos no finalzinho do jogo!
#PaulistãoCasasBahia",17,"01/14/2026 16:53",https://www.instagram.com/reel/DTgwv-yD-eo/,"Reel do Instagram",,Total,55698,34593,983,78,1,64,11
17849348088659556,17841400074692954,paulistao,Paulistão,"UM FOGUETE!
Marcelo chegou chegando para marcar o primeiro do Velo Clube no Moisés Lucarelli!
#PaulistãoCasasBahia #Betano",17,"01/14/2026 16:47",https://www.instagram.com/reel/DTgwE7jgaRW/,"Reel do Instagram",,Total,78974,51478,1934,92,16,56,10
18061961255296165,17841400074692954,paulistao,Paulistão,"POVEDOWSKI DECIDE!
#PaulistãoCasasBahia",0,"01/14/2026 16:39",https://www.instagram.com/p/DTgvPjPkmnD/,"Imagem do Instagram",,Total,60759,36921,1500,76,9,22,16
18101517235834741,17841400074692954,paulistao,Paulistão,"AVANTI, PALESTRA!
O Palmeiras fica com ao vitória no Superclássico Casas Bahia!
#PaulistãoCasasBahia 
📷Diego Soares, Jhony Inácio e Victor Monteiro/Ag. Paulistão",0,"01/14/2026 16:36",https://www.instagram.com/p/DTgu1g3CTYa/,"Carrossel do Instagram",,Total,82045,45548,4713,329,10,62,40
17884319565327772,17841400074692954,paulistao,Paulistão,"UMA NOITE HISTÓRICA PARA O PRIMAVERA!
#PaulistãoCasasBahia",0,"01/14/2026 16:34",https://www.instagram.com/p/DTgupSYkmIw/,"Imagem do Instagram",,Total,26944,17677,691,25,3,7,11
18171101812376244,17841400074692954,paulistao,Paulistão,"NENHUM PASSE ERRADO! ✅
Allan foi certeiro na distribuição da bola no clássico, marcou o gol da partida e foi eleito o Craque do Jogo! Que partida da Cria da Academia 🔥😮‍💨
#PaulistãoCasasBahia #Opta #Palmeiras",0,"01/14/2026 16:34",https://www.instagram.com/p/DTguiwyjYN5/,"Imagem do Instagram",,Total,18495,10979,863,19,0,4,5
18092498089983715,17841400074692954,paulistao,Paulistão,"DEFESA ESPETACULAR DE VICTOR HUGO, DO PRIMAVERA!
#PaulistãoCasasBahia",11,"01/14/2026 16:32",https://www.instagram.com/reel/DTguVMsFULd/,"Reel do Instagram",,Total,74253,47110,1870,63,9,33,14
18154246129427280,17841400074692954,paulistao,Paulistão,"Com a palavra: Paulo Baya, craque do jogo!
#PaulistãoCasasBahia #Bet7k #CraqueDoJogo",74,"01/14/2026 16:26",https://www.instagram.com/reel/DTgtsj8D_SQ/,"Reel do Instagram",,Total,30277,21379,1556,35,4,20,10
18088644629017487,17841400074692954,paulistao,Paulistão,"Paulo Baya fez gol, jogou muito e foi eleito o Craque do jogo pela galera!
#PaulistãoCasasBahia #Bet7k #CraqueDoJogo
📷Rebeca Reis/Ag. Paulistão",0,"01/14/2026 16:20",https://www.instagram.com/p/DTgs_00EvhS/,"Imagem do Instagram",,Total,10481,6794,183,0,0,2,1
17932351914174199,17841400074692954,paulistao,Paulistão,"4️⃣0️⃣ -> 4️⃣2️⃣ -> 4️⃣0️⃣ -> ⚽💥
A sucessão de passes que levou ao gol do Palmeiras no Superclássico Casas Bahia!
#PaulistãoCasasBahia #Palmeiras",0,"01/14/2026 16:14",https://www.instagram.com/p/DTgsVIwjKK0/,"Carrossel do Instagram",,Total,22192,10669,655,11,0,17,7
18077202293366402,17841400074692954,paulistao,Paulistão,"MOMENTO HISTÓRICO PARA O PRIMAVERA!
A PRIMEIRA VITÓRIA EM CASA NA HISTÓRIA DO FANTASMA NO PAULISTÃO CASAS BAHIA!
#PaulistãoCasasBahia
📷Rebeca Reis/Ag. Paulistão",0,"01/14/2026 16:07",https://www.instagram.com/p/DTgrhxkEgbF/,"Carrossel do Instagram",,Total,239341,144392,5531,314,83,76,70
18104367481759618,17841400074692954,paulistao,Paulistão,"QUE CATEGORIA! 🔥
Pega só esse golaço que o São José anotou pra cima do Grêmio Prudente!
#PaulistãoA2Rivalo
🎥Divulgação/São José",15,"01/14/2026 16:04",https://www.instagram.com/reel/DTgrHlAjbV1/,"Reel do Instagram",,Total,23570,17498,602,56,4,20,5
17935933791138677,17841400074692954,paulistao,Paulistão,"DALI MESMO!
O goleirão do XV de Piracicaba errou na saída e o Prado não perdoou! GOLAÇO do Sertãozinho!
#PaulistãoA2Rivalo
🎥Metrópoles",38,"01/14/2026 15:55",https://www.instagram.com/reel/DTgqKNjglnZ/,"Reel do Instagram",,Total,182491,111229,4468,717,53,90,45
18061316324303589,17841400074692954,paulistao,Paulistão,"De Allan para Flaco, de Flaco para Allan ✨🐷⚽
#PaulistãoCasasBahia #Palmeiras",53,"01/14/2026 15:52",https://www.instagram.com/reel/DTgpvM9DT4B/,"Reel do Instagram",,Total,782964,553566,29498,2014,1206,226,257
18180531184369874,17841400074692954,paulistao,Paulistão,"VERDÃO NA FRENTE!
Fim do primeiro tempo no Superclássico Casas Bahia e o Palmeiras tem a vantagem sobre o Santos!
#PaulistãoCasasBahia
📷Jhony Inácio/Ag. Paulistão",0,"01/14/2026 15:38",https://www.instagram.com/p/DTgoPohkYhC/,"Carrossel do Instagram",,Total,31336,13850,1266,23,0,9,8
18086340362031291,17841400074692954,paulistao,Paulistão,"GIGANTE, CRIA!
Allan balançou a rede e garantiu a vantagem pro Verdão no primeiro tempo!
#PaulistãoCasasBahia",0,"01/14/2026 15:37",https://www.instagram.com/p/DTgoFIvGNq2/,"Imagem do Instagram",,Total,58950,32044,6325,14,10,6,19
18083411509913732,17841400074692954,paulistao,Paulistão,"DE PÉ EM PÉ ATÉ PAULO BAYA MARCAR O TERCEIRO DO PRIMAVERA! 
#PaulistãoCasasBahia #Betano",29,"01/14/2026 15:34",https://www.instagram.com/reel/DTgnneNjQ3p/,"Reel do Instagram",,Total,355125,263317,7451,543,81,178,102
18086846798031374,17841400074692954,paulistao,Paulistão,"🦍Hoje tem estreia da Macaca em casa no Paulistão Casas Bahia!
#PaulistãoCasasBahia
📷Alexandre Battibugli/Ag. Paulistão",0,"01/14/2026 15:26",https://www.instagram.com/p/DTgm1JAkqAy/,"Imagem do Instagram",,Total,33988,20852,527,10,0,3,1
18055268105375908,17841400074692954,paulistao,Paulistão,"A chegada do Peixão foi assim! ⚪️⚫️ #PaulistãoCasasBahia #Aurora #Santos",50,"01/14/2026 15:23",https://www.instagram.com/reel/DTgfD4lEmzZ/,"Reel do Instagram",,Total,16019,12405,483,0,5,1,9
17996158205887620,17841400074692954,paulistao,Paulistão,"VERDÃO NA FRENTE DO PLACAR NO CLÁSSICO!
Que entrosamento entre Flaco López e Allan para fazer o primeiro do Palmeiras em Barueri!
#PaulistãoCasasBahia #Betano",14,"01/14/2026 15:21",https://www.instagram.com/reel/DTgmMMvCrhx/,"Reel do Instagram",,Total,69010,45233,2463,229,4,36,40
18090905899995430,17841400738755454,baamaia,"Bárbara Maia 🧿","PALMEIRAS ABRE O PLACAR NO CLÁSSICO DA SAUDADE!

@allanelias04 deixa o dele em Barueri. 

#palmeiras #paulistao #EmbaixadoresPaulistao2026",25,"01/14/2026 15:20",https://www.instagram.com/reel/DTglwQWke6O/,"Reel do Instagram",,Total,100565,70004,4870,95,2,20,0
18069601478153230,17841400074692954,paulistao,Paulistão,"E ESSE CHAPÉU DO RIQUELME?! 🎩✨
Categoria de sobra para a Cria da Academia 😮‍💨
#PaulistãoCasasBahia #Dorflex #Palmeiras",16,"01/14/2026 15:09",https://www.instagram.com/reel/DTgkzpnApzs/,"Reel do Instagram",,Total,125911,85614,3301,111,6,31,39
18054978557382147,17841400074692954,paulistao,Paulistão,"GABRIEL POVEDA MARCOU UM GOL HISTÓRICO PARA O PRIMAVERA! 
#PaulistãoCasasBahia",0,"01/14/2026 15:05",https://www.instagram.com/p/DTgkfViDZR8/,"Imagem do Instagram",,Total,78517,48962,1345,29,3,15,14
18109586269654642,17841400074692954,paulistao,Paulistão,"INTERVALO DE JOGO E O FANTASMA ESTÁ NA FRENTE DO PLACAR!
#PaulistãoCasasBahia
📷Rebeca Reis/Ag. Paulistão",0,"01/14/2026 14:54",https://www.instagram.com/p/DTgjLmLErUA/,"Imagem do Instagram",,Total,60682,35893,1993,170,2,36,22
18121064668576846,17841455066317821,cazetv,CazéTV,"O PASSADO, PRESENTE E FUTURO DO SANTOS FUTEBOL CLUBE!

🚨ESTAMOS AO VIVO PARA PALMEIRAS X SANTOS!! VEM COM A GENTE!!

#Original #Santos #PaulistãoNoYouTube #PaulistãoNaCazéTV #TempoRealCazéTV",9,"01/14/2026 14:44",https://www.instagram.com/reel/DTgiAn2AtlD/,"Reel do Instagram",,Total,6547695,3191514,167343,1593,460,502,0
18091528858806315,17841400074692954,paulistao,Paulistão,"A defesa vacilou e o André Luis foi pra rede!
O primeiro tempo está animado, hein?!
#PaulistãoCasasBahia #Betano",24,"01/14/2026 14:44",https://www.instagram.com/reel/DTgh-RllDlz/,"Reel do Instagram",,Total,149129,90845,2240,234,12,47,50
17907034341163556,17841400074692954,paulistao,Paulistão,"É O SEGUNDO DO FANTASMA COM LIGGER!
QUE COMEÇO DE JOGO FOI ESSE?!
#PaulistãoCasasBahia #Betano",30,"01/14/2026 14:39",https://www.instagram.com/reel/DTghUOYjIUP/,"Reel do Instagram",,Total,74640,50665,2369,85,27,42,19
17860389384577070,17841401683210430,portalr7,"Portal R7","Como já é costume, a torcida do Palmeiras cantou seu hino nacional adaptado antes da bola rolar! 🟢🐷

➡️ Veja as principais notícias sobre o Campeonato Paulista 2026 em R7.com/esportes. O link está na bio.
#PortalR7 #R7 #PaulistãoNaRECORD",48,"01/14/2026 14:38",https://www.instagram.com/reel/DTghWbCD53X/,"Reel do Instagram",,Total,375205,277328,11631,3616,12,8796,0
17954406221922472,17841400074692954,paulistao,Paulistão,"FESTA EM INDAIATUBA!
GABRIEL POVEDA MARCA PELA PRIMEIRA VEZ NA HISTÓRIA DO PRIMAVERA EM CASA!
#PaulistãoCasasBahia #Betano",22,"01/14/2026 14:34",https://www.instagram.com/reel/DTgg2m0Cu4t/,"Reel do Instagram",,Total,810441,553539,26217,433,185,176,211
17859394659525531,17841400074692954,paulistao,Paulistão,"GABRIEL POVEDA MARCOU O PRIMEIRO GOL DO PRIMAVERA EM CASA NA HISTÓRIA DO PAULISTÃO CASAS BAHIA!
#PaulistãoCasasBahia
📷Rebeca Reis/Ag. Paulistão",0,"01/14/2026 14:27",https://www.instagram.com/p/DTggEiHkpsn/,"Imagem do Instagram",,Total,25304,15090,741,17,0,4,5
18141426481466237,17841400074692954,paulistao,Paulistão,"👍👍
#PaulistãoCasasBahia",0,"01/14/2026 14:25",https://www.instagram.com/p/DTgf3QlD-zv/,"Imagem do Instagram",,Total,17169,10497,1240,4,3,5,9
18419414458184656,17841400074692954,paulistao,Paulistão,"A Torcida que Canta e Vibra tá na área para o primeiro Superclássico Casas Bahia do ano!
#PaulistãoCasasBahia 
📷Jhony Inácio/Ag. Paulistão",0,"01/14/2026 14:17",https://www.instagram.com/p/DTgfAbJjxbV/,"Carrossel do Instagram",,Total,11198,5760,247,4,0,6,4
18075764627609572,17841405691679778,ecprimaveraoficial,"Primavera SAF","GOOOOOLLL HISTÓRICO DO FANTASMA 👻

De pênalti, Gabriel Poveda marca o primeiro gol da história do Primavera jogando no Gigante da Vila pelo @paulistao 

POVEDOWSKI NELES ⚽️ 

📸 @bigasfotografo | Primavera SAF 

#PrimaveraSAF #ECPrimavera #Paulistão",0,"01/14/2026 14:17",https://www.instagram.com/p/DTge7Cajtcn/,"Carrossel do Instagram",,Total,79771,38868,2171,34,8,49,0
17901173883205738,17841400074692954,paulistao,Paulistão,"Quando a sua mãe pede para você sorrir na homenagem para o seu pai…🤓😂
#PaulistãoCasasBahia",13,"01/14/2026 14:16",https://www.instagram.com/reel/DTgecvzknnS/,"Reel do Instagram",,Total,191036,123539,9434,103,24,57,139
17865639648550047,17841400074692954,paulistao,Paulistão,"VALEU, PAREDÃO! 👏
Tetracampeão do Paulistão Casas Bahia, o goleiro Weverton se despediu do Palmeiras nesta quarta-feira e foi homenageado pela diretoria do Verdão.
#PaulistãoCasasBahia
📷Diego Soares/Ag. Paulistão",0,"01/14/2026 14:14",https://www.instagram.com/p/DTgek81DWOM/,"Imagem do Instagram",,Total,41317,24214,710,4,0,3,7
18075946679353375,17841402951081289,ecsantoandre,"Esporte Clube Santo André","A nova camisa do Santo André resolveu dar uma voltinha para conhecer melhor o seu lar. 

O manto andreense passeou pelo Estádio Bruno José Daniel, explorando cada canto da casa do Ramalhão e reforçando a conexão entre história, identidade e paixão.

Patrocinadores:
@rededor_oficial
@autoshoppingglobal
@junpeuniformes
@calmybalsamo
@okazaki.sushi
@rivalobrasil
@aesasantoandre

#PraCimaRamalhão",15,"01/14/2026 14:13",https://www.instagram.com/reel/DTgecJfDwSh/,"Reel do Instagram",,Total,8084,6813,261,7,3,5,0
18050553341459249,17841400074692954,paulistao,Paulistão,"NAQUELE PIQUE!
O jogo se aproxima e o Verdão aumenta a intensidade do aquecimento!
#PaulistãoCasasBahia 
📷Jhony Inácio/Ag. Paulistão",0,"01/14/2026 14:13",https://www.instagram.com/p/DTgehe_gMnM/,"Carrossel do Instagram",,Total,30703,16867,1111,9,7,2,8
18075744974340616,17841400074692954,paulistao,Paulistão,"PAREDÃO ALVIVERDE HOMENAGEADO! 🧤
De saída do Palmeiras, Weverton recebeu uma homenagem antes do Superclássico Casas Bahia de logo mais. 
#PaulistãoCasasBahia",50,"01/14/2026 14:09",https://www.instagram.com/reel/DTgdSNrkmgQ/,"Reel do Instagram",,Total,85615,61475,2857,64,1,50,49
18393012073183447,17841400074692954,paulistao,Paulistão,"PEIXÃO AQUECE!
O Santos trabalha no gramado da Arena Crefisa Barueri! Tá chegando a hora do Superclássico Casas Bahia!
#PaulistãoCasasBahia
📷Diego Soares/Ag. Paulistão",0,"01/14/2026 14:05",https://www.instagram.com/p/DTgdmqBkq39/,"Carrossel do Instagram",,Total,21997,11326,1338,5,1,5,8
18111351787729482,17841400738755454,baamaia,"Bárbara Maia 🧿","PRA SEMPRE NA HISTÓRIA! 🧤

Antes de Palmeiras x Santos, em Barueri, o Verdão homenageou Weverton, que se despede oficialmente do clube. O goleiro, que marcou sua história com a camisa alviverde, está de saída para o Grêmio e não atuará mais pelo Palmeiras.

#weverton #palmeiras #despedida #barueri",95,"01/14/2026 14:01",https://www.instagram.com/reel/DTgcRxTERo1/,"Reel do Instagram",,Total,76508,52464,5369,147,18,82,0
18109909039633352,17841400074692954,paulistao,Paulistão,"OLHO NELA! 🪙👀
A moeda do Superclássico Casas Bahia vai decidir qual será a bola da vez para receber aquele super desconto! Fica ligadinho pra saber o que vem por aí!
#PaulistãoCasasBahia
📷Victor Monteiro/Ag. Paulistão",0,"01/14/2026 13:59",https://www.instagram.com/p/DTgc8SPElOu/,"Carrossel do Instagram",,Total,64615,29225,797,87,1,89,12
17906226303323983,17841455066317821,cazetv,CazéTV,"O WEVERTON É GIGANTE DEMAIS! HOMENAGEM MAIS QUE MERECIDA! 

🚨A CAZÉTV ESTÁ AO VIVO PARA O JOGAÇO ENTRE PALMEIRAS X SANTOS! VEM COM A GENTE!

#Original #Palmeiras #Santos #CoberturaCazéTV #PaulistãoNaCazéTV #PaulistãoNoYouTube",10,"01/14/2026 13:59",https://www.instagram.com/reel/DTgc2vSDHmX/,"Reel do Instagram",,Total,1840058,1056973,95641,970,41,558,0
18110476081629120,17841400074692954,paulistao,Paulistão,"⚽️✅
#PaulistãoCasasBahia
📷Victor Monteiro/Ag.Paulistão",0,"01/14/2026 13:58",https://www.instagram.com/p/DTgcziwkowP/,"Carrossel do Instagram",,Total,9196,4635,257,1,0,1,4
18069174836161503,17841400074692954,paulistao,Paulistão,"Aquecimento finalizado! A bola vai rolar para Primavera e Mirassol!
#PaulistãoCasasBahia
📷Rebeca Reis/Ag. Paulistão",0,"01/14/2026 13:56",https://www.instagram.com/p/DTgclsnkg5m/,"Carrossel do Instagram",,Total,10685,5602,194,0,0,1,0
18080665934260968,17841400074692954,paulistao,Paulistão,"POV: Você estava acompanhando a chegada do Verdão na Arena Barueri! 🐷
#PaulistãoCasasBahia #Aurora #Palmeiras",59,"01/14/2026 13:51",https://www.instagram.com/reel/DTgbwMMEjTs/,"Reel do Instagram",,Total,74764,59306,3131,40,21,26,46
17869585281438062,17841400074692954,paulistao,Paulistão,"👻👻FANTASMA NA ÁREA!
#PaulistãoCasasBahia #CasasBahia
📷Rebeca Reis/Ag. Paulistão",0,"01/14/2026 13:39",https://www.instagram.com/p/DTgao_xkg8i/,"Carrossel do Instagram",,Total,59379,36012,1072,20,1,11,1
18058130843670998,17841400074692954,paulistao,Paulistão,"OS PRESIDAS!
Leila Pereira, Presidente do Palmeiras, e Marcelo Teixeira, Presidente do Santos, também já chegaram para acompanhar o Superclássico Casas Bahia de pertinho!
#PaulistãoCasasBahia
📷Jhony Inácio/Ag. Paulistão",0,"01/14/2026 13:29",https://www.instagram.com/p/DTgZfe7kjwN/,"Carrossel do Instagram",,Total,27741,13373,727,4,0,9,3
17935314444118825,17841400074692954,paulistao,Paulistão,"UM DIA HISTÓRICO PARA O PRIMAVERA!
A equipe de Indaiatuba vai jogar em casa pela primeira vez na história do Paulistão Casas Bahia!
#PaulistãoCasasBahia
📷Rebeca Reis/Ag. Paulistão",0,"01/14/2026 13:26",https://www.instagram.com/p/DTgZLCiElU_/,"Carrossel do Instagram",,Total,32067,15948,1488,52,34,16,8
18343132654225479,17841400074692954,paulistao,Paulistão,"TIMES NA ÁREA!
Palmeiras e Santos já estão na Arena Crefisa Barueri! 
É dia de Superclássico Casas Bahia!
#PaulistãoCasasBahia
📷Jhony Inácio e Diego Soares/Ag. Paulistão",0,"01/14/2026 13:24",https://www.instagram.com/p/DTgY2TTkmVr/,"Carrossel do Instagram",,Total,26706,12181,1237,28,1,5,15
18079059179007829,17841400074692954,paulistao,Paulistão,"ÉS O TEMÍVEL FANTASMA! É DIA DE JOGÃO EM INDAIATUBA!
#PaulistãoCasasBahia
📷Rebeca Reis/Ag. Paulistão",0,"01/14/2026 13:23",https://www.instagram.com/p/DTgYvJzEngQ/,"Imagem do Instagram",,Total,20269,11905,660,3,4,1,2
18091599988954127,17841400074692954,paulistao,Paulistão,"CLÁSSICO DA SAUDADE!
Chegou a hora do primeiro Superclássico Casas Bahia de 2026! Já já a bola vai rolar para Palmeiras e Santos!
#PaulistãoCasasBahia
📷Jhony Inácio e Diego Soares/Ag. Paulistão",0,"01/14/2026 13:16",https://www.instagram.com/p/DTgX_jrEphT/,"Carrossel do Instagram",,Total,27027,13762,1278,33,2,7,12
17976028283958974,17841400074692954,paulistao,Paulistão,"DIRETAMENTE DE CAMPINAS!
É dia de Ponte Preta e Velo Clube se enfrentarem no Paulistão Casas Bahia. Quem vai sair com a vitória, torcedor?
#PaulistãoCasasBahia2026",0,"01/14/2026 13:00",https://www.instagram.com/p/DTgRAsnjxUN/,"Imagem do Instagram",,Total,26721,15335,684,16,1,11,4
17845057791670256,17841400074692954,paulistao,Paulistão,"VAMOS PARA O 200º ENCONTRO!
Palmeiras e Santos farão o jogo de número 200 pelo Maior Campeonato do Primeiro Semestre. Vem conferir um pouco desse histórico 👀🔢
#PaulistãoCasasBahia2026",0,"01/14/2026 12:45",https://www.instagram.com/p/DTgP4RkExi7/,"Carrossel do Instagram",,Total,25189,12210,745,49,0,18,8
18052067849422682,17841400074692954,paulistao,Paulistão,"🏆👨‍🏫⚽ ELES CONHECEM BEM O FUTEBOL PAULISTA!
Neste Dia do Treinador de Futebol, deixamos aqui uma homenagem aos técnicos do Paulistão Casas Bahia que foram campeões no Futebol Paulista!
#PaulistãoCasasBahia",0,"01/14/2026 12:25",https://www.instagram.com/p/DTgSJeXEo2k/,"Carrossel do Instagram",,Total,80626,28413,1922,17,1,6,31
18109888738564932,17841400074692954,paulistao,Paulistão,"EM BUSCA DA CENTÉSIMA VITÓRIA! 💯🌟
O Palmeiras tem 99 triunfos em confrontos contra o Santos no Paulistão Casas Bahia. Será que a vitória de número 100 vem hoje? 👀
#PaulistãoCasasBahia",0,"01/14/2026 12:20",https://www.instagram.com/p/DTgP2XDk1P5/,"Carrossel do Instagram",,Total,19066,8492,820,7,0,2,9
18051057233452347,17841400074692954,paulistao,Paulistão,"PARA COMEÇAR O DIA!
O Primavera e o Mirassol fazem o primeiro jogo desta quarta-feira no #PaulistãoCasasBahia2026. Quem vai levar a melhor?",0,"01/14/2026 12:17",https://www.instagram.com/p/DTgRMd_koYj/,"Imagem do Instagram",,Total,31772,19043,802,25,4,11,6
18098670643880741,17841400074692954,paulistao,Paulistão,"MENINO DA VILA, SANTISTA E CRUEL NOS CLÁSSICOS! 👀⚽
O Palmeiras foi a equipe que mais tomou gol do camisa 9 do Peixão. E hoje, será que vem mais um gol do Gabriel? 
#PaulistãoCasasBahia",0,"01/14/2026 12:00",https://www.instagram.com/p/DTgKsCBDxX4/,"Carrossel do Instagram",,Total,72968,35939,2076,43,0,34,31
18009654398666444,17841400074692954,paulistao,Paulistão,"O CRAQUE DA 1ª RODADA DO PAULISTÃO A2 RIVALO!
Gabriel Félix fechou o gol e foi eleito com 54% dos votos no Instagram do @paulistao! 
#CraqueDaRodada #PaulistãoA2Rivalo",0,"01/14/2026 12:00",https://www.instagram.com/p/DTgPP7fkvvR/,"Imagem do Instagram",,Total,22046,13209,234,14,3,9,1
18091710506300113,17841400074692954,paulistao,Paulistão,"DE UM LADO PARA O OUTRO, DA DEFESA AO ATAQUE!
A jogada trabalhada do Novorizontino no gol de Robson!
#PaulistãoCasasBahia #Opta",0,"01/14/2026 11:34",https://www.instagram.com/p/DTgMXXdEUyM/,"Carrossel do Instagram",,Total,22972,9696,378,9,0,4,2
17990816171864629,17841400731577742,yasmingzrn,Yasmin,"Legal né?! Vocês sabiam disso?

#futebol #palmeiras #santos #paulistao #embaixadorespaulistão2026",81,"01/14/2026 11:30",https://www.instagram.com/reel/DTgL4zXkRXR/,"Reel do Instagram",,Total,8610,6356,270,2,4,10,0
18282488542303291,17841401683210430,portalr7,"Portal R7","Nesta quarta (14), você acompanha as emoções de Palmeiras e Santos pelo Paulistão, e o R7 quer saber: qual será o placar do Clássico da Saudade? Siga o passo a passo abaixo para participar da brincadeira: 

1️⃣ Abra o vídeo; 
2️⃣ Toque na tela; 
3️⃣ E segure!

Em seguida, conte nos comentários se a vitória foi do Verdão, do Peixe ou empate!

➡️ É de graça! Acompanhe a transmissão digital do #PaulistãoNaRECORD, a partir das 18h30, em R7.com.
#PortalR7 #R7",9,"01/14/2026 11:08",https://www.instagram.com/reel/DTgJHXagGpu/,"Reel do Instagram",,Total,256397,119929,4260,308,18,406,0
18102650239795061,17841400074692954,paulistao,Paulistão,"Arbitragem escalada para a partida entre Ponte Preta e Velo Clube!
#EscalaDeArbitragem #PaulistãoCasasBahia",0,"01/14/2026 11:00",https://www.instagram.com/p/DTgDRosE75i/,"Imagem do Instagram",,Total,23402,13418,233,21,3,4,2
18000951899843346,17841400074692954,paulistao,Paulistão,"CLÁSSICO DA SAUDADE♟️
No campo ou no tabuleiro, cada movimento conta no Superclássico Casas Bahia. Quem vence esse duelo? #PaulistãoCasasBahia 
#SuperclássicoCasasBahia",0,"01/14/2026 10:35",https://www.instagram.com/p/DTgFg03Eaww/,"Imagem do Instagram",,Total,37527,22676,815,21,2,15,9
17955030747060038,17841402375918026,capivariano,"Capivariano F.C. SAF","𝑶 𝒈𝒐𝒍 𝒅𝒂 𝒗𝒊𝒕ó𝒓𝒊𝒂! ✅⚽️

@danielzinn_99 apareceu dentro da pequena área, aproveitou ótimo cruzamento de @cassiogabriel92 e marcou o gol da vitória do Leão 🦁 

VAMOS LEÃO, ATÉ O FIM! 🔴⚪️

#capivariano",22,"01/13/2026 19:09",https://www.instagram.com/reel/DTebUT0jDiB/,"Reel do Instagram","Ocorreu um erro ao computar métricas.",-,,,,,,,
18126164020532999,17841401683210430,portalr7,"Portal R7","Recém-contratado, o volante Marlon Freitas chegou com tudo no Palmeiras 🐷🟢 O que você achou do primeiro jogo dele? Conte nos comentários!

➡️ Veja as principais notícias sobre o Campeonato Paulista 2026 em R7.com/esportes. O link está na bio.
#PortalR7 #R7 #PaulistãoNaRECORD",118,"01/12/2026 15:10",https://www.instagram.com/reel/DTbbLJ2Fq5M/,"Reel do Instagram","Ocorreu um erro ao computar métricas.",-,,,,,,,
18069102623621159,17841401683210430,portalr7,"Portal R7","Mirassol começou bem no Paulistão 2026, vencendo de 3 a 0 em partida contra o São Paulo!

➡️ Assista à íntegra da transmissão do #PaulistãoNaRECORD em R7.com.

#PortalR7 #R7 #PubliPaulistão #DesimpedidosNoR7
Oferecimento: @bet365BR, @magalu, @perdigaooficial e @picpay",106,"01/11/2026 18:31",https://www.instagram.com/reel/DTZNm7MjnNl/,"Reel do Instagram","Ocorreu um erro ao computar métricas.",-,,,,,,,
17938138455137400,17841401732080353,rodrigoha,"Rodrigo Capita ©️","@brenobidon brincou aqui 😂😂😂😂😂",15,"01/11/2026 16:47",https://www.instagram.com/reel/DTZBtWyDaAX/,"Reel do Instagram","Ocorreu um erro ao computar métricas.",-,,,,,,,
17856052668547229,17841400861993763,matheusgonze1,"Matheus Gonze","“SE FALAR QUE O GOL FOI DO BIDU FUDE%” @brenobidon 😂😂😂😂😂😂",48,"01/11/2026 16:29",https://www.instagram.com/reel/DTY_o9IjxGm/,"Reel do Instagram","Ocorreu um erro ao computar métricas.",-,,,,,,,
18549895093055317,17841401683210430,portalr7,"Portal R7","Alesson cruza, Alan Franco desvia, e o Mirassol abre 2 a 0 contra o São Paulo ⚽🔥

➡️ Assista ao #PaulistãoNaRECORD em R7.com, RecordPlus.com e nas redes sociais.
#PortalR7 #R7 #DesimpedidosNoR7",27,"01/11/2026 16:24",https://www.instagram.com/reel/DTY_CoSlhMl/,"Reel do Instagram","Ocorreu um erro ao computar métricas.",-,,,,,,,
18373944640087824,17841455066317821,cazetv,CazéTV,"O JHON JHON TENTOU DEMAIS E, NO FINALZINHO DO JOGO, O GOL FINALMENTE VEIO! 🤩🤩

#PaulistãoNaCazéTV #TempoRealCazéTV #RedBullBragantino #VideoPatrocinado #PagBank",19,"01/11/2026 15:32",https://www.instagram.com/reel/DTY5GXjDaAD/,"Reel do Instagram","Ocorreu um erro ao computar métricas.",-,,,,,,,
18033560522775129,17841400861993763,matheusgonze1,"Matheus Gonze","DE QUEM FOI O GOL?? 😂😂😂😂😂",23,"01/11/2026 14:15",https://www.instagram.com/reel/DTYv6d4D6yB/,"Reel do Instagram","Ocorreu um erro ao computar métricas.",-,,,,,,,
18075564836458731,17841400731577742,yasmingzrn,Yasmin,"Pós jogo Corinthians 3 x 0 Ponte Preta!

#futebol #paulistao #corinthians #pontepreta",78,"01/11/2026 13:20",https://www.instagram.com/reel/DTYpaVskqBN/,"Reel do Instagram","Ocorreu um erro ao computar métricas.",-,,,,,,,
18122762569562539,17841455066317821,cazetv,CazéTV,"André Ramalho quer o título de gol mais bonito do Paulistão 2026. É isso. 😱😱😱😱

#TempoRealCazéTV #PaulistãoNaCazéTV #PaulistãoNoYouTube #VideoPatrocinado #LATAM",41,"01/11/2026 13:17",https://www.instagram.com/reel/DTYpoUBEV3_/,"Reel do Instagram","Ocorreu um erro ao computar métricas.",-,,,,,,,
18114584572610925,17841455066317821,cazetv,CazéTV,"ANO NOVO, VIDA NOVA??? MAAAAIS OU MENOS! 😂🤪 GUSTAVO HENRIQUE SEGUE MARCANDO E SENDO DECISIVO QUANDO O CORINTHIANS PRECISA! 🦅🫡 O ZAGUEIRO QUE MAIS GOSTA DE MARCAR GOL, NÃO TEM JEITO! 

A Ponte Preta já tava em alerta com lances como esse, mas o Timão foi lá, fez a jogada ensaiada e marcou o gol! 

#TempoRealCazéTV #PaulistãoNaCazéTV #PaulistãoNoYouTube #VideoPatrocinado #bet365",56,"01/11/2026 12:41",https://www.instagram.com/reel/DTYlYxhEbJH/,"Reel do Instagram","Ocorreu um erro ao computar métricas.",-,,,,,,,
18108269110648918,17841400074692954,paulistao,Paulistão,"TÁ NA REDE!
Gustavo Henrique anota o primeiro do Timão no Paulistão Casas Bahia 2026!
#PaulistãoCasasBahia #Betano",19,"01/11/2026 12:37",https://www.instagram.com/reel/DTYlE4wj4nP/,"Reel do Instagram",,Total,29994,22996,935,13,0,4,5
18087994454015108,17841400074692954,paulistao,Paulistão,"AQUELA PONTINHA DE SORTE!
André nem precisou fazer esforço pra mandar a bola pro fundo do gol! É o segundo do Corinthians!
#PaulsitãoCasasBahia #Betano",62,"01/11/2026 12:41",https://www.instagram.com/reel/DTYllmZEkNV/,"Reel do Instagram",,Total,71521,47847,2652,25,3,9,19
17892284388400083,17841455066317821,cazetv,CazéTV,"📍 no lugar certo, na hora certa

MEIO SEM QUERER, MAS TAMBÉM TÁ VALENDO... 😂😂😂 E, digamos que foi um gol PICA, né? HAHAHAHAH O IMPORTANTE É MARCAR! 

#TempoRealCazéTV #PaulistãoNaCazéTV #PaulistãoNoYouTube #VideoPatrocinado #Pagbank",58,"01/11/2026 12:43",https://www.instagram.com/reel/DTYlun2EeUy/,"Reel do Instagram",,Total,1486008,822917,22593,494,13,232,0
17957207877058474,17841400861993763,matheusgonze1,"Matheus Gonze","Imagina a alegria desse menino, goleiro, de entrar com o Hugo Souza num jogo do Corinthians! E ainda conseguiu um autógrafo… NUNCA SERÁ SÓ FUTEBOL!",32,"01/11/2026 12:44",https://www.instagram.com/reel/DTYlwWtD1MZ/,"Reel do Instagram",,Total,8373865,4749434,539779,12808,4226,2238,0
18336094069214133,17841400074692954,paulistao,Paulistão,"Que isso, hein, @lucasduni_09! 😮‍💨🤌 #PaulistãoCasasBahia",14,"01/11/2026 12:52",https://www.instagram.com/reel/DTYmv2kEnhf/,"Reel do Instagram",,Total,83053,53372,500,34,2,36,3
18091840097479210,17841400074692954,paulistao,Paulistão,"PRIMEIROS 45 MINUTOS! ✅
Por enquanto, nada de gols pra Velo Clube e Botafogo! #PaulistãoCasasBahia #CasasBahia
📷 Alexandre Battibugli/Ag. Paulistão",0,"01/11/2026 12:57",https://www.instagram.com/p/DTYnSBwkhtN/,"Imagem do Instagram",,Total,14620,7404,201,2,0,4,0
18382961272159660,17841400074692954,paulistao,Paulistão,"QUE PANCADA! QUE GOLAÇO DO ANDRÉ RAMALHO! 
#PaulistãoCasasBahia",10,"01/11/2026 13:00",https://www.instagram.com/reel/DTYnXDUErqE/,"Reel do Instagram",,Total,130113,81886,5853,337,55,42,56
17894924526388710,17841400074692954,paulistao,Paulistão,"PRA FECHAR COM CHAVE DE OURO! 🗝️
O Maião vai ficar pequeno com o jogaço entre Mirassol e São Paulo, que encerra a primeira rodada do Paulistão Casas Bahia 2026!
#PaulistãoCasasBahia",0,"01/11/2026 13:00",https://www.instagram.com/p/DTYimn_D1i6/,"Imagem do Instagram",,Total,26703,15150,403,19,1,3,6
17997906509719723,17841400074692954,paulistao,Paulistão,"COM TUDO!
O Corinthians soma os três primeiros pontos no Paulistão Casas Bahia!
#PaulistaoCasasBahia 
📷Guilherme Veiga/Ag. Paulistão",0,"01/11/2026 13:08",https://www.instagram.com/p/DTYovkjEvFh/,"Carrossel do Instagram",,Total,105336,62806,5842,428,17,39,36
18088612631006663,17841400074692954,paulistao,Paulistão,"O CRAQUE DA FIEL! 😝 #PaulistãoCasasBahia",0,"01/11/2026 13:10",https://www.instagram.com/p/DTYo4xqEiY3/,"Imagem do Instagram",,Total,165714,92634,21609,91,52,85,62
18176541199369688,17841400074692954,paulistao,Paulistão,"AAAAAAAAIIIIIIIIIIIII! 🔥
André Ramalho, meu amigo! Que gol foi esse?!
#PaulistãoCasasBahia #Betano",65,"01/11/2026 13:13",https://www.instagram.com/reel/DTYpKsuggtt/,"Reel do Instagram",,Total,66863,44524,4622,309,13,45,37
18055085309377648,17841400074692954,paulistao,Paulistão,"É DELE!
Com uma atuação sólida e uma bola na rede, Gustavo Henrique foi escolhido pela galera como o #CraqueDoJogo 7K Bet!
#7KBet #PaulistãoCasasBahia
📷Guilherme Veiga/Ag. Paulistão",0,"01/11/2026 13:14",https://www.instagram.com/p/DTYpaOpkhEw/,"Imagem do Instagram",,Total,18382,11179,930,13,1,15,5
18047886404488429,17841400074692954,paulistao,Paulistão,"ACOSTUMADO A VOAR! 🪂
Se tem gol do Timão pelo alto, o Gustavo Henrique estará lá!
#PaulistãoCasasBahia",0,"01/11/2026 13:15",https://www.instagram.com/p/DTYphCVkrg5/,"Imagem do Instagram",,Total,48733,28081,4706,48,5,30,29
18084327908173642,17841400074692954,paulistao,Paulistão,"DOMINGO NO MAIÃO!
Tá chegando a hora de Mirassol e São Paulo!
#PaulistaoCasasBahia #CasasBahia
📷Pedro Zacchi/Ag. Paulistão",0,"01/11/2026 13:39",https://www.instagram.com/p/DTYsQTEEjF6/,"Carrossel do Instagram",,Total,17578,7303,344,3,0,1,3
18122401066483360,17841400074692954,paulistao,Paulistão,"REACT AO VIVO? 
Temos também! Se liga na reação do Lounge do Paulistão Casas Bahia com os gols do Corinthians 👀
#CriadoresPaulistãoCasasBahia",38,"01/11/2026 13:43",https://www.instagram.com/reel/DTYsSJxEjLQ/,"Reel do Instagram",,Total,82239,57690,4780,40,10,19,26
18010664492819312,17841400074692954,paulistao,Paulistão,"QUE PANCADA E QUE CHANCE DO VELO! 🔥 #PaulistãoCasasBahia",13,"01/11/2026 13:44",https://www.instagram.com/reel/DTYssxojCs9/,"Reel do Instagram",,Total,46139,31414,770,68,12,17,6
18069514694418432,17841400074692954,paulistao,Paulistão,"Zagueiro artilheiro e #CraqueDoJogo pro @ghenrique093! 🏆🔥 #PaulistãoCasasBahia #7kbet",12,"01/11/2026 13:50",https://www.instagram.com/reel/DTYtZSwCgfw/,"Reel do Instagram",,Total,30192,22147,1296,4,2,7,10
18061465781288851,17841400074692954,paulistao,Paulistão,"FELIPÓN 🤝 PAULISTÓN
Reconheceu essa voz? Kiyomi Fujiwara, jornalista japonesa, marcou presença pela primeira vez no Paulistão Casas Bahia!
#PaulistãoCasasBahia",16,"01/11/2026 13:51",https://www.instagram.com/reel/DTYtAEkEmp7/,"Reel do Instagram",,Total,71417,52349,2064,59,25,49,32
18149159134445923,17841400074692954,paulistao,Paulistão,"ESTREIA COM GOLAAAAÇO! 🥵
Que pintura ABSURDA do @ramalho92! Gol de quem sabe, tá? 🔥 #PaulistãoCasasBahia",12,"01/11/2026 14:03",https://www.instagram.com/reel/DTYu4c5iScJ/,"Reel do Instagram",,Total,63546,40310,4677,299,17,27,50
18069835478414433,17841400074692954,paulistao,Paulistão,"Empate sem gols nas estreias de Velo Clube e Botafogo! 🤝 #PaulistãoCasasBahia #CasasBahia
📷 Alexandre Battibugli/Ag. Paulistão",0,"01/11/2026 14:08",https://www.instagram.com/p/DTYvhlwDvL2/,"Carrossel do Instagram",,Total,27565,13438,553,25,2,11,3
18131645461498868,17841400074692954,paulistao,Paulistão,"PLACAR EM BRANCO!
A rede ainda não balançou no Alfredão.
#PaulistãoCasasBahia
📷 Douglas Moreti/Ag. Paulistão",0,"01/11/2026 14:11",https://www.instagram.com/p/DTYv7RFDZK3/,"Imagem do Instagram",,Total,17218,9834,224,3,0,2,1
17880146550447784,17841400074692954,paulistao,Paulistão,"TIMES NA ÁREA!
Mirassol e São Paulo já estão no Maião pro jogo de logo mais!
#PaulsitãoCasasBahia
📷Pedro Zacchi/Ag. Paulsitão",0,"01/11/2026 14:18",https://www.instagram.com/p/DTYwwWsDxod/,"Carrossel do Instagram",,Total,66525,39925,1042,5,2,2,10
18099598096853389,17841401381444467,frasescoringao,FrasesCoringão,"😳😳😳
Jacaré fala sobre a ida de ÔNIBUS para o Rio de Janeiro na final da Copa do Brasil. 

História absurda! 🔥🔥

#CriadoresPaulistaoCasasBahia",159,"01/11/2026 14:27",https://www.instagram.com/reel/DTYxkhrD5E6/,"Reel do Instagram",,Total,1338404,904809,206042,17389,891,3899,0
18118677118563137,17841400074692954,paulistao,Paulistão,"Goleirão fechou o gol e levou o troféu de #CraqueDoJogo pra casa! 🏆👏 #PaulistãoCasasBahia #7kbet
📷 Alexandre Battibugli/Ag. Paulistão",0,"01/11/2026 14:46",https://www.instagram.com/p/DTYz2lmkvCo/,"Imagem do Instagram",,Total,33356,17599,439,30,2,17,1
17946041535086209,17841400074692954,paulistao,Paulistão,"Fala, craque! 🗣️🏆 #CraqueDoJogo #PaulistãoCasasBahia #7kbet",61,"01/11/2026 15:03",https://www.instagram.com/reel/DTY1wtCDIYu/,"Reel do Instagram",,Total,129865,93868,19908,56,262,46,123
17908075413318252,17841400074692954,paulistao,Paulistão,"ISSO É BRENO BIDON. 🔥😮‍💨 #PaulistãoCasasBahia",21,"01/11/2026 15:23",https://www.instagram.com/reel/DTY3_SsEfhe/,"Reel do Instagram",,Total,375608,224511,33263,4295,159,618,703
18331662277242275,17841400074692954,paulistao,Paulistão,"VITÓRIA BRAGANTINA!
O Massa Bruta soma os três primeiros pontos no Paulistão Casas Bahia 2025!
#PaulistãoCasasBahia 
📷 Douglas Moreti/Ag. Paulistão",0,"01/11/2026 15:26",https://www.instagram.com/p/DTY4iQWjl3b/,"Carrossel do Instagram",,Total,25465,12859,500,19,1,10,3
17852248788614074,17841400074692954,paulistao,Paulistão,"TÁ LÁ!
Jhon Jhon aparece no meio da marcação e anota o gol da vitória para o Red Bull Bragantino!
#PaulistãoCasasBahia #Betano",29,"01/11/2026 15:28",https://www.instagram.com/reel/DTY4r-OgDR3/,"Reel do Instagram",,Total,26437,18579,417,7,0,3,2
18052080797433736,17841400074692954,paulistao,Paulistão,"FALA DELE!
Autor do gol da vitória do Red Bull Bragantino, Jhon Jhon foi o #CraqueDoJogo!
#PaulistãoCasasBahia #7kbet
📷 Douglas Moreti/Ag. Paulistão",0,"01/11/2026 15:42",https://www.instagram.com/p/DTY6QyaDVbV/,"Imagem do Instagram",,Total,17524,10280,170,7,0,2,0
18161099023368611,17841400074692954,paulistao,Paulistão,"20 anos e MUITA categoria! 7️⃣🥵 #PaulistãoCasasBahia",21,"01/11/2026 15:46",https://www.instagram.com/reel/DTY6oEfkmk5/,"Reel do Instagram",,Total,1348295,923818,75889,7151,1257,792,1151
17892166680264472,17841400074692954,paulistao,Paulistão,"O CAMINHO DO GOL!
Bora rever a bola na rede que garantiu os três pontos pro Massa Bruta? Então vem com o Jhon Jhon!
#PaulistãoCasasBahia #7KBet #CraqueDoJogo",39,"01/11/2026 15:54",https://www.instagram.com/reel/DTY7mfAlTHV/,"Reel do Instagram",,Total,16111,12508,280,2,2,3,1
17858679963591125,17841400074692954,paulistao,Paulistão,"Terminou 2025 e começou 2026 no MODO PRIME! 🤣 Tá inspirado, né, @brenobidon? 🔥 #PaulistãoCasasBahia",21,"01/11/2026 15:58",https://www.instagram.com/reel/DTY8Afdjd0W/,"Reel do Instagram",,Total,368152,226073,26474,2429,74,367,440
18188282560352655,17841400074692954,paulistao,Paulistão,"ARRASADOR!
O Mirassol não para! Tem mais gol no Maião!
#PaulistãoCasasBahia #Betano",13,"01/11/2026 16:02",https://www.instagram.com/reel/DTY8hAikXJG/,"Reel do Instagram",,Total,58474,41022,1270,105,7,38,10
18081269203949879,17841400074692954,paulistao,Paulistão,"DEPOIS DE 1 ANO E 4 MESES SEM MARCAR... ⏰⚽
Todo o carinho do elenco do Corinthians com André Ramalho depois de um golaço! 🤣🔥 #PaulistãoCasasBahia
📷 Rodrigo Corsi/Ag. Paulistão",0,"01/11/2026 16:11",https://www.instagram.com/p/DTY9hgLDn6f/,"Imagem do Instagram",,Total,430590,220873,59391,512,291,195,327
18158111683374950,17841400074692954,paulistao,Paulistão,"O GOL DA VITÓRIA DO MASSA BRUTA! 
JHON JHON MARCOU NO FINALZINHO PARA GARANTIR OS TRÊS PONTOS! 
#PaulistãoCasasBahia 
🎥 @starbrotheers",22,"01/11/2026 16:19",https://www.instagram.com/reel/DTY918FDLS1/,"Reel do Instagram",,Total,74527,68399,1695,34,7,51,11
18199908997325881,17841401683210430,portalr7,"Portal R7","Lucas Mugni abre o placar do jogo para o Mirassol! ⚽🔥

➡️ Assista ao #PaulistãoNaRECORD em R7.com, RecordPlus.com e nas redes sociais.
#PortalR7 #R7 #DesimpedidosNoR7",30,"01/11/2026 16:19",https://www.instagram.com/reel/DTY-cH-jGAE/,"Reel do Instagram",,Total,103340,77051,1066,23,3,18,0
17957952477018460,17841400074692954,paulistao,Paulistão,"COMEÇOU COM TUDO!
Fim de primeiro tempo no Maião e o Mirassol já abriu dois de frente pra cima do São Paulo!
#PaulistãoCasasBahia #CasasBahia
📷Pedro Zacchi/Ag. Paulistão",0,"01/11/2026 16:22",https://www.instagram.com/p/DTY-7DODVAf/,"Imagem do Instagram",,Total,35471,18755,859,85,0,43,7
18065079401214733,17841402377902291,redbullbragantino,"Red Bull Bragantino","Por favor, entreguem o #GloboDeOuro! 🎥🏆⚽

#OAgenteSecreto #JhonJhon #RedBullBragantino",0,"01/11/2026 16:34",https://www.instagram.com/p/DTZAUUxFMNS/,"Imagem do Instagram",,Total,112059,63796,1912,68,4,14,0
18038139425729956,17841400074692954,paulistao,Paulistão,"FALA, CRAQUE!
Marcelo Carné foi o grande destaque da partida entre Velo Clube e Botafogo!.
#CraqueDoJogo #7KBet #PaulistãoCasasBahia",34,"01/11/2026 16:48",https://www.instagram.com/reel/DTZB2_PE4L5/,"Reel do Instagram",,Total,76735,53901,1913,21,7,16,20
17983753055937028,17841400074692954,paulistao,Paulistão,"No detalhe! 🔶
#PaulistãoCasasBahia 
📷Pedro Zacchi/Ag. Paulistão",0,"01/11/2026 16:50",https://www.instagram.com/p/DTZCJINDxUn/,"Imagem do Instagram",,Total,43639,24044,737,14,2,7,2
17912882445274301,17841400074692954,paulistao,Paulistão,"Com a palavra, o #CraqueDoJogo!
#7KBet #PaulistãoCasasBahia",55,"01/11/2026 16:57",https://www.instagram.com/reel/DTZCzekDWr4/,"Reel do Instagram",,Total,20192,15754,634,7,4,7,4
18098253865861357,17841400074692954,paulistao,Paulistão,"FECHANDO A CONTA!
O Mirassol garante a primeira vitória no Paulistão Casas Bahia 2026!
#PaulistãoCasasBahia2026",20,"01/11/2026 17:33",https://www.instagram.com/reel/DTZG7oHD0Sl/,"Reel do Instagram",,Total,203823,138386,6055,254,5,133,33
17936476385996820,17841400074692954,paulistao,Paulistão,"RUGE ALTO, LEÃO! 🦁
Vitória maiúscula pra começar o Paulistão Casas Bahia 2026 com tudo!
#PaulistaoCasasBahia #CasasBahia
📷Pedro Zacchi e Victor Monteiro/Ag. Paulistão",0,"01/11/2026 17:36",https://www.instagram.com/p/DTZHT-wjRM1/,"Carrossel do Instagram",,Total,125639,79110,2427,807,7,59,12
18070919798116041,17841400074692954,paulistao,Paulistão,"QUE NOITE DO LEÃO! 
#PaulistaoCasasBahia",0,"01/11/2026 17:38",https://www.instagram.com/p/DTZHmWqjpxP/,"Imagem do Instagram",,Total,24211,13275,597,6,1,6,1
18109882927635073,17841400074692954,paulistao,Paulistão,"SOLTA A VOZ, PROFESSOR!
Pode comemorar que o Mirassol garantiu os três pontos!
#PaulistaoCasasBahia 
📷Victor Monteiro/Ag. Paulistão",0,"01/11/2026 17:39",https://www.instagram.com/p/DTZHuWzjgBh/,"Carrossel do Instagram",,Total,32411,14867,1046,1,0,8,2
17995415906889642,17841400074692954,paulistao,Paulistão,"O Lucas Mugni chegou com tudo no Paulistão Casas Bahia 2026! 🚀
Primeiro jogo com a camisa do Mirassol ✅
Primeiro gol marcado ✅
Primeiro troféu de Craque do Jogo garantido! ✅
#PaulsitãoCasasBahia",27,"01/11/2026 17:48",https://www.instagram.com/reel/DTZIrd_Dtmj/,"Reel do Instagram",,Total,51247,33848,920,2,6,4,2
17883589758332075,17841400074692954,paulistao,Paulistão,"🦁🫵
#PaulistaoCasasBahia 
📷Pedro Zacchi/Ag. Paulistão",0,"01/11/2026 18:01",https://www.instagram.com/p/DTZKN1qj3QB/,"Imagem do Instagram",,Total,31135,17065,622,6,2,8,6
18002038751700578,17841400074692954,paulistao,Paulistão,"OLHA O #CRAQUEDOJOGO AÍ!
Com grande atuação e um gol logo no comecinho do jogo, Lucas Mugni foi o destaque da vitória do Mirassol!
#7KBet #PaulistaoCasasBahia 
📷Pedro Zacchi/Ag. Paulistão",0,"01/11/2026 18:09",https://www.instagram.com/p/DTZLL5kjhHC/,"Imagem do Instagram",,Total,18772,10716,249,21,0,1,3
18181347610367279,17841400074692954,paulistao,Paulistão,"VAMOS AOS RESULTADOS!
Hora de conferir como terminou a primeira rodada do Paulistão Casas Bahia 2026!
#PaulistãoCasasBahia",0,"01/11/2026 18:10",https://www.instagram.com/p/DTZLQSfjYs8/,"Imagem do Instagram",,Total,110949,61036,4088,129,11,67,57
17938499946109891,17841400074692954,paulistao,Paulistão,"TIGRE NO TOPO! 🐯⬆️
Com o São Bernardo aparecendo na liderança da competição, a primeira rodada do Paulistão Casas Bahia chegou ao fim!
#PaulistãoCasasBahia",0,"01/11/2026 18:12",https://www.instagram.com/p/DTZLgpOCWsc/,"Imagem do Instagram",,Total,1134438,630207,44006,3522,2369,753,540
17885228607425137,17841400074692954,paulistao,Paulistão,"HABLA, MUGNI!
Confira as palavras do #CraqueDoJogo da partida do Mirassol!
#7KBet #PaulistãoCasasBahia",68,"01/11/2026 18:52",https://www.instagram.com/reel/DTZP7CyghQl/,"Reel do Instagram",,Total,50059,37671,2318,49,5,17,17
18414655150191712,17841426196827383,copinha,Copinha,"VAI COMEÇAR!
A segunda fase da Copinha Sil 2026 chegou!
#CopinhaSil2026",0,"01/11/2026 19:05",https://www.instagram.com/p/DTZMe_ljXlh/,"Carrossel do Instagram",,Total,389094,125389,7663,355,36,57,125
18113626954612419,17841400074692954,paulistao,Paulistão,"58 ANOS DO MAURO SILVA! 🥳🏆
Vice-presidente da Federação Paulista de Futebol e
campeão do Mundo com a Seleção Brasileira em 1994,
o tetracampeão comemora mais um ano de vida nesta segunda-feira (12)! Parabéns, @maurosilvaofficial!
#FutebolPaulista #Aniversário #MauroSilva",0,"01/12/2026 02:00",https://www.instagram.com/p/DTZ74O2ktQC/,"Imagem do Instagram",,Total,37198,22451,1029,14,2,73,9
17936680754996144,17841400632555218,kaue_corinthiano,Kauêdotimao,"@angelromero_py eterno!!!!",26,"01/12/2026 04:37",https://www.instagram.com/reel/DTaS2O2kaec/,"Reel do Instagram",,Total,532222,401202,73409,1976,904,810,0
18083477384141669,17841400074692954,paulistao,Paulistão,"BORA ESCOLHER O CRAQUE DA 1ª RODADA!
Echaporã, Gabriel, Gustavo Henrique e Jhon Jhon são os nomes. Quem foi o melhor na rodada de estreia do Paulistão Casas Bahia? Vote nos comentários!
#CraqueDaRodada #7kbetbr #PaulistãoCasasBahia

*Enquete encerra no dia 13/01 às 14h",0,"01/12/2026 10:09",https://www.instagram.com/p/DTa4-IhkU7K/,"Imagem do Instagram",,Total,230672,119117,9153,457,34,416,73
17929906116174806,17841400074692954,paulistao,Paulistão,"QUE ISSO, HEIN?! QUE JOGADA TRABALHADA PELO PEIXÃO NO GOL DO THACIANO!
#PaulistãoCasasBahia",0,"01/12/2026 11:45",https://www.instagram.com/p/DTbEBUrEs0W/,"Carrossel do Instagram",,Total,185741,74854,8280,125,89,63,85
18094495049506205,17841400074692954,paulistao,Paulistão,"Se liga na troca de passes do Timão até o golaço do André Ramalho!
#PaulistãoCasasBahia",0,"01/12/2026 12:17",https://www.instagram.com/p/DTbHpQ4Ek2A/,"Carrossel do Instagram",,Total,116643,47488,7140,39,25,36,70
18069674072145566,17841400074692954,paulistao,Paulistão,"Só pra quem tá ansioso pra ver essa dupla em campo no Paulistão Casas Bahia! 😮‍💨⚪⚫ #PaulistãoCasasBahia

⚽ O PRÓXIMO JOGO DO SANTOS É CONTRA O PALMEIRAS, NA QUARTA-FEIRA (14), ÀS 19H30!

📷 Raul Baretta/Santos",0,"01/12/2026 12:58",https://www.instagram.com/p/DTbMNNhEk8z/,"Imagem do Instagram",,Total,43707,25023,3372,25,6,22,25
18165457162401170,17841445393678421,veloclube1910,"Velo Clube","🕵️‍♂️🫆 MISTÉRIOS DO BENITÃO!

O estagiário quer saber: quem apertou o botão proíbido? 🚫

SÓ VALE PALPITE ERRADO",24,"01/12/2026 13:05",https://www.instagram.com/reel/DTbNArsie81/,"Reel do Instagram",,Total,101603,55425,2334,51,13,17,0
17870128767513084,17841400074692954,paulistao,Paulistão,"QUE JOGADA! O GOL DA VITÓRIA DO RED BULL BRAGANTINO FOI ASSIM!
#PaulistãoCasasBahia",0,"01/12/2026 13:09",https://www.instagram.com/p/DTbNnxXkps3/,"Carrossel do Instagram",,Total,38616,17135,425,21,1,14,4
18083829305139374,17841400074692954,paulistao,Paulistão,"CHEGOU A HORA DE ESCOLHER O GOLAÇO DA RODADA!
E aí, quem marcou o gol mais bonito da 1ª rodada do Paulistão Casas Bahia? Deixe seu voto nos comentários!
#GolaçoDaRodada #Betano #PaulistãoCasasBahia

*Enquete encerra no dia 13/01 às 15h",0,"01/12/2026 14:12",https://www.instagram.com/p/DTbU2ITkoS3/,"Carrossel do Instagram",,Total,104823,43180,3687,42,1,192,50
18105264508759305,17841400074692954,paulistao,Paulistão,"VAMOS PARA MAIS UMA!
A segunda rodada do Paulistão Casas Bahia 2026 já está chegando. Não dá para perder, hein?!
#PaulistãoCasasBahia2026",0,"01/12/2026 14:30",https://www.instagram.com/p/DTbS4ZPj9pV/,"Imagem do Instagram",,Total,181827,106126,5078,267,92,94,96
18078873113194884,17841400074692954,paulistao,Paulistão,"O ÚLTIMO CLÁSSICO DA SAUDADE NO PAULISTÃO CASAS BAHIA... 💭
Em 2025, Palmeiras e Santos se enfrentaram na Vila Belmiro com vitória do Verdão por 2 a 1! 🟢⚪ Quem será que leva a melhor esse ano? 👀 #PaulistãoCasasBahia

⚽ PALMEIRAS X SANTOS É QUARTA-FEIRA (14), ÀS 19H30!",32,"01/12/2026 15:00",https://www.instagram.com/reel/DTbTdlWlEiL/,"Reel do Instagram",,Total,77300,51186,4110,29,4,72,36
17874610281473598,17841400074692954,paulistao,Paulistão,"O MIRASSOL DE RAFAEL GUANAES! 

O Mirassol é um dos times com mais repertório para sair jogando, desde o goleiro até o atacante

● Saída curta, longa, por baixo, pelo alto, por dentro ou por fora: apresenta soluções para diferentes situações;

● A junção das ideias do Rafael Guanaes com a versatilidade dos jogadores torna a missão de roubar a bola do Mirassol dificílima;

● Com mobilidade e movimentos bem sincronizados, todos os 11 parecem apenas um. Em um ritmo alto e com muita confiança, voltou a demonstrar isso na estreia do #PaulistaoCasasBahia;

● Norteado por uma filosofia forte e estabelecida, o Mirassol promete protagonizar grandes jogos na competição. Transmitem valores e princípios que vão além do campo!
🎙️ Charla Podcast",0,"01/12/2026 16:31",https://www.instagram.com/p/DTbkstnjKt2/,"Carrossel do Instagram",,Total,532725,183672,13230,1143,16,144,550
18371813215095947,17841426196827383,copinha,Copinha,"CHAVEAMENTO ATUALIZADO! ✅
Alguns confrontos da 3ª fase já estão definidos! Se liga como ficou! 🔥 #CopinhaSil2026",0,"01/12/2026 18:53",https://www.instagram.com/p/DTb07SdDQEQ/,"Imagem do Instagram",,Total,1667304,655902,54021,2387,736,582,777
18099616981855071,17841426196827383,copinha,Copinha,"Bora fechar a segunda fase da Copinha Sil 2026! Confira os confrontos!
#CopinhaSil2026",0,"01/12/2026 19:44",https://www.instagram.com/p/DTb6qUeDSWn/,"Carrossel do Instagram",,Total,537543,230191,5092,311,36,70,114
17921584500227283,17841400074692954,paulistao,Paulistão,"PARABÉNS PARA O TETRACAMPEÃO MUNDIAL!
Feliz aniversário, Gilmar Rinaldi!
#FPF #Aniversário",0,"01/13/2026 02:00",https://www.instagram.com/p/DTcgq7nkpOq/,"Imagem do Instagram",,Total,25060,15878,239,8,0,3,7
18087739853068469,17841400074692954,paulistao,Paulistão,"PARA COMEÇAR!
Este é o quarteto que abre os trabalhos no Paulistão Casas Bahia nesta terça-feira.
#PaulistãoCasasBahia2026",0,"01/13/2026 04:00",https://www.instagram.com/p/DTcubd7kiYR/,"Imagem do Instagram",,Total,57651,34255,1217,47,6,3,10
18113466199614531,17841400074692954,paulistao,Paulistão,"TEVE ATÉ CHAPÉU DO ESTÊVÃO! 🔥🎩
Agora é hora de Paulistão Casas Bahia 2026! Quem será que vai brilhar no Clássico da Saudade? 🤩 #PaulistãoCasasBahia

⚽ PALMEIRAS X SANTOS É AMANHÃ (14), ÀS 19H30!",14,"01/13/2026 05:00",https://www.instagram.com/reel/DTc6dL9lAIb/,"Reel do Instagram",,Total,138733,77854,8966,208,51,117,87
17997790673883529,17841401009444456,tntsportsbr,"TNT Sports Brasil","VAMOS PRA MAIS UMA RODADA DE PAULISTÃO! 🔥⚔️ Novorizontino e Guarani abrem a 2ª rodada nesta terça-feira! 

PAULISTÃO 2026 É NA TNT E HBO MAX! 🔥💪 Assista a Novorizontino x Guarani HOJE, a partir das 18h45, AO VIVO E EXCLUSIVO, na @tntbr e na @hbomaxbr! Assine pelo link da BIO! #PaulistãoNaTNT #PaulistãoNaHBOMax #FutebolBrasileiro",0,"01/13/2026 05:00",https://www.instagram.com/p/DTc6bWLERZz/,"Imagem do Instagram",,Total,355394,193959,3257,18,1,28,0
17851359645587755,17841400074692954,paulistao,Paulistão,"ECHAPORÃ NO COMANDO DA ARTILHARIA DO PAULISTÃO CASAS BAHIA!
#PaulistãoCasasBahia #Assaí",0,"01/13/2026 06:00",https://www.instagram.com/p/DTc8Jbzklve/,"Imagem do Instagram",,Total,21543,12494,350,9,0,9,2
18092326243770675,17841400449104002,_gabimartins,"Gabriela Martins","Quando a ação de marketing merece reconhecimento! Isso nem é uma publi, que fique claro (mas podia ser, imagina o Rogerinho com @pedigreebr 😂).

O @paulistao nada de braçada. 

Foto da minha amiga incrível  @alinnefanelli ❤️

#paulistao #marketing #futebol",56,"01/13/2026 06:34",https://www.instagram.com/reel/DTdE12XDWtr/,"Reel do Instagram",,Total,56013,39763,2349,240,25,34,0
18049404875695385,17841426196827383,copinha,Copinha,"CONFIRA ONDE ASSISTIR E OS HORÁRIOS DOS JOGOS DA TERCEIRA FASE!
#CopinhaSil2026",0,"01/13/2026 06:54",https://www.instagram.com/p/DTdHVm8kmW1/,"Carrossel do Instagram",,Total,134206,53688,2894,93,12,22,39
17912892234268447,17841400074692954,paulistao,Paulistão,"TIGRE ⚔️ BUGRE!
O Novorizontino recebe o Guarani pela segunda rodada do Paulistão Casas Bahia 2026.
#PaulistãoCasasBahia",0,"01/13/2026 08:00",https://www.instagram.com/p/DTdLKH7khe9/,"Imagem do Instagram",,Total,40228,23022,781,24,5,6,3
18079649597594918,17841435579417670,gabigolstudios,"Gabigol Studios","💫 @gabigol",6,"01/13/2026 08:24",https://www.instagram.com/reel/DTdRoRYkUe4/,"Reel do Instagram",,Total,91275,47843,6712,70,38,43,0
18339057853235040,17841400074692954,paulistao,Paulistão,"Arbitragem escalada para a partida entre Novorizontino e Guarani!
#EscalaDeArbitragem #PaulistãoCasasBahia",0,"01/13/2026 09:16",https://www.instagram.com/p/DTdXrxQkyMz/,"Imagem do Instagram",,Total,24386,14239,311,16,3,6,0
18067265903544554,17841400074692954,paulistao,Paulistão,"A LEI DO EX NÃO FALHA! 👀😮‍💨
No confronto entre Novorizontino e Guarani, muitos jogadores podem fazer valer a lei do ex. E aí, qual é o seu palpite para o gol do jogo?
#PaulistãoCasasBahia",0,"01/13/2026 10:00",https://www.instagram.com/p/DTdXn9ej5Yw/,"Carrossel do Instagram",,Total,50558,24356,928,19,0,11,9
18079082657001837,17841400074692954,paulistao,Paulistão,"VOTE NO CRAQUE DA 1ª RODADA DO PAULISTÃO A2 RIVALO!
Elvis, Gabriel Félix, Paulinho e Xavier estão disputando. Vote nos comentários!
#CraqueDaRodada #PaulistãoA2Rivalo

*Enquete encerra no dia 14/01 às 10h",0,"01/13/2026 10:21",https://www.instagram.com/p/DTdfKfkEWiI/,"Imagem do Instagram",,Total,47198,27540,469,54,10,90,1
17849061363601482,17841400074692954,paulistao,Paulistão,"Arbitragem escalada para a partida entre Capivariano e Portuguesa!
#EscalaDeArbitragem #PaulistãoCasasBahia",0,"01/13/2026 10:30",https://www.instagram.com/p/DTdbA-bEhq-/,"Imagem do Instagram",,Total,20615,12259,231,7,0,14,0
18031243388759275,17841400074692954,paulistao,Paulistão,"DUELO DE LEÕES! 🦁
O Capivariano faz o primeiro jogo em casa no Paulistão Casas Bahia 2026 nesta terça-feira, diante da Portuguesa.
#PaulistãoCasasBahia2026",0,"01/13/2026 11:00",https://www.instagram.com/p/DTdeeZPkkCT/,"Imagem do Instagram",,Total,35022,20252,778,30,2,12,2
18112173955625944,17841400074692954,paulistao,Paulistão,"FPF 🤝🏼 RIVALO
Os clubes do Paulistão A2 Rivalo devidamente trajados celebrando uma parceria histórica entre Federação Paulista de Futebol e Rivalo, no contrato do maior patrocínio coletivo da história do futebol paulista!
#PaulistãoA2Rivalo 
📷Agência Paulistão",0,"01/13/2026 11:23",https://www.instagram.com/p/DTdmP5iESKU/,"Carrossel do Instagram",,Total,64716,28782,1284,43,1,33,25
18113384968530775,17841400074692954,paulistao,Paulistão,"ZAGUEIRO ARTILHEIRO E CRAQUE! 🔥
Gustavo Henrique foi eleito o craque da 1ª rodada, com 48% dos votos no Instagram do @paulistao! #CraqueDaRodada #PaulistãoCasasBahia #7kbet",0,"01/13/2026 11:30",https://www.instagram.com/p/DTdh8Euk_NU/,"Imagem do Instagram",,Total,38174,22803,2945,27,6,64,15
17976085070981140,17841400074692954,paulistao,Paulistão,"UMA PINTURA NA ESTREIA! 😮‍💨
André Ramalho foi eleito o dono do golaço da 1ª rodada, em votação no Instagram do @paulistao! 🔥 #GolaçoDaRodada #Betano #PaulistãoCasasBahia",26,"01/13/2026 12:00",https://www.instagram.com/reel/DTdqcXRFN8b/,"Reel do Instagram",,Total,175570,116099,17521,343,24,126,138
17946585903086465,17841400074692954,paulistao,Paulistão,"NOVOS REFORÇOS NA ÁREA! ✈️
Gabriel Paulista e Dória pousaram no Paulistão Casas Bahia pra reforçarem Corinthians e São Paulo, respectivamente! 🔥 #PaulistãoCasasBahia #Latam",0,"01/13/2026 12:26",https://www.instagram.com/p/DTdtWX6kroP/,"Imagem do Instagram",,Total,146664,83813,3773,24,2,54,27
17859256917527539,17841400074692954,paulistao,Paulistão,"CRAQUE DA RODADA! ⚫⚪
Gustavo Henrique, zagueiro do Timão, é o primeiro #CraqueDaRodada do Paulistão Casas Bahia 2026! #7kbet #PaulistãoCasasBahia",12,"01/13/2026 13:31",https://www.instagram.com/reel/DTd0uoClaci/,"Reel do Instagram",,Total,15090,10735,854,2,0,7,6
18117543199514930,17841400074692954,paulistao,Paulistão,"TUDO OK POR AQUI!
Torcida na área, Jorjão pronto para receber mais um jogo do Paulistão Casas Bahia 😎
#PaulistãoCasasBahia2026 #CasasBahia
📷 Pedro Zacchi/Ag. Paulistão",0,"01/13/2026 13:33",https://www.instagram.com/p/DTd1MiwkuQ1/,"Carrossel do Instagram",,Total,34487,16044,621,22,0,21,4
18178340863370163,17841400074692954,paulistao,Paulistão,"COLOCOU ONDE QUIS!
O Robson mandou pro fundo da rede para colocar o @oficialnovorizontino!
#PaulistãoCasasBahia2026 #Betano",20,"01/13/2026 14:51",https://www.instagram.com/reel/DTd9rfTDfpf/,"Reel do Instagram",,Total,70870,43340,1495,28,12,17,13
18113649430541722,17841400074692954,paulistao,Paulistão,"NOVO NA FRENTE!
Quem está com a vantagem é o Tigre. Será que vai manter assim para a segunda etapa?
#PaulistãoCasasBahia2026 
📷 Pedro Zacchi/Ag. Paulistão",0,"01/13/2026 14:55",https://www.instagram.com/p/DTd-hJvjTtj/,"Imagem do Instagram",,Total,26998,15479,614,4,0,3,5
17976843725975306,17841400074692954,paulistao,Paulistão,"PRIMEIRO SUPERCLÁSSICO CASAS BAHIA! 🔥
Palmeiras e Santos entram em campo pro primeiro Clássico da Saudade do ano! Quem leva a melhor? 👀😮‍💨 #PaulistãoCasasBahia
📺 Record, CazéTV, TNT Sports, HBO Max",0,"01/13/2026 15:00",https://www.instagram.com/p/DTd59pagHl1/,"Imagem do Instagram",,Total,61253,36719,2824,93,4,91,41
18402988864134621,17841405691679778,ecprimaveraoficial,"Primavera SAF","Ansiedade à mil por aqui! 👻

#ECPrimavera #PrimaveraSAF #Paulistão",0,"01/13/2026 15:34",https://www.instagram.com/p/DTeC9NsjrRw/,"Imagem do Instagram",,Total,30433,15623,1352,24,8,24,0
17952653319026127,17841400074692954,paulistao,Paulistão,"LEÃO NA ÁREA!
Todo mundo já está chegando para mais um jogo do Paulistão Casas Bahia 2026 🦁👀
#PaulistãoCasasBahia2026 #CasasBahia
📷 Alexandre Battibugli/Ag. Paulistão",0,"01/13/2026 15:50",https://www.instagram.com/p/DTeE2XmjSIu/,"Carrossel do Instagram",,Total,27024,11241,444,17,0,2,4
18072465506106728,17841400074692954,paulistao,Paulistão,"UM EM CADA TEMPO!
Robson tem noite inspirada e conduz Novorizontino vence a primeira no Paulistão Casas Bahia 2026!
#PaulistãoCasasBahia2026
📷 Pedro Zacchi/Ag. Paulistão",0,"01/13/2026 15:58",https://www.instagram.com/p/DTeFyI2DKGZ/,"Carrossel do Instagram",,Total,71388,37636,1541,52,4,19,7
18428545126119202,17841400074692954,paulistao,Paulistão,"QUE NOITE INSPIRADA!
Um gol, uma assistência e o troféu de Craque do Jogo na conta do Robson!
#PaulistãoCasasBahia2026 #CraqueDoJogo #Bet7k
📷 Pedro Zacchi/Ag. Paulistão",0,"01/13/2026 16:13",https://www.instagram.com/p/DTeHZbWjPXx/,"Imagem do Instagram",,Total,13565,8745,154,3,0,2,0
18051941720449216,17841400074692954,paulistao,Paulistão,"SAIU DO BANCO PARA MARCAR!
Juninho tinha acabado de entrar e já deixou o dele na partida.
#PaulistãoCasasBahia2026 #Betano",27,"01/13/2026 16:22",https://www.instagram.com/reel/DTeIVR1jfG2/,"Reel do Instagram",,Total,80370,53402,1091,7,2,5,19
18118313884603632,17841400074692954,paulistao,Paulistão,"NADA DE GOLS!
Será que na segunda etapa vem bola na rede?
#PaulistãoCasasBahia2026 #CasasBahia
📷 Alexandre Battibugli/Ag. Paulistão",0,"01/13/2026 17:34",https://www.instagram.com/p/DTeQw-rjLxc/,"Imagem do Instagram",,Total,42825,24202,612,2,0,6,2
18013075814652567,17841400074692954,paulistao,Paulistão,"FOI NA EMOÇÃO!
Com gol nos acréscimos, o Capivariano conquista os primeros três pontos!
#PaulistãoCasasBahia2026
📷 Alexandre Battibugli/Ag. Paulistão",0,"01/13/2026 18:35",https://www.instagram.com/p/DTeXpVZDEEq/,"Carrossel do Instagram",,Total,51606,26890,1105,58,4,28,7
18050248781695967,17841400074692954,paulistao,Paulistão,"O HOMEM DO JOGO!
Daniel Baianinho decidiu a partida e levou o troféu de Craque do Jogo para casa! 
#PaulistãoCasasBahia2026 #Bet7k #CraqueDoJogo
📷 Alexandre Battibugli/Ag. Paulistão",0,"01/13/2026 18:41",https://www.instagram.com/p/DTeYcV5DGNu/,"Imagem do Instagram",,Total,27098,17660,242,15,2,6,3
18066400796201180,17841400074692954,paulistao,Paulistão,"Com vocês, o homem da vitoria do @oficialnovorizontino, nosso Craque do Jogo!
#PaulistãoCasasBahia2026 #CraqueDoJogo #Bet7k",26,"01/13/2026 18:45",https://www.instagram.com/reel/DTeYsPkjAPY/,"Reel do Instagram",,Total,22783,16634,432,2,2,1,3
17869699965434544,17841426196827383,copinha,Copinha,"BORA PARA A TERCEIRA FASE! 😍
Chaveamento atualizado na #CopinhaSil!",0,"01/13/2026 18:59",https://www.instagram.com/p/DTeaVPOkgz_/,"Imagem do Instagram",,Total,1200992,476990,36613,1508,279,485,486
18142159450417153,17841400074692954,paulistao,Paulistão,"PARA ENTRAR PARA HISTÓRIA!
@danielzinn_99 é quem marca nos acréscimos para o @capivariano 🔥
#PaulistãoCasasBahia2026 #Betano",20,"01/13/2026 19:01",https://www.instagram.com/reel/DTeaj9QDOMa/,"Reel do Instagram",,Total,275522,140880,6468,143,38,119,95
18090188279049608,17841426196827383,copinha,Copinha,"VAI COMEÇAR MAIS UMA!
Se liga nos jogos dessa quarta feira, que vão abrir a 3ª fase!
#CopinhaSil",0,"01/13/2026 19:02",https://www.instagram.com/p/DTeas4hEkVN/,"Carrossel do Instagram",,Total,270656,97351,4261,178,7,96,67
18379884019158847,17841400074692954,paulistao,Paulistão,"SOLTA A VOZ, @danielzinn_99 👀
#CraqueDoJogo #Bet7k #PaulistãoCasasBahia",38,"01/13/2026 19:02",https://www.instagram.com/reel/DTeav1jDL01/,"Reel do Instagram",,Total,39667,28459,1126,88,16,19,7
18551345176039916,17841400074692954,paulistao,Paulistão,"É DIA DE JOGÃO! 🐷🐳
HOJE TEM SUPERCLÁSSICO CASAS BAHIA! Quem vai levar a melhor entre Palmeiras e Santos, torcedor?
#PaulistãoCasasBahia2026 #SuperclássicoCasasBahia",0,"01/13/2026 19:05",https://www.instagram.com/p/DTeV9cRjS8X/,"Imagem do Instagram",,Total,71606,47276,3100,321,3,82,47
18120593464564228,17841400074692954,paulistao,Paulistão,"COMEÇOU A SEGUNDA RODADA!
Então, vem conferir como está a classificação depois de dois jogos.
#PaulistãoCasasBahia2026 #CasasBahia",0,"01/13/2026 19:10",https://www.instagram.com/p/DTebjcIEkCW/,"Imagem do Instagram",,Total,829023,431037,30452,4718,1077,458,375
18089640095048485,17841400074692954,paulistao,Paulistão,"QUE MOMENTO!
Daniel Baianinho foi o responsável pelo primeiro gol do Capivariano na elite depois de 10 anos 🤩
#PaulistãoCasasBahia2026",0,"01/13/2026 19:25",https://www.instagram.com/p/DTeczkMjqph/,"Imagem do Instagram",,Total,176202,98444,2776,56,4,62,23
18303746866262662,17841400074692954,paulistao,Paulistão,"MUNDO ALVINEGRO!
Há 26 anos, o Timão levava a melhor nos pênaltis e conquistava o Mundial de Clubes de 2000! Saudades desse time? 👀
#BaúDoPaulistão",0,"01/14/2026 03:30",https://www.instagram.com/p/DTfPwm4FulP/,"Imagem do Instagram",,Total,56597,32752,3792,110,0,176,48
18435831559108325,17841400074692954,paulistao,Paulistão,"BORA PARA A SEGUNDA RODADA!
São oito jogos para você assistir nessa segunda rodada do Paulistão A2 Rivalo! Para quem vai sua torcida?
#PaulistãoA2Rivalo",0,"01/14/2026 04:00",https://www.instagram.com/p/DTfTOsykoB1/,"Imagem do Instagram",,Total,32906,19857,725,25,1,8,9
18557619088038090,17841400074692954,paulistao,Paulistão,"COM DIREITO A SUPERCLÁSSICO CASAS BAHIA...
Vem que não vai faltar emoção nesta quarta-feira pelo #PaulistãoCasasBahia2026 🤩",0,"01/14/2026 05:00",https://www.instagram.com/p/DTfaGijjoY8/,"Imagem do Instagram",,Total,68490,40436,2276,163,8,29,36
18070551131129076,17841401009444456,tntsportsbr,"TNT Sports Brasil","O SANTOS VAI EM BUSCA DA SEGUNDA VITÓRIA NO PAULISTÃO! 🐳

Depois de vencer de virada na estreia, o Peixão tem clássico contra o Palmeiras! 

PAULISTÃO 2026 É NA TNT E HBO MAX! 🔥💪 Assista a Palmeiras x Santos HOJE, a partir das 18h30, AO VIVO, na @tntbr e na @hbomaxbr! Assine pelo link da BIO!  #PaulistãoNaTNT #PaulistãoNaHBOMax #FutebolBrasileiro",0,"01/14/2026 06:00",https://www.instagram.com/p/DTfmCznEUCz/,"Imagem do Instagram",,Total,1616873,859793,52462,3856,24,402,0
18069563111412603,17841400074692954,paulistao,Paulistão,"NA ESTICA PARA O SUPERCLÁSSICO CASAS BAHIA!
Se hoje tem Palmeiras e Santos, tem a @amandahonel apresentando algumas opções para acompanhar o Verdão daquele jeito 😎
#CriadoresPaulistãoCasasBahia",90,"01/14/2026 07:30",https://www.instagram.com/reel/DTfwaHNFE0H/,"Reel do Instagram",,Total,13522,10340,404,94,2,47,11
18105051109667717,17841400074692954,paulistao,Paulistão,"AVANTI, PALESTRA! 🐷🫵
O Verdão vai em busca de mais uma vitória, agora no primeiro Superclássico Casas Bahia da competição!
#PaulistãoCasasBahia #Palmeiras",0,"01/14/2026 09:00",https://www.instagram.com/p/DTf1jbWj20K/,"Imagem do Instagram",,Total,28379,16298,945,12,0,10,4
17970084863842605,17841400074692954,paulistao,Paulistão,"PRIMEIRA VEZ DO FANTASMA JOGANDO EM CASA! 👻🏟️
O estádio Ítalo Mário Limongi vai receber pela primeira vez na história um jogo do Paulistão Casas Bahia!
#PaulistãoCasasBahia",0,"01/14/2026 09:30",https://www.instagram.com/p/DTf4-LUEoMW/,"Imagem do Instagram",,Total,81711,46016,1895,111,8,33,8
18104081896704810,17841400074692954,paulistao,Paulistão,"Arbitragem escalada para a partida entre Primavera e Mirassol!
#EscalaDeArbitragem #PaulistãoCasasBahia",0,"01/14/2026 09:48",https://www.instagram.com/p/DTgAIXhksPK/,"Imagem do Instagram",,Total,16412,9380,233,6,1,4,3
18160461919407155,17841400074692954,paulistao,Paulistão,"VAI PARA CIMA DELES, SANTOS! 🐳💪
O Peixão vai buscar a vitória fora de casa contra o Palmeiras na Arena Crefisa Barueri!
#PaulistãoCasasBahia",0,"01/14/2026 10:00",https://www.instagram.com/p/DTf8ZCrCY8l/,"Imagem do Instagram",,Total,58756,35326,3031,13,1,29,16
18124361557480938,17841400074692954,paulistao,Paulistão,"Arbitragem escalada para a partida entre Palmeiras e Santos!
#EscalaDeArbitragem #PaulistãoCasasBahia",0,"01/14/2026 10:15",https://www.instagram.com/p/DTgAfqoE34z/,"Imagem do Instagram",,Total,28499,17137,500,77,0,29,9
18374163109085033,17841400074692954,paulistao,Paulistão,"Arbitragem escalada para a partida entre Mirassol e São Paulo!
#EscalaDeArbitragem #PaulistãoCasasBahia",0,"01/11/2026 12:30",https://www.instagram.com/p/DTYffqKkttE/,"Imagem do Instagram",,Total,34780,18379,411,21,3,20,9
17859425436522871,17841400074692954,paulistao,Paulistão,"TEM GOL DE FILHO DO TERRÃO! 
André marca o segundo do Corinthians na Neo Química Arena!
#PaulistãoCasasBahia",51,"01/11/2026 12:33",https://www.instagram.com/reel/DTYkm59khLF/,"Reel do Instagram",,Total,132577,90037,6771,107,16,14,57
18080116385188299,17841404188980750,rafitiia,"Rafaela Silva","Levando em conta que o Crespo foi campeão do Paulistão em 2021, dá pra sonhar com o Paulistão Casas Bahia 2026, torcedor São Paulino?

 #CriadoresPaulistãoCasasBahia
#EmbaixadoresPaulistão2026",61,"01/11/2026 12:01",https://www.instagram.com/reel/DTYg5PjkdC-/,"Reel do Instagram","Ocorreu um erro ao computar métricas.",-,,,,,,,
17874030981395984,17841401683210430,portalr7,"Portal R7","Luighi garante primeira vitória do Palmeiras no Paulistão 2026! ⚽

➡️ Assista ao #PaulistãoNaRECORD em R7.com, RecordPlus.com e nas redes sociais.
#PortalR7 #R7 #DesimpedidosNoR7

Oferecimento: @365betbrasil, @magalu, @perdigaonabrasaoficial e @picpay",28,"01/10/2026 18:50",https://www.instagram.com/reel/DTWq98ZEaYn/,"Reel do Instagram","Ocorreu um erro ao computar métricas.",-,,,,,,,
18099710539873679,17841435579417670,gabigolstudios,"Gabigol Studios","O Menino da Vila está de volta à sua casa!

Gabriel fez a festa da torcida na estreia do Santos no @paulistão. Vibração nas arquibancadas, sorriso no rosto e a certeza de que o predestinado está de volta.

Pode comemorar, torcedor: o homem voltou!",22,"01/10/2026 15:35",https://www.instagram.com/reel/DTWUVucDRS7/,"Reel do Instagram","Ocorreu um erro ao computar métricas.",-,,,,,,,
18071508389614239,17841455066317821,cazetv,CazéTV,"O SANTOS É O TIME DA VIRADA, O SANTOS É O TIME DO AMOR ⚪⚫🐳 

THACIANO, O NOME DO GOL DA VITÓRIA DO SANTOS NA ESTREIA DO PAULISTÃO CASAS BAHIA 2026! 

#PaulistãoNaCazéTV #TempoRealCazéTV #Santos #CasasBahia #VideoPatrocinado",42,"01/10/2026 13:09",https://www.instagram.com/reel/DTWD5hHEZh0/,"Reel do Instagram","Ocorreu um erro ao computar métricas.",-,,,,,,,
18188517742353899,17841455066317821,cazetv,CazéTV,"IH 👀 E O NOVORIZONTINO, POR ENQUANTO, VAI COMETENDO O CRIME DENTRO DA VILA BELMIRO 🥵

O PEIXÃO VACILOU E DIEGO GALO ABRIU O PLACAR PARA O TIGRE! 🐯

#PaulistãoNaCazéTV #TempoRealCazéTV #Santos #bet365 #VideoPatrocinado",51,"01/10/2026 12:43",https://www.instagram.com/reel/DTWA7GzES_o/,"Reel do Instagram","Ocorreu um erro ao computar métricas.",-,,,,,,,
18142561906462852,17841455066317821,cazetv,CazéTV,"GABRIEL BARBOSA ALMEIDA, O GABIGOL, SENHORAS E SENHORES 💪

ELE VOLTOU! ⚪⚫🐳 

#PaulistãoNaCazéTV #TempoRealCazéTV #Santos #EstrelaBet #VideoPatrocinado",48,"01/10/2026 12:40",https://www.instagram.com/reel/DTWAjZeERL0/,"Reel do Instagram","Ocorreu um erro ao computar métricas.",-,,,,,,,
18149941747438372,17841421574315741,historiasantista,"Rafael Falino","O PRIMEIRO DELE💪

#historiasantista #santosfc #gabigol #futebol #paulistao",31,"01/10/2026 12:18",https://www.instagram.com/reel/DTV-H71DnUL/,"Reel do Instagram","Ocorreu um erro ao computar métricas.",-,,,,,,,
17846458956637336,17841400312002255,natypotira,"Naty Potira","Gabigol bem recebido pela torcida no seu retorno à Vila Belmiro, o Santos estreia hoje contra o Novorizontino pelo @paulistao 🤍🖤💪🏼 

#CriadoresPaulistãoCasasBahia",18,"01/10/2026 11:28",https://www.instagram.com/reel/DTV3_-JDycc/,"Reel do Instagram","Ocorreu um erro ao computar métricas.",-,,,,,,,
17983015040947055,17841400074692954,paulistao,Paulistão,"TORCIDA A TODO VAPOR! 🔥
O clima tá bom demais pra estreia de Noroeste e Red Bull Bragantino no #PaulistãoCasasBahia!
📷 Douglas Moreti/Ag. Paulistão",0,"01/11/2026 12:24",https://www.instagram.com/p/DTYjj49EmS1/,"Carrossel do Instagram",,Total,25069,10576,546,25,2,12,0
18015415280821215,17841400074692954,paulistao,Paulistão,"ELE É DECISIVO! 
Gustavo Henrique marca o primeiro gol do Corinthians no Paulistão Casas Bahia 2026! 
#PaulistãoCasasBahia",15,"01/11/2026 12:18",https://www.instagram.com/reel/DTYizY8EtIu/,"Reel do Instagram",,Total,122744,87059,6242,165,109,35,47
18053339039391203,17841400074692954,paulistao,Paulistão,"DEFESAÇA!
Hugo Souza salvou o Timão no fim da primeira etapa!
#PaulistãoCasasBahia",21,"01/11/2026 12:17",https://www.instagram.com/reel/DTYi2YxgqGX/,"Reel do Instagram",,Total,95488,63969,4140,46,6,52,34
18082900253331323,17841400074692954,paulistao,Paulistão,"PLACAR ZERADO!
Nada de gols na Neo Química Arena por enquanto.
#PaulistãoCasasBahia 
📷Guilherme Veiga/Ag. Paulistão",0,"01/11/2026 12:11",https://www.instagram.com/p/DTYiHUrEuFS/,"Imagem do Instagram",,Total,22988,12597,528,3,0,3,2
17994239018903732,17841400074692954,paulistao,Paulistão,"A despedida de um ídolo!  R1️⃣1️⃣🇵🇾
#PaulistãoCasasBahia",8,"01/11/2026 11:45",https://www.instagram.com/reel/DTYfBNHkg4X/,"Reel do Instagram",,Total,152310,87019,12581,93,102,122,111
18066001334623323,17841454473375442,ulissescostatv,"ULISSES TV","LÉO SANTOS FAZ O PRIMEIRO GOL DO @xvpiracicaba EM 2026! ⚫️⚪️

Numa cobrança de pênalti EXEMPLAR, o camisa 22 do Nhô Quim meteu a bola para o fundo do gol, para dar a vitória na estreia contra o São Bento.

#futebolpaulista #paulistao #seriea2 #xvdepiracicaba #ulissestv",55,"01/11/2026 11:39",https://www.instagram.com/reel/DTYeUJODmB8/,"Reel do Instagram",,Total,8490,6605,162,5,2,8,0
18078010502258585,17841400074692954,paulistao,Paulistão,"ISSO É PAULISTÃO CASAS BAHIA! 🤩
Já já a bola vai rolar pras estreias de Velo Clube e Botafogo! #PaulistãoCasasBahia
📷 Alexandre Battibugli/Ag. Paulistão",0,"01/11/2026 11:30",https://www.instagram.com/p/DTYdU31krws/,"Carrossel do Instagram",,Total,59177,28326,892,39,3,14,4
18402371119135461,17841426196827383,copinha,Copinha,"ANOTA NA AGENDA!
Dezesseis partidas vão movimentar a terça-feira de Copinha Sil 2026! Se liga só no que vem por aí!
#CopinhaSil2026",0,"01/11/2026 11:27",https://www.instagram.com/p/DTYdKRTEiHo/,"Carrossel do Instagram",,Total,250719,98064,3610,563,26,44,114
17990565284873341,17841400861993763,matheusgonze1,"Matheus Gonze","@robinhojr se você só volta em 2028 eu não volto nunca mais então😂😂😂😂",14,"01/11/2026 11:24",https://www.instagram.com/reel/DTYcJZODyF1/,"Reel do Instagram",,Total,13780903,8116272,504129,3009,7334,567,0
17956143735025445,17841400074692954,paulistao,Paulistão,"A PRIMA CHEGOU E JÁ DEIXOU O VAI CORINTHIANS DELA! 🤩
#Corinthians",7,"01/11/2026 11:21",https://www.instagram.com/reel/DTYcApuEeDW/,"Reel do Instagram",,Total,796402,412518,44542,340,581,309,437
17894947083246116,17841426196827383,copinha,Copinha,"AGORA É MATA-MATA!
Se liga como ficou o chaveamento da segunda fase da Copinha Sil 2026!
#CopinhaSil2026",0,"01/11/2026 11:18",https://www.instagram.com/p/DTYcC2zks4Z/,"Imagem do Instagram",,Total,2096501,860839,73557,5924,1009,674,1576
18084181142180034,17841400074692954,paulistao,Paulistão,"EQUIPES NO GRAMADO! 
É DIA DE CORINTHIANS E PONTE PRETA NA NEO QUÍMICA ARENA! 
#PaulistãoCasasBahia",23,"01/11/2026 10:59",https://www.instagram.com/reel/DTYZuk8EWJL/,"Reel do Instagram",,Total,32589,24133,2153,16,25,18,15
17874117843396534,17841400074692954,paulistao,Paulistão,"OI, PRIMA! 👋
@maisa tá na área para acompanhar a estreia do Timão no #PaulistãoCasasBahia!
📷Guilherme Veiga/Ag. Paulistão",0,"01/11/2026 10:54",https://www.instagram.com/p/DTYZY92kmIK/,"Carrossel do Instagram",,Total,306949,157925,23182,40,246,70,60
18175542475372357,17841400074692954,paulistao,Paulistão,"EMOCIONANTE 🥹
O Timão se despede de um ídolo! #PaulistaoCasasBahia",36,"01/11/2026 10:54",https://www.instagram.com/reel/DTYZPA5ke0g/,"Reel do Instagram",,Total,182093,135513,18980,525,194,179,270
18085543007088075,17841400074692954,paulistao,Paulistão,"O ROMERO FEZ HISTÓRIA NO TIMÃO! 
Todo carinho de Garro, Raniele e Yuri Alberto na despedida do camisa 11! 
#PaulistãoCasasBahia",16,"01/11/2026 10:49",https://www.instagram.com/reel/DTYYltbES9R/,"Reel do Instagram",,Total,7147945,3672059,504000,5929,1719,4361,4631
18000853397850472,17841400074692954,paulistao,Paulistão,"ELE MERECE!
Multicampeão com a camisa do Corinthians, o paraguaio Ángel Romero foi homenageado antes da bola rolar para Corinthians e Ponte Preta.
#PaulistãoCasasBahia 
📷Guilherme Veiga/Ag. Paulistão",0,"01/11/2026 10:44",https://www.instagram.com/p/DTYYQyTkjH1/,"Carrossel do Instagram",,Total,213512,115963,25594,444,190,102,241
18090800029959982,17841400074692954,paulistao,Paulistão,"O GARRO TÁ NA ÁREA PARA ACOMPANHAR A ESTREIA DO TIMÃO NO PAULISTÃO CASAS BAHIA! 
#PaulistãoCasasBahia",12,"01/11/2026 10:38",https://www.instagram.com/reel/DTYXab0kRAh/,"Reel do Instagram",,Total,2147539,1208221,109446,673,190,405,643
17872755723483901,17841401381444467,frasescoringao,FrasesCoringão,"Romero recebendo a placar de homenagem do presidente Osmar Stábile. 

ÍDOLO! 

#criadorespaulistãocasasbahia",19,"01/11/2026 10:38",https://www.instagram.com/reel/DTYXa8qD5NQ/,"Reel do Instagram",,Total,165264,107391,19695,191,11,112,0
18063055127271092,17841400074692954,paulistao,Paulistão,"AQUECIMENTO ROLANDO!
As equipes já estão no foco na Neo Química Arena! Tá chegando a hora de estrei de Corinthians e Ponte Preta no Paulistão Casas Bahia 2026!
#PaulistãoCasasBahia
📷Guilherme Veiga e Rodrigo Corsi/Ag. Paulistão",0,"01/11/2026 10:35",https://www.instagram.com/p/DTYXNFpEkXS/,"Carrossel do Instagram",,Total,38847,18507,1685,6,1,11,6
18081179444520066,17841400074692954,paulistao,Paulistão,"Se tem Paulistão Casas Bahia, tem leitura labial com @vellosogg! 
Se liga nos detalhes de Portuguesa e Palmeiras! 
#PaulistãoCasasBahia",72,"01/11/2026 10:16",https://www.instagram.com/reel/DTYU1SekXD6/,"Reel do Instagram",,Total,601765,402679,18138,305,116,98,398
18065599826210429,17841400074692954,paulistao,Paulistão,"TÁ CHEGANDO A HORA!
É domingo de Corinthians e Ponte Preta!
#PaulistãoCasasBahia",0,"01/11/2026 10:15",https://www.instagram.com/p/DTYU47LEoZD/,"Imagem do Instagram",,Total,24950,14404,927,13,1,11,6
18109884217713901,17841400074692954,paulistao,Paulistão,"Arbitragem escalada para a partida entre Noroeste e Red Bull Bragantino!
#EscalaDeArbitragem #PaulistãoCasasBahia",0,"01/11/2026 10:15",https://www.instagram.com/p/DTYPuXpk3n-/,"Imagem do Instagram",,Total,27445,15846,206,8,1,10,3
17848970955602143,17841400074692954,paulistao,Paulistão,"DUELO ALVINEGRO!
A Fiel vai colar em peso para a estreia do Timão no Paulistão Casas Bahia 2026! Tá chegando a hora de Corinthians e Ponte Preta!
#PaulistãoCasasBahia
📷Guilherme Veiga/Ag. Paulistão",0,"01/11/2026 10:03",https://www.instagram.com/p/DTYTgKTEs0f/,"Carrossel do Instagram",,Total,26909,11565,1889,8,1,18,9
18088053182094126,17841400074692954,paulistao,Paulistão,"🥰 A emoção da criançada em conhecer o @yurialberto!
#PaulistãoCasasBahia",13,"01/11/2026 09:56",https://www.instagram.com/reel/DTYSY6-Ed-C/,"Reel do Instagram",,Total,2155175,1299781,57570,348,61,178,357
18119894332498494,17841400074692954,paulistao,Paulistão,"Dividindo a beleza da bola MAG11A, da @penaltybr, com vocês… 😍🥰#PaulistaoCasasBahia",7,"01/11/2026 09:48",https://www.instagram.com/reel/DTYRUsBESrX/,"Reel do Instagram",,Total,128901,73509,3290,39,35,40,31
17886127908303708,17841401842963402,botafogosp,"Botafogo Futebol SA","ESTREIA DO NOVO MANTO 😍

Neste domingo (11), o Botafogo jogará com o seu uniforme número um, que foi lançado na última sexta-feira.

A camisa, que é uma homenagem ao time vice-campeão brasileiro da Série C em 1996, traz as tradicionais faixas horizontais em vermelho e preto no peito, elemento icônico da identidade botafoguense.

A equipe homenageada era formada praticamente por jogadores revelados nas categorias de base do clube.",0,"01/11/2026 09:39",https://www.instagram.com/p/DTYQxu1jvpX/,"Carrossel do Instagram",,Total,39891,16663,850,17,2,15,0
18158117182414732,17841400074692954,paulistao,Paulistão,"QUE JOGAÇO!
Juventus e Santo André começaram o Paulistão A2 Rivalo daquele jeito!
#PaulistãoA2Rivalo2026 
🎥@metropolesesportes",85,"01/11/2026 09:33",https://www.instagram.com/reel/DTYP817DrMx/,"Reel do Instagram",,Total,87100,53804,2516,239,14,38,46
18126370021531826,17841400074692954,paulistao,Paulistão,"Arbitragem escalada para a partida entre Velo Clube e Botafogo!
#EscalaDeArbitragem #PaulistãoCasasBahia",0,"01/11/2026 09:00",https://www.instagram.com/p/DTYHIb1DXgj/,"Imagem do Instagram",,Total,52146,30636,288,13,1,4,4
18076330640197298,17841400074692954,paulistao,Paulistão,"Arbitragem escalada para a partida entre Corinthians e Ponte Preta!
#EscalaDeArbitragem #PaulistãoCasasBahia",0,"01/11/2026 08:30",https://www.instagram.com/p/DTYDsFkjWZG/,"Imagem do Instagram",,Total,45445,25705,732,105,6,47,14
18066298043535019,17841400074692954,paulistao,Paulistão,"Noroeste e Red Bull Bragantino vão com tudo em busca dos três pontos em Bauru!
#PaulistãoCasasBahia
📺HBO Max",0,"01/11/2026 08:00",https://www.instagram.com/p/DTYARLLDUpz/,"Imagem do Instagram",,Total,29290,15599,512,25,2,26,5
18005550221681702,17841400074692954,paulistao,Paulistão,"Rodada completa no Paulistão A2 Rivalo 2026!
#PaulistãoA2Rivalo2026",0,"01/11/2026 08:00",https://www.instagram.com/p/DTYFUPkEsFC/,"Imagem do Instagram",,Total,38607,21765,818,18,3,18,9
18026549027602133,17841400074692954,paulistao,Paulistão,"E lá se foi a primeira rodada do Paulistão A2 Rivalo 2026! Confira os que aconteceu nos jogos deste domingo.
#PaulistãoA2Rivalo2026",0,"01/11/2026 07:59",https://www.instagram.com/p/DTYFPV_D1lf/,"Carrossel do Instagram",,Total,60258,26150,1452,65,9,19,9
17875979619467794,17841400074692954,paulistao,Paulistão,"O DUELO DE ARTILHEIROS VAI AGITAR O JOGÃO ENTRE VELO CLUBE E BOTAFOGO!
#PaulistãoCasasBahia
📺HBO Max",0,"01/11/2026 07:00",https://www.instagram.com/p/DTX5YnlD2-u/,"Imagem do Instagram",,Total,61472,29557,835,19,5,22,5
18036566378727999,17841400074692954,paulistao,Paulistão,"O @lendoojogo chegou no Paulistão Casas Bahia! E para começar tem análise da reestreia de Gabigol no Santos. 

A arte de se desmarcar no tempo certo com Gabigol:
Um dos detalhes mais difíceis do futebol é acertar o tempo de cada jogada e Gabigol, desde jovem, tem essa característica muito bem trabalhada.

É necessário lidar com muitas referências dentro do jogo: adversário, espaço, companheiros e tempo. Encontrar o momento certo para se desmarcar é uma arte.

#PaulistãoCasasBahia",40,"01/11/2026 06:06",https://www.instagram.com/reel/DTX4QFrDRsB/,"Reel do Instagram",,Total,144777,95380,4749,522,5,73,80
18070783301140024,17841400074692954,paulistao,Paulistão,"GUILHERME ALVES X VAGNER MANCINI
Eles já brilharam nos gramados e agora se enfrentam na área técnica!
#PaulistãoCasasBahia",0,"01/11/2026 04:00",https://www.instagram.com/p/DTXk0dRkhNT/,"Imagem do Instagram",,Total,40772,22479,518,8,2,10,5
17892443559262723,17841400074692954,paulistao,Paulistão,"BORA PRA MAIS UM DIA! 🤩
Domingou com mais um pouco da primeira rodada do Paulistão Casas Bahia! 👀 #PaulistãoCasasBahia2026",0,"01/11/2026 03:00",https://www.instagram.com/p/DTXd8bukgQ6/,"Imagem do Instagram",,Total,171029,96362,4849,270,43,42,55
18066178835619554,17841401009444456,tntsportsbr,"TNT Sports Brasil","HOJE TEM A ESTREIA DO TIMÃO NA TEMPORADA! 🦅🦅 O Corinthians recebe a Ponte Preta na Neo Química Arena para a estreia no Paulistão e você assiste AO VIVO E EXCLUSIVO na TNT e na HBO Max! Assine com o link da BIO! #FutebolBrasileiro #PaulistãoNaTNT #PaulistãoNaHBOMax",0,"01/11/2026 03:00",https://www.instagram.com/p/DTXjHhSEQ3n/,"Imagem do Instagram",,Total,2324556,1088392,50606,1273,27,182,0
18117156499595532,17841400074692954,paulistao,Paulistão,"FELIZ ANIVERSÁRIO, GÉRSON! 🎉
O nosso Canhotinha de Ouro, campeão mundial com a Seleção Brasileira e bicampeão Paulista pelo São Paulo, completa 85 anos neste domingo (11)!
#FutebolPaulista #Aniversário",0,"01/11/2026 02:30",https://www.instagram.com/p/DTXafgggHu3/,"Imagem do Instagram",,Total,19223,10829,192,0,0,4,2
18115635790610428,17841400074692954,paulistao,Paulistão,"PARA FECHAR!
A primeira rodada do Paulistão A2 Rivalo 2026 termina neste domigo. Vem conferir os confrontos 👀
#PaulistãoA2Rivalo2026",0,"01/11/2026 02:00",https://www.instagram.com/p/DTXXFLaEh0f/,"Imagem do Instagram",,Total,28665,15584,571,11,6,3,4
17856695943598710,17841426196827383,copinha,Copinha,"O ÚLTIMO DIA DA PRIMEIRA FASE DA COPINHA SIL 2026 VEIO AÍ!
#CopinhaSil2026",0,"01/10/2026 19:05",https://www.instagram.com/p/DTWnjpPjT_P/,"Imagem do Instagram",,Total,171485,76026,3301,68,9,21,39
17869610607524595,17841400864030342,casasbahia,"Casas Bahia 💙","Agora é Paulistão Casas Bahia! ⚽️ @paulistao 

Dia de start na temporada 2026 no melhor estilo, com Portuguesa x Palmeiras, direto do Canindé. 🏟️

Chegamos ao campeonato em grande estilo: ofertas no cara ou coroa, descontos de até 80% na Liquidação Super Fantástica e o seu ingresso vale 10% OFF direto na nossa loja.

Corre pra comprar e transformar sua casa em uma verdadeira arquibancada 😎💙
#PaulistãoCasasBahia #CasasBahia",37,"01/10/2026 19:01",https://www.instagram.com/reel/DTWsIWvjATH/,"Reel do Instagram",,Total,201652,248986,604,25,4,102,0
18109801153712333,17841400074692954,paulistao,Paulistão,"FALA, CRIA!
#CraqueDoJogo, Luighi falou das dificuldades do jogo contra a Portuguesa, da importância do gol e ainda teve dedicatória pro paizão!
#7KBet #PaulistãoCasasBahia",120,"01/10/2026 18:43",https://www.instagram.com/reel/DTWqIxbAVfv/,"Reel do Instagram",,Total,116260,75725,8277,54,24,45,63
18008423456671357,17841400861993763,matheusgonze1,"Matheus Gonze","RELAXA NEY QUE NO FINAL VAI DAR TUDO CERTO😅",16,"01/10/2026 18:08",https://www.instagram.com/reel/DTWld_VDpNn/,"Reel do Instagram",,Total,335494,198191,9565,63,44,38,0
17936886567117746,17841400074692954,paulistao,Paulistão,"O NOME DO GOL!
Luighi, do Palmeiras, foi o #CraqueDoJogo!
#7KBet #PaulistãoCasasBahia",28,"01/10/2026 18:01",https://www.instagram.com/reel/DTWlZZbiYB0/,"Reel do Instagram",,Total,84583,54962,2429,35,2,10,21
17884422762428947,17841400074692954,paulistao,Paulistão,"A CRIA É DESTAQUE!
Autor do gol da vitória do Palmeiras, Luighi foi escolhido pela galera como o #CraqueDoJogo
#7KBet #PaulistãoCasasBahia 
📷Jhony Inácio/Ag. Paulistão",0,"01/10/2026 17:58",https://www.instagram.com/p/DTWlFifj6Sn/,"Imagem do Instagram",,Total,28052,15807,809,20,0,8,9
18087091177867251,17841400074692954,paulistao,Paulistão,"Primeira vitória do ano, professor! ✅
#PaulistãoCasasBahia",0,"01/10/2026 17:39",https://www.instagram.com/p/DTWi4fJjKiS/,"Imagem do Instagram",,Total,22711,12640,841,12,3,6,6
17986028057940364,17841400074692954,paulistao,Paulistão,"Perder na estreia do Paulistão Casas Bahia?
Tem muuuuuuito tempo que o Palmeiras não sabe o que é isso!
#PaulistãoCasasBahia",0,"01/10/2026 17:34",https://www.instagram.com/p/DTWiVZeFz1y/,"Imagem do Instagram",,Total,55088,29897,2489,194,10,56,38
18079315388216522,17841400074692954,paulistao,Paulistão,"A MOEDA DECIDIU! 🪙
Quer garantir a sua fritadeira elétrica? A hora é agora. Corre pro site da @casasbahia que ela tá em promoção! E foi o cara e coroa antes do Portuguesa e Palmeiras que decidiu!
Fica de olho que logo tem mais promoções vindo por aí!
#PaulistãoCasasBahia",68,"01/10/2026 17:29",https://www.instagram.com/reel/DTWhqjLiAPA/,"Reel do Instagram",,Total,2241801,1757963,5660,416,37,168,111
18110580529715209,17841400074692954,paulistao,Paulistão,"VITÓRIA ALVIVERDE!
O Palmeiras começa do Paulistão Casas Bahia com os três pontos!
#PaulistãoCasasBahia #CasasBahia
📷Jhony Inácio/Ag. Paulistão",0,"01/10/2026 17:29",https://www.instagram.com/p/DTWhtO0jCEF/,"Carrossel do Instagram",,Total,87637,44983,4017,271,25,58,22
18035340605753335,17841400861993763,matheusgonze1,"Matheus Gonze","E TEVE GOL DO GABIGOL💪🏼 Tudo que você não viu da estreia do Gabigol!",56,"01/10/2026 17:05",https://www.instagram.com/reel/DTWelmVjoZT/,"Reel do Instagram",,Total,2569735,1677940,131902,3428,607,947,0
17873808105474309,17841400074692954,paulistao,Paulistão,"VERDÃO NA FRENTE!
De Larson pra Maurício. De Maurício pra Luighi. De Luighi pro gol!
#PaulistãoCasasBahia",41,"01/10/2026 16:56",https://www.instagram.com/reel/DTWd4X0CUf7/,"Reel do Instagram",,Total,88576,56187,1895,21,1,39,10
17888930829286000,17841455066317821,cazetv,CazéTV,"🎁É SUPER PROMOÇÃO PRO SUPER JANEIRO, FILHO! 🦸

Se liga nessa: a convite da Casas Bahia nosso Papi Coisa Linda foi até o estádio, antes do jogo da Lusa que tá rolado AGORA para convocar uma coletiva: o que o torcedor precisa pra REFORÇAR O CT? A casa do torcedor? A resposta é simples: os heróis promoção Super Fantástica Casas Bahia!

Fica ligeiro que as ofertas não param!
#publivc #casasbahia #paulistaocasasbahia",53,"01/10/2026 16:53",https://www.instagram.com/reel/DTWdb-mDWYO/,"Reel do Instagram",,Total,176374,151031,1179,30,1,58,0
18095432944926650,17841400074692954,paulistao,Paulistão,"Ponto final em mais um dia de Paulistão A2 Rivalo 2026!
#PaulistãoA2Rivalo2026",0,"01/10/2026 16:25",https://www.instagram.com/p/DTWadxIEt1T/,"Carrossel do Instagram",,Total,68127,30555,1253,29,1,16,5
18093457862479505,17841400074692954,paulistao,Paulistão,"NADA DE GOLS!
Placar segue zerado no Canindé.
#PaulistãoCasasBahia #CasasBahia
📷Jhony Inácio/Ag. Paulistão",0,"01/10/2026 16:21",https://www.instagram.com/p/DTWaCUaEvec/,"Imagem do Instagram",,Total,32902,17489,746,13,1,10,5
18140121052464646,17841400074692954,paulistao,Paulistão,"JOSIEL MARCOU O PRIMEIRO GOL DO PRIMAVERA NA HISTÓRIA DO PAULISTÃO CASAS BAHIA!
#PaulistãoCasasBahia",0,"01/10/2026 16:20",https://www.instagram.com/p/DTWZ1AGkqoi/,"Imagem do Instagram",,Total,94633,47665,2320,36,11,39,11
18067408301629172,17841401683210430,portalr7,"Portal R7","É de aquecer o coração, né torcedor? 🫶

➡️ É de graça! Acompanhe a transmissão digital do #PaulistãoNaRECORD em R7.com e RecordPlus.com
#PortalR7 #R7 #DesimpedidosNoR7",35,"01/10/2026 16:07",https://www.instagram.com/reel/DTWYJaQkSOL/,"Reel do Instagram",,Total,765746,490901,52203,920,106,400,0
17844050937670607,17841400074692954,paulistao,Paulistão,"Raphael marcou o gol do Guarani e foi eleito pela galera o Craque do Jogo!
#PaulistãoCasasBahia #CraqueDoJogo #7KBet
📷Rebeca Reis/Ag. Paulistão",0,"01/10/2026 16:06",https://www.instagram.com/p/DTWYO4QElPr/,"Imagem do Instagram",,Total,38714,17786,246,11,1,19,4
18075641483586256,17841400074692954,paulistao,Paulistão,"GOL HISTÓRICO E QUE GARANTIU O EMPATE DO PRIMAVERA!
Josiel marcou nos acréscimos o primeiro gol da história do Fantasma no Paulistão Casas Bahia!
#PaulistãoCasasBahia #Betano",18,"01/10/2026 15:57",https://www.instagram.com/reel/DTWXKovCVeo/,"Reel do Instagram",,Total,652740,408240,10647,204,73,178,309
17969665010840580,17841400074692954,paulistao,Paulistão,"NO APAGAR DAS LUZES!
Primavera marca nos acréscimos e garante empate no Brinco de Ouro!
#PaulistãoCasasBahia #CasasBahia
📷Rebeca Reis/Ag. Paulistão",0,"01/10/2026 15:41",https://www.instagram.com/p/DTWVXCyEqSg/,"Carrossel do Instagram",,Total,40266,19201,993,52,4,47,4
18091025386987597,17841400864030342,casasbahia,"Casas Bahia 💙","A oferta campeã é: a Fritadeira! 🏆 Por apenas R$ 399,00 ou em ate 10 vezes sem juros. 

Tá liberado e vocês já podem garantir direto na Casas Bahia. Corre pra aproveitar! 🔥 @paulistao #PaulistãoCasasBahia ⚽️",0,"01/10/2026 15:36",https://www.instagram.com/p/DTWU3AHjwgK/,"Carrossel do Instagram",,Total,699057,663481,221,19,2,80,0
18031966622569964,17841400074692954,paulistao,Paulistão,"QUE DEFESA DO CAÍQUE FRANÇA!
#PaulistãoCasasBahia",18,"01/10/2026 15:23",https://www.instagram.com/reel/DTWTVtRFL7K/,"Reel do Instagram",,Total,115108,74930,1298,53,4,33,15
17892348099260005,17841400074692954,paulistao,Paulistão,"RAPHAEL É O NOME DO GOL DO BUGRÃO!
#PaulistãoCasasBahia #Betano",26,"01/10/2026 15:20",https://www.instagram.com/reel/DTWS82vkva7/,"Reel do Instagram",,Total,44068,30807,724,15,5,12,9
18374038642092477,17841400074692954,paulistao,Paulistão,"GELADEIRA OU FRITADEIRA? 👀
Tem novidade em campo daqui a pouco, hein! Quer dar aquela renovada na sua casa? Então fica de olho em Palmeiras e Portuguesa! O lado da moeda que for sorteado antes do início da partida vai virar desconto lá nas @casasbahia!
#PaulistãoCasasBahia
📷Jhony Inácio/Ag. Paulistão",0,"01/10/2026 15:14",https://www.instagram.com/p/DTWSQd7ks1F/,"Carrossel do Instagram",,Total,143095,61732,2627,219,2,59,39
18033689771557744,17841401570710800,vaipedrolopes,"Pedro Lopes","FELIZ ANO NOVO PARA OS JOGADORES DO SANTOS! 

@meta 
@oakleybr 
@paulistao",24,"01/10/2026 14:46",https://www.instagram.com/reel/DTWO4hcCWgn/,"Reel do Instagram",,Total,190499,100391,9617,31,99,28,0
17849205402622815,17841400074692954,paulistao,Paulistão,"UM VERDADEIRO MILAGRE DO VICTOR HUGO, DO PRIMAVERA!
#PaulistãoCasasBahia",19,"01/10/2026 14:44",https://www.instagram.com/reel/DTWO1JtD0lJ/,"Reel do Instagram",,Total,137220,85818,3374,166,33,58,35
18082601545919742,17841400074692954,paulistao,Paulistão,"OS EMBALOS DE SÁBADO A NOITE NO CANINDÉ!
#PaulistãoCasasBahia 
📷Jhony Inácio/Ag. Paulistão",0,"01/10/2026 14:39",https://www.instagram.com/p/DTWOWbmkiDi/,"Carrossel do Instagram",,Total,26634,11358,574,2,1,4,7
17982200096941473,17841400074692954,paulistao,Paulistão,"PEGA ESSE CHAPÉU!
O Mirandinha aprontou, hein?!
#PaulistãoCasasBahia",8,"01/10/2026 14:35",https://www.instagram.com/reel/DTWNqpPEt4W/,"Reel do Instagram",,Total,52648,30309,788,16,4,21,8
18370248673083132,17841400074692954,paulistao,Paulistão,"Intervalo de jogo e o placar não saiu do zero no Brinco de Ouro!
Será que teremos gol no segundo tempo?
#PaulistãoCasasBahia
📷Rebeca Reis/Ag. Paulistão",0,"01/10/2026 14:23",https://www.instagram.com/p/DTWMe09EoTG/,"Imagem do Instagram",,Total,21952,12007,328,4,0,4,3
17984387084775708,17841471196696715,ohdejay,"Dj | Inteligencia Artificial","O bom filho à casa torna! Estreia com o pé direito e já cravou como melhor em campo. O Gabi é a cara do Peixe. 🔥🐋 

#SantosFC #Gabigol #Futebol #paulistao",0,"01/10/2026 14:08",https://www.instagram.com/p/DTWKu_BgbFZ/,"Imagem do Instagram",,Total,601938,354476,60234,2241,107,228,0
18102453487769837,17841400861993763,matheusgonze1,"Matheus Gonze","Passa o pix que eu pago @neymarjr 😂😂😂😂",24,"01/10/2026 14:06",https://www.instagram.com/reel/DTWJvNwj07m/,"Reel do Instagram",,Total,16599944,9303453,773796,14648,7589,5155,0
18048882515701675,17841400074692954,paulistao,Paulistão,"TRADIÇÃO EM CAMPO!
É dia de um dos jogos mais tradicionais da capital paulista. É dia de Portuguesa e Palmeiras no Canindé!
#PaulistãoCasasBahia #CasasBahia
📷Jhony Inácio/Ag. Paulistão",0,"01/10/2026 14:04",https://www.instagram.com/p/DTWKTg0Epgw/,"Carrossel do Instagram",,Total,29274,12281,771,5,0,11,5
18382871716159626,17841401570710800,vaipedrolopes,"Pedro Lopes","VOCÊ ESTÁ DENTRO DO CAMPO COMIGO! 🔥 

@oakleybr 
@meta 
@furiagg 

#futebol #humor #brasil #gols",49,"01/10/2026 14:03",https://www.instagram.com/reel/DTWJt-viUZP/,"Reel do Instagram",,Total,78781,54457,4716,8,16,15,0
18083865875467968,17841400074692954,paulistao,Paulistão,"FALA, GABIGOL!
#CraqueDoJogo 7K Bet, Gabriel Barbosa falou um pouco sobre a importância da vitória na estreia do Paulistão Casas Bahia.
#7KBet #PaulistãoCasasBahia",64,"01/10/2026 13:57",https://www.instagram.com/reel/DTWJcrPgNhm/,"Reel do Instagram",,Total,146921,87548,12065,118,22,50,87
17897392617369188,17841400074692954,paulistao,Paulistão,"FALA DELE!
Gabigol, o #CraqueDoJogo 7K Bet!
#7KBet #PaulistãoCasasBahia",40,"01/10/2026 13:38",https://www.instagram.com/reel/DTWHQQcikNl/,"Reel do Instagram",,Total,65918,43453,2899,125,8,23,23
18106660015679043,17841400074692954,paulistao,Paulistão,"Aquecimento finalizado! É hora da bola rolar no Brinco de Ouro!
#PaulistãoCasasBahia #CasasBahia
📷Rebeca Reis/Ag. Paulistão",0,"01/10/2026 13:27",https://www.instagram.com/p/DTWGGYHklBW/,"Carrossel do Instagram",,Total,16929,7704,210,2,0,1,0
18069165500411839,17841400074692954,paulistao,Paulistão,"O HOMEM DO JOGO! 💪💪
#PaulistãoCasasBahia 
📷Diego Soares/Ag. Paulistão",0,"01/10/2026 13:26",https://www.instagram.com/p/DTWF-bnErE2/,"Imagem do Instagram",,Total,38114,21389,4177,21,16,7,24
18102034591697156,17841400074692954,paulistao,Paulistão,"OLHA O RALF AÍ! É DIA DE ESTREIA NO GUARANI!
#PaulistãoCasasBahia #CasasBahia
📷Rebeca Reis/Ag. Paulistão",0,"01/10/2026 13:23",https://www.instagram.com/p/DTWFkQJEps3/,"Imagem do Instagram",,Total,55427,30211,2103,5,6,4,9
17938177998126965,17841400074692954,paulistao,Paulistão,"OLHA O CRAQUE DO JOGO AÍ! 🤳
#CraqueDoJogo #7KBet #PaulistãoCasasBahia",0,"01/10/2026 13:19",https://www.instagram.com/p/DTWFHo7kmJ6/,"Imagem do Instagram",,Total,168694,93585,22382,193,244,68,66
18144336100456078,17841400074692954,paulistao,Paulistão,"O BUGRÃO TÁ NA PELE!
#PaulistãoCasasBahia #CasasBahia
📷Rebeca Reis/Ag. Paulistão",0,"01/10/2026 13:18",https://www.instagram.com/p/DTWE_RfknWc/,"Imagem do Instagram",,Total,42327,22894,884,27,15,66,2
18084006161154474,17841400074692954,paulistao,Paulistão,"THACIANO É O NOME DA EMOÇÃO!
O camisa 16 marcou no finzinho e garantiu a vitória do Santos!
#PaulistãoCasasBahia
📷Diego Soares/Ag. Paulistão",0,"01/10/2026 13:16",https://www.instagram.com/p/DTWE3AmkpRc/,"Carrossel do Instagram",,Total,21274,9773,1395,1,6,6,2
18091641415794076,17841400074692954,paulistao,Paulistão,"DAQUI A POUCO A BOLA ROLA NO BRINCO DE OURO PARA GUARANI E PRIMAVERA!
#PaulistãoCasasBahia #CasasBahia
📷Rebeca Reis/Ag. Paulistão",0,"01/10/2026 13:15",https://www.instagram.com/p/DTWEv6Hkgz_/,"Imagem do Instagram",,Total,18654,10617,258,2,0,2,1
18119214673565161,17841400074692954,paulistao,Paulistão,"O HOMEM TEM ESTRELA!
Não tem jeito! Primeiro jogo, primeiro gol e primeiro troféu de #CraqueDoJogo pro Gabigol!
#7KBet #PaulistãoCasasBahia
📷Diego Soares/Ag. Paulistão",0,"01/10/2026 13:14",https://www.instagram.com/p/DTWEko8kiF-/,"Imagem do Instagram",,Total,857121,670209,3803,881,108,71,49
18053381714387740,17841400074692954,paulistao,Paulistão,"O TIGRE TAVA BRAVO NA ABERTURA DO PAULISTÃO CASAS BAHIA, HEIN?!
#PaulistãoCasasBahia",0,"01/10/2026 13:11",https://www.instagram.com/p/DTWEPCyEgUs/,"Imagem do Instagram",,Total,20569,11103,483,15,1,9,8
18559178272059519,17841400074692954,paulistao,Paulistão,"THACIANO VAI PRA REDE E GARANTE A VITÓRIA DO SANTOS!
#PaulistãoCasasBahia #Betano",35,"01/10/2026 13:11",https://www.instagram.com/reel/DTWELJBis-V/,"Reel do Instagram",,Total,35950,24286,1661,28,5,13,7
18089117579009120,17841455066317821,cazetv,CazéTV,"O GOL QUE EXPLODIU A VILA BELMIRO! ⚽🔥🏟️

Thaciano entrou pra mudar o jogo! 👏🌟 Dá só uma olhada no gol do camisa 16, pra virar a partida e garantir a vitória do Peixe na estreia do #PaulistãoNaCazéTV! 🐳⚪

🎥 @linexgomes_

#TempoRealCazéTV #Santos #Thaciano #Original",38,"01/10/2026 13:07",https://www.instagram.com/reel/DTWDrEakVuh/,"Reel do Instagram",,Total,569426,341836,19488,108,7,58,0
18402968530132804,17841400074692954,paulistao,Paulistão,"VIRADA DO PEIXE!
O Santos fica com os três pontos na Vila Belmiro!
#PaulistãoCasasBahia #CasasBahia
📷Pedro Zacchi e Diego Soares/Ag. Paulistão",0,"01/10/2026 13:06",https://www.instagram.com/p/DTWDok9kvox/,"Carrossel do Instagram",,Total,68978,36383,4433,196,23,35,29
17880085599447678,17841400074692954,paulistao,Paulistão,"⚽⚽O ECHAPORÃ COMEÇOU O PAULISTÃO CASAS BAHIA DAQUELE JEITO!
#PaulistãoCasasBahia",0,"01/10/2026 13:02",https://www.instagram.com/p/DTWDPogkhOw/,"Imagem do Instagram",,Total,77610,39516,1877,58,6,25,11
17866142985542301,17841400074692954,paulistao,Paulistão,"CRAQUE DO JOGO NA ÁREA!
Echaporã jogou muito, fez dois gols e levou o troféu de Craque do Jogo!
#CraqueDoJogo #7KBet #PaulistãoCasasBahia",30,"01/10/2026 12:59",https://www.instagram.com/reel/DTWCyy_iN0f/,"Reel do Instagram",,Total,58264,40996,1341,49,8,24,9
17869284177532562,17841421574315741,historiasantista,"Rafael Falino","É DELE! THACIANO!🤜🤛

#historiasantista #santosfc #paulistao #futebol",60,"01/10/2026 12:56",https://www.instagram.com/reel/DTWCaS_ji3z/,"Reel do Instagram",,Total,374944,262204,27132,700,114,321,0
18053327675399564,17841400074692954,paulistao,Paulistão,"OLHA O NEY AÍ!
Se liga na reação do craque quando o Novorizontino abriu o placar.
#PaulistãoCasasBahia
🎥HIstória Santista",10,"01/10/2026 12:55",https://www.instagram.com/reel/DTWCakCDYDT/,"Reel do Instagram",,Total,98008,61416,11218,360,103,44,119
18083098144900463,17841400074692954,paulistao,Paulistão,"ELE DECIDE! 
OS DOIS GOLS DE ECHAPORÃ NA VITÓRIA DO SÃO BERNARDO! 
#PaulistãoCasasBahia",27,"01/10/2026 12:52",https://www.instagram.com/reel/DTWBsbREoNa/,"Reel do Instagram",,Total,28693,20920,671,13,3,5,3
18213933013311653,17841400074692954,paulistao,Paulistão,"PREDESTINADO! ✨
#PaulistãoCasasBahia
📷Diego Soares/Ag. Paulistão",0,"01/10/2026 12:44",https://www.instagram.com/p/DTWBKuhEnQF/,"Carrossel do Instagram",,Total,38449,19647,3266,41,16,10,17
17956930076907954,17841400074692954,paulistao,Paulistão,"É DA REDE QUE ELE GOSTA! ⚽️
Sim, hoje teve gol do Gabigol!
#PaulistãoCasasBahia #Betano",45,"01/10/2026 12:38",https://www.instagram.com/reel/DTWAavUFc_f/,"Reel do Instagram",,Total,123786,70290,3406,102,5,25,29
18090888442789712,17841400074692954,paulistao,Paulistão,"A FLECHADA DO PEDRO VITOR! 
#PaulistãoCasasBahia
📷Rafael Assunção/Ag. Paulistão",0,"01/10/2026 12:35",https://www.instagram.com/p/DTWAKmGklPV/,"Carrossel do Instagram",,Total,51552,23040,1387,51,6,67,6
18311848462267877,17841400074692954,paulistao,Paulistão,"NÃO TINHA COMO SER DIFERENTE! 💪💪
#PaulistãoCasasBahia",0,"01/10/2026 12:30",https://www.instagram.com/p/DTV_jzlEsXt/,"Imagem do Instagram",,Total,26772,15142,1049,44,0,8,7
18090765707506964,17841400074692954,paulistao,Paulistão,"Arbitragem escalada para a partida entre Portuguesa e Palmeiras!
#EscalaDeArbitragem #PaulistãoCasasBahia",0,"01/10/2026 12:30",https://www.instagram.com/p/DTV6ZGvD9lW/,"Imagem do Instagram",,Total,33583,19171,449,9,3,11,5
18075197183589259,17841401570710800,vaipedrolopes,"Pedro Lopes","GABIGOL É GOL ⚽️ 

@gabigol 

#futebol #brasil #santos #gabigol",35,"01/10/2026 12:26",https://www.instagram.com/reel/DTV-8xECRCj/,"Reel do Instagram",,Total,299553,158441,16273,1238,29,98,0
17855569860599208,17841400861993763,matheusgonze1,"Matheus Gonze","EU SOU O MATHEUS GONZE, O EMBAIXADOR OFICIAL DO PAULISTÃO CASAS BAHIA 2026!

Esse ano vocês vão ver conteúdos e bastidores que ninguém NUNCA MOSTROU!! Aguardem…",40,"01/10/2026 12:21",https://www.instagram.com/reel/DTV-MXmD5mv/,"Reel do Instagram",,Total,227315,162557,8450,26,104,86,0
17863141617486913,17841400074692954,paulistao,Paulistão,"O CRAQUE DA ABERTURA DO PAULISTÃO CASAS BAHIA!
Echaporã marcou duas vezes e foi eleito pela galera o Craque do Jogo!
#CraqueDoJogo #7KBet #PaulistãoCasasBahia 
📷Rafael Assunção/Ag. Paulistão",0,"01/10/2026 12:21",https://www.instagram.com/p/DTV-dYhknn0/,"Imagem do Instagram",,Total,20762,11821,188,11,1,6,4
18079094576216300,17841400074692954,paulistao,Paulistão,"PEDRO VITOR FECHA A GOLEADA DO BERNÔ!
#PaulistãoCasasBahia #Betano",19,"01/10/2026 12:11",https://www.instagram.com/reel/DTV9SL6EWdf/,"Reel do Instagram",,Total,41995,29192,736,18,4,18,7
18126883198523003,17841421574315741,historiasantista,"Rafael Falino","OS PRIMEIROS MOMENTOS DE GABIGOL NO SANTOS

#historiasantista #santos #gabigol #futebol #paulistao",36,"01/10/2026 12:05",https://www.instagram.com/reel/DTV8TdJDsft/,"Reel do Instagram",,Total,1228877,777146,66002,761,139,136,0
18049077059476323,17841400074692954,paulistao,Paulistão,"É O TIGRE DO ABC!🐯⚽⚽⚽⚽
GOLEADA DO SÃO BERNARDO NA ABERTURA DO PAULISTÃO CASAS BAHIA!
#PaulistãoCasasBahia #CasasBahia
📷Rafael Assunção/Ag. Paulistão",0,"01/10/2026 12:03",https://www.instagram.com/p/DTV8U4bkpZy/,"Carrossel do Instagram",,Total,46608,22945,1535,146,4,28,6
17870448888509356,17841400074692954,paulistao,Paulistão,"GRANDÃO!
Gabriel Brazão cresceu pra cima do ataque do Novorizontino e impediu o gol do Tigre.
#PaulistãoCasasBahia",17,"01/10/2026 11:57",https://www.instagram.com/reel/DTV7rosgWs_/,"Reel do Instagram",,Total,73771,46995,1625,119,3,66,20
18077563661198083,17841400074692954,paulistao,Paulistão,"TIGRE NA FRENTE!
Fim de primeiro tempo e a equipe visitante tem a vantagem no placar!
#PaulistãoCasasBahia #CasasBahia
📷Pedro Zacchi/Ag. Paulistão",0,"01/10/2026 11:53",https://www.instagram.com/p/DTV7QLgkoFl/,"Imagem do Instagram",,Total,33280,17671,663,23,4,35,2
18053463560398573,17841400074692954,paulistao,Paulistão,"É O TERCEIRO DO SÃO BERNARDO!
FELIPE GARCIA NÃO PERDOA!
#PaulistãoCasasBahia #Betano",10,"01/10/2026 11:50",https://www.instagram.com/reel/DTV688FlhGS/,"Reel do Instagram",,Total,39177,28700,777,8,7,13,7
18090815194802778,17841400074692954,paulistao,Paulistão,"O TIGRE TÁ NA FRENTE!
Diego Galo abre o placar na Vila Belmiro!
#PaulistãoCasasBahia #Betano",35,"01/10/2026 11:43",https://www.instagram.com/reel/DTV6FdKDUJJ/,"Reel do Instagram",,Total,119643,74319,1983,69,2,63,9
17932908030155939,17841400074692954,paulistao,Paulistão,"OLHA ELE AÍ DE NOVO!
Echaporã faz o segundo dele e o segundo do São Bernardo!
#PaulistãoCasasBahia #Betano",17,"01/10/2026 11:36",https://www.instagram.com/reel/DTV5TmODBAC/,"Reel do Instagram",,Total,38629,27608,900,12,3,18,6
18336460165210258,17841400074692954,paulistao,Paulistão,"Torcedor do Novorizontino aproveitou a chance e deu aquela tietada básica no Gabigol. Garantiu a selfie 🤳
#PaulistãoCasasBahia",11,"01/10/2026 11:29",https://www.instagram.com/reel/DTV4ktBFOXT/,"Reel do Instagram",,Total,107601,58593,2840,19,4,3,33
18105093103689140,17841401570710800,vaipedrolopes,"Pedro Lopes","ESSE AMA O CLUBE! 😍🥰❤️

@robinhojr 

#futebol #humor #brasil #gols #robinho",14,"01/10/2026 11:23",https://www.instagram.com/reel/DTV3uAhCc03/,"Reel do Instagram",,Total,2124689,1047794,153243,3933,532,1032,0
18190664896350012,17841455066317821,cazetv,CazéTV,"DEPOIS DE 7 ANOS, A VILA VOLTA A ECOAR ESSA... 🗣️🔊

O homem está de volta! ⚪💪

#PaulistãoNaCazéTV #TempoRealCazéTV #Santos #Gabigol #Original",19,"01/10/2026 11:18",https://www.instagram.com/reel/DTV3KPekTlc/,"Reel do Instagram",,Total,1276690,712604,50267,588,15,398,0
18200692180327892,17841400074692954,paulistao,Paulistão,"O JOÃO PAULO QUASE MARCOU UM GOLAÇO!
#PaulistãoCasasBahia",11,"01/10/2026 11:13",https://www.instagram.com/reel/DTV2pjYgBIG/,"Reel do Instagram",,Total,78323,50694,1064,2,1,4,9
18087159410106360,17841400074692954,paulistao,Paulistão,"SAIU O PRIMEIRO GOL DO PAULISTÃO CASAS BAHIA!
Echaporã marca para o São Bernardo!
#PaulistãoCasasBahia #Betano",23,"01/10/2026 11:10",https://www.instagram.com/reel/DTV2UcoATYF/,"Reel do Instagram",,Total,55081,36364,1396,14,17,15,12
18556015864061233,17841421574315741,historiasantista,"Rafael Falino","GABRIEL MENINO, SOUZA E NEYMAR NA VILA🚨

#historiasantista #santosfc #paulistao #neymar #futebol",37,"01/10/2026 11:02",https://www.instagram.com/reel/DTV1L9mjl3-/,"Reel do Instagram",,Total,703463,433057,36325,943,69,161,0
17915520603254820,17841400074692954,paulistao,Paulistão,"ECHAPORÃ MARCA O PRIMEIRO GOL DO PAULISTÃO CASAS BAHIA 2026!
#PaulistãoCasasBahia",0,"01/10/2026 10:53",https://www.instagram.com/p/DTV0anKEjKo/,"Imagem do Instagram",,Total,115875,71891,1629,115,9,24,24
18063022790271788,17841400074692954,paulistao,Paulistão,"BERNÔ NA FRENTE DO PLACAR NA ABERTURA DO PAULISTÃO CASAS BAHIA 2026!
#PaulistãoCasasBahia
📷Rafael Assunção/Ag. Paulistão",0,"01/10/2026 10:50",https://www.instagram.com/p/DTV0JgPkq3n/,"Imagem do Instagram",,Total,16206,9080,285,4,1,4,2
18035366018535443,17841400074692954,paulistao,Paulistão,"O TIGRE VAI PRO JOGO!
Aquecimento finalizado! Já já o Novorizontino entra em campo para encarar o Santos na primeira rodada do Paulistão Casas Bahia 2026.
#PaulistãoCasasBahia 
📷Pedro Zacchi/Ag. Paulistão",0,"01/10/2026 10:49",https://www.instagram.com/p/DTVz73mkraD/,"Carrossel do Instagram",,Total,25745,12682,563,2,0,0,4
18103125127701280,17841400074692954,paulistao,Paulistão,"O PRIMEIRO GOL DO PAULISTÃO CASAS BAHIA É DO SÃO BERNARDO!
É DE ECHAPORÃ!
#PaulistãoCasasBahia
📷Rafael Assunção/Ag. Paulistão",0,"01/10/2026 10:44",https://www.instagram.com/p/DTVza5JkpJU/,"Imagem do Instagram",,Total,45202,24419,1111,7,0,10,7
18067819265165766,17841400074692954,paulistao,Paulistão,"OLHA ELE AÍ! 💪💪
Gabigol voltou ao Santos e já vai pro jogo! O camisa 9 do Peixe está escalado para a estreia do Santos no Paulistão Casas Bahia 2026!
#PaulsitãoCasasBahia
📷Diego Soares/Ag. Paulistão",0,"01/10/2026 10:30",https://www.instagram.com/p/DTVx3Tjki-h/,"Carrossel do Instagram",,Total,49583,21107,2239,25,12,6,13
18005024840835517,17841400074692954,paulistao,Paulistão,"Arbitragem escalada para a partida entre Guarani e Primavera!
#EscalaDeArbitragem #PaulistãoCasasBahia",0,"01/10/2026 10:30",https://www.instagram.com/p/DTVspcoE7yg/,"Imagem do Instagram",,Total,31900,16597,322,23,4,13,10
17956343568047065,17841400074692954,paulistao,Paulistão,"CHEGARAM COM AS MALAS CHEIAS! ✈️
Esses são alguns reforços de Botafogo, Noroeste, Capivariano e Primavera! Quem será que vai brilhar no #PaulistãoCasasBahia? 🔥 #Latam",0,"01/10/2026 10:00",https://www.instagram.com/p/DTVpNA8DY9s/,"Imagem do Instagram",,Total,27857,13796,389,15,0,4,3
18378776632156847,17841401009444456,tntsportsbr,"TNT Sports Brasil","HOJE TEM ESTREIA DO PEIXÃO NA TEMPORADA! 🤍🖤 O Santos vai a campo na Vila Belmiro para enfrentar o Novorizontino pela 1ª rodada do Paulistão e você assiste AO VIVO E EXCLUSIVO na TNT e na HBO Max! Assine com o link da BIO! #FutebolBrasileiro #PaulistãoNaTNT #PaulistãoNaHBOMax",0,"01/10/2026 05:30",https://www.instagram.com/p/DTVPbw_kXK5/,"Imagem do Instagram","Ocorreu um erro ao computar métricas.",-,,,,,,,
18020951828619680,17841401683210430,portalr7,"Portal R7","A ESPERA ACABOU: VEM AÍ O PAULISTÃO 2026! ⚽️

Ainda não sabe como assistir aos jogos no R7.com? Então arraste para o lado e siga o passo a passo para curtir todas as emoções do campeonato na companhia da turma do @desimpedidos. É GRATUITO! 🗣️

➡️ Assista às transmissões do #PaulistãoNaRECORD em R7.com e em RecordPlus.com. O link está na bio.
#PortalR7 #R7",0,"01/09/2026 13:48",https://www.instagram.com/p/DTTjsmbFcyc/,"Carrossel do Instagram","Ocorreu um erro ao computar métricas.",-,,,,,,,
18049970858458932,17841400074692954,paulistao,Paulistão,"A Federação Paulista de Futebol deseja a todos um Feliz Ano Novo! ✨
#FelizAnoNovo #2026",0,"12/31/2025 19:05",https://www.instagram.com/p/DS83ov6DBV8/,"Imagem do Instagram",,Total,121776,57260,3677,389,1,13,28
18090340264953933,17841400074692954,paulistao,Paulistão,"TODOS OS MEUS CAMPEÕES DE 2025! 🏆🌟
E aí, torcedor, que taça do Futebol Paulista seu time do coração levou esse ano?
#FutebolPaulista",0,"12/31/2025 07:00",https://www.instagram.com/p/DS7krpBifjQ/,"Imagem do Instagram",,Total,723662,290629,21286,378,30,150,359
17972247926828664,17841400074692954,paulistao,Paulistão,"AQUECIMENTO CONCLUÍDO!
VAI COMEÇAR O PAULISTÃO CASAS BAHIA 2026!
#PaulistãoCasasBahia
📷Rafael Assunção/Ag. Paulistão",0,"01/10/2026 09:50",https://www.instagram.com/p/DTVtNW6kpvv/,"Carrossel do Instagram",,Total,15797,7107,198,3,0,1,0
18108034981632669,17841400074692954,paulistao,Paulistão,"TÁ CHEGANDO A HORA!
A Vila mais famosa do mundo está pronta para a estreia do Paulistão Casas Bahia 2026! Chegou a vez de Santos e Novorizontino irem a campo!
#PaulistãoCasasBahia 
📷Diego Soares/Ag. Paulistão",0,"01/10/2026 09:46",https://www.instagram.com/p/DTVsvAokl6R/,"Carrossel do Instagram",,Total,31181,14341,1096,1,3,5,2
18088199275847534,17841400074692954,paulistao,Paulistão,"PREPARANDO PRO POUSO NO PAULISTÃO CASAS BAHIA! ✈️
Esses são alguns dos novos reforços de Ponte Preta, Guarani, Velo Clube e Portuguesa! 🤩 #PaulistãoCasasBahia #Latam",0,"01/10/2026 09:45",https://www.instagram.com/p/DTVnd8YDR-a/,"Imagem do Instagram",,Total,70485,35114,1122,9,4,9,11
17905668831335723,17841400074692954,paulistao,Paulistão,"O HOMEM TÁ ON!
O Capivariano conta com toda a qualidade do Vinicius Popó neste Paulistão Casas Bahia. E o homem sabe o que faz, hein? 👀🔥
#PaulistãoCasasBahia",0,"01/10/2026 09:30",https://www.instagram.com/p/DTVl4KxjWkr/,"Imagem do Instagram",,Total,65019,33336,656,7,2,2,7
17865185706551235,17841400074692954,paulistao,Paulistão,"TORCIDA PRESENTE!
Vai chegando a hora da bola rolar na estreia do Paulistão Casas Bahia 2026 e a torcida comparece ao 1º de Maio para acompanhar São Bernardo e Capivariano de pertinho!
#PaulistãoCasasBahia 
📷Rafael Assunção/Ag. Paulistão",0,"01/10/2026 09:25",https://www.instagram.com/p/DTVqW_SEuPQ/,"Carrossel do Instagram",,Total,35571,14098,559,9,0,14,4
18090876958970287,17841400074692954,paulistao,Paulistão,"ACERTE O SEU AÍ QUE EU ARREDONDO O MEU AQUI!
O Paulistão Casas Bahia 2026 está valendo! E pra começar, já já a bola vai rolar no 1º de Maio para São Bernardo e Capivariano!
#PaulistãoCasasBahia
📷Rafael Assunção/Ag. Paulistão",0,"01/10/2026 09:19",https://www.instagram.com/p/DTVpszhkgyd/,"Carrossel do Instagram",,Total,14935,6277,353,11,0,1,3
18184003543358040,17841400074692954,paulistao,Paulistão,"ALERTA DE JOGÃO NO CANINDÉ!
Portuguesa e Palmeiras vão agitar a noite de sábado no Paulistão Casas Bahia!
#PaulistãoCasasBahia",0,"01/10/2026 09:00",https://www.instagram.com/p/DTViYbkDzdS/,"Imagem do Instagram",,Total,63187,32657,1408,41,5,22,17
17989361243876561,17841400074692954,paulistao,Paulistão,"NINGUÉM SEGURA!
Em 2023, o Capivariano estava disputando o Paulistão A3 Rivalo. Agora, em 2026, eles vão entrar em campo pelo Paulistão Casas Bahia ☄️
#PaulistãoCasasBahia",0,"01/10/2026 08:45",https://www.instagram.com/p/DTVgm82jQjm/,"Imagem do Instagram",,Total,57475,29601,721,57,8,11,4
18092047318962351,17841421574315741,historiasantista,"Rafael Falino","O ÚLTIMO PAULISTÃO DE GABIGOL🤩💪

Com direito a gol nos primeiros 4 jogos, será que ele vai repetir a dose?👀

Para saber mais, fique ligado nas redes sociais do maior Estadual do país, o Paulistão Casas Bahia

#historiasantista #santosfc #paulistao #gabigol #futebol",62,"01/10/2026 08:32",https://www.instagram.com/reel/DTVkKC7jsR0/,"Reel do Instagram",,Total,41128,26761,2628,16,4,20,0
18095489911898591,17841400074692954,paulistao,Paulistão,"BUGRÃO E FANTASMA VÃO ESTREAR NO PAULISTÃO CASAS BAHIA COM NOVIDADES!
#PaulistãoCasasBahia",0,"01/10/2026 08:30",https://www.instagram.com/p/DTVe5hIko-3/,"Imagem do Instagram",,Total,64377,30255,1227,52,12,25,8
18033449843765291,17841400074692954,paulistao,Paulistão,"O NOVO PACOTE GRÁFICO DO PAULISTÃO CASAS BAHIA ESTÁ ABSOLUTE CINEMA!!!!
😍😍😍😍😍😍😍😍😍😍😍",39,"01/10/2026 08:20",https://www.instagram.com/reel/DTVizRPjTlj/,"Reel do Instagram",,Total,86343,53481,7238,847,26,106,298
18519835306068772,17841400074692954,paulistao,Paulistão,"Arbitragem escalada para a partida entre Santos e Novorizontino!
#EscalaDeArbitragem #PaulistãoCasasBahia",0,"01/10/2026 08:00",https://www.instagram.com/p/DTVbgHDkn9y/,"Imagem do Instagram",,Total,54370,30166,810,39,8,7,6
18092855536758680,17841400074692954,paulistao,Paulistão,"ÚLTIMA CHAMADA! ✈️
Esses são alguns dos reforços de São Bernardo, Novorizontino, Red Bull Bragantino e Mirassol pro Paulistão Casas Bahia! Bons nomes? 👀 #PaulistãoCasasBahia #Latam",0,"01/10/2026 07:45",https://www.instagram.com/p/DTVZ18KkoE5/,"Imagem do Instagram",,Total,56916,29251,1027,6,1,2,11
17887860228423119,17841400074692954,paulistao,Paulistão,"PARCERIA DE MILHÕES! 
Vem conhecer os 12 influenciadores que estarão representando o Paulistão Casas Bahia e os clubes participantes! Conteúdo de qualidade não vai faltar 🤩
#CriadoresPaulistãoCasasBahia",0,"01/10/2026 07:39",https://www.instagram.com/p/DTVeSsIjds2/,"Carrossel do Instagram",,Total,436612,223926,9427,171,21,168,134
18096974038906832,17841401009444456,tntsportsbr,"TNT Sports Brasil","AMANHÃ TEM CORINTHIANS EM CAMPO NO PAULISTÃO! 🦅🦅 Atual campeão, o Timão recebe a Ponte Preta pela 1ª rodada do Paulistão e você assiste AO VIVO E EXCLUSIVO na TNT e na HBO Max! Assine com o link da BIO! #FutebolBrasileiro #PaulistãoNaTNT #PaulistãoNaHBOMax",0,"01/10/2026 07:30",https://www.instagram.com/p/DTVdK4yEcd2/,"Imagem do Instagram",,Total,4211924,1940388,160509,3759,104,532,0
18116744128586310,17841400074692954,paulistao,Paulistão,"Arbitragem escalada para a partida entre São Bernardo e Capivariano!
#EscalaDeArbitragem #PaulistãoCasasBahia",0,"01/10/2026 07:30",https://www.instagram.com/p/DTVYDF-EqWO/,"Imagem do Instagram",,Total,28956,15726,356,46,6,8,3
18034291094759274,17841400074692954,paulistao,Paulistão,"BORA PRO SEGUNDO JOGO! 🤩
O Santos estreia contra o Novorizontino, às 16h! Quem será que começa o Paulistão Casas Bahia com 3 pontos? 👀 #PaulistãoCasasBahia2026
📺 TNT Sports, HBO Max",0,"01/10/2026 07:00",https://www.instagram.com/p/DTVUnU2DYtN/,"Imagem do Instagram",,Total,57978,30247,1395,39,3,28,16
17868645729518890,17841400074692954,paulistao,Paulistão,"TODOS PRONTOS NO PORTÃO DE EMBARQUE! ✈️
Esses são os novos reforços de Palmeiras, Santos e São Paulo pro Paulistão Casas Bahia! Ansiosos pelas estreias? 👀 #PaulistãoCasasBahia #Latam",0,"01/10/2026 06:45",https://www.instagram.com/p/DTVVKOmjWJj/,"Imagem do Instagram",,Total,83376,40914,2613,15,2,26,26
17988590375929747,17841400074692954,paulistao,Paulistão,"EXPERIÊNCIA NO BERNÔ!
Para o Paulistão Casas Bahia 2026, o @saobernardo_fc vai contar com Pablo e Junior Urso, que foram campeões da competição em 2017 e 2019, respectivamente. Será que eles vão dar sorte para o Tigre?
#PaulistãoCasasBahia",0,"01/10/2026 06:30",https://www.instagram.com/p/DTVRLGEDSnD/,"Imagem do Instagram",,Total,140089,75804,1629,51,5,22,24
18103456903814326,17841400074692954,paulistao,Paulistão,"MAIS TRÊS 🔥
Bora conferir o bonde que anima a noite de sábado no #PaulistãoA2Rivalo2026!",0,"01/10/2026 06:00",https://www.instagram.com/p/DTVNwsTkr13/,"Imagem do Instagram",,Total,29637,17142,322,13,3,3,2
18072361769578260,17841400074692954,paulistao,Paulistão,"O PAULISTÃO CASAS BAHIA TE DÁ DESCONTO! 🤑
Assistiu a algum jogo do @paulistao no estádio? Leve seu ingresso a uma loja física da Casas Bahia e ganhe 10% de desconto em QUALQUER PRODUTO! Não vai ficar de fora dessa, né?
#PaulistãoCasasBahia",0,"01/10/2026 05:00",https://www.instagram.com/p/DTVG_XkEqzx/,"Carrossel do Instagram",,Total,109827,57610,476,86,1,81,18
18095896721499457,17841400074692954,paulistao,Paulistão,"ESTREIA OFICIAL! ✅
São Bernardo e Capivariano abrem o Paulistão Casas Bahia, às 15h! Estão prontos pro pontapé inicial? 🤩 #PaulistãoCasasBahia2026
📺 HBO Max",0,"01/10/2026 04:00",https://www.instagram.com/p/DTVABxvDT02/,"Imagem do Instagram",,Total,59200,30247,796,77,5,11,7
18069245654563214,17841400074692954,paulistao,Paulistão,"ABRINDO OS TRABALHOS! 🤩
Bora pro primeiro dia de Paulistão Casas Bahia! Anota aí pra não perder nada! ✍️ #PaulistãoCasasBahia2026",0,"01/10/2026 03:00",https://www.instagram.com/p/DTU5Kdikmk_/,"Imagem do Instagram",,Total,308421,163821,5591,293,126,54,106
18065094788216761,17841400074692954,paulistao,Paulistão,"PARABÉNS, ZETTI! 🧤🥳
O ex-goleiro, campeão do Mundo e bicampeão Paulista
com o São Paulo, comemora 61 anos de vida
nesse sábado (10).
#Aniversário #Zetti",0,"01/10/2026 02:00",https://www.instagram.com/p/DTUyS7pkkOC/,"Imagem do Instagram",,Total,29191,16203,598,12,0,16,10
18108215662710079,17841426196827383,copinha,Copinha,"SABADOU! 😮‍💨
Nada como um fim de semana lotaaaado de Copinha Sil! 🤩 #CopinhaSil2026",0,"01/09/2026 19:05",https://www.instagram.com/p/DTUCzofGA1o/,"Carrossel do Instagram",,Total,266106,97962,4156,223,15,33,67
18067303343188041,17841400074692954,paulistao,Paulistão,"PREPARA O CORAÇÃO!
HOJE COMEÇA O PAULISTÃO CASAS BAHIA 2026 😍
#PaulistãoCasasBahia",0,"01/09/2026 19:05",https://www.instagram.com/p/DTUC0Q_jVb2/,"Imagem do Instagram",,Total,100529,53647,6602,329,67,88,47
17949751650028929,17841455066317821,cazetv,CazéTV,"O MELHOR CAMPEONATO DO BRASIL NO PRIMEIRO SEMESTRE COMEÇA HOOOJE! 🔥🏆 

A PARTIR DAS 19H JÁ TEM JOGÃO DO PAULISTÃO CASAS BAHIA NA TELA DA CAZÉTV! 🚨 É O CLÁSSICO DAS COLÔNIAS ENTRE PORTUGUESA X PALMEIRAS 🇵🇹🇮🇹 SÓ COLA! 

#PlanejamentoCazéTV #PaulistãoNaCazéTV",0,"01/09/2026 19:01",https://www.instagram.com/p/DTUHfqgjfov/,"Imagem do Instagram",,Total,1523502,796754,61001,821,10,313,0
18088909322316754,17841400074692954,paulistao,Paulistão,"SEM GOLS!
Na abertura do Paulistão A2 Rivalo 2026, Osasco Sporting e Ferroviária ficam no empate.
#PaulistãoA2Rivalo2026
📷 Ronaldo Barreto/Ag. Paulistão",0,"01/09/2026 17:08",https://www.instagram.com/p/DTT6iNzjDlq/,"Carrossel do Instagram",,Total,73327,30892,1139,62,1,11,8
18053351282677913,17841401009444456,tntsportsbr,"TNT Sports Brasil","O PEIXÃO QUER A TAÇA DO PAULISTÃO! 🏆👑 O Santos começa a caminhada no Paulistão neste sábado (10) e você assiste AO VIVO E EXCLUSIVO na TNT e na HBO Max! Assine com o link da BIO! #FutebolBrasileiro #PaulistãoNaTNT #PaulistãoNaHBOMax",0,"01/09/2026 16:00",https://www.instagram.com/p/DTTyyvLEdZM/,"Imagem do Instagram",,Total,1536045,731606,46771,1385,39,596,0
18034370234741870,17841400074692954,paulistao,Paulistão,"TÁ CHEGANDO A HORA... ⏰😮‍💨
Confira todos os jogos e onde assistir à 1ª rodada do Paulistão Casas Bahia! Quem mais tá ansioso por aí? É AMANHÃ! 🥹 #PaulistãoCasasBahia2026",0,"01/09/2026 14:00",https://www.instagram.com/p/DTTf28qCX5U/,"Imagem do Instagram",,Total,326302,170559,5178,335,72,94,111
18039565379520510,17841400074692954,paulistao,Paulistão,"AU-LERTA DE FOFURA… E DE PARCERIA NOVA! 🐶⚽️🥰
Ninguém melhor para fazer o ensaio de fotos do novo Multiball do #PaulistãoCasasBahia da @pedigreebr que esses garotos-propaganda!",38,"01/09/2026 13:45",https://www.instagram.com/reel/DTTjTuKkoHL/,"Reel do Instagram",,Total,21163,15946,377,81,2,13,6
18107059996670060,17841400074692954,paulistao,Paulistão,"O GABIGOL ESTÁ DE VOLTA E CONHECE O CAMPEONATO... 👀⚽
Vem ver a lista de todos os gols do craque no Paulistão Casas Bahia até aqui!
#PaulistãoCasasBahia",0,"01/09/2026 13:00",https://www.instagram.com/p/DTTZDVLjhqX/,"Carrossel do Instagram",,Total,155156,58747,7337,48,18,93,68
18138517390465637,17841400074692954,paulistao,Paulistão,"O Multiball do Paulistão Casas Bahia é o mais fofo e eu posso provar! 😍🐶
@pedigreebr arrasou demais!!
#Multiball #Pedigree",0,"01/09/2026 12:28",https://www.instagram.com/p/DTTajPkkjX_/,"Carrossel do Instagram",,Total,46382,20737,925,114,4,36,15
17929616580038071,17841426196827383,copinha,Copinha,"CONTRATO PROFISSIONAL! 🟢⚪
Craque do Palmeiras na Copinha Sil, Eduardo assinou com o Verdão até o fim de 2029! 👏🔥 #CopinhaSil2026
📷 Fabio Menotti/Palmeiras",30,"01/09/2026 11:35",https://www.instagram.com/reel/DTTUaMikUhF/,"Reel do Instagram",,Total,450040,230431,9776,787,28,145,110
17849806416621801,17841400074692954,paulistao,Paulistão,"CONHECEM O CAMINHO! 👀
E aí, será que um deles levanta o troféu de novo esse ano? 💭🏆 #PaulistãoCasasBahia2026",0,"01/09/2026 11:00",https://www.instagram.com/p/DTTPapEE3Cp/,"Carrossel do Instagram",,Total,422688,187509,13611,306,71,112,182
18090468160982208,17841402377902291,redbullbragantino,"Red Bull Bragantino","Um 𝗺𝗲𝗴𝗮 𝘀𝗲𝗻𝗵𝗮 especial @paulistao! 🤳

#RedBullBragantino",168,"01/09/2026 10:59",https://www.instagram.com/reel/DTTQVzYkWb3/,"Reel do Instagram",,Total,63853,43595,983,17,3,23,0
18352236769203907,17841400074692954,paulistao,Paulistão,"MEUS PROFESSORES CAMPEÕES! 🥇✨
Arrasta para o lado para relembrar os últimos 10 técnicos campeões do Paulistão Casas Bahia!
#PaulistãoCasasBahia2026",0,"01/09/2026 10:00",https://www.instagram.com/p/DTTEhhtkiol/,"Carrossel do Instagram",,Total,60062,20362,1555,61,0,29,26
18118841335570633,17841400074692954,paulistao,Paulistão,"MEUS MAIORES CAMPEÕES! 🏆🌟
O Corinthians segue na liderança do ranking de equipes com mais troféus do #PaulistãoCasasBahia! E esse ano, a taça fica com quem? 👀",0,"01/09/2026 08:00",https://www.instagram.com/p/DTS2tQzj8WG/,"Imagem do Instagram",,Total,157338,78745,7263,381,32,128,146
17948083674065443,17841400074692954,paulistao,Paulistão,"VAI COMEÇAR O PAULISTÃO A2 RIVALO! 😮‍💨🔥
Chegou o grande dia! 🥰 
#PaulistãoA2Rivalo",0,"01/09/2026 07:18",https://www.instagram.com/p/DTS2_lHF-A_/,"Imagem do Instagram",,Total,26795,14055,751,11,1,7,9
18092189552055143,17841400074692954,paulistao,Paulistão,"📸🎥 POR TRÁS DAS CÂMERAS!
 A equipe de arbitragem da Federação Paulista de Futebol se reuniu na pré-temporada para o Media Day do Paulistão Casas Bahia! Ah, e muito bem trajados de @diadorabrasil!
#Arbitragem #FPF",39,"01/09/2026 06:00",https://www.instagram.com/reel/DTSpOj4DXci/,"Reel do Instagram",,Total,50034,32940,1060,80,17,84,27
18068701820161010,17841415359569078,gremioprudenteoficial,"Grêmio Prudente","MEDIA DAY PAULISTÃO! ✅

Media day realizado, novos patrocinadores apresentados e foco total.

Agora é contagem regressiva. Neste sábado, às 18h, o Carcará encara o Ituano na estreia do Campeonato Paulista. Chegou a hora de jogar juntos!

🎥 João Paulo Tilio - Murilo Aguilar / Grêmio Prudente

#umtimeparachamardenosso 
#gremioprudente 
#paulistãoa2",94,"01/09/2026 05:14",https://www.instagram.com/reel/DTSoo0njYIS/,"Reel do Instagram",,Total,50476,31685,1066,45,8,6,0
18066465581407232,17841400074692954,paulistao,Paulistão,"PARA COMEÇAR!
Osasco Sporting e Ferroviária fazem o primeiro jogo do Paulistão A Rivalo 2026!
#PaulistãoA2Rivalo2026",0,"01/09/2026 04:00",https://www.instagram.com/p/DTSbPiJkhGJ/,"Imagem do Instagram",,Total,26964,14012,324,5,0,11,3
18073909169414032,17841400074692954,paulistao,Paulistão,"SEXTOU!
Vamos completar uma semana de Copinha Sil 2026 e nada melhor do que comemorar com mais um dia cheio de jogos.
#CopinhaSil2026",0,"01/08/2026 19:05",https://www.instagram.com/p/DTReBgel8Yo/,"Carrossel do Instagram",,Total,426336,166967,4174,294,34,58,87
18077041490588488,17841426196827383,copinha,Copinha,"7️⃣ VEZES EDUARDO! 
O craque do Palmeiras marcou 4 gols e deu 3 assistências na goleada na #CopinhaSil2026! 😮‍💨",75,"01/08/2026 16:55",https://www.instagram.com/reel/DTRUHjiDcVH/,"Reel do Instagram",,Total,1554363,965199,82147,25881,845,1668,1349
18119966506498640,17841400074692954,paulistao,Paulistão,"CHEGOU O DIA!
O Paulistão A2 Rivalo 2026 vai começar! Bora conferir conferir os confrontos da primeira rodada para não perder nada 🤩
#PaulistãoA2Rivalo2026",0,"01/08/2026 14:00",https://www.instagram.com/p/DTQ7GQtEhRT/,"Imagem do Instagram",,Total,66853,35263,1588,65,34,25,31
18546332476030045,17841400074692954,paulistao,Paulistão,"VEM AÍ O PAULISTÃO CASAS BAHIA 2026... 👀🏆🌟
Preparados para a competição mais importante do primeiro semestre?
#PaulistãoCasasBahia2026",20,"01/08/2026 13:24",https://www.instagram.com/reel/DTQ8CNlEjJC/,"Reel do Instagram",,Total,149725,97006,8707,791,165,229,265
18082682752922445,17841400074692954,paulistao,Paulistão,"POV: você está fotografando os árbitros do #PaulistãoCasasBahia2026! 📷🤩",38,"01/08/2026 12:30",https://www.instagram.com/reel/DTQzWtvD9E0/,"Reel do Instagram",,Total,28083,20130,442,14,1,9,17
18072645833092981,17841400074692954,paulistao,Paulistão,"LEMBRA DOS MEUS ÚLTIMOS CRAQUES? 🌟😮‍💨
Comenta aqui quem você acha que vai ser o craque do Paulistão Casas Bahia 2026! 👀
#PaulistãoCasasBahia2026",0,"01/08/2026 12:00",https://www.instagram.com/p/DTQtZKVDh9G/,"Carrossel do Instagram",,Total,96722,31625,2845,89,2,53,48
18031600094575217,17841400074692954,paulistao,Paulistão,"PRÉ-TEMPORADA DA ARBITRAGEM PAULISTA ✅✨
Vem ver um pouco de como ficaram as fotos dos árbitros do quadro da FPF para o Paulistão Casas Bahia 2026!
#PaulistãoCasasBahia2026
📷Rodrigo Corsi/Ag.Paulistão",0,"01/08/2026 11:34",https://www.instagram.com/p/DTQvlipkd6I/,"Carrossel do Instagram",,Total,123331,54613,2282,76,15,181,34
17876826117464562,17841400074692954,paulistao,Paulistão,"O time FIFA da arbitragem da Federação Paulista de Futebol está pronto para o Paulistão Casas
Bahia!
#FPF #Arbitragem #FIFA
📷 Rodrigo Corsi/Ag. Paulistão",0,"01/08/2026 10:15",https://www.instagram.com/p/DTQmgqJEYnr/,"Imagem do Instagram",,Total,686368,350946,21993,4103,75,4279,360
17889314493408010,17841400074692954,paulistao,Paulistão,"UNBOXING RAY-BAN META 🤓📦
Vem acompanhar as adms do @paulistao abrindo nosso novo brinquedinho (e não sabendo fingir costume 🤣)
#PaulistãoCasasBahia2026 #ÓculosMeta #RayBanMeta",42,"01/08/2026 09:35",https://www.instagram.com/reel/DTQhMO6EerA/,"Reel do Instagram",,Total,87990,68066,544,16,2,11,13
18055322291362145,17841474217245283,clear.br,"Clear Men","Clear é patrocinadora oficial do Paulistão Casas Bahia 2026.
O futebol Paulista voltou e pra jogar bem desde o primeiro apito, é preciso entrar em campo de cabeça fresca e confiante.",11,"01/08/2026 08:24",https://www.instagram.com/reel/DTQZr_ADllL/,"Reel do Instagram",,Total,8715,6408,152,1,0,5,0
18101627134886955,17841402375918026,capivariano,"Capivariano F.C. SAF","𝐌𝐞 𝐝á 𝐮𝐦 𝐚𝐮𝐭ó𝐠𝐫𝐚𝐟𝐨? ✍🏻 😂

Desafiamos nossos jogadores a autografarem fotos antigas deles, se liga na reação! 

Quem você acha que mudou mais nessa parte 1? Comenta aí! 👇🦁

#capivariano",112,"01/08/2026 04:02",https://www.instagram.com/reel/DTP7GPkgMjR/,"Reel do Instagram",,Total,22788,14594,426,10,4,8,0
18096173300309018,17841400074692954,paulistao,Paulistão,"DIA DO MASSA BRUTA!
O Red Bull Bragantino completa 98 anos de muita história e tradição nesta quinta-feira (8). Parabéns!
#Aniversário",0,"01/08/2026 02:00",https://www.instagram.com/p/DTPos8LklDv/,"Imagem do Instagram",,Total,97429,57102,1491,77,4,73,16
18116912704590067,17841426196827383,copinha,Copinha,"VEM QUE VEM QUE QUINTA-FEIRA É DIA DE COPINHA SIL 2026!
#CopinhaSil2026",0,"01/07/2026 19:05",https://www.instagram.com/p/DTO8oCJEn9a/,"Carrossel do Instagram",,Total,235750,91886,3737,219,27,35,79
17883610227327240,17841426196827383,copinha,Copinha,"O MILHÃO CHEGOU 1️⃣🌽
Agora a Copinha Sil 2026 ficou milionária! Obrigado a todos os seguidores da Maior Competição de Base do Mundo 🥳
#CopinhaSil2026",10,"01/07/2026 13:16",https://www.instagram.com/reel/DTOWWJokf3q/,"Reel do Instagram",,Total,148094,118782,1367,19,42,56,11
17960789616010624,17841426196827383,copinha,Copinha,"O MOLEQUE É DIFERENTE!
Que chapéu do Tetê, do São Paulo, hein?!
#CopinhaSil2026
🎥 @nodetalhetricolor_",10,"01/07/2026 13:01",https://www.instagram.com/reel/DTOUh1QCYfb/,"Reel do Instagram",,Total,894397,458801,30946,2472,347,311,328
17888063301411631,17841400074692954,paulistao,Paulistão,"NOVIDADE NA ÁREA!
Agora você pode escolher qual produto entrará em promoção na @casasbahia!
VOTE AGORA⬇️
*Votação válida até 18h30*",0,"01/07/2026 12:50",https://www.instagram.com/p/DTOTZmrkuB8/,"Carrossel do Instagram",,Total,87003,32243,291,20,3,147,10
18069969731571486,17841406439444749,ecnoroeste,"E.C. Noroeste","Media Day Paulistão 2026! 🚀",21,"01/07/2026 12:14",https://www.instagram.com/reel/DTOO3a0kloF/,"Reel do Instagram",,Total,49100,31213,1013,82,31,26,0
18194362075336959,17841400074692954,paulistao,Paulistão,"VOCÊ LEMBRA DOS ÚLTIMOS 10 CAMPEÕES DO PAULISTÃO CASAS BAHIA?
A Maior Competição do primeiro semestre vai começar!
#PaulistãoCasasBahia",0,"01/07/2026 12:11",https://www.instagram.com/p/DTOPAYEkgSV/,"Carrossel do Instagram",,Total,134152,45870,4092,116,8,77,51
18308306749255546,17841426196827383,copinha,Copinha,"COMBINAÇÃO PERFEITA EM COSMÓPOLIS!
Nada como acompanhar um jogo da Copinha Sil 2026 com um pastel e caldo de cana, né? A adm ficou na vontade aqui 😅
#CopinhaSil2026",30,"01/07/2026 09:27",https://www.instagram.com/reel/DTN8DLWlVBm/,"Reel do Instagram",,Total,169517,131012,826,21,5,8,7
18065701913209249,17841402375918026,capivariano,"Capivariano F.C. SAF","𝐒𝐞 𝐥𝐢𝐠𝐚 𝐧𝐚 𝐫𝐞𝐬𝐞𝐧𝐡𝐚 😂

Confira os bastidores do nosso Media Day. 🔴⚪️

Foco total no Paulistão! 

#capivariano",137,"01/07/2026 07:55",https://www.instagram.com/reel/DTNwTsGALJw/,"Reel do Instagram",,Total,83507,50130,1698,45,29,24,0
18080173793583364,17841426196827383,copinha,Copinha,"VEM QUE TEM MAIS UM DIA CHEIO!
A quarta-feira vai ser do jeito que a gente gosta: recheada de jogos da #CopinhaSil2026 🤩",0,"01/06/2026 19:05",https://www.instagram.com/p/DTMUbrKEukx/,"Carrossel do Instagram",,Total,316793,109289,5442,395,40,56,96
18113638144613880,17841426196827383,copinha,Copinha,"TERÇA AGITADA! 😮‍💨
Bora pra mais um dia lotado de Copinha Sil! 😎🔥 #CopinhaSil2026",0,"01/05/2026 19:05",https://www.instagram.com/p/DTJyfWpkqvP/,"Carrossel do Instagram",,Total,462010,164685,5359,577,49,69,113
18079018787602192,17841400074692954,paulistao,Paulistão,"CARREGOU AÍ? 😮‍💨
Alerta de foto pesadíssima! Essa dupla brilhou demais no Campeonato Paulista... 🔥 #PaulistãoCasasBahia2026 #FutebolPaulista 
📷 @memphisdepay",0,"01/05/2026 18:48",https://www.instagram.com/p/DTJyrl4khPB/,"Imagem do Instagram",,Total,124870,74909,2934,41,8,34,23
17994411572885422,17841426196827383,copinha,Copinha,"PASSO A PASSO LIBERADO 📲
Confira o tutorial e saiba como resgatar seus ingressos para assistir aos jogos da #CopinhaSil2026!",37,"01/05/2026 13:23",https://www.instagram.com/reel/DTJNgBhiLZ9/,"Reel do Instagram",,Total,202361,150620,477,278,63,10,34
18033680060769668,17841426196827383,copinha,Copinha,"SEGUNDOU COM BOLA ROLANDO NA COPINHA SIL 2026!
#CopinhaSil2026",0,"01/04/2026 19:05",https://www.instagram.com/p/DTHK6xgjOjf/,"Carrossel do Instagram",,Total,418725,139827,7000,472,63,79,160
17871732150500047,17841426196827383,copinha,Copinha,"De Filipinho para Jhuan Nunes! E QUE JOGADA DO FILIPINHO!
#CopinhaSil2026",59,"01/04/2026 18:25",https://www.instagram.com/reel/DTHLYIWjYdo/,"Reel do Instagram",,Total,490153,304057,22651,2674,196,141,183
17845808940651213,17841400074692954,paulistao,Paulistão,"ISSO, ISSO, ISSO!
Será que o Rodrigo Rodrigues é fã de Chaves? Se liga nas tatuagens do novo reforço do Mirassol!
#PaulistãoCasasBahia #FutebolPaulista
🎥 TV Mirassol",23,"01/04/2026 15:57",https://www.instagram.com/reel/DTG6TttDjLA/,"Reel do Instagram",,Total,122505,76683,4612,137,13,13,54
18196487815327207,17841426196827383,copinha,Copinha,"QUE GOLAÇO DO MATEUS XAVIER!
O Santos começou a Copinha Sil 2026 com essa pintura!
#CopinhaSil2026
🎥 @cazetv",54,"01/04/2026 15:10",https://www.instagram.com/reel/DTG02uLDRAq/,"Reel do Instagram",,Total,239138,159209,6128,230,79,35,45
17908949040142277,17841426196827383,copinha,Copinha,"Seja na TV ou no celular aí na palma da sua mão. A Copinha Sil 2026 está em todos os lugares!
#CopinhaSil2026",0,"01/04/2026 14:23",https://www.instagram.com/p/DTGvq-eGBjH/,"Imagem do Instagram",,Total,89080,34231,464,13,6,7,8
17991086471745073,17841426196827383,copinha,Copinha,"PARA ENTRAR NA HISTÓRIA!
Nívia de Lima comandou a vitória da Chapecoense na estreia da Copinha Sil 2026 e se tornou a primeira técnica a vencer uma partida da Maior Competição de Base do Mundo! 🤩
#CopinhaSil2026",0,"01/04/2026 12:13",https://www.instagram.com/p/DTGg38KEcUu/,"Imagem do Instagram",,Total,523599,246147,11564,857,62,275,102
17843555301668813,17841426196827383,copinha,Copinha,"A emoção de disputar a maior competição de base do mundo! 🥹🥰
#CopinhaSil",23,"01/04/2026 09:55",https://www.instagram.com/reel/DTGQeJTkcnQ/,"Reel do Instagram",,Total,1310522,772157,76755,4360,1255,819,965
18382799575146355,17841426196827383,copinha,Copinha,"É GOLAÇO QUE VOCÊS QUEREM? 
ENTÃO É GOL OLÍMPICO QUE VOCÊS VÃO TER! TETÊ MARCOU ESSA PINTURA PARA O SÃO PAULO 🤯🔥
#CopinhaSil2026",17,"01/04/2026 06:55",https://www.instagram.com/reel/DTF8GbfEean/,"Reel do Instagram",,Total,484762,301880,16355,1955,162,178,148
17855470692543932,17841400074692954,paulistao,Paulistão,"DO JEITO QUE A GENTE GOSTA!
Domingão chegou REPLETO de grandes jogos em mais um dia da #CopinhaSil2026!",0,"01/03/2026 19:05",https://www.instagram.com/p/DTEmFE-DLRn/,"Carrossel do Instagram",,Total,563092,195987,7764,686,105,124,201
18086102044871593,17841454473375442,ulissescostatv,"ULISSES TV","JÁ PEGA UMA CANETA E ANOTA AÍ NA AGENDA! 📅🖊️

A Ulisses TV abre 2026 do jeito que o futebol raiz gosta! Anunciando a Série A2 do Paulistão com DOIS JOGOS POR RODADA 🔥

Teremos muita emoção, futebol bem jogado e histórias inesquecíveis para serem contadas.

VEM COM A GENTE! 📺

#paulistao #seriea2 #campeonatopaulista #futebol #ulissestv",0,"01/03/2026 14:00",https://www.instagram.com/p/DTEIQk1iDRh/,"Carrossel do Instagram",,Total,68096,30489,1492,28,477,29,0
17946579909083271,17841400074692954,paulistao,Paulistão,"As gerações dos Meninos da Vila! 🤩🔥 #FutebolPaulista
📷 @santosfc",0,"01/03/2026 11:00",https://www.instagram.com/p/DTDzrskE7fj/,"Imagem do Instagram",,Total,161245,81022,5278,26,12,27,27
18213597835314688,17841400074692954,paulistao,Paulistão,"DESPEDIDA DO ÍDOLO! ⚫⚪
O Corinthians deu adeus a Ángel Romero após o fim do contrato. O atacante venceu três Campeonatos Paulistas com a camisa do Timão! Valeu, Romero! 🏆🇵🇾 #FutebolPaulista 

📸 Rebeca Reis/Ag. Paulistão",0,"01/03/2026 09:50",https://www.instagram.com/p/DTDrkd-k0u_/,"Imagem do Instagram",,Total,382563,194257,39305,564,127,193,260
18055197989352304,17841400074692954,paulistao,Paulistão,"QUE DUPLA! 😂
Quem mais tá ansioso pra ver Neymar e Gabigol jogando juntos no #PaulistãoCasasBahia2026? 🤩

🎥 @santosfc",23,"01/03/2026 07:45",https://www.instagram.com/reel/DTDdTEfjJd5/,"Reel do Instagram",,Total,112461,70867,3348,145,12,13,59
17852274015573183,17841426196827383,copinha,Copinha,"QUE OUTRA COPA TEM ISSO?
É a maior competição de base do mundo, não tem jeito! 
Puro suco de Copinha Sil no estádio Benedito Teixeira 😅❤️
#CopinhaSil2026",6,"01/03/2026 07:31",https://www.instagram.com/reel/DTDbnofEXn3/,"Reel do Instagram",,Total,243444,131847,5537,291,39,47,71
18098032387807068,17841400074692954,paulistao,Paulistão,"CONTAGEM REGRESSIVA!
Uma semana para começar a competição mais importante do primeiro semestre 🤩🔥
#PaulistãoCasasBahia2026",0,"01/03/2026 05:00",https://www.instagram.com/p/DTDFVDlDNR6/,"Imagem do Instagram",,Total,50080,25783,1137,78,10,25,16
18099074512845397,17841400074692954,paulistao,Paulistão,"DE VOLTA À VILA! 💪💪
O bom filho a casa torna! Gabigol é o novo atacante do Santos!
#FutebolPaulista",39,"01/03/2026 04:38",https://www.instagram.com/reel/DTDH8WdFDk0/,"Reel do Instagram",,Total,105210,68955,7879,322,28,70,89
18072167852594903,17841426196827383,copinha,Copinha,"SABADÃO CHEIO DE COPINHA SIL!
E aí, bora para o segundo dia de competição? Fica esperto em todos os horários das partidas de hoje!
#CopinhaSil2026",0,"01/02/2026 19:05",https://www.instagram.com/p/DTCBRM4juyG/,"Carrossel do Instagram",,Total,808586,245742,14908,1348,423,140,378
18061905539272854,17841400074692954,paulistao,Paulistão,"ANOTA NA AGENDA!
O Paulistão Casas Bahia 2026 terá sua final sendo disputada em jogos de ida e volta! É emoção em dobro para a competição mais importante do primeiro semestre! 🤩
#PaulistãoCasasBahia2026",0,"01/02/2026 05:47",https://www.instagram.com/p/DTAq7PREibm/,"Carrossel do Instagram",,Total,182611,60842,4036,128,16,44,56
18077523734254083,17841426196827383,copinha,Copinha,"CRIATIVIDADE A MIL!🤣
Se tem Copinha Sil, tem grandes personagens e apelidos entrando em campo! 👀
#CopinhaSil2026",0,"01/02/2026 04:29",https://www.instagram.com/p/DTAiI_Kkhbd/,"Carrossel do Instagram",,Total,765656,248417,16116,2660,169,232,476
18102290719691192,17841426196827383,copinha,Copinha,"BORA PRO PRIMEIRO DIA!
Vem conferir o bonde que entra em campo na largada da Copinha Sil 2026 😍
#CopinhaSil2026",0,"01/02/2026 04:05",https://www.instagram.com/p/DTAfS7SEkLV/,"Imagem do Instagram",,Total,610971,215410,12878,838,449,119,263
18102264685764383,17841426196827383,copinha,Copinha,"CHEGOU O GRANDE DIA!
A maior competição de base do mundo começa nesta sexta! É dia de Copinha Sil 2026 🤩
#CopinhaSil2026",0,"01/01/2026 19:05",https://www.instagram.com/p/DS_cZ1uD8l0/,"Imagem do Instagram",,Total,860262,399760,14464,987,518,161,122
18123125164526496,17841426196827383,copinha,Copinha,"A MAIOR COMPETIÇÃO DE BASE DO MUNDO COMEÇA AMANHÃ!!!!!
#CopinhaSil2026",21,"01/01/2026 10:02",https://www.instagram.com/reel/DS-jTWREa6D/,"Reel do Instagram",,Total,115861,91108,3173,179,46,96,54
