ID do post,Data,Texto do post,Postar link,Impressões,Curtidas,Engajamentos,Itens salvos,Compartilhamentos,Novos seguidores,Respostas,Reposts,Visitas ao perfil,Expansões de detalhes,Cliques de URL,Cliques de hashtag,Cliques de link permanente
2017748909641072723,"Sat, Jan 31, 2026","QUE CATEGORIA, MEU ZAGUEIRO! O Zé Vitor veio seco na marcação e o Ligger não pensou duas vezes. CANETAÇA! #PaulistãoCasasBahia #DorflexMax https://t.co/ncT7ijHQqz",https://x.com/Paulistao/status/2017748909641072723,1299,7,11,0,0,0,0,1,3,0,0,0,0
2017738180691190091,"Sat, Jan 31, 2026",DAQUI A POUCO A BOLA ROLA! São Paulo e Santos no aquecimento para o Superclássico Casas Bahia que começa já já! #PaulistãoCasasBahia #SanSão 📷 Jhony Inácio/Ag. Paulistão/Sua Foto no Jogo https://t.co/SnJiGHAFmC,https://x.com/Paulistao/status/2017738180691190091,979,18,40,0,0,0,0,2,3,0,0,0,0
2017737581970997433,"Sat, Jan 31, 2026",NAQUELE PIQUE! Primavera e Portuguesa trabalham pro jogo de logo mais. Tá chegando a hora da bola rolar! #PaulistãoCasasBahia 📷 Rebeca Reis/Ag. Paulistão/Sua Foto no Jogo https://t.co/iDhb1LzOO5,https://x.com/Paulistao/status/2017737581970997433,894,6,43,0,0,0,1,1,4,0,0,2,0
2017736892733669378,"Sat, Jan 31, 2026",🥰 O ANDRÉ SILVA TÁ ÁREA COM SEU FILHO PARA ACOMPANHAR O SAN-SÃO NO PAULISTÃO CASAS BAHIA! #PaulistãoCasasBahia https://t.co/Onvs2RhTJv,https://x.com/Paulistao/status/2017736892733669378,28501,1660,1826,14,5,4,1,35,25,77,0,14,0
2017736169358786766,"Sat, Jan 31, 2026","E aí, quem vai levar o troféu do Superclássico Casas Bahia para casa? 👀 #PaulistãoCasasBahia2026 📷 Jhony Inácio/Ag. Paulistão/Sua Foto no Jogo https://t.co/gXQjqTcNlT",https://x.com/Paulistao/status/2017736169358786766,1021,54,77,1,0,0,0,4,7,0,0,0,0
2017734893518610588,"Sat, Jan 31, 2026",TELEVISÃO OU FOGÃO? 👀🪙 Qual promoção será que vai rolar hoje na @CasasBahia? O lado que for sorteado no início do San-São que vai decidir! #PaulistãoCasasBahia #SanSão 📷 Jhony Inácio/Ag. Paulistão/Sua Foto no Jogo https://t.co/sLGmMklVoy,https://x.com/Paulistao/status/2017734893518610588,766,5,21,1,1,0,0,2,0,1,0,0,0
2017733121764987383,"Sat, Jan 31, 2026",A COMEMORAÇÃO JOGADORES E TORCIDA! 🤩🇳🇬 #PaulistãoCasasBahia #DerbyCampineiro https://t.co/GLEny7syPG,https://x.com/Paulistao/status/2017733121764987383,5746,152,178,1,3,1,3,10,3,6,0,1,0
2017732955355914570,"Sat, Jan 31, 2026","Assinou com a Ponte ✍🏽🦍 Deixou a Ponte 🦍👋🏽 Assinou com o Guarani ✍🏽🏹 Fez o gol do Dérbi em sua estreia no Paulistão 🏹🎯 QUE HISTÓRIA DO ATACANTE HEBERT, QUE SAIU DO BANCO PRA BRILHAR NO #DÉRBICAMPINEIRO #PaulistãoCasasBahia #bet365 https://t.co/1zwONuefQ0",https://x.com/Paulistao/status/2017732955355914570,3024,109,126,2,1,1,1,6,2,5,0,2,0
2017732599775379882,"Sat, Jan 31, 2026",O PEIXÃO TAMBÉM CHEGOU! 🐳 O elenco do alvinegro da Baixada está no Morumbis para o clássico de hoje! #PaulistãoCasasBahia #SanSão 📷 Jhony Inácio/Ag. Paulistão/Sua Foto no Jogo https://t.co/kbBXUiDvx1,https://x.com/Paulistao/status/2017732599775379882,735,3,37,1,0,0,0,1,2,0,0,0,0
2017730788188377352,"Sat, Jan 31, 2026",O TRICOLOR TÁ NA CASA! 🇾🇪 O São Paulo já chegou no Morumbis para o Superclássico Casas Bahia de logo mais! #PaulistãoCasasBahia #SanSão 📷 Jhony Inácio/Ag. Paulistão/Sua Foto no Jogo https://t.co/U1QpaGSEpb,https://x.com/Paulistao/status/2017730788188377352,1275,47,102,0,0,0,0,3,2,1,0,1,0
2017728703262851139,"Sat, Jan 31, 2026",FANTASMA vs LUSA! É dia de Primavera e Portuguesa no Paulistão Casas Bahia! #PaulistãoCasasBahia 📷 Rebeca Reis/Ag. Paulistão/Sua Foto no Jogo https://t.co/mXBMXPcabs,https://x.com/Paulistao/status/2017728703262851139,944,6,51,0,0,0,0,1,2,1,0,0,0
2017725848858603879,"Sat, Jan 31, 2026",TUDO QUASE PRONTO! 🌟 Vem que é dia de San-São e a galera tá chegando no Morumbis para mais uma noite de #PaulistãoCasasBahia 📷 Jhony Inácio/Ag. Paulistão/Sua Foto no Jogo https://t.co/bFnykXephT,https://x.com/Paulistao/status/2017725848858603879,850,8,46,0,0,0,0,6,2,0,0,0,0
2017717516093563219,"Sat, Jan 31, 2026",A EXPLOSÃO NO GOL DO BUGRE! 🇳🇬🔥 https://t.co/vKXYQ6U3u9,https://x.com/Paulistao/status/2017717516093563219,2167,98,111,3,0,0,0,5,2,6,0,0,0
2017717101868277805,"Sat, Jan 31, 2026",TROFÉU EM MÃOS! 🏆🏹 O #DerbyCampineiro de 2026 tem dono! Vitória do Bugre por 1 a 0 ✅ #PaulistãoCasasBahia #Guarani https://t.co/d4EFJVrB0x,https://x.com/Paulistao/status/2017717101868277805,1877,79,91,1,0,0,1,4,1,4,0,2,0
2017715013343944709,"Sat, Jan 31, 2026","QUE MANEIRA DE ESTREAR! 🏆 Realizando um sonho de jogar um #PaulistãoCasasBahia pela primeira vez, Hebert foi o Craque do Jogo no #DérbiCampineiro 213. #7kbetbr https://t.co/vi2f67OZyl",https://x.com/Paulistao/status/2017715013343944709,1811,62,80,3,1,0,1,6,2,8,0,1,0
2017712847661224334,"Sat, Jan 31, 2026",É DO BUGRE! 🏹 O #DerbyCampineiro de 2026 é do Guarani! #PaulistãoCasasBahia #SuperclássicoCasasBahia https://t.co/duj1HuNiEu,https://x.com/Paulistao/status/2017712847661224334,1933,134,201,2,2,0,2,12,4,12,0,1,0
2017712283506429984,"Sat, Jan 31, 2026",FESTA ALVIVERDE! A vitória do Dérbi Campineiro 213 é do Guarani! #PaulistãoCasasBahia 📷Alexandre Battibugli/Ag. Paulistão/Sua Foto no Jogo https://t.co/LODGsTjXLh,https://x.com/Paulistao/status/2017712283506429984,908,32,70,0,0,0,0,2,0,1,0,0,0
2017710298526880040,"Sat, Jan 31, 2026","O HOMEM QUE MUDOU O JOGO! Herbert saiu do banco de reservas, fez o gol da vitória do Guarani no Dérbi Campineiro 213 e garantiu o prêmio de #CraqueDoJogo! #7KBet #PaulistãoCasasBahia 📷Alexandre Battibugli/Ag. Paulistão/Sua Foto no Jogo https://t.co/Dvve0DOw5K",https://x.com/Paulistao/status/2017710298526880040,1680,63,93,1,0,0,3,4,4,6,0,0,0
2017709840785608796,"Sat, Jan 31, 2026","DE TIRAR O FÔLEGO! 🤯 Nos últimos segundos de partida, ainda teve uma bola na trave da Ponte Preta. Mas não teve jeito: deu Guarani no #DérbiCampineiro 213. #PaulistãoCasasBahia https://t.co/8uZ4lC3m09",https://x.com/Paulistao/status/2017709840785608796,2600,25,53,2,3,0,0,1,2,21,0,1,0
2017707711480173045,"Sat, Jan 31, 2026","GOL HEROICO DO GUARANI! 🏹 Com um a menos e nos acréscimos, o estreante Hebert abre o placar e enlouquece a torcida bugrina no Brinco! #PaulistãoCasasBahia #DérbiCampineiro #Betano https://t.co/CL8zBElNkz",https://x.com/Paulistao/status/2017707711480173045,3024,120,148,1,4,0,2,9,5,10,0,1,0
2017706585934491768,"Sat, Jan 31, 2026","DEU BUGRE! Com um gol no finzinho, Guarani garante a vitória no Derby Campineiro 213! #PaulistãoCasasBahia 📷Alexandre Battibugli/Ag. Paulistão/Sua Foto no Jogo https://t.co/sfKUJ7vnno",https://x.com/Paulistao/status/2017706585934491768,1773,70,187,1,0,0,2,4,4,10,0,0,0
2017705291236638975,"Sat, Jan 31, 2026","GOL HEROICO DO GUARANI! 🏹 Com um menos e nos acréscimos, o estreante Hebert abre o placar e enlouquece a torcida bugrina no Brinco! #PaulistãoCasasBahia #DérbiCampineiro #Betano https://t.co/C6lxdbR55W",https://x.com/Paulistao/status/2017705291236638975,3394,129,176,1,1,1,2,10,10,20,0,1,0
2017700365290873176,"Sat, Jan 31, 2026",LENÇOL NO LIMITE! 🌬 O Kevyson recebeu um belo lançamento do Elvis e fez isso aí. Esse Guarani e Ponte Preta não vai acabar em empate! https://t.co/mEjPPo1oQp,https://x.com/Paulistao/status/2017700365290873176,6139,35,95,2,3,0,6,4,29,19,0,0,0
2017698483155640399,"Sat, Jan 31, 2026",DEFESAÇAS! 🧤🧤🧤 O goleiro Mateus Claus entrou durante o primeiro tempo e já precisou trabalhar 3 vezes para ajudar o Bugre no #DerbyCampineiro! 💪 https://t.co/QVsVls65qh,https://x.com/Paulistao/status/2017698483155640399,3176,62,90,3,1,0,1,4,11,9,0,0,0
2017693114912391447,"Sat, Jan 31, 2026",Arbitragem escalada para a partida entre Primavera e Portuguesa! #EscalaDeArbitragem #PaulistãoCasasBahia https://t.co/WI7Er3zWO7,https://x.com/Paulistao/status/2017693114912391447,661,5,16,0,0,0,0,2,1,3,0,0,0
2017691556279455870,"Sat, Jan 31, 2026","QUE LOUCURA! 🔥 Após expulsão do goleiro Caíque França, Mateus Claus entrou e já salvou o Guarani contra a Ponte Preta. Pega fogo o #DérbiCampineiro! #PaulistãoCasasBahia #Bet365 https://t.co/sdYnOuhZum",https://x.com/Paulistao/status/2017691556279455870,2820,13,49,0,0,0,1,3,21,10,0,1,0
2017690857588093043,"Sat, Jan 31, 2026",PLACAR EM BRANCO! A rede ainda não balançou no Dérbi Campineiro #PaulistãoCasasBahia 📷Alexandre Battibugli/Ag. Paulistão/Sua Foto no Jogo https://t.co/Rd9lS153Z5,https://x.com/Paulistao/status/2017690857588093043,1136,8,19,0,0,0,0,2,5,0,0,0,0
2017681790329360601,"Sat, Jan 31, 2026","SÁBADO DE CLÁSSICO! Alô, torcida do Peixão que tá fora do Brasil! Se liga que o adm traz a good pra vocês. Vem pro YouTube do Paulistão Casas Bahia que hoje você assiste ao San-São totalmente na faixa! #PaulistãoCasasBahia https://t.co/Vni0RnYNrG",https://x.com/Paulistao/status/2017681790329360601,657,6,18,0,0,0,0,2,2,1,0,0,0
2017678015489360180,"Sat, Jan 31, 2026","ALÔ, TRICOLOR! Tá aí na gringa e não sabe como ver o San-São de hoje? Vem pro Youtube do Paulistão Casas Bahia! Ao vivo, com imagens e totalmente de graça! #PaulistãoCasasBahia https://t.co/IAfquBHWzT",https://x.com/Paulistao/status/2017678015489360180,642,10,20,0,0,0,0,4,0,1,0,0,0
2017677585287713054,"Sat, Jan 31, 2026",É HORA DE SUPERCLÁSSICO!!! A BOLA VAI ROLAR NO DERBY CAMPINEIRO!!! 🔥 #DerbyCampineiro #PaulistãoCasasBahia https://t.co/O18PoifZ3L,https://x.com/Paulistao/status/2017677585287713054,1325,24,39,1,0,0,1,4,8,1,0,1,0
2017676370130714982,"Sat, Jan 31, 2026",PONTE NA ÁREA! 🔛 A delegação da @aapp_oficial já chegou por aqui para o #DerbyCampineiro da 6ª rodada do #PaulistãoCasasBahia! 🏹⚔️🦍 https://t.co/3y5hjOK3vw,https://x.com/Paulistao/status/2017676370130714982,1217,5,12,0,0,0,0,2,3,1,0,1,0
2017676089837920463,"Sat, Jan 31, 2026",A CHEGADA DO BUGRE! 🇳🇬 O Guarani chegou ao #DerbyCampineiro com festa da torcida! #PaulistãoCasasBahia https://t.co/wtT5COtCkf,https://x.com/Paulistao/status/2017676089837920463,1821,57,67,1,1,0,0,3,3,3,0,1,0
2017671171907481624,"Sat, Jan 31, 2026",QUASE NA HORA! Aquecimento finalizado! Já já tem bola rolando para Guarani e Ponte Preta! #PaulistãoCasasBahia 📷Alexandre Battibugli/Ag. Paulistão/Sua Foto no Jogo https://t.co/gDAnM969A1,https://x.com/Paulistao/status/2017671171907481624,897,7,22,0,0,0,0,2,0,2,0,0,0
2017665788723741130,"Sat, Jan 31, 2026",DERBY CAMPINEIRO 2️⃣1️⃣3️⃣! É dia de clássico no interior! #PaulistãoCasasBahia 📷Alexandre Battibugli/Ag. Paulistão/Sua Foto no Jogo https://t.co/kYA8gZxMip,https://x.com/Paulistao/status/2017665788723741130,1828,79,258,1,0,0,1,4,7,1,0,0,0
2017659141091954838,"Sat, Jan 31, 2026","O SAN-SÃO TEM MUITO HISTÓRIA! 🤩👀 No Paulistão Casas Bahia, quem leva a vantagem é o Tricolor, com mais gols e vitórias no confronto. Hoje, a bola rola para mais um Superclássico Casas Bahia, quem leva a melhor dessa vez? #PaulistãoCasasBahia #SanSão https://t.co/eHtSDCd9kl",https://x.com/Paulistao/status/2017659141091954838,5431,257,417,4,1,0,7,21,10,45,0,2,0
2017651718000115955,"Sat, Jan 31, 2026",ATERRISOU NA CAPITAL! O Peixão já tá na área para buscar a vitória no Superclássico Casas Bahia. #PaulistãoCasasBahia https://t.co/tXfkzTutRn,https://x.com/Paulistao/status/2017651718000115955,689,9,28,2,0,1,1,1,2,3,0,1,0
2017647816894779901,"Sat, Jan 31, 2026",Arbitragem escalada para a partida entre São Paulo e Santos! #EscalaDeArbitragem #PaulistãoCasasBahia https://t.co/7JHa57ns5h,https://x.com/Paulistao/status/2017647816894779901,653,5,24,0,0,0,0,3,4,1,0,0,0
2017644044717834518,"Sat, Jan 31, 2026",FECHANDO O SÁBADO! 👀 Primavera e Portuguesa querem se manter perto da zona de classificação e precisam vencer em Indaiatuba! #PaulistãoCasasBahia https://t.co/WPr02VHi8W,https://x.com/Paulistao/status/2017644044717834518,702,7,17,0,0,0,0,1,2,0,0,0,0
2017636492588540061,"Sat, Jan 31, 2026","BOA SORTE, ALIRIO? O @senaitalo98 queria uma mensagem motivacional para alguém 👀 Você assiste o vídeo completo direto no YouTube do @paulistao. #RolêAleatório https://t.co/QO1c1GUPat",https://x.com/Paulistao/status/2017636492588540061,1190,4,9,1,0,0,1,1,0,3,0,0,0
2017628947572253093,"Sat, Jan 31, 2026","EM CASA O PAPO É OUTRO! No MorumBIS, o Tricolor vai em busca de mais três pontos no #PaulistãoCasasBahia https://t.co/pltMIWEsHj",https://x.com/Paulistao/status/2017628947572253093,2127,230,309,0,0,0,1,11,10,3,0,0,0
2017621392410472467,"Sat, Jan 31, 2026","VAMOS, PONTE! 🦍🖤 A Macaca quer conquistar a primeira vitória no #PaulistãoCasasBahia no Dérbi Campineiro! #PontePreta https://t.co/u2zM78ehOT",https://x.com/Paulistao/status/2017621392410472467,851,6,18,0,0,0,1,2,2,2,0,0,0
2017617617972814005,"Sat, Jan 31, 2026",Arbitragem escalada para a partida entre Guarani e Ponte Preta! #EscalaDeArbitragem #PaulistãoCasasBahia https://t.co/0uzHWn7yyq,https://x.com/Paulistao/status/2017617617972814005,919,6,20,0,0,0,1,3,4,3,0,0,0
2017616694470905876,"Sat, Jan 31, 2026","MAIS UM PRA ELE! A galera votou lá no meu Instagram e, com 29% dos votos, escolheu Luketa, como o Craque da sexta rodada do Paulistão A2 Rivalo! O atleta do Sertãozinho venceu a disputam acirrada e garantiu o seu segundo título! #PaulistãoA2Rivalo https://t.co/kBM9nyhYjD",https://x.com/Paulistao/status/2017616694470905876,589,2,3,0,0,0,0,1,0,0,0,0,0
2017613848522698836,"Sat, Jan 31, 2026","AVANTE, BUGRE! 🏹💚 O Guarani quer seguir vencendo no #PaulistãoCasasBahia e joga o Dérbi Campineiro com o apoio da sua torcida! #Guarani https://t.co/bzLIicBS6R",https://x.com/Paulistao/status/2017613848522698836,1503,66,93,0,0,0,1,4,7,6,0,0,0
2017606294707097770,"Sat, Jan 31, 2026","BORA PARA MAIS UM DÉRBI CAMPINEIRO! 🏹⚔️🦍 Guarani e Ponte Preta se enfrentam mais uma vez nesse sábado. Na história do #PaulistãoCasasBahia, a Macaca tem a vantagem. E dessa vez, quem consegue a vitória no Superclássico Casas Bahia? #PaulistãoCasasBahia #DérbiCampineiro https://t.co/LakwVPbq2Z",https://x.com/Paulistao/status/2017606294707097770,1020,15,46,0,1,0,2,4,2,10,0,2,0
2017598748948390385,"Sat, Jan 31, 2026",DECISIVO! 🔥❌ Hugo Souza colocou seu nome na história do Corinthians no título do ano passado! Será que o paredão do Timão brilha de novo em 2026? 👏👏 #PaulistãoCasasBahia #Corinthians #Itaipava https://t.co/eC9lM8ksa6,https://x.com/Paulistao/status/2017598748948390385,1189,16,20,0,0,0,0,2,0,2,0,0,0
2017583650167263455,"Sat, Jan 31, 2026",QUE SÁBADO É ESSE?! DOIS CLÁSSICOS PARA COMEÇAR A 6ª RODADA DO PAULISTÃO CASAS BAHIA! #PaulistãoCasasBahia https://t.co/F4TwdJtPOj,https://x.com/Paulistao/status/2017583650167263455,1273,37,76,1,1,0,0,6,4,1,0,0,0
2017576097513386077,"Sat, Jan 31, 2026",DUELO DE HERMANOS! 🇦🇷🇦🇷 Teremos um confronto argentino entre os comandantes do San-São! #PaulistãoCasasBahia https://t.co/1bsofZSVJI,https://x.com/Paulistao/status/2017576097513386077,694,18,32,2,0,0,0,4,2,1,0,0,0
2017568552283160929,"Sat, Jan 31, 2026",SABADÃO DESSE... Todos os caminhos nos levam aos jogos do #PaulistãoA3Rivalo 🤩 https://t.co/KbJ4C1dtmn,https://x.com/Paulistao/status/2017568552283160929,625,6,18,0,0,0,0,1,4,1,0,0,0
2017560994441199761,"Sat, Jan 31, 2026",ABRINDO A RODADA! Três jogos nesse sábado abrem a 7ª rodada do #PaulistãoA2Rivalo! https://t.co/8KtKZiMxS2,https://x.com/Paulistao/status/2017560994441199761,623,6,14,0,0,0,0,1,1,0,0,0,0
2017553450930942061,"Sat, Jan 31, 2026",SABADÃO CHEIO! 😮‍💨 Sete jogos fecham a primeira rodada do Paulistão A4 Rivalo. #PaulistãoA4Rivalo https://t.co/HruLGSOdaN,https://x.com/Paulistao/status/2017553450930942061,638,8,25,0,0,0,0,1,6,0,0,0,0
2017538352220651825,"Sat, Jan 31, 2026","FELIZ ANIVERSÁRIO, MULLER! 🥳🏆 O hexacampeão Paulista e campeão do Mundo em 1994, Muller comemora 60 anos neste sábado (31). #FutebolPaulista #Aniversário https://t.co/dRv6AeWrEL",https://x.com/Paulistao/status/2017538352220651825,886,29,42,0,0,0,0,3,0,0,0,0,0
2017440199945371810,"Sat, Jan 31, 2026",SÁBADO DOS CLÁSSICOS! ⭐☑️ A bola vai rolar para o Dérbi Campineiro 213! Quem leva a melhor no Brinco de Ouro? #PaulistãoCasasBahia #DérbiCampineiro https://t.co/ZDHD5GrkJV,https://x.com/Paulistao/status/2017440199945371810,1229,14,41,0,0,0,1,4,3,3,0,0,0
2017432901034643533,"Sat, Jan 31, 2026","DIA DE SUPERCLÁSSICO CASAS BAHIA! ⚔️ São Paulo e Santos querem somar mais três pontos no Paulistão Casas Bahia. Quem leva a melhor no duelo de hoje, torcedor? #PaulistãoCasasBahia https://t.co/5inLYcnXw6",https://x.com/Paulistao/status/2017432901034643533,3189,277,393,1,0,0,2,14,1,6,0,0,0
2017387353019715762,"Sat, Jan 31, 2026",CHEGOU O FINAL DE SEMANA... Então vem mais uma rodada do Paulistão A3 Rivalo 2026 🤩 #PaulistãoA3Rivalo https://t.co/53KO74Qlbv,https://x.com/Paulistao/status/2017387353019715762,787,7,25,0,0,0,0,2,1,1,0,0,0
2017379800562684102,"Fri, Jan 30, 2026",BORA PARA MAIS UMA! A 7ª rodada do Paulistão A2 Rivalo tá na área! #PaulistãoA2Rivalo https://t.co/VfCiXDKAep,https://x.com/Paulistao/status/2017379800562684102,870,14,34,0,0,0,0,2,1,0,0,2,0
2017372252468076934,"Fri, Jan 30, 2026",SERÁ QUE ALGUÉM ACERTOU? O @senaitalo98 garantiu a resenha com os torcedores do Verdão no pré-jogo! Você assiste o vídeo completo direto no YouTube do @paulistao. #RolêAleatório https://t.co/djPxcTIToL,https://x.com/Paulistao/status/2017372252468076934,11316,29,78,1,0,0,1,1,7,28,0,0,0
2017349603696288041,"Fri, Jan 30, 2026",OS CAMISAS 9️⃣ DO SAN-SÃO! 🤝👀 Calleri e Gabriel Barbosa querem marcar no próximo Superclássico Casas Bahia. Quem leva a melhor nesse duelo de peso que vai rolar no San-São? #PaulistãoCasasBahia #SanSão https://t.co/fkc1Vo3pl6,https://x.com/Paulistao/status/2017349603696288041,963,21,67,1,1,0,1,3,2,1,0,1,0
2017345826813612496,"Fri, Jan 30, 2026","TIMÃO DOMINANDO A POSSE DE BOLA! 🔥 Seguido de Santos e São Paulo, o Corinthians é o time com mais posse de bola no Paulistão Casas Bahia! #PaulistãoCasasBahia https://t.co/ZOMoPBTs1z",https://x.com/Paulistao/status/2017345826813612496,792,11,18,0,0,0,0,3,0,2,0,0,0
2017338402673463564,"Fri, Jan 30, 2026",A LEI QUE NUNCA FALHA... 👀 O Dérbi Campineiro desse sábado (31) está cheio de ex dos dois lados. Será que alguém vai fazer valer a famosa lei? Você só descobre às 16h na TNT e na HBO Max! #PaulistãoCasasBahia #DérbiCampineiro https://t.co/DWgCBgt8Vk,https://x.com/Paulistao/status/2017338402673463564,4076,37,108,1,0,0,4,4,4,13,0,2,0
2017330727558262948,"Fri, Jan 30, 2026",FIM DA SEXTA RODADA! Vem ver como ficou a classificação do Paulistão A2 Rivalo depois de mais uma rodada! #PaulistãoA2Rivalo https://t.co/JKP7bLyKKl,https://x.com/Paulistao/status/2017330727558262948,800,13,46,0,0,0,1,5,2,1,0,0,0
2017326957281611996,"Fri, Jan 30, 2026","SÓ TEM UM PROGRAMA POSSÍVEL PARA O SABADÃO... 🗓️👀 Quem não vai assistir ao Dérbi Campineiro é MALUCO! Guarani e Ponte Preta se enfrentam às 16h do sábado (31), AO VIVO na TNT e na HBO Max! #PaulistãoCasasBahia #DérbiCampineiro https://t.co/vsNw440Tw8",https://x.com/Paulistao/status/2017326957281611996,618,8,12,0,0,0,0,1,0,0,0,0,0
2017323177358331928,"Fri, Jan 30, 2026",O QUE FALTA PARA O BUGRE! 👀 A primeira fase do #PaulistãoCasasBahia está chegando ao fim e o Guarani só tem mais três confrontos nessa etapa! https://t.co/bOO8YFr77y,https://x.com/Paulistao/status/2017323177358331928,1054,15,35,1,0,0,0,4,3,4,0,1,0
2017319403390697872,"Fri, Jan 30, 2026","ALÔ, TORCIDA DO VELO CLUBE! Estes são os últimos confrontos da equipe na primeira fase do Paulistão Casas Bahia. Já anota na agenda para não perder nenhum. #PaulistãoCasasBahia https://t.co/OdcletrVxD",https://x.com/Paulistao/status/2017319403390697872,920,8,21,1,0,0,0,2,3,0,0,0,0
2017315753742278783,"Fri, Jan 30, 2026",COM DIREITO A SAN-SÃO... O Santos tá de olho na classificação e tem esses três confrontos na primeira fase. #PaulistãoCasasBahia https://t.co/Gzgofw1ZBl,https://x.com/Paulistao/status/2017315753742278783,584,4,21,0,0,0,0,3,3,1,0,0,0
2017311852821418408,"Fri, Jan 30, 2026",COMPROMISSOS DO BERNÔ! Vem conferir quais são os últimos jogos do São Bernardo nesta primeira fase do #PaulistãoCasasBahia 👀 https://t.co/eTTnluyOib,https://x.com/Paulistao/status/2017311852821418408,721,8,22,0,0,0,0,4,2,0,0,1,0
2017304304986780059,"Fri, Jan 30, 2026","OI, MASSA BRUTA! Esses são os últimos três compromissos do Red Bull Bragantino na primeira fase do #PaulistãoCasasBahia! https://t.co/76O8VlullC",https://x.com/Paulistao/status/2017304304986780059,656,8,18,0,0,0,0,2,3,1,0,0,0
2017300528527475110,"Fri, Jan 30, 2026",COM DIREITO A DÉRBI CAMPINEIRO! A Macaca tem três desafios pela frente no #PaulistãoCasasBahia. https://t.co/BhrrMo75BP,https://x.com/Paulistao/status/2017300528527475110,1076,9,26,0,0,0,0,3,2,1,0,0,0
2017296754937569448,"Fri, Jan 30, 2026","BORA, NORUSCA! Se liga na caminhada restante para o Noroeste na primeira fase do #PaulistãoCasasBahia https://t.co/dzYX3K6h1N",https://x.com/Paulistao/status/2017296754937569448,589,4,14,0,0,0,0,2,1,2,0,0,0
2017292978843259371,"Fri, Jan 30, 2026",A CAMINHADA DO FANTASMA! 👻 Esses são os confrontos que o Primavera vai enfrentar em busca da classificação no #PaulistãoCasasBahia! https://t.co/UupLmODfHQ,https://x.com/Paulistao/status/2017292978843259371,689,4,15,0,0,0,0,2,2,0,0,0,0
2017289206108983542,"Fri, Jan 30, 2026",A LUSA QUER A PRÓXIMA FASE! 🤩 Se liga na caminhada da Portuguesa em busca da classificação no #PaulistãoCasasBahia! https://t.co/V5fmhIOz6n,https://x.com/Paulistao/status/2017289206108983542,1373,26,68,0,0,0,0,4,7,9,0,0,0
2017285428953436280,"Fri, Jan 30, 2026",CAMINHADA DO TRICOLOR! 🇾🇪 Esses são os jogos que São Paulo tem pela frente em busca da classificação no #PaulistãoCasasBahia! https://t.co/6oHhkWST2s,https://x.com/Paulistao/status/2017285428953436280,793,23,58,0,0,0,1,5,1,5,0,0,0
2017281664473591874,"Fri, Jan 30, 2026",VERDÃO DE OLHO NA CLASSIFICAÇÃO! 🟢⚪ Esses são os confrontos restantes pro Palmeiras na primeira fase do #PaulistãoCasasBahia! https://t.co/ojAWshdCbE,https://x.com/Paulistao/status/2017281664473591874,768,12,31,1,0,0,1,2,2,3,0,0,0
2017277879583646148,"Fri, Jan 30, 2026",A RETA FINAL DO LEÃO! 🦁 Faltam três compromissos para o Leão cravar a classificação na próxima fase do #PaulistãoCasasBahia! https://t.co/2clRrjtMhB,https://x.com/Paulistao/status/2017277879583646148,671,7,20,1,0,0,0,2,1,2,0,0,0
2017270330096759015,"Fri, Jan 30, 2026",FALTAM TRÊS! 🐯 O Novorizontino está voando no Paulistão Casas Bahia e tem mais três duelos pela frente nessa primeira fase! #PaulistãoCasasBahia https://t.co/7AfC10YzYB,https://x.com/Paulistao/status/2017270330096759015,616,4,9,0,0,0,0,2,0,0,0,0,0
2017266558276599890,"Fri, Jan 30, 2026",A RETA FINAL DO TIMÃO PROMETE! E tem Derby decisivo na penúltima rodada da primeira fase! #PaulistãoCasasBahia https://t.co/uAeGaZB4Mo,https://x.com/Paulistao/status/2017266558276599890,764,16,46,1,2,0,0,5,3,1,0,0,0
2017262779628236880,"Fri, Jan 30, 2026","De olho no G8, se liga nos últimos três jogos do Capivariano na primeira fase do Paulistão Casas Bahia! #PaulistãoCasasBahia https://t.co/QACQBfyNsT",https://x.com/Paulistao/status/2017262779628236880,725,5,20,0,0,0,0,3,0,0,0,1,0
2017259755824107745,"Fri, Jan 30, 2026","OS ÚLTIMOS TRÊS JOGOS DO PANTERA! Com dois jogos em casa, o Botafogo vai com tudo na reta final do Paulistão Casas Bahia! #PaulistãoCasasBahia https://t.co/h3TUJQA7Rz",https://x.com/Paulistao/status/2017259755824107745,672,5,17,0,0,0,0,2,3,1,0,0,0
2017251460078334148,"Fri, Jan 30, 2026","A DUPLA DO TIGRE TÁ QUE TÁ! ⚽🎯 Robson e Rômulo, além de Flaco López, do Palmeiras, são os jogadores que mais participaram de gols no #PaulistãoCasasBahia! https://t.co/3GO7YTA2FF",https://x.com/Paulistao/status/2017251460078334148,775,4,10,0,0,0,0,1,0,0,0,0,0
2017235890884493351,"Fri, Jan 30, 2026","Com Dérbi Campineiro e San-São, chegou a hora da 6ª rodada do Paulistão Casas Bahia! #PaulistãoCasasBahia https://t.co/1vZCrGl3z1",https://x.com/Paulistao/status/2017235890884493351,10487,173,632,5,6,1,4,21,11,25,0,1,0
2017221264973160785,"Fri, Jan 30, 2026","YURI: GOSTO DE FILME DE GUERRA! 🥷 YURI TAMBÉM: VOU FALAR ZOOTOPIA! 🦊 ⚠️ Detectamos uma incoerência aqui, ok, Yuri Alberto? Mas a gente passa pano já que é pela Ysis! 🤣 #PaulistãoCasasBahia #Corinthians #YuriAlberto https://t.co/C8t3P22oLi",https://x.com/Paulistao/status/2017221264973160785,2032,17,32,0,2,0,0,5,3,6,0,0,0
2017191068522176649,"Fri, Jan 30, 2026",VAI COMEÇAR O PAULISTÃO A4 RIVALO! A primeira rodada do #PaulistãoA4Rivalo tá na área! Vem ver os horários e onde assistir aos confrontos 🤩 https://t.co/7ywDRcfp7A,https://x.com/Paulistao/status/2017191068522176649,1137,26,83,0,2,0,0,5,4,1,0,0,0
2017041947370688881,"Fri, Jan 30, 2026",A vitória da Portuguesa Santista pra cima do União Suzano colocou um ponto final na segunda rodada do Paulistão A Rivalo! #PaulistãoA3Rivalo https://t.co/8FNMHUnOoD,https://x.com/Paulistao/status/2017041947370688881,981,18,57,0,0,0,1,2,4,6,0,0,0
2017040840229532073,"Fri, Jan 30, 2026","ADIVINHA? Tem vitória do Mirassol no Brasileirão! De virada, o Leão leva a melhor pra cima do Vasco e soma os primeiros pontos em 2026! #PaulistasEmCampo 📷JP Pinheiro/Agência Mirassol https://t.co/8dkEGOebTu",https://x.com/Paulistao/status/2017040840229532073,884,14,25,0,0,0,0,1,1,0,0,0,0
2017024968060449005,"Fri, Jan 30, 2026",UMA PINTURA DO KEVIN MALTHUS! UM GOLAÇO DO EC SÃO BERNARDO NO PAULISTÃO A3 RIVALO! #PaulistãoA3Rivalo https://t.co/IJf59iWW3X,https://x.com/Paulistao/status/2017024968060449005,1727,6,14,2,1,0,0,2,0,5,0,1,0
2017009863730352542,"Thu, Jan 29, 2026","OS TIMES COMO MANDANTES E VISITANTES! 👀🔝 Se a classificação do Paulistão Casas Bahia fosse de acordo com o desempenho das equipes dentro ou fora de casa, como seu time estaria em cada uma das situações? #PaulistãoCasasBahia https://t.co/FwQtixE6Q4",https://x.com/Paulistao/status/2017009863730352542,2719,49,503,1,0,2,4,9,8,36,0,2,0
2017004829948940421,"Thu, Jan 29, 2026",PONTARIA AFIADA DO CANTARELLI! O camisa 7 soltou essa bomba para garantir a vitória da Ferroviária no Paulistão A2 Rivalo! #PaulistãoA2Rivalo https://t.co/ynRSXNjub7,https://x.com/Paulistao/status/2017004829948940421,1301,3,9,0,0,0,0,2,1,3,0,0,0
2016987215000109273,"Thu, Jan 29, 2026",O GOLAÇO DA VITÓRIA DO SÃO JOSÉ! Rikelmi caprichou na jogada e fez um lindo gol para a Águia do Vale no Paulistão A2 Rivalo! #PaulistãoA2Rivalo https://t.co/qxKYVdCwbK,https://x.com/Paulistao/status/2016987215000109273,1310,5,13,2,0,0,0,1,2,4,0,1,0
2016979789727560135,"Thu, Jan 29, 2026","Pelas Lentes do Paulistão com Breno Bidon, o filho do Terrão que está jogando muito e caiu nas graças da Fiel. O episódio completo está disponível no YouTube do @paulistao. #PaulistãoCasasBahia https://t.co/7lz1niZgIJ",https://x.com/Paulistao/status/2016979789727560135,1052,6,8,0,0,0,0,2,0,0,0,0,0
2016955181192085591,"Thu, Jan 29, 2026",JÁ QUE HOJE É #TBT... 💭 O Yuri Alberto relembrou a festa corinthiana no título do ano passado! Será que o bicampeonato vem aí? 🤩🏆 #PaulistãoCasasBahia #Corinthians #Itaipava https://t.co/ugxLN9w2fd,https://x.com/Paulistao/status/2016955181192085591,979,11,17,2,0,0,0,5,1,0,0,0,0
2016949471016317324,"Thu, Jan 29, 2026","QUAL É O CLÁSSICO QUE O FERREIRINHA MAIS GOSTA DE JOGAR ? São Paulo e Santos se enfrentam às 20h30 do sábado (31), AO VIVO na Cazé TV, Record e HBO Max! #PaulistãoCasasBahia https://t.co/VK64Qvr8rj",https://x.com/Paulistao/status/2016949471016317324,724,8,12,1,0,0,0,2,1,1,0,0,0
2016934495874928880,"Thu, Jan 29, 2026",AGUARDE LO PROCESITO! O @senaitalo98 estava impossível no Choque-Rei😅😅 #PaulistãoCasasBahia #ChoqueRei https://t.co/PHHLXtTCcA,https://x.com/Paulistao/status/2016934495874928880,21126,139,248,4,3,0,0,5,17,70,0,0,0
2016919268449722437,"Thu, Jan 29, 2026","NO ALVO! 🎯⚽ Renê, da Portuguesa, lidera o ranking dos jogadores que mais finalizaram no campeonato até aqui! #PaulistãoCasasBahia https://t.co/iDaYD6pr08",https://x.com/Paulistao/status/2016919268449722437,653,4,11,0,0,0,0,2,1,2,0,0,0
2016896617912455169,"Thu, Jan 29, 2026",OS GARÇONS DO PAULISTÃO CASAS BAHIA! Flaco López e Rômulo lideram o ranking de assistências! #PaulistãoCasasBahia https://t.co/gcy3Mgb9Sm,https://x.com/Paulistao/status/2016896617912455169,625,3,7,1,0,0,0,1,0,2,0,0,0
2016889071302562198,"Thu, Jan 29, 2026",PARA FECHAR! Portuguesa Santista e União Suzano fazem o único jogo da quinta-feira pelo #PaulistãoA3Rivalo. https://t.co/yculqKfWD5,https://x.com/Paulistao/status/2016889071302562198,586,10,16,0,0,0,0,2,1,1,0,0,0
2016858868115263953,"Thu, Jan 29, 2026",DIA DE LEÃO NO @brasileirao! O Mirassol estreia em casa contra o Vasco na primeira rodada! #PaulistasEmCampo https://t.co/DVK4lh4ec3,https://x.com/Paulistao/status/2016858868115263953,519,9,16,0,0,0,0,1,0,0,0,0,0
2016702840014549443,"Thu, Jan 29, 2026",Se liga que os resultados estão na área! Hora de ver como os paulistas foram no primeiro dia de Brasileirão 2026. #PaulistasEmCampo https://t.co/p8V9S7m0Wa,https://x.com/Paulistao/status/2016702840014549443,1494,64,94,1,0,0,2,7,1,6,0,0,0
2016702486543810777,"Thu, Jan 29, 2026",DE VIRADA! São Paulo busca o resultado diante do Flamengo e garante os três pontos no MorumBIS! #PaulistasEmCampo 📷Paulo Pinto/São Paulo https://t.co/2YdQinUaOx,https://x.com/Paulistao/status/2016702486543810777,1253,47,79,0,0,0,1,3,1,6,0,0,0
2016680355009319337,"Thu, Jan 29, 2026",Ponto final na sexta rodada do Paulistão A2 Rivalo! Vamos aos resultados desta quarta-feira. #PaulistãoA2Rivalo https://t.co/4hR59bbq8t,https://x.com/Paulistao/status/2016680355009319337,1026,11,34,1,0,0,0,2,1,3,0,0,0
2016679997222572420,"Thu, Jan 29, 2026","Jogando na Vila Belmiro, o Corinthians não conseguiu pontuar no primeiro jogo do Brasileirão 2026. #PaulistasEmCampo 📷Rafael Rodrigues/Bahia https://t.co/4L7UfWVpSp",https://x.com/Paulistao/status/2016679997222572420,997,12,26,2,0,0,1,3,0,1,0,0,0
2016678414292226448,"Thu, Jan 29, 2026",Fim de jogo na Arena Condá. O Santos foi superado na estreia do Brasileirão. #PaulistasEmCampo 📷Raul Baretta/Santos https://t.co/TpB6AxXlJc,https://x.com/Paulistao/status/2016678414292226448,1135,10,30,0,2,0,1,1,3,4,0,0,0
2016675283500163389,"Thu, Jan 29, 2026",Sete jogos movimentaram a segunda rodada do Paulistão A3 Rivalo! Se liga nos resultados de hoje. #PaulistãoA3Rivalo https://t.co/S7J5dJQSYv,https://x.com/Paulistao/status/2016675283500163389,946,11,32,0,1,1,0,2,4,0,0,0,0
2016666742584422693,"Thu, Jan 29, 2026",MENINOOOOOO! O camisa 25 não tá pra brincadeira! Pega só o golaço marcado pra cima da Chape. #PaulistasEmCampo 🎥Premiere https://t.co/tOZ6z51lRs,https://x.com/Paulistao/status/2016666742584422693,910,6,15,0,0,0,0,1,3,4,0,0,0
2016663822111588856,"Thu, Jan 29, 2026","É O MASSA BRUTA! Com um gol no apagar das luzes, Red Bull Bragantino garante a primeira vitória no Brasileirão 2026! #PaulistasEmCampo 📷Ari Ferreira/Red Bull Bragantino https://t.co/QMjykABkpr",https://x.com/Paulistao/status/2016663822111588856,942,16,22,0,0,0,0,1,1,0,0,0,0
2016663498000941081,"Thu, Jan 29, 2026","IGUALDADE NO MARCADOR! Em um confronto de quatro gols, Atlético-MG e Palmeiras acabaram empatados. #PaulistasEmCampo 📷Pedro Souza/Atlético https://t.co/69fnrKKdfB",https://x.com/Paulistao/status/2016663498000941081,812,6,11,0,0,0,0,1,0,3,0,0,0
2016632967469150408,"Wed, Jan 28, 2026","CONFRONTOS DEFINIDOS! A primeira e a segunda fases da @copadobrasilcbf foram definidas, então bora conferir os confrontos e já preparar a torcida pelo #FutebolPaulista! #PaulistasEmCampo https://t.co/XI7pR1YnTE",https://x.com/Paulistao/status/2016632967469150408,850,24,96,0,1,0,0,3,1,1,0,0,0
2016626835983896916,"Wed, Jan 28, 2026",Aiiiii Paulistãozinhooooooo Corre lá no YouTube do @paulistao para conferir o Rolê Aleatório com @senaitalo98: https://t.co/We34pNIb1o #PaulistãoCasasBahia https://t.co/q3rrQ1QlpG,https://x.com/Paulistao/status/2016626835983896916,786,1,4,1,0,0,0,1,2,0,0,0,0
2016624953886691570,"Wed, Jan 28, 2026",CARLÃO É O CRAQUE DA 5ª RODADA! O 9 do Norusca foi eleito por vocês como o destaque da 5ª rodada do Paulistão Casas Bahia! #PaulistãoCasasBahia #CraqueDaRodada #7kBet https://t.co/Z4wXlMPr7z,https://x.com/Paulistao/status/2016624953886691570,747,7,13,0,0,0,0,1,2,2,0,0,0
2016620322909216937,"Wed, Jan 28, 2026","CONFRONTOS DEFINIDOS! A primeira e a segunda fases da @copadobrasilcbf foram definidas, então bora conferir os confrontos e já preparar a torcida pelo #FutebolPaulista! #PaulistasEmCampo https://t.co/iLvOM7DI8l",https://x.com/Paulistao/status/2016620322909216937,1594,19,180,1,0,0,0,6,4,1,0,0,0
2016617276003487963,"Wed, Jan 28, 2026",E se o Paulistão Casas Bahia fosse de Lego... 😅 #PaulistãoCasasBahia #LegoDay #DiaInternacionalDoLego https://t.co/0T2A8IHuyj,https://x.com/Paulistao/status/2016617276003487963,1106,17,101,1,1,0,2,2,0,9,0,0,0
2016609852089651317,"Wed, Jan 28, 2026",TEM NOVIDADE NA ÁREA! 👀🚀 Rodriguinho e Volpi aterrissam no #PaulistãoCasasBahia para reforçar o Massa Bruta! #Latam https://t.co/ku0ph8le73,https://x.com/Paulistao/status/2016609852089651317,589,5,11,1,0,0,0,1,0,0,0,0,0
2016607062126366828,"Wed, Jan 28, 2026","O CHOQUE-REI VISTO DE TODAS AS FORMAS! Atrás dos gols, na lateral do campo, nas arquibancadas… Vem viver um dia de Palmeiras e São Paulo na Arena Barueri! #PaulistãoCasasBahia #Aurora #POV https://t.co/xYxvfQDJ5d",https://x.com/Paulistao/status/2016607062126366828,869,5,7,1,0,0,0,1,0,0,0,1,0
2016588289294176534,"Wed, Jan 28, 2026",YURI ALBERTO NO MODO DESENHISTA! ✍️🎨 Será que Matheuzinho e Hugo Souza acertaram o jogador? 🤣🤣🤣 #PaulistãoCasasBahia #Corinthians https://t.co/Fo2Gbg8VL8,https://x.com/Paulistao/status/2016588289294176534,2171,16,24,1,1,0,0,4,1,2,0,1,0
2016570675528437972,"Wed, Jan 28, 2026",Então esse é o motivo...🐧🏆 #PaulistãoCasasBahia https://t.co/ldNquOy1EP,https://x.com/Paulistao/status/2016570675528437972,825,22,39,1,0,0,0,4,1,2,0,0,0
2016526690651193661,"Wed, Jan 28, 2026",QUE FAAAASE DO MASSA BRUTA! 🔥 O Red Bull Bragantino é o time que está há mais jogos sem sofrer gols NO MUNDO! 🗞️@SofascoreBR #PaulistãoCasasBahia #FutebolPaulista https://t.co/aWe6LWbkCz,https://x.com/Paulistao/status/2016526690651193661,724,7,23,0,1,0,0,1,2,5,0,0,0
2016496489825182188,"Wed, Jan 28, 2026",O @brasileirao VAI COMEÇAR! 🔥😮‍💨 Cinco jogos abrem os trabalhos no Campeonato Brasileiro para as minhas equipes! #PaulistasEmCampo https://t.co/Vvm0fvddGy,https://x.com/Paulistao/status/2016496489825182188,1038,52,81,0,0,0,0,7,5,0,0,1,0
2016481387495485640,"Wed, Jan 28, 2026",MAIS UMA! Um dia cheio de #PaulistãoA2Rivalo para curtir 🤩 https://t.co/9Ai24b1aoP,https://x.com/Paulistao/status/2016481387495485640,781,20,48,0,0,0,0,3,1,0,0,1,0
2016466284796641511,"Wed, Jan 28, 2026",DIA CHEIO! Não vai faltar emoção no Paulistão A3 Rivalo nesta quarta-feira. #PaulistãoA3Rivalo https://t.co/5PxDvFDATB,https://x.com/Paulistao/status/2016466284796641511,662,10,32,1,0,0,0,4,2,2,0,0,0
2016312358235156839,"Wed, Jan 28, 2026","Walter se tornou uma referência nesse sentido, sendo pilar do estilo do Mirassol. A bola passa bastante por ele, e sua participação é inegociável; ● Se destaca pelo repertório nos passes, pelo domínio com os dois pés e a calma para jogar sob pressão; ● É fundamental para que https://t.co/LHreiUkDIN",https://x.com/Paulistao/status/2016312358235156839,1008,2,5,0,0,0,0,1,0,1,0,0,0
2016312174595948783,"Wed, Jan 28, 2026","Para equipes que querem ter a bola, é muito importante o jogo com os pés do goleiro. O Lendo o Jogo analisou o Walter, do @mirassolfc , que é um grande exemplo de goleiro com essa característica. ● Com ele participando, o time tem “mais um” no momento de trocar passes, sempre https://t.co/I8UN50rvCK",https://x.com/Paulistao/status/2016312174595948783,1271,5,22,1,0,0,1,2,5,2,0,0,0
2016269992602501300,"Tue, Jan 27, 2026","A SEGUNDA VOLTA! Vem aí mais uma rodada do #PaulistãoA3Rivalo. Palpites, torcedor? 👀 https://t.co/ZTDWYTJkPD",https://x.com/Paulistao/status/2016269992602501300,1234,21,67,0,1,0,0,6,8,1,0,1,0
2016265005885177942,"Tue, Jan 27, 2026","GOSTAM DE UM TROFÉU! 🏆🌟 Carlão, do Noroeste, e Robson, do Novorizontino, foram os jogadores que mais ganharam o prêmio de Craque do Jogo até aqui no #PaulistãoCasasBahia! #CraqueDoJogo #7kBet https://t.co/6dOTH4u3aD",https://x.com/Paulistao/status/2016265005885177942,1642,13,29,0,0,0,1,2,1,4,0,1,0
2016233279234392238,"Tue, Jan 27, 2026",DANIEL DAVI CRAQUE DA 5ª RODADA! ✨ Vocês escolheram o atacante do Ramalhão como Craque da 5ª rodada do Paulistão A2 Rivalo! #PaulistãoA2Rivalo #CraqueDaRodada https://t.co/hVYkzj2y9K,https://x.com/Paulistao/status/2016233279234392238,803,6,9,0,0,0,0,1,1,0,0,0,0
2016224695293534457,"Tue, Jan 27, 2026",OS ARTILHEIROS DO PAULISTÃO CASAS BAHIA! ⚽⭐ Coloca mais um gol na conta do Robgol! #PaulistãoCasasBahia #Artilharia #Assaí https://t.co/XWftHBxiBp,https://x.com/Paulistao/status/2016224695293534457,1085,13,23,0,0,0,0,1,0,2,0,0,0
2016213546825134563,"Tue, Jan 27, 2026",VOCÊ ACEITARIA ALGUMA DESSAS PROPOSTAS? 👀🤔 Vem ver o que a torcida do Palmeiras escolheu e se você concorda com alguma das decisões! #PaulistãoCasasBahia #Sil https://t.co/5IJ3sMtdBR,https://x.com/Paulistao/status/2016213546825134563,1195,2,7,0,0,0,0,1,1,3,0,0,0
2016209682180841965,"Tue, Jan 27, 2026",Deixe seu voto na enquete dos comentários no nosso Instagram! ➡️https://t.co/9CnF33XM64 #GolaçoDaRodada #Betano https://t.co/qSAKPrcObi,https://x.com/Paulistao/status/2016209682180841965,532,1,12,0,0,0,1,1,0,4,2,2,0
2016209679412527130,"Tue, Jan 27, 2026",SÓ VALE GOL BONITO! 🗣️🤩 Chegou a hora de escolher qual foi o Golaço da 5ª Rodada do #PaulistãoCasasBahia! https://t.co/JY2MjGRDjz,https://x.com/Paulistao/status/2016209679412527130,728,2,7,0,0,0,1,1,0,3,0,0,0
2016200300898505110,"Tue, Jan 27, 2026",NEYMAR COM NOVA TREINADORA! 🤣😍 Alerta de muita fofura em um vídeo só! 🥹 #PaulistãoCasasBahia #Neymar 🎥 @SantosFC https://t.co/qRpWQVlKJQ,https://x.com/Paulistao/status/2016200300898505110,2217,32,45,2,0,0,2,3,0,7,0,1,0
2016194625221058698,"Tue, Jan 27, 2026","CINCO JOGOS, NENHUM GOL SOFRIDO! 🧤⚽ O Cleiton está fechando o gol do Red Bull Bragantino neste #PaulistãoCasasBahia! https://t.co/4jeiTeE567",https://x.com/Paulistao/status/2016194625221058698,1002,20,36,0,1,0,1,2,2,4,0,0,0
2016183847818244403,"Tue, Jan 27, 2026","25 ANOS DA CONQUISTA DA SUPERCOPA DE 91! 🦅🔥 Com gol de Neto, o Corinthians vencia o Flamengo no dia 27 de janeiro e se consagrava campeão da Supercopa do Brasil! #BaúDoPaulistão https://t.co/waii94TFCX",https://x.com/Paulistao/status/2016183847818244403,1243,31,70,3,0,0,0,5,2,8,0,0,0
2016171042666885171,"Tue, Jan 27, 2026","CHEGOU A HORA DE ESCOLHER O CRAQUE! ☑️👀 Flaco López, Igor Formiga, Rômulo e Carlão são os nomes! E aí, quem brilhou mais na 5ª Rodada do Paulistão Casas Bahia? Deixe o seu voto na enquete nos comentários do nosso Instagram! 👇 ➡️https://t.co/njcJU4WI9L #PaulistãoCasasBahia https://t.co/F5iw7MYnfv",https://x.com/Paulistao/status/2016171042666885171,1119,10,23,0,0,0,1,1,2,4,2,0,0
2016088801123111062,"Tue, Jan 27, 2026","99 ANOS DO FANTASMA! 👻 O estreante do Paulistão Casas Bahia de 2026 comemora 99 anos de história no futebol paulista! Parabéns, @ecprimaveraoficial! #Aniversário https://t.co/pn4iC0Sw9H",https://x.com/Paulistao/status/2016088801123111062,1346,16,42,2,0,0,0,3,1,7,0,0,0
2015970305701810369,"Tue, Jan 27, 2026","O Jonathan Costa deu 79 toques na bola e um apenas na área adversária, mas ele foi fatal e garantiu a vitória do Guarani! #PaulistãoCasasBahia #Opta 📷Mauro Horita/Ag. Paulistão/Sua Foto no Jogo https://t.co/N94R3f829n",https://x.com/Paulistao/status/2015970305701810369,2051,26,71,1,0,0,0,4,4,0,0,1,0
2015958835106664571,"Tue, Jan 27, 2026","E aí, como está o seu time na classificação do Paulistão Casas Bahia? 👀 #PaulistãoCasasBahia https://t.co/uLIH0BYNAV",https://x.com/Paulistao/status/2015958835106664571,10521,207,767,3,5,0,7,27,23,87,0,1,0
2015957710257209705,"Tue, Jan 27, 2026",PONTO FINAL NA 5ª RODADA DO PAULISTÃO CASAS BAHIA! #PaulistãoCasasBahia https://t.co/v9OWxf21rW,https://x.com/Paulistao/status/2015957710257209705,2081,54,119,1,1,0,4,6,12,8,0,4,0
2015957665487204596,"Tue, Jan 27, 2026",CRAQUE DO JOGO! CAÍQUE FRANÇA BRILHOU NO CANINDÉ COM GRANDES DEFESAS! #PaulistãoCasasBahia #CraqueDoJogo #7KBet https://t.co/4MTQ42x4sY,https://x.com/Paulistao/status/2015957665487204596,3963,90,104,1,3,0,0,6,3,4,0,0,0
2015955810904375570,"Tue, Jan 27, 2026",PAREDÃO BUGRINO! Caíque França fechou o gol e foi eleito o Craque do Jogo no Canindé! #PaulistãoCasasBahia #CraqueDoJogo #7KBet 📷Mauro Horita/Ag. Paulistão/Sua Foto no Jogo https://t.co/KUryaHyDuh,https://x.com/Paulistao/status/2015955810904375570,2334,39,71,0,0,0,0,7,4,1,0,0,0
2015952570192167360,"Tue, Jan 27, 2026",BUGRÃO FLECHOU!🏹⚽️ Guarani vence e entra no G8 do Paulistão Casas Bahia! #PaulistãoCasasBahia 📷Mauro Horita/Ag. Paulistão/Sua Foto no Jogo https://t.co/JTyH43BZRU,https://x.com/Paulistao/status/2015952570192167360,1729,42,127,1,0,0,2,5,5,12,0,0,0
2015945927513493997,"Tue, Jan 27, 2026",⚽🥰👶 #PaulistãoCasasBahia 📷Mauro Horita/Ag. Paulistão/Sua Foto no Jogo https://t.co/SBpoisOpu6,https://x.com/Paulistao/status/2015945927513493997,1454,18,39,1,0,0,1,4,2,6,0,0,0
2015943594520039480,"Tue, Jan 27, 2026",JONATHAN COSTA FOI PRA REDE NO CANINDÉ! O Guarani abre o placar contra a Portuguesa! #PaulistãoCasasBahia https://t.co/JwyvRAO0r7,https://x.com/Paulistao/status/2015943594520039480,3807,75,105,0,4,0,1,7,14,4,0,2,0
2015936228214849953,"Mon, Jan 26, 2026",O primeiro tempo foi movimentado no Canindé! Será que vão balançar a rede na segunda etapa? #PaulistãoCasasBahia 📷Mauro Horita/Ag. Paulistão/Sua Foto no Jogo https://t.co/00PE0OLP3X,https://x.com/Paulistao/status/2015936228214849953,1501,8,38,0,0,0,0,2,18,2,0,1,0
2015930907610189931,"Mon, Jan 26, 2026",OLHA A OPORTUNIDADE QUE O GUARANI DESPERDIÇOU NO CANINDÉ! #PaulistãoCasasBahia https://t.co/m7TEMtsPxE,https://x.com/Paulistao/status/2015930907610189931,5403,44,117,1,1,0,1,3,48,19,0,1,0
2015916027935109180,"Mon, Jan 26, 2026","Ralf, Diego Torres e Gabriel Pires já estão prontos! Daqui a pouco tem jogão no Canindé! #PaulistãoCasasBahia 📷Mauro Horita/Ag. Paulistão/Sua Foto no Jogo https://t.co/W1iDmr8nG6",https://x.com/Paulistao/status/2015916027935109180,1853,20,103,0,0,0,0,2,7,5,0,1,0
2015907605151993961,"Mon, Jan 26, 2026",UM BOM FILHO A CASA TORNA! 🏠🇾🇪 Rafinha foi convocado pelo São Paulo para ser o gerente esportivo do Tricolor e não teve dúvidas da resposta! #PaulistãoCasasBahia #SãoPaulo https://t.co/Jloyf4zR3w,https://x.com/Paulistao/status/2015907605151993961,1186,13,24,0,0,0,0,2,0,5,0,0,0
2015907542099018099,"Mon, Jan 26, 2026",A BASE VEM FORTE! Torcida da Lusa presente para mais um jogão no Canindé! #PaulistãoCasasBahia 📷Mauro Horita/Ag. Paulistão/Sua Foto no Jogo https://t.co/LTrMTnTsva,https://x.com/Paulistao/status/2015907542099018099,1346,32,109,0,0,0,0,5,6,0,0,0,0
2015892507981447196,"Mon, Jan 26, 2026",FIM DA PRIMEIRA RODADA! Os trabalhos começaram a todo vapor no #PaulistãoA3Rivalo! Vem ver como ficou a tabela de classificação 👀 https://t.co/VrzzN2WfV4,https://x.com/Paulistao/status/2015892507981447196,1555,51,185,0,2,1,2,5,18,39,0,2,0
2015884950466396314,"Mon, Jan 26, 2026","O PROTAGONISTA DO TIME DO POVO! ⭐👀 Depois do gol contra o Velo Clube, Yuri Alberto alcançou a marca de 100 participações em gols pelo Timão. Ele resolve! #PaulistãoCasasBahia #Corinthians https://t.co/nEdru0X5uK",https://x.com/Paulistao/status/2015884950466396314,2506,244,276,6,1,0,2,12,3,5,0,0,0
2015877405781700925,"Mon, Jan 26, 2026","LOCOMOTIVA NA LIDERANÇA! Com a Ferroviária no topo e o Ituano logo na cola, assim ficou a classificação do Paulistão A2 Rivalo ao final da 5ª rodada! #PaulistãoA2Rivalo https://t.co/aOehltWzMK",https://x.com/Paulistao/status/2015877405781700925,3997,42,711,2,1,8,6,5,17,438,0,1,0
2015875019943928018,"Mon, Jan 26, 2026","É O ROBGOL! 🐯⚽🌟 Artilheiro do Paulistão Casas Bahia, o Robson tem sete gols na conta! #PaulistãoCasasBahia https://t.co/lJtQhzRbPf",https://x.com/Paulistao/status/2015875019943928018,770,14,19,1,0,0,0,1,0,0,0,0,0
2015862303414223349,"Mon, Jan 26, 2026",Arbitragem escalada para a partida entre Portuguesa e Guarani! #EscalaDeArbitragem #PaulistãoCasasBahia https://t.co/7eQGOiRMDy,https://x.com/Paulistao/status/2015862303414223349,1189,7,23,0,0,0,0,2,1,4,0,0,0
2015817003211305385,"Mon, Jan 26, 2026",FECHANDO A RODADA E ABRINDO A SEMANA! 🗣️‼️ Jogo único entre Portuguesa e Guarani nesta segunda de #PaulistãoCasasBahia! https://t.co/Q7uxe0NzU5,https://x.com/Paulistao/status/2015817003211305385,2275,50,101,0,0,0,3,6,6,11,0,0,0
2015615076426805626,"Mon, Jan 26, 2026",😘😀Um beijo e um sorriso de quem garantiu mais uma vitória para o Corinthians! #PaulistãoCasasBahia 📷Igor do Vale/Ag. Paulistão/Sua Foto no Jogo https://t.co/uvn0v96xTY,https://x.com/Paulistao/status/2015615076426805626,3272,298,457,5,1,0,2,15,4,4,0,0,0
2015614673731641723,"Mon, Jan 26, 2026","O Timão demorou, mas consegui marcar nos acréscimos! #PaulistãoCasasBahia #Corinthians #Opta https://t.co/b1gOeczmQB",https://x.com/Paulistao/status/2015614673731641723,1087,24,35,1,0,0,0,3,2,1,0,0,0
2015608688472465703,"Mon, Jan 26, 2026",ELA CHEGOU: A CLASSIFICAÇÃO DO PAULISTÃO CASAS BAHIA! #PaulistãoCasasBahia https://t.co/5BLVHGoAud,https://x.com/Paulistao/status/2015608688472465703,13429,475,1406,5,7,2,7,38,37,105,0,4,0
2015608317213593735,"Mon, Jan 26, 2026",Ponto final neste domingão de Paulistão Casas Bahia! #PaulistãoCasasBahia https://t.co/gQAB2yI2v5,https://x.com/Paulistao/status/2015608317213593735,1455,52,91,1,0,0,0,8,7,4,0,0,0
2015605977857352054,"Mon, Jan 26, 2026",O CRAQUE DO JOGO É SÓ ALEGRIA! Com a palavra: Yuri Alberto! #PaulistãoCasasBahia #CraqueDoJogo #7KBet https://t.co/NJGeCMGn69,https://x.com/Paulistao/status/2015605977857352054,2767,135,175,3,0,0,4,23,7,4,0,1,0
2015604660887822688,"Mon, Jan 26, 2026","ENTROU NO JOGO E RESOLVEU! YURI ALBERTO, O CRAQUE DO JOGO! #PaulistãoCasasBahia #CraqueDoJogo #7KBet 📷Igor do Vale/Ag. Paulistão/Sua Foto no Jogo https://t.co/2jU2Jagqph",https://x.com/Paulistao/status/2015604660887822688,1947,129,174,1,0,0,2,16,3,5,0,0,0
2015602585638502617,"Mon, Jan 26, 2026",O PELADÃO DA FIEL! 🔞 QUE ISSO YURI ALBERTO?! #PaulistãoCasasBahia https://t.co/hemgfOha9y,https://x.com/Paulistao/status/2015602585638502617,3353,104,134,5,2,1,1,4,7,15,0,0,0
2015600923335159813,"Mon, Jan 26, 2026",O GOL DA VITÓRIA DO TIMÃO! YURI ALBERTO É O NOME DELE! #PaulistãoCasasBahia https://t.co/PFCuIpXPqO,https://x.com/Paulistao/status/2015600923335159813,3034,47,66,2,2,0,0,5,4,10,0,0,0
2015599920560984485,"Mon, Jan 26, 2026",YURI ALBERTO RESOLVE NOS ACRÉSCIMOS! #PaulistãoCasasBahia 📷Igor do Vale/Ag. Paulistão/Sua Foto no Jogo https://t.co/50Um8JptT4,https://x.com/Paulistao/status/2015599920560984485,5045,219,728,5,1,2,1,18,20,50,0,3,0
2015587159273513113,"Mon, Jan 26, 2026",Se liga só no que rolou pela quinta rodada do Paulistão A2 Rivalo! #PaulistãoA2Rivalo https://t.co/PzAxf9l5Tb,https://x.com/Paulistao/status/2015587159273513113,1189,20,63,0,2,0,1,3,7,6,0,2,0
2015587032563593321,"Mon, Jan 26, 2026",QUER SABER O QUE ROLOU NO CHOQUE-REI? 🗣️VEM VER A LEITURA LABIAL DE PALMEIRAS E SÃO PAULO NO PAULISTÃO CASAS BAHIA! #PaulistãoCasasBahia #leituralabial https://t.co/nCMIV2szUn,https://x.com/Paulistao/status/2015587032563593321,1970,11,21,1,0,0,0,2,6,1,0,1,0
2015585097362080226,"Mon, Jan 26, 2026",NA HISTÓRIA DO TIGRE! 💯 O goleiro Jordi alcançou a marca de 100 jogos com a camisa do Novorizontino! #PaulistãoCasasBahia https://t.co/oimQZlLW5h,https://x.com/Paulistao/status/2015585097362080226,1011,6,14,0,0,0,0,2,2,2,0,0,0
2015581224920658393,"Mon, Jan 26, 2026",PLACAR ZERADO! Ninguém balançou a rede no primeiro tempo entre Velo Clube e Corinthians! #PaulistãoCasasBahia 📷Igor do Vale/Ag. Paulistão/Sua Foto no Jogo https://t.co/R3HoW76APY,https://x.com/Paulistao/status/2015581224920658393,1105,9,57,0,0,0,9,1,12,8,0,3,0
2015578371493630021,"Mon, Jan 26, 2026",❌🧤NÃO PASSA NADA NO GOL DO MARCELO CARNÉ! #PaulistãoCasasBahia https://t.co/y2iK0hhALo,https://x.com/Paulistao/status/2015578371493630021,2215,13,32,1,2,0,1,1,7,9,0,0,0
2015574408769773813,"Sun, Jan 25, 2026",A CORUJA NÃO VIU A COR DA BOLA! 🦉⚽️ Mais um golaço do artilheiro do Paulistão Casas Bahia! São 7 e contando! #PaulistãoCasasBahia 📷Pedro Zacchi/Ag. Paulistão/Sua Foto no Jogo https://t.co/G2Ddn4vPgS,https://x.com/Paulistao/status/2015574408769773813,951,5,32,1,0,0,0,1,3,0,0,0,0
2015573050125636038,"Sun, Jan 25, 2026","O TIGRE TÁ COM TUDO! #CraqueDoJogo, Rômulo analisou o momento do Novorizontino no Paulistão Casas Bahia #7KBet #PaulistãoCasasBahia https://t.co/C5IiYPwOYe",https://x.com/Paulistao/status/2015573050125636038,1121,7,13,1,0,0,0,1,3,2,0,0,0
2015572752086798569,"Sun, Jan 25, 2026",CAMISA 10! Rômulo fez o gol que abriu a vitória do Novorizontino e foi escolhido pela galera de casa como o #CraqueDoJogo! #7KBet #PaulistãoCasasBahia 📷Pedro Zacchi/Ag. Paulistão/Sua Foto no Jogo https://t.co/uuTAsPFvkZ,https://x.com/Paulistao/status/2015572752086798569,886,2,7,0,1,0,0,1,1,2,0,0,0
2015571955886309781,"Sun, Jan 25, 2026",TIGRE LÍDER! Novorizontino vence em casa e assume a liderança do Paulistão Casas Bahia! #PaulistãoCasasBahia 📷Pedro Zacchi/Ag. Paulistão/Sua Foto no Jogo https://t.co/RyppdkHNvg,https://x.com/Paulistao/status/2015571955886309781,1135,10,48,0,0,0,0,2,4,1,0,0,0
2015567442278236440,"Sun, Jan 25, 2026",O ROBSON É UM ABSURDO! Olha só o que ele aprontou pra cima do Botafogo. Espia! #PaulistãoCasasBahia #Betano https://t.co/sJ0UvGPxvQ,https://x.com/Paulistao/status/2015567442278236440,79982,541,878,14,29,4,15,7,45,205,0,30,0
2015561824414888106,"Sun, Jan 25, 2026",É DIA DE JOGÃO E A TORCIDA DO VELÃO ESTÁ NA ÁREA! #PaulistãoCasasBahia 📷Igor do Vale/Ag. Paulistão/Sua Foto no Jogo https://t.co/juU2XnlBcn,https://x.com/Paulistao/status/2015561824414888106,857,10,48,0,0,0,0,1,1,0,0,0,0
2015559623399399489,"Sun, Jan 25, 2026",FIEL MARCANDO PRESENÇA EM RIO CLARO! #PaulistãoCasasBahia 📷Igor do Vale/Ag. Paulistão/Sua Foto no Jogo https://t.co/XagFioBQpW,https://x.com/Paulistao/status/2015559623399399489,1069,29,82,1,0,0,0,1,1,0,0,0,0
2015551320950813071,"Sun, Jan 25, 2026",VANTAGEM DO TIGRE! O time da casa vai para o intervalo com a superioridade no marcador! #PaulistãoCasasBahia 📷Pedro Zacchi/Ag. Paulistão/Sua Foto no Jogo https://t.co/AJ8c75VK3z,https://x.com/Paulistao/status/2015551320950813071,838,6,20,1,0,0,0,1,7,1,0,0,0
2015550532333514879,"Sun, Jan 25, 2026","Fala, craque! 🏆✨ #PaulistãoCasasBahia #CraqueDoJogo #Bet7k https://t.co/y7TFCpWfIT",https://x.com/Paulistao/status/2015550532333514879,1074,4,7,0,0,0,0,1,0,0,0,2,0
2015548891781849098,"Sun, Jan 25, 2026",O DONO DO PRIMEIRO GOL DO JOGO! Welliton abriu o placar para o Fantasma na vitória por 2 a 1 e foi eleito o Craque do Jogo! #PaulistãoCasasBahia #CraqueDoJogo #Bet7k 📷Alexandre Battibugli/Ag.Paulistão/Sua Foto no Jogo https://t.co/RbQ67v55sp,https://x.com/Paulistao/status/2015548891781849098,808,2,10,0,0,0,0,1,2,0,0,0,0
2015546945276715046,"Sun, Jan 25, 2026",O 🔟 VAI PRA REDE! Rômulo converte o pênalti e abre o placar para o Novorizontino! #PaulistãoCasasBahia #Betano https://t.co/ukTnXtFrjL,https://x.com/Paulistao/status/2015546945276715046,2619,23,37,0,0,0,0,1,12,0,0,1,0
2015544886187933839,"Sun, Jan 25, 2026",DEU FANTASMA! 👻 O Primavera consegue somar três pontos jogando fora de casa na reedição da final do Paulistão A2 Rivalo do ano passado! #PaulistãoCasasBahia 📷Alexandre Battibugli/Ag.Paulistão/Sua Foto no Jogo https://t.co/7NcphxAENn,https://x.com/Paulistao/status/2015544886187933839,1390,12,73,0,0,0,1,3,5,0,0,0,0
2015540804744319171,"Sun, Jan 25, 2026",O LEÃO DIMINUI! Rodolfo faz o primeiro do Capivariano! #PaulistãoCasasBahia https://t.co/wuBU2K4ENF,https://x.com/Paulistao/status/2015540804744319171,1346,4,17,1,1,0,0,1,9,2,0,1,0
2015536333389738230,"Sun, Jan 25, 2026","FALA, MENINO! #CraqueDoJogo, o camisa 25 do Santos analisou o atual momento do Peixe e falou sobre sua atuação diante do Red Bull Bragantino. #7KBet #PaulistãoCasasBahia https://t.co/bfP1CN53L5",https://x.com/Paulistao/status/2015536333389738230,1052,9,14,1,0,0,0,2,1,1,0,1,0
2015535699072528472,"Sun, Jan 25, 2026","É DELE! A galera votou e escolheu Gabriel Menino, do Santos, como o #CraqueDoJogo! #7KBet #PaulistãoCasasBahia 📷Ronaldo Barreto/Ag. Paulistão/Sua Foto no Jogo https://t.co/ddSBrL1nTq",https://x.com/Paulistao/status/2015535699072528472,919,6,19,0,1,0,0,2,4,0,0,0,0
2015534832550359307,"Sun, Jan 25, 2026",ESSE DUELO PROMETE! Quem vai levar a melhor no confronto do interior? #PaulistãoCasasBahia 📷Pedro Zacchi/Ag. Paulistão/Sua Foto no Jogo https://t.co/EmNcYNDeeT,https://x.com/Paulistao/status/2015534832550359307,873,6,52,0,0,0,0,1,8,0,0,0,0
2015530993440968828,"Sun, Jan 25, 2026","COMEÇOU ZERADO, TERMINOU ZERADO! Ficou tudo igual para Santos e Red Bull Bragantino. #PaulistãoCasasBahia 📷Ronaldo Barreto/Ag. Paulistão/Sua Foto no Jogo https://t.co/RQWm56qQPx",https://x.com/Paulistao/status/2015530993440968828,831,6,41,0,0,0,0,1,0,0,0,0,0
2015530877673976085,"Sun, Jan 25, 2026",VANTAGEM DO PRIMAVERA! O Fantasma se colocou dois gols na frente no duelo contra o Capivariano! #PaulistãoCasasBahia 📷Alexandre Battibugli/Ag.Paulistão/Sua Foto no Jogo https://t.co/8mXVTNITGZ,https://x.com/Paulistao/status/2015530877673976085,841,8,16,0,1,0,0,1,2,2,0,0,0
2015529154150650081,"Sun, Jan 25, 2026",ZAGUEIRÃO DEIXOU O DELE! Afonso amplia a vantagem do Primavera no final do primeiro tempo! #PaulistãoCasasBahia https://t.co/RaGzNfbFH7,https://x.com/Paulistao/status/2015529154150650081,1903,9,26,0,0,1,0,1,8,6,0,0,0
2015522019064897670,"Sun, Jan 25, 2026",IA SER UM GOLAÇO! Mas o Eduardo Sasha parou no travessão do Santos... #PaulistãoCasasBahia https://t.co/DYGAZ7NirM,https://x.com/Paulistao/status/2015522019064897670,1367,5,9,0,0,0,0,1,2,0,0,1,0
2015521849904361922,"Sun, Jan 25, 2026",WELLITON NÃO DESPEDIÇOU A CHANCE! O Primavera sai na vantagem no duelo contra o Capivariano! #PaulistãoCasasBahia https://t.co/kYRzm6wKOh,https://x.com/Paulistao/status/2015521849904361922,2074,12,16,1,0,0,0,1,2,1,0,0,0
2015521667343163614,"Sun, Jan 25, 2026",VAMOS? ENTÃO BORA! Tá chegando a hora de Novorizontino e Botafogo! #PaulistãoCasasBahia 📷Pedro Zacchi/Ag. Paulistão/Sua Foto no Jogo https://t.co/She3D0E3jH,https://x.com/Paulistao/status/2015521667343163614,764,3,27,1,0,0,0,2,3,0,0,0,0
2015515016326508803,"Sun, Jan 25, 2026",VELÃO E TIMÃO! 🤩⚔️ O Corinthians visita o Velo Clube em Rio Claro em mais uma partida da 5ª rodada do #PaulistãoCasasBahia! https://t.co/ihf567FQnh,https://x.com/Paulistao/status/2015515016326508803,1134,24,48,0,0,0,1,2,2,2,0,0,0
2015512948949622962,"Sun, Jan 25, 2026",FALTOU O GOL! A rede ainda não balançou na Neo Química Arena. #PaulistãoCasasBahia 📷Ronaldo Barreto/Ag. Paulistão/Sua Foto no Jogo https://t.co/eRGDKGpTXO,https://x.com/Paulistao/status/2015512948949622962,797,6,19,0,0,0,1,1,1,1,0,0,0
2015510938879660488,"Sun, Jan 25, 2026",O Choque-Rei foi quente em Barueri e o @vellosogg estava atento nas imagens exclusivas! #PaulistaoCasasBahia #leituralabial https://t.co/O2GvAEn0hW,https://x.com/Paulistao/status/2015510938879660488,1116,12,20,2,1,0,0,1,2,3,0,2,0
2015507463265563097,"Sun, Jan 25, 2026",Arbitragem escalada para a partida entre Velo Clube e Corinthians! #EscalaDeArbitragem #PaulistãoCasasBahia https://t.co/tF1IZVEj9S,https://x.com/Paulistao/status/2015507463265563097,15863,7,185,1,0,0,0,4,11,25,0,1,0
2015505744980840574,"Sun, Jan 25, 2026","CALMA, MENINO! Quase que deu ruim pro Vojvoda 😅 #PaulistãoCasasBahia https://t.co/p5LG8sqak4",https://x.com/Paulistao/status/2015505744980840574,1533,9,16,1,0,0,0,1,3,3,0,0,0
2015505099871678737,"Sun, Jan 25, 2026","DUELO DE ELITE! Finalistas do Paulistão A2 Rivalo no ano passado, Capivariano e Primavera voltam a se enfrentar, agora, pelo Paulistão Casas Bahia! #PaulistãoCasasBahia 📷Alexandre Battibugli/Ag. Paulistão/Sua Foto no Jogo https://t.co/sAblPLcxQ3",https://x.com/Paulistao/status/2015505099871678737,894,6,24,0,0,0,0,2,0,0,0,1,0
2015494880341180739,"Sun, Jan 25, 2026",Arbitragem escalada para a partida entre Novorizontino e Botafogo! #EscalaDeArbitragem #PaulistãoCasasBahia https://t.co/i925B92CmE,https://x.com/Paulistao/status/2015494880341180739,842,6,10,0,0,0,0,1,1,0,0,0,0
2015490098599432563,"Sun, Jan 25, 2026",NA ÁREA! Santos e Red Bull Bragantino já desembarcaram na Neo Química Arena para o jogão de daqui a pouco! #PaulistãoCasasBahia 📷Ronaldo Barreto/Ag. Paulistão/Sua Foto no Jogo https://t.co/Azdi4zsO1P,https://x.com/Paulistao/status/2015490098599432563,1586,14,112,0,0,0,0,1,1,0,0,0,0
2015484818960887891,"Sun, Jan 25, 2026",Arbitragem escalada para a partida entre Capivariano e Primavera! #EscalaDeArbitragem #PaulistãoCasasBahia https://t.co/x4BhDEy00i,https://x.com/Paulistao/status/2015484818960887891,766,4,12,0,0,0,0,2,1,0,0,0,0
2015481580999881089,"Sun, Jan 25, 2026",PALCO DIFERENTE! A Neo química Arena está pronta para receber o duelo entre Santos e Red Bull Bragantino! #PaulistãoCasasBahia 📷Ronaldo Barreto/Ag. Paulistão/Sua Foto no Jogo https://t.co/cbzx7WAc19,https://x.com/Paulistao/status/2015481580999881089,2358,10,270,0,1,0,1,2,3,9,0,0,0
2015479592329347335,"Sun, Jan 25, 2026",Ponto final na primeira rodada do Paulistão A3 Rivalo! #PaulistãoA3Rivalo https://t.co/jrv0fS2fHg,https://x.com/Paulistao/status/2015479592329347335,976,15,44,1,0,0,0,2,2,4,0,0,0
2015477264235000318,"Sun, Jan 25, 2026",DUELO DE TIGRE E PANTERA! 🤝👀 As duas equipes venceram na última rodada e querem somar mais três pontos no #PaulistãoCasasBahia! https://t.co/lEAmEfqrEl,https://x.com/Paulistao/status/2015477264235000318,676,5,11,1,0,0,0,2,0,1,0,0,0
2015448089478267175,"Sun, Jan 25, 2026",SUPERCLÁSSICO CASAS BAHIA! O meia Maurício recebeu o troféu do Choque-Rei e analisou a vitória do Palmeiras pra cima do São Paulo. #PaulistãoCasasBahia https://t.co/VLdKzq2e81,https://x.com/Paulistao/status/2015448089478267175,4934,123,160,2,2,1,2,7,5,20,0,0,0
2015439522222207194,"Sun, Jan 25, 2026","PARA QUEM SUBIU! 🤝⬆️ No ano passado, protagonizaram a final do Paulistão A2 Rivalo, e agora se enfrentam no #PaulistãoCasasBahia! https://t.co/pt4Mr2byxX",https://x.com/Paulistao/status/2015439522222207194,694,7,16,0,0,0,0,1,2,3,0,0,0
2015431966175216024,"Sun, Jan 25, 2026",Arbitragem escalada para a partida entre Santos e Red Bull Bragantino! #EscalaDeArbitragem #PaulistãoCasasBahia https://t.co/Q7rwqX2hWl,https://x.com/Paulistao/status/2015431966175216024,1037,11,37,0,0,0,1,1,1,1,0,0,0
2015424424628097392,"Sun, Jan 25, 2026",ALERTA DE JOGÃO! 🚨😉 Peixão e Massa Bruta se enfrentam na Neo Química Arena e querem vencer! #PaulistãoCasasBahia https://t.co/ulGgOTdV0k,https://x.com/Paulistao/status/2015424424628097392,842,15,24,0,0,0,1,1,0,0,0,0,0
2015409316543844626,"Sun, Jan 25, 2026",DOMINGO CHEIO! 👀 Não vai faltar jogaço para acompanhar hoje! #PaulistãoCasasBahia https://t.co/O1bfa5x2Yp,https://x.com/Paulistao/status/2015409316543844626,1568,45,123,1,1,0,1,7,9,3,0,0,0
2015404283454542269,"Sun, Jan 25, 2026",JOGO ÚNICO! Ituano e São Bento encerram a rodada neste domingo. #PaulistãoA2Rivalo https://t.co/OBkYUuk1sW,https://x.com/Paulistao/status/2015404283454542269,830,16,25,0,0,0,1,2,1,3,0,0,0
2015394217456009723,"Sun, Jan 25, 2026",O gol que abriu o placar do #ChoqueRei! 🔥 #PaulistãoCasasBahia #Palmeiras https://t.co/KNek3HbV8T,https://x.com/Paulistao/status/2015394217456009723,5894,251,285,3,2,0,0,9,10,5,0,8,0
2015356470473420946,"Sun, Jan 25, 2026",PARA ENCERRAR A RODADA! Francana e Catanduva se enfrentam nesse domingo pela 1ª rodada do Paulistão A3 Rivalo! #PaulistãoA3Rivalo https://t.co/UHx82NOfoZ,https://x.com/Paulistao/status/2015356470473420946,832,3,7,0,0,0,0,2,1,0,0,0,0
2015348928435417221,"Sun, Jan 25, 2026","PARABÉNS, SÃO PAULO! 👏✨ 472 anos da cidade mais Fanática Por Futebol! #Aniversário #FPF https://t.co/ua4ErUahEG",https://x.com/Paulistao/status/2015348928435417221,3675,263,324,1,0,1,1,18,13,0,0,3,0
2015265871497777353,"Sun, Jan 25, 2026","TU ÉS FORTE, TU ÉS GRANDE! O @saopaulofc completa 96 anos de muita história e tradição. Parabéns, Tricolor! #Aniversário #SãoPaulo https://t.co/8QxubBrMrl",https://x.com/Paulistao/status/2015265871497777353,8119,964,1164,1,2,0,3,88,17,16,0,3,0
2015235782584205463,"Sun, Jan 25, 2026","A FALHA 🤝 A VOLTA POR CIMA! Depois do gol tomado no Choque-Rei, Carlos Miguel FECHOU O GOL e pegou tudo no Superclássico Casas Bahia! 🔥🧤 #PaulistãoCasasBahia #ChoqueRei #CarlosMiguel https://t.co/H3SmpfC5xq",https://x.com/Paulistao/status/2015235782584205463,54460,848,1334,13,8,3,31,28,40,315,0,46,0
2015231941507698768,"Sun, Jan 25, 2026","LENTAMENTE NO FUNDO DO GOL! ⏱️ O Rafael se esforçou, mas o chute do Maurício foi certeiro para abrir o placar no #ChoqueRei #PaulistãoCasasBahia https://t.co/d1bkwuOjWw",https://x.com/Paulistao/status/2015231941507698768,11310,526,609,8,3,0,5,20,33,12,0,9,0
2015219266069381286,"Sun, Jan 25, 2026","🐷 3 CHUTES, 3 GOLS 🇾🇪 6 CHUTES, 1 GOL #PaulistãoCasasBahia #ChoqueRei https://t.co/S9WdGS2Sln",https://x.com/Paulistao/status/2015219266069381286,1252,14,62,2,1,0,0,2,1,3,0,0,0
2015216268953919902,"Sun, Jan 25, 2026",CRAQUE DO JOGO! 🔥 Se liga nos números do Flaco López no Choque-Rei! 🤩 #PaulistãoCasasBahia! https://t.co/Dno5mxnTfe,https://x.com/Paulistao/status/2015216268953919902,1192,15,30,0,2,0,1,1,2,0,0,0,0
2015214657355546746,"Sun, Jan 25, 2026",ATUALIZADA! ✅ A tabela de classificação ficou assim no início da 5ª rodada do #PaulistãoCasasBahia! https://t.co/r0z423R9CM,https://x.com/Paulistao/status/2015214657355546746,16547,328,1382,1,13,3,16,25,53,123,0,4,0
2015213675129303247,"Sun, Jan 25, 2026",FIM DO PRIMEIRO DIA DE 5ª RODADA! 😮‍💨 #PaulistãoCasasBahia https://t.co/FvWPQyT6BT,https://x.com/Paulistao/status/2015213675129303247,2308,60,109,1,2,0,2,8,3,2,0,0,0
2015212719981437163,"Sat, Jan 24, 2026",GOLAÇO POR TODOS OS ÂNGULOS! 😮‍💨🤌 #PaulistãoCasasBahia #Palmeiras #ChoqueRei https://t.co/hYDq12pab9,https://x.com/Paulistao/status/2015212719981437163,46427,2972,3520,46,66,14,5,210,64,162,0,53,0
2015209782152495230,"Sat, Jan 24, 2026","Um gol, duas assistências e o troféu de #CraqueDoJogo pro Flaco López! 🏆 #PaulistãoCasasBahia #ChoqueRei #7kBet 📷 Renato Pizzutto/Ag. Paulistão/Sua Foto no Jogo https://t.co/UlYljmV407",https://x.com/Paulistao/status/2015209782152495230,1045,25,38,0,0,0,0,1,3,0,0,0,0
2015205624825380970,"Sat, Jan 24, 2026",FIM DE PAPO NO CHOQUE-REI! 🟢⚪ O Palmeiras venceu o São Paulo em Barueri! JOGÃO! 🔥 #PaulistãoCasasBahia #ChoqueRei #Palmeiras 📷 Victor Froes e Renato Pizzutto/Ag. Paulistão/Sua Foto no Jogo https://t.co/EHmXOnZ7qs,https://x.com/Paulistao/status/2015205624825380970,1361,41,133,0,1,0,1,4,1,2,0,1,0
2015197042952257648,"Sat, Jan 24, 2026",Todo o caminho do Palmeiras até o golaço do Flaco López! 🔥 #PaulistãoCasasBahia #ChoqueRei #Palmeiras #Sil https://t.co/ZKq9a9ci8n,https://x.com/Paulistao/status/2015197042952257648,4130,99,210,2,1,0,2,4,13,4,0,5,0
2015192933780033853,"Sat, Jan 24, 2026",✅ 2 CHUTES ✅ 2 GOLS Esse é o resumo do 1º tempo do Palmeiras no Choque-Rei! #PaulistãoCasasBahia #ChoqueRei #Palmeiras https://t.co/8amVcMo5cg,https://x.com/Paulistao/status/2015192933780033853,1022,15,22,1,1,0,0,1,1,2,0,0,0
2015190970069815742,"Sat, Jan 24, 2026","OS NÚMEROS DO CHOQUE-REI! 😮‍💨 Mesmo com a vitória parcial, o Palmeiras atuou pouco na sua área de ataque! 🔥 #PaulistãoCasasBahia https://t.co/4SDVoCAjfy",https://x.com/Paulistao/status/2015190970069815742,958,4,12,0,0,0,0,1,1,2,0,0,0
2015189536188354997,"Sat, Jan 24, 2026","FALA, CARLÃO! #CraqueDoJogo, o camisa 9 analisou o empate e disse o que falta pro Noroeste alcançar a primeira vitória no Paulistão Casas Bahia. #7KBet #PaulistãoCasasBahia https://t.co/We4ZEKQX6g",https://x.com/Paulistao/status/2015189536188354997,2831,13,21,0,0,0,0,1,1,5,0,0,0
2015188790902468785,"Sat, Jan 24, 2026","INTERVALO NO CHOQUE-REI! Por enquanto, o Verdão vai vencendo em Barueri! Será que o placar muda no 2º tempo? 👀 #PaulistãoCasasBahia #ChoqueRei 📷 Victor Froes/Ag. Paulistão/Sua Foto no Jogo https://t.co/8JxpewZ4LP",https://x.com/Paulistao/status/2015188790902468785,1322,37,50,0,0,0,0,1,2,0,0,0,0
2015188014679376032,"Sat, Jan 24, 2026","COLECIONANDO PRÊMIOS! Pela terceira vez no Paulistão Casas Bahia, Carlão, do Noroeste, é o #CraqueDoJogo! #7KBet #PaulistãoCasasBahia 📷 Rebeca Reis/Ag. Paulistão/Sua Foto no Jogo https://t.co/gpkYy2I12r",https://x.com/Paulistao/status/2015188014679376032,1657,8,23,1,0,0,0,1,4,0,0,0,0
2015187933590958081,"Sat, Jan 24, 2026",FLACO LÓPEZ COLOCOU O PALMEIRAS NA FRENTE DE NOVO! 🟢⚪ #PaulistãoCasasBahia #ChoqueRei 📷 Victor Froes/Ag. Paulistão/Sua Foto no Jogo https://t.co/1XNYv5eYZ0,https://x.com/Paulistao/status/2015187933590958081,1619,58,152,2,0,0,1,4,9,7,0,1,0
2015187310686450070,"Sat, Jan 24, 2026",TUDO IGUAL! O duelo do Moisés Lucarelli acabou em empate. #PaulistãoCasasBahia 📷 Rebeca Reis/Ag. Paulistão/Sua Foto no Jogo https://t.co/5Qu5IPtyVW,https://x.com/Paulistao/status/2015187310686450070,1434,5,32,2,0,0,0,2,1,0,0,0,0
2015182576739123619,"Sat, Jan 24, 2026","TUDO IGUAL NO CHOQUE-REI! 🤝 Maurício abriu o placar pro Verdão, mas Bobadilla não demorou pra empatar pro Tricolor! 🔥 #PaulistãoCasasBahia #ChoqueRei 📷 Victor Froes e Renato Pizzutto/Ag. Paulistão/Sua Foto no Jogo https://t.co/8ksUGvWPDn",https://x.com/Paulistao/status/2015182576739123619,1423,9,67,1,0,0,0,2,3,1,0,0,0
2015175477913125289,"Sat, Jan 24, 2026","FOI POR POUCO! O Cristiano fez o mais difícil, mas na hora de tirar o dez, carimbou a trave da equipe de Bauru. Por pouco não saiu o terceiro da Ponte Preta! #PaulistãoCasasBahia https://t.co/kelY99iXhW",https://x.com/Paulistao/status/2015175477913125289,4158,18,33,2,2,0,0,2,6,3,0,2,0
2015172999763083538,"Sat, Jan 24, 2026",AQUECIMENTO ROLANDO! 🔥 Já já a bola vai rolar pra mais um Superclássico Casas Bahia! 😮‍💨 #PaulistãoCasasBahia #ChoqueRei 📷 Renato Pizzutto e Victor Froes/Ag. Paulistão/Sua Foto no Jogo https://t.co/Zp92Tu7Eut,https://x.com/Paulistao/status/2015172999763083538,903,5,26,0,0,0,0,2,2,0,0,0,0
2015167729343287358,"Sat, Jan 24, 2026",TRANSIÇÃO PRECISA! O terceiro gol do Leão começou na defesa. #PaulistãoCasasBahia https://t.co/A8XHhwODYY,https://x.com/Paulistao/status/2015167729343287358,785,4,11,0,0,0,0,1,0,2,0,0,0
2015167199342632986,"Sat, Jan 24, 2026",TÁ MALUCO! O Pacheco bateu com estilo e marcou um golaço pra Ponte Preta! É a virada da Macaca! #PaulistãoCasasBahia #Betano https://t.co/nSLjT5mznf,https://x.com/Paulistao/status/2015167199342632986,2431,17,36,0,0,0,1,1,10,6,0,0,0
2015166929896366574,"Sat, Jan 24, 2026",QUE JOGAÇO! 45 minutos de muita emoção no Moisés Lucarelli! Tá tudo igual entre Ponte Preta e Noroeste! #PaulistãoCasasBahia 📷 Rebeca Reis/Ag. Paulistão/Sua Foto no Jogo https://t.co/lLCajMN2Yo,https://x.com/Paulistao/status/2015166929896366574,1484,10,33,0,0,0,0,2,8,2,0,0,0
2015165964287979724,"Sat, Jan 24, 2026","ELE CONHECE O CAMINHO! Se tem Carlão em campo, tem gol do Norusca! E que golaço de cabeça do camisa 9! #PaulistãoCasasBahia #Betano https://t.co/ilMLAmAqbX",https://x.com/Paulistao/status/2015165964287979724,1736,14,34,0,2,0,1,2,9,8,0,0,0
2015161629097210180,"Sat, Jan 24, 2026",O TRICOLOR CHEGOU! 🇾🇪 O São Paulo também já está em Barueri pro Superclássico Casas Bahia que começa daqui a pouco! #PaulistãoCasasBahia #ChoqueRei 📷 Renato Pizzutto/Ag. Paulistão/Sua Foto no Jogo https://t.co/Q3e50CAYTr,https://x.com/Paulistao/status/2015161629097210180,1119,15,68,1,0,0,2,4,2,1,0,1,0
2015160445351366867,"Sat, Jan 24, 2026","COM FOME DE GOL! O ataque do Leão estava afiado na goleada de hoje, hein? #PaulistãoCasasBahia https://t.co/klv24Dyws6",https://x.com/Paulistao/status/2015160445351366867,729,3,4,2,0,0,0,1,0,0,0,0,0
2015159579957461075,"Sat, Jan 24, 2026",EMPATE LIGEIRO! A vantagem do Noroeste durou pouco! Cristiano bateu de dentro da área para deixar tudo igual para a Ponte Preta! É o primeiro da Macaca no Paulistão Casas Bahia 2026! #PaulistãoCasasBahia #Betano https://t.co/GXKogKZVca,https://x.com/Paulistao/status/2015159579957461075,3335,18,69,0,1,0,0,3,43,3,0,2,0
2015159113655648485,"Sat, Jan 24, 2026",O VERDÃO TÁ EM CASA! 🟢⚪ O Palmeiras já chegou na Arena Barueri pro Choque-Rei de logo mais! #PaulistãoCasasBahia #ChoqueRei 📷 Renato Pizzutto/Ag. Paulistão/Sua Foto no Jogo https://t.co/j3kqbiwG9i,https://x.com/Paulistao/status/2015159113655648485,1296,23,101,0,0,0,2,1,4,3,0,3,0
2015158590634418313,"Sat, Jan 24, 2026",O PRIMEIRO FOI DELE! Igor Formiga iniciou a contagem da goleada e levou o troféu de Craque do Jogo! #PaulistãoCasasBahia #CraqueDoJogo #Bet7K 📷 Rafael Assunção/Ag. Paulistão/Sua Foto no Jogo https://t.co/H0CIzkNcNf,https://x.com/Paulistao/status/2015158590634418313,725,7,15,1,0,0,0,1,1,0,0,0,0
2015158391656566924,"Sat, Jan 24, 2026",TÁ NA REDE! Danner bate com categoria da entrada da área e anota o primeiro da partida para o Noroeste! #PaulistãoCasasBahia #Betano https://t.co/FOU5TjOmEk,https://x.com/Paulistao/status/2015158391656566924,2238,15,33,1,1,0,0,1,10,4,0,2,0
2015152703303798849,"Sat, Jan 24, 2026",GOLEADA DO LEÃO! A rodada começou com o @mirassolfc conquistando três pontos e goleando no #PaulistãoCasasBahia! 📷 Rafael Assunção/Ag. Paulistão/Sua Foto no Jogo https://t.co/N9EZwavikD,https://x.com/Paulistao/status/2015152703303798849,801,10,57,1,0,0,0,1,3,0,0,0,0
2015138145008759289,"Sat, Jan 24, 2026",TRADIÇÃO EM CAMPO! O Moisés Lucarelli tá pronto para receber o duelo entre Ponte Preta e Noroeste! Quem será que leva os três pontos nesse jogão? #PaulistãoCasasBahia 📷 Rebeca Reis/Ag. Paulistão/Sua Foto no Jogo https://t.co/woOHQXZnHD,https://x.com/Paulistao/status/2015138145008759289,1846,12,156,0,0,0,1,2,5,5,0,0,0
2015135430639759778,"Sat, Jan 24, 2026","QUE COMEÇO DO LEÃO! Com dois gols no começo, o Mirassol abre vantagem fora de casa. #PaulistãoCasasBahia 📷 Rafael Assunção/Ag. Paulistão/Sua Foto no Jogo https://t.co/nUqLQLrCjF",https://x.com/Paulistao/status/2015135430639759778,781,10,26,1,0,0,0,1,1,2,0,0,0
2015119061269520444,"Sat, Jan 24, 2026",DUELO DE PAREDÕES! Alex Alves de um lado e Walter do outro! Qual dos goleiros será decisivo no confronte entre São Bernardo e Mirassol? #PaulistãoCasasBahia 📷Rafael Assunção/Ag. Paulistão/Sua Foto no Jogo https://t.co/NMjj2X9bxZ,https://x.com/Paulistao/status/2015119061269520444,884,4,14,1,1,0,0,1,1,3,0,0,0
2015111158781427942,"Sat, Jan 24, 2026",TIGRE vs. LEÃO! A quinta rodada do Paulistão Casas Bahia tá na área e já de cara tem o jogão entre São Bernardo e Mirassol vindo aí! #PaulistãoCasasBahia 📷Rafael Assunção/Ag. Paulistão/Sua Foto no Jogo https://t.co/ZYsR5SCei2,https://x.com/Paulistao/status/2015111158781427942,930,5,27,0,0,0,0,1,1,1,0,0,0
2015107326928150540,"Sat, Jan 24, 2026","VAMOS, SÃO PAULO! 🇾🇪🔥 Só a vitória interessa para o Tricolor no clássico em Barueri! #PaulistãoCasasBahia #SãoPaulo #ChoqueRei https://t.co/owrN3BNp4U",https://x.com/Paulistao/status/2015107326928150540,1648,92,137,0,0,0,6,9,7,4,0,2,0
2015099778561081717,"Sat, Jan 24, 2026",Arbitragem escalada para a partida entre Palmeiras e São Paulo! #EscalaDeArbitragem #PaulistãoCasasBahia https://t.co/KJfG0nLbkb,https://x.com/Paulistao/status/2015099778561081717,15026,94,645,3,4,1,160,6,21,111,0,19,0
2015092229275062306,"Sat, Jan 24, 2026","AVANTI, PALESTRA! 🐷🔥 O Palmeiras joga em casa por uma vitória importante em mais um Superclássico Casas Bahia! Bora que hoje é dia de Choque-Rei, torcida alviverde! #PaulistãoCasasBahia #Palmeiras #ChoqueRei https://t.co/E8tvxqeKA3",https://x.com/Paulistao/status/2015092229275062306,1081,20,35,0,0,0,2,2,2,2,0,1,0
2015090146484343050,"Sat, Jan 24, 2026","PAREDÃO BUGRINO! Caíque França fechou o gol contra Velo Clube, defendeu pênalti e foi escolhido como o #CraqueDaRodada 7KBet! O goleirão do Guarani recebeu 39% dos votos lá no meu Instagram. #7KBet #PaulistãoCasasBahia https://t.co/Y9cJpikMyw",https://x.com/Paulistao/status/2015090146484343050,1386,29,46,0,0,0,0,4,4,4,0,0,0
2015089418676175041,"Sat, Jan 24, 2026","AVISA QUE É ELE! A galera votou lá no meu Instagram e escolheu o Thiago, na Ferroviária, como o Craque da 4ª Rodada do Paulistão A2 Rivalo! O atleta da Locomotiva Grená recebeu 43% dos votos. #PaulistãoA2Rivalo https://t.co/jY5VAdwRlh",https://x.com/Paulistao/status/2015089418676175041,784,5,16,0,0,0,0,1,3,1,0,1,0
2015084679666536847,"Sat, Jan 24, 2026",Arbitragem escalada para a partida entre Ponte Preta e Noroeste! #EscalaDeArbitragem #PaulistãoCasasBahia https://t.co/m4B27Co8w4,https://x.com/Paulistao/status/2015084679666536847,1159,7,20,0,0,0,0,2,7,0,0,0,0
2015077129856098392,"Sat, Jan 24, 2026",EM BUSCA DOS TRÊS PONTOS! 👀🗣️ Ponte Preta e Noroeste querem vencer pela primeira vez no #PaulistãoCasasBahia para subir na tabela! https://t.co/sqdzfRgVM9,https://x.com/Paulistao/status/2015077129856098392,1409,16,41,0,1,0,1,3,6,3,0,0,0
2015069580020846678,"Sat, Jan 24, 2026",Arbitragem escalada para a partida entre São Bernardo e Mirassol! #EscalaDeArbitragem #PaulistãoCasasBahia https://t.co/Z94V5xmQUP,https://x.com/Paulistao/status/2015069580020846678,722,7,26,0,0,0,2,2,5,4,0,1,0
2015062031846539625,"Sat, Jan 24, 2026",ABRINDO A RODADA! 🐯⚔️🦁 Tigre e Leão duelam em busca da vitória nesse sábado! #PaulistãoCasasBahia https://t.co/eLz0u1Ifl0,https://x.com/Paulistao/status/2015062031846539625,783,11,23,0,0,0,0,3,1,1,0,0,0
2015046936320188882,"Sat, Jan 24, 2026",COM DIREITO A CHOQUE-REI! ⚔️ Vem conferir os confrontos e onde assistir ao Paulistão Casas Bahia nesse sabadão! #PaulistãoCasasBahia https://t.co/JpWgiEO7jz,https://x.com/Paulistao/status/2015046936320188882,2018,46,108,0,0,0,2,6,5,5,0,1,0
2015031832597639532,"Sat, Jan 24, 2026",JOGO ÚNICO! Ituano e São Bento encerram a rodada neste domingo. #PaulistãoA2Rivalo https://t.co/K1hSNHuqSK,https://x.com/Paulistao/status/2015031832597639532,809,14,42,0,0,0,0,1,4,5,0,0,0
2015016733627806130,"Sat, Jan 24, 2026",SÁBADOOOOOU! E com o sábado vieram mais jogos do #PaulistãoA3Rivalo! Vem assistir AO VIVO no YouTube do @paulistao 🤩 https://t.co/gK4zHkr4Js,https://x.com/Paulistao/status/2015016733627806130,722,8,20,0,0,0,1,1,2,0,0,0,0
2014826872748535870,"Fri, Jan 23, 2026","VEM QUE VAI COMEÇAR! O Paulistão A3 Rivalo 2026 tá na área! E para começar com tudo, é dia de XV de Jaú e União São João no Zezinho Magalhães! #PaulistãoA3Rivalo 📷Douglas Moreti/Ag. Paulistão https://t.co/BXdrGz08og",https://x.com/Paulistao/status/2014826872748535870,1028,7,33,0,0,0,0,1,2,1,0,0,0
2014820442658296272,"Fri, Jan 23, 2026",BORA PARA A PRÓXIMA! 🤝 Se liga nos jogos de mais uma rodada de #PaulistãoCasasBahia! https://t.co/iVQCqzqnGZ,https://x.com/Paulistao/status/2014820442658296272,11734,198,767,4,9,1,9,19,13,29,0,4,0
2014819341389201715,"Fri, Jan 23, 2026",O @vellosogg tava ligado no encontro entre Yuri Alberto e Marcelinho Carioca no Clássico Alvinegro! #PaulistãoCasasBahia #LeituraLabial https://t.co/zRurW4cuwn,https://x.com/Paulistao/status/2014819341389201715,4962,116,138,3,0,0,0,5,7,6,0,4,0
2014803522202829292,"Fri, Jan 23, 2026","A Portuguesa conquistou uma vitória histórica contra o São Paulo, no Paulistão Casas Bahia. Para além do resultado, o desempenho chamou atenção e o ""Lendo o Jogo"" analisou a Lusa no MorumBIS! ● Um dos pontos de maior destaque foi a pressão alta, que buscava forçar o erro na https://t.co/kCnI027Tim",https://x.com/Paulistao/status/2014803522202829292,1902,22,64,0,1,0,0,4,5,4,0,0,0
2014796900709405157,"Fri, Jan 23, 2026",CHEGOU MAIS UMA! A quinta volta do Paulistão A2 Rivalo tá na área! #PaulistãoA2Rivalo https://t.co/Xu4YOjmC8s,https://x.com/Paulistao/status/2014796900709405157,1091,24,75,1,0,0,1,6,9,0,0,0,0
2014792570665111733,"Fri, Jan 23, 2026",VAI COMEÇAR O PAULISTÃO A3 RIVALO! Vem ver as datas e horários dos jogos dessa primeira rodada! #PaulistãoA3Rivalo https://t.co/MWIAfoNBtj,https://x.com/Paulistao/status/2014792570665111733,1856,44,144,0,1,0,3,7,12,6,0,0,0
2014786041740226730,"Fri, Jan 23, 2026",O Clássico Alvinegro movimentou a Vila Belmiro e o @vellosogg estava ligado na leitura labial com imagens exclusivas! #PaulistãoCasasBahia https://t.co/UtV9CXECgp,https://x.com/Paulistao/status/2014786041740226730,2475,18,27,1,3,0,1,2,3,3,0,0,0
2014776300745961771,"Fri, Jan 23, 2026","ALÔ, TORCEDOR! 🗣️🫵 Robson, Renê, Caíque França e Romisson representaram na última rodada do #PaulistãoCasasBahia! Agora é a sua hora: quem foi o Craque da 4ª Rodada? Deixe o seu voto na enquete dos comentários no nosso Instagram! ➡️https://t.co/0Lmv2JUAl5 #CraqueDaRodada #Bet7K https://t.co/M7JtOukrAc",https://x.com/Paulistao/status/2014776300745961771,1756,11,63,0,0,0,3,2,2,14,16,4,0
2014775684883792156,"Fri, Jan 23, 2026",É GOL DE MENINO DA VILA! GABIGOL EMPATA O CLÁSSICO NA VILA BELMIRO! #PaulistãoCasasBahia #Santos https://t.co/VGlCmwvedz,https://x.com/Paulistao/status/2014775684883792156,2939,179,186,1,0,0,1,5,0,1,0,0,0
2014762555302957416,"Fri, Jan 23, 2026","ROBG⚽⚽⚽L! Depois de anotar um hat-trick contra o Palmeiras na última rodada, o homem disparou na liderança da Artilharia do #PaulistãoCasasBahia! #Artilharia #Assaí https://t.co/jJTMFcJG2I",https://x.com/Paulistao/status/2014762555302957416,1090,8,23,0,0,0,1,1,2,3,0,0,0
2014753824590721175,"Fri, Jan 23, 2026","E aí, qual foi o mais bonito? Deixe o seu voto na enquete dos comentários no nosso Instagram! ➡️https://t.co/iwm81RYaK1 #GolaçoDaRodada #Betano https://t.co/3mVPD9uRbg",https://x.com/Paulistao/status/2014753824590721175,688,3,13,0,0,0,0,1,0,3,3,1,0
2014753821340094729,"Fri, Jan 23, 2026",VEM ESCOLHER! ☄️🤩 A 4ª rodada do #PaulistãoCasasBahia chegou ao fim e chegou a hora de decidir o Golaço da Rodada! https://t.co/sNc6a7Xdr5,https://x.com/Paulistao/status/2014753821340094729,955,8,21,0,0,0,3,3,3,4,0,0,0
2014728818313891862,"Fri, Jan 23, 2026",TODOS OS DETALHES DO YURI ALBERTO MARCANDO PELO TIMÃO! 😮‍💨⚫⚪ #PaulistãoCasasBahia https://t.co/sOktRdC8C9,https://x.com/Paulistao/status/2014728818313891862,6484,115,129,2,1,0,2,3,3,5,0,0,0
2014536329040720278,"Fri, Jan 23, 2026","VEIO AI! Com o fim da rodada, vem conferir como ficou a classificação do Paulistão Casas Bahia. #PaulistãoCasasBahia https://t.co/jo6l7xE8l2",https://x.com/Paulistao/status/2014536329040720278,93954,170,3762,6,31,21,15,20,55,455,0,8,0
2014529448838660393,"Fri, Jan 23, 2026",SALDO DO DIA! Um empate e duas vitórias: assim termina mais um dia de #PaulistãoCasasBahia! https://t.co/4xQYN6gPeY,https://x.com/Paulistao/status/2014529448838660393,2480,29,107,1,1,1,11,8,12,6,0,3,0
2014528456067866731,"Fri, Jan 23, 2026",PEGOU TUDO! Caíque França salvou o Guarani e levou o troféu de Craque do Jogo para casa! #PaulistãoCasasBahia 📷 Rebeca Reis/Ag. Paulistão/Sua Foto no Jogo https://t.co/13EC983CFL,https://x.com/Paulistao/status/2014528456067866731,25174,113,476,0,7,1,1,8,12,43,0,1,0
2014526623404507486,"Fri, Jan 23, 2026",A PRIMEIRA DO BUGRE! O Guarani vence a primeira partida no #PaulistãoCasasBahia2026 🔥 📷 Rebeca Reis/Ag. Paulistão/Sua Foto no Jogo https://t.co/Va8bYOs92H,https://x.com/Paulistao/status/2014526623404507486,1587,28,95,1,1,0,1,2,3,8,0,0,0
2014513858786771095,"Fri, Jan 23, 2026","CONHECEM O CAMINHO! Se tem clássico, tem gol da dupla! #PaulistãoCasasBahia https://t.co/S2rCtGXZP9",https://x.com/Paulistao/status/2014513858786771095,1837,26,141,1,1,0,9,1,5,10,0,1,0
2014509069785010426,"Fri, Jan 23, 2026","BUGRE NA FRENTE! Com gol no finalzinho do primeiro tempo, o Guarani sai na frente. #PaulistãoCasasBahia 📷 Rebeca Reis/Ag. Paulistão/Sua Foto no Jogo https://t.co/6LnQoGwXfg",https://x.com/Paulistao/status/2014509069785010426,1980,31,62,0,0,0,2,2,13,1,0,0,0
2014508633954861396,"Fri, Jan 23, 2026","PARA A FILHA! 🥰⚽ Patrick Brey voltou ao Pantera, marcou seu primeiro gol no #PaulistãoCasasBahia e dedicou para sua filha que vai nascer. Especial demais! #CraqueDoJogo #Bet7k https://t.co/izM71Gkbw6",https://x.com/Paulistao/status/2014508633954861396,1455,8,13,0,0,0,0,2,1,2,0,0,0
2014507168851005877,"Fri, Jan 23, 2026","O DONO DO GOL DO JOGO! O Craque do Jogo é Patrick Brey, que garantiu a primeira vitória do Pantera no #PaulistãoCasasBahia! #CraqueDoJogo #Bet7k 📷 Celio Messias/Ag. Paulistão/Sua Foto no Jogo https://t.co/vAw4c6BhOB",https://x.com/Paulistao/status/2014507168851005877,1040,4,9,2,0,0,0,2,0,1,0,0,0
2014504199493390767,"Fri, Jan 23, 2026",A PRIMEIRA VITÓRIA VEIO AÍ! Pode somar mais três pontos para o Pantera no #PaulistãoCasasBahia! 📷 Celio Messias/Ag. Paulistão/Sua Foto no Jogo https://t.co/2uUNwLsHht,https://x.com/Paulistao/status/2014504199493390767,1169,9,26,0,0,0,0,3,3,0,0,0,0
2014504003409793494,"Fri, Jan 23, 2026","DIRETAÇO! Depois de muitas chances do Pantera, Patrick Bley consegue marcar para abrir o placar em Riberão Preto! #PaulistãoCasasBahia https://t.co/yDxsg6mrzB",https://x.com/Paulistao/status/2014504003409793494,2026,11,23,0,0,0,1,2,3,5,0,1,0
2014502508450779425,"Fri, Jan 23, 2026","ASSINA, GABI! ✍️ O camisa 9 do Peixe deixou sua marca no #SuperclássicoCasasBahia! #7KBet #CraqueDoJogo #PaulistãoCasasBahia 📷Guilherme Veiga/Ag. Paulistão/Sua Foto no Jogo https://t.co/lpfeSdZPRG",https://x.com/Paulistao/status/2014502508450779425,2655,101,252,0,0,0,9,3,6,6,0,5,0
2014501716142563815,"Fri, Jan 23, 2026",CRAQUE DO JOGO NA ÁREA! É O GABIGOL! #PaulistãoCasasBahia https://t.co/i7hXvR595M,https://x.com/Paulistao/status/2014501716142563815,72912,3202,5641,18,9,6,223,110,98,674,0,31,0
2014499936025338207,"Fri, Jan 23, 2026",HOJE TEVE! 💪💪 Teve gol e teve Craque do Jogo pro Gabigol! #CraqueDoJogo #7KBet #PaulistãoCasasBahia 📷Fernanda Luz/Ag. Paulistão/Sua Foto no Jogo https://t.co/8FDWJk0g55,https://x.com/Paulistao/status/2014499936025338207,18960,62,517,1,3,1,138,3,42,125,0,18,0
2014497221132038359,"Fri, Jan 23, 2026",FICOU TUDO IGUAL! O Clássico Alvinegro ficou empatado! #SuperclássicoCasasBahia #PaulistãoCasasBahia 📷Fernanda Luz/Ag. Paulistão/Sua Foto no Jogo https://t.co/0nSGr9P5OI,https://x.com/Paulistao/status/2014497221132038359,3261,75,438,1,2,0,26,8,10,29,0,6,0
2014488744531812357,"Fri, Jan 23, 2026",O BONDE TÁ FORMADO! A criançada e o mascote pediram para avisar que já já tem mais Paulistão Casas Bahia. #PaulistãoCasasBahia 📷 Rebeca Reis/Ag. Paulistão/Sua Foto no Jogo https://t.co/WWYNvtQilO,https://x.com/Paulistao/status/2014488744531812357,1374,13,36,1,0,0,2,1,4,1,0,0,0
2014488480848474565,"Fri, Jan 23, 2026",TUDO IGUAL! Sem gols para Botafogo ou Primavera por enquanto! #PaulistãoCasasBahia 📷 Celio Messias/Ag. Paulistão/Sua Foto no Jogo https://t.co/fAuK1YBAzO,https://x.com/Paulistao/status/2014488480848474565,1068,5,8,0,0,0,0,1,0,0,0,0,0
2014487348981965184,"Thu, Jan 22, 2026",NÃO PASSOU NADA! O Victor Hugo fez essa defesaça para impedir que o Botafogo abrisse o placar! #PaulistãoCasasBahia https://t.co/wjJpFWmdGJ,https://x.com/Paulistao/status/2014487348981965184,5053,14,26,4,0,1,0,1,10,0,0,0,0
2014479018184040569,"Thu, Jan 22, 2026",VANTAGEM DO TIMÃO! Yuri Alberto marca e o Corinthians vai para o intervalo na frente do marcador. #SuperclássicoCasasBahia #PaulistãoCasasBahia 📷Fernanda Luz/Ag. Paulistão/Sua Foto no Jogo https://t.co/7XgEL08ATt,https://x.com/Paulistao/status/2014479018184040569,1249,19,65,1,1,0,3,3,4,14,0,0,0
2014477593928425945,"Thu, Jan 22, 2026",YURI ALBERTO 🤝 MARCELINHO CARIOCA A comemoração do camisa 9 foi com o ídolo do Timão! #PaulistãoCasasBahia https://t.co/bxQPihjp5G,https://x.com/Paulistao/status/2014477593928425945,22565,581,696,14,1,1,2,29,45,32,0,1,0
2014477421190295606,"Thu, Jan 22, 2026","O YURI ALBERTO GOSTA DE MARCAR NO CLÁSSICO ALVINEGRO! Depois de um bombardeio de chutes, o camisa 9 abre o placar na Vila Belmiro! #PaulistãoCasasBahia https://t.co/PAXP3pMCE7",https://x.com/Paulistao/status/2014477421190295606,2340,64,80,1,0,0,1,4,7,3,0,0,0
2014477258837172226,"Thu, Jan 22, 2026",PRA FORA! YURI ALBERTO PERDE PÊNALTI NA VILA BELMIRO! #PaulistãoCasasBahia https://t.co/Iu5Hwa4Fz6,https://x.com/Paulistao/status/2014477258837172226,1734,8,16,0,0,0,0,1,4,0,0,0,0
2014467453380600138,"Thu, Jan 22, 2026",O Robinho Jr é ídolo da molecada! #PaulistaoCasasBahia https://t.co/rLQuXFRkY5,https://x.com/Paulistao/status/2014467453380600138,1895,25,33,1,0,0,0,1,0,4,0,2,0
2014466852777324549,"Thu, Jan 22, 2026",O ENCONTRO ENTRE GABIGOL E DORIVAL JÚNIOR! #PaulistaoCasasBahia https://t.co/yPss5ZffFX,https://x.com/Paulistao/status/2014466852777324549,74289,1663,1927,18,2,1,4,22,40,132,0,24,0
2014465164607713448,"Thu, Jan 22, 2026",DAQUI A POUCO A BOLA ROLA! Botafogo e Primavera vão em busca dos três pontos em Riberão Preto! #PaulistãoCasasBahia 📷 Celio Messias/Ag. Paulistão/Sua Foto no Jogo https://t.co/aEfRKfzg2G,https://x.com/Paulistao/status/2014465164607713448,876,6,26,0,0,0,1,1,1,0,0,0,0
2014460104683217235,"Thu, Jan 22, 2026",VEM AÍ?! 🇧🇷👀 O desejo da torcida brasileira em um cartaz! #SuperclássicoCasasBahia #PaulistãoCasasBahia 📷Fernanda Luz/Ag. Paulistão/Sua Foto no Jogo https://t.co/tRfKAiwjwz,https://x.com/Paulistao/status/2014460104683217235,840,8,16,0,1,0,0,1,1,0,0,0,0
2014459010867454224,"Thu, Jan 22, 2026","OLHA QUEM ESTÁ DE VOLTA, FIEL! Rodrigo Garro está pronto para o Clássico Alvinegro! #PaulistãoCasasBahia https://t.co/YVhFxoj75f",https://x.com/Paulistao/status/2014459010867454224,1289,15,19,1,1,0,0,3,0,0,0,0,0
2014458342156992990,"Thu, Jan 22, 2026",A torcida do Peixão tá confiante na vitória! #SuperclássicoCasasBahia #PaulistãoCasasBahia 📷Fernanda Luz/Ag. Paulistão/Sua Foto no Jogo https://t.co/OYAg2duqiB,https://x.com/Paulistao/status/2014458342156992990,1418,50,112,0,0,0,0,3,2,9,0,0,0
2014453366663856417,"Thu, Jan 22, 2026",TEM OFERTA VINDO AÍ! A moeda do Clássico Alvinegro vai decidir o desconto da vez! Fica ligado pra saber se é a TV ou a caixa de som que vai ficar no precinho! #SuperclássicoCasasBahia #PaulistãoCasasBahia 📷Guilherme Veiga/Ag. Paulistão/Sua Foto no Jogo https://t.co/dt49tolaas,https://x.com/Paulistao/status/2014453366663856417,909,8,36,1,0,0,1,2,0,4,0,0,0
2014452227897778452,"Thu, Jan 22, 2026","TAÇA EM JOGO! Se tem Superclássico em campo, tem troféu em jogo! Quem vai levar o do Clássico Alvinegro? #SuperclássicoCasasBahia #PaulistãoCasasBahia 📷Guilherme Veiga/Ag. Paulistão/Sua Foto no Jogo https://t.co/0rpgRmIu2r",https://x.com/Paulistao/status/2014452227897778452,1329,46,90,1,0,0,0,3,1,2,0,0,0
2014450823774838796,"Thu, Jan 22, 2026",NA VILA MAIS FAMOSA DO MUNDO! É dia de Clássico Alvinegro no Paulistão Casas Bahia! #SuperclássicoCasasBahia 📷Fernanda Luz/Ag. Paulistão/Sua Foto no Jogo https://t.co/L8dT46ff4a,https://x.com/Paulistao/status/2014450823774838796,1361,58,101,1,0,0,0,3,3,1,0,0,0
2014450625074151438,"Thu, Jan 22, 2026",Arbitragem escalada para a partida entre Velo Clube e Guarani! #EscalaDeArbitragem #PaulistãoCasasBahia https://t.co/jy43yQushX,https://x.com/Paulistao/status/2014450625074151438,1258,10,41,1,0,0,0,2,1,6,0,0,0
2014442957538296060,"Thu, Jan 22, 2026",Arbitragem escalada para a partida entre Botafogo e Primavera! #EscalaDeArbitragem #PaulistãoCasasBahia https://t.co/nZmPrTmOdI,https://x.com/Paulistao/status/2014442957538296060,724,3,11,0,0,0,0,1,3,0,0,0,0
2014441449937334406,"Thu, Jan 22, 2026","100% ATUALIZADA! Com a Locomotiva na liderança, vem conferir como está a classificação do #PaulistãoA2Rivalo 👀 https://t.co/hHOmNmHDE6",https://x.com/Paulistao/status/2014441449937334406,1571,65,147,1,2,0,1,9,13,9,0,0,0
2014435399326929199,"Thu, Jan 22, 2026",Arbitragem escalada para a partida entre Santos e Corinthians! #EscalaDeArbitragem #PaulistãoCasasBahia https://t.co/RbgISTzqG9,https://x.com/Paulistao/status/2014435399326929199,895,5,21,1,0,0,0,2,2,2,0,0,0
2014427849516634236,"Thu, Jan 22, 2026",FECHANDO A RODADA! 😮‍💨 Velo Clube e Guarani vão em busca da vitória em Rio Claro! #PaulistãoCasasBahia https://t.co/7ogWC3qFj4,https://x.com/Paulistao/status/2014427849516634236,1338,13,32,0,0,0,0,4,1,2,0,3,0
2014420425984639470,"Thu, Jan 22, 2026","MAIS UM! 🫵🦅 Dia de Clássico Alvinegro e para o Timão só a vitória interessa. Vai, Corinthians! #PaulistãoCasasBahia #Corinthians https://t.co/KicDpdBUuh",https://x.com/Paulistao/status/2014420425984639470,1129,47,77,1,0,0,1,3,5,4,0,1,0
2014412753369473290,"Thu, Jan 22, 2026","BATALHA NO ALÇAPÃO! ⚔️🐳 O Santos vai em busca dos três pontos no Superclássico Casas Bahia de hoje. Vamos, Peixão! #PaulistãoCasasBahia #Santos https://t.co/vwieMPTGsb",https://x.com/Paulistao/status/2014412753369473290,3489,261,383,3,0,0,1,5,10,14,0,2,0
2014397660304994633,"Thu, Jan 22, 2026",MAIS UM DUELO NESSA QUINTA-FEIRA! 👀 Comenta aqui para quem vai sua torcida nesse confronto: 🔥 - Botafogo 👻 - Primavera #PaulistãoCasasBahia https://t.co/x36MRph0nV,https://x.com/Paulistao/status/2014397660304994633,775,4,16,0,0,0,1,3,4,0,0,0,0
2014350748306272568,"Thu, Jan 22, 2026","DIA DE CLÁSSICO! 🔥 A 4ª rodada fecha com mais três jogos, sendo um Superclássico Casas Bahia! 🤩 #PaulistãoCasasBahia https://t.co/3ZLsTeitHf",https://x.com/Paulistao/status/2014350748306272568,2994,75,170,0,2,0,1,12,4,4,0,0,0
2014291959024664960,"Thu, Jan 22, 2026","TODOS TEM GOLEIRO, SÓ NÓS TEMOS ROGÉRIO! 53 anos do ídolo Tricolor! Parabéns, @rogerioceni 👏 #FPF #Aniversário https://t.co/MSMtnQlbvy",https://x.com/Paulistao/status/2014291959024664960,14413,1635,1967,7,4,3,5,173,15,19,0,2,0
2014171930803229039,"Thu, Jan 22, 2026",CLASSIFICAÇÃO ATUALIZADA! ✅ Se liga como ficou a tabela do #PaulistãoCasasBahia com mais jogos da 4ª rodada finalizados! https://t.co/77hkHNu55n,https://x.com/Paulistao/status/2014171930803229039,7907,211,777,3,2,3,8,23,28,75,0,4,0
2014171410579464296,"Thu, Jan 22, 2026","DUELO ALVINEGRO! 🐳🦅🔥 Santos e Corinthians se encontram na Vila Belmiro para mais um Superclássico Casas Bahia. E aí, quem vai sair vitorioso? #PaulistãoCasasBahia #ClássicoAlvinegro https://t.co/7TWEiQi5oO",https://x.com/Paulistao/status/2014171410579464296,1476,54,112,1,1,0,0,10,3,7,0,2,0
2014169998877429910,"Thu, Jan 22, 2026",FIM DA QUARTA-FEIRA! 🤝 Esses foram os resultados de mais um dia de 4ª rodada do #PaulistãoCasasBahia! https://t.co/WFrRgtMFDM,https://x.com/Paulistao/status/2014169998877429910,2206,63,122,0,1,1,0,11,14,3,0,0,0
2014168623732941081,"Thu, Jan 22, 2026",Quarta rodada do Paulistão A2 Rivalo concluída com sucesso! ✅ #PaulistãoA2Rivalo https://t.co/raC0FwBvrA,https://x.com/Paulistao/status/2014168623732941081,2608,36,251,0,2,4,1,7,44,75,0,4,0
2014168186975854642,"Thu, Jan 22, 2026",ROMISSON É O NOME DELE! O jogador do Bernô foi o responsável pela vitória e levou o troféu de #CraqueDoJogo pra casa! 🏆 #PaulistãoCasasBahia #7kBet 📷 Alexandre Battibugli/Ag. Paulistão/Sua Foto no Jogo https://t.co/ptMqH3cIlH,https://x.com/Paulistao/status/2014168186975854642,759,11,25,0,0,0,0,2,3,6,0,0,0
2014164218635866389,"Thu, Jan 22, 2026",VITÓRIA DO BERNÔ! 🤩 O São Bernardo venceu a Ponte Preta fora de casa e somou mais 3 pontos no #PaulistãoCasasBahia! 📷 Alexandre Battibugli/Ag. Paulistão/Sua Foto no Jogo https://t.co/PekQn4NBU5,https://x.com/Paulistao/status/2014164218635866389,1687,28,88,0,0,0,0,5,8,2,0,1,0
2014161551268180352,"Thu, Jan 22, 2026",É MUITA RESENHA! 🤣🤣🤣 O que será que o trio do Timão estava aprontando? 👀 Só vale resposta errada! 🤪 #PaulistãoCasasBahia https://t.co/Vz0Tt635aj,https://x.com/Paulistao/status/2014161551268180352,3663,297,405,5,0,0,4,9,9,11,0,2,0
2014157580906516572,"Thu, Jan 22, 2026",UMA NOITE HISTÓRICA DA LUSA NO MORUMBIS! #PaulistãoCasasBahia 📷Mauro Horita/Ag.Paulistão/Sua Foto no Jogo https://t.co/RYeL5MNJmo,https://x.com/Paulistao/status/2014157580906516572,2166,101,232,0,0,0,1,9,4,5,0,0,0
2014150903452848356,"Thu, Jan 22, 2026",Calleri desperdiça chance no MorumBIS! #PaulistãoCasasBahia https://t.co/zk7G47ohfA,https://x.com/Paulistao/status/2014150903452848356,1325,7,17,1,0,0,1,3,4,2,0,0,0
2014147050078605388,"Thu, Jan 22, 2026","A LUSA QUEBROU O TABU NO MORUMBIS! 16 anos depois, a Portuguesa vence o São Paulo fora de casa! #PaulistãoCasasBahia https://t.co/UCrTfGxeWy",https://x.com/Paulistao/status/2014147050078605388,3588,115,241,2,0,0,2,9,9,12,0,1,0
2014146916808835508,"Thu, Jan 22, 2026","FALA, CLEITON! #CraqueDoJogo, o paredão do Massa Bruta falou sobre as dificuldades do duelo contra o Mirassol. #7KBet #PaulistãoCasasBahia https://t.co/3hRrokLWtd",https://x.com/Paulistao/status/2014146916808835508,1417,10,15,0,0,1,0,2,2,0,0,0,0
2014146319426732352,"Thu, Jan 22, 2026",O TIGRE TÁ NA FRENTE! 🐯 O São Bernardo vai levando vantagem nos primeiros 45 minutos! Será que o placar muda no 2º tempo? #PaulistãoCasasBahia 📷 Alexandre Battibugli/Ag. Paulistão/Sua Foto no Jogo https://t.co/zwg1UR0x74,https://x.com/Paulistao/status/2014146319426732352,1420,11,39,0,0,0,0,3,8,10,0,3,0
2014146060554252496,"Thu, Jan 22, 2026",CRAQUE DO JOGO! 🏆 O goleiro do Massa Bruta foi seguro demais contra o Mirassol e levou o troféu pra casa! #PaulistãoCasasBahia #7kBet #CraqueDoJogo 📷 Pedro Zacchi/Ag. Paulistão/Sua Foto no Jogo https://t.co/ufu3X4yVnV,https://x.com/Paulistao/status/2014146060554252496,855,7,13,0,0,0,1,1,1,2,0,0,0
2014141964426383360,"Thu, Jan 22, 2026",PLACAR EM BRANCO! Não teve um golzinho para contar história em Mirassol e Red Bull Bragantino. #PaulistãoCasasBahia 📷Pedro Zacchi/Ag. Paulistão/Sua Foto no Jogo https://t.co/dVRFztoueT,https://x.com/Paulistao/status/2014141964426383360,1040,15,47,0,0,0,0,2,2,1,0,0,0
2014139438117298237,"Thu, Jan 22, 2026",O BERNÔ FAZ GOL!!! 😮‍💨 Romisson precisou de apenas 4 minutos pra abrir o placar em Campinas! 🔥 #PaulistãoCasasBahia https://t.co/3sXp7gnQ15,https://x.com/Paulistao/status/2014139438117298237,1948,13,24,0,0,0,0,4,7,0,0,0,0
2014138068656107790,"Thu, Jan 22, 2026",QUE NOITE DO RENÊ! O Craque do Jogo no MorumBIS! #PaulistãoCasasBahia #CraqueDoJogo #Bet7K 📷Mauro Horita/Ag.Paulistão/Sua Foto no Jogo https://t.co/6wNfAjcJ8Y,https://x.com/Paulistao/status/2014138068656107790,1126,19,36,0,0,0,0,2,3,1,0,1,0
2014135512781463599,"Thu, Jan 22, 2026",VITÓRIA PORTUGUESA COM CERTEZA! FESTA DA LUSA NO MORUMBIS! #PaulistãoCasasBahia 📷Mauro Horita/Ag.Paulistão/Sua Foto no Jogo https://t.co/YIF9Q49wVb,https://x.com/Paulistao/status/2014135512781463599,4379,105,497,1,0,0,4,10,14,18,0,3,0
2014131463843627049,"Thu, Jan 22, 2026",Marcou o gol e levou o troféu de #CraqueDoJogo pra casa! 🏆 #PaulistãoCasasBahia #7kBet 📷 José Luis Silva/Ag. Paulistão/Sua Foto no Jogo https://t.co/zTJBDnzrnh,https://x.com/Paulistao/status/2014131463843627049,990,5,17,0,0,0,0,1,3,3,0,0,0
2014130374683574673,"Thu, Jan 22, 2026",TUDO PRONTO NO MOISÉS LUCARELLI! 🤩 Já já a bola rola pra Ponte Preta e São Bernardo! #PaulistãoCasasBahia 📷 Alexandre Battibugli/Ag. Paulistão/Sua Foto no Jogo https://t.co/fAUyg5xv3D,https://x.com/Paulistao/status/2014130374683574673,1644,9,42,1,0,0,0,2,3,0,0,0,0
2014127477971472633,"Thu, Jan 22, 2026",Um gol e um ponto pra cada lado em Bauru! 🤝 #PaulistãoCasasBahia 📷 José Luis Silva/Ag. Paulistão/Sua Foto no Jogo https://t.co/EwdXlb8NMk,https://x.com/Paulistao/status/2014127477971472633,1062,10,50,0,0,0,1,1,1,1,0,0,0
2014123801529790549,"Wed, Jan 21, 2026",CADÊ O GOL? A rede ainda não balançou para Mirassol e Red Bull Bragantino. #PaulistãoCasasBahia 📷Pedro Zacchi/Ag. Paulistão/Sua Foto no Jogo https://t.co/v4BoeThSfS,https://x.com/Paulistao/status/2014123801529790549,1010,7,24,1,0,0,0,1,4,0,0,0,0
2014123465570206158,"Wed, Jan 21, 2026",BELA BATIDA DE SEGURANÇA = GOL DO NORUSCA! 🔥 #PaulistãoCasasBahia https://t.co/d3wUBljgl4,https://x.com/Paulistao/status/2014123465570206158,2017,11,33,0,0,0,2,2,13,3,0,1,0
2014119708044275988,"Wed, Jan 21, 2026",THIAGUINHO FOI DE PEIXINHO PRO CHÃO DEPOIS DE MARCAR PRO CAPIVARIANO! 🤣 E a comemoração foi por lá mesmo... 😅 #PaulistãoCasasBahia https://t.co/znHcrdAkSf,https://x.com/Paulistao/status/2014119708044275988,4233,13,42,1,0,1,1,1,16,7,0,3,0
2014117714105647286,"Wed, Jan 21, 2026","QUE CATEGORIA, MEU ZAGUEIRO! A marcação do Massa Bruta veio com tudo para recuperar a bola, mas ele só não contava com a finta do João Victor! #PaulistãoCasasBahia #DorflezMax https://t.co/yg7dDlXcmZ",https://x.com/Paulistao/status/2014117714105647286,7039,33,72,1,1,3,0,3,20,7,0,4,0
2014116401162637703,"Wed, Jan 21, 2026",Intervalo de jogo no MorumBIS e o placar segue zerado! Será que teremos gol no segundo tempo? #PaulistãoCasasBahia 📷Mauro Horita/Ag.Paulistão/Sua Foto no Jogo https://t.co/rHHGsFToCb,https://x.com/Paulistao/status/2014116401162637703,807,8,27,0,0,0,0,2,1,2,0,2,0
2014109074682466358,"Wed, Jan 21, 2026","NÃO SAIU DO ZERO! 🤝 Até agora, nada de gols pra Noroeste e Capivariano! Será que o placar muda no 2º tempo? #PaulistãoCasasBahia 📷 José Luis Silva/Ag. Paulistão/Sua Foto no Jogo https://t.co/63RFWbW2Iq",https://x.com/Paulistao/status/2014109074682466358,873,2,5,0,0,0,0,1,1,0,0,0,0
2014105040265396401,"Wed, Jan 21, 2026",LEÃO ⚔️ MASSA BRUTA! A dupla da Série A vai a campo no Paulistão Casas Bahia! Quem levará a melhor nessa? #PaulistãoCasasBahia 📷Pedro Zacchi/Ag. Paulistão/Sua Foto no Jogo https://t.co/OkqZZfQOiG,https://x.com/Paulistao/status/2014105040265396401,734,1,10,0,0,0,0,1,0,2,0,0,0
2014099955368009930,"Wed, Jan 21, 2026","- Hoje sonhei com você, sabia? - Ah, é? E como foi o sonho? - Pior que eu não lembro... O sonho: #PaulistãoCasasBahia 📷Pedro Zacchi/Ag. Paulistão/Sua Foto no Jogo https://t.co/JGKIJXy62G",https://x.com/Paulistao/status/2014099955368009930,826,6,26,0,0,0,0,1,0,10,0,1,0
2014099281649582146,"Wed, Jan 21, 2026",LUCAS TITULAR! O camisa 7 vai começar o jogo entre São Paulo e Portuguesa! #PaulistãoCasasBahia 📷Mauro Horita/Ag.Paulistão/Sua Foto no Jogo https://t.co/dvpkz4z6jG,https://x.com/Paulistao/status/2014099281649582146,785,13,19,0,0,0,0,3,1,0,0,0,0
2014098174684680252,"Wed, Jan 21, 2026",TODOS OS CAMINHOS LEVAM AO MAIÃO! 💛 É dia de mais um jogaço na 017! Vem que tá chegando a hora de Mirassol e Red Bull Bragantino! #PaulistãoCasasBahia 📷Pedro Zacchi/Ag. Paulistão/Sua Foto no Jogo https://t.co/FnwdtQW0X3,https://x.com/Paulistao/status/2014098174684680252,999,9,62,0,0,0,0,2,5,0,0,0,0
2014095175774011870,"Wed, Jan 21, 2026","TUDO PRONTO! A bola já vai rolar pra Noroeste e Capivariano, pela 4ª rodada do #PaulistãoCasasBahia 📷 José Luis Silva/Ag. Paulistão/Sua Foto no Jogo https://t.co/7MoSYUyXGP",https://x.com/Paulistao/status/2014095175774011870,913,14,60,0,0,0,0,1,5,2,0,0,0
2014088112838942950,"Wed, Jan 21, 2026",Arbitragem escalada para a partida entre Ponte Preta e São Bernardo! #EscalaDeArbitragem #PaulistãoCasasBahia https://t.co/3FmclhrgVL,https://x.com/Paulistao/status/2014088112838942950,1115,8,20,0,0,0,0,3,1,2,0,0,0
2014086407942283703,"Wed, Jan 21, 2026",O palco do jogão de logo mais está pronto e a torcida Tricolor já marca presença no MorumBIS! #PaulistãoCasasBahia 📷Mauro Horita/Ag.Paulistão/Sua Foto no Jogo https://t.co/6lSnDxPx1t,https://x.com/Paulistao/status/2014086407942283703,1306,27,81,0,0,0,0,3,1,0,0,1,0
2014073013189083162,"Wed, Jan 21, 2026",Arbitragem escalada para a partida entre Mirassol e Red Bull Bragantino! #EscalaDeArbitragem #PaulistãoCasasBahia https://t.co/MqLUfKgU4i,https://x.com/Paulistao/status/2014073013189083162,803,5,16,1,0,0,0,2,4,0,0,0,0
2014065464956142074,"Wed, Jan 21, 2026",QUEM LEVA: MACACA OU BERNÔ? 🦍🐯 A Ponte Preta recebe o São Bernardo no último jogo dessa quarta-feira no Paulistão Casas Bahia! #PaulistãoCasasBahia https://t.co/VxVmFdiwXt,https://x.com/Paulistao/status/2014065464956142074,1391,10,31,1,0,0,0,4,3,4,0,0,0
2014057911694073962,"Wed, Jan 21, 2026",Arbitragem escalada para a partida entre São Paulo e Portuguesa! #EscalaDeArbitragem #PaulistãoCasasBahia https://t.co/HgRoookqur,https://x.com/Paulistao/status/2014057911694073962,1345,33,66,0,1,0,1,6,2,1,0,0,0
2014050362190164406,"Wed, Jan 21, 2026",Arbitragem escalada para a partida entre Noroeste e Capivariano! #EscalaDeArbitragem #PaulistãoCasasBahia https://t.co/0h0CnMpL5Y,https://x.com/Paulistao/status/2014050362190164406,974,3,18,0,0,0,0,1,7,0,0,0,0
2014042813168787799,"Wed, Jan 21, 2026",INTERIOR PAULISTA BEM REPRESENTADO! 🔥💪 Mirassol e Red Bull Bragantino vão medir forças nessa noite de #PaulistãoCasasBahia no Maião. Quem será que leva a melhor? 👀 https://t.co/sTsao3BpoJ,https://x.com/Paulistao/status/2014042813168787799,773,11,21,0,0,0,0,1,2,3,0,0,0
2014039653230297427,"Wed, Jan 21, 2026",ENTROU E MUDOU O JOGO! ⚽⭐ Eduardo Sasha entrou no segundo tempo e marcou o segundo gol do Massa Bruta na goleada contra o Botafogo. Tem estrela! #PaulistãoCasasBahia #Bet365 https://t.co/wcHUjHSbCX,https://x.com/Paulistao/status/2014039653230297427,1163,9,14,0,0,0,0,1,1,2,0,0,0
2014035266399285709,"Wed, Jan 21, 2026",TRICOLOR E LUSA SE ENFRENTAM! Só a vitória interessa para São Paulo e Portuguesa nessa rodada do Paulistão Casas Bahia. Deixa aqui nos comentários para quem vai sua torcida! 🇾🇪⚔️🦁 #PaulistãoCasasBahia https://t.co/tabKVs2o4G,https://x.com/Paulistao/status/2014035266399285709,1386,102,135,0,0,0,0,7,3,2,0,1,0
2014020163864080859,"Wed, Jan 21, 2026",DUELO NA CASA DO NORUSCA! O Noroeste recebe o Capivariano para o primeiro jogo do #PaulistãoCasasBahia dessa quarta-feira. Quem sai com os três pontos? https://t.co/aOIKWY7U5p,https://x.com/Paulistao/status/2014020163864080859,666,2,6,0,0,0,0,2,0,0,0,0,0
2013989966079254767,"Wed, Jan 21, 2026","ELES ESTÃO ACOSTUMADOS A MARCAR EM CLÁSSICOS! 9️⃣🤝👀 Gabriel Barbosa e Yuri Alberto são os camisas 9 do Clássico Alvinegro. E aí, quem leva a melhor nesse duelo? #PaulistãoCasasBahia https://t.co/Vv1jEIwiVI",https://x.com/Paulistao/status/2013989966079254767,1425,34,98,0,1,0,0,5,4,9,0,1,0
2013944677490417670,"Wed, Jan 21, 2026",BORA MAIS UMA! Você piscou e chegou mais uma rodada do Paulistão A2 Rivalo! #PaulistãoA2Rivalo https://t.co/lGlNZdkdfY,https://x.com/Paulistao/status/2013944677490417670,1502,44,112,0,0,0,0,8,6,3,0,2,0
2013944674151465280,"Wed, Jan 21, 2026",QUARTOU! 😮‍💨 Dia recheado de mais #PaulistãoCasasBahia! Anota pra não perder nada! ✍️ https://t.co/wyt2CFVqIn,https://x.com/Paulistao/status/2013944674151465280,3748,140,282,3,4,0,2,12,7,7,0,0,0
2013799589044773158,"Wed, Jan 21, 2026","ARTILHEIRO ABSOLUTO! 🔥 Cuidado para não cutucar o Tigre com vara curta, sujeito a gol do @_robsonsf! 🐯⚽ #PaulistãoCasasBahia https://t.co/agaZPScEeG",https://x.com/Paulistao/status/2013799589044773158,1163,7,19,1,2,0,0,1,2,1,0,0,0
2013798672199254453,"Wed, Jan 21, 2026",O HAT-TRICK DO ROBSON! 3️⃣⚽🔥 QUE PARTIDA DO ARTILHEIRO DO TIGRE! #PaulistãoCasasBahia https://t.co/IBwBAdNikL,https://x.com/Paulistao/status/2013798672199254453,1549,16,22,0,0,0,0,2,3,0,0,1,0
2013793420108607847,"Wed, Jan 21, 2026","O QUE É AQUILO ALI?! 😱👀 AH, É MAIS UM GOL DO ROBSON! ⚽🔥🐯 #PaulistãoCasasBahia #Novorizontino https://t.co/8amOKgdsPG",https://x.com/Paulistao/status/2013793420108607847,1315,20,71,1,0,0,0,2,3,0,0,0,0
2013785380860965341,"Wed, Jan 21, 2026",CRAQUE ABSOLUTO DO JOGO! Vem ver a entrevista pós jogo do dono de três gols do Novorizontino na partida de hoje! #PaulistãoCasasBahia #CraqueDoJogo #Bet7k https://t.co/P4jLZ6SIfr,https://x.com/Paulistao/status/2013785380860965341,1570,13,21,0,1,0,0,1,3,3,0,0,0
2013783329544237167,"Wed, Jan 21, 2026",É O TIGRE ALI NA VICE-LIDERANÇA?! 🐯🔥 Fim do primeiro dia da quarta rodada do #PaulistãoCasasBahia e assim ficou a tabela de classificação! https://t.co/iF68KkXzMH,https://x.com/Paulistao/status/2013783329544237167,5638,131,379,3,4,0,4,14,24,19,0,1,0
2013782402691158519,"Wed, Jan 21, 2026",TRÊS GOLS E UM TROFÉU DE CRAQUE! 🏆✨ A vitória do Novorizontino tem nome e sobrenome: Robson Fernandes! #PaulistãoCasasBahia 📷Pedro Zacchi/Ag.Paulistão/Sua Foto no Jogo https://t.co/1piXPNdboE,https://x.com/Paulistao/status/2013782402691158519,1139,18,30,0,0,0,0,2,3,0,0,0,0
2013779423409942954,"Wed, Jan 21, 2026",ROBSON FERNANDES: O ARTILHEIRO DO TIGRE! 3️⃣⚽🔥 📷Pedro Zacchi/Ag.Paulistão/Sua Foto no Jogo https://t.co/OXwTqD5Imr,https://x.com/Paulistao/status/2013779423409942954,1117,16,34,0,0,0,0,2,1,2,0,0,0
2013777384198009020,"Wed, Jan 21, 2026",VITÓRIA GI-GAN-TES-CA DO TIGRE! ⚽🔥🐯 Goleada para cima do Palmeiras com direto à hat trick do Robson! #PaulistãoCasasBahia 📷Pedro Zacchi/Ag.Paulistão/Sua Foto no Jogo https://t.co/syFUuHwJHT,https://x.com/Paulistao/status/2013777384198009020,1902,42,208,0,1,0,1,8,1,15,0,4,0
2013774574131794086,"Wed, Jan 21, 2026",GOLEADA DO TIGRE! ⚽🔥 Hélio Borges aumenta ainda mais o placar para o Novorizontino! #PaulistãoCasasBahia https://t.co/t78Z4nczTD,https://x.com/Paulistao/status/2013774574131794086,5104,17,61,0,2,0,2,4,7,31,0,0,0
2013773180226187591,"Wed, Jan 21, 2026",HAT TRICK DO ROBSON! É MAIS UM GOL DO NOVORIZONTINO CONTRA O PALMEIRAS! 🐯🔥 #PaulistãoCasasBahia https://t.co/f28rI2W11k,https://x.com/Paulistao/status/2013773180226187591,3040,43,82,1,1,0,1,2,18,13,0,2,0
2013761138165485788,"Tue, Jan 20, 2026",TIGRE NA VANTAGEM! No primeiro tempo só deu Novorizontino! #PaulistãoCasasBahia 📷Pedro Zacchi/Ag.Paulistão/Sua Foto no Jogo https://t.co/kufjjANzzZ,https://x.com/Paulistao/status/2013761138165485788,1258,16,59,0,1,0,0,5,7,3,0,1,0
2013756940426334714,"Tue, Jan 20, 2026",O ARTILHEIRO DO TIGRE ABRE O PLACAR! Robson coloca o Novorizontino na vantagem! #PaulistãoCasasBahia https://t.co/KKet8JEMfP,https://x.com/Paulistao/status/2013756940426334714,1491,12,22,0,0,0,0,3,2,5,0,0,0
2013733808843981165,"Tue, Jan 20, 2026",Tudo pronto em Novo Horizonte para o duelo entre Tigre e Verdão! Já ligou na TNT ou na HBO Max? 👀 #PaulistãoCasasBahia 📷Pedro Zacchi/Ag.Paulistão/Sua Foto no Jogo https://t.co/xpK3g16Guq,https://x.com/Paulistao/status/2013733808843981165,1073,14,49,0,1,0,0,4,3,0,0,0,0
2013723702932779227,"Tue, Jan 20, 2026","NOVO HORIZONTE EM CLIMA DE PAULISTÃO CASAS BAHIA! 🤩 Criança no colo, camisa no corpo e espeto na mão! Daqui a pouco tem Palmeiras e Novorizontino no Estádio Jorge Ismael de Biasi 🔥 #PaulistãoCasasBahia 📷Pedro Zacchi/Ag.Paulistão/Sua Foto no Jogo https://t.co/wpAUNE1S89",https://x.com/Paulistao/status/2013723702932779227,4029,31,289,1,0,1,0,4,13,11,0,0,0
2013696846573555925,"Tue, Jan 20, 2026","SERÁ QUE ELES ESTÃO ENTROSADOS? Se liga no Desafio das Palmas com Eric Ramires e Juninho Capixaba, do Red Bull Bragantino! #PaulistãoCasasBahia https://t.co/UOQFUkZNTK",https://x.com/Paulistao/status/2013696846573555925,2137,10,15,1,0,0,0,2,2,0,0,0,0
2013692771085783187,"Tue, Jan 20, 2026",Arbitragem escalada para a partida entre Novorizontino e Palmeiras! #EscalaDeArbitragem #PaulistãoCasasBahia https://t.co/DLfohdxcQA,https://x.com/Paulistao/status/2013692771085783187,919,11,41,0,0,0,0,2,8,4,0,0,0
2013688670167900481,"Tue, Jan 20, 2026","Sofreu o pênalti, marcou o gol e foi eleito o #CraqueDaRodada, com 40% dos votos no Instagram do @paulistao! 👏 #7KBet #PaulistãoCasasBahia https://t.co/2lSSrHkOq5",https://x.com/Paulistao/status/2013688670167900481,1834,3,12,0,1,0,3,2,2,0,0,2,0
2013680424711791045,"Tue, Jan 20, 2026","VOCÊS VOTARAM E ESCOLHERAM... ☑️👨🏻‍🦲 Teve gol dele no final de semana e, com 40% dos votos, o Carlão é o nosso Craque da 3ª Rodada do Paulistão Casas Bahia! #CraqueDaRodada #7KBet #PaulistãoCasasBahia https://t.co/wUPlwmhCFS",https://x.com/Paulistao/status/2013680424711791045,1233,5,16,0,0,0,0,2,1,2,0,0,0
2013674058282356824,"Tue, Jan 20, 2026","GOLAÇO DA 3ª RODADA! 🔥 Breno Bidon foi eleito o dono do #GolaçoDaRodada, com 48% dos votos no Instagram do @paulistao! #Betano #PaulistãoCasasBahia https://t.co/3LEKM3t5G9",https://x.com/Paulistao/status/2013674058282356824,1559,17,27,0,0,0,0,3,1,5,0,1,0
2013657784118845473,"Tue, Jan 20, 2026",AQUI TEM GOLEIRO! 🧤⚽ Carlos Miguel e Cleiton foram os únicos goleiros que não tomaram gol até aqui no #PaulistãoCasasBahia! https://t.co/euO4BNIB1V,https://x.com/Paulistao/status/2013657784118845473,875,10,22,0,0,0,0,3,3,2,0,1,0
2013633869598089640,"Tue, Jan 20, 2026","O ÚLTIMO CLÁSSICO ALVINEGRO NA FASE DE GRUPOS! 😮‍💨 Em 2025, o Corinthians venceu o Santos na primeira fase! Bora relembrar os gols? 🤩🔥 🗓️ O PRÓXIMO CLÁSSICO ALVINEGRO É QUINTA-FEIRA (22), ÀS 19H30! #PaulistãoCasasBahia #ClássicoAlvinegro #Corinthians https://t.co/zohLY1luzo",https://x.com/Paulistao/status/2013633869598089640,2111,51,61,0,0,0,1,6,0,3,0,0,0
2013627585729626224,"Tue, Jan 20, 2026",PRIMEIRO DA RODADA! Novorizontino e Palmeiras abrem a quarta rodada do Paulistão Casas Bahia. #PaulistãoCasasBahia https://t.co/aNOpgdRzLs,https://x.com/Paulistao/status/2013627585729626224,828,9,28,0,1,0,0,1,1,3,0,0,0
2013597381426847840,"Tue, Jan 20, 2026",OS GARÇONS DO PAULISTÃO CASAS BAHIA! 🤩 Esse é o Top 3 dos jogadores que mais deram assistências até agora! 👏 #PaulistãoCasasBahia https://t.co/0OWVAY3kO8,https://x.com/Paulistao/status/2013597381426847840,842,11,18,0,0,0,1,1,3,0,0,0,0
2013567310821499289,"Tue, Jan 20, 2026",22 ANOS DO BARCELONA! Feliz aniversário para o Barcelona Esportivo Capela! #FPF #Aniversário https://t.co/GxJ9lkgGYp,https://x.com/Paulistao/status/2013567310821499289,783,7,16,1,0,0,0,1,3,1,0,0,0
2013377824246145235,"Mon, Jan 19, 2026",VAMOS PRA MAIS UMA! 🤩 Se liga nos jogos e onde assistir à 4ª rodada do #PaulistãoCasasBahia! 👀 https://t.co/DBLet3lt1q,https://x.com/Paulistao/status/2013377824246145235,13427,260,877,5,13,0,5,23,14,21,0,3,0
2013376720200483260,"Mon, Jan 19, 2026","RECEBA, PAI! O Luva de Pedreiro visitou o Edifício Pelé e conheceu cada detalhe da FPF! E vem novidade por aí, hein?!👀 #PaulistãoCasasBahia #LuvaDePedreiro https://t.co/TGpdcIwRlp",https://x.com/Paulistao/status/2013376720200483260,3739,24,54,0,2,0,1,2,20,2,0,5,0
2013370888754995385,"Mon, Jan 19, 2026",A DUPLA 100%! 🤩 Red Bull Bragantino e Palmeiras só sabem o que é vencer no #PaulistãoCasasBahia até agora! https://t.co/IxpbT3twXC,https://x.com/Paulistao/status/2013370888754995385,996,11,21,0,0,0,2,1,1,0,0,0,0
2013355789797249402,"Mon, Jan 19, 2026","A MAIOR GOLEADA! 😮‍💨🔥 O Massa Bruta é o dono da maior goleada do Paulistão Casas Bahia 2026 até agora, com 5 a 0 pra cima do Botafogo! 5️⃣⚽ #PaulistãoCasasBahia https://t.co/76mrtWEi12",https://x.com/Paulistao/status/2013355789797249402,1361,17,25,0,0,0,0,2,1,0,0,0,0
2013348235457503614,"Mon, Jan 19, 2026","RETROSPECTO ATUALIZADO! ✅ Nos últimos SEIS ANOS de #PaulistãoCasasBahia, o São Paulo sofreu apenas uma derrota para o Corinthians! #Majestoso https://t.co/tnalYVKhyF",https://x.com/Paulistao/status/2013348235457503614,14355,451,972,9,7,1,17,39,7,172,0,2,0
2013340691019989233,"Mon, Jan 19, 2026",Os mantos do Majestoso! 🌟 📷Jhonny Inácio/Ag. Paulistão/Sua Foto no Jogo https://t.co/rB5CpLV4rl,https://x.com/Paulistao/status/2013340691019989233,9632,100,120,6,0,1,0,5,4,8,0,0,0
2013340687073452198,"Mon, Jan 19, 2026",NETUNO NO TOPO! Mais uma rodada se encerrou no Paulistão A2 Rivalo e assim ficou a tabela de classificação! #PaulistãoA2Rivalo https://t.co/k8edx7C76w,https://x.com/Paulistao/status/2013340687073452198,5101,120,371,2,1,0,3,8,23,23,0,2,0
2013333136407437506,"Mon, Jan 19, 2026",OS ARTILHEIROS! ⚽🔥 O ranking de artilharia do #PaulistãoCasasBahia ficou assim depois da 3ª rodada! 👏 #Artilharia #Assaí https://t.co/LaVgsBbjU6,https://x.com/Paulistao/status/2013333136407437506,1049,12,29,0,0,0,0,2,1,2,0,1,0
2013322333465837852,"Mon, Jan 19, 2026","HORA DE ESCOLHER O GOLAÇO DA RODADA! 😮‍💨 E aí, qual o foi o gol mais bonito da 3ª rodada do #PaulistãoCasasBahia? Deixe seu voto aqui: https://t.co/ArwWesv25f #GolaçoDaRodada #Betano *Enquete encerra no dia 20/01, às 11h https://t.co/QT7nhJr0Ch",https://x.com/Paulistao/status/2013322333465837852,1508,11,31,0,4,0,1,2,4,11,1,1,0
2013311416879526099,"Mon, Jan 19, 2026",OS BASTIDORES DA TRANSMISSÃO! 👀📺 Já imaginou como é o clima do caminhão de transmissão dos jogos do #PaulistãoCasasBahia? Vem ver como foi a coordenação do diretor de TV no Majestoso! #Majestoso #SãoPaulo #Corinthians https://t.co/b1FA8UNAh6,https://x.com/Paulistao/status/2013311416879526099,1366,9,25,0,0,0,1,2,1,8,0,4,0
2013305464361009596,"Mon, Jan 19, 2026",O @vellosogg está na área com a leitura labial com imagens exclusivas do Majestoso! #PaulistãoCasasBahia https://t.co/o8ACJKs97W,https://x.com/Paulistao/status/2013305464361009596,1821,16,22,0,0,0,0,3,0,2,0,1,0
2013285143457182009,"Mon, Jan 19, 2026","BORA VOTAR! 👀 Robson, Rodolfo, Sasha e Carlão se destacaram na 3ª rodada do #PaulistãoCasasBahia e agora você decide quem foi o mais craque! Deixe seu voto aqui: https://t.co/1nCFqgk92Q #CraqueDaRodada #7kbet *Enquete encerra no dia 20/01, às 10h https://t.co/lEQOLK8bza",https://x.com/Paulistao/status/2013285143457182009,898,5,14,0,0,0,0,1,1,1,3,0,0
2013272738262364315,"Mon, Jan 19, 2026",O BRENO BIDON É DIFERENTE! O camisa 7 do Timão brilhou no Majestoso! #PaulistãoCasasBahia https://t.co/SR03187kOh,https://x.com/Paulistao/status/2013272738262364315,1586,23,33,1,0,0,3,2,2,3,0,0,0
2013253457486999628,"Mon, Jan 19, 2026","O Marlon Freitas chegou e já se destacou em seus primeiros jogos com a camisa do Palmeiras. O ""Lendo o Jogo"" fez uma análise do meio-campista do Verdão no #PaulistãoCasasBahia! ● O jogo de futebol dá cada vez menos tempo e espaço para o meio campista pensar o jogo; ● Com https://t.co/szYPfoj5pw",https://x.com/Paulistao/status/2013253457486999628,2594,14,30,0,0,0,0,2,6,6,0,1,0
2013071012615651620,"Mon, Jan 19, 2026",MASSA BRUTA NO TOPO! O Paulistão Casas Bahia tem um novo líder! #PaulistãoCasasBahia https://t.co/S96wsD5wNT,https://x.com/Paulistao/status/2013071012615651620,2314,40,83,2,2,0,2,3,4,3,0,0,0
2013070785682735529,"Mon, Jan 19, 2026",OLHA A CLASSIFICAÇÃO AÍ! 100% atualizada e com um novo líder no #PaulistãoCasasBahia! https://t.co/weTu0a2I3D,https://x.com/Paulistao/status/2013070785682735529,11351,281,996,5,9,4,5,22,31,116,0,2,0
2013070462771769524,"Mon, Jan 19, 2026","FALA, KEWEN! O #CraqueDoJogo garantiu o empate e levou o troféu pra casa! #7KBet #PaulistãoCasasBahia https://t.co/qU0vfhW8cF",https://x.com/Paulistao/status/2013070462771769524,3539,84,109,1,1,1,1,6,5,10,0,1,0
2013069316007076034,"Mon, Jan 19, 2026",MAIS UMA! A terceira rodada do Paulistão Casas Bahia está encerrada! #PaulistãoCasasBahia https://t.co/xdTmtQMR4R,https://x.com/Paulistao/status/2013069316007076034,1811,31,96,2,1,1,0,8,4,7,0,0,0
2013067195421499769,"Mon, Jan 19, 2026","É DELE! Kewen entrou, foi decisivo e garantiu o prêmio de #CraqueDoJogo! #7KBet #PaulistãoCasasBahia https://t.co/VLlweRozVP",https://x.com/Paulistao/status/2013067195421499769,3657,97,165,0,0,0,3,8,7,21,0,3,0
2013064715606315392,"Mon, Jan 19, 2026",HERÓI BUGRINO! Ele entrou no jogo aos 44 e deixou tudo igual aos 51 do segundo tempo! Kewen garantiu o empate pro Guarani! #PaulistãoCasasBahia #Betano https://t.co/7ylEDuULBY,https://x.com/Paulistao/status/2013064715606315392,3865,105,126,0,1,0,0,6,4,7,0,4,0
2013062415168999699,"Mon, Jan 19, 2026",EMPATE NO FIM! Guarani marca no última lance e busca a igualdade contra o Santos! #PaulistãoCasasBahia2026 📷Alexandre Battibugli/Ag. Paulistão/Sua Foto no Jogo https://t.co/WU23ZqVYVP,https://x.com/Paulistao/status/2013062415168999699,1967,43,144,0,1,0,0,2,3,6,0,0,0
2013054716712739148,"Mon, Jan 19, 2026",TEM GOL DO PEIXE NO BRINCO DE OURO! Barreal completa o cruzamento e inaugura o marcador para o Santos! #PaulistãoCasasBahia #Betano https://t.co/yX2uO6aJfF,https://x.com/Paulistao/status/2013054716712739148,1982,9,17,0,0,0,0,1,6,0,0,0,0
2013053103482777938,"Mon, Jan 19, 2026",BRAZÃO SALVA O PEIXE! O goleiro do Santos defenda a penalidade e impede o gol do Guarani! #PaulistãoCasasBahia https://t.co/UpbCCTPFKB,https://x.com/Paulistao/status/2013053103482777938,2764,27,40,1,0,0,0,2,7,4,0,0,0
2013044000580624633,"Mon, Jan 19, 2026",PLACAR ZERADO! A rede ainda não balançou para Guarani e Santos! #PaulistãoCasasBahia2026 📷Alexandre Battibugli/Ag. Paulistão/Sua Foto no Jogo https://t.co/WS6rQ5jeFR,https://x.com/Paulistao/status/2013044000580624633,1864,14,37,0,0,0,0,2,7,2,0,0,0
2013033084296327622,"Sun, Jan 18, 2026","ESTRELADO! Sasha entrou no segundo tempo, marcou um gol e jogou demais! #CraqueDoJogo #Bet7k #PaulistãoCasasBahia 📷 Diogo Reis/Ag. Paulistão/Sua Foto no Jogo https://t.co/xpJOAM1a9U",https://x.com/Paulistao/status/2013033084296327622,1222,12,21,0,0,0,0,1,4,0,0,0,0
2013029110444884188,"Sun, Jan 18, 2026",GOLEADA DO LÍDER! O Massa Bruta venceu mais uma e voltou pra ponta da tabela! #PaulistãoCasasBahia 📷 Diogo Reis/Ag. Paulistão/Sua Foto no Jogo https://t.co/yPDHQK4c6m,https://x.com/Paulistao/status/2013029110444884188,1125,11,36,1,0,0,0,1,1,3,0,0,0
2013026348432843049,"Sun, Jan 18, 2026",TUDO PRONTO! Bora pro jogo! #PaulistãoCasasBahia2026 📷Alexandre Battibugli/Ag. Paulistão/Sua Foto no Jogo https://t.co/7KsN6CtfuJ,https://x.com/Paulistao/status/2013026348432843049,1928,12,30,0,0,0,0,2,3,0,0,0,0
2013025207523463420,"Sun, Jan 18, 2026",TÁ QUASE NA HORA! Guarani e Santos aquecem no gramado do Brinco de Ouro! Já já a bola rola! #PaulistãoCasasBahia2026 📷Alexandre Battibugli/Ag. Paulistão/Sua Foto no Jogo https://t.co/aZKXH4eVcC,https://x.com/Paulistao/status/2013025207523463420,1820,15,54,0,0,0,0,2,1,5,0,1,0
2013014268472418734,"Sun, Jan 18, 2026",TODOS OS ÂNGULOS! 👀☄️ POV: você é o árbitro do Majestoso e vê o golaço do Bidon de dentro do campo! #PaulistãoCasasBahia #Bis https://t.co/c0HeIsw68u,https://x.com/Paulistao/status/2013014268472418734,277268,1795,4341,113,146,8,58,107,118,2089,0,14,0
2013014192958156869,"Sun, Jan 18, 2026",DOMINGOU EM CAMPINAS! O Brinco de Ouro da Princesa está pronto para receber o jogão entre Guarani e Santos! #PaulistãoCasasBahia2026 📷Alexandre Battibugli/Ag. Paulistão/Sua Foto no Jogo https://t.co/iOfNwp7PEE,https://x.com/Paulistao/status/2013014192958156869,1946,40,142,1,1,0,0,2,2,3,0,1,0
2013011883339428329,"Sun, Jan 18, 2026",MASSA BRUTA NA FRENTE! Pedro Henrique marca e deixa o @RedBullBraga com a vantagem. #PaulistãoCasasBahia2026 📷 Diogo Reis/Ag. Paulistão/Sua Foto no Jogo https://t.co/HiTOMqaj6I,https://x.com/Paulistao/status/2013011883339428329,1037,14,28,0,0,0,0,2,6,1,0,0,0
2013006324271816788,"Sun, Jan 18, 2026","COMEMORA, HUGO! O paredão alvinegro foi a loucura com o gol de empate! #PaulistãoCasasBahia2026 📷 Jhonny Inácio/Ag. Paulistão/Sua Foto no Jogo https://t.co/1kVp2BFXwS",https://x.com/Paulistao/status/2013006324271816788,1080,14,56,1,0,0,2,3,2,4,0,0,0
2013003807169405349,"Sun, Jan 18, 2026",O HOMEM DO TIMÃO! Breno Bidon empatou o Superclássico Casas Bahia e ainda foi eleito o Craque do Jogo! #PaulistãoCasasBahia2026 #CraqueDoJogo #Bet7k 📷 Jhonny Inácio/Ag. Paulistão/Sua Foto no Jogo https://t.co/qkus82ZeXz,https://x.com/Paulistao/status/2013003807169405349,1474,31,56,1,0,0,1,6,1,6,0,0,0
2013002822099279976,"Sun, Jan 18, 2026",RAFAEL EM CIMA DA LINHA! 😮‍💨 #PaulistãoCasasBahia #SãoPaulo #Majestoso https://t.co/JxeAu5kcHT,https://x.com/Paulistao/status/2013002822099279976,2636,108,124,1,1,0,1,7,4,1,0,1,0
2012997857154867366,"Sun, Jan 18, 2026",BRENO BIDON: O CRAQUE DO MAJESTOSO! #PaulistaoCasasBahia https://t.co/u5nQgvVAZj,https://x.com/Paulistao/status/2012997857154867366,89148,3358,5183,30,7,3,77,138,39,275,0,17,0
2012996519318732924,"Sun, Jan 18, 2026",UM PRA CADA LADO! Corinthians marca no final e o Superclássico Casas Bahia termina tudo igual. #PaulistãoCasasBahia 📷 Jhonny Inácio e Victor Monteiro/Ag. Paulistão/Sua Foto no Jogo https://t.co/1UtcRNgeKH,https://x.com/Paulistao/status/2012996519318732924,1667,15,239,1,1,0,1,3,5,13,0,0,0
2012995261484728792,"Sun, Jan 18, 2026",DEIXA QUE O FILHO DO TERRÃO RESOLVE! Breno Bidon empata o clássico na Neo Química Arena! #PaulistãoCasasBahia #Corinthians https://t.co/TLy2r8XyYQ,https://x.com/Paulistao/status/2012995261484728792,4201,241,280,7,1,0,4,11,8,13,0,1,0
2012993496282492979,"Sun, Jan 18, 2026",TRABALHANDO! Aquecimento rolando! Já tá chegando a hora de Red Bull Bragantino e Botafogo. #PaulistãoCasasBahia 📷Diogo Reis/Ag. Paulistão/Sua Foto no Jogo https://t.co/R5JMyM7mtL,https://x.com/Paulistao/status/2012993496282492979,1254,7,27,0,0,0,0,1,2,1,0,0,0
2012993416896884792,"Sun, Jan 18, 2026",🏃🔟 #PaulistãoCasasBahia 📷 Jhonny Inácio/Ag. Paulistão/Sua Foto no Jogo https://t.co/aBgHuFFq90,https://x.com/Paulistao/status/2012993416896884792,1196,9,25,0,0,0,0,2,1,2,0,0,0
2012989516458467618,"Sun, Jan 18, 2026","NO ALTOOOOOOO! No detalhe, toda a jogada do gol do Tapia, que abriu o placar para o São Paulo. #PaulistãoCasasBahia2026 https://t.co/pqz1i7MrNV",https://x.com/Paulistao/status/2012989516458467618,14868,628,719,11,3,4,6,27,23,23,0,3,0
2012987454337270099,"Sun, Jan 18, 2026",Domingão chegando ao fim... Nada melhor do que curtir um jogão do Paulistão Casas Bahia! #PaulistãoCasasBahia 📷Diogo Reis/Ag. Paulistão/Sua Foto no Jogo https://t.co/7QaEhuqf11,https://x.com/Paulistao/status/2012987454337270099,1254,10,36,0,0,0,0,1,0,0,0,0,0
2012986823509787075,"Sun, Jan 18, 2026",VAMOS POR MAIS! Tá chegando a hora da bola rolar para Red Bull Bragantino e Botafogo! #PaulistãoCasasBahia 📷Diogo Reis/Ag. Paulistão/Sua Foto no Jogo https://t.co/aPMLsxPUPS,https://x.com/Paulistao/status/2012986823509787075,1093,3,18,0,0,0,0,1,3,1,0,0,0
2012984699975557547,"Sun, Jan 18, 2026","FALA, CARLÃO! Se liga no que disse o atacante após receber mais um prêmio de #CraqueDoJogo! #7KBet #PaulistãoCasasBahia https://t.co/1r7AvT8t79",https://x.com/Paulistao/status/2012984699975557547,1400,5,9,0,0,0,0,1,2,1,0,0,0
2012981707532587364,"Sun, Jan 18, 2026",COLECIONANDO PRÊMIOS! Segundo troféu de #CraqueDoJogo pro Carlão em três rodadas do Paulistão Casas Bahia! #7KBet #PaulistãoCasasBahia 📷Rafael Assunção/Ag. Paulistão/Sua Foto no Jogo https://t.co/EAztaYKsnM,https://x.com/Paulistao/status/2012981707532587364,973,10,24,0,0,0,0,1,8,1,0,0,0
2012978660739866673,"Sun, Jan 18, 2026","TRICOLOR COM A VANTAGEM! Com gol do Tapia, o São Paulo está levando a melhor no Superclássico Casas Bahia 2026. #PaulistãoCasasBahia2026 📷 Jhonny Inácio/Ag. Paulistão/Sua Foto no Jogo https://t.co/M7Cm1gDoeq",https://x.com/Paulistao/status/2012978660739866673,1040,25,51,0,0,0,0,4,1,5,0,0,0
2012978555794117083,"Sun, Jan 18, 2026",PLACAR ABERTO NO SUPERCLÁSSICO CASAS BAHIA! 🤯 Tapia cabeceia com destino certo e coloca o Tricolor na vantagem no Majestoso! #PaulistãoCasasBahia #Betano https://t.co/29HCWJch0d,https://x.com/Paulistao/status/2012978555794117083,1599,21,46,0,1,0,2,7,4,11,0,1,0
2012978133620715805,"Sun, Jan 18, 2026","UM PRA LÁ, UM PRA CÁ! Ficou tudo igual no 1º de Maio! #PaulistãoCasasBahia 📷Rafael Assunção/Ag. Paulistão/Sua Foto no Jogo https://t.co/h9SfoAcYpl",https://x.com/Paulistao/status/2012978133620715805,899,6,39,0,0,0,0,2,1,0,0,0,0
2012976155695947847,"Sun, Jan 18, 2026","A MOEDA DO SUPERCLÁSSICO 🤩 O cara ou coroa do árbitro decidiu, então corre no site das @casasbahia para garantir seu celular na promoção! #PaulistãoCasasBahia 📷 Victor Monteiro/Ag. Paulistão/Sua Foto no Jogo https://t.co/n2Itf1Z4XT",https://x.com/Paulistao/status/2012976155695947847,1145,9,35,1,0,0,0,2,0,2,0,0,0
2012973604892275149,"Sun, Jan 18, 2026","NÃO VEM DE GARFO, FABRÍCIO! 🍴🚫 Sanchez viu o espaço e lançou a caneta! #PaulistãoCasasBahia #DorflexMax https://t.co/Z0YwbCh9pt",https://x.com/Paulistao/status/2012973604892275149,1908,6,15,0,0,0,0,1,5,2,0,0,0
2012970846285873272,"Sun, Jan 18, 2026","SE TEM CARLÃO, TEM GOL! O camisa 9 converte a penalidade e empata o jogo para o Noroeste! #PaulistãoCasasBahia #Betano https://t.co/7HJiVYqnge",https://x.com/Paulistao/status/2012970846285873272,1651,5,11,0,1,0,0,2,4,0,0,0,0
2012970748089135352,"Sun, Jan 18, 2026","PARA FECHAR A RODADA! Diretamente de Campinas, Guarani e Santos entram em campo no último jogo da terceira rodada do Paulistão Casas Bahia 2026. #PaulistãoCasasBahia https://t.co/eOUpHUd8wv",https://x.com/Paulistao/status/2012970748089135352,1423,21,40,0,1,0,0,2,1,1,0,0,0
2012970354604392634,"Sun, Jan 18, 2026",CARLÃO! O camisa 9 do Noroeste conhece o caminho do gol! #PaulistãoCasasBahia 📷Rafael Assunção/Ag. Paulistão/Sua Foto no Jogo https://t.co/efb4HAMEoL,https://x.com/Paulistao/status/2012970354604392634,895,6,20,0,0,0,0,1,4,1,0,1,0
2012969265620533468,"Sun, Jan 18, 2026",QUE DEFESA DO RAFAEL! 😮‍💨🔥 #PaulistãoCasasBahia #SãoPaulo https://t.co/BzjGr4X3Si,https://x.com/Paulistao/status/2012969265620533468,1118,16,27,2,2,0,1,3,2,3,0,0,0
2012966731975639261,"Sun, Jan 18, 2026",O encontro dos comandantes! #PaulistaoCasasBahia https://t.co/hLBoy72f0S,https://x.com/Paulistao/status/2012966731975639261,1476,11,17,0,0,0,0,2,3,1,0,0,0
2012961300272341014,"Sun, Jan 18, 2026",BERNÔ NA FRENTE! São Bernardo vai pro intervalo com a vantagem no placar. #PaulistãoCasasBahia 📷Rafael Assunção/Ag. Paulistão/Sua Foto no Jogo https://t.co/mT30SYWhoj,https://x.com/Paulistao/status/2012961300272341014,745,4,19,0,0,0,0,1,3,6,0,0,0
2012957746094616705,"Sun, Jan 18, 2026",O TIGRE ABRE O PLACAR! João Paulo arrisca e o goleiro do Noroeste aceita. Tá na rede! #PaulistãoCasasBahia https://t.co/aGwPITQpiA,https://x.com/Paulistao/status/2012957746094616705,4012,25,47,2,0,1,0,1,14,5,0,1,0
2012951454026203308,"Sun, Jan 18, 2026",FIM DE PAPO! Ponto final na terceira rodada do Paulistão A2 Rivalo! #PaulistãoA2Rivalo https://t.co/KuQE1VUwmZ,https://x.com/Paulistao/status/2012951454026203308,816,6,32,0,1,0,1,3,5,0,0,1,0
2012949055031099504,"Sun, Jan 18, 2026",TODO MUNDO NA ÁREA! As equipes já estão por aqui para o Superclássico Casas Bahia. #PaulistãoCasasBahia2026 📷Rodrigo Corsi/Ag. Paulistão/Sua Foto no Jogo https://t.co/iRTesrlhHw,https://x.com/Paulistao/status/2012949055031099504,1306,25,129,0,0,0,0,2,4,5,0,0,0
2012946426116944364,"Sun, Jan 18, 2026",FIEL NA ÁREA! A torcida do Timão já está na Neo Química Arena para acompanhar o Superclássico Casas Bahia. #PaulistãoCasasBahia2026 📷 Jhony Inácio/Ag. Paulistão/Sua Foto no Jogo https://t.co/kOZK3niMLf,https://x.com/Paulistao/status/2012946426116944364,1082,16,81,0,0,0,0,4,4,0,0,1,0
2012945298092429608,"Sun, Jan 18, 2026",AQUECIMENTO FINALIZADO! Bora pro jogo! #PaulistãoCasasBahia 📷Rafael Assunção/Ag. Paulistão/Sua Foto no Jogo https://t.co/U17ahrRCCi,https://x.com/Paulistao/status/2012945298092429608,741,5,17,0,0,0,0,1,0,1,0,0,0
2012944803781116319,"Sun, Jan 18, 2026",O TIMÃO CHEGOU PARA O SUPERCLÁSSICO CASAS BAHIA! #PaulistãoCasasBahia #Corinthians https://t.co/3KtWrtziLc,https://x.com/Paulistao/status/2012944803781116319,1061,14,22,0,1,0,0,3,2,3,0,0,0
2012943643590426644,"Sun, Jan 18, 2026",TRICOLOR NA ÁREA! 🇾🇪🔥 O São Paulo já está na Neo Química Arena para o Superclássico Casas Bahia contra o Corinthians! #PaulistãoCasasBahia https://t.co/kvn3ykMrz8,https://x.com/Paulistao/status/2012943643590426644,1166,16,25,0,1,0,0,5,1,2,0,1,0
2012941271564709936,"Sun, Jan 18, 2026",A paixão pelo Tigre tá marcada na pele do torcedor do São Bernardo! #PaulistãoCasasBahia 📷Rafael Assunção/Ag. Paulistão/Sua Foto no Jogo https://t.co/LM6fZz8wLj,https://x.com/Paulistao/status/2012941271564709936,805,7,30,0,0,0,1,1,2,8,0,0,0
2012940550391861485,"Sun, Jan 18, 2026","TOURO ⚔️ PANTERA! Red Bull Bragantino ou Botafogo, quem vai levar a melhor neste domingo? #PaulistãoCasasBahia2026 https://t.co/vZVXlXdeq8",https://x.com/Paulistao/status/2012940550391861485,762,8,18,1,0,0,0,1,2,0,0,0,0
2012940077232451745,"Sun, Jan 18, 2026",GALERA CHEGANDO! As torcidas de São Bernardo e Noroeste estão na área para o jogão de log mais! #PaulistãoCasasBahia 📷Rafael Assunção/Ag. Paulistão/Sua Foto no Jogo https://t.co/rA3aq9Elte,https://x.com/Paulistao/status/2012940077232451745,730,5,35,0,0,0,0,1,0,7,0,0,0
2012935364869038356,"Sun, Jan 18, 2026",VAMOS AOS TRABALHOS? Então bora começar o domingão com São Bernardo e Noroeste! #PaulistãoCasasBahia 📷Rafael Assunção/Ag. Paulistão/Sua Foto no Jogo https://t.co/G4taul3vy9,https://x.com/Paulistao/status/2012935364869038356,701,4,23,0,0,0,0,1,1,2,0,0,0
2012933002263675066,"Sun, Jan 18, 2026",Arbitragem escalada para a partida entre Guarani e Santos! #EscalaDeArbitragem #PaulistãoCasasBahia https://t.co/YKr76hPmHe,https://x.com/Paulistao/status/2012933002263675066,1183,11,37,0,0,0,1,2,1,4,0,0,0
2012925450008281436,"Sun, Jan 18, 2026",Arbitragem escalada para a partida entre Red Bull Bragantino e Botafogo! #EscalaDeArbitragem #PaulistãoCasasBahia https://t.co/foaCDs794i,https://x.com/Paulistao/status/2012925450008281436,850,7,23,0,0,0,0,1,6,0,0,0,0
2012917902320578709,"Sun, Jan 18, 2026","AVANTE, MEU TRICOLOR! Fora de casa, o São Paulo vai em busca de mais três pontos no Superclássico Casas Bahia. #PaulistãoCasasBahia2026 https://t.co/YQqgzHxKUp",https://x.com/Paulistao/status/2012917902320578709,713,8,23,0,0,0,0,3,2,2,0,0,0
2012910351075901552,"Sun, Jan 18, 2026",Arbitragem escalada para a partida entre Corinthians e São Paulo! #EscalaDeArbitragem #PaulistãoCasasBahia https://t.co/p9kBb9fI7g,https://x.com/Paulistao/status/2012910351075901552,860,10,29,0,0,0,0,3,1,2,0,1,0
2012902810669789614,"Sun, Jan 18, 2026",Arbitragem escalada para a partida entre São Bernardo e Noroeste! #EscalaDeArbitragem #PaulistãoCasasBahia https://t.co/YKYdr79gPQ,https://x.com/Paulistao/status/2012902810669789614,677,5,9,0,0,0,0,1,2,0,0,0,0
2012895251074310495,"Sun, Jan 18, 2026",AQUI DOMINGANDO COM VOCÊS... São Bernardo e Noroeste vão agitar o começo da tarde no domingo 🤩 #PaulistãoCasasBahia2026 https://t.co/7sWi6JLY9h,https://x.com/Paulistao/status/2012895251074310495,740,7,18,0,0,0,0,2,0,2,0,0,0
2012872605976625305,"Sun, Jan 18, 2026","VAI PRA CIMA, CORINTHIANS! ⚫⚪ O Timão recebe o São Paulo pro primeiro Majestoso do ano! Vai ser jogão! 🔥 #PaulistãoCasasBahia #Majestoso https://t.co/nyP4trKhNy",https://x.com/Paulistao/status/2012872605976625305,920,8,30,0,0,0,2,4,5,1,0,0,0
2012872601891467575,"Sun, Jan 18, 2026","DOMINGO, QUERO TE ENCONTRAR… Para acompanhar mais um dia de jogão no Paulistão Casas Bahia 🤩 #PaulistãoCasasBahia2026 https://t.co/09R8Mm4suH",https://x.com/Paulistao/status/2012872601891467575,2200,65,139,0,2,0,1,13,5,1,0,0,0
2012842405343490447,"Sun, Jan 18, 2026","PARA ENCERRAR OS TRABALHOS! Fechando a terceira rodada, dois confrontos do #PaulistãoA2Rivalo vão rolar na manhã desse domingo! https://t.co/47j8ua9Cm5",https://x.com/Paulistao/status/2012842405343490447,761,4,10,0,0,0,0,3,0,0,0,0,0
2012738730545553740,"Sun, Jan 18, 2026",BONDE DOS RESULTADOS! Vem cá conferir como terminaram os jogos deste sábado 👀 #PaulistãoCasasBahia2026 https://t.co/jO6sDpVCxu,https://x.com/Paulistao/status/2012738730545553740,1713,39,87,1,0,1,0,8,10,2,0,0,0
2012721858706030745,"Sun, Jan 18, 2026",É MAIS UM SUPERCLÁSSICO CASAS BAHIA NA ÁREA! Chegou a vez de Corinthians e São Paulo entrarem em campo no Majestoso do Paulistão Casas Bahia. Quem vai levar a melhor? #PaulistãoCasasBahia2026 https://t.co/0xl7nfQ5X8,https://x.com/Paulistao/status/2012721858706030745,1030,21,62,1,2,0,0,8,3,1,0,0,0
2012702437757288467,"Sun, Jan 18, 2026",JOGOU MUITO! Flaco López foi o responsável pelo gol da vitória e ainda levou o troféu de Craque do Jogo. #PaulistãoCasasBahia2026 #CraqueDoJogo #Bet7k 📷Guilherme Veiga/Ag. Paulistão/Sua Foto no Jogo https://t.co/81npbt1oMB,https://x.com/Paulistao/status/2012702437757288467,1215,27,43,0,0,0,1,2,3,1,0,0,0
2012701545683390966,"Sun, Jan 18, 2026","100% ATUALIZADA! Com os jogos deste sábado, saca só como ficou a classificação do #PaulistãoCasasBahia2026 👀 https://t.co/JIjBHj09Zl",https://x.com/Paulistao/status/2012701545683390966,21536,312,1118,3,11,3,6,15,59,63,0,2,0
2012699052014534862,"Sun, Jan 18, 2026",MAIS UMA DO VERDÃO! Três jogos e três vitórias na conta da equipe de Abel Ferreira 🐷 #PaulistãoCasasBahia2026 📷Guilherme Veiga/Ag. Paulistão/Sua Foto no Jogo https://t.co/wO13GFtfSW,https://x.com/Paulistao/status/2012699052014534862,1281,26,125,1,2,0,2,2,4,9,0,1,0
2012695880764112919,"Sun, Jan 18, 2026",SEIS JÁ FORAM! A bola rolou para seis partidas neste sábado pelo Paulistão A2 Rivalo. Vem conferir os resultados. #PaulistãoA2Rivalo2026 https://t.co/DojxtaHlJo,https://x.com/Paulistao/status/2012695880764112919,1059,10,32,0,1,0,0,2,5,0,0,0,0
2012689186483040643,"Sun, Jan 18, 2026","Com a palavra, Rodolfo, o #CraqueDoJogo! #7KBet #PaulistãoCasasBahia https://t.co/B0qpVwv8Lj",https://x.com/Paulistao/status/2012689186483040643,1304,7,15,1,0,0,0,2,1,0,0,5,0
2012682261296988279,"Sun, Jan 18, 2026",TUDO IGUAL! Palmeiras e Mirassol não saíram do zero nesse primeiro tempo. #PaulistãoCasasBahia2026 📷Guilherme Veiga/Ag. Paulistão/Sua Foto no Jogo https://t.co/HDdOLaFtas,https://x.com/Paulistao/status/2012682261296988279,915,8,36,0,0,0,1,1,5,2,0,0,0
2012678121917465019,"Sun, Jan 18, 2026",FECHA A CONTA E PASSA A RÉGUA! Daniel Baianinho bateu com categoria e deu números finais à vitória do Capivariano! #PaulistãoCasasBahia #Betano https://t.co/9O7vCSwfIQ,https://x.com/Paulistao/status/2012678121917465019,1703,9,19,0,1,0,0,2,5,0,0,2,0
2012672655489454478,"Sat, Jan 17, 2026","DECISIVO! Autor do primeiro gol da vitória do Capivariano, Rodolfo foi o Craque do Jogo! #PaulistãoCasasBahia #7KBet #CraqueDoJogo 📷Alexandre Battibugli/Ag. Paulistão/Sua Foto no Jogo https://t.co/gcqITQPEme",https://x.com/Paulistao/status/2012672655489454478,1117,6,16,0,0,0,0,2,1,2,0,0,0
2012668713250467918,"Sat, Jan 17, 2026",DEU CAPIVARIANO! Um gol em cada tempo e mais três pontos na conta do Leão! #PaulistãoCasasBahia 📷Alexandre Battibugli/Ag. Paulistão/Sua Foto no Jogo https://t.co/aoozI6Ay7Q,https://x.com/Paulistao/status/2012668713250467918,2193,14,82,0,0,0,1,2,5,6,0,0,0
2012666528752140648,"Sat, Jan 17, 2026",AQUECIMENTO ROLANDO! Palmeiras e Mirassol já estão em campo. Já já tem mais bola rolando no Paulistão Casas Bahia. #PaulistãoCasasBahia2026 📷Guilherme Veiga/Ag. Paulistão/Sua Foto no Jogo https://t.co/UJ0gSxDDeV,https://x.com/Paulistao/status/2012666528752140648,827,2,13,0,0,0,0,1,1,0,0,0,0
2012656597038772237,"Sat, Jan 17, 2026","CHAMA TODO MUNDO! Pai, mãe, tio, amigo porque vai ter mais um jogo do Paulistão Casas Bahia! Quem vai levar a melhor hoje? #PaulistãoCasasBahia2026 📷Guilherme Veiga/Ag. Paulistão/Sua Foto no Jogo https://t.co/dRuEmYGwIy",https://x.com/Paulistao/status/2012656597038772237,1001,7,30,0,0,0,0,1,1,1,0,1,0
2012655282074132819,"Sat, Jan 17, 2026","FALA, RENÊ! O nome do primeiro gol da Lusa no #PaulistãoCasasBahia! #CraqueDoJogo #Bet7k https://t.co/Z24oeeZPCV",https://x.com/Paulistao/status/2012655282074132819,1400,26,34,0,0,0,0,3,0,5,0,0,0
2012652850220765414,"Sat, Jan 17, 2026",E VAI TOMANDO! ✍️ A marcação veio pra cima e o Rodolfo deu a canetada! #PaulistãoCasasBahia #Dorflex https://t.co/kyRdXxJBKL,https://x.com/Paulistao/status/2012652850220765414,1430,6,14,0,0,0,0,2,4,2,0,0,0
2012651448618615269,"Sat, Jan 17, 2026",LEÃO NA FRENTE! Rodolfo marcou e o Capivariano vai para o intervalo com a vantagem no marcador! #PaulistãoCasasBahia 📷Alexandre Battibugli/Ag. Paulistão/Sua Foto no Jogo https://t.co/G6kUMPL4EG,https://x.com/Paulistao/status/2012651448618615269,1915,19,48,0,0,0,0,4,10,4,0,0,0
2012651267181392250,"Sat, Jan 17, 2026",O DONO DO PRIMEIRO GOL DA LUSA! Renê abriu o placar no Canindé e foi eleito o Craque do Jogo! #PaulistãoCasasBahia #CraqueDoJogo #Bet7k 📷Mauro Horita/Ag. Paulistão/Sua Foto no Jogo https://t.co/VtwrslcNIo,https://x.com/Paulistao/status/2012651267181392250,882,15,30,0,0,0,0,3,4,0,0,1,0
2012648126843171137,"Sat, Jan 17, 2026",QUE FRIEEEEZA! Maceió aproveitou a oportunidade e fez o segundo da Lusa no finalzinho do jogo! #PaulistãoCasasBahia https://t.co/UT1tR3wqXH,https://x.com/Paulistao/status/2012648126843171137,3974,56,87,3,4,0,0,4,8,14,0,5,0
2012647134143668435,"Sat, Jan 17, 2026",TÁ NA REDE! O Capivariano abre o placar contra a Ponte Preta! Robson é o nome da emoção! #PaulistãoCasasBahia #Betano https://t.co/NpiCNGXopF,https://x.com/Paulistao/status/2012647134143668435,1600,15,32,0,1,0,0,2,6,8,0,1,0
2012646590243061816,"Sat, Jan 17, 2026",NÃO DEU PRO FANTASMA! 👻🚫 O Novorizontino colocou um ponto final na invencibilidade do Primavera! #PaulistãoCasasBahia https://t.co/y6VEEEnk1z,https://x.com/Paulistao/status/2012646590243061816,748,11,33,0,0,0,1,2,1,2,0,0,0
2012645955128946842,"Sat, Jan 17, 2026",VENCE A PORTUGUESA! A Lusa conquista a primeira vitória no #PaulistãoCasasBahia para cima do Velo Clube no Canindé! 📷Mauro Horita/Ag. Paulistão/Sua Foto no Jogo https://t.co/nZRKoJuEfn,https://x.com/Paulistao/status/2012645955128946842,1074,35,110,0,0,0,0,3,3,4,0,0,0
2012641241972805991,"Sat, Jan 17, 2026","Com a palavra, Robson, o #CraqueDoJogo! #7KBet #PaulistãoCasasBahia https://t.co/jA0z3bVCYN",https://x.com/Paulistao/status/2012641241972805991,1316,13,19,2,0,0,0,2,4,0,0,0,0
2012640100098748620,"Sat, Jan 17, 2026","BRILHOU DEMAIS! Com duas bolas na rede, sendo uma o golaço da vitória do Novorizontino, Robson foi escolhido como o Craque do Jogo! #7KLBet #PaulistãoCasasBahia #CraqueDoJogo 📷Rebeca Reis/Ag. Paulistão/Sua Foto no Jogo https://t.co/38hconY9CH",https://x.com/Paulistao/status/2012640100098748620,736,5,15,1,0,0,0,3,0,3,0,0,0
2012635183246098913,"Sat, Jan 17, 2026","O GOLAÇO DA VITÓRIA! No apagar das luzes, o Novorizontino buscou a virada! Pega só esse golaço do Robson para garantir os três pontos do Leão! #PaulistãoCasasBahia #Betano https://t.co/r8z1a13k5C",https://x.com/Paulistao/status/2012635183246098913,1522,13,27,0,0,0,0,3,2,6,0,1,0
2012633696495374482,"Sat, Jan 17, 2026",VITÓRIA GIGANTESTCA DO TIGRE! Novorizontino luta até o última lance e consegue a virada fora de casa! #PaulistãoCasasBahia 📷Rebeca Reis/Ag. Paulistão/Sua Foto no Jogo https://t.co/VNoGTR2GMJ,https://x.com/Paulistao/status/2012633696495374482,1104,6,56,1,0,0,0,4,2,0,0,0,0
2012632955491881173,"Sat, Jan 17, 2026",TÁ CHEGANDOA HORA! Os times dão aquele gás final na preparação para mais um jogaço! #PaulistãoCasasBahia 📷Alexandre Battibugli/Ag. Paulistão/Sua Foto no Jogo https://t.co/7B6GA9a1zq,https://x.com/Paulistao/status/2012632955491881173,1581,8,45,0,0,0,0,3,2,2,0,0,0
2012629019649257655,"Sat, Jan 17, 2026",TIGRE BUSCA O EMPATE! 🐯 Maycon Jesus recebeu a bola no campo de defesa e só foi para lá no fundo do gol! É o empate do Novorizontino! #PaulistãoCasasBahia #Betano https://t.co/0U0boAO4HL,https://x.com/Paulistao/status/2012629019649257655,3888,20,34,2,0,0,0,2,5,6,0,1,0
2012627072636620910,"Sat, Jan 17, 2026",ROBG⚽️L! Robson usa a cabeça para balançar a rede para o Novorizontino! #PaulistãoCasasBahia #Betano https://t.co/0upAC2QUj3,https://x.com/Paulistao/status/2012627072636620910,1410,8,12,0,0,0,0,2,2,0,0,0,0
2012626796349399432,"Sat, Jan 17, 2026",NÃO VAI FALTAR APOIO! As torcidas de Capivariano e Ponte Preta vão chegando pro jogo de logo mais! #PaulistãoCasasBahia 📷Alexandre Battibugli/Ag. Paulistão/Sua Foto no Jogo https://t.co/NUBoDECUD4,https://x.com/Paulistao/status/2012626796349399432,1568,14,124,1,0,0,0,4,2,4,0,1,0
2012624917439643993,"Sat, Jan 17, 2026",MOMENTO FOFURA NO PRÉ-JOGO! 🐶🥰 Os jogadores da Portuguesa entraram em campo com cachorros para adoção no Instituto Animale! #PaulistãoCasasBahia 📷Mauro Horita/Ag. Paulistão/Sua Foto no Jogo https://t.co/lQDSgGkNVn,https://x.com/Paulistao/status/2012624917439643993,1069,19,88,1,0,0,0,3,2,4,0,0,0
2012624050028228620,"Sat, Jan 17, 2026",LUSA NA VANTAGEM! O primeiro gol do jogo saiu e a Portuguesa faz de pênalti para se colocar na frente do placar! #PaulistãoCasasBahia https://t.co/XDqWtpURzl,https://x.com/Paulistao/status/2012624050028228620,34983,62,213,8,1,10,1,3,94,30,0,11,0
2012623459755438395,"Sat, Jan 17, 2026",Arbitragem escalada para a partida entre Palmeiras e Mirassol! #EscalaDeArbitragem #PaulistãoCasasBahia https://t.co/qx3PRGTStA,https://x.com/Paulistao/status/2012623459755438395,649,4,16,2,0,0,1,2,2,0,0,0,0
2012622129083117704,"Sat, Jan 17, 2026","É PRO OUTRO LADO... Novorizontino recua a bola, a defesa não conversa entre si e é o Primavera que comemora. É o terceiro do Fantasma. #PaulistãoCasasBahia #Bateno https://t.co/Qgwh9AQ5U4",https://x.com/Paulistao/status/2012622129083117704,2822,20,62,0,4,0,0,3,21,18,0,0,0
2012618695646875676,"Sat, Jan 17, 2026",TEM MAIS JOGO VINDO AÍ! A bola vai rolar no estádio Carlos Colnaghi! É sábado de Capivariano e Ponte Preta! #PaulistãoCasasBahia 📷Alexandre Battibugli/Ag. Paulistão/Sua Foto no Jogo https://t.co/IsfbaO8ks8,https://x.com/Paulistao/status/2012618695646875676,1504,13,84,1,1,0,0,4,9,1,0,8,0
2012615391088976347,"Sat, Jan 17, 2026",FANTASMA NA FRENTE! Intervalo de jogo em Indaiatuba e o Primavera tem a vantagem no placar! #PaulistãoCasasBahia 📷Rebeca Reis/Ag. Paulistão/Sua Foto no Jogo https://t.co/6efJwYMjit,https://x.com/Paulistao/status/2012615391088976347,812,8,19,0,0,0,0,1,1,0,0,0,0
2012614262489751800,"Sat, Jan 17, 2026",QUEM QUE PEGA? O Rômulo soltou o pé na cobrança de pênalti e descontou para o Novorizontino! #PaulistãoCasasBahia #Betano https://t.co/80YpxdKHnV,https://x.com/Paulistao/status/2012614262489751800,2033,10,26,0,0,0,1,1,11,2,0,0,0
2012609251793907782,"Sat, Jan 17, 2026","DE CARRINHO PRA REDE! Primavera encaixa o contra-ataque e só vai parar no fundo da redes! Paulo Baya serve Renatinho, que aumenta a vantagem do Fantasma! #PaulistãoCasasBahia #Betano https://t.co/dECW1TJ7kZ",https://x.com/Paulistao/status/2012609251793907782,16409,13,66,1,5,0,0,4,14,30,0,1,0
2012609061540266168,"Sat, Jan 17, 2026",AQUECIMENTO ROLANDO! Preparativos à todo vapor para o confronto da terceira rodada do #PaulistãoCasasBahia! 📷Mauro Horita/Ag. Paulistão/Sua Foto no Jogo https://t.co/a0Zr482Amr,https://x.com/Paulistao/status/2012609061540266168,638,6,15,0,0,0,0,2,0,0,0,0,0
2012608360210960824,"Sat, Jan 17, 2026","PARA FECHAR O SÁBADO! 🤝 Verdão e Leão querem somar mais três pontos. E aí, torcedor, quem sai da Arena Barueri com a vitória? #PaulistãoCasasBahia https://t.co/sc8FyAe7lw",https://x.com/Paulistao/status/2012608360210960824,642,8,19,0,0,0,0,2,1,0,0,0,0
2012608180140781800,"Sat, Jan 17, 2026",O FANTASMA TÁ ASSOMBRANDO GERAL! 👻 Já trem gol na terceira rodada do Paulistão Casas Bahia! Gabriel Poveda abre o placar par ao Primavera! #PaulistãoCasasBahia #Betano https://t.co/r781j9XFxI,https://x.com/Paulistao/status/2012608180140781800,1811,10,57,1,0,0,1,3,30,12,0,0,0
2012606275603845339,"Sat, Jan 17, 2026",VEM PARA A HBO MAX! É dia de Portuguesa e Velo Clube no Paulistão Casas Bahia! #PaulistãoCasasBahia 📷Mauro Horita/Ag. Paulistão/Sua Foto no Jogo https://t.co/Niz4sHwJTP,https://x.com/Paulistao/status/2012606275603845339,686,9,18,1,0,0,1,1,1,0,0,0,0
2012605556809204209,"Sat, Jan 17, 2026",FALTOU ESPAÇO? SEM PROBLEMA! O Thales desenrolou a jogada para o Primavera e saiu jogando com categoria! #PaulistãoCasasBahia https://t.co/APY2K5VCfj,https://x.com/Paulistao/status/2012605556809204209,1288,5,19,1,0,0,0,1,11,2,0,0,0
2012597036411953200,"Sat, Jan 17, 2026",Detalhes! ✨🙏 #PaulistãoCasasBahia 📷Rebeca Reis/Ag. Paulistão/Sua Foto no Jogo https://t.co/hInMNklLM0,https://x.com/Paulistao/status/2012597036411953200,781,5,23,1,0,0,0,1,0,0,0,0,0
2012596702675394801,"Sat, Jan 17, 2026",Aquecimento rolando no gramado do estádio Ítalo Mário Limongi! #PaulistãoCasasBahia 📷Rebeca Reis/Ag. Paulistão/Sua Foto no Jogo https://t.co/va7fiGa5Zv,https://x.com/Paulistao/status/2012596702675394801,644,5,14,0,0,0,0,1,1,0,0,0,0
2012594702478881140,"Sat, Jan 17, 2026",CANINDÉ EM CLIMA DE PAULISTÃO CASAS BAHIA! Daqui a pouco a bola vai rolar entre Portuguesa e Velo Clube e a torcida da Lusa já está em peso no palco do duelo! #PaulistãoCasasBahia 📷Mauro Horita/Ag. Paulistão/Sua Foto no Jogo https://t.co/9JgyIBmgnc,https://x.com/Paulistao/status/2012594702478881140,1135,33,120,1,0,1,0,1,4,1,0,0,0
2012589548937605411,"Sat, Jan 17, 2026",TIGRE PRESENTE! A torcida do Novorizontino também está na área para apoiar o time contra o Primavera! #PaulistãoCasasBahia 📷Rebeca Reis/Ag. Paulistão/Sua Foto no Jogo https://t.co/Inq1M1Ky69,https://x.com/Paulistao/status/2012589548937605411,733,12,25,0,0,0,0,1,1,2,0,0,0
2012588849910747452,"Sat, Jan 17, 2026","ALÔ, INDAIATUBA! É dia do Fantasma entrar em campo! #PaulistãoCasasBahia 📷Rebeca Reis/Ag. Paulistão/Sua Foto no Jogo https://t.co/YJuCVinin4",https://x.com/Paulistao/status/2012588849910747452,818,14,39,1,1,0,0,4,3,0,0,0,0
2012584395723387318,"Sat, Jan 17, 2026","TODOS PRONTOS?! A terceira rodada do Paulistão Casas Bahia tá na área, meus amigos! E pra começar os trabalhos, é dia de Primavera e Novorizontino! #PaulistãoCasasBahia 📷Rebeca Reis/Ag. Paulistão/Sua Foto no Jogo https://t.co/q4vqHNE1v1",https://x.com/Paulistao/status/2012584395723387318,653,7,29,0,0,0,0,1,2,2,0,0,0
2012578163310854295,"Sat, Jan 17, 2026",Arbitragem escalada para a partida entre Capivariano e Ponte Preta! #EscalaDeArbitragem #PaulistãoCasasBahia https://t.co/BSGSXL6LKY,https://x.com/Paulistao/status/2012578163310854295,1324,5,24,1,0,0,0,3,4,4,0,1,0
2012570613362405625,"Sat, Jan 17, 2026","VANTAGEM DO TIMÃO! No retrospecto do Majestoso no Paulistão Casas Bahia, o Corinthians venceu mais, mas o Tricolor marcou mais gols. O que será que vai rolar amanhã? 👀 Você assiste ao Majestoso AO VIVO às 16h desse domingo (18), na TNT e HBO Max! 🤩 #PaulistãoCasasBahia https://t.co/fW74Eg0TLk",https://x.com/Paulistao/status/2012570613362405625,780,12,26,1,0,0,0,3,0,1,0,0,0
2012563063816470990,"Sat, Jan 17, 2026",Arbitragem escalada para a partida entre Portuguesa e Velo Clube! #EscalaDeArbitragem #PaulistãoCasasBahia https://t.co/jMNxuvbo2u,https://x.com/Paulistao/status/2012563063816470990,668,4,10,1,0,0,0,2,3,0,0,0,0
2012562866474221690,"Sat, Jan 17, 2026","CRAQUE DA RODADA! 👻 Paulo Baya, do Primavera, foi escolhido como o segundo #CraqueDaRodada do Paulistão Casas Bahia 2026! #7KBet #PaulistãoCasasBahia https://t.co/QIiPYwYOPB",https://x.com/Paulistao/status/2012562866474221690,1207,2,4,1,0,0,0,1,0,1,0,0,0
2012562541617025131,"Sat, Jan 17, 2026","LÁ NA GAVETA! 🔥 A galera votou no Instagram e Luciano, do São Paulo, foi eleito o dono do golaço da 2ª rodada do Paulsitão Casas Bahia! #GolaçoDaRodada #Betano #PaulistãoCasasBahia https://t.co/1JgLR71TL8",https://x.com/Paulistao/status/2012562541617025131,926,16,20,0,0,0,0,1,2,1,0,0,0
2012555512299344357,"Sat, Jan 17, 2026",MAIS UM! Portuguesa e Velo Clube se preparam para mais um dia de JOGÃO no Paulistão Casas Bahia 2026. Para quem vai a sua torcida? #PaulistãoCasasBahia2026 https://t.co/LuAfklSdjL,https://x.com/Paulistao/status/2012555512299344357,602,5,11,0,0,0,0,1,2,1,0,0,0
2012547964217270560,"Sat, Jan 17, 2026",Arbitragem escalada para a partida entre Primavera e Novorizontino! #EscalaDeArbitragem #PaulistãoCasasBahia https://t.co/2GY2rlh0Si,https://x.com/Paulistao/status/2012547964217270560,660,5,13,1,0,0,0,2,2,0,0,1,0
2012540419251617940,"Sat, Jan 17, 2026",TUDO PRONTO! Primavera e Novorizontino abrem mais uma rodada do Paulistão Casas Bahia 2026. Quem vai levar a melhor? #PaulistãoCasasBahia2026 https://t.co/bY1Ypu2Dc7,https://x.com/Paulistao/status/2012540419251617940,677,11,16,0,0,0,0,1,1,1,0,0,0
2012532865875972120,"Sat, Jan 17, 2026",NOITE DE PAULISTÃO CASAS BAHIA EM CAPIVARI! 🔥 Capivariano e Ponte Preta vão em busca da vitória nessa 3ª rodada do #PaulistãoCasasBahia! Qual é o seu palpite? https://t.co/tGvkCMVSQi,https://x.com/Paulistao/status/2012532865875972120,1382,11,31,0,0,0,1,3,4,3,0,1,0
2012523898743496896,"Sat, Jan 17, 2026","DESTAQUE DO FANTASMA! A galera votou no nosso Instagram e elegeu Paulo Baya, do Primavera, como o Craque da 2ª Rodada do Paulistão Casas Bahia 2026, com 43% dos votos! #CraqueDaRodada #7KBet #PaulistãoCasasBahia https://t.co/k8vUqY3R8I",https://x.com/Paulistao/status/2012523898743496896,672,6,15,0,0,0,0,2,0,4,0,0,0
2012510217892663575,"Sat, Jan 17, 2026",TODO MUNDO ESPERA ALGUMA COISA... Em um sábado de Paulistão Casas Bahia! Vem conferir os confrontos do começo do final de semana 🔥 #PaulistãoCasasBahia2026 https://t.co/ZcS0GfAEtL,https://x.com/Paulistao/status/2012510217892663575,1811,43,125,1,0,0,2,8,3,5,0,1,0
2012510214960906734,"Sat, Jan 17, 2026","AVISA QUE É ELE! Com 44% dos votos, @luketa99, do @fcsertaozinho, foi escolhido pela galera em votação feita no nosso perfil, como o Craque da 2ª do Paulistão A2 Rivalo! #CraqueDaRodada #PaulistãoA2Rivalo https://t.co/XTmdUbBxYw",https://x.com/Paulistao/status/2012510214960906734,576,4,9,0,0,0,0,1,2,0,0,0,0
2012495118339629227,"Sat, Jan 17, 2026",SABADOU NO PAULISTÃO A2 RIVALO! Seis jogos abrem a terceira rodada! #PaulistãoA2Rivalo https://t.co/hSkck19xFy,https://x.com/Paulistao/status/2012495118339629227,623,12,27,0,0,0,0,4,1,0,0,0,0
2012300165873357252,"Fri, Jan 16, 2026",A 3ª RODADA TÁ NA ÁREA! Vem conferir os horários e as transmissões dessa etapa do Paulistão A2 Rivalo! #PaulistãoA2Rivalo https://t.co/XLofZxln1H,https://x.com/Paulistao/status/2012300165873357252,1402,24,80,0,1,0,1,5,5,4,0,0,0
2012295727020421573,"Fri, Jan 16, 2026",A TERCEIRA RODADA DO PAULISTÃO CASAS BAHIA VEM AÍ! #PaulistãoCasasBahia https://t.co/m0bBobKJSm,https://x.com/Paulistao/status/2012295727020421573,11824,203,784,4,8,1,7,23,26,23,0,5,0
2012291271222575268,"Fri, Jan 16, 2026","LUCAS MOURA E BRENO BIDON! No duelo de camisas 7, Cria de Cotia e Filho do Terrão se enfrentam no Superclássico Casas Bahia deste domingo! #PaulistãoCasasBahia https://t.co/9AvErEIEQe",https://x.com/Paulistao/status/2012291271222575268,2341,19,54,0,0,0,1,4,1,1,0,1,0
2012253525972025661,"Fri, Jan 16, 2026",DOIS GOLAÇOS! Lucas Rodrigues e Albano estavam com a pontaria afiada e marcaram dois lindos gols para a Ferroviária no Paulistão A2 Rivalo! #PaulistãoA2Rivalo https://t.co/ugoK8UUOOr,https://x.com/Paulistao/status/2012253525972025661,1104,5,9,0,0,0,0,2,1,1,0,0,0
2012241351409074405,"Fri, Jan 16, 2026","A EVOLUÇÃO DE JHON JHON! O 'Lendo o Jogo' trouxe uma análise do camisa 10 do Red Bull Bragantino! ● Jhon Jhon é um grande exemplo da importância de ter paciência no desenvolvimento de jovens jogadores; ● Jogadores criativos precisam ainda mais dessa margem para errar, https://t.co/wXWn96YNW0",https://x.com/Paulistao/status/2012241351409074405,2624,18,98,2,0,0,2,1,1,14,0,0,0
2012238423327986175,"Fri, Jan 16, 2026",JHON JHON ARTILHEIRO! 3️⃣⚽ Assim ficou o ranking de artilharia do Paulistão Casas Bahia depois da 2ª rodada! 🤩 #PaulistãoCasasBahia #Artilharia #Assaí https://t.co/PXgthA5Oof,https://x.com/Paulistao/status/2012238423327986175,806,9,16,0,0,0,0,1,0,1,0,0,0
2012230873588908455,"Fri, Jan 16, 2026","O QUE FOI ISSO, FELIPE?! 🎩✨⚽ Que categoria nesse chapéu! #PaulistãoCasasBahia #SãoBernardo https://t.co/tycLmlUmbM",https://x.com/Paulistao/status/2012230873588908455,3230,25,29,0,0,0,0,1,2,0,0,1,0
2012223326362423470,"Fri, Jan 16, 2026",Um toque de letra e uma... escorregada? 😅 Que categoria do Pacheco🔥 #PaulistãoCasasBahia #Palmeiras https://t.co/uyw44aDe34,https://x.com/Paulistao/status/2012223326362423470,9239,211,260,1,3,0,2,7,3,33,0,3,0
2012214708707709183,"Fri, Jan 16, 2026","HORA DE ESCOLHER! 🫵 Jhon Jhon, Allan, Paulo Baya e Robson jogaram muito na 2ª rodada do #PaulistãoCasasBahia. Agora é com você: quem foi o Craque da Rodada? Deixe o seu voto na enquete no nosso Instagram! 👇 ➡️https://t.co/XoiqIIgnDi #CraqueDaRodada #7kbet https://t.co/KzSxYuwKpP",https://x.com/Paulistao/status/2012214708707709183,893,9,21,0,0,0,0,1,1,4,3,0,0
2012196595115106625,"Fri, Jan 16, 2026","E aí, qual o foi o gol mais bonito da 2ª rodada do #PaulistãoCasasBahia? Deixa o seu voto na enquete dos comentários no nosso post do Instagram! ➡️https://t.co/vaP0wn6HZs #GolaçoDaRodada #Betano https://t.co/bgCmatFTZk",https://x.com/Paulistao/status/2012196595115106625,886,3,17,0,0,0,0,1,0,3,7,0,0
2012196589830316093,"Fri, Jan 16, 2026",BORA ESCOLHER O GOLAÇO DA RODADA! 😉 #GolaçoDaRodada #Betano #PaulistãoCasasBahia https://t.co/zXMjnfUrqE,https://x.com/Paulistao/status/2012196589830316093,1387,20,33,1,0,0,4,2,1,5,0,1,0
2012158966252392780,"Fri, Jan 16, 2026",@DataFutebol Publicamos as animações de todos os times 😉,https://x.com/Paulistao/status/2012158966252392780,151,2,9,0,0,0,0,0,1,6,0,0,0
2012158436004266285,"Fri, Jan 16, 2026","Isso é Paulistão Casas Bahia, senhoras e senhores! As animações de gols no placar mais F#$@ do Brasil! 😍🤩⚽️ #Futebol #Paulistao #Placar #PacoteGráfico https://t.co/4Ezm0IXeqF",https://x.com/Paulistao/status/2012158436004266285,3596,74,423,7,4,0,6,10,7,321,0,1,0
2012000736423412058,"Fri, Jan 16, 2026",A vitória do São Paulo de hoje tem nome: Luciano! Vem conferir a entrevista do #CraqueDoJogo 👀 #PaulistãoCasasBahia #Bet7k https://t.co/d3sH4wcB63,https://x.com/Paulistao/status/2012000736423412058,2186,75,90,0,3,0,0,4,7,1,0,2,0
2011999563314335810,"Fri, Jan 16, 2026",VITÓRIA TRICOLOR! 🇾🇪Os primeiros três pontos do São Paulo no #PaulistãoCasasBahia! 📷Victor Monteiro e Renato Pizzutto/Ag.Paulistão https://t.co/9G6jvbvnU2,https://x.com/Paulistao/status/2011999563314335810,1169,32,89,1,0,0,0,2,0,1,0,0,0
2011996927383007290,"Fri, Jan 16, 2026",MASSA BRUTA VAI DORMIR NA LIDERANÇA! Fim da segunda rodada e a tabela de classificação do #PaulistãoCasasBahia ficou desse jeito! https://t.co/DBzuc3jxEO,https://x.com/Paulistao/status/2011996927383007290,7797,207,575,4,5,2,2,12,14,29,0,4,0
2011995531908653449,"Fri, Jan 16, 2026",O DONO DO GOL DA VITÓRIA TRICOLOR! Luciano fez o primeiro gol do São Paulo em 2026 e foi eleito o Craque do Jogo! #PaulistãoCasasBahia 📷Renato Pizzutto/Ag.Paulistão https://t.co/u4q6yAjCBa,https://x.com/Paulistao/status/2011995531908653449,1113,28,45,1,0,0,2,3,0,2,0,0,0
2011994715630055557,"Fri, Jan 16, 2026",FIM DA SEGUNDA RODADA! 😮‍💨 Deixa aqui nos comentários como foi o desempenho do seu time do coração! #PaulistãoCasasBahia https://t.co/Jt6IkR2YrP,https://x.com/Paulistao/status/2011994715630055557,5208,192,326,4,1,1,3,10,20,15,0,0,0
2011994325077377231,"Fri, Jan 16, 2026",FIM DE PAPO NESSA QUINTA-FEIRA DE #PaulistãoCasasBahia! https://t.co/REAvGtEi5X,https://x.com/Paulistao/status/2011994325077377231,1247,59,79,1,0,0,0,4,4,0,0,0,0
2011992816960839887,"Fri, Jan 16, 2026",🫶🇾🇪⚽✨ #PaulistãoCasasBahia #SãoPaulo #Luciano 📷Victor Monteiro/Ag.Paulistão https://t.co/8h6mztk0PX,https://x.com/Paulistao/status/2011992816960839887,1921,141,184,0,1,0,1,6,5,3,0,2,0
2011992786212360368,"Fri, Jan 16, 2026","O PRIMEIRO GOL DO SÃO PAULO EM 2026! E tinha que ser dele: o camisa 10 do Tricolor, Luciano! #PaulistãoCasasBahia https://t.co/6BQ7XhCaEi",https://x.com/Paulistao/status/2011992786212360368,8453,584,653,6,8,4,0,29,11,18,0,3,0
2011985171071762461,"Fri, Jan 16, 2026",Os números do craque Jhon Jhon contra o Corinthians! 👏👏👏 #PaulistãoCasasBahia https://t.co/Gw4hTnYNxe,https://x.com/Paulistao/status/2011985171071762461,1043,7,16,0,0,0,0,2,2,0,0,0,0
2011980020718117155,"Fri, Jan 16, 2026","PRECISANDO DE GOL? CHAMA O CARLÃO! ⚽🔥 Artilheiro do Noroeste em 2025 no @paulistao com 5 gols, o camisa 9 balançou as redes pela primeira vez nesse ano! #PaulistãoCasasBahia https://t.co/4LQyTfyflk",https://x.com/Paulistao/status/2011980020718117155,919,8,18,1,0,1,0,1,1,0,0,0,0
2011979572074467340,"Fri, Jan 16, 2026",JOGADA COMPLETA! ✍️ Se liga no lance que fez o Red Bull Bragantino abrir o placar contra o Corinthians! #PaulistãoCasasBahia #Sil https://t.co/HgbcV2H5VC,https://x.com/Paulistao/status/2011979572074467340,1302,12,23,0,0,0,0,1,1,0,0,0,0
2011976242489135429,"Fri, Jan 16, 2026",NADA DE GOLS NO MORUMBIS! O duelo entre São Paulo e São Bernardo não saiu do 0 a 0 no primeiro tempo. #PaulistãoCasasBahia 📷Renato Pizzutto/Ag.Paulistão https://t.co/wbUeNaRnXD,https://x.com/Paulistao/status/2011976242489135429,956,7,42,1,0,0,1,1,6,7,0,0,0
2011973439163138211,"Fri, Jan 16, 2026",ARTILHEIRO DO PAULISTÃO CASAS BAHIA! 🔥⚽⚽⚽ #PaulistãoCasasBahia https://t.co/MoChCiUkTr,https://x.com/Paulistao/status/2011973439163138211,1108,18,26,0,0,0,0,1,2,1,0,1,0
2011972996706033911,"Fri, Jan 16, 2026",JHON JHON EM: GIGANTES DE AÇO! 😅🤩 #PaulistãoCasasBahia https://t.co/0jJy9US0Jp,https://x.com/Paulistao/status/2011972996706033911,1663,19,25,0,0,0,0,2,2,2,0,0,0
2011970266662846735,"Fri, Jan 16, 2026",O HOMEM DO JOGO! 😁⚽ #PaulistãoCasasBahia 📷 Ag. Paulistão https://t.co/LtJtQcsf0H,https://x.com/Paulistao/status/2011970266662846735,1261,17,105,0,0,0,0,1,2,0,0,0,0
2011967537869660413,"Fri, Jan 16, 2026","CARLÃO COM A PALAVRA! Se liga na entrevista do atacante do Noroeste, Craque do Jogo de hoje! #PaulistãoCasasBahia #CraqueDoJogo #Bet7k https://t.co/qrzIrqdXui",https://x.com/Paulistao/status/2011967537869660413,2020,10,22,0,1,0,0,2,7,3,0,0,0
2011967164169797726,"Fri, Jan 16, 2026",É O 9 DO NORUSCA! Carlão garantiu o empate para o Noroeste fora de casa e foi eleito o Craque do Jogo! #PaulistãoCasasBahia #CraqueDoJogo #Bet7k 📷Douglas Moreti/Ag.Paulistão https://t.co/labJbTHHkD,https://x.com/Paulistao/status/2011967164169797726,949,5,15,0,2,0,0,1,2,1,0,0,0
2011966502157599184,"Fri, Jan 16, 2026",DOIS GOLS E TROFÉU DE CRAQUE DO JOGO! ⚽🏆 #PaulistãoCasasBahia #CraqueDoJogo #7kbet 📷 Diogo Reis/Ag. Paulistão https://t.co/XS8x4LAl5h,https://x.com/Paulistao/status/2011966502157599184,879,10,22,0,0,0,0,1,2,1,0,0,0
2011964320142213306,"Fri, Jan 16, 2026","TUDO IGUAL EM RIBEIRÃO PRETO! O Botafogo saiu na frente, mas o Noroeste buscou o empate no segundo tempo! #PaulistãoCasasBahia 📷Douglas Moreti/Ag.Paulistão https://t.co/JjwfNjFFFY",https://x.com/Paulistao/status/2011964320142213306,1041,21,75,1,0,0,0,1,5,3,0,0,0
2011963031387775453,"Fri, Jan 16, 2026","DITO E FEITO, NÉ, JHON JHON? 😮‍💨🔥 #PaulistãoCasasBahia https://t.co/zIllV0PNAc",https://x.com/Paulistao/status/2011963031387775453,6433,102,121,2,2,1,0,3,3,6,0,5,0
2011961847608496519,"Fri, Jan 16, 2026","CARLÃO EMPATA PARA O NORUSCA! O camisa 9 no Noroeste é decisivo, não tem jeito! #PaulistãoCasasBahia https://t.co/HYXhGChiFl",https://x.com/Paulistao/status/2011961847608496519,2807,15,27,1,3,0,1,2,2,5,0,1,0
2011959634651664472,"Fri, Jan 16, 2026",FIM DE PAPO EM BRAGANÇA! 👏 Vitória importantíssima do Red Bull Bragantino no primeiro jogo em casa! #PaulistãoCasasBahia 📷 Diogo Reis/Ag. Paulistão https://t.co/qOD8bdczme,https://x.com/Paulistao/status/2011959634651664472,1146,19,79,1,0,0,0,3,5,1,0,0,0
2011958876791316959,"Fri, Jan 16, 2026",O TRABALHO NÃO PARA! São Paulo e São Bernardo aquecem para mais um jogão do Paulistão Casas Bahia! #PaulsitãoCasasBahia 📷Renato Pizzutto/Ag. Paulistão https://t.co/0hvSWkGjjh,https://x.com/Paulistao/status/2011958876791316959,1179,13,86,0,0,0,0,2,8,1,0,0,0
2011957938168938800,"Fri, Jan 16, 2026",PRIMEIRO LANCE DO YURI ALBERTO E DEFESAÇA DO CLEITON!!! 🧤🥵 #PaulistãoCasasBahia https://t.co/Glw6XikZXL,https://x.com/Paulistao/status/2011957938168938800,1775,11,15,2,0,0,0,1,3,0,0,0,0
2011956972854169644,"Fri, Jan 16, 2026","QUE ISSO, MOSQUERA! 😮‍💨 O jogador do Massa Bruta passou por todo mundo pra aumentar a vantagem no placar! #PaulistãoCasasBahia https://t.co/MKSz5Vjfx4",https://x.com/Paulistao/status/2011956972854169644,1943,19,28,1,3,0,1,1,3,2,0,0,0
2011953230108819504,"Fri, Jan 16, 2026",É GOL DE ARTILHEIRO! 🔥 Jhon Jhon marca mais um e aumenta a vantagem do Massa Bruta! 🤩 #PaulistãoCasasBahia https://t.co/BZQyfyMepr,https://x.com/Paulistao/status/2011953230108819504,2006,20,31,0,1,0,1,3,7,0,0,0,0