ID do post,Data,Texto do post,Postar link,Impressões,Curtidas,Engajamentos,Itens salvos,Compartilhamentos,Novos seguidores,Respostas,Reposts,Visitas ao perfil,Expansões de detalhes,Cliques de URL,Cliques de hashtag,Cliques de link permanente
2061229272337907983,"Sun, May 31, 2026","BRASIL-SIL-SIL! 🇧🇷 No primeiro amistoso pré-Copa do Mundo, a Seleção goleou o Panamá no Maracanã! #SeleçãoBrasileira 📷Divulgação/CBF https://t.co/WsNn1AKL7W",https://x.com/Paulistao/status/2061229272337907983,938,37,61,1,1,0,0,5,1,3,0,3,0
2061206072363209192,"Sun, May 31, 2026",RODADA 7! ✅ Foi assim que terminou mais um fim de semana de Paulista Sub-23 Segunda Divisão! #FutebolPaulista https://t.co/oG08onEiWD,https://x.com/Paulistao/status/2061206072363209192,693,5,18,0,0,0,0,1,0,0,0,0,0
2061196609929589243,"Sun, May 31, 2026","AVANTI, PALESTRA! O líder do Brasileirão vence mais uma! #PaulistasEmCampo 📷Cesar greco/Palmeiras https://t.co/HhrLqrf80W",https://x.com/Paulistao/status/2061196609929589243,1705,240,282,1,0,0,1,9,1,8,0,0,0
2061195871274803409,"Sun, May 31, 2026",GOLEADA BUGRINA! 🖐️ O Guarani fez a festa da torcida neste domingo! #PaulistasEmCampo 📷Raphael Silvestre/Guarani https://t.co/S9fJ2xlzAT,https://x.com/Paulistao/status/2061195871274803409,1271,44,62,0,0,0,2,2,2,2,0,0,0
2061195274471551384,"Sun, May 31, 2026",PONTO LÁ! A Ferroviária fica no empate contra o Santa Cruz. #PaulistasEmCampo 📷Guilherme Moro/Ferroviária https://t.co/NHqNeAJ3EE,https://x.com/Paulistao/status/2061195274471551384,671,7,9,0,0,0,0,1,0,1,0,0,0
2061194299413238115,"Sun, May 31, 2026","VAI, LEÃO! A Inter de Limeira garante mais uma vitória na Série C! #PaulistasEmCampo 📷Rogério Rueda/Divulgação/Inter de Limeira https://t.co/r8tEQULVtT",https://x.com/Paulistao/status/2061194299413238115,790,10,26,0,0,0,0,3,2,8,0,0,0
2061116343185772881,"Sun, May 31, 2026",MASSA BRUTA VENCE! Red Bull Bragantino não dá chances para o Internacional e consegue os três pontos no Brasileirão! #PaulistasEmCampo 📷Ari Ferreira/Red Bull Bragantino https://t.co/AFxFixmnEM,https://x.com/Paulistao/status/2061116343185772881,568,14,20,0,0,0,0,3,0,2,0,0,0
2061115817442336905,"Sun, May 31, 2026",TIGRES EMPATAM! Ficou tudo igual entre São Bernardo e Novorizontino. #PaulistasEmCampo 📷Ozzair Jr/Novorizontino https://t.co/P16cIY26LN,https://x.com/Paulistao/status/2061115817442336905,438,11,15,0,0,0,0,2,1,0,0,0,0
2061085323103289751,"Sun, May 31, 2026","CONVOCAÇÃO DUPLA! 🇺🇾 Joaquín Piquerez e Emiliano Martínez, do Palmeiras, vão defender o Uruguai na Copa do Mundo! #FutebolPaulista https://t.co/tcnOTFxi6F",https://x.com/Paulistao/status/2061085323103289751,762,35,53,0,0,0,0,2,1,1,0,0,0
2061070197138792948,"Sun, May 31, 2026",A ÚLTIMA RODADA ANTES DA COPA DO MUNDO! Vem conferir os sete confrontos das minhas equipes que vão rolar hoje nas competições nacionais! #PaulistasEmCampo https://t.co/qbc9QP70SW,https://x.com/Paulistao/status/2061070197138792948,1222,30,64,0,0,0,2,4,2,3,0,0,0
2061009796682432839,"Sun, May 31, 2026",CINCO JOGOS! Veio ai o encerramento da rodada no domingão. #PaulistaSub23SegundaDivisão https://t.co/QOx5Kfu4mf,https://x.com/Paulistao/status/2061009796682432839,435,7,11,0,0,0,0,1,0,0,0,0,0
2060919444633759906,"Sun, May 31, 2026","PARTIU COPA DO MUNDO! Na despedida com a torcida, o Brasil entra em campo no Maracanã! #Brasil #CopaDoMundo https://t.co/LeCtMuFuI7",https://x.com/Paulistao/status/2060919444633759906,687,23,41,2,0,0,1,2,5,1,0,0,0
2060891008552906769,"Sun, May 31, 2026",Sábado de muitos jogos por aqui! Se liga só no que rolou ao longo do dia. #PaulistasEmCampo https://t.co/B7xgmoMmvH,https://x.com/Paulistao/status/2060891008552906769,783,19,31,0,0,0,1,2,2,0,0,0,0
2060890185722691837,"Sun, May 31, 2026","SANTOS, SEMPRE SANTOS! Vitória Alvinegra na Vila Belmiro! #PaulistasEmCampo 📷Raul Baretta/Santos https://t.co/uDGAUvFsPT",https://x.com/Paulistao/status/2060890185722691837,658,17,27,0,0,0,0,5,0,0,0,1,0
2060882658293338280,"Sun, May 31, 2026",O Ituano levou a virada em Caxias do Sul e acabou superado pela Série C. #PaulistasEmCampo 📷Flavio Torres/Ituano https://t.co/0vX8t3CmoI,https://x.com/Paulistao/status/2060882658293338280,637,7,11,0,0,0,0,1,1,1,0,0,0
2060878557950156974,"Sun, May 31, 2026",Não era esse o resultado que o Velo Clube esperava conseguir. #PaulistasEmCampo 📷Divulgação/Velo Clube https://t.co/I4Z8nUapiD,https://x.com/Paulistao/status/2060878557950156974,580,6,15,0,0,0,0,1,1,2,0,0,0
2060857512136487390,"Sat, May 30, 2026",DE VIRADA! O Corinthians buscou o resultado e saiu com os três pontos contra o Grêmio! #PaulistasEmCampo 📷Rodrigo Coca/Agência Corinthians https://t.co/MOaBS0MoAu,https://x.com/Paulistao/status/2060857512136487390,1661,222,257,0,0,0,1,11,6,2,0,0,0
2060847826691555546,"Sat, May 30, 2026",EMPATE PAULISTA! Ficou tudo igual no confronto entre XV de Piracicaba e Noroeste pela Série D. #PaulistasEmCampo 📷Mariana Kasten/XV de Piracicaba https://t.co/5DsXJJOPT5,https://x.com/Paulistao/status/2060847826691555546,625,9,15,1,0,0,0,1,1,1,0,0,0
2060847563066978718,"Sat, May 30, 2026",A 🔟 É DELE! Neymar vai vestir a camisa 10 do Brasil na Copa do Mundo! #FutebolPaulista 📷Vitor Silva/CBF https://t.co/PFbAfvxKry,https://x.com/Paulistao/status/2060847563066978718,1435,113,135,2,0,0,5,1,1,4,0,1,0
2060831294209052847,"Sat, May 30, 2026",GOLEADA DO NETUNO! Põe mais três pontos na conta do Água Santa! #PaulistasEmCampo 📷Alan Silva/Divulgação/Água Santa https://t.co/6rlHOC3eXQ,https://x.com/Paulistao/status/2060831294209052847,627,7,13,0,0,0,0,1,0,0,0,1,0
2060831023642935650,"Sat, May 30, 2026","VAI, LUSA! A Portuguesa vence mais uma pela Série D! #PaulistasEmCampo 📷André Lucas/Portuguesa https://t.co/Tk22pfaSsQ",https://x.com/Paulistao/status/2060831023642935650,566,17,37,0,0,0,0,0,1,8,0,0,0
2060830562990899246,"Sat, May 30, 2026",O Mirassol sofreu o revés contra o Athlético. #PaulistasEmCampo 📷Pedro Zacchi/Ag. Mirassol https://t.co/ykKN945FBg,https://x.com/Paulistao/status/2060830562990899246,520,1,5,0,0,0,0,0,0,0,0,1,0
2060829020082634894,"Sat, May 30, 2026",Sabadão agitado no Paulista Sub-23 Segunda Divisão! #FutebolPaulista https://t.co/NMWQJPLBWZ,https://x.com/Paulistao/status/2060829020082634894,474,5,6,0,0,0,0,0,1,0,0,0,0
2060738002578788381,"Sat, May 30, 2026","A PRIMEIRA COPA DO BRASIL DO VERDÃO!🏆 No MorumBIS lotado, aos 44 minutos do segundo tempo, Oséas fez o gol do título do Verdão na @copadobrasilcbf. #FutebolPaulista #PaulistasEmCampo #BaúDoPaulistão https://t.co/TdJeyFZaN4",https://x.com/Paulistao/status/2060738002578788381,460,9,16,0,0,0,0,1,0,0,0,1,0
2060729912034574391,"Sat, May 30, 2026",SÁBADÃO CHEIO! Só tem jogão para animar o sábado do torcedor do #FutebolPaulista 🤩 #PaulistasEmCampo https://t.co/mkvX3Ycb0y,https://x.com/Paulistao/status/2060729912034574391,486,9,16,0,0,1,1,0,1,0,0,0,0
2060722900576210996,"Sat, May 30, 2026","🏆Há 24 anos, o São Paulo vencia o Ituano no MorumBIS por 4 a 1 e conquistava o Supercampeonato Paulista 2002. #FutebolPaulista #BaúDoPaulistão https://t.co/8ahNcsBHqN",https://x.com/Paulistao/status/2060722900576210996,382,9,18,0,0,0,0,0,0,2,0,0,0
2060677602474332440,"Sat, May 30, 2026",TARDE CHEIA! Seis jogos agitam o sábado à tarde por aqui na Paulista Sub-23 Segunda Divisão. #PaulistaSub23SegundaDivisão https://t.co/CNIe4EcHti,https://x.com/Paulistao/status/2060677602474332440,309,7,9,0,0,0,0,0,0,0,0,0,0
2060473757354135607,"Fri, May 29, 2026",FANATICÃO EM ROLAND GARROS! 🎾 Nosso mascote virou o João Fonseca com essa disputa histórica de hoje 🤩 #Fanaticão #RolandGarros https://t.co/6xp3rG9Ihn,https://x.com/Paulistao/status/2060473757354135607,581,6,12,0,0,0,0,0,1,1,0,0,0
2060447726198755404,"Fri, May 29, 2026",https://t.co/BhuO56x1cU,https://x.com/Paulistao/status/2060447726198755404,1292,3,42,0,0,0,0,1,1,0,0,0,0
2060447722658808045,"Fri, May 29, 2026",IMAGINA O SEU EU PEQUENO OUVINDO ISSO… 👀 E se alguns convocados da Seleção Brasileira que já jogaram o Paulistão Casas Bahia se encontrassem com a mini versão deles? 🥹🇧🇷 #PaulistasEmCampo https://t.co/udN7H64SVm,https://x.com/Paulistao/status/2060447722658808045,1836,12,222,2,0,0,1,1,0,3,0,0,0
2060400777034703346,"Fri, May 29, 2026","CHAVEAMENTO DA SUDAMERICANA! São Paulo, Red Bull Bragantino e Santos estão em busca da grande conquista! #PaulistasEmCampo https://t.co/StGp0dZDGU",https://x.com/Paulistao/status/2060400777034703346,803,26,60,2,1,0,0,1,4,9,0,0,0
2060396855201026501,"Fri, May 29, 2026",A TRAJETÓRIA ATÉ A TAÇA! Olha só como ficou o chaveamento da @libertadoresbr. #PaulistasEmCampo https://t.co/8vN9KRF4HG,https://x.com/Paulistao/status/2060396855201026501,706,35,82,1,0,0,1,2,2,10,0,0,0
2060386219335233762,"Fri, May 29, 2026","EM BUSCA DA GLÓRIA ETERNA! O Timão, o Verdão e o Leão conheceram os confrontos das oitavas de final da @libertadoresbr. #PaulistasEmCampo https://t.co/KwJ6RlBAO5",https://x.com/Paulistao/status/2060386219335233762,977,37,59,0,0,0,1,7,1,4,0,0,0
2060384639005384874,"Fri, May 29, 2026",O CAMINHO DOS PAULISTAS! Vem conferir como ficaram os playoffs e o caminhos do #FutebolPaulista na @sudamericanabr. #PaulistasEmCampo https://t.co/VerFJ1LPop,https://x.com/Paulistao/status/2060384639005384874,840,16,70,0,0,0,0,2,1,30,0,0,0
2060360519685427592,"Fri, May 29, 2026",MAIS UMA! A sétima rodada do #PaulistãoSub23SegundaDivisão chegou com tudo por aqui 🔥 https://t.co/kjtMdeiMQg,https://x.com/Paulistao/status/2060360519685427592,365,5,9,0,0,0,0,0,0,1,0,1,0
2060199803120705791,"Fri, May 29, 2026",CONFRONTOS DEFINIDOS! Confira os duelos dos paulistas nos playoffs da @sudamericanabr! #FutebolPaulista #PaulistasEmCampo https://t.co/vlHEoldCJB,https://x.com/Paulistao/status/2060199803120705791,688,17,30,1,0,0,0,1,3,1,0,0,0
2060149402103067023,"Fri, May 29, 2026",GOLEADA E CLASSIFICAÇÃO!⚽⚽⚽⚽ O Palmeiras deu show na Libertadores! #PaulistasEmCampo #FutebolPaulista 📷Staff Images/Conmebol https://t.co/Tub6LPekDG,https://x.com/Paulistao/status/2060149402103067023,1335,185,217,2,0,0,0,14,2,4,0,0,0
2060148125549875653,"Thu, May 28, 2026",PALMEIRAS NAS OITAVAS!🐷💚 Verdão goleia e garante classificação na Libertadores! #FutebolPaulista #PaulistasEmCampo https://t.co/LXKu0V8dxm,https://x.com/Paulistao/status/2060148125549875653,1404,159,177,2,0,0,0,10,0,0,0,0,0
2060127296564904385,"Thu, May 28, 2026",FLAQUITO CONVOCADO! 🇦🇷🐷💚 #PaulistasEmCampo #Convocação #CopaDoMundo #FlacoLópez https://t.co/BsoQkDSkrW,https://x.com/Paulistao/status/2060127296564904385,12674,2221,2598,7,1,0,1,81,9,22,0,11,0
2060124586444718547,"Thu, May 28, 2026",O CRAQUE DO PAULISTÃO CASAS BAHIA ESTÁ NA COPA DO MUNDO! Flaco López foi convocado por Lionel Scaloni e vai representar a Argentina no Mundial! #PaulistãoCasasBahia #PelasLentes https://t.co/5VOQTo1rlW,https://x.com/Paulistao/status/2060124586444718547,1096,49,61,1,1,0,0,8,1,2,0,0,0
2060079711179468965,"Thu, May 28, 2026","EMOCIONANTE!😍🥰 Imagina você achar que é só mais uma gravação e dar de cara com o seu ídolo? Foi isso que aconteceu com o Eduardo Conceição, atleta do Palmeiras, que conheceu o seu ídolo, Neymar Jr.! 🎥 @pumabrasil https://t.co/fLcI9bJk3k",https://x.com/Paulistao/status/2060079711179468965,2288,40,47,0,0,0,0,2,1,3,0,0,0
2060045893663965401,"Thu, May 28, 2026","A TAÇA LIBERTADORES, OBSESSÃO! O Verdão vai em busca da classificação em casa na @libertadoresbr. #PaulistasEmCampo https://t.co/ToujxBdP34",https://x.com/Paulistao/status/2060045893663965401,464,11,13,0,0,0,0,0,0,0,0,0,0
2059827492819534182,"Thu, May 28, 2026",Esses foram os resultados dos confrontos das equipes paulistas dessa quarta-feira! #PaulistasEmCampo https://t.co/pnWn8JGvrx,https://x.com/Paulistao/status/2059827492819534182,578,3,6,1,0,0,0,0,0,3,0,0,0
2059826491995689131,"Thu, May 28, 2026",O Corinthians sofre a derrota na Neo Química Arena na @libertadoresbr. #PaulistasEmCampo 📷Divulgação/caplatense https://t.co/GMQ2Vp2xvP,https://x.com/Paulistao/status/2059826491995689131,545,6,14,1,0,0,0,0,1,2,0,0,0
2059825029282402313,"Thu, May 28, 2026",VITÓRIA + CLASSIFICAÇÃO! O Massa Bruta venceu em casa e continua na disputa pela taça da @sudamericanabr! #PaulistasEmCampo 📷Ari Ferreira/Red Bull Bragantino https://t.co/3OWuo7t0N1,https://x.com/Paulistao/status/2059825029282402313,564,8,15,0,0,0,0,1,1,0,0,1,0
2059824880292368706,"Thu, May 28, 2026",MASSA BRUTA CLASSIFICADO! O Red Bull Bragantino está garantido na próxima fase da @sudamericanabr! #PaulistasEmCampo https://t.co/rXLl7bHURi,https://x.com/Paulistao/status/2059824880292368706,566,11,12,0,0,0,1,0,0,0,0,0,0
2059786950664450110,"Thu, May 28, 2026",O empate não foi suficiente e o Novorizontino se despede da Copa Sul-Sudeste. #PaulistasEmCampo 📷Juan Rodrigues/Novorizontino https://t.co/HRBKX6TLIy,https://x.com/Paulistao/status/2059786950664450110,602,8,13,0,0,0,0,0,1,1,0,0,0
2059739143626727530,"Wed, May 27, 2026","DENTRE OS GRANDES, ÉS O PRIMEIRO! 🎵🇾🇪 O @saopaulofc atingiu a marca de 11 mil gols na história do Tricolor Paulista! #FutebolPaulista https://t.co/AVMv2Azwg2",https://x.com/Paulistao/status/2059739143626727530,780,17,34,0,0,0,1,3,2,6,0,0,0
2059720807291490802,"Wed, May 27, 2026","DE VOLTA AO MUNDIAL! Em 2014, Memphis marcou esse gol na Copa do Mundo na Neo Química Arena. O homem tá on demais 🔙⚽ #CopaDoMundo #Memphis 🎥 @FIFAWorldCup https://t.co/eivmav2yT4",https://x.com/Paulistao/status/2059720807291490802,3828,187,221,3,2,0,1,17,3,10,0,1,0
2059704296300581127,"Wed, May 27, 2026",CAMISA 10 DO TIMÃO CONVOCADO! 🇳🇱 Memphis Depay vai representar a Holanda na Copa do Mundo! #PaulistasEmCampo #Corinthians #CopaDoMundo https://t.co/TsID4IBeGg,https://x.com/Paulistao/status/2059704296300581127,7182,1002,1120,5,0,2,0,41,3,9,0,1,0
2059672142958977154,"Wed, May 27, 2026",ELE TÁ VOANDO! São 20 participações em gols na temporada para o Gabigol no Peixão. #PaulistasEmCampo #Santos https://t.co/qnJgAREcRe,https://x.com/Paulistao/status/2059672142958977154,536,12,21,0,0,0,0,2,2,1,0,0,0
2059620645990805890,"Wed, May 27, 2026","UM EM CADA COMPETIÇÃO! Novorizontino quer a vaga na Copa Sul-Sudeste, Red Bull Bragantino quer avançar na @sudamericanabr e o Timão quer mais uma vitória na @libertadoresbr! #PaulistasEmCampo https://t.co/X7KshvEjmf",https://x.com/Paulistao/status/2059620645990805890,451,9,17,0,0,0,0,2,2,0,0,0,0
2059466459797954792,"Wed, May 27, 2026",POR TODOS OS ÂNGULOS! A frieza de Gabriel Bontempo na frente do goleiro do Deportivo Cuenca para sacramentar a vitória do Santos! #PaulistasEmCampo 🎥 @SudamericanaBR https://t.co/y0uimprEqG,https://x.com/Paulistao/status/2059466459797954792,1077,45,53,0,1,0,0,2,3,0,0,1,0
2059464756386308466,"Wed, May 27, 2026",A terça-feira foi de vitórias para São Paulo e Santos pela @SudamericanaBR! #PaulistasEmCampo https://t.co/nd0BpldHZJ,https://x.com/Paulistao/status/2059464756386308466,809,23,49,1,0,0,0,3,2,13,0,1,0
2059462994086461701,"Wed, May 27, 2026",VITÓRIA E CLASSIFICAÇÃO! O Santos segue na luta pelo título da Sudamericana! #PaulistasEmCampo 📷Raul Baretta/Santos https://t.co/h5lOuYRHkn,https://x.com/Paulistao/status/2059462994086461701,942,106,151,1,3,0,1,5,2,21,0,0,0
2059461877839663274,"Wed, May 27, 2026",PEIXÃO AVANÇA! O Santos está classificado para os playoffs da @SudamericanaBR! #PaulistasEmCampo https://t.co/xsuoc36Hsy,https://x.com/Paulistao/status/2059461877839663274,1151,159,184,2,0,0,1,9,4,3,0,0,0
2059456045030805787,"Wed, May 27, 2026",GOLAAAAAAÇOOOOOO! O GE-LA-DO Gabriel Bontempo anota uma pintura por cobertura contra o Deportivo Cuenca! #PaulistasEmCampo 📷Paramount+ https://t.co/nxINpcPalQ,https://x.com/Paulistao/status/2059456045030805787,1343,34,40,1,0,0,0,1,0,3,0,2,0
2059448943629467728,"Wed, May 27, 2026",MENINOS DA VILA! 🖤 Audiência pra lá que qualificada no jogo do Santos pela @sudamericanabr. #PaulistasEmCampo 📷Divulgação/Santos https://t.co/jIepaeNU2P,https://x.com/Paulistao/status/2059448943629467728,922,42,87,0,0,0,0,2,1,3,0,0,0
2059427534593257532,"Wed, May 27, 2026",VITÓRIA TRICOLOR! São Paulo garante os três pontos e avança para as oitavas de final da @SudamericanaBR como líder do Grupo C! #PaulistasEmCampo 📷Staff Images/Conmebol https://t.co/XVDCi3GHoK,https://x.com/Paulistao/status/2059427534593257532,759,49,60,1,0,0,0,2,0,2,0,0,0
2059426217795686911,"Wed, May 27, 2026",Fim de papo na Argentina. Mirassol foi superado pelo Lanús na última rodada da fase de grupos da Libertadores. #PaulistasEmCampo 📷Pedro Zacchi/Agência Mirassol https://t.co/T9ATvg3xZA,https://x.com/Paulistao/status/2059426217795686911,789,10,30,2,0,0,0,1,0,15,0,0,0
2059288364201759012,"Tue, May 26, 2026","DOSE TRIPLA! Hoje tem Mirassol, São Paulo e Santos na última rodada das competições continentais antes do mata-mata! #PaulistasEmCampo https://t.co/fs2iWzZWmu",https://x.com/Paulistao/status/2059288364201759012,681,15,26,0,0,0,0,3,2,0,0,0,0
2059280080937824309,"Tue, May 26, 2026",CONFRONTOS DEFINIDOS! Quatro equipes paulistas disputam as oitavas de final da Copa do Brasil! #PaulistasEmCampo #FutebolPaulista https://t.co/2bGAyl045u,https://x.com/Paulistao/status/2059280080937824309,1258,37,216,0,1,2,2,4,1,118,0,10,0
2059081110588448921,"Tue, May 26, 2026",A segunda-feira dos #PaulistasEmCampo terminou assim! https://t.co/rEhuChrw2r,https://x.com/Paulistao/status/2059081110588448921,807,7,14,0,0,0,0,0,1,3,0,1,0
2059079699091824865,"Tue, May 26, 2026",VITÓRIA DO GALO DE ITU! O Ituano venceu e agora ocupa a 3ª posição na Série C! 👏 #PaulistasEmCampo 📷 Divulgação/Athletic https://t.co/82nxVgXxH5,https://x.com/Paulistao/status/2059079699091824865,633,8,12,0,0,0,0,1,0,0,0,0,0
2059064822021394919,"Tue, May 26, 2026",O Botafogo foi superado pelo Athletic no @BrasileiraoB! 🥲 #PaulistasEmCampo 📷 Divulgação/Athletic https://t.co/ywBZpxu1AP,https://x.com/Paulistao/status/2059064822021394919,717,7,10,0,0,0,0,0,1,0,0,0,0
2058971406784729245,"Mon, May 25, 2026","GREENGO CONVOCADO! 🐷🇨🇴🌟 Arias, do Palmeiras, vai defender a Colômbia na Copa do Mundo! #PaulistasEmCampo #Convocação #CopaDoMundo https://t.co/I6L9OoFvU5",https://x.com/Paulistao/status/2058971406784729245,2949,459,513,2,0,0,0,14,5,6,0,0,0
2058926067134431707,"Mon, May 25, 2026",FELIZ DIA DO ORGULHO NERD! QUE A FORÇA ESTEJA COM VOCÊS!💫 #DiadoOrgulhoNerd https://t.co/q3En8cbkH9,https://x.com/Paulistao/status/2058926067134431707,452,8,12,0,0,0,0,1,0,2,0,0,0
2058895873115910608,"Mon, May 25, 2026",PANTERA E GALO DE ITU JOGANDO EM CASA! Botafogo e Ituano vão em busca dos três pontos no @brasileiraob e na @cbfseriec! #PaulistasEmCampo https://t.co/fscMfCoeoI,https://x.com/Paulistao/status/2058895873115910608,499,5,10,0,0,0,0,0,2,1,0,0,0
2058724188261626193,"Mon, May 25, 2026",Mais um domingo finalizado para os #PaulistasEmCampo. #FutebolPaulista https://t.co/lApVew8g9X,https://x.com/Paulistao/status/2058724188261626193,1545,20,50,1,0,0,0,2,5,5,0,0,0
2058723418350969067,"Mon, May 25, 2026",TRÊS GOLS = TRÊS PONTOS! O Red Bull Bragantino fez a festa no Rio de Janeiro! #PaulistasEmCampo 📷Ari Ferreira/Red Bull Bragantino https://t.co/tPmaxEBufg,https://x.com/Paulistao/status/2058723418350969067,607,14,27,0,0,0,0,2,0,5,0,0,0
2058698663174484212,"Sun, May 24, 2026",O MARROQUINO RESOLVE! 🇲🇦 Zakaria Labyad faz golaço e Corinthians vence Atlético-MG na Neo Química Arena! #PaulistasEmCampo 📷Rodrigo Coca/Ag. Corinthians https://t.co/gJOnhUNuQd,https://x.com/Paulistao/status/2058698663174484212,843,33,59,2,0,0,0,5,1,8,0,0,0
2058695737576202548,"Sun, May 24, 2026","QUE GOLAÇO, MEU AMIGO!🔥 O Corinthians vence em grande estilo! #PaulistasEmCampo 📷Premiere https://t.co/DYZ6QnShG5",https://x.com/Paulistao/status/2058695737576202548,1776,163,180,0,1,0,0,13,1,2,0,0,0
2058672258864873582,"Sun, May 24, 2026","FOGO NA FORNALHA, LOCOMOTIVA! Segunda vitória seguida da Ferroviária na Série C! #PaulistasEmCampo 📷Guilherme Moro/Ferroviária https://t.co/Gdyw1o00xz",https://x.com/Paulistao/status/2058672258864873582,937,16,27,1,1,0,0,4,1,0,0,0,0
2058671774657561041,"Sun, May 24, 2026",ZERADOS! A rede não balançou para Inter de Limeira e Itabaiana. #PaulistasEmCampo 📷Jose Augusto/Divulgação/Itabaiana https://t.co/y7GZF9RhIO,https://x.com/Paulistao/status/2058671774657561041,797,8,17,3,0,0,0,1,3,0,0,0,0
2058671232816386072,"Sun, May 24, 2026",O domingo foi de revés para a Ponte Preta. #PaulistasEmCampo 📷Francisco Cedrim/CRB https://t.co/kNgHgzDEqa,https://x.com/Paulistao/status/2058671232816386072,1570,14,33,0,0,0,2,5,0,2,0,0,0
2058659333043368202,"Sun, May 24, 2026",SEGUE O TIGRE! O líder da Série B vence mais uma! #PaulsitasEmCampo 📷Raphael Teixeira/Atlético Goianiense https://t.co/XGe4mbgLyj,https://x.com/Paulistao/status/2058659333043368202,541,14,21,1,0,0,0,1,1,0,0,1,0
2058657548631228931,"Sun, May 24, 2026","JOGA A LUVA, GOLEIRÃO! É gol de camisa 10! É golaço do Élvis pra Ponte Preta! #PaulistasEmCampo 🎥SportyNet https://t.co/RIUVhsTMyo",https://x.com/Paulistao/status/2058657548631228931,1286,11,20,2,0,0,1,3,1,3,0,0,0
2058642905896558617,"Sun, May 24, 2026",MAIS UMA! Fim de papo na sexta rodada do Paulista Sub-23 Segunda Divisão. #FutebolPaulista https://t.co/H6qXklUgpQ,https://x.com/Paulistao/status/2058642905896558617,677,9,28,0,0,1,0,0,4,0,0,0,0
2058613513623363754,"Sun, May 24, 2026","REAL MADRID? UNIÃO MOGI! Em um golaço nível La Liga, o Beckham bateu da entrada da área e marcou um dos gols da vitória de 3 a 2 do União pra cima do Barcelona. #FutebolPaulista https://t.co/GVlx6mLjzH",https://x.com/Paulistao/status/2058613513623363754,996,4,7,1,0,0,0,1,0,2,0,0,0
2058574551831707928,"Sun, May 24, 2026","DE LOOOOONGE! Hiago, do Independente de Limera, cobrou a falta com rara felicidade e anotou o segundo gol da vitória de 2 a 0 do galo pra cima da Matonense. #FutebolPaulista https://t.co/DmQgxJeeNI",https://x.com/Paulistao/status/2058574551831707928,903,5,9,0,0,0,0,2,1,0,0,1,0
2058564208170537143,"Sun, May 24, 2026","É RARO, MAS ACONTECE! 😅 ""Acidente"" raiz é assim mesmo. #FutebolPaulista https://t.co/9BhX83LAPT",https://x.com/Paulistao/status/2058564208170537143,9238,48,87,2,9,1,1,3,3,17,0,1,0
2058533482372993384,"Sun, May 24, 2026","DOMINGOU! São seis confrontos das minhas equipes nas séries A, B e C do @brasileirao! #PaulistasEmCampo https://t.co/DmQq8Pz5IY",https://x.com/Paulistao/status/2058533482372993384,980,22,42,1,0,0,0,7,0,1,0,0,0
2058518379573415958,"Sun, May 24, 2026",PARA ENCERRAR A 6ª RODADA! Esses são os confrontos que fecham o domingo no Paulista Sub-23 Segunda Divisão! #PaulistaSub23SegundaDivisão https://t.co/JoAfS6q7jr,https://x.com/Paulistao/status/2058518379573415958,517,5,13,0,0,0,0,1,1,0,0,0,0
2058379598040093029,"Sun, May 24, 2026",HERMANO FAZENDO HISTÓRIA! Flaco López balançou a rede mais um e se isolou como terceiro maior artilheiro do Verdão no século! #PaulistasEmCampo https://t.co/fuV4vpxKC9,https://x.com/Paulistao/status/2058379598040093029,1284,111,142,4,2,0,0,11,2,0,0,0,0
2058369341607874976,"Sun, May 24, 2026",Um sabadão repleto de emoção com os #PaulistasEmCampo! #FutebolPaulista https://t.co/gDpJfaNlHH,https://x.com/Paulistao/status/2058369341607874976,1124,21,51,0,0,0,0,5,2,1,0,2,0
2058368267048059038,"Sun, May 24, 2026",MAIS LÍD3R DO QU3 NUNCA! Palmeiras vence Flamengo no Maracanã e abre sete pontos de vantagem pra equipe carioca! #PaulistasEmCampo 📷Cesar Greco/Palmeiras https://t.co/4nZpJMcOc8,https://x.com/Paulistao/status/2058368267048059038,1277,157,216,0,0,1,0,9,4,11,0,1,0
2058350396997779614,"Sun, May 24, 2026","SEM PULO! Pega só esse golaço que o Denilson, do Mirassol, anotou pra cima do Fluminense! #PaulistasEmCampo 🎥Premiere https://t.co/HpPkglb4NV",https://x.com/Paulistao/status/2058350396997779614,1396,9,15,0,0,0,0,2,0,3,0,0,0
2058340299684888798,"Sun, May 24, 2026",FATOR CASA! Mirassol conta com a força da torcida e vence mais uma no Brasileirão! #PaulistasEmCampo 📷JP Pinheiro/Ag. Mirassol https://t.co/oZescIPTkB,https://x.com/Paulistao/status/2058340299684888798,756,8,16,1,0,0,0,1,1,2,0,0,0
2058339925267812857,"Sun, May 24, 2026",EMPATE PAULISTA! Terminou tudo igual no confronto entre Velo Clube e XV de Piracicaba. #PaulistasEmCampo 📷Mariana Kasten/XV de Piracicaba https://t.co/ojHinbQDUN,https://x.com/Paulistao/status/2058339925267812857,638,4,7,0,0,0,0,0,0,1,0,0,0
2058339690978124002,"Sun, May 24, 2026",O Santos levou a virada e acabou superado pelo Grêmio em jogo do Brasileirão. #PaulistasEmCampo 📷Lucas Uebel/Grêmio https://t.co/7RbvvHznxd,https://x.com/Paulistao/status/2058339690978124002,541,7,10,0,0,0,0,0,1,0,0,0,0
2058312801093812673,"Sat, May 23, 2026",Não foi o resultado que o Noroeste esperava pra este sabadão. #PaulistasEmCampo 📷Vinicius Gentil/Noroeste https://t.co/PQMe4RFybn,https://x.com/Paulistao/status/2058312801093812673,651,3,5,0,0,0,0,0,0,0,0,0,0
2058312468871393790,"Sat, May 23, 2026",BUGRE FLECHOU! 🏹 O Guarani volta de Santa Catarina com os três pontos! #PaulistasEmCampo 📷Tiago Winter/Barra FC https://t.co/46v8gYXU7V,https://x.com/Paulistao/status/2058312468871393790,727,38,49,0,0,0,0,1,0,1,0,0,0
2058311774055604695,"Sat, May 23, 2026",São Paulo leva gol no fim e fica no empate contra o Botafogo. #PaulistasEmCampo 📷Vitor Silva/Botafogo https://t.co/DXysjMVuHg,https://x.com/Paulistao/status/2058311774055604695,514,4,9,0,0,0,0,1,0,0,0,0,0
2058297648067608904,"Sat, May 23, 2026",NETUNO! 🔱 O Água Santa garante mais uma vitória na Série D! #PaulistasEmCampo 📷Divulgação/Água Santa https://t.co/WQvN3Tr9hS,https://x.com/Paulistao/status/2058297648067608904,582,12,21,2,0,0,0,1,0,0,0,0,0
2058296668403929517,"Sat, May 23, 2026",OLHA O TIGRE AÍ! Novorizontino aproveita a vantagem numérica e garante os três pontos contra o Ceará! #PaulistasEmCampo 📷Juan Rodrigues/Novorizontino https://t.co/9b9UuIayZO,https://x.com/Paulistao/status/2058296668403929517,502,9,11,1,0,0,0,0,0,1,0,0,0
2058296624850284750,"Sat, May 23, 2026",GOLEADA LUSITANA! A Portuguesa não deu a menor chance pro América-RJ! #PaulistasEmCampo 📷Victor Bessa/Portuguesa https://t.co/di4SpzIS86,https://x.com/Paulistao/status/2058296624850284750,652,24,36,1,1,0,0,2,2,0,0,0,0
2058288656012468722,"Sat, May 23, 2026",Não teve placar zerado no sábado de Paulista SUb-23 Seguda Divisão! #FutebolPaulista https://t.co/JlJXGDlwVy,https://x.com/Paulistao/status/2058288656012468722,514,6,13,1,0,0,0,0,1,0,0,0,0
2058201293282255155,"Sat, May 23, 2026",UM SENHOR JOGAÇO! 🔥 É dia de Flamengo e Palmeiras pelo Brasileirão! #PaulistasEmCampo https://t.co/Kt1Sy45QDT,https://x.com/Paulistao/status/2058201293282255155,417,6,10,0,0,0,0,2,0,0,0,0,0
2058171094947742028,"Sat, May 23, 2026",FOI AQUI QUE PEDIRAM PAULISTAS EM CAMPO? Porque esse sábado tá lotado de jogos das minhas equipes nas competições nacionais! #PaulistasEmCampo https://t.co/DBwNwCQOIj,https://x.com/Paulistao/status/2058171094947742028,808,8,31,0,0,0,0,2,0,1,0,0,0
2058155995118104588,"Sat, May 23, 2026",SÁBADO CHEIO! Cinco jogos às 15h dão continuidade aos confrontos da sexta rodada do #PaulistaSub23SegundaDivisão! https://t.co/m0fbdpcjSC,https://x.com/Paulistao/status/2058155995118104588,469,5,8,0,0,0,0,0,1,0,0,0,0
2058140898198802897,"Sat, May 23, 2026","PARABÉNS, RICARDINHO!🎉🥳 Bicampeão do Paulistão e campeão do mundo em 2002, Ricardinho comemora 50 anos neste sábado (23). #FutebolPaulista #Aniversário https://t.co/IvVMvBpIY3",https://x.com/Paulistao/status/2058140898198802897,593,11,14,0,0,0,0,1,0,1,0,0,0
2058000861608001566,"Sat, May 23, 2026","Na abertura da sexta rodada do Paulista Sub-23 Segunda Divisão, Assisense e América ficaram no empate. #FutebolPaulista https://t.co/rZw7akzWyD",https://x.com/Paulistao/status/2058000861608001566,759,3,6,0,0,0,0,1,0,0,0,0,0
2057970072245735640,"Fri, May 22, 2026",O DINIZISMO TÁ COMO?! 🔝 O técnico do Timão não sabe o que é perder na Libertadores desde 2023! #FutebolPaulista https://t.co/3Qivkqp2Is,https://x.com/Paulistao/status/2057970072245735640,625,13,16,1,0,0,0,0,0,0,0,0,0
2057793607457702328,"Fri, May 22, 2026",SEXTA RODADA NA ÁREA! Vem conferir as datas e horários dos confrontos do Paulista Sub-23 Segunda Divisão que encerram essa semana! #PaulistaSub23SegundaDivisão https://t.co/oyr6I61uWU,https://x.com/Paulistao/status/2057793607457702328,710,11,30,0,0,0,0,2,1,2,0,0,0
2057651297428361364,"Fri, May 22, 2026",SEGUE INVICTO! ⚫⚪ O Corinthians empatou com o Peñarol fora de casa e continua sem derrotas na @libertadoresbr! #PaulistasEmCampo 📷 Conmebol https://t.co/P2e8HubRxo,https://x.com/Paulistao/status/2057651297428361364,1277,106,131,1,0,2,4,7,1,3,0,1,0
2057479138567495918,"Thu, May 21, 2026",HOJE É DIA DE CORINGÃO NA LIBERTADORES! #FutebolPaulista #PaulistasEmCampo https://t.co/puWzEO7fM2,https://x.com/Paulistao/status/2057479138567495918,708,12,22,0,0,0,0,2,0,2,0,0,0
2057295607425900772,"Thu, May 21, 2026",A noite não foi boa para os paulistas! #PaulistasEmCampo #FutebolPaulista https://t.co/MvfOHuayZh,https://x.com/Paulistao/status/2057295607425900772,1109,21,36,1,0,0,0,1,1,0,0,1,0
2057294661559951532,"Thu, May 21, 2026",Palmeiras é derrotado em casa e vai com tudo pela classificação na última rodada! #PaulistasEmCampo #FutebolPaulista 📷Cesar Greco/Palmeiras https://t.co/OKm7pYlT5z,https://x.com/Paulistao/status/2057294661559951532,579,7,16,0,0,0,0,1,0,4,0,0,0
2057293342069735599,"Thu, May 21, 2026","Massa Bruta sofre empate nos acréscimos, volta da Argentina com um ponto na bagagem e decide vaga em casa na última rodada! #PaulistasEmCampo #FutebolPaulista 📷Ari Ferreira/Red Bull Bragantino https://t.co/ShLEq3OJBc",https://x.com/Paulistao/status/2057293342069735599,553,6,16,1,0,0,1,2,0,5,0,0,0
2057254376939372761,"Thu, May 21, 2026",TRICOLOR CLASSIFICADO! São Paulo garante classificação e na última rodada disputa vaga direta nas oitavas ou no playoff da @sudamericanabr! #PaulistasEmCampo #FutebolPaulista https://t.co/FFQyRyHp6O,https://x.com/Paulistao/status/2057254376939372761,745,20,30,1,0,0,0,4,2,1,0,0,0
2057253019691987090,"Thu, May 21, 2026","Santos sofre empate, mas ainda segue vivo em busca da classificação na @sudamericanabr! #PaulistasEmCampo #FutebolPaulista 📷Raul Baretta/Santos https://t.co/QBFld8ny3X",https://x.com/Paulistao/status/2057253019691987090,529,7,10,1,0,0,0,1,0,0,0,0,0
2057251419124539663,"Thu, May 21, 2026",Novorizontino é superado em casa no jogo de ida da semifinal da Copa Sul-Sudeste! #PaulistasEmCampo #FutebolPaulista 📷Juan Rodrigues/Novorizontino https://t.co/7ltJoPhrel,https://x.com/Paulistao/status/2057251419124539663,817,16,27,0,0,0,0,1,0,7,0,0,0
2057189622136902119,"Wed, May 20, 2026",OS CONVOCADOS NO PAULISTÃO! 🔥 Esses são os jogadores que vão representar o Brasil na Copa do Mundo que já jogaram o Maior Estadual do País! #Paulistão #SeleçãoBrasileira #Convocação https://t.co/uC6psk65pn,https://x.com/Paulistao/status/2057189622136902119,839,15,55,1,1,0,0,2,0,1,0,0,0
2057159419549323372,"Wed, May 20, 2026",PAULISTAS NA SELEÇÃO BRASILEIRA! 🇧🇷 O São Paulo foi a equipe paulista que mais cedeu jogadores à Seleção em Copas do Mundo! #PaulistasEmCampo #SeleçãoBrasileira 🗞️GE https://t.co/Egjgi3BflR,https://x.com/Paulistao/status/2057159419549323372,1405,17,148,1,1,0,1,5,0,9,0,1,0
2057138967955263516,"Wed, May 20, 2026",FIM DA 5ª RODADA! Vem ver como está a classificação dos grupos do Paulista Sub-23 Segunda Divisão! #PaulistaSub23SegundaDivisão https://t.co/qspsVZqR0r,https://x.com/Paulistao/status/2057138967955263516,780,11,82,0,0,1,0,0,2,11,0,0,0
2057083921502814517,"Wed, May 20, 2026",NOITE CHEIA! 🌃🌟 São quatro confrontos das minhas equipes em três competições diferentes! #PaulistasEmCampo https://t.co/VqyzssxtLl,https://x.com/Paulistao/status/2057083921502814517,916,17,30,0,0,1,0,1,0,0,0,0,0
2056925381622473134,"Wed, May 20, 2026",OS RESULTADOS DE HOJE! Vitória e classificação do Mirassol na @libertadoresbr e empate do São Paulo na @sudamericanabr! #PaulistasEmCampo https://t.co/1hTNPL7XL2,https://x.com/Paulistao/status/2056925381622473134,788,19,29,1,0,0,0,3,3,2,0,0,0
2056924390311305572,"Wed, May 20, 2026",TUDO IGUAL NO MORUMBIS! O São Paulo sofreu o empate no final do jogo na Sul-Americana. #PaulistasEmCampo 📷Divulgação/@sudamericanabr https://t.co/rdaJeAwq7o,https://x.com/Paulistao/status/2056924390311305572,712,11,18,0,0,0,0,1,0,0,0,0,0
2056918019775861111,"Wed, May 20, 2026",O MIRASSOL É GIGANTE! 🌟 Mais uma vitória e mais uma classificação inédita na Libertadores! #PaulistasEmCampo 📷Divulgação/@libertadoresbr https://t.co/7z08dot579,https://x.com/Paulistao/status/2056918019775861111,840,38,63,0,0,0,1,5,2,4,0,0,0
2056917853480063197,"Wed, May 20, 2026",O LEÃO SEGUE FAZENDO HISTÓRIA! 🦁 O Mirassol está nas oitavas da @libertadoresbr! #PaulistasEmCampo #Mirassol https://t.co/HyZdxn72xG,https://x.com/Paulistao/status/2056917853480063197,748,30,54,0,0,0,0,3,1,11,0,0,0
2056872535040426143,"Tue, May 19, 2026",TUDO PRONTO PARA A COPA PAULISTA RIVALO! Confira a primeira rodada e acesse a tabela completa em https://t.co/We0dFyT1Rl! #CopaPaulistaRivalo https://t.co/EwhLTNtyku,https://x.com/Paulistao/status/2056872535040426143,1175,24,76,0,0,1,1,6,2,2,9,2,0
2056852892594639051,"Tue, May 19, 2026",O FUTEBOL PAULISTA DOMINOU AS CONQUISTAS! https://t.co/620qKa2bS1,https://x.com/Paulistao/status/2056852892594639051,484,3,21,0,0,0,0,0,0,0,0,0,0
2056852888723349984,"Tue, May 19, 2026","O ARSENAL VOLTOU A VENCER A PREMIER LEAGUE, MAS VOCÊ LEMBRA DO QUE ROLOU EM 2004? #Arsenal #PremierLeague https://t.co/0EQhcsQQNi",https://x.com/Paulistao/status/2056852888723349984,889,14,106,1,0,0,1,1,0,3,0,1,0
2056839836909052023,"Tue, May 19, 2026","O REPRESENTANTE DO FUTEBOL PAULISTA NA SELEÇÃO BRASILEIRA! O príncipe da Vila voltou para o Peixão, jogou o Paulistão e garantiu sua vaga na Copa do Mundo! #Neymar #Paulistão https://t.co/r1sbCAKbhD",https://x.com/Paulistao/status/2056839836909052023,1773,137,156,5,0,0,1,9,2,6,0,0,0
2056827657287799180,"Tue, May 19, 2026","O 27º TÍTULO DO TIMÃO! Há 13 anos, o Corinthians era campeão paulista em cima do Santos na Vila Belmiro! #BaúDoPaulistão https://t.co/7jQPCZX7Z1",https://x.com/Paulistao/status/2056827657287799180,1716,26,43,0,0,0,0,2,0,3,0,0,0
2056752427504693341,"Tue, May 19, 2026",ELES SUBIRAM DE NOVO! 🔥⬆️ Esses são os jogadores do Penapolense e da Inter de Bebedouro que conseguiram acessos consecutivos no #PaulistãoA4Rivalo. https://t.co/v7dizrptyL,https://x.com/Paulistao/status/2056752427504693341,547,5,11,0,0,0,0,0,0,0,0,0,0
2056721536464392629,"Tue, May 19, 2026",LEÃO E TRICOLOR PELA VITÓRIA! Mirassol e São Paulo entram em campo nessa terça-feira na @libertadoresbr e @sudamericanabr! #PaulistasEmCampo https://t.co/2eexz1XmVF,https://x.com/Paulistao/status/2056721536464392629,504,17,24,0,0,1,0,1,0,0,0,0,0
2056549229481361587,"Tue, May 19, 2026",Vitória da Inter de Limeira fora de casa e tropeço da Ponte Preta em Campinas. Essa foi a segunda-feira dos #PaulistasEmCampo. #FutebolPaulista https://t.co/GEn1eJpS3l,https://x.com/Paulistao/status/2056549229481361587,1285,12,21,0,0,0,1,1,0,1,0,1,0
2056545854991798468,"Tue, May 19, 2026","VAI, LEÃO! A Inter de Limeira volta da Paraíba com os três pontos na Série C! #PaulistasEmCampo 📷João Neto/Botafogo-PB https://t.co/Nys1SD1I2O",https://x.com/Paulistao/status/2056545854991798468,855,19,22,0,0,0,0,1,1,0,0,0,0
2056530169750323409,"Tue, May 19, 2026",A segunda-feira foi de revés para a Ponte Preta. #PaulistasEmCampo 📷Marcos Ribolli/Ponte Preta https://t.co/KIrp3Lutef,https://x.com/Paulistao/status/2056530169750323409,660,12,17,0,0,0,2,2,0,0,0,1,0
2056486561126973627,"Mon, May 18, 2026","ALÔ, PANINI, FALTOU UMA FIGURINHA NO ÁLBUM! 👀 O único convocado do Futebol Paulista é do Peixão! 🇧🇷 #FutebolPaulista #Neymar #Santos #CopaDoMundo https://t.co/EAooBpcOip",https://x.com/Paulistao/status/2056486561126973627,10238,1024,1370,13,0,2,10,62,12,74,0,4,0
2056483222721003886,"Mon, May 18, 2026",NEYMAR NA COPA DO MUNDO! 🇧🇷🌟 O camisa 10 do @santosfc está confirmado para a sua 4ª Copa do Mundo da FIFA! #PaulistasEmCampo #Neymar #CopaDoMundo https://t.co/umAJAf7PTZ,https://x.com/Paulistao/status/2056483222721003886,2380,252,465,5,2,1,5,17,6,6,0,1,0
2056404451490181474,"Mon, May 18, 2026","VERDÃO SEGUE LÍDER! 👀🔝 Como está seu time na tabela do @brasileirao, torcedor? Deixa aqui nos comentários! #PaulistasEmCampo https://t.co/nExkj4SsTv",https://x.com/Paulistao/status/2056404451490181474,895,40,62,0,0,0,1,3,2,2,0,0,0
2056359153564790835,"Mon, May 18, 2026","MACACA E LEÃO EM CAMPO! 🔥 A Ponte Preta quer a vitória jogando em casa no @brasileiraob, enquanto a Inter de Limeira viaja para buscar os três pontos na #SérieC! #PaulistasEmCampo https://t.co/2iNKJb6Ewm",https://x.com/Paulistao/status/2056359153564790835,838,9,15,0,0,0,0,2,0,0,0,0,0
2056344057438503148,"Mon, May 18, 2026","Nesse 18 de maio, celebramos o Dia Nacional de Combate ao Abuso e à Exploração Sexual de Crianças e Adolescentes. Que nossas crianças e adolescentes tenham sempre o direito ao seu desenvolvimento de forma segura, protegida e livre do abuso e da exploração sexual. Acesse https://t.co/G5bhdpdRNn",https://x.com/Paulistao/status/2056344057438503148,669,7,21,0,0,0,0,5,2,0,0,0,0
2056328955775643737,"Mon, May 18, 2026","O SUPER ZÉ! Feliz aniversário para o tetracampeão do Paulistão e campeão do mundo em 70, Zé Maria! #FutebolPaulista #Aniversário https://t.co/gDhdGYubFF",https://x.com/Paulistao/status/2056328955775643737,817,20,53,0,0,0,0,3,0,15,0,1,0
2056192171678552292,"Mon, May 18, 2026","QUE GOL FOI ESSE?! 🥵🔥 O Allison tirou onda contra o Brusque, marcou um golaço bicicleta e garantiu a vitória na Série C! #PaulistasEmCampo 🎥SportyNet https://t.co/7899LcvCvC",https://x.com/Paulistao/status/2056192171678552292,1068,9,14,1,0,0,0,2,2,0,0,1,0
2056173614030791036,"Mon, May 18, 2026",Cinco jogos movimentaram o domingão de #PaulistasEmCampo! Se liga nos placares. #FutebolPaulista https://t.co/W1UgxvivwQ,https://x.com/Paulistao/status/2056173614030791036,1138,12,22,0,0,0,1,1,1,0,0,0,0
2056158587039207496,"Sun, May 17, 2026","TRÊS PONTOS PRO MASSA BRUTA! 🫡 Com direito a gol do goleiro Tiago Volpi, Red Bull Bragantino leva a melhor pra cima do Vitória. #PaulistasEmCampo 📷Ari Ferreira/Red Bull Bragantino https://t.co/p5vtN371uC",https://x.com/Paulistao/status/2056158587039207496,624,15,25,1,1,0,0,0,2,1,0,0,0
2056157517743370249,"Sun, May 17, 2026",DEU GALO! Vitória do Ituano no duelo paulista da Série C! #PaulistasEmCampo 📷Flavio Torres/Ituano https://t.co/5giF2y2Dmw,https://x.com/Paulistao/status/2056157517743370249,543,7,13,1,0,0,0,0,0,1,0,1,0
2056152431096905748,"Sun, May 17, 2026","VAI, VOLPI! O 18 do Red Bull Bragantino inaugura o placar para o Massa Bruta contra o Vitória! #PaulistasEmCampo 🎥Premiere https://t.co/cYKybPcjLi",https://x.com/Paulistao/status/2056152431096905748,1225,11,13,2,1,0,0,0,0,1,0,0,0
2056120337939542403,"Sun, May 17, 2026",VITÓRIA EM CASA! Ferroviária leva a melhor pra cima do Brusque e chega ao quinto jogo de invencibilidade na Série C! #PaulistasEmCampo 📷Guilherme Moro/Ferroviária https://t.co/0BTnCalLBr,https://x.com/Paulistao/status/2056120337939542403,634,17,24,0,0,0,0,1,3,0,0,0,0
2056119207696171155,"Sun, May 17, 2026",O Timão foi superado no jogo do Nilton Santos. #PaulistasEmCampo 📷Vitor Silva/Botafogo https://t.co/9mRU06f9AL,https://x.com/Paulistao/status/2056119207696171155,562,10,15,1,0,0,0,1,0,0,0,0,0
2056113293593395312,"Sun, May 17, 2026",Uma rodada repleta de grandes jogos chega do fim no Paulista Sub-23 Segunda Divisão! #FutebolPaulista https://t.co/VqjTydNTcl,https://x.com/Paulistao/status/2056113293593395312,734,3,19,1,0,0,0,0,3,2,0,1,0
2056047338733330541,"Sun, May 17, 2026",Domingo complicado pro Peixão. #PaulsitasEmCampo 📷Diego Soares/Ag. Paulistão https://t.co/GNjwW2buwp,https://x.com/Paulistao/status/2056047338733330541,772,30,40,0,0,0,0,0,0,4,0,0,0
2056011595524841922,"Sun, May 17, 2026",VAI COMEÇAR! É dia de Santos na Neo Química Arena! #PaulistasEmCampo 📷Diego Soares/Ag. Paulistão https://t.co/KCXHsxrw3n,https://x.com/Paulistao/status/2056011595524841922,456,4,17,0,0,0,0,0,0,1,0,0,0
2055996765501809138,"Sun, May 17, 2026",5️⃣❕ Não sabe onde assistir aos jogos dos #PaulistasEmCampo desse domingo? O @paulistao te mostra! https://t.co/0kieJcznT5,https://x.com/Paulistao/status/2055996765501809138,672,20,31,0,0,0,0,2,0,0,0,1,0
2055974109100847440,"Sun, May 17, 2026","Hoje é o Dia Internacional de Combate à Homofobia, Transfobia e Bifobia. Hoje e sempre, a Federação Paulista de Futebol, através do Comitê de Diversidade e Inclusão, reforça seu compromisso contra qualquer tipo de intolerância e preconceito. Por mais amor e mais respeito dentro e https://t.co/5FvSUhRJH2",https://x.com/Paulistao/status/2055974109100847440,986,39,49,0,0,0,1,6,1,2,0,0,0
2055966561307873675,"Sun, May 17, 2026",ENCERRANDO A RODADA! Manhã e tarde cheias de #PaulistaSub23SegundaDivisão 🙌 https://t.co/8DeUhbZW9G,https://x.com/Paulistao/status/2055966561307873675,420,4,14,0,0,0,0,1,1,1,0,1,0
2055832979969114230,"Sun, May 17, 2026",E lá se foi mais um dia de #PaulistasEmCampo. Vamos aos resultados. #FutebolPaulista https://t.co/9aCgaZ02O1,https://x.com/Paulistao/status/2055832979969114230,629,7,20,1,0,0,0,1,0,0,0,3,0
2055831991002481034,"Sun, May 17, 2026","TUDO IGUAL! Com o placar definido ainda no primeiro tempo, Palmeiras e Cruzeiro ficaram no empate. #PaulistasEmCampo 📷Marco Galvão/Cruzeiro https://t.co/7ms6EbEi5t",https://x.com/Paulistao/status/2055831991002481034,618,4,7,0,0,0,0,0,0,1,0,0,0
2055829816469811344,"Sun, May 17, 2026",SABADÃO MOVIMENTADO! Não teve placar em branco no Paulista Sub-23 Segunda Divisão! #FutebolPaulista https://t.co/Ivir26UHsf,https://x.com/Paulistao/status/2055829816469811344,697,5,13,0,0,0,0,0,1,1,0,0,0
2055827740188713227,"Sun, May 17, 2026",O Tigre não saiu do zero na Arena Pantanal. #PaulistasEmCampo 📷Ozzair Jr/Novorizontino https://t.co/8hB3WqdhyR,https://x.com/Paulistao/status/2055827740188713227,667,4,5,1,0,0,0,0,0,0,0,0,0
2055800743131513232,"Sun, May 17, 2026","Jogando no Maracanã, o São Paulo não conseguiu pontuar no duelo de Tricolores. #PaulistasEmCampo 📷Marcelo Gonçalves/Fluminense https://t.co/Vo3oZwrbEl",https://x.com/Paulistao/status/2055800743131513232,556,6,10,0,0,0,0,1,0,0,0,0,0
2055799479823991095,"Sat, May 16, 2026",O Mirassol foi superado longe de seus domínios. #PaulistasEmCampo 📷Felipe Deslandes/Ag. Mirassol https://t.co/J0PuGArJyd,https://x.com/Paulistao/status/2055799479823991095,643,8,10,0,0,0,0,0,1,0,0,0,0
2055799249447620990,"Sat, May 16, 2026",Não era o resultado que o Pantera esperava pra este sábado. #PaulistasEmCampo 📷Carlos Costa/Ag. Botafogo https://t.co/fFXv2ztBT0,https://x.com/Paulistao/status/2055799249447620990,570,6,8,0,0,0,0,0,0,1,0,0,0
2055780851309289661,"Sat, May 16, 2026","ACELERA, LOCOMOTIVA! Noroeste vence o Velo Clube no duelo paulista e embala a terceira vitória seguida na Série D! #PaulistasEmCampo 📷Douglas Moreti/Divulgação/Noroeste https://t.co/XgPV2yqlU3",https://x.com/Paulistao/status/2055780851309289661,629,14,21,0,0,0,1,1,0,1,0,0,0
2055780382159561072,"Sat, May 16, 2026",SEGUE O NHÔ QUIM! XV de Piracicaba vence fora de casa e se isola na liderança do Grupo 14 da Série D! #PaulistasEmCampo 📷Bruno Maia/Divulgação/XV de Piracicaba https://t.co/nY0DJhYnNm,https://x.com/Paulistao/status/2055780382159561072,604,9,16,0,0,0,0,1,1,1,0,0,0
2055762939873792424,"Sat, May 16, 2026",BUSCOU O EMPATE! São Bernardo marca no fim e garante mais um ponto na Série B. #PaulistasEmCampo 📷Ariston Tavares/Divulgação/São Bernardo https://t.co/1JxMDdqCvw,https://x.com/Paulistao/status/2055762939873792424,444,6,7,0,0,0,0,1,0,0,0,0,0
2055762604732142079,"Sat, May 16, 2026",EMPATE SEM GOLS! A rede não balançou no Canindé para Portuguesa e Água Santa. #PaulistasEmCampo 📷Victor Bessa/Divulgação/Portuguesa https://t.co/UNjdZjkbQS,https://x.com/Paulistao/status/2055762604732142079,450,12,15,0,0,0,0,1,0,0,0,0,0
2055634372426973558,"Sat, May 16, 2026",AGENDA CHEIA! 🗓️ Vem ver as transmissões dos jogos desse sábado das minhas equipes! #PaulistasEmCampo https://t.co/WErYgc99CC,https://x.com/Paulistao/status/2055634372426973558,632,28,53,0,1,0,0,5,0,2,0,0,0
2055604174533071168,"Sat, May 16, 2026",SABADOU! 🤩 Vem pro YouTube do Paulistão assistir aos jogos de hoje do Paulista Sub-23 Segunda Divisão! #PaulistaSub23SegundaDivisão https://t.co/ugM6RysLtB,https://x.com/Paulistao/status/2055604174533071168,383,5,8,0,0,0,0,1,0,0,0,0,0
2055443255060226151,"Sat, May 16, 2026",Votoraty e Tupã garantiram os três pontos na sexta-feira de Paulista Sub-23 Segunda Divisão. #FutebolPaulista https://t.co/ZamTnaBjpW,https://x.com/Paulistao/status/2055443255060226151,674,5,10,1,0,0,0,0,0,0,0,0,0
2055397859369812385,"Fri, May 15, 2026","VISITANTES INDIGESTOS! 🤪🏆 Em três divisões do Paulistão, os campeões levantaram a taça fora de suas casas! #PaulistãoCasasBahia #PaulistãoA2Rivalo #PaulistãoA4Rivalo https://t.co/Um9VZinhNA",https://x.com/Paulistao/status/2055397859369812385,1062,15,36,1,0,0,0,2,2,0,0,0,0
2055317286492230126,"Fri, May 15, 2026",NINGUÉM SEGURA O PALMEIRAS! 🐷🔥 São 16 jogos sem derrotas na conta do Verdão! #PaulistasEmCampo https://t.co/djBIxRv3vX,https://x.com/Paulistao/status/2055317286492230126,1538,183,210,3,0,0,0,10,3,1,0,0,0
2055312870347280582,"Fri, May 15, 2026","DORIVAL ESTÁ DE VOLTA AO TRICOLOR! 🇾🇪 Campeão da Copa do Brasil de 2023 com o São Paulo, o técnico volta a vestir a camisa tricolor pela terceira vez! Expectativas altas, torcedor? 👀 #PaulistasEmCampo #DorivalJr #SãoPaulo 🎥@saopaulofc https://t.co/lUpfqqSUbv",https://x.com/Paulistao/status/2055312870347280582,909,40,45,0,0,0,0,2,1,1,0,0,0
2055287085188476984,"Fri, May 15, 2026",DOSE DUPLA! 🔥 Sextou com abertura de rodada no Paulista Sub-23 Segunda Divisão! #PaulistaSub23SegundaDivisão https://t.co/ObFv75jcuc,https://x.com/Paulistao/status/2055287085188476984,644,7,9,0,0,0,0,0,0,0,0,0,0
2055264433966878957,"Fri, May 15, 2026","A SEGUNDA COPA DO BRASIL DO TIMÃO! Há 24 anos, o Corinthians vencia o Brasiliense no agregado e levava sua segunda taça da @copadobrasilcbf! #BaúDoPaulistão https://t.co/OGqsbqiQxD",https://x.com/Paulistao/status/2055264433966878957,1163,96,120,0,0,0,1,2,0,1,0,0,0
2055256882210865544,"Fri, May 15, 2026",15 ANOS ATRÁS... O Peixão conquistava mais uma taça do Paulistão na vitória contra o Corinthians com gols de Arouca e Neymar! #BaúDoPaulistão https://t.co/Rhk4jUd393,https://x.com/Paulistao/status/2055256882210865544,660,10,14,0,0,0,0,1,0,1,0,0,0
2055241783513059369,"Fri, May 15, 2026","O TERROR DO MORUMBIS! Hoje é dia de comemorar o aniversário de um dos maiores ídolos da história do @SaoPauloFC, pentacampeão do Paulistão e multicampeão pelo Tricolor! Feliz aniversário, @rai10oficial! #FutebolPaulista #Aniversário https://t.co/BzjzEbAmLw",https://x.com/Paulistao/status/2055241783513059369,925,24,71,0,0,0,0,6,1,0,0,0,0
2055089446702227568,"Fri, May 15, 2026","VAI, CORINTHIANS! Yuri Alberto marca no fim, Corinthians vence o Barra-SC e segue na luta pelo título da Copa do Brasil! #PaulistasEmCampo 📷Divulgação/Corinthians https://t.co/kEk2GCesmy",https://x.com/Paulistao/status/2055089446702227568,1438,171,199,1,0,1,0,11,1,1,0,0,0
2055089021877932537,"Fri, May 15, 2026",AVANÇOU! O Corinthians carimbou a vaga nas oitavas da Copa do Brasil! #PaulistasEmCampo https://t.co/NfSTaimywb,https://x.com/Paulistao/status/2055089021877932537,2668,349,402,0,0,0,0,21,10,1,0,0,0
2055086675164811458,"Fri, May 15, 2026",A ESTRELA DA NOITE! Albano foi eleito o Melhor Jogador Rivalo do #PaulistãoA2Rivalo. https://t.co/NZCJdhtqQz,https://x.com/Paulistao/status/2055086675164811458,787,5,13,0,0,0,0,1,0,1,0,0,0
2055086319353651641,"Fri, May 15, 2026",O GRINGO QUE CHOCOU O FUTEBOL PAULISTA! Elkin Muñoz foi eleito a Revelação Sil do #PaulistãoA2Rivalo. https://t.co/0hsE0QdcDb,https://x.com/Paulistao/status/2055086319353651641,877,9,30,1,0,0,0,1,3,0,0,0,0
2055085907309478099,"Fri, May 15, 2026",O HOMEM-GOL! Luketa foi o artilheiro do #PaulistãoA2Rivalo. https://t.co/K0LWaFAuNL,https://x.com/Paulistao/status/2055085907309478099,725,6,12,0,0,0,0,0,0,0,0,0,0
2055085586063434134,"Fri, May 15, 2026",TIME DE ARBITRAGEM! Confira os melhores do time de arbitragem do #PaulistãoA2Rivalo https://t.co/spqwnv989O,https://x.com/Paulistao/status/2055085586063434134,589,2,18,0,0,0,0,0,1,0,0,0,0
2055084061584965996,"Fri, May 15, 2026",O SUPER ONZE! Confira a seleção completa do #PaulistãoA2Rivalo. https://t.co/R3nLsSHFp5,https://x.com/Paulistao/status/2055084061584965996,736,8,39,1,2,0,0,4,0,0,0,0,0
2055083566451569073,"Fri, May 15, 2026",O PROFESSOR! Thiago Carvalho foi eleito o melhor treinador do #PaulistãoA2Rivalo. https://t.co/GEQX7lxpsp,https://x.com/Paulistao/status/2055083566451569073,1115,10,20,0,0,0,2,0,3,0,0,0,0
2055083163559264418,"Fri, May 15, 2026","OS GOLEADORES! Vitor Barreto, Luketa e Elkin Muñoz no comando de ataque da seleção do #PaulistãoA2Rivalo. https://t.co/NQjzaowTMe",https://x.com/Paulistao/status/2055083163559264418,733,2,9,0,0,0,0,0,2,0,0,0,0
2055082538310246743,"Fri, May 15, 2026","TRIO PARADA DURA! Ferreira, Netinho e Albano no meio-campo da seleção do #PaulistãoA2Rivalo. https://t.co/YLp5lZQIPE",https://x.com/Paulistao/status/2055082538310246743,661,7,15,0,0,0,0,1,2,0,0,0,0
2055081586677219422,"Fri, May 15, 2026","TODO GRANDE TIME COMEÇA COM UMA GRANDE DEFESA! Dênis Jr, Thassio, Medina, Fernando e Eduardo abrem a seleção do #PaulistãoA2Rivalo. https://t.co/qz7t5GLNDL",https://x.com/Paulistao/status/2055081586677219422,647,2,11,1,0,0,0,0,1,0,0,0,0
2055079886746697737,"Fri, May 15, 2026",O NOSSO CRAQUE! Kadu Barone foi eleito o Melhor Jogador Rivalo do #PaulistãoA4Rivalo. https://t.co/DVJGeC9J07,https://x.com/Paulistao/status/2055079886746697737,642,3,9,0,0,0,0,0,0,0,0,0,0
2055079807298265362,"Fri, May 15, 2026",O TALISMÃ DO LOBO! Caio Vidal foi eleito a Revelação Sil do #PaulistãoA4Rivalo. https://t.co/YPDVYfPrKG,https://x.com/Paulistao/status/2055079807298265362,704,1,5,1,0,0,0,0,0,0,0,0,0
2055078997541691878,"Fri, May 15, 2026","OS GOLEADORES! Com oito gols, Kadu Barone e Luan Carioca foram os artilheiros do #PaulistãoA4Rivalo. https://t.co/rG0Oy8TbEf",https://x.com/Paulistao/status/2055078997541691878,565,3,17,1,0,0,0,0,2,0,0,0,0
2055078584096616612,"Fri, May 15, 2026",TIME DE ARBITRAGEM! Confira os melhores do time de arbitragem do #PaulistãoA4Rivalo https://t.co/JykRMnkm7q,https://x.com/Paulistao/status/2055078584096616612,637,3,17,0,0,0,0,0,0,0,0,0,0
2055076714066084154,"Fri, May 15, 2026",O ONZE IDEAL! Confira a seleção completa do #PaulistãoA4Rivalo. https://t.co/aozJ635aiY,https://x.com/Paulistao/status/2055076714066084154,724,6,35,0,0,0,0,1,0,0,0,1,0
2055076198510739597,"Fri, May 15, 2026",O COMANDANTE! Márcio Griggio foi eleito o melhor treinador do #PaulistãoA4Rivalo. https://t.co/0l2nVxCwPC,https://x.com/Paulistao/status/2055076198510739597,679,2,7,1,0,0,0,0,0,0,0,0,0
2055075639875526740,"Thu, May 14, 2026",GRANDE DUPLA! Caiuby e Luan Carioca no comando de ataque da seleção do #PaulistãoA4Rivalo. https://t.co/80ZtpbaSgh,https://x.com/Paulistao/status/2055075639875526740,550,4,8,0,0,0,0,0,0,0,0,0,0
2055075160441405828,"Thu, May 14, 2026","O QUADRADO MÁGICO! Diogo Silva, Ryan, Brendon e Kadu Barone no meio-campo da seleção do #PaulistãoA4Rivalo. https://t.co/KSubFHWMzA",https://x.com/Paulistao/status/2055075160441405828,529,1,6,1,0,0,0,0,1,0,0,0,0
2055074316958491021,"Thu, May 14, 2026","É DIFÍCIL PASSAR DELES! Estevão, Diogo, Sandoval, Cleberson e Magal formam a defesa da seleção do #PaulistãoA4Rivalo. https://t.co/RviD8JkXs8",https://x.com/Paulistao/status/2055074316958491021,603,1,13,0,0,0,0,0,1,0,0,0,0
2055039093994565703,"Thu, May 14, 2026","FINAL DA SEMANA CHEGOU... E com ele o Paulista Sub-23 Segunda Divisão! Vem ver os horários dos confrontos que vão rolar sexta, sábado e domingo. #PaulistaSub23SegundaDivisão https://t.co/2oxIjl0zUF",https://x.com/Paulistao/status/2055039093994565703,800,15,29,0,1,0,0,4,0,0,0,0,0
2055015292871360589,"Thu, May 14, 2026",ESTÁ NASCENDO UM NOVO LÍDER... 🐯🔝 O São Bernardo veio para ficar no topo da tabela do @brasileiraob! #PaulistasEmCampo https://t.co/P8D8V36Vtr,https://x.com/Paulistao/status/2055015292871360589,734,20,27,0,0,0,0,4,1,0,0,0,0
2055005782484070566,"Thu, May 14, 2026",OS CAMPEÕES DO PAULISTÃO! 🏆🌟 As taças do @paulistao foram entregues! Vem ver quais foram os campeões das quatro divisões do campeonato 👀 #Paulistão #FutebolPaulista https://t.co/HEkrQgJ5Ii,https://x.com/Paulistao/status/2055005782484070566,1024,81,132,1,0,0,0,8,3,0,0,0,0
2054977090492010815,"Thu, May 14, 2026","OS TAKES DO TÍTULO! 🏆 A festa do Juventus, campeão do Paulistão A2 Rivalo 2026! #PaulistãoA2Rivalo https://t.co/Mv5CmuqC3r",https://x.com/Paulistao/status/2054977090492010815,794,11,14,1,0,0,0,1,0,2,0,0,0
2054909597798809772,"Thu, May 14, 2026","TIMÃO, TIMÃO, TIMÃO! A Neo Química Arena vai pegar fogo nessa quinta-feira de @copadobrasilcbf! #PaulistasEmCampo https://t.co/qrNQ32qhh7",https://x.com/Paulistao/status/2054909597798809772,897,125,139,1,0,0,0,4,2,0,0,1,0
2054757365673533562,"Thu, May 14, 2026","A noite de #CopaDoBrasil foi de classificação para Santos, Mirassol e Palmeiras! #PaulistasEmCampo https://t.co/NKnJzzyNIx",https://x.com/Paulistao/status/2054757365673533562,774,26,34,0,0,0,0,2,2,0,0,0,0
2054753582268789040,"Thu, May 14, 2026","RUMO ÀS OITAVAS! Goleada na ida, goleada na volta e o Palmeiras avança na Copa do Brasil! #PaulistasEmCampo 📷Cesar Greco/Palmeiras https://t.co/9t1M9nJCc2",https://x.com/Paulistao/status/2054753582268789040,756,31,38,0,0,0,1,1,0,3,0,0,0
2054752645429002574,"Thu, May 14, 2026",VERDÃO CLASSIFICADO! O Palmeiras é mais um clube paulista garantido nas oitavas de final da Copa do Brasil! #PaulistasEmCampo https://t.co/lHfQNes1XK,https://x.com/Paulistao/status/2054752645429002574,641,9,21,0,0,1,1,0,2,2,0,0,0
2054740901428072450,"Thu, May 14, 2026",A FESTA DO CAMPEÃO! 🏆 #PaulistãoA2Rivalo https://t.co/QmPeWy1HMT,https://x.com/Paulistao/status/2054740901428072450,861,15,22,2,0,0,0,2,4,1,0,0,0
2054740040358498334,"Thu, May 14, 2026",A DEFESA QUE VALEU O TÍTULO! 🧤🏆 Passarelli foi o herói do Juventus na final do #PaulistãoA2Rivalo https://t.co/LkUaZVgbrx,https://x.com/Paulistao/status/2054740040358498334,836,10,12,1,0,0,0,1,1,0,0,0,0
2054739482138608067,"Thu, May 14, 2026",UH PASSARELLI! Que noite do goleiro do Juventus! #PaulistãoA2Rivalo https://t.co/5nJvqiF0ZP,https://x.com/Paulistao/status/2054739482138608067,928,8,11,0,1,0,0,1,1,1,0,0,0
2054739306900541664,"Thu, May 14, 2026",O SUPER JUVE PASSOU POR ARARAQUARA! 🔥 #PaulistãoA2Rivalo https://t.co/RVyNilYpPw,https://x.com/Paulistao/status/2054739306900541664,693,10,12,0,0,0,0,1,1,0,0,0,0
2054738759057306018,"Thu, May 14, 2026",COMEMORA TORCIDA JUVENTINA! 🏆🇮🇹 O Juventus levanta a taça do #PaulistãoA2Rivalo https://t.co/OEmSIW4VZN,https://x.com/Paulistao/status/2054738759057306018,937,21,24,0,0,0,0,2,1,0,0,0,0
2054737849124073723,"Thu, May 14, 2026",O GOL DO TÍTULO! Thomas Kayck apareceu por trás da marcação e assegurou a conquista do Paulistão A2 Rivalo 2026 para o Juventus! #PaulistãoA2Rivalo https://t.co/HbNH0diF8d,https://x.com/Paulistao/status/2054737849124073723,1138,16,22,0,0,0,0,3,1,0,0,1,0
2054736875051536738,"Thu, May 14, 2026","FAZ O PIX, CBF! O Mirassol está nas oitavas da Copa do Brasil! #PaulistasEmCampo 📷JP Pinheiro/Ag Mirassol https://t.co/40wfjlBSzA",https://x.com/Paulistao/status/2054736875051536738,1166,30,47,1,0,0,0,5,2,4,0,0,0
2054736375962812920,"Thu, May 14, 2026","RUGE, LEÃO! O Mirassol mantém vivo o sonho do título da Copa do Brasil! #PaulistasEmCampo https://t.co/3u5IRzgMtA",https://x.com/Paulistao/status/2054736375962812920,1244,44,63,1,0,0,2,3,1,3,0,0,0
2054732898096250973,"Thu, May 14, 2026",🏆🏆🏆 #PaulistãoA2Rivalo 📷Douglas Moretti/Ag. Paulistão https://t.co/7BodLa9BPI,https://x.com/Paulistao/status/2054732898096250973,863,8,44,2,0,0,0,3,2,5,0,0,0
2054732063824019464,"Thu, May 14, 2026","FESTA JUVENTINA! 🏆 Solta o grito, Moleque Travesso! O Juventus é o grande campeão do Paulistão A2 Rivalo 2026! #PaulistãoA2Rivalo 📷Douglas Moretti/Ag. Paulistão https://t.co/iqPI2Yru6s",https://x.com/Paulistao/status/2054732063824019464,1052,21,117,2,0,1,0,5,5,16,0,0,0
2054729010995741130,"Thu, May 14, 2026",O HOMEM DO TÍTULO! Thomas Kayck decidiu o #PaulistãoA2Rivalo pro Juventus e ainda levou o troféu de #CraqueDoJogo pra casa! 📷Douglas Moretti/Ag. Paulistão https://t.co/t38uSG0LMp,https://x.com/Paulistao/status/2054729010995741130,842,8,13,1,1,0,0,1,1,0,0,0,0
2054728465123791168,"Thu, May 14, 2026",CLASSIFICADO! Santos vence Coritiba e se garante nas oitavas da Copa do Brasil! #PaulistasEmCampo 📷Raul Baretta/Santos https://t.co/1Iay2jrA7Z,https://x.com/Paulistao/status/2054728465123791168,952,21,38,1,0,0,0,2,3,0,0,0,0
2054726465602613283,"Thu, May 14, 2026",A EXPLOSÃO DO GOL DO TÍTULO DO JUVENTUS! Thomas Kayck nos acréscimos garantiu o troféu para o Moleque Travesso! #PaulistãoA2Rivalo https://t.co/x27RmiqwEb,https://x.com/Paulistao/status/2054726465602613283,1097,17,28,1,0,0,0,4,2,3,0,2,0
2054725588561154344,"Thu, May 14, 2026",FESTA NA MOOCA! Juventus vence fora de casa e conquista o título do Paulistão A2 Rivalo 2026! #PaulistãoA2Rivalo 📷Douglas Moretti/Ag. Paulistão https://t.co/IYEAaPKrkN,https://x.com/Paulistao/status/2054725588561154344,949,28,98,1,2,1,0,6,5,13,0,2,0
2054721940351222029,"Thu, May 14, 2026",PEIXÃO NAS OITAVAS! O Santos avança de fase na Copa do Brasil! #PaulistasEmCampo https://t.co/jINXL5QQHv,https://x.com/Paulistao/status/2054721940351222029,974,17,28,0,0,0,0,1,0,3,0,0,0
2054720238260777428,"Thu, May 14, 2026","JUVENTUS, JUVENTUS! 🏆🇱🇻 Campeão do Paulistão A2 Rivalo 2026! #PaulistãoA2Rivalo https://t.co/KkuEct3fu7",https://x.com/Paulistao/status/2054720238260777428,2314,67,164,6,5,0,2,19,8,17,0,2,0
2054717989925093574,"Thu, May 14, 2026",FERROVIÁRIA COM A TAÇA NA MÃO!🔥 Albano cobrou curto e Vitor Barreto anotou o gol que vai dando o título do #PaulistãoA2Rivalo pra Locomotiva! https://t.co/uwugXftxGJ,https://x.com/Paulistao/status/2054717989925093574,1248,8,45,1,1,0,1,2,27,6,0,1,0
2054716862940729853,"Thu, May 14, 2026",São Paulo é superado no Alfredo Jaconi e se despede da Copa do Brasil. #PaulistasEmCampo 📷 Fernando Alves/Juventude https://t.co/DyAUcVgGto,https://x.com/Paulistao/status/2054716862940729853,1732,81,127,2,1,1,6,7,5,7,0,0,0
2054702078816031032,"Wed, May 13, 2026","VANTAGEM DO MOLEQUE TRAVESSO! Com um golaço de Elkin Junior, Juventus vai para o intervalo com a vantagem no marcador! #PaulistãoA2Rivalo 📷Douglas Moretti/Ag. Paulistão https://t.co/aXxMIwREb7",https://x.com/Paulistao/status/2054702078816031032,699,9,30,0,0,0,0,1,0,0,0,0,0
2054699150663368834,"Wed, May 13, 2026",QUE GOLAAAAÇOOOO! Elkin Junior abre o placar para o Juventus em Araraquara! #PaulistãoA2Rivalo https://t.co/F5LicvEeMk,https://x.com/Paulistao/status/2054699150663368834,1060,15,20,0,0,0,0,1,1,2,0,0,0
2054698782692946249,"Wed, May 13, 2026",OLHA ELA AÍ! 🥰🏆 Quem vai levantar a taça do Paulistão A2 Rivalo? #PaulistãoA2Rivalo https://t.co/NwkVJpvlnX,https://x.com/Paulistao/status/2054698782692946249,621,6,11,0,0,0,0,0,5,0,0,0,0
2054698556406030659,"Wed, May 13, 2026","MAQUINISTA, FANATICÃO E A TAÇA PRESENTES! 🏆 Já já começa a grande final do #PaulistãoA2Rivalo. https://t.co/AK18h6Lch9",https://x.com/Paulistao/status/2054698556406030659,851,5,12,1,0,0,0,0,5,1,0,0,0
2054689725311504625,"Wed, May 13, 2026",A MAIS DESEJADA! 🏆 #PaulistãoA2Rivalo 📷Douglas Moretti/Ag. Paulistão https://t.co/D2cMvW8j6h,https://x.com/Paulistao/status/2054689725311504625,668,15,28,0,0,0,0,4,2,0,0,0,0
2054681612751663410,"Wed, May 13, 2026",AQUECIMENTO ROLANDO! Tá chegando a hora da final do Paulistão A2 Rivalo! #PaulistãoA2Rivalo 📷Douglas Moretti/Ag. Paulistão https://t.co/q19tNa6cM1,https://x.com/Paulistao/status/2054681612751663410,443,4,12,0,0,0,0,0,0,0,0,0,0
2054677592045752366,"Wed, May 13, 2026","PALMEIRAS E SÃO BERNARDO NO TOPO! 🐷🔝🐯 A liderança do @brasileirao é verde, enquanto a do @brasileiraob é amarela e preta! #PaulistasEmCampo https://t.co/4hS9vxMcw1",https://x.com/Paulistao/status/2054677592045752366,1837,142,174,1,1,0,0,6,3,2,0,1,0
2054672636718792727,"Wed, May 13, 2026",VALE A TAÇA! Chegou o dia de conhecer o grande campeão do Paulistão A2 Rivalo 2026! Já já tem Ferroviária e Juventus em campo na disputa pelo título! #PaulistãoA2Rivalo 📷Douglas Moretti/Ag. Paulistão https://t.co/Woa6b9XPSa,https://x.com/Paulistao/status/2054672636718792727,541,5,17,1,0,0,0,0,3,0,0,0,0
2054637804244857175,"Wed, May 13, 2026","FIM DA SEXTA RODADA NA SÉRIE C! ✅ Como está seu time na tabela de classificação, torcedor? #PaulistasEmCampo https://t.co/Htm6aJSNQ2",https://x.com/Paulistao/status/2054637804244857175,1832,44,119,1,0,1,0,5,3,4,0,0,0
2054607609571721582,"Wed, May 13, 2026",DUELO PAULISTA NA COPA DO BRASIL! Um empate no jogo de ida deixou a decisão para o Maião! Quem vai ficar com a vaga: Leão ou Massa Bruta? 👀 #PaulistasEmCampo #Mirassol #RedBullBragantino https://t.co/uzsN6z4jrm,https://x.com/Paulistao/status/2054607609571721582,442,2,7,1,0,0,0,0,1,0,0,1,0
2054585597726007378,"Wed, May 13, 2026",TIGRE NA LIDERANÇA! 🐯🔝 O São Bernardo está voando no @brasileiraob e assumiu a primeira posição da tabela! #PaulistasEmCampo https://t.co/v6PrAqwSF8,https://x.com/Paulistao/status/2054585597726007378,1595,43,150,1,0,2,0,9,4,33,0,1,0
2054568936151073011,"Wed, May 13, 2026","14 ANOS DO TRI DO PEIXÃO! 🏆🌟 No dia 13 de maio de 2012, o Santos vencia o Guarani e conquistava o 20º título paulista de sua história! #BaúDoPaulistão https://t.co/tyyOytHKdi",https://x.com/Paulistao/status/2054568936151073011,865,7,28,0,0,0,0,1,0,1,0,0,0
2054547206313808349,"Wed, May 13, 2026","NOITE DE COPA DO BRASIL! Com direito a duelo paulista, vem ver quais são as equipes paulistas que vão disputar a vaga na próxima fase da @copadobrasilcbf! #PaulistasEmCampo https://t.co/KdyrHmhUEh",https://x.com/Paulistao/status/2054547206313808349,1101,41,110,1,0,0,0,7,4,25,0,0,0
2054360508296290637,"Wed, May 13, 2026","QUE GOLAAAAÇOOOOOO! o Dudu Miraíma estava inspirado nesta noite, hein?! #FutebolPaulista #PaulistasEmCampo 🎥ESPN https://t.co/N8vMRw5Y82",https://x.com/Paulistao/status/2054360508296290637,881,5,11,0,0,0,0,2,1,3,0,0,0
2054358134123065793,"Wed, May 13, 2026","🎶ESTÁ NASCENDO UM NOVO LÍDER🎶 São Bernardo faz três, vence fora de casa e assume o topo do @brasileiraob! #FutebolPaulista #PaulistasEmCampo 📷João Erick/Divulgação/São Bernardo FC https://t.co/iuU6yIQxq0",https://x.com/Paulistao/status/2054358134123065793,894,27,44,0,1,0,0,3,5,2,0,1,0
2054356996241936451,"Wed, May 13, 2026","VAI DAÍ, DUDU MIRAÍMA?! O camisa 26 do São Bernardo acertou um belo chute para marcar para o Tigre do ABC! #FutebolPaulista #PaulistasEmCampo 🎥ESPN https://t.co/zgVR7TrkwH",https://x.com/Paulistao/status/2054356996241936451,935,13,15,0,0,0,0,1,0,0,0,1,0
2054314937879564695,"Tue, May 12, 2026","UMA VEZ TRICOLOR, DUAS VEZES TIMÃO! O São Paulo levou a melhor no Majestoso no @PaulistaoFem, mas o Corinthians venceu no @brasileirao e no @brfeminino! #PaulistasEmCampo #ElasEmCampo https://t.co/DsazjMw7xt",https://x.com/Paulistao/status/2054314937879564695,1767,131,174,1,1,1,2,10,1,7,0,1,0
2054294184689905674,"Tue, May 12, 2026","24 ANOS!🏆 2002 foi marcante para o @ituanooficial, que conquistou o Paulistão pela primeira vez na história. #FutebolPaulista #BaúDoPaulistão 📷Alexandre Battibugli https://t.co/NTYVd2Bq9W",https://x.com/Paulistao/status/2054294184689905674,796,10,39,1,0,0,1,1,0,2,0,0,0
2054267866115932618,"Tue, May 12, 2026",TIMÃO CAMPEÃO DO TORNEIO RIO-SÃO PAULO! 12 de maio de 2002 foi o dia que o Corinthians venceu o São Paulo no agregado e levou a taça do Rio-São Paulo! #BaúDoPaulistão https://t.co/Iwx73w97eu,https://x.com/Paulistao/status/2054267866115932618,2992,279,348,2,1,0,0,15,1,11,0,4,0
2054255452951617544,"Tue, May 12, 2026","32 ANOS DO BI DE 94! 🏆🌟 No dia 12 de maio de 1994, o Palmeiras superava o Santo André e se consagrava campeão paulista mais uma vez! #BaúDoPaulistão https://t.co/GQlTzLSSjR",https://x.com/Paulistao/status/2054255452951617544,13169,538,1094,6,11,1,10,42,3,36,0,0,0
2054184818255237484,"Tue, May 12, 2026","VAMOS, BERNÔ! O São Bernardo quer a vitória contra o Londrina fora de casa pelo @brasileiraob! #PaulistasEmCampo https://t.co/4k4HxWBiSg",https://x.com/Paulistao/status/2054184818255237484,460,7,7,0,0,0,0,0,0,0,0,0,0
2054008028194644309,"Tue, May 12, 2026","RESULTADOS NA TELA! A Inter de Limeira sofre a derrota na #SérieC, enquanto o Guarani goleia o Maringá e segue de olho no topo da tabela! #PaulistasEmCampo https://t.co/bi6UAZuZQd",https://x.com/Paulistao/status/2054008028194644309,1125,22,44,1,0,0,0,3,2,5,0,0,0
2054007728503210198,"Tue, May 12, 2026",Não deu para a Inter de Limeira na #SérieC. #PaulistasEmCampo 📷Rogério Rueda/Inter de Limeira https://t.co/B7k4UCfxzx,https://x.com/Paulistao/status/2054007728503210198,747,6,12,0,0,0,0,0,2,0,0,0,0
2054002836837417349,"Tue, May 12, 2026",GOLEADA DO BUGRE! 🏹🔥 Vitória maiúscula do Guarani na Série C! #PaulistasEmCampo 📷Luiz Viana/Divulgação/Guarani https://t.co/WW7SaSVDHA,https://x.com/Paulistao/status/2054002836837417349,1512,78,126,0,0,0,0,7,4,14,0,0,0
2053923260337738137,"Mon, May 11, 2026","VERDÃO SEGUE NA LIDERANÇA! Com o Palmeiras no topo e o São Paulo no G4, vem ver como está a tabela de classificação do @brasileirao! #PaulistasEmCampo https://t.co/m5jfvdVv0u",https://x.com/Paulistao/status/2053923260337738137,1094,31,56,0,0,0,0,3,2,2,0,0,0
2053822436156854465,"Mon, May 11, 2026",DOSE DUPLA! Inter de Limeira e Guarani entram em campo nessa segunda-feira pela #SérieC! #PaulistasEmCampo https://t.co/KYgwFSS4fQ,https://x.com/Paulistao/status/2053822436156854465,730,12,22,0,0,0,0,1,1,0,0,0,0
2053637638469394527,"Mon, May 11, 2026",Assim terminou o domingão dos #PaulistasEmCampo! #FutebolPaulista https://t.co/iEqUJnSFBx,https://x.com/Paulistao/status/2053637638469394527,888,12,29,0,0,0,0,3,4,1,0,0,0
2053636434414690430,"Mon, May 11, 2026",TRÊS PONTOS PRO TIGRE DO VALE! Robson balança as redes do Botafogo e garante a vitória do Novorizontino. #PaulistasEmCampo 📷Juan Rodrigues/Novorizontino https://t.co/TREWew6uBe,https://x.com/Paulistao/status/2053636434414690430,688,7,12,0,0,0,1,1,0,0,0,0,0
2053635133324841261,"Mon, May 11, 2026","VAI, GALO! O Ituano soma mais três pontos na Série C e entra no G8! #PaulistasEmCampo 📷Henrique César/Divulgação/Ituano https://t.co/JeudGUNDjU",https://x.com/Paulistao/status/2053635133324841261,692,8,10,1,0,0,1,1,0,0,0,0,0
2053626815999066288,"Mon, May 11, 2026",GOL DO TRICOLOR! Matheuzinho faz contra e São Paulo diminui. #Majestoso https://t.co/Q4nIsHQrNP,https://x.com/Paulistao/status/2053626815999066288,1064,17,24,1,5,0,0,2,3,0,0,0,0
2053624415041044638,"Sun, May 10, 2026",MAJESTOSO DO TIMÃO! Corinthians fica com a vitória no clássico! #PaulistasEmCampo 📷Alexandre Battibugli/Ag. Paulistão https://t.co/gTbxM1cKd4,https://x.com/Paulistao/status/2053624415041044638,1736,193,227,1,0,0,3,8,2,4,0,0,0
2053623524112114020,"Sun, May 10, 2026","TRIUNFO ALVINEGRO! Com gol de Neymar e Adonis Frías, Santos leva a melhor sobre o Red Bull Bragantino no duelo paulista do Brasileirão. #PaulistasEmCampo 📷Raul Baretta/Santos https://t.co/liBptGJ4f1",https://x.com/Paulistao/status/2053623524112114020,928,10,17,0,0,0,0,2,1,0,0,0,0
2053622869842641128,"Sun, May 10, 2026",IGUALDADE NO MAIÃO! Mirassol e Chapecoense empataram pelo Brasileirão. #PaulistasEmCampo 📷JP Pinheiro/Ag. Mirassol https://t.co/sfa3N0XCS6,https://x.com/Paulistao/status/2053622869842641128,977,6,11,0,0,0,1,0,0,3,0,0,0
2053617082130944347,"Sun, May 10, 2026",BRENO BIDON É O NOME DELE! 🥵 Que golaço do camisa 7 pra ampliar pro Timão! #PaulistasEmCampo #Majestoso https://t.co/SuoEQ8QliX,https://x.com/Paulistao/status/2053617082130944347,3836,291,321,6,3,0,1,9,10,7,0,1,0
2053616140211892635,"Sun, May 10, 2026","QUE GOLAÇO, MATHEUZINHO! 😮‍💨 O Corinthians faz o segundo no Majestoso! #PaulistasEmCampo #Majestoso https://t.co/TIAe6W0Fcr",https://x.com/Paulistao/status/2053616140211892635,5142,262,306,11,2,0,2,10,17,9,0,0,0
2053607322518261880,"Sun, May 10, 2026","PONTO LÁ! Remo sai na frente, mas Palmeiras busca o empate fora de casa. #PaulistasEmCampo 📷Cesar Greco/Palmeiras https://t.co/pTxBJikaXF",https://x.com/Paulistao/status/2053607322518261880,908,2,4,0,0,0,0,0,0,0,0,0,0
2053607279769903409,"Sun, May 10, 2026",É LUCIANOO!! Camisa 10 do São Paulo aproveita e empata o Majestoso! #PaulistasEmCampo #Majestoso https://t.co/Pm2TXYijj5,https://x.com/Paulistao/status/2053607279769903409,1061,9,14,0,0,0,0,2,2,0,0,0,0
2053602371607957737,"Sun, May 10, 2026",RANIELEEEEEE! ⚫️⚪️ O Corinthians abre o placar no Majestoso! #PaulistasEmCampo #Majestoso https://t.co/4iXKOqfvh1,https://x.com/Paulistao/status/2053602371607957737,2664,61,76,2,3,0,0,2,6,7,0,0,0
2053600845636227444,"Sun, May 10, 2026",ZERADOS! A rede não balançou em Volta Redonda e Ferroviária. #PaulistasEmCampo 📷Guilherme Moro/Ferroviária https://t.co/KLzwfTwtqy,https://x.com/Paulistao/status/2053600845636227444,870,4,7,0,0,0,0,1,0,0,0,0,0
2053590219002110410,"Sun, May 10, 2026",Dinizismo 🤝 Machadismo #Majestoso https://t.co/NOWNjPhEzB,https://x.com/Paulistao/status/2053590219002110410,3011,85,95,2,2,0,1,3,3,1,0,0,0
2053589792906973645,"Sun, May 10, 2026",TIMES EM CAMPO! É hora de Majestoso! Quem vence? #PaulistasEmCampo #Majestoso https://t.co/z0627lR54t,https://x.com/Paulistao/status/2053589792906973645,671,11,14,1,0,0,0,3,0,0,0,0,0
2053589464442642529,"Sun, May 10, 2026",O HOMEM TÁ NA CASA! ⚫️⚪️ Memphis está acompanhando o aquecimento do Timão antes do Majestoso! #PaulistasEmCampo #Majestoso #Memphis https://t.co/OuOUS9ChXY,https://x.com/Paulistao/status/2053589464442642529,13195,1167,1271,10,4,0,7,28,7,42,0,11,0
2053589118358016077,"Sun, May 10, 2026",TRICOLOR CHEGOU! 🇾🇪 O São Paulo já está na Neo Química Arena pro clássico de logo mais! #PaulistasEmCampo #Majestoso https://t.co/keBqVDjbp2,https://x.com/Paulistao/status/2053589118358016077,631,2,3,0,0,0,0,1,0,0,0,0,0
2053588359788851379,"Sun, May 10, 2026",CORINGÃO EM CASA! 🦅 O Corinthians já chegou em Itaquera pro Majestoso de logo mais! #PaulistasEmCampo #Majestoso https://t.co/7RlKPZKXPD,https://x.com/Paulistao/status/2053588359788851379,796,17,20,0,0,0,0,1,1,1,0,0,0
2053588037167190348,"Sun, May 10, 2026",EMPATE! Ficou tudo igual para Portuguesa-RJ e Água Santa na Série D. #PaulistasEmCampo 📷Matheus Sanches/Divulgação/Portuguesa https://t.co/oZDl6SSTJc,https://x.com/Paulistao/status/2053588037167190348,480,6,9,0,0,0,0,0,2,0,0,0,0
2053566180216967624,"Sun, May 10, 2026",Mais uma rodada encerrada no Paulista Sub-23 Segunda Divisão! #FutebolPaulista https://t.co/KRGD89ptQa,https://x.com/Paulistao/status/2053566180216967624,639,6,18,1,0,0,0,0,1,0,0,0,0
2053460053546422316,"Sun, May 10, 2026",DOMINGO CHEIO! 😮‍💨 Vem ver os horários das transmissões dos #PaulistasEmCampo de hoje! https://t.co/BbS6jlNabI,https://x.com/Paulistao/status/2053460053546422316,747,33,56,0,0,0,0,6,1,1,0,0,0
2053444946447966578,"Sun, May 10, 2026","PARABÉNS, PROFESSOR! 🎉🥳 Técnico maior campeão da história do Paulistão, Luxemburgo comemora 74 anos! #FutebolPaulista #Aniversário https://t.co/jvINskjkyb",https://x.com/Paulistao/status/2053444946447966578,555,19,61,0,0,2,3,6,4,16,0,1,0
2053429849063371230,"Sun, May 10, 2026",PARA ENCERRAR A RODADA! Manhã e tarde de domingo cheias de Paulista Sub-23 Segunda Divisão! #PaulistaSub23SegundaDivisão https://t.co/DydXBCMI8K,https://x.com/Paulistao/status/2053429849063371230,346,4,7,0,0,0,0,0,1,0,0,0,0
2053309299431268644,"Sun, May 10, 2026",É DIA DE MAJESTOSO! Corinthians e São Paulo se enfrentam no @brasileirao! Quem vence o clássico? #FutebolPaulista #Majestoso https://t.co/oNVth5lcbG,https://x.com/Paulistao/status/2053309299431268644,583,17,31,2,0,0,0,4,0,0,0,0,0
2053268740196683805,"Sun, May 10, 2026",Fecha a conta e passa a régua no sábado de futebol! #PaulistasEmCampo https://t.co/laZqsuHO9u,https://x.com/Paulistao/status/2053268740196683805,815,8,27,2,0,0,0,3,0,1,0,0,0
2053265685136945641,"Sun, May 10, 2026",EMPATE EM CASA! Ficou tudo igual em Rio Claro para Velo Clube e Nova Iguaçu. #PaulistasEmCampo 📷Divulgação/Nova Iguaçu https://t.co/MEyAbUrz6a,https://x.com/Paulistao/status/2053265685136945641,470,7,10,1,0,0,0,0,1,0,0,0,0
2053261014850752886,"Sat, May 9, 2026","SEM MOTIVO PARA LAMENTAR! O título não veio, mas fica a emoção por um acesso histórico conquistado pela Inter de Bebedouro. #PaulistãoA4Rivalo https://t.co/1olv2a9ws5",https://x.com/Paulistao/status/2053261014850752886,616,1,3,0,0,0,0,0,0,0,0,1,0
2053258226787893356,"Sat, May 9, 2026",A Ponte Preta levou a virada e acabou sendo superada no Moisés Lucarelli. #PaulistasEmCampo 📷Marcos Ribolli/PontePress https://t.co/FA2nfSWxrh,https://x.com/Paulistao/status/2053258226787893356,875,5,10,0,0,0,0,1,1,1,0,0,0
2053257624540344462,"Sat, May 9, 2026","COMEMORA, PENAPOLENSE! 🏆 #PaulistãoA4Rivalo 📷Célio Messias/Ag. Paulistão https://t.co/49LfaRf3Sr",https://x.com/Paulistao/status/2053257624540344462,435,3,10,0,0,0,0,0,0,0,0,0,0
2053257617837879447,"Sat, May 9, 2026","COMEMORA, PENAPOLENSE! 🏆 #PaulistãoA4Rivalo 📷Célio Messias/Ag. Paulistão https://t.co/CQh18A2zJI",https://x.com/Paulistao/status/2053257617837879447,1219,5,33,0,0,0,1,0,2,1,0,0,0
2053255780468461898,"Sat, May 9, 2026","O BRABO TEM NOME! Autor do gol do título do Penapolense no Paulistão A4 Rivalo, Cadu foi eleito o #CraqueDoJogo! #PaulistãoA4Rivalo 📷Célio Messias/Ag. Paulistão https://t.co/W1vT6x1Gr9",https://x.com/Paulistao/status/2053255780468461898,496,2,6,0,0,0,0,0,1,1,0,0,0
2053253553238458712,"Sat, May 9, 2026",XVZÃO EÔ! Mais três pontos na conta da equipe de Piracicaba! #PaulistasEmCampo 📷Mariana Kasten/XV de Piracicaba https://t.co/567xE2FzdK,https://x.com/Paulistao/status/2053253553238458712,447,5,6,0,0,0,0,0,0,0,0,0,0
2053250369627533734,"Sat, May 9, 2026",ERGUE A TAÇA E SOLTA O GRITO! 🏆 Penapolense é campeão! #PaulistãoA4Rivalo https://t.co/2bPCw0lmLK,https://x.com/Paulistao/status/2053250369627533734,709,7,12,0,0,0,0,1,2,0,0,1,0
2053240400031211951,"Sat, May 9, 2026","COMEMORA, CADU! O nome do gol que garantiu o título do Paulistão A4 Rivalo para o Penapolense! #PaulistãoA4Rivalo https://t.co/eEm7RS2CMd",https://x.com/Paulistao/status/2053240400031211951,522,2,3,1,0,0,0,0,1,0,0,0,0
2053237829493277060,"Sat, May 9, 2026",EMPATE E TÍTULO! O Penapolense busca a igualdade e fica com a taça do Paulistão A4 Rivalo 2026! #PaulistãoA4Rivalo 📷Célio Messias/Ag. Paulistão https://t.co/xKqRNEwwKw,https://x.com/Paulistao/status/2053237829493277060,587,7,21,0,0,0,0,2,3,1,0,0,0
2053235926399086661,"Sat, May 9, 2026","VAI, NORUSCA! Três gols e três pontos pro Noroeste contra o Maricá! #PaulistasEmCampo 📷Jonathan Rocha/Divulgação/Noroeste https://t.co/PZi9nitOqF",https://x.com/Paulistao/status/2053235926399086661,491,8,12,0,0,0,0,1,0,0,0,1,0
2053234408455295316,"Sat, May 9, 2026","TU ÉS FORTE, TU ÉS GIGANTE! 🏆 Clube Atlético Penapolense, campeão do Paulistão A4 Rivalo 2026! #PaulistãoA4Rivalo https://t.co/xgb8yI4qgJ",https://x.com/Paulistao/status/2053234408455295316,730,13,35,2,0,0,0,1,3,4,0,2,0
2053220684357091544,"Sat, May 9, 2026",A Portuguesa não conseguiu pontuar no Rio de Janeiro. #PaulistasEmCampo 📷Vinicius Gentil/Portuguesa https://t.co/LC4DstS7nU,https://x.com/Paulistao/status/2053220684357091544,445,4,7,0,0,0,0,0,0,0,0,1,0
2053220000958169394,"Sat, May 9, 2026",LORAM! Cabeçada de manual para abrir o placar para a Inter de Bebedouro! #PaulistãoA4Rivalo https://t.co/CNL7yTQO0h,https://x.com/Paulistao/status/2053220000958169394,687,2,3,0,0,0,0,0,0,0,0,0,0
2053219149954900314,"Sat, May 9, 2026",Assim terminaram as partidas deste sábado no Paulista Sub-23 Segunda Divisão! #FutebolPaulista https://t.co/CJncjZB0Kp,https://x.com/Paulistao/status/2053219149954900314,448,4,8,1,0,0,0,1,1,0,0,0,0
2053218009733337345,"Sat, May 9, 2026",LOBO NA FRENTE! A Inter de Bebedouro vai para o intervalo com o 1 a 0 de vantagem pra cima do Penapolense! #PaulistãoA4Rivalo 📷Célio Messias/Ag. Paulistão https://t.co/N583AiEoBU,https://x.com/Paulistao/status/2053218009733337345,360,1,13,1,0,0,0,0,0,1,0,0,0
2053215083036029258,"Sat, May 9, 2026",GOOOOOOOOLLLL DA INTER DE BEBEDOURO! Loram abre o placar para a equipe da casa! #PaulistãoA4Rivalo https://t.co/phxF6JesLV,https://x.com/Paulistao/status/2053215083036029258,465,2,2,0,0,0,0,0,0,0,0,0,0
2053201120995017013,"Sat, May 9, 2026",A MAIS COBIÇADA! O sonho de Inter de Bebedouro e Penapolense está na área! Pra onde será que a taça do Paulistão A4 Rivalo vai? #PaulistãoA4Rivalo 📷Célio Messias/Ag. Paulistão https://t.co/l20S6vRDYM,https://x.com/Paulistao/status/2053201120995017013,475,4,32,2,0,0,0,0,1,0,0,0,0
2053194844198093065,"Sat, May 9, 2026",VALE A TAÇA! É dia de conhecer o grande campeão do Paulistão A4 Rivalo 2026! Já já a bola rola para Inter de Bebedouro e Penapolense! #PaulistãoA4Rivalo 📷Célio Messias/Ag. Paulistão https://t.co/2OTaiLxRLo,https://x.com/Paulistao/status/2053194844198093065,458,5,26,2,0,0,0,0,3,0,0,0,0
2053097654452994487,"Sat, May 9, 2026",DIA CHEIO! O sabadão vai estar recheado de #PaulistasEmCampo 🔥 https://t.co/ynH88NIhRu,https://x.com/Paulistao/status/2053097654452994487,578,11,23,0,0,0,0,2,1,0,0,0,0
2053082560537018422,"Sat, May 9, 2026",A GRANDE FINAL! 🔥 Inter de Bebedouro e Penapolense decidem o #PaulistãoA4Rivalo. https://t.co/jMdxA3ccek,https://x.com/Paulistao/status/2053082560537018422,322,5,14,0,0,0,0,0,2,1,0,1,0
2053067458299183335,"Sat, May 9, 2026",OS JOGOS NÃO PARAM! Cinco partidas dão continuidade à quarta rodada do #PaulistaSub23SegundaDivisão! https://t.co/1MlLcsVtfb,https://x.com/Paulistao/status/2053067458299183335,298,2,4,0,0,0,0,0,0,0,0,0,0
2052927341072896165,"Sat, May 9, 2026",Dois jogos marcaram a abertura da quarta rodada do Paulista Sub-23 Segunda Divisão. Confira os resultados. #FutebolPaulista https://t.co/mQMYuuUkOZ,https://x.com/Paulistao/status/2052927341072896165,545,5,8,1,0,0,0,1,1,1,0,0,0
2052856065411420652,"Fri, May 8, 2026",A INTER DE BEBEDOURO É IMBATÍVEL NO STAMATÃO! 🔥 A torcida do Lobo foi fundamental durante toda a campanha e não deve ser diferente na grande final do #PaulistãoA4Rivalo. https://t.co/nDp3nJaNFs,https://x.com/Paulistao/status/2052856065411420652,413,3,7,0,0,0,0,0,1,1,0,0,0
2052795669790810471,"Fri, May 8, 2026",QUARTA RODADA NA ÁREA! Bora para mais uma rodada do Paulista Sub-Segunda Divisão! #PaulistaSub23SegundaDivisão https://t.co/SaHniSzvn7,https://x.com/Paulistao/status/2052795669790810471,508,7,15,0,0,0,0,0,0,1,0,0,0
2052780566496346439,"Fri, May 8, 2026","FIM DA QUINTA RODADA! A Série C está disputadíssima! Como está seu time na tabela de classificação, torcedor? #PaulistasEmCampo https://t.co/y0VBhhZvHW",https://x.com/Paulistao/status/2052780566496346439,1177,30,88,3,0,1,1,5,4,5,0,0,0
2052757916579402136,"Fri, May 8, 2026",SERÁ QUE TÁ RUIM DE CAPITÃO A INTER DE BEBEDOURO? 😅 O Xerifão Sandoval conseguiu mais um acesso na carreira nesse #PaulistãoA4Rivalo. https://t.co/KiXqzonZVk,https://x.com/Paulistao/status/2052757916579402136,470,4,13,0,0,0,0,1,0,1,0,0,0
2052749865059266840,"Fri, May 8, 2026","22ª TAÇA DO PEIXÃO! Há 10 anos, o Santos vencia o Audax e levava a taça do Paulistão para a Vila Belmiro. #BaúDoPaulistão https://t.co/gkpzASQpgk",https://x.com/Paulistao/status/2052749865059266840,835,6,29,0,0,0,1,0,1,5,0,0,0
2052584426693931417,"Fri, May 8, 2026","TRÊS VIRA, SEIS ACABA! Teve goleada do Massa Bruta na @SudamericanaBR! #PaulistasEmCampo 📷Ari Ferreira/Red Bull Bragantino https://t.co/MtQP08ode2",https://x.com/Paulistao/status/2052584426693931417,629,18,28,1,0,0,0,0,0,0,0,0,0
2052542371619828033,"Fri, May 8, 2026","AVANÇA, TIMÃO! O Corinthians carimbou a passagem para as oitavas de final da Libertadores! #PaulistasEmCampo https://t.co/dEBXnls1Sv",https://x.com/Paulistao/status/2052542371619828033,3832,552,613,2,2,1,0,22,3,7,0,0,0
2052541744370127210,"Fri, May 8, 2026",EMPATE NO CHILE! O'Higgins e São Paulo não saíram do zero pela @SudamericanaBR. #PaulistasEmCampo 📷Staff Images/Conmebol https://t.co/VmtjAi3MkB,https://x.com/Paulistao/status/2052541744370127210,610,13,22,0,0,0,1,3,0,2,0,0,0
2052540217639178739,"Fri, May 8, 2026",SEGUE O LÍDER! Mirassol vence a LDU-EQU no Maião e assume a liderança do Grupo G na Libertadores! #PaulistasEmCampo 📷Pedro Zacchi/Agência Mirassol https://t.co/NxQy1xwfJ2,https://x.com/Paulistao/status/2052540217639178739,701,12,24,0,0,0,0,2,1,3,0,0,0
2052498143669780615,"Thu, May 7, 2026",UM DOS ESTÁDIOS MAIS TEMIDOS DO INTERIOR! 🏟️🔥 O Penapolense venceu a ida da final e terminou o #PaulistãoA4Rivalo invicto em casa. https://t.co/CWGeIPBFxt,https://x.com/Paulistao/status/2052498143669780615,558,3,13,1,0,0,0,1,1,2,0,0,0
2052446050745495695,"Thu, May 7, 2026","100% ATUALIZADA! Com o Bernô em segundo, vem conferir a classificação do @brasileiraob. #PaulistasEmCampo https://t.co/MWmkHRIL8q",https://x.com/Paulistao/status/2052446050745495695,1179,26,88,2,0,0,1,4,4,17,0,0,0
2052409136088850445,"Thu, May 7, 2026","É DELE! Albano, da Ferroviária, foi o #CraqueDoJogo da partida de ida na grande final do Paulistão A2 Rivalo! #PaulistãoA2Rivalo https://t.co/MJMEVCH7qM",https://x.com/Paulistao/status/2052409136088850445,447,2,10,0,0,0,0,0,2,1,0,0,0
2052403935202124088,"Thu, May 7, 2026",SEM GOLS! A rede não balançou nos primeiros 90 minutos da final do Paulistão A2 Rivalo. #PaulistãoA2Rivalo 📷Diego Soares/Ag. Paulistão https://t.co/WyBfBWw7Mp,https://x.com/Paulistao/status/2052403935202124088,465,6,24,0,0,0,1,1,0,2,0,0,0
2052392323145781459,"Thu, May 7, 2026",OS CAPITÃES DA DECISÃO! ©️ #PaulistãoA2Rivalo 📷Diego Soares/Ag. Paulistão https://t.co/j5bX4Oopqa,https://x.com/Paulistao/status/2052392323145781459,514,3,27,0,0,0,0,0,5,0,0,0,0
2052388159900553694,"Thu, May 7, 2026",PORQUE JUVENTUS É SENTIMENTO! 🔥 #Juventus #PaulistãoA2Rivalo #MolequeTravesso https://t.co/8ysnvt2JH0,https://x.com/Paulistao/status/2052388159900553694,539,6,32,0,0,0,1,2,9,14,0,0,0
2052386442098221080,"Thu, May 7, 2026",PLACAR EM BRANCO! Nada de gols no primeiro tempo de Juventus e Ferroviária. #PaulistãoA2Rivalo 📷Diego Soares/Ag. Paulistão https://t.co/LyhWQ19Dqs,https://x.com/Paulistao/status/2052386442098221080,352,2,14,0,0,0,0,0,6,2,0,0,0
2052375237212213710,"Thu, May 7, 2026",EQUIPES EM CAMPO! ⚽️🌟 Vai começar o primeiro duelo entre Juventus e Ferroviária! #PaulistãoA2Rivalo https://t.co/VtwHnqudDS,https://x.com/Paulistao/status/2052375237212213710,568,3,19,0,0,0,0,0,14,1,0,0,0
2052375025152311522,"Thu, May 7, 2026",AQUECIMENTO FINALIZADO! 🔥 Tudo pronto para a primeira parte da decisão do Paulistão A2 Rivalo! Quem vai sair na vantagem? #PaulistãoA2Rivalo #Juventus #Ferroviária https://t.co/V6R6lJmzAV,https://x.com/Paulistao/status/2052375025152311522,449,3,12,0,0,0,0,0,5,0,0,4,0
2052374760328208491,"Thu, May 7, 2026",ACELERA! O Fanaticão está na área para curtir a final do Paulistão A2 Rivalo na Javari! #PaulistãoA2Rivalo https://t.co/n0bMihVVXn,https://x.com/Paulistao/status/2052374760328208491,704,3,3,0,1,0,0,0,0,0,0,0,0
2052374156373619042,"Thu, May 7, 2026",A TAÇA TÁ NA RUA JAVARI! 🏆🌟 A torcida do Moleque Travesso tá de olho no troféu do #PaulistãoA2Rivalo 👀 #Juventus #Mooca https://t.co/XGbApBIDoM,https://x.com/Paulistao/status/2052374156373619042,772,8,12,0,1,0,0,0,3,0,0,1,0
2052372884073640269,"Thu, May 7, 2026","LIBERTADORES E SUDAMERICANA! O Mirassol busca mais três pontos em casa, já o Tricolor e o Massa Bruta jogam fora de casa! #FutebolPaulista #PaulistasEmCampo https://t.co/mhBix1C3KC",https://x.com/Paulistao/status/2052372884073640269,446,5,10,0,0,0,0,1,0,1,0,0,0
2052369391006683570,"Thu, May 7, 2026",DECISÃO NA JAVARI! Chegou o grande dia! Juventus e Ferroviária disputam nesta quinta-feira o primeiro capitulo da grande decisão do Paulistão A2 Rivalo 2026! #PaulistãoA2Rivalo 📷Diego Soares/Ag. Paulistão https://t.co/xBx4pRH4Mq,https://x.com/Paulistao/status/2052369391006683570,450,4,35,0,0,0,0,0,6,1,0,0,0
2052312492928618501,"Thu, May 7, 2026",PRIMEIRA PARTE! Juventus e Ferroviária vão à campo para os primeiros 90 minutos da decisão do #PaulistãoA2Rivalo! https://t.co/5HnpvtGaL9,https://x.com/Paulistao/status/2052312492928618501,569,12,37,0,0,0,1,2,0,3,0,1,0
2052220091144519772,"Thu, May 7, 2026",APITO FINAL! Não faltou emoção nos jogos desta quarta-feira. Bora conferir os resultados. #PaulistasEmCampo https://t.co/zbwb4Jueu8,https://x.com/Paulistao/status/2052220091144519772,561,5,20,0,0,0,2,0,0,5,0,0,0
2052219860566900877,"Thu, May 7, 2026",TUDO IGUAL! São Bernardo e Caxias ficam no empate pela Copa Sul-Sudeste. #PaulistasEmCampo 📷 Janes Carvalho/São Bernardo https://t.co/w7cbvXVHpW,https://x.com/Paulistao/status/2052219860566900877,441,3,6,0,0,0,0,0,0,1,0,0,0
2052218577411846320,"Thu, May 7, 2026","TIGRE NA PRÓXIMA FASE! Fora de casa, o @novorizontino vence e garante vaga para a semifinal da Copa Sul-Sudeste! #PaulistasEmCampo 📷 Ozzair Jr/Novorizontino https://t.co/JlJqmTu8Ee",https://x.com/Paulistao/status/2052218577411846320,504,5,7,1,0,0,0,0,0,0,0,0,0
2052217961679667586,"Thu, May 7, 2026",NO FINALZINHO... GUSTAVO HENRIQUE EMPATA NO ÚLTIMO LANCE E MANTÉM INVENCIBILIDADE DO TIMÃO NA @LIBERTADORESBR! #PaulistasEmCampo 📷 Staff Images/Conmebol https://t.co/pYDGsiTMRE,https://x.com/Paulistao/status/2052217961679667586,570,31,42,2,0,0,0,5,1,2,0,0,0
2052198306491625816,"Thu, May 7, 2026","ARTILHEIRO DA NOITE! Luan deixou dois na partida e não teve como, levou o troféu de Craque do Jogo para casa. #PaulistãoA4Rivalo 📷 José Luis Silva/Ag. Paulistão https://t.co/7ecln5OOKs",https://x.com/Paulistao/status/2052198306491625816,775,4,12,0,0,0,0,0,3,0,0,0,0
2052196284476338243,"Thu, May 7, 2026","PANTERA COM A VANTAGEM! Na primeira parte da decisão, quem saiu na frente foi o Penapolense🔥 #PaulistãoA4Rivalo 📷 José Luís Silva/Ag. Paulistão https://t.co/2ZVH7O2NN5",https://x.com/Paulistao/status/2052196284476338243,614,5,33,1,0,0,0,1,2,2,0,0,0
2052175209658982815,"Wed, May 6, 2026",PANTERA NA FRENTE! Luan Carioca marcou e deixou a equipe mandante na frente. Será que vem mais gol na decisão do Paulistão A4 Rivalo? #PaulistãoA4Rivalo 📷 José Luis Silva/Ag. Paulistão https://t.co/4H3uVfG40K,https://x.com/Paulistao/status/2052175209658982815,588,4,16,0,1,0,0,1,2,0,0,3,0
2052163379880440094,"Wed, May 6, 2026",É DIA DE DECISÃO! Penapolense ou Inter de Bebeouro: quem vai sair na frente na primeira partida da final do #PaulistãoA4Rivalo? 📷 José Luis Silva/Ag. Paulistão https://t.co/nj2Tme4ltv,https://x.com/Paulistao/status/2052163379880440094,516,5,17,1,0,0,0,1,6,0,0,0,0
2052033159730962742,"Wed, May 6, 2026","PARABÉNS, GUSTAVO GÓMEZ!🐷💚🎉🥳 Pentacampeão do Paulistão Casas Bahia, o Capitão do Palmeiras completa 33 anos nesta quarta-feira! #FutebolPaulista #Palmeiras 📷Rebeca Reis/Ag.Paulistão https://t.co/z3rgy8s6Fh",https://x.com/Paulistao/status/2052033159730962742,2851,420,499,3,1,0,1,15,5,11,0,0,0
2052010499114442757,"Wed, May 6, 2026",DOSE TRIPLA DE PAULISTAS EM CAMPO! Tem Corinthians na @LibertadoresBR e a dupla de Tigres pela Copa Sul-Sudeste! #FutebolPaulista #PaulistasEmCampo https://t.co/q92Uiif82O,https://x.com/Paulistao/status/2052010499114442757,526,13,21,1,0,0,0,2,0,2,0,0,0
2051995895873290357,"Wed, May 6, 2026",A PRIMEIRA DECISÃO É NO TENENTÃO! 🔥 Penapolense e Inter de Bebedouro duelam pela ida da final do #PaulistãoA4Rivalo. https://t.co/lvjoxdmD2H,https://x.com/Paulistao/status/2051995895873290357,428,3,10,0,0,0,0,0,3,0,0,0,0
2051851696049942940,"Wed, May 6, 2026",VITÓRIA ALVIVERDE E EMPATE DO PEIXÃO! Assim terminou a noite de @libertadoresbr e @sudamericanabr para Palmeiras e Santos! #PaulistasEmCampo https://t.co/tYRQdnAPUg,https://x.com/Paulistao/status/2051851696049942940,827,32,39,0,0,0,0,2,1,1,0,0,0
2051851317560168704,"Wed, May 6, 2026",O Santos sofre o empate fora de casa na @sudamericanabr! #PaulistasEmCampo 📷Divulgação/@sudamericanabr https://t.co/fXuc3G3k2W,https://x.com/Paulistao/status/2051851317560168704,658,2,10,0,0,0,0,0,2,0,0,0,0
2051814015395828237,"Tue, May 5, 2026","VENCE O PALMEIRAS EM LIMA! Com gols de Flaco e Sosa, Verdão conquista a vitória jogando fora de casa contra o Sporting Cristal! #PaulistasEmCampo 📷Divulgação/@libertadoresbr https://t.co/IfDnknLL5T",https://x.com/Paulistao/status/2051814015395828237,1264,54,79,0,0,0,1,4,0,3,0,0,0
2051746251683553382,"Tue, May 5, 2026","OITO PARTICIPAÇÕES EM GOLS! Não tem jeito, o Flaco López é o rei dos clássicos em 2026! #FutebolPaulista #Palmeiras https://t.co/3WOHkfEYlK",https://x.com/Paulistao/status/2051746251683553382,1005,106,120,0,0,1,0,5,2,3,0,0,0
2051648106157248724,"Tue, May 5, 2026",MAIS CONFRONTOS CONTINENTAIS PELA FRENTE! Palmeiras e Santos vão em busca de vitórias importantes na @libertadoresbr e na @sudamericanabr! #PaulistasEmCampo https://t.co/0By6WEC0G4,https://x.com/Paulistao/status/2051648106157248724,700,21,29,0,0,0,0,1,0,0,0,0,0
2051406514141958147,"Mon, May 4, 2026",PALMEIRAS NÃO SABE O QUE É PERDER EM CLÁSSICOS! 💪🏻🐷 O Verdão não tem nenhuma derrota na conta nos clássicos disputados em 2026! 😮‍💨 #PaulistasEmCampo #Palmeiras #Derby #ClássicoDaSaudade #ChoqueRei https://t.co/v7cZExiwRL,https://x.com/Paulistao/status/2051406514141958147,2136,117,156,1,2,0,1,5,1,4,0,0,0
2051391416501514732,"Mon, May 4, 2026",SÉRIE D DISPUTADÍSSIMA! 😮‍💨 Portuguesa e XV de Piracicaba lideram seu grupos na competição até aqui! #PaulistasEmCampo https://t.co/D9p9uvKaaA,https://x.com/Paulistao/status/2051391416501514732,1260,48,99,1,0,1,0,4,2,11,0,1,0
2051368452015681695,"Mon, May 4, 2026",VERDÃO LÍDER E TRICOLOR NO G4! Vem ver como está a classificação do @brasileirao depois dos jogos do final de semana! #PaulistasEmCampo https://t.co/B8BGDXvpCd,https://x.com/Paulistao/status/2051368452015681695,1827,59,111,2,1,0,1,2,1,2,0,0,0
2051332286935711872,"Mon, May 4, 2026",EM BUSCA DA TAÇA!🏆 Inter de Bebedouro e Penapolense vão em busca do título do Paulistão A4 Rivalo! #PaulistãoA4Rivalo https://t.co/4mFLj2OE4R,https://x.com/Paulistao/status/2051332286935711872,626,2,17,1,0,0,0,0,3,0,0,0,0
2051316828148732276,"Mon, May 4, 2026",DEFINIDO! Confira datas e horários das finais do Paulistão A2 Rivalo! #PaulistãoA2Rivalo #Juventus #Ferroviária https://t.co/Q0xUyTuWCN,https://x.com/Paulistao/status/2051316828148732276,14804,58,396,3,6,0,7,6,8,50,0,1,0
2051285717750280497,"Mon, May 4, 2026",GALO DE ITU EM CAMPO! O Ituano vai em busca dos três pontos para chegar nas primeiras posições da Série C! #FutebolPaulista #PaulistasEmCampo https://t.co/5A4KJTjzIH,https://x.com/Paulistao/status/2051285717750280497,416,1,2,0,0,0,0,0,0,0,0,0,0
2051270617446379817,"Mon, May 4, 2026","FESTA NO PALESTRA!🐷🏆 Há 18 anos, a torcida Palmeirense lotou o Palestra Itália para ver a goleada de 5 a 0 do @palmeiras sobre a Ponte Preta, que garantiu o 22º título Paulista do Verdão. #FutebolPaulista #BaúDoPaulistão https://t.co/258mTF411Z",https://x.com/Paulistao/status/2051270617446379817,8953,662,900,4,1,3,1,54,9,18,0,0,0
2051118064024903942,"Mon, May 4, 2026",Domingo agitado para as equipes do #FutebolPaulista! #PaulistasEmCampo https://t.co/CiqXAB2RuJ,https://x.com/Paulistao/status/2051118064024903942,1168,19,38,0,0,0,0,3,0,1,0,0,0
2051117368789573884,"Mon, May 4, 2026","FIM DE JOGO ELETRIZANTE! Em um confronto de seis gols, Novorizontino vê Avaí marcar no último lance e fica no empate com a equipe catarinense. #PaulistasEmCampo 📷Ozzair Junior/Novorizontino https://t.co/wONWismVPF",https://x.com/Paulistao/status/2051117368789573884,734,5,7,0,0,0,0,0,0,0,0,0,0
2051113840276832629,"Mon, May 4, 2026","DEVER DE CASA! No duelo paulista do domingo, o Mirassol leva a melhor e vence o Corinthians no Maião! #PaulistasEmCampo 📷JP Pinheiro/Ag. Mirassol https://t.co/AulNJXK41F",https://x.com/Paulistao/status/2051113840276832629,962,18,52,1,0,1,3,4,3,7,0,0,0
2051087291775373588,"Sun, May 3, 2026",DE VIRADA! Red Bull Bragantino busca o resultado na Arena Condá e soma mais três pontos no Brasileirão! #PaulistasEmCampo 📷Ari Ferreira/Red Bull Bragantino https://t.co/rbLqM2YyU5,https://x.com/Paulistao/status/2051087291775373588,747,11,17,1,0,0,0,0,2,1,0,0,0
2051060945808494915,"Sun, May 3, 2026","ACELERA, LOCOMOTIVA! A Ferroviária vence a primeira na Série C! #PaulistasEmCampo 📷Guilherme Moro/Ferroviária https://t.co/XKvcg43IQp",https://x.com/Paulistao/status/2051060945808494915,592,12,17,2,0,0,0,2,2,1,0,0,0
2051049962973147637,"Sun, May 3, 2026",OLHA O TIGRE AÍ! São Bernardo freia a sequencia positiva da Ponte Preta e segue na disputa pelo topo da Série B! #PaulistasEmCampo 📷Janes Carvalho/Divulgação/São Bernardo https://t.co/yJdHOdBcLc,https://x.com/Paulistao/status/2051049962973147637,1151,21,35,1,0,0,0,3,1,3,0,0,0
2051037772849250503,"Sun, May 3, 2026",HORA DOS RESULTADOS! Se liga só como terminaram as partidas da terceira rodada do Paulista Sub-23 Segunda Divisão. #FutebolPaulista https://t.co/eO5TMBXYL7,https://x.com/Paulistao/status/2051037772849250503,592,5,14,1,0,0,0,1,0,0,0,0,0
2050923333584130327,"Sun, May 3, 2026",DOMINGÃO DAQUELE JEITO! Tem duelo paulista no @brasileirao e na Série C! #FutebolPaulista #PaulistasEmCampo https://t.co/dbw2QZHhuC,https://x.com/Paulistao/status/2050923333584130327,1043,37,59,0,0,0,0,6,1,0,0,0,0
2050903686977568946,"Sun, May 3, 2026",A EMOÇÃO DO APITO FINAL! O Penapolense conquistou o acesso no Paulistão A4 Rivalo! #PaulistãoA4Rivalo https://t.co/BlVAyeS9zU,https://x.com/Paulistao/status/2050903686977568946,1126,15,19,0,0,0,0,2,1,1,0,0,0
2050900678042865764,"Sun, May 3, 2026","TIMÃO CAMPEÃO INVICTO! Com uma vitória por 3 a 1, o Corinthians se consagrou campeão paulista em cima do Santos com um empate no jogo da volta! #BaúDoPaulistão https://t.co/PGtgABDVtX",https://x.com/Paulistao/status/2050900678042865764,1181,20,49,1,0,0,1,2,5,4,0,0,0
2050893137934221361,"Sun, May 3, 2026",PARA ENCERRAR A RODADA! Cinco jogos fecham a terceira rodada do Paulista Sub-23 Segunda Divisão nesse domingo! #PaulistaSub23SegundaDivisão https://t.co/7v3XykIHT8,https://x.com/Paulistao/status/2050893137934221361,486,7,16,1,0,0,0,1,2,0,0,0,0
2050893134398464177,"Sun, May 3, 2026","PEIXÃO NAS PENALIDADES! No dia 3 de maio de 2015, o Santos superava o Palmeiras e conquistava mais um título do Paulistão! #BaúDoPaulistão https://t.co/L5p2uGns4a",https://x.com/Paulistao/status/2050893134398464177,1685,128,181,3,0,0,3,10,3,13,0,1,0
2050732597307756678,"Sun, May 3, 2026",Sábado invicto para o #FutebolPaulista. #PaulistasEmCampo https://t.co/SvdZbt7dOf,https://x.com/Paulistao/status/2050732597307756678,1052,29,67,0,1,0,0,2,4,13,0,0,0
2050729179663012011,"Sun, May 3, 2026",LUSA NO TOPO! Portuguesa vence o Madureira e assume a liderança do Grupo 13 na Série D! #PaulistasEmCampo 📷Victor Bessa/Portuguesa https://t.co/Jvku3NKmI5,https://x.com/Paulistao/status/2050729179663012011,1180,72,102,0,0,1,0,7,3,9,0,1,0
2050727242624352555,"Sun, May 3, 2026",PONTINHO LÁ! O XV de Piracicaba volta do Rio de Janeiro com o empate. #PaulistasEmCampo 📷Jhonathan Jeferson/Sampaio Corrêa https://t.co/C9Daszqa1y,https://x.com/Paulistao/status/2050727242624352555,572,9,21,0,0,0,0,1,0,6,0,0,0
2050726834837303458,"Sat, May 2, 2026",É O LEÃO! A Inter de Limeira consegue os três pontos na Série C! #PaulistasEmCampo 📷Sérgio Luís/Confiança https://t.co/bQdPMBhaVX,https://x.com/Paulistao/status/2050726834837303458,690,21,35,0,0,0,0,2,1,1,0,0,0
2050719858799641046,"Sat, May 2, 2026",CLÁSSICO EM IGUALDADE! Palmeiras e Santos ficaram empatados no Allianz Parque. #PaulistasEmCampo 📷Cesar Greco/Palmeiras https://t.co/zVFv9pHPN8,https://x.com/Paulistao/status/2050719858799641046,1133,12,28,0,0,0,0,1,0,1,0,0,0
2050714012812243447,"Sat, May 2, 2026",VEIO AÍ! O Noroeste vence a primeira na Série D! #PaulistasEmCampo 📷Douglas Moreti/Noroeste https://t.co/kCEDGmeuKe,https://x.com/Paulistao/status/2050714012812243447,896,17,26,0,0,0,0,2,2,2,0,0,0
2050710654714040381,"Sat, May 2, 2026",SÓ TAPA! O Santos quase marca o segundo no Allianz Parque! #FutebolPaulista #Santos https://t.co/dqwyc9NQXs,https://x.com/Paulistao/status/2050710654714040381,1213,6,9,1,0,0,0,0,1,0,0,0,0
2050706008071172302,"Sat, May 2, 2026",GABIGOL E ROLLHEISER! A dupla do Peixão fez a festa após o gol! #FutebolPaulista #Santos https://t.co/grrJfHGo9D,https://x.com/Paulistao/status/2050706008071172302,1104,14,18,0,0,0,0,2,1,1,0,0,0
2050702885252383173,"Sat, May 2, 2026",DEFENDEEEEEEEEU BRAZÃO! OLHA A DEFESA DO GOLEIRO DO PEIXÃO PARA EVITAR O EMPATE 😱 #PaulistasEmCampo https://t.co/2M4Jk0lwjz,https://x.com/Paulistao/status/2050702885252383173,733,6,10,0,1,0,0,1,2,1,0,0,0
2050699834571596092,"Sat, May 2, 2026",É GOL DO PEIXÃO NO ALLIANZ PARQUE! Rollheiser abre o placar no Clássico da Saudade! #FutebolPaulista #Santos https://t.co/7jk9cqSzgE,https://x.com/Paulistao/status/2050699834571596092,2269,27,40,0,0,0,0,0,7,3,0,0,0
2050698852164833402,"Sat, May 2, 2026","DA-LHE, BUGRE! Guarani marca nos acréscimos do segundo tempo e fica com a vitória pra cima do Santa Cruz! #PaulistasEmCampo 📷Raphael Silvestre/Guarani https://t.co/fSysXuMImH",https://x.com/Paulistao/status/2050698852164833402,1067,64,75,0,0,0,0,3,0,0,0,0,0
2050691543401377799,"Sat, May 2, 2026","FINAL DEFINIDA! Com o acesso garantido, Inter de Bebedouro e Penapolense vão em busca do próximo passo: o título do Paulistão A4 Rivalo 2026! #PaulistãoA4Rivalo https://t.co/ZMC0ClZjor",https://x.com/Paulistao/status/2050691543401377799,745,20,35,0,0,1,1,2,1,0,0,0,0
2050689047698309146,"Sat, May 2, 2026","PRA CIMA, NETUNO! 🔱 O Água Santa leva a melhor pra cima da Portuguesa-RJ! #PaulistasEmCampo 📷Alan Silva/Divulgação/Água Santa https://t.co/iB1XONoOjf",https://x.com/Paulistao/status/2050689047698309146,507,6,7,0,0,0,0,0,1,0,0,0,0
2050687850593599758,"Sat, May 2, 2026",MAIS UM PONTO! Botafogo fica na igualdade contra o Náutico. #PaulistasEmCampo 📷João Victor Menezes de Souza/Ag. Botafogo https://t.co/hUTdgndu5N,https://x.com/Paulistao/status/2050687850593599758,487,4,6,0,0,0,0,0,1,0,0,0,0
2050685716301049935,"Sat, May 2, 2026",AVISA LÁ QUE É DELE! Senhoras e senhores: Ryan! Autor do gol do acesso do Penapolense e #CraqueDoJogoRivalo! #PaulistãoA4Rivalo 📷Rafael Assunção/Ag. Paulistão https://t.co/vjZ0lwZ5PS,https://x.com/Paulistao/status/2050685716301049935,495,4,6,0,0,0,0,0,0,0,0,0,0
2050683754402722263,"Sat, May 2, 2026",UM GOL PARA A HISTÓRIA! Ryan subiu mais que a marcação para garantir o acesso para o Penapolense! #PaulistãoA4Rivalo https://t.co/oWgeXKhSmw,https://x.com/Paulistao/status/2050683754402722263,1497,20,27,2,0,0,1,2,2,1,0,1,0
2050682874160972057,"Sat, May 2, 2026","PAULINHO ESTÁ DE VOLTA! Mais de 300 dias depois, o camisa 10 do Verdão vai disputar o Clássico da Saudade! #FutebolPaulista #Palmeiras https://t.co/BdpUTEm3ei",https://x.com/Paulistao/status/2050682874160972057,1378,39,47,2,1,0,0,1,3,3,0,0,0
2050678347986763781,"Sat, May 2, 2026",Seis jogos agitaram o sábado de Paulista Sub-23 Segunda Divisão! #FutebolPaulista https://t.co/bM7vu81X2J,https://x.com/Paulistao/status/2050678347986763781,429,7,14,1,0,0,0,0,0,2,0,0,0
2050671348876181796,"Sat, May 2, 2026",EMPATE E ACESSO! Penapolense busca o empate contra o São Caetano e carimba a vaga para a decisão do Paulistão A4 Rivalo! #PaulistãoA4Rivalo 📷Rafael Assunção/Ag. Paulistão https://t.co/vRK1ZpuZd4,https://x.com/Paulistao/status/2050671348876181796,779,19,76,2,2,0,2,1,2,9,0,1,0
2050666604820599021,"Sat, May 2, 2026",É A PAIXÃO DO TORCEDOR! É do CAP! O Penapolense conquista o acesso no Paulistão A4 Rivalo! #PaulistãoA4Rivalo https://t.co/8HIyUs4BiL,https://x.com/Paulistao/status/2050666604820599021,2152,28,64,1,1,0,1,2,4,9,0,0,0
2050650969738789141,"Sat, May 2, 2026","AZULÃO NA FRENTE! Com gol de Mauricinho, São Caetano vai para o intervalo com o 1 a 0 de vantagem pra cima do Penapolense! #PaulistãoA4Rivalo 📷Rafael Assunção/Ag. Paulistão https://t.co/QQltxQzzIR",https://x.com/Paulistao/status/2050650969738789141,490,2,29,2,0,0,0,0,7,2,0,0,0
2050633273202626841,"Sat, May 2, 2026",NAQUELE PIQUE! São Caetano e Penapolense já trabalham gramado do Anacleto Campanella! #PaulistãoA4Rivalo 📷Rafael Assunção/Ag. Paulistão https://t.co/hzkpxSHj42,https://x.com/Paulistao/status/2050633273202626841,454,1,6,1,0,0,0,0,2,0,0,0,0
2050629248130470355,"Sat, May 2, 2026",CHEGOU A HORA! É dia de conhecer o segundo finalista do Paulistão A4 Rivalo 2026! Já já a bola rola para São Caetano e Penapolense! #PaulistãoA4Rivalo 📷Rafael Assunçã/Ag. Paulistão https://t.co/ldySUCHNcl,https://x.com/Paulistao/status/2050629248130470355,830,13,101,1,0,0,1,2,10,0,0,1,0
2050576041153102084,"Sat, May 2, 2026","QUE TIME DO PEIXÃO!🏆 Há 16 anos, sob o comando de Neymar e Paulo Henrique Ganso, o @SantosFC enfrentava o Santo André e conquistava o título do Paulistão pela 18ª vez. #FutebolPaulista #BaúDoPaulistão https://t.co/GSlj6Fg2yE",https://x.com/Paulistao/status/2050576041153102084,652,4,36,0,0,0,0,0,0,5,0,0,0
2050560940035236083,"Sat, May 2, 2026","Com direito a Clássico da Saudade no @brasileirao, o sábado vem com tudo para os paulistas! #FutebolPaulista #PaulistasEmCampo https://t.co/EC3DAfWWCd",https://x.com/Paulistao/status/2050560940035236083,659,15,28,0,0,0,0,1,0,2,0,0,0
2050549900920721410,"Sat, May 2, 2026",ÚLTIMO PASSO! Chegou o dia de conhecer o segundo finalista do Paulistão A4 Rivalo! São Caetano e Penapolense medem forças pelo acesso e um lugar na decisão! #PaulistãoA4Rivalo https://t.co/6E6nDGSweg,https://x.com/Paulistao/status/2050549900920721410,623,17,31,0,0,0,1,2,4,2,0,0,0
2050530750999691274,"Sat, May 2, 2026",JÁ LIGA NO YOUTUBE DO PAULISTÃO AÍ! Hoje a tarde é cheia de jogos do Paulista Sub-23 Segunda Divisão! #PaulistaSub23SegundaDivisão https://t.co/vXK2cLFHKF,https://x.com/Paulistao/status/2050530750999691274,393,3,6,0,0,0,0,0,0,0,0,0,0
2050410196581679444,"Sat, May 2, 2026",É DIA DE CLÁSSICO DA SAUDADE! PALMEIRAS E SANTOS SE ENFRENTAM NO ALLIANZ PARQUE. QUEM VENCE? #FutebolPaulista #PaulistasEmCampo https://t.co/p3u50zyih2,https://x.com/Paulistao/status/2050410196581679444,748,19,29,2,1,0,0,1,1,0,0,1,0
2050366604895010839,"Sat, May 2, 2026","Na abertura da terceira rodada do Paulista Sub-23 Segunda Divisão, o Assisense levou a melhor pra cima do Santa Fé e ficou com a vitória fora de casa. #FutebolPaulista https://t.co/EVG7nXKipp",https://x.com/Paulistao/status/2050366604895010839,624,4,7,1,0,0,0,0,1,2,0,0,0
2050363768857674096,"Fri, May 1, 2026",ABSOLUTE CINEMA! ✋🤚 A PIN-TU-RA do Caio Vidal no jogo do acesso da Inter de Bebedouro! #PaulistãoA4Rivalo https://t.co/QUOFaXQZFe,https://x.com/Paulistao/status/2050363768857674096,1148,13,19,0,0,0,0,2,0,2,0,2,0
2050353201501622599,"Fri, May 1, 2026",FESTA EM VERMELHO E BRANCO! O Lobo subiu! #PaulistãoA4Rivalo https://t.co/F0Lfh8ZDa0,https://x.com/Paulistao/status/2050353201501622599,660,14,17,0,0,0,0,0,0,1,0,2,0
2050330389772648677,"Fri, May 1, 2026",SEXTOU COM ACESSO! Bebedouro vai ficar pequena pra comemoração da vaga da Inter! #PaulistãoA4Rivalo 📷Célio Messias/Ag. Paulistão https://t.co/xJ60MZrixE,https://x.com/Paulistao/status/2050330389772648677,515,7,22,0,0,0,0,0,0,0,0,0,0
2050330384676610388,"Fri, May 1, 2026",SEXTOU COM ACESSO! Bebedouro vai ficar pequena pra comemoração da vaga da Inter! #PaulistãoA4Rivalo 📷Célio Messias/Ag. Paulistão https://t.co/D7pZJ7KVJc,https://x.com/Paulistao/status/2050330384676610388,740,16,82,1,0,0,1,0,1,6,0,0,0
2050327338823376934,"Fri, May 1, 2026","O NOME DO GOL! Caio Vidal empatou o jogo para a Inter de Bebedouro, selou a classificação do Lobo Vermelho e, de quebra, foi escolhido pela galera como o #CraqueDoJogo! #PaulistãoA4Rivalo 📷Célio Messias/Ag. Paulistão https://t.co/TNzNQcu1R1",https://x.com/Paulistao/status/2050327338823376934,596,7,13,0,0,0,0,0,2,0,0,0,0
2050323392620822577,"Fri, May 1, 2026","UM EMPATE PARA A HISTÓRIA! Com um golaço de Caio Vidal, Inter de Bebedouro busca a igualdade contra o Grêmio São-Carlense e carimba o acesso! #PaulistãoA4Rivalo 📷Célio Messias/Ag. Paulistão https://t.co/ygxqm7ZSWE",https://x.com/Paulistao/status/2050323392620822577,598,9,30,1,0,0,0,0,1,0,0,0,0
2050318897144844302,"Fri, May 1, 2026","VAI COM RAÇA, LOBO! Inter! Inter! Inter! A Inter de Bebedouro conquista o acesso e é finalista do Paulistão A4 Rivalo 2026! #PaulistãoA4Rivalo https://t.co/zwl5XOKxup",https://x.com/Paulistao/status/2050318897144844302,1056,27,63,0,0,0,0,4,12,3,0,0,0
2050303714146050256,"Fri, May 1, 2026","VISITANTE NA FRENTE! Com gol de Erick Lacerda, o Grêmio São-Carlense vai para o intervalo com o 1 a 0 de vantagem no marcador pra cima da Inter de Bebedouro. #PaulistãoA4Rivalo 📷Célio Messias/Ag. Paulistão https://t.co/F0cNHFHaeY",https://x.com/Paulistao/status/2050303714146050256,506,3,19,1,0,0,0,0,1,1,0,0,0
2050280484538638720,"Fri, May 1, 2026",SEXTA DE DECISÃO NO SÓCRATES STAMATO! Tá chegando a hora! É dia de Inter de Bebedouro e Grêmio São-Carlense definirem o acesso e a vaga na final do Paulistão A4 Rivalo 2026! #PaulistãoA4Rivalo 📷Célio Messias/Ag. Paulistão https://t.co/KlYO9dDH3o,https://x.com/Paulistao/status/2050280484538638720,813,12,58,1,0,0,0,2,9,0,0,0,0
2050253793493749881,"Fri, May 1, 2026",SÓ UM VAI CHEGAR NO TOPO! 🔥 Inter de Bebedouro e Grêmio São-Carlense decidem o acesso e a vaga na final do #PaulistãoA4Rivalo! https://t.co/HAyqduZDuX,https://x.com/Paulistao/status/2050253793493749881,638,15,21,0,0,0,0,0,1,0,0,0,0
2050168365046800713,"Fri, May 1, 2026",HORA DE DEFINIR QUEM VAI SUBIR! #PaulistãoA4Rivalo https://t.co/SR0kI5juZu,https://x.com/Paulistao/status/2050168365046800713,621,23,46,0,0,0,0,1,4,0,0,0,0
2050153253971583372,"Fri, May 1, 2026",TERCEIRA RODADA NA ÁREA! Se liga nos horários e transmissões da terceira rodada do Paulista Sub-23 Segunda Divisão! #PaulistaSub23SegundaDivisão https://t.co/WUhEJmSlia,https://x.com/Paulistao/status/2050153253971583372,588,17,35,0,0,0,0,1,1,0,0,0,0
2050039540815933578,"Fri, May 1, 2026","Com vitória do Corinthians na @libertadoresbr, esses foram os resultados das minhas equipes nos jogos dessa quinta-feira! #PaulistasEmCampo https://t.co/zrhtOJF9Td",https://x.com/Paulistao/status/2050039540815933578,900,20,41,1,0,0,1,2,1,7,0,0,0
2050039307876933905,"Fri, May 1, 2026",O Red Bull Bragatino sofre a derrota em Bragança Paulista na @sudamericanabr. #PaulistasEmCampo 📷 Ari Ferreira/Red Bull Bragantino https://t.co/cicSm1fBm4,https://x.com/Paulistao/status/2050039307876933905,548,3,11,0,0,0,0,1,2,0,0,0,0
2050031637056872449,"Fri, May 1, 2026","A EMOÇÃO PÓS APITO FINAL! 🥹 Pode comemorar, @afeoficial, bem vinda ao Paulistão 2027! #PaulistãoA2Rivalo #Ferroviária https://t.co/HazEjT6Xnc",https://x.com/Paulistao/status/2050031637056872449,1204,28,48,1,0,0,0,3,15,1,0,1,0
2050030992304349546,"Fri, May 1, 2026","✌️VAI, CORINTHIANS!✌️ O Timão vence mais uma na @libertadoresbr! #PaulistasEmCampo 📷Divulgação/@libertadoresbr https://t.co/UBjjCvSch2",https://x.com/Paulistao/status/2050030992304349546,1019,80,120,1,0,1,0,7,5,8,0,0,0
2050016774356164919,"Fri, May 1, 2026",Dênis Júnior defendendo a vaga da Ferroviária na elite do Futebol Paulista! #PaulistãoA2Rivalo https://t.co/h9A1M32kV4,https://x.com/Paulistao/status/2050016774356164919,4851,58,94,1,1,1,1,4,15,12,0,0,0
2050012562507329850,"Fri, May 1, 2026",BONDE FECHADÍSSIMO! 🌟😮‍💨 Essas são as equipes que vão disputar o Paulistão 2027! Para quem vai sua torcida? 👀 #Paulistão https://t.co/4Nk7STu0Yz,https://x.com/Paulistao/status/2050012562507329850,58288,604,1908,11,11,6,25,52,41,231,0,6,0
2050009003174797601,"Fri, May 1, 2026",Dênis Junior defendeu uma cobrança de pênalti no final do jogo e foi eleito o craque do jogo! #PaulistãoA2Rivalo #CraqueDoJogo 📷Douglas Moreti/Ag.Paulistão https://t.co/JsXcndBz1u,https://x.com/Paulistao/status/2050009003174797601,803,15,24,0,0,0,0,0,2,1,0,1,0
2050004468242973038,"Fri, May 1, 2026",TUDO IGUAL NO PLACAR! O São Bernardo conquista o empate na Copa Sul-Sudeste! #PaulistasEmCampo 📷Hugo Lopes/Divulgação/São Bernardo https://t.co/n452ZrBc47,https://x.com/Paulistao/status/2050004468242973038,752,8,14,1,0,0,0,0,1,0,0,0,0
2050002600158695485,"Fri, May 1, 2026",FINAL GRENÁ NO PAULISTÃO A2 RIVALO! Ferroviária e Juventus vão decidir quem fica com o título do #PaulistãoA2Rivalo! https://t.co/xxYkijYUVr,https://x.com/Paulistao/status/2050002600158695485,3006,247,396,1,5,0,1,15,15,17,0,0,0
2050002309250257238,"Fri, May 1, 2026","EMPATE EM ARARAQUARA, ACESSO GRENÁ! Ferroviária e Ituano empatam na semifinal do #PaulistãoA2Rivalo, mas a Locomotiva conquista o acesso e a vaga na final pela vantagem no jogo de ida! 📷Douglas Moreti/Ag.Paulistão https://t.co/4xYLyxwhgI",https://x.com/Paulistao/status/2050002309250257238,1159,25,69,1,0,0,3,3,6,19,0,1,0